Reading package lists...
Building dependency tree...
Reading state information...
The following additional packages will be installed:
  blt fonts-lato fonts-lyx ignition-tools ignition-transport11-cli libass9
  libavdevice-dev libavdevice58 libavfilter-dev libavfilter7 libblkid-dev
  libbs2b0 libccd-dev libccd2 libdart-collision-bullet-dev
  libdart-collision-bullet6.12 libdart-collision-ode-dev
  libdart-collision-ode6.12 libdart-dev libdart-external-convhull-3d-dev
  libdart-external-ikfast-dev libdart-external-odelcpsolver-dev
  libdart-external-odelcpsolver6.12 libdart-utils-dev libdart-utils-urdf-dev
  libdart-utils-urdf6.12 libdart-utils6.12 libdart6.12 libdecor-0-0
  libdecor-0-plugin-1-cairo libfcl-dev libfcl0.7 libffi-dev libflite1
  libfreeimage3 libgflags-dev libgflags2.2 libglib2.0-dev libglib2.0-dev-bin
  libgts-dev libignition-common4 libignition-common4-av
  libignition-common4-av-dev libignition-common4-core-dev
  libignition-common4-dev libignition-common4-events
  libignition-common4-events-dev libignition-common4-graphics
  libignition-common4-graphics-dev libignition-common4-profiler
  libignition-common4-profiler-dev libignition-fuel-tools7
  libignition-fuel-tools7-dev libignition-gazebo6 libignition-gazebo6-dev
  libignition-gazebo6-plugins libignition-gui6 libignition-gui6-dev
  libignition-math6-eigen3-dev libignition-msgs8 libignition-msgs8-dev
  libignition-physics5 libignition-physics5-bullet
  libignition-physics5-bullet-dev libignition-physics5-core-dev
  libignition-physics5-dartsim libignition-physics5-dartsim-dev
  libignition-physics5-dev libignition-physics5-heightmap-dev
  libignition-physics5-mesh-dev libignition-physics5-sdf-dev
  libignition-physics5-tpe libignition-physics5-tpe-dev
  libignition-physics5-tpelib libignition-physics5-tpelib-dev
  libignition-plugin libignition-plugin-dev libignition-rendering6
  libignition-rendering6-core-dev libignition-rendering6-dev
  libignition-rendering6-ogre1 libignition-rendering6-ogre1-dev
  libignition-rendering6-ogre2 libignition-rendering6-ogre2-dev
  libignition-sensors6 libignition-sensors6-air-pressure
  libignition-sensors6-air-pressure-dev libignition-sensors6-altimeter
  libignition-sensors6-altimeter-dev libignition-sensors6-boundingbox-camera
  libignition-sensors6-boundingbox-camera-dev libignition-sensors6-camera
  libignition-sensors6-camera-dev libignition-sensors6-core-dev
  libignition-sensors6-depth-camera libignition-sensors6-depth-camera-dev
  libignition-sensors6-dev libignition-sensors6-force-torque
  libignition-sensors6-force-torque-dev libignition-sensors6-gpu-lidar
  libignition-sensors6-gpu-lidar-dev libignition-sensors6-imu
  libignition-sensors6-imu-dev libignition-sensors6-lidar
  libignition-sensors6-lidar-dev libignition-sensors6-logical-camera
  libignition-sensors6-logical-camera-dev libignition-sensors6-magnetometer
  libignition-sensors6-magnetometer-dev libignition-sensors6-navsat
  libignition-sensors6-navsat-dev libignition-sensors6-rendering
  libignition-sensors6-rendering-dev libignition-sensors6-rgbd-camera
  libignition-sensors6-rgbd-camera-dev
  libignition-sensors6-segmentation-camera
  libignition-sensors6-segmentation-camera-dev
  libignition-sensors6-thermal-camera libignition-sensors6-thermal-camera-dev
  libignition-tools-dev libignition-transport11
  libignition-transport11-core-dev libignition-transport11-dev
  libignition-transport11-log libignition-transport11-log-dev
  libignition-transport11-parameters libignition-transport11-parameters-dev
  libignition-utils1 libignition-utils1-cli-dev libignition-utils1-dev libjxr0
  liblbfgsb0 liblilv-0-0 libmount-dev libmysofa1 liboctomap-dev liboctomap1.9
  libode-dev libode8 libogre-1.9-dev libogre-1.9.0v5 libogre-next-dev
  libogrenexthlmspbs2.2.5 libogrenexthlmsunlit2.2.5 libogrenextmain2.2.5
  libogrenextmeshlodgenerator2.2.5 libogrenextoverlay2.2.5
  libogrenextplanarreflections2.2.5 libogrenextsceneformat2.2.5 libopenal-data
  libopenal1 libpcre16-3 libpcre3-dev libpcre32-3 libpcrecpp0v5
  libpocketsphinx3 libpostproc-dev libpostproc55 libprotobuf-dev
  libprotobuf-lite23 libprotoc-dev libprotoc23 libpyside2-dev
  libpyside2-py3-5.15 libqt5charts5 libqt5location5 libqt5location5-plugins
  libqt5positioning5-plugins libqt5positioningquick5 libqt5quickcontrols2-5
  libqt5quicktemplates2-5 librubberband2 libruby3.0 libsdformat12
  libsdformat12-dev libsdl2-2.0-0 libselinux1-dev libsepol-dev libserd-0-0
  libshiboken2-dev libshiboken2-py3-5.15 libsndio7.0 libsord-0-0
  libsphinxbase3 libsratom-0-0 liburdfdom-dev liburdfdom-headers-dev
  liburdfdom-model-state3.0 liburdfdom-model3.0 liburdfdom-sensor3.0
  liburdfdom-world3.0 libvidstab1.1 libxsimd-dev libzimg2 libzip-dev libzip4
  libzzip-0-13 mesa-utils-bin pocketsphinx-en-us protobuf-compiler pyqt5-dev
  python-matplotlib-data python3-appdirs python3-beniget python3-brotli
  python3-cycler python3-decorator python3-fonttools python3-fs python3-gast
  python3-kiwisolver python3-lz4 python3-matplotlib python3-mpmath
  python3-opencv python3-pil.imagetk python3-ply python3-pyqt5
  python3-pyqt5.qtsvg python3-pyqt5.sip python3-pyside2.qtcore
  python3-pyside2.qtgui python3-pyside2.qtsvg python3-pyside2.qtwidgets
  python3-pythran python3-scipy python3-sip-dev python3-sympy python3-tk
  python3-ufolib2 python3-unicodedata2 qml-module-qt-labs-folderlistmodel
  qml-module-qt-labs-platform qml-module-qt-labs-settings qml-module-qtcharts
  qml-module-qtgraphicaleffects qml-module-qtlocation qml-module-qtpositioning
  qml-module-qtqml qml-module-qtqml-models2 qml-module-qtquick-controls
  qml-module-qtquick-controls2 qml-module-qtquick-dialogs
  qml-module-qtquick-layouts qml-module-qtquick-privatewidgets
  qml-module-qtquick-templates2 qml-module-qtquick-window2 qml-module-qtquick2
  qtquickcontrols2-5-dev rake ros-humble-actuator-msgs
  ros-humble-compressed-depth-image-transport
  ros-humble-compressed-image-transport ros-humble-cv-bridge
  ros-humble-gps-msgs ros-humble-image-transport-plugins
  ros-humble-python-qt-binding ros-humble-qt-gui ros-humble-qt-gui-cpp
  ros-humble-qt-gui-py-common ros-humble-ros-gz-bridge ros-humble-ros-gz-image
  ros-humble-ros-gz-interfaces ros-humble-ros-gz-sim
  ros-humble-ros-gz-sim-demos ros-humble-rqt-gui ros-humble-rqt-gui-cpp
  ros-humble-rqt-gui-py ros-humble-rqt-image-view ros-humble-rqt-plot
  ros-humble-rqt-py-common ros-humble-rqt-topic ros-humble-sdformat-urdf
  ros-humble-tango-icons-vendor ros-humble-theora-image-transport
  ros-humble-vision-msgs ros-humble-xacro ruby ruby-net-telnet ruby-rubygems
  ruby-webrick ruby-xmlrpc ruby3.0 rubygems-integration sdformat12-sdf
  shiboken2 sip-dev tango-icon-theme tk8.6-blt2.5 unicode-data
Suggested packages:
  blt-demo libgirepository1.0-dev libglib2.0-doc libgts-doc ogre-1.9-doc
  libogre-1.9.0v5-dbg ogre-next-doc libportaudio2 serdi sndiod sordi
  libxsimd-doc protobuf-mode-el python-cycler-doc dvipng ffmpeg fonts-staypuft
  inkscape ipython3 python-matplotlib-doc python3-cairocffi python3-gobject
  python3-tornado texlive-extra-utils texlive-latex-extra python-mpmath-doc
  python3-gmpy2 python-pil-doc python-ply-doc python-pyside2-doc
  python-scipy-doc python-sip-doc texlive-fonts-extra python-sympy-doc tix
  python3-tk-dbg ri ruby-dev bundler gnome-icon-theme kdelibs-data
The following NEW packages will be installed:
  blt fonts-lato fonts-lyx ignition-tools ignition-transport11-cli libass9
  libavdevice-dev libavdevice58 libavfilter-dev libavfilter7 libblkid-dev
  libbs2b0 libccd-dev libccd2 libdart-collision-bullet-dev
  libdart-collision-bullet6.12 libdart-collision-ode-dev
  libdart-collision-ode6.12 libdart-dev libdart-external-convhull-3d-dev
  libdart-external-ikfast-dev libdart-external-odelcpsolver-dev
  libdart-external-odelcpsolver6.12 libdart-utils-dev libdart-utils-urdf-dev
  libdart-utils-urdf6.12 libdart-utils6.12 libdart6.12 libdecor-0-0
  libdecor-0-plugin-1-cairo libfcl-dev libfcl0.7 libffi-dev libflite1
  libfreeimage3 libgflags-dev libgflags2.2 libglib2.0-dev libglib2.0-dev-bin
  libgts-dev libignition-common4 libignition-common4-av
  libignition-common4-av-dev libignition-common4-core-dev
  libignition-common4-dev libignition-common4-events
  libignition-common4-events-dev libignition-common4-graphics
  libignition-common4-graphics-dev libignition-common4-profiler
  libignition-common4-profiler-dev libignition-fuel-tools7
  libignition-fuel-tools7-dev libignition-gazebo6 libignition-gazebo6-dev
  libignition-gazebo6-plugins libignition-gui6 libignition-gui6-dev
  libignition-math6-eigen3-dev libignition-msgs8 libignition-msgs8-dev
  libignition-physics5 libignition-physics5-bullet
  libignition-physics5-bullet-dev libignition-physics5-core-dev
  libignition-physics5-dartsim libignition-physics5-dartsim-dev
  libignition-physics5-dev libignition-physics5-heightmap-dev
  libignition-physics5-mesh-dev libignition-physics5-sdf-dev
  libignition-physics5-tpe libignition-physics5-tpe-dev
  libignition-physics5-tpelib libignition-physics5-tpelib-dev
  libignition-plugin libignition-plugin-dev libignition-rendering6
  libignition-rendering6-core-dev libignition-rendering6-dev
  libignition-rendering6-ogre1 libignition-rendering6-ogre1-dev
  libignition-rendering6-ogre2 libignition-rendering6-ogre2-dev
  libignition-sensors6 libignition-sensors6-air-pressure
  libignition-sensors6-air-pressure-dev libignition-sensors6-altimeter
  libignition-sensors6-altimeter-dev libignition-sensors6-boundingbox-camera
  libignition-sensors6-boundingbox-camera-dev libignition-sensors6-camera
  libignition-sensors6-camera-dev libignition-sensors6-core-dev
  libignition-sensors6-depth-camera libignition-sensors6-depth-camera-dev
  libignition-sensors6-dev libignition-sensors6-force-torque
  libignition-sensors6-force-torque-dev libignition-sensors6-gpu-lidar
  libignition-sensors6-gpu-lidar-dev libignition-sensors6-imu
  libignition-sensors6-imu-dev libignition-sensors6-lidar
  libignition-sensors6-lidar-dev libignition-sensors6-logical-camera
  libignition-sensors6-logical-camera-dev libignition-sensors6-magnetometer
  libignition-sensors6-magnetometer-dev libignition-sensors6-navsat
  libignition-sensors6-navsat-dev libignition-sensors6-rendering
  libignition-sensors6-rendering-dev libignition-sensors6-rgbd-camera
  libignition-sensors6-rgbd-camera-dev
  libignition-sensors6-segmentation-camera
  libignition-sensors6-segmentation-camera-dev
  libignition-sensors6-thermal-camera libignition-sensors6-thermal-camera-dev
  libignition-tools-dev libignition-transport11
  libignition-transport11-core-dev libignition-transport11-dev
  libignition-transport11-log libignition-transport11-log-dev
  libignition-transport11-parameters libignition-transport11-parameters-dev
  libignition-utils1 libignition-utils1-cli-dev libignition-utils1-dev libjxr0
  liblbfgsb0 liblilv-0-0 libmount-dev libmysofa1 liboctomap-dev liboctomap1.9
  libode-dev libode8 libogre-1.9-dev libogre-1.9.0v5 libogre-next-dev
  libogrenexthlmspbs2.2.5 libogrenexthlmsunlit2.2.5 libogrenextmain2.2.5
  libogrenextmeshlodgenerator2.2.5 libogrenextoverlay2.2.5
  libogrenextplanarreflections2.2.5 libogrenextsceneformat2.2.5 libopenal-data
  libopenal1 libpcre16-3 libpcre3-dev libpcre32-3 libpcrecpp0v5
  libpocketsphinx3 libpostproc-dev libpostproc55 libprotobuf-dev
  libprotobuf-lite23 libprotoc-dev libprotoc23 libpyside2-dev
  libpyside2-py3-5.15 libqt5charts5 libqt5location5 libqt5location5-plugins
  libqt5positioning5-plugins libqt5positioningquick5 libqt5quickcontrols2-5
  libqt5quicktemplates2-5 librubberband2 libruby3.0 libsdformat12
  libsdformat12-dev libsdl2-2.0-0 libselinux1-dev libsepol-dev libserd-0-0
  libshiboken2-dev libshiboken2-py3-5.15 libsndio7.0 libsord-0-0
  libsphinxbase3 libsratom-0-0 liburdfdom-dev liburdfdom-headers-dev
  liburdfdom-model-state3.0 liburdfdom-model3.0 liburdfdom-sensor3.0
  liburdfdom-world3.0 libvidstab1.1 libxsimd-dev libzimg2 libzip-dev libzip4
  libzzip-0-13 mesa-utils mesa-utils-bin pocketsphinx-en-us protobuf-compiler
  pyqt5-dev python-matplotlib-data python3-appdirs python3-beniget
  python3-brotli python3-cycler python3-decorator python3-fonttools python3-fs
  python3-gast python3-kiwisolver python3-lz4 python3-matplotlib
  python3-mpmath python3-opencv python3-pil.imagetk python3-ply python3-pyqt5
  python3-pyqt5.qtsvg python3-pyqt5.sip python3-pyside2.qtcore
  python3-pyside2.qtgui python3-pyside2.qtsvg python3-pyside2.qtwidgets
  python3-pythran python3-scipy python3-sip-dev python3-sympy python3-tk
  python3-ufolib2 python3-unicodedata2 qml-module-qt-labs-folderlistmodel
  qml-module-qt-labs-platform qml-module-qt-labs-settings qml-module-qtcharts
  qml-module-qtgraphicaleffects qml-module-qtlocation qml-module-qtpositioning
  qml-module-qtqml qml-module-qtqml-models2 qml-module-qtquick-controls
  qml-module-qtquick-controls2 qml-module-qtquick-dialogs
  qml-module-qtquick-layouts qml-module-qtquick-privatewidgets
  qml-module-qtquick-templates2 qml-module-qtquick-window2 qml-module-qtquick2
  qtquickcontrols2-5-dev rake ros-humble-actuator-msgs
  ros-humble-compressed-depth-image-transport
  ros-humble-compressed-image-transport ros-humble-cv-bridge
  ros-humble-gps-msgs ros-humble-image-transport-plugins
  ros-humble-python-qt-binding ros-humble-qt-gui ros-humble-qt-gui-cpp
  ros-humble-qt-gui-py-common ros-humble-ros-gz ros-humble-ros-gz-bridge
  ros-humble-ros-gz-image ros-humble-ros-gz-interfaces ros-humble-ros-gz-sim
  ros-humble-ros-gz-sim-demos ros-humble-rqt-gui ros-humble-rqt-gui-cpp
  ros-humble-rqt-gui-py ros-humble-rqt-image-view ros-humble-rqt-plot
  ros-humble-rqt-py-common ros-humble-rqt-topic ros-humble-sdformat-urdf
  ros-humble-tango-icons-vendor ros-humble-theora-image-transport
  ros-humble-vision-msgs ros-humble-xacro ruby ruby-net-telnet ruby-rubygems
  ruby-webrick ruby-xmlrpc ruby3.0 rubygems-integration sdformat12-sdf
  shiboken2 sip-dev tango-icon-theme tk8.6-blt2.5 unicode-data
0 upgraded, 292 newly installed, 0 to remove and 236 not upgraded.
Need to get 161 MB of archives.
After this operation, 692 MB of additional disk space will be used.
Get:1 http://packages.ros.org/ros2/ubuntu jammy/main amd64 ignition-tools amd64 1.5.0-1~jammy [19.9 kB]
Get:2 http://packages.ros.org/ros2/ubuntu jammy/main amd64 libignition-common4 amd64 4.8.1-1~jammy [130 kB]
Get:3 http://us.archive.ubuntu.com/ubuntu jammy/main amd64 fonts-lato all 2.0-2.1 [2,696 kB]
Get:4 http://packages.ros.org/ros2/ubuntu jammy/main amd64 libignition-common4-av amd64 4.8.1-1~jammy [32.5 kB]
Get:5 http://packages.ros.org/ros2/ubuntu jammy/main amd64 libignition-utils1 amd64 1.5.1-1~jammy [7,104 B]
Get:6 http://packages.ros.org/ros2/ubuntu jammy/main amd64 libignition-utils1-dev amd64 1.5.1-1~jammy [20.3 kB]
Get:7 http://packages.ros.org/ros2/ubuntu jammy/main amd64 libignition-common4-core-dev amd64 4.8.1-1~jammy [112 kB]
Get:8 http://packages.ros.org/ros2/ubuntu jammy/main amd64 libignition-common4-av-dev amd64 4.8.1-1~jammy [8,388 B]
Get:9 http://packages.ros.org/ros2/ubuntu jammy/main amd64 libignition-common4-events amd64 4.8.1-1~jammy [40.5 kB]
Get:10 http://us.archive.ubuntu.com/ubuntu jammy/universe amd64 qml-module-qtquick-window2 amd64 5.15.3+dfsg-1 [26.3 kB]
Get:11 http://us.archive.ubuntu.com/ubuntu jammy/universe amd64 qml-module-qtquick2 amd64 5.15.3+dfsg-1 [33.7 kB]
Get:12 http://us.archive.ubuntu.com/ubuntu jammy/universe amd64 qml-module-qtgraphicaleffects amd64 5.15.3-1 [74.3 kB]
Get:13 http://us.archive.ubuntu.com/ubuntu jammy/universe amd64 qml-module-qtqml amd64 5.15.3+dfsg-1 [17.2 kB]
Get:14 http://us.archive.ubuntu.com/ubuntu jammy/universe amd64 qml-module-qtqml-models2 amd64 5.15.3+dfsg-1 [18.0 kB]
Get:15 http://us.archive.ubuntu.com/ubuntu jammy/universe amd64 qml-module-qtquick-layouts amd64 5.15.3+dfsg-1 [56.0 kB]
Get:16 http://us.archive.ubuntu.com/ubuntu jammy/universe amd64 qml-module-qtquick-controls amd64 5.15.3-1 [577 kB]
Get:17 http://us.archive.ubuntu.com/ubuntu jammy/main amd64 tk8.6-blt2.5 amd64 2.5.3+dfsg-4.1build2 [643 kB]
Get:18 http://us.archive.ubuntu.com/ubuntu jammy/main amd64 blt amd64 2.5.3+dfsg-4.1build2 [4,838 B]
Get:19 http://us.archive.ubuntu.com/ubuntu jammy/universe amd64 fonts-lyx all 2.3.6-1 [159 kB]
Get:20 http://us.archive.ubuntu.com/ubuntu jammy/main amd64 rubygems-integration all 1.18 [5,336 B]
Get:21 http://us.archive.ubuntu.com/ubuntu jammy/main amd64 rake all 13.0.6-2 [61.7 kB]
Get:22 http://us.archive.ubuntu.com/ubuntu jammy/main amd64 ruby-net-telnet all 0.1.1-2 [12.6 kB]
Get:23 http://us.archive.ubuntu.com/ubuntu jammy-updates/main amd64 ruby-webrick all 1.7.0-3ubuntu0.2 [52.5 kB]
Get:24 http://us.archive.ubuntu.com/ubuntu jammy-updates/main amd64 ruby-xmlrpc all 0.3.2-1ubuntu0.1 [24.9 kB]
Get:25 http://us.archive.ubuntu.com/ubuntu jammy-updates/main amd64 libruby3.0 amd64 3.0.2-7ubuntu2.13 [5,116 kB]
Get:26 http://us.archive.ubuntu.com/ubuntu jammy-updates/main amd64 ruby3.0 amd64 3.0.2-7ubuntu2.13 [50.1 kB]
Get:27 http://us.archive.ubuntu.com/ubuntu jammy-updates/main amd64 ruby-rubygems all 3.3.5-2ubuntu1.2 [228 kB]
Get:28 http://us.archive.ubuntu.com/ubuntu jammy/main amd64 ruby amd64 1:3.0~exp1 [5,100 B]
Get:29 http://us.archive.ubuntu.com/ubuntu jammy/universe amd64 libass9 amd64 1:0.15.2-1 [97.5 kB]
Get:30 http://us.archive.ubuntu.com/ubuntu jammy/universe amd64 libbs2b0 amd64 3.1.0+dfsg-2.2build1 [10.2 kB]
Get:31 http://us.archive.ubuntu.com/ubuntu jammy/universe amd64 libflite1 amd64 2.2-3 [13.7 MB]
Get:32 http://packages.ros.org/ros2/ubuntu jammy/main amd64 libignition-common4-events-dev amd64 4.8.1-1~jammy [8,312 B]
Get:33 http://us.archive.ubuntu.com/ubuntu jammy/universe amd64 libserd-0-0 amd64 0.30.10-2 [40.8 kB]
Get:34 http://us.archive.ubuntu.com/ubuntu jammy/universe amd64 libsord-0-0 amd64 0.16.8-2 [21.2 kB]
Get:35 http://us.archive.ubuntu.com/ubuntu jammy/universe amd64 libsratom-0-0 amd64 0.6.8-1 [17.0 kB]
Get:36 http://us.archive.ubuntu.com/ubuntu jammy/universe amd64 liblilv-0-0 amd64 0.24.12-2 [42.8 kB]
Get:37 http://us.archive.ubuntu.com/ubuntu jammy/universe amd64 libmysofa1 amd64 1.2.1~dfsg0-1 [1,157 kB]
Get:38 http://us.archive.ubuntu.com/ubuntu jammy/universe amd64 libsphinxbase3 amd64 0.8+5prealpha+1-13build1 [126 kB]
Get:39 http://us.archive.ubuntu.com/ubuntu jammy/universe amd64 libpocketsphinx3 amd64 0.8.0+real5prealpha+1-14ubuntu1 [132 kB]
Get:40 http://us.archive.ubuntu.com/ubuntu jammy-updates/universe amd64 libpostproc55 amd64 7:4.4.2-0ubuntu0.22.04.1 [60.1 kB]
Get:41 http://us.archive.ubuntu.com/ubuntu jammy/universe amd64 librubberband2 amd64 2.0.0-2 [90.0 kB]
Get:42 http://packages.ros.org/ros2/ubuntu jammy/main amd64 libignition-common4-graphics amd64 4.8.1-1~jammy [255 kB]
Get:43 http://us.archive.ubuntu.com/ubuntu jammy/universe amd64 libvidstab1.1 amd64 1.1.0-2 [35.0 kB]
Get:44 http://us.archive.ubuntu.com/ubuntu jammy/universe amd64 libzimg2 amd64 3.0.3+ds1-1 [241 kB]
Get:45 http://us.archive.ubuntu.com/ubuntu jammy-updates/universe amd64 libavfilter7 amd64 7:4.4.2-0ubuntu0.22.04.1 [1,496 kB]
Get:46 http://us.archive.ubuntu.com/ubuntu jammy/universe amd64 libopenal-data all 1:1.19.1-2build3 [164 kB]
Get:47 http://us.archive.ubuntu.com/ubuntu jammy/universe amd64 libsndio7.0 amd64 1.8.1-1.1 [29.3 kB]
Get:48 http://us.archive.ubuntu.com/ubuntu jammy/universe amd64 libopenal1 amd64 1:1.19.1-2build3 [535 kB]
Get:49 http://us.archive.ubuntu.com/ubuntu jammy/main amd64 libdecor-0-0 amd64 0.1.0-3build1 [15.1 kB]
Get:50 http://us.archive.ubuntu.com/ubuntu jammy-updates/main amd64 libsdl2-2.0-0 amd64 2.0.20+dfsg-2ubuntu1.22.04.1 [582 kB]
Get:51 http://us.archive.ubuntu.com/ubuntu jammy-updates/universe amd64 libavdevice58 amd64 7:4.4.2-0ubuntu0.22.04.1 [87.5 kB]
Get:52 http://us.archive.ubuntu.com/ubuntu jammy-updates/universe amd64 libpostproc-dev amd64 7:4.4.2-0ubuntu0.22.04.1 [60.9 kB]
Get:53 http://us.archive.ubuntu.com/ubuntu jammy-updates/universe amd64 libavfilter-dev amd64 7:4.4.2-0ubuntu0.22.04.1 [1,732 kB]
Get:54 http://us.archive.ubuntu.com/ubuntu jammy-updates/universe amd64 libavdevice-dev amd64 7:4.4.2-0ubuntu0.22.04.1 [97.3 kB]
Get:55 http://us.archive.ubuntu.com/ubuntu jammy/universe amd64 libdart-external-odelcpsolver6.12 amd64 6.12.1+dfsg4-11build2 [25.1 kB]
Get:56 http://us.archive.ubuntu.com/ubuntu jammy/universe amd64 libccd2 amd64 2.1-2 [21.8 kB]
Get:57 http://us.archive.ubuntu.com/ubuntu jammy/universe amd64 liboctomap1.9 amd64 1.9.7+dfsg-3 [80.4 kB]
Get:58 http://us.archive.ubuntu.com/ubuntu jammy/universe amd64 libfcl0.7 amd64 0.7.0-3 [922 kB]
Get:59 http://us.archive.ubuntu.com/ubuntu jammy/universe amd64 libdart6.12 amd64 6.12.1+dfsg4-11build2 [1,249 kB]
Get:60 http://us.archive.ubuntu.com/ubuntu jammy/universe amd64 libccd-dev amd64 2.1-2 [10.5 kB]
Get:61 http://us.archive.ubuntu.com/ubuntu jammy/universe amd64 liboctomap-dev amd64 1.9.7+dfsg-3 [1,164 kB]
Get:62 http://us.archive.ubuntu.com/ubuntu jammy/universe amd64 libfcl-dev amd64 0.7.0-3 [235 kB]
Get:63 http://us.archive.ubuntu.com/ubuntu jammy/universe amd64 libdart-external-odelcpsolver-dev amd64 6.12.1+dfsg4-11build2 [15.2 kB]
Get:64 http://us.archive.ubuntu.com/ubuntu jammy/universe amd64 libdart-external-convhull-3d-dev amd64 6.12.1+dfsg4-11build2 [13.8 kB]
Get:65 http://us.archive.ubuntu.com/ubuntu jammy/universe amd64 libdart-dev amd64 6.12.1+dfsg4-11build2 [201 kB]
Get:66 http://us.archive.ubuntu.com/ubuntu jammy/universe amd64 libdart-collision-bullet6.12 amd64 6.12.1+dfsg4-11build2 [42.8 kB]
Get:67 http://us.archive.ubuntu.com/ubuntu jammy/universe amd64 libdart-collision-bullet-dev amd64 6.12.1+dfsg4-11build2 [9,336 B]
Get:68 http://us.archive.ubuntu.com/ubuntu jammy/universe amd64 libode8 amd64 2:0.16.2-1 [387 kB]
Get:69 http://us.archive.ubuntu.com/ubuntu jammy/universe amd64 libdart-collision-ode6.12 amd64 6.12.1+dfsg4-11build2 [28.2 kB]
Get:70 http://us.archive.ubuntu.com/ubuntu jammy/universe amd64 libode-dev amd64 2:0.16.2-1 [488 kB]
Get:71 http://us.archive.ubuntu.com/ubuntu jammy/universe amd64 libdart-collision-ode-dev amd64 6.12.1+dfsg4-11build2 [8,810 B]
Get:72 http://us.archive.ubuntu.com/ubuntu jammy/universe amd64 libdart-external-ikfast-dev amd64 6.12.1+dfsg4-11build2 [9,842 B]
Get:73 http://us.archive.ubuntu.com/ubuntu jammy/universe amd64 libdart-utils6.12 amd64 6.12.1+dfsg4-11build2 [285 kB]
Get:74 http://us.archive.ubuntu.com/ubuntu jammy/universe amd64 liburdfdom-headers-dev all 1.0.5-3 [14.1 kB]
Get:75 http://us.archive.ubuntu.com/ubuntu jammy/universe amd64 liburdfdom-model3.0 amd64 3.0.1-1 [43.9 kB]
Get:76 http://us.archive.ubuntu.com/ubuntu jammy/universe amd64 liburdfdom-model-state3.0 amd64 3.0.1-1 [12.4 kB]
Get:77 http://us.archive.ubuntu.com/ubuntu jammy/universe amd64 liburdfdom-sensor3.0 amd64 3.0.1-1 [10.8 kB]
Get:78 http://us.archive.ubuntu.com/ubuntu jammy/universe amd64 liburdfdom-world3.0 amd64 3.0.1-1 [42.9 kB]
Get:79 http://us.archive.ubuntu.com/ubuntu jammy/universe amd64 liburdfdom-dev amd64 3.0.1-1 [7,156 B]
Get:80 http://us.archive.ubuntu.com/ubuntu jammy/universe amd64 libdart-utils-dev amd64 6.12.1+dfsg4-11build2 [14.4 kB]
Get:81 http://us.archive.ubuntu.com/ubuntu jammy/universe amd64 libdart-utils-urdf6.12 amd64 6.12.1+dfsg4-11build2 [52.5 kB]
Get:82 http://us.archive.ubuntu.com/ubuntu jammy/universe amd64 libdart-utils-urdf-dev amd64 6.12.1+dfsg4-11build2 [10.1 kB]
Get:83 http://us.archive.ubuntu.com/ubuntu jammy/main amd64 libdecor-0-plugin-1-cairo amd64 0.1.0-3build1 [20.4 kB]
Get:84 http://us.archive.ubuntu.com/ubuntu jammy/universe amd64 libgflags2.2 amd64 2.2.2-2 [78.1 kB]
Get:85 http://us.archive.ubuntu.com/ubuntu jammy/universe amd64 libgflags-dev amd64 2.2.2-2 [93.7 kB]
Get:86 http://us.archive.ubuntu.com/ubuntu jammy/main amd64 libffi-dev amd64 3.4.2-4 [63.7 kB]
Get:87 http://us.archive.ubuntu.com/ubuntu jammy-updates/main amd64 libglib2.0-dev-bin amd64 2.72.4-0ubuntu2.10 [117 kB]
Get:88 http://us.archive.ubuntu.com/ubuntu jammy-updates/main amd64 libblkid-dev amd64 2.37.2-4ubuntu3.6 [186 kB]
Get:89 http://us.archive.ubuntu.com/ubuntu jammy/main amd64 libsepol-dev amd64 3.3-1build1 [378 kB]
Get:90 http://us.archive.ubuntu.com/ubuntu jammy/main amd64 libselinux1-dev amd64 3.3-1build2 [158 kB]
Get:91 http://us.archive.ubuntu.com/ubuntu jammy-updates/main amd64 libmount-dev amd64 2.37.2-4ubuntu3.6 [14.6 kB]
Get:92 http://us.archive.ubuntu.com/ubuntu jammy-updates/main amd64 libpcre16-3 amd64 2:8.39-13ubuntu0.22.04.1 [164 kB]
Get:93 http://us.archive.ubuntu.com/ubuntu jammy-updates/main amd64 libpcre32-3 amd64 2:8.39-13ubuntu0.22.04.1 [155 kB]
Get:94 http://us.archive.ubuntu.com/ubuntu jammy-updates/main amd64 libpcrecpp0v5 amd64 2:8.39-13ubuntu0.22.04.1 [16.5 kB]
Get:95 http://us.archive.ubuntu.com/ubuntu jammy-updates/main amd64 libpcre3-dev amd64 2:8.39-13ubuntu0.22.04.1 [579 kB]
Get:96 http://us.archive.ubuntu.com/ubuntu jammy-updates/main amd64 libglib2.0-dev amd64 2.72.4-0ubuntu2.10 [1,745 kB]
Get:97 http://us.archive.ubuntu.com/ubuntu jammy/universe amd64 libgts-dev amd64 0.7.6+darcs121130-5 [193 kB]
Get:98 http://us.archive.ubuntu.com/ubuntu jammy/universe amd64 libjxr0 amd64 1.2~git20170615.f752187-5 [174 kB]
Get:99 http://us.archive.ubuntu.com/ubuntu jammy-updates/universe amd64 libfreeimage3 amd64 3.18.0+ds2-6ubuntu5.1 [294 kB]
Get:100 http://us.archive.ubuntu.com/ubuntu jammy/universe amd64 libzip4 amd64 1.7.3-1ubuntu2 [55.0 kB]
Get:101 http://us.archive.ubuntu.com/ubuntu jammy-updates/main amd64 libprotobuf-lite23 amd64 3.12.4-1ubuntu7.22.04.6 [209 kB]
Get:102 http://us.archive.ubuntu.com/ubuntu jammy-updates/main amd64 libprotobuf-dev amd64 3.12.4-1ubuntu7.22.04.6 [1,347 kB]
Get:103 http://us.archive.ubuntu.com/ubuntu jammy-updates/main amd64 libprotoc23 amd64 3.12.4-1ubuntu7.22.04.6 [662 kB]
Get:104 http://us.archive.ubuntu.com/ubuntu jammy-updates/main amd64 libprotoc-dev amd64 3.12.4-1ubuntu7.22.04.6 [999 kB]
Get:105 http://us.archive.ubuntu.com/ubuntu jammy-updates/universe amd64 protobuf-compiler amd64 3.12.4-1ubuntu7.22.04.6 [29.2 kB]
Get:106 http://us.archive.ubuntu.com/ubuntu jammy/universe amd64 libzip-dev amd64 1.7.3-1ubuntu2 [157 kB]
Get:107 http://us.archive.ubuntu.com/ubuntu jammy/universe amd64 libqt5quicktemplates2-5 amd64 5.15.3+dfsg-1 [449 kB]
Get:108 http://us.archive.ubuntu.com/ubuntu jammy/universe amd64 libqt5quickcontrols2-5 amd64 5.15.3+dfsg-1 [70.1 kB]
Get:109 http://us.archive.ubuntu.com/ubuntu jammy/universe amd64 qtquickcontrols2-5-dev amd64 5.15.3+dfsg-1 [11.3 kB]
Get:110 http://us.archive.ubuntu.com/ubuntu jammy/universe amd64 qml-module-qt-labs-folderlistmodel amd64 5.15.3+dfsg-1 [36.1 kB]
Get:111 http://us.archive.ubuntu.com/ubuntu jammy/universe amd64 qml-module-qt-labs-platform amd64 5.15.3+dfsg-1 [85.0 kB]
Get:112 http://us.archive.ubuntu.com/ubuntu jammy/universe amd64 qml-module-qt-labs-settings amd64 5.15.3+dfsg-1 [26.5 kB]
Get:113 http://us.archive.ubuntu.com/ubuntu jammy/universe amd64 libqt5charts5 amd64 5.15.3-1 [493 kB]
Get:114 http://us.archive.ubuntu.com/ubuntu jammy/universe amd64 qml-module-qtcharts amd64 5.15.3-1 [140 kB]
Get:115 http://us.archive.ubuntu.com/ubuntu jammy/universe amd64 libqt5positioningquick5 amd64 5.15.3+dfsg-3 [45.5 kB]
Get:116 http://us.archive.ubuntu.com/ubuntu jammy/universe amd64 libqt5location5 amd64 5.15.3+dfsg-3 [756 kB]
Get:117 http://us.archive.ubuntu.com/ubuntu jammy/universe amd64 libqt5location5-plugins amd64 5.15.3+dfsg-3 [314 kB]
Get:118 http://us.archive.ubuntu.com/ubuntu jammy/universe amd64 qml-module-qtlocation amd64 5.15.3+dfsg-3 [46.4 kB]
Get:119 http://us.archive.ubuntu.com/ubuntu jammy/universe amd64 libqt5positioning5-plugins amd64 5.15.3+dfsg-3 [71.2 kB]
Get:120 http://us.archive.ubuntu.com/ubuntu jammy/universe amd64 qml-module-qtpositioning amd64 5.15.3+dfsg-3 [27.2 kB]
Get:121 http://us.archive.ubuntu.com/ubuntu jammy/universe amd64 qml-module-qtquick-templates2 amd64 5.15.3+dfsg-1 [77.0 kB]
Get:122 http://us.archive.ubuntu.com/ubuntu jammy/universe amd64 qml-module-qtquick-controls2 amd64 5.15.3+dfsg-1 [935 kB]
Get:123 http://us.archive.ubuntu.com/ubuntu jammy/universe amd64 qml-module-qtquick-privatewidgets amd64 5.15.3-1 [49.8 kB]
Get:124 http://us.archive.ubuntu.com/ubuntu jammy/universe amd64 qml-module-qtquick-dialogs amd64 5.15.3-1 [132 kB]
Get:125 http://us.archive.ubuntu.com/ubuntu jammy/universe amd64 libzzip-0-13 amd64 0.13.72+dfsg.1-1.1 [27.0 kB]
Get:126 http://us.archive.ubuntu.com/ubuntu jammy/universe amd64 libogre-1.9.0v5 amd64 1.9.0+dfsg1-12.1ubuntu1 [2,523 kB]
Get:127 http://us.archive.ubuntu.com/ubuntu jammy/universe amd64 libogre-1.9-dev amd64 1.9.0+dfsg1-12.1ubuntu1 [955 kB]
Get:128 http://us.archive.ubuntu.com/ubuntu jammy/universe amd64 libogrenextmain2.2.5 amd64 2.2.5+dfsg3-0ubuntu2 [2,103 kB]
Get:129 http://us.archive.ubuntu.com/ubuntu jammy/universe amd64 libogrenextplanarreflections2.2.5 amd64 2.2.5+dfsg3-0ubuntu2 [34.3 kB]
Get:130 http://us.archive.ubuntu.com/ubuntu jammy/universe amd64 libogrenexthlmspbs2.2.5 amd64 2.2.5+dfsg3-0ubuntu2 [226 kB]
Get:131 http://us.archive.ubuntu.com/ubuntu jammy/universe amd64 libogrenexthlmsunlit2.2.5 amd64 2.2.5+dfsg3-0ubuntu2 [66.3 kB]
Get:132 http://us.archive.ubuntu.com/ubuntu jammy/universe amd64 libogrenextmeshlodgenerator2.2.5 amd64 2.2.5+dfsg3-0ubuntu2 [87.2 kB]
Get:133 http://us.archive.ubuntu.com/ubuntu jammy/universe amd64 libogrenextoverlay2.2.5 amd64 2.2.5+dfsg3-0ubuntu2 [105 kB]
Get:134 http://us.archive.ubuntu.com/ubuntu jammy/universe amd64 libogrenextsceneformat2.2.5 amd64 2.2.5+dfsg3-0ubuntu2 [75.6 kB]
Get:135 http://us.archive.ubuntu.com/ubuntu jammy/universe amd64 libogre-next-dev amd64 2.2.5+dfsg3-0ubuntu2 [1,058 kB]
Get:136 http://us.archive.ubuntu.com/ubuntu jammy/universe amd64 liblbfgsb0 amd64 3.0+dfsg.3-10 [29.9 kB]
Get:137 http://us.archive.ubuntu.com/ubuntu jammy/universe amd64 libshiboken2-py3-5.15 amd64 5.15.2-2build2 [176 kB]
Get:138 http://us.archive.ubuntu.com/ubuntu jammy/universe amd64 libpyside2-py3-5.15 amd64 5.15.2-2build2 [79.9 kB]
Get:139 http://us.archive.ubuntu.com/ubuntu jammy/universe amd64 libpyside2-dev amd64 5.15.2-2build2 [169 kB]
Get:140 http://us.archive.ubuntu.com/ubuntu jammy/universe amd64 shiboken2 amd64 5.15.2-2build2 [611 kB]
Get:141 http://us.archive.ubuntu.com/ubuntu jammy/universe amd64 libshiboken2-dev amd64 5.15.2-2build2 [34.3 kB]
Get:142 http://us.archive.ubuntu.com/ubuntu jammy/universe amd64 libxsimd-dev amd64 7.6.0-2 [108 kB]
Get:143 http://us.archive.ubuntu.com/ubuntu jammy/universe amd64 mesa-utils-bin amd64 8.4.0-1ubuntu1 [53.8 kB]
Get:144 http://us.archive.ubuntu.com/ubuntu jammy/universe amd64 pyqt5-dev all 5.15.6+dfsg-1ubuntu3 [315 kB]
Get:145 http://us.archive.ubuntu.com/ubuntu jammy/universe amd64 python-matplotlib-data all 3.5.1-2build1 [2,942 kB]
Get:146 http://us.archive.ubuntu.com/ubuntu jammy/main amd64 python3-appdirs all 1.4.4-2 [11.4 kB]
Get:147 http://us.archive.ubuntu.com/ubuntu jammy/universe amd64 python3-gast all 0.5.2-2 [9,394 B]
Get:148 http://us.archive.ubuntu.com/ubuntu jammy/universe amd64 python3-beniget all 0.4.1-2 [9,904 B]
Get:149 http://us.archive.ubuntu.com/ubuntu jammy/universe amd64 python3-brotli amd64 1.0.9-2build6 [319 kB]
Get:150 http://us.archive.ubuntu.com/ubuntu jammy/universe amd64 python3-cycler all 0.11.0-1 [8,156 B]
Get:151 http://us.archive.ubuntu.com/ubuntu jammy/main amd64 python3-decorator all 4.4.2-0ubuntu1 [10.3 kB]
Get:152 http://us.archive.ubuntu.com/ubuntu jammy/main amd64 python3-ply all 3.11-5 [47.5 kB]
Get:153 http://us.archive.ubuntu.com/ubuntu jammy/universe amd64 python3-pythran amd64 0.10.0+ds2-1 [423 kB]
Get:154 http://us.archive.ubuntu.com/ubuntu jammy/universe amd64 python3-scipy amd64 1.8.0-1exp2ubuntu1 [14.7 MB]
Get:155 http://us.archive.ubuntu.com/ubuntu jammy/universe amd64 python3-ufolib2 all 0.13.1+dfsg1-1 [32.2 kB]
Get:156 http://us.archive.ubuntu.com/ubuntu jammy/universe amd64 python3-mpmath all 1.2.1-2 [419 kB]
Get:157 http://us.archive.ubuntu.com/ubuntu jammy/universe amd64 python3-sympy all 1.9-1 [4,312 kB]
Get:158 http://us.archive.ubuntu.com/ubuntu jammy/universe amd64 python3-fs all 2.4.12-1 [84.9 kB]
Get:159 http://us.archive.ubuntu.com/ubuntu jammy/universe amd64 python3-lz4 amd64 3.1.3+dfsg-1build3 [33.3 kB]
Get:160 http://us.archive.ubuntu.com/ubuntu jammy/universe amd64 python3-unicodedata2 amd64 14.0.0+ds-8 [376 kB]
Get:161 http://us.archive.ubuntu.com/ubuntu jammy/universe amd64 unicode-data all 14.0.0-1.1 [8,206 kB]
Get:162 http://us.archive.ubuntu.com/ubuntu jammy/universe amd64 python3-fonttools amd64 4.29.1-2build1 [810 kB]
Get:163 http://us.archive.ubuntu.com/ubuntu jammy/universe amd64 python3-kiwisolver amd64 1.3.2-1build1 [48.0 kB]
Get:164 http://us.archive.ubuntu.com/ubuntu jammy-updates/main amd64 python3-tk amd64 3.10.8-1~22.04 [110 kB]
Get:165 http://us.archive.ubuntu.com/ubuntu jammy-updates/universe amd64 python3-pil.imagetk amd64 9.0.1-1ubuntu0.5 [9,620 B]
Get:166 http://us.archive.ubuntu.com/ubuntu jammy/universe amd64 python3-matplotlib amd64 3.5.1-2build1 [5,937 kB]
Get:167 http://us.archive.ubuntu.com/ubuntu jammy/universe amd64 python3-opencv amd64 4.5.4+dfsg-9ubuntu4 [1,790 kB]
Get:168 http://us.archive.ubuntu.com/ubuntu jammy/universe amd64 python3-pyqt5.sip amd64 12.9.1-1build1 [61.1 kB]
Get:169 http://us.archive.ubuntu.com/ubuntu jammy/universe amd64 python3-pyqt5 amd64 5.15.6+dfsg-1ubuntu3 [2,822 kB]
Get:170 http://us.archive.ubuntu.com/ubuntu jammy/universe amd64 python3-pyqt5.qtsvg amd64 5.15.6+dfsg-1ubuntu3 [31.4 kB]
Get:171 http://us.archive.ubuntu.com/ubuntu jammy/universe amd64 python3-pyside2.qtcore amd64 5.15.2-2build2 [1,092 kB]
Get:172 http://us.archive.ubuntu.com/ubuntu jammy/universe amd64 python3-pyside2.qtgui amd64 5.15.2-2build2 [1,150 kB]
Get:173 http://us.archive.ubuntu.com/ubuntu jammy/universe amd64 python3-pyside2.qtwidgets amd64 5.15.2-2build2 [1,914 kB]
Get:174 http://us.archive.ubuntu.com/ubuntu jammy/universe amd64 python3-pyside2.qtsvg amd64 5.15.2-2build2 [56.1 kB]
Get:175 http://us.archive.ubuntu.com/ubuntu jammy/universe amd64 sip-dev amd64 4.19.25+dfsg-3build1 [187 kB]
Get:176 http://us.archive.ubuntu.com/ubuntu jammy/universe amd64 python3-sip-dev amd64 4.19.25+dfsg-3build1 [23.0 kB]
Get:177 http://us.archive.ubuntu.com/ubuntu jammy/universe amd64 tango-icon-theme all 0.8.90-8 [1,157 kB]
Get:178 http://us.archive.ubuntu.com/ubuntu jammy/universe amd64 mesa-utils amd64 8.4.0-1ubuntu1 [1,065 kB]
Get:179 http://us.archive.ubuntu.com/ubuntu jammy/universe amd64 pocketsphinx-en-us all 0.8.0+real5prealpha+1-14ubuntu1 [27.6 MB]
Get:180 http://packages.ros.org/ros2/ubuntu jammy/main amd64 libignition-common4-graphics-dev amd64 4.8.1-1~jammy [8,576 B]
Get:181 http://packages.ros.org/ros2/ubuntu jammy/main amd64 libignition-common4-profiler amd64 4.8.1-1~jammy [24.1 kB]
Get:182 http://packages.ros.org/ros2/ubuntu jammy/main amd64 libignition-common4-profiler-dev amd64 4.8.1-1~jammy [40.5 kB]
Get:183 http://packages.ros.org/ros2/ubuntu jammy/main amd64 libignition-common4-dev amd64 4.8.1-1~jammy [5,248 B]
Get:184 http://packages.ros.org/ros2/ubuntu jammy/main amd64 libignition-msgs8 amd64 8.7.1-1~jammy [709 kB]
Get:185 http://packages.ros.org/ros2/ubuntu jammy/main amd64 libignition-fuel-tools7 amd64 7.3.1-1~jammy [185 kB]
Get:186 http://packages.ros.org/ros2/ubuntu jammy/main amd64 libignition-msgs8-dev amd64 8.7.1-1~jammy [683 kB]
Get:187 http://packages.ros.org/ros2/ubuntu jammy/main amd64 libignition-tools-dev amd64 1.5.0-1~jammy [2,744 B]
Get:188 http://packages.ros.org/ros2/ubuntu jammy/main amd64 libignition-fuel-tools7-dev amd64 7.3.1-1~jammy [28.6 kB]
Get:189 http://packages.ros.org/ros2/ubuntu jammy/main amd64 libignition-plugin amd64 1.4.0-1~jammy [39.3 kB]
Get:190 http://packages.ros.org/ros2/ubuntu jammy/main amd64 libignition-rendering6 amd64 6.6.4-1~jammy [132 kB]
Get:191 http://packages.ros.org/ros2/ubuntu jammy/main amd64 libignition-transport11 amd64 11.4.2-1~jammy [159 kB]
Get:192 http://packages.ros.org/ros2/ubuntu jammy/main amd64 libignition-gui6 amd64 6.9.0-1~jammy [747 kB]
Get:193 http://packages.ros.org/ros2/ubuntu jammy/main amd64 libignition-physics5 amd64 5.4.0-1~jammy [11.9 kB]
Get:194 http://packages.ros.org/ros2/ubuntu jammy/main amd64 sdformat12-sdf all 12.9.0-1~jammy [65.5 kB]
Get:195 http://packages.ros.org/ros2/ubuntu jammy/main amd64 libsdformat12 amd64 12.9.0-1~jammy [597 kB]
Get:196 http://packages.ros.org/ros2/ubuntu jammy/main amd64 libignition-sensors6 amd64 6.9.0-1~jammy [89.4 kB]
Get:197 http://packages.ros.org/ros2/ubuntu jammy/main amd64 libignition-sensors6-air-pressure amd64 6.9.0-1~jammy [48.8 kB]
Get:198 http://packages.ros.org/ros2/ubuntu jammy/main amd64 libignition-sensors6-altimeter amd64 6.9.0-1~jammy [48.4 kB]
Get:199 http://packages.ros.org/ros2/ubuntu jammy/main amd64 libignition-sensors6-rendering amd64 6.9.0-1~jammy [54.8 kB]
Get:200 http://packages.ros.org/ros2/ubuntu jammy/main amd64 libignition-sensors6-camera amd64 6.9.0-1~jammy [67.9 kB]
Get:201 http://packages.ros.org/ros2/ubuntu jammy/main amd64 libignition-sensors6-boundingbox-camera amd64 6.9.0-1~jammy [62.8 kB]
Get:202 http://packages.ros.org/ros2/ubuntu jammy/main amd64 libignition-sensors6-depth-camera amd64 6.9.0-1~jammy [66.9 kB]
Get:203 http://packages.ros.org/ros2/ubuntu jammy/main amd64 libignition-sensors6-force-torque amd64 6.9.0-1~jammy [51.4 kB]
Get:204 http://packages.ros.org/ros2/ubuntu jammy/main amd64 libignition-sensors6-lidar amd64 6.9.0-1~jammy [53.8 kB]
Get:205 http://packages.ros.org/ros2/ubuntu jammy/main amd64 libignition-sensors6-gpu-lidar amd64 6.9.0-1~jammy [56.0 kB]
Get:206 http://packages.ros.org/ros2/ubuntu jammy/main amd64 libignition-sensors6-imu amd64 6.9.0-1~jammy [53.4 kB]
Get:207 http://packages.ros.org/ros2/ubuntu jammy/main amd64 libignition-sensors6-logical-camera amd64 6.9.0-1~jammy [51.6 kB]
Get:208 http://packages.ros.org/ros2/ubuntu jammy/main amd64 libignition-sensors6-magnetometer amd64 6.9.0-1~jammy [49.1 kB]
Get:209 http://packages.ros.org/ros2/ubuntu jammy/main amd64 libignition-sensors6-navsat amd64 6.9.0-1~jammy [48.8 kB]
Get:210 http://packages.ros.org/ros2/ubuntu jammy/main amd64 libignition-sensors6-rgbd-camera amd64 6.9.0-1~jammy [58.7 kB]
Get:211 http://packages.ros.org/ros2/ubuntu jammy/main amd64 libignition-sensors6-segmentation-camera amd64 6.9.0-1~jammy [60.0 kB]
Get:212 http://packages.ros.org/ros2/ubuntu jammy/main amd64 libignition-sensors6-thermal-camera amd64 6.9.0-1~jammy [59.6 kB]
Get:213 http://packages.ros.org/ros2/ubuntu jammy/main amd64 libignition-transport11-log amd64 11.4.2-1~jammy [114 kB]
Get:214 http://packages.ros.org/ros2/ubuntu jammy/main amd64 libignition-transport11-parameters amd64 11.4.2-1~jammy [70.8 kB]
Get:215 http://packages.ros.org/ros2/ubuntu jammy/main amd64 libignition-gazebo6 amd64 6.18.0-1~jammy [7,085 kB]
Get:216 http://packages.ros.org/ros2/ubuntu jammy/main amd64 libignition-utils1-cli-dev amd64 1.5.1-1~jammy [64.6 kB]
Get:217 http://packages.ros.org/ros2/ubuntu jammy/main amd64 libignition-transport11-core-dev amd64 11.4.2-1~jammy [74.7 kB]
Get:218 http://packages.ros.org/ros2/ubuntu jammy/main amd64 libignition-transport11-log-dev amd64 11.4.2-1~jammy [20.2 kB]
Get:219 http://packages.ros.org/ros2/ubuntu jammy/main amd64 libignition-transport11-parameters-dev amd64 11.4.2-1~jammy [11.5 kB]
Get:220 http://packages.ros.org/ros2/ubuntu jammy/main amd64 ignition-transport11-cli amd64 11.4.2-1~jammy [171 kB]
Get:221 http://packages.ros.org/ros2/ubuntu jammy/main amd64 libignition-transport11-dev amd64 11.4.2-1~jammy [6,304 B]
Get:222 http://packages.ros.org/ros2/ubuntu jammy/main amd64 libignition-plugin-dev amd64 1.4.0-1~jammy [168 kB]
Get:223 http://packages.ros.org/ros2/ubuntu jammy/main amd64 libignition-math6-eigen3-dev amd64 6.16.0-1~jammy [10.1 kB]
Get:224 http://packages.ros.org/ros2/ubuntu jammy/main amd64 libignition-rendering6-core-dev amd64 6.6.4-1~jammy [203 kB]
Get:225 http://packages.ros.org/ros2/ubuntu jammy/main amd64 libignition-rendering6-ogre1 amd64 6.6.4-1~jammy [449 kB]
Get:226 http://packages.ros.org/ros2/ubuntu jammy/main amd64 libignition-rendering6-ogre1-dev amd64 6.6.4-1~jammy [614 kB]
Get:227 http://packages.ros.org/ros2/ubuntu jammy/main amd64 libignition-gui6-dev amd64 6.9.0-1~jammy [38.9 kB]
Get:228 http://packages.ros.org/ros2/ubuntu jammy/main amd64 libignition-physics5-core-dev amd64 5.4.0-1~jammy [79.5 kB]
Get:229 http://packages.ros.org/ros2/ubuntu jammy/main amd64 libsdformat12-dev amd64 12.9.0-1~jammy [68.2 kB]
Get:230 http://packages.ros.org/ros2/ubuntu jammy/main amd64 libignition-physics5-sdf-dev amd64 5.4.0-1~jammy [8,276 B]
Get:231 http://packages.ros.org/ros2/ubuntu jammy/main amd64 libignition-physics5-mesh-dev amd64 5.4.0-1~jammy [7,468 B]
Get:232 http://packages.ros.org/ros2/ubuntu jammy/main amd64 libignition-physics5-bullet amd64 5.4.0-1~jammy [115 kB]
Get:233 http://packages.ros.org/ros2/ubuntu jammy/main amd64 libignition-physics5-bullet-dev amd64 5.4.0-1~jammy [8,304 B]
Get:234 http://packages.ros.org/ros2/ubuntu jammy/main amd64 libignition-physics5-heightmap-dev amd64 5.4.0-1~jammy [7,616 B]
Get:235 http://packages.ros.org/ros2/ubuntu jammy/main amd64 libignition-physics5-dartsim amd64 5.4.0-1~jammy [244 kB]
Get:236 http://packages.ros.org/ros2/ubuntu jammy/main amd64 libignition-physics5-dartsim-dev amd64 5.4.0-1~jammy [9,012 B]
Get:237 http://packages.ros.org/ros2/ubuntu jammy/main amd64 libignition-physics5-tpelib amd64 5.4.0-1~jammy [86.9 kB]
Get:238 http://packages.ros.org/ros2/ubuntu jammy/main amd64 libignition-physics5-tpe amd64 5.4.0-1~jammy [123 kB]
Get:239 http://packages.ros.org/ros2/ubuntu jammy/main amd64 libignition-physics5-tpe-dev amd64 5.4.0-1~jammy [8,404 B]
Get:240 http://packages.ros.org/ros2/ubuntu jammy/main amd64 libignition-physics5-tpelib-dev amd64 5.4.0-1~jammy [7,768 B]
Get:241 http://packages.ros.org/ros2/ubuntu jammy/main amd64 libignition-physics5-dev amd64 5.4.0-1~jammy [5,204 B]
Get:242 http://packages.ros.org/ros2/ubuntu jammy/main amd64 libignition-rendering6-ogre2 amd64 6.6.4-1~jammy [534 kB]
Get:243 http://packages.ros.org/ros2/ubuntu jammy/main amd64 libignition-rendering6-ogre2-dev amd64 6.6.4-1~jammy [1,108 kB]
Get:244 http://packages.ros.org/ros2/ubuntu jammy/main amd64 libignition-sensors6-core-dev amd64 6.9.0-1~jammy [22.0 kB]
Get:245 http://packages.ros.org/ros2/ubuntu jammy/main amd64 libignition-sensors6-air-pressure-dev amd64 6.9.0-1~jammy [13.0 kB]
Get:246 http://packages.ros.org/ros2/ubuntu jammy/main amd64 libignition-sensors6-altimeter-dev amd64 6.9.0-1~jammy [13.1 kB]
Get:247 http://packages.ros.org/ros2/ubuntu jammy/main amd64 libignition-sensors6-boundingbox-camera-dev amd64 6.9.0-1~jammy [13.4 kB]
Get:248 http://packages.ros.org/ros2/ubuntu jammy/main amd64 libignition-sensors6-camera-dev amd64 6.9.0-1~jammy [13.9 kB]
Get:249 http://packages.ros.org/ros2/ubuntu jammy/main amd64 libignition-sensors6-depth-camera-dev amd64 6.9.0-1~jammy [13.9 kB]
Get:250 http://packages.ros.org/ros2/ubuntu jammy/main amd64 libignition-sensors6-force-torque-dev amd64 6.9.0-1~jammy [13.2 kB]
Get:251 http://packages.ros.org/ros2/ubuntu jammy/main amd64 libignition-sensors6-imu-dev amd64 6.9.0-1~jammy [13.8 kB]
Get:252 http://packages.ros.org/ros2/ubuntu jammy/main amd64 libignition-sensors6-lidar-dev amd64 6.9.0-1~jammy [14.6 kB]
Get:253 http://packages.ros.org/ros2/ubuntu jammy/main amd64 libignition-sensors6-gpu-lidar-dev amd64 6.9.0-1~jammy [13.7 kB]
Get:254 http://packages.ros.org/ros2/ubuntu jammy/main amd64 libignition-sensors6-logical-camera-dev amd64 6.9.0-1~jammy [13.5 kB]
Get:255 http://packages.ros.org/ros2/ubuntu jammy/main amd64 libignition-sensors6-magnetometer-dev amd64 6.9.0-1~jammy [13.0 kB]
Get:256 http://packages.ros.org/ros2/ubuntu jammy/main amd64 libignition-sensors6-navsat-dev amd64 6.9.0-1~jammy [13.3 kB]
Get:257 http://packages.ros.org/ros2/ubuntu jammy/main amd64 libignition-sensors6-rendering-dev amd64 6.9.0-1~jammy [13.4 kB]
Get:258 http://packages.ros.org/ros2/ubuntu jammy/main amd64 libignition-sensors6-rgbd-camera-dev amd64 6.9.0-1~jammy [13.3 kB]
Get:259 http://packages.ros.org/ros2/ubuntu jammy/main amd64 libignition-sensors6-segmentation-camera-dev amd64 6.9.0-1~jammy [13.6 kB]
Get:260 http://packages.ros.org/ros2/ubuntu jammy/main amd64 libignition-sensors6-thermal-camera-dev amd64 6.9.0-1~jammy [14.0 kB]
Get:261 http://packages.ros.org/ros2/ubuntu jammy/main amd64 libignition-sensors6-dev amd64 6.9.0-1~jammy [9,856 B]
Get:262 http://packages.ros.org/ros2/ubuntu jammy/main amd64 libignition-rendering6-dev amd64 6.6.4-1~jammy [5,316 B]
Get:263 http://packages.ros.org/ros2/ubuntu jammy/main amd64 libignition-gazebo6-plugins amd64 6.18.0-1~jammy [3,953 kB]
Get:264 http://packages.ros.org/ros2/ubuntu jammy/main amd64 libignition-gazebo6-dev amd64 6.18.0-1~jammy [139 kB]
Get:265 http://packages.ros.org/ros2/ubuntu jammy/main amd64 ros-humble-actuator-msgs amd64 0.0.1-1jammy.20260907.213631 [89.3 kB]
Get:266 http://packages.ros.org/ros2/ubuntu jammy/main amd64 ros-humble-cv-bridge amd64 3.2.1-1jammy.20260907.220118 [110 kB]
Get:267 http://packages.ros.org/ros2/ubuntu jammy/main amd64 ros-humble-compressed-depth-image-transport amd64 2.5.5-1jammy.20260908.002700 [121 kB]
Get:268 http://packages.ros.org/ros2/ubuntu jammy/main amd64 ros-humble-compressed-image-transport amd64 2.5.5-1jammy.20260908.002726 [130 kB]
Get:269 http://packages.ros.org/ros2/ubuntu jammy/main amd64 ros-humble-gps-msgs amd64 3.1.1-1jammy.20260907.210349 [74.0 kB]
Get:270 http://packages.ros.org/ros2/ubuntu jammy/main amd64 ros-humble-theora-image-transport amd64 2.5.5-1jammy.20260907.230003 [214 kB]
Get:271 http://packages.ros.org/ros2/ubuntu jammy/main amd64 ros-humble-image-transport-plugins amd64 2.5.5-1jammy.20260908.011646 [6,664 B]
Get:272 http://packages.ros.org/ros2/ubuntu jammy/main amd64 ros-humble-python-qt-binding amd64 1.1.3-1jammy.20260304.202555 [17.0 kB]
Get:273 http://packages.ros.org/ros2/ubuntu jammy/main amd64 ros-humble-tango-icons-vendor amd64 0.1.1-3jammy.20260304.202920 [5,898 B]
Get:274 http://packages.ros.org/ros2/ubuntu jammy/main amd64 ros-humble-qt-gui amd64 2.2.5-1jammy.20260330.190956 [55.6 kB]
Get:275 http://packages.ros.org/ros2/ubuntu jammy/main amd64 ros-humble-qt-gui-cpp amd64 2.2.5-1jammy.20260907.200410 [336 kB]
Get:276 http://packages.ros.org/ros2/ubuntu jammy/main amd64 ros-humble-qt-gui-py-common amd64 2.2.5-1jammy.20260330.190941 [11.6 kB]
Get:277 http://packages.ros.org/ros2/ubuntu jammy/main amd64 ros-humble-ros-gz-interfaces amd64 0.244.26-1jammy.20260907.212004 [274 kB]
Get:278 http://packages.ros.org/ros2/ubuntu jammy/main amd64 ros-humble-vision-msgs amd64 4.1.1-1jammy.20260907.212457 [156 kB]
Get:279 http://packages.ros.org/ros2/ubuntu jammy/main amd64 ros-humble-ros-gz-bridge amd64 0.244.26-1jammy.20260907.225444 [3,566 kB]
Get:280 http://packages.ros.org/ros2/ubuntu jammy/main amd64 ros-humble-ros-gz-image amd64 0.244.26-1jammy.20260908.001804 [55.9 kB]
Get:281 http://packages.ros.org/ros2/ubuntu jammy/main amd64 ros-humble-ros-gz-sim amd64 0.244.26-1jammy.20260907.235058 [276 kB]
Get:282 http://packages.ros.org/ros2/ubuntu jammy/main amd64 ros-humble-rqt-gui amd64 1.1.10-2jammy.20260907.220854 [96.8 kB]
Get:283 http://packages.ros.org/ros2/ubuntu jammy/main amd64 ros-humble-rqt-gui-cpp amd64 1.1.10-2jammy.20260907.223131 [110 kB]
Get:284 http://packages.ros.org/ros2/ubuntu jammy/main amd64 ros-humble-rqt-image-view amd64 1.2.0-2jammy.20260907.230654 [176 kB]
Get:285 http://packages.ros.org/ros2/ubuntu jammy/main amd64 ros-humble-rqt-gui-py amd64 1.1.10-2jammy.20260908.003049 [8,636 B]
Get:286 http://packages.ros.org/ros2/ubuntu jammy/main amd64 ros-humble-rqt-py-common amd64 1.1.10-2jammy.20260907.214248 [23.8 kB]
Get:287 http://packages.ros.org/ros2/ubuntu jammy/main amd64 ros-humble-rqt-plot amd64 1.1.5-1jammy.20260908.003815 [43.6 kB]
Get:288 http://packages.ros.org/ros2/ubuntu jammy/main amd64 ros-humble-rqt-topic amd64 1.5.1-1jammy.20260908.003931 [20.5 kB]
Get:289 http://packages.ros.org/ros2/ubuntu jammy/main amd64 ros-humble-sdformat-urdf amd64 1.0.1-1jammy.20260907.200150 [93.8 kB]
Get:290 http://packages.ros.org/ros2/ubuntu jammy/main amd64 ros-humble-xacro amd64 2.1.1-1jammy.20260304.195513 [37.8 kB]
Get:291 http://packages.ros.org/ros2/ubuntu jammy/main amd64 ros-humble-ros-gz-sim-demos amd64 0.244.26-1jammy.20260908.015343 [21.5 kB]
Get:292 http://packages.ros.org/ros2/ubuntu jammy/main amd64 ros-humble-ros-gz amd64 0.244.26-1jammy.20260908.015605 [7,078 B]
Fetched 161 MB in 19min 27s (138 kB/s)
Selecting previously unselected package fonts-lato.
(Reading database ... 
(Reading database ... 5%
(Reading database ... 10%
(Reading database ... 15%
(Reading database ... 20%
(Reading database ... 25%
(Reading database ... 30%
(Reading database ... 35%
(Reading database ... 40%
(Reading database ... 45%
(Reading database ... 50%
(Reading database ... 55%
(Reading database ... 60%
(Reading database ... 65%
(Reading database ... 70%
(Reading database ... 75%
(Reading database ... 80%
(Reading database ... 85%
(Reading database ... 90%
(Reading database ... 95%
(Reading database ... 100%
(Reading database ... 284247 files and directories currently installed.)
Preparing to unpack .../000-fonts-lato_2.0-2.1_all.deb ...
Unpacking fonts-lato (2.0-2.1) ...
Selecting previously unselected package qml-module-qtquick-window2:amd64.
Preparing to unpack .../001-qml-module-qtquick-window2_5.15.3+dfsg-1_amd64.deb ...
Unpacking qml-module-qtquick-window2:amd64 (5.15.3+dfsg-1) ...
Selecting previously unselected package qml-module-qtquick2:amd64.
Preparing to unpack .../002-qml-module-qtquick2_5.15.3+dfsg-1_amd64.deb ...
Unpacking qml-module-qtquick2:amd64 (5.15.3+dfsg-1) ...
Selecting previously unselected package qml-module-qtgraphicaleffects:amd64.
Preparing to unpack .../003-qml-module-qtgraphicaleffects_5.15.3-1_amd64.deb ...
Unpacking qml-module-qtgraphicaleffects:amd64 (5.15.3-1) ...
Selecting previously unselected package qml-module-qtqml:amd64.
Preparing to unpack .../004-qml-module-qtqml_5.15.3+dfsg-1_amd64.deb ...
Unpacking qml-module-qtqml:amd64 (5.15.3+dfsg-1) ...
Selecting previously unselected package qml-module-qtqml-models2:amd64.
Preparing to unpack .../005-qml-module-qtqml-models2_5.15.3+dfsg-1_amd64.deb ...
Unpacking qml-module-qtqml-models2:amd64 (5.15.3+dfsg-1) ...
Selecting previously unselected package qml-module-qtquick-layouts:amd64.
Preparing to unpack .../006-qml-module-qtquick-layouts_5.15.3+dfsg-1_amd64.deb ...
Unpacking qml-module-qtquick-layouts:amd64 (5.15.3+dfsg-1) ...
Selecting previously unselected package qml-module-qtquick-controls:amd64.
Preparing to unpack .../007-qml-module-qtquick-controls_5.15.3-1_amd64.deb ...
Unpacking qml-module-qtquick-controls:amd64 (5.15.3-1) ...
Selecting previously unselected package tk8.6-blt2.5.
Preparing to unpack .../008-tk8.6-blt2.5_2.5.3+dfsg-4.1build2_amd64.deb ...
Unpacking tk8.6-blt2.5 (2.5.3+dfsg-4.1build2) ...
Selecting previously unselected package blt.
Preparing to unpack .../009-blt_2.5.3+dfsg-4.1build2_amd64.deb ...
Unpacking blt (2.5.3+dfsg-4.1build2) ...
Selecting previously unselected package fonts-lyx.
Preparing to unpack .../010-fonts-lyx_2.3.6-1_all.deb ...
Unpacking fonts-lyx (2.3.6-1) ...
Selecting previously unselected package rubygems-integration.
Preparing to unpack .../011-rubygems-integration_1.18_all.deb ...
Unpacking rubygems-integration (1.18) ...
Selecting previously unselected package rake.
Preparing to unpack .../012-rake_13.0.6-2_all.deb ...
Unpacking rake (13.0.6-2) ...
Selecting previously unselected package ruby-net-telnet.
Preparing to unpack .../013-ruby-net-telnet_0.1.1-2_all.deb ...
Unpacking ruby-net-telnet (0.1.1-2) ...
Selecting previously unselected package ruby-webrick.
Preparing to unpack .../014-ruby-webrick_1.7.0-3ubuntu0.2_all.deb ...
Unpacking ruby-webrick (1.7.0-3ubuntu0.2) ...
Selecting previously unselected package ruby-xmlrpc.
Preparing to unpack .../015-ruby-xmlrpc_0.3.2-1ubuntu0.1_all.deb ...
Unpacking ruby-xmlrpc (0.3.2-1ubuntu0.1) ...
Selecting previously unselected package libruby3.0:amd64.
Preparing to unpack .../016-libruby3.0_3.0.2-7ubuntu2.13_amd64.deb ...
Unpacking libruby3.0:amd64 (3.0.2-7ubuntu2.13) ...
Selecting previously unselected package ruby3.0.
Preparing to unpack .../017-ruby3.0_3.0.2-7ubuntu2.13_amd64.deb ...
Unpacking ruby3.0 (3.0.2-7ubuntu2.13) ...
Selecting previously unselected package ruby-rubygems.
Preparing to unpack .../018-ruby-rubygems_3.3.5-2ubuntu1.2_all.deb ...
Unpacking ruby-rubygems (3.3.5-2ubuntu1.2) ...
Selecting previously unselected package ruby.
Preparing to unpack .../019-ruby_1%3a3.0~exp1_amd64.deb ...
Unpacking ruby (1:3.0~exp1) ...
Selecting previously unselected package ignition-tools:amd64.
Preparing to unpack .../020-ignition-tools_1.5.0-1~jammy_amd64.deb ...
Unpacking ignition-tools:amd64 (1.5.0-1~jammy) ...
Selecting previously unselected package libass9:amd64.
Preparing to unpack .../021-libass9_1%3a0.15.2-1_amd64.deb ...
Unpacking libass9:amd64 (1:0.15.2-1) ...
Selecting previously unselected package libbs2b0:amd64.
Preparing to unpack .../022-libbs2b0_3.1.0+dfsg-2.2build1_amd64.deb ...
Unpacking libbs2b0:amd64 (3.1.0+dfsg-2.2build1) ...
Selecting previously unselected package libflite1:amd64.
Preparing to unpack .../023-libflite1_2.2-3_amd64.deb ...
Unpacking libflite1:amd64 (2.2-3) ...
Selecting previously unselected package libserd-0-0:amd64.
Preparing to unpack .../024-libserd-0-0_0.30.10-2_amd64.deb ...
Unpacking libserd-0-0:amd64 (0.30.10-2) ...
Selecting previously unselected package libsord-0-0:amd64.
Preparing to unpack .../025-libsord-0-0_0.16.8-2_amd64.deb ...
Unpacking libsord-0-0:amd64 (0.16.8-2) ...
Selecting previously unselected package libsratom-0-0:amd64.
Preparing to unpack .../026-libsratom-0-0_0.6.8-1_amd64.deb ...
Unpacking libsratom-0-0:amd64 (0.6.8-1) ...
Selecting previously unselected package liblilv-0-0:amd64.
Preparing to unpack .../027-liblilv-0-0_0.24.12-2_amd64.deb ...
Unpacking liblilv-0-0:amd64 (0.24.12-2) ...
Selecting previously unselected package libmysofa1:amd64.
Preparing to unpack .../028-libmysofa1_1.2.1~dfsg0-1_amd64.deb ...
Unpacking libmysofa1:amd64 (1.2.1~dfsg0-1) ...
Selecting previously unselected package libsphinxbase3:amd64.
Preparing to unpack .../029-libsphinxbase3_0.8+5prealpha+1-13build1_amd64.deb ...
Unpacking libsphinxbase3:amd64 (0.8+5prealpha+1-13build1) ...
Selecting previously unselected package libpocketsphinx3:amd64.
Preparing to unpack .../030-libpocketsphinx3_0.8.0+real5prealpha+1-14ubuntu1_amd64.deb ...
Unpacking libpocketsphinx3:amd64 (0.8.0+real5prealpha+1-14ubuntu1) ...
Selecting previously unselected package libpostproc55:amd64.
Preparing to unpack .../031-libpostproc55_7%3a4.4.2-0ubuntu0.22.04.1_amd64.deb ...
Unpacking libpostproc55:amd64 (7:4.4.2-0ubuntu0.22.04.1) ...
Selecting previously unselected package librubberband2:amd64.
Preparing to unpack .../032-librubberband2_2.0.0-2_amd64.deb ...
Unpacking librubberband2:amd64 (2.0.0-2) ...
Selecting previously unselected package libvidstab1.1:amd64.
Preparing to unpack .../033-libvidstab1.1_1.1.0-2_amd64.deb ...
Unpacking libvidstab1.1:amd64 (1.1.0-2) ...
Selecting previously unselected package libzimg2:amd64.
Preparing to unpack .../034-libzimg2_3.0.3+ds1-1_amd64.deb ...
Unpacking libzimg2:amd64 (3.0.3+ds1-1) ...
Selecting previously unselected package libavfilter7:amd64.
Preparing to unpack .../035-libavfilter7_7%3a4.4.2-0ubuntu0.22.04.1_amd64.deb ...
Unpacking libavfilter7:amd64 (7:4.4.2-0ubuntu0.22.04.1) ...
Selecting previously unselected package libopenal-data.
Preparing to unpack .../036-libopenal-data_1%3a1.19.1-2build3_all.deb ...
Unpacking libopenal-data (1:1.19.1-2build3) ...
Selecting previously unselected package libsndio7.0:amd64.
Preparing to unpack .../037-libsndio7.0_1.8.1-1.1_amd64.deb ...
Unpacking libsndio7.0:amd64 (1.8.1-1.1) ...
Selecting previously unselected package libopenal1:amd64.
Preparing to unpack .../038-libopenal1_1%3a1.19.1-2build3_amd64.deb ...
Unpacking libopenal1:amd64 (1:1.19.1-2build3) ...
Selecting previously unselected package libdecor-0-0:amd64.
Preparing to unpack .../039-libdecor-0-0_0.1.0-3build1_amd64.deb ...
Unpacking libdecor-0-0:amd64 (0.1.0-3build1) ...
Selecting previously unselected package libsdl2-2.0-0:amd64.
Preparing to unpack .../040-libsdl2-2.0-0_2.0.20+dfsg-2ubuntu1.22.04.1_amd64.deb ...
Unpacking libsdl2-2.0-0:amd64 (2.0.20+dfsg-2ubuntu1.22.04.1) ...
Selecting previously unselected package libavdevice58:amd64.
Preparing to unpack .../041-libavdevice58_7%3a4.4.2-0ubuntu0.22.04.1_amd64.deb ...
Unpacking libavdevice58:amd64 (7:4.4.2-0ubuntu0.22.04.1) ...
Selecting previously unselected package libpostproc-dev:amd64.
Preparing to unpack .../042-libpostproc-dev_7%3a4.4.2-0ubuntu0.22.04.1_amd64.deb ...
Unpacking libpostproc-dev:amd64 (7:4.4.2-0ubuntu0.22.04.1) ...
Selecting previously unselected package libavfilter-dev:amd64.
Preparing to unpack .../043-libavfilter-dev_7%3a4.4.2-0ubuntu0.22.04.1_amd64.deb ...
Unpacking libavfilter-dev:amd64 (7:4.4.2-0ubuntu0.22.04.1) ...
Selecting previously unselected package libavdevice-dev:amd64.
Preparing to unpack .../044-libavdevice-dev_7%3a4.4.2-0ubuntu0.22.04.1_amd64.deb ...
Unpacking libavdevice-dev:amd64 (7:4.4.2-0ubuntu0.22.04.1) ...
Selecting previously unselected package libdart-external-odelcpsolver6.12:amd64.
Preparing to unpack .../045-libdart-external-odelcpsolver6.12_6.12.1+dfsg4-11build2_amd64.deb ...
Unpacking libdart-external-odelcpsolver6.12:amd64 (6.12.1+dfsg4-11build2) ...
Selecting previously unselected package libccd2:amd64.
Preparing to unpack .../046-libccd2_2.1-2_amd64.deb ...
Unpacking libccd2:amd64 (2.1-2) ...
Selecting previously unselected package liboctomap1.9:amd64.
Preparing to unpack .../047-liboctomap1.9_1.9.7+dfsg-3_amd64.deb ...
Unpacking liboctomap1.9:amd64 (1.9.7+dfsg-3) ...
Selecting previously unselected package libfcl0.7:amd64.
Preparing to unpack .../048-libfcl0.7_0.7.0-3_amd64.deb ...
Unpacking libfcl0.7:amd64 (0.7.0-3) ...
Selecting previously unselected package libdart6.12:amd64.
Preparing to unpack .../049-libdart6.12_6.12.1+dfsg4-11build2_amd64.deb ...
Unpacking libdart6.12:amd64 (6.12.1+dfsg4-11build2) ...
Selecting previously unselected package libccd-dev:amd64.
Preparing to unpack .../050-libccd-dev_2.1-2_amd64.deb ...
Unpacking libccd-dev:amd64 (2.1-2) ...
Selecting previously unselected package liboctomap-dev:amd64.
Preparing to unpack .../051-liboctomap-dev_1.9.7+dfsg-3_amd64.deb ...
Unpacking liboctomap-dev:amd64 (1.9.7+dfsg-3) ...
Selecting previously unselected package libfcl-dev:amd64.
Preparing to unpack .../052-libfcl-dev_0.7.0-3_amd64.deb ...
Unpacking libfcl-dev:amd64 (0.7.0-3) ...
Selecting previously unselected package libdart-external-odelcpsolver-dev:amd64.
Preparing to unpack .../053-libdart-external-odelcpsolver-dev_6.12.1+dfsg4-11build2_amd64.deb ...
Unpacking libdart-external-odelcpsolver-dev:amd64 (6.12.1+dfsg4-11build2) ...
Selecting previously unselected package libdart-external-convhull-3d-dev:amd64.
Preparing to unpack .../054-libdart-external-convhull-3d-dev_6.12.1+dfsg4-11build2_amd64.deb ...
Unpacking libdart-external-convhull-3d-dev:amd64 (6.12.1+dfsg4-11build2) ...
Selecting previously unselected package libdart-dev:amd64.
Preparing to unpack .../055-libdart-dev_6.12.1+dfsg4-11build2_amd64.deb ...
Unpacking libdart-dev:amd64 (6.12.1+dfsg4-11build2) ...
Selecting previously unselected package libdart-collision-bullet6.12:amd64.
Preparing to unpack .../056-libdart-collision-bullet6.12_6.12.1+dfsg4-11build2_amd64.deb ...
Unpacking libdart-collision-bullet6.12:amd64 (6.12.1+dfsg4-11build2) ...
Selecting previously unselected package libdart-collision-bullet-dev:amd64.
Preparing to unpack .../057-libdart-collision-bullet-dev_6.12.1+dfsg4-11build2_amd64.deb ...
Unpacking libdart-collision-bullet-dev:amd64 (6.12.1+dfsg4-11build2) ...
Selecting previously unselected package libode8.
Preparing to unpack .../058-libode8_2%3a0.16.2-1_amd64.deb ...
Unpacking libode8 (2:0.16.2-1) ...
Selecting previously unselected package libdart-collision-ode6.12:amd64.
Preparing to unpack .../059-libdart-collision-ode6.12_6.12.1+dfsg4-11build2_amd64.deb ...
Unpacking libdart-collision-ode6.12:amd64 (6.12.1+dfsg4-11build2) ...
Selecting previously unselected package libode-dev.
Preparing to unpack .../060-libode-dev_2%3a0.16.2-1_amd64.deb ...
Unpacking libode-dev (2:0.16.2-1) ...
Selecting previously unselected package libdart-collision-ode-dev:amd64.
Preparing to unpack .../061-libdart-collision-ode-dev_6.12.1+dfsg4-11build2_amd64.deb ...
Unpacking libdart-collision-ode-dev:amd64 (6.12.1+dfsg4-11build2) ...
Selecting previously unselected package libdart-external-ikfast-dev:amd64.
Preparing to unpack .../062-libdart-external-ikfast-dev_6.12.1+dfsg4-11build2_amd64.deb ...
Unpacking libdart-external-ikfast-dev:amd64 (6.12.1+dfsg4-11build2) ...
Selecting previously unselected package libdart-utils6.12:amd64.
Preparing to unpack .../063-libdart-utils6.12_6.12.1+dfsg4-11build2_amd64.deb ...
Unpacking libdart-utils6.12:amd64 (6.12.1+dfsg4-11build2) ...
Selecting previously unselected package liburdfdom-headers-dev.
Preparing to unpack .../064-liburdfdom-headers-dev_1.0.5-3_all.deb ...
Unpacking liburdfdom-headers-dev (1.0.5-3) ...
Selecting previously unselected package liburdfdom-model3.0:amd64.
Preparing to unpack .../065-liburdfdom-model3.0_3.0.1-1_amd64.deb ...
Unpacking liburdfdom-model3.0:amd64 (3.0.1-1) ...
Selecting previously unselected package liburdfdom-model-state3.0:amd64.
Preparing to unpack .../066-liburdfdom-model-state3.0_3.0.1-1_amd64.deb ...
Unpacking liburdfdom-model-state3.0:amd64 (3.0.1-1) ...
Selecting previously unselected package liburdfdom-sensor3.0:amd64.
Preparing to unpack .../067-liburdfdom-sensor3.0_3.0.1-1_amd64.deb ...
Unpacking liburdfdom-sensor3.0:amd64 (3.0.1-1) ...
Selecting previously unselected package liburdfdom-world3.0:amd64.
Preparing to unpack .../068-liburdfdom-world3.0_3.0.1-1_amd64.deb ...
Unpacking liburdfdom-world3.0:amd64 (3.0.1-1) ...
Selecting previously unselected package liburdfdom-dev:amd64.
Preparing to unpack .../069-liburdfdom-dev_3.0.1-1_amd64.deb ...
Unpacking liburdfdom-dev:amd64 (3.0.1-1) ...
Selecting previously unselected package libdart-utils-dev:amd64.
Preparing to unpack .../070-libdart-utils-dev_6.12.1+dfsg4-11build2_amd64.deb ...
Unpacking libdart-utils-dev:amd64 (6.12.1+dfsg4-11build2) ...
Selecting previously unselected package libdart-utils-urdf6.12:amd64.
Preparing to unpack .../071-libdart-utils-urdf6.12_6.12.1+dfsg4-11build2_amd64.deb ...
Unpacking libdart-utils-urdf6.12:amd64 (6.12.1+dfsg4-11build2) ...
Selecting previously unselected package libdart-utils-urdf-dev:amd64.
Preparing to unpack .../072-libdart-utils-urdf-dev_6.12.1+dfsg4-11build2_amd64.deb ...
Unpacking libdart-utils-urdf-dev:amd64 (6.12.1+dfsg4-11build2) ...
Selecting previously unselected package libdecor-0-plugin-1-cairo:amd64.
Preparing to unpack .../073-libdecor-0-plugin-1-cairo_0.1.0-3build1_amd64.deb ...
Unpacking libdecor-0-plugin-1-cairo:amd64 (0.1.0-3build1) ...
Selecting previously unselected package libgflags2.2.
Preparing to unpack .../074-libgflags2.2_2.2.2-2_amd64.deb ...
Unpacking libgflags2.2 (2.2.2-2) ...
Selecting previously unselected package libgflags-dev.
Preparing to unpack .../075-libgflags-dev_2.2.2-2_amd64.deb ...
Unpacking libgflags-dev (2.2.2-2) ...
Selecting previously unselected package libffi-dev:amd64.
Preparing to unpack .../076-libffi-dev_3.4.2-4_amd64.deb ...
Unpacking libffi-dev:amd64 (3.4.2-4) ...
Selecting previously unselected package libglib2.0-dev-bin.
Preparing to unpack .../077-libglib2.0-dev-bin_2.72.4-0ubuntu2.10_amd64.deb ...
Unpacking libglib2.0-dev-bin (2.72.4-0ubuntu2.10) ...
Selecting previously unselected package libblkid-dev:amd64.
Preparing to unpack .../078-libblkid-dev_2.37.2-4ubuntu3.6_amd64.deb ...
Unpacking libblkid-dev:amd64 (2.37.2-4ubuntu3.6) ...
Selecting previously unselected package libsepol-dev:amd64.
Preparing to unpack .../079-libsepol-dev_3.3-1build1_amd64.deb ...
Unpacking libsepol-dev:amd64 (3.3-1build1) ...
Selecting previously unselected package libselinux1-dev:amd64.
Preparing to unpack .../080-libselinux1-dev_3.3-1build2_amd64.deb ...
Unpacking libselinux1-dev:amd64 (3.3-1build2) ...
Selecting previously unselected package libmount-dev:amd64.
Preparing to unpack .../081-libmount-dev_2.37.2-4ubuntu3.6_amd64.deb ...
Unpacking libmount-dev:amd64 (2.37.2-4ubuntu3.6) ...
Selecting previously unselected package libpcre16-3:amd64.
Preparing to unpack .../082-libpcre16-3_2%3a8.39-13ubuntu0.22.04.1_amd64.deb ...
Unpacking libpcre16-3:amd64 (2:8.39-13ubuntu0.22.04.1) ...
Selecting previously unselected package libpcre32-3:amd64.
Preparing to unpack .../083-libpcre32-3_2%3a8.39-13ubuntu0.22.04.1_amd64.deb ...
Unpacking libpcre32-3:amd64 (2:8.39-13ubuntu0.22.04.1) ...
Selecting previously unselected package libpcrecpp0v5:amd64.
Preparing to unpack .../084-libpcrecpp0v5_2%3a8.39-13ubuntu0.22.04.1_amd64.deb ...
Unpacking libpcrecpp0v5:amd64 (2:8.39-13ubuntu0.22.04.1) ...
Selecting previously unselected package libpcre3-dev:amd64.
Preparing to unpack .../085-libpcre3-dev_2%3a8.39-13ubuntu0.22.04.1_amd64.deb ...
Unpacking libpcre3-dev:amd64 (2:8.39-13ubuntu0.22.04.1) ...
Selecting previously unselected package libglib2.0-dev:amd64.
Preparing to unpack .../086-libglib2.0-dev_2.72.4-0ubuntu2.10_amd64.deb ...
Unpacking libglib2.0-dev:amd64 (2.72.4-0ubuntu2.10) ...
Selecting previously unselected package libgts-dev:amd64.
Preparing to unpack .../087-libgts-dev_0.7.6+darcs121130-5_amd64.deb ...
Unpacking libgts-dev:amd64 (0.7.6+darcs121130-5) ...
Selecting previously unselected package libignition-common4:amd64.
Preparing to unpack .../088-libignition-common4_4.8.1-1~jammy_amd64.deb ...
Unpacking libignition-common4:amd64 (4.8.1-1~jammy) ...
Selecting previously unselected package libignition-common4-av:amd64.
Preparing to unpack .../089-libignition-common4-av_4.8.1-1~jammy_amd64.deb ...
Unpacking libignition-common4-av:amd64 (4.8.1-1~jammy) ...
Selecting previously unselected package libignition-utils1:amd64.
Preparing to unpack .../090-libignition-utils1_1.5.1-1~jammy_amd64.deb ...
Unpacking libignition-utils1:amd64 (1.5.1-1~jammy) ...
Selecting previously unselected package libignition-utils1-dev:amd64.
Preparing to unpack .../091-libignition-utils1-dev_1.5.1-1~jammy_amd64.deb ...
Unpacking libignition-utils1-dev:amd64 (1.5.1-1~jammy) ...
Selecting previously unselected package libignition-common4-core-dev:amd64.
Preparing to unpack .../092-libignition-common4-core-dev_4.8.1-1~jammy_amd64.deb ...
Unpacking libignition-common4-core-dev:amd64 (4.8.1-1~jammy) ...
Selecting previously unselected package libignition-common4-av-dev:amd64.
Preparing to unpack .../093-libignition-common4-av-dev_4.8.1-1~jammy_amd64.deb ...
Unpacking libignition-common4-av-dev:amd64 (4.8.1-1~jammy) ...
Selecting previously unselected package libignition-common4-events:amd64.
Preparing to unpack .../094-libignition-common4-events_4.8.1-1~jammy_amd64.deb ...
Unpacking libignition-common4-events:amd64 (4.8.1-1~jammy) ...
Selecting previously unselected package libignition-common4-events-dev:amd64.
Preparing to unpack .../095-libignition-common4-events-dev_4.8.1-1~jammy_amd64.deb ...
Unpacking libignition-common4-events-dev:amd64 (4.8.1-1~jammy) ...
Selecting previously unselected package libjxr0:amd64.
Preparing to unpack .../096-libjxr0_1.2~git20170615.f752187-5_amd64.deb ...
Unpacking libjxr0:amd64 (1.2~git20170615.f752187-5) ...
Selecting previously unselected package libfreeimage3:amd64.
Preparing to unpack .../097-libfreeimage3_3.18.0+ds2-6ubuntu5.1_amd64.deb ...
Unpacking libfreeimage3:amd64 (3.18.0+ds2-6ubuntu5.1) ...
Selecting previously unselected package libignition-common4-graphics:amd64.
Preparing to unpack .../098-libignition-common4-graphics_4.8.1-1~jammy_amd64.deb ...
Unpacking libignition-common4-graphics:amd64 (4.8.1-1~jammy) ...
Selecting previously unselected package libignition-common4-graphics-dev:amd64.
Preparing to unpack .../099-libignition-common4-graphics-dev_4.8.1-1~jammy_amd64.deb ...
Unpacking libignition-common4-graphics-dev:amd64 (4.8.1-1~jammy) ...
Selecting previously unselected package libignition-common4-profiler:amd64.
Preparing to unpack .../100-libignition-common4-profiler_4.8.1-1~jammy_amd64.deb ...
Unpacking libignition-common4-profiler:amd64 (4.8.1-1~jammy) ...
Selecting previously unselected package libignition-common4-profiler-dev:amd64.
Preparing to unpack .../101-libignition-common4-profiler-dev_4.8.1-1~jammy_amd64.deb ...
Unpacking libignition-common4-profiler-dev:amd64 (4.8.1-1~jammy) ...
Selecting previously unselected package libignition-common4-dev:amd64.
Preparing to unpack .../102-libignition-common4-dev_4.8.1-1~jammy_amd64.deb ...
Unpacking libignition-common4-dev:amd64 (4.8.1-1~jammy) ...
Selecting previously unselected package libignition-msgs8:amd64.
Preparing to unpack .../103-libignition-msgs8_8.7.1-1~jammy_amd64.deb ...
Unpacking libignition-msgs8:amd64 (8.7.1-1~jammy) ...
Selecting previously unselected package libzip4:amd64.
Preparing to unpack .../104-libzip4_1.7.3-1ubuntu2_amd64.deb ...
Unpacking libzip4:amd64 (1.7.3-1ubuntu2) ...
Selecting previously unselected package libignition-fuel-tools7:amd64.
Preparing to unpack .../105-libignition-fuel-tools7_7.3.1-1~jammy_amd64.deb ...
Unpacking libignition-fuel-tools7:amd64 (7.3.1-1~jammy) ...
Selecting previously unselected package libprotobuf-lite23:amd64.
Preparing to unpack .../106-libprotobuf-lite23_3.12.4-1ubuntu7.22.04.6_amd64.deb ...
Unpacking libprotobuf-lite23:amd64 (3.12.4-1ubuntu7.22.04.6) ...
Selecting previously unselected package libprotobuf-dev:amd64.
Preparing to unpack .../107-libprotobuf-dev_3.12.4-1ubuntu7.22.04.6_amd64.deb ...
Unpacking libprotobuf-dev:amd64 (3.12.4-1ubuntu7.22.04.6) ...
Selecting previously unselected package libprotoc23:amd64.
Preparing to unpack .../108-libprotoc23_3.12.4-1ubuntu7.22.04.6_amd64.deb ...
Unpacking libprotoc23:amd64 (3.12.4-1ubuntu7.22.04.6) ...
Selecting previously unselected package libprotoc-dev:amd64.
Preparing to unpack .../109-libprotoc-dev_3.12.4-1ubuntu7.22.04.6_amd64.deb ...
Unpacking libprotoc-dev:amd64 (3.12.4-1ubuntu7.22.04.6) ...
Selecting previously unselected package protobuf-compiler.
Preparing to unpack .../110-protobuf-compiler_3.12.4-1ubuntu7.22.04.6_amd64.deb ...
Unpacking protobuf-compiler (3.12.4-1ubuntu7.22.04.6) ...
Selecting previously unselected package libignition-msgs8-dev:amd64.
Preparing to unpack .../111-libignition-msgs8-dev_8.7.1-1~jammy_amd64.deb ...
Unpacking libignition-msgs8-dev:amd64 (8.7.1-1~jammy) ...
Selecting previously unselected package libignition-tools-dev:amd64.
Preparing to unpack .../112-libignition-tools-dev_1.5.0-1~jammy_amd64.deb ...
Unpacking libignition-tools-dev:amd64 (1.5.0-1~jammy) ...
Selecting previously unselected package libzip-dev:amd64.
Preparing to unpack .../113-libzip-dev_1.7.3-1ubuntu2_amd64.deb ...
Unpacking libzip-dev:amd64 (1.7.3-1ubuntu2) ...
Selecting previously unselected package libignition-fuel-tools7-dev:amd64.
Preparing to unpack .../114-libignition-fuel-tools7-dev_7.3.1-1~jammy_amd64.deb ...
Unpacking libignition-fuel-tools7-dev:amd64 (7.3.1-1~jammy) ...
Selecting previously unselected package libignition-plugin:amd64.
Preparing to unpack .../115-libignition-plugin_1.4.0-1~jammy_amd64.deb ...
Unpacking libignition-plugin:amd64 (1.4.0-1~jammy) ...
Selecting previously unselected package libignition-rendering6:amd64.
Preparing to unpack .../116-libignition-rendering6_6.6.4-1~jammy_amd64.deb ...
Unpacking libignition-rendering6:amd64 (6.6.4-1~jammy) ...
Selecting previously unselected package libignition-transport11:amd64.
Preparing to unpack .../117-libignition-transport11_11.4.2-1~jammy_amd64.deb ...
Unpacking libignition-transport11:amd64 (11.4.2-1~jammy) ...
Selecting previously unselected package libignition-gui6:amd64.
Preparing to unpack .../118-libignition-gui6_6.9.0-1~jammy_amd64.deb ...
Unpacking libignition-gui6:amd64 (6.9.0-1~jammy) ...
Selecting previously unselected package libignition-physics5:amd64.
Preparing to unpack .../119-libignition-physics5_5.4.0-1~jammy_amd64.deb ...
Unpacking libignition-physics5:amd64 (5.4.0-1~jammy) ...
Selecting previously unselected package sdformat12-sdf.
Preparing to unpack .../120-sdformat12-sdf_12.9.0-1~jammy_all.deb ...
Unpacking sdformat12-sdf (12.9.0-1~jammy) ...
Selecting previously unselected package libsdformat12:amd64.
Preparing to unpack .../121-libsdformat12_12.9.0-1~jammy_amd64.deb ...
Unpacking libsdformat12:amd64 (12.9.0-1~jammy) ...
Selecting previously unselected package libignition-sensors6:amd64.
Preparing to unpack .../122-libignition-sensors6_6.9.0-1~jammy_amd64.deb ...
Unpacking libignition-sensors6:amd64 (6.9.0-1~jammy) ...
Selecting previously unselected package libignition-sensors6-air-pressure:amd64.
Preparing to unpack .../123-libignition-sensors6-air-pressure_6.9.0-1~jammy_amd64.deb ...
Unpacking libignition-sensors6-air-pressure:amd64 (6.9.0-1~jammy) ...
Selecting previously unselected package libignition-sensors6-altimeter:amd64.
Preparing to unpack .../124-libignition-sensors6-altimeter_6.9.0-1~jammy_amd64.deb ...
Unpacking libignition-sensors6-altimeter:amd64 (6.9.0-1~jammy) ...
Selecting previously unselected package libignition-sensors6-rendering:amd64.
Preparing to unpack .../125-libignition-sensors6-rendering_6.9.0-1~jammy_amd64.deb ...
Unpacking libignition-sensors6-rendering:amd64 (6.9.0-1~jammy) ...
Selecting previously unselected package libignition-sensors6-camera:amd64.
Preparing to unpack .../126-libignition-sensors6-camera_6.9.0-1~jammy_amd64.deb ...
Unpacking libignition-sensors6-camera:amd64 (6.9.0-1~jammy) ...
Selecting previously unselected package libignition-sensors6-boundingbox-camera:amd64.
Preparing to unpack .../127-libignition-sensors6-boundingbox-camera_6.9.0-1~jammy_amd64.deb ...
Unpacking libignition-sensors6-boundingbox-camera:amd64 (6.9.0-1~jammy) ...
Selecting previously unselected package libignition-sensors6-depth-camera:amd64.
Preparing to unpack .../128-libignition-sensors6-depth-camera_6.9.0-1~jammy_amd64.deb ...
Unpacking libignition-sensors6-depth-camera:amd64 (6.9.0-1~jammy) ...
Selecting previously unselected package libignition-sensors6-force-torque:amd64.
Preparing to unpack .../129-libignition-sensors6-force-torque_6.9.0-1~jammy_amd64.deb ...
Unpacking libignition-sensors6-force-torque:amd64 (6.9.0-1~jammy) ...
Selecting previously unselected package libignition-sensors6-lidar:amd64.
Preparing to unpack .../130-libignition-sensors6-lidar_6.9.0-1~jammy_amd64.deb ...
Unpacking libignition-sensors6-lidar:amd64 (6.9.0-1~jammy) ...
Selecting previously unselected package libignition-sensors6-gpu-lidar:amd64.
Preparing to unpack .../131-libignition-sensors6-gpu-lidar_6.9.0-1~jammy_amd64.deb ...
Unpacking libignition-sensors6-gpu-lidar:amd64 (6.9.0-1~jammy) ...
Selecting previously unselected package libignition-sensors6-imu:amd64.
Preparing to unpack .../132-libignition-sensors6-imu_6.9.0-1~jammy_amd64.deb ...
Unpacking libignition-sensors6-imu:amd64 (6.9.0-1~jammy) ...
Selecting previously unselected package libignition-sensors6-logical-camera:amd64.
Preparing to unpack .../133-libignition-sensors6-logical-camera_6.9.0-1~jammy_amd64.deb ...
Unpacking libignition-sensors6-logical-camera:amd64 (6.9.0-1~jammy) ...
Selecting previously unselected package libignition-sensors6-magnetometer:amd64.
Preparing to unpack .../134-libignition-sensors6-magnetometer_6.9.0-1~jammy_amd64.deb ...
Unpacking libignition-sensors6-magnetometer:amd64 (6.9.0-1~jammy) ...
Selecting previously unselected package libignition-sensors6-navsat:amd64.
Preparing to unpack .../135-libignition-sensors6-navsat_6.9.0-1~jammy_amd64.deb ...
Unpacking libignition-sensors6-navsat:amd64 (6.9.0-1~jammy) ...
Selecting previously unselected package libignition-sensors6-rgbd-camera:amd64.
Preparing to unpack .../136-libignition-sensors6-rgbd-camera_6.9.0-1~jammy_amd64.deb ...
Unpacking libignition-sensors6-rgbd-camera:amd64 (6.9.0-1~jammy) ...
Selecting previously unselected package libignition-sensors6-segmentation-camera:amd64.
Preparing to unpack .../137-libignition-sensors6-segmentation-camera_6.9.0-1~jammy_amd64.deb ...
Unpacking libignition-sensors6-segmentation-camera:amd64 (6.9.0-1~jammy) ...
Selecting previously unselected package libignition-sensors6-thermal-camera:amd64.
Preparing to unpack .../138-libignition-sensors6-thermal-camera_6.9.0-1~jammy_amd64.deb ...
Unpacking libignition-sensors6-thermal-camera:amd64 (6.9.0-1~jammy) ...
Selecting previously unselected package libignition-transport11-log:amd64.
Preparing to unpack .../139-libignition-transport11-log_11.4.2-1~jammy_amd64.deb ...
Unpacking libignition-transport11-log:amd64 (11.4.2-1~jammy) ...
Selecting previously unselected package libignition-transport11-parameters:amd64.
Preparing to unpack .../140-libignition-transport11-parameters_11.4.2-1~jammy_amd64.deb ...
Unpacking libignition-transport11-parameters:amd64 (11.4.2-1~jammy) ...
Selecting previously unselected package libignition-gazebo6:amd64.
Preparing to unpack .../141-libignition-gazebo6_6.18.0-1~jammy_amd64.deb ...
Unpacking libignition-gazebo6:amd64 (6.18.0-1~jammy) ...
Selecting previously unselected package libqt5quicktemplates2-5:amd64.
Preparing to unpack .../142-libqt5quicktemplates2-5_5.15.3+dfsg-1_amd64.deb ...
Unpacking libqt5quicktemplates2-5:amd64 (5.15.3+dfsg-1) ...
Selecting previously unselected package libqt5quickcontrols2-5:amd64.
Preparing to unpack .../143-libqt5quickcontrols2-5_5.15.3+dfsg-1_amd64.deb ...
Unpacking libqt5quickcontrols2-5:amd64 (5.15.3+dfsg-1) ...
Selecting previously unselected package qtquickcontrols2-5-dev:amd64.
Preparing to unpack .../144-qtquickcontrols2-5-dev_5.15.3+dfsg-1_amd64.deb ...
Unpacking qtquickcontrols2-5-dev:amd64 (5.15.3+dfsg-1) ...
Selecting previously unselected package qml-module-qt-labs-folderlistmodel:amd64.
Preparing to unpack .../145-qml-module-qt-labs-folderlistmodel_5.15.3+dfsg-1_amd64.deb ...
Unpacking qml-module-qt-labs-folderlistmodel:amd64 (5.15.3+dfsg-1) ...
Selecting previously unselected package qml-module-qt-labs-platform:amd64.
Preparing to unpack .../146-qml-module-qt-labs-platform_5.15.3+dfsg-1_amd64.deb ...
Unpacking qml-module-qt-labs-platform:amd64 (5.15.3+dfsg-1) ...
Selecting previously unselected package qml-module-qt-labs-settings:amd64.
Preparing to unpack .../147-qml-module-qt-labs-settings_5.15.3+dfsg-1_amd64.deb ...
Unpacking qml-module-qt-labs-settings:amd64 (5.15.3+dfsg-1) ...
Selecting previously unselected package libqt5charts5:amd64.
Preparing to unpack .../148-libqt5charts5_5.15.3-1_amd64.deb ...
Unpacking libqt5charts5:amd64 (5.15.3-1) ...
Selecting previously unselected package qml-module-qtcharts:amd64.
Preparing to unpack .../149-qml-module-qtcharts_5.15.3-1_amd64.deb ...
Unpacking qml-module-qtcharts:amd64 (5.15.3-1) ...
Selecting previously unselected package libqt5positioningquick5:amd64.
Preparing to unpack .../150-libqt5positioningquick5_5.15.3+dfsg-3_amd64.deb ...
Unpacking libqt5positioningquick5:amd64 (5.15.3+dfsg-3) ...
Selecting previously unselected package libqt5location5:amd64.
Preparing to unpack .../151-libqt5location5_5.15.3+dfsg-3_amd64.deb ...
Unpacking libqt5location5:amd64 (5.15.3+dfsg-3) ...
Selecting previously unselected package libqt5location5-plugins:amd64.
Preparing to unpack .../152-libqt5location5-plugins_5.15.3+dfsg-3_amd64.deb ...
Unpacking libqt5location5-plugins:amd64 (5.15.3+dfsg-3) ...
Selecting previously unselected package qml-module-qtlocation:amd64.
Preparing to unpack .../153-qml-module-qtlocation_5.15.3+dfsg-3_amd64.deb ...
Unpacking qml-module-qtlocation:amd64 (5.15.3+dfsg-3) ...
Selecting previously unselected package libqt5positioning5-plugins:amd64.
Preparing to unpack .../154-libqt5positioning5-plugins_5.15.3+dfsg-3_amd64.deb ...
Unpacking libqt5positioning5-plugins:amd64 (5.15.3+dfsg-3) ...
Selecting previously unselected package qml-module-qtpositioning:amd64.
Preparing to unpack .../155-qml-module-qtpositioning_5.15.3+dfsg-3_amd64.deb ...
Unpacking qml-module-qtpositioning:amd64 (5.15.3+dfsg-3) ...
Selecting previously unselected package qml-module-qtquick-templates2:amd64.
Preparing to unpack .../156-qml-module-qtquick-templates2_5.15.3+dfsg-1_amd64.deb ...
Unpacking qml-module-qtquick-templates2:amd64 (5.15.3+dfsg-1) ...
Selecting previously unselected package qml-module-qtquick-controls2:amd64.
Preparing to unpack .../157-qml-module-qtquick-controls2_5.15.3+dfsg-1_amd64.deb ...
Unpacking qml-module-qtquick-controls2:amd64 (5.15.3+dfsg-1) ...
Selecting previously unselected package qml-module-qtquick-privatewidgets:amd64.
Preparing to unpack .../158-qml-module-qtquick-privatewidgets_5.15.3-1_amd64.deb ...
Unpacking qml-module-qtquick-privatewidgets:amd64 (5.15.3-1) ...
Selecting previously unselected package qml-module-qtquick-dialogs:amd64.
Preparing to unpack .../159-qml-module-qtquick-dialogs_5.15.3-1_amd64.deb ...
Unpacking qml-module-qtquick-dialogs:amd64 (5.15.3-1) ...
Selecting previously unselected package libignition-utils1-cli-dev:amd64.
Preparing to unpack .../160-libignition-utils1-cli-dev_1.5.1-1~jammy_amd64.deb ...
Unpacking libignition-utils1-cli-dev:amd64 (1.5.1-1~jammy) ...
Selecting previously unselected package libignition-transport11-core-dev:amd64.
Preparing to unpack .../161-libignition-transport11-core-dev_11.4.2-1~jammy_amd64.deb ...
Unpacking libignition-transport11-core-dev:amd64 (11.4.2-1~jammy) ...
Selecting previously unselected package libignition-transport11-log-dev:amd64.
Preparing to unpack .../162-libignition-transport11-log-dev_11.4.2-1~jammy_amd64.deb ...
Unpacking libignition-transport11-log-dev:amd64 (11.4.2-1~jammy) ...
Selecting previously unselected package libignition-transport11-parameters-dev:amd64.
Preparing to unpack .../163-libignition-transport11-parameters-dev_11.4.2-1~jammy_amd64.deb ...
Unpacking libignition-transport11-parameters-dev:amd64 (11.4.2-1~jammy) ...
Selecting previously unselected package ignition-transport11-cli.
Preparing to unpack .../164-ignition-transport11-cli_11.4.2-1~jammy_amd64.deb ...
Unpacking ignition-transport11-cli (11.4.2-1~jammy) ...
Selecting previously unselected package libignition-transport11-dev:amd64.
Preparing to unpack .../165-libignition-transport11-dev_11.4.2-1~jammy_amd64.deb ...
Unpacking libignition-transport11-dev:amd64 (11.4.2-1~jammy) ...
Selecting previously unselected package libignition-plugin-dev:amd64.
Preparing to unpack .../166-libignition-plugin-dev_1.4.0-1~jammy_amd64.deb ...
Unpacking libignition-plugin-dev:amd64 (1.4.0-1~jammy) ...
Selecting previously unselected package libignition-math6-eigen3-dev:amd64.
Preparing to unpack .../167-libignition-math6-eigen3-dev_6.16.0-1~jammy_amd64.deb ...
Unpacking libignition-math6-eigen3-dev:amd64 (6.16.0-1~jammy) ...
Selecting previously unselected package libzzip-0-13:amd64.
Preparing to unpack .../168-libzzip-0-13_0.13.72+dfsg.1-1.1_amd64.deb ...
Unpacking libzzip-0-13:amd64 (0.13.72+dfsg.1-1.1) ...
Selecting previously unselected package libogre-1.9.0v5:amd64.
Preparing to unpack .../169-libogre-1.9.0v5_1.9.0+dfsg1-12.1ubuntu1_amd64.deb ...
Unpacking libogre-1.9.0v5:amd64 (1.9.0+dfsg1-12.1ubuntu1) ...
Selecting previously unselected package libogre-1.9-dev.
Preparing to unpack .../170-libogre-1.9-dev_1.9.0+dfsg1-12.1ubuntu1_amd64.deb ...
Unpacking libogre-1.9-dev (1.9.0+dfsg1-12.1ubuntu1) ...
Selecting previously unselected package libignition-rendering6-core-dev:amd64.
Preparing to unpack .../171-libignition-rendering6-core-dev_6.6.4-1~jammy_amd64.deb ...
Unpacking libignition-rendering6-core-dev:amd64 (6.6.4-1~jammy) ...
Selecting previously unselected package libignition-rendering6-ogre1:amd64.
Preparing to unpack .../172-libignition-rendering6-ogre1_6.6.4-1~jammy_amd64.deb ...
Unpacking libignition-rendering6-ogre1:amd64 (6.6.4-1~jammy) ...
Selecting previously unselected package libignition-rendering6-ogre1-dev:amd64.
Preparing to unpack .../173-libignition-rendering6-ogre1-dev_6.6.4-1~jammy_amd64.deb ...
Unpacking libignition-rendering6-ogre1-dev:amd64 (6.6.4-1~jammy) ...
Selecting previously unselected package libignition-gui6-dev:amd64.
Preparing to unpack .../174-libignition-gui6-dev_6.9.0-1~jammy_amd64.deb ...
Unpacking libignition-gui6-dev:amd64 (6.9.0-1~jammy) ...
Selecting previously unselected package libignition-physics5-core-dev:amd64.
Preparing to unpack .../175-libignition-physics5-core-dev_5.4.0-1~jammy_amd64.deb ...
Unpacking libignition-physics5-core-dev:amd64 (5.4.0-1~jammy) ...
Selecting previously unselected package libsdformat12-dev:amd64.
Preparing to unpack .../176-libsdformat12-dev_12.9.0-1~jammy_amd64.deb ...
Unpacking libsdformat12-dev:amd64 (12.9.0-1~jammy) ...
Selecting previously unselected package libignition-physics5-sdf-dev:amd64.
Preparing to unpack .../177-libignition-physics5-sdf-dev_5.4.0-1~jammy_amd64.deb ...
Unpacking libignition-physics5-sdf-dev:amd64 (5.4.0-1~jammy) ...
Selecting previously unselected package libignition-physics5-mesh-dev:amd64.
Preparing to unpack .../178-libignition-physics5-mesh-dev_5.4.0-1~jammy_amd64.deb ...
Unpacking libignition-physics5-mesh-dev:amd64 (5.4.0-1~jammy) ...
Selecting previously unselected package libignition-physics5-bullet:amd64.
Preparing to unpack .../179-libignition-physics5-bullet_5.4.0-1~jammy_amd64.deb ...
Unpacking libignition-physics5-bullet:amd64 (5.4.0-1~jammy) ...
Selecting previously unselected package libignition-physics5-bullet-dev:amd64.
Preparing to unpack .../180-libignition-physics5-bullet-dev_5.4.0-1~jammy_amd64.deb ...
Unpacking libignition-physics5-bullet-dev:amd64 (5.4.0-1~jammy) ...
Selecting previously unselected package libignition-physics5-heightmap-dev:amd64.
Preparing to unpack .../181-libignition-physics5-heightmap-dev_5.4.0-1~jammy_amd64.deb ...
Unpacking libignition-physics5-heightmap-dev:amd64 (5.4.0-1~jammy) ...
Selecting previously unselected package libignition-physics5-dartsim:amd64.
Preparing to unpack .../182-libignition-physics5-dartsim_5.4.0-1~jammy_amd64.deb ...
Unpacking libignition-physics5-dartsim:amd64 (5.4.0-1~jammy) ...
Selecting previously unselected package libignition-physics5-dartsim-dev:amd64.
Preparing to unpack .../183-libignition-physics5-dartsim-dev_5.4.0-1~jammy_amd64.deb ...
Unpacking libignition-physics5-dartsim-dev:amd64 (5.4.0-1~jammy) ...
Selecting previously unselected package libignition-physics5-tpelib:amd64.
Preparing to unpack .../184-libignition-physics5-tpelib_5.4.0-1~jammy_amd64.deb ...
Unpacking libignition-physics5-tpelib:amd64 (5.4.0-1~jammy) ...
Selecting previously unselected package libignition-physics5-tpe:amd64.
Preparing to unpack .../185-libignition-physics5-tpe_5.4.0-1~jammy_amd64.deb ...
Unpacking libignition-physics5-tpe:amd64 (5.4.0-1~jammy) ...
Selecting previously unselected package libignition-physics5-tpe-dev:amd64.
Preparing to unpack .../186-libignition-physics5-tpe-dev_5.4.0-1~jammy_amd64.deb ...
Unpacking libignition-physics5-tpe-dev:amd64 (5.4.0-1~jammy) ...
Selecting previously unselected package libignition-physics5-tpelib-dev:amd64.
Preparing to unpack .../187-libignition-physics5-tpelib-dev_5.4.0-1~jammy_amd64.deb ...
Unpacking libignition-physics5-tpelib-dev:amd64 (5.4.0-1~jammy) ...
Selecting previously unselected package libignition-physics5-dev:amd64.
Preparing to unpack .../188-libignition-physics5-dev_5.4.0-1~jammy_amd64.deb ...
Unpacking libignition-physics5-dev:amd64 (5.4.0-1~jammy) ...
Selecting previously unselected package libogrenextmain2.2.5:amd64.
Preparing to unpack .../189-libogrenextmain2.2.5_2.2.5+dfsg3-0ubuntu2_amd64.deb ...
Unpacking libogrenextmain2.2.5:amd64 (2.2.5+dfsg3-0ubuntu2) ...
Selecting previously unselected package libogrenextplanarreflections2.2.5:amd64.
Preparing to unpack .../190-libogrenextplanarreflections2.2.5_2.2.5+dfsg3-0ubuntu2_amd64.deb ...
Unpacking libogrenextplanarreflections2.2.5:amd64 (2.2.5+dfsg3-0ubuntu2) ...
Selecting previously unselected package libogrenexthlmspbs2.2.5:amd64.
Preparing to unpack .../191-libogrenexthlmspbs2.2.5_2.2.5+dfsg3-0ubuntu2_amd64.deb ...
Unpacking libogrenexthlmspbs2.2.5:amd64 (2.2.5+dfsg3-0ubuntu2) ...
Selecting previously unselected package libogrenexthlmsunlit2.2.5:amd64.
Preparing to unpack .../192-libogrenexthlmsunlit2.2.5_2.2.5+dfsg3-0ubuntu2_amd64.deb ...
Unpacking libogrenexthlmsunlit2.2.5:amd64 (2.2.5+dfsg3-0ubuntu2) ...
Selecting previously unselected package libogrenextmeshlodgenerator2.2.5:amd64.
Preparing to unpack .../193-libogrenextmeshlodgenerator2.2.5_2.2.5+dfsg3-0ubuntu2_amd64.deb ...
Unpacking libogrenextmeshlodgenerator2.2.5:amd64 (2.2.5+dfsg3-0ubuntu2) ...
Selecting previously unselected package libogrenextoverlay2.2.5:amd64.
Preparing to unpack .../194-libogrenextoverlay2.2.5_2.2.5+dfsg3-0ubuntu2_amd64.deb ...
Unpacking libogrenextoverlay2.2.5:amd64 (2.2.5+dfsg3-0ubuntu2) ...
Selecting previously unselected package libogrenextsceneformat2.2.5:amd64.
Preparing to unpack .../195-libogrenextsceneformat2.2.5_2.2.5+dfsg3-0ubuntu2_amd64.deb ...
Unpacking libogrenextsceneformat2.2.5:amd64 (2.2.5+dfsg3-0ubuntu2) ...
Selecting previously unselected package libogre-next-dev.
Preparing to unpack .../196-libogre-next-dev_2.2.5+dfsg3-0ubuntu2_amd64.deb ...
Unpacking libogre-next-dev (2.2.5+dfsg3-0ubuntu2) ...
Selecting previously unselected package libignition-rendering6-ogre2:amd64.
Preparing to unpack .../197-libignition-rendering6-ogre2_6.6.4-1~jammy_amd64.deb ...
Unpacking libignition-rendering6-ogre2:amd64 (6.6.4-1~jammy) ...
Selecting previously unselected package libignition-rendering6-ogre2-dev:amd64.
Preparing to unpack .../198-libignition-rendering6-ogre2-dev_6.6.4-1~jammy_amd64.deb ...
Unpacking libignition-rendering6-ogre2-dev:amd64 (6.6.4-1~jammy) ...
Selecting previously unselected package libignition-sensors6-core-dev:amd64.
Preparing to unpack .../199-libignition-sensors6-core-dev_6.9.0-1~jammy_amd64.deb ...
Unpacking libignition-sensors6-core-dev:amd64 (6.9.0-1~jammy) ...
Selecting previously unselected package libignition-sensors6-air-pressure-dev:amd64.
Preparing to unpack .../200-libignition-sensors6-air-pressure-dev_6.9.0-1~jammy_amd64.deb ...
Unpacking libignition-sensors6-air-pressure-dev:amd64 (6.9.0-1~jammy) ...
Selecting previously unselected package libignition-sensors6-altimeter-dev:amd64.
Preparing to unpack .../201-libignition-sensors6-altimeter-dev_6.9.0-1~jammy_amd64.deb ...
Unpacking libignition-sensors6-altimeter-dev:amd64 (6.9.0-1~jammy) ...
Selecting previously unselected package libignition-sensors6-boundingbox-camera-dev:amd64.
Preparing to unpack .../202-libignition-sensors6-boundingbox-camera-dev_6.9.0-1~jammy_amd64.deb ...
Unpacking libignition-sensors6-boundingbox-camera-dev:amd64 (6.9.0-1~jammy) ...
Selecting previously unselected package libignition-sensors6-camera-dev:amd64.
Preparing to unpack .../203-libignition-sensors6-camera-dev_6.9.0-1~jammy_amd64.deb ...
Unpacking libignition-sensors6-camera-dev:amd64 (6.9.0-1~jammy) ...
Selecting previously unselected package libignition-sensors6-depth-camera-dev:amd64.
Preparing to unpack .../204-libignition-sensors6-depth-camera-dev_6.9.0-1~jammy_amd64.deb ...
Unpacking libignition-sensors6-depth-camera-dev:amd64 (6.9.0-1~jammy) ...
Selecting previously unselected package libignition-sensors6-force-torque-dev:amd64.
Preparing to unpack .../205-libignition-sensors6-force-torque-dev_6.9.0-1~jammy_amd64.deb ...
Unpacking libignition-sensors6-force-torque-dev:amd64 (6.9.0-1~jammy) ...
Selecting previously unselected package libignition-sensors6-imu-dev:amd64.
Preparing to unpack .../206-libignition-sensors6-imu-dev_6.9.0-1~jammy_amd64.deb ...
Unpacking libignition-sensors6-imu-dev:amd64 (6.9.0-1~jammy) ...
Selecting previously unselected package libignition-sensors6-lidar-dev:amd64.
Preparing to unpack .../207-libignition-sensors6-lidar-dev_6.9.0-1~jammy_amd64.deb ...
Unpacking libignition-sensors6-lidar-dev:amd64 (6.9.0-1~jammy) ...
Selecting previously unselected package libignition-sensors6-gpu-lidar-dev:amd64.
Preparing to unpack .../208-libignition-sensors6-gpu-lidar-dev_6.9.0-1~jammy_amd64.deb ...
Unpacking libignition-sensors6-gpu-lidar-dev:amd64 (6.9.0-1~jammy) ...
Selecting previously unselected package libignition-sensors6-logical-camera-dev:amd64.
Preparing to unpack .../209-libignition-sensors6-logical-camera-dev_6.9.0-1~jammy_amd64.deb ...
Unpacking libignition-sensors6-logical-camera-dev:amd64 (6.9.0-1~jammy) ...
Selecting previously unselected package libignition-sensors6-magnetometer-dev:amd64.
Preparing to unpack .../210-libignition-sensors6-magnetometer-dev_6.9.0-1~jammy_amd64.deb ...
Unpacking libignition-sensors6-magnetometer-dev:amd64 (6.9.0-1~jammy) ...
Selecting previously unselected package libignition-sensors6-navsat-dev:amd64.
Preparing to unpack .../211-libignition-sensors6-navsat-dev_6.9.0-1~jammy_amd64.deb ...
Unpacking libignition-sensors6-navsat-dev:amd64 (6.9.0-1~jammy) ...
Selecting previously unselected package libignition-sensors6-rendering-dev:amd64.
Preparing to unpack .../212-libignition-sensors6-rendering-dev_6.9.0-1~jammy_amd64.deb ...
Unpacking libignition-sensors6-rendering-dev:amd64 (6.9.0-1~jammy) ...
Selecting previously unselected package libignition-sensors6-rgbd-camera-dev:amd64.
Preparing to unpack .../213-libignition-sensors6-rgbd-camera-dev_6.9.0-1~jammy_amd64.deb ...
Unpacking libignition-sensors6-rgbd-camera-dev:amd64 (6.9.0-1~jammy) ...
Selecting previously unselected package libignition-sensors6-segmentation-camera-dev:amd64.
Preparing to unpack .../214-libignition-sensors6-segmentation-camera-dev_6.9.0-1~jammy_amd64.deb ...
Unpacking libignition-sensors6-segmentation-camera-dev:amd64 (6.9.0-1~jammy) ...
Selecting previously unselected package libignition-sensors6-thermal-camera-dev:amd64.
Preparing to unpack .../215-libignition-sensors6-thermal-camera-dev_6.9.0-1~jammy_amd64.deb ...
Unpacking libignition-sensors6-thermal-camera-dev:amd64 (6.9.0-1~jammy) ...
Selecting previously unselected package libignition-sensors6-dev:amd64.
Preparing to unpack .../216-libignition-sensors6-dev_6.9.0-1~jammy_amd64.deb ...
Unpacking libignition-sensors6-dev:amd64 (6.9.0-1~jammy) ...
Selecting previously unselected package libignition-rendering6-dev:amd64.
Preparing to unpack .../217-libignition-rendering6-dev_6.6.4-1~jammy_amd64.deb ...
Unpacking libignition-rendering6-dev:amd64 (6.6.4-1~jammy) ...
Selecting previously unselected package libignition-gazebo6-plugins:amd64.
Preparing to unpack .../218-libignition-gazebo6-plugins_6.18.0-1~jammy_amd64.deb ...
Unpacking libignition-gazebo6-plugins:amd64 (6.18.0-1~jammy) ...
Selecting previously unselected package libignition-gazebo6-dev:amd64.
Preparing to unpack .../219-libignition-gazebo6-dev_6.18.0-1~jammy_amd64.deb ...
Unpacking libignition-gazebo6-dev:amd64 (6.18.0-1~jammy) ...
Selecting previously unselected package liblbfgsb0:amd64.
Preparing to unpack .../220-liblbfgsb0_3.0+dfsg.3-10_amd64.deb ...
Unpacking liblbfgsb0:amd64 (3.0+dfsg.3-10) ...
Selecting previously unselected package libshiboken2-py3-5.15.
Preparing to unpack .../221-libshiboken2-py3-5.15_5.15.2-2build2_amd64.deb ...
Unpacking libshiboken2-py3-5.15 (5.15.2-2build2) ...
Selecting previously unselected package libpyside2-py3-5.15.
Preparing to unpack .../222-libpyside2-py3-5.15_5.15.2-2build2_amd64.deb ...
Unpacking libpyside2-py3-5.15 (5.15.2-2build2) ...
Selecting previously unselected package libpyside2-dev.
Preparing to unpack .../223-libpyside2-dev_5.15.2-2build2_amd64.deb ...
Unpacking libpyside2-dev (5.15.2-2build2) ...
Selecting previously unselected package shiboken2.
Preparing to unpack .../224-shiboken2_5.15.2-2build2_amd64.deb ...
Unpacking shiboken2 (5.15.2-2build2) ...
Selecting previously unselected package libshiboken2-dev.
Preparing to unpack .../225-libshiboken2-dev_5.15.2-2build2_amd64.deb ...
Unpacking libshiboken2-dev (5.15.2-2build2) ...
Selecting previously unselected package libxsimd-dev:amd64.
Preparing to unpack .../226-libxsimd-dev_7.6.0-2_amd64.deb ...
Unpacking libxsimd-dev:amd64 (7.6.0-2) ...
Selecting previously unselected package mesa-utils-bin:amd64.
Preparing to unpack .../227-mesa-utils-bin_8.4.0-1ubuntu1_amd64.deb ...
Unpacking mesa-utils-bin:amd64 (8.4.0-1ubuntu1) ...
Selecting previously unselected package pyqt5-dev.
Preparing to unpack .../228-pyqt5-dev_5.15.6+dfsg-1ubuntu3_all.deb ...
Unpacking pyqt5-dev (5.15.6+dfsg-1ubuntu3) ...
Selecting previously unselected package python-matplotlib-data.
Preparing to unpack .../229-python-matplotlib-data_3.5.1-2build1_all.deb ...
Unpacking python-matplotlib-data (3.5.1-2build1) ...
Selecting previously unselected package python3-appdirs.
Preparing to unpack .../230-python3-appdirs_1.4.4-2_all.deb ...
Unpacking python3-appdirs (1.4.4-2) ...
Selecting previously unselected package python3-gast.
Preparing to unpack .../231-python3-gast_0.5.2-2_all.deb ...
Unpacking python3-gast (0.5.2-2) ...
Selecting previously unselected package python3-beniget.
Preparing to unpack .../232-python3-beniget_0.4.1-2_all.deb ...
Unpacking python3-beniget (0.4.1-2) ...
Selecting previously unselected package python3-brotli.
Preparing to unpack .../233-python3-brotli_1.0.9-2build6_amd64.deb ...
Unpacking python3-brotli (1.0.9-2build6) ...
Selecting previously unselected package python3-cycler.
Preparing to unpack .../234-python3-cycler_0.11.0-1_all.deb ...
Unpacking python3-cycler (0.11.0-1) ...
Selecting previously unselected package python3-decorator.
Preparing to unpack .../235-python3-decorator_4.4.2-0ubuntu1_all.deb ...
Unpacking python3-decorator (4.4.2-0ubuntu1) ...
Selecting previously unselected package python3-ply.
Preparing to unpack .../236-python3-ply_3.11-5_all.deb ...
Unpacking python3-ply (3.11-5) ...
Selecting previously unselected package python3-pythran.
Preparing to unpack .../237-python3-pythran_0.10.0+ds2-1_amd64.deb ...
Unpacking python3-pythran (0.10.0+ds2-1) ...
Selecting previously unselected package python3-scipy.
Preparing to unpack .../238-python3-scipy_1.8.0-1exp2ubuntu1_amd64.deb ...
Unpacking python3-scipy (1.8.0-1exp2ubuntu1) ...
Selecting previously unselected package python3-ufolib2.
Preparing to unpack .../239-python3-ufolib2_0.13.1+dfsg1-1_all.deb ...
Unpacking python3-ufolib2 (0.13.1+dfsg1-1) ...
Selecting previously unselected package python3-mpmath.
Preparing to unpack .../240-python3-mpmath_1.2.1-2_all.deb ...
Unpacking python3-mpmath (1.2.1-2) ...
Selecting previously unselected package python3-sympy.
Preparing to unpack .../241-python3-sympy_1.9-1_all.deb ...
Unpacking python3-sympy (1.9-1) ...
Selecting previously unselected package python3-fs.
Preparing to unpack .../242-python3-fs_2.4.12-1_all.deb ...
Unpacking python3-fs (2.4.12-1) ...
Selecting previously unselected package python3-lz4.
Preparing to unpack .../243-python3-lz4_3.1.3+dfsg-1build3_amd64.deb ...
Unpacking python3-lz4 (3.1.3+dfsg-1build3) ...
Selecting previously unselected package python3-unicodedata2.
Preparing to unpack .../244-python3-unicodedata2_14.0.0+ds-8_amd64.deb ...
Unpacking python3-unicodedata2 (14.0.0+ds-8) ...
Selecting previously unselected package unicode-data.
Preparing to unpack .../245-unicode-data_14.0.0-1.1_all.deb ...
Unpacking unicode-data (14.0.0-1.1) ...
Selecting previously unselected package python3-fonttools.
Preparing to unpack .../246-python3-fonttools_4.29.1-2build1_amd64.deb ...
Unpacking python3-fonttools (4.29.1-2build1) ...
Selecting previously unselected package python3-kiwisolver.
Preparing to unpack .../247-python3-kiwisolver_1.3.2-1build1_amd64.deb ...
Unpacking python3-kiwisolver (1.3.2-1build1) ...
Selecting previously unselected package python3-tk:amd64.
Preparing to unpack .../248-python3-tk_3.10.8-1~22.04_amd64.deb ...
Unpacking python3-tk:amd64 (3.10.8-1~22.04) ...
Selecting previously unselected package python3-pil.imagetk:amd64.
Preparing to unpack .../249-python3-pil.imagetk_9.0.1-1ubuntu0.5_amd64.deb ...
Unpacking python3-pil.imagetk:amd64 (9.0.1-1ubuntu0.5) ...
Selecting previously unselected package python3-matplotlib.
Preparing to unpack .../250-python3-matplotlib_3.5.1-2build1_amd64.deb ...
Unpacking python3-matplotlib (3.5.1-2build1) ...
Selecting previously unselected package python3-opencv:amd64.
Preparing to unpack .../251-python3-opencv_4.5.4+dfsg-9ubuntu4_amd64.deb ...
Unpacking python3-opencv:amd64 (4.5.4+dfsg-9ubuntu4) ...
Selecting previously unselected package python3-pyqt5.sip.
Preparing to unpack .../252-python3-pyqt5.sip_12.9.1-1build1_amd64.deb ...
Unpacking python3-pyqt5.sip (12.9.1-1build1) ...
Selecting previously unselected package python3-pyqt5.
Preparing to unpack .../253-python3-pyqt5_5.15.6+dfsg-1ubuntu3_amd64.deb ...
Unpacking python3-pyqt5 (5.15.6+dfsg-1ubuntu3) ...
Selecting previously unselected package python3-pyqt5.qtsvg.
Preparing to unpack .../254-python3-pyqt5.qtsvg_5.15.6+dfsg-1ubuntu3_amd64.deb ...
Unpacking python3-pyqt5.qtsvg (5.15.6+dfsg-1ubuntu3) ...
Selecting previously unselected package python3-pyside2.qtcore.
Preparing to unpack .../255-python3-pyside2.qtcore_5.15.2-2build2_amd64.deb ...
Unpacking python3-pyside2.qtcore (5.15.2-2build2) ...
Selecting previously unselected package python3-pyside2.qtgui.
Preparing to unpack .../256-python3-pyside2.qtgui_5.15.2-2build2_amd64.deb ...
Unpacking python3-pyside2.qtgui (5.15.2-2build2) ...
Selecting previously unselected package python3-pyside2.qtwidgets.
Preparing to unpack .../257-python3-pyside2.qtwidgets_5.15.2-2build2_amd64.deb ...
Unpacking python3-pyside2.qtwidgets (5.15.2-2build2) ...
Selecting previously unselected package python3-pyside2.qtsvg.
Preparing to unpack .../258-python3-pyside2.qtsvg_5.15.2-2build2_amd64.deb ...
Unpacking python3-pyside2.qtsvg (5.15.2-2build2) ...
Selecting previously unselected package sip-dev.
Preparing to unpack .../259-sip-dev_4.19.25+dfsg-3build1_amd64.deb ...
Unpacking sip-dev (4.19.25+dfsg-3build1) ...
Selecting previously unselected package python3-sip-dev.
Preparing to unpack .../260-python3-sip-dev_4.19.25+dfsg-3build1_amd64.deb ...
Unpacking python3-sip-dev (4.19.25+dfsg-3build1) ...
Selecting previously unselected package ros-humble-actuator-msgs.
Preparing to unpack .../261-ros-humble-actuator-msgs_0.0.1-1jammy.20260907.213631_amd64.deb ...
Unpacking ros-humble-actuator-msgs (0.0.1-1jammy.20260907.213631) ...
Selecting previously unselected package ros-humble-cv-bridge.
Preparing to unpack .../262-ros-humble-cv-bridge_3.2.1-1jammy.20260907.220118_amd64.deb ...
Unpacking ros-humble-cv-bridge (3.2.1-1jammy.20260907.220118) ...
Selecting previously unselected package ros-humble-compressed-depth-image-transport.
Preparing to unpack .../263-ros-humble-compressed-depth-image-transport_2.5.5-1jammy.20260908.002700_amd64.deb ...
Unpacking ros-humble-compressed-depth-image-transport (2.5.5-1jammy.20260908.002700) ...
Selecting previously unselected package ros-humble-compressed-image-transport.
Preparing to unpack .../264-ros-humble-compressed-image-transport_2.5.5-1jammy.20260908.002726_amd64.deb ...
Unpacking ros-humble-compressed-image-transport (2.5.5-1jammy.20260908.002726) ...
Selecting previously unselected package ros-humble-gps-msgs.
Preparing to unpack .../265-ros-humble-gps-msgs_3.1.1-1jammy.20260907.210349_amd64.deb ...
Unpacking ros-humble-gps-msgs (3.1.1-1jammy.20260907.210349) ...
Selecting previously unselected package ros-humble-theora-image-transport.
Preparing to unpack .../266-ros-humble-theora-image-transport_2.5.5-1jammy.20260907.230003_amd64.deb ...
Unpacking ros-humble-theora-image-transport (2.5.5-1jammy.20260907.230003) ...
Selecting previously unselected package ros-humble-image-transport-plugins.
Preparing to unpack .../267-ros-humble-image-transport-plugins_2.5.5-1jammy.20260908.011646_amd64.deb ...
Unpacking ros-humble-image-transport-plugins (2.5.5-1jammy.20260908.011646) ...
Selecting previously unselected package ros-humble-python-qt-binding.
Preparing to unpack .../268-ros-humble-python-qt-binding_1.1.3-1jammy.20260304.202555_amd64.deb ...
Unpacking ros-humble-python-qt-binding (1.1.3-1jammy.20260304.202555) ...
Selecting previously unselected package tango-icon-theme.
Preparing to unpack .../269-tango-icon-theme_0.8.90-8_all.deb ...
Unpacking tango-icon-theme (0.8.90-8) ...
Selecting previously unselected package ros-humble-tango-icons-vendor.
Preparing to unpack .../270-ros-humble-tango-icons-vendor_0.1.1-3jammy.20260304.202920_amd64.deb ...
Unpacking ros-humble-tango-icons-vendor (0.1.1-3jammy.20260304.202920) ...
Selecting previously unselected package ros-humble-qt-gui.
Preparing to unpack .../271-ros-humble-qt-gui_2.2.5-1jammy.20260330.190956_amd64.deb ...
Unpacking ros-humble-qt-gui (2.2.5-1jammy.20260330.190956) ...
Selecting previously unselected package ros-humble-qt-gui-cpp.
Preparing to unpack .../272-ros-humble-qt-gui-cpp_2.2.5-1jammy.20260907.200410_amd64.deb ...
Unpacking ros-humble-qt-gui-cpp (2.2.5-1jammy.20260907.200410) ...
Selecting previously unselected package ros-humble-qt-gui-py-common.
Preparing to unpack .../273-ros-humble-qt-gui-py-common_2.2.5-1jammy.20260330.190941_amd64.deb ...
Unpacking ros-humble-qt-gui-py-common (2.2.5-1jammy.20260330.190941) ...
Selecting previously unselected package ros-humble-ros-gz-interfaces.
Preparing to unpack .../274-ros-humble-ros-gz-interfaces_0.244.26-1jammy.20260907.212004_amd64.deb ...
Unpacking ros-humble-ros-gz-interfaces (0.244.26-1jammy.20260907.212004) ...
Selecting previously unselected package ros-humble-vision-msgs.
Preparing to unpack .../275-ros-humble-vision-msgs_4.1.1-1jammy.20260907.212457_amd64.deb ...
Unpacking ros-humble-vision-msgs (4.1.1-1jammy.20260907.212457) ...
Selecting previously unselected package ros-humble-ros-gz-bridge.
Preparing to unpack .../276-ros-humble-ros-gz-bridge_0.244.26-1jammy.20260907.225444_amd64.deb ...
Unpacking ros-humble-ros-gz-bridge (0.244.26-1jammy.20260907.225444) ...
Selecting previously unselected package ros-humble-ros-gz-image.
Preparing to unpack .../277-ros-humble-ros-gz-image_0.244.26-1jammy.20260908.001804_amd64.deb ...
Unpacking ros-humble-ros-gz-image (0.244.26-1jammy.20260908.001804) ...
Selecting previously unselected package ros-humble-ros-gz-sim.
Preparing to unpack .../278-ros-humble-ros-gz-sim_0.244.26-1jammy.20260907.235058_amd64.deb ...
Unpacking ros-humble-ros-gz-sim (0.244.26-1jammy.20260907.235058) ...
Selecting previously unselected package ros-humble-rqt-gui.
Preparing to unpack .../279-ros-humble-rqt-gui_1.1.10-2jammy.20260907.220854_amd64.deb ...
Unpacking ros-humble-rqt-gui (1.1.10-2jammy.20260907.220854) ...
Selecting previously unselected package ros-humble-rqt-gui-cpp.
Preparing to unpack .../280-ros-humble-rqt-gui-cpp_1.1.10-2jammy.20260907.223131_amd64.deb ...
Unpacking ros-humble-rqt-gui-cpp (1.1.10-2jammy.20260907.223131) ...
Selecting previously unselected package ros-humble-rqt-image-view.
Preparing to unpack .../281-ros-humble-rqt-image-view_1.2.0-2jammy.20260907.230654_amd64.deb ...
Unpacking ros-humble-rqt-image-view (1.2.0-2jammy.20260907.230654) ...
Selecting previously unselected package ros-humble-rqt-gui-py.
Preparing to unpack .../282-ros-humble-rqt-gui-py_1.1.10-2jammy.20260908.003049_amd64.deb ...
Unpacking ros-humble-rqt-gui-py (1.1.10-2jammy.20260908.003049) ...
Selecting previously unselected package ros-humble-rqt-py-common.
Preparing to unpack .../283-ros-humble-rqt-py-common_1.1.10-2jammy.20260907.214248_amd64.deb ...
Unpacking ros-humble-rqt-py-common (1.1.10-2jammy.20260907.214248) ...
Selecting previously unselected package ros-humble-rqt-plot.
Preparing to unpack .../284-ros-humble-rqt-plot_1.1.5-1jammy.20260908.003815_amd64.deb ...
Unpacking ros-humble-rqt-plot (1.1.5-1jammy.20260908.003815) ...
Selecting previously unselected package ros-humble-rqt-topic.
Preparing to unpack .../285-ros-humble-rqt-topic_1.5.1-1jammy.20260908.003931_amd64.deb ...
Unpacking ros-humble-rqt-topic (1.5.1-1jammy.20260908.003931) ...
Selecting previously unselected package ros-humble-sdformat-urdf.
Preparing to unpack .../286-ros-humble-sdformat-urdf_1.0.1-1jammy.20260907.200150_amd64.deb ...
Unpacking ros-humble-sdformat-urdf (1.0.1-1jammy.20260907.200150) ...
Selecting previously unselected package ros-humble-xacro.
Preparing to unpack .../287-ros-humble-xacro_2.1.1-1jammy.20260304.195513_amd64.deb ...
Unpacking ros-humble-xacro (2.1.1-1jammy.20260304.195513) ...
Selecting previously unselected package ros-humble-ros-gz-sim-demos.
Preparing to unpack .../288-ros-humble-ros-gz-sim-demos_0.244.26-1jammy.20260908.015343_amd64.deb ...
Unpacking ros-humble-ros-gz-sim-demos (0.244.26-1jammy.20260908.015343) ...
Selecting previously unselected package ros-humble-ros-gz.
Preparing to unpack .../289-ros-humble-ros-gz_0.244.26-1jammy.20260908.015605_amd64.deb ...
Unpacking ros-humble-ros-gz (0.244.26-1jammy.20260908.015605) ...
Selecting previously unselected package mesa-utils.
Preparing to unpack .../290-mesa-utils_8.4.0-1ubuntu1_amd64.deb ...
Unpacking mesa-utils (8.4.0-1ubuntu1) ...
Selecting previously unselected package pocketsphinx-en-us.
Preparing to unpack .../291-pocketsphinx-en-us_0.8.0+real5prealpha+1-14ubuntu1_all.deb ...
Unpacking pocketsphinx-en-us (0.8.0+real5prealpha+1-14ubuntu1) ...
Setting up python3-opencv:amd64 (4.5.4+dfsg-9ubuntu4) ...
Setting up libpcrecpp0v5:amd64 (2:8.39-13ubuntu0.22.04.1) ...
Setting up libglib2.0-dev-bin (2.72.4-0ubuntu2.10) ...
Setting up libblkid-dev:amd64 (2.37.2-4ubuntu3.6) ...
Setting up liburdfdom-model-state3.0:amd64 (3.0.1-1) ...
Setting up tk8.6-blt2.5 (2.5.3+dfsg-4.1build2) ...
Setting up libqt5positioningquick5:amd64 (5.15.3+dfsg-3) ...
Setting up fonts-lato (2.0-2.1) ...
Setting up liboctomap1.9:amd64 (1.9.7+dfsg-3) ...
Setting up libpcre16-3:amd64 (2:8.39-13ubuntu0.22.04.1) ...
Setting up libqt5location5:amd64 (5.15.3+dfsg-3) ...
Setting up libsphinxbase3:amd64 (0.8+5prealpha+1-13build1) ...
Setting up qml-module-qtqml:amd64 (5.15.3+dfsg-1) ...
Setting up python3-lz4 (3.1.3+dfsg-1build3) ...
Setting up libignition-physics5:amd64 (5.4.0-1~jammy) ...
Setting up python3-unicodedata2 (14.0.0+ds-8) ...
Setting up ros-humble-actuator-msgs (0.0.1-1jammy.20260907.213631) ...
Setting up fonts-lyx (2.3.6-1) ...
Setting up libzip4:amd64 (1.7.3-1ubuntu2) ...
Setting up libjxr0:amd64 (1.2~git20170615.f752187-5) ...
Setting up blt (2.5.3+dfsg-4.1build2) ...
Setting up python3-ply (3.11-5) ...
Setting up libmysofa1:amd64 (1.2.1~dfsg0-1) ...
Setting up libignition-math6-eigen3-dev:amd64 (6.16.0-1~jammy) ...
Setting up python3-gast (0.5.2-2) ...
Setting up pyqt5-dev (5.15.6+dfsg-1ubuntu3) ...
Setting up qml-module-qtquick-window2:amd64 (5.15.3+dfsg-1) ...
Setting up python3-tk:amd64 (3.10.8-1~22.04) ...
Setting up libdart-external-odelcpsolver6.12:amd64 (6.12.1+dfsg4-11build2) ...
Setting up rubygems-integration (1.18) ...
Setting up libzzip-0-13:amd64 (0.13.72+dfsg.1-1.1) ...
Setting up sdformat12-sdf (12.9.0-1~jammy) ...
Setting up liburdfdom-model3.0:amd64 (3.0.1-1) ...
Setting up sip-dev (4.19.25+dfsg-3build1) ...
Setting up libccd2:amd64 (2.1-2) ...
Setting up libffi-dev:amd64 (3.4.2-4) ...
Setting up libignition-common4:amd64 (4.8.1-1~jammy) ...
Setting up ros-humble-cv-bridge (3.2.1-1jammy.20260907.220118) ...
Setting up libqt5charts5:amd64 (5.15.3-1) ...
Setting up liboctomap-dev:amd64 (1.9.7+dfsg-3) ...
Setting up qml-module-qtquick-layouts:amd64 (5.15.3+dfsg-1) ...
Setting up qml-module-qt-labs-folderlistmodel:amd64 (5.15.3+dfsg-1) ...
Setting up qml-module-qt-labs-settings:amd64 (5.15.3+dfsg-1) ...
Setting up unicode-data (14.0.0-1.1) ...
Setting up python3-beniget (0.4.1-2) ...
Setting up libpocketsphinx3:amd64 (0.8.0+real5prealpha+1-14ubuntu1) ...
Setting up libignition-plugin:amd64 (1.4.0-1~jammy) ...
Setting up libxsimd-dev:amd64 (7.6.0-2) ...
Setting up python3-decorator (4.4.2-0ubuntu1) ...
Setting up libprotobuf-lite23:amd64 (3.12.4-1ubuntu7.22.04.6) ...
Setting up libignition-msgs8:amd64 (8.7.1-1~jammy) ...
Setting up libass9:amd64 (1:0.15.2-1) ...
Setting up qml-module-qtcharts:amd64 (5.15.3-1) ...
Setting up mesa-utils-bin:amd64 (8.4.0-1ubuntu1) ...
Setting up libignition-common4-av:amd64 (4.8.1-1~jammy) ...
Setting up python3-pil.imagetk:amd64 (9.0.1-1ubuntu0.5) ...
Setting up ros-humble-compressed-depth-image-transport (2.5.5-1jammy.20260908.002700) ...
Setting up python3-brotli (1.0.9-2build6) ...
Setting up libprotoc23:amd64 (3.12.4-1ubuntu7.22.04.6) ...
Setting up ruby-net-telnet (0.1.1-2) ...
Setting up libode8 (2:0.16.2-1) ...
Setting up python3-cycler (0.11.0-1) ...
Setting up python3-kiwisolver (1.3.2-1build1) ...
Setting up libpcre32-3:amd64 (2:8.39-13ubuntu0.22.04.1) ...
Setting up liburdfdom-world3.0:amd64 (3.0.1-1) ...
Setting up ros-humble-compressed-image-transport (2.5.5-1jammy.20260908.002726) ...
Setting up libpostproc55:amd64 (7:4.4.2-0ubuntu0.22.04.1) ...
Setting up libsepol-dev:amd64 (3.3-1build1) ...
Setting up pocketsphinx-en-us (0.8.0+real5prealpha+1-14ubuntu1) ...
Setting up ros-humble-gps-msgs (3.1.1-1jammy.20260907.210349) ...
Setting up librubberband2:amd64 (2.0.0-2) ...
Setting up ruby-webrick (1.7.0-3ubuntu0.2) ...
Setting up libsndio7.0:amd64 (1.8.1-1.1) ...
Setting up python3-pyqt5.sip (12.9.1-1build1) ...
Setting up libvidstab1.1:amd64 (1.1.0-2) ...
Setting up libflite1:amd64 (2.2-3) ...
Setting up python3-pythran (0.10.0+ds2-1) ...
Setting up ros-humble-ros-gz-interfaces (0.244.26-1jammy.20260907.212004) ...
Setting up libbs2b0:amd64 (3.1.0+dfsg-2.2build1) ...
Setting up libqt5location5-plugins:amd64 (5.15.3+dfsg-3) ...
Setting up qml-module-qtqml-models2:amd64 (5.15.3+dfsg-1) ...
Setting up ros-humble-xacro (2.1.1-1jammy.20260304.195513) ...
Setting up libignition-common4-events:amd64 (4.8.1-1~jammy) ...
Setting up libdecor-0-0:amd64 (0.1.0-3build1) ...
Setting up libzimg2:amd64 (3.0.3+ds1-1) ...
Setting up libopenal-data (1:1.19.1-2build3) ...
Setting up ros-humble-vision-msgs (4.1.1-1jammy.20260907.212457) ...
Setting up libqt5quicktemplates2-5:amd64 (5.15.3+dfsg-1) ...
Setting up libqt5positioning5-plugins:amd64 (5.15.3+dfsg-3) ...
Setting up shiboken2 (5.15.2-2build2) ...
Setting up ros-humble-theora-image-transport (2.5.5-1jammy.20260907.230003) ...
Setting up python3-mpmath (1.2.1-2) ...
Setting up libsdl2-2.0-0:amd64 (2.0.20+dfsg-2ubuntu1.22.04.1) ...
Setting up python-matplotlib-data (3.5.1-2build1) ...
Setting up qml-module-qtquick2:amd64 (5.15.3+dfsg-1) ...
Setting up libccd-dev:amd64 (2.1-2) ...
Setting up python3-appdirs (1.4.4-2) ...
Setting up ruby-xmlrpc (0.3.2-1ubuntu0.1) ...
Setting up libshiboken2-py3-5.15 (5.15.2-2build2) ...
Setting up qml-module-qtquick-privatewidgets:amd64 (5.15.3-1) ...
Setting up python3-pyqt5 (5.15.6+dfsg-1ubuntu3) ...
Setting up tango-icon-theme (0.8.90-8) ...
Setting up liblbfgsb0:amd64 (3.0+dfsg.3-10) ...
Setting up libgflags2.2 (2.2.2-2) ...
Setting up libignition-utils1:amd64 (1.5.1-1~jammy) ...
Setting up libserd-0-0:amd64 (0.30.10-2) ...
Setting up liburdfdom-headers-dev (1.0.5-3) ...
Setting up python3-pyqt5.qtsvg (5.15.6+dfsg-1ubuntu3) ...
Setting up python3-sympy (1.9-1) ...
Setting up libdart-external-odelcpsolver-dev:amd64 (6.12.1+dfsg4-11build2) ...
Setting up ros-humble-tango-icons-vendor (0.1.1-3jammy.20260304.202920) ...
Setting up libzip-dev:amd64 (1.7.3-1ubuntu2) ...
Setting up libfreeimage3:amd64 (3.18.0+ds2-6ubuntu5.1) ...
Setting up libogrenextmain2.2.5:amd64 (2.2.5+dfsg3-0ubuntu2) ...
Setting up libignition-plugin-dev:amd64 (1.4.0-1~jammy) ...
Setting up python3-scipy (1.8.0-1exp2ubuntu1) ...
Setting up liburdfdom-sensor3.0:amd64 (3.0.1-1) ...
Setting up protobuf-compiler (3.12.4-1ubuntu7.22.04.6) ...
Setting up libselinux1-dev:amd64 (3.3-1build2) ...
Setting up libogrenextplanarreflections2.2.5:amd64 (2.2.5+dfsg3-0ubuntu2) ...
Setting up libpcre3-dev:amd64 (2:8.39-13ubuntu0.22.04.1) ...
Setting up qml-module-qtquick-templates2:amd64 (5.15.3+dfsg-1) ...
Setting up libsdformat12:amd64 (12.9.0-1~jammy) ...
Setting up python3-sip-dev (4.19.25+dfsg-3build1) ...
Setting up qml-module-qt-labs-platform:amd64 (5.15.3+dfsg-1) ...
Setting up libignition-common4-profiler:amd64 (4.8.1-1~jammy) ...
Setting up libpostproc-dev:amd64 (7:4.4.2-0ubuntu0.22.04.1) ...
Setting up libqt5quickcontrols2-5:amd64 (5.15.3+dfsg-1) ...
Setting up libode-dev (2:0.16.2-1) ...
Setting up libignition-common4-graphics:amd64 (4.8.1-1~jammy) ...
Setting up libignition-transport11:amd64 (11.4.2-1~jammy) ...
Setting up libfcl0.7:amd64 (0.7.0-3) ...
Setting up libopenal1:amd64 (1:1.19.1-2build3) ...
Setting up libignition-rendering6:amd64 (6.6.4-1~jammy) ...
Setting up libpyside2-py3-5.15 (5.15.2-2build2) ...
Setting up libignition-utils1-dev:amd64 (1.5.1-1~jammy) ...
Setting up ros-humble-image-transport-plugins (2.5.5-1jammy.20260908.011646) ...
Setting up libignition-sensors6:amd64 (6.9.0-1~jammy) ...
Setting up libignition-sensors6-force-torque:amd64 (6.9.0-1~jammy) ...
Setting up libfcl-dev:amd64 (0.7.0-3) ...
Setting up ignition-transport11-cli (11.4.2-1~jammy) ...
Setting up libignition-transport11-parameters:amd64 (11.4.2-1~jammy) ...
Setting up python3-fs (2.4.12-1) ...
Setting up libprotobuf-dev:amd64 (3.12.4-1ubuntu7.22.04.6) ...
Setting up qml-module-qtlocation:amd64 (5.15.3+dfsg-3) ...
Setting up libignition-sensors6-imu:amd64 (6.9.0-1~jammy) ...
Setting up qtquickcontrols2-5-dev:amd64 (5.15.3+dfsg-1) ...
Setting up mesa-utils (8.4.0-1ubuntu1) ...
Setting up libogrenextmeshlodgenerator2.2.5:amd64 (2.2.5+dfsg3-0ubuntu2) ...
Setting up python3-pyside2.qtcore (5.15.2-2build2) ...
Setting up libogre-1.9.0v5:amd64 (1.9.0+dfsg1-12.1ubuntu1) ...
Setting up qml-module-qtgraphicaleffects:amd64 (5.15.3-1) ...
Setting up libgflags-dev (2.2.2-2) ...
Setting up libdecor-0-plugin-1-cairo:amd64 (0.1.0-3build1) ...
Setting up qml-module-qtpositioning:amd64 (5.15.3+dfsg-3) ...
Setting up libshiboken2-dev (5.15.2-2build2) ...
Setting up libignition-sensors6-altimeter:amd64 (6.9.0-1~jammy) ...
Setting up libprotoc-dev:amd64 (3.12.4-1ubuntu7.22.04.6) ...
Setting up libsord-0-0:amd64 (0.16.8-2) ...
Setting up libsratom-0-0:amd64 (0.6.8-1) ...
Setting up libignition-transport11-log:amd64 (11.4.2-1~jammy) ...
Setting up libignition-sensors6-rendering:amd64 (6.9.0-1~jammy) ...
Setting up libdart6.12:amd64 (6.12.1+dfsg4-11build2) ...
Setting up libignition-sensors6-navsat:amd64 (6.9.0-1~jammy) ...
Setting up qml-module-qtquick-dialogs:amd64 (5.15.3-1) ...
Setting up libogrenexthlmsunlit2.2.5:amd64 (2.2.5+dfsg3-0ubuntu2) ...
Setting up libdart-collision-bullet6.12:amd64 (6.12.1+dfsg4-11build2) ...
Setting up libignition-physics5-bullet:amd64 (5.4.0-1~jammy) ...
Setting up liblilv-0-0:amd64 (0.24.12-2) ...
Setting up libignition-physics5-core-dev:amd64 (5.4.0-1~jammy) ...
Setting up libmount-dev:amd64 (2.37.2-4ubuntu3.6) ...
Setting up libignition-sensors6-logical-camera:amd64 (6.9.0-1~jammy) ...
Setting up libignition-gui6:amd64 (6.9.0-1~jammy) ...
Setting up libignition-physics5-tpelib:amd64 (5.4.0-1~jammy) ...
Setting up libogre-1.9-dev (1.9.0+dfsg1-12.1ubuntu1) ...
Setting up liburdfdom-dev:amd64 (3.0.1-1) ...
Setting up libignition-sensors6-air-pressure:amd64 (6.9.0-1~jammy) ...
Setting up libogrenexthlmspbs2.2.5:amd64 (2.2.5+dfsg3-0ubuntu2) ...
Setting up libdart-collision-ode6.12:amd64 (6.12.1+dfsg4-11build2) ...
Setting up libignition-physics5-tpe:amd64 (5.4.0-1~jammy) ...
Setting up qml-module-qtquick-controls2:amd64 (5.15.3+dfsg-1) ...
Setting up libignition-sensors6-camera:amd64 (6.9.0-1~jammy) ...
Setting up python3-pyside2.qtgui (5.15.2-2build2) ...
Setting up libignition-sensors6-lidar:amd64 (6.9.0-1~jammy) ...
Setting up libignition-sensors6-magnetometer:amd64 (6.9.0-1~jammy) ...
Setting up libignition-common4-core-dev:amd64 (4.8.1-1~jammy) ...
Setting up python3-pyside2.qtwidgets (5.15.2-2build2) ...
Setting up qml-module-qtquick-controls:amd64 (5.15.3-1) ...
Setting up libignition-utils1-cli-dev:amd64 (1.5.1-1~jammy) ...
Setting up libignition-sensors6-rgbd-camera:amd64 (6.9.0-1~jammy) ...
Setting up libignition-rendering6-ogre1:amd64 (6.6.4-1~jammy) ...
Setting up libpyside2-dev (5.15.2-2build2) ...
Setting up libignition-sensors6-gpu-lidar:amd64 (6.9.0-1~jammy) ...
Setting up libignition-physics5-tpelib-dev:amd64 (5.4.0-1~jammy) ...
Setting up libignition-sensors6-thermal-camera:amd64 (6.9.0-1~jammy) ...
Setting up libdart-utils6.12:amd64 (6.12.1+dfsg4-11build2) ...
Setting up libignition-common4-profiler-dev:amd64 (4.8.1-1~jammy) ...
Setting up libglib2.0-dev:amd64 (2.72.4-0ubuntu2.10) ...
Setting up libignition-physics5-dartsim:amd64 (5.4.0-1~jammy) ...
Setting up libignition-common4-events-dev:amd64 (4.8.1-1~jammy) ...
Setting up libignition-sensors6-segmentation-camera:amd64 (6.9.0-1~jammy) ...
Setting up libignition-msgs8-dev:amd64 (8.7.1-1~jammy) ...
Setting up libignition-sensors6-boundingbox-camera:amd64 (6.9.0-1~jammy) ...
Setting up libogrenextoverlay2.2.5:amd64 (2.2.5+dfsg3-0ubuntu2) ...
Setting up libavfilter7:amd64 (7:4.4.2-0ubuntu0.22.04.1) ...
Setting up libogrenextsceneformat2.2.5:amd64 (2.2.5+dfsg3-0ubuntu2) ...
Setting up libignition-sensors6-depth-camera:amd64 (6.9.0-1~jammy) ...
Setting up python3-pyside2.qtsvg (5.15.2-2build2) ...
Setting up libogre-next-dev (2.2.5+dfsg3-0ubuntu2) ...
Setting up libavfilter-dev:amd64 (7:4.4.2-0ubuntu0.22.04.1) ...
Setting up libdart-utils-urdf6.12:amd64 (6.12.1+dfsg4-11build2) ...
Setting up libignition-rendering6-ogre2:amd64 (6.6.4-1~jammy) ...
Setting up libavdevice58:amd64 (7:4.4.2-0ubuntu0.22.04.1) ...
Setting up ros-humble-python-qt-binding (1.1.3-1jammy.20260304.202555) ...
Setting up libavdevice-dev:amd64 (7:4.4.2-0ubuntu0.22.04.1) ...
Setting up ros-humble-qt-gui (2.2.5-1jammy.20260330.190956) ...
Setting up ros-humble-qt-gui-cpp (2.2.5-1jammy.20260907.200410) ...
Setting up ros-humble-rqt-py-common (1.1.10-2jammy.20260907.214248) ...
Setting up ros-humble-rqt-gui-cpp (1.1.10-2jammy.20260907.223131) ...
Setting up ros-humble-qt-gui-py-common (2.2.5-1jammy.20260330.190941) ...
Setting up ros-humble-rqt-gui (1.1.10-2jammy.20260907.220854) ...
Setting up libignition-common4-av-dev:amd64 (4.8.1-1~jammy) ...
Setting up ros-humble-rqt-image-view (1.2.0-2jammy.20260907.230654) ...
Setting up ros-humble-rqt-gui-py (1.1.10-2jammy.20260908.003049) ...
Setting up ros-humble-rqt-topic (1.5.1-1jammy.20260908.003931) ...
Setting up libdart-external-convhull-3d-dev:amd64 (6.12.1+dfsg4-11build2) ...
Setting up ruby-rubygems (3.3.5-2ubuntu1.2) ...
Setting up python3-fonttools (4.29.1-2build1) ...
Setting up rake (13.0.6-2) ...
Setting up python3-ufolib2 (0.13.1+dfsg1-1) ...
Setting up python3-matplotlib (3.5.1-2build1) ...
Setting up libdart-dev:amd64 (6.12.1+dfsg4-11build2) ...
Setting up libruby3.0:amd64 (3.0.2-7ubuntu2.13) ...
Setting up ros-humble-rqt-plot (1.1.5-1jammy.20260908.003815) ...
Setting up libdart-external-ikfast-dev:amd64 (6.12.1+dfsg4-11build2) ...
Setting up libdart-collision-ode-dev:amd64 (6.12.1+dfsg4-11build2) ...
Setting up ruby3.0 (3.0.2-7ubuntu2.13) ...
Setting up libdart-collision-bullet-dev:amd64 (6.12.1+dfsg4-11build2) ...
Setting up libdart-utils-dev:amd64 (6.12.1+dfsg4-11build2) ...
Setting up ruby (1:3.0~exp1) ...
Setting up libdart-utils-urdf-dev:amd64 (6.12.1+dfsg4-11build2) ...
Setting up ignition-tools:amd64 (1.5.0-1~jammy) ...
Setting up libignition-tools-dev:amd64 (1.5.0-1~jammy) ...
Setting up libsdformat12-dev:amd64 (12.9.0-1~jammy) ...
Setting up ros-humble-sdformat-urdf (1.0.1-1jammy.20260907.200150) ...
Setting up libignition-fuel-tools7:amd64 (7.3.1-1~jammy) ...
Setting up libignition-transport11-core-dev:amd64 (11.4.2-1~jammy) ...
Setting up libignition-fuel-tools7-dev:amd64 (7.3.1-1~jammy) ...
Setting up libignition-transport11-log-dev:amd64 (11.4.2-1~jammy) ...
Setting up libignition-gazebo6:amd64 (6.18.0-1~jammy) ...
Setting up libignition-physics5-sdf-dev:amd64 (5.4.0-1~jammy) ...
Setting up libignition-transport11-parameters-dev:amd64 (11.4.2-1~jammy) ...
Setting up libignition-gazebo6-plugins:amd64 (6.18.0-1~jammy) ...
Setting up libignition-transport11-dev:amd64 (11.4.2-1~jammy) ...
Setting up ros-humble-ros-gz-bridge (0.244.26-1jammy.20260907.225444) ...
Setting up ros-humble-ros-gz-image (0.244.26-1jammy.20260908.001804) ...
Processing triggers for libc-bin (2.35-0ubuntu3.15) ...
Processing triggers for man-db (2.10.2-1) ...
Processing triggers for install-info (6.8-4build1) ...
Processing triggers for mailcap (3.70+nmu1ubuntu1.22.04.1) ...
Processing triggers for fontconfig (2.13.1-4.2ubuntu5) ...
Processing triggers for desktop-file-utils (0.26-1ubuntu3) ...
Processing triggers for hicolor-icon-theme (0.17-2) ...
Processing triggers for gnome-menus (3.36.0-1ubuntu3) ...
Processing triggers for libglib2.0-0:amd64 (2.72.4-0ubuntu2.10) ...
Setting up libgts-dev:amd64 (0.7.6+darcs121130-5) ...
Setting up libignition-common4-graphics-dev:amd64 (4.8.1-1~jammy) ...
Setting up libignition-physics5-mesh-dev:amd64 (5.4.0-1~jammy) ...
Setting up libignition-common4-dev:amd64 (4.8.1-1~jammy) ...
Setting up libignition-physics5-heightmap-dev:amd64 (5.4.0-1~jammy) ...
Setting up libignition-rendering6-core-dev:amd64 (6.6.4-1~jammy) ...
Setting up libignition-physics5-bullet-dev:amd64 (5.4.0-1~jammy) ...
Setting up libignition-rendering6-ogre1-dev:amd64 (6.6.4-1~jammy) ...
Setting up libignition-physics5-tpe-dev:amd64 (5.4.0-1~jammy) ...
Setting up libignition-physics5-dartsim-dev:amd64 (5.4.0-1~jammy) ...
Setting up libignition-rendering6-ogre2-dev:amd64 (6.6.4-1~jammy) ...
Setting up libignition-gui6-dev:amd64 (6.9.0-1~jammy) ...
Setting up libignition-physics5-dev:amd64 (5.4.0-1~jammy) ...
Setting up libignition-rendering6-dev:amd64 (6.6.4-1~jammy) ...
Setting up libignition-sensors6-core-dev:amd64 (6.9.0-1~jammy) ...
Setting up libignition-sensors6-air-pressure-dev:amd64 (6.9.0-1~jammy) ...
Setting up libignition-sensors6-logical-camera-dev:amd64 (6.9.0-1~jammy) ...
Setting up libignition-sensors6-imu-dev:amd64 (6.9.0-1~jammy) ...
Setting up libignition-sensors6-force-torque-dev:amd64 (6.9.0-1~jammy) ...
Setting up libignition-sensors6-thermal-camera-dev:amd64 (6.9.0-1~jammy) ...
Setting up libignition-sensors6-magnetometer-dev:amd64 (6.9.0-1~jammy) ...
Setting up libignition-sensors6-altimeter-dev:amd64 (6.9.0-1~jammy) ...
Setting up libignition-sensors6-camera-dev:amd64 (6.9.0-1~jammy) ...
Setting up libignition-sensors6-rgbd-camera-dev:amd64 (6.9.0-1~jammy) ...
Setting up libignition-sensors6-lidar-dev:amd64 (6.9.0-1~jammy) ...
Setting up libignition-sensors6-navsat-dev:amd64 (6.9.0-1~jammy) ...
Setting up libignition-sensors6-rendering-dev:amd64 (6.9.0-1~jammy) ...
Setting up libignition-sensors6-boundingbox-camera-dev:amd64 (6.9.0-1~jammy) ...
Setting up libignition-sensors6-segmentation-camera-dev:amd64 (6.9.0-1~jammy) ...
Setting up libignition-sensors6-depth-camera-dev:amd64 (6.9.0-1~jammy) ...
Setting up libignition-sensors6-gpu-lidar-dev:amd64 (6.9.0-1~jammy) ...
Setting up libignition-sensors6-dev:amd64 (6.9.0-1~jammy) ...
Setting up libignition-gazebo6-dev:amd64 (6.18.0-1~jammy) ...
Setting up ros-humble-ros-gz-sim (0.244.26-1jammy.20260907.235058) ...
Setting up ros-humble-ros-gz-sim-demos (0.244.26-1jammy.20260908.015343) ...
Setting up ros-humble-ros-gz (0.244.26-1jammy.20260908.015605) ...
