[INFO] [launch]: All log files can be found below /home/liangys/.ros/log/2026-09-26-13-16-21-119370-ubuntu64-oc-34702
[INFO] [launch]: Default logging verbosity is set to INFO
[INFO] [ign-1]: process started with pid [34729]
[INFO] [parameter_bridge-2]: process started with pid [34731]
[INFO] [sim_adapter.py-3]: process started with pid [34733]
[INFO] [cloud_adapter.py-4]: process started with pid [34735]
[INFO] [map_display.py-5]: process started with pid [34737]
[INFO] [trajectory_generator_node-6]: process started with pid [34739]
[INFO] [rviz_safe-7]: process started with pid [34741]
[trajectory_generator_node-6] [Manager Init] map/file_path: 
[trajectory_generator_node-6] [Manager Init] map/occ_file_path: /home/liangys/RM_Sentry_2026/ros2_ws/install_sentry_sim2/trajectory_generation/share/trajectory_generation/map/occfinal.png
[trajectory_generator_node-6] [Manager Init] map/bev_file_path: /home/liangys/RM_Sentry_2026/ros2_ws/install_sentry_sim2/trajectory_generation/share/trajectory_generation/map/bevfinal.png
[trajectory_generator_node-6] [Manager Init] map/distance_map_file_path: /home/liangys/RM_Sentry_2026/ros2_ws/install_sentry_sim2/trajectory_generation/share/trajectory_generation/map/occtopo.png
[trajectory_generator_node-6] m_height_bias: 0.0152941 m_height_interval: 1.5 m_height_threshold: 0.08 height_sencond_high_threshold: 0.2
[sim_adapter.py-3] [INFO] [1790442981.653050346] [sentry_sim_adapter]: Ideal planar simulator: 0.5 s wall-time watchdog, 50 Hz feedback
[ign-1] [1;33m[GUI] [Wrn] [Application.cc:802] [0m[1;33m[QT] file::/Gazebo/GazeboDrawer.qml:242:3: QML Connections: Implicitly defined onFoo properties in Connections are deprecated. Use this syntax instead: function onFoo(<arguments>) { ... }[0m[1;33m[0m
[trajectory_generator_node-6] map swell done
[trajectory_generator_node-6] second_heights_points: 10
[trajectory_generator_node-6] xmax: 0.781 xmin: -0.719 ymax: -3.154 ymin: -5.354
[trajectory_generator_node-6] [Map Build] bev build done
[trajectory_generator_node-6] R.rows 400 R.cols 400
[trajectory_generator_node-6] start topo sample map
[trajectory_generator_node-6] [GridMap] topo_sample_map size: 185
[trajectory_generator_node-6] [GridMap] topo_keypoint size: 1603
[rviz_safe-7] [rviz_common:debug] Load pixmap at package://rviz_common/images/splash_overlay.png, at ./src/rviz_common/load_resource.cpp:71
[rviz_safe-7] [rviz_common:debug] Available Renderers(1): OpenGL Rendering Subsystem, at ./src/rviz_rendering/render_system.cpp:301
[rviz_safe-7] [rviz_common:info] Stereo is NOT SUPPORTED, at ./src/rviz_rendering/render_system.cpp:543
[rviz_safe-7] [rviz_common:info] OpenGl version: 4.5 (GLSL 4.5), at ./src/rviz_rendering/render_system.cpp:284
[rviz_safe-7] [rviz_common:debug] Load pixmap at package://rviz_common/icons/plus.png, at ./src/rviz_common/load_resource.cpp:71
[rviz_safe-7] [rviz_common:debug] Load pixmap at package://rviz_common/icons/minus.png, at ./src/rviz_common/load_resource.cpp:71
[rviz_safe-7] [rviz_common:info] Stereo is NOT SUPPORTED, at ./src/rviz_rendering/render_system.cpp:543
[rviz_safe-7] [rviz_common:debug] Load pixmap at package://rviz_default_plugins/icons/classes/TF.svg, at ./src/rviz_common/load_resource.cpp:71
[rviz_safe-7] [rviz_common:debug] Error retrieving file [file:///opt/ros/humble/share/rviz_default_plugins/icons/classes/TF.svg]: Couldn't open file /opt/ros/humble/share/rviz_default_plugins/icons/classes/TF.svg, at ./src/rviz_common/load_resource.cpp:55
[rviz_safe-7] [rviz_common:debug] Load pixmap at package://rviz_default_plugins/icons/classes/TF.png, at ./src/rviz_common/load_resource.cpp:71
[rviz_safe-7] [rviz_common:debug] Load pixmap at package://rviz_common/icons/classes/Identity.svg, at ./src/rviz_common/load_resource.cpp:71
[rviz_safe-7] [rviz_common:debug] Error retrieving file [file:///opt/ros/humble/share/rviz_common/icons/classes/Identity.svg]: Couldn't open file /opt/ros/humble/share/rviz_common/icons/classes/Identity.svg, at ./src/rviz_common/load_resource.cpp:55
[rviz_safe-7] [rviz_common:debug] Load pixmap at package://rviz_common/icons/classes/Identity.png, at ./src/rviz_common/load_resource.cpp:71
[rviz_safe-7] [rviz_common:debug] Error retrieving file [file:///opt/ros/humble/share/rviz_common/icons/classes/Identity.png]: Couldn't open file /opt/ros/humble/share/rviz_common/icons/classes/Identity.png, at ./src/rviz_common/load_resource.cpp:55
[rviz_safe-7] [rviz_common:debug] Load pixmap at package://rviz_common/icons/default_class_icon.png, at ./src/rviz_common/load_resource.cpp:71
[rviz_safe-7] [rviz_common:debug] Load pixmap at package://rviz_common/icons/options.png, at ./src/rviz_common/load_resource.cpp:71
[rviz_safe-7] [rviz_common:debug] Load pixmap at package://rviz_common/icons/ok.png, at ./src/rviz_common/load_resource.cpp:71
[rviz_safe-7] [rviz_common:debug] Load pixmap at package://rviz_common/icons/warning.png, at ./src/rviz_common/load_resource.cpp:71
[rviz_safe-7] [rviz_common:debug] Load pixmap at package://rviz_common/icons/error.png, at ./src/rviz_common/load_resource.cpp:71
[rviz_safe-7] [rviz_common:debug] Load pixmap at package://rviz_default_plugins/icons/classes/Orbit.svg, at ./src/rviz_common/load_resource.cpp:71
[rviz_safe-7] [rviz_common:debug] Error retrieving file [file:///opt/ros/humble/share/rviz_default_plugins/icons/classes/Orbit.svg]: Couldn't open file /opt/ros/humble/share/rviz_default_plugins/icons/classes/Orbit.svg, at ./src/rviz_common/load_resource.cpp:55
[rviz_safe-7] [rviz_common:debug] Load pixmap at package://rviz_default_plugins/icons/classes/Orbit.png, at ./src/rviz_common/load_resource.cpp:71
[rviz_safe-7] [rviz_common:debug] Error retrieving file [file:///opt/ros/humble/share/rviz_default_plugins/icons/classes/Orbit.png]: Couldn't open file /opt/ros/humble/share/rviz_default_plugins/icons/classes/Orbit.png, at ./src/rviz_common/load_resource.cpp:55
[rviz_safe-7] [rviz_common:debug] Load pixmap at package://rviz_common/icons/rotate.svg, at ./src/rviz_common/load_resource.cpp:71
[rviz_safe-7] [rviz_common:debug] Load pixmap at package://rviz_common/icons/cursor.svg, at ./src/rviz_common/load_resource.cpp:71
[rviz_safe-7] [rviz_common:debug] Load pixmap at package://rviz_common/icons/rotate_cam.svg, at ./src/rviz_common/load_resource.cpp:71
[rviz_safe-7] [rviz_common:debug] Load pixmap at package://rviz_common/icons/move2d.svg, at ./src/rviz_common/load_resource.cpp:71
[rviz_safe-7] [rviz_common:debug] Load pixmap at package://rviz_common/icons/move_z.svg, at ./src/rviz_common/load_resource.cpp:71
[rviz_safe-7] [rviz_common:debug] Load pixmap at package://rviz_common/icons/zoom.svg, at ./src/rviz_common/load_resource.cpp:71
[rviz_safe-7] [rviz_common:debug] Load pixmap at package://rviz_common/icons/crosshair.svg, at ./src/rviz_common/load_resource.cpp:71
[rviz_safe-7] [rviz_common:debug] Load pixmap at package://rviz_default_plugins/icons/classes/FocusCamera.svg, at ./src/rviz_common/load_resource.cpp:71
[rviz_safe-7] [rviz_common:debug] Load pixmap at package://rviz_default_plugins/icons/classes/Interact.svg, at ./src/rviz_common/load_resource.cpp:71
[rviz_safe-7] [rviz_common:debug] Error retrieving file [file:///opt/ros/humble/share/rviz_default_plugins/icons/classes/Interact.svg]: Couldn't open file /opt/ros/humble/share/rviz_default_plugins/icons/classes/Interact.svg, at ./src/rviz_common/load_resource.cpp:55
[rviz_safe-7] [rviz_common:debug] Load pixmap at package://rviz_default_plugins/icons/classes/Interact.png, at ./src/rviz_common/load_resource.cpp:71
[rviz_safe-7] [rviz_common:debug] Load pixmap at package://rviz_default_plugins/icons/classes/Measure.svg, at ./src/rviz_common/load_resource.cpp:71
[rviz_safe-7] [rviz_common:debug] Load pixmap at package://rviz_default_plugins/icons/classes/MoveCamera.svg, at ./src/rviz_common/load_resource.cpp:71
[rviz_safe-7] [rviz_common:debug] Error retrieving file [file:///opt/ros/humble/share/rviz_default_plugins/icons/classes/MoveCamera.svg]: Couldn't open file /opt/ros/humble/share/rviz_default_plugins/icons/classes/MoveCamera.svg, at ./src/rviz_common/load_resource.cpp:55
[rviz_safe-7] [rviz_common:debug] Load pixmap at package://rviz_default_plugins/icons/classes/MoveCamera.png, at ./src/rviz_common/load_resource.cpp:71
[rviz_safe-7] [rviz_common:debug] Load pixmap at package://rviz_default_plugins/icons/classes/PublishPoint.svg, at ./src/rviz_common/load_resource.cpp:71
[rviz_safe-7] [rviz_common:debug] Load pixmap at package://rviz_default_plugins/icons/classes/Select.svg, at ./src/rviz_common/load_resource.cpp:71
[rviz_safe-7] [rviz_common:debug] Error retrieving file [file:///opt/ros/humble/share/rviz_default_plugins/icons/classes/Select.svg]: Couldn't open file /opt/ros/humble/share/rviz_default_plugins/icons/classes/Select.svg, at ./src/rviz_common/load_resource.cpp:55
[rviz_safe-7] [rviz_common:debug] Load pixmap at package://rviz_default_plugins/icons/classes/Select.png, at ./src/rviz_common/load_resource.cpp:71
[rviz_safe-7] [rviz_common:debug] Load pixmap at package://rviz_default_plugins/icons/classes/SetGoal.svg, at ./src/rviz_common/load_resource.cpp:71
[rviz_safe-7] [rviz_common:debug] Error retrieving file [file:///opt/ros/humble/share/rviz_default_plugins/icons/classes/SetGoal.svg]: Couldn't open file /opt/ros/humble/share/rviz_default_plugins/icons/classes/SetGoal.svg, at ./src/rviz_common/load_resource.cpp:55
[rviz_safe-7] [rviz_common:debug] Load pixmap at package://rviz_default_plugins/icons/classes/SetGoal.png, at ./src/rviz_common/load_resource.cpp:71
[rviz_safe-7] [rviz_common:debug] Load pixmap at package://rviz_default_plugins/icons/classes/SetInitialPose.svg, at ./src/rviz_common/load_resource.cpp:71
[rviz_safe-7] [rviz_common:debug] Error retrieving file [file:///opt/ros/humble/share/rviz_default_plugins/icons/classes/SetInitialPose.svg]: Couldn't open file /opt/ros/humble/share/rviz_default_plugins/icons/classes/SetInitialPose.svg, at ./src/rviz_common/load_resource.cpp:55
[rviz_safe-7] [rviz_common:debug] Load pixmap at package://rviz_default_plugins/icons/classes/SetInitialPose.png, at ./src/rviz_common/load_resource.cpp:71
[rviz_safe-7] [rviz_common:debug] Load pixmap at package://rviz_default_plugins/icons/classes/Map.svg, at ./src/rviz_common/load_resource.cpp:71
[rviz_safe-7] [rviz_common:debug] Error retrieving file [file:///opt/ros/humble/share/rviz_default_plugins/icons/classes/Map.svg]: Couldn't open file /opt/ros/humble/share/rviz_default_plugins/icons/classes/Map.svg, at ./src/rviz_common/load_resource.cpp:55
[rviz_safe-7] [rviz_common:debug] Load pixmap at package://rviz_default_plugins/icons/classes/Map.png, at ./src/rviz_common/load_resource.cpp:71
[rviz_safe-7] [rviz_common:debug] Load pixmap at package://rviz_default_plugins/icons/classes/Grid.svg, at ./src/rviz_common/load_resource.cpp:71
[rviz_safe-7] [rviz_common:debug] Error retrieving file [file:///opt/ros/humble/share/rviz_default_plugins/icons/classes/Grid.svg]: Couldn't open file /opt/ros/humble/share/rviz_default_plugins/icons/classes/Grid.svg, at ./src/rviz_common/load_resource.cpp:55
[rviz_safe-7] [rviz_common:debug] Load pixmap at package://rviz_default_plugins/icons/classes/Grid.png, at ./src/rviz_common/load_resource.cpp:71
[rviz_safe-7] [rviz_common:debug] Load pixmap at package://rviz_default_plugins/icons/classes/PointCloud2.svg, at ./src/rviz_common/load_resource.cpp:71
[rviz_safe-7] [rviz_common:debug] Error retrieving file [file:///opt/ros/humble/share/rviz_default_plugins/icons/classes/PointCloud2.svg]: Couldn't open file /opt/ros/humble/share/rviz_default_plugins/icons/classes/PointCloud2.svg, at ./src/rviz_common/load_resource.cpp:55
[rviz_safe-7] [rviz_common:debug] Load pixmap at package://rviz_default_plugins/icons/classes/PointCloud2.png, at ./src/rviz_common/load_resource.cpp:71
[rviz_safe-7] [rviz_common:debug] Load pixmap at package://rviz_default_plugins/icons/classes/Pose.svg, at ./src/rviz_common/load_resource.cpp:71
[rviz_safe-7] [rviz_common:debug] Error retrieving file [file:///opt/ros/humble/share/rviz_default_plugins/icons/classes/Pose.svg]: Couldn't open file /opt/ros/humble/share/rviz_default_plugins/icons/classes/Pose.svg, at ./src/rviz_common/load_resource.cpp:55
[rviz_safe-7] [rviz_common:debug] Load pixmap at package://rviz_default_plugins/icons/classes/Pose.png, at ./src/rviz_common/load_resource.cpp:71
[rviz_safe-7] [rviz_common:debug] Load pixmap at package://rviz_default_plugins/icons/classes/Marker.svg, at ./src/rviz_common/load_resource.cpp:71
[rviz_safe-7] [rviz_common:debug] Error retrieving file [file:///opt/ros/humble/share/rviz_default_plugins/icons/classes/Marker.svg]: Couldn't open file /opt/ros/humble/share/rviz_default_plugins/icons/classes/Marker.svg, at ./src/rviz_common/load_resource.cpp:55
[rviz_safe-7] [rviz_common:debug] Load pixmap at package://rviz_default_plugins/icons/classes/Marker.png, at ./src/rviz_common/load_resource.cpp:71
[rviz_safe-7] [rviz_common:debug] Load pixmap at package://rviz_default_plugins/icons/classes/RGB8.svg, at ./src/rviz_common/load_resource.cpp:71
[rviz_safe-7] [rviz_common:debug] Error retrieving file [file:///opt/ros/humble/share/rviz_default_plugins/icons/classes/RGB8.svg]: Couldn't open file /opt/ros/humble/share/rviz_default_plugins/icons/classes/RGB8.svg, at ./src/rviz_common/load_resource.cpp:55
[rviz_safe-7] [rviz_common:debug] Load pixmap at package://rviz_default_plugins/icons/classes/RGB8.png, at ./src/rviz_common/load_resource.cpp:71
[rviz_safe-7] [rviz_common:debug] Error retrieving file [file:///opt/ros/humble/share/rviz_default_plugins/icons/classes/RGB8.png]: Couldn't open file /opt/ros/humble/share/rviz_default_plugins/icons/classes/RGB8.png, at ./src/rviz_common/load_resource.cpp:55
[rviz_safe-7] [rviz_common:debug] Load pixmap at package://rviz_default_plugins/icons/classes/XYZ.svg, at ./src/rviz_common/load_resource.cpp:71
[rviz_safe-7] [rviz_common:debug] Error retrieving file [file:///opt/ros/humble/share/rviz_default_plugins/icons/classes/XYZ.svg]: Couldn't open file /opt/ros/humble/share/rviz_default_plugins/icons/classes/XYZ.svg, at ./src/rviz_common/load_resource.cpp:55
[rviz_safe-7] [rviz_common:debug] Load pixmap at package://rviz_default_plugins/icons/classes/XYZ.png, at ./src/rviz_common/load_resource.cpp:71
[rviz_safe-7] [rviz_common:debug] Error retrieving file [file:///opt/ros/humble/share/rviz_default_plugins/icons/classes/XYZ.png]: Couldn't open file /opt/ros/humble/share/rviz_default_plugins/icons/classes/XYZ.png, at ./src/rviz_common/load_resource.cpp:55
[rviz_safe-7] [rviz_common:debug] Load pixmap at package://rviz_default_plugins/icons/classes/AxisColor.svg, at ./src/rviz_common/load_resource.cpp:71
[rviz_safe-7] [rviz_common:debug] Error retrieving file [file:///opt/ros/humble/share/rviz_default_plugins/icons/classes/AxisColor.svg]: Couldn't open file /opt/ros/humble/share/rviz_default_plugins/icons/classes/AxisColor.svg, at ./src/rviz_common/load_resource.cpp:55
[rviz_safe-7] [rviz_common:debug] Load pixmap at package://rviz_default_plugins/icons/classes/AxisColor.png, at ./src/rviz_common/load_resource.cpp:71
[rviz_safe-7] [rviz_common:debug] Error retrieving file [file:///opt/ros/humble/share/rviz_default_plugins/icons/classes/AxisColor.png]: Couldn't open file /opt/ros/humble/share/rviz_default_plugins/icons/classes/AxisColor.png, at ./src/rviz_common/load_resource.cpp:55
[rviz_safe-7] [rviz_common:debug] Load pixmap at package://rviz_default_plugins/icons/classes/RGBF32.svg, at ./src/rviz_common/load_resource.cpp:71
[ign-1] [1;33m[GUI] [Wrn] [Application.cc:802] [0m[1;33m[QT] file::/WorldStats/WorldStats.qml:53:3: QML RowLayout: Binding loop detected for property "x"[0m[1;33m[0m
[rviz_safe-7] [rviz_common:error] Vertex Program:rviz/glsl120/indexed_8bit_image.vert Fragment Program:rviz/glsl120/indexed_8bit_image.frag GLSL link result : 
[rviz_safe-7] active samplers with a different type refer to the same texture image unit, at ./src/rviz_rendering/ogre_logging.cpp:70
[parameter_bridge-2] [INFO] [1790442982.271993654] [sentry_gazebo_bridge]: Creating GZ->ROS Bridge: [/clock (ignition.msgs.Clock) -> /clock (rosgraph_msgs/msg/Clock)] (Lazy 0)
[parameter_bridge-2] [INFO] [1790442982.274624423] [sentry_gazebo_bridge]: Creating ROS->GZ Bridge: [/sim/guarded_cmd_vel (geometry_msgs/msg/Twist) -> /model/sentry/cmd_vel (ignition.msgs.Twist)] (Lazy 0)
[parameter_bridge-2] [INFO] [1790442982.277777294] [sentry_gazebo_bridge]: Creating GZ->ROS Bridge: [/model/sentry/odometry (ignition.msgs.Odometry) -> /sim/ground_truth/odometry (nav_msgs/msg/Odometry)] (Lazy 0)
[parameter_bridge-2] [INFO] [1790442982.281770033] [sentry_gazebo_bridge]: Creating GZ->ROS Bridge: [/sentry/lidar/points (ignition.msgs.PointCloudPacked) -> /sim/lidar/native (sensor_msgs/msg/PointCloud2)] (Lazy 0)
[parameter_bridge-2] [INFO] [1790442982.290743037] [sentry_gazebo_bridge]: Passing message from ROS geometry_msgs/msg/Twist to Gazebo gz.msgs.Twist (showing msg only once per type)
[ign-1] libEGL warning: Not allowed to force software rendering when API explicitly selects a hardware device.
[ign-1] [1;33m[GUI] [Wrn] [Ogre2RenderTarget.cc:574] [0m[1;33mAnti-aliasing level of '[0m[1;33m8[0m[1;33m' [0m[1;33mis not supported; valid FSAA levels are: [0m[1;33m[ 0 4 ][0m[1;33m. Setting to 0[0m[1;33m[0m
[ign-1] [1;32m[Msg] [0m[1;32mReceived world [[0m[1;32m/home/liangys/RM_Sentry_2026/ros2_ws/install_sentry_sim2/sentry_gazebo/share/sentry_gazebo/worlds/planning.sdf[0m[1;32m] from the GUI.[0m[1;32m[0m
[ign-1] [1;32m[Msg] [0m[1;32mIgnition Gazebo Server v[0m[1;32m6.18.0[0m[1;32m[0m
[ign-1] [1;32m[Msg] [0m[1;32mLoading SDF world file[[0m[1;32m/home/liangys/RM_Sentry_2026/ros2_ws/install_sentry_sim2/sentry_gazebo/share/sentry_gazebo/worlds/planning.sdf[0m[1;32m].[0m
[ign-1] [1;32m[Msg] [0m[1;32mServing entity system service on [[0m[1;32m/[0m[1;32mentity/system/add[0m[1;32m][0m[1;32m[0m
[ign-1] [1;32m[Msg] [0m[1;32mCreate service on [[0m[1;32m/world/sentry_planning/create[0m[1;32m][0m[1;32m[0m
[ign-1] [1;32m[Msg] [0m[1;32mRemove service on [[0m[1;32m/world/sentry_planning/remove[0m[1;32m][0m[1;32m[0m
[ign-1] [1;32m[Msg] [0m[1;32mPose service on [[0m[1;32m/world/sentry_planning/set_pose[0m[1;32m][0m[1;32m[0m
[ign-1] [1;32m[Msg] [0m[1;32mPose service on [[0m[1;32m/world/sentry_planning/set_pose_vector[0m[1;32m][0m[1;32m[0m
[ign-1] [1;32m[Msg] [0m[1;32mLight configuration service on [[0m[1;32m/world/sentry_planning/light_config[0m[1;32m][0m[1;32m[0m
[ign-1] [1;32m[Msg] [0m[1;32mPhysics service on [[0m[1;32m/world/sentry_planning/set_physics[0m[1;32m][0m[1;32m[0m
[ign-1] [1;32m[Msg] [0m[1;32mSphericalCoordinates service on [[0m[1;32m/world/sentry_planning/set_spherical_coordinates[0m[1;32m][0m[1;32m[0m
[ign-1] [1;32m[Msg] [0m[1;32mEnable collision service on [[0m[1;32m/world/sentry_planning/enable_collision[0m[1;32m][0m[1;32m[0m
[ign-1] [1;32m[Msg] [0m[1;32mDisable collision service on [[0m[1;32m/world/sentry_planning/disable_collision[0m[1;32m][0m[1;32m[0m
[ign-1] [1;32m[Msg] [0m[1;32mMaterial service on [[0m[1;32m/world/sentry_planning/visual_config[0m[1;32m][0m[1;32m[0m
[ign-1] [1;32m[Msg] [0m[1;32mMaterial service on [[0m[1;32m/world/sentry_planning/wheel_slip[0m[1;32m][0m[1;32m[0m
[ign-1] [1;32m[Msg] [0m[1;32mVelocityControl subscribing to twist messages on [[0m[1;32m/model/sentry/cmd_vel[0m[1;32m][0m[1;32m[0m
[ign-1] [1;32m[Msg] [0m[1;32mOdometryPublisher publishing odometry on [[0m[1;32m/model/sentry/odometry[0m[1;32m][0m[1;32m[0m
[ign-1] [1;32m[Msg] [0m[1;32mOdometryPublisher publishing odometry with covariance on [[0m[1;32m/model/sentry/odometry_with_covariance[0m[1;32m][0m[1;32m[0m
[ign-1] [1;32m[Msg] [0m[1;32mOdometryPublisher publishing Pose_V (TF) on [[0m[1;32m/model/sentry/pose[0m[1;32m][0m[1;32m[0m
[ign-1] [1;32m[Msg] [0m[1;32mLoaded level [[0m[1;32m3[0m[1;32m][0m[1;32m[0m
[ign-1] [1;32m[Msg] [0m[1;32mServing world controls on [[0m[1;32m/world/sentry_planning[0m[1;32m/control], [[0m[1;32m/world/sentry_planning[0m[1;32m/control/state] and [[0m[1;32m/world/sentry_planning[0m[1;32m/playback/control][0m[1;32m[0m
[ign-1] [1;32m[Msg] [0m[1;32mServing GUI information on [[0m[1;32m/world/sentry_planning[0m[1;32m/[0m[1;32mgui/info[0m[1;32m][0m[1;32m[0m
[ign-1] [1;32m[Msg] [0m[1;32mWorld [[0m[1;32msentry_planning[0m[1;32m] initialized with [[0m[1;32mfixed_step[0m[1;32m] physics profile.[0m[1;32m[0m
[ign-1] [1;32m[Msg] [0m[1;32mServing world SDF generation service on [[0m[1;32m/world/sentry_planning[0m[1;32m/[0m[1;32mgenerate_world_sdf[0m[1;32m][0m[1;32m[0m
[ign-1] [1;32m[Msg] [0m[1;32mServing world names on [[0m[1;32m/gazebo/worlds[0m[1;32m][0m[1;32m[0m
[ign-1] [1;32m[Msg] [0m[1;32mResource path add service on [[0m[1;32m/gazebo/resource_paths/add[0m[1;32m].[0m[1;32m[0m
[ign-1] [1;32m[Msg] [0m[1;32mResource path get service on [[0m[1;32m/gazebo/resource_paths/get[0m[1;32m].[0m[1;32m[0m
[ign-1] [1;32m[Msg] [0m[1;32mResource path resolve service on [[0m[1;32m/gazebo/resource_paths/resolve[0m[1;32m].[0m[1;32m[0m
[ign-1] [1;32m[Msg] [0m[1;32mResource paths published on [[0m[1;32m/gazebo/resource_paths[0m[1;32m].[0m[1;32m[0m
[ign-1] [1;32m[Msg] [0m[1;32mServer control service on [[0m[1;32m/server_control[0m[1;32m].[0m[1;32m[0m
[ign-1] [1;32m[Msg] [0m[1;32mFound no publishers on /stats, adding root stats topic[0m[1;32m[0m
[ign-1] libEGL warning: Not allowed to force software rendering when API explicitly selects a hardware device.
[rviz_safe-7] [rviz_common:debug] Error retrieving file [file:///opt/ros/humble/share/rviz_default_plugins/icons/classes/RGBF32.svg]: Couldn't open file /opt/ros/humble/share/rviz_default_plugins/icons/classes/RGBF32.svg, at ./src/rviz_common/load_resource.cpp:55
[rviz_safe-7] [rviz_common:debug] Load pixmap at package://rviz_default_plugins/icons/classes/RGBF32.png, at ./src/rviz_common/load_resource.cpp:71
[rviz_safe-7] [rviz_common:debug] Error retrieving file [file:///opt/ros/humble/share/rviz_default_plugins/icons/classes/RGBF32.png]: Couldn't open file /opt/ros/humble/share/rviz_default_plugins/icons/classes/RGBF32.png, at ./src/rviz_common/load_resource.cpp:55
[rviz_safe-7] [rviz_common:debug] Load pixmap at package://rviz_default_plugins/icons/classes/Intensity.svg, at ./src/rviz_common/load_resource.cpp:71
[rviz_safe-7] [rviz_common:debug] Error retrieving file [file:///opt/ros/humble/share/rviz_default_plugins/icons/classes/Intensity.svg]: Couldn't open file /opt/ros/humble/share/rviz_default_plugins/icons/classes/Intensity.svg, at ./src/rviz_common/load_resource.cpp:55
[rviz_safe-7] [rviz_common:debug] Load pixmap at package://rviz_default_plugins/icons/classes/Intensity.png, at ./src/rviz_common/load_resource.cpp:71
[rviz_safe-7] [rviz_common:debug] Error retrieving file [file:///opt/ros/humble/share/rviz_default_plugins/icons/classes/Intensity.png]: Couldn't open file /opt/ros/humble/share/rviz_default_plugins/icons/classes/Intensity.png, at ./src/rviz_common/load_resource.cpp:55
[rviz_safe-7] [rviz_common:debug] Load pixmap at package://rviz_default_plugins/icons/classes/FlatColor.svg, at ./src/rviz_common/load_resource.cpp:71
[rviz_safe-7] [rviz_common:debug] Error retrieving file [file:///opt/ros/humble/share/rviz_default_plugins/icons/classes/FlatColor.svg]: Couldn't open file /opt/ros/humble/share/rviz_default_plugins/icons/classes/FlatColor.svg, at ./src/rviz_common/load_resource.cpp:55
[rviz_safe-7] [rviz_common:debug] Load pixmap at package://rviz_default_plugins/icons/classes/FlatColor.png, at ./src/rviz_common/load_resource.cpp:71
[rviz_safe-7] [rviz_common:debug] Error retrieving file [file:///opt/ros/humble/share/rviz_default_plugins/icons/classes/FlatColor.png]: Couldn't open file /opt/ros/humble/share/rviz_default_plugins/icons/classes/FlatColor.png, at ./src/rviz_common/load_resource.cpp:55
[rviz_safe-7] [rviz_common:debug] Load pixmap at package://rviz_common/icons/classes/Displays.svg, at ./src/rviz_common/load_resource.cpp:71
[rviz_safe-7] [rviz_common:debug] Load pixmap at package://rviz_common/icons/close.png, at ./src/rviz_common/load_resource.cpp:71
[rviz_safe-7] [rviz_common:debug] Received a 400 X 400 map @ 0.05m/pix
[rviz_safe-7] , at ./src/rviz_default_plugins/displays/map/map_display.cpp:520
[rviz_safe-7] [rviz_common:info] Trying to create a map of size 400 x 400 using 1 swatches, at ./src/rviz_default_plugins/displays/map/map_display.cpp:399
[trajectory_generator_node-6] [INFO] [1790442991.441480170] [trajectory_generation]: FSM accepted manual goal goal=(-2.72, 1.95, 0.02)
[trajectory_generator_node-6] [Manager] start point, (x, y): (-0.92, -4.45)
[trajectory_generator_node-6] [Manager] receive target, (x, y): (-2.72, 1.95)
[trajectory_generator_node-6] [Topo]: m_graph before num: 1605
[trajectory_generator_node-6] [Topo]: dijkstra time: 0.250886
[trajectory_generator_node-6] [Topo]: topo search time: 1.424367
[trajectory_generator_node-6] [Topo]: m_graph num: 2575
[trajectory_generator_node-6] [DIAG] origin_path (Dijkstra) size: 5
[trajectory_generator_node-6] [DIAG]   origin[0]: (-0.919, -4.454, 0.015)
[trajectory_generator_node-6] [DIAG]   origin[1]: (-5.019, -1.604, 0.015)
[trajectory_generator_node-6] [DIAG]   origin[2]: (-3.769, 2.396, 0.015)
[trajectory_generator_node-6] [DIAG]   origin[3]: (-1.719, 1.946, 0.015)
[trajectory_generator_node-6] [DIAG]   origin[4]: (-2.719, 1.946, 0.015)
[trajectory_generator_node-6] [DIAG] lineVisib(start→end DIRECT): false  colli=(-1.42,-2.65)
[trajectory_generator_node-6] [DIAG] direct line: 132 steps, 92 wall cells
[trajectory_generator_node-6] [smoothTopoPath] INPUT size=5
[trajectory_generator_node-6] [smoothTopoPath]   in[0]: (-0.919, -4.454, 0.015)
[trajectory_generator_node-6] [smoothTopoPath]   in[1]: (-5.019, -1.604, 0.015)
[trajectory_generator_node-6] [smoothTopoPath]   in[2]: (-3.769, 2.396, 0.015)
[trajectory_generator_node-6] [smoothTopoPath]   in[3]: (-1.719, 1.946, 0.015)
[trajectory_generator_node-6] [smoothTopoPath]   in[4]: (-2.719, 1.946, 0.015)
[trajectory_generator_node-6] [smoothTopoPath] lineVisib(start→end): false  colli=(-1.42,-2.65)
[trajectory_generator_node-6] [smoothTopoPath] stuck detected, skipping to topo[4]
[trajectory_generator_node-6] [smoothTopoPath] OUTPUT size=8, iter_count=7
[trajectory_generator_node-6] [smoothTopoPath]   out[0]: (-0.919, -4.454, 0.015)
[trajectory_generator_node-6] [smoothTopoPath]   out[1]: (-4.840, -0.515, 0.015)
[trajectory_generator_node-6] [smoothTopoPath]   out[2]: (-3.299, 2.232, 0.015)
[trajectory_generator_node-6] [smoothTopoPath]   out[3]: (-2.168, 2.139, 0.015)
[trajectory_generator_node-6] [smoothTopoPath]   out[4]: (-2.555, 2.131, 0.015)
[trajectory_generator_node-6] [smoothTopoPath]   out[5]: (-2.134, 2.182, 0.015)
[trajectory_generator_node-6] [smoothTopoPath]   out[6]: (-2.719, 1.946, 0.015)
[trajectory_generator_node-6] [smoothTopoPath]   out[7]: (-2.719, 1.946, 0.015)
[trajectory_generator_node-6] [DIAG] optimized_path (smoothTopoPath) size: 8
[trajectory_generator_node-6] [DIAG]   opt[0]: (-0.919, -4.454, 0.015)
[trajectory_generator_node-6] [DIAG]   opt[1]: (-4.840, -0.515, 0.015)
[trajectory_generator_node-6] [DIAG]   opt[2]: (-3.299, 2.232, 0.015)
[trajectory_generator_node-6] [DIAG]   opt[3]: (-2.168, 2.139, 0.015)
[trajectory_generator_node-6] [DIAG]   opt[4]: (-2.555, 2.131, 0.015)
[trajectory_generator_node-6] [DIAG]   opt[5]: (-2.134, 2.182, 0.015)
[trajectory_generator_node-6] [DIAG]   opt[6]: (-2.719, 1.946, 0.015)
[trajectory_generator_node-6] [DIAG]   opt[7]: (-2.719, 1.946, 0.015)
[trajectory_generator_node-6] optimized_path size: 8
[trajectory_generator_node-6] [Manager] reference_speed: (2.00)
[trajectory_generator_node-6] [LBFGS] search direction d: -0.000259367  0.000988196   0.00215131  -0.00201763  0.000242986   0.00109051 -0.000529618 -0.000161126 -0.000327121  0.000667277  0.000319451  -0.00148139   0.00107518  0.000608288  -0.00155368   0.00100551 -9.78296e-05 -0.000467992  0.000843615  0.000675183  -0.00218564  -0.00152314  0.000635287 -0.000220229  -0.00247022  0.000570139   0.00303293  -0.00283143  -0.00229534   0.00555053   0.00114754  -0.00408768  -0.00141078   0.00416169 -0.000275842  -0.00138834 -0.000367446 -0.000233017  -0.00122332  -0.00176163   0.00179196 -0.000275418 -0.000832343  0.000238745  0.000594034 -0.000191323 -0.000480594  0.000116229  0.000865987  -0.00112364  0.000236784  0.000872174  -0.00108553  5.87767e-05  0.000990929  -0.00167189  0.000817145   0.00101441  -0.00107782   0.00200682  0.000834691  -0.00172207   0.00227418 -0.000958588 -0.000503853   0.00157964  -0.00206838   0.00161716   0.00154396 -0.000595892  0.000118687  0.000267423   0.00254601 -0.000441059  0.000436742  0.000422439  0.000165288 -0.000200116  0.000154897  0.000139578 -9.84461e-05 -1.62294e-05  5.79407e-05  6.51369e-05 -6.52767e-05 -8.38455e-05  0.000164635 -6.56182e-05 -0.000110664  0.000185992 -3.52418e-05 -1.33423e-05  8.59989e-05 -4.93319e-05  4.98373e-05  7.60081e-05 -0.000218245  0.000124167   0.00017924 -0.000267848  0.000118346  0.000209274 -9.04139e-05 -0.000165707  0.000561472  0.000595896  0.000282397  0.000337866  0.000279251  6.25572e-05  0.000111763  0.000189129
[trajectory_generator_node-6] [Smooth Optimize] MINCO reaches max evaluations: Line search reaches the maximum try number, assumptions not satisfied or precision not achievable.
[trajectory_generator_node-6] [Smooth Optimize] MINCO: cost=371.1 total_T=5.461(init 5.423) max_drift=0.328 max_vel=3.0 segs=38
[trajectory_generator_node-6] [Smooth Resample] resample
[trajectory_generator_node-6] [Smooth Resample] 39 -> 20 waypoints, 19 time segs, max_turn=164.4 deg
[trajectory_generator_node-6] [Manager] optimizer generate time: 0.675964
[trajectory_generator_node-6] [Reference] path size : 20
[trajectory_generator_node-6] [Reference] solvePolyMatrix ENTER: N=19, path_size=20, trap_time_size=19
[trajectory_generator_node-6] [Reference]   path[0]=(-0.9190,-4.4540) path[1]=(-1.1994,-4.1719) t[0]=0.308806 state_vel=(0.0000,0.0000)
[trajectory_generator_node-6] [Reference] banded solve done. b[0]=-6.596713 b[N]=12.235433 b2[0]=6.641367 b2[N]=9.406608
[trajectory_generator_node-6] [Reference] solvePolyMatrix EXIT: polyX[0]=[1.157506 -3.298356 -0.000000 -0.919000]
[trajectory_generator_node-6] [Reference] solvePolyMatrix ENTER: N=19, path_size=20, trap_time_size=19
[trajectory_generator_node-6] [Reference]   path[0]=(-0.9190,-4.4540) path[1]=(-1.1994,-4.1719) t[0]=0.339687 state_vel=(0.0000,0.0000)
[trajectory_generator_node-6] [Reference] banded solve done. b[0]=-5.458957 b[N]=10.111927 b2[0]=5.495882 b2[N]=7.774057
[trajectory_generator_node-6] [Reference] solvePolyMatrix EXIT: polyX[0]=[0.880144 -2.729479 0.000000 -0.919000]
[trajectory_generator_node-6] [Reference] solvePolyMatrix ENTER: N=19, path_size=20, trap_time_size=19
[trajectory_generator_node-6] [Reference]   path[0]=(-0.9190,-4.4540) path[1]=(-1.1994,-4.1719) t[0]=0.373656 state_vel=(0.0000,0.0000)
[trajectory_generator_node-6] [Reference] banded solve done. b[0]=-4.518614 b[N]=8.356567 b2[0]=4.549154 b2[N]=6.424376
[trajectory_generator_node-6] [Reference] solvePolyMatrix EXIT: polyX[0]=[0.670738 -2.259307 0.000000 -0.919000]
[trajectory_generator_node-6] [Reference] solvePolyMatrix ENTER: N=19, path_size=20, trap_time_size=19
[trajectory_generator_node-6] [Reference]   path[0]=(-0.9190,-4.4540) path[1]=(-1.1994,-4.1719) t[0]=0.411021 state_vel=(0.0000,0.0000)
[trajectory_generator_node-6] [Reference] banded solve done. b[0]=-3.741322 b[N]=6.900240 b2[0]=3.766586 b2[N]=5.305779
[trajectory_generator_node-6] [Reference] solvePolyMatrix EXIT: polyX[0]=[0.512367 -1.870661 0.000000 -0.919000]
[trajectory_generator_node-6] [Reference] solvePolyMatrix ENTER: N=19, path_size=20, trap_time_size=19
[trajectory_generator_node-6] [Reference]   path[0]=(-0.9190,-4.4540) path[1]=(-1.1994,-4.1719) t[0]=0.452123 state_vel=(0.0000,0.0000)
[trajectory_generator_node-6] [Reference] banded solve done. b[0]=-3.134549 b[N]=5.696666 b2[0]=3.155639 b2[N]=4.381598
[trajectory_generator_node-6] [Reference] solvePolyMatrix EXIT: polyX[0]=[0.432001 -1.567275 -0.000000 -0.919000]
[trajectory_generator_node-6] [Reference] solvePolyMatrix ENTER: N=19, path_size=20, trap_time_size=19
[trajectory_generator_node-6] [Reference]   path[0]=(-0.9190,-4.4540) path[1]=(-1.1994,-4.1719) t[0]=0.497336 state_vel=(0.0000,0.0000)
[trajectory_generator_node-6] [Reference] banded solve done. b[0]=-2.634700 b[N]=4.702056 b2[0]=2.652348 b2[N]=3.618074
[trajectory_generator_node-6] [Reference] solvePolyMatrix EXIT: polyX[0]=[0.368969 -1.317350 0.000000 -0.919000]
[trajectory_generator_node-6] [Reference] solvePolyMatrix ENTER: N=19, path_size=20, trap_time_size=19
[trajectory_generator_node-6] [Reference]   path[0]=(-0.9190,-4.4540) path[1]=(-1.1994,-4.1719) t[0]=0.497336 state_vel=(0.0000,0.0000)
[trajectory_generator_node-6] [Reference] banded solve done. b[0]=-2.634700 b[N]=3.880204 b2[0]=2.652348 b2[N]=2.987307
[trajectory_generator_node-6] [Reference] solvePolyMatrix EXIT: polyX[0]=[0.368969 -1.317350 0.000000 -0.919000]
[trajectory_generator_node-6] [Reference] solvePolyMatrix ENTER: N=19, path_size=20, trap_time_size=19
[trajectory_generator_node-6] [Reference]   path[0]=(-0.9190,-4.4540) path[1]=(-1.1994,-4.1719) t[0]=0.497336 state_vel=(0.0000,0.0000)
[trajectory_generator_node-6] [Reference] banded solve done. b[0]=-2.634700 b[N]=3.201176 b2[0]=2.652348 b2[N]=2.466239
[trajectory_generator_node-6] [Reference] solvePolyMatrix EXIT: polyX[0]=[0.368969 -1.317350 0.000000 -0.919000]
[trajectory_generator_node-6] [Reference] solvePolyMatrix ENTER: N=19, path_size=20, trap_time_size=19
[trajectory_generator_node-6] [Reference]   path[0]=(-0.9190,-4.4540) path[1]=(-1.1994,-4.1719) t[0]=0.497336 state_vel=(0.0000,0.0000)
[trajectory_generator_node-6] [Reference] banded solve done. b[0]=-2.634700 b[N]=2.640221 b2[0]=2.652348 b2[N]=2.035816
[trajectory_generator_node-6] [Reference] solvePolyMatrix EXIT: polyX[0]=[0.368969 -1.317350 0.000000 -0.919000]
[trajectory_generator_node-6] [INFO] [1790442993.586463006] [trajectory_generation]: FSM published 19 trajectory pieces
[trajectory_generator_node-6] [Manager REPLAN]  cur position point (X, Y) = (-0.919000, -4.454000), target point (X, Y) = (-2.719000, 1.946000)
[trajectory_generator_node-6] [Manager REPLAN] target_temp (X, Y) = (-2.719000, 1.946000)
[trajectory_generator_node-6] [Manager REPLAN] path safe & target unchanged, re-anchoring from cur pos
[trajectory_generator_node-6] [LBFGS] search direction d: -0.000259367  0.000988196   0.00215131  -0.00201763  0.000242986   0.00109051 -0.000529618 -0.000161126 -0.000327121  0.000667277  0.000319451  -0.00148139   0.00107518  0.000608288  -0.00155368   0.00100551 -9.78296e-05 -0.000467992  0.000843615  0.000675183  -0.00218564  -0.00152314  0.000635287 -0.000220229  -0.00247022  0.000570139   0.00303293  -0.00283143  -0.00229534   0.00555053   0.00114754  -0.00408768  -0.00141078   0.00416169 -0.000275842  -0.00138834 -0.000367446 -0.000233017  -0.00122332  -0.00176163   0.00179196 -0.000275418 -0.000832343  0.000238745  0.000594034 -0.000191323 -0.000480594  0.000116229  0.000865987  -0.00112364  0.000236784  0.000872174  -0.00108553  5.87767e-05  0.000990929  -0.00167189  0.000817145   0.00101441  -0.00107782   0.00200682  0.000834691  -0.00172207   0.00227418 -0.000958588 -0.000503853   0.00157964  -0.00206838   0.00161716   0.00154396 -0.000595892  0.000118687  0.000267423   0.00254601 -0.000441059  0.000436742  0.000422439  0.000165288 -0.000200116  0.000154897  0.000139578 -9.84461e-05 -1.62294e-05  5.79407e-05  6.51369e-05 -6.52767e-05 -8.38455e-05  0.000164635 -6.56182e-05 -0.000110664  0.000185992 -3.52418e-05 -1.33423e-05  8.59989e-05 -4.93319e-05  4.98373e-05  7.60081e-05 -0.000218245  0.000124167   0.00017924 -0.000267848  0.000118346  0.000209274 -9.04139e-05 -0.000165707  0.000561472  0.000595896  0.000282397  0.000337866  0.000279251  6.25572e-05  0.000111763  0.000189129
[trajectory_generator_node-6] [Smooth Optimize] MINCO reaches max evaluations: Line search reaches the maximum try number, assumptions not satisfied or precision not achievable.
[trajectory_generator_node-6] [Smooth Optimize] MINCO: cost=371.1 total_T=5.461(init 5.423) max_drift=0.328 max_vel=3.0 segs=38
[trajectory_generator_node-6] [Smooth Resample] resample
[trajectory_generator_node-6] [Smooth Resample] 39 -> 20 waypoints, 19 time segs, max_turn=164.4 deg
[trajectory_generator_node-6] [Reference] path size : 20
[trajectory_generator_node-6] [Reference] solvePolyMatrix ENTER: N=19, path_size=20, trap_time_size=19
[trajectory_generator_node-6] [Reference]   path[0]=(-0.9190,-4.4540) path[1]=(-1.1994,-4.1719) t[0]=0.308806 state_vel=(0.0000,0.0000)
[trajectory_generator_node-6] [Reference] banded solve done. b[0]=-6.596713 b[N]=12.235433 b2[0]=6.641367 b2[N]=9.406608
[trajectory_generator_node-6] [Reference] solvePolyMatrix EXIT: polyX[0]=[1.157506 -3.298356 0.000000 -0.919000]
[trajectory_generator_node-6] [Reference] solvePolyMatrix ENTER: N=19, path_size=20, trap_time_size=19
[trajectory_generator_node-6] [Reference]   path[0]=(-0.9190,-4.4540) path[1]=(-1.1994,-4.1719) t[0]=0.339687 state_vel=(0.0000,0.0000)
[trajectory_generator_node-6] [Reference] banded solve done. b[0]=-5.458957 b[N]=10.111927 b2[0]=5.495882 b2[N]=7.774057
[trajectory_generator_node-6] [Reference] solvePolyMatrix EXIT: polyX[0]=[0.880144 -2.729479 0.000000 -0.919000]
[trajectory_generator_node-6] [Reference] solvePolyMatrix ENTER: N=19, path_size=20, trap_time_size=19
[trajectory_generator_node-6] [Reference]   path[0]=(-0.9190,-4.4540) path[1]=(-1.1994,-4.1719) t[0]=0.373656 state_vel=(0.0000,0.0000)
[trajectory_generator_node-6] [Reference] banded solve done. b[0]=-4.518614 b[N]=8.356567 b2[0]=4.549154 b2[N]=6.424376
[trajectory_generator_node-6] [Reference] solvePolyMatrix EXIT: polyX[0]=[0.670738 -2.259307 0.000000 -0.919000]
[trajectory_generator_node-6] [Reference] solvePolyMatrix ENTER: N=19, path_size=20, trap_time_size=19
[trajectory_generator_node-6] [Reference]   path[0]=(-0.9190,-4.4540) path[1]=(-1.1994,-4.1719) t[0]=0.411021 state_vel=(0.0000,0.0000)
[trajectory_generator_node-6] [Reference] banded solve done. b[0]=-3.741322 b[N]=6.900240 b2[0]=3.766586 b2[N]=5.305779
[trajectory_generator_node-6] [Reference] solvePolyMatrix EXIT: polyX[0]=[0.512367 -1.870661 0.000000 -0.919000]
[trajectory_generator_node-6] [Reference] solvePolyMatrix ENTER: N=19, path_size=20, trap_time_size=19
[trajectory_generator_node-6] [Reference]   path[0]=(-0.9190,-4.4540) path[1]=(-1.1994,-4.1719) t[0]=0.452123 state_vel=(0.0000,0.0000)
[trajectory_generator_node-6] [Reference] banded solve done. b[0]=-3.134549 b[N]=5.696666 b2[0]=3.155639 b2[N]=4.381598
[trajectory_generator_node-6] [Reference] solvePolyMatrix EXIT: polyX[0]=[0.432001 -1.567275 0.000000 -0.919000]
[trajectory_generator_node-6] [Reference] solvePolyMatrix ENTER: N=19, path_size=20, trap_time_size=19
[trajectory_generator_node-6] [Reference]   path[0]=(-0.9190,-4.4540) path[1]=(-1.1994,-4.1719) t[0]=0.497336 state_vel=(0.0000,0.0000)
[trajectory_generator_node-6] [Reference] banded solve done. b[0]=-2.634700 b[N]=4.702056 b2[0]=2.652348 b2[N]=3.618074
[trajectory_generator_node-6] [Reference] solvePolyMatrix EXIT: polyX[0]=[0.368969 -1.317350 0.000000 -0.919000]
[trajectory_generator_node-6] [Reference] solvePolyMatrix ENTER: N=19, path_size=20, trap_time_size=19
[trajectory_generator_node-6] [Reference]   path[0]=(-0.9190,-4.4540) path[1]=(-1.1994,-4.1719) t[0]=0.497336 state_vel=(0.0000,0.0000)
[trajectory_generator_node-6] [Reference] banded solve done. b[0]=-2.634700 b[N]=3.880204 b2[0]=2.652348 b2[N]=2.987307
[trajectory_generator_node-6] [Reference] solvePolyMatrix EXIT: polyX[0]=[0.368969 -1.317350 0.000000 -0.919000]
[trajectory_generator_node-6] [Reference] solvePolyMatrix ENTER: N=19, path_size=20, trap_time_size=19
[trajectory_generator_node-6] [Reference]   path[0]=(-0.9190,-4.4540) path[1]=(-1.1994,-4.1719) t[0]=0.497336 state_vel=(0.0000,0.0000)
[trajectory_generator_node-6] [Reference] banded solve done. b[0]=-2.634700 b[N]=3.201176 b2[0]=2.652348 b2[N]=2.466239
[trajectory_generator_node-6] [Reference] solvePolyMatrix EXIT: polyX[0]=[0.368969 -1.317350 0.000000 -0.919000]
[trajectory_generator_node-6] [Reference] solvePolyMatrix ENTER: N=19, path_size=20, trap_time_size=19
[trajectory_generator_node-6] [Reference]   path[0]=(-0.9190,-4.4540) path[1]=(-1.1994,-4.1719) t[0]=0.497336 state_vel=(0.0000,0.0000)
[trajectory_generator_node-6] [Reference] banded solve done. b[0]=-2.634700 b[N]=2.640221 b2[0]=2.652348 b2[N]=2.035816
[trajectory_generator_node-6] [Reference] solvePolyMatrix EXIT: polyX[0]=[0.368969 -1.317350 0.000000 -0.919000]
[trajectory_generator_node-6] [INFO] [1790442994.320527876] [trajectory_generation]: FSM published 19 trajectory pieces
[trajectory_generator_node-6] [INFO] [1790442995.662362677] [trajectory_generation]: FSM accepted manual goal goal=(-2.72, 1.95, 0.02)
[trajectory_generator_node-6] [Manager] start point, (x, y): (-0.92, -4.45)
[trajectory_generator_node-6] [Manager] receive target, (x, y): (-2.72, 1.95)
[trajectory_generator_node-6] [Topo]: m_graph before num: 1605
[trajectory_generator_node-6] [Topo]: dijkstra time: 0.246945
[trajectory_generator_node-6] [Topo]: topo search time: 1.051950
[trajectory_generator_node-6] [Topo]: m_graph num: 2579
[trajectory_generator_node-6] [DIAG] origin_path (Dijkstra) size: 5
[trajectory_generator_node-6] [DIAG]   origin[0]: (-0.919, -4.454, 0.015)
[trajectory_generator_node-6] [DIAG]   origin[1]: (-5.019, -1.604, 0.015)
[trajectory_generator_node-6] [DIAG]   origin[2]: (-3.769, 2.396, 0.015)
[trajectory_generator_node-6] [DIAG]   origin[3]: (-1.719, 1.946, 0.015)
[trajectory_generator_node-6] [DIAG]   origin[4]: (-2.719, 1.946, 0.015)
[trajectory_generator_node-6] [DIAG] lineVisib(start→end DIRECT): false  colli=(-1.42,-2.65)
[trajectory_generator_node-6] [DIAG] direct line: 132 steps, 92 wall cells
[trajectory_generator_node-6] [smoothTopoPath] INPUT size=5
[trajectory_generator_node-6] [smoothTopoPath]   in[0]: (-0.919, -4.454, 0.015)
[trajectory_generator_node-6] [smoothTopoPath]   in[1]: (-5.019, -1.604, 0.015)
[trajectory_generator_node-6] [smoothTopoPath]   in[2]: (-3.769, 2.396, 0.015)
[trajectory_generator_node-6] [smoothTopoPath]   in[3]: (-1.719, 1.946, 0.015)
[trajectory_generator_node-6] [smoothTopoPath]   in[4]: (-2.719, 1.946, 0.015)
[trajectory_generator_node-6] [smoothTopoPath] lineVisib(start→end): false  colli=(-1.42,-2.65)
[trajectory_generator_node-6] [smoothTopoPath] stuck detected, skipping to topo[4]
[trajectory_generator_node-6] [smoothTopoPath] OUTPUT size=8, iter_count=7
[trajectory_generator_node-6] [smoothTopoPath]   out[0]: (-0.919, -4.454, 0.015)
[trajectory_generator_node-6] [smoothTopoPath]   out[1]: (-4.840, -0.515, 0.015)
[trajectory_generator_node-6] [smoothTopoPath]   out[2]: (-3.299, 2.232, 0.015)
[trajectory_generator_node-6] [smoothTopoPath]   out[3]: (-2.168, 2.139, 0.015)
[trajectory_generator_node-6] [smoothTopoPath]   out[4]: (-2.555, 2.131, 0.015)
[trajectory_generator_node-6] [smoothTopoPath]   out[5]: (-2.134, 2.182, 0.015)
[trajectory_generator_node-6] [smoothTopoPath]   out[6]: (-2.719, 1.946, 0.015)
[trajectory_generator_node-6] [smoothTopoPath]   out[7]: (-2.719, 1.946, 0.015)
[trajectory_generator_node-6] [DIAG] optimized_path (smoothTopoPath) size: 8
[trajectory_generator_node-6] [DIAG]   opt[0]: (-0.919, -4.454, 0.015)
[trajectory_generator_node-6] [DIAG]   opt[1]: (-4.840, -0.515, 0.015)
[trajectory_generator_node-6] [DIAG]   opt[2]: (-3.299, 2.232, 0.015)
[trajectory_generator_node-6] [DIAG]   opt[3]: (-2.168, 2.139, 0.015)
[trajectory_generator_node-6] [DIAG]   opt[4]: (-2.555, 2.131, 0.015)
[trajectory_generator_node-6] [DIAG]   opt[5]: (-2.134, 2.182, 0.015)
[trajectory_generator_node-6] [DIAG]   opt[6]: (-2.719, 1.946, 0.015)
[trajectory_generator_node-6] [DIAG]   opt[7]: (-2.719, 1.946, 0.015)
[trajectory_generator_node-6] optimized_path size: 8
[trajectory_generator_node-6] [Manager] reference_speed: (2.00)
[trajectory_generator_node-6] [LBFGS] search direction d: -0.000259367  0.000988196   0.00215131  -0.00201763  0.000242986   0.00109051 -0.000529618 -0.000161126 -0.000327121  0.000667277  0.000319451  -0.00148139   0.00107518  0.000608288  -0.00155368   0.00100551 -9.78296e-05 -0.000467992  0.000843615  0.000675183  -0.00218564  -0.00152314  0.000635287 -0.000220229  -0.00247022  0.000570139   0.00303293  -0.00283143  -0.00229534   0.00555053   0.00114754  -0.00408768  -0.00141078   0.00416169 -0.000275842  -0.00138834 -0.000367446 -0.000233017  -0.00122332  -0.00176163   0.00179196 -0.000275418 -0.000832343  0.000238745  0.000594034 -0.000191323 -0.000480594  0.000116229  0.000865987  -0.00112364  0.000236784  0.000872174  -0.00108553  5.87767e-05  0.000990929  -0.00167189  0.000817145   0.00101441  -0.00107782   0.00200682  0.000834691  -0.00172207   0.00227418 -0.000958588 -0.000503853   0.00157964  -0.00206838   0.00161716   0.00154396 -0.000595892  0.000118687  0.000267423   0.00254601 -0.000441059  0.000436742  0.000422439  0.000165288 -0.000200116  0.000154897  0.000139578 -9.84461e-05 -1.62294e-05  5.79407e-05  6.51369e-05 -6.52767e-05 -8.38455e-05  0.000164635 -6.56182e-05 -0.000110664  0.000185992 -3.52418e-05 -1.33423e-05  8.59989e-05 -4.93319e-05  4.98373e-05  7.60081e-05 -0.000218245  0.000124167   0.00017924 -0.000267848  0.000118346  0.000209274 -9.04139e-05 -0.000165707  0.000561472  0.000595896  0.000282397  0.000337866  0.000279251  6.25572e-05  0.000111763  0.000189129
[trajectory_generator_node-6] [Smooth Optimize] MINCO reaches max evaluations: Line search reaches the maximum try number, assumptions not satisfied or precision not achievable.
[trajectory_generator_node-6] [Smooth Optimize] MINCO: cost=371.1 total_T=5.461(init 5.423) max_drift=0.328 max_vel=3.0 segs=38
[trajectory_generator_node-6] [Smooth Resample] resample
[trajectory_generator_node-6] [Smooth Resample] 39 -> 20 waypoints, 19 time segs, max_turn=164.4 deg
[trajectory_generator_node-6] [Manager] optimizer generate time: 0.595556
[trajectory_generator_node-6] [Reference] path size : 20
[trajectory_generator_node-6] [Reference] solvePolyMatrix ENTER: N=19, path_size=20, trap_time_size=19
[trajectory_generator_node-6] [Reference]   path[0]=(-0.9190,-4.4540) path[1]=(-1.1994,-4.1719) t[0]=0.308806 state_vel=(0.0000,0.0000)
[trajectory_generator_node-6] [Reference] banded solve done. b[0]=-6.596713 b[N]=12.235433 b2[0]=6.641367 b2[N]=9.406608
[trajectory_generator_node-6] [Reference] solvePolyMatrix EXIT: polyX[0]=[1.157506 -3.298356 -0.000000 -0.919000]
[trajectory_generator_node-6] [Reference] solvePolyMatrix ENTER: N=19, path_size=20, trap_time_size=19
[trajectory_generator_node-6] [Reference]   path[0]=(-0.9190,-4.4540) path[1]=(-1.1994,-4.1719) t[0]=0.339687 state_vel=(0.0000,0.0000)
[trajectory_generator_node-6] [Reference] banded solve done. b[0]=-5.458957 b[N]=10.111927 b2[0]=5.495882 b2[N]=7.774057
[trajectory_generator_node-6] [Reference] solvePolyMatrix EXIT: polyX[0]=[0.880144 -2.729479 0.000000 -0.919000]
[trajectory_generator_node-6] [Reference] solvePolyMatrix ENTER: N=19, path_size=20, trap_time_size=19
[trajectory_generator_node-6] [Reference]   path[0]=(-0.9190,-4.4540) path[1]=(-1.1994,-4.1719) t[0]=0.373656 state_vel=(0.0000,0.0000)
[trajectory_generator_node-6] [Reference] banded solve done. b[0]=-4.518614 b[N]=8.356567 b2[0]=4.549154 b2[N]=6.424376
[trajectory_generator_node-6] [Reference] solvePolyMatrix EXIT: polyX[0]=[0.670738 -2.259307 0.000000 -0.919000]
[trajectory_generator_node-6] [Reference] solvePolyMatrix ENTER: N=19, path_size=20, trap_time_size=19
[trajectory_generator_node-6] [Reference]   path[0]=(-0.9190,-4.4540) path[1]=(-1.1994,-4.1719) t[0]=0.411021 state_vel=(0.0000,0.0000)
[trajectory_generator_node-6] [Reference] banded solve done. b[0]=-3.741322 b[N]=6.900240 b2[0]=3.766586 b2[N]=5.305779
[trajectory_generator_node-6] [Reference] solvePolyMatrix EXIT: polyX[0]=[0.512367 -1.870661 0.000000 -0.919000]
[trajectory_generator_node-6] [Reference] solvePolyMatrix ENTER: N=19, path_size=20, trap_time_size=19
[trajectory_generator_node-6] [Reference]   path[0]=(-0.9190,-4.4540) path[1]=(-1.1994,-4.1719) t[0]=0.452123 state_vel=(0.0000,0.0000)
[trajectory_generator_node-6] [Reference] banded solve done. b[0]=-3.134549 b[N]=5.696666 b2[0]=3.155639 b2[N]=4.381598
[trajectory_generator_node-6] [Reference] solvePolyMatrix EXIT: polyX[0]=[0.432001 -1.567275 -0.000000 -0.919000]
[trajectory_generator_node-6] [Reference] solvePolyMatrix ENTER: N=19, path_size=20, trap_time_size=19
[trajectory_generator_node-6] [Reference]   path[0]=(-0.9190,-4.4540) path[1]=(-1.1994,-4.1719) t[0]=0.497336 state_vel=(0.0000,0.0000)
[trajectory_generator_node-6] [Reference] banded solve done. b[0]=-2.634700 b[N]=4.702056 b2[0]=2.652348 b2[N]=3.618074
[trajectory_generator_node-6] [Reference] solvePolyMatrix EXIT: polyX[0]=[0.368969 -1.317350 0.000000 -0.919000]
[trajectory_generator_node-6] [Reference] solvePolyMatrix ENTER: N=19, path_size=20, trap_time_size=19
[trajectory_generator_node-6] [Reference]   path[0]=(-0.9190,-4.4540) path[1]=(-1.1994,-4.1719) t[0]=0.497336 state_vel=(0.0000,0.0000)
[trajectory_generator_node-6] [Reference] banded solve done. b[0]=-2.634700 b[N]=3.880204 b2[0]=2.652348 b2[N]=2.987307
[trajectory_generator_node-6] [Reference] solvePolyMatrix EXIT: polyX[0]=[0.368969 -1.317350 0.000000 -0.919000]
[trajectory_generator_node-6] [Reference] solvePolyMatrix ENTER: N=19, path_size=20, trap_time_size=19
[trajectory_generator_node-6] [Reference]   path[0]=(-0.9190,-4.4540) path[1]=(-1.1994,-4.1719) t[0]=0.497336 state_vel=(0.0000,0.0000)
[trajectory_generator_node-6] [Reference] banded solve done. b[0]=-2.634700 b[N]=3.201176 b2[0]=2.652348 b2[N]=2.466239
[trajectory_generator_node-6] [Reference] solvePolyMatrix EXIT: polyX[0]=[0.368969 -1.317350 0.000000 -0.919000]
[trajectory_generator_node-6] [Reference] solvePolyMatrix ENTER: N=19, path_size=20, trap_time_size=19
[trajectory_generator_node-6] [Reference]   path[0]=(-0.9190,-4.4540) path[1]=(-1.1994,-4.1719) t[0]=0.497336 state_vel=(0.0000,0.0000)
[trajectory_generator_node-6] [Reference] banded solve done. b[0]=-2.634700 b[N]=2.640221 b2[0]=2.652348 b2[N]=2.035816
[trajectory_generator_node-6] [Reference] solvePolyMatrix EXIT: polyX[0]=[0.368969 -1.317350 0.000000 -0.919000]
[trajectory_generator_node-6] [INFO] [1790442997.334414421] [trajectory_generation]: FSM published 19 trajectory pieces
[trajectory_generator_node-6] [INFO] [1790442999.304936736] [trajectory_generation]: FSM accepted manual goal goal=(-2.72, 1.95, 0.02)
[trajectory_generator_node-6] [Manager] start point, (x, y): (-0.92, -4.45)
[trajectory_generator_node-6] [Manager] receive target, (x, y): (-2.72, 1.95)
[trajectory_generator_node-6] [Topo]: m_graph before num: 1605
[trajectory_generator_node-6] [Topo]: dijkstra time: 0.315574
[trajectory_generator_node-6] [Topo]: topo search time: 1.494863
[trajectory_generator_node-6] [Topo]: m_graph num: 2592
[trajectory_generator_node-6] [DIAG] origin_path (Dijkstra) size: 5
[trajectory_generator_node-6] [DIAG]   origin[0]: (-0.919, -4.454, 0.015)
[trajectory_generator_node-6] [DIAG]   origin[1]: (-5.019, -1.604, 0.015)
[trajectory_generator_node-6] [DIAG]   origin[2]: (-3.769, 2.396, 0.015)
[trajectory_generator_node-6] [DIAG]   origin[3]: (-1.719, 1.946, 0.015)
[trajectory_generator_node-6] [DIAG]   origin[4]: (-2.719, 1.946, 0.015)
[trajectory_generator_node-6] [DIAG] lineVisib(start→end DIRECT): false  colli=(-1.42,-2.65)
[trajectory_generator_node-6] [DIAG] direct line: 132 steps, 92 wall cells
[trajectory_generator_node-6] [smoothTopoPath] INPUT size=5
[trajectory_generator_node-6] [smoothTopoPath]   in[0]: (-0.919, -4.454, 0.015)
[trajectory_generator_node-6] [smoothTopoPath]   in[1]: (-5.019, -1.604, 0.015)
[trajectory_generator_node-6] [smoothTopoPath]   in[2]: (-3.769, 2.396, 0.015)
[trajectory_generator_node-6] [smoothTopoPath]   in[3]: (-1.719, 1.946, 0.015)
[trajectory_generator_node-6] [smoothTopoPath]   in[4]: (-2.719, 1.946, 0.015)
[trajectory_generator_node-6] [smoothTopoPath] lineVisib(start→end): false  colli=(-1.42,-2.65)
[trajectory_generator_node-6] [smoothTopoPath] stuck detected, skipping to topo[4]
[trajectory_generator_node-6] [smoothTopoPath] OUTPUT size=8, iter_count=7
[trajectory_generator_node-6] [smoothTopoPath]   out[0]: (-0.919, -4.454, 0.015)
[trajectory_generator_node-6] [smoothTopoPath]   out[1]: (-4.840, -0.515, 0.015)
[trajectory_generator_node-6] [smoothTopoPath]   out[2]: (-3.299, 2.232, 0.015)
[trajectory_generator_node-6] [smoothTopoPath]   out[3]: (-2.168, 2.139, 0.015)
[trajectory_generator_node-6] [smoothTopoPath]   out[4]: (-2.555, 2.131, 0.015)
[trajectory_generator_node-6] [smoothTopoPath]   out[5]: (-2.134, 2.182, 0.015)
[trajectory_generator_node-6] [smoothTopoPath]   out[6]: (-2.719, 1.946, 0.015)
[trajectory_generator_node-6] [smoothTopoPath]   out[7]: (-2.719, 1.946, 0.015)
[trajectory_generator_node-6] [DIAG] optimized_path (smoothTopoPath) size: 8
[trajectory_generator_node-6] [DIAG]   opt[0]: (-0.919, -4.454, 0.015)
[trajectory_generator_node-6] [DIAG]   opt[1]: (-4.840, -0.515, 0.015)
[trajectory_generator_node-6] [DIAG]   opt[2]: (-3.299, 2.232, 0.015)
[trajectory_generator_node-6] [DIAG]   opt[3]: (-2.168, 2.139, 0.015)
[trajectory_generator_node-6] [DIAG]   opt[4]: (-2.555, 2.131, 0.015)
[trajectory_generator_node-6] [DIAG]   opt[5]: (-2.134, 2.182, 0.015)
[trajectory_generator_node-6] [DIAG]   opt[6]: (-2.719, 1.946, 0.015)
[trajectory_generator_node-6] [DIAG]   opt[7]: (-2.719, 1.946, 0.015)
[trajectory_generator_node-6] optimized_path size: 8
[trajectory_generator_node-6] [Manager] reference_speed: (2.00)
[trajectory_generator_node-6] [LBFGS] search direction d: -0.000259367  0.000988196   0.00215131  -0.00201763  0.000242986   0.00109051 -0.000529618 -0.000161126 -0.000327121  0.000667277  0.000319451  -0.00148139   0.00107518  0.000608288  -0.00155368   0.00100551 -9.78296e-05 -0.000467992  0.000843615  0.000675183  -0.00218564  -0.00152314  0.000635287 -0.000220229  -0.00247022  0.000570139   0.00303293  -0.00283143  -0.00229534   0.00555053   0.00114754  -0.00408768  -0.00141078   0.00416169 -0.000275842  -0.00138834 -0.000367446 -0.000233017  -0.00122332  -0.00176163   0.00179196 -0.000275418 -0.000832343  0.000238745  0.000594034 -0.000191323 -0.000480594  0.000116229  0.000865987  -0.00112364  0.000236784  0.000872174  -0.00108553  5.87767e-05  0.000990929  -0.00167189  0.000817145   0.00101441  -0.00107782   0.00200682  0.000834691  -0.00172207   0.00227418 -0.000958588 -0.000503853   0.00157964  -0.00206838   0.00161716   0.00154396 -0.000595892  0.000118687  0.000267423   0.00254601 -0.000441059  0.000436742  0.000422439  0.000165288 -0.000200116  0.000154897  0.000139578 -9.84461e-05 -1.62294e-05  5.79407e-05  6.51369e-05 -6.52767e-05 -8.38455e-05  0.000164635 -6.56182e-05 -0.000110664  0.000185992 -3.52418e-05 -1.33423e-05  8.59989e-05 -4.93319e-05  4.98373e-05  7.60081e-05 -0.000218245  0.000124167   0.00017924 -0.000267848  0.000118346  0.000209274 -9.04139e-05 -0.000165707  0.000561472  0.000595896  0.000282397  0.000337866  0.000279251  6.25572e-05  0.000111763  0.000189129
[trajectory_generator_node-6] [Smooth Optimize] MINCO reaches max evaluations: Line search reaches the maximum try number, assumptions not satisfied or precision not achievable.
[trajectory_generator_node-6] [Smooth Optimize] MINCO: cost=371.1 total_T=5.461(init 5.423) max_drift=0.328 max_vel=3.0 segs=38
[trajectory_generator_node-6] [Smooth Resample] resample
[trajectory_generator_node-6] [Smooth Resample] 39 -> 20 waypoints, 19 time segs, max_turn=164.4 deg
[trajectory_generator_node-6] [Manager] optimizer generate time: 0.979840
[trajectory_generator_node-6] [Reference] path size : 20
[trajectory_generator_node-6] [Reference] solvePolyMatrix ENTER: N=19, path_size=20, trap_time_size=19
[trajectory_generator_node-6] [Reference]   path[0]=(-0.9190,-4.4540) path[1]=(-1.1994,-4.1719) t[0]=0.308806 state_vel=(0.0000,0.0000)
[trajectory_generator_node-6] [Reference] banded solve done. b[0]=-6.596713 b[N]=12.235433 b2[0]=6.641367 b2[N]=9.406608
[trajectory_generator_node-6] [Reference] solvePolyMatrix EXIT: polyX[0]=[1.157506 -3.298356 -0.000000 -0.919000]
[trajectory_generator_node-6] [Reference] solvePolyMatrix ENTER: N=19, path_size=20, trap_time_size=19
[trajectory_generator_node-6] [Reference]   path[0]=(-0.9190,-4.4540) path[1]=(-1.1994,-4.1719) t[0]=0.339687 state_vel=(0.0000,0.0000)
[trajectory_generator_node-6] [Reference] banded solve done. b[0]=-5.458957 b[N]=10.111927 b2[0]=5.495882 b2[N]=7.774057
[trajectory_generator_node-6] [Reference] solvePolyMatrix EXIT: polyX[0]=[0.880144 -2.729479 0.000000 -0.919000]
[trajectory_generator_node-6] [Reference] solvePolyMatrix ENTER: N=19, path_size=20, trap_time_size=19
[trajectory_generator_node-6] [Reference]   path[0]=(-0.9190,-4.4540) path[1]=(-1.1994,-4.1719) t[0]=0.373656 state_vel=(0.0000,0.0000)
[trajectory_generator_node-6] [Reference] banded solve done. b[0]=-4.518614 b[N]=8.356567 b2[0]=4.549154 b2[N]=6.424376
[trajectory_generator_node-6] [Reference] solvePolyMatrix EXIT: polyX[0]=[0.670738 -2.259307 0.000000 -0.919000]
[trajectory_generator_node-6] [Reference] solvePolyMatrix ENTER: N=19, path_size=20, trap_time_size=19
[trajectory_generator_node-6] [Reference]   path[0]=(-0.9190,-4.4540) path[1]=(-1.1994,-4.1719) t[0]=0.411021 state_vel=(0.0000,0.0000)
[trajectory_generator_node-6] [Reference] banded solve done. b[0]=-3.741322 b[N]=6.900240 b2[0]=3.766586 b2[N]=5.305779
[trajectory_generator_node-6] [Reference] solvePolyMatrix EXIT: polyX[0]=[0.512367 -1.870661 0.000000 -0.919000]
[trajectory_generator_node-6] [Reference] solvePolyMatrix ENTER: N=19, path_size=20, trap_time_size=19
[trajectory_generator_node-6] [Reference]   path[0]=(-0.9190,-4.4540) path[1]=(-1.1994,-4.1719) t[0]=0.452123 state_vel=(0.0000,0.0000)
[trajectory_generator_node-6] [Reference] banded solve done. b[0]=-3.134549 b[N]=5.696666 b2[0]=3.155639 b2[N]=4.381598
[trajectory_generator_node-6] [Reference] solvePolyMatrix EXIT: polyX[0]=[0.432001 -1.567275 -0.000000 -0.919000]
[trajectory_generator_node-6] [Reference] solvePolyMatrix ENTER: N=19, path_size=20, trap_time_size=19
[trajectory_generator_node-6] [Reference]   path[0]=(-0.9190,-4.4540) path[1]=(-1.1994,-4.1719) t[0]=0.497336 state_vel=(0.0000,0.0000)
[trajectory_generator_node-6] [Reference] banded solve done. b[0]=-2.634700 b[N]=4.702056 b2[0]=2.652348 b2[N]=3.618074
[trajectory_generator_node-6] [Reference] solvePolyMatrix EXIT: polyX[0]=[0.368969 -1.317350 0.000000 -0.919000]
[trajectory_generator_node-6] [Reference] solvePolyMatrix ENTER: N=19, path_size=20, trap_time_size=19
[trajectory_generator_node-6] [Reference]   path[0]=(-0.9190,-4.4540) path[1]=(-1.1994,-4.1719) t[0]=0.497336 state_vel=(0.0000,0.0000)
[trajectory_generator_node-6] [Reference] banded solve done. b[0]=-2.634700 b[N]=3.880204 b2[0]=2.652348 b2[N]=2.987307
[trajectory_generator_node-6] [Reference] solvePolyMatrix EXIT: polyX[0]=[0.368969 -1.317350 0.000000 -0.919000]
[trajectory_generator_node-6] [Reference] solvePolyMatrix ENTER: N=19, path_size=20, trap_time_size=19
[trajectory_generator_node-6] [Reference]   path[0]=(-0.9190,-4.4540) path[1]=(-1.1994,-4.1719) t[0]=0.497336 state_vel=(0.0000,0.0000)
[trajectory_generator_node-6] [Reference] banded solve done. b[0]=-2.634700 b[N]=3.201176 b2[0]=2.652348 b2[N]=2.466239
[trajectory_generator_node-6] [Reference] solvePolyMatrix EXIT: polyX[0]=[0.368969 -1.317350 0.000000 -0.919000]
[trajectory_generator_node-6] [Reference] solvePolyMatrix ENTER: N=19, path_size=20, trap_time_size=19
[trajectory_generator_node-6] [Reference]   path[0]=(-0.9190,-4.4540) path[1]=(-1.1994,-4.1719) t[0]=0.497336 state_vel=(0.0000,0.0000)
[trajectory_generator_node-6] [Reference] banded solve done. b[0]=-2.634700 b[N]=2.640221 b2[0]=2.652348 b2[N]=2.035816
[trajectory_generator_node-6] [Reference] solvePolyMatrix EXIT: polyX[0]=[0.368969 -1.317350 0.000000 -0.919000]
[trajectory_generator_node-6] [INFO] [1790443001.834146937] [trajectory_generation]: FSM published 19 trajectory pieces
[trajectory_generator_node-6] [INFO] [1790443004.339769393] [trajectory_generation]: FSM accepted manual goal goal=(-0.92, -4.45, 0.02)
[trajectory_generator_node-6] [Manager] start point, (x, y): (-2.72, 1.95)
[trajectory_generator_node-6] [Manager] receive target, (x, y): (-0.92, -4.45)
[trajectory_generator_node-6] [Topo]: m_graph before num: 1605
[trajectory_generator_node-6] [Topo]: dijkstra time: 0.482399
[trajectory_generator_node-6] [Topo]: topo search time: 1.826031
[trajectory_generator_node-6] [Topo]: m_graph num: 2574
[trajectory_generator_node-6] [DIAG] origin_path (Dijkstra) size: 5
[trajectory_generator_node-6] [DIAG]   origin[0]: (-2.719, 1.946, 0.015)
[trajectory_generator_node-6] [DIAG]   origin[1]: (-1.719, 1.946, 0.015)
[trajectory_generator_node-6] [DIAG]   origin[2]: (-3.769, 2.396, 0.015)
[trajectory_generator_node-6] [DIAG]   origin[3]: (-5.019, -1.604, 0.015)
[trajectory_generator_node-6] [DIAG]   origin[4]: (-0.919, -4.454, 0.015)
[trajectory_generator_node-6] [DIAG] lineVisib(start→end DIRECT): false  colli=(-2.72,1.95)
[trajectory_generator_node-6] [DIAG] direct line: 132 steps, 91 wall cells
[trajectory_generator_node-6] [smoothTopoPath] INPUT size=5
[trajectory_generator_node-6] [smoothTopoPath]   in[0]: (-2.719, 1.946, 0.015)
[trajectory_generator_node-6] [smoothTopoPath]   in[1]: (-1.719, 1.946, 0.015)
[trajectory_generator_node-6] [smoothTopoPath]   in[2]: (-3.769, 2.396, 0.015)
[trajectory_generator_node-6] [smoothTopoPath]   in[3]: (-5.019, -1.604, 0.015)
[trajectory_generator_node-6] [smoothTopoPath]   in[4]: (-0.919, -4.454, 0.015)
[trajectory_generator_node-6] [smoothTopoPath] lineVisib(start→end): false  colli=(-2.72,1.95)
[trajectory_generator_node-6] [smoothTopoPath] OUTPUT size=5, iter_count=4
[trajectory_generator_node-6] [smoothTopoPath]   out[0]: (-2.719, 1.946, 0.015)
[trajectory_generator_node-6] [smoothTopoPath]   out[1]: (-2.669, 2.246, 0.015)
[trajectory_generator_node-6] [smoothTopoPath]   out[2]: (-4.461, 1.045, 0.015)
[trajectory_generator_node-6] [smoothTopoPath]   out[3]: (-5.152, -1.676, 0.015)
[trajectory_generator_node-6] [smoothTopoPath]   out[4]: (-0.919, -4.454, 0.015)
[trajectory_generator_node-6] [DIAG] optimized_path (smoothTopoPath) size: 5
[trajectory_generator_node-6] [DIAG]   opt[0]: (-2.719, 1.946, 0.015)
[trajectory_generator_node-6] [DIAG]   opt[1]: (-2.669, 2.246, 0.015)
[trajectory_generator_node-6] [DIAG]   opt[2]: (-4.461, 1.045, 0.015)
[trajectory_generator_node-6] [DIAG]   opt[3]: (-5.152, -1.676, 0.015)
[trajectory_generator_node-6] [DIAG]   opt[4]: (-0.919, -4.454, 0.015)
[trajectory_generator_node-6] optimized_path size: 5
[trajectory_generator_node-6] [Manager] reference_speed: (2.00)
[trajectory_generator_node-6] [LBFGS] search direction d: -0.000312827   0.00216449  -0.00109702   0.00028364   0.00217958  0.000627447  0.000935236  0.000558276    -0.000167  -0.00229687  -0.00325297  0.000111263   0.00195401 -0.000726508  -0.00264167  0.000604381    0.0020801   0.00141132   0.00136338   0.00244503    0.0020613  -0.00248626  -0.00446162  -0.00283564 -0.000724674    0.0012473   0.00423627   0.00468163 -0.000770419  -0.00344209    -0.002786  -0.00197078  -0.00112507   0.00635193  -0.00421041   -0.0124243   -0.0124379  -0.00513962  0.000457908   0.00479479   0.00732948   0.00500258   0.00181132 -8.61985e-05  -0.00016812  -0.00190288  -0.00194325  0.000458463  0.000621427   0.00109065  -0.00373052  -0.00349432  -0.00230294   0.00252126   0.00261988    0.0025191 -0.000591822 -0.000984465  -0.00190463  -0.00118567 -0.000198995   0.00132826  0.000468484  6.84717e-05  0.000878586   0.00274597    0.0272433   0.00241978   0.00237795   0.00263317   0.00311913   0.00251662    0.0020224   0.00124057  0.000566864  0.000189793 -0.000366668 -0.000384597    0.0147021 -0.000542868   0.00019915  0.000686675   0.00081177  0.000667222   0.00114367    0.0013402   0.00164407   0.00154385  0.000903825  0.000229649  0.000127297 -6.02927e-06  0.000145804  0.000709454   0.00129346   0.00111004   0.00138979    0.0017805   0.00298203   0.00792107
[trajectory_generator_node-6] [Smooth Optimize] MINCO reaches max evaluations: Line search reaches the maximum try number, assumptions not satisfied or precision not achievable.
[trajectory_generator_node-6] [Smooth Optimize] MINCO: cost=43.8 total_T=6.094(init 5.129) max_drift=0.311 max_vel=2.6 segs=34
[trajectory_generator_node-6] [Smooth Resample] resample
[trajectory_generator_node-6] [Smooth Resample] 35 -> 18 waypoints, 17 time segs, max_turn=67.9 deg
[trajectory_generator_node-6] [Manager] optimizer generate time: 1.386429
[trajectory_generator_node-6] [Reference] path size : 18
[trajectory_generator_node-6] [Reference] solvePolyMatrix ENTER: N=17, path_size=18, trap_time_size=17
[trajectory_generator_node-6] [Reference]   path[0]=(-2.7190,1.9460) path[1]=(-2.9876,2.2256) t[0]=0.879472 state_vel=(0.0000,0.0000)
[trajectory_generator_node-6] [Reference] banded solve done. b[0]=-0.009759 b[N]=-1.755375 b2[0]=2.252000 b2[N]=1.299827
[trajectory_generator_node-6] [Reference] solvePolyMatrix EXIT: polyX[0]=[-0.389285 -0.004880 0.000000 -2.719000]
[trajectory_generator_node-6] [Reference] solvePolyMatrix ENTER: N=17, path_size=18, trap_time_size=17
[trajectory_generator_node-6] [Reference]   path[0]=(-2.7190,1.9460) path[1]=(-2.9876,2.2256) t[0]=0.879472 state_vel=(0.0000,0.0000)
[trajectory_generator_node-6] [Reference] banded solve done. b[0]=-0.009645 b[N]=-1.427413 b2[0]=2.250693 b2[N]=1.056901
[trajectory_generator_node-6] [Reference] solvePolyMatrix EXIT: polyX[0]=[-0.389350 -0.004823 0.000000 -2.719000]
[trajectory_generator_node-6] [Reference] solvePolyMatrix ENTER: N=17, path_size=18, trap_time_size=17
[trajectory_generator_node-6] [Reference]   path[0]=(-2.7190,1.9460) path[1]=(-2.9876,2.2256) t[0]=0.879472 state_vel=(0.0000,0.0000)
[trajectory_generator_node-6] [Reference] banded solve done. b[0]=-0.009686 b[N]=-1.426989 b2[0]=2.250616 b2[N]=1.056602
[trajectory_generator_node-6] [Reference] solvePolyMatrix EXIT: polyX[0]=[-0.389327 -0.004843 0.000000 -2.719000]
[trajectory_generator_node-6] [Reference] solvePolyMatrix ENTER: N=17, path_size=18, trap_time_size=17
[trajectory_generator_node-6] [Reference]   path[0]=(-2.7190,1.9460) path[1]=(-2.9876,2.2256) t[0]=0.879472 state_vel=(0.0000,0.0000)
[trajectory_generator_node-6] [Reference] banded solve done. b[0]=-0.009547 b[N]=-1.426997 b2[0]=2.249556 b2[N]=1.056588
[trajectory_generator_node-6] [Reference] solvePolyMatrix EXIT: polyX[0]=[-0.389406 -0.004774 0.000000 -2.719000]
[trajectory_generator_node-6] [INFO] [1790443007.589243579] [trajectory_generation]: FSM published 17 trajectory pieces
[trajectory_generator_node-6] [INFO] [1790443009.722433230] [trajectory_generation]: FSM accepted manual goal goal=(-0.92, -4.45, 0.02)
[trajectory_generator_node-6] [Manager] start point, (x, y): (-2.72, 1.95)
[trajectory_generator_node-6] [Manager] receive target, (x, y): (-0.92, -4.45)
[trajectory_generator_node-6] [Topo]: m_graph before num: 1605
[trajectory_generator_node-6] [Topo]: dijkstra time: 0.245554
[trajectory_generator_node-6] [Topo]: topo search time: 1.135810
[trajectory_generator_node-6] [Topo]: m_graph num: 2571
[trajectory_generator_node-6] [DIAG] origin_path (Dijkstra) size: 5
[trajectory_generator_node-6] [DIAG]   origin[0]: (-2.719, 1.946, 0.015)
[trajectory_generator_node-6] [DIAG]   origin[1]: (-1.719, 1.946, 0.015)
[trajectory_generator_node-6] [DIAG]   origin[2]: (-3.769, 2.396, 0.015)
[trajectory_generator_node-6] [DIAG]   origin[3]: (-5.019, -1.604, 0.015)
[trajectory_generator_node-6] [DIAG]   origin[4]: (-0.919, -4.454, 0.015)
[trajectory_generator_node-6] [DIAG] lineVisib(start→end DIRECT): false  colli=(-2.72,1.95)
[trajectory_generator_node-6] [DIAG] direct line: 132 steps, 91 wall cells
[trajectory_generator_node-6] [smoothTopoPath] INPUT size=5
[trajectory_generator_node-6] [smoothTopoPath]   in[0]: (-2.719, 1.946, 0.015)
[trajectory_generator_node-6] [smoothTopoPath]   in[1]: (-1.719, 1.946, 0.015)
[trajectory_generator_node-6] [smoothTopoPath]   in[2]: (-3.769, 2.396, 0.015)
[trajectory_generator_node-6] [smoothTopoPath]   in[3]: (-5.019, -1.604, 0.015)
[trajectory_generator_node-6] [smoothTopoPath]   in[4]: (-0.919, -4.454, 0.015)
[trajectory_generator_node-6] [smoothTopoPath] lineVisib(start→end): false  colli=(-2.72,1.95)
[trajectory_generator_node-6] [smoothTopoPath] OUTPUT size=5, iter_count=4
[trajectory_generator_node-6] [smoothTopoPath]   out[0]: (-2.719, 1.946, 0.015)
[trajectory_generator_node-6] [smoothTopoPath]   out[1]: (-2.669, 2.246, 0.015)
[trajectory_generator_node-6] [smoothTopoPath]   out[2]: (-4.461, 1.045, 0.015)
[trajectory_generator_node-6] [smoothTopoPath]   out[3]: (-5.152, -1.676, 0.015)
[trajectory_generator_node-6] [smoothTopoPath]   out[4]: (-0.919, -4.454, 0.015)
[trajectory_generator_node-6] [DIAG] optimized_path (smoothTopoPath) size: 5
[trajectory_generator_node-6] [DIAG]   opt[0]: (-2.719, 1.946, 0.015)
[trajectory_generator_node-6] [DIAG]   opt[1]: (-2.669, 2.246, 0.015)
[trajectory_generator_node-6] [DIAG]   opt[2]: (-4.461, 1.045, 0.015)
[trajectory_generator_node-6] [DIAG]   opt[3]: (-5.152, -1.676, 0.015)
[trajectory_generator_node-6] [DIAG]   opt[4]: (-0.919, -4.454, 0.015)
[trajectory_generator_node-6] optimized_path size: 5
[trajectory_generator_node-6] [Manager] reference_speed: (2.00)
[trajectory_generator_node-6] [LBFGS] search direction d: -0.000312827   0.00216449  -0.00109702   0.00028364   0.00217958  0.000627447  0.000935236  0.000558276    -0.000167  -0.00229687  -0.00325297  0.000111263   0.00195401 -0.000726508  -0.00264167  0.000604381    0.0020801   0.00141132   0.00136338   0.00244503    0.0020613  -0.00248626  -0.00446162  -0.00283564 -0.000724674    0.0012473   0.00423627   0.00468163 -0.000770419  -0.00344209    -0.002786  -0.00197078  -0.00112507   0.00635193  -0.00421041   -0.0124243   -0.0124379  -0.00513962  0.000457908   0.00479479   0.00732948   0.00500258   0.00181132 -8.61985e-05  -0.00016812  -0.00190288  -0.00194325  0.000458463  0.000621427   0.00109065  -0.00373052  -0.00349432  -0.00230294   0.00252126   0.00261988    0.0025191 -0.000591822 -0.000984465  -0.00190463  -0.00118567 -0.000198995   0.00132826  0.000468484  6.84717e-05  0.000878586   0.00274597    0.0272433   0.00241978   0.00237795   0.00263317   0.00311913   0.00251662    0.0020224   0.00124057  0.000566864  0.000189793 -0.000366668 -0.000384597    0.0147021 -0.000542868   0.00019915  0.000686675   0.00081177  0.000667222   0.00114367    0.0013402   0.00164407   0.00154385  0.000903825  0.000229649  0.000127297 -6.02927e-06  0.000145804  0.000709454   0.00129346   0.00111004   0.00138979    0.0017805   0.00298203   0.00792107
[trajectory_generator_node-6] [Smooth Optimize] MINCO reaches max evaluations: Line search reaches the maximum try number, assumptions not satisfied or precision not achievable.
[trajectory_generator_node-6] [Smooth Optimize] MINCO: cost=43.8 total_T=6.094(init 5.129) max_drift=0.311 max_vel=2.6 segs=34
[trajectory_generator_node-6] [Smooth Resample] resample
[trajectory_generator_node-6] [Smooth Resample] 35 -> 18 waypoints, 17 time segs, max_turn=67.9 deg
[trajectory_generator_node-6] [Manager] optimizer generate time: 0.879295
[trajectory_generator_node-6] [Reference] path size : 18
[trajectory_generator_node-6] [Reference] solvePolyMatrix ENTER: N=17, path_size=18, trap_time_size=17
[trajectory_generator_node-6] [Reference]   path[0]=(-2.7190,1.9460) path[1]=(-2.9876,2.2256) t[0]=0.879472 state_vel=(0.0000,0.0000)
[trajectory_generator_node-6] [Reference] banded solve done. b[0]=-0.009759 b[N]=-1.755375 b2[0]=2.252000 b2[N]=1.299827
[trajectory_generator_node-6] [Reference] solvePolyMatrix EXIT: polyX[0]=[-0.389285 -0.004880 0.000000 -2.719000]
[trajectory_generator_node-6] [Reference] solvePolyMatrix ENTER: N=17, path_size=18, trap_time_size=17
[trajectory_generator_node-6] [Reference]   path[0]=(-2.7190,1.9460) path[1]=(-2.9876,2.2256) t[0]=0.879472 state_vel=(0.0000,0.0000)
[trajectory_generator_node-6] [Reference] banded solve done. b[0]=-0.009645 b[N]=-1.427413 b2[0]=2.250693 b2[N]=1.056901
[trajectory_generator_node-6] [Reference] solvePolyMatrix EXIT: polyX[0]=[-0.389350 -0.004823 0.000000 -2.719000]
[trajectory_generator_node-6] [Reference] solvePolyMatrix ENTER: N=17, path_size=18, trap_time_size=17
[trajectory_generator_node-6] [Reference]   path[0]=(-2.7190,1.9460) path[1]=(-2.9876,2.2256) t[0]=0.879472 state_vel=(0.0000,0.0000)
[trajectory_generator_node-6] [Reference] banded solve done. b[0]=-0.009686 b[N]=-1.426989 b2[0]=2.250616 b2[N]=1.056602
[trajectory_generator_node-6] [Reference] solvePolyMatrix EXIT: polyX[0]=[-0.389327 -0.004843 0.000000 -2.719000]
[trajectory_generator_node-6] [Reference] solvePolyMatrix ENTER: N=17, path_size=18, trap_time_size=17
[trajectory_generator_node-6] [Reference]   path[0]=(-2.7190,1.9460) path[1]=(-2.9876,2.2256) t[0]=0.879472 state_vel=(0.0000,0.0000)
[trajectory_generator_node-6] [Reference] banded solve done. b[0]=-0.009547 b[N]=-1.426997 b2[0]=2.249556 b2[N]=1.056588
[trajectory_generator_node-6] [Reference] solvePolyMatrix EXIT: polyX[0]=[-0.389406 -0.004774 0.000000 -2.719000]
[trajectory_generator_node-6] [INFO] [1790443011.769540398] [trajectory_generation]: FSM published 17 trajectory pieces
[trajectory_generator_node-6] [INFO] [1790443014.089888209] [trajectory_generation]: FSM accepted manual goal goal=(-0.92, -4.45, 0.02)
[trajectory_generator_node-6] [Manager] start point, (x, y): (-2.72, 1.95)
[trajectory_generator_node-6] [Manager] receive target, (x, y): (-0.92, -4.45)
[trajectory_generator_node-6] [Topo]: m_graph before num: 1605
[trajectory_generator_node-6] [Topo]: dijkstra time: 0.265934
[trajectory_generator_node-6] [Topo]: topo search time: 1.191697
[trajectory_generator_node-6] [Topo]: m_graph num: 2583
[trajectory_generator_node-6] [DIAG] origin_path (Dijkstra) size: 5
[trajectory_generator_node-6] [DIAG]   origin[0]: (-2.719, 1.946, 0.015)
[trajectory_generator_node-6] [DIAG]   origin[1]: (-1.719, 1.946, 0.015)
[trajectory_generator_node-6] [DIAG]   origin[2]: (-3.769, 2.396, 0.015)
[trajectory_generator_node-6] [DIAG]   origin[3]: (-5.019, -1.604, 0.015)
[trajectory_generator_node-6] [DIAG]   origin[4]: (-0.919, -4.454, 0.015)
[trajectory_generator_node-6] [DIAG] lineVisib(start→end DIRECT): false  colli=(-2.72,1.95)
[trajectory_generator_node-6] [DIAG] direct line: 132 steps, 91 wall cells
[trajectory_generator_node-6] [smoothTopoPath] INPUT size=5
[trajectory_generator_node-6] [smoothTopoPath]   in[0]: (-2.719, 1.946, 0.015)
[trajectory_generator_node-6] [smoothTopoPath]   in[1]: (-1.719, 1.946, 0.015)
[trajectory_generator_node-6] [smoothTopoPath]   in[2]: (-3.769, 2.396, 0.015)
[trajectory_generator_node-6] [smoothTopoPath]   in[3]: (-5.019, -1.604, 0.015)
[trajectory_generator_node-6] [smoothTopoPath]   in[4]: (-0.919, -4.454, 0.015)
[trajectory_generator_node-6] [smoothTopoPath] lineVisib(start→end): false  colli=(-2.72,1.95)
[trajectory_generator_node-6] [smoothTopoPath] OUTPUT size=5, iter_count=4
[trajectory_generator_node-6] [smoothTopoPath]   out[0]: (-2.719, 1.946, 0.015)
[trajectory_generator_node-6] [smoothTopoPath]   out[1]: (-2.669, 2.246, 0.015)
[trajectory_generator_node-6] [smoothTopoPath]   out[2]: (-4.461, 1.045, 0.015)
[trajectory_generator_node-6] [smoothTopoPath]   out[3]: (-5.152, -1.676, 0.015)
[trajectory_generator_node-6] [smoothTopoPath]   out[4]: (-0.919, -4.454, 0.015)
[trajectory_generator_node-6] [DIAG] optimized_path (smoothTopoPath) size: 5
[trajectory_generator_node-6] [DIAG]   opt[0]: (-2.719, 1.946, 0.015)
[trajectory_generator_node-6] [DIAG]   opt[1]: (-2.669, 2.246, 0.015)
[trajectory_generator_node-6] [DIAG]   opt[2]: (-4.461, 1.045, 0.015)
[trajectory_generator_node-6] [DIAG]   opt[3]: (-5.152, -1.676, 0.015)
[trajectory_generator_node-6] [DIAG]   opt[4]: (-0.919, -4.454, 0.015)
[trajectory_generator_node-6] optimized_path size: 5
[trajectory_generator_node-6] [Manager] reference_speed: (2.00)
[trajectory_generator_node-6] [LBFGS] search direction d: -0.000312827   0.00216449  -0.00109702   0.00028364   0.00217958  0.000627447  0.000935236  0.000558276    -0.000167  -0.00229687  -0.00325297  0.000111263   0.00195401 -0.000726508  -0.00264167  0.000604381    0.0020801   0.00141132   0.00136338   0.00244503    0.0020613  -0.00248626  -0.00446162  -0.00283564 -0.000724674    0.0012473   0.00423627   0.00468163 -0.000770419  -0.00344209    -0.002786  -0.00197078  -0.00112507   0.00635193  -0.00421041   -0.0124243   -0.0124379  -0.00513962  0.000457908   0.00479479   0.00732948   0.00500258   0.00181132 -8.61985e-05  -0.00016812  -0.00190288  -0.00194325  0.000458463  0.000621427   0.00109065  -0.00373052  -0.00349432  -0.00230294   0.00252126   0.00261988    0.0025191 -0.000591822 -0.000984465  -0.00190463  -0.00118567 -0.000198995   0.00132826  0.000468484  6.84717e-05  0.000878586   0.00274597    0.0272433   0.00241978   0.00237795   0.00263317   0.00311913   0.00251662    0.0020224   0.00124057  0.000566864  0.000189793 -0.000366668 -0.000384597    0.0147021 -0.000542868   0.00019915  0.000686675   0.00081177  0.000667222   0.00114367    0.0013402   0.00164407   0.00154385  0.000903825  0.000229649  0.000127297 -6.02927e-06  0.000145804  0.000709454   0.00129346   0.00111004   0.00138979    0.0017805   0.00298203   0.00792107
[trajectory_generator_node-6] [Smooth Optimize] MINCO reaches max evaluations: Line search reaches the maximum try number, assumptions not satisfied or precision not achievable.
[trajectory_generator_node-6] [Smooth Optimize] MINCO: cost=43.8 total_T=6.094(init 5.129) max_drift=0.311 max_vel=2.6 segs=34
[trajectory_generator_node-6] [Smooth Resample] resample
[trajectory_generator_node-6] [Smooth Resample] 35 -> 18 waypoints, 17 time segs, max_turn=67.9 deg
[trajectory_generator_node-6] [Manager] optimizer generate time: 0.920971
[trajectory_generator_node-6] [Reference] path size : 18
[trajectory_generator_node-6] [Reference] solvePolyMatrix ENTER: N=17, path_size=18, trap_time_size=17
[trajectory_generator_node-6] [Reference]   path[0]=(-2.7190,1.9460) path[1]=(-2.9876,2.2256) t[0]=0.879472 state_vel=(0.0000,0.0000)
[trajectory_generator_node-6] [Reference] banded solve done. b[0]=-0.009759 b[N]=-1.755375 b2[0]=2.252000 b2[N]=1.299827
[trajectory_generator_node-6] [Reference] solvePolyMatrix EXIT: polyX[0]=[-0.389285 -0.004880 0.000000 -2.719000]
[trajectory_generator_node-6] [Reference] solvePolyMatrix ENTER: N=17, path_size=18, trap_time_size=17
[trajectory_generator_node-6] [Reference]   path[0]=(-2.7190,1.9460) path[1]=(-2.9876,2.2256) t[0]=0.879472 state_vel=(0.0000,0.0000)
[trajectory_generator_node-6] [Reference] banded solve done. b[0]=-0.009645 b[N]=-1.427413 b2[0]=2.250693 b2[N]=1.056901
[trajectory_generator_node-6] [Reference] solvePolyMatrix EXIT: polyX[0]=[-0.389350 -0.004823 0.000000 -2.719000]
[trajectory_generator_node-6] [Reference] solvePolyMatrix ENTER: N=17, path_size=18, trap_time_size=17
[trajectory_generator_node-6] [Reference]   path[0]=(-2.7190,1.9460) path[1]=(-2.9876,2.2256) t[0]=0.879472 state_vel=(0.0000,0.0000)
[trajectory_generator_node-6] [Reference] banded solve done. b[0]=-0.009686 b[N]=-1.426989 b2[0]=2.250616 b2[N]=1.056602
[trajectory_generator_node-6] [Reference] solvePolyMatrix EXIT: polyX[0]=[-0.389327 -0.004843 0.000000 -2.719000]
[trajectory_generator_node-6] [Reference] solvePolyMatrix ENTER: N=17, path_size=18, trap_time_size=17
[trajectory_generator_node-6] [Reference]   path[0]=(-2.7190,1.9460) path[1]=(-2.9876,2.2256) t[0]=0.879472 state_vel=(0.0000,0.0000)
[trajectory_generator_node-6] [Reference] banded solve done. b[0]=-0.009547 b[N]=-1.426997 b2[0]=2.249556 b2[N]=1.056588
[trajectory_generator_node-6] [Reference] solvePolyMatrix EXIT: polyX[0]=[-0.389406 -0.004774 0.000000 -2.719000]
[trajectory_generator_node-6] [INFO] [1790443016.225907765] [trajectory_generation]: FSM published 17 trajectory pieces
[trajectory_generator_node-6] [INFO] [1790443018.337222621] [trajectory_generation]: FSM accepted manual goal goal=(-3.22, 2.15, 0.02)
[trajectory_generator_node-6] [Manager] start point, (x, y): (-1.42, -4.15)
[trajectory_generator_node-6] [Manager] receive target, (x, y): (-3.22, 2.15)
[trajectory_generator_node-6] [Topo]: m_graph before num: 1605
[trajectory_generator_node-6] [Topo]: dijkstra time: 0.297563
[trajectory_generator_node-6] [Topo]: topo search time: 1.500397
[trajectory_generator_node-6] [Topo]: m_graph num: 2565
[trajectory_generator_node-6] [DIAG] origin_path (Dijkstra) size: 3
[trajectory_generator_node-6] [DIAG]   origin[0]: (-1.419, -4.154, 0.015)
[trajectory_generator_node-6] [DIAG]   origin[1]: (-5.619, -1.504, 0.015)
[trajectory_generator_node-6] [DIAG]   origin[2]: (-3.219, 2.146, 0.015)
[trajectory_generator_node-6] [DIAG] lineVisib(start→end DIRECT): false  colli=(-2.12,-1.70)
[trajectory_generator_node-6] [DIAG] direct line: 131 steps, 70 wall cells
[trajectory_generator_node-6] [smoothTopoPath] INPUT size=3
[trajectory_generator_node-6] [smoothTopoPath]   in[0]: (-1.419, -4.154, 0.015)
[trajectory_generator_node-6] [smoothTopoPath]   in[1]: (-5.619, -1.504, 0.015)
[trajectory_generator_node-6] [smoothTopoPath]   in[2]: (-3.219, 2.146, 0.015)
[trajectory_generator_node-6] [smoothTopoPath] lineVisib(start→end): false  colli=(-2.12,-1.70)
[trajectory_generator_node-6] [smoothTopoPath] OUTPUT size=6, iter_count=5
[trajectory_generator_node-6] [smoothTopoPath]   out[0]: (-1.419, -4.154, 0.015)
[trajectory_generator_node-6] [smoothTopoPath]   out[1]: (-4.892, -0.491, 0.015)
[trajectory_generator_node-6] [smoothTopoPath]   out[2]: (-5.835, -1.287, 0.015)
[trajectory_generator_node-6] [smoothTopoPath]   out[3]: (-4.944, -0.992, 0.015)
[trajectory_generator_node-6] [smoothTopoPath]   out[4]: (-4.830, 0.226, 0.015)
[trajectory_generator_node-6] [smoothTopoPath]   out[5]: (-3.219, 2.146, 0.015)
[trajectory_generator_node-6] [DIAG] optimized_path (smoothTopoPath) size: 6
[trajectory_generator_node-6] [DIAG]   opt[0]: (-1.419, -4.154, 0.015)
[trajectory_generator_node-6] [DIAG]   opt[1]: (-4.892, -0.491, 0.015)
[trajectory_generator_node-6] [DIAG]   opt[2]: (-5.835, -1.287, 0.015)
[trajectory_generator_node-6] [DIAG]   opt[3]: (-4.944, -0.992, 0.015)
[trajectory_generator_node-6] [DIAG]   opt[4]: (-4.830, 0.226, 0.015)
[trajectory_generator_node-6] [DIAG]   opt[5]: (-3.219, 2.146, 0.015)
[trajectory_generator_node-6] optimized_path size: 6
[trajectory_generator_node-6] [Manager] reference_speed: (2.00)
[trajectory_generator_node-6] [LBFGS] search direction d:  0.000866274   0.00252664   0.00242273   0.00232455   0.00127367  -0.00186993  -0.00224444 -6.56197e-05   0.00250635  0.000130909 -0.000829053  -0.00170077 -0.000314923   0.00254359   0.00189885  -0.00172591  -0.00101383   0.00200774  0.000193778  -0.00145051   0.00284732   0.00479384  -0.00106684  -0.00395573  -0.00172322   0.00159329 -7.19885e-05  -0.00106723  -0.00135096 -0.000986909 -0.000127598 -0.000250538   0.00111843   0.00210177   0.00222342  -0.00152157  -0.00229667   -0.0023169   -0.0027467  -0.00129759   0.00165175    0.0022203  0.000964386  -0.00154534  -0.00205791 -0.000342468   0.00123304   0.00258415   0.00068156  -0.00156866  -0.00222388  -0.00155638  -0.00198897  -0.00249468  0.000585123  5.27638e-05 -0.000167304 -5.47646e-05  -0.00091962 -0.000757819   0.00279251   0.00232069  -0.00128166 -0.000632945   0.00030846  0.000450661  0.000997666   0.00204096    0.0032677   0.00208521   0.00290567   0.00239757   0.00162362  0.000701699 -8.83717e-05 -0.000401972 -6.41068e-05  0.000379762  0.000502823  2.31562e-05 -0.000194324 -0.000164714   0.00018165  0.000596173  0.000482837  0.000219226  0.000289366  0.000640835  0.000637576  0.000538433  0.000589352  0.000674912   0.00102353  0.000901577  0.000283158 -3.03788e-05   0.00070164  0.000431291  0.000161662  6.75363e-05 -7.26829e-07   1.3346e-05  0.000120346  0.000676285   0.00168268   0.00444454
[trajectory_generator_node-6] [Smooth Optimize] MINCO reaches max evaluations: Line search reaches the maximum try number, assumptions not satisfied or precision not achievable.
[trajectory_generator_node-6] [Smooth Optimize] MINCO: cost=83.6 total_T=5.524(init 5.426) max_drift=0.293 max_vel=3.0 segs=36
[trajectory_generator_node-6] [Smooth Resample] resample
[trajectory_generator_node-6] [Smooth Resample] 37 -> 19 waypoints, 18 time segs, max_turn=103.4 deg
[trajectory_generator_node-6] [Manager] optimizer generate time: 0.589268
[trajectory_generator_node-6] [Reference] path size : 19
[trajectory_generator_node-6] [Reference] solvePolyMatrix ENTER: N=18, path_size=19, trap_time_size=18
[trajectory_generator_node-6] [Reference]   path[0]=(-1.4190,-4.1540) path[1]=(-1.6303,-3.9312) t[0]=0.320334 state_vel=(0.0000,0.0000)
[trajectory_generator_node-6] [Reference] banded solve done. b[0]=-3.113671 b[N]=-3.433875 b2[0]=3.224336 b2[N]=-5.210941
[trajectory_generator_node-6] [Reference] solvePolyMatrix EXIT: polyX[0]=[-1.568776 -1.556836 0.000000 -1.419000]
[trajectory_generator_node-6] [Reference] solvePolyMatrix ENTER: N=18, path_size=19, trap_time_size=18
[trajectory_generator_node-6] [Reference]   path[0]=(-1.4190,-4.1540) path[1]=(-1.6303,-3.9312) t[0]=0.352368 state_vel=(0.0000,0.0000)
[trajectory_generator_node-6] [Reference] banded solve done. b[0]=-2.579743 b[N]=-2.837913 b2[0]=2.671860 b2[N]=-4.306563
[trajectory_generator_node-6] [Reference] solvePolyMatrix EXIT: polyX[0]=[-1.169477 -1.289871 0.000000 -1.419000]
[trajectory_generator_node-6] [Reference] solvePolyMatrix ENTER: N=18, path_size=19, trap_time_size=18
[trajectory_generator_node-6] [Reference]   path[0]=(-1.4190,-4.1540) path[1]=(-1.6303,-3.9312) t[0]=0.387604 state_vel=(0.0000,0.0000)
[trajectory_generator_node-6] [Reference] banded solve done. b[0]=-2.115187 b[N]=-2.342353 b2[0]=2.189701 b2[N]=-3.533908
[trajectory_generator_node-6] [Reference] solvePolyMatrix EXIT: polyX[0]=[-0.900358 -1.057593 0.000000 -1.419000]
[trajectory_generator_node-6] [Reference] solvePolyMatrix ENTER: N=18, path_size=19, trap_time_size=18
[trajectory_generator_node-6] [Reference]   path[0]=(-1.4190,-4.1540) path[1]=(-1.6303,-3.9312) t[0]=0.426365 state_vel=(0.0000,0.0000)
[trajectory_generator_node-6] [Reference] banded solve done. b[0]=-1.731256 b[N]=-1.932374 b2[0]=1.791284 b2[N]=-2.896222
[trajectory_generator_node-6] [Reference] solvePolyMatrix EXIT: polyX[0]=[-0.696192 -0.865628 -0.000000 -1.419000]
[trajectory_generator_node-6] [Reference] solvePolyMatrix ENTER: N=18, path_size=19, trap_time_size=18
[trajectory_generator_node-6] [Reference]   path[0]=(-1.4190,-4.1540) path[1]=(-1.6303,-3.9312) t[0]=0.469001 state_vel=(0.0000,0.0000)
[trajectory_generator_node-6] [Reference] banded solve done. b[0]=-1.414349 b[N]=-1.933059 b2[0]=1.462617 b2[N]=-2.897431
[trajectory_generator_node-6] [Reference] solvePolyMatrix EXIT: polyX[0]=[-0.540587 -0.707175 -0.000000 -1.419000]
[trajectory_generator_node-6] [Reference] solvePolyMatrix ENTER: N=18, path_size=19, trap_time_size=18
[trajectory_generator_node-6] [Reference]   path[0]=(-1.4190,-4.1540) path[1]=(-1.6303,-3.9312) t[0]=0.515901 state_vel=(0.0000,0.0000)
[trajectory_generator_node-6] [Reference] banded solve done. b[0]=-1.152646 b[N]=-1.933648 b2[0]=1.191125 b2[N]=-2.898395
[trajectory_generator_node-6] [Reference] solvePolyMatrix EXIT: polyX[0]=[-0.421888 -0.576323 0.000000 -1.419000]
[trajectory_generator_node-6] [INFO] [1790443020.465717171] [trajectory_generation]: FSM published 18 trajectory pieces
[trajectory_generator_node-6] [INFO] [1790443022.558778287] [trajectory_generation]: FSM accepted manual goal goal=(-3.22, 2.15, 0.02)
[trajectory_generator_node-6] [Manager] start point, (x, y): (-1.42, -4.15)
[trajectory_generator_node-6] [Manager] receive target, (x, y): (-3.22, 2.15)
[trajectory_generator_node-6] [Topo]: m_graph before num: 1605
[trajectory_generator_node-6] [Topo]: dijkstra time: 0.283884
[trajectory_generator_node-6] [Topo]: topo search time: 1.478783
[trajectory_generator_node-6] [Topo]: m_graph num: 2557
[trajectory_generator_node-6] [DIAG] origin_path (Dijkstra) size: 3
[trajectory_generator_node-6] [DIAG]   origin[0]: (-1.419, -4.154, 0.015)
[trajectory_generator_node-6] [DIAG]   origin[1]: (-5.619, -1.504, 0.015)
[trajectory_generator_node-6] [DIAG]   origin[2]: (-3.219, 2.146, 0.015)
[trajectory_generator_node-6] [DIAG] lineVisib(start→end DIRECT): false  colli=(-2.12,-1.70)
[trajectory_generator_node-6] [DIAG] direct line: 131 steps, 70 wall cells
[trajectory_generator_node-6] [smoothTopoPath] INPUT size=3
[trajectory_generator_node-6] [smoothTopoPath]   in[0]: (-1.419, -4.154, 0.015)
[trajectory_generator_node-6] [smoothTopoPath]   in[1]: (-5.619, -1.504, 0.015)
[trajectory_generator_node-6] [smoothTopoPath]   in[2]: (-3.219, 2.146, 0.015)
[trajectory_generator_node-6] [smoothTopoPath] lineVisib(start→end): false  colli=(-2.12,-1.70)
[trajectory_generator_node-6] [smoothTopoPath] OUTPUT size=6, iter_count=5
[trajectory_generator_node-6] [smoothTopoPath]   out[0]: (-1.419, -4.154, 0.015)
[trajectory_generator_node-6] [smoothTopoPath]   out[1]: (-4.892, -0.491, 0.015)
[trajectory_generator_node-6] [smoothTopoPath]   out[2]: (-5.835, -1.287, 0.015)
[trajectory_generator_node-6] [smoothTopoPath]   out[3]: (-4.944, -0.992, 0.015)
[trajectory_generator_node-6] [smoothTopoPath]   out[4]: (-4.830, 0.226, 0.015)
[trajectory_generator_node-6] [smoothTopoPath]   out[5]: (-3.219, 2.146, 0.015)
[trajectory_generator_node-6] [DIAG] optimized_path (smoothTopoPath) size: 6
[trajectory_generator_node-6] [DIAG]   opt[0]: (-1.419, -4.154, 0.015)
[trajectory_generator_node-6] [DIAG]   opt[1]: (-4.892, -0.491, 0.015)
[trajectory_generator_node-6] [DIAG]   opt[2]: (-5.835, -1.287, 0.015)
[trajectory_generator_node-6] [DIAG]   opt[3]: (-4.944, -0.992, 0.015)
[trajectory_generator_node-6] [DIAG]   opt[4]: (-4.830, 0.226, 0.015)
[trajectory_generator_node-6] [DIAG]   opt[5]: (-3.219, 2.146, 0.015)
[trajectory_generator_node-6] optimized_path size: 6
[trajectory_generator_node-6] [Manager] reference_speed: (2.00)
[trajectory_generator_node-6] [LBFGS] search direction d:  0.000866274   0.00252664   0.00242273   0.00232455   0.00127367  -0.00186993  -0.00224444 -6.56197e-05   0.00250635  0.000130909 -0.000829053  -0.00170077 -0.000314923   0.00254359   0.00189885  -0.00172591  -0.00101383   0.00200774  0.000193778  -0.00145051   0.00284732   0.00479384  -0.00106684  -0.00395573  -0.00172322   0.00159329 -7.19885e-05  -0.00106723  -0.00135096 -0.000986909 -0.000127598 -0.000250538   0.00111843   0.00210177   0.00222342  -0.00152157  -0.00229667   -0.0023169   -0.0027467  -0.00129759   0.00165175    0.0022203  0.000964386  -0.00154534  -0.00205791 -0.000342468   0.00123304   0.00258415   0.00068156  -0.00156866  -0.00222388  -0.00155638  -0.00198897  -0.00249468  0.000585123  5.27638e-05 -0.000167304 -5.47646e-05  -0.00091962 -0.000757819   0.00279251   0.00232069  -0.00128166 -0.000632945   0.00030846  0.000450661  0.000997666   0.00204096    0.0032677   0.00208521   0.00290567   0.00239757   0.00162362  0.000701699 -8.83717e-05 -0.000401972 -6.41068e-05  0.000379762  0.000502823  2.31562e-05 -0.000194324 -0.000164714   0.00018165  0.000596173  0.000482837  0.000219226  0.000289366  0.000640835  0.000637576  0.000538433  0.000589352  0.000674912   0.00102353  0.000901577  0.000283158 -3.03788e-05   0.00070164  0.000431291  0.000161662  6.75363e-05 -7.26829e-07   1.3346e-05  0.000120346  0.000676285   0.00168268   0.00444454
[trajectory_generator_node-6] [Smooth Optimize] MINCO reaches max evaluations: Line search reaches the maximum try number, assumptions not satisfied or precision not achievable.
[trajectory_generator_node-6] [Smooth Optimize] MINCO: cost=83.6 total_T=5.524(init 5.426) max_drift=0.293 max_vel=3.0 segs=36
[trajectory_generator_node-6] [Smooth Resample] resample
[trajectory_generator_node-6] [Smooth Resample] 37 -> 19 waypoints, 18 time segs, max_turn=103.4 deg
[trajectory_generator_node-6] [Manager] optimizer generate time: 0.730010
[trajectory_generator_node-6] [Reference] path size : 19
[trajectory_generator_node-6] [Reference] solvePolyMatrix ENTER: N=18, path_size=19, trap_time_size=18
[trajectory_generator_node-6] [Reference]   path[0]=(-1.4190,-4.1540) path[1]=(-1.6303,-3.9312) t[0]=0.320334 state_vel=(0.0000,0.0000)
[trajectory_generator_node-6] [Reference] banded solve done. b[0]=-3.113671 b[N]=-3.433875 b2[0]=3.224336 b2[N]=-5.210941
[trajectory_generator_node-6] [Reference] solvePolyMatrix EXIT: polyX[0]=[-1.568776 -1.556836 0.000000 -1.419000]
[trajectory_generator_node-6] [Reference] solvePolyMatrix ENTER: N=18, path_size=19, trap_time_size=18
[trajectory_generator_node-6] [Reference]   path[0]=(-1.4190,-4.1540) path[1]=(-1.6303,-3.9312) t[0]=0.352368 state_vel=(0.0000,0.0000)
[trajectory_generator_node-6] [Reference] banded solve done. b[0]=-2.579743 b[N]=-2.837913 b2[0]=2.671860 b2[N]=-4.306563
[trajectory_generator_node-6] [Reference] solvePolyMatrix EXIT: polyX[0]=[-1.169477 -1.289871 0.000000 -1.419000]
[trajectory_generator_node-6] [Reference] solvePolyMatrix ENTER: N=18, path_size=19, trap_time_size=18
[trajectory_generator_node-6] [Reference]   path[0]=(-1.4190,-4.1540) path[1]=(-1.6303,-3.9312) t[0]=0.387604 state_vel=(0.0000,0.0000)
[trajectory_generator_node-6] [Reference] banded solve done. b[0]=-2.115187 b[N]=-2.342353 b2[0]=2.189701 b2[N]=-3.533908
[trajectory_generator_node-6] [Reference] solvePolyMatrix EXIT: polyX[0]=[-0.900358 -1.057593 0.000000 -1.419000]
[trajectory_generator_node-6] [Reference] solvePolyMatrix ENTER: N=18, path_size=19, trap_time_size=18
[trajectory_generator_node-6] [Reference]   path[0]=(-1.4190,-4.1540) path[1]=(-1.6303,-3.9312) t[0]=0.426365 state_vel=(0.0000,0.0000)
[trajectory_generator_node-6] [Reference] banded solve done. b[0]=-1.731256 b[N]=-1.932374 b2[0]=1.791284 b2[N]=-2.896222
[trajectory_generator_node-6] [Reference] solvePolyMatrix EXIT: polyX[0]=[-0.696192 -0.865628 -0.000000 -1.419000]
[trajectory_generator_node-6] [Reference] solvePolyMatrix ENTER: N=18, path_size=19, trap_time_size=18
[trajectory_generator_node-6] [Reference]   path[0]=(-1.4190,-4.1540) path[1]=(-1.6303,-3.9312) t[0]=0.469001 state_vel=(0.0000,0.0000)
[trajectory_generator_node-6] [Reference] banded solve done. b[0]=-1.414349 b[N]=-1.933059 b2[0]=1.462617 b2[N]=-2.897431
[trajectory_generator_node-6] [Reference] solvePolyMatrix EXIT: polyX[0]=[-0.540587 -0.707175 -0.000000 -1.419000]
[trajectory_generator_node-6] [Reference] solvePolyMatrix ENTER: N=18, path_size=19, trap_time_size=18
[trajectory_generator_node-6] [Reference]   path[0]=(-1.4190,-4.1540) path[1]=(-1.6303,-3.9312) t[0]=0.515901 state_vel=(0.0000,0.0000)
[trajectory_generator_node-6] [Reference] banded solve done. b[0]=-1.152646 b[N]=-1.933648 b2[0]=1.191125 b2[N]=-2.898395
[trajectory_generator_node-6] [Reference] solvePolyMatrix EXIT: polyX[0]=[-0.421888 -0.576323 0.000000 -1.419000]
[trajectory_generator_node-6] [INFO] [1790443024.805738774] [trajectory_generation]: FSM published 18 trajectory pieces
[trajectory_generator_node-6] [INFO] [1790443026.879250800] [trajectory_generation]: FSM accepted manual goal goal=(-3.22, 2.15, 0.02)
[trajectory_generator_node-6] [Manager] start point, (x, y): (-1.42, -4.15)
[trajectory_generator_node-6] [Manager] receive target, (x, y): (-3.22, 2.15)
[trajectory_generator_node-6] [Topo]: m_graph before num: 1605
[trajectory_generator_node-6] [Topo]: dijkstra time: 0.335869
[trajectory_generator_node-6] [Topo]: topo search time: 1.507583
[trajectory_generator_node-6] [Topo]: m_graph num: 2567
[trajectory_generator_node-6] [DIAG] origin_path (Dijkstra) size: 3
[trajectory_generator_node-6] [DIAG]   origin[0]: (-1.419, -4.154, 0.015)
[trajectory_generator_node-6] [DIAG]   origin[1]: (-5.619, -1.504, 0.015)
[trajectory_generator_node-6] [DIAG]   origin[2]: (-3.219, 2.146, 0.015)
[trajectory_generator_node-6] [DIAG] lineVisib(start→end DIRECT): false  colli=(-2.12,-1.70)
[trajectory_generator_node-6] [DIAG] direct line: 131 steps, 70 wall cells
[trajectory_generator_node-6] [smoothTopoPath] INPUT size=3
[trajectory_generator_node-6] [smoothTopoPath]   in[0]: (-1.419, -4.154, 0.015)
[trajectory_generator_node-6] [smoothTopoPath]   in[1]: (-5.619, -1.504, 0.015)
[trajectory_generator_node-6] [smoothTopoPath]   in[2]: (-3.219, 2.146, 0.015)
[trajectory_generator_node-6] [smoothTopoPath] lineVisib(start→end): false  colli=(-2.12,-1.70)
[trajectory_generator_node-6] [smoothTopoPath] OUTPUT size=6, iter_count=5
[trajectory_generator_node-6] [smoothTopoPath]   out[0]: (-1.419, -4.154, 0.015)
[trajectory_generator_node-6] [smoothTopoPath]   out[1]: (-4.892, -0.491, 0.015)
[trajectory_generator_node-6] [smoothTopoPath]   out[2]: (-5.835, -1.287, 0.015)
[trajectory_generator_node-6] [smoothTopoPath]   out[3]: (-4.944, -0.992, 0.015)
[trajectory_generator_node-6] [smoothTopoPath]   out[4]: (-4.830, 0.226, 0.015)
[trajectory_generator_node-6] [smoothTopoPath]   out[5]: (-3.219, 2.146, 0.015)
[trajectory_generator_node-6] [DIAG] optimized_path (smoothTopoPath) size: 6
[trajectory_generator_node-6] [DIAG]   opt[0]: (-1.419, -4.154, 0.015)
[trajectory_generator_node-6] [DIAG]   opt[1]: (-4.892, -0.491, 0.015)
[trajectory_generator_node-6] [DIAG]   opt[2]: (-5.835, -1.287, 0.015)
[trajectory_generator_node-6] [DIAG]   opt[3]: (-4.944, -0.992, 0.015)
[trajectory_generator_node-6] [DIAG]   opt[4]: (-4.830, 0.226, 0.015)
[trajectory_generator_node-6] [DIAG]   opt[5]: (-3.219, 2.146, 0.015)
[trajectory_generator_node-6] optimized_path size: 6
[trajectory_generator_node-6] [Manager] reference_speed: (2.00)
[trajectory_generator_node-6] [LBFGS] search direction d:  0.000866274   0.00252664   0.00242273   0.00232455   0.00127367  -0.00186993  -0.00224444 -6.56197e-05   0.00250635  0.000130909 -0.000829053  -0.00170077 -0.000314923   0.00254359   0.00189885  -0.00172591  -0.00101383   0.00200774  0.000193778  -0.00145051   0.00284732   0.00479384  -0.00106684  -0.00395573  -0.00172322   0.00159329 -7.19885e-05  -0.00106723  -0.00135096 -0.000986909 -0.000127598 -0.000250538   0.00111843   0.00210177   0.00222342  -0.00152157  -0.00229667   -0.0023169   -0.0027467  -0.00129759   0.00165175    0.0022203  0.000964386  -0.00154534  -0.00205791 -0.000342468   0.00123304   0.00258415   0.00068156  -0.00156866  -0.00222388  -0.00155638  -0.00198897  -0.00249468  0.000585123  5.27638e-05 -0.000167304 -5.47646e-05  -0.00091962 -0.000757819   0.00279251   0.00232069  -0.00128166 -0.000632945   0.00030846  0.000450661  0.000997666   0.00204096    0.0032677   0.00208521   0.00290567   0.00239757   0.00162362  0.000701699 -8.83717e-05 -0.000401972 -6.41068e-05  0.000379762  0.000502823  2.31562e-05 -0.000194324 -0.000164714   0.00018165  0.000596173  0.000482837  0.000219226  0.000289366  0.000640835  0.000637576  0.000538433  0.000589352  0.000674912   0.00102353  0.000901577  0.000283158 -3.03788e-05   0.00070164  0.000431291  0.000161662  6.75363e-05 -7.26829e-07   1.3346e-05  0.000120346  0.000676285   0.00168268   0.00444454
[trajectory_generator_node-6] [Smooth Optimize] MINCO reaches max evaluations: Line search reaches the maximum try number, assumptions not satisfied or precision not achievable.
[trajectory_generator_node-6] [Smooth Optimize] MINCO: cost=83.6 total_T=5.524(init 5.426) max_drift=0.293 max_vel=3.0 segs=36
[trajectory_generator_node-6] [Smooth Resample] resample
[trajectory_generator_node-6] [Smooth Resample] 37 -> 19 waypoints, 18 time segs, max_turn=103.4 deg
[trajectory_generator_node-6] [Manager] optimizer generate time: 0.895476
[trajectory_generator_node-6] [Reference] path size : 19
[trajectory_generator_node-6] [Reference] solvePolyMatrix ENTER: N=18, path_size=19, trap_time_size=18
[trajectory_generator_node-6] [Reference]   path[0]=(-1.4190,-4.1540) path[1]=(-1.6303,-3.9312) t[0]=0.320334 state_vel=(0.0000,0.0000)
[trajectory_generator_node-6] [Reference] banded solve done. b[0]=-3.113671 b[N]=-3.433875 b2[0]=3.224336 b2[N]=-5.210941
[trajectory_generator_node-6] [Reference] solvePolyMatrix EXIT: polyX[0]=[-1.568776 -1.556836 0.000000 -1.419000]
[trajectory_generator_node-6] [Reference] solvePolyMatrix ENTER: N=18, path_size=19, trap_time_size=18
[trajectory_generator_node-6] [Reference]   path[0]=(-1.4190,-4.1540) path[1]=(-1.6303,-3.9312) t[0]=0.352368 state_vel=(0.0000,0.0000)
[trajectory_generator_node-6] [Reference] banded solve done. b[0]=-2.579743 b[N]=-2.837913 b2[0]=2.671860 b2[N]=-4.306563
[trajectory_generator_node-6] [Reference] solvePolyMatrix EXIT: polyX[0]=[-1.169477 -1.289871 0.000000 -1.419000]
[trajectory_generator_node-6] [Reference] solvePolyMatrix ENTER: N=18, path_size=19, trap_time_size=18
[trajectory_generator_node-6] [Reference]   path[0]=(-1.4190,-4.1540) path[1]=(-1.6303,-3.9312) t[0]=0.387604 state_vel=(0.0000,0.0000)
[trajectory_generator_node-6] [Reference] banded solve done. b[0]=-2.115187 b[N]=-2.342353 b2[0]=2.189701 b2[N]=-3.533908
[trajectory_generator_node-6] [Reference] solvePolyMatrix EXIT: polyX[0]=[-0.900358 -1.057593 0.000000 -1.419000]
[trajectory_generator_node-6] [Reference] solvePolyMatrix ENTER: N=18, path_size=19, trap_time_size=18
[trajectory_generator_node-6] [Reference]   path[0]=(-1.4190,-4.1540) path[1]=(-1.6303,-3.9312) t[0]=0.426365 state_vel=(0.0000,0.0000)
[trajectory_generator_node-6] [Reference] banded solve done. b[0]=-1.731256 b[N]=-1.932374 b2[0]=1.791284 b2[N]=-2.896222
[trajectory_generator_node-6] [Reference] solvePolyMatrix EXIT: polyX[0]=[-0.696192 -0.865628 -0.000000 -1.419000]
[trajectory_generator_node-6] [Reference] solvePolyMatrix ENTER: N=18, path_size=19, trap_time_size=18
[trajectory_generator_node-6] [Reference]   path[0]=(-1.4190,-4.1540) path[1]=(-1.6303,-3.9312) t[0]=0.469001 state_vel=(0.0000,0.0000)
[trajectory_generator_node-6] [Reference] banded solve done. b[0]=-1.414349 b[N]=-1.933059 b2[0]=1.462617 b2[N]=-2.897431
[trajectory_generator_node-6] [Reference] solvePolyMatrix EXIT: polyX[0]=[-0.540587 -0.707175 -0.000000 -1.419000]
[trajectory_generator_node-6] [Reference] solvePolyMatrix ENTER: N=18, path_size=19, trap_time_size=18
[trajectory_generator_node-6] [Reference]   path[0]=(-1.4190,-4.1540) path[1]=(-1.6303,-3.9312) t[0]=0.515901 state_vel=(0.0000,0.0000)
[trajectory_generator_node-6] [Reference] banded solve done. b[0]=-1.152646 b[N]=-1.933648 b2[0]=1.191125 b2[N]=-2.898395
[trajectory_generator_node-6] [Reference] solvePolyMatrix EXIT: polyX[0]=[-0.421888 -0.576323 0.000000 -1.419000]
[trajectory_generator_node-6] [INFO] [1790443029.324234700] [trajectory_generation]: FSM published 18 trajectory pieces
[trajectory_generator_node-6] [INFO] [1790443031.470368497] [trajectory_generation]: FSM accepted manual goal goal=(-3.72, 2.10, 0.02)
[trajectory_generator_node-6] [Manager] start point, (x, y): (-1.92, -3.80)
[trajectory_generator_node-6] [Manager] receive target, (x, y): (-3.72, 2.10)
[trajectory_generator_node-6] [Topo]: m_graph before num: 1605
[trajectory_generator_node-6] [Topo]: dijkstra time: 0.416776
[trajectory_generator_node-6] [Topo]: topo search time: 1.916666
[trajectory_generator_node-6] [Topo]: m_graph num: 2558
[trajectory_generator_node-6] [DIAG] origin_path (Dijkstra) size: 3
[trajectory_generator_node-6] [DIAG]   origin[0]: (-1.919, -3.804, 0.015)
[trajectory_generator_node-6] [DIAG]   origin[1]: (-5.319, -1.704, 0.015)
[trajectory_generator_node-6] [DIAG]   origin[2]: (-3.719, 2.096, 0.015)
[trajectory_generator_node-6] [DIAG] lineVisib(start→end DIRECT): false  colli=(-2.62,-1.45)
[trajectory_generator_node-6] [DIAG] direct line: 123 steps, 56 wall cells
[trajectory_generator_node-6] [smoothTopoPath] INPUT size=3
[trajectory_generator_node-6] [smoothTopoPath]   in[0]: (-1.919, -3.804, 0.015)
[trajectory_generator_node-6] [smoothTopoPath]   in[1]: (-5.319, -1.704, 0.015)
[trajectory_generator_node-6] [smoothTopoPath]   in[2]: (-3.719, 2.096, 0.015)
[trajectory_generator_node-6] [smoothTopoPath] lineVisib(start→end): false  colli=(-2.62,-1.45)
[trajectory_generator_node-6] [smoothTopoPath] OUTPUT size=8, iter_count=7
[trajectory_generator_node-6] [smoothTopoPath]   out[0]: (-1.919, -3.804, 0.015)
[trajectory_generator_node-6] [smoothTopoPath]   out[1]: (-4.935, -0.414, 0.015)
[trajectory_generator_node-6] [smoothTopoPath]   out[2]: (-5.587, -1.574, 0.015)
[trajectory_generator_node-6] [smoothTopoPath]   out[3]: (-4.511, -0.293, 0.015)
[trajectory_generator_node-6] [smoothTopoPath]   out[4]: (-5.559, -1.508, 0.015)
[trajectory_generator_node-6] [smoothTopoPath]   out[5]: (-4.659, -0.137, 0.015)
[trajectory_generator_node-6] [smoothTopoPath]   out[6]: (-4.819, 0.256, 0.015)
[trajectory_generator_node-6] [smoothTopoPath]   out[7]: (-3.719, 2.096, 0.015)
[trajectory_generator_node-6] [DIAG] optimized_path (smoothTopoPath) size: 8
[trajectory_generator_node-6] [DIAG]   opt[0]: (-1.919, -3.804, 0.015)
[trajectory_generator_node-6] [DIAG]   opt[1]: (-4.935, -0.414, 0.015)
[trajectory_generator_node-6] [DIAG]   opt[2]: (-5.587, -1.574, 0.015)
[trajectory_generator_node-6] [DIAG]   opt[3]: (-4.511, -0.293, 0.015)
[trajectory_generator_node-6] [DIAG]   opt[4]: (-5.559, -1.508, 0.015)
[trajectory_generator_node-6] [DIAG]   opt[5]: (-4.659, -0.137, 0.015)
[trajectory_generator_node-6] [DIAG]   opt[6]: (-4.819, 0.256, 0.015)
[trajectory_generator_node-6] [DIAG]   opt[7]: (-3.719, 2.096, 0.015)
[trajectory_generator_node-6] [Manager] reference_speed: (2.00)
[trajectory_generator_node-6] optimized_path size: 8
[trajectory_generator_node-6] [LBFGS] search direction d:   -0.0007545   0.00207064   0.00823821   0.00213836  -0.00344187  -0.00293224 -0.000447606   0.00345642   0.00219923  -0.00412639  -0.00155696   0.00257434  0.000252253  0.000793049   0.00317644  0.000638705  -0.00099688   0.00207342   0.00117938  0.000842335   0.00170032   0.00042557  -0.00118144 -0.000969735   0.00201473   0.00295611   -0.0020418   -0.0014501   0.00486999  0.000342769  -0.00163134   0.00150088   0.00461769   -0.0020267 -0.000543586    0.0021799   0.00361805   0.00329287  -0.00515894  -0.00469855   0.00813959   0.00335278  -0.00084193  0.000268606  -0.00263096  -0.00367638  -0.00553863  -0.00500278   0.00334068   0.00558312  -0.00139708  -0.00322042  -0.00129067   0.00310316 -0.000936477  7.98299e-05    0.0023655   0.00134453  -0.00660812  -0.00417269 -0.000978851  -0.00181913  -0.00015745   0.00232039   0.00535447  -0.00193674  -0.00520379  -0.00445985 -0.000228861  0.000311393  -0.00774979  -0.00516504   0.00632267   0.00277902  0.000196095  -0.00312273   0.00105604  -0.00141127  -0.00680089   0.00237841    0.0136389  -0.00233827   -0.0110386  -0.00147886    0.0141666   0.00499541  -0.00148269 -0.000391908   0.00384796   0.00354409     0.002213  6.25776e-06 -0.000779189 -0.000129078  0.000788486  0.000652651  -0.00013529 -0.000488908  0.000245824  0.000321243  4.98429e-05   0.00030183  0.000390375  0.000241547  0.000757907  0.000826638  0.000883234   0.00016031  0.000665545   0.00134778   0.00108004  0.000195884  8.49108e-05  3.27075e-05 -0.000439091  0.000843812   0.00170888   0.00064594  0.000168478  0.000773963  0.000492537   0.00130049  0.000812609  8.81436e-05 -0.000383408   0.00128624   0.00126999 -0.000502112  -0.00104453   0.00196345   0.00381658   0.00381662   0.00147297
[trajectory_generator_node-6] [Smooth Optimize] MINCO reaches max evaluations: Line search reaches the maximum try number, assumptions not satisfied or precision not achievable.
[trajectory_generator_node-6] [Smooth Optimize] MINCO: cost=220.3 total_T=6.437(init 6.394) max_drift=0.250 max_vel=3.1 segs=45
[trajectory_generator_node-6] [Smooth Resample] resample
[trajectory_generator_node-6] [Smooth Resample] 46 -> 24 waypoints, 23 time segs, max_turn=173.8 deg
[trajectory_generator_node-6] [Manager] optimizer generate time: 1.073185
[trajectory_generator_node-6] [Reference] path size : 24
[trajectory_generator_node-6] [Reference] solvePolyMatrix ENTER: N=23, path_size=24, trap_time_size=23
[trajectory_generator_node-6] [Reference]   path[0]=(-1.9190,-3.8040) path[1]=(-2.1819,-3.5109) t[0]=0.309786 state_vel=(0.0000,0.0000)
[trajectory_generator_node-6] [Reference] banded solve done. b[0]=-5.753242 b[N]=1.110941 b2[0]=6.273209 b2[N]=1.230880
[trajectory_generator_node-6] [Reference] solvePolyMatrix EXIT: polyX[0]=[0.443264 -2.876621 0.000000 -1.919000]
[trajectory_generator_node-6] [Reference] solvePolyMatrix ENTER: N=23, path_size=24, trap_time_size=23
[trajectory_generator_node-6] [Reference]   path[0]=(-1.9190,-3.8040) path[1]=(-2.1819,-3.5109) t[0]=0.340765 state_vel=(0.0000,0.0000)
[trajectory_generator_node-6] [Reference] banded solve done. b[0]=-4.762468 b[N]=0.918133 b2[0]=5.192998 b2[N]=1.017256
[trajectory_generator_node-6] [Reference] solvePolyMatrix EXIT: polyX[0]=[0.344363 -2.381234 0.000000 -1.919000]
[trajectory_generator_node-6] [Reference] solvePolyMatrix ENTER: N=23, path_size=24, trap_time_size=23
[trajectory_generator_node-6] [Reference]   path[0]=(-1.9190,-3.8040) path[1]=(-2.1819,-3.5109) t[0]=0.374841 state_vel=(0.0000,0.0000)
[trajectory_generator_node-6] [Reference] banded solve done. b[0]=-3.943446 b[N]=0.758787 b2[0]=4.300047 b2[N]=0.840708
[trajectory_generator_node-6] [Reference] solvePolyMatrix EXIT: polyX[0]=[0.268759 -1.971723 0.000000 -1.919000]
[trajectory_generator_node-6] [Reference] solvePolyMatrix ENTER: N=23, path_size=24, trap_time_size=23
[trajectory_generator_node-6] [Reference]   path[0]=(-1.9190,-3.8040) path[1]=(-2.1819,-3.5109) t[0]=0.412325 state_vel=(0.0000,0.0000)
[trajectory_generator_node-6] [Reference] banded solve done. b[0]=-3.266299 b[N]=0.627097 b2[0]=3.561780 b2[N]=0.694800
[trajectory_generator_node-6] [Reference] solvePolyMatrix EXIT: polyX[0]=[0.210717 -1.633149 -0.000000 -1.919000]
[trajectory_generator_node-6] [Reference] solvePolyMatrix ENTER: N=23, path_size=24, trap_time_size=23
[trajectory_generator_node-6] [Reference]   path[0]=(-1.9190,-3.8040) path[1]=(-2.1819,-3.5109) t[0]=0.453558 state_vel=(0.0000,0.0000)
[trajectory_generator_node-6] [Reference] banded solve done. b[0]=-2.706353 b[N]=0.527526 b2[0]=2.951295 b2[N]=0.599607
[trajectory_generator_node-6] [Reference] solvePolyMatrix EXIT: polyX[0]=[0.165958 -1.353177 -0.000000 -1.919000]
[trajectory_generator_node-6] [Reference] solvePolyMatrix ENTER: N=23, path_size=24, trap_time_size=23
[trajectory_generator_node-6] [Reference]   path[0]=(-1.9190,-3.8040) path[1]=(-2.1819,-3.5109) t[0]=0.498913 state_vel=(0.0000,0.0000)
[trajectory_generator_node-6] [Reference] banded solve done. b[0]=-2.263492 b[N]=0.446449 b2[0]=2.467608 b2[N]=0.511516
[trajectory_generator_node-6] [Reference] solvePolyMatrix EXIT: polyX[0]=[0.151581 -1.131746 0.000000 -1.919000]
[trajectory_generator_node-6] [Reference] solvePolyMatrix ENTER: N=23, path_size=24, trap_time_size=23
[trajectory_generator_node-6] [Reference]   path[0]=(-1.9190,-3.8040) path[1]=(-2.1819,-3.5109) t[0]=0.498913 state_vel=(0.0000,0.0000)
[trajectory_generator_node-6] [Reference] banded solve done. b[0]=-2.263473 b[N]=0.379760 b2[0]=2.467632 b2[N]=0.439279
[trajectory_generator_node-6] [Reference] solvePolyMatrix EXIT: polyX[0]=[0.151562 -1.131737 0.000000 -1.919000]
[trajectory_generator_node-6] [Reference] solvePolyMatrix ENTER: N=23, path_size=24, trap_time_size=23
[trajectory_generator_node-6] [Reference]   path[0]=(-1.9190,-3.8040) path[1]=(-2.1819,-3.5109) t[0]=0.498913 state_vel=(0.0000,0.0000)
[trajectory_generator_node-6] [Reference] banded solve done. b[0]=-2.263458 b[N]=0.324978 b2[0]=2.467653 b2[N]=0.380694
[trajectory_generator_node-6] [Reference] solvePolyMatrix EXIT: polyX[0]=[0.151547 -1.131729 0.000000 -1.919000]
[trajectory_generator_node-6] [Reference] solvePolyMatrix ENTER: N=23, path_size=24, trap_time_size=23
[trajectory_generator_node-6] [Reference]   path[0]=(-1.9190,-3.8040) path[1]=(-2.1819,-3.5109) t[0]=0.498913 state_vel=(0.0000,0.0000)
[trajectory_generator_node-6] [Reference] banded solve done. b[0]=-2.264173 b[N]=0.324978 b2[0]=2.468285 b2[N]=0.380694
[trajectory_generator_node-6] [Reference] solvePolyMatrix EXIT: polyX[0]=[0.152263 -1.132086 0.000000 -1.919000]
[trajectory_generator_node-6] [INFO] [1790443034.480268811] [trajectory_generation]: FSM published 23 trajectory pieces
[trajectory_generator_node-6] [INFO] [1790443036.557638911] [trajectory_generation]: FSM accepted manual goal goal=(-3.72, 2.10, 0.02)
[trajectory_generator_node-6] [Manager] start point, (x, y): (-1.92, -3.80)
[trajectory_generator_node-6] [Manager] receive target, (x, y): (-3.72, 2.10)
[trajectory_generator_node-6] [Topo]: m_graph before num: 1605
[trajectory_generator_node-6] [Topo]: dijkstra time: 0.257582
[trajectory_generator_node-6] [Topo]: topo search time: 1.243947
[trajectory_generator_node-6] [Topo]: m_graph num: 2568
[trajectory_generator_node-6] [DIAG] origin_path (Dijkstra) size: 5
[trajectory_generator_node-6] [DIAG]   origin[0]: (-1.919, -3.804, 0.015)
[trajectory_generator_node-6] [DIAG]   origin[1]: (-5.019, -1.604, 0.015)
[trajectory_generator_node-6] [DIAG]   origin[2]: (-3.769, 2.396, 0.015)
[trajectory_generator_node-6] [DIAG]   origin[3]: (-2.719, 2.096, 0.015)
[trajectory_generator_node-6] [DIAG]   origin[4]: (-3.719, 2.096, 0.015)
[trajectory_generator_node-6] [DIAG] lineVisib(start→end DIRECT): false  colli=(-2.62,-1.45)
[trajectory_generator_node-6] [DIAG] direct line: 123 steps, 56 wall cells
[trajectory_generator_node-6] [smoothTopoPath] INPUT size=5
[trajectory_generator_node-6] [smoothTopoPath]   in[0]: (-1.919, -3.804, 0.015)
[trajectory_generator_node-6] [smoothTopoPath]   in[1]: (-5.019, -1.604, 0.015)
[trajectory_generator_node-6] [smoothTopoPath]   in[2]: (-3.769, 2.396, 0.015)
[trajectory_generator_node-6] [smoothTopoPath]   in[3]: (-2.719, 2.096, 0.015)
[trajectory_generator_node-6] [smoothTopoPath]   in[4]: (-3.719, 2.096, 0.015)
[trajectory_generator_node-6] [smoothTopoPath] lineVisib(start→end): false  colli=(-2.62,-1.45)
[trajectory_generator_node-6] [smoothTopoPath] OUTPUT size=3, iter_count=2
[trajectory_generator_node-6] [smoothTopoPath]   out[0]: (-1.919, -3.804, 0.015)
[trajectory_generator_node-6] [smoothTopoPath]   out[1]: (-4.854, -0.499, 0.015)
[trajectory_generator_node-6] [smoothTopoPath]   out[2]: (-3.719, 2.096, 0.015)
[trajectory_generator_node-6] [DIAG] optimized_path (smoothTopoPath) size: 3
[trajectory_generator_node-6] [DIAG]   opt[0]: (-1.919, -3.804, 0.015)
[trajectory_generator_node-6] [DIAG]   opt[1]: (-4.854, -0.499, 0.015)
[trajectory_generator_node-6] [DIAG]   opt[2]: (-3.719, 2.096, 0.015)
[trajectory_generator_node-6] optimized_path size: 3
[trajectory_generator_node-6] [Manager] reference_speed: (2.00)
[trajectory_generator_node-6] [LBFGS] search direction d:  8.63906e-05   0.00178338  0.000660079  0.000814421   0.00097412  0.000259466 -0.000589282  -0.00173552  0.000364402   0.00125223  0.000113573 -0.000842193  -0.00075564   0.00115207   0.00112802 -0.000289527  -0.00122406  -0.00103317   0.00107507   0.00027748  0.000751303 -0.000701043  0.000191672 -8.97702e-06  0.000283842  -0.00162143  -0.00203445 -0.000895491  0.000750852  0.000850322  0.000413392   0.00118996  -0.00145928 -0.000797686  -0.00101938   0.00109255   0.00116274  0.000954584   0.00149687 -0.000546598  0.000490545  -0.00024205   0.00249576   0.00206234  0.000885593  5.83571e-05   0.00144116   0.00136414   0.00104068  0.000543422  9.78571e-05 -0.000142676 -7.09207e-05  5.33489e-05   0.00026058  0.000354824  2.09217e-05 -6.83836e-05 -9.45748e-05  9.80984e-05  0.000184057  0.000716519  3.32959e-06 -8.12674e-05 -0.000109165 -6.96482e-05  0.000411573  0.000998103   0.00125301   0.00176489
[trajectory_generator_node-6] [Smooth Optimize] MINCO reaches max evaluations: Line search reaches the maximum try number, assumptions not satisfied or precision not achievable.
[trajectory_generator_node-6] [Smooth Optimize] MINCO: cost=71.8 total_T=3.681(init 3.608) max_drift=0.303 max_vel=3.0 segs=24
[trajectory_generator_node-6] [Smooth Resample] resample
[trajectory_generator_node-6] [Smooth Resample] 25 -> 13 waypoints, 12 time segs, max_turn=22.3 deg
[trajectory_generator_node-6] [Manager] optimizer generate time: 0.430302
[trajectory_generator_node-6] [Reference] path size : 13
[trajectory_generator_node-6] [Reference] solvePolyMatrix ENTER: N=12, path_size=13, trap_time_size=12
[trajectory_generator_node-6] [Reference]   path[0]=(-1.9190,-3.8040) path[1]=(-2.1104,-3.5769) t[0]=0.324063 state_vel=(0.0000,0.0000)
[trajectory_generator_node-6] [Reference] banded solve done. b[0]=-2.390271 b[N]=-1.586934 b2[0]=3.433540 b2[N]=-4.773047
[trajectory_generator_node-6] [Reference] solvePolyMatrix EXIT: polyX[0]=[-1.937060 -1.195136 0.000000 -1.919000]
[trajectory_generator_node-6] [Reference] solvePolyMatrix ENTER: N=12, path_size=13, trap_time_size=12
[trajectory_generator_node-6] [Reference]   path[0]=(-1.9190,-3.8040) path[1]=(-2.1104,-3.5769) t[0]=0.356469 state_vel=(0.0000,0.0000)
[trajectory_generator_node-6] [Reference] banded solve done. b[0]=-1.960284 b[N]=-1.311638 b2[0]=2.820815 b2[N]=-3.944511
[trajectory_generator_node-6] [Reference] solvePolyMatrix EXIT: polyX[0]=[-1.476587 -0.980142 -0.000000 -1.919000]
[trajectory_generator_node-6] [Reference] solvePolyMatrix ENTER: N=12, path_size=13, trap_time_size=12
[trajectory_generator_node-6] [Reference]   path[0]=(-1.9190,-3.8040) path[1]=(-2.1104,-3.5769) t[0]=0.392116 state_vel=(0.0000,0.0000)
[trajectory_generator_node-6] [Reference] banded solve done. b[0]=-1.602928 b[N]=-1.079164 b2[0]=2.312721 b2[N]=-3.241016
[trajectory_generator_node-6] [Reference] solvePolyMatrix EXIT: polyX[0]=[-1.131239 -0.801464 0.000000 -1.919000]
[trajectory_generator_node-6] [Reference] solvePolyMatrix ENTER: N=12, path_size=13, trap_time_size=12
[trajectory_generator_node-6] [Reference]   path[0]=(-1.9190,-3.8040) path[1]=(-2.1104,-3.5769) t[0]=0.431328 state_vel=(0.0000,0.0000)
[trajectory_generator_node-6] [Reference] banded solve done. b[0]=-1.307622 b[N]=-0.886579 b2[0]=1.892744 b2[N]=-2.659525
[trajectory_generator_node-6] [Reference] solvePolyMatrix EXIT: polyX[0]=[-0.869753 -0.653811 0.000000 -1.919000]
[trajectory_generator_node-6] [Reference] solvePolyMatrix ENTER: N=12, path_size=13, trap_time_size=12
[trajectory_generator_node-6] [Reference]   path[0]=(-1.9190,-3.8040) path[1]=(-2.1104,-3.5769) t[0]=0.474460 state_vel=(0.0000,0.0000)
[trajectory_generator_node-6] [Reference] banded solve done. b[0]=-1.063820 b[N]=-0.727128 b2[0]=1.545855 b2[N]=-2.179129
[trajectory_generator_node-6] [Reference] solvePolyMatrix EXIT: polyX[0]=[-0.671225 -0.531910 0.000000 -1.919000]
[trajectory_generator_node-6] [Reference] solvePolyMatrix ENTER: N=12, path_size=13, trap_time_size=12
[trajectory_generator_node-6] [Reference]   path[0]=(-1.9190,-3.8040) path[1]=(-2.1104,-3.5769) t[0]=0.521906 state_vel=(0.0000,0.0000)
[trajectory_generator_node-6] [Reference] banded solve done. b[0]=-0.862763 b[N]=-0.727124 b2[0]=1.259574 b2[N]=-2.179133
[trajectory_generator_node-6] [Reference] solvePolyMatrix EXIT: polyX[0]=[-0.520039 -0.431381 0.000000 -1.919000]
[trajectory_generator_node-6] [INFO] [1790443038.249362933] [trajectory_generation]: FSM published 12 trajectory pieces
[trajectory_generator_node-6] [INFO] [1790443040.290195646] [trajectory_generation]: FSM accepted manual goal goal=(-3.72, 2.10, 0.02)
[trajectory_generator_node-6] [Manager] start point, (x, y): (-1.92, -3.80)
[trajectory_generator_node-6] [Manager] receive target, (x, y): (-3.72, 2.10)
[trajectory_generator_node-6] [Topo]: m_graph before num: 1605
[trajectory_generator_node-6] [Topo]: dijkstra time: 0.222577
[trajectory_generator_node-6] [Topo]: topo search time: 1.252433
[trajectory_generator_node-6] [Topo]: m_graph num: 2581
[trajectory_generator_node-6] [DIAG] origin_path (Dijkstra) size: 3
[trajectory_generator_node-6] [DIAG]   origin[0]: (-1.919, -3.804, 0.015)
[trajectory_generator_node-6] [DIAG]   origin[1]: (-5.219, -1.454, 0.015)
[trajectory_generator_node-6] [DIAG]   origin[2]: (-3.719, 2.096, 0.015)
[trajectory_generator_node-6] [DIAG] lineVisib(start→end DIRECT): false  colli=(-2.62,-1.45)
[trajectory_generator_node-6] [DIAG] direct line: 123 steps, 56 wall cells
[trajectory_generator_node-6] [smoothTopoPath] INPUT size=3
[trajectory_generator_node-6] [smoothTopoPath]   in[0]: (-1.919, -3.804, 0.015)
[trajectory_generator_node-6] [smoothTopoPath]   in[1]: (-5.219, -1.454, 0.015)
[trajectory_generator_node-6] [smoothTopoPath]   in[2]: (-3.719, 2.096, 0.015)
[trajectory_generator_node-6] [smoothTopoPath] lineVisib(start→end): false  colli=(-2.62,-1.45)
[trajectory_generator_node-6] [smoothTopoPath] stuck detected, skipping to topo[2]
[trajectory_generator_node-6] [smoothTopoPath] OUTPUT size=7, iter_count=6
[trajectory_generator_node-6] [smoothTopoPath]   out[0]: (-1.919, -3.804, 0.015)
[trajectory_generator_node-6] [smoothTopoPath]   out[1]: (-4.931, -0.394, 0.015)
[trajectory_generator_node-6] [smoothTopoPath]   out[2]: (-5.490, -1.331, 0.015)
[trajectory_generator_node-6] [smoothTopoPath]   out[3]: (-4.449, -0.384, 0.015)
[trajectory_generator_node-6] [smoothTopoPath]   out[4]: (-5.441, -1.231, 0.015)
[trajectory_generator_node-6] [smoothTopoPath]   out[5]: (-3.719, 2.096, 0.015)
[trajectory_generator_node-6] [smoothTopoPath]   out[6]: (-3.719, 2.096, 0.015)
[trajectory_generator_node-6] [DIAG] optimized_path (smoothTopoPath) size: 7
[trajectory_generator_node-6] [DIAG]   opt[0]: (-1.919, -3.804, 0.015)
[trajectory_generator_node-6] [DIAG]   opt[1]: (-4.931, -0.394, 0.015)
[trajectory_generator_node-6] [DIAG]   opt[2]: (-5.490, -1.331, 0.015)
[trajectory_generator_node-6] [DIAG]   opt[3]: (-4.449, -0.384, 0.015)
[trajectory_generator_node-6] [DIAG]   opt[4]: (-5.441, -1.231, 0.015)
[trajectory_generator_node-6] [DIAG]   opt[5]: (-3.719, 2.096, 0.015)
[trajectory_generator_node-6] [DIAG]   opt[6]: (-3.719, 2.096, 0.015)
[trajectory_generator_node-6] optimized_path size: 7
[trajectory_generator_node-6] [Manager] reference_speed: (2.00)
[trajectory_generator_node-6] [LBFGS] search direction d:  0.000703029 -0.000941519  0.000359644  0.000613474   0.00149231   -0.0016353  -0.00141235   0.00156833   0.00131463  -0.00191552 -0.000416484  0.000799058   0.00115058 -0.000535902  -0.00152309 -0.000747472  0.000341989  0.000698953 -0.000519242 -8.06552e-05   0.00101555  0.000907816 -0.000558722  6.68272e-05  0.000538701 -0.000621887   0.00122103  0.000183045  0.000960442 -0.000922796  -0.00227108  -0.00171384  -0.00216195 -0.000898903   0.00108579  7.24422e-05 -0.000419086 -0.000163256  0.000760257  -0.00108975   0.00136866 -0.000711348 -0.000520883  -0.00154225   0.00136132   0.00194996  -0.00125879  -0.00184513   0.00106544  0.000653306  0.000941054  -0.00168499   0.00142756  -0.00219346   0.00208798 -1.67312e-06  0.000998158  -0.00154017    0.0010786  0.000933859 -0.000959982 -0.000948983  7.35522e-05  0.000691768 -2.39904e-05  -0.00121683  0.000671236  0.000167998  0.000899527 -3.45934e-05    0.0019248 -0.000753037  -0.00121266  0.000859813   0.00139107  0.000749384  -0.00128035 -0.000399148  0.000249149  0.000119126  0.000320705  0.000122667 -1.30814e-06 -0.000309947  -1.8384e-06  0.000397631   6.8098e-05 -0.000270587  4.57891e-05  0.000164295  0.000205338 -8.20726e-05  3.37115e-05  0.000161791   0.00011929   0.00010922 -1.13881e-05 -4.23056e-06  1.40118e-05  0.000281746  0.000224568 -3.57113e-06  0.000107662   3.3164e-05  0.000170603  6.47944e-05  8.01127e-05  0.000205629  0.000173392 -1.36262e-05  0.000281532  6.17692e-06 -0.000185014   5.0446e-06   0.00019718  0.000299529  0.000102128  0.000258172
[trajectory_generator_node-6] [Smooth Optimize] MINCO reaches max evaluations: Line search reaches the maximum try number, assumptions not satisfied or precision not achievable.
[trajectory_generator_node-6] [Smooth Optimize] MINCO: cost=165.4 total_T=5.903(init 5.816) max_drift=0.272 max_vel=3.1 segs=40
[trajectory_generator_node-6] [Smooth Resample] resample
[trajectory_generator_node-6] [Smooth Resample] 41 -> 21 waypoints, 20 time segs, max_turn=175.5 deg
[trajectory_generator_node-6] [Manager] optimizer generate time: 0.979830
[trajectory_generator_node-6] [Reference] path size : 21
[trajectory_generator_node-6] [Reference] solvePolyMatrix ENTER: N=20, path_size=21, trap_time_size=20
[trajectory_generator_node-6] [Reference]   path[0]=(-1.9190,-3.8040) path[1]=(-2.1376,-3.5584) t[0]=0.315379 state_vel=(0.0000,0.0000)
[trajectory_generator_node-6] [Reference] banded solve done. b[0]=-3.667737 b[N]=-1.887591 b2[0]=3.981906 b2[N]=-5.826054
[trajectory_generator_node-6] [Reference] solvePolyMatrix EXIT: polyX[0]=[-1.154970 -1.833869 -0.000000 -1.919000]
[trajectory_generator_node-6] [Reference] solvePolyMatrix ENTER: N=20, path_size=21, trap_time_size=20
[trajectory_generator_node-6] [Reference]   path[0]=(-1.9190,-3.8040) path[1]=(-2.1376,-3.5584) t[0]=0.346917 state_vel=(0.0000,0.0000)
[trajectory_generator_node-6] [Reference] banded solve done. b[0]=-3.040843 b[N]=-1.559992 b2[0]=3.300525 b2[N]=-4.814921
[trajectory_generator_node-6] [Reference] solvePolyMatrix EXIT: polyX[0]=[-0.853831 -1.520421 -0.000000 -1.919000]
[trajectory_generator_node-6] [Reference] solvePolyMatrix ENTER: N=20, path_size=21, trap_time_size=20
[trajectory_generator_node-6] [Reference]   path[0]=(-1.9190,-3.8040) path[1]=(-2.1376,-3.5584) t[0]=0.381609 state_vel=(0.0000,0.0000)
[trajectory_generator_node-6] [Reference] banded solve done. b[0]=-2.522322 b[N]=-1.289250 b2[0]=2.737027 b2[N]=-3.979274
[trajectory_generator_node-6] [Reference] solvePolyMatrix EXIT: polyX[0]=[-0.629404 -1.261161 0.000000 -1.919000]
[trajectory_generator_node-6] [Reference] solvePolyMatrix ENTER: N=20, path_size=21, trap_time_size=20
[trajectory_generator_node-6] [Reference]   path[0]=(-1.9190,-3.8040) path[1]=(-2.1376,-3.5584) t[0]=0.419770 state_vel=(0.0000,0.0000)
[trajectory_generator_node-6] [Reference] banded solve done. b[0]=-2.074605 b[N]=-1.065496 b2[0]=2.248121 b2[N]=-3.288656
[trajectory_generator_node-6] [Reference] solvePolyMatrix EXIT: polyX[0]=[-0.484743 -1.037302 0.000000 -1.919000]
[trajectory_generator_node-6] [Reference] solvePolyMatrix ENTER: N=20, path_size=21, trap_time_size=20
[trajectory_generator_node-6] [Reference]   path[0]=(-1.9190,-3.8040) path[1]=(-2.1376,-3.5584) t[0]=0.461747 state_vel=(0.0000,0.0000)
[trajectory_generator_node-6] [Reference] banded solve done. b[0]=-1.704349 b[N]=-0.880575 b2[0]=1.843994 b2[N]=-2.717897
[trajectory_generator_node-6] [Reference] solvePolyMatrix EXIT: polyX[0]=[-0.375240 -0.852174 0.000000 -1.919000]
[trajectory_generator_node-6] [Reference] solvePolyMatrix ENTER: N=20, path_size=21, trap_time_size=20
[trajectory_generator_node-6] [Reference]   path[0]=(-1.9190,-3.8040) path[1]=(-2.1376,-3.5584) t[0]=0.507922 state_vel=(0.0000,0.0000)
[trajectory_generator_node-6] [Reference] banded solve done. b[0]=-1.398283 b[N]=-0.877487 b2[0]=1.510114 b2[N]=-2.711165
[trajectory_generator_node-6] [Reference] solvePolyMatrix EXIT: polyX[0]=[-0.292033 -0.699141 0.000000 -1.919000]
[trajectory_generator_node-6] [Reference] solvePolyMatrix ENTER: N=20, path_size=21, trap_time_size=20
[trajectory_generator_node-6] [Reference]   path[0]=(-1.9190,-3.8040) path[1]=(-2.1376,-3.5584) t[0]=0.507922 state_vel=(0.0000,0.0000)
[trajectory_generator_node-6] [Reference] banded solve done. b[0]=-1.398284 b[N]=-0.874803 b2[0]=1.510113 b2[N]=-2.705543
[trajectory_generator_node-6] [Reference] solvePolyMatrix EXIT: polyX[0]=[-0.292032 -0.699142 0.000000 -1.919000]
[trajectory_generator_node-6] [Reference] solvePolyMatrix ENTER: N=20, path_size=21, trap_time_size=20
[trajectory_generator_node-6] [Reference]   path[0]=(-1.9190,-3.8040) path[1]=(-2.1376,-3.5584) t[0]=0.507922 state_vel=(0.0000,0.0000)
[trajectory_generator_node-6] [Reference] banded solve done. b[0]=-1.398286 b[N]=-0.875001 b2[0]=1.510111 b2[N]=-2.705688
[trajectory_generator_node-6] [Reference] solvePolyMatrix EXIT: polyX[0]=[-0.292030 -0.699143 0.000000 -1.919000]
[trajectory_generator_node-6] [INFO] [1790443042.560364027] [trajectory_generation]: FSM published 20 trajectory pieces
[trajectory_generator_node-6] [INFO] [1790443044.564419106] [trajectory_generation]: FSM accepted manual goal goal=(-4.72, 1.10, 0.02)
[trajectory_generator_node-6] [Manager] start point, (x, y): (-2.92, -3.10)
[trajectory_generator_node-6] [Manager] receive target, (x, y): (-4.72, 1.10)
[trajectory_generator_node-6] [Topo]: m_graph before num: 1600
[trajectory_generator_node-6] [Topo]: dijkstra time: 0.219051
[trajectory_generator_node-6] [Topo]: topo search time: 1.046214
[trajectory_generator_node-6] [Topo]: m_graph num: 2575
[trajectory_generator_node-6] [DIAG] origin_path (Dijkstra) size: 3
[trajectory_generator_node-6] [DIAG]   origin[0]: (-2.919, -3.104, 0.015)
[trajectory_generator_node-6] [DIAG]   origin[1]: (-4.333, -1.690, 0.015)
[trajectory_generator_node-6] [DIAG]   origin[2]: (-4.719, 1.096, 0.015)
[trajectory_generator_node-6] [DIAG] lineVisib(start→end DIRECT): false  colli=(-3.92,-0.75)
[trajectory_generator_node-6] [DIAG] direct line: 91 steps, 21 wall cells
[trajectory_generator_node-6] [smoothTopoPath] INPUT size=3
[trajectory_generator_node-6] [smoothTopoPath]   in[0]: (-2.919, -3.104, 0.015)
[trajectory_generator_node-6] [smoothTopoPath]   in[1]: (-4.333, -1.690, 0.015)
[trajectory_generator_node-6] [smoothTopoPath]   in[2]: (-4.719, 1.096, 0.015)
[trajectory_generator_node-6] [smoothTopoPath] lineVisib(start→end): false  colli=(-3.92,-0.75)
[trajectory_generator_node-6] [smoothTopoPath] OUTPUT size=4, iter_count=3
[trajectory_generator_node-6] [smoothTopoPath]   out[0]: (-2.919, -3.104, 0.015)
[trajectory_generator_node-6] [smoothTopoPath]   out[1]: (-4.770, -0.554, 0.015)
[trajectory_generator_node-6] [smoothTopoPath]   out[2]: (-4.377, 0.766, 0.015)
[trajectory_generator_node-6] [smoothTopoPath]   out[3]: (-4.719, 1.096, 0.015)
[trajectory_generator_node-6] [DIAG] optimized_path (smoothTopoPath) size: 4
[trajectory_generator_node-6] [DIAG]   opt[0]: (-2.919, -3.104, 0.015)
[trajectory_generator_node-6] [DIAG]   opt[1]: (-4.770, -0.554, 0.015)
[trajectory_generator_node-6] [DIAG]   opt[2]: (-4.377, 0.766, 0.015)
[trajectory_generator_node-6] [DIAG]   opt[3]: (-4.719, 1.096, 0.015)
[trajectory_generator_node-6] optimized_path size: 4
[trajectory_generator_node-6] [Manager] reference_speed: (2.00)
[trajectory_generator_node-6] [LBFGS] search direction d: -1.51172e-05 -0.000400508 -0.000427962  0.000680546   0.00143772  0.000908078 -0.000450826  -0.00133106  -0.00107705  -0.00038805  4.06845e-05  0.000131905 -0.000452348 -0.000962372  -0.00060513 -0.000108167  -0.00033712 -0.000281061  0.000903646  0.000875113 -0.000978879  -0.00252348   -0.0020341  -0.00014646  0.000901722  0.000456516 -3.39189e-05   0.00145925   0.00158413   0.00060833 -0.000364846 -6.30781e-05   0.00154056   0.00138029  0.000961671  0.000778832  0.000644275  0.000289762 -6.68845e-05 -0.000164459 -3.83631e-05  5.32376e-05  2.57389e-05   0.00300234 -0.000304983  0.000294529  0.000721634  0.000820561  0.000546295
[trajectory_generator_node-6] [Smooth Optimize] MINCO reaches max evaluations: Line search reaches the maximum try number, assumptions not satisfied or precision not achievable.
[trajectory_generator_node-6] [Smooth Optimize] MINCO: cost=47.7 total_T=2.582(init 2.479) max_drift=0.416 max_vel=3.0 segs=17
[trajectory_generator_node-6] [Smooth Resample] resample
[trajectory_generator_node-6] [Smooth Resample] 18 -> 10 waypoints, 9 time segs, max_turn=27.3 deg
[trajectory_generator_node-6] [Manager] optimizer generate time: 0.472556
[trajectory_generator_node-6] [Reference] path size : 10
[trajectory_generator_node-6] [Reference] solvePolyMatrix ENTER: N=9, path_size=10, trap_time_size=9
[trajectory_generator_node-6] [Reference]   path[0]=(-2.9190,-3.1040) path[1]=(-3.0630,-2.8938) t[0]=0.341187 state_vel=(0.0000,0.0000)
[trajectory_generator_node-6] [Reference] banded solve done. b[0]=-1.439380 b[N]=0.146367 b2[0]=2.329820 b2[N]=0.048480
[trajectory_generator_node-6] [Reference] solvePolyMatrix EXIT: polyX[0]=[-1.515650 -0.719690 0.000000 -2.919000]
[trajectory_generator_node-6] [Reference] solvePolyMatrix ENTER: N=9, path_size=10, trap_time_size=9
[trajectory_generator_node-6] [Reference]   path[0]=(-2.9190,-3.1040) path[1]=(-3.0630,-2.8938) t[0]=0.375305 state_vel=(0.0000,0.0000)
[trajectory_generator_node-6] [Reference] banded solve done. b[0]=-1.189570 b[N]=0.120965 b2[0]=1.925471 b2[N]=0.040066
[trajectory_generator_node-6] [Reference] solvePolyMatrix EXIT: polyX[0]=[-1.138730 -0.594785 0.000000 -2.919000]
[trajectory_generator_node-6] [Reference] solvePolyMatrix ENTER: N=9, path_size=10, trap_time_size=9
[trajectory_generator_node-6] [Reference]   path[0]=(-2.9190,-3.1040) path[1]=(-3.0630,-2.8938) t[0]=0.412836 state_vel=(0.0000,0.0000)
[trajectory_generator_node-6] [Reference] banded solve done. b[0]=-0.983116 b[N]=0.099971 b2[0]=1.591298 b2[N]=0.033113
[trajectory_generator_node-6] [Reference] solvePolyMatrix EXIT: polyX[0]=[-0.855545 -0.491558 0.000000 -2.919000]
[trajectory_generator_node-6] [Reference] solvePolyMatrix ENTER: N=9, path_size=10, trap_time_size=9
[trajectory_generator_node-6] [Reference]   path[0]=(-2.9190,-3.1040) path[1]=(-3.0630,-2.8938) t[0]=0.454120 state_vel=(0.0000,0.0000)
[trajectory_generator_node-6] [Reference] banded solve done. b[0]=-0.812492 b[N]=0.082621 b2[0]=1.315123 b2[N]=0.027366
[trajectory_generator_node-6] [Reference] solvePolyMatrix EXIT: polyX[0]=[-0.642784 -0.406246 0.000000 -2.919000]
[trajectory_generator_node-6] [Reference] solvePolyMatrix ENTER: N=9, path_size=10, trap_time_size=9
[trajectory_generator_node-6] [Reference]   path[0]=(-2.9190,-3.1040) path[1]=(-3.0630,-2.8938) t[0]=0.499532 state_vel=(0.0000,0.0000)
[trajectory_generator_node-6] [Reference] banded solve done. b[0]=-0.657923 b[N]=0.082148 b2[0]=1.076266 b2[N]=0.028072
[trajectory_generator_node-6] [Reference] solvePolyMatrix EXIT: polyX[0]=[-0.496504 -0.328961 0.000000 -2.919000]
[trajectory_generator_node-6] [INFO] [1790443046.098565448] [trajectory_generation]: FSM published 9 trajectory pieces
[trajectory_generator_node-6] [INFO] [1790443048.236388723] [trajectory_generation]: FSM accepted manual goal goal=(-4.72, 1.10, 0.02)
[trajectory_generator_node-6] [Manager] start point, (x, y): (-2.92, -3.10)
[trajectory_generator_node-6] [Manager] receive target, (x, y): (-4.72, 1.10)
[trajectory_generator_node-6] [Topo]: m_graph before num: 1600
[trajectory_generator_node-6] [Topo]: dijkstra time: 0.209583
[trajectory_generator_node-6] [Topo]: topo search time: 1.196345
[trajectory_generator_node-6] [Topo]: m_graph num: 2576
[trajectory_generator_node-6] [DIAG] origin_path (Dijkstra) size: 3
[trajectory_generator_node-6] [DIAG]   origin[0]: (-2.919, -3.104, 0.015)
[trajectory_generator_node-6] [DIAG]   origin[1]: (-4.333, -1.690, 0.015)
[trajectory_generator_node-6] [DIAG]   origin[2]: (-4.719, 1.096, 0.015)
[trajectory_generator_node-6] [DIAG] lineVisib(start→end DIRECT): false  colli=(-3.92,-0.75)
[trajectory_generator_node-6] [DIAG] direct line: 91 steps, 21 wall cells
[trajectory_generator_node-6] [smoothTopoPath] INPUT size=3
[trajectory_generator_node-6] [smoothTopoPath]   in[0]: (-2.919, -3.104, 0.015)
[trajectory_generator_node-6] [smoothTopoPath]   in[1]: (-4.333, -1.690, 0.015)
[trajectory_generator_node-6] [smoothTopoPath]   in[2]: (-4.719, 1.096, 0.015)
[trajectory_generator_node-6] [smoothTopoPath] lineVisib(start→end): false  colli=(-3.92,-0.75)
[trajectory_generator_node-6] [smoothTopoPath] OUTPUT size=4, iter_count=3
[trajectory_generator_node-6] [smoothTopoPath]   out[0]: (-2.919, -3.104, 0.015)
[trajectory_generator_node-6] [smoothTopoPath]   out[1]: (-4.770, -0.554, 0.015)
[trajectory_generator_node-6] [smoothTopoPath]   out[2]: (-4.377, 0.766, 0.015)
[trajectory_generator_node-6] [smoothTopoPath]   out[3]: (-4.719, 1.096, 0.015)
[trajectory_generator_node-6] [DIAG] optimized_path (smoothTopoPath) size: 4
[trajectory_generator_node-6] [DIAG]   opt[0]: (-2.919, -3.104, 0.015)
[trajectory_generator_node-6] [DIAG]   opt[1]: (-4.770, -0.554, 0.015)
[trajectory_generator_node-6] [DIAG]   opt[2]: (-4.377, 0.766, 0.015)
[trajectory_generator_node-6] [DIAG]   opt[3]: (-4.719, 1.096, 0.015)
[trajectory_generator_node-6] optimized_path size: 4
[trajectory_generator_node-6] [Manager] reference_speed: (2.00)
[trajectory_generator_node-6] [LBFGS] search direction d: -1.51172e-05 -0.000400508 -0.000427962  0.000680546   0.00143772  0.000908078 -0.000450826  -0.00133106  -0.00107705  -0.00038805  4.06845e-05  0.000131905 -0.000452348 -0.000962372  -0.00060513 -0.000108167  -0.00033712 -0.000281061  0.000903646  0.000875113 -0.000978879  -0.00252348   -0.0020341  -0.00014646  0.000901722  0.000456516 -3.39189e-05   0.00145925   0.00158413   0.00060833 -0.000364846 -6.30781e-05   0.00154056   0.00138029  0.000961671  0.000778832  0.000644275  0.000289762 -6.68845e-05 -0.000164459 -3.83631e-05  5.32376e-05  2.57389e-05   0.00300234 -0.000304983  0.000294529  0.000721634  0.000820561  0.000546295
[trajectory_generator_node-6] [Smooth Optimize] MINCO reaches max evaluations: Line search reaches the maximum try number, assumptions not satisfied or precision not achievable.
[trajectory_generator_node-6] [Smooth Optimize] MINCO: cost=47.7 total_T=2.582(init 2.479) max_drift=0.416 max_vel=3.0 segs=17
[trajectory_generator_node-6] [Smooth Resample] resample
[trajectory_generator_node-6] [Smooth Resample] 18 -> 10 waypoints, 9 time segs, max_turn=27.3 deg
[trajectory_generator_node-6] [Manager] optimizer generate time: 0.396826
[trajectory_generator_node-6] [Reference] path size : 10
[trajectory_generator_node-6] [Reference] solvePolyMatrix ENTER: N=9, path_size=10, trap_time_size=9
[trajectory_generator_node-6] [Reference]   path[0]=(-2.9190,-3.1040) path[1]=(-3.0630,-2.8938) t[0]=0.341187 state_vel=(0.0000,0.0000)
[trajectory_generator_node-6] [Reference] banded solve done. b[0]=-1.439380 b[N]=0.146367 b2[0]=2.329820 b2[N]=0.048480
[trajectory_generator_node-6] [Reference] solvePolyMatrix EXIT: polyX[0]=[-1.515650 -0.719690 0.000000 -2.919000]
[trajectory_generator_node-6] [Reference] solvePolyMatrix ENTER: N=9, path_size=10, trap_time_size=9
[trajectory_generator_node-6] [Reference]   path[0]=(-2.9190,-3.1040) path[1]=(-3.0630,-2.8938) t[0]=0.375305 state_vel=(0.0000,0.0000)
[trajectory_generator_node-6] [Reference] banded solve done. b[0]=-1.189570 b[N]=0.120965 b2[0]=1.925471 b2[N]=0.040066
[trajectory_generator_node-6] [Reference] solvePolyMatrix EXIT: polyX[0]=[-1.138730 -0.594785 0.000000 -2.919000]
[trajectory_generator_node-6] [Reference] solvePolyMatrix ENTER: N=9, path_size=10, trap_time_size=9
[trajectory_generator_node-6] [Reference]   path[0]=(-2.9190,-3.1040) path[1]=(-3.0630,-2.8938) t[0]=0.412836 state_vel=(0.0000,0.0000)
[trajectory_generator_node-6] [Reference] banded solve done. b[0]=-0.983116 b[N]=0.099971 b2[0]=1.591298 b2[N]=0.033113
[trajectory_generator_node-6] [Reference] solvePolyMatrix EXIT: polyX[0]=[-0.855545 -0.491558 0.000000 -2.919000]
[trajectory_generator_node-6] [Reference] solvePolyMatrix ENTER: N=9, path_size=10, trap_time_size=9
[trajectory_generator_node-6] [Reference]   path[0]=(-2.9190,-3.1040) path[1]=(-3.0630,-2.8938) t[0]=0.454120 state_vel=(0.0000,0.0000)
[trajectory_generator_node-6] [Reference] banded solve done. b[0]=-0.812492 b[N]=0.082621 b2[0]=1.315123 b2[N]=0.027366
[trajectory_generator_node-6] [Reference] solvePolyMatrix EXIT: polyX[0]=[-0.642784 -0.406246 0.000000 -2.919000]
[trajectory_generator_node-6] [Reference] solvePolyMatrix ENTER: N=9, path_size=10, trap_time_size=9
[trajectory_generator_node-6] [Reference]   path[0]=(-2.9190,-3.1040) path[1]=(-3.0630,-2.8938) t[0]=0.499532 state_vel=(0.0000,0.0000)
[trajectory_generator_node-6] [Reference] banded solve done. b[0]=-0.657923 b[N]=0.082148 b2[0]=1.076266 b2[N]=0.028072
[trajectory_generator_node-6] [Reference] solvePolyMatrix EXIT: polyX[0]=[-0.496504 -0.328961 0.000000 -2.919000]
[trajectory_generator_node-6] [INFO] [1790443049.863014251] [trajectory_generation]: FSM published 9 trajectory pieces
[trajectory_generator_node-6] [INFO] [1790443051.944011546] [trajectory_generation]: FSM accepted manual goal goal=(-4.72, 1.10, 0.02)
[trajectory_generator_node-6] [Manager] start point, (x, y): (-2.92, -3.10)
[trajectory_generator_node-6] [Manager] receive target, (x, y): (-4.72, 1.10)
[trajectory_generator_node-6] [Topo]: m_graph before num: 1600
[trajectory_generator_node-6] [Topo]: dijkstra time: 0.271539
[trajectory_generator_node-6] [Topo]: topo search time: 1.422373
[trajectory_generator_node-6] [Topo]: m_graph num: 2583
[trajectory_generator_node-6] [DIAG] origin_path (Dijkstra) size: 3
[trajectory_generator_node-6] [DIAG]   origin[0]: (-2.919, -3.104, 0.015)
[trajectory_generator_node-6] [DIAG]   origin[1]: (-4.333, -1.690, 0.015)
[trajectory_generator_node-6] [DIAG]   origin[2]: (-4.719, 1.096, 0.015)
[trajectory_generator_node-6] [DIAG] lineVisib(start→end DIRECT): false  colli=(-3.92,-0.75)
[trajectory_generator_node-6] [DIAG] direct line: 91 steps, 21 wall cells
[trajectory_generator_node-6] [smoothTopoPath] INPUT size=3
[trajectory_generator_node-6] [smoothTopoPath]   in[0]: (-2.919, -3.104, 0.015)
[trajectory_generator_node-6] [smoothTopoPath]   in[1]: (-4.333, -1.690, 0.015)
[trajectory_generator_node-6] [smoothTopoPath]   in[2]: (-4.719, 1.096, 0.015)
[trajectory_generator_node-6] [smoothTopoPath] lineVisib(start→end): false  colli=(-3.92,-0.75)
[trajectory_generator_node-6] [smoothTopoPath] OUTPUT size=4, iter_count=3
[trajectory_generator_node-6] [smoothTopoPath]   out[0]: (-2.919, -3.104, 0.015)
[trajectory_generator_node-6] [smoothTopoPath]   out[1]: (-4.770, -0.554, 0.015)
[trajectory_generator_node-6] [smoothTopoPath]   out[2]: (-4.377, 0.766, 0.015)
[trajectory_generator_node-6] [smoothTopoPath]   out[3]: (-4.719, 1.096, 0.015)
[trajectory_generator_node-6] [DIAG] optimized_path (smoothTopoPath) size: 4
[trajectory_generator_node-6] [DIAG]   opt[0]: (-2.919, -3.104, 0.015)
[trajectory_generator_node-6] [DIAG]   opt[1]: (-4.770, -0.554, 0.015)
[trajectory_generator_node-6] [DIAG]   opt[2]: (-4.377, 0.766, 0.015)
[trajectory_generator_node-6] [DIAG]   opt[3]: (-4.719, 1.096, 0.015)
[trajectory_generator_node-6] optimized_path size: 4
[trajectory_generator_node-6] [Manager] reference_speed: (2.00)
[trajectory_generator_node-6] [LBFGS] search direction d: -1.51172e-05 -0.000400508 -0.000427962  0.000680546   0.00143772  0.000908078 -0.000450826  -0.00133106  -0.00107705  -0.00038805  4.06845e-05  0.000131905 -0.000452348 -0.000962372  -0.00060513 -0.000108167  -0.00033712 -0.000281061  0.000903646  0.000875113 -0.000978879  -0.00252348   -0.0020341  -0.00014646  0.000901722  0.000456516 -3.39189e-05   0.00145925   0.00158413   0.00060833 -0.000364846 -6.30781e-05   0.00154056   0.00138029  0.000961671  0.000778832  0.000644275  0.000289762 -6.68845e-05 -0.000164459 -3.83631e-05  5.32376e-05  2.57389e-05   0.00300234 -0.000304983  0.000294529  0.000721634  0.000820561  0.000546295
[trajectory_generator_node-6] [Smooth Optimize] MINCO reaches max evaluations: Line search reaches the maximum try number, assumptions not satisfied or precision not achievable.
[trajectory_generator_node-6] [Smooth Optimize] MINCO: cost=47.7 total_T=2.582(init 2.479) max_drift=0.416 max_vel=3.0 segs=17
[trajectory_generator_node-6] [Smooth Resample] resample
[trajectory_generator_node-6] [Smooth Resample] 18 -> 10 waypoints, 9 time segs, max_turn=27.3 deg
[trajectory_generator_node-6] [Manager] optimizer generate time: 0.492293
[trajectory_generator_node-6] [Reference] path size : 10
[trajectory_generator_node-6] [Reference] solvePolyMatrix ENTER: N=9, path_size=10, trap_time_size=9
[trajectory_generator_node-6] [Reference]   path[0]=(-2.9190,-3.1040) path[1]=(-3.0630,-2.8938) t[0]=0.341187 state_vel=(0.0000,0.0000)
[trajectory_generator_node-6] [Reference] banded solve done. b[0]=-1.439380 b[N]=0.146367 b2[0]=2.329820 b2[N]=0.048480
[trajectory_generator_node-6] [Reference] solvePolyMatrix EXIT: polyX[0]=[-1.515650 -0.719690 0.000000 -2.919000]
[trajectory_generator_node-6] [Reference] solvePolyMatrix ENTER: N=9, path_size=10, trap_time_size=9
[trajectory_generator_node-6] [Reference]   path[0]=(-2.9190,-3.1040) path[1]=(-3.0630,-2.8938) t[0]=0.375305 state_vel=(0.0000,0.0000)
[trajectory_generator_node-6] [Reference] banded solve done. b[0]=-1.189570 b[N]=0.120965 b2[0]=1.925471 b2[N]=0.040066
[trajectory_generator_node-6] [Reference] solvePolyMatrix EXIT: polyX[0]=[-1.138730 -0.594785 0.000000 -2.919000]
[trajectory_generator_node-6] [Reference] solvePolyMatrix ENTER: N=9, path_size=10, trap_time_size=9
[trajectory_generator_node-6] [Reference]   path[0]=(-2.9190,-3.1040) path[1]=(-3.0630,-2.8938) t[0]=0.412836 state_vel=(0.0000,0.0000)
[trajectory_generator_node-6] [Reference] banded solve done. b[0]=-0.983116 b[N]=0.099971 b2[0]=1.591298 b2[N]=0.033113
[trajectory_generator_node-6] [Reference] solvePolyMatrix EXIT: polyX[0]=[-0.855545 -0.491558 0.000000 -2.919000]
[trajectory_generator_node-6] [Reference] solvePolyMatrix ENTER: N=9, path_size=10, trap_time_size=9
[trajectory_generator_node-6] [Reference]   path[0]=(-2.9190,-3.1040) path[1]=(-3.0630,-2.8938) t[0]=0.454120 state_vel=(0.0000,0.0000)
[trajectory_generator_node-6] [Reference] banded solve done. b[0]=-0.812492 b[N]=0.082621 b2[0]=1.315123 b2[N]=0.027366
[trajectory_generator_node-6] [Reference] solvePolyMatrix EXIT: polyX[0]=[-0.642784 -0.406246 0.000000 -2.919000]
[trajectory_generator_node-6] [Reference] solvePolyMatrix ENTER: N=9, path_size=10, trap_time_size=9
[trajectory_generator_node-6] [Reference]   path[0]=(-2.9190,-3.1040) path[1]=(-3.0630,-2.8938) t[0]=0.499532 state_vel=(0.0000,0.0000)
[trajectory_generator_node-6] [Reference] banded solve done. b[0]=-0.657923 b[N]=0.082148 b2[0]=1.076266 b2[N]=0.028072
[trajectory_generator_node-6] [Reference] solvePolyMatrix EXIT: polyX[0]=[-0.496504 -0.328961 0.000000 -2.919000]
[trajectory_generator_node-6] [INFO] [1790443053.900081261] [trajectory_generation]: FSM published 9 trajectory pieces
[trajectory_generator_node-6] [INFO] [1790443055.957437799] [trajectory_generation]: FSM accepted manual goal goal=(-2.72, 1.95, 0.02)
[trajectory_generator_node-6] [Manager] start point, (x, y): (-0.92, -4.45)
[trajectory_generator_node-6] [Manager] receive target, (x, y): (-2.72, 1.95)
[trajectory_generator_node-6] [Topo]: m_graph before num: 1605
[trajectory_generator_node-6] [Topo]: dijkstra time: 0.344164
[trajectory_generator_node-6] [Topo]: topo search time: 1.227777
[trajectory_generator_node-6] [Topo]: m_graph num: 2547
[trajectory_generator_node-6] [DIAG] origin_path (Dijkstra) size: 5
[trajectory_generator_node-6] [DIAG]   origin[0]: (-0.919, -4.454, 0.015)
[trajectory_generator_node-6] [DIAG]   origin[1]: (-5.019, -1.604, 0.015)
[trajectory_generator_node-6] [DIAG]   origin[2]: (-3.769, 2.396, 0.015)
[trajectory_generator_node-6] [DIAG]   origin[3]: (-1.719, 1.946, 0.015)
[trajectory_generator_node-6] [DIAG]   origin[4]: (-2.719, 1.946, 0.015)
[trajectory_generator_node-6] [DIAG] lineVisib(start→end DIRECT): false  colli=(-1.42,-2.65)
[trajectory_generator_node-6] [DIAG] direct line: 132 steps, 92 wall cells
[trajectory_generator_node-6] [smoothTopoPath] INPUT size=5
[trajectory_generator_node-6] [smoothTopoPath]   in[0]: (-0.919, -4.454, 0.015)
[trajectory_generator_node-6] [smoothTopoPath]   in[1]: (-5.019, -1.604, 0.015)
[trajectory_generator_node-6] [smoothTopoPath]   in[2]: (-3.769, 2.396, 0.015)
[trajectory_generator_node-6] [smoothTopoPath]   in[3]: (-1.719, 1.946, 0.015)
[trajectory_generator_node-6] [smoothTopoPath]   in[4]: (-2.719, 1.946, 0.015)
[trajectory_generator_node-6] [smoothTopoPath] lineVisib(start→end): false  colli=(-1.42,-2.65)
[trajectory_generator_node-6] [smoothTopoPath] stuck detected, skipping to topo[4]
[trajectory_generator_node-6] [smoothTopoPath] OUTPUT size=8, iter_count=7
[trajectory_generator_node-6] [smoothTopoPath]   out[0]: (-0.919, -4.454, 0.015)
[trajectory_generator_node-6] [smoothTopoPath]   out[1]: (-4.840, -0.515, 0.015)
[trajectory_generator_node-6] [smoothTopoPath]   out[2]: (-3.299, 2.232, 0.015)
[trajectory_generator_node-6] [smoothTopoPath]   out[3]: (-2.168, 2.139, 0.015)
[trajectory_generator_node-6] [smoothTopoPath]   out[4]: (-2.555, 2.131, 0.015)
[trajectory_generator_node-6] [smoothTopoPath]   out[5]: (-2.134, 2.182, 0.015)
[trajectory_generator_node-6] [smoothTopoPath]   out[6]: (-2.719, 1.946, 0.015)
[trajectory_generator_node-6] [smoothTopoPath]   out[7]: (-2.719, 1.946, 0.015)
[trajectory_generator_node-6] [DIAG] optimized_path (smoothTopoPath) size: 8
[trajectory_generator_node-6] [DIAG]   opt[0]: (-0.919, -4.454, 0.015)
[trajectory_generator_node-6] [DIAG]   opt[1]: (-4.840, -0.515, 0.015)
[trajectory_generator_node-6] [DIAG]   opt[2]: (-3.299, 2.232, 0.015)
[trajectory_generator_node-6] [DIAG]   opt[3]: (-2.168, 2.139, 0.015)
[trajectory_generator_node-6] [DIAG]   opt[4]: (-2.555, 2.131, 0.015)
[trajectory_generator_node-6] [DIAG]   opt[5]: (-2.134, 2.182, 0.015)
[trajectory_generator_node-6] [DIAG]   opt[6]: (-2.719, 1.946, 0.015)
[trajectory_generator_node-6] [DIAG]   opt[7]: (-2.719, 1.946, 0.015)
[trajectory_generator_node-6] optimized_path size: 8
[trajectory_generator_node-6] [Manager] reference_speed: (2.00)
[trajectory_generator_node-6] [LBFGS] search direction d: -0.000259367  0.000988196   0.00215131  -0.00201763  0.000242986   0.00109051 -0.000529618 -0.000161126 -0.000327121  0.000667277  0.000319451  -0.00148139   0.00107518  0.000608288  -0.00155368   0.00100551 -9.78296e-05 -0.000467992  0.000843615  0.000675183  -0.00218564  -0.00152314  0.000635287 -0.000220229  -0.00247022  0.000570139   0.00303293  -0.00283143  -0.00229534   0.00555053   0.00114754  -0.00408768  -0.00141078   0.00416169 -0.000275842  -0.00138834 -0.000367446 -0.000233017  -0.00122332  -0.00176163   0.00179196 -0.000275418 -0.000832343  0.000238745  0.000594034 -0.000191323 -0.000480594  0.000116229  0.000865987  -0.00112364  0.000236784  0.000872174  -0.00108553  5.87767e-05  0.000990929  -0.00167189  0.000817145   0.00101441  -0.00107782   0.00200682  0.000834691  -0.00172207   0.00227418 -0.000958588 -0.000503853   0.00157964  -0.00206838   0.00161716   0.00154396 -0.000595892  0.000118687  0.000267423   0.00254601 -0.000441059  0.000436742  0.000422439  0.000165288 -0.000200116  0.000154897  0.000139578 -9.84461e-05 -1.62294e-05  5.79407e-05  6.51369e-05 -6.52767e-05 -8.38455e-05  0.000164635 -6.56182e-05 -0.000110664  0.000185992 -3.52418e-05 -1.33423e-05  8.59989e-05 -4.93319e-05  4.98373e-05  7.60081e-05 -0.000218245  0.000124167   0.00017924 -0.000267848  0.000118346  0.000209274 -9.04139e-05 -0.000165707  0.000561472  0.000595896  0.000282397  0.000337866  0.000279251  6.25572e-05  0.000111763  0.000189129
[trajectory_generator_node-6] [Smooth Optimize] MINCO reaches max evaluations: Line search reaches the maximum try number, assumptions not satisfied or precision not achievable.
[trajectory_generator_node-6] [Smooth Optimize] MINCO: cost=371.1 total_T=5.461(init 5.423) max_drift=0.328 max_vel=3.0 segs=38
[trajectory_generator_node-6] [Smooth Resample] resample
[trajectory_generator_node-6] [Smooth Resample] 39 -> 20 waypoints, 19 time segs, max_turn=164.4 deg
[trajectory_generator_node-6] [Manager] optimizer generate time: 0.673035
[trajectory_generator_node-6] [Reference] path size : 20
[trajectory_generator_node-6] [Reference] solvePolyMatrix ENTER: N=19, path_size=20, trap_time_size=19
[trajectory_generator_node-6] [Reference]   path[0]=(-0.9190,-4.4540) path[1]=(-1.1994,-4.1719) t[0]=0.308806 state_vel=(0.0000,0.0000)
[trajectory_generator_node-6] [Reference] banded solve done. b[0]=-6.596713 b[N]=12.235433 b2[0]=6.641367 b2[N]=9.406608
[trajectory_generator_node-6] [Reference] solvePolyMatrix EXIT: polyX[0]=[1.157506 -3.298356 -0.000000 -0.919000]
[trajectory_generator_node-6] [Reference] solvePolyMatrix ENTER: N=19, path_size=20, trap_time_size=19
[trajectory_generator_node-6] [Reference]   path[0]=(-0.9190,-4.4540) path[1]=(-1.1994,-4.1719) t[0]=0.339687 state_vel=(0.0000,0.0000)
[trajectory_generator_node-6] [Reference] banded solve done. b[0]=-5.458957 b[N]=10.111927 b2[0]=5.495882 b2[N]=7.774057
[trajectory_generator_node-6] [Reference] solvePolyMatrix EXIT: polyX[0]=[0.880144 -2.729479 0.000000 -0.919000]
[trajectory_generator_node-6] [Reference] solvePolyMatrix ENTER: N=19, path_size=20, trap_time_size=19
[trajectory_generator_node-6] [Reference]   path[0]=(-0.9190,-4.4540) path[1]=(-1.1994,-4.1719) t[0]=0.373656 state_vel=(0.0000,0.0000)
[trajectory_generator_node-6] [Reference] banded solve done. b[0]=-4.518614 b[N]=8.356567 b2[0]=4.549154 b2[N]=6.424376
[trajectory_generator_node-6] [Reference] solvePolyMatrix EXIT: polyX[0]=[0.670738 -2.259307 0.000000 -0.919000]
[trajectory_generator_node-6] [Reference] solvePolyMatrix ENTER: N=19, path_size=20, trap_time_size=19
[trajectory_generator_node-6] [Reference]   path[0]=(-0.9190,-4.4540) path[1]=(-1.1994,-4.1719) t[0]=0.411021 state_vel=(0.0000,0.0000)
[trajectory_generator_node-6] [Reference] banded solve done. b[0]=-3.741322 b[N]=6.900240 b2[0]=3.766586 b2[N]=5.305779
[trajectory_generator_node-6] [Reference] solvePolyMatrix EXIT: polyX[0]=[0.512367 -1.870661 0.000000 -0.919000]
[trajectory_generator_node-6] [Reference] solvePolyMatrix ENTER: N=19, path_size=20, trap_time_size=19
[trajectory_generator_node-6] [Reference]   path[0]=(-0.9190,-4.4540) path[1]=(-1.1994,-4.1719) t[0]=0.452123 state_vel=(0.0000,0.0000)
[trajectory_generator_node-6] [Reference] banded solve done. b[0]=-3.134549 b[N]=5.696666 b2[0]=3.155639 b2[N]=4.381598
[trajectory_generator_node-6] [Reference] solvePolyMatrix EXIT: polyX[0]=[0.432001 -1.567275 -0.000000 -0.919000]
[trajectory_generator_node-6] [Reference] solvePolyMatrix ENTER: N=19, path_size=20, trap_time_size=19
[trajectory_generator_node-6] [Reference]   path[0]=(-0.9190,-4.4540) path[1]=(-1.1994,-4.1719) t[0]=0.497336 state_vel=(0.0000,0.0000)
[trajectory_generator_node-6] [Reference] banded solve done. b[0]=-2.634700 b[N]=4.702056 b2[0]=2.652348 b2[N]=3.618074
[trajectory_generator_node-6] [Reference] solvePolyMatrix EXIT: polyX[0]=[0.368969 -1.317350 0.000000 -0.919000]
[trajectory_generator_node-6] [Reference] solvePolyMatrix ENTER: N=19, path_size=20, trap_time_size=19
[trajectory_generator_node-6] [Reference]   path[0]=(-0.9190,-4.4540) path[1]=(-1.1994,-4.1719) t[0]=0.497336 state_vel=(0.0000,0.0000)
[trajectory_generator_node-6] [Reference] banded solve done. b[0]=-2.634700 b[N]=3.880204 b2[0]=2.652348 b2[N]=2.987307
[trajectory_generator_node-6] [Reference] solvePolyMatrix EXIT: polyX[0]=[0.368969 -1.317350 0.000000 -0.919000]
[trajectory_generator_node-6] [Reference] solvePolyMatrix ENTER: N=19, path_size=20, trap_time_size=19
[trajectory_generator_node-6] [Reference]   path[0]=(-0.9190,-4.4540) path[1]=(-1.1994,-4.1719) t[0]=0.497336 state_vel=(0.0000,0.0000)
[trajectory_generator_node-6] [Reference] banded solve done. b[0]=-2.634700 b[N]=3.201176 b2[0]=2.652348 b2[N]=2.466239
[trajectory_generator_node-6] [Reference] solvePolyMatrix EXIT: polyX[0]=[0.368969 -1.317350 0.000000 -0.919000]
[trajectory_generator_node-6] [Reference] solvePolyMatrix ENTER: N=19, path_size=20, trap_time_size=19
[trajectory_generator_node-6] [Reference]   path[0]=(-0.9190,-4.4540) path[1]=(-1.1994,-4.1719) t[0]=0.497336 state_vel=(0.0000,0.0000)
[trajectory_generator_node-6] [Reference] banded solve done. b[0]=-2.634700 b[N]=2.640221 b2[0]=2.652348 b2[N]=2.035816
[trajectory_generator_node-6] [Reference] solvePolyMatrix EXIT: polyX[0]=[0.368969 -1.317350 0.000000 -0.919000]
[trajectory_generator_node-6] [INFO] [1790443057.887364145] [trajectory_generation]: FSM published 19 trajectory pieces
[trajectory_generator_node-6] [INFO] [1790443139.304797558] [trajectory_generation]: FSM accepted manual goal goal=(-2.77, 2.20, 0.03)
[trajectory_generator_node-6] [Manager] start point, (x, y): (-1.22, -4.15)
[trajectory_generator_node-6] [Manager] receive target, (x, y): (-2.77, 2.20)
[trajectory_generator_node-6] [Topo]: m_graph before num: 1605
[trajectory_generator_node-6] [Topo]: dijkstra time: 0.312428
[trajectory_generator_node-6] [Topo]: topo search time: 1.325790
[trajectory_generator_node-6] [Topo]: m_graph num: 2562
[trajectory_generator_node-6] [DIAG] origin_path (Dijkstra) size: 5
[trajectory_generator_node-6] [DIAG]   origin[0]: (-1.219, -4.154, 0.015)
[trajectory_generator_node-6] [DIAG]   origin[1]: (-5.319, -1.704, 0.015)
[trajectory_generator_node-6] [DIAG]   origin[2]: (-3.769, 2.396, 0.015)
[trajectory_generator_node-6] [DIAG]   origin[3]: (-1.769, 2.196, 0.015)
[trajectory_generator_node-6] [DIAG]   origin[4]: (-2.769, 2.196, 0.033)
[trajectory_generator_node-6] [DIAG] lineVisib(start→end DIRECT): false  colli=(-1.62,-2.55)
[trajectory_generator_node-6] [DIAG] direct line: 130 steps, 88 wall cells
[trajectory_generator_node-6] [smoothTopoPath] INPUT size=5
[trajectory_generator_node-6] [smoothTopoPath]   in[0]: (-1.219, -4.154, 0.015)
[trajectory_generator_node-6] [smoothTopoPath]   in[1]: (-5.319, -1.704, 0.015)
[trajectory_generator_node-6] [smoothTopoPath]   in[2]: (-3.769, 2.396, 0.015)
[trajectory_generator_node-6] [smoothTopoPath]   in[3]: (-1.769, 2.196, 0.015)
[trajectory_generator_node-6] [smoothTopoPath]   in[4]: (-2.769, 2.196, 0.033)
[trajectory_generator_node-6] [smoothTopoPath] lineVisib(start→end): false  colli=(-1.62,-2.55)
[trajectory_generator_node-6] [smoothTopoPath] stuck detected, skipping to topo[2]
[trajectory_generator_node-6] [smoothTopoPath] OUTPUT size=4, iter_count=4
[trajectory_generator_node-6] [smoothTopoPath]   out[0]: (-1.219, -4.154, 0.015)
[trajectory_generator_node-6] [smoothTopoPath]   out[1]: (-4.753, -0.207, 0.015)
[trajectory_generator_node-6] [smoothTopoPath]   out[2]: (-3.769, 2.396, 0.015)
[trajectory_generator_node-6] [smoothTopoPath]   out[3]: (-2.769, 2.196, 0.033)
[trajectory_generator_node-6] [DIAG] optimized_path (smoothTopoPath) size: 4
[trajectory_generator_node-6] [DIAG]   opt[0]: (-1.219, -4.154, 0.015)
[trajectory_generator_node-6] [DIAG]   opt[1]: (-4.753, -0.207, 0.015)
[trajectory_generator_node-6] [DIAG]   opt[2]: (-3.769, 2.396, 0.015)
[trajectory_generator_node-6] [DIAG]   opt[3]: (-2.769, 2.196, 0.033)
[trajectory_generator_node-6] optimized_path size: 4
[trajectory_generator_node-6] [Manager] reference_speed: (2.00)
[rviz_safe-7] [rviz_common:info] Setting goal pose: Frame:map, Position(-2.75832, 2.2162, 0), Orientation(0, 0, 1, 0.000354877) = Angle: 3.14088, at ./src/rviz_default_plugins/tools/pose/pose_tool.cpp:168
[trajectory_generator_node-6] [LBFGS] search direction d:  0.000928167   0.00281211   0.00906544   0.00861728   0.00757516  -0.00157313  -0.00877629  -0.00668118   0.00246942   0.00746103   0.00469579  -0.00178676  -0.00564785  -0.00533759  -0.00354768   0.00118623  0.000342871   0.00483489    0.0112056   0.00682688   0.00389906  -0.00860505   -0.0133564  -0.00501525   0.00550246    0.0132163    0.0136161   0.00952674   0.00158421  -0.00126913  -0.00613917  -0.00897012   -0.0105736  -0.00434867   0.00141509   0.00561232   0.00388264 -0.000193917  -0.00134517  -0.00312063   0.00265984 -0.000118759  -0.00495121  -0.00475695  -0.00036798   0.00555034   0.00740577   0.00468341 -0.000729213  -0.00255352   0.00528396   0.00856789  0.000848749  -0.00166962  -0.00427284  -0.00724678  -0.00673018   0.00114106   0.00981777   0.00951942   0.00723834   0.00326728  0.000498917  -0.00104415 -0.000695441  0.000708979   0.00166252   0.00134848  0.000390659  -0.00041309  4.44504e-05  0.000680937  0.000850565  0.000914122  0.000935615   0.00511118  -0.00107084  0.000114801  0.000598811  0.000634068   0.00098302   0.00198492   0.00205908   0.00227312   0.00371127   0.00609689   0.00893173    0.0157983
[trajectory_generator_node-6] [Smooth Optimize] MINCO reaches max evaluations: Line search reaches the maximum try number, assumptions not satisfied or precision not achievable.
[trajectory_generator_node-6] [Smooth Optimize] MINCO: cost=79.4 total_T=4.639(init 4.523) max_drift=0.332 max_vel=3.0 segs=30
[trajectory_generator_node-6] [Smooth Resample] resample
[trajectory_generator_node-6] [Smooth Resample] 31 -> 16 waypoints, 15 time segs, max_turn=43.4 deg
[trajectory_generator_node-6] [Manager] optimizer generate time: 0.663468
[trajectory_generator_node-6] [Reference] path size : 16
[trajectory_generator_node-6] [Reference] solvePolyMatrix ENTER: N=15, path_size=16, trap_time_size=15
[trajectory_generator_node-6] [Reference]   path[0]=(-1.2190,-4.1540) path[1]=(-1.4014,-3.9575) t[0]=0.328671 state_vel=(0.0000,0.0000)
[trajectory_generator_node-6] [Reference] banded solve done. b[0]=-2.291012 b[N]=-5.169581 b2[0]=2.217241 b2[N]=1.619496
[trajectory_generator_node-6] [Reference] solvePolyMatrix EXIT: polyX[0]=[-1.652021 -1.145506 0.000000 -1.219000]
[trajectory_generator_node-6] [Reference] solvePolyMatrix ENTER: N=15, path_size=16, trap_time_size=15
[trajectory_generator_node-6] [Reference]   path[0]=(-1.2190,-4.1540) path[1]=(-1.4014,-3.9575) t[0]=0.361538 state_vel=(0.0000,0.0000)
[trajectory_generator_node-6] [Reference] banded solve done. b[0]=-1.872893 b[N]=-4.272390 b2[0]=1.814310 b2[N]=1.338438
[trajectory_generator_node-6] [Reference] solvePolyMatrix EXIT: polyX[0]=[-1.269546 -0.936447 0.000000 -1.219000]
[trajectory_generator_node-6] [Reference] solvePolyMatrix ENTER: N=15, path_size=16, trap_time_size=15
[trajectory_generator_node-6] [Reference]   path[0]=(-1.2190,-4.1540) path[1]=(-1.4014,-3.9575) t[0]=0.397692 state_vel=(0.0000,0.0000)
[trajectory_generator_node-6] [Reference] banded solve done. b[0]=-1.527163 b[N]=-3.530909 b2[0]=1.480796 b2[N]=1.106158
[trajectory_generator_node-6] [Reference] solvePolyMatrix EXIT: polyX[0]=[-0.979833 -0.763581 0.000000 -1.219000]
[trajectory_generator_node-6] [Reference] solvePolyMatrix ENTER: N=15, path_size=16, trap_time_size=15
[trajectory_generator_node-6] [Reference]   path[0]=(-1.2190,-4.1540) path[1]=(-1.4014,-3.9575) t[0]=0.437461 state_vel=(0.0000,0.0000)
[trajectory_generator_node-6] [Reference] banded solve done. b[0]=-1.241877 b[N]=-2.921468 b2[0]=1.205161 b2[N]=0.909569
[trajectory_generator_node-6] [Reference] solvePolyMatrix EXIT: polyX[0]=[-0.759297 -0.620939 0.000000 -1.219000]
[trajectory_generator_node-6] [Reference] solvePolyMatrix ENTER: N=15, path_size=16, trap_time_size=15
[trajectory_generator_node-6] [Reference]   path[0]=(-1.2190,-4.1540) path[1]=(-1.4014,-3.9575) t[0]=0.481208 state_vel=(0.0000,0.0000)
[trajectory_generator_node-6] [Reference] banded solve done. b[0]=-1.006445 b[N]=-2.417631 b2[0]=0.977461 b2[N]=0.747070
[trajectory_generator_node-6] [Reference] solvePolyMatrix EXIT: polyX[0]=[-0.591148 -0.503222 0.000000 -1.219000]
[trajectory_generator_node-6] [Reference] solvePolyMatrix ENTER: N=15, path_size=16, trap_time_size=15
[trajectory_generator_node-6] [Reference]   path[0]=(-1.2190,-4.1540) path[1]=(-1.4014,-3.9575) t[0]=0.529328 state_vel=(0.0000,0.0000)
[trajectory_generator_node-6] [Reference] banded solve done. b[0]=-0.812412 b[N]=-2.417631 b2[0]=0.789613 b2[N]=0.747070
[trajectory_generator_node-6] [Reference] solvePolyMatrix EXIT: polyX[0]=[-0.462426 -0.406206 0.000000 -1.219000]
[trajectory_generator_node-6] [INFO] [1790443141.328168254] [trajectory_generation]: FSM published 15 trajectory pieces
[WARNING] [launch]: user interrupted with ctrl-c (SIGINT)
[INFO] [rviz_safe-7]: sending signal 'SIGINT' to process[rviz_safe-7]
[INFO] [trajectory_generator_node-6]: sending signal 'SIGINT' to process[trajectory_generator_node-6]
[INFO] [map_display.py-5]: sending signal 'SIGINT' to process[map_display.py-5]
[INFO] [cloud_adapter.py-4]: sending signal 'SIGINT' to process[cloud_adapter.py-4]
[INFO] [sim_adapter.py-3]: sending signal 'SIGINT' to process[sim_adapter.py-3]
[INFO] [parameter_bridge-2]: sending signal 'SIGINT' to process[parameter_bridge-2]
[INFO] [ign-1]: sending signal 'SIGINT' to process[ign-1]
[trajectory_generator_node-6] [INFO] [1790443452.184057443] [rclcpp]: signal_handler(SIGINT/SIGTERM)
[parameter_bridge-2] [INFO] [1790443452.196850922] [rclcpp]: signal_handler(SIGINT/SIGTERM)
[INFO] [parameter_bridge-2]: process has finished cleanly [pid 34731]
[INFO] [trajectory_generator_node-6]: process has finished cleanly [pid 34739]
[INFO] [cloud_adapter.py-4]: process has finished cleanly [pid 34735]
[INFO] [map_display.py-5]: process has finished cleanly [pid 34737]
[INFO] [rviz_safe-7]: process has finished cleanly [pid 34741]
[INFO] [sim_adapter.py-3]: process has finished cleanly [pid 34733]
[ign-1] [1;32m[Msg] [0m[1;32mFound no p[1;32m[Msg] [0m[1;32mIgnition Gazebo GUI    v[0m[1;32m6.18.0[0m[1;32m[0m
[ign-1] [1;32m[GUI] [0m[1;32m[Msg] [0m[1;32mAdded plugin [[0m[1;32mRM Sentry - Basic Navigation[0m[1;32m] to main window[0m[1;32m[0m
[ign-1] [1;32m[GUI] [0m[1;32m[Msg] [0m[1;32mLoaded plugin [[0m[1;32mMinimalScene[0m[1;32m] from path [[0m[1;32m/usr/lib/x86_64-linux-gnu/ign-gui-6/plugins/libMinimalScene.so[0m[1;32m][0m[1;32m[0m
[ign-1] [1;32m[GUI] [0m[1;32m[Msg] [0m[1;32mAdded plugin [[0m[1;32mScene Manager[0m[1;32m] to main window[0m[1;32m[0m
[ign-1] [1;32m[GUI] [0m[1;32m[Msg] [0m[1;32mLoaded plugin [[0m[1;32mGzSceneManager[0m[1;32m] from path [[0m[1;32m/usr/lib/x86_64-linux-gnu/ign-gazebo-6/plugins/gui/libGzSceneManager.so[0m[1;32m][0m[1;32m[0m
[ign-1] [1;32m[GUI] [0m[1;32m[Msg] [0m[1;32mCamera view controller topic advertised on [[0m[1;32m/gui/camera/view_control[0m[1;32m][0m[1;32m[0m
[ign-1] [1;32m[GUI] [0m[1;32m[Msg] [0m[1;32mCamera reference visual topic advertised on [[0m[1;32m/gui/camera/view_control/reference_visual[0m[1;32m][0m[1;32m[0m
[ign-1] [1;32m[GUI] [0m[1;32m[Msg] [0m[1;32mCamera view control sensitivity advertised on [[0m[1;32m/gui/camera/view_control/sensitivity[0m[1;32m][0m[1;32m[0m
[ign-1] [1;32m[GUI] [0m[1;32m[Msg] [0m[1;32mAdded plugin [[0m[1;32mInteractive view control[0m[1;32m] to main window[0m[1;32m[0m
[ign-1] [1;32m[GUI] [0m[1;32m[Msg] [0m[1;32mLoaded plugin [[0m[1;32mInteractiveViewControl[0m[1;32m] from path [[0m[1;32m/usr/lib/x86_64-linux-gnu/ign-gui-6/plugins/libInteractiveViewControl.so[0m[1;32m][0m[1;32m[0m
[ign-1] [1;32m[GUI] [0m[1;32m[Msg] [0m[1;32mUsing world control service [[0m[1;32m/world/sentry_planning/control[0m[1;32m][0m[1;32m[0m
[ign-1] [1;32m[GUI] [0m[1;32m[Msg] [0m[1;32mListening to stats on [[0m[1;32m/world/sentry_planning/stats[0m[1;32m][0m[1;32m[0m
[ign-1] [1;32m[GUI] [0m[1;32m[Msg] [0m[1;32mAdded plugin [[0m[1;32mWorld control[0m[1;32m] to main window[0m[1;32m[0m
[ign-1] [1;32m[GUI] [0m[1;32m[Msg] [0m[1;32mLoaded plugin [[0m[1;32mWorldControl[0m[1;32m] from path [[0m[1;32m/usr/lib/x86_64-linux-gnu/ign-gui-6/plugins/libWorldControl.so[0m[1;32m][0m[1;32m[0m
[ign-1] [1;32m[GUI] [0m[1;32m[Msg] [0m[1;32mListening to stats on [[0m[1;32m/world/sentry_planning/stats[0m[1;32m][0m[1;32m[0m
[ign-1] [1;32m[GUI] [0m[1;32m[Msg] [0m[1;32mAdded plugin [[0m[1;32mWorld stats[0m[1;32m] to main window[0m[1;32m[0m
[ign-1] [1;32m[GUI] [0m[1;32m[Msg] [0m[1;32mLoaded plugin [[0m[1;32mWorldStats[0m[1;32m] from path [[0m[1;32m/usr/lib/x86_64-linux-gnu/ign-gui-6/plugins/libWorldStats.so[0m[1;32m][0m[1;32m[0m
[ign-1] [1;32m[GUI] [0m[1;32m[Msg] [0m[1;32mLoading plugin [[0m[1;32mignition-rendering-ogre2[0m[1;32m][0m[1;32m[0m
[ign-1] [1;32m[GUI] [0m[1;32m[Msg] [0m[1;32mLoading plugin [[0m[1;32mignition-rendering-ogre2[0m[1;32m][0m[1;32m[0m
[ign-1] [1;32m[GUI] [0m[1;32m[Msg] [0m[1;32mLoading plugin [[0m[1;32mignition-rendering-ogre2[0m[1;32m][0m[1;32m[0m
[ign-1] [1;32m[GUI] [0m[1;32m[Msg] [0m[1;32mLoading plugin [[0m[1;32mignition-rendering-ogre2[0m[1;32m][0m[1;32m[0m
[ign-1] ublishers on /clock, adding root clock topic[0m[1;32m[0m
[ign-1] [1;32m[Msg] [0m[1;32mLoading plugin [[0m[1;32mignition-rendering-ogre2[0m[1;32m][0m[1;32m[0m
[ign-1] [1;32m[Msg] [0m[1;32mServing scene information on [[0m[1;32m/world/sentry_planning[0m[1;32m/[0m[1;32mscene/info[0m[1;32m][0m[1;32m[0m
[ign-1] [1;32m[Msg] [0m[1;32mServing graph information on [[0m[1;32m/world/sentry_planning[0m[1;32m/[0m[1;32mscene/graph[0m[1;32m][0m[1;32m[0m
[ign-1] [1;32m[Msg] [0m[1;32mServing full state on [[0m[1;32m/world/sentry_planning[0m[1;32m/[0m[1;32mstate[0m[1;32m][0m[1;32m[0m
[ign-1] [1;32m[Msg] [0m[1;32mServing full state (async) on [[0m[1;32m/world/sentry_planning[0m[1;32m/[0m[1;32mstate_async[0m[1;32m][0m[1;32m[0m
[ign-1] [1;32m[Msg] [0m[1;32mPublishing scene information on [[0m[1;32m/world/sentry_planning/scene/info[0m[1;32m][0m[1;32m[0m
[ign-1] [1;32m[Msg] [0m[1;32mPublishing entity deletions on [[0m[1;32m/world/sentry_planning/scene/deletion[0m[1;32m][0m[1;32m[0m
[ign-1] [1;32m[Msg] [0m[1;32mPublishing state changes on [[0m[1;32m/world/sentry_planning/state[0m[1;32m][0m[1;32m[0m
[ign-1] [1;32m[Msg] [0m[1;32mPublishing pose messages on [[0m[1;32m/world/sentry_planning[0m[1;32m/[0m[1;32mpose/info[0m[1;32m][0m[1;32m[0m
[ign-1] [1;32m[Msg] [0m[1;32mPublishing dynamic pose messages on [[0m[1;32m/world/sentry_planning[0m[1;32m/[0m[1;32mdynamic_pose/info[0m[1;32m][0m[1;32m[0m
[INFO] [ign-1]: process has finished cleanly [pid 34729]
