<?xml version="1.0"?>
<!-- Generated raw-map obstacles; geometry is planar occupancy extruded to 1 m, not real terrain. -->
<COLLADA xmlns="http://www.collada.org/2005/11/COLLADASchema" version="1.4.1">
<asset><unit name="meter" meter="1"/><up_axis>Z_UP</up_axis></asset>
<library_effects><effect id="wall-effect"><profile_COMMON><technique sid="common"><lambert><diffuse><color>0.38 0.48 0.58 1</color></diffuse></lambert></technique></profile_COMMON></effect></library_effects>
<library_materials><material id="wall-material"><instance_effect url="#wall-effect"/></material></library_materials>
<library_geometries><geometry id="obstacles"><mesh>
<source id="positions"><float_array id="coords" count="51888">-4.2940000000000005 4.670999999999999 0 -4.093999999999999 4.670999999999999 0 -4.093999999999999 4.771000000000001 0 -4.2940000000000005 4.771000000000001 0 -4.2940000000000005 4.670999999999999 1 -4.093999999999999 4.670999999999999 1 -4.093999999999999 4.771000000000001 1 -4.2940000000000005 4.771000000000001 1 -4.343999999999999 4.620999999999999 0 -4.0440000000000005 4.620999999999999 0 -4.0440000000000005 4.670999999999999 0 -4.343999999999999 4.670999999999999 0 -4.343999999999999 4.620999999999999 1 -4.0440000000000005 4.620999999999999 1 -4.0440000000000005 4.670999999999999 1 -4.343999999999999 4.670999999999999 1 -4.343999999999999 4.5710000000000015 0 -3.9939999999999998 4.5710000000000015 0 -3.9939999999999998 4.620999999999999 0 -4.343999999999999 4.620999999999999 0 -4.343999999999999 4.5710000000000015 1 -3.9939999999999998 4.5710000000000015 1 -3.9939999999999998 4.620999999999999 1 -4.343999999999999 4.620999999999999 1 -4.343999999999999 4.521000000000001 0 -4.193999999999999 4.521000000000001 0 -4.193999999999999 4.5710000000000015 0 -4.343999999999999 4.5710000000000015 0 -4.343999999999999 4.521000000000001 1 -4.193999999999999 4.521000000000001 1 -4.193999999999999 4.5710000000000015 1 -4.343999999999999 4.5710000000000015 1 -4.144 4.521000000000001 0 -4.093999999999999 4.521000000000001 0 -4.093999999999999 4.5710000000000015 0 -4.144 4.5710000000000015 0 -4.144 4.521000000000001 1 -4.093999999999999 4.521000000000001 1 -4.093999999999999 4.5710000000000015 1 -4.144 4.5710000000000015 1 -4.0440000000000005 4.521000000000001 0 -3.943999999999999 4.521000000000001 0 -3.943999999999999 4.5710000000000015 0 -4.0440000000000005 4.5710000000000015 0 -4.0440000000000005 4.521000000000001 1 -3.943999999999999 4.521000000000001 1 -3.943999999999999 4.5710000000000015 1 -4.0440000000000005 4.5710000000000015 1 -4.394 4.471 0 -4.144 4.471 0 -4.144 4.521000000000001 0 -4.394 4.521000000000001 0 -4.394 4.471 1 -4.144 4.471 1 -4.144 4.521000000000001 1 -4.394 4.521000000000001 1 -3.9939999999999998 4.471 0 -3.7939999999999987 4.471 0 -3.7939999999999987 4.521000000000001 0 -3.9939999999999998 4.521000000000001 0 -3.9939999999999998 4.471 1 -3.7939999999999987 4.471 1 -3.7939999999999987 4.521000000000001 1 -3.9939999999999998 4.521000000000001 1 -3.943999999999999 4.420999999999999 0 -3.7439999999999998 4.420999999999999 0 -3.7439999999999998 4.471 0 -3.943999999999999 4.471 0 -3.943999999999999 4.420999999999999 1 -3.7439999999999998 4.420999999999999 1 -3.7439999999999998 4.471 1 -3.943999999999999 4.471 1 -4.443999999999999 4.370999999999999 0 -4.2940000000000005 4.370999999999999 0 -4.2940000000000005 4.471 0 -4.443999999999999 4.471 0 -4.443999999999999 4.370999999999999 1 -4.2940000000000005 4.370999999999999 1 -4.2940000000000005 4.471 1 -4.443999999999999 4.471 1 -3.8439999999999994 4.370999999999999 0 -3.693999999999999 4.370999999999999 0 -3.693999999999999 4.420999999999999 0 -3.8439999999999994 4.420999999999999 0 -3.8439999999999994 4.370999999999999 1 -3.693999999999999 4.370999999999999 1 -3.693999999999999 4.420999999999999 1 -3.8439999999999994 4.420999999999999 1 -4.494 4.3210000000000015 0 -4.343999999999999 4.3210000000000015 0 -4.343999999999999 4.370999999999999 0 -4.494 4.370999999999999 0 -4.494 4.3210000000000015 1 -4.343999999999999 4.3210000000000015 1 -4.343999999999999 4.370999999999999 1 -4.494 4.370999999999999 1 -3.7439999999999998 4.3210000000000015 0 -3.5939999999999994 4.3210000000000015 0 -3.5939999999999994 4.370999999999999 0 -3.7439999999999998 4.370999999999999 0 -3.7439999999999998 4.3210000000000015 1 -3.5939999999999994 4.3210000000000015 1 -3.5939999999999994 4.370999999999999 1 -3.7439999999999998 4.370999999999999 1 -4.5440000000000005 4.271000000000001 0 -4.394 4.271000000000001 0 -4.394 4.3210000000000015 0 -4.5440000000000005 4.3210000000000015 0 -4.5440000000000005 4.271000000000001 1 -4.394 4.271000000000001 1 -4.394 4.3210000000000015 1 -4.5440000000000005 4.3210000000000015 1 -3.644 4.271000000000001 0 -3.4939999999999998 4.271000000000001 0 -3.4939999999999998 4.3210000000000015 0 -3.644 4.3210000000000015 0 -3.644 4.271000000000001 1 -3.4939999999999998 4.271000000000001 1 -3.4939999999999998 4.3210000000000015 1 -3.644 4.3210000000000015 1 -4.5440000000000005 4.221 0 -4.443999999999999 4.221 0 -4.443999999999999 4.271000000000001 0 -4.5440000000000005 4.271000000000001 0 -4.5440000000000005 4.221 1 -4.443999999999999 4.221 1 -4.443999999999999 4.271000000000001 1 -4.5440000000000005 4.271000000000001 1 -3.5939999999999994 4.221 0 -3.394 4.221 0 -3.394 4.271000000000001 0 -3.5939999999999994 4.271000000000001 0 -3.5939999999999994 4.221 1 -3.394 4.221 1 -3.394 4.271000000000001 1 -3.5939999999999994 4.271000000000001 1 -4.593999999999999 4.170999999999999 0 -4.394 4.170999999999999 0 -4.394 4.221 0 -4.593999999999999 4.221 0 -4.593999999999999 4.170999999999999 1 -4.394 4.170999999999999 1 -4.394 4.221 1 -4.593999999999999 4.221 1 -3.4939999999999998 4.170999999999999 0 -3.2939999999999987 4.170999999999999 0 -3.2939999999999987 4.221 0 -3.4939999999999998 4.221 0 -3.4939999999999998 4.170999999999999 1 -3.2939999999999987 4.170999999999999 1 -3.2939999999999987 4.221 1 -3.4939999999999998 4.221 1 -4.644 4.120999999999999 0 -4.443999999999999 4.120999999999999 0 -4.443999999999999 4.170999999999999 0 -4.644 4.170999999999999 0 -4.644 4.120999999999999 1 -4.443999999999999 4.120999999999999 1 -4.443999999999999 4.170999999999999 1 -4.644 4.170999999999999 1 -3.394 4.120999999999999 0 -3.193999999999999 4.120999999999999 0 -3.193999999999999 4.170999999999999 0 -3.394 4.170999999999999 0 -3.394 4.120999999999999 1 -3.193999999999999 4.120999999999999 1 -3.193999999999999 4.170999999999999 1 -3.394 4.170999999999999 1 -4.644 4.0710000000000015 0 -4.494 4.0710000000000015 0 -4.494 4.120999999999999 0 -4.644 4.120999999999999 0 -4.644 4.0710000000000015 1 -4.494 4.0710000000000015 1 -4.494 4.120999999999999 1 -4.644 4.120999999999999 1 -3.2939999999999987 4.0710000000000015 0 -3.144 4.0710000000000015 0 -3.144 4.120999999999999 0 -3.2939999999999987 4.120999999999999 0 -3.2939999999999987 4.0710000000000015 1 -3.144 4.0710000000000015 1 -3.144 4.120999999999999 1 -3.2939999999999987 4.120999999999999 1 -4.693999999999999 4.021000000000001 0 -4.5440000000000005 4.021000000000001 0 -4.5440000000000005 4.0710000000000015 0 -4.693999999999999 4.0710000000000015 0 -4.693999999999999 4.021000000000001 1 -4.5440000000000005 4.021000000000001 1 -4.5440000000000005 4.0710000000000015 1 -4.693999999999999 4.0710000000000015 1 -3.193999999999999 4.021000000000001 0 -3.0439999999999987 4.021000000000001 0 -3.0439999999999987 4.0710000000000015 0 -3.193999999999999 4.0710000000000015 0 -3.193999999999999 4.021000000000001 1 -3.0439999999999987 4.021000000000001 1 -3.0439999999999987 4.0710000000000015 1 -3.193999999999999 4.0710000000000015 1 -3.0939999999999994 3.971 0 -2.943999999999999 3.971 0 -2.943999999999999 4.021000000000001 0 -3.0939999999999994 4.021000000000001 0 -3.0939999999999994 3.971 1 -2.943999999999999 3.971 1 -2.943999999999999 4.021000000000001 1 -3.0939999999999994 4.021000000000001 1 -4.744 3.9209999999999994 0 -4.593999999999999 3.9209999999999994 0 -4.593999999999999 4.021000000000001 0 -4.744 4.021000000000001 0 -4.744 3.9209999999999994 1 -4.593999999999999 3.9209999999999994 1 -4.593999999999999 4.021000000000001 1 -4.744 4.021000000000001 1 -3.0439999999999987 3.9209999999999994 0 -2.894 3.9209999999999994 0 -2.894 3.971 0 -3.0439999999999987 3.971 0 -3.0439999999999987 3.9209999999999994 1 -2.894 3.9209999999999994 1 -2.894 3.971 1 -3.0439999999999987 3.971 1 -4.7940000000000005 3.8710000000000004 0 -4.644 3.8710000000000004 0 -4.644 3.9209999999999994 0 -4.7940000000000005 3.9209999999999994 0 -4.7940000000000005 3.8710000000000004 1 -4.644 3.8710000000000004 1 -4.644 3.9209999999999994 1 -4.7940000000000005 3.9209999999999994 1 -3.0439999999999987 3.8710000000000004 0 -2.9939999999999998 3.8710000000000004 0 -2.9939999999999998 3.9209999999999994 0 -3.0439999999999987 3.9209999999999994 0 -3.0439999999999987 3.8710000000000004 1 -2.9939999999999998 3.8710000000000004 1 -2.9939999999999998 3.9209999999999994 1 -3.0439999999999987 3.9209999999999994 1 -2.943999999999999 3.8710000000000004 0 -2.7939999999999987 3.8710000000000004 0 -2.7939999999999987 3.9209999999999994 0 -2.943999999999999 3.9209999999999994 0 -2.943999999999999 3.8710000000000004 1 -2.7939999999999987 3.8710000000000004 1 -2.7939999999999987 3.9209999999999994 1 -2.943999999999999 3.9209999999999994 1 -4.843999999999999 3.8209999999999997 0 -4.644 3.8209999999999997 0 -4.644 3.8710000000000004 0 -4.843999999999999 3.8710000000000004 0 -4.843999999999999 3.8209999999999997 1 -4.644 3.8209999999999997 1 -4.644 3.8710000000000004 1 -4.843999999999999 3.8710000000000004 1 -2.894 3.8209999999999997 0 -2.693999999999999 3.8209999999999997 0 -2.693999999999999 3.8710000000000004 0 -2.894 3.8710000000000004 0 -2.894 3.8209999999999997 1 -2.693999999999999 3.8209999999999997 1 -2.693999999999999 3.8710000000000004 1 -2.894 3.8710000000000004 1 -4.843999999999999 3.771000000000001 0 -4.693999999999999 3.771000000000001 0 -4.693999999999999 3.8209999999999997 0 -4.843999999999999 3.8209999999999997 0 -4.843999999999999 3.771000000000001 1 -4.693999999999999 3.771000000000001 1 -4.693999999999999 3.8209999999999997 1 -4.843999999999999 3.8209999999999997 1 -2.7939999999999987 3.771000000000001 0 -2.644 3.771000000000001 0 -2.644 3.8209999999999997 0 -2.7939999999999987 3.8209999999999997 0 -2.7939999999999987 3.771000000000001 1 -2.644 3.771000000000001 1 -2.644 3.8209999999999997 1 -2.7939999999999987 3.8209999999999997 1 -4.894 3.721 0 -4.693999999999999 3.721 0 -4.693999999999999 3.771000000000001 0 -4.894 3.771000000000001 0 -4.894 3.721 1 -4.693999999999999 3.721 1 -4.693999999999999 3.771000000000001 1 -4.894 3.771000000000001 1 -2.7439999999999998 3.721 0 -2.5439999999999987 3.721 0 -2.5439999999999987 3.771000000000001 0 -2.7439999999999998 3.771000000000001 0 -2.7439999999999998 3.721 1 -2.5439999999999987 3.721 1 -2.5439999999999987 3.771000000000001 1 -2.7439999999999998 3.771000000000001 1 -4.894 3.6709999999999994 0 -4.744 3.6709999999999994 0 -4.744 3.721 0 -4.894 3.721 0 -4.894 3.6709999999999994 1 -4.744 3.6709999999999994 1 -4.744 3.721 1 -4.894 3.721 1 -2.644 3.6709999999999994 0 -2.4939999999999998 3.6709999999999994 0 -2.4939999999999998 3.721 0 -2.644 3.721 0 -2.644 3.6709999999999994 1 -2.4939999999999998 3.6709999999999994 1 -2.4939999999999998 3.721 1 -2.644 3.721 1 -4.943999999999999 3.6210000000000004 0 -4.7940000000000005 3.6210000000000004 0 -4.7940000000000005 3.6709999999999994 0 -4.943999999999999 3.6709999999999994 0 -4.943999999999999 3.6210000000000004 1 -4.7940000000000005 3.6210000000000004 1 -4.7940000000000005 3.6709999999999994 1 -4.943999999999999 3.6709999999999994 1 -2.5439999999999987 3.6210000000000004 0 -2.443999999999999 3.6210000000000004 0 -2.443999999999999 3.6709999999999994 0 -2.5439999999999987 3.6709999999999994 0 -2.5439999999999987 3.6210000000000004 1 -2.443999999999999 3.6210000000000004 1 -2.443999999999999 3.6709999999999994 1 -2.5439999999999987 3.6709999999999994 1 -2.5439999999999987 3.5709999999999997 0 -2.3439999999999994 3.5709999999999997 0 -2.3439999999999994 3.6210000000000004 0 -2.5439999999999987 3.6210000000000004 0 -2.5439999999999987 3.5709999999999997 1 -2.3439999999999994 3.5709999999999997 1 -2.3439999999999994 3.6210000000000004 1 -2.5439999999999987 3.6210000000000004 1 -4.994 3.521000000000001 0 -4.843999999999999 3.521000000000001 0 -4.843999999999999 3.6210000000000004 0 -4.994 3.6210000000000004 0 -4.994 3.521000000000001 1 -4.843999999999999 3.521000000000001 1 -4.843999999999999 3.6210000000000004 1 -4.994 3.6210000000000004 1 -2.394 3.521000000000001 0 -2.2439999999999998 3.521000000000001 0 -2.2439999999999998 3.5709999999999997 0 -2.394 3.5709999999999997 0 -2.394 3.521000000000001 1 -2.2439999999999998 3.521000000000001 1 -2.2439999999999998 3.5709999999999997 1 -2.394 3.5709999999999997 1 -5.0440000000000005 3.471 0 -4.894 3.471 0 -4.894 3.521000000000001 0 -5.0440000000000005 3.521000000000001 0 -5.0440000000000005 3.471 1 -4.894 3.471 1 -4.894 3.521000000000001 1 -5.0440000000000005 3.521000000000001 1 -2.3439999999999994 3.471 0 -2.144 3.471 0 -2.144 3.521000000000001 0 -2.3439999999999994 3.521000000000001 0 -2.3439999999999994 3.471 1 -2.144 3.471 1 -2.144 3.521000000000001 1 -2.3439999999999994 3.521000000000001 1 -5.093999999999999 3.4209999999999994 0 -4.894 3.4209999999999994 0 -4.894 3.471 0 -5.093999999999999 3.471 0 -5.093999999999999 3.4209999999999994 1 -4.894 3.4209999999999994 1 -4.894 3.471 1 -5.093999999999999 3.471 1 -2.193999999999999 3.4209999999999994 0 -2.0939999999999994 3.4209999999999994 0 -2.0939999999999994 3.471 0 -2.193999999999999 3.471 0 -2.193999999999999 3.4209999999999994 1 -2.0939999999999994 3.4209999999999994 1 -2.0939999999999994 3.471 1 -2.193999999999999 3.471 1 -5.093999999999999 3.3710000000000004 0 -4.943999999999999 3.3710000000000004 0 -4.943999999999999 3.4209999999999994 0 -5.093999999999999 3.4209999999999994 0 -5.093999999999999 3.3710000000000004 1 -4.943999999999999 3.3710000000000004 1 -4.943999999999999 3.4209999999999994 1 -5.093999999999999 3.4209999999999994 1 -2.144 3.3710000000000004 0 -1.9939999999999998 3.3710000000000004 0 -1.9939999999999998 3.4209999999999994 0 -2.144 3.4209999999999994 0 -2.144 3.3710000000000004 1 -1.9939999999999998 3.3710000000000004 1 -1.9939999999999998 3.4209999999999994 1 -2.144 3.4209999999999994 1 -2.0439999999999987 3.3209999999999997 0 -1.943999999999999 3.3209999999999997 0 -1.943999999999999 3.3710000000000004 0 -2.0439999999999987 3.3710000000000004 0 -2.0439999999999987 3.3209999999999997 1 -1.943999999999999 3.3209999999999997 1 -1.943999999999999 3.3710000000000004 1 -2.0439999999999987 3.3710000000000004 1 -5.144 3.271000000000001 0 -4.994 3.271000000000001 0 -4.994 3.3710000000000004 0 -5.144 3.3710000000000004 0 -5.144 3.271000000000001 1 -4.994 3.271000000000001 1 -4.994 3.3710000000000004 1 -5.144 3.3710000000000004 1 -1.9939999999999998 3.271000000000001 0 -1.8940000000000001 3.271000000000001 0 -1.8940000000000001 3.3209999999999997 0 -1.9939999999999998 3.3209999999999997 0 -1.9939999999999998 3.271000000000001 1 -1.8940000000000001 3.271000000000001 1 -1.8940000000000001 3.3209999999999997 1 -1.9939999999999998 3.3209999999999997 1 -5.193999999999999 3.221 0 -4.994 3.221 0 -4.994 3.271000000000001 0 -5.193999999999999 3.271000000000001 0 -5.193999999999999 3.221 1 -4.994 3.221 1 -4.994 3.271000000000001 1 -5.193999999999999 3.271000000000001 1 -1.943999999999999 3.221 0 -1.7439999999999998 3.221 0 -1.7439999999999998 3.271000000000001 0 -1.943999999999999 3.271000000000001 0 -1.943999999999999 3.221 1 -1.7439999999999998 3.221 1 -1.7439999999999998 3.271000000000001 1 -1.943999999999999 3.271000000000001 1 -5.2940000000000005 3.1709999999999994 0 -5.093999999999999 3.1709999999999994 0 -5.093999999999999 3.221 0 -5.2940000000000005 3.221 0 -5.2940000000000005 3.1709999999999994 1 -5.093999999999999 3.1709999999999994 1 -5.093999999999999 3.221 1 -5.2940000000000005 3.221 1 -1.8439999999999994 3.1709999999999994 0 -1.693999999999999 3.1709999999999994 0 -1.693999999999999 3.221 0 -1.8439999999999994 3.221 0 -1.8439999999999994 3.1709999999999994 1 -1.693999999999999 3.1709999999999994 1 -1.693999999999999 3.221 1 -1.8439999999999994 3.221 1 -5.244 3.1210000000000004 0 -5.144 3.1210000000000004 0 -5.144 3.1709999999999994 0 -5.244 3.1709999999999994 0 -5.244 3.1210000000000004 1 -5.144 3.1210000000000004 1 -5.144 3.1709999999999994 1 -5.244 3.1709999999999994 1 -1.7439999999999998 3.1210000000000004 0 -1.6440000000000001 3.1210000000000004 0 -1.6440000000000001 3.1709999999999994 0 -1.7439999999999998 3.1709999999999994 0 -1.7439999999999998 3.1210000000000004 1 -1.6440000000000001 3.1210000000000004 1 -1.6440000000000001 3.1709999999999994 1 -1.7439999999999998 3.1709999999999994 1 -5.2940000000000005 3.0709999999999997 0 -5.144 3.0709999999999997 0 -5.144 3.1210000000000004 0 -5.2940000000000005 3.1210000000000004 0 -5.2940000000000005 3.0709999999999997 1 -5.144 3.0709999999999997 1 -5.144 3.1210000000000004 1 -5.2940000000000005 3.1210000000000004 1 -1.6440000000000001 3.0709999999999997 0 -1.5439999999999987 3.0709999999999997 0 -1.5439999999999987 3.1210000000000004 0 -1.6440000000000001 3.1210000000000004 0 -1.6440000000000001 3.0709999999999997 1 -1.5439999999999987 3.0709999999999997 1 -1.5439999999999987 3.1210000000000004 1 -1.6440000000000001 3.1210000000000004 1 -5.343999999999999 3.021000000000001 0 -5.193999999999999 3.021000000000001 0 -5.193999999999999 3.0709999999999997 0 -5.343999999999999 3.0709999999999997 0 -5.343999999999999 3.021000000000001 1 -5.193999999999999 3.021000000000001 1 -5.193999999999999 3.0709999999999997 1 -5.343999999999999 3.0709999999999997 1 -1.5939999999999994 3.021000000000001 0 -1.443999999999999 3.021000000000001 0 -1.443999999999999 3.0709999999999997 0 -1.5939999999999994 3.0709999999999997 0 -1.5939999999999994 3.021000000000001 1 -1.443999999999999 3.021000000000001 1 -1.443999999999999 3.0709999999999997 1 -1.5939999999999994 3.0709999999999997 1 -5.343999999999999 2.971 0 -5.244 2.971 0 -5.244 3.021000000000001 0 -5.343999999999999 3.021000000000001 0 -5.343999999999999 2.971 1 -5.244 2.971 1 -5.244 3.021000000000001 1 -5.343999999999999 3.021000000000001 1 -1.5439999999999987 2.971 0 -1.3940000000000001 2.971 0 -1.3940000000000001 3.021000000000001 0 -1.5439999999999987 3.021000000000001 0 -1.5439999999999987 2.971 1 -1.3940000000000001 2.971 1 -1.3940000000000001 3.021000000000001 1 -1.5439999999999987 3.021000000000001 1 -5.394 2.9209999999999994 0 -5.244 2.9209999999999994 0 -5.244 2.971 0 -5.394 2.971 0 -5.394 2.9209999999999994 1 -5.244 2.9209999999999994 1 -5.244 2.971 1 -5.394 2.971 1 -1.3940000000000001 2.9209999999999994 0 -1.2939999999999987 2.9209999999999994 0 -1.2939999999999987 2.971 0 -1.3940000000000001 2.971 0 -1.3940000000000001 2.9209999999999994 1 -1.2939999999999987 2.9209999999999994 1 -1.2939999999999987 2.971 1 -1.3940000000000001 2.971 1 -5.394 2.8710000000000004 0 -5.2940000000000005 2.8710000000000004 0 -5.2940000000000005 2.9209999999999994 0 -5.394 2.9209999999999994 0 -5.394 2.8710000000000004 1 -5.2940000000000005 2.8710000000000004 1 -5.2940000000000005 2.9209999999999994 1 -5.394 2.9209999999999994 1 -1.2939999999999987 2.8710000000000004 0 -1.193999999999999 2.8710000000000004 0 -1.193999999999999 2.9209999999999994 0 -1.2939999999999987 2.9209999999999994 0 -1.2939999999999987 2.8710000000000004 1 -1.193999999999999 2.8710000000000004 1 -1.193999999999999 2.9209999999999994 1 -1.2939999999999987 2.9209999999999994 1 -5.444 2.8209999999999997 0 -5.343999999999999 2.8209999999999997 0 -5.343999999999999 2.8710000000000004 0 -5.444 2.8710000000000004 0 -5.444 2.8209999999999997 1 -5.343999999999999 2.8209999999999997 1 -5.343999999999999 2.8710000000000004 1 -5.444 2.8710000000000004 1 -1.2439999999999998 2.8209999999999997 0 -1.1440000000000001 2.8209999999999997 0 -1.1440000000000001 2.8710000000000004 0 -1.2439999999999998 2.8710000000000004 0 -1.2439999999999998 2.8209999999999997 1 -1.1440000000000001 2.8209999999999997 1 -1.1440000000000001 2.8710000000000004 1 -1.2439999999999998 2.8710000000000004 1 -1.0939999999999994 2.771000000000001 0 -1.0439999999999987 2.771000000000001 0 -1.0439999999999987 2.8209999999999997 0 -1.0939999999999994 2.8209999999999997 0 -1.0939999999999994 2.771000000000001 1 -1.0439999999999987 2.771000000000001 1 -1.0439999999999987 2.8209999999999997 1 -1.0939999999999994 2.8209999999999997 1 -5.494 2.721 0 -5.343999999999999 2.721 0 -5.343999999999999 2.8209999999999997 0 -5.494 2.8209999999999997 0 -5.494 2.721 1 -5.343999999999999 2.721 1 -5.343999999999999 2.8209999999999997 1 -5.494 2.8209999999999997 1 -1.0939999999999994 2.721 0 -0.9939999999999998 2.721 0 -0.9939999999999998 2.771000000000001 0 -1.0939999999999994 2.771000000000001 0 -1.0939999999999994 2.721 1 -0.9939999999999998 2.721 1 -0.9939999999999998 2.771000000000001 1 -1.0939999999999994 2.771000000000001 1 -5.544 2.6709999999999994 0 -5.394 2.6709999999999994 0 -5.394 2.721 0 -5.544 2.721 0 -5.544 2.6709999999999994 1 -5.394 2.6709999999999994 1 -5.394 2.721 1 -5.544 2.721 1 -0.9939999999999998 2.6709999999999994 0 -0.9439999999999991 2.6709999999999994 0 -0.9439999999999991 2.721 0 -0.9939999999999998 2.721 0 -0.9939999999999998 2.6709999999999994 1 -0.9439999999999991 2.6709999999999994 1 -0.9439999999999991 2.721 1 -0.9939999999999998 2.721 1 -5.593999999999999 2.6210000000000004 0 -5.343999999999999 2.6210000000000004 0 -5.343999999999999 2.6709999999999994 0 -5.593999999999999 2.6709999999999994 0 -5.593999999999999 2.6210000000000004 1 -5.343999999999999 2.6210000000000004 1 -5.343999999999999 2.6709999999999994 1 -5.593999999999999 2.6709999999999994 1 -5.644 2.521000000000001 0 -5.343999999999999 2.521000000000001 0 -5.343999999999999 2.6210000000000004 0 -5.644 2.6210000000000004 0 -5.644 2.521000000000001 1 -5.343999999999999 2.521000000000001 1 -5.343999999999999 2.6210000000000004 1 -5.644 2.6210000000000004 1 -0.7439999999999998 2.521000000000001 0 -0.6939999999999991 2.521000000000001 0 -0.6939999999999991 2.5709999999999997 0 -0.7439999999999998 2.5709999999999997 0 -0.7439999999999998 2.521000000000001 1 -0.6939999999999991 2.521000000000001 1 -0.6939999999999991 2.5709999999999997 1 -0.7439999999999998 2.5709999999999997 1 -5.694 2.471 0 -5.394 2.471 0 -5.394 2.521000000000001 0 -5.694 2.521000000000001 0 -5.694 2.471 1 -5.394 2.471 1 -5.394 2.521000000000001 1 -5.694 2.521000000000001 1 -0.7439999999999998 2.471 0 -0.5439999999999987 2.471 0 -0.5439999999999987 2.521000000000001 0 -0.7439999999999998 2.521000000000001 0 -0.7439999999999998 2.471 1 -0.5439999999999987 2.471 1 -0.5439999999999987 2.521000000000001 1 -0.7439999999999998 2.521000000000001 1 -5.694 2.4209999999999994 0 -5.444 2.4209999999999994 0 -5.444 2.471 0 -5.694 2.471 0 -5.694 2.4209999999999994 1 -5.444 2.4209999999999994 1 -5.444 2.471 1 -5.694 2.471 1 -0.6440000000000001 2.4209999999999994 0 -0.4939999999999998 2.4209999999999994 0 -0.4939999999999998 2.471 0 -0.6440000000000001 2.471 0 -0.6440000000000001 2.4209999999999994 1 -0.4939999999999998 2.4209999999999994 1 -0.4939999999999998 2.471 1 -0.6440000000000001 2.471 1 -5.744 2.3710000000000004 0 -5.444 2.3710000000000004 0 -5.444 2.4209999999999994 0 -5.744 2.4209999999999994 0 -5.744 2.3710000000000004 1 -5.444 2.3710000000000004 1 -5.444 2.4209999999999994 1 -5.744 2.4209999999999994 1 -0.5939999999999994 2.3710000000000004 0 -0.39400000000000013 2.3710000000000004 0 -0.39400000000000013 2.4209999999999994 0 -0.5939999999999994 2.4209999999999994 0 -0.5939999999999994 2.3710000000000004 1 -0.39400000000000013 2.3710000000000004 1 -0.39400000000000013 2.4209999999999994 1 -0.5939999999999994 2.4209999999999994 1 -0.5439999999999987 2.3209999999999997 0 -0.2939999999999987 2.3209999999999997 0 -0.2939999999999987 2.3710000000000004 0 -0.5439999999999987 2.3710000000000004 0 -0.5439999999999987 2.3209999999999997 1 -0.2939999999999987 2.3209999999999997 1 -0.2939999999999987 2.3710000000000004 1 -0.5439999999999987 2.3710000000000004 1 -5.794 2.271000000000001 0 -5.544 2.271000000000001 0 -5.544 2.3710000000000004 0 -5.794 2.3710000000000004 0 -5.794 2.271000000000001 1 -5.544 2.271000000000001 1 -5.544 2.3710000000000004 1 -5.794 2.3710000000000004 1 -0.44399999999999906 2.271000000000001 0 -0.24399999999999977 2.271000000000001 0 -0.24399999999999977 2.3209999999999997 0 -0.44399999999999906 2.3209999999999997 0 -0.44399999999999906 2.271000000000001 1 -0.24399999999999977 2.271000000000001 1 -0.24399999999999977 2.3209999999999997 1 -0.44399999999999906 2.3209999999999997 1 -5.843999999999999 2.221 0 -5.593999999999999 2.221 0 -5.593999999999999 2.271000000000001 0 -5.843999999999999 2.271000000000001 0 -5.843999999999999 2.221 1 -5.593999999999999 2.221 1 -5.593999999999999 2.271000000000001 1 -5.843999999999999 2.271000000000001 1 -0.3439999999999994 2.221 0 -0.14400000000000013 2.221 0 -0.14400000000000013 2.271000000000001 0 -0.3439999999999994 2.271000000000001 0 -0.3439999999999994 2.221 1 -0.14400000000000013 2.221 1 -0.14400000000000013 2.271000000000001 1 -0.3439999999999994 2.271000000000001 1 -5.894 2.1709999999999994 0 -5.593999999999999 2.1709999999999994 0 -5.593999999999999 2.221 0 -5.894 2.221 0 -5.894 2.1709999999999994 1 -5.593999999999999 2.1709999999999994 1 -5.593999999999999 2.221 1 -5.894 2.221 1 -0.2939999999999987 2.1709999999999994 0 -0.09399999999999942 2.1709999999999994 0 -0.09399999999999942 2.221 0 -0.2939999999999987 2.221 0 -0.2939999999999987 2.1709999999999994 1 -0.09399999999999942 2.1709999999999994 1 -0.09399999999999942 2.221 1 -0.2939999999999987 2.221 1 -5.894 2.1210000000000004 0 -5.644 2.1210000000000004 0 -5.644 2.1709999999999994 0 -5.894 2.1709999999999994 0 -5.894 2.1210000000000004 1 -5.644 2.1210000000000004 1 -5.644 2.1709999999999994 1 -5.894 2.1709999999999994 1 -0.14400000000000013 2.1210000000000004 0 0.006000000000000227 2.1210000000000004 0 0.006000000000000227 2.1709999999999994 0 -0.14400000000000013 2.1709999999999994 0 -0.14400000000000013 2.1210000000000004 1 0.006000000000000227 2.1210000000000004 1 0.006000000000000227 2.1709999999999994 1 -0.14400000000000013 2.1709999999999994 1 -5.894 2.0709999999999997 0 -5.694 2.0709999999999997 0 -5.694 2.1210000000000004 0 -5.894 2.1210000000000004 0 -5.894 2.0709999999999997 1 -5.694 2.0709999999999997 1 -5.694 2.1210000000000004 1 -5.894 2.1210000000000004 1 -0.09399999999999942 2.0709999999999997 0 0.05600000000000094 2.0709999999999997 0 0.05600000000000094 2.1210000000000004 0 -0.09399999999999942 2.1210000000000004 0 -0.09399999999999942 2.0709999999999997 1 0.05600000000000094 2.0709999999999997 1 0.05600000000000094 2.1210000000000004 1 -0.09399999999999942 2.1210000000000004 1 -5.944 2.021000000000001 0 -5.694 2.021000000000001 0 -5.694 2.0709999999999997 0 -5.944 2.0709999999999997 0 -5.944 2.021000000000001 1 -5.694 2.021000000000001 1 -5.694 2.0709999999999997 1 -5.944 2.0709999999999997 1 0.006000000000000227 2.021000000000001 0 0.15600000000000058 2.021000000000001 0 0.15600000000000058 2.0709999999999997 0 0.006000000000000227 2.0709999999999997 0 0.006000000000000227 2.021000000000001 1 0.15600000000000058 2.021000000000001 1 0.15600000000000058 2.0709999999999997 1 0.006000000000000227 2.0709999999999997 1 -5.994 1.971 0 -5.744 1.971 0 -5.744 2.021000000000001 0 -5.994 2.021000000000001 0 -5.994 1.971 1 -5.744 1.971 1 -5.744 2.021000000000001 1 -5.994 2.021000000000001 1 0.05600000000000094 1.971 0 0.2560000000000002 1.971 0 0.2560000000000002 2.021000000000001 0 0.05600000000000094 2.021000000000001 0 0.05600000000000094 1.971 1 0.2560000000000002 1.971 1 0.2560000000000002 2.021000000000001 1 0.05600000000000094 2.021000000000001 1 -6.044 1.9209999999999994 0 -5.744 1.9209999999999994 0 -5.744 1.971 0 -6.044 1.971 0 -6.044 1.9209999999999994 1 -5.744 1.9209999999999994 1 -5.744 1.971 1 -6.044 1.971 1 0.10599999999999987 1.9209999999999994 0 0.35599999999999987 1.9209999999999994 0 0.35599999999999987 1.971 0 0.10599999999999987 1.971 0 0.10599999999999987 1.9209999999999994 1 0.35599999999999987 1.9209999999999994 1 0.35599999999999987 1.971 1 0.10599999999999987 1.971 1 -6.144 1.8710000000000004 0 -5.794 1.8710000000000004 0 -5.794 1.9209999999999994 0 -6.144 1.9209999999999994 0 -6.144 1.8710000000000004 1 -5.794 1.8710000000000004 1 -5.794 1.9209999999999994 1 -6.144 1.9209999999999994 1 0.2060000000000013 1.8710000000000004 0 0.35599999999999987 1.8710000000000004 0 0.35599999999999987 1.9209999999999994 0 0.2060000000000013 1.9209999999999994 0 0.2060000000000013 1.8710000000000004 1 0.35599999999999987 1.8710000000000004 1 0.35599999999999987 1.9209999999999994 1 0.2060000000000013 1.9209999999999994 1 -6.093999999999999 1.8209999999999997 0 -5.794 1.8209999999999997 0 -5.794 1.8710000000000004 0 -6.093999999999999 1.8710000000000004 0 -6.093999999999999 1.8209999999999997 1 -5.794 1.8209999999999997 1 -5.794 1.8710000000000004 1 -6.093999999999999 1.8710000000000004 1 0.30600000000000094 1.8209999999999997 0 0.4560000000000013 1.8209999999999997 0 0.4560000000000013 1.8710000000000004 0 0.30600000000000094 1.8710000000000004 0 0.30600000000000094 1.8209999999999997 1 0.4560000000000013 1.8209999999999997 1 0.4560000000000013 1.8710000000000004 1 0.30600000000000094 1.8710000000000004 1 -6.144 1.7710000000000008 0 -5.843999999999999 1.7710000000000008 0 -5.843999999999999 1.8209999999999997 0 -6.144 1.8209999999999997 0 -6.144 1.7710000000000008 1 -5.843999999999999 1.7710000000000008 1 -5.843999999999999 1.8209999999999997 1 -6.144 1.8209999999999997 1 0.35599999999999987 1.7710000000000008 0 0.6059999999999999 1.7710000000000008 0 0.6059999999999999 1.8209999999999997 0 0.35599999999999987 1.8209999999999997 0 0.35599999999999987 1.7710000000000008 1 0.6059999999999999 1.7710000000000008 1 0.6059999999999999 1.8209999999999997 1 0.35599999999999987 1.8209999999999997 1 -6.194 1.721 0 -5.894 1.721 0 -5.894 1.7710000000000008 0 -6.194 1.7710000000000008 0 -6.194 1.721 1 -5.894 1.721 1 -5.894 1.7710000000000008 1 -6.194 1.7710000000000008 1 0.4060000000000006 1.721 0 0.6059999999999999 1.721 0 0.6059999999999999 1.7710000000000008 0 0.4060000000000006 1.7710000000000008 0 0.4060000000000006 1.721 1 0.6059999999999999 1.721 1 0.6059999999999999 1.7710000000000008 1 0.4060000000000006 1.7710000000000008 1 0.4560000000000013 1.6709999999999994 0 0.7060000000000013 1.6709999999999994 0 0.7060000000000013 1.721 0 0.4560000000000013 1.721 0 0.4560000000000013 1.6709999999999994 1 0.7060000000000013 1.6709999999999994 1 0.7060000000000013 1.721 1 0.4560000000000013 1.721 1 -6.244 1.6210000000000004 0 -6.044 1.6210000000000004 0 -6.044 1.721 0 -6.244 1.721 0 -6.244 1.6210000000000004 1 -6.044 1.6210000000000004 1 -6.044 1.721 1 -6.244 1.721 1 0.5560000000000009 1.6210000000000004 0 0.8060000000000009 1.6210000000000004 0 0.8060000000000009 1.6709999999999994 0 0.5560000000000009 1.6709999999999994 0 0.5560000000000009 1.6210000000000004 1 0.8060000000000009 1.6210000000000004 1 0.8060000000000009 1.6709999999999994 1 0.5560000000000009 1.6709999999999994 1 -6.343999999999999 1.5709999999999997 0 -6.294 1.5709999999999997 0 -6.294 1.6210000000000004 0 -6.343999999999999 1.6210000000000004 0 -6.343999999999999 1.5709999999999997 1 -6.294 1.5709999999999997 1 -6.294 1.6210000000000004 1 -6.343999999999999 1.6210000000000004 1 -6.244 1.5709999999999997 0 -6.093999999999999 1.5709999999999997 0 -6.093999999999999 1.6210000000000004 0 -6.244 1.6210000000000004 0 -6.244 1.5709999999999997 1 -6.093999999999999 1.5709999999999997 1 -6.093999999999999 1.6210000000000004 1 -6.244 1.6210000000000004 1 -2.7939999999999987 1.5709999999999997 0 -2.443999999999999 1.5709999999999997 0 -2.443999999999999 1.6210000000000004 0 -2.7939999999999987 1.6210000000000004 0 -2.7939999999999987 1.5709999999999997 1 -2.443999999999999 1.5709999999999997 1 -2.443999999999999 1.6210000000000004 1 -2.7939999999999987 1.6210000000000004 1 0.6560000000000006 1.5709999999999997 0 0.9060000000000006 1.5709999999999997 0 0.9060000000000006 1.6210000000000004 0 0.6560000000000006 1.6210000000000004 0 0.6560000000000006 1.5709999999999997 1 0.9060000000000006 1.5709999999999997 1 0.9060000000000006 1.6210000000000004 1 0.6560000000000006 1.6210000000000004 1 -6.294 1.5210000000000008 0 -6.144 1.5210000000000008 0 -6.144 1.5709999999999997 0 -6.294 1.5709999999999997 0 -6.294 1.5210000000000008 1 -6.144 1.5210000000000008 1 -6.144 1.5709999999999997 1 -6.294 1.5709999999999997 1 -2.894 1.5210000000000008 0 -2.394 1.5210000000000008 0 -2.394 1.5709999999999997 0 -2.894 1.5709999999999997 0 -2.894 1.5210000000000008 1 -2.394 1.5210000000000008 1 -2.394 1.5709999999999997 1 -2.894 1.5709999999999997 1 0.7560000000000002 1.5210000000000008 0 0.9560000000000013 1.5210000000000008 0 0.9560000000000013 1.5709999999999997 0 0.7560000000000002 1.5709999999999997 0 0.7560000000000002 1.5210000000000008 1 0.9560000000000013 1.5210000000000008 1 0.9560000000000013 1.5709999999999997 1 0.7560000000000002 1.5709999999999997 1 -6.394 1.471 0 -6.144 1.471 0 -6.144 1.5210000000000008 0 -6.394 1.5210000000000008 0 -6.394 1.471 1 -6.144 1.471 1 -6.144 1.5210000000000008 1 -6.394 1.5210000000000008 1 -2.943999999999999 1.471 0 -2.2939999999999987 1.471 0 -2.2939999999999987 1.5210000000000008 0 -2.943999999999999 1.5210000000000008 0 -2.943999999999999 1.471 1 -2.2939999999999987 1.471 1 -2.2939999999999987 1.5210000000000008 1 -2.943999999999999 1.5210000000000008 1 0.8060000000000009 1.471 0 1.056000000000001 1.471 0 1.056000000000001 1.5210000000000008 0 0.8060000000000009 1.5210000000000008 0 0.8060000000000009 1.471 1 1.056000000000001 1.471 1 1.056000000000001 1.5210000000000008 1 0.8060000000000009 1.5210000000000008 1 -6.444 1.4209999999999994 0 -6.394 1.4209999999999994 0 -6.394 1.471 0 -6.444 1.471 0 -6.444 1.4209999999999994 1 -6.394 1.4209999999999994 1 -6.394 1.471 1 -6.444 1.471 1 -6.343999999999999 1.4209999999999994 0 -6.194 1.4209999999999994 0 -6.194 1.471 0 -6.343999999999999 1.471 0 -6.343999999999999 1.4209999999999994 1 -6.194 1.4209999999999994 1 -6.194 1.471 1 -6.343999999999999 1.471 1 -2.9939999999999998 1.4209999999999994 0 -2.193999999999999 1.4209999999999994 0 -2.193999999999999 1.471 0 -2.9939999999999998 1.471 0 -2.9939999999999998 1.4209999999999994 1 -2.193999999999999 1.4209999999999994 1 -2.193999999999999 1.471 1 -2.9939999999999998 1.471 1 0.8559999999999999 1.4209999999999994 0 1.1560000000000006 1.4209999999999994 0 1.1560000000000006 1.471 0 0.8559999999999999 1.471 0 0.8559999999999999 1.4209999999999994 1 1.1560000000000006 1.4209999999999994 1 1.1560000000000006 1.471 1 0.8559999999999999 1.471 1 -6.394 1.3710000000000004 0 -6.244 1.3710000000000004 0 -6.244 1.4209999999999994 0 -6.394 1.4209999999999994 0 -6.394 1.3710000000000004 1 -6.244 1.3710000000000004 1 -6.244 1.4209999999999994 1 -6.394 1.4209999999999994 1 -3.0439999999999987 1.3710000000000004 0 -2.0939999999999994 1.3710000000000004 0 -2.0939999999999994 1.4209999999999994 0 -3.0439999999999987 1.4209999999999994 0 -3.0439999999999987 1.3710000000000004 1 -2.0939999999999994 1.3710000000000004 1 -2.0939999999999994 1.4209999999999994 1 -3.0439999999999987 1.4209999999999994 1 0.9560000000000013 1.3710000000000004 0 1.2060000000000013 1.3710000000000004 0 1.2060000000000013 1.4209999999999994 0 0.9560000000000013 1.4209999999999994 0 0.9560000000000013 1.3710000000000004 1 1.2060000000000013 1.3710000000000004 1 1.2060000000000013 1.4209999999999994 1 0.9560000000000013 1.4209999999999994 1 -6.444 1.3209999999999997 0 -6.244 1.3209999999999997 0 -6.244 1.3710000000000004 0 -6.444 1.3710000000000004 0 -6.444 1.3209999999999997 1 -6.244 1.3209999999999997 1 -6.244 1.3710000000000004 1 -6.444 1.3710000000000004 1 -3.0939999999999994 1.3209999999999997 0 -2.0439999999999987 1.3209999999999997 0 -2.0439999999999987 1.3710000000000004 0 -3.0939999999999994 1.3710000000000004 0 -3.0939999999999994 1.3209999999999997 1 -2.0439999999999987 1.3209999999999997 1 -2.0439999999999987 1.3710000000000004 1 -3.0939999999999994 1.3710000000000004 1 1.0060000000000002 1.3209999999999997 0 1.306000000000001 1.3209999999999997 0 1.306000000000001 1.3710000000000004 0 1.0060000000000002 1.3710000000000004 0 1.0060000000000002 1.3209999999999997 1 1.306000000000001 1.3209999999999997 1 1.306000000000001 1.3710000000000004 1 1.0060000000000002 1.3710000000000004 1 -6.593999999999999 1.2710000000000008 0 -6.544 1.2710000000000008 0 -6.544 1.3710000000000004 0 -6.593999999999999 1.3710000000000004 0 -6.593999999999999 1.2710000000000008 1 -6.544 1.2710000000000008 1 -6.544 1.3710000000000004 1 -6.593999999999999 1.3710000000000004 1 -6.494 1.2710000000000008 0 -6.244 1.2710000000000008 0 -6.244 1.3209999999999997 0 -6.494 1.3209999999999997 0 -6.494 1.2710000000000008 1 -6.244 1.2710000000000008 1 -6.244 1.3209999999999997 1 -6.494 1.3209999999999997 1 -3.144 1.2710000000000008 0 -1.943999999999999 1.2710000000000008 0 -1.943999999999999 1.3209999999999997 0 -3.144 1.3209999999999997 0 -3.144 1.2710000000000008 1 -1.943999999999999 1.2710000000000008 1 -1.943999999999999 1.3209999999999997 1 -3.144 1.3209999999999997 1 1.1059999999999999 1.2710000000000008 0 1.4060000000000006 1.2710000000000008 0 1.4060000000000006 1.3209999999999997 0 1.1059999999999999 1.3209999999999997 0 1.1059999999999999 1.2710000000000008 1 1.4060000000000006 1.2710000000000008 1 1.4060000000000006 1.3209999999999997 1 1.1059999999999999 1.3209999999999997 1 -6.494 1.221 0 -6.294 1.221 0 -6.294 1.2710000000000008 0 -6.494 1.2710000000000008 0 -6.494 1.221 1 -6.294 1.221 1 -6.294 1.2710000000000008 1 -6.494 1.2710000000000008 1 -3.193999999999999 1.221 0 -1.8439999999999994 1.221 0 -1.8439999999999994 1.2710000000000008 0 -3.193999999999999 1.2710000000000008 0 -3.193999999999999 1.221 1 -1.8439999999999994 1.221 1 -1.8439999999999994 1.2710000000000008 1 -3.193999999999999 1.2710000000000008 1 1.2060000000000013 1.221 0 1.4560000000000013 1.221 0 1.4560000000000013 1.2710000000000008 0 1.2060000000000013 1.2710000000000008 0 1.2060000000000013 1.221 1 1.4560000000000013 1.221 1 1.4560000000000013 1.2710000000000008 1 1.2060000000000013 1.2710000000000008 1 -6.694 1.1709999999999994 0 -6.644 1.1709999999999994 0 -6.644 1.221 0 -6.694 1.221 0 -6.694 1.1709999999999994 1 -6.644 1.1709999999999994 1 -6.644 1.221 1 -6.694 1.221 1 -6.494 1.1709999999999994 0 -6.343999999999999 1.1709999999999994 0 -6.343999999999999 1.221 0 -6.494 1.221 0 -6.494 1.1709999999999994 1 -6.343999999999999 1.1709999999999994 1 -6.343999999999999 1.221 1 -6.494 1.221 1 -3.2439999999999998 1.1709999999999994 0 -1.7439999999999998 1.1709999999999994 0 -1.7439999999999998 1.221 0 -3.2439999999999998 1.221 0 -3.2439999999999998 1.1709999999999994 1 -1.7439999999999998 1.1709999999999994 1 -1.7439999999999998 1.221 1 -3.2439999999999998 1.221 1 1.2560000000000002 1.1709999999999994 0 1.556000000000001 1.1709999999999994 0 1.556000000000001 1.221 0 1.2560000000000002 1.221 0 1.2560000000000002 1.1709999999999994 1 1.556000000000001 1.1709999999999994 1 1.556000000000001 1.221 1 1.2560000000000002 1.221 1 -3.2439999999999998 1.1210000000000004 0 -1.693999999999999 1.1210000000000004 0 -1.693999999999999 1.1709999999999994 0 -3.2439999999999998 1.1709999999999994 0 -3.2439999999999998 1.1210000000000004 1 -1.693999999999999 1.1210000000000004 1 -1.693999999999999 1.1709999999999994 1 -3.2439999999999998 1.1709999999999994 1 1.3559999999999999 1.1210000000000004 0 1.6059999999999999 1.1210000000000004 0 1.6059999999999999 1.1709999999999994 0 1.3559999999999999 1.1709999999999994 0 1.3559999999999999 1.1210000000000004 1 1.6059999999999999 1.1210000000000004 1 1.6059999999999999 1.1709999999999994 1 1.3559999999999999 1.1709999999999994 1 -6.694 1.0709999999999997 0 -6.644 1.0709999999999997 0 -6.644 1.1210000000000004 0 -6.694 1.1210000000000004 0 -6.694 1.0709999999999997 1 -6.644 1.0709999999999997 1 -6.644 1.1210000000000004 1 -6.694 1.1210000000000004 1 -6.544 1.0709999999999997 0 -6.394 1.0709999999999997 0 -6.394 1.1709999999999994 0 -6.544 1.1709999999999994 0 -6.544 1.0709999999999997 1 -6.394 1.0709999999999997 1 -6.394 1.1709999999999994 1 -6.544 1.1709999999999994 1 -3.2939999999999987 1.0709999999999997 0 -1.5939999999999994 1.0709999999999997 0 -1.5939999999999994 1.1210000000000004 0 -3.2939999999999987 1.1210000000000004 0 -3.2939999999999987 1.0709999999999997 1 -1.5939999999999994 1.0709999999999997 1 -1.5939999999999994 1.1210000000000004 1 -3.2939999999999987 1.1210000000000004 1 1.4060000000000006 1.0709999999999997 0 1.7560000000000002 1.0709999999999997 0 1.7560000000000002 1.1210000000000004 0 1.4060000000000006 1.1210000000000004 0 1.4060000000000006 1.0709999999999997 1 1.7560000000000002 1.0709999999999997 1 1.7560000000000002 1.1210000000000004 1 1.4060000000000006 1.1210000000000004 1 -6.644 1.0210000000000008 0 -6.444 1.0210000000000008 0 -6.444 1.0709999999999997 0 -6.644 1.0709999999999997 0 -6.644 1.0210000000000008 1 -6.444 1.0210000000000008 1 -6.444 1.0709999999999997 1 -6.644 1.0709999999999997 1 -3.3439999999999994 1.0210000000000008 0 -1.4939999999999998 1.0210000000000008 0 -1.4939999999999998 1.0709999999999997 0 -3.3439999999999994 1.0709999999999997 0 -3.3439999999999994 1.0210000000000008 1 -1.4939999999999998 1.0210000000000008 1 -1.4939999999999998 1.0709999999999997 1 -3.3439999999999994 1.0709999999999997 1 1.4560000000000013 1.0210000000000008 0 1.7560000000000002 1.0210000000000008 0 1.7560000000000002 1.0709999999999997 0 1.4560000000000013 1.0709999999999997 0 1.4560000000000013 1.0210000000000008 1 1.7560000000000002 1.0210000000000008 1 1.7560000000000002 1.0709999999999997 1 1.4560000000000013 1.0709999999999997 1 -6.843999999999999 0.9710000000000001 0 -6.794 0.9710000000000001 0 -6.794 1.0210000000000008 0 -6.843999999999999 1.0210000000000008 0 -6.843999999999999 0.9710000000000001 1 -6.794 0.9710000000000001 1 -6.794 1.0210000000000008 1 -6.843999999999999 1.0210000000000008 1 -6.694 0.9710000000000001 0 -6.444 0.9710000000000001 0 -6.444 1.0210000000000008 0 -6.694 1.0210000000000008 0 -6.694 0.9710000000000001 1 -6.444 0.9710000000000001 1 -6.444 1.0210000000000008 1 -6.694 1.0210000000000008 1 -3.3439999999999994 0.9710000000000001 0 -1.3940000000000001 0.9710000000000001 0 -1.3940000000000001 1.0210000000000008 0 -3.3439999999999994 1.0210000000000008 0 -3.3439999999999994 0.9710000000000001 1 -1.3940000000000001 0.9710000000000001 1 -1.3940000000000001 1.0210000000000008 1 -3.3439999999999994 1.0210000000000008 1 1.6059999999999999 0.9710000000000001 0 1.806000000000001 0.9710000000000001 0 1.806000000000001 1.0210000000000008 0 1.6059999999999999 1.0210000000000008 0 1.6059999999999999 0.9710000000000001 1 1.806000000000001 0.9710000000000001 1 1.806000000000001 1.0210000000000008 1 1.6059999999999999 1.0210000000000008 1 -6.694 0.9209999999999994 0 -6.494 0.9209999999999994 0 -6.494 0.9710000000000001 0 -6.694 0.9710000000000001 0 -6.694 0.9209999999999994 1 -6.494 0.9209999999999994 1 -6.494 0.9710000000000001 1 -6.694 0.9710000000000001 1 -3.394 0.9209999999999994 0 -1.3439999999999994 0.9209999999999994 0 -1.3439999999999994 0.9710000000000001 0 -3.394 0.9710000000000001 0 -3.394 0.9209999999999994 1 -1.3439999999999994 0.9209999999999994 1 -1.3439999999999994 0.9710000000000001 1 -3.394 0.9710000000000001 1 1.6560000000000006 0.9209999999999994 0 2.0060000000000002 0.9209999999999994 0 2.0060000000000002 0.9710000000000001 0 1.6560000000000006 0.9710000000000001 0 1.6560000000000006 0.9209999999999994 1 2.0060000000000002 0.9209999999999994 1 2.0060000000000002 0.9710000000000001 1 1.6560000000000006 0.9710000000000001 1 -6.894 0.8710000000000004 0 -6.843999999999999 0.8710000000000004 0 -6.843999999999999 0.9209999999999994 0 -6.894 0.9209999999999994 0 -6.894 0.8710000000000004 1 -6.843999999999999 0.8710000000000004 1 -6.843999999999999 0.9209999999999994 1 -6.894 0.9209999999999994 1 -6.694 0.8710000000000004 0 -6.544 0.8710000000000004 0 -6.544 0.9209999999999994 0 -6.694 0.9209999999999994 0 -6.694 0.8710000000000004 1 -6.544 0.8710000000000004 1 -6.544 0.9209999999999994 1 -6.694 0.9209999999999994 1 -3.443999999999999 0.8710000000000004 0 -1.2439999999999998 0.8710000000000004 0 -1.2439999999999998 0.9209999999999994 0 -3.443999999999999 0.9209999999999994 0 -3.443999999999999 0.8710000000000004 1 -1.2439999999999998 0.8710000000000004 1 -1.2439999999999998 0.9209999999999994 1 -3.443999999999999 0.9209999999999994 1 1.7060000000000013 0.8710000000000004 0 1.7560000000000002 0.8710000000000004 0 1.7560000000000002 0.9209999999999994 0 1.7060000000000013 0.9209999999999994 0 1.7060000000000013 0.8710000000000004 1 1.7560000000000002 0.8710000000000004 1 1.7560000000000002 0.9209999999999994 1 1.7060000000000013 0.9209999999999994 1 1.806000000000001 0.8710000000000004 0 2.0060000000000002 0.8710000000000004 0 2.0060000000000002 0.9209999999999994 0 1.806000000000001 0.9209999999999994 0 1.806000000000001 0.8710000000000004 1 2.0060000000000002 0.8710000000000004 1 2.0060000000000002 0.9209999999999994 1 1.806000000000001 0.9209999999999994 1 -6.744 0.8209999999999997 0 -6.544 0.8209999999999997 0 -6.544 0.8710000000000004 0 -6.744 0.8710000000000004 0 -6.744 0.8209999999999997 1 -6.544 0.8209999999999997 1 -6.544 0.8710000000000004 1 -6.744 0.8710000000000004 1 -3.4939999999999998 0.8209999999999997 0 -1.1440000000000001 0.8209999999999997 0 -1.1440000000000001 0.8710000000000004 0 -3.4939999999999998 0.8710000000000004 0 -3.4939999999999998 0.8209999999999997 1 -1.1440000000000001 0.8209999999999997 1 -1.1440000000000001 0.8710000000000004 1 -3.4939999999999998 0.8710000000000004 1 1.7560000000000002 0.8209999999999997 0 1.806000000000001 0.8209999999999997 0 1.806000000000001 0.8710000000000004 0 1.7560000000000002 0.8710000000000004 0 1.7560000000000002 0.8209999999999997 1 1.806000000000001 0.8209999999999997 1 1.806000000000001 0.8710000000000004 1 1.7560000000000002 0.8710000000000004 1 1.8559999999999999 0.8209999999999997 0 2.106 0.8209999999999997 0 2.106 0.8710000000000004 0 1.8559999999999999 0.8710000000000004 0 1.8559999999999999 0.8209999999999997 1 2.106 0.8209999999999997 1 2.106 0.8710000000000004 1 1.8559999999999999 0.8710000000000004 1 -6.843999999999999 0.7710000000000008 0 -6.593999999999999 0.7710000000000008 0 -6.593999999999999 0.8209999999999997 0 -6.843999999999999 0.8209999999999997 0 -6.843999999999999 0.7710000000000008 1 -6.593999999999999 0.7710000000000008 1 -6.593999999999999 0.8209999999999997 1 -6.843999999999999 0.8209999999999997 1 -3.4939999999999998 0.7710000000000008 0 -1.0439999999999987 0.7710000000000008 0 -1.0439999999999987 0.8209999999999997 0 -3.4939999999999998 0.8209999999999997 0 -3.4939999999999998 0.7710000000000008 1 -1.0439999999999987 0.7710000000000008 1 -1.0439999999999987 0.8209999999999997 1 -3.4939999999999998 0.8209999999999997 1 1.8559999999999999 0.7710000000000008 0 2.2060000000000013 0.7710000000000008 0 2.2060000000000013 0.8209999999999997 0 1.8559999999999999 0.8209999999999997 0 1.8559999999999999 0.7710000000000008 1 2.2060000000000013 0.7710000000000008 1 2.2060000000000013 0.8209999999999997 1 1.8559999999999999 0.8209999999999997 1 -6.994 0.7210000000000001 0 -6.944 0.7210000000000001 0 -6.944 0.7710000000000008 0 -6.994 0.7710000000000008 0 -6.994 0.7210000000000001 1 -6.944 0.7210000000000001 1 -6.944 0.7710000000000008 1 -6.994 0.7710000000000008 1 -6.794 0.7210000000000001 0 -6.593999999999999 0.7210000000000001 0 -6.593999999999999 0.7710000000000008 0 -6.794 0.7710000000000008 0 -6.794 0.7210000000000001 1 -6.593999999999999 0.7210000000000001 1 -6.593999999999999 0.7710000000000008 1 -6.794 0.7710000000000008 1 -3.644 0.7210000000000001 0 -0.9939999999999998 0.7210000000000001 0 -0.9939999999999998 0.7710000000000008 0 -3.644 0.7710000000000008 0 -3.644 0.7210000000000001 1 -0.9939999999999998 0.7210000000000001 1 -0.9939999999999998 0.7710000000000008 1 -3.644 0.7710000000000008 1 1.9560000000000013 0.7210000000000001 0 2.2560000000000002 0.7210000000000001 0 2.2560000000000002 0.7710000000000008 0 1.9560000000000013 0.7710000000000008 0 1.9560000000000013 0.7210000000000001 1 2.2560000000000002 0.7210000000000001 1 2.2560000000000002 0.7710000000000008 1 1.9560000000000013 0.7710000000000008 1 -6.843999999999999 0.6709999999999994 0 -6.644 0.6709999999999994 0 -6.644 0.7210000000000001 0 -6.843999999999999 0.7210000000000001 0 -6.843999999999999 0.6709999999999994 1 -6.644 0.6709999999999994 1 -6.644 0.7210000000000001 1 -6.843999999999999 0.7210000000000001 1 -3.693999999999999 0.6709999999999994 0 -0.8940000000000001 0.6709999999999994 0 -0.8940000000000001 0.7210000000000001 0 -3.693999999999999 0.7210000000000001 0 -3.693999999999999 0.6709999999999994 1 -0.8940000000000001 0.6709999999999994 1 -0.8940000000000001 0.7210000000000001 1 -3.693999999999999 0.7210000000000001 1 1.9560000000000013 0.6709999999999994 0 2.0060000000000002 0.6709999999999994 0 2.0060000000000002 0.7210000000000001 0 1.9560000000000013 0.7210000000000001 0 1.9560000000000013 0.6709999999999994 1 2.0060000000000002 0.6709999999999994 1 2.0060000000000002 0.7210000000000001 1 1.9560000000000013 0.7210000000000001 1 2.056000000000001 0.6709999999999994 0 2.356 0.6709999999999994 0 2.356 0.7210000000000001 0 2.056000000000001 0.7210000000000001 0 2.056000000000001 0.6709999999999994 1 2.356 0.6709999999999994 1 2.356 0.7210000000000001 1 2.056000000000001 0.7210000000000001 1 -6.894 0.6210000000000004 0 -6.644 0.6210000000000004 0 -6.644 0.6709999999999994 0 -6.894 0.6709999999999994 0 -6.894 0.6210000000000004 1 -6.644 0.6210000000000004 1 -6.644 0.6709999999999994 1 -6.894 0.6709999999999994 1 -3.7439999999999998 0.6210000000000004 0 -0.7939999999999987 0.6210000000000004 0 -0.7939999999999987 0.6709999999999994 0 -3.7439999999999998 0.6709999999999994 0 -3.7439999999999998 0.6210000000000004 1 -0.7939999999999987 0.6210000000000004 1 -0.7939999999999987 0.6709999999999994 1 -3.7439999999999998 0.6709999999999994 1 2.056000000000001 0.6210000000000004 0 2.4060000000000006 0.6210000000000004 0 2.4060000000000006 0.6709999999999994 0 2.056000000000001 0.6709999999999994 0 2.056000000000001 0.6210000000000004 1 2.4060000000000006 0.6210000000000004 1 2.4060000000000006 0.6709999999999994 1 2.056000000000001 0.6709999999999994 1 -7.044 0.5709999999999997 0 -6.994 0.5709999999999997 0 -6.994 0.6210000000000004 0 -7.044 0.6210000000000004 0 -7.044 0.5709999999999997 1 -6.994 0.5709999999999997 1 -6.994 0.6210000000000004 1 -7.044 0.6210000000000004 1 -6.894 0.5709999999999997 0 -6.694 0.5709999999999997 0 -6.694 0.6210000000000004 0 -6.894 0.6210000000000004 0 -6.894 0.5709999999999997 1 -6.694 0.5709999999999997 1 -6.694 0.6210000000000004 1 -6.894 0.6210000000000004 1 -3.7939999999999987 0.5709999999999997 0 -0.6939999999999991 0.5709999999999997 0 -0.6939999999999991 0.6210000000000004 0 -3.7939999999999987 0.6210000000000004 0 -3.7939999999999987 0.5709999999999997 1 -0.6939999999999991 0.5709999999999997 1 -0.6939999999999991 0.6210000000000004 1 -3.7939999999999987 0.6210000000000004 1 2.1560000000000006 0.5709999999999997 0 2.2060000000000013 0.5709999999999997 0 2.2060000000000013 0.6210000000000004 0 2.1560000000000006 0.6210000000000004 0 2.1560000000000006 0.5709999999999997 1 2.2060000000000013 0.5709999999999997 1 2.2060000000000013 0.6210000000000004 1 2.1560000000000006 0.6210000000000004 1 2.2560000000000002 0.5709999999999997 0 2.556000000000001 0.5709999999999997 0 2.556000000000001 0.6210000000000004 0 2.2560000000000002 0.6210000000000004 0 2.2560000000000002 0.5709999999999997 1 2.556000000000001 0.5709999999999997 1 2.556000000000001 0.6210000000000004 1 2.2560000000000002 0.6210000000000004 1 -7.044 0.5210000000000008 0 -6.744 0.5210000000000008 0 -6.744 0.5709999999999997 0 -7.044 0.5709999999999997 0 -7.044 0.5210000000000008 1 -6.744 0.5210000000000008 1 -6.744 0.5709999999999997 1 -7.044 0.5709999999999997 1 -3.7939999999999987 0.5210000000000008 0 -0.6440000000000001 0.5210000000000008 0 -0.6440000000000001 0.5709999999999997 0 -3.7939999999999987 0.5709999999999997 0 -3.7939999999999987 0.5210000000000008 1 -0.6440000000000001 0.5210000000000008 1 -0.6440000000000001 0.5709999999999997 1 -3.7939999999999987 0.5709999999999997 1 1.806000000000001 0.5210000000000008 0 1.9060000000000006 0.5210000000000008 0 1.9060000000000006 0.5709999999999997 0 1.806000000000001 0.5709999999999997 0 1.806000000000001 0.5210000000000008 1 1.9060000000000006 0.5210000000000008 1 1.9060000000000006 0.5709999999999997 1 1.806000000000001 0.5709999999999997 1 2.106 0.5210000000000008 0 2.1560000000000006 0.5210000000000008 0 2.1560000000000006 0.5709999999999997 0 2.106 0.5709999999999997 0 2.106 0.5210000000000008 1 2.1560000000000006 0.5210000000000008 1 2.1560000000000006 0.5709999999999997 1 2.106 0.5709999999999997 1 2.2060000000000013 0.5210000000000008 0 2.2560000000000002 0.5210000000000008 0 2.2560000000000002 0.5709999999999997 0 2.2060000000000013 0.5709999999999997 0 2.2060000000000013 0.5210000000000008 1 2.2560000000000002 0.5210000000000008 1 2.2560000000000002 0.5709999999999997 1 2.2060000000000013 0.5709999999999997 1 2.306000000000001 0.5210000000000008 0 2.606 0.5210000000000008 0 2.606 0.5709999999999997 0 2.306000000000001 0.5709999999999997 0 2.306000000000001 0.5210000000000008 1 2.606 0.5210000000000008 1 2.606 0.5709999999999997 1 2.306000000000001 0.5709999999999997 1 -7.144 0.4710000000000001 0 -7.093999999999999 0.4710000000000001 0 -7.093999999999999 0.5210000000000008 0 -7.144 0.5210000000000008 0 -7.144 0.4710000000000001 1 -7.093999999999999 0.4710000000000001 1 -7.093999999999999 0.5210000000000008 1 -7.144 0.5210000000000008 1 -6.994 0.4710000000000001 0 -6.944 0.4710000000000001 0 -6.944 0.5210000000000008 0 -6.994 0.5210000000000008 0 -6.994 0.4710000000000001 1 -6.944 0.4710000000000001 1 -6.944 0.5210000000000008 1 -6.994 0.5210000000000008 1 -6.894 0.4710000000000001 0 -6.644 0.4710000000000001 0 -6.644 0.5210000000000008 0 -6.894 0.5210000000000008 0 -6.894 0.4710000000000001 1 -6.644 0.4710000000000001 1 -6.644 0.5210000000000008 1 -6.894 0.5210000000000008 1 -3.8439999999999994 0.4710000000000001 0 -0.5439999999999987 0.4710000000000001 0 -0.5439999999999987 0.5210000000000008 0 -3.8439999999999994 0.5210000000000008 0 -3.8439999999999994 0.4710000000000001 1 -0.5439999999999987 0.4710000000000001 1 -0.5439999999999987 0.5210000000000008 1 -3.8439999999999994 0.5210000000000008 1 1.806000000000001 0.4710000000000001 0 1.8559999999999999 0.4710000000000001 0 1.8559999999999999 0.5210000000000008 0 1.806000000000001 0.5210000000000008 0 1.806000000000001 0.4710000000000001 1 1.8559999999999999 0.4710000000000001 1 1.8559999999999999 0.5210000000000008 1 1.806000000000001 0.5210000000000008 1 2.306000000000001 0.4710000000000001 0 2.7060000000000013 0.4710000000000001 0 2.7060000000000013 0.5210000000000008 0 2.306000000000001 0.5210000000000008 0 2.306000000000001 0.4710000000000001 1 2.7060000000000013 0.4710000000000001 1 2.7060000000000013 0.5210000000000008 1 2.306000000000001 0.5210000000000008 1 -7.194 0.4209999999999994 0 -7.144 0.4209999999999994 0 -7.144 0.4710000000000001 0 -7.194 0.4710000000000001 0 -7.194 0.4209999999999994 1 -7.144 0.4209999999999994 1 -7.144 0.4710000000000001 1 -7.194 0.4710000000000001 1 -6.994 0.4209999999999994 0 -6.794 0.4209999999999994 0 -6.794 0.4710000000000001 0 -6.994 0.4710000000000001 0 -6.994 0.4209999999999994 1 -6.794 0.4209999999999994 1 -6.794 0.4710000000000001 1 -6.994 0.4710000000000001 1 -6.694 0.4209999999999994 0 -6.644 0.4209999999999994 0 -6.644 0.4710000000000001 0 -6.694 0.4710000000000001 0 -6.694 0.4209999999999994 1 -6.644 0.4209999999999994 1 -6.644 0.4710000000000001 1 -6.694 0.4710000000000001 1 -6.593999999999999 0.4209999999999994 0 -6.494 0.4209999999999994 0 -6.494 0.4710000000000001 0 -6.593999999999999 0.4710000000000001 0 -6.593999999999999 0.4209999999999994 1 -6.494 0.4209999999999994 1 -6.494 0.4710000000000001 1 -6.593999999999999 0.4710000000000001 1 -3.894 0.4209999999999994 0 -0.44399999999999906 0.4209999999999994 0 -0.44399999999999906 0.4710000000000001 0 -3.894 0.4710000000000001 0 -3.894 0.4209999999999994 1 -0.44399999999999906 0.4209999999999994 1 -0.44399999999999906 0.4710000000000001 1 -3.894 0.4710000000000001 1 1.7560000000000002 0.4209999999999994 0 1.9060000000000006 0.4209999999999994 0 1.9060000000000006 0.4710000000000001 0 1.7560000000000002 0.4710000000000001 0 1.7560000000000002 0.4209999999999994 1 1.9060000000000006 0.4209999999999994 1 1.9060000000000006 0.4710000000000001 1 1.7560000000000002 0.4710000000000001 1 2.4060000000000006 0.4209999999999994 0 2.756000000000002 0.4209999999999994 0 2.756000000000002 0.4710000000000001 0 2.4060000000000006 0.4710000000000001 0 2.4060000000000006 0.4209999999999994 1 2.756000000000002 0.4209999999999994 1 2.756000000000002 0.4710000000000001 1 2.4060000000000006 0.4710000000000001 1 -7.093999999999999 0.37100000000000044 0 -6.794 0.37100000000000044 0 -6.794 0.4209999999999994 0 -7.093999999999999 0.4209999999999994 0 -7.093999999999999 0.37100000000000044 1 -6.794 0.37100000000000044 1 -6.794 0.4209999999999994 1 -7.093999999999999 0.4209999999999994 1 -3.894 0.37100000000000044 0 -0.3439999999999994 0.37100000000000044 0 -0.3439999999999994 0.4209999999999994 0 -3.894 0.4209999999999994 0 -3.894 0.37100000000000044 1 -0.3439999999999994 0.37100000000000044 1 -0.3439999999999994 0.4209999999999994 1 -3.894 0.4209999999999994 1 1.7560000000000002 0.37100000000000044 0 1.8559999999999999 0.37100000000000044 0 1.8559999999999999 0.4209999999999994 0 1.7560000000000002 0.4209999999999994 0 1.7560000000000002 0.37100000000000044 1 1.8559999999999999 0.37100000000000044 1 1.8559999999999999 0.4209999999999994 1 1.7560000000000002 0.4209999999999994 1 2.4060000000000006 0.37100000000000044 0 2.9060000000000006 0.37100000000000044 0 2.9060000000000006 0.4209999999999994 0 2.4060000000000006 0.4209999999999994 0 2.4060000000000006 0.37100000000000044 1 2.9060000000000006 0.37100000000000044 1 2.9060000000000006 0.4209999999999994 1 2.4060000000000006 0.4209999999999994 1 -7.093999999999999 0.32099999999999973 0 -6.843999999999999 0.32099999999999973 0 -6.843999999999999 0.37100000000000044 0 -7.093999999999999 0.37100000000000044 0 -7.093999999999999 0.32099999999999973 1 -6.843999999999999 0.32099999999999973 1 -6.843999999999999 0.37100000000000044 1 -7.093999999999999 0.37100000000000044 1 -6.794 0.32099999999999973 0 -6.744 0.32099999999999973 0 -6.744 0.37100000000000044 0 -6.794 0.37100000000000044 0 -6.794 0.32099999999999973 1 -6.744 0.32099999999999973 1 -6.744 0.37100000000000044 1 -6.794 0.37100000000000044 1 -6.644 0.32099999999999973 0 -6.593999999999999 0.32099999999999973 0 -6.593999999999999 0.37100000000000044 0 -6.644 0.37100000000000044 0 -6.644 0.32099999999999973 1 -6.593999999999999 0.32099999999999973 1 -6.593999999999999 0.37100000000000044 1 -6.644 0.37100000000000044 1 -3.943999999999999 0.32099999999999973 0 -0.2939999999999987 0.32099999999999973 0 -0.2939999999999987 0.37100000000000044 0 -3.943999999999999 0.37100000000000044 0 -3.943999999999999 0.32099999999999973 1 -0.2939999999999987 0.32099999999999973 1 -0.2939999999999987 0.37100000000000044 1 -3.943999999999999 0.37100000000000044 1 1.7060000000000013 0.32099999999999973 0 1.806000000000001 0.32099999999999973 0 1.806000000000001 0.37100000000000044 0 1.7060000000000013 0.37100000000000044 0 1.7060000000000013 0.32099999999999973 1 1.806000000000001 0.32099999999999973 1 1.806000000000001 0.37100000000000044 1 1.7060000000000013 0.37100000000000044 1 2.5060000000000002 0.32099999999999973 0 2.9060000000000006 0.32099999999999973 0 2.9060000000000006 0.37100000000000044 0 2.5060000000000002 0.37100000000000044 0 2.5060000000000002 0.32099999999999973 1 2.9060000000000006 0.32099999999999973 1 2.9060000000000006 0.37100000000000044 1 2.5060000000000002 0.37100000000000044 1 -7.294 0.2710000000000008 0 -7.244 0.2710000000000008 0 -7.244 0.32099999999999973 0 -7.294 0.32099999999999973 0 -7.294 0.2710000000000008 1 -7.244 0.2710000000000008 1 -7.244 0.32099999999999973 1 -7.294 0.32099999999999973 1 -7.144 0.2710000000000008 0 -6.744 0.2710000000000008 0 -6.744 0.32099999999999973 0 -7.144 0.32099999999999973 0 -7.144 0.2710000000000008 1 -6.744 0.2710000000000008 1 -6.744 0.32099999999999973 1 -7.144 0.32099999999999973 1 -6.593999999999999 0.2710000000000008 0 -6.544 0.2710000000000008 0 -6.544 0.32099999999999973 0 -6.593999999999999 0.32099999999999973 0 -6.593999999999999 0.2710000000000008 1 -6.544 0.2710000000000008 1 -6.544 0.32099999999999973 1 -6.593999999999999 0.32099999999999973 1 -3.9939999999999998 0.2710000000000008 0 -0.19399999999999906 0.2710000000000008 0 -0.19399999999999906 0.32099999999999973 0 -3.9939999999999998 0.32099999999999973 0 -3.9939999999999998 0.2710000000000008 1 -0.19399999999999906 0.2710000000000008 1 -0.19399999999999906 0.32099999999999973 1 -3.9939999999999998 0.32099999999999973 1 -7.144 0.22100000000000009 0 -6.794 0.22100000000000009 0 -6.794 0.2710000000000008 0 -7.144 0.2710000000000008 0 -7.144 0.22100000000000009 1 -6.794 0.22100000000000009 1 -6.794 0.2710000000000008 1 -7.144 0.2710000000000008 1 -6.744 0.22100000000000009 0 -6.694 0.22100000000000009 0 -6.694 0.2710000000000008 0 -6.744 0.2710000000000008 0 -6.744 0.22100000000000009 1 -6.694 0.22100000000000009 1 -6.694 0.2710000000000008 1 -6.744 0.2710000000000008 1 -6.644 0.22100000000000009 0 -6.544 0.22100000000000009 0 -6.544 0.2710000000000008 0 -6.644 0.2710000000000008 0 -6.644 0.22100000000000009 1 -6.544 0.22100000000000009 1 -6.544 0.2710000000000008 1 -6.644 0.2710000000000008 1 -4.0440000000000005 0.22100000000000009 0 -0.09399999999999942 0.22100000000000009 0 -0.09399999999999942 0.2710000000000008 0 -4.0440000000000005 0.2710000000000008 0 -4.0440000000000005 0.22100000000000009 1 -0.09399999999999942 0.22100000000000009 1 -0.09399999999999942 0.2710000000000008 1 -4.0440000000000005 0.2710000000000008 1 -7.394 0.17099999999999937 0 -7.343999999999999 0.17099999999999937 0 -7.343999999999999 0.22100000000000009 0 -7.394 0.22100000000000009 0 -7.394 0.17099999999999937 1 -7.343999999999999 0.17099999999999937 1 -7.343999999999999 0.22100000000000009 1 -7.394 0.22100000000000009 1 -7.194 0.17099999999999937 0 -6.944 0.17099999999999937 0 -6.944 0.22100000000000009 0 -7.194 0.22100000000000009 0 -7.194 0.17099999999999937 1 -6.944 0.17099999999999937 1 -6.944 0.22100000000000009 1 -7.194 0.22100000000000009 1 -6.894 0.17099999999999937 0 -6.593999999999999 0.17099999999999937 0 -6.593999999999999 0.22100000000000009 0 -6.894 0.22100000000000009 0 -6.894 0.17099999999999937 1 -6.593999999999999 0.17099999999999937 1 -6.593999999999999 0.22100000000000009 1 -6.894 0.22100000000000009 1 -4.0440000000000005 0.17099999999999937 0 0.006000000000000227 0.17099999999999937 0 0.006000000000000227 0.22100000000000009 0 -4.0440000000000005 0.22100000000000009 0 -4.0440000000000005 0.17099999999999937 1 0.006000000000000227 0.17099999999999937 1 0.006000000000000227 0.22100000000000009 1 -4.0440000000000005 0.22100000000000009 1 2.7060000000000013 0.17099999999999937 0 2.9060000000000006 0.17099999999999937 0 2.9060000000000006 0.32099999999999973 0 2.7060000000000013 0.32099999999999973 0 2.7060000000000013 0.17099999999999937 1 2.9060000000000006 0.17099999999999937 1 2.9060000000000006 0.32099999999999973 1 2.7060000000000013 0.32099999999999973 1 2.9560000000000013 0.17099999999999937 0 3.006000000000002 0.17099999999999937 0 3.006000000000002 0.22100000000000009 0 2.9560000000000013 0.22100000000000009 0 2.9560000000000013 0.17099999999999937 1 3.006000000000002 0.17099999999999937 1 3.006000000000002 0.22100000000000009 1 2.9560000000000013 0.22100000000000009 1 -7.194 0.12100000000000044 0 -6.894 0.12100000000000044 0 -6.894 0.17099999999999937 0 -7.194 0.17099999999999937 0 -7.194 0.12100000000000044 1 -6.894 0.12100000000000044 1 -6.894 0.17099999999999937 1 -7.194 0.17099999999999937 1 -6.843999999999999 0.12100000000000044 0 -6.794 0.12100000000000044 0 -6.794 0.17099999999999937 0 -6.843999999999999 0.17099999999999937 0 -6.843999999999999 0.12100000000000044 1 -6.794 0.12100000000000044 1 -6.794 0.17099999999999937 1 -6.843999999999999 0.17099999999999937 1 -4.093999999999999 0.12100000000000044 0 0.05600000000000094 0.12100000000000044 0 0.05600000000000094 0.17099999999999937 0 -4.093999999999999 0.17099999999999937 0 -4.093999999999999 0.12100000000000044 1 0.05600000000000094 0.12100000000000044 1 0.05600000000000094 0.17099999999999937 1 -4.093999999999999 0.17099999999999937 1 2.756000000000002 0.12100000000000044 0 2.9060000000000006 0.12100000000000044 0 2.9060000000000006 0.17099999999999937 0 2.756000000000002 0.17099999999999937 0 2.756000000000002 0.12100000000000044 1 2.9060000000000006 0.12100000000000044 1 2.9060000000000006 0.17099999999999937 1 2.756000000000002 0.17099999999999937 1 -7.294 0.07099999999999973 0 -7.244 0.07099999999999973 0 -7.244 0.12100000000000044 0 -7.294 0.12100000000000044 0 -7.294 0.07099999999999973 1 -7.244 0.07099999999999973 1 -7.244 0.12100000000000044 1 -7.294 0.12100000000000044 1 -7.194 0.07099999999999973 0 -6.994 0.07099999999999973 0 -6.994 0.12100000000000044 0 -7.194 0.12100000000000044 0 -7.194 0.07099999999999973 1 -6.994 0.07099999999999973 1 -6.994 0.12100000000000044 1 -7.194 0.12100000000000044 1 -6.744 0.07099999999999973 0 -6.694 0.07099999999999973 0 -6.694 0.12100000000000044 0 -6.744 0.12100000000000044 0 -6.744 0.07099999999999973 1 -6.694 0.07099999999999973 1 -6.694 0.12100000000000044 1 -6.744 0.12100000000000044 1 -4.144 0.07099999999999973 0 0.15600000000000058 0.07099999999999973 0 0.15600000000000058 0.12100000000000044 0 -4.144 0.12100000000000044 0 -4.144 0.07099999999999973 1 0.15600000000000058 0.07099999999999973 1 0.15600000000000058 0.12100000000000044 1 -4.144 0.12100000000000044 1 2.5060000000000002 0.07099999999999973 0 2.556000000000001 0.07099999999999973 0 2.556000000000001 0.12100000000000044 0 2.5060000000000002 0.12100000000000044 0 2.5060000000000002 0.07099999999999973 1 2.556000000000001 0.07099999999999973 1 2.556000000000001 0.12100000000000044 1 2.5060000000000002 0.12100000000000044 1 2.7060000000000013 0.07099999999999973 0 2.9060000000000006 0.07099999999999973 0 2.9060000000000006 0.12100000000000044 0 2.7060000000000013 0.12100000000000044 0 2.7060000000000013 0.07099999999999973 1 2.9060000000000006 0.07099999999999973 1 2.9060000000000006 0.12100000000000044 1 2.7060000000000013 0.12100000000000044 1 -7.244 0.021000000000000796 0 -6.994 0.021000000000000796 0 -6.994 0.07099999999999973 0 -7.244 0.07099999999999973 0 -7.244 0.021000000000000796 1 -6.994 0.021000000000000796 1 -6.994 0.07099999999999973 1 -7.244 0.07099999999999973 1 -4.144 0.021000000000000796 0 0.2560000000000002 0.021000000000000796 0 0.2560000000000002 0.07099999999999973 0 -4.144 0.07099999999999973 0 -4.144 0.021000000000000796 1 0.2560000000000002 0.021000000000000796 1 0.2560000000000002 0.07099999999999973 1 -4.144 0.07099999999999973 1 1.1560000000000006 0.021000000000000796 0 1.2060000000000013 0.021000000000000796 0 1.2060000000000013 0.12100000000000044 0 1.1560000000000006 0.12100000000000044 0 1.1560000000000006 0.021000000000000796 1 1.2060000000000013 0.021000000000000796 1 1.2060000000000013 0.12100000000000044 1 1.1560000000000006 0.12100000000000044 1 2.6560000000000006 0.021000000000000796 0 2.9060000000000006 0.021000000000000796 0 2.9060000000000006 0.07099999999999973 0 2.6560000000000006 0.07099999999999973 0 2.6560000000000006 0.021000000000000796 1 2.9060000000000006 0.021000000000000796 1 2.9060000000000006 0.07099999999999973 1 2.6560000000000006 0.07099999999999973 1 -7.394 -0.028999999999999915 0 -7.044 -0.028999999999999915 0 -7.044 0.021000000000000796 0 -7.394 0.021000000000000796 0 -7.394 -0.028999999999999915 1 -7.044 -0.028999999999999915 1 -7.044 0.021000000000000796 1 -7.394 0.021000000000000796 1 -4.193999999999999 -0.028999999999999915 0 0.35599999999999987 -0.028999999999999915 0 0.35599999999999987 0.021000000000000796 0 -4.193999999999999 0.021000000000000796 0 -4.193999999999999 -0.028999999999999915 1 0.35599999999999987 -0.028999999999999915 1 0.35599999999999987 0.021000000000000796 1 -4.193999999999999 0.021000000000000796 1 1.2060000000000013 -0.028999999999999915 0 1.2560000000000002 -0.028999999999999915 0 1.2560000000000002 0.021000000000000796 0 1.2060000000000013 0.021000000000000796 0 1.2060000000000013 -0.028999999999999915 1 1.2560000000000002 -0.028999999999999915 1 1.2560000000000002 0.021000000000000796 1 1.2060000000000013 0.021000000000000796 1 1.306000000000001 -0.028999999999999915 0 1.3559999999999999 -0.028999999999999915 0 1.3559999999999999 0.07099999999999973 0 1.306000000000001 0.07099999999999973 0 1.306000000000001 -0.028999999999999915 1 1.3559999999999999 -0.028999999999999915 1 1.3559999999999999 0.07099999999999973 1 1.306000000000001 0.07099999999999973 1 -7.294 -0.07900000000000063 0 -7.044 -0.07900000000000063 0 -7.044 -0.028999999999999915 0 -7.294 -0.028999999999999915 0 -7.294 -0.07900000000000063 1 -7.044 -0.07900000000000063 1 -7.044 -0.028999999999999915 1 -7.294 -0.028999999999999915 1 -6.894 -0.07900000000000063 0 -6.843999999999999 -0.07900000000000063 0 -6.843999999999999 -0.028999999999999915 0 -6.894 -0.028999999999999915 0 -6.894 -0.07900000000000063 1 -6.843999999999999 -0.07900000000000063 1 -6.843999999999999 -0.028999999999999915 1 -6.894 -0.028999999999999915 1 -6.794 -0.07900000000000063 0 -6.744 -0.07900000000000063 0 -6.744 0.021000000000000796 0 -6.794 0.021000000000000796 0 -6.794 -0.07900000000000063 1 -6.744 -0.07900000000000063 1 -6.744 0.021000000000000796 1 -6.794 0.021000000000000796 1 -4.193999999999999 -0.07900000000000063 0 0.4060000000000006 -0.07900000000000063 0 0.4060000000000006 -0.028999999999999915 0 -4.193999999999999 -0.028999999999999915 0 -4.193999999999999 -0.07900000000000063 1 0.4060000000000006 -0.07900000000000063 1 0.4060000000000006 -0.028999999999999915 1 -4.193999999999999 -0.028999999999999915 1 2.556000000000001 -0.07900000000000063 0 2.756000000000002 -0.07900000000000063 0 2.756000000000002 0.021000000000000796 0 2.556000000000001 0.021000000000000796 0 2.556000000000001 -0.07900000000000063 1 2.756000000000002 -0.07900000000000063 1 2.756000000000002 0.021000000000000796 1 2.556000000000001 0.021000000000000796 1 -7.494 -0.12899999999999956 0 -7.444 -0.12899999999999956 0 -7.444 -0.07900000000000063 0 -7.494 -0.07900000000000063 0 -7.494 -0.12899999999999956 1 -7.444 -0.12899999999999956 1 -7.444 -0.07900000000000063 1 -7.494 -0.07900000000000063 1 -7.343999999999999 -0.12899999999999956 0 -7.093999999999999 -0.12899999999999956 0 -7.093999999999999 -0.07900000000000063 0 -7.343999999999999 -0.07900000000000063 0 -7.343999999999999 -0.12899999999999956 1 -7.093999999999999 -0.12899999999999956 1 -7.093999999999999 -0.07900000000000063 1 -7.343999999999999 -0.07900000000000063 1 -4.193999999999999 -0.12899999999999956 0 0.5060000000000002 -0.12899999999999956 0 0.5060000000000002 -0.07900000000000063 0 -4.193999999999999 -0.07900000000000063 0 -4.193999999999999 -0.12899999999999956 1 0.5060000000000002 -0.12899999999999956 1 0.5060000000000002 -0.07900000000000063 1 -4.193999999999999 -0.07900000000000063 1 1.1560000000000006 -0.12899999999999956 0 1.2560000000000002 -0.12899999999999956 0 1.2560000000000002 -0.07900000000000063 0 1.1560000000000006 -0.07900000000000063 0 1.1560000000000006 -0.12899999999999956 1 1.2560000000000002 -0.12899999999999956 1 1.2560000000000002 -0.07900000000000063 1 1.1560000000000006 -0.07900000000000063 1 1.306000000000001 -0.12899999999999956 0 1.3559999999999999 -0.12899999999999956 0 1.3559999999999999 -0.07900000000000063 0 1.306000000000001 -0.07900000000000063 0 1.306000000000001 -0.12899999999999956 1 1.3559999999999999 -0.12899999999999956 1 1.3559999999999999 -0.07900000000000063 1 1.306000000000001 -0.07900000000000063 1 2.5060000000000002 -0.12899999999999956 0 2.756000000000002 -0.12899999999999956 0 2.756000000000002 -0.07900000000000063 0 2.5060000000000002 -0.07900000000000063 0 2.5060000000000002 -0.12899999999999956 1 2.756000000000002 -0.12899999999999956 1 2.756000000000002 -0.07900000000000063 1 2.5060000000000002 -0.07900000000000063 1 -7.394 -0.17900000000000027 0 -7.144 -0.17900000000000027 0 -7.144 -0.12899999999999956 0 -7.394 -0.12899999999999956 0 -7.394 -0.17900000000000027 1 -7.144 -0.17900000000000027 1 -7.144 -0.12899999999999956 1 -7.394 -0.12899999999999956 1 -4.244 -0.17900000000000027 0 0.6059999999999999 -0.17900000000000027 0 0.6059999999999999 -0.12899999999999956 0 -4.244 -0.12899999999999956 0 -4.244 -0.17900000000000027 1 0.6059999999999999 -0.17900000000000027 1 0.6059999999999999 -0.12899999999999956 1 -4.244 -0.12899999999999956 1 1.1059999999999999 -0.17900000000000027 0 1.2560000000000002 -0.17900000000000027 0 1.2560000000000002 -0.12899999999999956 0 1.1059999999999999 -0.12899999999999956 0 1.1059999999999999 -0.17900000000000027 1 1.2560000000000002 -0.17900000000000027 1 1.2560000000000002 -0.12899999999999956 1 1.1059999999999999 -0.12899999999999956 1 2.4560000000000013 -0.17900000000000027 0 2.6560000000000006 -0.17900000000000027 0 2.6560000000000006 -0.12899999999999956 0 2.4560000000000013 -0.12899999999999956 0 2.4560000000000013 -0.17900000000000027 1 2.6560000000000006 -0.17900000000000027 1 2.6560000000000006 -0.12899999999999956 1 2.4560000000000013 -0.12899999999999956 1 -7.494 -0.2289999999999992 0 -7.144 -0.2289999999999992 0 -7.144 -0.17900000000000027 0 -7.494 -0.17900000000000027 0 -7.494 -0.2289999999999992 1 -7.144 -0.2289999999999992 1 -7.144 -0.17900000000000027 1 -7.494 -0.17900000000000027 1 -5.193999999999999 -0.2289999999999992 0 -5.144 -0.2289999999999992 0 -5.144 -0.17900000000000027 0 -5.193999999999999 -0.17900000000000027 0 -5.193999999999999 -0.2289999999999992 1 -5.144 -0.2289999999999992 1 -5.144 -0.17900000000000027 1 -5.193999999999999 -0.17900000000000027 1 -4.244 -0.2289999999999992 0 0.7060000000000013 -0.2289999999999992 0 0.7060000000000013 -0.17900000000000027 0 -4.244 -0.17900000000000027 0 -4.244 -0.2289999999999992 1 0.7060000000000013 -0.2289999999999992 1 0.7060000000000013 -0.17900000000000027 1 -4.244 -0.17900000000000027 1 1.1560000000000006 -0.2289999999999992 0 1.2560000000000002 -0.2289999999999992 0 1.2560000000000002 -0.17900000000000027 0 1.1560000000000006 -0.17900000000000027 0 1.1560000000000006 -0.2289999999999992 1 1.2560000000000002 -0.2289999999999992 1 1.2560000000000002 -0.17900000000000027 1 1.1560000000000006 -0.17900000000000027 1 1.3559999999999999 -0.2289999999999992 0 1.4060000000000006 -0.2289999999999992 0 1.4060000000000006 -0.12899999999999956 0 1.3559999999999999 -0.12899999999999956 0 1.3559999999999999 -0.2289999999999992 1 1.4060000000000006 -0.2289999999999992 1 1.4060000000000006 -0.12899999999999956 1 1.3559999999999999 -0.12899999999999956 1 2.4060000000000006 -0.2289999999999992 0 2.6560000000000006 -0.2289999999999992 0 2.6560000000000006 -0.17900000000000027 0 2.4060000000000006 -0.17900000000000027 0 2.4060000000000006 -0.2289999999999992 1 2.6560000000000006 -0.2289999999999992 1 2.6560000000000006 -0.17900000000000027 1 2.4060000000000006 -0.17900000000000027 1 -7.794 -0.2789999999999999 0 -7.744 -0.2789999999999999 0 -7.744 -0.2289999999999992 0 -7.794 -0.2289999999999992 0 -7.794 -0.2789999999999999 1 -7.744 -0.2789999999999999 1 -7.744 -0.2289999999999992 1 -7.794 -0.2289999999999992 1 -7.494 -0.2789999999999999 0 -7.194 -0.2789999999999999 0 -7.194 -0.2289999999999992 0 -7.494 -0.2289999999999992 0 -7.494 -0.2789999999999999 1 -7.194 -0.2789999999999999 1 -7.194 -0.2289999999999992 1 -7.494 -0.2289999999999992 1 -5.244 -0.2789999999999999 0 -5.193999999999999 -0.2789999999999999 0 -5.193999999999999 -0.2289999999999992 0 -5.244 -0.2289999999999992 0 -5.244 -0.2789999999999999 1 -5.193999999999999 -0.2789999999999999 1 -5.193999999999999 -0.2289999999999992 1 -5.244 -0.2289999999999992 1 -4.144 -0.2789999999999999 0 0.7560000000000002 -0.2789999999999999 0 0.7560000000000002 -0.2289999999999992 0 -4.144 -0.2289999999999992 0 -4.144 -0.2789999999999999 1 0.7560000000000002 -0.2789999999999999 1 0.7560000000000002 -0.2289999999999992 1 -4.144 -0.2289999999999992 1 1.1560000000000006 -0.2789999999999999 0 1.2060000000000013 -0.2789999999999999 0 1.2060000000000013 -0.2289999999999992 0 1.1560000000000006 -0.2289999999999992 0 1.1560000000000006 -0.2789999999999999 1 1.2060000000000013 -0.2789999999999999 1 1.2060000000000013 -0.2289999999999992 1 1.1560000000000006 -0.2289999999999992 1 2.306000000000001 -0.2789999999999999 0 2.606 -0.2789999999999999 0 2.606 -0.2289999999999992 0 2.306000000000001 -0.2289999999999992 0 2.306000000000001 -0.2789999999999999 1 2.606 -0.2789999999999999 1 2.606 -0.2289999999999992 1 2.306000000000001 -0.2289999999999992 1 -8.294 -0.3290000000000006 0 -8.244 -0.3290000000000006 0 -8.244 -0.2789999999999999 0 -8.294 -0.2789999999999999 0 -8.294 -0.3290000000000006 1 -8.244 -0.3290000000000006 1 -8.244 -0.2789999999999999 1 -8.294 -0.2789999999999999 1 -7.744 -0.3290000000000006 0 -7.694 -0.3290000000000006 0 -7.694 -0.2789999999999999 0 -7.744 -0.2789999999999999 0 -7.744 -0.3290000000000006 1 -7.694 -0.3290000000000006 1 -7.694 -0.2789999999999999 1 -7.744 -0.2789999999999999 1 -7.494 -0.3290000000000006 0 -7.244 -0.3290000000000006 0 -7.244 -0.2789999999999999 0 -7.494 -0.2789999999999999 0 -7.494 -0.3290000000000006 1 -7.244 -0.3290000000000006 1 -7.244 -0.2789999999999999 1 -7.494 -0.2789999999999999 1 -4.0440000000000005 -0.3290000000000006 0 0.8559999999999999 -0.3290000000000006 0 0.8559999999999999 -0.2789999999999999 0 -4.0440000000000005 -0.2789999999999999 0 -4.0440000000000005 -0.3290000000000006 1 0.8559999999999999 -0.3290000000000006 1 0.8559999999999999 -0.2789999999999999 1 -4.0440000000000005 -0.2789999999999999 1 1.2060000000000013 -0.3290000000000006 0 1.2560000000000002 -0.3290000000000006 0 1.2560000000000002 -0.2789999999999999 0 1.2060000000000013 -0.2789999999999999 0 1.2060000000000013 -0.3290000000000006 1 1.2560000000000002 -0.3290000000000006 1 1.2560000000000002 -0.2789999999999999 1 1.2060000000000013 -0.2789999999999999 1 2.2560000000000002 -0.3290000000000006 0 2.306000000000001 -0.3290000000000006 0 2.306000000000001 -0.2789999999999999 0 2.2560000000000002 -0.2789999999999999 0 2.2560000000000002 -0.3290000000000006 1 2.306000000000001 -0.3290000000000006 1 2.306000000000001 -0.2789999999999999 1 2.2560000000000002 -0.2789999999999999 1 2.356 -0.3290000000000006 0 2.556000000000001 -0.3290000000000006 0 2.556000000000001 -0.2789999999999999 0 2.356 -0.2789999999999999 0 2.356 -0.3290000000000006 1 2.556000000000001 -0.3290000000000006 1 2.556000000000001 -0.2789999999999999 1 2.356 -0.2789999999999999 1 -7.593999999999999 -0.37899999999999956 0 -7.244 -0.37899999999999956 0 -7.244 -0.3290000000000006 0 -7.593999999999999 -0.3290000000000006 0 -7.593999999999999 -0.37899999999999956 1 -7.244 -0.37899999999999956 1 -7.244 -0.3290000000000006 1 -7.593999999999999 -0.3290000000000006 1 -3.943999999999999 -0.37899999999999956 0 0.9560000000000013 -0.37899999999999956 0 0.9560000000000013 -0.3290000000000006 0 -3.943999999999999 -0.3290000000000006 0 -3.943999999999999 -0.37899999999999956 1 0.9560000000000013 -0.37899999999999956 1 0.9560000000000013 -0.3290000000000006 1 -3.943999999999999 -0.3290000000000006 1 1.2060000000000013 -0.37899999999999956 0 1.4060000000000006 -0.37899999999999956 0 1.4060000000000006 -0.3290000000000006 0 1.2060000000000013 -0.3290000000000006 0 1.2060000000000013 -0.37899999999999956 1 1.4060000000000006 -0.37899999999999956 1 1.4060000000000006 -0.3290000000000006 1 1.2060000000000013 -0.3290000000000006 1 2.306000000000001 -0.37899999999999956 0 2.5060000000000002 -0.37899999999999956 0 2.5060000000000002 -0.3290000000000006 0 2.306000000000001 -0.3290000000000006 0 2.306000000000001 -0.37899999999999956 1 2.5060000000000002 -0.37899999999999956 1 2.5060000000000002 -0.3290000000000006 1 2.306000000000001 -0.3290000000000006 1 -7.794 -0.42900000000000027 0 -7.644 -0.42900000000000027 0 -7.644 -0.37899999999999956 0 -7.794 -0.37899999999999956 0 -7.794 -0.42900000000000027 1 -7.644 -0.42900000000000027 1 -7.644 -0.37899999999999956 1 -7.794 -0.37899999999999956 1 -7.593999999999999 -0.42900000000000027 0 -7.294 -0.42900000000000027 0 -7.294 -0.37899999999999956 0 -7.593999999999999 -0.37899999999999956 0 -7.593999999999999 -0.42900000000000027 1 -7.294 -0.42900000000000027 1 -7.294 -0.37899999999999956 1 -7.593999999999999 -0.37899999999999956 1 -5.394 -0.42900000000000027 0 -5.2940000000000005 -0.42900000000000027 0 -5.2940000000000005 -0.37899999999999956 0 -5.394 -0.37899999999999956 0 -5.394 -0.42900000000000027 1 -5.2940000000000005 -0.42900000000000027 1 -5.2940000000000005 -0.37899999999999956 1 -5.394 -0.37899999999999956 1 -3.8439999999999994 -0.42900000000000027 0 1.056000000000001 -0.42900000000000027 0 1.056000000000001 -0.37899999999999956 0 -3.8439999999999994 -0.37899999999999956 0 -3.8439999999999994 -0.42900000000000027 1 1.056000000000001 -0.42900000000000027 1 1.056000000000001 -0.37899999999999956 1 -3.8439999999999994 -0.37899999999999956 1 1.2560000000000002 -0.42900000000000027 0 1.3559999999999999 -0.42900000000000027 0 1.3559999999999999 -0.37899999999999956 0 1.2560000000000002 -0.37899999999999956 0 1.2560000000000002 -0.42900000000000027 1 1.3559999999999999 -0.42900000000000027 1 1.3559999999999999 -0.37899999999999956 1 1.2560000000000002 -0.37899999999999956 1 2.2560000000000002 -0.42900000000000027 0 2.5060000000000002 -0.42900000000000027 0 2.5060000000000002 -0.37899999999999956 0 2.2560000000000002 -0.37899999999999956 0 2.2560000000000002 -0.42900000000000027 1 2.5060000000000002 -0.42900000000000027 1 2.5060000000000002 -0.37899999999999956 1 2.2560000000000002 -0.37899999999999956 1 -8.044 -0.4789999999999992 0 -7.343999999999999 -0.4789999999999992 0 -7.343999999999999 -0.42900000000000027 0 -8.044 -0.42900000000000027 0 -8.044 -0.4789999999999992 1 -7.343999999999999 -0.4789999999999992 1 -7.343999999999999 -0.42900000000000027 1 -8.044 -0.42900000000000027 1 -5.394 -0.4789999999999992 0 -5.343999999999999 -0.4789999999999992 0 -5.343999999999999 -0.42900000000000027 0 -5.394 -0.42900000000000027 0 -5.394 -0.4789999999999992 1 -5.343999999999999 -0.4789999999999992 1 -5.343999999999999 -0.42900000000000027 1 -5.394 -0.42900000000000027 1 -3.7439999999999998 -0.4789999999999992 0 1.1059999999999999 -0.4789999999999992 0 1.1059999999999999 -0.42900000000000027 0 -3.7439999999999998 -0.42900000000000027 0 -3.7439999999999998 -0.4789999999999992 1 1.1059999999999999 -0.4789999999999992 1 1.1059999999999999 -0.42900000000000027 1 -3.7439999999999998 -0.42900000000000027 1 1.1560000000000006 -0.4789999999999992 0 1.4060000000000006 -0.4789999999999992 0 1.4060000000000006 -0.42900000000000027 0 1.1560000000000006 -0.42900000000000027 0 1.1560000000000006 -0.4789999999999992 1 1.4060000000000006 -0.4789999999999992 1 1.4060000000000006 -0.42900000000000027 1 1.1560000000000006 -0.42900000000000027 1 2.306000000000001 -0.4789999999999992 0 2.5060000000000002 -0.4789999999999992 0 2.5060000000000002 -0.42900000000000027 0 2.306000000000001 -0.42900000000000027 0 2.306000000000001 -0.4789999999999992 1 2.5060000000000002 -0.4789999999999992 1 2.5060000000000002 -0.42900000000000027 1 2.306000000000001 -0.42900000000000027 1 -8.094 -0.5289999999999999 0 -7.544 -0.5289999999999999 0 -7.544 -0.4789999999999992 0 -8.094 -0.4789999999999992 0 -8.094 -0.5289999999999999 1 -7.544 -0.5289999999999999 1 -7.544 -0.4789999999999992 1 -8.094 -0.4789999999999992 1 -7.444 -0.5289999999999999 0 -7.394 -0.5289999999999999 0 -7.394 -0.4789999999999992 0 -7.444 -0.4789999999999992 0 -7.444 -0.5289999999999999 1 -7.394 -0.5289999999999999 1 -7.394 -0.4789999999999992 1 -7.444 -0.4789999999999992 1 -3.644 -0.5289999999999999 0 1.4060000000000006 -0.5289999999999999 0 1.4060000000000006 -0.4789999999999992 0 -3.644 -0.4789999999999992 0 -3.644 -0.5289999999999999 1 1.4060000000000006 -0.5289999999999999 1 1.4060000000000006 -0.4789999999999992 1 -3.644 -0.4789999999999992 1 2.356 -0.5289999999999999 0 2.5060000000000002 -0.5289999999999999 0 2.5060000000000002 -0.4789999999999992 0 2.356 -0.4789999999999992 0 2.356 -0.5289999999999999 1 2.5060000000000002 -0.5289999999999999 1 2.5060000000000002 -0.4789999999999992 1 2.356 -0.4789999999999992 1 -8.443999999999999 -0.5790000000000006 0 -8.394 -0.5790000000000006 0 -8.394 -0.5289999999999999 0 -8.443999999999999 -0.5289999999999999 0 -8.443999999999999 -0.5790000000000006 1 -8.394 -0.5790000000000006 1 -8.394 -0.5289999999999999 1 -8.443999999999999 -0.5289999999999999 1 -8.294 -0.5790000000000006 0 -8.244 -0.5790000000000006 0 -8.244 -0.5289999999999999 0 -8.294 -0.5289999999999999 0 -8.294 -0.5790000000000006 1 -8.244 -0.5790000000000006 1 -8.244 -0.5289999999999999 1 -8.294 -0.5289999999999999 1 -8.094 -0.5790000000000006 0 -7.644 -0.5790000000000006 0 -7.644 -0.5289999999999999 0 -8.094 -0.5289999999999999 0 -8.094 -0.5790000000000006 1 -7.644 -0.5790000000000006 1 -7.644 -0.5289999999999999 1 -8.094 -0.5289999999999999 1 -3.5439999999999987 -0.5790000000000006 0 1.4060000000000006 -0.5790000000000006 0 1.4060000000000006 -0.5289999999999999 0 -3.5439999999999987 -0.5289999999999999 0 -3.5439999999999987 -0.5790000000000006 1 1.4060000000000006 -0.5790000000000006 1 1.4060000000000006 -0.5289999999999999 1 -3.5439999999999987 -0.5289999999999999 1 2.306000000000001 -0.5790000000000006 0 2.5060000000000002 -0.5790000000000006 0 2.5060000000000002 -0.5289999999999999 0 2.306000000000001 -0.5289999999999999 0 2.306000000000001 -0.5790000000000006 1 2.5060000000000002 -0.5790000000000006 1 2.5060000000000002 -0.5289999999999999 1 2.306000000000001 -0.5289999999999999 1 -8.094 -0.6289999999999996 0 -7.843999999999999 -0.6289999999999996 0 -7.843999999999999 -0.5790000000000006 0 -8.094 -0.5790000000000006 0 -8.094 -0.6289999999999996 1 -7.843999999999999 -0.6289999999999996 1 -7.843999999999999 -0.5790000000000006 1 -8.094 -0.5790000000000006 1 -7.794 -0.6289999999999996 0 -7.744 -0.6289999999999996 0 -7.744 -0.5790000000000006 0 -7.794 -0.5790000000000006 0 -7.794 -0.6289999999999996 1 -7.744 -0.6289999999999996 1 -7.744 -0.5790000000000006 1 -7.794 -0.5790000000000006 1 -7.694 -0.6289999999999996 0 -7.644 -0.6289999999999996 0 -7.644 -0.5790000000000006 0 -7.694 -0.5790000000000006 0 -7.694 -0.6289999999999996 1 -7.644 -0.6289999999999996 1 -7.644 -0.5790000000000006 1 -7.694 -0.5790000000000006 1 -3.443999999999999 -0.6289999999999996 0 1.4060000000000006 -0.6289999999999996 0 1.4060000000000006 -0.5790000000000006 0 -3.443999999999999 -0.5790000000000006 0 -3.443999999999999 -0.6289999999999996 1 1.4060000000000006 -0.6289999999999996 1 1.4060000000000006 -0.5790000000000006 1 -3.443999999999999 -0.5790000000000006 1 2.306000000000001 -0.6289999999999996 0 2.4560000000000013 -0.6289999999999996 0 2.4560000000000013 -0.5790000000000006 0 2.306000000000001 -0.5790000000000006 0 2.306000000000001 -0.6289999999999996 1 2.4560000000000013 -0.6289999999999996 1 2.4560000000000013 -0.5790000000000006 1 2.306000000000001 -0.5790000000000006 1 -8.244 -0.6790000000000003 0 -8.193999999999999 -0.6790000000000003 0 -8.193999999999999 -0.6289999999999996 0 -8.244 -0.6289999999999996 0 -8.244 -0.6790000000000003 1 -8.193999999999999 -0.6790000000000003 1 -8.193999999999999 -0.6289999999999996 1 -8.244 -0.6289999999999996 1 -8.144 -0.6790000000000003 0 -7.794 -0.6790000000000003 0 -7.794 -0.6289999999999996 0 -8.144 -0.6289999999999996 0 -8.144 -0.6790000000000003 1 -7.794 -0.6790000000000003 1 -7.794 -0.6289999999999996 1 -8.144 -0.6289999999999996 1 -3.3439999999999994 -0.6790000000000003 0 1.4560000000000013 -0.6790000000000003 0 1.4560000000000013 -0.6289999999999996 0 -3.3439999999999994 -0.6289999999999996 0 -3.3439999999999994 -0.6790000000000003 1 1.4560000000000013 -0.6790000000000003 1 1.4560000000000013 -0.6289999999999996 1 -3.3439999999999994 -0.6289999999999996 1 -8.144 -0.7289999999999992 0 -7.894 -0.7289999999999992 0 -7.894 -0.6790000000000003 0 -8.144 -0.6790000000000003 0 -8.144 -0.7289999999999992 1 -7.894 -0.7289999999999992 1 -7.894 -0.6790000000000003 1 -8.144 -0.6790000000000003 1 -3.2439999999999998 -0.7289999999999992 0 1.556000000000001 -0.7289999999999992 0 1.556000000000001 -0.6790000000000003 0 -3.2439999999999998 -0.6790000000000003 0 -3.2439999999999998 -0.7289999999999992 1 1.556000000000001 -0.7289999999999992 1 1.556000000000001 -0.6790000000000003 1 -3.2439999999999998 -0.6790000000000003 1 2.2060000000000013 -0.7289999999999992 0 2.4060000000000006 -0.7289999999999992 0 2.4060000000000006 -0.6289999999999996 0 2.2060000000000013 -0.6289999999999996 0 2.2060000000000013 -0.7289999999999992 1 2.4060000000000006 -0.7289999999999992 1 2.4060000000000006 -0.6289999999999996 1 2.2060000000000013 -0.6289999999999996 1 -8.594 -0.7789999999999999 0 -8.544 -0.7789999999999999 0 -8.544 -0.7289999999999992 0 -8.594 -0.7289999999999992 0 -8.594 -0.7789999999999999 1 -8.544 -0.7789999999999999 1 -8.544 -0.7289999999999992 1 -8.594 -0.7289999999999992 1 -8.394 -0.7789999999999999 0 -8.344 -0.7789999999999999 0 -8.344 -0.7289999999999992 0 -8.394 -0.7289999999999992 0 -8.394 -0.7789999999999999 1 -8.344 -0.7789999999999999 1 -8.344 -0.7289999999999992 1 -8.394 -0.7289999999999992 1 -8.193999999999999 -0.7789999999999999 0 -7.894 -0.7789999999999999 0 -7.894 -0.7289999999999992 0 -8.193999999999999 -0.7289999999999992 0 -8.193999999999999 -0.7789999999999999 1 -7.894 -0.7789999999999999 1 -7.894 -0.7289999999999992 1 -8.193999999999999 -0.7289999999999992 1 -3.193999999999999 -0.7789999999999999 0 1.6560000000000006 -0.7789999999999999 0 1.6560000000000006 -0.7289999999999992 0 -3.193999999999999 -0.7289999999999992 0 -3.193999999999999 -0.7789999999999999 1 1.6560000000000006 -0.7789999999999999 1 1.6560000000000006 -0.7289999999999992 1 -3.193999999999999 -0.7289999999999992 1 2.2060000000000013 -0.7789999999999999 0 2.356 -0.7789999999999999 0 2.356 -0.7289999999999992 0 2.2060000000000013 -0.7289999999999992 0 2.2060000000000013 -0.7789999999999999 1 2.356 -0.7789999999999999 1 2.356 -0.7289999999999992 1 2.2060000000000013 -0.7289999999999992 1 -8.294 -0.8290000000000006 0 -7.894 -0.8290000000000006 0 -7.894 -0.7789999999999999 0 -8.294 -0.7789999999999999 0 -8.294 -0.8290000000000006 1 -7.894 -0.8290000000000006 1 -7.894 -0.7789999999999999 1 -8.294 -0.7789999999999999 1 -3.0939999999999994 -0.8290000000000006 0 1.7560000000000002 -0.8290000000000006 0 1.7560000000000002 -0.7789999999999999 0 -3.0939999999999994 -0.7789999999999999 0 -3.0939999999999994 -0.8290000000000006 1 1.7560000000000002 -0.8290000000000006 1 1.7560000000000002 -0.7789999999999999 1 -3.0939999999999994 -0.7789999999999999 1 2.1560000000000006 -0.8290000000000006 0 2.306000000000001 -0.8290000000000006 0 2.306000000000001 -0.7789999999999999 0 2.1560000000000006 -0.7789999999999999 0 2.1560000000000006 -0.8290000000000006 1 2.306000000000001 -0.8290000000000006 1 2.306000000000001 -0.7789999999999999 1 2.1560000000000006 -0.7789999999999999 1 -8.344 -0.8789999999999996 0 -8.044 -0.8789999999999996 0 -8.044 -0.8290000000000006 0 -8.344 -0.8290000000000006 0 -8.344 -0.8789999999999996 1 -8.044 -0.8789999999999996 1 -8.044 -0.8290000000000006 1 -8.344 -0.8290000000000006 1 -2.9939999999999998 -0.8789999999999996 0 1.806000000000001 -0.8789999999999996 0 1.806000000000001 -0.8290000000000006 0 -2.9939999999999998 -0.8290000000000006 0 -2.9939999999999998 -0.8789999999999996 1 1.806000000000001 -0.8789999999999996 1 1.806000000000001 -0.8290000000000006 1 -2.9939999999999998 -0.8290000000000006 1 2.106 -0.8789999999999996 0 2.306000000000001 -0.8789999999999996 0 2.306000000000001 -0.8290000000000006 0 2.106 -0.8290000000000006 0 2.106 -0.8789999999999996 1 2.306000000000001 -0.8789999999999996 1 2.306000000000001 -0.8290000000000006 1 2.106 -0.8290000000000006 1 -8.544 -0.9290000000000003 0 -8.494 -0.9290000000000003 0 -8.494 -0.8290000000000006 0 -8.544 -0.8290000000000006 0 -8.544 -0.9290000000000003 1 -8.494 -0.9290000000000003 1 -8.494 -0.8290000000000006 1 -8.544 -0.8290000000000006 1 -8.394 -0.9290000000000003 0 -8.344 -0.9290000000000003 0 -8.344 -0.8789999999999996 0 -8.394 -0.8789999999999996 0 -8.394 -0.9290000000000003 1 -8.344 -0.9290000000000003 1 -8.344 -0.8789999999999996 1 -8.394 -0.8789999999999996 1 -8.294 -0.9290000000000003 0 -8.044 -0.9290000000000003 0 -8.044 -0.8789999999999996 0 -8.294 -0.8789999999999996 0 -8.294 -0.9290000000000003 1 -8.044 -0.9290000000000003 1 -8.044 -0.8789999999999996 1 -8.294 -0.8789999999999996 1 -2.894 -0.9290000000000003 0 1.9060000000000006 -0.9290000000000003 0 1.9060000000000006 -0.8789999999999996 0 -2.894 -0.8789999999999996 0 -2.894 -0.9290000000000003 1 1.9060000000000006 -0.9290000000000003 1 1.9060000000000006 -0.8789999999999996 1 -2.894 -0.8789999999999996 1 2.056000000000001 -0.9290000000000003 0 2.306000000000001 -0.9290000000000003 0 2.306000000000001 -0.8789999999999996 0 2.056000000000001 -0.8789999999999996 0 2.056000000000001 -0.9290000000000003 1 2.306000000000001 -0.9290000000000003 1 2.306000000000001 -0.8789999999999996 1 2.056000000000001 -0.8789999999999996 1 -8.744 -0.9789999999999992 0 -8.693999999999999 -0.9789999999999992 0 -8.693999999999999 -0.9290000000000003 0 -8.744 -0.9290000000000003 0 -8.744 -0.9789999999999992 1 -8.693999999999999 -0.9789999999999992 1 -8.693999999999999 -0.9290000000000003 1 -8.744 -0.9290000000000003 1 -8.544 -0.9789999999999992 0 -8.094 -0.9789999999999992 0 -8.094 -0.9290000000000003 0 -8.544 -0.9290000000000003 0 -8.544 -0.9789999999999992 1 -8.094 -0.9789999999999992 1 -8.094 -0.9290000000000003 1 -8.544 -0.9290000000000003 1 -2.7939999999999987 -0.9789999999999992 0 2.0060000000000002 -0.9789999999999992 0 2.0060000000000002 -0.9290000000000003 0 -2.7939999999999987 -0.9290000000000003 0 -2.7939999999999987 -0.9789999999999992 1 2.0060000000000002 -0.9789999999999992 1 2.0060000000000002 -0.9290000000000003 1 -2.7939999999999987 -0.9290000000000003 1 2.056000000000001 -0.9789999999999992 0 2.2560000000000002 -0.9789999999999992 0 2.2560000000000002 -0.9290000000000003 0 2.056000000000001 -0.9290000000000003 0 2.056000000000001 -0.9789999999999992 1 2.2560000000000002 -0.9789999999999992 1 2.2560000000000002 -0.9290000000000003 1 2.056000000000001 -0.9290000000000003 1 3.256000000000002 -0.9789999999999992 0 3.305999999999999 -0.9789999999999992 0 3.305999999999999 -0.9290000000000003 0 3.256000000000002 -0.9290000000000003 0 3.256000000000002 -0.9789999999999992 1 3.305999999999999 -0.9789999999999992 1 3.305999999999999 -0.9290000000000003 1 3.256000000000002 -0.9290000000000003 1 -8.594 -1.029 0 -8.094 -1.029 0 -8.094 -0.9789999999999992 0 -8.594 -0.9789999999999992 0 -8.594 -1.029 1 -8.094 -1.029 1 -8.094 -0.9789999999999992 1 -8.594 -0.9789999999999992 1 -2.693999999999999 -1.029 0 2.2060000000000013 -1.029 0 2.2060000000000013 -0.9789999999999992 0 -2.693999999999999 -0.9789999999999992 0 -2.693999999999999 -1.029 1 2.2060000000000013 -1.029 1 2.2060000000000013 -0.9789999999999992 1 -2.693999999999999 -0.9789999999999992 1 -8.644 -1.0790000000000006 0 -7.994 -1.0790000000000006 0 -7.994 -1.029 0 -8.644 -1.029 0 -8.644 -1.0790000000000006 1 -7.994 -1.0790000000000006 1 -7.994 -1.029 1 -8.644 -1.029 1 -2.5939999999999994 -1.0790000000000006 0 2.2060000000000013 -1.0790000000000006 0 2.2060000000000013 -1.029 0 -2.5939999999999994 -1.029 0 -2.5939999999999994 -1.0790000000000006 1 2.2060000000000013 -1.0790000000000006 1 2.2060000000000013 -1.029 1 -2.5939999999999994 -1.029 1 -8.644 -1.1289999999999996 0 -7.944 -1.1289999999999996 0 -7.944 -1.0790000000000006 0 -8.644 -1.0790000000000006 0 -8.644 -1.1289999999999996 1 -7.944 -1.1289999999999996 1 -7.944 -1.0790000000000006 1 -8.644 -1.0790000000000006 1 -2.4939999999999998 -1.1289999999999996 0 2.2060000000000013 -1.1289999999999996 0 2.2060000000000013 -1.0790000000000006 0 -2.4939999999999998 -1.0790000000000006 0 -2.4939999999999998 -1.1289999999999996 1 2.2060000000000013 -1.1289999999999996 1 2.2060000000000013 -1.0790000000000006 1 -2.4939999999999998 -1.0790000000000006 1 -8.644 -1.1790000000000003 0 -7.843999999999999 -1.1790000000000003 0 -7.843999999999999 -1.1289999999999996 0 -8.644 -1.1289999999999996 0 -8.644 -1.1790000000000003 1 -7.843999999999999 -1.1790000000000003 1 -7.843999999999999 -1.1289999999999996 1 -8.644 -1.1289999999999996 1 -6.994 -1.1790000000000003 0 -6.944 -1.1790000000000003 0 -6.944 -1.1289999999999996 0 -6.994 -1.1289999999999996 0 -6.994 -1.1790000000000003 1 -6.944 -1.1790000000000003 1 -6.944 -1.1289999999999996 1 -6.994 -1.1289999999999996 1 -2.394 -1.1790000000000003 0 2.2060000000000013 -1.1790000000000003 0 2.2060000000000013 -1.1289999999999996 0 -2.394 -1.1289999999999996 0 -2.394 -1.1790000000000003 1 2.2060000000000013 -1.1790000000000003 1 2.2060000000000013 -1.1289999999999996 1 -2.394 -1.1289999999999996 1 -8.644 -1.2289999999999992 0 -7.744 -1.2289999999999992 0 -7.744 -1.1790000000000003 0 -8.644 -1.1790000000000003 0 -8.644 -1.2289999999999992 1 -7.744 -1.2289999999999992 1 -7.744 -1.1790000000000003 1 -8.644 -1.1790000000000003 1 -7.194 -1.2289999999999992 0 -7.144 -1.2289999999999992 0 -7.144 -1.1790000000000003 0 -7.194 -1.1790000000000003 0 -7.194 -1.2289999999999992 1 -7.144 -1.2289999999999992 1 -7.144 -1.1790000000000003 1 -7.194 -1.1790000000000003 1 -7.093999999999999 -1.2289999999999992 0 -7.044 -1.2289999999999992 0 -7.044 -1.1790000000000003 0 -7.093999999999999 -1.1790000000000003 0 -7.093999999999999 -1.2289999999999992 1 -7.044 -1.2289999999999992 1 -7.044 -1.1790000000000003 1 -7.093999999999999 -1.1790000000000003 1 -2.2939999999999987 -1.2289999999999992 0 2.2060000000000013 -1.2289999999999992 0 2.2060000000000013 -1.1790000000000003 0 -2.2939999999999987 -1.1790000000000003 0 -2.2939999999999987 -1.2289999999999992 1 2.2060000000000013 -1.2289999999999992 1 2.2060000000000013 -1.1790000000000003 1 -2.2939999999999987 -1.1790000000000003 1 -8.693999999999999 -1.279 0 -7.694 -1.279 0 -7.694 -1.2289999999999992 0 -8.693999999999999 -1.2289999999999992 0 -8.693999999999999 -1.279 1 -7.694 -1.279 1 -7.694 -1.2289999999999992 1 -8.693999999999999 -1.2289999999999992 1 -7.144 -1.279 0 -7.093999999999999 -1.279 0 -7.093999999999999 -1.2289999999999992 0 -7.144 -1.2289999999999992 0 -7.144 -1.279 1 -7.093999999999999 -1.279 1 -7.093999999999999 -1.2289999999999992 1 -7.144 -1.2289999999999992 1 -6.994 -1.279 0 -6.944 -1.279 0 -6.944 -1.2289999999999992 0 -6.994 -1.2289999999999992 0 -6.994 -1.279 1 -6.944 -1.279 1 -6.944 -1.2289999999999992 1 -6.994 -1.2289999999999992 1 -2.193999999999999 -1.279 0 2.2060000000000013 -1.279 0 2.2060000000000013 -1.2289999999999992 0 -2.193999999999999 -1.2289999999999992 0 -2.193999999999999 -1.279 1 2.2060000000000013 -1.279 1 2.2060000000000013 -1.2289999999999992 1 -2.193999999999999 -1.2289999999999992 1 -8.644 -1.3290000000000006 0 -7.394 -1.3290000000000006 0 -7.394 -1.279 0 -8.644 -1.279 0 -8.644 -1.3290000000000006 1 -7.394 -1.3290000000000006 1 -7.394 -1.279 1 -8.644 -1.279 1 -7.093999999999999 -1.3290000000000006 0 -7.044 -1.3290000000000006 0 -7.044 -1.279 0 -7.093999999999999 -1.279 0 -7.093999999999999 -1.3290000000000006 1 -7.044 -1.3290000000000006 1 -7.044 -1.279 1 -7.093999999999999 -1.279 1 -6.994 -1.3290000000000006 0 -6.894 -1.3290000000000006 0 -6.894 -1.279 0 -6.994 -1.279 0 -6.994 -1.3290000000000006 1 -6.894 -1.3290000000000006 1 -6.894 -1.279 1 -6.994 -1.279 1 -2.0939999999999994 -1.3290000000000006 0 2.2060000000000013 -1.3290000000000006 0 2.2060000000000013 -1.279 0 -2.0939999999999994 -1.279 0 -2.0939999999999994 -1.3290000000000006 1 2.2060000000000013 -1.3290000000000006 1 2.2060000000000013 -1.279 1 -2.0939999999999994 -1.279 1 -8.693999999999999 -1.3789999999999996 0 -7.494 -1.3789999999999996 0 -7.494 -1.3290000000000006 0 -8.693999999999999 -1.3290000000000006 0 -8.693999999999999 -1.3789999999999996 1 -7.494 -1.3789999999999996 1 -7.494 -1.3290000000000006 1 -8.693999999999999 -1.3290000000000006 1 -7.444 -1.3789999999999996 0 -7.343999999999999 -1.3789999999999996 0 -7.343999999999999 -1.3290000000000006 0 -7.444 -1.3290000000000006 0 -7.444 -1.3789999999999996 1 -7.343999999999999 -1.3789999999999996 1 -7.343999999999999 -1.3290000000000006 1 -7.444 -1.3290000000000006 1 -2.0439999999999987 -1.3789999999999996 0 2.2060000000000013 -1.3789999999999996 0 2.2060000000000013 -1.3290000000000006 0 -2.0439999999999987 -1.3290000000000006 0 -2.0439999999999987 -1.3789999999999996 1 2.2060000000000013 -1.3789999999999996 1 2.2060000000000013 -1.3290000000000006 1 -2.0439999999999987 -1.3290000000000006 1 -8.744 -1.4290000000000003 0 -8.693999999999999 -1.4290000000000003 0 -8.693999999999999 -1.3789999999999996 0 -8.744 -1.3789999999999996 0 -8.744 -1.4290000000000003 1 -8.693999999999999 -1.4290000000000003 1 -8.693999999999999 -1.3789999999999996 1 -8.744 -1.3789999999999996 1 -8.644 -1.4290000000000003 0 -7.444 -1.4290000000000003 0 -7.444 -1.3789999999999996 0 -8.644 -1.3789999999999996 0 -8.644 -1.4290000000000003 1 -7.444 -1.4290000000000003 1 -7.444 -1.3789999999999996 1 -8.644 -1.3789999999999996 1 -7.394 -1.4290000000000003 0 -7.294 -1.4290000000000003 0 -7.294 -1.3789999999999996 0 -7.394 -1.3789999999999996 0 -7.394 -1.4290000000000003 1 -7.294 -1.4290000000000003 1 -7.294 -1.3789999999999996 1 -7.394 -1.3789999999999996 1 -1.943999999999999 -1.4290000000000003 0 2.2560000000000002 -1.4290000000000003 0 2.2560000000000002 -1.3789999999999996 0 -1.943999999999999 -1.3789999999999996 0 -1.943999999999999 -1.4290000000000003 1 2.2560000000000002 -1.4290000000000003 1 2.2560000000000002 -1.3789999999999996 1 -1.943999999999999 -1.3789999999999996 1 -8.644 -1.4789999999999992 0 -7.394 -1.4789999999999992 0 -7.394 -1.4290000000000003 0 -8.644 -1.4290000000000003 0 -8.644 -1.4789999999999992 1 -7.394 -1.4789999999999992 1 -7.394 -1.4290000000000003 1 -8.644 -1.4290000000000003 1 -1.8439999999999994 -1.4789999999999992 0 2.2560000000000002 -1.4789999999999992 0 2.2560000000000002 -1.4290000000000003 0 -1.8439999999999994 -1.4290000000000003 0 -1.8439999999999994 -1.4789999999999992 1 2.2560000000000002 -1.4789999999999992 1 2.2560000000000002 -1.4290000000000003 1 -1.8439999999999994 -1.4290000000000003 1 -8.644 -1.529 0 -7.294 -1.529 0 -7.294 -1.4789999999999992 0 -8.644 -1.4789999999999992 0 -8.644 -1.529 1 -7.294 -1.529 1 -7.294 -1.4789999999999992 1 -8.644 -1.4789999999999992 1 -1.7439999999999998 -1.529 0 2.2560000000000002 -1.529 0 2.2560000000000002 -1.4789999999999992 0 -1.7439999999999998 -1.4789999999999992 0 -1.7439999999999998 -1.529 1 2.2560000000000002 -1.529 1 2.2560000000000002 -1.4789999999999992 1 -1.7439999999999998 -1.4789999999999992 1 2.356 -1.529 0 2.4060000000000006 -1.529 0 2.4060000000000006 -1.4789999999999992 0 2.356 -1.4789999999999992 0 2.356 -1.529 1 2.4060000000000006 -1.529 1 2.4060000000000006 -1.4789999999999992 1 2.356 -1.4789999999999992 1 -8.744 -1.5790000000000006 0 -8.693999999999999 -1.5790000000000006 0 -8.693999999999999 -1.4789999999999992 0 -8.744 -1.4789999999999992 0 -8.744 -1.5790000000000006 1 -8.693999999999999 -1.5790000000000006 1 -8.693999999999999 -1.4789999999999992 1 -8.744 -1.4789999999999992 1 -8.644 -1.5790000000000006 0 -7.194 -1.5790000000000006 0 -7.194 -1.529 0 -8.644 -1.529 0 -8.644 -1.5790000000000006 1 -7.194 -1.5790000000000006 1 -7.194 -1.529 1 -8.644 -1.529 1 -1.6440000000000001 -1.5790000000000006 0 2.2560000000000002 -1.5790000000000006 0 2.2560000000000002 -1.529 0 -1.6440000000000001 -1.529 0 -1.6440000000000001 -1.5790000000000006 1 2.2560000000000002 -1.5790000000000006 1 2.2560000000000002 -1.529 1 -1.6440000000000001 -1.529 1 2.4060000000000006 -1.5790000000000006 0 2.5060000000000002 -1.5790000000000006 0 2.5060000000000002 -1.529 0 2.4060000000000006 -1.529 0 2.4060000000000006 -1.5790000000000006 1 2.5060000000000002 -1.5790000000000006 1 2.5060000000000002 -1.529 1 2.4060000000000006 -1.529 1 -9.094000000000001 -1.6289999999999996 0 -9.044 -1.6289999999999996 0 -9.044 -1.5790000000000006 0 -9.094000000000001 -1.5790000000000006 0 -9.094000000000001 -1.6289999999999996 1 -9.044 -1.6289999999999996 1 -9.044 -1.5790000000000006 1 -9.094000000000001 -1.5790000000000006 1 -8.744 -1.6289999999999996 0 -7.144 -1.6289999999999996 0 -7.144 -1.5790000000000006 0 -8.744 -1.5790000000000006 0 -8.744 -1.6289999999999996 1 -7.144 -1.6289999999999996 1 -7.144 -1.5790000000000006 1 -8.744 -1.5790000000000006 1 -1.5439999999999987 -1.6289999999999996 0 2.2560000000000002 -1.6289999999999996 0 2.2560000000000002 -1.5790000000000006 0 -1.5439999999999987 -1.5790000000000006 0 -1.5439999999999987 -1.6289999999999996 1 2.2560000000000002 -1.6289999999999996 1 2.2560000000000002 -1.5790000000000006 1 -1.5439999999999987 -1.5790000000000006 1 2.4560000000000013 -1.6289999999999996 0 2.606 -1.6289999999999996 0 2.606 -1.5790000000000006 0 2.4560000000000013 -1.5790000000000006 0 2.4560000000000013 -1.6289999999999996 1 2.606 -1.6289999999999996 1 2.606 -1.5790000000000006 1 2.4560000000000013 -1.5790000000000006 1 -8.894 -1.6790000000000003 0 -8.844000000000001 -1.6790000000000003 0 -8.844000000000001 -1.6289999999999996 0 -8.894 -1.6289999999999996 0 -8.894 -1.6790000000000003 1 -8.844000000000001 -1.6790000000000003 1 -8.844000000000001 -1.6289999999999996 1 -8.894 -1.6289999999999996 1 -8.744 -1.6790000000000003 0 -7.044 -1.6790000000000003 0 -7.044 -1.6289999999999996 0 -8.744 -1.6289999999999996 0 -8.744 -1.6790000000000003 1 -7.044 -1.6790000000000003 1 -7.044 -1.6289999999999996 1 -8.744 -1.6289999999999996 1 -1.443999999999999 -1.6790000000000003 0 2.2560000000000002 -1.6790000000000003 0 2.2560000000000002 -1.6289999999999996 0 -1.443999999999999 -1.6289999999999996 0 -1.443999999999999 -1.6790000000000003 1 2.2560000000000002 -1.6790000000000003 1 2.2560000000000002 -1.6289999999999996 1 -1.443999999999999 -1.6289999999999996 1 2.5060000000000002 -1.6790000000000003 0 2.805999999999999 -1.6790000000000003 0 2.805999999999999 -1.6289999999999996 0 2.5060000000000002 -1.6289999999999996 0 2.5060000000000002 -1.6790000000000003 1 2.805999999999999 -1.6790000000000003 1 2.805999999999999 -1.6289999999999996 1 2.5060000000000002 -1.6289999999999996 1 -8.794 -1.7289999999999992 0 -8.344 -1.7289999999999992 0 -8.344 -1.6790000000000003 0 -8.794 -1.6790000000000003 0 -8.794 -1.7289999999999992 1 -8.344 -1.7289999999999992 1 -8.344 -1.6790000000000003 1 -8.794 -1.6790000000000003 1 -8.193999999999999 -1.7289999999999992 0 -6.994 -1.7289999999999992 0 -6.994 -1.6790000000000003 0 -8.193999999999999 -1.6790000000000003 0 -8.193999999999999 -1.7289999999999992 1 -6.994 -1.7289999999999992 1 -6.994 -1.6790000000000003 1 -8.193999999999999 -1.6790000000000003 1 -1.3439999999999994 -1.7289999999999992 0 2.2560000000000002 -1.7289999999999992 0 2.2560000000000002 -1.6790000000000003 0 -1.3439999999999994 -1.6790000000000003 0 -1.3439999999999994 -1.7289999999999992 1 2.2560000000000002 -1.7289999999999992 1 2.2560000000000002 -1.6790000000000003 1 -1.3439999999999994 -1.6790000000000003 1 -8.844000000000001 -1.779 0 -8.294 -1.779 0 -8.294 -1.7289999999999992 0 -8.844000000000001 -1.7289999999999992 0 -8.844000000000001 -1.779 1 -8.294 -1.779 1 -8.294 -1.7289999999999992 1 -8.844000000000001 -1.7289999999999992 1 -8.144 -1.779 0 -6.894 -1.779 0 -6.894 -1.7289999999999992 0 -8.144 -1.7289999999999992 0 -8.144 -1.779 1 -6.894 -1.779 1 -6.894 -1.7289999999999992 1 -8.144 -1.7289999999999992 1 -1.2439999999999998 -1.779 0 2.2560000000000002 -1.779 0 2.2560000000000002 -1.7289999999999992 0 -1.2439999999999998 -1.7289999999999992 0 -1.2439999999999998 -1.779 1 2.2560000000000002 -1.779 1 2.2560000000000002 -1.7289999999999992 1 -1.2439999999999998 -1.7289999999999992 1 2.6560000000000006 -1.779 0 2.756000000000002 -1.779 0 2.756000000000002 -1.6790000000000003 0 2.6560000000000006 -1.6790000000000003 0 2.6560000000000006 -1.779 1 2.756000000000002 -1.779 1 2.756000000000002 -1.6790000000000003 1 2.6560000000000006 -1.6790000000000003 1 -8.844000000000001 -1.8290000000000006 0 -8.394 -1.8290000000000006 0 -8.394 -1.779 0 -8.844000000000001 -1.779 0 -8.844000000000001 -1.8290000000000006 1 -8.394 -1.8290000000000006 1 -8.394 -1.779 1 -8.844000000000001 -1.779 1 -8.044 -1.8290000000000006 0 -6.843999999999999 -1.8290000000000006 0 -6.843999999999999 -1.779 0 -8.044 -1.779 0 -8.044 -1.8290000000000006 1 -6.843999999999999 -1.8290000000000006 1 -6.843999999999999 -1.779 1 -8.044 -1.779 1 -1.1440000000000001 -1.8290000000000006 0 2.2060000000000013 -1.8290000000000006 0 2.2060000000000013 -1.779 0 -1.1440000000000001 -1.779 0 -1.1440000000000001 -1.8290000000000006 1 2.2060000000000013 -1.8290000000000006 1 2.2060000000000013 -1.779 1 -1.1440000000000001 -1.779 1 -8.844000000000001 -1.8789999999999996 0 -8.644 -1.8789999999999996 0 -8.644 -1.8290000000000006 0 -8.844000000000001 -1.8290000000000006 0 -8.844000000000001 -1.8789999999999996 1 -8.644 -1.8789999999999996 1 -8.644 -1.8290000000000006 1 -8.844000000000001 -1.8290000000000006 1 -8.594 -1.8789999999999996 0 -8.494 -1.8789999999999996 0 -8.494 -1.8290000000000006 0 -8.594 -1.8290000000000006 0 -8.594 -1.8789999999999996 1 -8.494 -1.8789999999999996 1 -8.494 -1.8290000000000006 1 -8.594 -1.8290000000000006 1 -7.994 -1.8789999999999996 0 -6.744 -1.8789999999999996 0 -6.744 -1.8290000000000006 0 -7.994 -1.8290000000000006 0 -7.994 -1.8789999999999996 1 -6.744 -1.8789999999999996 1 -6.744 -1.8290000000000006 1 -7.994 -1.8290000000000006 1 -1.0439999999999987 -1.8789999999999996 0 2.1560000000000006 -1.8789999999999996 0 2.1560000000000006 -1.8290000000000006 0 -1.0439999999999987 -1.8290000000000006 0 -1.0439999999999987 -1.8789999999999996 1 2.1560000000000006 -1.8789999999999996 1 2.1560000000000006 -1.8290000000000006 1 -1.0439999999999987 -1.8290000000000006 1 -8.894 -1.9290000000000003 0 -8.594 -1.9290000000000003 0 -8.594 -1.8789999999999996 0 -8.894 -1.8789999999999996 0 -8.894 -1.9290000000000003 1 -8.594 -1.9290000000000003 1 -8.594 -1.8789999999999996 1 -8.894 -1.8789999999999996 1 -8.544 -1.9290000000000003 0 -8.494 -1.9290000000000003 0 -8.494 -1.8789999999999996 0 -8.544 -1.8789999999999996 0 -8.544 -1.9290000000000003 1 -8.494 -1.9290000000000003 1 -8.494 -1.8789999999999996 1 -8.544 -1.8789999999999996 1 -7.894 -1.9290000000000003 0 -6.644 -1.9290000000000003 0 -6.644 -1.8789999999999996 0 -7.894 -1.8789999999999996 0 -7.894 -1.9290000000000003 1 -6.644 -1.9290000000000003 1 -6.644 -1.8789999999999996 1 -7.894 -1.8789999999999996 1 -0.9439999999999991 -1.9290000000000003 0 2.0060000000000002 -1.9290000000000003 0 2.0060000000000002 -1.8789999999999996 0 -0.9439999999999991 -1.8789999999999996 0 -0.9439999999999991 -1.9290000000000003 1 2.0060000000000002 -1.9290000000000003 1 2.0060000000000002 -1.8789999999999996 1 -0.9439999999999991 -1.8789999999999996 1 -8.943999999999999 -1.9789999999999992 0 -8.644 -1.9789999999999992 0 -8.644 -1.9290000000000003 0 -8.943999999999999 -1.9290000000000003 0 -8.943999999999999 -1.9789999999999992 1 -8.644 -1.9789999999999992 1 -8.644 -1.9290000000000003 1 -8.943999999999999 -1.9290000000000003 1 -7.794 -1.9789999999999992 0 -6.593999999999999 -1.9789999999999992 0 -6.593999999999999 -1.9290000000000003 0 -7.794 -1.9290000000000003 0 -7.794 -1.9789999999999992 1 -6.593999999999999 -1.9789999999999992 1 -6.593999999999999 -1.9290000000000003 1 -7.794 -1.9290000000000003 1 -0.8940000000000001 -1.9789999999999992 0 1.9560000000000013 -1.9789999999999992 0 1.9560000000000013 -1.9290000000000003 0 -0.8940000000000001 -1.9290000000000003 0 -0.8940000000000001 -1.9789999999999992 1 1.9560000000000013 -1.9789999999999992 1 1.9560000000000013 -1.9290000000000003 1 -0.8940000000000001 -1.9290000000000003 1 -8.994 -2.029 0 -8.494 -2.029 0 -8.494 -1.9789999999999992 0 -8.994 -1.9789999999999992 0 -8.994 -2.029 1 -8.494 -2.029 1 -8.494 -1.9789999999999992 1 -8.994 -1.9789999999999992 1 -7.744 -2.029 0 -6.494 -2.029 0 -6.494 -1.9789999999999992 0 -7.744 -1.9789999999999992 0 -7.744 -2.029 1 -6.494 -2.029 1 -6.494 -1.9789999999999992 1 -7.744 -1.9789999999999992 1 -0.7939999999999987 -2.029 0 1.9060000000000006 -2.029 0 1.9060000000000006 -1.9789999999999992 0 -0.7939999999999987 -1.9789999999999992 0 -0.7939999999999987 -2.029 1 1.9060000000000006 -2.029 1 1.9060000000000006 -1.9789999999999992 1 -0.7939999999999987 -1.9789999999999992 1 -9.044 -2.0790000000000006 0 -8.443999999999999 -2.0790000000000006 0 -8.443999999999999 -2.029 0 -9.044 -2.029 0 -9.044 -2.0790000000000006 1 -8.443999999999999 -2.0790000000000006 1 -8.443999999999999 -2.029 1 -9.044 -2.029 1 -7.644 -2.0790000000000006 0 -6.444 -2.0790000000000006 0 -6.444 -2.029 0 -7.644 -2.029 0 -7.644 -2.0790000000000006 1 -6.444 -2.0790000000000006 1 -6.444 -2.029 1 -7.644 -2.029 1 -0.6939999999999991 -2.0790000000000006 0 1.7560000000000002 -2.0790000000000006 0 1.7560000000000002 -2.029 0 -0.6939999999999991 -2.029 0 -0.6939999999999991 -2.0790000000000006 1 1.7560000000000002 -2.0790000000000006 1 1.7560000000000002 -2.029 1 -0.6939999999999991 -2.029 1 -9.094000000000001 -2.1289999999999996 0 -8.394 -2.1289999999999996 0 -8.394 -2.0790000000000006 0 -9.094000000000001 -2.0790000000000006 0 -9.094000000000001 -2.1289999999999996 1 -8.394 -2.1289999999999996 1 -8.394 -2.0790000000000006 1 -9.094000000000001 -2.0790000000000006 1 -7.593999999999999 -2.1289999999999996 0 -6.343999999999999 -2.1289999999999996 0 -6.343999999999999 -2.0790000000000006 0 -7.593999999999999 -2.0790000000000006 0 -7.593999999999999 -2.1289999999999996 1 -6.343999999999999 -2.1289999999999996 1 -6.343999999999999 -2.0790000000000006 1 -7.593999999999999 -2.0790000000000006 1 -0.5939999999999994 -2.1289999999999996 0 1.556000000000001 -2.1289999999999996 0 1.556000000000001 -2.0790000000000006 0 -0.5939999999999994 -2.0790000000000006 0 -0.5939999999999994 -2.1289999999999996 1 1.556000000000001 -2.1289999999999996 1 1.556000000000001 -2.0790000000000006 1 -0.5939999999999994 -2.0790000000000006 1 -9.094000000000001 -2.1790000000000003 0 -8.943999999999999 -2.1790000000000003 0 -8.943999999999999 -2.1289999999999996 0 -9.094000000000001 -2.1289999999999996 0 -9.094000000000001 -2.1790000000000003 1 -8.943999999999999 -2.1790000000000003 1 -8.943999999999999 -2.1289999999999996 1 -9.094000000000001 -2.1289999999999996 1 -7.494 -2.1790000000000003 0 -6.244 -2.1790000000000003 0 -6.244 -2.1289999999999996 0 -7.494 -2.1289999999999996 0 -7.494 -2.1790000000000003 1 -6.244 -2.1790000000000003 1 -6.244 -2.1289999999999996 1 -7.494 -2.1289999999999996 1 -0.4939999999999998 -2.1790000000000003 0 1.6059999999999999 -2.1790000000000003 0 1.6059999999999999 -2.1289999999999996 0 -0.4939999999999998 -2.1289999999999996 0 -0.4939999999999998 -2.1790000000000003 1 1.6059999999999999 -2.1790000000000003 1 1.6059999999999999 -2.1289999999999996 1 -0.4939999999999998 -2.1289999999999996 1 -9.144 -2.228999999999999 0 -8.943999999999999 -2.228999999999999 0 -8.943999999999999 -2.1790000000000003 0 -9.144 -2.1790000000000003 0 -9.144 -2.228999999999999 1 -8.943999999999999 -2.228999999999999 1 -8.943999999999999 -2.1790000000000003 1 -9.144 -2.1790000000000003 1 -8.894 -2.228999999999999 0 -8.294 -2.228999999999999 0 -8.294 -2.1289999999999996 0 -8.894 -2.1289999999999996 0 -8.894 -2.228999999999999 1 -8.294 -2.228999999999999 1 -8.294 -2.1289999999999996 1 -8.894 -2.1289999999999996 1 -7.444 -2.228999999999999 0 -6.194 -2.228999999999999 0 -6.194 -2.1790000000000003 0 -7.444 -2.1790000000000003 0 -7.444 -2.228999999999999 1 -6.194 -2.228999999999999 1 -6.194 -2.1790000000000003 1 -7.444 -2.1790000000000003 1 -1.5439999999999987 -2.228999999999999 0 -1.4939999999999998 -2.228999999999999 0 -1.4939999999999998 -2.1790000000000003 0 -1.5439999999999987 -2.1790000000000003 0 -1.5439999999999987 -2.228999999999999 1 -1.4939999999999998 -2.228999999999999 1 -1.4939999999999998 -2.1790000000000003 1 -1.5439999999999987 -2.1790000000000003 1 -0.39400000000000013 -2.228999999999999 0 1.6560000000000006 -2.228999999999999 0 1.6560000000000006 -2.1790000000000003 0 -0.39400000000000013 -2.1790000000000003 0 -0.39400000000000013 -2.228999999999999 1 1.6560000000000006 -2.228999999999999 1 1.6560000000000006 -2.1790000000000003 1 -0.39400000000000013 -2.1790000000000003 1 -9.144 -2.279 0 -8.693999999999999 -2.279 0 -8.693999999999999 -2.228999999999999 0 -9.144 -2.228999999999999 0 -9.144 -2.279 1 -8.693999999999999 -2.279 1 -8.693999999999999 -2.228999999999999 1 -9.144 -2.228999999999999 1 -8.594 -2.279 0 -8.244 -2.279 0 -8.244 -2.228999999999999 0 -8.594 -2.228999999999999 0 -8.594 -2.279 1 -8.244 -2.279 1 -8.244 -2.228999999999999 1 -8.594 -2.228999999999999 1 -7.343999999999999 -2.279 0 -6.093999999999999 -2.279 0 -6.093999999999999 -2.228999999999999 0 -7.343999999999999 -2.228999999999999 0 -7.343999999999999 -2.279 1 -6.093999999999999 -2.279 1 -6.093999999999999 -2.228999999999999 1 -7.343999999999999 -2.228999999999999 1 -1.443999999999999 -2.279 0 -1.3940000000000001 -2.279 0 -1.3940000000000001 -2.228999999999999 0 -1.443999999999999 -2.228999999999999 0 -1.443999999999999 -2.279 1 -1.3940000000000001 -2.279 1 -1.3940000000000001 -2.228999999999999 1 -1.443999999999999 -2.228999999999999 1 -0.2939999999999987 -2.279 0 1.7560000000000002 -2.279 0 1.7560000000000002 -2.228999999999999 0 -0.2939999999999987 -2.228999999999999 0 -0.2939999999999987 -2.279 1 1.7560000000000002 -2.279 1 1.7560000000000002 -2.228999999999999 1 -0.2939999999999987 -2.228999999999999 1 -9.244 -2.3290000000000006 0 -9.193999999999999 -2.3290000000000006 0 -9.193999999999999 -2.279 0 -9.244 -2.279 0 -9.244 -2.3290000000000006 1 -9.193999999999999 -2.3290000000000006 1 -9.193999999999999 -2.279 1 -9.244 -2.279 1 -9.144 -2.3290000000000006 0 -8.943999999999999 -2.3290000000000006 0 -8.943999999999999 -2.279 0 -9.144 -2.279 0 -9.144 -2.3290000000000006 1 -8.943999999999999 -2.3290000000000006 1 -8.943999999999999 -2.279 1 -9.144 -2.279 1 -8.894 -2.3290000000000006 0 -8.794 -2.3290000000000006 0 -8.794 -2.279 0 -8.894 -2.279 0 -8.894 -2.3290000000000006 1 -8.794 -2.3290000000000006 1 -8.794 -2.279 1 -8.894 -2.279 1 -8.744 -2.3290000000000006 0 -8.693999999999999 -2.3290000000000006 0 -8.693999999999999 -2.279 0 -8.744 -2.279 0 -8.744 -2.3290000000000006 1 -8.693999999999999 -2.3290000000000006 1 -8.693999999999999 -2.279 1 -8.744 -2.279 1 -8.544 -2.3290000000000006 0 -8.344 -2.3290000000000006 0 -8.344 -2.279 0 -8.544 -2.279 0 -8.544 -2.3290000000000006 1 -8.344 -2.3290000000000006 1 -8.344 -2.279 1 -8.544 -2.279 1 -7.244 -2.3290000000000006 0 -6.044 -2.3290000000000006 0 -6.044 -2.279 0 -7.244 -2.279 0 -7.244 -2.3290000000000006 1 -6.044 -2.3290000000000006 1 -6.044 -2.279 1 -7.244 -2.279 1 -0.19399999999999906 -2.3290000000000006 0 1.806000000000001 -2.3290000000000006 0 1.806000000000001 -2.279 0 -0.19399999999999906 -2.279 0 -0.19399999999999906 -2.3290000000000006 1 1.806000000000001 -2.3290000000000006 1 1.806000000000001 -2.279 1 -0.19399999999999906 -2.279 1 -8.943999999999999 -2.3789999999999996 0 -8.794 -2.3789999999999996 0 -8.794 -2.3290000000000006 0 -8.943999999999999 -2.3290000000000006 0 -8.943999999999999 -2.3789999999999996 1 -8.794 -2.3789999999999996 1 -8.794 -2.3290000000000006 1 -8.943999999999999 -2.3290000000000006 1 -8.443999999999999 -2.3789999999999996 0 -8.394 -2.3789999999999996 0 -8.394 -2.3290000000000006 0 -8.443999999999999 -2.3290000000000006 0 -8.443999999999999 -2.3789999999999996 1 -8.394 -2.3789999999999996 1 -8.394 -2.3290000000000006 1 -8.443999999999999 -2.3290000000000006 1 -7.593999999999999 -2.3789999999999996 0 -7.544 -2.3789999999999996 0 -7.544 -2.3290000000000006 0 -7.593999999999999 -2.3290000000000006 0 -7.593999999999999 -2.3789999999999996 1 -7.544 -2.3789999999999996 1 -7.544 -2.3290000000000006 1 -7.593999999999999 -2.3290000000000006 1 -7.194 -2.3789999999999996 0 -5.944 -2.3789999999999996 0 -5.944 -2.3290000000000006 0 -7.194 -2.3290000000000006 0 -7.194 -2.3789999999999996 1 -5.944 -2.3789999999999996 1 -5.944 -2.3290000000000006 1 -7.194 -2.3290000000000006 1 -0.09399999999999942 -2.3789999999999996 0 1.9060000000000006 -2.3789999999999996 0 1.9060000000000006 -2.3290000000000006 0 -0.09399999999999942 -2.3290000000000006 0 -0.09399999999999942 -2.3789999999999996 1 1.9060000000000006 -2.3789999999999996 1 1.9060000000000006 -2.3290000000000006 1 -0.09399999999999942 -2.3290000000000006 1 -9.794 -2.4290000000000003 0 -9.744 -2.4290000000000003 0 -9.744 -2.3789999999999996 0 -9.794 -2.3789999999999996 0 -9.794 -2.4290000000000003 1 -9.744 -2.4290000000000003 1 -9.744 -2.3789999999999996 1 -9.794 -2.3789999999999996 1 -9.193999999999999 -2.4290000000000003 0 -9.044 -2.4290000000000003 0 -9.044 -2.3290000000000006 0 -9.193999999999999 -2.3290000000000006 0 -9.193999999999999 -2.4290000000000003 1 -9.044 -2.4290000000000003 1 -9.044 -2.3290000000000006 1 -9.193999999999999 -2.3290000000000006 1 -8.994 -2.4290000000000003 0 -8.794 -2.4290000000000003 0 -8.794 -2.3789999999999996 0 -8.994 -2.3789999999999996 0 -8.994 -2.4290000000000003 1 -8.794 -2.4290000000000003 1 -8.794 -2.3789999999999996 1 -8.994 -2.3789999999999996 1 -8.644 -2.4290000000000003 0 -8.594 -2.4290000000000003 0 -8.594 -2.3789999999999996 0 -8.644 -2.3789999999999996 0 -8.644 -2.4290000000000003 1 -8.594 -2.4290000000000003 1 -8.594 -2.3789999999999996 1 -8.644 -2.3789999999999996 1 -8.544 -2.4290000000000003 0 -8.494 -2.4290000000000003 0 -8.494 -2.3789999999999996 0 -8.544 -2.3789999999999996 0 -8.544 -2.4290000000000003 1 -8.494 -2.4290000000000003 1 -8.494 -2.3789999999999996 1 -8.544 -2.3789999999999996 1 -8.394 -2.4290000000000003 0 -8.344 -2.4290000000000003 0 -8.344 -2.3789999999999996 0 -8.394 -2.3789999999999996 0 -8.394 -2.4290000000000003 1 -8.344 -2.4290000000000003 1 -8.344 -2.3789999999999996 1 -8.394 -2.3789999999999996 1 -7.694 -2.4290000000000003 0 -7.644 -2.4290000000000003 0 -7.644 -2.3789999999999996 0 -7.694 -2.3789999999999996 0 -7.694 -2.4290000000000003 1 -7.644 -2.4290000000000003 1 -7.644 -2.3789999999999996 1 -7.694 -2.3789999999999996 1 -7.544 -2.4290000000000003 0 -7.444 -2.4290000000000003 0 -7.444 -2.3789999999999996 0 -7.544 -2.3789999999999996 0 -7.544 -2.4290000000000003 1 -7.444 -2.4290000000000003 1 -7.444 -2.3789999999999996 1 -7.544 -2.3789999999999996 1 -7.144 -2.4290000000000003 0 -5.894 -2.4290000000000003 0 -5.894 -2.3789999999999996 0 -7.144 -2.3789999999999996 0 -7.144 -2.4290000000000003 1 -5.894 -2.4290000000000003 1 -5.894 -2.3789999999999996 1 -7.144 -2.3789999999999996 1 0.006000000000000227 -2.4290000000000003 0 1.9560000000000013 -2.4290000000000003 0 1.9560000000000013 -2.3789999999999996 0 0.006000000000000227 -2.3789999999999996 0 0.006000000000000227 -2.4290000000000003 1 1.9560000000000013 -2.4290000000000003 1 1.9560000000000013 -2.3789999999999996 1 0.006000000000000227 -2.3789999999999996 1 -9.244 -2.478999999999999 0 -9.044 -2.478999999999999 0 -9.044 -2.4290000000000003 0 -9.244 -2.4290000000000003 0 -9.244 -2.478999999999999 1 -9.044 -2.478999999999999 1 -9.044 -2.4290000000000003 1 -9.244 -2.4290000000000003 1 -8.994 -2.478999999999999 0 -8.943999999999999 -2.478999999999999 0 -8.943999999999999 -2.4290000000000003 0 -8.994 -2.4290000000000003 0 -8.994 -2.478999999999999 1 -8.943999999999999 -2.478999999999999 1 -8.943999999999999 -2.4290000000000003 1 -8.994 -2.4290000000000003 1 -8.494 -2.478999999999999 0 -8.443999999999999 -2.478999999999999 0 -8.443999999999999 -2.4290000000000003 0 -8.494 -2.4290000000000003 0 -8.494 -2.478999999999999 1 -8.443999999999999 -2.478999999999999 1 -8.443999999999999 -2.4290000000000003 1 -8.494 -2.4290000000000003 1 -7.744 -2.478999999999999 0 -7.694 -2.478999999999999 0 -7.694 -2.4290000000000003 0 -7.744 -2.4290000000000003 0 -7.744 -2.478999999999999 1 -7.694 -2.478999999999999 1 -7.694 -2.4290000000000003 1 -7.744 -2.4290000000000003 1 -7.644 -2.478999999999999 0 -7.444 -2.478999999999999 0 -7.444 -2.4290000000000003 0 -7.644 -2.4290000000000003 0 -7.644 -2.478999999999999 1 -7.444 -2.478999999999999 1 -7.444 -2.4290000000000003 1 -7.644 -2.4290000000000003 1 -7.194 -2.478999999999999 0 -7.144 -2.478999999999999 0 -7.144 -2.4290000000000003 0 -7.194 -2.4290000000000003 0 -7.194 -2.478999999999999 1 -7.144 -2.478999999999999 1 -7.144 -2.4290000000000003 1 -7.194 -2.4290000000000003 1 -7.044 -2.478999999999999 0 -5.794 -2.478999999999999 0 -5.794 -2.4290000000000003 0 -7.044 -2.4290000000000003 0 -7.044 -2.478999999999999 1 -5.794 -2.478999999999999 1 -5.794 -2.4290000000000003 1 -7.044 -2.4290000000000003 1 0.10599999999999987 -2.478999999999999 0 2.056000000000001 -2.478999999999999 0 2.056000000000001 -2.4290000000000003 0 0.10599999999999987 -2.4290000000000003 0 0.10599999999999987 -2.478999999999999 1 2.056000000000001 -2.478999999999999 1 2.056000000000001 -2.4290000000000003 1 0.10599999999999987 -2.4290000000000003 1 -9.344000000000001 -2.529 0 -8.994 -2.529 0 -8.994 -2.478999999999999 0 -9.344000000000001 -2.478999999999999 0 -9.344000000000001 -2.529 1 -8.994 -2.529 1 -8.994 -2.478999999999999 1 -9.344000000000001 -2.478999999999999 1 -8.744 -2.529 0 -8.693999999999999 -2.529 0 -8.693999999999999 -2.478999999999999 0 -8.744 -2.478999999999999 0 -8.744 -2.529 1 -8.693999999999999 -2.529 1 -8.693999999999999 -2.478999999999999 1 -8.744 -2.478999999999999 1 -8.644 -2.529 0 -8.443999999999999 -2.529 0 -8.443999999999999 -2.478999999999999 0 -8.644 -2.478999999999999 0 -8.644 -2.529 1 -8.443999999999999 -2.529 1 -8.443999999999999 -2.478999999999999 1 -8.644 -2.478999999999999 1 -8.394 -2.529 0 -8.344 -2.529 0 -8.344 -2.478999999999999 0 -8.394 -2.478999999999999 0 -8.394 -2.529 1 -8.344 -2.529 1 -8.344 -2.478999999999999 1 -8.394 -2.478999999999999 1 -7.944 -2.529 0 -7.794 -2.529 0 -7.794 -2.478999999999999 0 -7.944 -2.478999999999999 0 -7.944 -2.529 1 -7.794 -2.529 1 -7.794 -2.478999999999999 1 -7.944 -2.478999999999999 1 -7.593999999999999 -2.529 0 -7.444 -2.529 0 -7.444 -2.478999999999999 0 -7.593999999999999 -2.478999999999999 0 -7.593999999999999 -2.529 1 -7.444 -2.529 1 -7.444 -2.478999999999999 1 -7.593999999999999 -2.478999999999999 1 -7.144 -2.529 0 -7.093999999999999 -2.529 0 -7.093999999999999 -2.478999999999999 0 -7.144 -2.478999999999999 0 -7.144 -2.529 1 -7.093999999999999 -2.529 1 -7.093999999999999 -2.478999999999999 1 -7.144 -2.478999999999999 1 -7.044 -2.529 0 -6.994 -2.529 0 -6.994 -2.478999999999999 0 -7.044 -2.478999999999999 0 -7.044 -2.529 1 -6.994 -2.529 1 -6.994 -2.478999999999999 1 -7.044 -2.478999999999999 1 -6.944 -2.529 0 -5.694 -2.529 0 -5.694 -2.478999999999999 0 -6.944 -2.478999999999999 0 -6.944 -2.529 1 -5.694 -2.529 1 -5.694 -2.478999999999999 1 -6.944 -2.478999999999999 1 0.15600000000000058 -2.529 0 2.1560000000000006 -2.529 0 2.1560000000000006 -2.478999999999999 0 0.15600000000000058 -2.478999999999999 0 0.15600000000000058 -2.529 1 2.1560000000000006 -2.529 1 2.1560000000000006 -2.478999999999999 1 0.15600000000000058 -2.478999999999999 1 -9.294 -2.5790000000000006 0 -9.094000000000001 -2.5790000000000006 0 -9.094000000000001 -2.529 0 -9.294 -2.529 0 -9.294 -2.5790000000000006 1 -9.094000000000001 -2.5790000000000006 1 -9.094000000000001 -2.529 1 -9.294 -2.529 1 -8.844000000000001 -2.5790000000000006 0 -8.794 -2.5790000000000006 0 -8.794 -2.529 0 -8.844000000000001 -2.529 0 -8.844000000000001 -2.5790000000000006 1 -8.794 -2.5790000000000006 1 -8.794 -2.529 1 -8.844000000000001 -2.529 1 -8.693999999999999 -2.5790000000000006 0 -8.644 -2.5790000000000006 0 -8.644 -2.529 0 -8.693999999999999 -2.529 0 -8.693999999999999 -2.5790000000000006 1 -8.644 -2.5790000000000006 1 -8.644 -2.529 1 -8.693999999999999 -2.529 1 -8.594 -2.5790000000000006 0 -8.494 -2.5790000000000006 0 -8.494 -2.529 0 -8.594 -2.529 0 -8.594 -2.5790000000000006 1 -8.494 -2.5790000000000006 1 -8.494 -2.529 1 -8.594 -2.529 1 -7.894 -2.5790000000000006 0 -7.744 -2.5790000000000006 0 -7.744 -2.529 0 -7.894 -2.529 0 -7.894 -2.5790000000000006 1 -7.744 -2.5790000000000006 1 -7.744 -2.529 1 -7.894 -2.529 1 -7.544 -2.5790000000000006 0 -7.444 -2.5790000000000006 0 -7.444 -2.529 0 -7.544 -2.529 0 -7.544 -2.5790000000000006 1 -7.444 -2.5790000000000006 1 -7.444 -2.529 1 -7.544 -2.529 1 -7.093999999999999 -2.5790000000000006 0 -7.044 -2.5790000000000006 0 -7.044 -2.529 0 -7.093999999999999 -2.529 0 -7.093999999999999 -2.5790000000000006 1 -7.044 -2.5790000000000006 1 -7.044 -2.529 1 -7.093999999999999 -2.529 1 -6.843999999999999 -2.5790000000000006 0 -5.644 -2.5790000000000006 0 -5.644 -2.529 0 -6.843999999999999 -2.529 0 -6.843999999999999 -2.5790000000000006 1 -5.644 -2.5790000000000006 1 -5.644 -2.529 1 -6.843999999999999 -2.529 1 0.2560000000000002 -2.5790000000000006 0 2.2560000000000002 -2.5790000000000006 0 2.2560000000000002 -2.529 0 0.2560000000000002 -2.529 0 0.2560000000000002 -2.5790000000000006 1 2.2560000000000002 -2.5790000000000006 1 2.2560000000000002 -2.529 1 0.2560000000000002 -2.529 1 -9.344000000000001 -2.6289999999999996 0 -9.193999999999999 -2.6289999999999996 0 -9.193999999999999 -2.5790000000000006 0 -9.344000000000001 -2.5790000000000006 0 -9.344000000000001 -2.6289999999999996 1 -9.193999999999999 -2.6289999999999996 1 -9.193999999999999 -2.5790000000000006 1 -9.344000000000001 -2.5790000000000006 1 -9.044 -2.6289999999999996 0 -8.994 -2.6289999999999996 0 -8.994 -2.5790000000000006 0 -9.044 -2.5790000000000006 0 -9.044 -2.6289999999999996 1 -8.994 -2.6289999999999996 1 -8.994 -2.5790000000000006 1 -9.044 -2.5790000000000006 1 -8.943999999999999 -2.6289999999999996 0 -8.794 -2.6289999999999996 0 -8.794 -2.5790000000000006 0 -8.943999999999999 -2.5790000000000006 0 -8.943999999999999 -2.6289999999999996 1 -8.794 -2.6289999999999996 1 -8.794 -2.5790000000000006 1 -8.943999999999999 -2.5790000000000006 1 -8.693999999999999 -2.6289999999999996 0 -8.544 -2.6289999999999996 0 -8.544 -2.5790000000000006 0 -8.693999999999999 -2.5790000000000006 0 -8.693999999999999 -2.6289999999999996 1 -8.544 -2.6289999999999996 1 -8.544 -2.5790000000000006 1 -8.693999999999999 -2.5790000000000006 1 -8.494 -2.6289999999999996 0 -8.443999999999999 -2.6289999999999996 0 -8.443999999999999 -2.5790000000000006 0 -8.494 -2.5790000000000006 0 -8.494 -2.6289999999999996 1 -8.443999999999999 -2.6289999999999996 1 -8.443999999999999 -2.5790000000000006 1 -8.494 -2.5790000000000006 1 -7.894 -2.6289999999999996 0 -7.694 -2.6289999999999996 0 -7.694 -2.5790000000000006 0 -7.894 -2.5790000000000006 0 -7.894 -2.6289999999999996 1 -7.694 -2.6289999999999996 1 -7.694 -2.5790000000000006 1 -7.894 -2.5790000000000006 1 -7.644 -2.6289999999999996 0 -7.544 -2.6289999999999996 0 -7.544 -2.5790000000000006 0 -7.644 -2.5790000000000006 0 -7.644 -2.6289999999999996 1 -7.544 -2.6289999999999996 1 -7.544 -2.5790000000000006 1 -7.644 -2.5790000000000006 1 -7.444 -2.6289999999999996 0 -7.394 -2.6289999999999996 0 -7.394 -2.5790000000000006 0 -7.444 -2.5790000000000006 0 -7.444 -2.6289999999999996 1 -7.394 -2.6289999999999996 1 -7.394 -2.5790000000000006 1 -7.444 -2.5790000000000006 1 -7.194 -2.6289999999999996 0 -7.044 -2.6289999999999996 0 -7.044 -2.5790000000000006 0 -7.194 -2.5790000000000006 0 -7.194 -2.6289999999999996 1 -7.044 -2.6289999999999996 1 -7.044 -2.5790000000000006 1 -7.194 -2.5790000000000006 1 -6.794 -2.6289999999999996 0 -5.544 -2.6289999999999996 0 -5.544 -2.5790000000000006 0 -6.794 -2.5790000000000006 0 -6.794 -2.6289999999999996 1 -5.544 -2.6289999999999996 1 -5.544 -2.5790000000000006 1 -6.794 -2.5790000000000006 1 0.35599999999999987 -2.6289999999999996 0 2.306000000000001 -2.6289999999999996 0 2.306000000000001 -2.5790000000000006 0 0.35599999999999987 -2.5790000000000006 0 0.35599999999999987 -2.6289999999999996 1 2.306000000000001 -2.6289999999999996 1 2.306000000000001 -2.5790000000000006 1 0.35599999999999987 -2.5790000000000006 1 -9.443999999999999 -2.6790000000000003 0 -9.394 -2.6790000000000003 0 -9.394 -2.6289999999999996 0 -9.443999999999999 -2.6289999999999996 0 -9.443999999999999 -2.6790000000000003 1 -9.394 -2.6790000000000003 1 -9.394 -2.6289999999999996 1 -9.443999999999999 -2.6289999999999996 1 -9.344000000000001 -2.6790000000000003 0 -9.144 -2.6790000000000003 0 -9.144 -2.6289999999999996 0 -9.344000000000001 -2.6289999999999996 0 -9.344000000000001 -2.6790000000000003 1 -9.144 -2.6790000000000003 1 -9.144 -2.6289999999999996 1 -9.344000000000001 -2.6289999999999996 1 -9.094000000000001 -2.6790000000000003 0 -8.644 -2.6790000000000003 0 -8.644 -2.6289999999999996 0 -9.094000000000001 -2.6289999999999996 0 -9.094000000000001 -2.6790000000000003 1 -8.644 -2.6790000000000003 1 -8.644 -2.6289999999999996 1 -9.094000000000001 -2.6289999999999996 1 -8.544 -2.6790000000000003 0 -8.294 -2.6790000000000003 0 -8.294 -2.6289999999999996 0 -8.544 -2.6289999999999996 0 -8.544 -2.6790000000000003 1 -8.294 -2.6790000000000003 1 -8.294 -2.6289999999999996 1 -8.544 -2.6289999999999996 1 -7.944 -2.6790000000000003 0 -7.894 -2.6790000000000003 0 -7.894 -2.6289999999999996 0 -7.944 -2.6289999999999996 0 -7.944 -2.6790000000000003 1 -7.894 -2.6790000000000003 1 -7.894 -2.6289999999999996 1 -7.944 -2.6289999999999996 1 -7.843999999999999 -2.6790000000000003 0 -7.694 -2.6790000000000003 0 -7.694 -2.6289999999999996 0 -7.843999999999999 -2.6289999999999996 0 -7.843999999999999 -2.6790000000000003 1 -7.694 -2.6790000000000003 1 -7.694 -2.6289999999999996 1 -7.843999999999999 -2.6289999999999996 1 -7.593999999999999 -2.6790000000000003 0 -7.294 -2.6790000000000003 0 -7.294 -2.6289999999999996 0 -7.593999999999999 -2.6289999999999996 0 -7.593999999999999 -2.6790000000000003 1 -7.294 -2.6790000000000003 1 -7.294 -2.6289999999999996 1 -7.593999999999999 -2.6289999999999996 1 -6.694 -2.6790000000000003 0 -5.494 -2.6790000000000003 0 -5.494 -2.6289999999999996 0 -6.694 -2.6289999999999996 0 -6.694 -2.6790000000000003 1 -5.494 -2.6790000000000003 1 -5.494 -2.6289999999999996 1 -6.694 -2.6289999999999996 1 0.4560000000000013 -2.6790000000000003 0 2.4060000000000006 -2.6790000000000003 0 2.4060000000000006 -2.6289999999999996 0 0.4560000000000013 -2.6289999999999996 0 0.4560000000000013 -2.6790000000000003 1 2.4060000000000006 -2.6790000000000003 1 2.4060000000000006 -2.6289999999999996 1 0.4560000000000013 -2.6289999999999996 1 -9.193999999999999 -2.729000000000001 0 -9.094000000000001 -2.729000000000001 0 -9.094000000000001 -2.6790000000000003 0 -9.193999999999999 -2.6790000000000003 0 -9.193999999999999 -2.729000000000001 1 -9.094000000000001 -2.729000000000001 1 -9.094000000000001 -2.6790000000000003 1 -9.193999999999999 -2.6790000000000003 1 -9.044 -2.729000000000001 0 -8.744 -2.729000000000001 0 -8.744 -2.6790000000000003 0 -9.044 -2.6790000000000003 0 -9.044 -2.729000000000001 1 -8.744 -2.729000000000001 1 -8.744 -2.6790000000000003 1 -9.044 -2.6790000000000003 1 -8.693999999999999 -2.729000000000001 0 -8.644 -2.729000000000001 0 -8.644 -2.6790000000000003 0 -8.693999999999999 -2.6790000000000003 0 -8.693999999999999 -2.729000000000001 1 -8.644 -2.729000000000001 1 -8.644 -2.6790000000000003 1 -8.693999999999999 -2.6790000000000003 1 -8.494 -2.729000000000001 0 -8.244 -2.729000000000001 0 -8.244 -2.6790000000000003 0 -8.494 -2.6790000000000003 0 -8.494 -2.729000000000001 1 -8.244 -2.729000000000001 1 -8.244 -2.6790000000000003 1 -8.494 -2.6790000000000003 1 -7.894 -2.729000000000001 0 -7.744 -2.729000000000001 0 -7.744 -2.6790000000000003 0 -7.894 -2.6790000000000003 0 -7.894 -2.729000000000001 1 -7.744 -2.729000000000001 1 -7.744 -2.6790000000000003 1 -7.894 -2.6790000000000003 1 -7.644 -2.729000000000001 0 -7.444 -2.729000000000001 0 -7.444 -2.6790000000000003 0 -7.644 -2.6790000000000003 0 -7.644 -2.729000000000001 1 -7.444 -2.729000000000001 1 -7.444 -2.6790000000000003 1 -7.644 -2.6790000000000003 1 -7.394 -2.729000000000001 0 -7.244 -2.729000000000001 0 -7.244 -2.6790000000000003 0 -7.394 -2.6790000000000003 0 -7.394 -2.729000000000001 1 -7.244 -2.729000000000001 1 -7.244 -2.6790000000000003 1 -7.394 -2.6790000000000003 1 -6.644 -2.729000000000001 0 -5.394 -2.729000000000001 0 -5.394 -2.6790000000000003 0 -6.644 -2.6790000000000003 0 -6.644 -2.729000000000001 1 -5.394 -2.729000000000001 1 -5.394 -2.6790000000000003 1 -6.644 -2.6790000000000003 1 -0.5939999999999994 -2.729000000000001 0 -0.5439999999999987 -2.729000000000001 0 -0.5439999999999987 -2.6790000000000003 0 -0.5939999999999994 -2.6790000000000003 0 -0.5939999999999994 -2.729000000000001 1 -0.5439999999999987 -2.729000000000001 1 -0.5439999999999987 -2.6790000000000003 1 -0.5939999999999994 -2.6790000000000003 1 0.5560000000000009 -2.729000000000001 0 2.5060000000000002 -2.729000000000001 0 2.5060000000000002 -2.6790000000000003 0 0.5560000000000009 -2.6790000000000003 0 0.5560000000000009 -2.729000000000001 1 2.5060000000000002 -2.729000000000001 1 2.5060000000000002 -2.6790000000000003 1 0.5560000000000009 -2.6790000000000003 1 -9.443999999999999 -2.779 0 -9.244 -2.779 0 -9.244 -2.6790000000000003 0 -9.443999999999999 -2.6790000000000003 0 -9.443999999999999 -2.779 1 -9.244 -2.779 1 -9.244 -2.6790000000000003 1 -9.443999999999999 -2.6790000000000003 1 -9.144 -2.779 0 -9.044 -2.779 0 -9.044 -2.729000000000001 0 -9.144 -2.729000000000001 0 -9.144 -2.779 1 -9.044 -2.779 1 -9.044 -2.729000000000001 1 -9.144 -2.729000000000001 1 -8.994 -2.779 0 -8.644 -2.779 0 -8.644 -2.729000000000001 0 -8.994 -2.729000000000001 0 -8.994 -2.779 1 -8.644 -2.779 1 -8.644 -2.729000000000001 1 -8.994 -2.729000000000001 1 -8.544 -2.779 0 -8.494 -2.779 0 -8.494 -2.729000000000001 0 -8.544 -2.729000000000001 0 -8.544 -2.779 1 -8.494 -2.779 1 -8.494 -2.729000000000001 1 -8.544 -2.729000000000001 1 -8.443999999999999 -2.779 0 -8.394 -2.779 0 -8.394 -2.729000000000001 0 -8.443999999999999 -2.729000000000001 0 -8.443999999999999 -2.779 1 -8.394 -2.779 1 -8.394 -2.729000000000001 1 -8.443999999999999 -2.729000000000001 1 -8.344 -2.779 0 -8.244 -2.779 0 -8.244 -2.729000000000001 0 -8.344 -2.729000000000001 0 -8.344 -2.779 1 -8.244 -2.779 1 -8.244 -2.729000000000001 1 -8.344 -2.729000000000001 1 -7.994 -2.779 0 -7.794 -2.779 0 -7.794 -2.729000000000001 0 -7.994 -2.729000000000001 0 -7.994 -2.779 1 -7.794 -2.779 1 -7.794 -2.729000000000001 1 -7.994 -2.729000000000001 1 -7.744 -2.779 0 -7.593999999999999 -2.779 0 -7.593999999999999 -2.729000000000001 0 -7.744 -2.729000000000001 0 -7.744 -2.779 1 -7.593999999999999 -2.779 1 -7.593999999999999 -2.729000000000001 1 -7.744 -2.729000000000001 1 -7.544 -2.779 0 -7.244 -2.779 0 -7.244 -2.729000000000001 0 -7.544 -2.729000000000001 0 -7.544 -2.779 1 -7.244 -2.779 1 -7.244 -2.729000000000001 1 -7.544 -2.729000000000001 1 -6.544 -2.779 0 -5.343999999999999 -2.779 0 -5.343999999999999 -2.729000000000001 0 -6.544 -2.729000000000001 0 -6.544 -2.779 1 -5.343999999999999 -2.779 1 -5.343999999999999 -2.729000000000001 1 -6.544 -2.729000000000001 1 0.6560000000000006 -2.779 0 2.556000000000001 -2.779 0 2.556000000000001 -2.729000000000001 0 0.6560000000000006 -2.729000000000001 0 0.6560000000000006 -2.779 1 2.556000000000001 -2.779 1 2.556000000000001 -2.729000000000001 1 0.6560000000000006 -2.729000000000001 1 -9.443999999999999 -2.8290000000000006 0 -9.344000000000001 -2.8290000000000006 0 -9.344000000000001 -2.779 0 -9.443999999999999 -2.779 0 -9.443999999999999 -2.8290000000000006 1 -9.344000000000001 -2.8290000000000006 1 -9.344000000000001 -2.779 1 -9.443999999999999 -2.779 1 -9.244 -2.8290000000000006 0 -9.193999999999999 -2.8290000000000006 0 -9.193999999999999 -2.779 0 -9.244 -2.779 0 -9.244 -2.8290000000000006 1 -9.193999999999999 -2.8290000000000006 1 -9.193999999999999 -2.779 1 -9.244 -2.779 1 -8.894 -2.8290000000000006 0 -8.644 -2.8290000000000006 0 -8.644 -2.779 0 -8.894 -2.779 0 -8.894 -2.8290000000000006 1 -8.644 -2.8290000000000006 1 -8.644 -2.779 1 -8.894 -2.779 1 -8.544 -2.8290000000000006 0 -8.344 -2.8290000000000006 0 -8.344 -2.779 0 -8.544 -2.779 0 -8.544 -2.8290000000000006 1 -8.344 -2.8290000000000006 1 -8.344 -2.779 1 -8.544 -2.779 1 -7.894 -2.8290000000000006 0 -7.644 -2.8290000000000006 0 -7.644 -2.779 0 -7.894 -2.779 0 -7.894 -2.8290000000000006 1 -7.644 -2.8290000000000006 1 -7.644 -2.779 1 -7.894 -2.779 1 -7.593999999999999 -2.8290000000000006 0 -7.194 -2.8290000000000006 0 -7.194 -2.779 0 -7.593999999999999 -2.779 0 -7.593999999999999 -2.8290000000000006 1 -7.194 -2.8290000000000006 1 -7.194 -2.779 1 -7.593999999999999 -2.779 1 -6.494 -2.8290000000000006 0 -5.244 -2.8290000000000006 0 -5.244 -2.779 0 -6.494 -2.779 0 -6.494 -2.8290000000000006 1 -5.244 -2.8290000000000006 1 -5.244 -2.779 1 -6.494 -2.779 1 0.7560000000000002 -2.8290000000000006 0 2.606 -2.8290000000000006 0 2.606 -2.779 0 0.7560000000000002 -2.779 0 0.7560000000000002 -2.8290000000000006 1 2.606 -2.8290000000000006 1 2.606 -2.779 1 0.7560000000000002 -2.779 1 -9.494 -2.8789999999999996 0 -9.344000000000001 -2.8789999999999996 0 -9.344000000000001 -2.8290000000000006 0 -9.494 -2.8290000000000006 0 -9.494 -2.8789999999999996 1 -9.344000000000001 -2.8789999999999996 1 -9.344000000000001 -2.8290000000000006 1 -9.494 -2.8290000000000006 1 -8.844000000000001 -2.8789999999999996 0 -8.644 -2.8789999999999996 0 -8.644 -2.8290000000000006 0 -8.844000000000001 -2.8290000000000006 0 -8.844000000000001 -2.8789999999999996 1 -8.644 -2.8789999999999996 1 -8.644 -2.8290000000000006 1 -8.844000000000001 -2.8290000000000006 1 -8.594 -2.8789999999999996 0 -8.544 -2.8789999999999996 0 -8.544 -2.8290000000000006 0 -8.594 -2.8290000000000006 0 -8.594 -2.8789999999999996 1 -8.544 -2.8789999999999996 1 -8.544 -2.8290000000000006 1 -8.594 -2.8290000000000006 1 -8.494 -2.8789999999999996 0 -8.443999999999999 -2.8789999999999996 0 -8.443999999999999 -2.8290000000000006 0 -8.494 -2.8290000000000006 0 -8.494 -2.8789999999999996 1 -8.443999999999999 -2.8789999999999996 1 -8.443999999999999 -2.8290000000000006 1 -8.494 -2.8290000000000006 1 -8.344 -2.8789999999999996 0 -8.244 -2.8789999999999996 0 -8.244 -2.8290000000000006 0 -8.344 -2.8290000000000006 0 -8.344 -2.8789999999999996 1 -8.244 -2.8789999999999996 1 -8.244 -2.8290000000000006 1 -8.344 -2.8290000000000006 1 -7.994 -2.8789999999999996 0 -7.944 -2.8789999999999996 0 -7.944 -2.779 0 -7.994 -2.779 0 -7.994 -2.8789999999999996 1 -7.944 -2.8789999999999996 1 -7.944 -2.779 1 -7.994 -2.779 1 -7.794 -2.8789999999999996 0 -7.593999999999999 -2.8789999999999996 0 -7.593999999999999 -2.8290000000000006 0 -7.794 -2.8290000000000006 0 -7.794 -2.8789999999999996 1 -7.593999999999999 -2.8789999999999996 1 -7.593999999999999 -2.8290000000000006 1 -7.794 -2.8290000000000006 1 -7.544 -2.8789999999999996 0 -7.144 -2.8789999999999996 0 -7.144 -2.8290000000000006 0 -7.544 -2.8290000000000006 0 -7.544 -2.8789999999999996 1 -7.144 -2.8789999999999996 1 -7.144 -2.8290000000000006 1 -7.544 -2.8290000000000006 1 -6.394 -2.8789999999999996 0 -5.144 -2.8789999999999996 0 -5.144 -2.8290000000000006 0 -6.394 -2.8290000000000006 0 -6.394 -2.8789999999999996 1 -5.144 -2.8789999999999996 1 -5.144 -2.8290000000000006 1 -6.394 -2.8290000000000006 1 0.8559999999999999 -2.8789999999999996 0 2.7060000000000013 -2.8789999999999996 0 2.7060000000000013 -2.8290000000000006 0 0.8559999999999999 -2.8290000000000006 0 0.8559999999999999 -2.8789999999999996 1 2.7060000000000013 -2.8789999999999996 1 2.7060000000000013 -2.8290000000000006 1 0.8559999999999999 -2.8290000000000006 1 -8.344 -2.9290000000000003 0 -8.294 -2.9290000000000003 0 -8.294 -2.8789999999999996 0 -8.344 -2.8789999999999996 0 -8.344 -2.9290000000000003 1 -8.294 -2.9290000000000003 1 -8.294 -2.8789999999999996 1 -8.344 -2.8789999999999996 1 -8.244 -2.9290000000000003 0 -8.193999999999999 -2.9290000000000003 0 -8.193999999999999 -2.8789999999999996 0 -8.244 -2.8789999999999996 0 -8.244 -2.9290000000000003 1 -8.193999999999999 -2.9290000000000003 1 -8.193999999999999 -2.8789999999999996 1 -8.244 -2.8789999999999996 1 -8.044 -2.9290000000000003 0 -7.994 -2.9290000000000003 0 -7.994 -2.8789999999999996 0 -8.044 -2.8789999999999996 0 -8.044 -2.9290000000000003 1 -7.994 -2.9290000000000003 1 -7.994 -2.8789999999999996 1 -8.044 -2.8789999999999996 1 -7.944 -2.9290000000000003 0 -7.843999999999999 -2.9290000000000003 0 -7.843999999999999 -2.8789999999999996 0 -7.944 -2.8789999999999996 0 -7.944 -2.9290000000000003 1 -7.843999999999999 -2.9290000000000003 1 -7.843999999999999 -2.8789999999999996 1 -7.944 -2.8789999999999996 1 -7.794 -2.9290000000000003 0 -7.744 -2.9290000000000003 0 -7.744 -2.8789999999999996 0 -7.794 -2.8789999999999996 0 -7.794 -2.9290000000000003 1 -7.744 -2.9290000000000003 1 -7.744 -2.8789999999999996 1 -7.794 -2.8789999999999996 1 -7.694 -2.9290000000000003 0 -7.593999999999999 -2.9290000000000003 0 -7.593999999999999 -2.8789999999999996 0 -7.694 -2.8789999999999996 0 -7.694 -2.9290000000000003 1 -7.593999999999999 -2.9290000000000003 1 -7.593999999999999 -2.8789999999999996 1 -7.694 -2.8789999999999996 1 -7.544 -2.9290000000000003 0 -7.194 -2.9290000000000003 0 -7.194 -2.8789999999999996 0 -7.544 -2.8789999999999996 0 -7.544 -2.9290000000000003 1 -7.194 -2.9290000000000003 1 -7.194 -2.8789999999999996 1 -7.544 -2.8789999999999996 1 -6.294 -2.9290000000000003 0 -5.093999999999999 -2.9290000000000003 0 -5.093999999999999 -2.8789999999999996 0 -6.294 -2.8789999999999996 0 -6.294 -2.9290000000000003 1 -5.093999999999999 -2.9290000000000003 1 -5.093999999999999 -2.8789999999999996 1 -6.294 -2.8789999999999996 1 0.9560000000000013 -2.9290000000000003 0 2.756000000000002 -2.9290000000000003 0 2.756000000000002 -2.8789999999999996 0 0.9560000000000013 -2.8789999999999996 0 0.9560000000000013 -2.9290000000000003 1 2.756000000000002 -2.9290000000000003 1 2.756000000000002 -2.8789999999999996 1 0.9560000000000013 -2.8789999999999996 1 -9.544 -2.979000000000001 0 -9.344000000000001 -2.979000000000001 0 -9.344000000000001 -2.8789999999999996 0 -9.544 -2.8789999999999996 0 -9.544 -2.979000000000001 1 -9.344000000000001 -2.979000000000001 1 -9.344000000000001 -2.8789999999999996 1 -9.544 -2.8789999999999996 1 -8.894 -2.979000000000001 0 -8.394 -2.979000000000001 0 -8.394 -2.8789999999999996 0 -8.894 -2.8789999999999996 0 -8.894 -2.979000000000001 1 -8.394 -2.979000000000001 1 -8.394 -2.8789999999999996 1 -8.894 -2.8789999999999996 1 -8.344 -2.979000000000001 0 -8.144 -2.979000000000001 0 -8.144 -2.9290000000000003 0 -8.344 -2.9290000000000003 0 -8.344 -2.979000000000001 1 -8.144 -2.979000000000001 1 -8.144 -2.9290000000000003 1 -8.344 -2.9290000000000003 1 -7.894 -2.979000000000001 0 -7.494 -2.979000000000001 0 -7.494 -2.9290000000000003 0 -7.894 -2.9290000000000003 0 -7.894 -2.979000000000001 1 -7.494 -2.979000000000001 1 -7.494 -2.9290000000000003 1 -7.894 -2.9290000000000003 1 -7.444 -2.979000000000001 0 -7.194 -2.979000000000001 0 -7.194 -2.9290000000000003 0 -7.444 -2.9290000000000003 0 -7.444 -2.979000000000001 1 -7.194 -2.979000000000001 1 -7.194 -2.9290000000000003 1 -7.444 -2.9290000000000003 1 -6.244 -2.979000000000001 0 -4.994 -2.979000000000001 0 -4.994 -2.9290000000000003 0 -6.244 -2.9290000000000003 0 -6.244 -2.979000000000001 1 -4.994 -2.979000000000001 1 -4.994 -2.9290000000000003 1 -6.244 -2.9290000000000003 1 1.056000000000001 -2.979000000000001 0 2.856 -2.979000000000001 0 2.856 -2.9290000000000003 0 1.056000000000001 -2.9290000000000003 0 1.056000000000001 -2.979000000000001 1 2.856 -2.979000000000001 1 2.856 -2.9290000000000003 1 1.056000000000001 -2.9290000000000003 1 -9.544 -3.029 0 -9.443999999999999 -3.029 0 -9.443999999999999 -2.979000000000001 0 -9.544 -2.979000000000001 0 -9.544 -3.029 1 -9.443999999999999 -3.029 1 -9.443999999999999 -2.979000000000001 1 -9.544 -2.979000000000001 1 -8.894 -3.029 0 -8.144 -3.029 0 -8.144 -2.979000000000001 0 -8.894 -2.979000000000001 0 -8.894 -3.029 1 -8.144 -3.029 1 -8.144 -2.979000000000001 1 -8.894 -2.979000000000001 1 -6.144 -3.029 0 -4.943999999999999 -3.029 0 -4.943999999999999 -2.979000000000001 0 -6.144 -2.979000000000001 0 -6.144 -3.029 1 -4.943999999999999 -3.029 1 -4.943999999999999 -2.979000000000001 1 -6.144 -2.979000000000001 1 1.1560000000000006 -3.029 0 2.9060000000000006 -3.029 0 2.9060000000000006 -2.979000000000001 0 1.1560000000000006 -2.979000000000001 0 1.1560000000000006 -3.029 1 2.9060000000000006 -3.029 1 2.9060000000000006 -2.979000000000001 1 1.1560000000000006 -2.979000000000001 1 -9.644 -3.0790000000000006 0 -9.594 -3.0790000000000006 0 -9.594 -3.029 0 -9.644 -3.029 0 -9.644 -3.0790000000000006 1 -9.594 -3.0790000000000006 1 -9.594 -3.029 1 -9.644 -3.029 1 -8.894 -3.0790000000000006 0 -8.744 -3.0790000000000006 0 -8.744 -3.029 0 -8.894 -3.029 0 -8.894 -3.0790000000000006 1 -8.744 -3.0790000000000006 1 -8.744 -3.029 1 -8.894 -3.029 1 -8.594 -3.0790000000000006 0 -8.094 -3.0790000000000006 0 -8.094 -3.029 0 -8.594 -3.029 0 -8.594 -3.0790000000000006 1 -8.094 -3.0790000000000006 1 -8.094 -3.029 1 -8.594 -3.029 1 -8.044 -3.0790000000000006 0 -7.994 -3.0790000000000006 0 -7.994 -2.979000000000001 0 -8.044 -2.979000000000001 0 -8.044 -3.0790000000000006 1 -7.994 -3.0790000000000006 1 -7.994 -2.979000000000001 1 -8.044 -2.979000000000001 1 -7.894 -3.0790000000000006 0 -7.194 -3.0790000000000006 0 -7.194 -2.979000000000001 0 -7.894 -2.979000000000001 0 -7.894 -3.0790000000000006 1 -7.194 -3.0790000000000006 1 -7.194 -2.979000000000001 1 -7.894 -2.979000000000001 1 -6.093999999999999 -3.0790000000000006 0 -4.843999999999999 -3.0790000000000006 0 -4.843999999999999 -3.029 0 -6.093999999999999 -3.029 0 -6.093999999999999 -3.0790000000000006 1 -4.843999999999999 -3.0790000000000006 1 -4.843999999999999 -3.029 1 -6.093999999999999 -3.029 1 1.2560000000000002 -3.0790000000000006 0 2.9560000000000013 -3.0790000000000006 0 2.9560000000000013 -3.029 0 1.2560000000000002 -3.029 0 1.2560000000000002 -3.0790000000000006 1 2.9560000000000013 -3.0790000000000006 1 2.9560000000000013 -3.029 1 1.2560000000000002 -3.029 1 -9.644 -3.1289999999999996 0 -9.494 -3.1289999999999996 0 -9.494 -3.0790000000000006 0 -9.644 -3.0790000000000006 0 -9.644 -3.1289999999999996 1 -9.494 -3.1289999999999996 1 -9.494 -3.0790000000000006 1 -9.644 -3.0790000000000006 1 -8.894 -3.1289999999999996 0 -8.794 -3.1289999999999996 0 -8.794 -3.0790000000000006 0 -8.894 -3.0790000000000006 0 -8.894 -3.1289999999999996 1 -8.794 -3.1289999999999996 1 -8.794 -3.0790000000000006 1 -8.894 -3.0790000000000006 1 -8.594 -3.1289999999999996 0 -8.544 -3.1289999999999996 0 -8.544 -3.0790000000000006 0 -8.594 -3.0790000000000006 0 -8.594 -3.1289999999999996 1 -8.544 -3.1289999999999996 1 -8.544 -3.0790000000000006 1 -8.594 -3.0790000000000006 1 -8.394 -3.1289999999999996 0 -8.044 -3.1289999999999996 0 -8.044 -3.0790000000000006 0 -8.394 -3.0790000000000006 0 -8.394 -3.1289999999999996 1 -8.044 -3.1289999999999996 1 -8.044 -3.0790000000000006 1 -8.394 -3.0790000000000006 1 -7.843999999999999 -3.1289999999999996 0 -7.144 -3.1289999999999996 0 -7.144 -3.0790000000000006 0 -7.843999999999999 -3.0790000000000006 0 -7.843999999999999 -3.1289999999999996 1 -7.144 -3.1289999999999996 1 -7.144 -3.0790000000000006 1 -7.843999999999999 -3.0790000000000006 1 -5.994 -3.1289999999999996 0 -4.744 -3.1289999999999996 0 -4.744 -3.0790000000000006 0 -5.994 -3.0790000000000006 0 -5.994 -3.1289999999999996 1 -4.744 -3.1289999999999996 1 -4.744 -3.0790000000000006 1 -5.994 -3.0790000000000006 1 1.306000000000001 -3.1289999999999996 0 3.055999999999999 -3.1289999999999996 0 3.055999999999999 -3.0790000000000006 0 1.306000000000001 -3.0790000000000006 0 1.306000000000001 -3.1289999999999996 1 3.055999999999999 -3.1289999999999996 1 3.055999999999999 -3.0790000000000006 1 1.306000000000001 -3.0790000000000006 1 -8.894 -3.1790000000000003 0 -8.844000000000001 -3.1790000000000003 0 -8.844000000000001 -3.1289999999999996 0 -8.894 -3.1289999999999996 0 -8.894 -3.1790000000000003 1 -8.844000000000001 -3.1790000000000003 1 -8.844000000000001 -3.1289999999999996 1 -8.894 -3.1289999999999996 1 -8.443999999999999 -3.1790000000000003 0 -8.144 -3.1790000000000003 0 -8.144 -3.1289999999999996 0 -8.443999999999999 -3.1289999999999996 0 -8.443999999999999 -3.1790000000000003 1 -8.144 -3.1790000000000003 1 -8.144 -3.1289999999999996 1 -8.443999999999999 -3.1289999999999996 1 -7.794 -3.1790000000000003 0 -7.194 -3.1790000000000003 0 -7.194 -3.1289999999999996 0 -7.794 -3.1289999999999996 0 -7.794 -3.1790000000000003 1 -7.194 -3.1790000000000003 1 -7.194 -3.1289999999999996 1 -7.794 -3.1289999999999996 1 -5.944 -3.1790000000000003 0 -4.693999999999999 -3.1790000000000003 0 -4.693999999999999 -3.1289999999999996 0 -5.944 -3.1289999999999996 0 -5.944 -3.1790000000000003 1 -4.693999999999999 -3.1790000000000003 1 -4.693999999999999 -3.1289999999999996 1 -5.944 -3.1289999999999996 1 1.4060000000000006 -3.1790000000000003 0 3.106 -3.1790000000000003 0 3.106 -3.1289999999999996 0 1.4060000000000006 -3.1289999999999996 0 1.4060000000000006 -3.1790000000000003 1 3.106 -3.1790000000000003 1 3.106 -3.1289999999999996 1 1.4060000000000006 -3.1289999999999996 1 -9.644 -3.229000000000001 0 -9.594 -3.229000000000001 0 -9.594 -3.1289999999999996 0 -9.644 -3.1289999999999996 0 -9.644 -3.229000000000001 1 -9.594 -3.229000000000001 1 -9.594 -3.1289999999999996 1 -9.644 -3.1289999999999996 1 -8.794 -3.229000000000001 0 -8.744 -3.229000000000001 0 -8.744 -3.1790000000000003 0 -8.794 -3.1790000000000003 0 -8.794 -3.229000000000001 1 -8.744 -3.229000000000001 1 -8.744 -3.1790000000000003 1 -8.794 -3.1790000000000003 1 -8.294 -3.229000000000001 0 -8.144 -3.229000000000001 0 -8.144 -3.1790000000000003 0 -8.294 -3.1790000000000003 0 -8.294 -3.229000000000001 1 -8.144 -3.229000000000001 1 -8.144 -3.1790000000000003 1 -8.294 -3.1790000000000003 1 -7.744 -3.229000000000001 0 -7.544 -3.229000000000001 0 -7.544 -3.1790000000000003 0 -7.744 -3.1790000000000003 0 -7.744 -3.229000000000001 1 -7.544 -3.229000000000001 1 -7.544 -3.1790000000000003 1 -7.744 -3.1790000000000003 1 -7.494 -3.229000000000001 0 -7.194 -3.229000000000001 0 -7.194 -3.1790000000000003 0 -7.494 -3.1790000000000003 0 -7.494 -3.229000000000001 1 -7.194 -3.229000000000001 1 -7.194 -3.1790000000000003 1 -7.494 -3.1790000000000003 1 -5.843999999999999 -3.229000000000001 0 -4.593999999999999 -3.229000000000001 0 -4.593999999999999 -3.1790000000000003 0 -5.843999999999999 -3.1790000000000003 0 -5.843999999999999 -3.229000000000001 1 -4.593999999999999 -3.229000000000001 1 -4.593999999999999 -3.1790000000000003 1 -5.843999999999999 -3.1790000000000003 1 1.4560000000000013 -3.229000000000001 0 3.1560000000000006 -3.229000000000001 0 3.1560000000000006 -3.1790000000000003 0 1.4560000000000013 -3.1790000000000003 0 1.4560000000000013 -3.229000000000001 1 3.1560000000000006 -3.229000000000001 1 3.1560000000000006 -3.1790000000000003 1 1.4560000000000013 -3.1790000000000003 1 -9.693999999999999 -3.279 0 -9.644 -3.279 0 -9.644 -3.229000000000001 0 -9.693999999999999 -3.229000000000001 0 -9.693999999999999 -3.279 1 -9.644 -3.279 1 -9.644 -3.229000000000001 1 -9.693999999999999 -3.229000000000001 1 -8.443999999999999 -3.279 0 -8.344 -3.279 0 -8.344 -3.1790000000000003 0 -8.443999999999999 -3.1790000000000003 0 -8.443999999999999 -3.279 1 -8.344 -3.279 1 -8.344 -3.1790000000000003 1 -8.443999999999999 -3.1790000000000003 1 -8.294 -3.279 0 -8.244 -3.279 0 -8.244 -3.229000000000001 0 -8.294 -3.229000000000001 0 -8.294 -3.279 1 -8.244 -3.279 1 -8.244 -3.229000000000001 1 -8.294 -3.229000000000001 1 -7.694 -3.279 0 -7.544 -3.279 0 -7.544 -3.229000000000001 0 -7.694 -3.229000000000001 0 -7.694 -3.279 1 -7.544 -3.279 1 -7.544 -3.229000000000001 1 -7.694 -3.229000000000001 1 -7.444 -3.279 0 -7.144 -3.279 0 -7.144 -3.229000000000001 0 -7.444 -3.229000000000001 0 -7.444 -3.279 1 -7.144 -3.279 1 -7.144 -3.229000000000001 1 -7.444 -3.229000000000001 1 -5.744 -3.279 0 -4.5440000000000005 -3.279 0 -4.5440000000000005 -3.229000000000001 0 -5.744 -3.229000000000001 0 -5.744 -3.279 1 -4.5440000000000005 -3.279 1 -4.5440000000000005 -3.229000000000001 1 -5.744 -3.229000000000001 1 1.4560000000000013 -3.279 0 3.256000000000002 -3.279 0 3.256000000000002 -3.229000000000001 0 1.4560000000000013 -3.229000000000001 0 1.4560000000000013 -3.279 1 3.256000000000002 -3.279 1 3.256000000000002 -3.229000000000001 1 1.4560000000000013 -3.229000000000001 1 -9.794 -3.3290000000000006 0 -9.693999999999999 -3.3290000000000006 0 -9.693999999999999 -3.279 0 -9.794 -3.279 0 -9.794 -3.3290000000000006 1 -9.693999999999999 -3.3290000000000006 1 -9.693999999999999 -3.279 1 -9.794 -3.279 1 -9.644 -3.3290000000000006 0 -9.594 -3.3290000000000006 0 -9.594 -3.279 0 -9.644 -3.279 0 -9.644 -3.3290000000000006 1 -9.594 -3.3290000000000006 1 -9.594 -3.279 1 -9.644 -3.279 1 -8.693999999999999 -3.3290000000000006 0 -8.644 -3.3290000000000006 0 -8.644 -3.279 0 -8.693999999999999 -3.279 0 -8.693999999999999 -3.3290000000000006 1 -8.644 -3.3290000000000006 1 -8.644 -3.279 1 -8.693999999999999 -3.279 1 -8.494 -3.3290000000000006 0 -8.244 -3.3290000000000006 0 -8.244 -3.279 0 -8.494 -3.279 0 -8.494 -3.3290000000000006 1 -8.244 -3.3290000000000006 1 -8.244 -3.279 1 -8.494 -3.279 1 -7.744 -3.3290000000000006 0 -7.593999999999999 -3.3290000000000006 0 -7.593999999999999 -3.279 0 -7.744 -3.279 0 -7.744 -3.3290000000000006 1 -7.593999999999999 -3.3290000000000006 1 -7.593999999999999 -3.279 1 -7.744 -3.279 1 -5.694 -3.3290000000000006 0 -4.443999999999999 -3.3290000000000006 0 -4.443999999999999 -3.279 0 -5.694 -3.279 0 -5.694 -3.3290000000000006 1 -4.443999999999999 -3.3290000000000006 1 -4.443999999999999 -3.279 1 -5.694 -3.279 1 1.5060000000000002 -3.3290000000000006 0 3.305999999999999 -3.3290000000000006 0 3.305999999999999 -3.279 0 1.5060000000000002 -3.279 0 1.5060000000000002 -3.3290000000000006 1 3.305999999999999 -3.3290000000000006 1 3.305999999999999 -3.279 1 1.5060000000000002 -3.279 1 -9.794 -3.3789999999999996 0 -9.744 -3.3789999999999996 0 -9.744 -3.3290000000000006 0 -9.794 -3.3290000000000006 0 -9.794 -3.3789999999999996 1 -9.744 -3.3789999999999996 1 -9.744 -3.3290000000000006 1 -9.794 -3.3290000000000006 1 -8.844000000000001 -3.3789999999999996 0 -8.794 -3.3789999999999996 0 -8.794 -3.3290000000000006 0 -8.844000000000001 -3.3290000000000006 0 -8.844000000000001 -3.3789999999999996 1 -8.794 -3.3789999999999996 1 -8.794 -3.3290000000000006 1 -8.844000000000001 -3.3290000000000006 1 -8.443999999999999 -3.3789999999999996 0 -8.244 -3.3789999999999996 0 -8.244 -3.3290000000000006 0 -8.443999999999999 -3.3290000000000006 0 -8.443999999999999 -3.3789999999999996 1 -8.244 -3.3789999999999996 1 -8.244 -3.3290000000000006 1 -8.443999999999999 -3.3290000000000006 1 -7.644 -3.3789999999999996 0 -7.593999999999999 -3.3789999999999996 0 -7.593999999999999 -3.3290000000000006 0 -7.644 -3.3290000000000006 0 -7.644 -3.3789999999999996 1 -7.593999999999999 -3.3789999999999996 1 -7.593999999999999 -3.3290000000000006 1 -7.644 -3.3290000000000006 1 -5.593999999999999 -3.3789999999999996 0 -4.394 -3.3789999999999996 0 -4.394 -3.3290000000000006 0 -5.593999999999999 -3.3290000000000006 0 -5.593999999999999 -3.3789999999999996 1 -4.394 -3.3789999999999996 1 -4.394 -3.3290000000000006 1 -5.593999999999999 -3.3290000000000006 1 1.5060000000000002 -3.3789999999999996 0 3.4060000000000006 -3.3789999999999996 0 3.4060000000000006 -3.3290000000000006 0 1.5060000000000002 -3.3290000000000006 0 1.5060000000000002 -3.3789999999999996 1 3.4060000000000006 -3.3789999999999996 1 3.4060000000000006 -3.3290000000000006 1 1.5060000000000002 -3.3290000000000006 1 -8.794 -3.4290000000000003 0 -8.744 -3.4290000000000003 0 -8.744 -3.3789999999999996 0 -8.794 -3.3789999999999996 0 -8.794 -3.4290000000000003 1 -8.744 -3.4290000000000003 1 -8.744 -3.3789999999999996 1 -8.794 -3.3789999999999996 1 -8.693999999999999 -3.4290000000000003 0 -8.244 -3.4290000000000003 0 -8.244 -3.3789999999999996 0 -8.693999999999999 -3.3789999999999996 0 -8.693999999999999 -3.4290000000000003 1 -8.244 -3.4290000000000003 1 -8.244 -3.3789999999999996 1 -8.693999999999999 -3.3789999999999996 1 -5.544 -3.4290000000000003 0 -4.2940000000000005 -3.4290000000000003 0 -4.2940000000000005 -3.3789999999999996 0 -5.544 -3.3789999999999996 0 -5.544 -3.4290000000000003 1 -4.2940000000000005 -3.4290000000000003 1 -4.2940000000000005 -3.3789999999999996 1 -5.544 -3.3789999999999996 1 1.4560000000000013 -3.4290000000000003 0 3.4560000000000013 -3.4290000000000003 0 3.4560000000000013 -3.3789999999999996 0 1.4560000000000013 -3.3789999999999996 0 1.4560000000000013 -3.4290000000000003 1 3.4560000000000013 -3.4290000000000003 1 3.4560000000000013 -3.3789999999999996 1 1.4560000000000013 -3.3789999999999996 1 -9.844 -3.479000000000001 0 -9.794 -3.479000000000001 0 -9.794 -3.4290000000000003 0 -9.844 -3.4290000000000003 0 -9.844 -3.479000000000001 1 -9.794 -3.479000000000001 1 -9.794 -3.4290000000000003 1 -9.844 -3.4290000000000003 1 -8.794 -3.479000000000001 0 -8.693999999999999 -3.479000000000001 0 -8.693999999999999 -3.4290000000000003 0 -8.794 -3.4290000000000003 0 -8.794 -3.479000000000001 1 -8.693999999999999 -3.479000000000001 1 -8.693999999999999 -3.4290000000000003 1 -8.794 -3.4290000000000003 1 -8.644 -3.479000000000001 0 -8.244 -3.479000000000001 0 -8.244 -3.4290000000000003 0 -8.644 -3.4290000000000003 0 -8.644 -3.479000000000001 1 -8.244 -3.479000000000001 1 -8.244 -3.4290000000000003 1 -8.644 -3.4290000000000003 1 -5.444 -3.479000000000001 0 -4.193999999999999 -3.479000000000001 0 -4.193999999999999 -3.4290000000000003 0 -5.444 -3.4290000000000003 0 -5.444 -3.479000000000001 1 -4.193999999999999 -3.479000000000001 1 -4.193999999999999 -3.4290000000000003 1 -5.444 -3.4290000000000003 1 0.8060000000000009 -3.479000000000001 0 0.9060000000000006 -3.479000000000001 0 0.9060000000000006 -3.4290000000000003 0 0.8060000000000009 -3.4290000000000003 0 0.8060000000000009 -3.479000000000001 1 0.9060000000000006 -3.479000000000001 1 0.9060000000000006 -3.4290000000000003 1 0.8060000000000009 -3.4290000000000003 1 1.4560000000000013 -3.479000000000001 0 3.555999999999999 -3.479000000000001 0 3.555999999999999 -3.4290000000000003 0 1.4560000000000013 -3.4290000000000003 0 1.4560000000000013 -3.479000000000001 1 3.555999999999999 -3.479000000000001 1 3.555999999999999 -3.4290000000000003 1 1.4560000000000013 -3.4290000000000003 1 -8.844000000000001 -3.529 0 -8.693999999999999 -3.529 0 -8.693999999999999 -3.479000000000001 0 -8.844000000000001 -3.479000000000001 0 -8.844000000000001 -3.529 1 -8.693999999999999 -3.529 1 -8.693999999999999 -3.479000000000001 1 -8.844000000000001 -3.479000000000001 1 -8.594 -3.529 0 -8.544 -3.529 0 -8.544 -3.479000000000001 0 -8.594 -3.479000000000001 0 -8.594 -3.529 1 -8.544 -3.529 1 -8.544 -3.479000000000001 1 -8.594 -3.479000000000001 1 -8.494 -3.529 0 -8.294 -3.529 0 -8.294 -3.479000000000001 0 -8.494 -3.479000000000001 0 -8.494 -3.529 1 -8.294 -3.529 1 -8.294 -3.479000000000001 1 -8.494 -3.479000000000001 1 -7.444 -3.529 0 -7.394 -3.529 0 -7.394 -3.479000000000001 0 -7.444 -3.479000000000001 0 -7.444 -3.529 1 -7.394 -3.529 1 -7.394 -3.479000000000001 1 -7.444 -3.479000000000001 1 -5.343999999999999 -3.529 0 -4.144 -3.529 0 -4.144 -3.479000000000001 0 -5.343999999999999 -3.479000000000001 0 -5.343999999999999 -3.529 1 -4.144 -3.529 1 -4.144 -3.479000000000001 1 -5.343999999999999 -3.479000000000001 1 0.8559999999999999 -3.529 0 0.9060000000000006 -3.529 0 0.9060000000000006 -3.479000000000001 0 0.8559999999999999 -3.479000000000001 0 0.8559999999999999 -3.529 1 0.9060000000000006 -3.529 1 0.9060000000000006 -3.479000000000001 1 0.8559999999999999 -3.479000000000001 1 1.4560000000000013 -3.529 0 3.6560000000000006 -3.529 0 3.6560000000000006 -3.479000000000001 0 1.4560000000000013 -3.479000000000001 0 1.4560000000000013 -3.529 1 3.6560000000000006 -3.529 1 3.6560000000000006 -3.479000000000001 1 1.4560000000000013 -3.479000000000001 1 -8.844000000000001 -3.5790000000000006 0 -8.644 -3.5790000000000006 0 -8.644 -3.529 0 -8.844000000000001 -3.529 0 -8.844000000000001 -3.5790000000000006 1 -8.644 -3.5790000000000006 1 -8.644 -3.529 1 -8.844000000000001 -3.529 1 -8.594 -3.5790000000000006 0 -8.344 -3.5790000000000006 0 -8.344 -3.529 0 -8.594 -3.529 0 -8.594 -3.5790000000000006 1 -8.344 -3.5790000000000006 1 -8.344 -3.529 1 -8.594 -3.529 1 -5.2940000000000005 -3.5790000000000006 0 -4.0440000000000005 -3.5790000000000006 0 -4.0440000000000005 -3.529 0 -5.2940000000000005 -3.529 0 -5.2940000000000005 -3.5790000000000006 1 -4.0440000000000005 -3.5790000000000006 1 -4.0440000000000005 -3.529 1 -5.2940000000000005 -3.529 1 2.556000000000001 -3.5790000000000006 0 3.756000000000002 -3.5790000000000006 0 3.756000000000002 -3.529 0 2.556000000000001 -3.529 0 2.556000000000001 -3.5790000000000006 1 3.756000000000002 -3.5790000000000006 1 3.756000000000002 -3.529 1 2.556000000000001 -3.529 1 -8.794 -3.6289999999999996 0 -8.394 -3.6289999999999996 0 -8.394 -3.5790000000000006 0 -8.794 -3.5790000000000006 0 -8.794 -3.6289999999999996 1 -8.394 -3.6289999999999996 1 -8.394 -3.5790000000000006 1 -8.794 -3.5790000000000006 1 -8.344 -3.6289999999999996 0 -8.294 -3.6289999999999996 0 -8.294 -3.5790000000000006 0 -8.344 -3.5790000000000006 0 -8.344 -3.6289999999999996 1 -8.294 -3.6289999999999996 1 -8.294 -3.5790000000000006 1 -8.344 -3.5790000000000006 1 -7.593999999999999 -3.6289999999999996 0 -7.394 -3.6289999999999996 0 -7.394 -3.5790000000000006 0 -7.593999999999999 -3.5790000000000006 0 -7.593999999999999 -3.6289999999999996 1 -7.394 -3.6289999999999996 1 -7.394 -3.5790000000000006 1 -7.593999999999999 -3.5790000000000006 1 -7.343999999999999 -3.6289999999999996 0 -7.294 -3.6289999999999996 0 -7.294 -3.5790000000000006 0 -7.343999999999999 -3.5790000000000006 0 -7.343999999999999 -3.6289999999999996 1 -7.294 -3.6289999999999996 1 -7.294 -3.5790000000000006 1 -7.343999999999999 -3.5790000000000006 1 -5.193999999999999 -3.6289999999999996 0 -3.9939999999999998 -3.6289999999999996 0 -3.9939999999999998 -3.5790000000000006 0 -5.193999999999999 -3.5790000000000006 0 -5.193999999999999 -3.6289999999999996 1 -3.9939999999999998 -3.6289999999999996 1 -3.9939999999999998 -3.5790000000000006 1 -5.193999999999999 -3.5790000000000006 1 1.4560000000000013 -3.6289999999999996 0 2.5060000000000002 -3.6289999999999996 0 2.5060000000000002 -3.529 0 1.4560000000000013 -3.529 0 1.4560000000000013 -3.6289999999999996 1 2.5060000000000002 -3.6289999999999996 1 2.5060000000000002 -3.529 1 1.4560000000000013 -3.529 1 2.606 -3.6289999999999996 0 3.805999999999999 -3.6289999999999996 0 3.805999999999999 -3.5790000000000006 0 2.606 -3.5790000000000006 0 2.606 -3.6289999999999996 1 3.805999999999999 -3.6289999999999996 1 3.805999999999999 -3.5790000000000006 1 2.606 -3.5790000000000006 1 -8.744 -3.6790000000000003 0 -8.443999999999999 -3.6790000000000003 0 -8.443999999999999 -3.6289999999999996 0 -8.744 -3.6289999999999996 0 -8.744 -3.6790000000000003 1 -8.443999999999999 -3.6790000000000003 1 -8.443999999999999 -3.6289999999999996 1 -8.744 -3.6289999999999996 1 -7.494 -3.6790000000000003 0 -7.244 -3.6790000000000003 0 -7.244 -3.6289999999999996 0 -7.494 -3.6289999999999996 0 -7.494 -3.6790000000000003 1 -7.244 -3.6790000000000003 1 -7.244 -3.6289999999999996 1 -7.494 -3.6289999999999996 1 -7.194 -3.6790000000000003 0 -7.144 -3.6790000000000003 0 -7.144 -3.6289999999999996 0 -7.194 -3.6289999999999996 0 -7.194 -3.6790000000000003 1 -7.144 -3.6790000000000003 1 -7.144 -3.6289999999999996 1 -7.194 -3.6289999999999996 1 -5.144 -3.6790000000000003 0 -3.894 -3.6790000000000003 0 -3.894 -3.6289999999999996 0 -5.144 -3.6289999999999996 0 -5.144 -3.6790000000000003 1 -3.894 -3.6790000000000003 1 -3.894 -3.6289999999999996 1 -5.144 -3.6289999999999996 1 1.4060000000000006 -3.6790000000000003 0 2.4560000000000013 -3.6790000000000003 0 2.4560000000000013 -3.6289999999999996 0 1.4060000000000006 -3.6289999999999996 0 1.4060000000000006 -3.6790000000000003 1 2.4560000000000013 -3.6790000000000003 1 2.4560000000000013 -3.6289999999999996 1 1.4060000000000006 -3.6289999999999996 1 2.6560000000000006 -3.6790000000000003 0 3.856 -3.6790000000000003 0 3.856 -3.6289999999999996 0 2.6560000000000006 -3.6289999999999996 0 2.6560000000000006 -3.6790000000000003 1 3.856 -3.6790000000000003 1 3.856 -3.6289999999999996 1 2.6560000000000006 -3.6289999999999996 1 -8.644 -3.729000000000001 0 -8.443999999999999 -3.729000000000001 0 -8.443999999999999 -3.6790000000000003 0 -8.644 -3.6790000000000003 0 -8.644 -3.729000000000001 1 -8.443999999999999 -3.729000000000001 1 -8.443999999999999 -3.6790000000000003 1 -8.644 -3.6790000000000003 1 -7.494 -3.729000000000001 0 -7.093999999999999 -3.729000000000001 0 -7.093999999999999 -3.6790000000000003 0 -7.494 -3.6790000000000003 0 -7.494 -3.729000000000001 1 -7.093999999999999 -3.729000000000001 1 -7.093999999999999 -3.6790000000000003 1 -7.494 -3.6790000000000003 1 -5.193999999999999 -3.729000000000001 0 -5.144 -3.729000000000001 0 -5.144 -3.6790000000000003 0 -5.193999999999999 -3.6790000000000003 0 -5.193999999999999 -3.729000000000001 1 -5.144 -3.729000000000001 1 -5.144 -3.6790000000000003 1 -5.193999999999999 -3.6790000000000003 1 -5.0440000000000005 -3.729000000000001 0 -3.8439999999999994 -3.729000000000001 0 -3.8439999999999994 -3.6790000000000003 0 -5.0440000000000005 -3.6790000000000003 0 -5.0440000000000005 -3.729000000000001 1 -3.8439999999999994 -3.729000000000001 1 -3.8439999999999994 -3.6790000000000003 1 -5.0440000000000005 -3.6790000000000003 1 1.4060000000000006 -3.729000000000001 0 2.4060000000000006 -3.729000000000001 0 2.4060000000000006 -3.6790000000000003 0 1.4060000000000006 -3.6790000000000003 0 1.4060000000000006 -3.729000000000001 1 2.4060000000000006 -3.729000000000001 1 2.4060000000000006 -3.6790000000000003 1 1.4060000000000006 -3.6790000000000003 1 2.756000000000002 -3.729000000000001 0 3.856 -3.729000000000001 0 3.856 -3.6790000000000003 0 2.756000000000002 -3.6790000000000003 0 2.756000000000002 -3.729000000000001 1 3.856 -3.729000000000001 1 3.856 -3.6790000000000003 1 2.756000000000002 -3.6790000000000003 1 -8.644 -3.779 0 -8.594 -3.779 0 -8.594 -3.729000000000001 0 -8.644 -3.729000000000001 0 -8.644 -3.779 1 -8.594 -3.779 1 -8.594 -3.729000000000001 1 -8.644 -3.729000000000001 1 -7.444 -3.779 0 -7.343999999999999 -3.779 0 -7.343999999999999 -3.729000000000001 0 -7.444 -3.729000000000001 0 -7.444 -3.779 1 -7.343999999999999 -3.779 1 -7.343999999999999 -3.729000000000001 1 -7.444 -3.729000000000001 1 -7.294 -3.779 0 -6.994 -3.779 0 -6.994 -3.729000000000001 0 -7.294 -3.729000000000001 0 -7.294 -3.779 1 -6.994 -3.779 1 -6.994 -3.729000000000001 1 -7.294 -3.729000000000001 1 -4.994 -3.779 0 -3.7439999999999998 -3.779 0 -3.7439999999999998 -3.729000000000001 0 -4.994 -3.729000000000001 0 -4.994 -3.779 1 -3.7439999999999998 -3.779 1 -3.7439999999999998 -3.729000000000001 1 -4.994 -3.729000000000001 1 0.6560000000000006 -3.779 0 0.7060000000000013 -3.779 0 0.7060000000000013 -3.729000000000001 0 0.6560000000000006 -3.729000000000001 0 0.6560000000000006 -3.779 1 0.7060000000000013 -3.779 1 0.7060000000000013 -3.729000000000001 1 0.6560000000000006 -3.729000000000001 1 1.3559999999999999 -3.779 0 2.1560000000000006 -3.779 0 2.1560000000000006 -3.729000000000001 0 1.3559999999999999 -3.729000000000001 0 1.3559999999999999 -3.779 1 2.1560000000000006 -3.779 1 2.1560000000000006 -3.729000000000001 1 1.3559999999999999 -3.729000000000001 1 2.805999999999999 -3.779 0 3.9060000000000006 -3.779 0 3.9060000000000006 -3.729000000000001 0 2.805999999999999 -3.729000000000001 0 2.805999999999999 -3.779 1 3.9060000000000006 -3.779 1 3.9060000000000006 -3.729000000000001 1 2.805999999999999 -3.729000000000001 1 -8.544 -3.8290000000000006 0 -8.394 -3.8290000000000006 0 -8.394 -3.729000000000001 0 -8.544 -3.729000000000001 0 -8.544 -3.8290000000000006 1 -8.394 -3.8290000000000006 1 -8.394 -3.729000000000001 1 -8.544 -3.729000000000001 1 -7.444 -3.8290000000000006 0 -6.994 -3.8290000000000006 0 -6.994 -3.779 0 -7.444 -3.779 0 -7.444 -3.8290000000000006 1 -6.994 -3.8290000000000006 1 -6.994 -3.779 1 -7.444 -3.779 1 -4.894 -3.8290000000000006 0 -3.644 -3.8290000000000006 0 -3.644 -3.779 0 -4.894 -3.779 0 -4.894 -3.8290000000000006 1 -3.644 -3.8290000000000006 1 -3.644 -3.779 1 -4.894 -3.779 1 0.6059999999999999 -3.8290000000000006 0 0.7060000000000013 -3.8290000000000006 0 0.7060000000000013 -3.779 0 0.6059999999999999 -3.779 0 0.6059999999999999 -3.8290000000000006 1 0.7060000000000013 -3.8290000000000006 1 0.7060000000000013 -3.779 1 0.6059999999999999 -3.779 1 1.4060000000000006 -3.8290000000000006 0 2.1560000000000006 -3.8290000000000006 0 2.1560000000000006 -3.779 0 1.4060000000000006 -3.779 0 1.4060000000000006 -3.8290000000000006 1 2.1560000000000006 -3.8290000000000006 1 2.1560000000000006 -3.779 1 1.4060000000000006 -3.779 1 2.9060000000000006 -3.8290000000000006 0 3.9060000000000006 -3.8290000000000006 0 3.9060000000000006 -3.779 0 2.9060000000000006 -3.779 0 2.9060000000000006 -3.8290000000000006 1 3.9060000000000006 -3.8290000000000006 1 3.9060000000000006 -3.779 1 2.9060000000000006 -3.779 1 -7.644 -3.8789999999999996 0 -7.444 -3.8789999999999996 0 -7.444 -3.8290000000000006 0 -7.644 -3.8290000000000006 0 -7.644 -3.8789999999999996 1 -7.444 -3.8789999999999996 1 -7.444 -3.8290000000000006 1 -7.644 -3.8290000000000006 1 -7.394 -3.8789999999999996 0 -6.994 -3.8789999999999996 0 -6.994 -3.8290000000000006 0 -7.394 -3.8290000000000006 0 -7.394 -3.8789999999999996 1 -6.994 -3.8789999999999996 1 -6.994 -3.8290000000000006 1 -7.394 -3.8290000000000006 1 -4.7940000000000005 -3.8789999999999996 0 -3.5939999999999994 -3.8789999999999996 0 -3.5939999999999994 -3.8290000000000006 0 -4.7940000000000005 -3.8290000000000006 0 -4.7940000000000005 -3.8789999999999996 1 -3.5939999999999994 -3.8789999999999996 1 -3.5939999999999994 -3.8290000000000006 1 -4.7940000000000005 -3.8290000000000006 1 0.6059999999999999 -3.8789999999999996 0 0.6560000000000006 -3.8789999999999996 0 0.6560000000000006 -3.8290000000000006 0 0.6059999999999999 -3.8290000000000006 0 0.6059999999999999 -3.8789999999999996 1 0.6560000000000006 -3.8789999999999996 1 0.6560000000000006 -3.8290000000000006 1 0.6059999999999999 -3.8290000000000006 1 1.4560000000000013 -3.8789999999999996 0 2.1560000000000006 -3.8789999999999996 0 2.1560000000000006 -3.8290000000000006 0 1.4560000000000013 -3.8290000000000006 0 1.4560000000000013 -3.8789999999999996 1 2.1560000000000006 -3.8789999999999996 1 2.1560000000000006 -3.8290000000000006 1 1.4560000000000013 -3.8290000000000006 1 2.9560000000000013 -3.8789999999999996 0 3.9060000000000006 -3.8789999999999996 0 3.9060000000000006 -3.8290000000000006 0 2.9560000000000013 -3.8290000000000006 0 2.9560000000000013 -3.8789999999999996 1 3.9060000000000006 -3.8789999999999996 1 3.9060000000000006 -3.8290000000000006 1 2.9560000000000013 -3.8290000000000006 1 -10.094 -3.9290000000000003 0 -9.994 -3.9290000000000003 0 -9.994 -3.8290000000000006 0 -10.094 -3.8290000000000006 0 -10.094 -3.9290000000000003 1 -9.994 -3.9290000000000003 1 -9.994 -3.8290000000000006 1 -10.094 -3.8290000000000006 1 -9.894 -3.9290000000000003 0 -9.844 -3.9290000000000003 0 -9.844 -3.8789999999999996 0 -9.894 -3.8789999999999996 0 -9.894 -3.9290000000000003 1 -9.844 -3.9290000000000003 1 -9.844 -3.8789999999999996 1 -9.894 -3.8789999999999996 1 -7.544 -3.9290000000000003 0 -7.494 -3.9290000000000003 0 -7.494 -3.8789999999999996 0 -7.544 -3.8789999999999996 0 -7.544 -3.9290000000000003 1 -7.494 -3.9290000000000003 1 -7.494 -3.8789999999999996 1 -7.544 -3.8789999999999996 1 -7.444 -3.9290000000000003 0 -6.944 -3.9290000000000003 0 -6.944 -3.8789999999999996 0 -7.444 -3.8789999999999996 0 -7.444 -3.9290000000000003 1 -6.944 -3.9290000000000003 1 -6.944 -3.8789999999999996 1 -7.444 -3.8789999999999996 1 -4.744 -3.9290000000000003 0 -3.4939999999999998 -3.9290000000000003 0 -3.4939999999999998 -3.8789999999999996 0 -4.744 -3.8789999999999996 0 -4.744 -3.9290000000000003 1 -3.4939999999999998 -3.9290000000000003 1 -3.4939999999999998 -3.8789999999999996 1 -4.744 -3.8789999999999996 1 0.5560000000000009 -3.9290000000000003 0 0.6059999999999999 -3.9290000000000003 0 0.6059999999999999 -3.8789999999999996 0 0.5560000000000009 -3.8789999999999996 0 0.5560000000000009 -3.9290000000000003 1 0.6059999999999999 -3.9290000000000003 1 0.6059999999999999 -3.8789999999999996 1 0.5560000000000009 -3.8789999999999996 1 1.2560000000000002 -3.9290000000000003 0 1.3559999999999999 -3.9290000000000003 0 1.3559999999999999 -3.8789999999999996 0 1.2560000000000002 -3.8789999999999996 0 1.2560000000000002 -3.9290000000000003 1 1.3559999999999999 -3.9290000000000003 1 1.3559999999999999 -3.8789999999999996 1 1.2560000000000002 -3.8789999999999996 1 1.5060000000000002 -3.9290000000000003 0 2.1560000000000006 -3.9290000000000003 0 2.1560000000000006 -3.8789999999999996 0 1.5060000000000002 -3.8789999999999996 0 1.5060000000000002 -3.9290000000000003 1 2.1560000000000006 -3.9290000000000003 1 2.1560000000000006 -3.8789999999999996 1 1.5060000000000002 -3.8789999999999996 1 3.006000000000002 -3.9290000000000003 0 3.9060000000000006 -3.9290000000000003 0 3.9060000000000006 -3.8789999999999996 0 3.006000000000002 -3.8789999999999996 0 3.006000000000002 -3.9290000000000003 1 3.9060000000000006 -3.9290000000000003 1 3.9060000000000006 -3.8789999999999996 1 3.006000000000002 -3.8789999999999996 1 -9.994 -3.979000000000001 0 -9.894 -3.979000000000001 0 -9.894 -3.9290000000000003 0 -9.994 -3.9290000000000003 0 -9.994 -3.979000000000001 1 -9.894 -3.979000000000001 1 -9.894 -3.9290000000000003 1 -9.994 -3.9290000000000003 1 -7.494 -3.979000000000001 0 -7.444 -3.979000000000001 0 -7.444 -3.9290000000000003 0 -7.494 -3.9290000000000003 0 -7.494 -3.979000000000001 1 -7.444 -3.979000000000001 1 -7.444 -3.9290000000000003 1 -7.494 -3.9290000000000003 1 -7.394 -3.979000000000001 0 -6.894 -3.979000000000001 0 -6.894 -3.9290000000000003 0 -7.394 -3.9290000000000003 0 -7.394 -3.979000000000001 1 -6.894 -3.979000000000001 1 -6.894 -3.9290000000000003 1 -7.394 -3.9290000000000003 1 -4.693999999999999 -3.979000000000001 0 -3.443999999999999 -3.979000000000001 0 -3.443999999999999 -3.9290000000000003 0 -4.693999999999999 -3.9290000000000003 0 -4.693999999999999 -3.979000000000001 1 -3.443999999999999 -3.979000000000001 1 -3.443999999999999 -3.9290000000000003 1 -4.693999999999999 -3.9290000000000003 1 1.2060000000000013 -3.979000000000001 0 1.3559999999999999 -3.979000000000001 0 1.3559999999999999 -3.9290000000000003 0 1.2060000000000013 -3.9290000000000003 0 1.2060000000000013 -3.979000000000001 1 1.3559999999999999 -3.979000000000001 1 1.3559999999999999 -3.9290000000000003 1 1.2060000000000013 -3.9290000000000003 1 1.556000000000001 -3.979000000000001 0 2.1560000000000006 -3.979000000000001 0 2.1560000000000006 -3.9290000000000003 0 1.556000000000001 -3.9290000000000003 0 1.556000000000001 -3.979000000000001 1 2.1560000000000006 -3.979000000000001 1 2.1560000000000006 -3.9290000000000003 1 1.556000000000001 -3.9290000000000003 1 3.106 -3.979000000000001 0 3.9060000000000006 -3.979000000000001 0 3.9060000000000006 -3.9290000000000003 0 3.106 -3.9290000000000003 0 3.106 -3.979000000000001 1 3.9060000000000006 -3.979000000000001 1 3.9060000000000006 -3.9290000000000003 1 3.106 -3.9290000000000003 1 -10.144 -4.029 0 -10.044 -4.029 0 -10.044 -3.9290000000000003 0 -10.144 -3.9290000000000003 0 -10.144 -4.029 1 -10.044 -4.029 1 -10.044 -3.9290000000000003 1 -10.144 -3.9290000000000003 1 -7.343999999999999 -4.029 0 -7.294 -4.029 0 -7.294 -3.979000000000001 0 -7.343999999999999 -3.979000000000001 0 -7.343999999999999 -4.029 1 -7.294 -4.029 1 -7.294 -3.979000000000001 1 -7.343999999999999 -3.979000000000001 1 -7.244 -4.029 0 -7.144 -4.029 0 -7.144 -3.979000000000001 0 -7.244 -3.979000000000001 0 -7.244 -4.029 1 -7.144 -4.029 1 -7.144 -3.979000000000001 1 -7.244 -3.979000000000001 1 -4.593999999999999 -4.029 0 -3.3439999999999994 -4.029 0 -3.3439999999999994 -3.979000000000001 0 -4.593999999999999 -3.979000000000001 0 -4.593999999999999 -4.029 1 -3.3439999999999994 -4.029 1 -3.3439999999999994 -3.979000000000001 1 -4.593999999999999 -3.979000000000001 1 1.6059999999999999 -4.029 0 2.1560000000000006 -4.029 0 2.1560000000000006 -3.979000000000001 0 1.6059999999999999 -3.979000000000001 0 1.6059999999999999 -4.029 1 2.1560000000000006 -4.029 1 2.1560000000000006 -3.979000000000001 1 1.6059999999999999 -3.979000000000001 1 3.2060000000000013 -4.029 0 3.9060000000000006 -4.029 0 3.9060000000000006 -3.979000000000001 0 3.2060000000000013 -3.979000000000001 0 3.2060000000000013 -4.029 1 3.9060000000000006 -4.029 1 3.9060000000000006 -3.979000000000001 1 3.2060000000000013 -3.979000000000001 1 -7.593999999999999 -4.079000000000001 0 -7.544 -4.079000000000001 0 -7.544 -4.029 0 -7.593999999999999 -4.029 0 -7.593999999999999 -4.079000000000001 1 -7.544 -4.079000000000001 1 -7.544 -4.029 1 -7.593999999999999 -4.029 1 -7.343999999999999 -4.079000000000001 0 -7.144 -4.079000000000001 0 -7.144 -4.029 0 -7.343999999999999 -4.029 0 -7.343999999999999 -4.079000000000001 1 -7.144 -4.079000000000001 1 -7.144 -4.029 1 -7.343999999999999 -4.029 1 -4.5440000000000005 -4.079000000000001 0 -3.2939999999999987 -4.079000000000001 0 -3.2939999999999987 -4.029 0 -4.5440000000000005 -4.029 0 -4.5440000000000005 -4.079000000000001 1 -3.2939999999999987 -4.079000000000001 1 -3.2939999999999987 -4.029 1 -4.5440000000000005 -4.029 1 1.1560000000000006 -4.079000000000001 0 1.306000000000001 -4.079000000000001 0 1.306000000000001 -3.979000000000001 0 1.1560000000000006 -3.979000000000001 0 1.1560000000000006 -4.079000000000001 1 1.306000000000001 -4.079000000000001 1 1.306000000000001 -3.979000000000001 1 1.1560000000000006 -3.979000000000001 1 1.6560000000000006 -4.079000000000001 0 2.106 -4.079000000000001 0 2.106 -4.029 0 1.6560000000000006 -4.029 0 1.6560000000000006 -4.079000000000001 1 2.106 -4.079000000000001 1 2.106 -4.029 1 1.6560000000000006 -4.029 1 3.256000000000002 -4.079000000000001 0 3.9060000000000006 -4.079000000000001 0 3.9060000000000006 -4.029 0 3.256000000000002 -4.029 0 3.256000000000002 -4.079000000000001 1 3.9060000000000006 -4.079000000000001 1 3.9060000000000006 -4.029 1 3.256000000000002 -4.029 1 -9.844 -4.1290000000000004 0 -9.744 -4.1290000000000004 0 -9.744 -3.979000000000001 0 -9.844 -3.979000000000001 0 -9.844 -4.1290000000000004 1 -9.744 -4.1290000000000004 1 -9.744 -3.979000000000001 1 -9.844 -3.979000000000001 1 -7.494 -4.1290000000000004 0 -7.444 -4.1290000000000004 0 -7.444 -4.079000000000001 0 -7.494 -4.079000000000001 0 -7.494 -4.1290000000000004 1 -7.444 -4.1290000000000004 1 -7.444 -4.079000000000001 1 -7.494 -4.079000000000001 1 -7.343999999999999 -4.1290000000000004 0 -7.244 -4.1290000000000004 0 -7.244 -4.079000000000001 0 -7.343999999999999 -4.079000000000001 0 -7.343999999999999 -4.1290000000000004 1 -7.244 -4.1290000000000004 1 -7.244 -4.079000000000001 1 -7.343999999999999 -4.079000000000001 1 -7.194 -4.1290000000000004 0 -7.144 -4.1290000000000004 0 -7.144 -4.079000000000001 0 -7.194 -4.079000000000001 0 -7.194 -4.1290000000000004 1 -7.144 -4.1290000000000004 1 -7.144 -4.079000000000001 1 -7.194 -4.079000000000001 1 -7.093999999999999 -4.1290000000000004 0 -6.894 -4.1290000000000004 0 -6.894 -3.979000000000001 0 -7.093999999999999 -3.979000000000001 0 -7.093999999999999 -4.1290000000000004 1 -6.894 -4.1290000000000004 1 -6.894 -3.979000000000001 1 -7.093999999999999 -3.979000000000001 1 -4.744 -4.1290000000000004 0 -4.644 -4.1290000000000004 0 -4.644 -4.079000000000001 0 -4.744 -4.079000000000001 0 -4.744 -4.1290000000000004 1 -4.644 -4.1290000000000004 1 -4.644 -4.079000000000001 1 -4.744 -4.079000000000001 1 -4.5440000000000005 -4.1290000000000004 0 -4.494 -4.1290000000000004 0 -4.494 -4.079000000000001 0 -4.5440000000000005 -4.079000000000001 0 -4.5440000000000005 -4.1290000000000004 1 -4.494 -4.1290000000000004 1 -4.494 -4.079000000000001 1 -4.5440000000000005 -4.079000000000001 1 -4.443999999999999 -4.1290000000000004 0 -3.193999999999999 -4.1290000000000004 0 -3.193999999999999 -4.079000000000001 0 -4.443999999999999 -4.079000000000001 0 -4.443999999999999 -4.1290000000000004 1 -3.193999999999999 -4.1290000000000004 1 -3.193999999999999 -4.079000000000001 1 -4.443999999999999 -4.079000000000001 1 1.7060000000000013 -4.1290000000000004 0 2.056000000000001 -4.1290000000000004 0 2.056000000000001 -4.079000000000001 0 1.7060000000000013 -4.079000000000001 0 1.7060000000000013 -4.1290000000000004 1 2.056000000000001 -4.1290000000000004 1 2.056000000000001 -4.079000000000001 1 1.7060000000000013 -4.079000000000001 1 3.356 -4.1290000000000004 0 3.856 -4.1290000000000004 0 3.856 -4.079000000000001 0 3.356 -4.079000000000001 0 3.356 -4.1290000000000004 1 3.856 -4.1290000000000004 1 3.856 -4.079000000000001 1 3.356 -4.079000000000001 1 -9.994 -4.179 0 -9.943999999999999 -4.179 0 -9.943999999999999 -4.1290000000000004 0 -9.994 -4.1290000000000004 0 -9.994 -4.179 1 -9.943999999999999 -4.179 1 -9.943999999999999 -4.1290000000000004 1 -9.994 -4.1290000000000004 1 -9.894 -4.179 0 -9.844 -4.179 0 -9.844 -4.1290000000000004 0 -9.894 -4.1290000000000004 0 -9.894 -4.179 1 -9.844 -4.179 1 -9.844 -4.1290000000000004 1 -9.894 -4.1290000000000004 1 -7.444 -4.179 0 -7.144 -4.179 0 -7.144 -4.1290000000000004 0 -7.444 -4.1290000000000004 0 -7.444 -4.179 1 -7.144 -4.179 1 -7.144 -4.1290000000000004 1 -7.444 -4.1290000000000004 1 -7.044 -4.179 0 -6.994 -4.179 0 -6.994 -4.1290000000000004 0 -7.044 -4.1290000000000004 0 -7.044 -4.179 1 -6.994 -4.179 1 -6.994 -4.1290000000000004 1 -7.044 -4.1290000000000004 1 -4.894 -4.179 0 -4.843999999999999 -4.179 0 -4.843999999999999 -4.079000000000001 0 -4.894 -4.079000000000001 0 -4.894 -4.179 1 -4.843999999999999 -4.179 1 -4.843999999999999 -4.079000000000001 1 -4.894 -4.079000000000001 1 -4.343999999999999 -4.179 0 -3.0939999999999994 -4.179 0 -3.0939999999999994 -4.1290000000000004 0 -4.343999999999999 -4.1290000000000004 0 -4.343999999999999 -4.179 1 -3.0939999999999994 -4.179 1 -3.0939999999999994 -4.1290000000000004 1 -4.343999999999999 -4.1290000000000004 1 1.1560000000000006 -4.179 0 1.2560000000000002 -4.179 0 1.2560000000000002 -4.079000000000001 0 1.1560000000000006 -4.079000000000001 0 1.1560000000000006 -4.179 1 1.2560000000000002 -4.179 1 1.2560000000000002 -4.079000000000001 1 1.1560000000000006 -4.079000000000001 1 3.4560000000000013 -4.179 0 3.805999999999999 -4.179 0 3.805999999999999 -4.1290000000000004 0 3.4560000000000013 -4.1290000000000004 0 3.4560000000000013 -4.179 1 3.805999999999999 -4.179 1 3.805999999999999 -4.1290000000000004 1 3.4560000000000013 -4.1290000000000004 1 -4.7940000000000005 -4.229 0 -4.744 -4.229 0 -4.744 -4.179 0 -4.7940000000000005 -4.179 0 -4.7940000000000005 -4.229 1 -4.744 -4.229 1 -4.744 -4.179 1 -4.7940000000000005 -4.179 1 -4.644 -4.229 0 -4.593999999999999 -4.229 0 -4.593999999999999 -4.1290000000000004 0 -4.644 -4.1290000000000004 0 -4.644 -4.229 1 -4.593999999999999 -4.229 1 -4.593999999999999 -4.1290000000000004 1 -4.644 -4.1290000000000004 1 -4.5440000000000005 -4.229 0 -4.494 -4.229 0 -4.494 -4.179 0 -4.5440000000000005 -4.179 0 -4.5440000000000005 -4.229 1 -4.494 -4.229 1 -4.494 -4.179 1 -4.5440000000000005 -4.179 1 -4.244 -4.229 0 -3.0439999999999987 -4.229 0 -3.0439999999999987 -4.179 0 -4.244 -4.179 0 -4.244 -4.229 1 -3.0439999999999987 -4.229 1 -3.0439999999999987 -4.179 1 -4.244 -4.179 1 -2.943999999999999 -4.229 0 -2.7939999999999987 -4.229 0 -2.7939999999999987 -4.179 0 -2.943999999999999 -4.179 0 -2.943999999999999 -4.229 1 -2.7939999999999987 -4.229 1 -2.7939999999999987 -4.179 1 -2.943999999999999 -4.179 1 1.1059999999999999 -4.229 0 1.2560000000000002 -4.229 0 1.2560000000000002 -4.179 0 1.1059999999999999 -4.179 0 1.1059999999999999 -4.229 1 1.2560000000000002 -4.229 1 1.2560000000000002 -4.179 1 1.1059999999999999 -4.179 1 -9.943999999999999 -4.279 0 -9.844 -4.279 0 -9.844 -4.229 0 -9.943999999999999 -4.229 0 -9.943999999999999 -4.279 1 -9.844 -4.279 1 -9.844 -4.229 1 -9.943999999999999 -4.229 1 -7.444 -4.279 0 -7.394 -4.279 0 -7.394 -4.179 0 -7.444 -4.179 0 -7.444 -4.279 1 -7.394 -4.279 1 -7.394 -4.179 1 -7.444 -4.179 1 -7.244 -4.279 0 -7.194 -4.279 0 -7.194 -4.229 0 -7.244 -4.229 0 -7.244 -4.279 1 -7.194 -4.279 1 -7.194 -4.229 1 -7.244 -4.229 1 -4.943999999999999 -4.279 0 -4.894 -4.279 0 -4.894 -4.179 0 -4.943999999999999 -4.179 0 -4.943999999999999 -4.279 1 -4.894 -4.279 1 -4.894 -4.179 1 -4.943999999999999 -4.179 1 -4.494 -4.279 0 -4.443999999999999 -4.279 0 -4.443999999999999 -4.229 0 -4.494 -4.229 0 -4.494 -4.279 1 -4.443999999999999 -4.279 1 -4.443999999999999 -4.229 1 -4.494 -4.229 1 -4.193999999999999 -4.279 0 -2.943999999999999 -4.279 0 -2.943999999999999 -4.229 0 -4.193999999999999 -4.229 0 -4.193999999999999 -4.279 1 -2.943999999999999 -4.279 1 -2.943999999999999 -4.229 1 -4.193999999999999 -4.229 1 -2.894 -4.279 0 -2.693999999999999 -4.279 0 -2.693999999999999 -4.229 0 -2.894 -4.229 0 -2.894 -4.279 1 -2.693999999999999 -4.279 1 -2.693999999999999 -4.229 1 -2.894 -4.229 1 1.0060000000000002 -4.279 0 1.2060000000000013 -4.279 0 1.2060000000000013 -4.229 0 1.0060000000000002 -4.229 0 1.0060000000000002 -4.279 1 1.2060000000000013 -4.279 1 1.2060000000000013 -4.229 1 1.0060000000000002 -4.229 1 -9.894 -4.329000000000001 0 -9.844 -4.329000000000001 0 -9.844 -4.279 0 -9.894 -4.279 0 -9.894 -4.329000000000001 1 -9.844 -4.329000000000001 1 -9.844 -4.279 1 -9.894 -4.279 1 -7.544 -4.329000000000001 0 -7.494 -4.329000000000001 0 -7.494 -4.279 0 -7.544 -4.279 0 -7.544 -4.329000000000001 1 -7.494 -4.329000000000001 1 -7.494 -4.279 1 -7.544 -4.279 1 -7.394 -4.329000000000001 0 -7.343999999999999 -4.329000000000001 0 -7.343999999999999 -4.279 0 -7.394 -4.279 0 -7.394 -4.329000000000001 1 -7.343999999999999 -4.329000000000001 1 -7.343999999999999 -4.279 1 -7.394 -4.279 1 -7.294 -4.329000000000001 0 -7.244 -4.329000000000001 0 -7.244 -4.279 0 -7.294 -4.279 0 -7.294 -4.329000000000001 1 -7.244 -4.329000000000001 1 -7.244 -4.279 1 -7.294 -4.279 1 -5.193999999999999 -4.329000000000001 0 -5.144 -4.329000000000001 0 -5.144 -4.279 0 -5.193999999999999 -4.279 0 -5.193999999999999 -4.329000000000001 1 -5.144 -4.329000000000001 1 -5.144 -4.279 1 -5.193999999999999 -4.279 1 -4.994 -4.329000000000001 0 -4.943999999999999 -4.329000000000001 0 -4.943999999999999 -4.279 0 -4.994 -4.279 0 -4.994 -4.329000000000001 1 -4.943999999999999 -4.329000000000001 1 -4.943999999999999 -4.279 1 -4.994 -4.279 1 -4.843999999999999 -4.329000000000001 0 -4.7940000000000005 -4.329000000000001 0 -4.7940000000000005 -4.279 0 -4.843999999999999 -4.279 0 -4.843999999999999 -4.329000000000001 1 -4.7940000000000005 -4.329000000000001 1 -4.7940000000000005 -4.279 1 -4.843999999999999 -4.279 1 -4.744 -4.329000000000001 0 -4.693999999999999 -4.329000000000001 0 -4.693999999999999 -4.279 0 -4.744 -4.279 0 -4.744 -4.329000000000001 1 -4.693999999999999 -4.329000000000001 1 -4.693999999999999 -4.279 1 -4.744 -4.279 1 -4.093999999999999 -4.329000000000001 0 -2.894 -4.329000000000001 0 -2.894 -4.279 0 -4.093999999999999 -4.279 0 -4.093999999999999 -4.329000000000001 1 -2.894 -4.329000000000001 1 -2.894 -4.279 1 -4.093999999999999 -4.279 1 -2.8439999999999994 -4.329000000000001 0 -2.5939999999999994 -4.329000000000001 0 -2.5939999999999994 -4.279 0 -2.8439999999999994 -4.279 0 -2.8439999999999994 -4.329000000000001 1 -2.5939999999999994 -4.329000000000001 1 -2.5939999999999994 -4.279 1 -2.8439999999999994 -4.279 1 1.0060000000000002 -4.329000000000001 0 1.1560000000000006 -4.329000000000001 0 1.1560000000000006 -4.279 0 1.0060000000000002 -4.279 0 1.0060000000000002 -4.329000000000001 1 1.1560000000000006 -4.329000000000001 1 1.1560000000000006 -4.279 1 1.0060000000000002 -4.279 1 -9.943999999999999 -4.3790000000000004 0 -9.744 -4.3790000000000004 0 -9.744 -4.329000000000001 0 -9.943999999999999 -4.329000000000001 0 -9.943999999999999 -4.3790000000000004 1 -9.744 -4.3790000000000004 1 -9.744 -4.329000000000001 1 -9.943999999999999 -4.329000000000001 1 -7.494 -4.3790000000000004 0 -7.394 -4.3790000000000004 0 -7.394 -4.329000000000001 0 -7.494 -4.329000000000001 0 -7.494 -4.3790000000000004 1 -7.394 -4.3790000000000004 1 -7.394 -4.329000000000001 1 -7.494 -4.329000000000001 1 -7.343999999999999 -4.3790000000000004 0 -7.294 -4.3790000000000004 0 -7.294 -4.329000000000001 0 -7.343999999999999 -4.329000000000001 0 -7.343999999999999 -4.3790000000000004 1 -7.294 -4.3790000000000004 1 -7.294 -4.329000000000001 1 -7.343999999999999 -4.329000000000001 1 -5.144 -4.3790000000000004 0 -5.093999999999999 -4.3790000000000004 0 -5.093999999999999 -4.329000000000001 0 -5.144 -4.329000000000001 0 -5.144 -4.3790000000000004 1 -5.093999999999999 -4.3790000000000004 1 -5.093999999999999 -4.329000000000001 1 -5.144 -4.329000000000001 1 -5.0440000000000005 -4.3790000000000004 0 -4.943999999999999 -4.3790000000000004 0 -4.943999999999999 -4.329000000000001 0 -5.0440000000000005 -4.329000000000001 0 -5.0440000000000005 -4.3790000000000004 1 -4.943999999999999 -4.3790000000000004 1 -4.943999999999999 -4.329000000000001 1 -5.0440000000000005 -4.329000000000001 1 -4.7940000000000005 -4.3790000000000004 0 -4.744 -4.3790000000000004 0 -4.744 -4.329000000000001 0 -4.7940000000000005 -4.329000000000001 0 -4.7940000000000005 -4.3790000000000004 1 -4.744 -4.3790000000000004 1 -4.744 -4.329000000000001 1 -4.7940000000000005 -4.329000000000001 1 -4.0440000000000005 -4.3790000000000004 0 -2.443999999999999 -4.3790000000000004 0 -2.443999999999999 -4.329000000000001 0 -4.0440000000000005 -4.329000000000001 0 -4.0440000000000005 -4.3790000000000004 1 -2.443999999999999 -4.3790000000000004 1 -2.443999999999999 -4.329000000000001 1 -4.0440000000000005 -4.329000000000001 1 0.9560000000000013 -4.3790000000000004 0 1.1560000000000006 -4.3790000000000004 0 1.1560000000000006 -4.329000000000001 0 0.9560000000000013 -4.329000000000001 0 0.9560000000000013 -4.3790000000000004 1 1.1560000000000006 -4.3790000000000004 1 1.1560000000000006 -4.329000000000001 1 0.9560000000000013 -4.329000000000001 1 -7.494 -4.429 0 -7.444 -4.429 0 -7.444 -4.3790000000000004 0 -7.494 -4.3790000000000004 0 -7.494 -4.429 1 -7.444 -4.429 1 -7.444 -4.3790000000000004 1 -7.494 -4.3790000000000004 1 -7.394 -4.429 0 -7.294 -4.429 0 -7.294 -4.3790000000000004 0 -7.394 -4.3790000000000004 0 -7.394 -4.429 1 -7.294 -4.429 1 -7.294 -4.3790000000000004 1 -7.394 -4.3790000000000004 1 -7.244 -4.429 0 -7.194 -4.429 0 -7.194 -4.329000000000001 0 -7.244 -4.329000000000001 0 -7.244 -4.429 1 -7.194 -4.429 1 -7.194 -4.329000000000001 1 -7.244 -4.329000000000001 1 -5.193999999999999 -4.429 0 -5.144 -4.429 0 -5.144 -4.3790000000000004 0 -5.193999999999999 -4.3790000000000004 0 -5.193999999999999 -4.429 1 -5.144 -4.429 1 -5.144 -4.3790000000000004 1 -5.193999999999999 -4.3790000000000004 1 -5.093999999999999 -4.429 0 -5.0440000000000005 -4.429 0 -5.0440000000000005 -4.3790000000000004 0 -5.093999999999999 -4.3790000000000004 0 -5.093999999999999 -4.429 1 -5.0440000000000005 -4.429 1 -5.0440000000000005 -4.3790000000000004 1 -5.093999999999999 -4.3790000000000004 1 -3.943999999999999 -4.429 0 -2.3439999999999994 -4.429 0 -2.3439999999999994 -4.3790000000000004 0 -3.943999999999999 -4.3790000000000004 0 -3.943999999999999 -4.429 1 -2.3439999999999994 -4.429 1 -2.3439999999999994 -4.3790000000000004 1 -3.943999999999999 -4.3790000000000004 1 0.9060000000000006 -4.429 0 1.1560000000000006 -4.429 0 1.1560000000000006 -4.3790000000000004 0 0.9060000000000006 -4.3790000000000004 0 0.9060000000000006 -4.429 1 1.1560000000000006 -4.429 1 1.1560000000000006 -4.3790000000000004 1 0.9060000000000006 -4.3790000000000004 1 -9.994 -4.479 0 -9.943999999999999 -4.479 0 -9.943999999999999 -4.429 0 -9.994 -4.429 0 -9.994 -4.479 1 -9.943999999999999 -4.479 1 -9.943999999999999 -4.429 1 -9.994 -4.429 1 -8.844000000000001 -4.479 0 -8.744 -4.479 0 -8.744 -4.429 0 -8.844000000000001 -4.429 0 -8.844000000000001 -4.479 1 -8.744 -4.479 1 -8.744 -4.429 1 -8.844000000000001 -4.429 1 -7.394 -4.479 0 -7.144 -4.479 0 -7.144 -4.429 0 -7.394 -4.429 0 -7.394 -4.479 1 -7.144 -4.479 1 -7.144 -4.429 1 -7.394 -4.429 1 -4.943999999999999 -4.479 0 -4.843999999999999 -4.479 0 -4.843999999999999 -4.429 0 -4.943999999999999 -4.429 0 -4.943999999999999 -4.479 1 -4.843999999999999 -4.479 1 -4.843999999999999 -4.429 1 -4.943999999999999 -4.429 1 -3.894 -4.479 0 -2.394 -4.479 0 -2.394 -4.429 0 -3.894 -4.429 0 -3.894 -4.479 1 -2.394 -4.479 1 -2.394 -4.429 1 -3.894 -4.429 1 0.9060000000000006 -4.479 0 1.1059999999999999 -4.479 0 1.1059999999999999 -4.429 0 0.9060000000000006 -4.429 0 0.9060000000000006 -4.479 1 1.1059999999999999 -4.479 1 1.1059999999999999 -4.429 1 0.9060000000000006 -4.429 1 -8.644 -4.529 0 -8.594 -4.529 0 -8.594 -4.479 0 -8.644 -4.479 0 -8.644 -4.529 1 -8.594 -4.529 1 -8.594 -4.479 1 -8.644 -4.479 1 -7.444 -4.529 0 -7.343999999999999 -4.529 0 -7.343999999999999 -4.479 0 -7.444 -4.479 0 -7.444 -4.529 1 -7.343999999999999 -4.529 1 -7.343999999999999 -4.479 1 -7.444 -4.479 1 -7.294 -4.529 0 -7.244 -4.529 0 -7.244 -4.479 0 -7.294 -4.479 0 -7.294 -4.529 1 -7.244 -4.529 1 -7.244 -4.479 1 -7.294 -4.479 1 -5.0440000000000005 -4.529 0 -4.994 -4.529 0 -4.994 -4.479 0 -5.0440000000000005 -4.479 0 -5.0440000000000005 -4.529 1 -4.994 -4.529 1 -4.994 -4.479 1 -5.0440000000000005 -4.479 1 -3.7939999999999987 -4.529 0 -2.443999999999999 -4.529 0 -2.443999999999999 -4.479 0 -3.7939999999999987 -4.479 0 -3.7939999999999987 -4.529 1 -2.443999999999999 -4.529 1 -2.443999999999999 -4.479 1 -3.7939999999999987 -4.479 1 0.8060000000000009 -4.529 0 1.056000000000001 -4.529 0 1.056000000000001 -4.479 0 0.8060000000000009 -4.479 0 0.8060000000000009 -4.529 1 1.056000000000001 -4.529 1 1.056000000000001 -4.479 1 0.8060000000000009 -4.479 1 -8.693999999999999 -4.579000000000001 0 -8.644 -4.579000000000001 0 -8.644 -4.529 0 -8.693999999999999 -4.529 0 -8.693999999999999 -4.579000000000001 1 -8.644 -4.579000000000001 1 -8.644 -4.529 1 -8.693999999999999 -4.529 1 -7.394 -4.579000000000001 0 -7.294 -4.579000000000001 0 -7.294 -4.529 0 -7.394 -4.529 0 -7.394 -4.579000000000001 1 -7.294 -4.579000000000001 1 -7.294 -4.529 1 -7.394 -4.529 1 -7.194 -4.579000000000001 0 -7.144 -4.579000000000001 0 -7.144 -4.529 0 -7.194 -4.529 0 -7.194 -4.579000000000001 1 -7.144 -4.579000000000001 1 -7.144 -4.529 1 -7.194 -4.529 1 -5.144 -4.579000000000001 0 -5.093999999999999 -4.579000000000001 0 -5.093999999999999 -4.429 0 -5.144 -4.429 0 -5.144 -4.579000000000001 1 -5.093999999999999 -4.579000000000001 1 -5.093999999999999 -4.429 1 -5.144 -4.429 1 -3.693999999999999 -4.579000000000001 0 -2.394 -4.579000000000001 0 -2.394 -4.529 0 -3.693999999999999 -4.529 0 -3.693999999999999 -4.579000000000001 1 -2.394 -4.579000000000001 1 -2.394 -4.529 1 -3.693999999999999 -4.529 1 0.8559999999999999 -4.579000000000001 0 1.0060000000000002 -4.579000000000001 0 1.0060000000000002 -4.529 0 0.8559999999999999 -4.529 0 0.8559999999999999 -4.579000000000001 1 1.0060000000000002 -4.579000000000001 1 1.0060000000000002 -4.529 1 0.8559999999999999 -4.529 1 -8.644 -4.6290000000000004 0 -8.394 -4.6290000000000004 0 -8.394 -4.579000000000001 0 -8.644 -4.579000000000001 0 -8.644 -4.6290000000000004 1 -8.394 -4.6290000000000004 1 -8.394 -4.579000000000001 1 -8.644 -4.579000000000001 1 -8.344 -4.6290000000000004 0 -8.294 -4.6290000000000004 0 -8.294 -4.579000000000001 0 -8.344 -4.579000000000001 0 -8.344 -4.6290000000000004 1 -8.294 -4.6290000000000004 1 -8.294 -4.579000000000001 1 -8.344 -4.579000000000001 1 -8.244 -4.6290000000000004 0 -8.193999999999999 -4.6290000000000004 0 -8.193999999999999 -4.579000000000001 0 -8.244 -4.579000000000001 0 -8.244 -4.6290000000000004 1 -8.193999999999999 -4.6290000000000004 1 -8.193999999999999 -4.579000000000001 1 -8.244 -4.579000000000001 1 -7.343999999999999 -4.6290000000000004 0 -7.294 -4.6290000000000004 0 -7.294 -4.579000000000001 0 -7.343999999999999 -4.579000000000001 0 -7.343999999999999 -4.6290000000000004 1 -7.294 -4.6290000000000004 1 -7.294 -4.579000000000001 1 -7.343999999999999 -4.579000000000001 1 -7.244 -4.6290000000000004 0 -7.144 -4.6290000000000004 0 -7.144 -4.579000000000001 0 -7.244 -4.579000000000001 0 -7.244 -4.6290000000000004 1 -7.144 -4.6290000000000004 1 -7.144 -4.579000000000001 1 -7.244 -4.579000000000001 1 -5.244 -4.6290000000000004 0 -5.144 -4.6290000000000004 0 -5.144 -4.579000000000001 0 -5.244 -4.579000000000001 0 -5.244 -4.6290000000000004 1 -5.144 -4.6290000000000004 1 -5.144 -4.579000000000001 1 -5.244 -4.579000000000001 1 -4.843999999999999 -4.6290000000000004 0 -4.7940000000000005 -4.6290000000000004 0 -4.7940000000000005 -4.579000000000001 0 -4.843999999999999 -4.579000000000001 0 -4.843999999999999 -4.6290000000000004 1 -4.7940000000000005 -4.6290000000000004 1 -4.7940000000000005 -4.579000000000001 1 -4.843999999999999 -4.579000000000001 1 -3.644 -4.6290000000000004 0 -2.3439999999999994 -4.6290000000000004 0 -2.3439999999999994 -4.579000000000001 0 -3.644 -4.579000000000001 0 -3.644 -4.6290000000000004 1 -2.3439999999999994 -4.6290000000000004 1 -2.3439999999999994 -4.579000000000001 1 -3.644 -4.579000000000001 1 0.7060000000000013 -4.6290000000000004 0 1.0060000000000002 -4.6290000000000004 0 1.0060000000000002 -4.579000000000001 0 0.7060000000000013 -4.579000000000001 0 0.7060000000000013 -4.6290000000000004 1 1.0060000000000002 -4.6290000000000004 1 1.0060000000000002 -4.579000000000001 1 0.7060000000000013 -4.579000000000001 1 -8.693999999999999 -4.679 0 -8.644 -4.679 0 -8.644 -4.6290000000000004 0 -8.693999999999999 -4.6290000000000004 0 -8.693999999999999 -4.679 1 -8.644 -4.679 1 -8.644 -4.6290000000000004 1 -8.693999999999999 -4.6290000000000004 1 -8.594 -4.679 0 -8.144 -4.679 0 -8.144 -4.6290000000000004 0 -8.594 -4.6290000000000004 0 -8.594 -4.679 1 -8.144 -4.679 1 -8.144 -4.6290000000000004 1 -8.594 -4.6290000000000004 1 -7.343999999999999 -4.679 0 -7.244 -4.679 0 -7.244 -4.6290000000000004 0 -7.343999999999999 -4.6290000000000004 0 -7.343999999999999 -4.679 1 -7.244 -4.679 1 -7.244 -4.6290000000000004 1 -7.343999999999999 -4.6290000000000004 1 -7.194 -4.679 0 -7.144 -4.679 0 -7.144 -4.6290000000000004 0 -7.194 -4.6290000000000004 0 -7.194 -4.679 1 -7.144 -4.679 1 -7.144 -4.6290000000000004 1 -7.194 -4.6290000000000004 1 -6.843999999999999 -4.679 0 -6.794 -4.679 0 -6.794 -4.6290000000000004 0 -6.843999999999999 -4.6290000000000004 0 -6.843999999999999 -4.679 1 -6.794 -4.679 1 -6.794 -4.6290000000000004 1 -6.843999999999999 -4.6290000000000004 1 -5.2940000000000005 -4.679 0 -5.244 -4.679 0 -5.244 -4.6290000000000004 0 -5.2940000000000005 -4.6290000000000004 0 -5.2940000000000005 -4.679 1 -5.244 -4.679 1 -5.244 -4.6290000000000004 1 -5.2940000000000005 -4.6290000000000004 1 -3.5439999999999987 -4.679 0 -2.3439999999999994 -4.679 0 -2.3439999999999994 -4.6290000000000004 0 -3.5439999999999987 -4.6290000000000004 0 -3.5439999999999987 -4.679 1 -2.3439999999999994 -4.679 1 -2.3439999999999994 -4.6290000000000004 1 -3.5439999999999987 -4.6290000000000004 1 0.6560000000000006 -4.679 0 0.9560000000000013 -4.679 0 0.9560000000000013 -4.6290000000000004 0 0.6560000000000006 -4.6290000000000004 0 0.6560000000000006 -4.679 1 0.9560000000000013 -4.679 1 0.9560000000000013 -4.6290000000000004 1 0.6560000000000006 -4.6290000000000004 1 -8.693999999999999 -4.729 0 -8.094 -4.729 0 -8.094 -4.679 0 -8.693999999999999 -4.679 0 -8.693999999999999 -4.729 1 -8.094 -4.729 1 -8.094 -4.679 1 -8.693999999999999 -4.679 1 -7.444 -4.729 0 -7.394 -4.729 0 -7.394 -4.679 0 -7.444 -4.679 0 -7.444 -4.729 1 -7.394 -4.729 1 -7.394 -4.679 1 -7.444 -4.679 1 -7.294 -4.729 0 -7.093999999999999 -4.729 0 -7.093999999999999 -4.679 0 -7.294 -4.679 0 -7.294 -4.729 1 -7.093999999999999 -4.729 1 -7.093999999999999 -4.679 1 -7.294 -4.679 1 -5.144 -4.729 0 -5.093999999999999 -4.729 0 -5.093999999999999 -4.679 0 -5.144 -4.679 0 -5.144 -4.729 1 -5.093999999999999 -4.729 1 -5.093999999999999 -4.679 1 -5.144 -4.679 1 -3.4939999999999998 -4.729 0 -2.2439999999999998 -4.729 0 -2.2439999999999998 -4.679 0 -3.4939999999999998 -4.679 0 -3.4939999999999998 -4.729 1 -2.2439999999999998 -4.729 1 -2.2439999999999998 -4.679 1 -3.4939999999999998 -4.679 1 0.6059999999999999 -4.729 0 0.9060000000000006 -4.729 0 0.9060000000000006 -4.679 0 0.6059999999999999 -4.679 0 0.6059999999999999 -4.729 1 0.9060000000000006 -4.729 1 0.9060000000000006 -4.679 1 0.6059999999999999 -4.679 1 -8.594 -4.779 0 -8.094 -4.779 0 -8.094 -4.729 0 -8.594 -4.729 0 -8.594 -4.779 1 -8.094 -4.779 1 -8.094 -4.729 1 -8.594 -4.729 1 -7.294 -4.779 0 -7.194 -4.779 0 -7.194 -4.729 0 -7.294 -4.729 0 -7.294 -4.779 1 -7.194 -4.779 1 -7.194 -4.729 1 -7.294 -4.729 1 -7.144 -4.779 0 -7.044 -4.779 0 -7.044 -4.729 0 -7.144 -4.729 0 -7.144 -4.779 1 -7.044 -4.779 1 -7.044 -4.729 1 -7.144 -4.729 1 -6.944 -4.779 0 -6.894 -4.779 0 -6.894 -4.729 0 -6.944 -4.729 0 -6.944 -4.779 1 -6.894 -4.779 1 -6.894 -4.729 1 -6.944 -4.729 1 -5.0440000000000005 -4.779 0 -4.943999999999999 -4.779 0 -4.943999999999999 -4.729 0 -5.0440000000000005 -4.729 0 -5.0440000000000005 -4.779 1 -4.943999999999999 -4.779 1 -4.943999999999999 -4.729 1 -5.0440000000000005 -4.729 1 -3.394 -4.779 0 -2.144 -4.779 0 -2.144 -4.729 0 -3.394 -4.729 0 -3.394 -4.779 1 -2.144 -4.779 1 -2.144 -4.729 1 -3.394 -4.729 1 0.5560000000000009 -4.779 0 0.9060000000000006 -4.779 0 0.9060000000000006 -4.729 0 0.5560000000000009 -4.729 0 0.5560000000000009 -4.779 1 0.9060000000000006 -4.779 1 0.9060000000000006 -4.729 1 0.5560000000000009 -4.729 1 -10.644 -4.829000000000001 0 -10.594 -4.829000000000001 0 -10.594 -4.779 0 -10.644 -4.779 0 -10.644 -4.829000000000001 1 -10.594 -4.829000000000001 1 -10.594 -4.779 1 -10.644 -4.779 1 -8.594 -4.829000000000001 0 -7.994 -4.829000000000001 0 -7.994 -4.779 0 -8.594 -4.779 0 -8.594 -4.829000000000001 1 -7.994 -4.829000000000001 1 -7.994 -4.779 1 -8.594 -4.779 1 -7.044 -4.829000000000001 0 -6.944 -4.829000000000001 0 -6.944 -4.779 0 -7.044 -4.779 0 -7.044 -4.829000000000001 1 -6.944 -4.829000000000001 1 -6.944 -4.779 1 -7.044 -4.779 1 -5.193999999999999 -4.829000000000001 0 -5.093999999999999 -4.829000000000001 0 -5.093999999999999 -4.779 0 -5.193999999999999 -4.779 0 -5.193999999999999 -4.829000000000001 1 -5.093999999999999 -4.829000000000001 1 -5.093999999999999 -4.779 1 -5.193999999999999 -4.779 1 -5.0440000000000005 -4.829000000000001 0 -4.994 -4.829000000000001 0 -4.994 -4.779 0 -5.0440000000000005 -4.779 0 -5.0440000000000005 -4.829000000000001 1 -4.994 -4.829000000000001 1 -4.994 -4.779 1 -5.0440000000000005 -4.779 1 -4.843999999999999 -4.829000000000001 0 -4.7940000000000005 -4.829000000000001 0 -4.7940000000000005 -4.779 0 -4.843999999999999 -4.779 0 -4.843999999999999 -4.829000000000001 1 -4.7940000000000005 -4.829000000000001 1 -4.7940000000000005 -4.779 1 -4.843999999999999 -4.779 1 -4.744 -4.829000000000001 0 -4.693999999999999 -4.829000000000001 0 -4.693999999999999 -4.779 0 -4.744 -4.779 0 -4.744 -4.829000000000001 1 -4.693999999999999 -4.829000000000001 1 -4.693999999999999 -4.779 1 -4.744 -4.779 1 -3.2939999999999987 -4.829000000000001 0 -2.0939999999999994 -4.829000000000001 0 -2.0939999999999994 -4.779 0 -3.2939999999999987 -4.779 0 -3.2939999999999987 -4.829000000000001 1 -2.0939999999999994 -4.829000000000001 1 -2.0939999999999994 -4.779 1 -3.2939999999999987 -4.779 1 0.5560000000000009 -4.829000000000001 0 0.8559999999999999 -4.829000000000001 0 0.8559999999999999 -4.779 0 0.5560000000000009 -4.779 0 0.5560000000000009 -4.829000000000001 1 0.8559999999999999 -4.829000000000001 1 0.8559999999999999 -4.779 1 0.5560000000000009 -4.779 1 -10.994 -4.8790000000000004 0 -10.943999999999999 -4.8790000000000004 0 -10.943999999999999 -4.829000000000001 0 -10.994 -4.829000000000001 0 -10.994 -4.8790000000000004 1 -10.943999999999999 -4.8790000000000004 1 -10.943999999999999 -4.829000000000001 1 -10.994 -4.829000000000001 1 -10.693999999999999 -4.8790000000000004 0 -10.644 -4.8790000000000004 0 -10.644 -4.829000000000001 0 -10.693999999999999 -4.829000000000001 0 -10.693999999999999 -4.8790000000000004 1 -10.644 -4.8790000000000004 1 -10.644 -4.829000000000001 1 -10.693999999999999 -4.829000000000001 1 -8.693999999999999 -4.8790000000000004 0 -8.094 -4.8790000000000004 0 -8.094 -4.829000000000001 0 -8.693999999999999 -4.829000000000001 0 -8.693999999999999 -4.8790000000000004 1 -8.094 -4.8790000000000004 1 -8.094 -4.829000000000001 1 -8.693999999999999 -4.829000000000001 1 -7.343999999999999 -4.8790000000000004 0 -7.194 -4.8790000000000004 0 -7.194 -4.779 0 -7.343999999999999 -4.779 0 -7.343999999999999 -4.8790000000000004 1 -7.194 -4.8790000000000004 1 -7.194 -4.779 1 -7.343999999999999 -4.779 1 -7.144 -4.8790000000000004 0 -7.093999999999999 -4.8790000000000004 0 -7.093999999999999 -4.779 0 -7.144 -4.779 0 -7.144 -4.8790000000000004 1 -7.093999999999999 -4.8790000000000004 1 -7.093999999999999 -4.779 1 -7.144 -4.779 1 -7.044 -4.8790000000000004 0 -6.894 -4.8790000000000004 0 -6.894 -4.829000000000001 0 -7.044 -4.829000000000001 0 -7.044 -4.8790000000000004 1 -6.894 -4.8790000000000004 1 -6.894 -4.829000000000001 1 -7.044 -4.829000000000001 1 -4.843999999999999 -4.8790000000000004 0 -4.693999999999999 -4.8790000000000004 0 -4.693999999999999 -4.829000000000001 0 -4.843999999999999 -4.829000000000001 0 -4.843999999999999 -4.8790000000000004 1 -4.693999999999999 -4.8790000000000004 1 -4.693999999999999 -4.829000000000001 1 -4.843999999999999 -4.829000000000001 1 -3.2439999999999998 -4.8790000000000004 0 -1.9939999999999998 -4.8790000000000004 0 -1.9939999999999998 -4.829000000000001 0 -3.2439999999999998 -4.829000000000001 0 -3.2439999999999998 -4.8790000000000004 1 -1.9939999999999998 -4.8790000000000004 1 -1.9939999999999998 -4.829000000000001 1 -3.2439999999999998 -4.829000000000001 1 0.5560000000000009 -4.8790000000000004 0 0.8060000000000009 -4.8790000000000004 0 0.8060000000000009 -4.829000000000001 0 0.5560000000000009 -4.829000000000001 0 0.5560000000000009 -4.8790000000000004 1 0.8060000000000009 -4.8790000000000004 1 0.8060000000000009 -4.829000000000001 1 0.5560000000000009 -4.829000000000001 1 -10.844 -4.929 0 -10.794 -4.929 0 -10.794 -4.8790000000000004 0 -10.844 -4.8790000000000004 0 -10.844 -4.929 1 -10.794 -4.929 1 -10.794 -4.8790000000000004 1 -10.844 -4.8790000000000004 1 -10.744 -4.929 0 -10.693999999999999 -4.929 0 -10.693999999999999 -4.8790000000000004 0 -10.744 -4.8790000000000004 0 -10.744 -4.929 1 -10.693999999999999 -4.929 1 -10.693999999999999 -4.8790000000000004 1 -10.744 -4.8790000000000004 1 -8.644 -4.929 0 -8.193999999999999 -4.929 0 -8.193999999999999 -4.8790000000000004 0 -8.644 -4.8790000000000004 0 -8.644 -4.929 1 -8.193999999999999 -4.929 1 -8.193999999999999 -4.8790000000000004 1 -8.644 -4.8790000000000004 1 -8.144 -4.929 0 -8.044 -4.929 0 -8.044 -4.8790000000000004 0 -8.144 -4.8790000000000004 0 -8.144 -4.929 1 -8.044 -4.929 1 -8.044 -4.8790000000000004 1 -8.144 -4.8790000000000004 1 -7.194 -4.929 0 -7.093999999999999 -4.929 0 -7.093999999999999 -4.8790000000000004 0 -7.194 -4.8790000000000004 0 -7.194 -4.929 1 -7.093999999999999 -4.929 1 -7.093999999999999 -4.8790000000000004 1 -7.194 -4.8790000000000004 1 -4.943999999999999 -4.929 0 -4.644 -4.929 0 -4.644 -4.8790000000000004 0 -4.943999999999999 -4.8790000000000004 0 -4.943999999999999 -4.929 1 -4.644 -4.929 1 -4.644 -4.8790000000000004 1 -4.943999999999999 -4.8790000000000004 1 -3.144 -4.929 0 -1.943999999999999 -4.929 0 -1.943999999999999 -4.8790000000000004 0 -3.144 -4.8790000000000004 0 -3.144 -4.929 1 -1.943999999999999 -4.929 1 -1.943999999999999 -4.8790000000000004 1 -3.144 -4.8790000000000004 1 0.4560000000000013 -4.929 0 0.5060000000000002 -4.929 0 0.5060000000000002 -4.8790000000000004 0 0.4560000000000013 -4.8790000000000004 0 0.4560000000000013 -4.929 1 0.5060000000000002 -4.929 1 0.5060000000000002 -4.8790000000000004 1 0.4560000000000013 -4.8790000000000004 1 0.6059999999999999 -4.929 0 0.8060000000000009 -4.929 0 0.8060000000000009 -4.8790000000000004 0 0.6059999999999999 -4.8790000000000004 0 0.6059999999999999 -4.929 1 0.8060000000000009 -4.929 1 0.8060000000000009 -4.8790000000000004 1 0.6059999999999999 -4.8790000000000004 1 -8.544 -4.979 0 -8.144 -4.979 0 -8.144 -4.929 0 -8.544 -4.929 0 -8.544 -4.979 1 -8.144 -4.979 1 -8.144 -4.929 1 -8.544 -4.929 1 -7.294 -4.979 0 -7.244 -4.979 0 -7.244 -4.929 0 -7.294 -4.929 0 -7.294 -4.979 1 -7.244 -4.979 1 -7.244 -4.929 1 -7.294 -4.929 1 -5.494 -4.979 0 -5.444 -4.979 0 -5.444 -4.8790000000000004 0 -5.494 -4.8790000000000004 0 -5.494 -4.979 1 -5.444 -4.979 1 -5.444 -4.8790000000000004 1 -5.494 -4.8790000000000004 1 -4.843999999999999 -4.979 0 -4.593999999999999 -4.979 0 -4.593999999999999 -4.929 0 -4.843999999999999 -4.929 0 -4.843999999999999 -4.979 1 -4.593999999999999 -4.979 1 -4.593999999999999 -4.929 1 -4.843999999999999 -4.929 1 -3.144 -4.979 0 -1.8439999999999994 -4.979 0 -1.8439999999999994 -4.929 0 -3.144 -4.929 0 -3.144 -4.979 1 -1.8439999999999994 -4.979 1 -1.8439999999999994 -4.929 1 -3.144 -4.929 1 -10.894 -5.029 0 -10.844 -5.029 0 -10.844 -4.979 0 -10.894 -4.979 0 -10.894 -5.029 1 -10.844 -5.029 1 -10.844 -4.979 1 -10.894 -4.979 1 -10.794 -5.029 0 -10.744 -5.029 0 -10.744 -4.929 0 -10.794 -4.929 0 -10.794 -5.029 1 -10.744 -5.029 1 -10.744 -4.929 1 -10.794 -4.929 1 -8.494 -5.029 0 -8.144 -5.029 0 -8.144 -4.979 0 -8.494 -4.979 0 -8.494 -5.029 1 -8.144 -5.029 1 -8.144 -4.979 1 -8.494 -4.979 1 -8.094 -5.029 0 -8.044 -5.029 0 -8.044 -4.929 0 -8.094 -4.929 0 -8.094 -5.029 1 -8.044 -5.029 1 -8.044 -4.929 1 -8.094 -4.929 1 -7.343999999999999 -5.029 0 -7.294 -5.029 0 -7.294 -4.979 0 -7.343999999999999 -4.979 0 -7.343999999999999 -5.029 1 -7.294 -5.029 1 -7.294 -4.979 1 -7.343999999999999 -4.979 1 -5.593999999999999 -5.029 0 -5.544 -5.029 0 -5.544 -4.979 0 -5.593999999999999 -4.979 0 -5.593999999999999 -5.029 1 -5.544 -5.029 1 -5.544 -4.979 1 -5.593999999999999 -4.979 1 -4.744 -5.029 0 -4.593999999999999 -5.029 0 -4.593999999999999 -4.979 0 -4.744 -4.979 0 -4.744 -5.029 1 -4.593999999999999 -5.029 1 -4.593999999999999 -4.979 1 -4.744 -4.979 1 -4.443999999999999 -5.029 0 -4.343999999999999 -5.029 0 -4.343999999999999 -4.979 0 -4.443999999999999 -4.979 0 -4.443999999999999 -5.029 1 -4.343999999999999 -5.029 1 -4.343999999999999 -4.979 1 -4.443999999999999 -4.979 1 -3.0439999999999987 -5.029 0 -1.7939999999999987 -5.029 0 -1.7939999999999987 -4.979 0 -3.0439999999999987 -4.979 0 -3.0439999999999987 -5.029 1 -1.7939999999999987 -5.029 1 -1.7939999999999987 -4.979 1 -3.0439999999999987 -4.979 1 0.2560000000000002 -5.029 0 0.30600000000000094 -5.029 0 0.30600000000000094 -4.979 0 0.2560000000000002 -4.979 0 0.2560000000000002 -5.029 1 0.30600000000000094 -5.029 1 0.30600000000000094 -4.979 1 0.2560000000000002 -4.979 1 0.5560000000000009 -5.029 0 0.7560000000000002 -5.029 0 0.7560000000000002 -4.929 0 0.5560000000000009 -4.929 0 0.5560000000000009 -5.029 1 0.7560000000000002 -5.029 1 0.7560000000000002 -4.929 1 0.5560000000000009 -4.929 1 -10.943999999999999 -5.079000000000001 0 -10.844 -5.079000000000001 0 -10.844 -5.029 0 -10.943999999999999 -5.029 0 -10.943999999999999 -5.079000000000001 1 -10.844 -5.079000000000001 1 -10.844 -5.029 1 -10.943999999999999 -5.029 1 -8.494 -5.079000000000001 0 -8.443999999999999 -5.079000000000001 0 -8.443999999999999 -5.029 0 -8.494 -5.029 0 -8.494 -5.079000000000001 1 -8.443999999999999 -5.079000000000001 1 -8.443999999999999 -5.029 1 -8.494 -5.029 1 -8.344 -5.079000000000001 0 -8.294 -5.079000000000001 0 -8.294 -5.029 0 -8.344 -5.029 0 -8.344 -5.079000000000001 1 -8.294 -5.079000000000001 1 -8.294 -5.029 1 -8.344 -5.029 1 -8.244 -5.079000000000001 0 -8.144 -5.079000000000001 0 -8.144 -5.029 0 -8.244 -5.029 0 -8.244 -5.079000000000001 1 -8.144 -5.079000000000001 1 -8.144 -5.029 1 -8.244 -5.029 1 -7.194 -5.079000000000001 0 -7.144 -5.079000000000001 0 -7.144 -4.979 0 -7.194 -4.979 0 -7.194 -5.079000000000001 1 -7.144 -5.079000000000001 1 -7.144 -4.979 1 -7.194 -4.979 1 -6.944 -5.079000000000001 0 -6.894 -5.079000000000001 0 -6.894 -5.029 0 -6.944 -5.029 0 -6.944 -5.079000000000001 1 -6.894 -5.079000000000001 1 -6.894 -5.029 1 -6.944 -5.029 1 -5.343999999999999 -5.079000000000001 0 -5.244 -5.079000000000001 0 -5.244 -5.029 0 -5.343999999999999 -5.029 0 -5.343999999999999 -5.079000000000001 1 -5.244 -5.079000000000001 1 -5.244 -5.029 1 -5.343999999999999 -5.029 1 -4.744 -5.079000000000001 0 -4.5440000000000005 -5.079000000000001 0 -4.5440000000000005 -5.029 0 -4.744 -5.029 0 -4.744 -5.079000000000001 1 -4.5440000000000005 -5.079000000000001 1 -4.5440000000000005 -5.029 1 -4.744 -5.029 1 -4.494 -5.079000000000001 0 -4.244 -5.079000000000001 0 -4.244 -5.029 0 -4.494 -5.029 0 -4.494 -5.079000000000001 1 -4.244 -5.079000000000001 1 -4.244 -5.029 1 -4.494 -5.029 1 -2.943999999999999 -5.079000000000001 0 -1.693999999999999 -5.079000000000001 0 -1.693999999999999 -5.029 0 -2.943999999999999 -5.029 0 -2.943999999999999 -5.079000000000001 1 -1.693999999999999 -5.079000000000001 1 -1.693999999999999 -5.029 1 -2.943999999999999 -5.029 1 0.5060000000000002 -5.079000000000001 0 0.7060000000000013 -5.079000000000001 0 0.7060000000000013 -5.029 0 0.5060000000000002 -5.029 0 0.5060000000000002 -5.079000000000001 1 0.7060000000000013 -5.079000000000001 1 0.7060000000000013 -5.029 1 0.5060000000000002 -5.029 1 -10.943999999999999 -5.1290000000000004 0 -10.894 -5.1290000000000004 0 -10.894 -5.079000000000001 0 -10.943999999999999 -5.079000000000001 0 -10.943999999999999 -5.1290000000000004 1 -10.894 -5.1290000000000004 1 -10.894 -5.079000000000001 1 -10.943999999999999 -5.079000000000001 1 -8.544 -5.1290000000000004 0 -8.494 -5.1290000000000004 0 -8.494 -5.079000000000001 0 -8.544 -5.079000000000001 0 -8.544 -5.1290000000000004 1 -8.494 -5.1290000000000004 1 -8.494 -5.079000000000001 1 -8.544 -5.079000000000001 1 -7.294 -5.1290000000000004 0 -7.244 -5.1290000000000004 0 -7.244 -5.029 0 -7.294 -5.029 0 -7.294 -5.1290000000000004 1 -7.244 -5.1290000000000004 1 -7.244 -5.029 1 -7.294 -5.029 1 -7.093999999999999 -5.1290000000000004 0 -7.044 -5.1290000000000004 0 -7.044 -5.029 0 -7.093999999999999 -5.029 0 -7.093999999999999 -5.1290000000000004 1 -7.044 -5.1290000000000004 1 -7.044 -5.029 1 -7.093999999999999 -5.029 1 -5.343999999999999 -5.1290000000000004 0 -5.2940000000000005 -5.1290000000000004 0 -5.2940000000000005 -5.079000000000001 0 -5.343999999999999 -5.079000000000001 0 -5.343999999999999 -5.1290000000000004 1 -5.2940000000000005 -5.1290000000000004 1 -5.2940000000000005 -5.079000000000001 1 -5.343999999999999 -5.079000000000001 1 -4.644 -5.1290000000000004 0 -4.2940000000000005 -5.1290000000000004 0 -4.2940000000000005 -5.079000000000001 0 -4.644 -5.079000000000001 0 -4.644 -5.1290000000000004 1 -4.2940000000000005 -5.1290000000000004 1 -4.2940000000000005 -5.079000000000001 1 -4.644 -5.079000000000001 1 -4.244 -5.1290000000000004 0 -4.193999999999999 -5.1290000000000004 0 -4.193999999999999 -5.079000000000001 0 -4.244 -5.079000000000001 0 -4.244 -5.1290000000000004 1 -4.193999999999999 -5.1290000000000004 1 -4.193999999999999 -5.079000000000001 1 -4.244 -5.079000000000001 1 -3.2439999999999998 -5.1290000000000004 0 -3.193999999999999 -5.1290000000000004 0 -3.193999999999999 -5.079000000000001 0 -3.2439999999999998 -5.079000000000001 0 -3.2439999999999998 -5.1290000000000004 1 -3.193999999999999 -5.1290000000000004 1 -3.193999999999999 -5.079000000000001 1 -3.2439999999999998 -5.079000000000001 1 -3.0439999999999987 -5.1290000000000004 0 -2.9939999999999998 -5.1290000000000004 0 -2.9939999999999998 -5.079000000000001 0 -3.0439999999999987 -5.079000000000001 0 -3.0439999999999987 -5.1290000000000004 1 -2.9939999999999998 -5.1290000000000004 1 -2.9939999999999998 -5.079000000000001 1 -3.0439999999999987 -5.079000000000001 1 -2.943999999999999 -5.1290000000000004 0 -2.894 -5.1290000000000004 0 -2.894 -5.079000000000001 0 -2.943999999999999 -5.079000000000001 0 -2.943999999999999 -5.1290000000000004 1 -2.894 -5.1290000000000004 1 -2.894 -5.079000000000001 1 -2.943999999999999 -5.079000000000001 1 -2.8439999999999994 -5.1290000000000004 0 -1.5939999999999994 -5.1290000000000004 0 -1.5939999999999994 -5.079000000000001 0 -2.8439999999999994 -5.079000000000001 0 -2.8439999999999994 -5.1290000000000004 1 -1.5939999999999994 -5.1290000000000004 1 -1.5939999999999994 -5.079000000000001 1 -2.8439999999999994 -5.079000000000001 1 0.4560000000000013 -5.1290000000000004 0 0.6560000000000006 -5.1290000000000004 0 0.6560000000000006 -5.079000000000001 0 0.4560000000000013 -5.079000000000001 0 0.4560000000000013 -5.1290000000000004 1 0.6560000000000006 -5.1290000000000004 1 0.6560000000000006 -5.079000000000001 1 0.4560000000000013 -5.079000000000001 1 -10.844 -5.179 0 -10.794 -5.179 0 -10.794 -5.1290000000000004 0 -10.844 -5.1290000000000004 0 -10.844 -5.179 1 -10.794 -5.179 1 -10.794 -5.1290000000000004 1 -10.844 -5.1290000000000004 1 -10.693999999999999 -5.179 0 -10.644 -5.179 0 -10.644 -5.1290000000000004 0 -10.693999999999999 -5.1290000000000004 0 -10.693999999999999 -5.179 1 -10.644 -5.179 1 -10.644 -5.1290000000000004 1 -10.693999999999999 -5.1290000000000004 1 -7.194 -5.179 0 -7.144 -5.179 0 -7.144 -5.1290000000000004 0 -7.194 -5.1290000000000004 0 -7.194 -5.179 1 -7.144 -5.179 1 -7.144 -5.1290000000000004 1 -7.194 -5.1290000000000004 1 -5.694 -5.179 0 -5.644 -5.179 0 -5.644 -5.1290000000000004 0 -5.694 -5.1290000000000004 0 -5.694 -5.179 1 -5.644 -5.179 1 -5.644 -5.1290000000000004 1 -5.694 -5.1290000000000004 1 -5.444 -5.179 0 -5.394 -5.179 0 -5.394 -5.1290000000000004 0 -5.444 -5.1290000000000004 0 -5.444 -5.179 1 -5.394 -5.179 1 -5.394 -5.1290000000000004 1 -5.444 -5.1290000000000004 1 -5.343999999999999 -5.179 0 -5.244 -5.179 0 -5.244 -5.1290000000000004 0 -5.343999999999999 -5.1290000000000004 0 -5.343999999999999 -5.179 1 -5.244 -5.179 1 -5.244 -5.1290000000000004 1 -5.343999999999999 -5.1290000000000004 1 -5.193999999999999 -5.179 0 -5.144 -5.179 0 -5.144 -5.1290000000000004 0 -5.193999999999999 -5.1290000000000004 0 -5.193999999999999 -5.179 1 -5.144 -5.179 1 -5.144 -5.1290000000000004 1 -5.193999999999999 -5.1290000000000004 1 -5.093999999999999 -5.179 0 -5.0440000000000005 -5.179 0 -5.0440000000000005 -5.1290000000000004 0 -5.093999999999999 -5.1290000000000004 0 -5.093999999999999 -5.179 1 -5.0440000000000005 -5.179 1 -5.0440000000000005 -5.1290000000000004 1 -5.093999999999999 -5.1290000000000004 1 -4.693999999999999 -5.179 0 -4.644 -5.179 0 -4.644 -5.1290000000000004 0 -4.693999999999999 -5.1290000000000004 0 -4.693999999999999 -5.179 1 -4.644 -5.179 1 -4.644 -5.1290000000000004 1 -4.693999999999999 -5.1290000000000004 1 -4.593999999999999 -5.179 0 -4.2940000000000005 -5.179 0 -4.2940000000000005 -5.1290000000000004 0 -4.593999999999999 -5.1290000000000004 0 -4.593999999999999 -5.179 1 -4.2940000000000005 -5.179 1 -4.2940000000000005 -5.1290000000000004 1 -4.593999999999999 -5.1290000000000004 1 -4.244 -5.179 0 -3.943999999999999 -5.179 0 -3.943999999999999 -5.1290000000000004 0 -4.244 -5.1290000000000004 0 -4.244 -5.179 1 -3.943999999999999 -5.179 1 -3.943999999999999 -5.1290000000000004 1 -4.244 -5.1290000000000004 1 -2.7939999999999987 -5.179 0 -1.5439999999999987 -5.179 0 -1.5439999999999987 -5.1290000000000004 0 -2.7939999999999987 -5.1290000000000004 0 -2.7939999999999987 -5.179 1 -1.5439999999999987 -5.179 1 -1.5439999999999987 -5.1290000000000004 1 -2.7939999999999987 -5.1290000000000004 1 0.4060000000000006 -5.179 0 0.6560000000000006 -5.179 0 0.6560000000000006 -5.1290000000000004 0 0.4060000000000006 -5.1290000000000004 0 0.4060000000000006 -5.179 1 0.6560000000000006 -5.179 1 0.6560000000000006 -5.1290000000000004 1 0.4060000000000006 -5.1290000000000004 1 -10.994 -5.229 0 -10.943999999999999 -5.229 0 -10.943999999999999 -5.179 0 -10.994 -5.179 0 -10.994 -5.229 1 -10.943999999999999 -5.229 1 -10.943999999999999 -5.179 1 -10.994 -5.179 1 -10.894 -5.229 0 -10.794 -5.229 0 -10.794 -5.179 0 -10.894 -5.179 0 -10.894 -5.229 1 -10.794 -5.229 1 -10.794 -5.179 1 -10.894 -5.179 1 -7.343999999999999 -5.229 0 -7.244 -5.229 0 -7.244 -5.179 0 -7.343999999999999 -5.179 0 -7.343999999999999 -5.229 1 -7.244 -5.229 1 -7.244 -5.179 1 -7.343999999999999 -5.179 1 -7.194 -5.229 0 -7.093999999999999 -5.229 0 -7.093999999999999 -5.179 0 -7.194 -5.179 0 -7.194 -5.229 1 -7.093999999999999 -5.229 1 -7.093999999999999 -5.179 1 -7.194 -5.179 1 -7.044 -5.229 0 -6.994 -5.229 0 -6.994 -5.179 0 -7.044 -5.179 0 -7.044 -5.229 1 -6.994 -5.229 1 -6.994 -5.179 1 -7.044 -5.179 1 -4.593999999999999 -5.229 0 -3.943999999999999 -5.229 0 -3.943999999999999 -5.179 0 -4.593999999999999 -5.179 0 -4.593999999999999 -5.229 1 -3.943999999999999 -5.229 1 -3.943999999999999 -5.179 1 -4.593999999999999 -5.179 1 -3.2439999999999998 -5.229 0 -3.144 -5.229 0 -3.144 -5.179 0 -3.2439999999999998 -5.179 0 -3.2439999999999998 -5.229 1 -3.144 -5.229 1 -3.144 -5.179 1 -3.2439999999999998 -5.179 1 -2.8439999999999994 -5.229 0 -2.7939999999999987 -5.229 0 -2.7939999999999987 -5.179 0 -2.8439999999999994 -5.179 0 -2.8439999999999994 -5.229 1 -2.7939999999999987 -5.229 1 -2.7939999999999987 -5.179 1 -2.8439999999999994 -5.179 1 -2.693999999999999 -5.229 0 -1.443999999999999 -5.229 0 -1.443999999999999 -5.179 0 -2.693999999999999 -5.179 0 -2.693999999999999 -5.229 1 -1.443999999999999 -5.229 1 -1.443999999999999 -5.179 1 -2.693999999999999 -5.179 1 0.4060000000000006 -5.229 0 0.6059999999999999 -5.229 0 0.6059999999999999 -5.179 0 0.4060000000000006 -5.179 0 0.4060000000000006 -5.229 1 0.6059999999999999 -5.229 1 0.6059999999999999 -5.179 1 0.4060000000000006 -5.179 1 -10.943999999999999 -5.279 0 -10.594 -5.279 0 -10.594 -5.229 0 -10.943999999999999 -5.229 0 -10.943999999999999 -5.279 1 -10.594 -5.279 1 -10.594 -5.229 1 -10.943999999999999 -5.229 1 -9.844 -5.279 0 -9.794 -5.279 0 -9.794 -5.229 0 -9.844 -5.229 0 -9.844 -5.279 1 -9.794 -5.279 1 -9.794 -5.229 1 -9.844 -5.229 1 -7.244 -5.279 0 -7.194 -5.279 0 -7.194 -5.229 0 -7.244 -5.229 0 -7.244 -5.279 1 -7.194 -5.279 1 -7.194 -5.229 1 -7.244 -5.229 1 -5.894 -5.279 0 -5.794 -5.279 0 -5.794 -5.229 0 -5.894 -5.229 0 -5.894 -5.279 1 -5.794 -5.279 1 -5.794 -5.229 1 -5.894 -5.229 1 -5.593999999999999 -5.279 0 -5.544 -5.279 0 -5.544 -5.229 0 -5.593999999999999 -5.229 0 -5.593999999999999 -5.279 1 -5.544 -5.279 1 -5.544 -5.229 1 -5.593999999999999 -5.229 1 -4.644 -5.279 0 -4.2940000000000005 -5.279 0 -4.2940000000000005 -5.229 0 -4.644 -5.229 0 -4.644 -5.279 1 -4.2940000000000005 -5.279 1 -4.2940000000000005 -5.229 1 -4.644 -5.229 1 -4.244 -5.279 0 -3.894 -5.279 0 -3.894 -5.229 0 -4.244 -5.229 0 -4.244 -5.279 1 -3.894 -5.279 1 -3.894 -5.229 1 -4.244 -5.229 1 -3.2939999999999987 -5.279 0 -3.193999999999999 -5.279 0 -3.193999999999999 -5.229 0 -3.2939999999999987 -5.229 0 -3.2939999999999987 -5.279 1 -3.193999999999999 -5.279 1 -3.193999999999999 -5.229 1 -3.2939999999999987 -5.229 1 -2.894 -5.279 0 -2.7439999999999998 -5.279 0 -2.7439999999999998 -5.229 0 -2.894 -5.229 0 -2.894 -5.279 1 -2.7439999999999998 -5.279 1 -2.7439999999999998 -5.229 1 -2.894 -5.229 1 -2.5939999999999994 -5.279 0 -1.3940000000000001 -5.279 0 -1.3940000000000001 -5.229 0 -2.5939999999999994 -5.229 0 -2.5939999999999994 -5.279 1 -1.3940000000000001 -5.279 1 -1.3940000000000001 -5.229 1 -2.5939999999999994 -5.229 1 0.35599999999999987 -5.279 0 0.6059999999999999 -5.279 0 0.6059999999999999 -5.229 0 0.35599999999999987 -5.229 0 0.35599999999999987 -5.279 1 0.6059999999999999 -5.279 1 0.6059999999999999 -5.229 1 0.35599999999999987 -5.229 1 -10.943999999999999 -5.329000000000001 0 -10.894 -5.329000000000001 0 -10.894 -5.279 0 -10.943999999999999 -5.279 0 -10.943999999999999 -5.329000000000001 1 -10.894 -5.329000000000001 1 -10.894 -5.279 1 -10.943999999999999 -5.279 1 -10.794 -5.329000000000001 0 -10.494 -5.329000000000001 0 -10.494 -5.279 0 -10.794 -5.279 0 -10.794 -5.329000000000001 1 -10.494 -5.329000000000001 1 -10.494 -5.279 1 -10.794 -5.279 1 -7.444 -5.329000000000001 0 -7.294 -5.329000000000001 0 -7.294 -5.279 0 -7.444 -5.279 0 -7.444 -5.329000000000001 1 -7.294 -5.329000000000001 1 -7.294 -5.279 1 -7.444 -5.279 1 -6.044 -5.329000000000001 0 -5.994 -5.329000000000001 0 -5.994 -5.279 0 -6.044 -5.279 0 -6.044 -5.329000000000001 1 -5.994 -5.329000000000001 1 -5.994 -5.279 1 -6.044 -5.279 1 -4.644 -5.329000000000001 0 -3.943999999999999 -5.329000000000001 0 -3.943999999999999 -5.279 0 -4.644 -5.279 0 -4.644 -5.329000000000001 1 -3.943999999999999 -5.329000000000001 1 -3.943999999999999 -5.279 1 -4.644 -5.279 1 -3.2439999999999998 -5.329000000000001 0 -3.193999999999999 -5.329000000000001 0 -3.193999999999999 -5.279 0 -3.2439999999999998 -5.279 0 -3.2439999999999998 -5.329000000000001 1 -3.193999999999999 -5.329000000000001 1 -3.193999999999999 -5.279 1 -3.2439999999999998 -5.279 1 -2.943999999999999 -5.329000000000001 0 -2.894 -5.329000000000001 0 -2.894 -5.279 0 -2.943999999999999 -5.279 0 -2.943999999999999 -5.329000000000001 1 -2.894 -5.329000000000001 1 -2.894 -5.279 1 -2.943999999999999 -5.279 1 -2.8439999999999994 -5.329000000000001 0 -2.7939999999999987 -5.329000000000001 0 -2.7939999999999987 -5.279 0 -2.8439999999999994 -5.279 0 -2.8439999999999994 -5.329000000000001 1 -2.7939999999999987 -5.329000000000001 1 -2.7939999999999987 -5.279 1 -2.8439999999999994 -5.279 1 -2.5439999999999987 -5.329000000000001 0 -1.2939999999999987 -5.329000000000001 0 -1.2939999999999987 -5.279 0 -2.5439999999999987 -5.279 0 -2.5439999999999987 -5.329000000000001 1 -1.2939999999999987 -5.329000000000001 1 -1.2939999999999987 -5.279 1 -2.5439999999999987 -5.279 1 0.35599999999999987 -5.329000000000001 0 0.5560000000000009 -5.329000000000001 0 0.5560000000000009 -5.279 0 0.35599999999999987 -5.279 0 0.35599999999999987 -5.329000000000001 1 0.5560000000000009 -5.329000000000001 1 0.5560000000000009 -5.279 1 0.35599999999999987 -5.279 1 -10.744 -5.3790000000000004 0 -10.693999999999999 -5.3790000000000004 0 -10.693999999999999 -5.329000000000001 0 -10.744 -5.329000000000001 0 -10.744 -5.3790000000000004 1 -10.693999999999999 -5.3790000000000004 1 -10.693999999999999 -5.329000000000001 1 -10.744 -5.329000000000001 1 -10.644 -5.3790000000000004 0 -10.494 -5.3790000000000004 0 -10.494 -5.329000000000001 0 -10.644 -5.329000000000001 0 -10.644 -5.3790000000000004 1 -10.494 -5.3790000000000004 1 -10.494 -5.329000000000001 1 -10.644 -5.329000000000001 1 -9.994 -5.3790000000000004 0 -9.943999999999999 -5.3790000000000004 0 -9.943999999999999 -5.329000000000001 0 -9.994 -5.329000000000001 0 -9.994 -5.3790000000000004 1 -9.943999999999999 -5.3790000000000004 1 -9.943999999999999 -5.329000000000001 1 -9.994 -5.329000000000001 1 -8.594 -5.3790000000000004 0 -8.544 -5.3790000000000004 0 -8.544 -5.329000000000001 0 -8.594 -5.329000000000001 0 -8.594 -5.3790000000000004 1 -8.544 -5.3790000000000004 1 -8.544 -5.329000000000001 1 -8.594 -5.329000000000001 1 -7.644 -5.3790000000000004 0 -7.593999999999999 -5.3790000000000004 0 -7.593999999999999 -5.329000000000001 0 -7.644 -5.329000000000001 0 -7.644 -5.3790000000000004 1 -7.593999999999999 -5.3790000000000004 1 -7.593999999999999 -5.329000000000001 1 -7.644 -5.329000000000001 1 -7.044 -5.3790000000000004 0 -6.994 -5.3790000000000004 0 -6.994 -5.279 0 -7.044 -5.279 0 -7.044 -5.3790000000000004 1 -6.994 -5.3790000000000004 1 -6.994 -5.279 1 -7.044 -5.279 1 -5.894 -5.3790000000000004 0 -5.843999999999999 -5.3790000000000004 0 -5.843999999999999 -5.329000000000001 0 -5.894 -5.329000000000001 0 -5.894 -5.3790000000000004 1 -5.843999999999999 -5.3790000000000004 1 -5.843999999999999 -5.329000000000001 1 -5.894 -5.329000000000001 1 -5.694 -5.3790000000000004 0 -5.644 -5.3790000000000004 0 -5.644 -5.329000000000001 0 -5.694 -5.329000000000001 0 -5.694 -5.3790000000000004 1 -5.644 -5.3790000000000004 1 -5.644 -5.329000000000001 1 -5.694 -5.329000000000001 1 -5.444 -5.3790000000000004 0 -5.394 -5.3790000000000004 0 -5.394 -5.329000000000001 0 -5.444 -5.329000000000001 0 -5.444 -5.3790000000000004 1 -5.394 -5.3790000000000004 1 -5.394 -5.329000000000001 1 -5.444 -5.329000000000001 1 -3.0439999999999987 -5.3790000000000004 0 -2.9939999999999998 -5.3790000000000004 0 -2.9939999999999998 -5.329000000000001 0 -3.0439999999999987 -5.329000000000001 0 -3.0439999999999987 -5.3790000000000004 1 -2.9939999999999998 -5.3790000000000004 1 -2.9939999999999998 -5.329000000000001 1 -3.0439999999999987 -5.329000000000001 1 -2.894 -5.3790000000000004 0 -2.8439999999999994 -5.3790000000000004 0 -2.8439999999999994 -5.329000000000001 0 -2.894 -5.329000000000001 0 -2.894 -5.3790000000000004 1 -2.8439999999999994 -5.3790000000000004 1 -2.8439999999999994 -5.329000000000001 1 -2.894 -5.329000000000001 1 -2.443999999999999 -5.3790000000000004 0 -1.193999999999999 -5.3790000000000004 0 -1.193999999999999 -5.329000000000001 0 -2.443999999999999 -5.329000000000001 0 -2.443999999999999 -5.3790000000000004 1 -1.193999999999999 -5.3790000000000004 1 -1.193999999999999 -5.329000000000001 1 -2.443999999999999 -5.329000000000001 1 0.30600000000000094 -5.3790000000000004 0 0.5060000000000002 -5.3790000000000004 0 0.5060000000000002 -5.329000000000001 0 0.30600000000000094 -5.329000000000001 0 0.30600000000000094 -5.3790000000000004 1 0.5060000000000002 -5.3790000000000004 1 0.5060000000000002 -5.329000000000001 1 0.30600000000000094 -5.329000000000001 1 -10.693999999999999 -5.429 0 -10.494 -5.429 0 -10.494 -5.3790000000000004 0 -10.693999999999999 -5.3790000000000004 0 -10.693999999999999 -5.429 1 -10.494 -5.429 1 -10.494 -5.3790000000000004 1 -10.693999999999999 -5.3790000000000004 1 -8.644 -5.429 0 -8.594 -5.429 0 -8.594 -5.3790000000000004 0 -8.644 -5.3790000000000004 0 -8.644 -5.429 1 -8.594 -5.429 1 -8.594 -5.3790000000000004 1 -8.644 -5.3790000000000004 1 -7.744 -5.429 0 -7.494 -5.429 0 -7.494 -5.3790000000000004 0 -7.744 -5.3790000000000004 0 -7.744 -5.429 1 -7.494 -5.429 1 -7.494 -5.3790000000000004 1 -7.744 -5.3790000000000004 1 -7.394 -5.429 0 -7.294 -5.429 0 -7.294 -5.329000000000001 0 -7.394 -5.329000000000001 0 -7.394 -5.429 1 -7.294 -5.429 1 -7.294 -5.329000000000001 1 -7.394 -5.329000000000001 1 -7.244 -5.429 0 -7.093999999999999 -5.429 0 -7.093999999999999 -5.3790000000000004 0 -7.244 -5.3790000000000004 0 -7.244 -5.429 1 -7.093999999999999 -5.429 1 -7.093999999999999 -5.3790000000000004 1 -7.244 -5.3790000000000004 1 -5.994 -5.429 0 -5.894 -5.429 0 -5.894 -5.3790000000000004 0 -5.994 -5.3790000000000004 0 -5.994 -5.429 1 -5.894 -5.429 1 -5.894 -5.3790000000000004 1 -5.994 -5.3790000000000004 1 -4.693999999999999 -5.429 0 -4.644 -5.429 0 -4.644 -5.329000000000001 0 -4.693999999999999 -5.329000000000001 0 -4.693999999999999 -5.429 1 -4.644 -5.429 1 -4.644 -5.329000000000001 1 -4.693999999999999 -5.329000000000001 1 -4.5440000000000005 -5.429 0 -3.894 -5.429 0 -3.894 -5.329000000000001 0 -4.5440000000000005 -5.329000000000001 0 -4.5440000000000005 -5.429 1 -3.894 -5.429 1 -3.894 -5.329000000000001 1 -4.5440000000000005 -5.329000000000001 1 -2.394 -5.429 0 -1.1440000000000001 -5.429 0 -1.1440000000000001 -5.3790000000000004 0 -2.394 -5.3790000000000004 0 -2.394 -5.429 1 -1.1440000000000001 -5.429 1 -1.1440000000000001 -5.3790000000000004 1 -2.394 -5.3790000000000004 1 -10.693999999999999 -5.479 0 -10.544 -5.479 0 -10.544 -5.429 0 -10.693999999999999 -5.429 0 -10.693999999999999 -5.479 1 -10.544 -5.479 1 -10.544 -5.429 1 -10.693999999999999 -5.429 1 -10.494 -5.479 0 -10.443999999999999 -5.479 0 -10.443999999999999 -5.429 0 -10.494 -5.429 0 -10.494 -5.479 1 -10.443999999999999 -5.479 1 -10.443999999999999 -5.429 1 -10.494 -5.429 1 -9.394 -5.479 0 -9.344000000000001 -5.479 0 -9.344000000000001 -5.429 0 -9.394 -5.429 0 -9.394 -5.479 1 -9.344000000000001 -5.479 1 -9.344000000000001 -5.429 1 -9.394 -5.429 1 -8.244 -5.479 0 -8.193999999999999 -5.479 0 -8.193999999999999 -5.429 0 -8.244 -5.429 0 -8.244 -5.479 1 -8.193999999999999 -5.479 1 -8.193999999999999 -5.429 1 -8.244 -5.429 1 -7.794 -5.479 0 -7.444 -5.479 0 -7.444 -5.429 0 -7.794 -5.429 0 -7.794 -5.479 1 -7.444 -5.479 1 -7.444 -5.429 1 -7.794 -5.429 1 -7.394 -5.479 0 -7.343999999999999 -5.479 0 -7.343999999999999 -5.429 0 -7.394 -5.429 0 -7.394 -5.479 1 -7.343999999999999 -5.479 1 -7.343999999999999 -5.429 1 -7.394 -5.429 1 -7.244 -5.479 0 -7.194 -5.479 0 -7.194 -5.429 0 -7.244 -5.429 0 -7.244 -5.479 1 -7.194 -5.479 1 -7.194 -5.429 1 -7.244 -5.429 1 -5.843999999999999 -5.479 0 -5.794 -5.479 0 -5.794 -5.429 0 -5.843999999999999 -5.429 0 -5.843999999999999 -5.479 1 -5.794 -5.479 1 -5.794 -5.429 1 -5.843999999999999 -5.429 1 -4.5440000000000005 -5.479 0 -3.8439999999999994 -5.479 0 -3.8439999999999994 -5.429 0 -4.5440000000000005 -5.429 0 -4.5440000000000005 -5.479 1 -3.8439999999999994 -5.479 1 -3.8439999999999994 -5.429 1 -4.5440000000000005 -5.429 1 -2.2939999999999987 -5.479 0 -1.0439999999999987 -5.479 0 -1.0439999999999987 -5.429 0 -2.2939999999999987 -5.429 0 -2.2939999999999987 -5.479 1 -1.0439999999999987 -5.479 1 -1.0439999999999987 -5.429 1 -2.2939999999999987 -5.429 1 0.2560000000000002 -5.479 0 0.4560000000000013 -5.479 0 0.4560000000000013 -5.3790000000000004 0 0.2560000000000002 -5.3790000000000004 0 0.2560000000000002 -5.479 1 0.4560000000000013 -5.479 1 0.4560000000000013 -5.3790000000000004 1 0.2560000000000002 -5.3790000000000004 1 -10.644 -5.529 0 -10.443999999999999 -5.529 0 -10.443999999999999 -5.479 0 -10.644 -5.479 0 -10.644 -5.529 1 -10.443999999999999 -5.529 1 -10.443999999999999 -5.479 1 -10.644 -5.479 1 -9.693999999999999 -5.529 0 -9.594 -5.529 0 -9.594 -5.479 0 -9.693999999999999 -5.479 0 -9.693999999999999 -5.529 1 -9.594 -5.529 1 -9.594 -5.479 1 -9.693999999999999 -5.479 1 -9.443999999999999 -5.529 0 -9.294 -5.529 0 -9.294 -5.479 0 -9.443999999999999 -5.479 0 -9.443999999999999 -5.529 1 -9.294 -5.529 1 -9.294 -5.479 1 -9.443999999999999 -5.479 1 -8.594 -5.529 0 -8.544 -5.529 0 -8.544 -5.479 0 -8.594 -5.479 0 -8.594 -5.529 1 -8.544 -5.529 1 -8.544 -5.479 1 -8.594 -5.479 1 -8.494 -5.529 0 -8.344 -5.529 0 -8.344 -5.479 0 -8.494 -5.479 0 -8.494 -5.529 1 -8.344 -5.529 1 -8.344 -5.479 1 -8.494 -5.479 1 -7.994 -5.529 0 -7.394 -5.529 0 -7.394 -5.479 0 -7.994 -5.479 0 -7.994 -5.529 1 -7.394 -5.529 1 -7.394 -5.479 1 -7.994 -5.479 1 -7.294 -5.529 0 -7.244 -5.529 0 -7.244 -5.479 0 -7.294 -5.479 0 -7.294 -5.529 1 -7.244 -5.529 1 -7.244 -5.479 1 -7.294 -5.479 1 -7.044 -5.529 0 -6.994 -5.529 0 -6.994 -5.479 0 -7.044 -5.479 0 -7.044 -5.529 1 -6.994 -5.529 1 -6.994 -5.479 1 -7.044 -5.479 1 -5.794 -5.529 0 -5.744 -5.529 0 -5.744 -5.479 0 -5.794 -5.479 0 -5.794 -5.529 1 -5.744 -5.529 1 -5.744 -5.479 1 -5.794 -5.479 1 -4.5440000000000005 -5.529 0 -4.343999999999999 -5.529 0 -4.343999999999999 -5.479 0 -4.5440000000000005 -5.479 0 -4.5440000000000005 -5.529 1 -4.343999999999999 -5.529 1 -4.343999999999999 -5.479 1 -4.5440000000000005 -5.479 1 -4.2940000000000005 -5.529 0 -4.144 -5.529 0 -4.144 -5.479 0 -4.2940000000000005 -5.479 0 -4.2940000000000005 -5.529 1 -4.144 -5.529 1 -4.144 -5.479 1 -4.2940000000000005 -5.479 1 -3.9939999999999998 -5.529 0 -3.8439999999999994 -5.529 0 -3.8439999999999994 -5.479 0 -3.9939999999999998 -5.479 0 -3.9939999999999998 -5.529 1 -3.8439999999999994 -5.529 1 -3.8439999999999994 -5.479 1 -3.9939999999999998 -5.479 1 -2.193999999999999 -5.529 0 -0.9939999999999998 -5.529 0 -0.9939999999999998 -5.479 0 -2.193999999999999 -5.479 0 -2.193999999999999 -5.529 1 -0.9939999999999998 -5.529 1 -0.9939999999999998 -5.479 1 -2.193999999999999 -5.479 1 -9.693999999999999 -5.579000000000001 0 -9.144 -5.579000000000001 0 -9.144 -5.529 0 -9.693999999999999 -5.529 0 -9.693999999999999 -5.579000000000001 1 -9.144 -5.579000000000001 1 -9.144 -5.529 1 -9.693999999999999 -5.529 1 -8.594 -5.579000000000001 0 -8.244 -5.579000000000001 0 -8.244 -5.529 0 -8.594 -5.529 0 -8.594 -5.579000000000001 1 -8.244 -5.579000000000001 1 -8.244 -5.529 1 -8.594 -5.529 1 -8.193999999999999 -5.579000000000001 0 -8.144 -5.579000000000001 0 -8.144 -5.529 0 -8.193999999999999 -5.529 0 -8.193999999999999 -5.579000000000001 1 -8.144 -5.579000000000001 1 -8.144 -5.529 1 -8.193999999999999 -5.529 1 -8.094 -5.579000000000001 0 -7.444 -5.579000000000001 0 -7.444 -5.529 0 -8.094 -5.529 0 -8.094 -5.579000000000001 1 -7.444 -5.579000000000001 1 -7.444 -5.529 1 -8.094 -5.529 1 -7.194 -5.579000000000001 0 -7.144 -5.579000000000001 0 -7.144 -5.479 0 -7.194 -5.479 0 -7.194 -5.579000000000001 1 -7.144 -5.579000000000001 1 -7.144 -5.479 1 -7.194 -5.479 1 -6.294 -5.579000000000001 0 -6.244 -5.579000000000001 0 -6.244 -5.529 0 -6.294 -5.529 0 -6.294 -5.579000000000001 1 -6.244 -5.579000000000001 1 -6.244 -5.529 1 -6.294 -5.529 1 -4.693999999999999 -5.579000000000001 0 -4.644 -5.579000000000001 0 -4.644 -5.529 0 -4.693999999999999 -5.529 0 -4.693999999999999 -5.579000000000001 1 -4.644 -5.579000000000001 1 -4.644 -5.529 1 -4.693999999999999 -5.529 1 -3.943999999999999 -5.579000000000001 0 -3.7939999999999987 -5.579000000000001 0 -3.7939999999999987 -5.529 0 -3.943999999999999 -5.529 0 -3.943999999999999 -5.579000000000001 1 -3.7939999999999987 -5.579000000000001 1 -3.7939999999999987 -5.529 1 -3.943999999999999 -5.529 1 -2.144 -5.579000000000001 0 -0.8940000000000001 -5.579000000000001 0 -0.8940000000000001 -5.529 0 -2.144 -5.529 0 -2.144 -5.579000000000001 1 -0.8940000000000001 -5.579000000000001 1 -0.8940000000000001 -5.529 1 -2.144 -5.529 1 0.2060000000000013 -5.579000000000001 0 0.4060000000000006 -5.579000000000001 0 0.4060000000000006 -5.479 0 0.2060000000000013 -5.479 0 0.2060000000000013 -5.579000000000001 1 0.4060000000000006 -5.579000000000001 1 0.4060000000000006 -5.479 1 0.2060000000000013 -5.479 1 -10.644 -5.6290000000000004 0 -10.594 -5.6290000000000004 0 -10.594 -5.529 0 -10.644 -5.529 0 -10.644 -5.6290000000000004 1 -10.594 -5.6290000000000004 1 -10.594 -5.529 1 -10.644 -5.529 1 -9.744 -5.6290000000000004 0 -9.094000000000001 -5.6290000000000004 0 -9.094000000000001 -5.579000000000001 0 -9.744 -5.579000000000001 0 -9.744 -5.6290000000000004 1 -9.094000000000001 -5.6290000000000004 1 -9.094000000000001 -5.579000000000001 1 -9.744 -5.579000000000001 1 -8.644 -5.6290000000000004 0 -8.594 -5.6290000000000004 0 -8.594 -5.579000000000001 0 -8.644 -5.579000000000001 0 -8.644 -5.6290000000000004 1 -8.594 -5.6290000000000004 1 -8.594 -5.579000000000001 1 -8.644 -5.579000000000001 1 -8.544 -5.6290000000000004 0 -7.744 -5.6290000000000004 0 -7.744 -5.579000000000001 0 -8.544 -5.579000000000001 0 -8.544 -5.6290000000000004 1 -7.744 -5.6290000000000004 1 -7.744 -5.579000000000001 1 -8.544 -5.579000000000001 1 -7.694 -5.6290000000000004 0 -7.593999999999999 -5.6290000000000004 0 -7.593999999999999 -5.579000000000001 0 -7.694 -5.579000000000001 0 -7.694 -5.6290000000000004 1 -7.593999999999999 -5.6290000000000004 1 -7.593999999999999 -5.579000000000001 1 -7.694 -5.579000000000001 1 -7.544 -5.6290000000000004 0 -7.494 -5.6290000000000004 0 -7.494 -5.579000000000001 0 -7.544 -5.579000000000001 0 -7.544 -5.6290000000000004 1 -7.494 -5.6290000000000004 1 -7.494 -5.579000000000001 1 -7.544 -5.579000000000001 1 -7.244 -5.6290000000000004 0 -7.194 -5.6290000000000004 0 -7.194 -5.579000000000001 0 -7.244 -5.579000000000001 0 -7.244 -5.6290000000000004 1 -7.194 -5.6290000000000004 1 -7.194 -5.579000000000001 1 -7.244 -5.579000000000001 1 -7.093999999999999 -5.6290000000000004 0 -7.044 -5.6290000000000004 0 -7.044 -5.579000000000001 0 -7.093999999999999 -5.579000000000001 0 -7.093999999999999 -5.6290000000000004 1 -7.044 -5.6290000000000004 1 -7.044 -5.579000000000001 1 -7.093999999999999 -5.579000000000001 1 -5.894 -5.6290000000000004 0 -5.843999999999999 -5.6290000000000004 0 -5.843999999999999 -5.579000000000001 0 -5.894 -5.579000000000001 0 -5.894 -5.6290000000000004 1 -5.843999999999999 -5.6290000000000004 1 -5.843999999999999 -5.579000000000001 1 -5.894 -5.579000000000001 1 -4.494 -5.6290000000000004 0 -4.343999999999999 -5.6290000000000004 0 -4.343999999999999 -5.529 0 -4.494 -5.529 0 -4.494 -5.6290000000000004 1 -4.343999999999999 -5.6290000000000004 1 -4.343999999999999 -5.529 1 -4.494 -5.529 1 -2.0439999999999987 -5.6290000000000004 0 -0.8439999999999994 -5.6290000000000004 0 -0.8439999999999994 -5.579000000000001 0 -2.0439999999999987 -5.579000000000001 0 -2.0439999999999987 -5.6290000000000004 1 -0.8439999999999994 -5.6290000000000004 1 -0.8439999999999994 -5.579000000000001 1 -2.0439999999999987 -5.579000000000001 1 0.15600000000000058 -5.6290000000000004 0 0.35599999999999987 -5.6290000000000004 0 0.35599999999999987 -5.579000000000001 0 0.15600000000000058 -5.579000000000001 0 0.15600000000000058 -5.6290000000000004 1 0.35599999999999987 -5.6290000000000004 1 0.35599999999999987 -5.579000000000001 1 0.15600000000000058 -5.579000000000001 1 -9.693999999999999 -5.679 0 -9.294 -5.679 0 -9.294 -5.6290000000000004 0 -9.693999999999999 -5.6290000000000004 0 -9.693999999999999 -5.679 1 -9.294 -5.679 1 -9.294 -5.6290000000000004 1 -9.693999999999999 -5.6290000000000004 1 -9.244 -5.679 0 -9.044 -5.679 0 -9.044 -5.6290000000000004 0 -9.244 -5.6290000000000004 0 -9.244 -5.679 1 -9.044 -5.679 1 -9.044 -5.6290000000000004 1 -9.244 -5.6290000000000004 1 -8.443999999999999 -5.679 0 -7.644 -5.679 0 -7.644 -5.6290000000000004 0 -8.443999999999999 -5.6290000000000004 0 -8.443999999999999 -5.679 1 -7.644 -5.679 1 -7.644 -5.6290000000000004 1 -8.443999999999999 -5.6290000000000004 1 -7.194 -5.679 0 -7.093999999999999 -5.679 0 -7.093999999999999 -5.6290000000000004 0 -7.194 -5.6290000000000004 0 -7.194 -5.679 1 -7.093999999999999 -5.679 1 -7.093999999999999 -5.6290000000000004 1 -7.194 -5.6290000000000004 1 -7.044 -5.679 0 -6.994 -5.679 0 -6.994 -5.6290000000000004 0 -7.044 -5.6290000000000004 0 -7.044 -5.679 1 -6.994 -5.679 1 -6.994 -5.6290000000000004 1 -7.044 -5.6290000000000004 1 -4.443999999999999 -5.679 0 -4.343999999999999 -5.679 0 -4.343999999999999 -5.6290000000000004 0 -4.443999999999999 -5.6290000000000004 0 -4.443999999999999 -5.679 1 -4.343999999999999 -5.679 1 -4.343999999999999 -5.6290000000000004 1 -4.443999999999999 -5.6290000000000004 1 -1.9939999999999998 -5.679 0 -0.7439999999999998 -5.679 0 -0.7439999999999998 -5.6290000000000004 0 -1.9939999999999998 -5.6290000000000004 0 -1.9939999999999998 -5.679 1 -0.7439999999999998 -5.679 1 -0.7439999999999998 -5.6290000000000004 1 -1.9939999999999998 -5.6290000000000004 1 0.10599999999999987 -5.679 0 0.30600000000000094 -5.679 0 0.30600000000000094 -5.6290000000000004 0 0.10599999999999987 -5.6290000000000004 0 0.10599999999999987 -5.679 1 0.30600000000000094 -5.679 1 0.30600000000000094 -5.6290000000000004 1 0.10599999999999987 -5.6290000000000004 1 -9.693999999999999 -5.729 0 -9.594 -5.729 0 -9.594 -5.679 0 -9.693999999999999 -5.679 0 -9.693999999999999 -5.729 1 -9.594 -5.729 1 -9.594 -5.679 1 -9.693999999999999 -5.679 1 -8.394 -5.729 0 -7.843999999999999 -5.729 0 -7.843999999999999 -5.679 0 -8.394 -5.679 0 -8.394 -5.729 1 -7.843999999999999 -5.729 1 -7.843999999999999 -5.679 1 -8.394 -5.679 1 -7.343999999999999 -5.729 0 -7.194 -5.729 0 -7.194 -5.679 0 -7.343999999999999 -5.679 0 -7.343999999999999 -5.729 1 -7.194 -5.729 1 -7.194 -5.679 1 -7.343999999999999 -5.679 1 -7.093999999999999 -5.729 0 -6.994 -5.729 0 -6.994 -5.679 0 -7.093999999999999 -5.679 0 -7.093999999999999 -5.729 1 -6.994 -5.729 1 -6.994 -5.679 1 -7.093999999999999 -5.679 1 -6.144 -5.729 0 -6.093999999999999 -5.729 0 -6.093999999999999 -5.679 0 -6.144 -5.679 0 -6.144 -5.729 1 -6.093999999999999 -5.729 1 -6.093999999999999 -5.679 1 -6.144 -5.679 1 -5.894 -5.729 0 -5.843999999999999 -5.729 0 -5.843999999999999 -5.679 0 -5.894 -5.679 0 -5.894 -5.729 1 -5.843999999999999 -5.729 1 -5.843999999999999 -5.679 1 -5.894 -5.679 1 -1.8940000000000001 -5.729 0 -0.6440000000000001 -5.729 0 -0.6440000000000001 -5.679 0 -1.8940000000000001 -5.679 0 -1.8940000000000001 -5.729 1 -0.6440000000000001 -5.729 1 -0.6440000000000001 -5.679 1 -1.8940000000000001 -5.679 1 -0.04399999999999871 -5.729 0 0.30600000000000094 -5.729 0 0.30600000000000094 -5.679 0 -0.04399999999999871 -5.679 0 -0.04399999999999871 -5.729 1 0.30600000000000094 -5.729 1 0.30600000000000094 -5.679 1 -0.04399999999999871 -5.679 1 -9.144 -5.779 0 -9.044 -5.779 0 -9.044 -5.679 0 -9.144 -5.679 0 -9.144 -5.779 1 -9.044 -5.779 1 -9.044 -5.679 1 -9.144 -5.679 1 -8.344 -5.779 0 -7.944 -5.779 0 -7.944 -5.729 0 -8.344 -5.729 0 -8.344 -5.779 1 -7.944 -5.779 1 -7.944 -5.729 1 -8.344 -5.729 1 -7.794 -5.779 0 -7.744 -5.779 0 -7.744 -5.729 0 -7.794 -5.729 0 -7.794 -5.779 1 -7.744 -5.779 1 -7.744 -5.729 1 -7.794 -5.729 1 -7.444 -5.779 0 -7.343999999999999 -5.779 0 -7.343999999999999 -5.729 0 -7.444 -5.729 0 -7.444 -5.779 1 -7.343999999999999 -5.779 1 -7.343999999999999 -5.729 1 -7.444 -5.729 1 -7.244 -5.779 0 -7.194 -5.779 0 -7.194 -5.729 0 -7.244 -5.729 0 -7.244 -5.779 1 -7.194 -5.779 1 -7.194 -5.729 1 -7.244 -5.729 1 -7.144 -5.779 0 -7.093999999999999 -5.779 0 -7.093999999999999 -5.729 0 -7.144 -5.729 0 -7.144 -5.779 1 -7.093999999999999 -5.779 1 -7.093999999999999 -5.729 1 -7.144 -5.729 1 -5.0440000000000005 -5.779 0 -4.994 -5.779 0 -4.994 -5.729 0 -5.0440000000000005 -5.729 0 -5.0440000000000005 -5.779 1 -4.994 -5.779 1 -4.994 -5.729 1 -5.0440000000000005 -5.729 1 -4.843999999999999 -5.779 0 -4.7940000000000005 -5.779 0 -4.7940000000000005 -5.729 0 -4.843999999999999 -5.729 0 -4.843999999999999 -5.779 1 -4.7940000000000005 -5.779 1 -4.7940000000000005 -5.729 1 -4.843999999999999 -5.729 1 -4.744 -5.779 0 -4.693999999999999 -5.779 0 -4.693999999999999 -5.729 0 -4.744 -5.729 0 -4.744 -5.779 1 -4.693999999999999 -5.779 1 -4.693999999999999 -5.729 1 -4.744 -5.729 1 -4.5440000000000005 -5.779 0 -4.494 -5.779 0 -4.494 -5.6290000000000004 0 -4.5440000000000005 -5.6290000000000004 0 -4.5440000000000005 -5.779 1 -4.494 -5.779 1 -4.494 -5.6290000000000004 1 -4.5440000000000005 -5.6290000000000004 1 -4.394 -5.779 0 -4.343999999999999 -5.779 0 -4.343999999999999 -5.729 0 -4.394 -5.729 0 -4.394 -5.779 1 -4.343999999999999 -5.779 1 -4.343999999999999 -5.729 1 -4.394 -5.729 1 -1.7939999999999987 -5.779 0 -0.5939999999999994 -5.779 0 -0.5939999999999994 -5.729 0 -1.7939999999999987 -5.729 0 -1.7939999999999987 -5.779 1 -0.5939999999999994 -5.779 1 -0.5939999999999994 -5.729 1 -1.7939999999999987 -5.729 1 -0.04399999999999871 -5.779 0 0.2560000000000002 -5.779 0 0.2560000000000002 -5.729 0 -0.04399999999999871 -5.729 0 -0.04399999999999871 -5.779 1 0.2560000000000002 -5.779 1 0.2560000000000002 -5.729 1 -0.04399999999999871 -5.729 1 -11.294 -5.829000000000001 0 -11.244 -5.829000000000001 0 -11.244 -5.779 0 -11.294 -5.779 0 -11.294 -5.829000000000001 1 -11.244 -5.829000000000001 1 -11.244 -5.779 1 -11.294 -5.779 1 -9.193999999999999 -5.829000000000001 0 -9.044 -5.829000000000001 0 -9.044 -5.779 0 -9.193999999999999 -5.779 0 -9.193999999999999 -5.829000000000001 1 -9.044 -5.829000000000001 1 -9.044 -5.779 1 -9.193999999999999 -5.779 1 -8.693999999999999 -5.829000000000001 0 -8.644 -5.829000000000001 0 -8.644 -5.729 0 -8.693999999999999 -5.729 0 -8.693999999999999 -5.829000000000001 1 -8.644 -5.829000000000001 1 -8.644 -5.729 1 -8.693999999999999 -5.729 1 -8.443999999999999 -5.829000000000001 0 -8.244 -5.829000000000001 0 -8.244 -5.779 0 -8.443999999999999 -5.779 0 -8.443999999999999 -5.829000000000001 1 -8.244 -5.829000000000001 1 -8.244 -5.779 1 -8.443999999999999 -5.779 1 -8.193999999999999 -5.829000000000001 0 -8.144 -5.829000000000001 0 -8.144 -5.779 0 -8.193999999999999 -5.779 0 -8.193999999999999 -5.829000000000001 1 -8.144 -5.829000000000001 1 -8.144 -5.779 1 -8.193999999999999 -5.779 1 -7.944 -5.829000000000001 0 -7.894 -5.829000000000001 0 -7.894 -5.779 0 -7.944 -5.779 0 -7.944 -5.829000000000001 1 -7.894 -5.829000000000001 1 -7.894 -5.779 1 -7.944 -5.779 1 -7.194 -5.829000000000001 0 -6.994 -5.829000000000001 0 -6.994 -5.779 0 -7.194 -5.779 0 -7.194 -5.829000000000001 1 -6.994 -5.829000000000001 1 -6.994 -5.779 1 -7.194 -5.779 1 -6.544 -5.829000000000001 0 -6.494 -5.829000000000001 0 -6.494 -5.779 0 -6.544 -5.779 0 -6.544 -5.829000000000001 1 -6.494 -5.829000000000001 1 -6.494 -5.779 1 -6.544 -5.779 1 -4.994 -5.829000000000001 0 -4.5440000000000005 -5.829000000000001 0 -4.5440000000000005 -5.779 0 -4.994 -5.779 0 -4.994 -5.829000000000001 1 -4.5440000000000005 -5.829000000000001 1 -4.5440000000000005 -5.779 1 -4.994 -5.779 1 -4.443999999999999 -5.829000000000001 0 -4.343999999999999 -5.829000000000001 0 -4.343999999999999 -5.779 0 -4.443999999999999 -5.779 0 -4.443999999999999 -5.829000000000001 1 -4.343999999999999 -5.829000000000001 1 -4.343999999999999 -5.779 1 -4.443999999999999 -5.779 1 -1.7439999999999998 -5.829000000000001 0 -0.4939999999999998 -5.829000000000001 0 -0.4939999999999998 -5.779 0 -1.7439999999999998 -5.779 0 -1.7439999999999998 -5.829000000000001 1 -0.4939999999999998 -5.829000000000001 1 -0.4939999999999998 -5.779 1 -1.7439999999999998 -5.779 1 0.006000000000000227 -5.829000000000001 0 0.2060000000000013 -5.829000000000001 0 0.2060000000000013 -5.779 0 0.006000000000000227 -5.779 0 0.006000000000000227 -5.829000000000001 1 0.2060000000000013 -5.829000000000001 1 0.2060000000000013 -5.779 1 0.006000000000000227 -5.779 1 -11.244 -5.8790000000000004 0 -11.193999999999999 -5.8790000000000004 0 -11.193999999999999 -5.829000000000001 0 -11.244 -5.829000000000001 0 -11.244 -5.8790000000000004 1 -11.193999999999999 -5.8790000000000004 1 -11.193999999999999 -5.829000000000001 1 -11.244 -5.829000000000001 1 -9.094000000000001 -5.8790000000000004 0 -8.994 -5.8790000000000004 0 -8.994 -5.829000000000001 0 -9.094000000000001 -5.829000000000001 0 -9.094000000000001 -5.8790000000000004 1 -8.994 -5.8790000000000004 1 -8.994 -5.829000000000001 1 -9.094000000000001 -5.829000000000001 1 -8.193999999999999 -5.8790000000000004 0 -8.094 -5.8790000000000004 0 -8.094 -5.829000000000001 0 -8.193999999999999 -5.829000000000001 0 -8.193999999999999 -5.8790000000000004 1 -8.094 -5.8790000000000004 1 -8.094 -5.829000000000001 1 -8.193999999999999 -5.829000000000001 1 -7.343999999999999 -5.8790000000000004 0 -7.294 -5.8790000000000004 0 -7.294 -5.829000000000001 0 -7.343999999999999 -5.829000000000001 0 -7.343999999999999 -5.8790000000000004 1 -7.294 -5.8790000000000004 1 -7.294 -5.829000000000001 1 -7.343999999999999 -5.829000000000001 1 -7.244 -5.8790000000000004 0 -7.144 -5.8790000000000004 0 -7.144 -5.829000000000001 0 -7.244 -5.829000000000001 0 -7.244 -5.8790000000000004 1 -7.144 -5.8790000000000004 1 -7.144 -5.829000000000001 1 -7.244 -5.829000000000001 1 -6.994 -5.8790000000000004 0 -6.894 -5.8790000000000004 0 -6.894 -5.829000000000001 0 -6.994 -5.829000000000001 0 -6.994 -5.8790000000000004 1 -6.894 -5.8790000000000004 1 -6.894 -5.829000000000001 1 -6.994 -5.829000000000001 1 -6.444 -5.8790000000000004 0 -6.394 -5.8790000000000004 0 -6.394 -5.829000000000001 0 -6.444 -5.829000000000001 0 -6.444 -5.8790000000000004 1 -6.394 -5.8790000000000004 1 -6.394 -5.829000000000001 1 -6.444 -5.829000000000001 1 -5.0440000000000005 -5.8790000000000004 0 -4.394 -5.8790000000000004 0 -4.394 -5.829000000000001 0 -5.0440000000000005 -5.829000000000001 0 -5.0440000000000005 -5.8790000000000004 1 -4.394 -5.8790000000000004 1 -4.394 -5.829000000000001 1 -5.0440000000000005 -5.829000000000001 1 -1.6440000000000001 -5.8790000000000004 0 -0.44399999999999906 -5.8790000000000004 0 -0.44399999999999906 -5.829000000000001 0 -1.6440000000000001 -5.829000000000001 0 -1.6440000000000001 -5.8790000000000004 1 -0.44399999999999906 -5.8790000000000004 1 -0.44399999999999906 -5.829000000000001 1 -1.6440000000000001 -5.829000000000001 1 -0.09399999999999942 -5.8790000000000004 0 -0.04399999999999871 -5.8790000000000004 0 -0.04399999999999871 -5.829000000000001 0 -0.09399999999999942 -5.829000000000001 0 -0.09399999999999942 -5.8790000000000004 1 -0.04399999999999871 -5.8790000000000004 1 -0.04399999999999871 -5.829000000000001 1 -0.09399999999999942 -5.829000000000001 1 0.006000000000000227 -5.8790000000000004 0 0.15600000000000058 -5.8790000000000004 0 0.15600000000000058 -5.829000000000001 0 0.006000000000000227 -5.829000000000001 0 0.006000000000000227 -5.8790000000000004 1 0.15600000000000058 -5.8790000000000004 1 0.15600000000000058 -5.829000000000001 1 0.006000000000000227 -5.829000000000001 1 -11.394 -5.929 0 -11.193999999999999 -5.929 0 -11.193999999999999 -5.8790000000000004 0 -11.394 -5.8790000000000004 0 -11.394 -5.929 1 -11.193999999999999 -5.929 1 -11.193999999999999 -5.8790000000000004 1 -11.394 -5.8790000000000004 1 -9.193999999999999 -5.929 0 -9.144 -5.929 0 -9.144 -5.829000000000001 0 -9.193999999999999 -5.829000000000001 0 -9.193999999999999 -5.929 1 -9.144 -5.929 1 -9.144 -5.829000000000001 1 -9.193999999999999 -5.829000000000001 1 -8.244 -5.929 0 -8.193999999999999 -5.929 0 -8.193999999999999 -5.8790000000000004 0 -8.244 -5.8790000000000004 0 -8.244 -5.929 1 -8.193999999999999 -5.929 1 -8.193999999999999 -5.8790000000000004 1 -8.244 -5.8790000000000004 1 -7.093999999999999 -5.929 0 -7.044 -5.929 0 -7.044 -5.829000000000001 0 -7.093999999999999 -5.829000000000001 0 -7.093999999999999 -5.929 1 -7.044 -5.929 1 -7.044 -5.829000000000001 1 -7.093999999999999 -5.829000000000001 1 -6.194 -5.929 0 -6.144 -5.929 0 -6.144 -5.8790000000000004 0 -6.194 -5.8790000000000004 0 -6.194 -5.929 1 -6.144 -5.929 1 -6.144 -5.8790000000000004 1 -6.194 -5.8790000000000004 1 -4.943999999999999 -5.929 0 -4.894 -5.929 0 -4.894 -5.8790000000000004 0 -4.943999999999999 -5.8790000000000004 0 -4.943999999999999 -5.929 1 -4.894 -5.929 1 -4.894 -5.8790000000000004 1 -4.943999999999999 -5.8790000000000004 1 -4.7940000000000005 -5.929 0 -4.593999999999999 -5.929 0 -4.593999999999999 -5.8790000000000004 0 -4.7940000000000005 -5.8790000000000004 0 -4.7940000000000005 -5.929 1 -4.593999999999999 -5.929 1 -4.593999999999999 -5.8790000000000004 1 -4.7940000000000005 -5.8790000000000004 1 -4.5440000000000005 -5.929 0 -4.343999999999999 -5.929 0 -4.343999999999999 -5.8790000000000004 0 -4.5440000000000005 -5.8790000000000004 0 -4.5440000000000005 -5.929 1 -4.343999999999999 -5.929 1 -4.343999999999999 -5.8790000000000004 1 -4.5440000000000005 -5.8790000000000004 1 -1.5939999999999994 -5.929 0 -0.3439999999999994 -5.929 0 -0.3439999999999994 -5.8790000000000004 0 -1.5939999999999994 -5.8790000000000004 0 -1.5939999999999994 -5.929 1 -0.3439999999999994 -5.929 1 -0.3439999999999994 -5.8790000000000004 1 -1.5939999999999994 -5.8790000000000004 1 -11.344 -5.979 0 -11.144 -5.979 0 -11.144 -5.929 0 -11.344 -5.929 0 -11.344 -5.979 1 -11.144 -5.979 1 -11.144 -5.929 1 -11.344 -5.929 1 -8.494 -5.979 0 -8.294 -5.979 0 -8.294 -5.829000000000001 0 -8.494 -5.829000000000001 0 -8.494 -5.979 1 -8.294 -5.979 1 -8.294 -5.829000000000001 1 -8.494 -5.829000000000001 1 -7.194 -5.979 0 -7.144 -5.979 0 -7.144 -5.929 0 -7.194 -5.929 0 -7.194 -5.979 1 -7.144 -5.979 1 -7.144 -5.929 1 -7.194 -5.929 1 -7.044 -5.979 0 -6.994 -5.979 0 -6.994 -5.929 0 -7.044 -5.929 0 -7.044 -5.979 1 -6.994 -5.979 1 -6.994 -5.929 1 -7.044 -5.929 1 -6.944 -5.979 0 -6.894 -5.979 0 -6.894 -5.929 0 -6.944 -5.929 0 -6.944 -5.979 1 -6.894 -5.979 1 -6.894 -5.929 1 -6.944 -5.929 1 -5.0440000000000005 -5.979 0 -4.994 -5.979 0 -4.994 -5.929 0 -5.0440000000000005 -5.929 0 -5.0440000000000005 -5.979 1 -4.994 -5.979 1 -4.994 -5.929 1 -5.0440000000000005 -5.929 1 -1.4939999999999998 -5.979 0 -0.2939999999999987 -5.979 0 -0.2939999999999987 -5.929 0 -1.4939999999999998 -5.929 0 -1.4939999999999998 -5.979 1 -0.2939999999999987 -5.979 1 -0.2939999999999987 -5.929 1 -1.4939999999999998 -5.929 1 -0.24399999999999977 -5.979 0 -0.19399999999999906 -5.979 0 -0.19399999999999906 -5.929 0 -0.24399999999999977 -5.929 0 -0.24399999999999977 -5.979 1 -0.19399999999999906 -5.979 1 -0.19399999999999906 -5.929 1 -0.24399999999999977 -5.929 1 -0.09399999999999942 -5.979 0 0.15600000000000058 -5.979 0 0.15600000000000058 -5.8790000000000004 0 -0.09399999999999942 -5.8790000000000004 0 -0.09399999999999942 -5.979 1 0.15600000000000058 -5.979 1 0.15600000000000058 -5.8790000000000004 1 -0.09399999999999942 -5.8790000000000004 1 -11.294 -6.029 0 -11.144 -6.029 0 -11.144 -5.979 0 -11.294 -5.979 0 -11.294 -6.029 1 -11.144 -6.029 1 -11.144 -5.979 1 -11.294 -5.979 1 -9.193999999999999 -6.029 0 -9.094000000000001 -6.029 0 -9.094000000000001 -5.929 0 -9.193999999999999 -5.929 0 -9.193999999999999 -6.029 1 -9.094000000000001 -6.029 1 -9.094000000000001 -5.929 1 -9.193999999999999 -5.929 1 -9.044 -6.029 0 -8.994 -6.029 0 -8.994 -5.979 0 -9.044 -5.979 0 -9.044 -6.029 1 -8.994 -6.029 1 -8.994 -5.979 1 -9.044 -5.979 1 -8.594 -6.029 0 -8.144 -6.029 0 -8.144 -5.979 0 -8.594 -5.979 0 -8.594 -6.029 1 -8.144 -6.029 1 -8.144 -5.979 1 -8.594 -5.979 1 -7.294 -6.029 0 -7.194 -6.029 0 -7.194 -5.979 0 -7.294 -5.979 0 -7.294 -6.029 1 -7.194 -6.029 1 -7.194 -5.979 1 -7.294 -5.979 1 -7.093999999999999 -6.029 0 -6.994 -6.029 0 -6.994 -5.979 0 -7.093999999999999 -5.979 0 -7.093999999999999 -6.029 1 -6.994 -6.029 1 -6.994 -5.979 1 -7.093999999999999 -5.979 1 -6.644 -6.029 0 -6.494 -6.029 0 -6.494 -5.979 0 -6.644 -5.979 0 -6.644 -6.029 1 -6.494 -6.029 1 -6.494 -5.979 1 -6.644 -5.979 1 -4.994 -6.029 0 -4.943999999999999 -6.029 0 -4.943999999999999 -5.979 0 -4.994 -5.979 0 -4.994 -6.029 1 -4.943999999999999 -6.029 1 -4.943999999999999 -5.979 1 -4.994 -5.979 1 -1.443999999999999 -6.029 0 -0.19399999999999906 -6.029 0 -0.19399999999999906 -5.979 0 -1.443999999999999 -5.979 0 -1.443999999999999 -6.029 1 -0.19399999999999906 -6.029 1 -0.19399999999999906 -5.979 1 -1.443999999999999 -5.979 1 -0.14400000000000013 -6.029 0 0.10599999999999987 -6.029 0 0.10599999999999987 -5.979 0 -0.14400000000000013 -5.979 0 -0.14400000000000013 -6.029 1 0.10599999999999987 -6.029 1 0.10599999999999987 -5.979 1 -0.14400000000000013 -5.979 1 -11.344 -6.079000000000001 0 -11.193999999999999 -6.079000000000001 0 -11.193999999999999 -6.029 0 -11.344 -6.029 0 -11.344 -6.079000000000001 1 -11.193999999999999 -6.079000000000001 1 -11.193999999999999 -6.029 1 -11.344 -6.029 1 -9.144 -6.079000000000001 0 -9.044 -6.079000000000001 0 -9.044 -6.029 0 -9.144 -6.029 0 -9.144 -6.079000000000001 1 -9.044 -6.079000000000001 1 -9.044 -6.029 1 -9.144 -6.029 1 -8.594 -6.079000000000001 0 -8.544 -6.079000000000001 0 -8.544 -6.029 0 -8.594 -6.029 0 -8.594 -6.079000000000001 1 -8.544 -6.079000000000001 1 -8.544 -6.029 1 -8.594 -6.029 1 -8.494 -6.079000000000001 0 -8.094 -6.079000000000001 0 -8.094 -6.029 0 -8.494 -6.029 0 -8.494 -6.079000000000001 1 -8.094 -6.079000000000001 1 -8.094 -6.029 1 -8.494 -6.029 1 -7.394 -6.079000000000001 0 -7.343999999999999 -6.079000000000001 0 -7.343999999999999 -6.029 0 -7.394 -6.029 0 -7.394 -6.079000000000001 1 -7.343999999999999 -6.079000000000001 1 -7.343999999999999 -6.029 1 -7.394 -6.029 1 -6.744 -6.079000000000001 0 -6.694 -6.079000000000001 0 -6.694 -6.029 0 -6.744 -6.029 0 -6.744 -6.079000000000001 1 -6.694 -6.079000000000001 1 -6.694 -6.029 1 -6.744 -6.029 1 -6.343999999999999 -6.079000000000001 0 -6.244 -6.079000000000001 0 -6.244 -6.029 0 -6.343999999999999 -6.029 0 -6.343999999999999 -6.079000000000001 1 -6.244 -6.079000000000001 1 -6.244 -6.029 1 -6.343999999999999 -6.029 1 -1.3439999999999994 -6.079000000000001 0 0.10599999999999987 -6.079000000000001 0 0.10599999999999987 -6.029 0 -1.3439999999999994 -6.029 0 -1.3439999999999994 -6.079000000000001 1 0.10599999999999987 -6.079000000000001 1 0.10599999999999987 -6.029 1 -1.3439999999999994 -6.029 1 -11.394 -6.1290000000000004 0 -11.244 -6.1290000000000004 0 -11.244 -6.079000000000001 0 -11.394 -6.079000000000001 0 -11.394 -6.1290000000000004 1 -11.244 -6.1290000000000004 1 -11.244 -6.079000000000001 1 -11.394 -6.079000000000001 1 -11.193999999999999 -6.1290000000000004 0 -11.144 -6.1290000000000004 0 -11.144 -6.079000000000001 0 -11.193999999999999 -6.079000000000001 0 -11.193999999999999 -6.1290000000000004 1 -11.144 -6.1290000000000004 1 -11.144 -6.079000000000001 1 -11.193999999999999 -6.079000000000001 1 -9.193999999999999 -6.1290000000000004 0 -8.943999999999999 -6.1290000000000004 0 -8.943999999999999 -6.079000000000001 0 -9.193999999999999 -6.079000000000001 0 -9.193999999999999 -6.1290000000000004 1 -8.943999999999999 -6.1290000000000004 1 -8.943999999999999 -6.079000000000001 1 -9.193999999999999 -6.079000000000001 1 -8.693999999999999 -6.1290000000000004 0 -8.644 -6.1290000000000004 0 -8.644 -6.079000000000001 0 -8.693999999999999 -6.079000000000001 0 -8.693999999999999 -6.1290000000000004 1 -8.644 -6.1290000000000004 1 -8.644 -6.079000000000001 1 -8.693999999999999 -6.079000000000001 1 -8.594 -6.1290000000000004 0 -8.044 -6.1290000000000004 0 -8.044 -6.079000000000001 0 -8.594 -6.079000000000001 0 -8.594 -6.1290000000000004 1 -8.044 -6.1290000000000004 1 -8.044 -6.079000000000001 1 -8.594 -6.079000000000001 1 -7.343999999999999 -6.1290000000000004 0 -7.294 -6.1290000000000004 0 -7.294 -6.079000000000001 0 -7.343999999999999 -6.079000000000001 0 -7.343999999999999 -6.1290000000000004 1 -7.294 -6.1290000000000004 1 -7.294 -6.079000000000001 1 -7.343999999999999 -6.079000000000001 1 -7.044 -6.1290000000000004 0 -6.994 -6.1290000000000004 0 -6.994 -6.079000000000001 0 -7.044 -6.079000000000001 0 -7.044 -6.1290000000000004 1 -6.994 -6.1290000000000004 1 -6.994 -6.079000000000001 1 -7.044 -6.079000000000001 1 -6.644 -6.1290000000000004 0 -6.544 -6.1290000000000004 0 -6.544 -6.079000000000001 0 -6.644 -6.079000000000001 0 -6.644 -6.1290000000000004 1 -6.544 -6.1290000000000004 1 -6.544 -6.079000000000001 1 -6.644 -6.079000000000001 1 -6.244 -6.1290000000000004 0 -6.093999999999999 -6.1290000000000004 0 -6.093999999999999 -6.079000000000001 0 -6.244 -6.079000000000001 0 -6.244 -6.1290000000000004 1 -6.093999999999999 -6.1290000000000004 1 -6.093999999999999 -6.079000000000001 1 -6.244 -6.079000000000001 1 -1.2439999999999998 -6.1290000000000004 0 0.05600000000000094 -6.1290000000000004 0 0.05600000000000094 -6.079000000000001 0 -1.2439999999999998 -6.079000000000001 0 -1.2439999999999998 -6.1290000000000004 1 0.05600000000000094 -6.1290000000000004 1 0.05600000000000094 -6.079000000000001 1 -1.2439999999999998 -6.079000000000001 1 -11.443999999999999 -6.179 0 -11.344 -6.179 0 -11.344 -6.1290000000000004 0 -11.443999999999999 -6.1290000000000004 0 -11.443999999999999 -6.179 1 -11.344 -6.179 1 -11.344 -6.1290000000000004 1 -11.443999999999999 -6.1290000000000004 1 -9.144 -6.179 0 -8.894 -6.179 0 -8.894 -6.1290000000000004 0 -9.144 -6.1290000000000004 0 -9.144 -6.179 1 -8.894 -6.179 1 -8.894 -6.1290000000000004 1 -9.144 -6.1290000000000004 1 -8.744 -6.179 0 -8.693999999999999 -6.179 0 -8.693999999999999 -6.1290000000000004 0 -8.744 -6.1290000000000004 0 -8.744 -6.179 1 -8.693999999999999 -6.179 1 -8.693999999999999 -6.1290000000000004 1 -8.744 -6.1290000000000004 1 -8.644 -6.179 0 -8.544 -6.179 0 -8.544 -6.1290000000000004 0 -8.644 -6.1290000000000004 0 -8.644 -6.179 1 -8.544 -6.179 1 -8.544 -6.1290000000000004 1 -8.644 -6.1290000000000004 1 -8.443999999999999 -6.179 0 -7.994 -6.179 0 -7.994 -6.1290000000000004 0 -8.443999999999999 -6.1290000000000004 0 -8.443999999999999 -6.179 1 -7.994 -6.179 1 -7.994 -6.1290000000000004 1 -8.443999999999999 -6.1290000000000004 1 -6.994 -6.179 0 -6.944 -6.179 0 -6.944 -6.1290000000000004 0 -6.994 -6.1290000000000004 0 -6.994 -6.179 1 -6.944 -6.179 1 -6.944 -6.1290000000000004 1 -6.994 -6.1290000000000004 1 -6.694 -6.179 0 -6.644 -6.179 0 -6.644 -6.1290000000000004 0 -6.694 -6.1290000000000004 0 -6.694 -6.179 1 -6.644 -6.179 1 -6.644 -6.1290000000000004 1 -6.694 -6.1290000000000004 1 -6.244 -6.179 0 -6.044 -6.179 0 -6.044 -6.1290000000000004 0 -6.244 -6.1290000000000004 0 -6.244 -6.179 1 -6.044 -6.179 1 -6.044 -6.1290000000000004 1 -6.244 -6.1290000000000004 1 -1.193999999999999 -6.179 0 0.006000000000000227 -6.179 0 0.006000000000000227 -6.1290000000000004 0 -1.193999999999999 -6.1290000000000004 0 -1.193999999999999 -6.179 1 0.006000000000000227 -6.179 1 0.006000000000000227 -6.1290000000000004 1 -1.193999999999999 -6.1290000000000004 1 -11.494 -6.229 0 -11.443999999999999 -6.229 0 -11.443999999999999 -6.179 0 -11.494 -6.179 0 -11.494 -6.229 1 -11.443999999999999 -6.229 1 -11.443999999999999 -6.179 1 -11.494 -6.179 1 -11.344 -6.229 0 -11.294 -6.229 0 -11.294 -6.179 0 -11.344 -6.179 0 -11.344 -6.229 1 -11.294 -6.229 1 -11.294 -6.179 1 -11.344 -6.179 1 -11.144 -6.229 0 -11.094 -6.229 0 -11.094 -6.179 0 -11.144 -6.179 0 -11.144 -6.229 1 -11.094 -6.229 1 -11.094 -6.179 1 -11.144 -6.179 1 -9.943999999999999 -6.229 0 -9.794 -6.229 0 -9.794 -6.179 0 -9.943999999999999 -6.179 0 -9.943999999999999 -6.229 1 -9.794 -6.229 1 -9.794 -6.179 1 -9.943999999999999 -6.179 1 -9.094000000000001 -6.229 0 -8.794 -6.229 0 -8.794 -6.179 0 -9.094000000000001 -6.179 0 -9.094000000000001 -6.229 1 -8.794 -6.229 1 -8.794 -6.179 1 -9.094000000000001 -6.179 1 -8.744 -6.229 0 -8.594 -6.229 0 -8.594 -6.179 0 -8.744 -6.179 0 -8.744 -6.229 1 -8.594 -6.229 1 -8.594 -6.179 1 -8.744 -6.179 1 -8.394 -6.229 0 -8.344 -6.229 0 -8.344 -6.179 0 -8.394 -6.179 0 -8.394 -6.229 1 -8.344 -6.229 1 -8.344 -6.179 1 -8.394 -6.179 1 -8.294 -6.229 0 -7.944 -6.229 0 -7.944 -6.179 0 -8.294 -6.179 0 -8.294 -6.229 1 -7.944 -6.229 1 -7.944 -6.179 1 -8.294 -6.179 1 -7.144 -6.229 0 -7.093999999999999 -6.229 0 -7.093999999999999 -6.1290000000000004 0 -7.144 -6.1290000000000004 0 -7.144 -6.229 1 -7.093999999999999 -6.229 1 -7.093999999999999 -6.1290000000000004 1 -7.144 -6.1290000000000004 1 -6.944 -6.229 0 -6.894 -6.229 0 -6.894 -6.179 0 -6.944 -6.179 0 -6.944 -6.229 1 -6.894 -6.229 1 -6.894 -6.179 1 -6.944 -6.179 1 -6.794 -6.229 0 -6.644 -6.229 0 -6.644 -6.179 0 -6.794 -6.179 0 -6.794 -6.229 1 -6.644 -6.229 1 -6.644 -6.179 1 -6.794 -6.179 1 -6.593999999999999 -6.229 0 -6.544 -6.229 0 -6.544 -6.179 0 -6.593999999999999 -6.179 0 -6.593999999999999 -6.229 1 -6.544 -6.229 1 -6.544 -6.179 1 -6.593999999999999 -6.179 1 -6.194 -6.229 0 -5.994 -6.229 0 -5.994 -6.179 0 -6.194 -6.179 0 -6.194 -6.229 1 -5.994 -6.229 1 -5.994 -6.179 1 -6.194 -6.179 1 -1.0939999999999994 -6.229 0 0.006000000000000227 -6.229 0 0.006000000000000227 -6.179 0 -1.0939999999999994 -6.179 0 -1.0939999999999994 -6.229 1 0.006000000000000227 -6.229 1 0.006000000000000227 -6.179 1 -1.0939999999999994 -6.179 1 -9.994 -6.279 0 -9.744 -6.279 0 -9.744 -6.229 0 -9.994 -6.229 0 -9.994 -6.279 1 -9.744 -6.279 1 -9.744 -6.229 1 -9.994 -6.229 1 -9.044 -6.279 0 -8.943999999999999 -6.279 0 -8.943999999999999 -6.229 0 -9.044 -6.229 0 -9.044 -6.279 1 -8.943999999999999 -6.279 1 -8.943999999999999 -6.229 1 -9.044 -6.229 1 -8.894 -6.279 0 -8.544 -6.279 0 -8.544 -6.229 0 -8.894 -6.229 0 -8.894 -6.279 1 -8.544 -6.279 1 -8.544 -6.229 1 -8.894 -6.229 1 -8.443999999999999 -6.279 0 -8.394 -6.279 0 -8.394 -6.229 0 -8.443999999999999 -6.229 0 -8.443999999999999 -6.279 1 -8.394 -6.279 1 -8.394 -6.229 1 -8.443999999999999 -6.229 1 -8.294 -6.279 0 -7.894 -6.279 0 -7.894 -6.229 0 -8.294 -6.229 0 -8.294 -6.279 1 -7.894 -6.279 1 -7.894 -6.229 1 -8.294 -6.229 1 -7.244 -6.279 0 -7.194 -6.279 0 -7.194 -6.1290000000000004 0 -7.244 -6.1290000000000004 0 -7.244 -6.279 1 -7.194 -6.279 1 -7.194 -6.1290000000000004 1 -7.244 -6.1290000000000004 1 -6.694 -6.279 0 -6.644 -6.279 0 -6.644 -6.229 0 -6.694 -6.229 0 -6.694 -6.279 1 -6.644 -6.279 1 -6.644 -6.229 1 -6.694 -6.229 1 -1.0439999999999987 -6.279 0 0.006000000000000227 -6.279 0 0.006000000000000227 -6.229 0 -1.0439999999999987 -6.229 0 -1.0439999999999987 -6.279 1 0.006000000000000227 -6.279 1 0.006000000000000227 -6.229 1 -1.0439999999999987 -6.229 1 -11.594 -6.329000000000001 0 -11.494 -6.329000000000001 0 -11.494 -6.279 0 -11.594 -6.279 0 -11.594 -6.329000000000001 1 -11.494 -6.329000000000001 1 -11.494 -6.279 1 -11.594 -6.279 1 -9.943999999999999 -6.329000000000001 0 -9.644 -6.329000000000001 0 -9.644 -6.279 0 -9.943999999999999 -6.279 0 -9.943999999999999 -6.329000000000001 1 -9.644 -6.329000000000001 1 -9.644 -6.279 1 -9.943999999999999 -6.279 1 -8.894 -6.329000000000001 0 -8.644 -6.329000000000001 0 -8.644 -6.279 0 -8.894 -6.279 0 -8.894 -6.329000000000001 1 -8.644 -6.329000000000001 1 -8.644 -6.279 1 -8.894 -6.279 1 -8.594 -6.329000000000001 0 -8.443999999999999 -6.329000000000001 0 -8.443999999999999 -6.279 0 -8.594 -6.279 0 -8.594 -6.329000000000001 1 -8.443999999999999 -6.329000000000001 1 -8.443999999999999 -6.279 1 -8.594 -6.279 1 -8.394 -6.329000000000001 0 -8.344 -6.329000000000001 0 -8.344 -6.279 0 -8.394 -6.279 0 -8.394 -6.329000000000001 1 -8.344 -6.329000000000001 1 -8.344 -6.279 1 -8.394 -6.279 1 -8.294 -6.329000000000001 0 -8.244 -6.329000000000001 0 -8.244 -6.279 0 -8.294 -6.279 0 -8.294 -6.329000000000001 1 -8.244 -6.329000000000001 1 -8.244 -6.279 1 -8.294 -6.279 1 -8.193999999999999 -6.329000000000001 0 -7.944 -6.329000000000001 0 -7.944 -6.279 0 -8.193999999999999 -6.279 0 -8.193999999999999 -6.329000000000001 1 -7.944 -6.329000000000001 1 -7.944 -6.279 1 -8.193999999999999 -6.279 1 -7.244 -6.329000000000001 0 -7.093999999999999 -6.329000000000001 0 -7.093999999999999 -6.279 0 -7.244 -6.279 0 -7.244 -6.329000000000001 1 -7.093999999999999 -6.329000000000001 1 -7.093999999999999 -6.279 1 -7.244 -6.279 1 -6.994 -6.329000000000001 0 -6.944 -6.329000000000001 0 -6.944 -6.279 0 -6.994 -6.279 0 -6.994 -6.329000000000001 1 -6.944 -6.329000000000001 1 -6.944 -6.279 1 -6.994 -6.279 1 -6.694 -6.329000000000001 0 -6.593999999999999 -6.329000000000001 0 -6.593999999999999 -6.279 0 -6.694 -6.279 0 -6.694 -6.329000000000001 1 -6.593999999999999 -6.329000000000001 1 -6.593999999999999 -6.279 1 -6.694 -6.279 1 -6.494 -6.329000000000001 0 -6.444 -6.329000000000001 0 -6.444 -6.279 0 -6.494 -6.279 0 -6.494 -6.329000000000001 1 -6.444 -6.329000000000001 1 -6.444 -6.279 1 -6.494 -6.279 1 -6.244 -6.329000000000001 0 -5.944 -6.329000000000001 0 -5.944 -6.229 0 -6.244 -6.229 0 -6.244 -6.329000000000001 1 -5.944 -6.329000000000001 1 -5.944 -6.229 1 -6.244 -6.229 1 -0.9439999999999991 -6.329000000000001 0 0.006000000000000227 -6.329000000000001 0 0.006000000000000227 -6.279 0 -0.9439999999999991 -6.279 0 -0.9439999999999991 -6.329000000000001 1 0.006000000000000227 -6.329000000000001 1 0.006000000000000227 -6.279 1 -0.9439999999999991 -6.279 1 -11.693999999999999 -6.3790000000000004 0 -11.644 -6.3790000000000004 0 -11.644 -6.329000000000001 0 -11.693999999999999 -6.329000000000001 0 -11.693999999999999 -6.3790000000000004 1 -11.644 -6.3790000000000004 1 -11.644 -6.329000000000001 1 -11.693999999999999 -6.329000000000001 1 -11.594 -6.3790000000000004 0 -11.544 -6.3790000000000004 0 -11.544 -6.329000000000001 0 -11.594 -6.329000000000001 0 -11.594 -6.3790000000000004 1 -11.544 -6.3790000000000004 1 -11.544 -6.329000000000001 1 -11.594 -6.329000000000001 1 -9.844 -6.3790000000000004 0 -9.644 -6.3790000000000004 0 -9.644 -6.329000000000001 0 -9.844 -6.329000000000001 0 -9.844 -6.3790000000000004 1 -9.644 -6.3790000000000004 1 -9.644 -6.329000000000001 1 -9.844 -6.329000000000001 1 -9.044 -6.3790000000000004 0 -8.994 -6.3790000000000004 0 -8.994 -6.329000000000001 0 -9.044 -6.329000000000001 0 -9.044 -6.3790000000000004 1 -8.994 -6.3790000000000004 1 -8.994 -6.329000000000001 1 -9.044 -6.329000000000001 1 -8.844000000000001 -6.3790000000000004 0 -8.744 -6.3790000000000004 0 -8.744 -6.329000000000001 0 -8.844000000000001 -6.329000000000001 0 -8.844000000000001 -6.3790000000000004 1 -8.744 -6.3790000000000004 1 -8.744 -6.329000000000001 1 -8.844000000000001 -6.329000000000001 1 -8.544 -6.3790000000000004 0 -8.494 -6.3790000000000004 0 -8.494 -6.329000000000001 0 -8.544 -6.329000000000001 0 -8.544 -6.3790000000000004 1 -8.494 -6.3790000000000004 1 -8.494 -6.329000000000001 1 -8.544 -6.329000000000001 1 -8.443999999999999 -6.3790000000000004 0 -7.994 -6.3790000000000004 0 -7.994 -6.329000000000001 0 -8.443999999999999 -6.329000000000001 0 -8.443999999999999 -6.3790000000000004 1 -7.994 -6.3790000000000004 1 -7.994 -6.329000000000001 1 -8.443999999999999 -6.329000000000001 1 -7.194 -6.3790000000000004 0 -7.093999999999999 -6.3790000000000004 0 -7.093999999999999 -6.329000000000001 0 -7.194 -6.329000000000001 0 -7.194 -6.3790000000000004 1 -7.093999999999999 -6.3790000000000004 1 -7.093999999999999 -6.329000000000001 1 -7.194 -6.329000000000001 1 -7.044 -6.3790000000000004 0 -6.994 -6.3790000000000004 0 -6.994 -6.329000000000001 0 -7.044 -6.329000000000001 0 -7.044 -6.3790000000000004 1 -6.994 -6.3790000000000004 1 -6.994 -6.329000000000001 1 -7.044 -6.329000000000001 1 -6.944 -6.3790000000000004 0 -6.894 -6.3790000000000004 0 -6.894 -6.329000000000001 0 -6.944 -6.329000000000001 0 -6.944 -6.3790000000000004 1 -6.894 -6.3790000000000004 1 -6.894 -6.329000000000001 1 -6.944 -6.329000000000001 1 -6.294 -6.3790000000000004 0 -5.894 -6.3790000000000004 0 -5.894 -6.329000000000001 0 -6.294 -6.329000000000001 0 -6.294 -6.3790000000000004 1 -5.894 -6.3790000000000004 1 -5.894 -6.329000000000001 1 -6.294 -6.329000000000001 1 -0.8940000000000001 -6.3790000000000004 0 0.006000000000000227 -6.3790000000000004 0 0.006000000000000227 -6.329000000000001 0 -0.8940000000000001 -6.329000000000001 0 -0.8940000000000001 -6.3790000000000004 1 0.006000000000000227 -6.3790000000000004 1 0.006000000000000227 -6.329000000000001 1 -0.8940000000000001 -6.329000000000001 1 -11.844 -6.429 0 -11.794 -6.429 0 -11.794 -6.3790000000000004 0 -11.844 -6.3790000000000004 0 -11.844 -6.429 1 -11.794 -6.429 1 -11.794 -6.3790000000000004 1 -11.844 -6.3790000000000004 1 -11.693999999999999 -6.429 0 -11.594 -6.429 0 -11.594 -6.3790000000000004 0 -11.693999999999999 -6.3790000000000004 0 -11.693999999999999 -6.429 1 -11.594 -6.429 1 -11.594 -6.3790000000000004 1 -11.693999999999999 -6.3790000000000004 1 -9.994 -6.429 0 -9.943999999999999 -6.429 0 -9.943999999999999 -6.3790000000000004 0 -9.994 -6.3790000000000004 0 -9.994 -6.429 1 -9.943999999999999 -6.429 1 -9.943999999999999 -6.3790000000000004 1 -9.994 -6.3790000000000004 1 -9.894 -6.429 0 -9.594 -6.429 0 -9.594 -6.3790000000000004 0 -9.894 -6.3790000000000004 0 -9.894 -6.429 1 -9.594 -6.429 1 -9.594 -6.3790000000000004 1 -9.894 -6.3790000000000004 1 -9.044 -6.429 0 -8.744 -6.429 0 -8.744 -6.3790000000000004 0 -9.044 -6.3790000000000004 0 -9.044 -6.429 1 -8.744 -6.429 1 -8.744 -6.3790000000000004 1 -9.044 -6.3790000000000004 1 -8.693999999999999 -6.429 0 -8.394 -6.429 0 -8.394 -6.3790000000000004 0 -8.693999999999999 -6.3790000000000004 0 -8.693999999999999 -6.429 1 -8.394 -6.429 1 -8.394 -6.3790000000000004 1 -8.693999999999999 -6.3790000000000004 1 -8.244 -6.429 0 -7.994 -6.429 0 -7.994 -6.3790000000000004 0 -8.244 -6.3790000000000004 0 -8.244 -6.429 1 -7.994 -6.429 1 -7.994 -6.3790000000000004 1 -8.244 -6.3790000000000004 1 -7.944 -6.429 0 -7.894 -6.429 0 -7.894 -6.3790000000000004 0 -7.944 -6.3790000000000004 0 -7.944 -6.429 1 -7.894 -6.429 1 -7.894 -6.3790000000000004 1 -7.944 -6.3790000000000004 1 -7.044 -6.429 0 -6.944 -6.429 0 -6.944 -6.3790000000000004 0 -7.044 -6.3790000000000004 0 -7.044 -6.429 1 -6.944 -6.429 1 -6.944 -6.3790000000000004 1 -7.044 -6.3790000000000004 1 -6.494 -6.429 0 -6.444 -6.429 0 -6.444 -6.3790000000000004 0 -6.494 -6.3790000000000004 0 -6.494 -6.429 1 -6.444 -6.429 1 -6.444 -6.3790000000000004 1 -6.494 -6.3790000000000004 1 -6.343999999999999 -6.429 0 -6.294 -6.429 0 -6.294 -6.3790000000000004 0 -6.343999999999999 -6.3790000000000004 0 -6.343999999999999 -6.429 1 -6.294 -6.429 1 -6.294 -6.3790000000000004 1 -6.343999999999999 -6.3790000000000004 1 -6.244 -6.429 0 -6.194 -6.429 0 -6.194 -6.3790000000000004 0 -6.244 -6.3790000000000004 0 -6.244 -6.429 1 -6.194 -6.429 1 -6.194 -6.3790000000000004 1 -6.244 -6.3790000000000004 1 -6.144 -6.429 0 -5.794 -6.429 0 -5.794 -6.3790000000000004 0 -6.144 -6.3790000000000004 0 -6.144 -6.429 1 -5.794 -6.429 1 -5.794 -6.3790000000000004 1 -6.144 -6.3790000000000004 1 -5.494 -6.429 0 -5.444 -6.429 0 -5.444 -6.3790000000000004 0 -5.494 -6.3790000000000004 0 -5.494 -6.429 1 -5.444 -6.429 1 -5.444 -6.3790000000000004 1 -5.494 -6.3790000000000004 1 -0.7939999999999987 -6.429 0 0.006000000000000227 -6.429 0 0.006000000000000227 -6.3790000000000004 0 -0.7939999999999987 -6.3790000000000004 0 -0.7939999999999987 -6.429 1 0.006000000000000227 -6.429 1 0.006000000000000227 -6.3790000000000004 1 -0.7939999999999987 -6.3790000000000004 1 -11.693999999999999 -6.479 0 -11.644 -6.479 0 -11.644 -6.429 0 -11.693999999999999 -6.429 0 -11.693999999999999 -6.479 1 -11.644 -6.479 1 -11.644 -6.429 1 -11.693999999999999 -6.429 1 -9.943999999999999 -6.479 0 -9.844 -6.479 0 -9.844 -6.429 0 -9.943999999999999 -6.429 0 -9.943999999999999 -6.479 1 -9.844 -6.479 1 -9.844 -6.429 1 -9.943999999999999 -6.429 1 -9.794 -6.479 0 -9.644 -6.479 0 -9.644 -6.429 0 -9.794 -6.429 0 -9.794 -6.479 1 -9.644 -6.479 1 -9.644 -6.429 1 -9.794 -6.429 1 -9.594 -6.479 0 -9.544 -6.479 0 -9.544 -6.429 0 -9.594 -6.429 0 -9.594 -6.479 1 -9.544 -6.479 1 -9.544 -6.429 1 -9.594 -6.429 1 -9.044 -6.479 0 -8.544 -6.479 0 -8.544 -6.429 0 -9.044 -6.429 0 -9.044 -6.479 1 -8.544 -6.479 1 -8.544 -6.429 1 -9.044 -6.429 1 -8.494 -6.479 0 -8.443999999999999 -6.479 0 -8.443999999999999 -6.429 0 -8.494 -6.429 0 -8.494 -6.479 1 -8.443999999999999 -6.479 1 -8.443999999999999 -6.429 1 -8.494 -6.429 1 -8.294 -6.479 0 -8.044 -6.479 0 -8.044 -6.429 0 -8.294 -6.429 0 -8.294 -6.479 1 -8.044 -6.479 1 -8.044 -6.429 1 -8.294 -6.429 1 -7.994 -6.479 0 -7.944 -6.479 0 -7.944 -6.429 0 -7.994 -6.429 0 -7.994 -6.479 1 -7.944 -6.479 1 -7.944 -6.429 1 -7.994 -6.429 1 -7.294 -6.479 0 -7.244 -6.479 0 -7.244 -6.429 0 -7.294 -6.429 0 -7.294 -6.479 1 -7.244 -6.479 1 -7.244 -6.429 1 -7.294 -6.429 1 -7.194 -6.479 0 -7.144 -6.479 0 -7.144 -6.429 0 -7.194 -6.429 0 -7.194 -6.479 1 -7.144 -6.479 1 -7.144 -6.429 1 -7.194 -6.429 1 -7.093999999999999 -6.479 0 -7.044 -6.479 0 -7.044 -6.429 0 -7.093999999999999 -6.429 0 -7.093999999999999 -6.479 1 -7.044 -6.479 1 -7.044 -6.429 1 -7.093999999999999 -6.429 1 -6.994 -6.479 0 -6.944 -6.479 0 -6.944 -6.429 0 -6.994 -6.429 0 -6.994 -6.479 1 -6.944 -6.479 1 -6.944 -6.429 1 -6.994 -6.429 1 -6.843999999999999 -6.479 0 -6.744 -6.479 0 -6.744 -6.3790000000000004 0 -6.843999999999999 -6.3790000000000004 0 -6.843999999999999 -6.479 1 -6.744 -6.479 1 -6.744 -6.3790000000000004 1 -6.843999999999999 -6.3790000000000004 1 -6.294 -6.479 0 -5.944 -6.479 0 -5.944 -6.429 0 -6.294 -6.429 0 -6.294 -6.479 1 -5.944 -6.479 1 -5.944 -6.429 1 -6.294 -6.429 1 -5.894 -6.479 0 -5.794 -6.479 0 -5.794 -6.429 0 -5.894 -6.429 0 -5.894 -6.479 1 -5.794 -6.479 1 -5.794 -6.429 1 -5.894 -6.429 1 -0.8439999999999994 -6.479 0 -0.7939999999999987 -6.479 0 -0.7939999999999987 -6.429 0 -0.8439999999999994 -6.429 0 -0.8439999999999994 -6.479 1 -0.7939999999999987 -6.479 1 -0.7939999999999987 -6.429 1 -0.8439999999999994 -6.429 1 -0.6939999999999991 -6.479 0 0.006000000000000227 -6.479 0 0.006000000000000227 -6.429 0 -0.6939999999999991 -6.429 0 -0.6939999999999991 -6.479 1 0.006000000000000227 -6.479 1 0.006000000000000227 -6.429 1 -0.6939999999999991 -6.429 1 -11.744 -6.529 0 -11.693999999999999 -6.529 0 -11.693999999999999 -6.479 0 -11.744 -6.479 0 -11.744 -6.529 1 -11.693999999999999 -6.529 1 -11.693999999999999 -6.479 1 -11.744 -6.479 1 -9.994 -6.529 0 -9.844 -6.529 0 -9.844 -6.479 0 -9.994 -6.479 0 -9.994 -6.529 1 -9.844 -6.529 1 -9.844 -6.479 1 -9.994 -6.479 1 -9.794 -6.529 0 -9.394 -6.529 0 -9.394 -6.479 0 -9.794 -6.479 0 -9.794 -6.529 1 -9.394 -6.529 1 -9.394 -6.479 1 -9.794 -6.479 1 -9.094000000000001 -6.529 0 -8.794 -6.529 0 -8.794 -6.479 0 -9.094000000000001 -6.479 0 -9.094000000000001 -6.529 1 -8.794 -6.529 1 -8.794 -6.479 1 -9.094000000000001 -6.479 1 -8.744 -6.529 0 -8.494 -6.529 0 -8.494 -6.479 0 -8.744 -6.479 0 -8.744 -6.529 1 -8.494 -6.529 1 -8.494 -6.479 1 -8.744 -6.479 1 -8.394 -6.529 0 -8.044 -6.529 0 -8.044 -6.479 0 -8.394 -6.479 0 -8.394 -6.529 1 -8.044 -6.529 1 -8.044 -6.479 1 -8.394 -6.479 1 -7.994 -6.529 0 -7.744 -6.529 0 -7.744 -6.479 0 -7.994 -6.479 0 -7.994 -6.529 1 -7.744 -6.529 1 -7.744 -6.479 1 -7.994 -6.479 1 -7.244 -6.529 0 -7.194 -6.529 0 -7.194 -6.479 0 -7.244 -6.479 0 -7.244 -6.529 1 -7.194 -6.529 1 -7.194 -6.479 1 -7.244 -6.479 1 -6.894 -6.529 0 -6.744 -6.529 0 -6.744 -6.479 0 -6.894 -6.479 0 -6.894 -6.529 1 -6.744 -6.529 1 -6.744 -6.479 1 -6.894 -6.479 1 -6.494 -6.529 0 -6.194 -6.529 0 -6.194 -6.479 0 -6.494 -6.479 0 -6.494 -6.529 1 -6.194 -6.529 1 -6.194 -6.479 1 -6.494 -6.479 1 -5.994 -6.529 0 -5.944 -6.529 0 -5.944 -6.479 0 -5.994 -6.479 0 -5.994 -6.529 1 -5.944 -6.529 1 -5.944 -6.479 1 -5.994 -6.479 1 -0.6440000000000001 -6.529 0 0.006000000000000227 -6.529 0 0.006000000000000227 -6.479 0 -0.6440000000000001 -6.479 0 -0.6440000000000001 -6.529 1 0.006000000000000227 -6.529 1 0.006000000000000227 -6.479 1 -0.6440000000000001 -6.479 1 -10.644 -6.579000000000001 0 -10.594 -6.579000000000001 0 -10.594 -6.529 0 -10.644 -6.529 0 -10.644 -6.579000000000001 1 -10.594 -6.579000000000001 1 -10.594 -6.529 1 -10.644 -6.529 1 -10.094 -6.579000000000001 0 -9.844 -6.579000000000001 0 -9.844 -6.529 0 -10.094 -6.529 0 -10.094 -6.579000000000001 1 -9.844 -6.579000000000001 1 -9.844 -6.529 1 -10.094 -6.529 1 -9.744 -6.579000000000001 0 -9.494 -6.579000000000001 0 -9.494 -6.529 0 -9.744 -6.529 0 -9.744 -6.579000000000001 1 -9.494 -6.579000000000001 1 -9.494 -6.529 1 -9.744 -6.529 1 -9.144 -6.579000000000001 0 -9.094000000000001 -6.579000000000001 0 -9.094000000000001 -6.529 0 -9.144 -6.529 0 -9.144 -6.579000000000001 1 -9.094000000000001 -6.579000000000001 1 -9.094000000000001 -6.529 1 -9.144 -6.529 1 -8.894 -6.579000000000001 0 -8.794 -6.579000000000001 0 -8.794 -6.529 0 -8.894 -6.529 0 -8.894 -6.579000000000001 1 -8.794 -6.579000000000001 1 -8.794 -6.529 1 -8.894 -6.529 1 -8.693999999999999 -6.579000000000001 0 -8.494 -6.579000000000001 0 -8.494 -6.529 0 -8.693999999999999 -6.529 0 -8.693999999999999 -6.579000000000001 1 -8.494 -6.579000000000001 1 -8.494 -6.529 1 -8.693999999999999 -6.529 1 -8.394 -6.579000000000001 0 -7.694 -6.579000000000001 0 -7.694 -6.529 0 -8.394 -6.529 0 -8.394 -6.579000000000001 1 -7.694 -6.579000000000001 1 -7.694 -6.529 1 -8.394 -6.529 1 -7.044 -6.579000000000001 0 -6.944 -6.579000000000001 0 -6.944 -6.529 0 -7.044 -6.529 0 -7.044 -6.579000000000001 1 -6.944 -6.579000000000001 1 -6.944 -6.529 1 -7.044 -6.529 1 -6.894 -6.579000000000001 0 -6.794 -6.579000000000001 0 -6.794 -6.529 0 -6.894 -6.529 0 -6.894 -6.579000000000001 1 -6.794 -6.579000000000001 1 -6.794 -6.529 1 -6.894 -6.529 1 -6.744 -6.579000000000001 0 -6.694 -6.579000000000001 0 -6.694 -6.529 0 -6.744 -6.529 0 -6.744 -6.579000000000001 1 -6.694 -6.579000000000001 1 -6.694 -6.529 1 -6.744 -6.529 1 -6.644 -6.579000000000001 0 -6.593999999999999 -6.579000000000001 0 -6.593999999999999 -6.529 0 -6.644 -6.529 0 -6.644 -6.579000000000001 1 -6.593999999999999 -6.579000000000001 1 -6.593999999999999 -6.529 1 -6.644 -6.529 1 -6.544 -6.579000000000001 0 -6.494 -6.579000000000001 0 -6.494 -6.529 0 -6.544 -6.529 0 -6.544 -6.579000000000001 1 -6.494 -6.579000000000001 1 -6.494 -6.529 1 -6.544 -6.529 1 -6.444 -6.579000000000001 0 -6.244 -6.579000000000001 0 -6.244 -6.529 0 -6.444 -6.529 0 -6.444 -6.579000000000001 1 -6.244 -6.579000000000001 1 -6.244 -6.529 1 -6.444 -6.529 1 -5.894 -6.579000000000001 0 -5.843999999999999 -6.579000000000001 0 -5.843999999999999 -6.479 0 -5.894 -6.479 0 -5.894 -6.579000000000001 1 -5.843999999999999 -6.579000000000001 1 -5.843999999999999 -6.479 1 -5.894 -6.479 1 -0.5939999999999994 -6.579000000000001 0 -0.04399999999999871 -6.579000000000001 0 -0.04399999999999871 -6.529 0 -0.5939999999999994 -6.529 0 -0.5939999999999994 -6.579000000000001 1 -0.04399999999999871 -6.579000000000001 1 -0.04399999999999871 -6.529 1 -0.5939999999999994 -6.529 1 -11.794 -6.6290000000000004 0 -11.744 -6.6290000000000004 0 -11.744 -6.529 0 -11.794 -6.529 0 -11.794 -6.6290000000000004 1 -11.744 -6.6290000000000004 1 -11.744 -6.529 1 -11.794 -6.529 1 -10.044 -6.6290000000000004 0 -9.994 -6.6290000000000004 0 -9.994 -6.579000000000001 0 -10.044 -6.579000000000001 0 -10.044 -6.6290000000000004 1 -9.994 -6.6290000000000004 1 -9.994 -6.579000000000001 1 -10.044 -6.579000000000001 1 -9.943999999999999 -6.6290000000000004 0 -9.894 -6.6290000000000004 0 -9.894 -6.579000000000001 0 -9.943999999999999 -6.579000000000001 0 -9.943999999999999 -6.6290000000000004 1 -9.894 -6.6290000000000004 1 -9.894 -6.579000000000001 1 -9.943999999999999 -6.579000000000001 1 -9.744 -6.6290000000000004 0 -9.443999999999999 -6.6290000000000004 0 -9.443999999999999 -6.579000000000001 0 -9.744 -6.579000000000001 0 -9.744 -6.6290000000000004 1 -9.443999999999999 -6.6290000000000004 1 -9.443999999999999 -6.579000000000001 1 -9.744 -6.579000000000001 1 -9.044 -6.6290000000000004 0 -8.943999999999999 -6.6290000000000004 0 -8.943999999999999 -6.529 0 -9.044 -6.529 0 -9.044 -6.6290000000000004 1 -8.943999999999999 -6.6290000000000004 1 -8.943999999999999 -6.529 1 -9.044 -6.529 1 -8.894 -6.6290000000000004 0 -8.844000000000001 -6.6290000000000004 0 -8.844000000000001 -6.579000000000001 0 -8.894 -6.579000000000001 0 -8.894 -6.6290000000000004 1 -8.844000000000001 -6.6290000000000004 1 -8.844000000000001 -6.579000000000001 1 -8.894 -6.579000000000001 1 -8.744 -6.6290000000000004 0 -8.443999999999999 -6.6290000000000004 0 -8.443999999999999 -6.579000000000001 0 -8.744 -6.579000000000001 0 -8.744 -6.6290000000000004 1 -8.443999999999999 -6.6290000000000004 1 -8.443999999999999 -6.579000000000001 1 -8.744 -6.579000000000001 1 -8.394 -6.6290000000000004 0 -8.344 -6.6290000000000004 0 -8.344 -6.579000000000001 0 -8.394 -6.579000000000001 0 -8.394 -6.6290000000000004 1 -8.344 -6.6290000000000004 1 -8.344 -6.579000000000001 1 -8.394 -6.579000000000001 1 -8.244 -6.6290000000000004 0 -7.694 -6.6290000000000004 0 -7.694 -6.579000000000001 0 -8.244 -6.579000000000001 0 -8.244 -6.6290000000000004 1 -7.694 -6.6290000000000004 1 -7.694 -6.579000000000001 1 -8.244 -6.579000000000001 1 -6.843999999999999 -6.6290000000000004 0 -6.744 -6.6290000000000004 0 -6.744 -6.579000000000001 0 -6.843999999999999 -6.579000000000001 0 -6.843999999999999 -6.6290000000000004 1 -6.744 -6.6290000000000004 1 -6.744 -6.579000000000001 1 -6.843999999999999 -6.579000000000001 1 -6.593999999999999 -6.6290000000000004 0 -6.494 -6.6290000000000004 0 -6.494 -6.579000000000001 0 -6.593999999999999 -6.579000000000001 0 -6.593999999999999 -6.6290000000000004 1 -6.494 -6.6290000000000004 1 -6.494 -6.579000000000001 1 -6.593999999999999 -6.579000000000001 1 -6.394 -6.6290000000000004 0 -6.343999999999999 -6.6290000000000004 0 -6.343999999999999 -6.579000000000001 0 -6.394 -6.579000000000001 0 -6.394 -6.6290000000000004 1 -6.343999999999999 -6.6290000000000004 1 -6.343999999999999 -6.579000000000001 1 -6.394 -6.579000000000001 1 -6.294 -6.6290000000000004 0 -6.194 -6.6290000000000004 0 -6.194 -6.579000000000001 0 -6.294 -6.579000000000001 0 -6.294 -6.6290000000000004 1 -6.194 -6.6290000000000004 1 -6.194 -6.579000000000001 1 -6.294 -6.579000000000001 1 -0.6939999999999991 -6.6290000000000004 0 -0.09399999999999942 -6.6290000000000004 0 -0.09399999999999942 -6.579000000000001 0 -0.6939999999999991 -6.579000000000001 0 -0.6939999999999991 -6.6290000000000004 1 -0.09399999999999942 -6.6290000000000004 1 -0.09399999999999942 -6.579000000000001 1 -0.6939999999999991 -6.579000000000001 1 -11.844 -6.679 0 -11.794 -6.679 0 -11.794 -6.6290000000000004 0 -11.844 -6.6290000000000004 0 -11.844 -6.679 1 -11.794 -6.679 1 -11.794 -6.6290000000000004 1 -11.844 -6.6290000000000004 1 -11.744 -6.679 0 -11.693999999999999 -6.679 0 -11.693999999999999 -6.6290000000000004 0 -11.744 -6.6290000000000004 0 -11.744 -6.679 1 -11.693999999999999 -6.679 1 -11.693999999999999 -6.6290000000000004 1 -11.744 -6.6290000000000004 1 -11.594 -6.679 0 -11.544 -6.679 0 -11.544 -6.6290000000000004 0 -11.594 -6.6290000000000004 0 -11.594 -6.679 1 -11.544 -6.679 1 -11.544 -6.6290000000000004 1 -11.594 -6.6290000000000004 1 -10.044 -6.679 0 -9.943999999999999 -6.679 0 -9.943999999999999 -6.6290000000000004 0 -10.044 -6.6290000000000004 0 -10.044 -6.679 1 -9.943999999999999 -6.679 1 -9.943999999999999 -6.6290000000000004 1 -10.044 -6.6290000000000004 1 -9.693999999999999 -6.679 0 -9.394 -6.679 0 -9.394 -6.6290000000000004 0 -9.693999999999999 -6.6290000000000004 0 -9.693999999999999 -6.679 1 -9.394 -6.679 1 -9.394 -6.6290000000000004 1 -9.693999999999999 -6.6290000000000004 1 -9.094000000000001 -6.679 0 -8.994 -6.679 0 -8.994 -6.6290000000000004 0 -9.094000000000001 -6.6290000000000004 0 -9.094000000000001 -6.679 1 -8.994 -6.679 1 -8.994 -6.6290000000000004 1 -9.094000000000001 -6.6290000000000004 1 -8.494 -6.679 0 -8.443999999999999 -6.679 0 -8.443999999999999 -6.6290000000000004 0 -8.494 -6.6290000000000004 0 -8.494 -6.679 1 -8.443999999999999 -6.679 1 -8.443999999999999 -6.6290000000000004 1 -8.494 -6.6290000000000004 1 -8.294 -6.679 0 -7.843999999999999 -6.679 0 -7.843999999999999 -6.6290000000000004 0 -8.294 -6.6290000000000004 0 -8.294 -6.679 1 -7.843999999999999 -6.679 1 -7.843999999999999 -6.6290000000000004 1 -8.294 -6.6290000000000004 1 -7.794 -6.679 0 -7.494 -6.679 0 -7.494 -6.6290000000000004 0 -7.794 -6.6290000000000004 0 -7.794 -6.679 1 -7.494 -6.679 1 -7.494 -6.6290000000000004 1 -7.794 -6.6290000000000004 1 -7.444 -6.679 0 -7.394 -6.679 0 -7.394 -6.6290000000000004 0 -7.444 -6.6290000000000004 0 -7.444 -6.679 1 -7.394 -6.679 1 -7.394 -6.6290000000000004 1 -7.444 -6.6290000000000004 1 -7.343999999999999 -6.679 0 -7.244 -6.679 0 -7.244 -6.6290000000000004 0 -7.343999999999999 -6.6290000000000004 0 -7.343999999999999 -6.679 1 -7.244 -6.679 1 -7.244 -6.6290000000000004 1 -7.343999999999999 -6.6290000000000004 1 -6.994 -6.679 0 -6.944 -6.679 0 -6.944 -6.6290000000000004 0 -6.994 -6.6290000000000004 0 -6.994 -6.679 1 -6.944 -6.679 1 -6.944 -6.6290000000000004 1 -6.994 -6.6290000000000004 1 -6.843999999999999 -6.679 0 -6.794 -6.679 0 -6.794 -6.6290000000000004 0 -6.843999999999999 -6.6290000000000004 0 -6.843999999999999 -6.679 1 -6.794 -6.679 1 -6.794 -6.6290000000000004 1 -6.843999999999999 -6.6290000000000004 1 -6.593999999999999 -6.679 0 -6.444 -6.679 0 -6.444 -6.6290000000000004 0 -6.593999999999999 -6.6290000000000004 0 -6.593999999999999 -6.679 1 -6.444 -6.679 1 -6.444 -6.6290000000000004 1 -6.593999999999999 -6.6290000000000004 1 -5.843999999999999 -6.679 0 -5.794 -6.679 0 -5.794 -6.6290000000000004 0 -5.843999999999999 -6.6290000000000004 0 -5.843999999999999 -6.679 1 -5.794 -6.679 1 -5.794 -6.6290000000000004 1 -5.843999999999999 -6.6290000000000004 1 -0.6939999999999991 -6.679 0 -0.4939999999999998 -6.679 0 -0.4939999999999998 -6.6290000000000004 0 -0.6939999999999991 -6.6290000000000004 0 -0.6939999999999991 -6.679 1 -0.4939999999999998 -6.679 1 -0.4939999999999998 -6.6290000000000004 1 -0.6939999999999991 -6.6290000000000004 1 -11.894 -6.729 0 -11.844 -6.729 0 -11.844 -6.679 0 -11.894 -6.679 0 -11.894 -6.729 1 -11.844 -6.729 1 -11.844 -6.679 1 -11.894 -6.679 1 -9.644 -6.729 0 -9.394 -6.729 0 -9.394 -6.679 0 -9.644 -6.679 0 -9.644 -6.729 1 -9.394 -6.729 1 -9.394 -6.679 1 -9.644 -6.679 1 -8.294 -6.729 0 -8.044 -6.729 0 -8.044 -6.679 0 -8.294 -6.679 0 -8.294 -6.729 1 -8.044 -6.729 1 -8.044 -6.679 1 -8.294 -6.679 1 -7.994 -6.729 0 -7.944 -6.729 0 -7.944 -6.679 0 -7.994 -6.679 0 -7.994 -6.729 1 -7.944 -6.729 1 -7.944 -6.679 1 -7.994 -6.679 1 -7.894 -6.729 0 -7.144 -6.729 0 -7.144 -6.679 0 -7.894 -6.679 0 -7.894 -6.729 1 -7.144 -6.729 1 -7.144 -6.679 1 -7.894 -6.679 1 -6.843999999999999 -6.729 0 -6.744 -6.729 0 -6.744 -6.679 0 -6.843999999999999 -6.679 0 -6.843999999999999 -6.729 1 -6.744 -6.729 1 -6.744 -6.679 1 -6.843999999999999 -6.679 1 -6.593999999999999 -6.729 0 -6.544 -6.729 0 -6.544 -6.679 0 -6.593999999999999 -6.679 0 -6.593999999999999 -6.729 1 -6.544 -6.729 1 -6.544 -6.679 1 -6.593999999999999 -6.679 1 -0.8439999999999994 -6.729 0 -0.7939999999999987 -6.729 0 -0.7939999999999987 -6.679 0 -0.8439999999999994 -6.679 0 -0.8439999999999994 -6.729 1 -0.7939999999999987 -6.729 1 -0.7939999999999987 -6.679 1 -0.8439999999999994 -6.679 1 -0.7439999999999998 -6.729 0 -0.4939999999999998 -6.729 0 -0.4939999999999998 -6.679 0 -0.7439999999999998 -6.679 0 -0.7439999999999998 -6.729 1 -0.4939999999999998 -6.729 1 -0.4939999999999998 -6.679 1 -0.7439999999999998 -6.679 1 -11.943999999999999 -6.779 0 -11.794 -6.779 0 -11.794 -6.729 0 -11.943999999999999 -6.729 0 -11.943999999999999 -6.779 1 -11.794 -6.779 1 -11.794 -6.729 1 -11.943999999999999 -6.729 1 -11.594 -6.779 0 -11.494 -6.779 0 -11.494 -6.729 0 -11.594 -6.729 0 -11.594 -6.779 1 -11.494 -6.779 1 -11.494 -6.729 1 -11.594 -6.729 1 -9.693999999999999 -6.779 0 -9.394 -6.779 0 -9.394 -6.729 0 -9.693999999999999 -6.729 0 -9.693999999999999 -6.779 1 -9.394 -6.779 1 -9.394 -6.729 1 -9.693999999999999 -6.729 1 -9.344000000000001 -6.779 0 -9.294 -6.779 0 -9.294 -6.729 0 -9.344000000000001 -6.729 0 -9.344000000000001 -6.779 1 -9.294 -6.779 1 -9.294 -6.729 1 -9.344000000000001 -6.729 1 -9.193999999999999 -6.779 0 -9.144 -6.779 0 -9.144 -6.729 0 -9.193999999999999 -6.729 0 -9.193999999999999 -6.779 1 -9.144 -6.779 1 -9.144 -6.729 1 -9.193999999999999 -6.729 1 -8.443999999999999 -6.779 0 -7.944 -6.779 0 -7.944 -6.729 0 -8.443999999999999 -6.729 0 -8.443999999999999 -6.779 1 -7.944 -6.779 1 -7.944 -6.729 1 -8.443999999999999 -6.729 1 -7.744 -6.779 0 -7.644 -6.779 0 -7.644 -6.729 0 -7.744 -6.729 0 -7.744 -6.779 1 -7.644 -6.779 1 -7.644 -6.729 1 -7.744 -6.729 1 -7.593999999999999 -6.779 0 -7.144 -6.779 0 -7.144 -6.729 0 -7.593999999999999 -6.729 0 -7.593999999999999 -6.779 1 -7.144 -6.779 1 -7.144 -6.729 1 -7.593999999999999 -6.729 1 -6.744 -6.779 0 -6.694 -6.779 0 -6.694 -6.729 0 -6.744 -6.729 0 -6.744 -6.779 1 -6.694 -6.779 1 -6.694 -6.729 1 -6.744 -6.729 1 -0.8439999999999994 -6.779 0 -0.5439999999999987 -6.779 0 -0.5439999999999987 -6.729 0 -0.8439999999999994 -6.729 0 -0.8439999999999994 -6.779 1 -0.5439999999999987 -6.779 1 -0.5439999999999987 -6.729 1 -0.8439999999999994 -6.729 1 -11.994 -6.829000000000001 0 -11.844 -6.829000000000001 0 -11.844 -6.779 0 -11.994 -6.779 0 -11.994 -6.829000000000001 1 -11.844 -6.829000000000001 1 -11.844 -6.779 1 -11.994 -6.779 1 -11.794 -6.829000000000001 0 -11.744 -6.829000000000001 0 -11.744 -6.779 0 -11.794 -6.779 0 -11.794 -6.829000000000001 1 -11.744 -6.829000000000001 1 -11.744 -6.779 1 -11.794 -6.779 1 -9.794 -6.829000000000001 0 -9.693999999999999 -6.829000000000001 0 -9.693999999999999 -6.779 0 -9.794 -6.779 0 -9.794 -6.829000000000001 1 -9.693999999999999 -6.829000000000001 1 -9.693999999999999 -6.779 1 -9.794 -6.779 1 -9.644 -6.829000000000001 0 -9.594 -6.829000000000001 0 -9.594 -6.779 0 -9.644 -6.779 0 -9.644 -6.829000000000001 1 -9.594 -6.829000000000001 1 -9.594 -6.779 1 -9.644 -6.779 1 -9.494 -6.829000000000001 0 -9.294 -6.829000000000001 0 -9.294 -6.779 0 -9.494 -6.779 0 -9.494 -6.829000000000001 1 -9.294 -6.829000000000001 1 -9.294 -6.779 1 -9.494 -6.779 1 -8.494 -6.829000000000001 0 -8.443999999999999 -6.829000000000001 0 -8.443999999999999 -6.779 0 -8.494 -6.779 0 -8.494 -6.829000000000001 1 -8.443999999999999 -6.829000000000001 1 -8.443999999999999 -6.779 1 -8.494 -6.779 1 -8.394 -6.829000000000001 0 -8.344 -6.829000000000001 0 -8.344 -6.779 0 -8.394 -6.779 0 -8.394 -6.829000000000001 1 -8.344 -6.829000000000001 1 -8.344 -6.779 1 -8.394 -6.779 1 -8.244 -6.829000000000001 0 -8.193999999999999 -6.829000000000001 0 -8.193999999999999 -6.779 0 -8.244 -6.779 0 -8.244 -6.829000000000001 1 -8.193999999999999 -6.829000000000001 1 -8.193999999999999 -6.779 1 -8.244 -6.779 1 -8.144 -6.829000000000001 0 -7.794 -6.829000000000001 0 -7.794 -6.779 0 -8.144 -6.779 0 -8.144 -6.829000000000001 1 -7.794 -6.829000000000001 1 -7.794 -6.779 1 -8.144 -6.779 1 -7.394 -6.829000000000001 0 -7.144 -6.829000000000001 0 -7.144 -6.779 0 -7.394 -6.779 0 -7.394 -6.829000000000001 1 -7.144 -6.829000000000001 1 -7.144 -6.779 1 -7.394 -6.779 1 -7.044 -6.829000000000001 0 -6.994 -6.829000000000001 0 -6.994 -6.779 0 -7.044 -6.779 0 -7.044 -6.829000000000001 1 -6.994 -6.829000000000001 1 -6.994 -6.779 1 -7.044 -6.779 1 -6.843999999999999 -6.829000000000001 0 -6.694 -6.829000000000001 0 -6.694 -6.779 0 -6.843999999999999 -6.779 0 -6.843999999999999 -6.829000000000001 1 -6.694 -6.829000000000001 1 -6.694 -6.779 1 -6.843999999999999 -6.779 1 -6.644 -6.829000000000001 0 -6.593999999999999 -6.829000000000001 0 -6.593999999999999 -6.729 0 -6.644 -6.729 0 -6.644 -6.829000000000001 1 -6.593999999999999 -6.829000000000001 1 -6.593999999999999 -6.729 1 -6.644 -6.729 1 -6.544 -6.829000000000001 0 -6.494 -6.829000000000001 0 -6.494 -6.779 0 -6.544 -6.779 0 -6.544 -6.829000000000001 1 -6.494 -6.829000000000001 1 -6.494 -6.779 1 -6.544 -6.779 1 -11.644 -6.8790000000000004 0 -11.443999999999999 -6.8790000000000004 0 -11.443999999999999 -6.779 0 -11.644 -6.779 0 -11.644 -6.8790000000000004 1 -11.443999999999999 -6.8790000000000004 1 -11.443999999999999 -6.779 1 -11.644 -6.779 1 -9.443999999999999 -6.8790000000000004 0 -9.193999999999999 -6.8790000000000004 0 -9.193999999999999 -6.829000000000001 0 -9.443999999999999 -6.829000000000001 0 -9.443999999999999 -6.8790000000000004 1 -9.193999999999999 -6.8790000000000004 1 -9.193999999999999 -6.829000000000001 1 -9.443999999999999 -6.829000000000001 1 -8.443999999999999 -6.8790000000000004 0 -7.744 -6.8790000000000004 0 -7.744 -6.829000000000001 0 -8.443999999999999 -6.829000000000001 0 -8.443999999999999 -6.8790000000000004 1 -7.744 -6.8790000000000004 1 -7.744 -6.829000000000001 1 -8.443999999999999 -6.829000000000001 1 -7.343999999999999 -6.8790000000000004 0 -7.093999999999999 -6.8790000000000004 0 -7.093999999999999 -6.829000000000001 0 -7.343999999999999 -6.829000000000001 0 -7.343999999999999 -6.8790000000000004 1 -7.093999999999999 -6.8790000000000004 1 -7.093999999999999 -6.829000000000001 1 -7.343999999999999 -6.829000000000001 1 -6.744 -6.8790000000000004 0 -6.644 -6.8790000000000004 0 -6.644 -6.829000000000001 0 -6.744 -6.829000000000001 0 -6.744 -6.8790000000000004 1 -6.644 -6.8790000000000004 1 -6.644 -6.829000000000001 1 -6.744 -6.829000000000001 1 -0.8439999999999994 -6.8790000000000004 0 -0.5939999999999994 -6.8790000000000004 0 -0.5939999999999994 -6.779 0 -0.8439999999999994 -6.779 0 -0.8439999999999994 -6.8790000000000004 1 -0.5939999999999994 -6.8790000000000004 1 -0.5939999999999994 -6.779 1 -0.8439999999999994 -6.779 1 -11.994 -6.929 0 -11.943999999999999 -6.929 0 -11.943999999999999 -6.8790000000000004 0 -11.994 -6.8790000000000004 0 -11.994 -6.929 1 -11.943999999999999 -6.929 1 -11.943999999999999 -6.8790000000000004 1 -11.994 -6.8790000000000004 1 -11.894 -6.929 0 -11.844 -6.929 0 -11.844 -6.8790000000000004 0 -11.894 -6.8790000000000004 0 -11.894 -6.929 1 -11.844 -6.929 1 -11.844 -6.8790000000000004 1 -11.894 -6.8790000000000004 1 -11.644 -6.929 0 -11.544 -6.929 0 -11.544 -6.8790000000000004 0 -11.644 -6.8790000000000004 0 -11.644 -6.929 1 -11.544 -6.929 1 -11.544 -6.8790000000000004 1 -11.644 -6.8790000000000004 1 -11.494 -6.929 0 -11.443999999999999 -6.929 0 -11.443999999999999 -6.8790000000000004 0 -11.494 -6.8790000000000004 0 -11.494 -6.929 1 -11.443999999999999 -6.929 1 -11.443999999999999 -6.8790000000000004 1 -11.494 -6.8790000000000004 1 -9.443999999999999 -6.929 0 -9.244 -6.929 0 -9.244 -6.8790000000000004 0 -9.443999999999999 -6.8790000000000004 0 -9.443999999999999 -6.929 1 -9.244 -6.929 1 -9.244 -6.8790000000000004 1 -9.443999999999999 -6.8790000000000004 1 -8.443999999999999 -6.929 0 -8.394 -6.929 0 -8.394 -6.8790000000000004 0 -8.443999999999999 -6.8790000000000004 0 -8.443999999999999 -6.929 1 -8.394 -6.929 1 -8.394 -6.8790000000000004 1 -8.443999999999999 -6.8790000000000004 1 -8.344 -6.929 0 -7.944 -6.929 0 -7.944 -6.8790000000000004 0 -8.344 -6.8790000000000004 0 -8.344 -6.929 1 -7.944 -6.929 1 -7.944 -6.8790000000000004 1 -8.344 -6.8790000000000004 1 -7.894 -6.929 0 -7.694 -6.929 0 -7.694 -6.8790000000000004 0 -7.894 -6.8790000000000004 0 -7.894 -6.929 1 -7.694 -6.929 1 -7.694 -6.8790000000000004 1 -7.894 -6.8790000000000004 1 -6.994 -6.929 0 -6.894 -6.929 0 -6.894 -6.8790000000000004 0 -6.994 -6.8790000000000004 0 -6.994 -6.929 1 -6.894 -6.929 1 -6.894 -6.8790000000000004 1 -6.994 -6.8790000000000004 1 -6.744 -6.929 0 -6.694 -6.929 0 -6.694 -6.8790000000000004 0 -6.744 -6.8790000000000004 0 -6.744 -6.929 1 -6.694 -6.929 1 -6.694 -6.8790000000000004 1 -6.744 -6.8790000000000004 1 -6.444 -6.929 0 -6.394 -6.929 0 -6.394 -6.8790000000000004 0 -6.444 -6.8790000000000004 0 -6.444 -6.929 1 -6.394 -6.929 1 -6.394 -6.8790000000000004 1 -6.444 -6.8790000000000004 1 -0.9939999999999998 -6.929 0 -0.9439999999999991 -6.929 0 -0.9439999999999991 -6.8790000000000004 0 -0.9939999999999998 -6.8790000000000004 0 -0.9939999999999998 -6.929 1 -0.9439999999999991 -6.929 1 -0.9439999999999991 -6.8790000000000004 1 -0.9939999999999998 -6.8790000000000004 1 -0.8439999999999994 -6.929 0 -0.6939999999999991 -6.929 0 -0.6939999999999991 -6.8790000000000004 0 -0.8439999999999994 -6.8790000000000004 0 -0.8439999999999994 -6.929 1 -0.6939999999999991 -6.929 1 -0.6939999999999991 -6.8790000000000004 1 -0.8439999999999994 -6.8790000000000004 1 -12.094 -6.979 0 -11.894 -6.979 0 -11.894 -6.929 0 -12.094 -6.929 0 -12.094 -6.979 1 -11.894 -6.979 1 -11.894 -6.929 1 -12.094 -6.929 1 -11.844 -6.979 0 -11.794 -6.979 0 -11.794 -6.929 0 -11.844 -6.929 0 -11.844 -6.979 1 -11.794 -6.979 1 -11.794 -6.929 1 -11.844 -6.929 1 -11.744 -6.979 0 -11.693999999999999 -6.979 0 -11.693999999999999 -6.929 0 -11.744 -6.929 0 -11.744 -6.979 1 -11.693999999999999 -6.979 1 -11.693999999999999 -6.929 1 -11.744 -6.929 1 -11.644 -6.979 0 -11.594 -6.979 0 -11.594 -6.929 0 -11.644 -6.929 0 -11.644 -6.979 1 -11.594 -6.979 1 -11.594 -6.929 1 -11.644 -6.929 1 -11.544 -6.979 0 -11.494 -6.979 0 -11.494 -6.929 0 -11.544 -6.929 0 -11.544 -6.979 1 -11.494 -6.979 1 -11.494 -6.929 1 -11.544 -6.929 1 -9.394 -6.979 0 -9.244 -6.979 0 -9.244 -6.929 0 -9.394 -6.929 0 -9.394 -6.979 1 -9.244 -6.979 1 -9.244 -6.929 1 -9.394 -6.929 1 -8.344 -6.979 0 -8.044 -6.979 0 -8.044 -6.929 0 -8.344 -6.929 0 -8.344 -6.979 1 -8.044 -6.979 1 -8.044 -6.929 1 -8.344 -6.929 1 -7.794 -6.979 0 -7.694 -6.979 0 -7.694 -6.929 0 -7.794 -6.929 0 -7.794 -6.979 1 -7.694 -6.979 1 -7.694 -6.929 1 -7.794 -6.929 1 -7.394 -6.979 0 -7.343999999999999 -6.979 0 -7.343999999999999 -6.929 0 -7.394 -6.929 0 -7.394 -6.979 1 -7.343999999999999 -6.979 1 -7.343999999999999 -6.929 1 -7.394 -6.929 1 -6.843999999999999 -6.979 0 -6.794 -6.979 0 -6.794 -6.8790000000000004 0 -6.843999999999999 -6.8790000000000004 0 -6.843999999999999 -6.979 1 -6.794 -6.979 1 -6.794 -6.8790000000000004 1 -6.843999999999999 -6.8790000000000004 1 -0.8439999999999994 -6.979 0 -0.6440000000000001 -6.979 0 -0.6440000000000001 -6.929 0 -0.8439999999999994 -6.929 0 -0.8439999999999994 -6.979 1 -0.6440000000000001 -6.979 1 -0.6440000000000001 -6.929 1 -0.8439999999999994 -6.929 1 -12.244 -7.029 0 -12.193999999999999 -7.029 0 -12.193999999999999 -6.979 0 -12.244 -6.979 0 -12.244 -7.029 1 -12.193999999999999 -7.029 1 -12.193999999999999 -6.979 1 -12.244 -6.979 1 -11.994 -7.029 0 -11.943999999999999 -7.029 0 -11.943999999999999 -6.979 0 -11.994 -6.979 0 -11.994 -7.029 1 -11.943999999999999 -7.029 1 -11.943999999999999 -6.979 1 -11.994 -6.979 1 -11.794 -7.029 0 -11.744 -7.029 0 -11.744 -6.979 0 -11.794 -6.979 0 -11.794 -7.029 1 -11.744 -7.029 1 -11.744 -6.979 1 -11.794 -6.979 1 -8.244 -7.029 0 -8.044 -7.029 0 -8.044 -6.979 0 -8.244 -6.979 0 -8.244 -7.029 1 -8.044 -7.029 1 -8.044 -6.979 1 -8.244 -6.979 1 -7.843999999999999 -7.029 0 -7.794 -7.029 0 -7.794 -6.979 0 -7.843999999999999 -6.979 0 -7.843999999999999 -7.029 1 -7.794 -7.029 1 -7.794 -6.979 1 -7.843999999999999 -6.979 1 -7.244 -7.029 0 -7.144 -7.029 0 -7.144 -6.8790000000000004 0 -7.244 -6.8790000000000004 0 -7.244 -7.029 1 -7.144 -7.029 1 -7.144 -6.8790000000000004 1 -7.244 -6.8790000000000004 1 -6.994 -7.029 0 -6.944 -7.029 0 -6.944 -6.929 0 -6.994 -6.929 0 -6.994 -7.029 1 -6.944 -7.029 1 -6.944 -6.929 1 -6.994 -6.929 1 -6.794 -7.029 0 -6.744 -7.029 0 -6.744 -6.979 0 -6.794 -6.979 0 -6.794 -7.029 1 -6.744 -7.029 1 -6.744 -6.979 1 -6.794 -6.979 1 -0.8940000000000001 -7.029 0 -0.6939999999999991 -7.029 0 -0.6939999999999991 -6.979 0 -0.8940000000000001 -6.979 0 -0.8940000000000001 -7.029 1 -0.6939999999999991 -7.029 1 -0.6939999999999991 -6.979 1 -0.8940000000000001 -6.979 1 -12.144 -7.079000000000001 0 -12.044 -7.079000000000001 0 -12.044 -7.029 0 -12.144 -7.029 0 -12.144 -7.079000000000001 1 -12.044 -7.079000000000001 1 -12.044 -7.029 1 -12.144 -7.029 1 -11.844 -7.079000000000001 0 -11.794 -7.079000000000001 0 -11.794 -7.029 0 -11.844 -7.029 0 -11.844 -7.079000000000001 1 -11.794 -7.079000000000001 1 -11.794 -7.029 1 -11.844 -7.029 1 -11.744 -7.079000000000001 0 -11.594 -7.079000000000001 0 -11.594 -7.029 0 -11.744 -7.029 0 -11.744 -7.079000000000001 1 -11.594 -7.079000000000001 1 -11.594 -7.029 1 -11.744 -7.029 1 -8.244 -7.079000000000001 0 -7.994 -7.079000000000001 0 -7.994 -7.029 0 -8.244 -7.029 0 -8.244 -7.079000000000001 1 -7.994 -7.079000000000001 1 -7.994 -7.029 1 -8.244 -7.029 1 -7.544 -7.079000000000001 0 -7.494 -7.079000000000001 0 -7.494 -7.029 0 -7.544 -7.029 0 -7.544 -7.079000000000001 1 -7.494 -7.079000000000001 1 -7.494 -7.029 1 -7.544 -7.029 1 -7.194 -7.079000000000001 0 -7.144 -7.079000000000001 0 -7.144 -7.029 0 -7.194 -7.029 0 -7.194 -7.079000000000001 1 -7.144 -7.079000000000001 1 -7.144 -7.029 1 -7.194 -7.029 1 -7.044 -7.079000000000001 0 -6.944 -7.079000000000001 0 -6.944 -7.029 0 -7.044 -7.029 0 -7.044 -7.079000000000001 1 -6.944 -7.079000000000001 1 -6.944 -7.029 1 -7.044 -7.029 1 -12.094 -7.1290000000000004 0 -11.943999999999999 -7.1290000000000004 0 -11.943999999999999 -7.079000000000001 0 -12.094 -7.079000000000001 0 -12.094 -7.1290000000000004 1 -11.943999999999999 -7.1290000000000004 1 -11.943999999999999 -7.079000000000001 1 -12.094 -7.079000000000001 1 -11.894 -7.1290000000000004 0 -11.844 -7.1290000000000004 0 -11.844 -7.079000000000001 0 -11.894 -7.079000000000001 0 -11.894 -7.1290000000000004 1 -11.844 -7.1290000000000004 1 -11.844 -7.079000000000001 1 -11.894 -7.079000000000001 1 -11.744 -7.1290000000000004 0 -11.693999999999999 -7.1290000000000004 0 -11.693999999999999 -7.079000000000001 0 -11.744 -7.079000000000001 0 -11.744 -7.1290000000000004 1 -11.693999999999999 -7.1290000000000004 1 -11.693999999999999 -7.079000000000001 1 -11.744 -7.079000000000001 1 -11.594 -7.1290000000000004 0 -11.544 -7.1290000000000004 0 -11.544 -7.079000000000001 0 -11.594 -7.079000000000001 0 -11.594 -7.1290000000000004 1 -11.544 -7.1290000000000004 1 -11.544 -7.079000000000001 1 -11.594 -7.079000000000001 1 -8.294 -7.1290000000000004 0 -8.044 -7.1290000000000004 0 -8.044 -7.079000000000001 0 -8.294 -7.079000000000001 0 -8.294 -7.1290000000000004 1 -8.044 -7.1290000000000004 1 -8.044 -7.079000000000001 1 -8.294 -7.079000000000001 1 -7.694 -7.1290000000000004 0 -7.644 -7.1290000000000004 0 -7.644 -7.029 0 -7.694 -7.029 0 -7.694 -7.1290000000000004 1 -7.644 -7.1290000000000004 1 -7.644 -7.029 1 -7.694 -7.029 1 -7.494 -7.1290000000000004 0 -7.394 -7.1290000000000004 0 -7.394 -7.079000000000001 0 -7.494 -7.079000000000001 0 -7.494 -7.1290000000000004 1 -7.394 -7.1290000000000004 1 -7.394 -7.079000000000001 1 -7.494 -7.079000000000001 1 -1.193999999999999 -7.1290000000000004 0 -1.1440000000000001 -7.1290000000000004 0 -1.1440000000000001 -7.029 0 -1.193999999999999 -7.029 0 -1.193999999999999 -7.1290000000000004 1 -1.1440000000000001 -7.1290000000000004 1 -1.1440000000000001 -7.029 1 -1.193999999999999 -7.029 1 -1.0939999999999994 -7.1290000000000004 0 -0.7439999999999998 -7.1290000000000004 0 -0.7439999999999998 -7.029 0 -1.0939999999999994 -7.029 0 -1.0939999999999994 -7.1290000000000004 1 -0.7439999999999998 -7.1290000000000004 1 -0.7439999999999998 -7.029 1 -1.0939999999999994 -7.029 1 -12.144 -7.179 0 -12.044 -7.179 0 -12.044 -7.1290000000000004 0 -12.144 -7.1290000000000004 0 -12.144 -7.179 1 -12.044 -7.179 1 -12.044 -7.1290000000000004 1 -12.144 -7.1290000000000004 1 -11.794 -7.179 0 -11.693999999999999 -7.179 0 -11.693999999999999 -7.1290000000000004 0 -11.794 -7.1290000000000004 0 -11.794 -7.179 1 -11.693999999999999 -7.179 1 -11.693999999999999 -7.1290000000000004 1 -11.794 -7.1290000000000004 1 -9.544 -7.179 0 -9.494 -7.179 0 -9.494 -7.1290000000000004 0 -9.544 -7.1290000000000004 0 -9.544 -7.179 1 -9.494 -7.179 1 -9.494 -7.1290000000000004 1 -9.544 -7.1290000000000004 1 -8.394 -7.179 0 -8.294 -7.179 0 -8.294 -7.1290000000000004 0 -8.394 -7.1290000000000004 0 -8.394 -7.179 1 -8.294 -7.179 1 -8.294 -7.1290000000000004 1 -8.394 -7.1290000000000004 1 -8.244 -7.179 0 -8.144 -7.179 0 -8.144 -7.1290000000000004 0 -8.244 -7.1290000000000004 0 -8.244 -7.179 1 -8.144 -7.179 1 -8.144 -7.1290000000000004 1 -8.244 -7.1290000000000004 1 -7.544 -7.179 0 -7.444 -7.179 0 -7.444 -7.1290000000000004 0 -7.544 -7.1290000000000004 0 -7.544 -7.179 1 -7.444 -7.179 1 -7.444 -7.1290000000000004 1 -7.544 -7.1290000000000004 1 -7.394 -7.179 0 -7.294 -7.179 0 -7.294 -7.1290000000000004 0 -7.394 -7.1290000000000004 0 -7.394 -7.179 1 -7.294 -7.179 1 -7.294 -7.1290000000000004 1 -7.394 -7.1290000000000004 1 -7.244 -7.179 0 -7.194 -7.179 0 -7.194 -7.079000000000001 0 -7.244 -7.079000000000001 0 -7.244 -7.179 1 -7.194 -7.179 1 -7.194 -7.079000000000001 1 -7.244 -7.079000000000001 1 -7.144 -7.179 0 -7.093999999999999 -7.179 0 -7.093999999999999 -7.079000000000001 0 -7.144 -7.079000000000001 0 -7.144 -7.179 1 -7.093999999999999 -7.179 1 -7.093999999999999 -7.079000000000001 1 -7.144 -7.079000000000001 1 -6.593999999999999 -7.179 0 -6.494 -7.179 0 -6.494 -7.1290000000000004 0 -6.593999999999999 -7.1290000000000004 0 -6.593999999999999 -7.179 1 -6.494 -7.179 1 -6.494 -7.1290000000000004 1 -6.593999999999999 -7.1290000000000004 1 -1.193999999999999 -7.179 0 -0.7439999999999998 -7.179 0 -0.7439999999999998 -7.1290000000000004 0 -1.193999999999999 -7.1290000000000004 0 -1.193999999999999 -7.179 1 -0.7439999999999998 -7.179 1 -0.7439999999999998 -7.1290000000000004 1 -1.193999999999999 -7.1290000000000004 1 -12.193999999999999 -7.229 0 -12.144 -7.229 0 -12.144 -7.179 0 -12.193999999999999 -7.179 0 -12.193999999999999 -7.229 1 -12.144 -7.229 1 -12.144 -7.179 1 -12.193999999999999 -7.179 1 -12.094 -7.229 0 -11.994 -7.229 0 -11.994 -7.179 0 -12.094 -7.179 0 -12.094 -7.229 1 -11.994 -7.229 1 -11.994 -7.179 1 -12.094 -7.179 1 -11.943999999999999 -7.229 0 -11.894 -7.229 0 -11.894 -7.179 0 -11.943999999999999 -7.179 0 -11.943999999999999 -7.229 1 -11.894 -7.229 1 -11.894 -7.179 1 -11.943999999999999 -7.179 1 -11.794 -7.229 0 -11.644 -7.229 0 -11.644 -7.179 0 -11.794 -7.179 0 -11.794 -7.229 1 -11.644 -7.229 1 -11.644 -7.179 1 -11.794 -7.179 1 -11.244 -7.229 0 -11.193999999999999 -7.229 0 -11.193999999999999 -7.179 0 -11.244 -7.179 0 -11.244 -7.229 1 -11.193999999999999 -7.229 1 -11.193999999999999 -7.179 1 -11.244 -7.179 1 -9.794 -7.229 0 -9.494 -7.229 0 -9.494 -7.179 0 -9.794 -7.179 0 -9.794 -7.229 1 -9.494 -7.229 1 -9.494 -7.179 1 -9.794 -7.179 1 -8.943999999999999 -7.229 0 -8.894 -7.229 0 -8.894 -7.179 0 -8.943999999999999 -7.179 0 -8.943999999999999 -7.229 1 -8.894 -7.229 1 -8.894 -7.179 1 -8.943999999999999 -7.179 1 -7.644 -7.229 0 -7.144 -7.229 0 -7.144 -7.179 0 -7.644 -7.179 0 -7.644 -7.229 1 -7.144 -7.229 1 -7.144 -7.179 1 -7.644 -7.179 1 -6.994 -7.229 0 -6.944 -7.229 0 -6.944 -7.1290000000000004 0 -6.994 -7.1290000000000004 0 -6.994 -7.229 1 -6.944 -7.229 1 -6.944 -7.1290000000000004 1 -6.994 -7.1290000000000004 1 -6.794 -7.229 0 -6.744 -7.229 0 -6.744 -7.179 0 -6.794 -7.179 0 -6.794 -7.229 1 -6.744 -7.229 1 -6.744 -7.179 1 -6.794 -7.179 1 -1.3439999999999994 -7.229 0 -1.2939999999999987 -7.229 0 -1.2939999999999987 -7.179 0 -1.3439999999999994 -7.179 0 -1.3439999999999994 -7.229 1 -1.2939999999999987 -7.229 1 -1.2939999999999987 -7.179 1 -1.3439999999999994 -7.179 1 -1.2439999999999998 -7.229 0 -1.193999999999999 -7.229 0 -1.193999999999999 -7.179 0 -1.2439999999999998 -7.179 0 -1.2439999999999998 -7.229 1 -1.193999999999999 -7.229 1 -1.193999999999999 -7.179 1 -1.2439999999999998 -7.179 1 -1.1440000000000001 -7.229 0 -0.8439999999999994 -7.229 0 -0.8439999999999994 -7.179 0 -1.1440000000000001 -7.179 0 -1.1440000000000001 -7.229 1 -0.8439999999999994 -7.229 1 -0.8439999999999994 -7.179 1 -1.1440000000000001 -7.179 1 -12.193999999999999 -7.279 0 -12.094 -7.279 0 -12.094 -7.229 0 -12.193999999999999 -7.229 0 -12.193999999999999 -7.279 1 -12.094 -7.279 1 -12.094 -7.229 1 -12.193999999999999 -7.229 1 -11.693999999999999 -7.279 0 -11.594 -7.279 0 -11.594 -7.229 0 -11.693999999999999 -7.229 0 -11.693999999999999 -7.279 1 -11.594 -7.279 1 -11.594 -7.229 1 -11.693999999999999 -7.229 1 -9.794 -7.279 0 -9.594 -7.279 0 -9.594 -7.229 0 -9.794 -7.229 0 -9.794 -7.279 1 -9.594 -7.279 1 -9.594 -7.229 1 -9.794 -7.229 1 -8.994 -7.279 0 -8.943999999999999 -7.279 0 -8.943999999999999 -7.229 0 -8.994 -7.229 0 -8.994 -7.279 1 -8.943999999999999 -7.279 1 -8.943999999999999 -7.229 1 -8.994 -7.229 1 -8.844000000000001 -7.279 0 -8.744 -7.279 0 -8.744 -7.229 0 -8.844000000000001 -7.229 0 -8.844000000000001 -7.279 1 -8.744 -7.279 1 -8.744 -7.229 1 -8.844000000000001 -7.229 1 -8.394 -7.279 0 -8.244 -7.279 0 -8.244 -7.229 0 -8.394 -7.229 0 -8.394 -7.279 1 -8.244 -7.279 1 -8.244 -7.229 1 -8.394 -7.229 1 -7.494 -7.279 0 -7.343999999999999 -7.279 0 -7.343999999999999 -7.229 0 -7.494 -7.229 0 -7.494 -7.279 1 -7.343999999999999 -7.279 1 -7.343999999999999 -7.229 1 -7.494 -7.229 1 -7.294 -7.279 0 -7.144 -7.279 0 -7.144 -7.229 0 -7.294 -7.229 0 -7.294 -7.279 1 -7.144 -7.279 1 -7.144 -7.229 1 -7.294 -7.229 1 -6.444 -7.279 0 -6.394 -7.279 0 -6.394 -7.229 0 -6.444 -7.229 0 -6.444 -7.279 1 -6.394 -7.279 1 -6.394 -7.229 1 -6.444 -7.229 1 -1.2939999999999987 -7.279 0 -1.2439999999999998 -7.279 0 -1.2439999999999998 -7.229 0 -1.2939999999999987 -7.229 0 -1.2939999999999987 -7.279 1 -1.2439999999999998 -7.279 1 -1.2439999999999998 -7.229 1 -1.2939999999999987 -7.229 1 -1.1440000000000001 -7.279 0 -0.8940000000000001 -7.279 0 -0.8940000000000001 -7.229 0 -1.1440000000000001 -7.229 0 -1.1440000000000001 -7.279 1 -0.8940000000000001 -7.279 1 -0.8940000000000001 -7.229 1 -1.1440000000000001 -7.229 1 -11.744 -7.329000000000001 0 -11.544 -7.329000000000001 0 -11.544 -7.279 0 -11.744 -7.279 0 -11.744 -7.329000000000001 1 -11.544 -7.329000000000001 1 -11.544 -7.279 1 -11.744 -7.279 1 -9.744 -7.329000000000001 0 -9.644 -7.329000000000001 0 -9.644 -7.279 0 -9.744 -7.279 0 -9.744 -7.329000000000001 1 -9.644 -7.329000000000001 1 -9.644 -7.279 1 -9.744 -7.279 1 -8.693999999999999 -7.329000000000001 0 -8.594 -7.329000000000001 0 -8.594 -7.279 0 -8.693999999999999 -7.279 0 -8.693999999999999 -7.329000000000001 1 -8.594 -7.329000000000001 1 -8.594 -7.279 1 -8.693999999999999 -7.279 1 -8.044 -7.329000000000001 0 -7.994 -7.329000000000001 0 -7.994 -7.279 0 -8.044 -7.279 0 -8.044 -7.329000000000001 1 -7.994 -7.329000000000001 1 -7.994 -7.279 1 -8.044 -7.279 1 -7.544 -7.329000000000001 0 -7.494 -7.329000000000001 0 -7.494 -7.279 0 -7.544 -7.279 0 -7.544 -7.329000000000001 1 -7.494 -7.329000000000001 1 -7.494 -7.279 1 -7.544 -7.279 1 -7.444 -7.329000000000001 0 -7.343999999999999 -7.329000000000001 0 -7.343999999999999 -7.279 0 -7.444 -7.279 0 -7.444 -7.329000000000001 1 -7.343999999999999 -7.329000000000001 1 -7.343999999999999 -7.279 1 -7.444 -7.279 1 -7.294 -7.329000000000001 0 -7.093999999999999 -7.329000000000001 0 -7.093999999999999 -7.279 0 -7.294 -7.279 0 -7.294 -7.329000000000001 1 -7.093999999999999 -7.329000000000001 1 -7.093999999999999 -7.279 1 -7.294 -7.279 1 -7.044 -7.329000000000001 0 -6.994 -7.329000000000001 0 -6.994 -7.279 0 -7.044 -7.279 0 -7.044 -7.329000000000001 1 -6.994 -7.329000000000001 1 -6.994 -7.279 1 -7.044 -7.279 1 -6.744 -7.329000000000001 0 -6.694 -7.329000000000001 0 -6.694 -7.279 0 -6.744 -7.279 0 -6.744 -7.329000000000001 1 -6.694 -7.329000000000001 1 -6.694 -7.279 1 -6.744 -7.279 1 -1.5439999999999987 -7.329000000000001 0 -1.4939999999999998 -7.329000000000001 0 -1.4939999999999998 -7.229 0 -1.5439999999999987 -7.229 0 -1.5439999999999987 -7.329000000000001 1 -1.4939999999999998 -7.329000000000001 1 -1.4939999999999998 -7.229 1 -1.5439999999999987 -7.229 1 -11.744 -7.3790000000000004 0 -11.594 -7.3790000000000004 0 -11.594 -7.329000000000001 0 -11.744 -7.329000000000001 0 -11.744 -7.3790000000000004 1 -11.594 -7.3790000000000004 1 -11.594 -7.329000000000001 1 -11.744 -7.329000000000001 1 -11.544 -7.3790000000000004 0 -11.494 -7.3790000000000004 0 -11.494 -7.329000000000001 0 -11.544 -7.329000000000001 0 -11.544 -7.3790000000000004 1 -11.494 -7.3790000000000004 1 -11.494 -7.329000000000001 1 -11.544 -7.329000000000001 1 -8.693999999999999 -7.3790000000000004 0 -8.494 -7.3790000000000004 0 -8.494 -7.329000000000001 0 -8.693999999999999 -7.329000000000001 0 -8.693999999999999 -7.3790000000000004 1 -8.494 -7.3790000000000004 1 -8.494 -7.329000000000001 1 -8.693999999999999 -7.329000000000001 1 -8.443999999999999 -7.3790000000000004 0 -8.244 -7.3790000000000004 0 -8.244 -7.279 0 -8.443999999999999 -7.279 0 -8.443999999999999 -7.3790000000000004 1 -8.244 -7.3790000000000004 1 -8.244 -7.279 1 -8.443999999999999 -7.279 1 -8.144 -7.3790000000000004 0 -8.094 -7.3790000000000004 0 -8.094 -7.329000000000001 0 -8.144 -7.329000000000001 0 -8.144 -7.3790000000000004 1 -8.094 -7.3790000000000004 1 -8.094 -7.329000000000001 1 -8.144 -7.329000000000001 1 -7.343999999999999 -7.3790000000000004 0 -7.144 -7.3790000000000004 0 -7.144 -7.329000000000001 0 -7.343999999999999 -7.329000000000001 0 -7.343999999999999 -7.3790000000000004 1 -7.144 -7.3790000000000004 1 -7.144 -7.329000000000001 1 -7.343999999999999 -7.329000000000001 1 -7.093999999999999 -7.3790000000000004 0 -7.044 -7.3790000000000004 0 -7.044 -7.329000000000001 0 -7.093999999999999 -7.329000000000001 0 -7.093999999999999 -7.3790000000000004 1 -7.044 -7.3790000000000004 1 -7.044 -7.329000000000001 1 -7.093999999999999 -7.329000000000001 1 -1.1440000000000001 -7.3790000000000004 0 -0.9439999999999991 -7.3790000000000004 0 -0.9439999999999991 -7.279 0 -1.1440000000000001 -7.279 0 -1.1440000000000001 -7.3790000000000004 1 -0.9439999999999991 -7.3790000000000004 1 -0.9439999999999991 -7.279 1 -1.1440000000000001 -7.279 1 -11.794 -7.429 0 -11.544 -7.429 0 -11.544 -7.3790000000000004 0 -11.794 -7.3790000000000004 0 -11.794 -7.429 1 -11.544 -7.429 1 -11.544 -7.3790000000000004 1 -11.794 -7.3790000000000004 1 -8.693999999999999 -7.429 0 -8.294 -7.429 0 -8.294 -7.3790000000000004 0 -8.693999999999999 -7.3790000000000004 0 -8.693999999999999 -7.429 1 -8.294 -7.429 1 -8.294 -7.3790000000000004 1 -8.693999999999999 -7.3790000000000004 1 -8.144 -7.429 0 -7.994 -7.429 0 -7.994 -7.3790000000000004 0 -8.144 -7.3790000000000004 0 -8.144 -7.429 1 -7.994 -7.429 1 -7.994 -7.3790000000000004 1 -8.144 -7.3790000000000004 1 -7.894 -7.429 0 -7.394 -7.429 0 -7.394 -7.329000000000001 0 -7.894 -7.329000000000001 0 -7.894 -7.429 1 -7.394 -7.429 1 -7.394 -7.329000000000001 1 -7.894 -7.329000000000001 1 -7.343999999999999 -7.429 0 -7.244 -7.429 0 -7.244 -7.3790000000000004 0 -7.343999999999999 -7.3790000000000004 0 -7.343999999999999 -7.429 1 -7.244 -7.429 1 -7.244 -7.3790000000000004 1 -7.343999999999999 -7.3790000000000004 1 -7.194 -7.429 0 -7.093999999999999 -7.429 0 -7.093999999999999 -7.3790000000000004 0 -7.194 -7.3790000000000004 0 -7.194 -7.429 1 -7.093999999999999 -7.429 1 -7.093999999999999 -7.3790000000000004 1 -7.194 -7.3790000000000004 1 -7.044 -7.429 0 -6.994 -7.429 0 -6.994 -7.3790000000000004 0 -7.044 -7.3790000000000004 0 -7.044 -7.429 1 -6.994 -7.429 1 -6.994 -7.3790000000000004 1 -7.044 -7.3790000000000004 1 -6.894 -7.429 0 -6.843999999999999 -7.429 0 -6.843999999999999 -7.3790000000000004 0 -6.894 -7.3790000000000004 0 -6.894 -7.429 1 -6.843999999999999 -7.429 1 -6.843999999999999 -7.3790000000000004 1 -6.894 -7.3790000000000004 1 -1.443999999999999 -7.429 0 -1.3940000000000001 -7.429 0 -1.3940000000000001 -7.3790000000000004 0 -1.443999999999999 -7.3790000000000004 0 -1.443999999999999 -7.429 1 -1.3940000000000001 -7.429 1 -1.3940000000000001 -7.3790000000000004 1 -1.443999999999999 -7.3790000000000004 1 -9.844 -7.479 0 -9.794 -7.479 0 -9.794 -7.429 0 -9.844 -7.429 0 -9.844 -7.479 1 -9.794 -7.479 1 -9.794 -7.429 1 -9.844 -7.429 1 -9.244 -7.479 0 -9.193999999999999 -7.479 0 -9.193999999999999 -7.429 0 -9.244 -7.429 0 -9.244 -7.479 1 -9.193999999999999 -7.479 1 -9.193999999999999 -7.429 1 -9.244 -7.429 1 -9.144 -7.479 0 -9.094000000000001 -7.479 0 -9.094000000000001 -7.429 0 -9.144 -7.429 0 -9.144 -7.479 1 -9.094000000000001 -7.479 1 -9.094000000000001 -7.429 1 -9.144 -7.429 1 -8.193999999999999 -7.479 0 -8.144 -7.479 0 -8.144 -7.429 0 -8.193999999999999 -7.429 0 -8.193999999999999 -7.479 1 -8.144 -7.479 1 -8.144 -7.429 1 -8.193999999999999 -7.429 1 -8.044 -7.479 0 -7.994 -7.479 0 -7.994 -7.429 0 -8.044 -7.429 0 -8.044 -7.479 1 -7.994 -7.479 1 -7.994 -7.429 1 -8.044 -7.429 1 -7.944 -7.479 0 -7.894 -7.479 0 -7.894 -7.429 0 -7.944 -7.429 0 -7.944 -7.479 1 -7.894 -7.479 1 -7.894 -7.429 1 -7.944 -7.429 1 -7.843999999999999 -7.479 0 -7.244 -7.479 0 -7.244 -7.429 0 -7.843999999999999 -7.429 0 -7.843999999999999 -7.479 1 -7.244 -7.479 1 -7.244 -7.429 1 -7.843999999999999 -7.429 1 -7.093999999999999 -7.479 0 -6.994 -7.479 0 -6.994 -7.429 0 -7.093999999999999 -7.429 0 -7.093999999999999 -7.479 1 -6.994 -7.479 1 -6.994 -7.429 1 -7.093999999999999 -7.429 1 -6.694 -7.479 0 -6.644 -7.479 0 -6.644 -7.429 0 -6.694 -7.429 0 -6.694 -7.479 1 -6.644 -7.479 1 -6.644 -7.429 1 -6.694 -7.429 1 -6.593999999999999 -7.479 0 -6.544 -7.479 0 -6.544 -7.429 0 -6.593999999999999 -7.429 0 -6.593999999999999 -7.479 1 -6.544 -7.479 1 -6.544 -7.429 1 -6.593999999999999 -7.429 1 -1.193999999999999 -7.479 0 -0.9439999999999991 -7.479 0 -0.9439999999999991 -7.3790000000000004 0 -1.193999999999999 -7.3790000000000004 0 -1.193999999999999 -7.479 1 -0.9439999999999991 -7.479 1 -0.9439999999999991 -7.3790000000000004 1 -1.193999999999999 -7.3790000000000004 1 -11.794 -7.529000000000001 0 -11.644 -7.529000000000001 0 -11.644 -7.429 0 -11.794 -7.429 0 -11.794 -7.529000000000001 1 -11.644 -7.529000000000001 1 -11.644 -7.429 1 -11.794 -7.429 1 -9.294 -7.529000000000001 0 -9.244 -7.529000000000001 0 -9.244 -7.479 0 -9.294 -7.479 0 -9.294 -7.529000000000001 1 -9.244 -7.529000000000001 1 -9.244 -7.479 1 -9.294 -7.479 1 -9.193999999999999 -7.529000000000001 0 -9.044 -7.529000000000001 0 -9.044 -7.479 0 -9.193999999999999 -7.479 0 -9.193999999999999 -7.529000000000001 1 -9.044 -7.529000000000001 1 -9.044 -7.479 1 -9.193999999999999 -7.479 1 -8.644 -7.529000000000001 0 -8.294 -7.529000000000001 0 -8.294 -7.429 0 -8.644 -7.429 0 -8.644 -7.529000000000001 1 -8.294 -7.529000000000001 1 -8.294 -7.429 1 -8.644 -7.429 1 -7.994 -7.529000000000001 0 -7.894 -7.529000000000001 0 -7.894 -7.479 0 -7.994 -7.479 0 -7.994 -7.529000000000001 1 -7.894 -7.529000000000001 1 -7.894 -7.479 1 -7.994 -7.479 1 -7.843999999999999 -7.529000000000001 0 -7.494 -7.529000000000001 0 -7.494 -7.479 0 -7.843999999999999 -7.479 0 -7.843999999999999 -7.529000000000001 1 -7.494 -7.529000000000001 1 -7.494 -7.479 1 -7.843999999999999 -7.479 1 -7.444 -7.529000000000001 0 -7.343999999999999 -7.529000000000001 0 -7.343999999999999 -7.479 0 -7.444 -7.479 0 -7.444 -7.529000000000001 1 -7.343999999999999 -7.529000000000001 1 -7.343999999999999 -7.479 1 -7.444 -7.479 1 -7.294 -7.529000000000001 0 -7.244 -7.529000000000001 0 -7.244 -7.479 0 -7.294 -7.479 0 -7.294 -7.529000000000001 1 -7.244 -7.529000000000001 1 -7.244 -7.479 1 -7.294 -7.479 1 -7.144 -7.529000000000001 0 -7.044 -7.529000000000001 0 -7.044 -7.479 0 -7.144 -7.479 0 -7.144 -7.529000000000001 1 -7.044 -7.529000000000001 1 -7.044 -7.479 1 -7.144 -7.479 1 -1.2939999999999987 -7.529000000000001 0 -0.9939999999999998 -7.529000000000001 0 -0.9939999999999998 -7.479 0 -1.2939999999999987 -7.479 0 -1.2939999999999987 -7.529000000000001 1 -0.9939999999999998 -7.529000000000001 1 -0.9939999999999998 -7.479 1 -1.2939999999999987 -7.479 1 -11.794 -7.579000000000001 0 -11.693999999999999 -7.579000000000001 0 -11.693999999999999 -7.529000000000001 0 -11.794 -7.529000000000001 0 -11.794 -7.579000000000001 1 -11.693999999999999 -7.579000000000001 1 -11.693999999999999 -7.529000000000001 1 -11.794 -7.529000000000001 1 -11.644 -7.579000000000001 0 -11.594 -7.579000000000001 0 -11.594 -7.529000000000001 0 -11.644 -7.529000000000001 0 -11.644 -7.579000000000001 1 -11.594 -7.579000000000001 1 -11.594 -7.529000000000001 1 -11.644 -7.529000000000001 1 -9.294 -7.579000000000001 0 -8.894 -7.579000000000001 0 -8.894 -7.529000000000001 0 -9.294 -7.529000000000001 0 -9.294 -7.579000000000001 1 -8.894 -7.579000000000001 1 -8.894 -7.529000000000001 1 -9.294 -7.529000000000001 1 -8.794 -7.579000000000001 0 -8.693999999999999 -7.579000000000001 0 -8.693999999999999 -7.529000000000001 0 -8.794 -7.529000000000001 0 -8.794 -7.579000000000001 1 -8.693999999999999 -7.579000000000001 1 -8.693999999999999 -7.529000000000001 1 -8.794 -7.529000000000001 1 -8.644 -7.579000000000001 0 -8.594 -7.579000000000001 0 -8.594 -7.529000000000001 0 -8.644 -7.529000000000001 0 -8.644 -7.579000000000001 1 -8.594 -7.579000000000001 1 -8.594 -7.529000000000001 1 -8.644 -7.529000000000001 1 -8.544 -7.579000000000001 0 -8.244 -7.579000000000001 0 -8.244 -7.529000000000001 0 -8.544 -7.529000000000001 0 -8.544 -7.579000000000001 1 -8.244 -7.579000000000001 1 -8.244 -7.529000000000001 1 -8.544 -7.529000000000001 1 -7.894 -7.579000000000001 0 -7.294 -7.579000000000001 0 -7.294 -7.529000000000001 0 -7.894 -7.529000000000001 0 -7.894 -7.579000000000001 1 -7.294 -7.579000000000001 1 -7.294 -7.529000000000001 1 -7.894 -7.529000000000001 1 -7.194 -7.579000000000001 0 -7.144 -7.579000000000001 0 -7.144 -7.529000000000001 0 -7.194 -7.529000000000001 0 -7.194 -7.579000000000001 1 -7.144 -7.579000000000001 1 -7.144 -7.529000000000001 1 -7.194 -7.529000000000001 1 -7.093999999999999 -7.579000000000001 0 -7.044 -7.579000000000001 0 -7.044 -7.529000000000001 0 -7.093999999999999 -7.529000000000001 0 -7.093999999999999 -7.579000000000001 1 -7.044 -7.579000000000001 1 -7.044 -7.529000000000001 1 -7.093999999999999 -7.529000000000001 1 -6.394 -7.579000000000001 0 -6.343999999999999 -7.579000000000001 0 -6.343999999999999 -7.529000000000001 0 -6.394 -7.529000000000001 0 -6.394 -7.579000000000001 1 -6.343999999999999 -7.579000000000001 1 -6.343999999999999 -7.529000000000001 1 -6.394 -7.529000000000001 1 -1.3439999999999994 -7.579000000000001 0 -0.9939999999999998 -7.579000000000001 0 -0.9939999999999998 -7.529000000000001 0 -1.3439999999999994 -7.529000000000001 0 -1.3439999999999994 -7.579000000000001 1 -0.9939999999999998 -7.579000000000001 1 -0.9939999999999998 -7.529000000000001 1 -1.3439999999999994 -7.529000000000001 1 -11.794 -7.6290000000000004 0 -11.644 -7.6290000000000004 0 -11.644 -7.579000000000001 0 -11.794 -7.579000000000001 0 -11.794 -7.6290000000000004 1 -11.644 -7.6290000000000004 1 -11.644 -7.579000000000001 1 -11.794 -7.579000000000001 1 -9.394 -7.6290000000000004 0 -9.344000000000001 -7.6290000000000004 0 -9.344000000000001 -7.579000000000001 0 -9.394 -7.579000000000001 0 -9.394 -7.6290000000000004 1 -9.344000000000001 -7.6290000000000004 1 -9.344000000000001 -7.579000000000001 1 -9.394 -7.579000000000001 1 -9.294 -7.6290000000000004 0 -8.994 -7.6290000000000004 0 -8.994 -7.579000000000001 0 -9.294 -7.579000000000001 0 -9.294 -7.6290000000000004 1 -8.994 -7.6290000000000004 1 -8.994 -7.579000000000001 1 -9.294 -7.579000000000001 1 -8.744 -7.6290000000000004 0 -8.693999999999999 -7.6290000000000004 0 -8.693999999999999 -7.579000000000001 0 -8.744 -7.579000000000001 0 -8.744 -7.6290000000000004 1 -8.693999999999999 -7.6290000000000004 1 -8.693999999999999 -7.579000000000001 1 -8.744 -7.579000000000001 1 -8.443999999999999 -7.6290000000000004 0 -8.244 -7.6290000000000004 0 -8.244 -7.579000000000001 0 -8.443999999999999 -7.579000000000001 0 -8.443999999999999 -7.6290000000000004 1 -8.244 -7.6290000000000004 1 -8.244 -7.579000000000001 1 -8.443999999999999 -7.579000000000001 1 -8.144 -7.6290000000000004 0 -8.094 -7.6290000000000004 0 -8.094 -7.579000000000001 0 -8.144 -7.579000000000001 0 -8.144 -7.6290000000000004 1 -8.094 -7.6290000000000004 1 -8.094 -7.579000000000001 1 -8.144 -7.579000000000001 1 -7.944 -7.6290000000000004 0 -7.244 -7.6290000000000004 0 -7.244 -7.579000000000001 0 -7.944 -7.579000000000001 0 -7.944 -7.6290000000000004 1 -7.244 -7.6290000000000004 1 -7.244 -7.579000000000001 1 -7.944 -7.579000000000001 1 -7.144 -7.6290000000000004 0 -7.044 -7.6290000000000004 0 -7.044 -7.579000000000001 0 -7.144 -7.579000000000001 0 -7.144 -7.6290000000000004 1 -7.044 -7.6290000000000004 1 -7.044 -7.579000000000001 1 -7.144 -7.579000000000001 1 -6.544 -7.6290000000000004 0 -6.494 -7.6290000000000004 0 -6.494 -7.579000000000001 0 -6.544 -7.579000000000001 0 -6.544 -7.6290000000000004 1 -6.494 -7.6290000000000004 1 -6.494 -7.579000000000001 1 -6.544 -7.579000000000001 1 -1.3940000000000001 -7.6290000000000004 0 -1.0939999999999994 -7.6290000000000004 0 -1.0939999999999994 -7.579000000000001 0 -1.3940000000000001 -7.579000000000001 0 -1.3940000000000001 -7.6290000000000004 1 -1.0939999999999994 -7.6290000000000004 1 -1.0939999999999994 -7.579000000000001 1 -1.3940000000000001 -7.579000000000001 1 -12.294 -7.679 0 -12.244 -7.679 0 -12.244 -7.6290000000000004 0 -12.294 -7.6290000000000004 0 -12.294 -7.679 1 -12.244 -7.679 1 -12.244 -7.6290000000000004 1 -12.294 -7.6290000000000004 1 -11.744 -7.679 0 -11.594 -7.679 0 -11.594 -7.6290000000000004 0 -11.744 -7.6290000000000004 0 -11.744 -7.679 1 -11.594 -7.679 1 -11.594 -7.6290000000000004 1 -11.744 -7.6290000000000004 1 -9.294 -7.679 0 -9.044 -7.679 0 -9.044 -7.6290000000000004 0 -9.294 -7.6290000000000004 0 -9.294 -7.679 1 -9.044 -7.679 1 -9.044 -7.6290000000000004 1 -9.294 -7.6290000000000004 1 -8.894 -7.679 0 -8.844000000000001 -7.679 0 -8.844000000000001 -7.579000000000001 0 -8.894 -7.579000000000001 0 -8.894 -7.679 1 -8.844000000000001 -7.679 1 -8.844000000000001 -7.579000000000001 1 -8.894 -7.579000000000001 1 -8.794 -7.679 0 -8.744 -7.679 0 -8.744 -7.6290000000000004 0 -8.794 -7.6290000000000004 0 -8.794 -7.679 1 -8.744 -7.679 1 -8.744 -7.6290000000000004 1 -8.794 -7.6290000000000004 1 -8.544 -7.679 0 -8.443999999999999 -7.679 0 -8.443999999999999 -7.6290000000000004 0 -8.544 -7.6290000000000004 0 -8.544 -7.679 1 -8.443999999999999 -7.679 1 -8.443999999999999 -7.6290000000000004 1 -8.544 -7.6290000000000004 1 -7.944 -7.679 0 -7.843999999999999 -7.679 0 -7.843999999999999 -7.6290000000000004 0 -7.944 -7.6290000000000004 0 -7.944 -7.679 1 -7.843999999999999 -7.679 1 -7.843999999999999 -7.6290000000000004 1 -7.944 -7.6290000000000004 1 -7.744 -7.679 0 -7.394 -7.679 0 -7.394 -7.6290000000000004 0 -7.744 -7.6290000000000004 0 -7.744 -7.679 1 -7.394 -7.679 1 -7.394 -7.6290000000000004 1 -7.744 -7.6290000000000004 1 -7.294 -7.679 0 -7.144 -7.679 0 -7.144 -7.6290000000000004 0 -7.294 -7.6290000000000004 0 -7.294 -7.679 1 -7.144 -7.679 1 -7.144 -7.6290000000000004 1 -7.294 -7.6290000000000004 1 -1.7439999999999998 -7.679 0 -1.693999999999999 -7.679 0 -1.693999999999999 -7.6290000000000004 0 -1.7439999999999998 -7.6290000000000004 0 -1.7439999999999998 -7.679 1 -1.693999999999999 -7.679 1 -1.693999999999999 -7.6290000000000004 1 -1.7439999999999998 -7.6290000000000004 1 -1.2939999999999987 -7.679 0 -1.0939999999999994 -7.679 0 -1.0939999999999994 -7.6290000000000004 0 -1.2939999999999987 -7.6290000000000004 0 -1.2939999999999987 -7.679 1 -1.0939999999999994 -7.679 1 -1.0939999999999994 -7.6290000000000004 1 -1.2939999999999987 -7.6290000000000004 1 -11.744 -7.729 0 -11.544 -7.729 0 -11.544 -7.679 0 -11.744 -7.679 0 -11.744 -7.729 1 -11.544 -7.729 1 -11.544 -7.679 1 -11.744 -7.679 1 -10.044 -7.729 0 -9.943999999999999 -7.729 0 -9.943999999999999 -7.679 0 -10.044 -7.679 0 -10.044 -7.729 1 -9.943999999999999 -7.729 1 -9.943999999999999 -7.679 1 -10.044 -7.679 1 -9.494 -7.729 0 -9.443999999999999 -7.729 0 -9.443999999999999 -7.679 0 -9.494 -7.679 0 -9.494 -7.729 1 -9.443999999999999 -7.729 1 -9.443999999999999 -7.679 1 -9.494 -7.679 1 -9.294 -7.729 0 -8.994 -7.729 0 -8.994 -7.679 0 -9.294 -7.679 0 -9.294 -7.729 1 -8.994 -7.729 1 -8.994 -7.679 1 -9.294 -7.679 1 -8.943999999999999 -7.729 0 -8.644 -7.729 0 -8.644 -7.679 0 -8.943999999999999 -7.679 0 -8.943999999999999 -7.729 1 -8.644 -7.729 1 -8.644 -7.679 1 -8.943999999999999 -7.679 1 -8.443999999999999 -7.729 0 -8.394 -7.729 0 -8.394 -7.679 0 -8.443999999999999 -7.679 0 -8.443999999999999 -7.729 1 -8.394 -7.729 1 -8.394 -7.679 1 -8.443999999999999 -7.679 1 -7.894 -7.729 0 -7.843999999999999 -7.729 0 -7.843999999999999 -7.679 0 -7.894 -7.679 0 -7.894 -7.729 1 -7.843999999999999 -7.729 1 -7.843999999999999 -7.679 1 -7.894 -7.679 1 -7.794 -7.729 0 -7.144 -7.729 0 -7.144 -7.679 0 -7.794 -7.679 0 -7.794 -7.729 1 -7.144 -7.729 1 -7.144 -7.679 1 -7.794 -7.679 1 -6.544 -7.729 0 -6.494 -7.729 0 -6.494 -7.679 0 -6.544 -7.679 0 -6.544 -7.729 1 -6.494 -7.729 1 -6.494 -7.679 1 -6.544 -7.679 1 -1.3439999999999994 -7.729 0 -1.0939999999999994 -7.729 0 -1.0939999999999994 -7.679 0 -1.3439999999999994 -7.679 0 -1.3439999999999994 -7.729 1 -1.0939999999999994 -7.729 1 -1.0939999999999994 -7.679 1 -1.3439999999999994 -7.679 1 -11.744 -7.779000000000001 0 -11.594 -7.779000000000001 0 -11.594 -7.729 0 -11.744 -7.729 0 -11.744 -7.779000000000001 1 -11.594 -7.779000000000001 1 -11.594 -7.729 1 -11.744 -7.729 1 -9.144 -7.779000000000001 0 -8.894 -7.779000000000001 0 -8.894 -7.729 0 -9.144 -7.729 0 -9.144 -7.779000000000001 1 -8.894 -7.779000000000001 1 -8.894 -7.729 1 -9.144 -7.729 1 -8.844000000000001 -7.779000000000001 0 -8.693999999999999 -7.779000000000001 0 -8.693999999999999 -7.729 0 -8.844000000000001 -7.729 0 -8.844000000000001 -7.779000000000001 1 -8.693999999999999 -7.779000000000001 1 -8.693999999999999 -7.729 1 -8.844000000000001 -7.729 1 -8.193999999999999 -7.779000000000001 0 -8.144 -7.779000000000001 0 -8.144 -7.729 0 -8.193999999999999 -7.729 0 -8.193999999999999 -7.779000000000001 1 -8.144 -7.779000000000001 1 -8.144 -7.729 1 -8.193999999999999 -7.729 1 -7.994 -7.779000000000001 0 -7.794 -7.779000000000001 0 -7.794 -7.729 0 -7.994 -7.729 0 -7.994 -7.779000000000001 1 -7.794 -7.779000000000001 1 -7.794 -7.729 1 -7.994 -7.729 1 -7.744 -7.779000000000001 0 -7.093999999999999 -7.779000000000001 0 -7.093999999999999 -7.729 0 -7.744 -7.729 0 -7.744 -7.779000000000001 1 -7.093999999999999 -7.779000000000001 1 -7.093999999999999 -7.729 1 -7.744 -7.729 1 -6.343999999999999 -7.779000000000001 0 -6.294 -7.779000000000001 0 -6.294 -7.729 0 -6.343999999999999 -7.729 0 -6.343999999999999 -7.779000000000001 1 -6.294 -7.779000000000001 1 -6.294 -7.729 1 -6.343999999999999 -7.729 1 -1.443999999999999 -7.779000000000001 0 -1.3940000000000001 -7.779000000000001 0 -1.3940000000000001 -7.729 0 -1.443999999999999 -7.729 0 -1.443999999999999 -7.779000000000001 1 -1.3940000000000001 -7.779000000000001 1 -1.3940000000000001 -7.729 1 -1.443999999999999 -7.729 1 -1.3439999999999994 -7.779000000000001 0 -1.193999999999999 -7.779000000000001 0 -1.193999999999999 -7.729 0 -1.3439999999999994 -7.729 0 -1.3439999999999994 -7.779000000000001 1 -1.193999999999999 -7.779000000000001 1 -1.193999999999999 -7.729 1 -1.3439999999999994 -7.729 1 -11.744 -7.829000000000001 0 -11.693999999999999 -7.829000000000001 0 -11.693999999999999 -7.779000000000001 0 -11.744 -7.779000000000001 0 -11.744 -7.829000000000001 1 -11.693999999999999 -7.829000000000001 1 -11.693999999999999 -7.779000000000001 1 -11.744 -7.779000000000001 1 -11.644 -7.829000000000001 0 -11.594 -7.829000000000001 0 -11.594 -7.779000000000001 0 -11.644 -7.779000000000001 0 -11.644 -7.829000000000001 1 -11.594 -7.829000000000001 1 -11.594 -7.779000000000001 1 -11.644 -7.779000000000001 1 -10.044 -7.829000000000001 0 -9.994 -7.829000000000001 0 -9.994 -7.729 0 -10.044 -7.729 0 -10.044 -7.829000000000001 1 -9.994 -7.829000000000001 1 -9.994 -7.729 1 -10.044 -7.729 1 -9.544 -7.829000000000001 0 -9.494 -7.829000000000001 0 -9.494 -7.779000000000001 0 -9.544 -7.779000000000001 0 -9.544 -7.829000000000001 1 -9.494 -7.829000000000001 1 -9.494 -7.779000000000001 1 -9.544 -7.779000000000001 1 -9.443999999999999 -7.829000000000001 0 -9.394 -7.829000000000001 0 -9.394 -7.779000000000001 0 -9.443999999999999 -7.779000000000001 0 -9.443999999999999 -7.829000000000001 1 -9.394 -7.829000000000001 1 -9.394 -7.779000000000001 1 -9.443999999999999 -7.779000000000001 1 -9.094000000000001 -7.829000000000001 0 -8.644 -7.829000000000001 0 -8.644 -7.779000000000001 0 -9.094000000000001 -7.779000000000001 0 -9.094000000000001 -7.829000000000001 1 -8.644 -7.829000000000001 1 -8.644 -7.779000000000001 1 -9.094000000000001 -7.779000000000001 1 -8.544 -7.829000000000001 0 -8.494 -7.829000000000001 0 -8.494 -7.779000000000001 0 -8.544 -7.779000000000001 0 -8.544 -7.829000000000001 1 -8.494 -7.829000000000001 1 -8.494 -7.779000000000001 1 -8.544 -7.779000000000001 1 -8.094 -7.829000000000001 0 -8.044 -7.829000000000001 0 -8.044 -7.779000000000001 0 -8.094 -7.779000000000001 0 -8.094 -7.829000000000001 1 -8.044 -7.829000000000001 1 -8.044 -7.779000000000001 1 -8.094 -7.779000000000001 1 -7.694 -7.829000000000001 0 -7.444 -7.829000000000001 0 -7.444 -7.779000000000001 0 -7.694 -7.779000000000001 0 -7.694 -7.829000000000001 1 -7.444 -7.829000000000001 1 -7.444 -7.779000000000001 1 -7.694 -7.779000000000001 1 -7.394 -7.829000000000001 0 -7.093999999999999 -7.829000000000001 0 -7.093999999999999 -7.779000000000001 0 -7.394 -7.779000000000001 0 -7.394 -7.829000000000001 1 -7.093999999999999 -7.829000000000001 1 -7.093999999999999 -7.779000000000001 1 -7.394 -7.779000000000001 1 -6.593999999999999 -7.829000000000001 0 -6.544 -7.829000000000001 0 -6.544 -7.729 0 -6.593999999999999 -7.729 0 -6.593999999999999 -7.829000000000001 1 -6.544 -7.829000000000001 1 -6.544 -7.729 1 -6.593999999999999 -7.729 1 -6.394 -7.829000000000001 0 -6.343999999999999 -7.829000000000001 0 -6.343999999999999 -7.779000000000001 0 -6.394 -7.779000000000001 0 -6.394 -7.829000000000001 1 -6.343999999999999 -7.829000000000001 1 -6.343999999999999 -7.779000000000001 1 -6.394 -7.779000000000001 1 -1.443999999999999 -7.829000000000001 0 -1.2439999999999998 -7.829000000000001 0 -1.2439999999999998 -7.779000000000001 0 -1.443999999999999 -7.779000000000001 0 -1.443999999999999 -7.829000000000001 1 -1.2439999999999998 -7.829000000000001 1 -1.2439999999999998 -7.779000000000001 1 -1.443999999999999 -7.779000000000001 1 -1.193999999999999 -7.829000000000001 0 -1.1440000000000001 -7.829000000000001 0 -1.1440000000000001 -7.779000000000001 0 -1.193999999999999 -7.779000000000001 0 -1.193999999999999 -7.829000000000001 1 -1.1440000000000001 -7.829000000000001 1 -1.1440000000000001 -7.779000000000001 1 -1.193999999999999 -7.779000000000001 1 -9.994 -7.8790000000000004 0 -9.943999999999999 -7.8790000000000004 0 -9.943999999999999 -7.829000000000001 0 -9.994 -7.829000000000001 0 -9.994 -7.8790000000000004 1 -9.943999999999999 -7.8790000000000004 1 -9.943999999999999 -7.829000000000001 1 -9.994 -7.829000000000001 1 -9.294 -7.8790000000000004 0 -9.244 -7.8790000000000004 0 -9.244 -7.829000000000001 0 -9.294 -7.829000000000001 0 -9.294 -7.8790000000000004 1 -9.244 -7.8790000000000004 1 -9.244 -7.829000000000001 1 -9.294 -7.829000000000001 1 -9.044 -7.8790000000000004 0 -8.693999999999999 -7.8790000000000004 0 -8.693999999999999 -7.829000000000001 0 -9.044 -7.829000000000001 0 -9.044 -7.8790000000000004 1 -8.693999999999999 -7.8790000000000004 1 -8.693999999999999 -7.829000000000001 1 -9.044 -7.829000000000001 1 -8.644 -7.8790000000000004 0 -8.594 -7.8790000000000004 0 -8.594 -7.829000000000001 0 -8.644 -7.829000000000001 0 -8.644 -7.8790000000000004 1 -8.594 -7.8790000000000004 1 -8.594 -7.829000000000001 1 -8.644 -7.829000000000001 1 -8.494 -7.8790000000000004 0 -8.394 -7.8790000000000004 0 -8.394 -7.829000000000001 0 -8.494 -7.829000000000001 0 -8.494 -7.8790000000000004 1 -8.394 -7.8790000000000004 1 -8.394 -7.829000000000001 1 -8.494 -7.829000000000001 1 -7.894 -7.8790000000000004 0 -7.843999999999999 -7.8790000000000004 0 -7.843999999999999 -7.829000000000001 0 -7.894 -7.829000000000001 0 -7.894 -7.8790000000000004 1 -7.843999999999999 -7.8790000000000004 1 -7.843999999999999 -7.829000000000001 1 -7.894 -7.829000000000001 1 -7.694 -7.8790000000000004 0 -7.394 -7.8790000000000004 0 -7.394 -7.829000000000001 0 -7.694 -7.829000000000001 0 -7.694 -7.8790000000000004 1 -7.394 -7.8790000000000004 1 -7.394 -7.829000000000001 1 -7.694 -7.829000000000001 1 -7.343999999999999 -7.8790000000000004 0 -7.294 -7.8790000000000004 0 -7.294 -7.829000000000001 0 -7.343999999999999 -7.829000000000001 0 -7.343999999999999 -7.8790000000000004 1 -7.294 -7.8790000000000004 1 -7.294 -7.829000000000001 1 -7.343999999999999 -7.829000000000001 1 -7.244 -7.8790000000000004 0 -7.194 -7.8790000000000004 0 -7.194 -7.829000000000001 0 -7.244 -7.829000000000001 0 -7.244 -7.8790000000000004 1 -7.194 -7.8790000000000004 1 -7.194 -7.829000000000001 1 -7.244 -7.829000000000001 1 -7.144 -7.8790000000000004 0 -7.093999999999999 -7.8790000000000004 0 -7.093999999999999 -7.829000000000001 0 -7.144 -7.829000000000001 0 -7.144 -7.8790000000000004 1 -7.093999999999999 -7.8790000000000004 1 -7.093999999999999 -7.829000000000001 1 -7.144 -7.829000000000001 1 -6.343999999999999 -7.8790000000000004 0 -6.294 -7.8790000000000004 0 -6.294 -7.829000000000001 0 -6.343999999999999 -7.829000000000001 0 -6.343999999999999 -7.8790000000000004 1 -6.294 -7.8790000000000004 1 -6.294 -7.829000000000001 1 -6.343999999999999 -7.829000000000001 1 -1.693999999999999 -7.8790000000000004 0 -1.193999999999999 -7.8790000000000004 0 -1.193999999999999 -7.829000000000001 0 -1.693999999999999 -7.829000000000001 0 -1.693999999999999 -7.8790000000000004 1 -1.193999999999999 -7.8790000000000004 1 -1.193999999999999 -7.829000000000001 1 -1.693999999999999 -7.829000000000001 1 -9.844 -7.929 0 -9.794 -7.929 0 -9.794 -7.8790000000000004 0 -9.844 -7.8790000000000004 0 -9.844 -7.929 1 -9.794 -7.929 1 -9.794 -7.8790000000000004 1 -9.844 -7.8790000000000004 1 -9.744 -7.929 0 -9.693999999999999 -7.929 0 -9.693999999999999 -7.8790000000000004 0 -9.744 -7.8790000000000004 0 -9.744 -7.929 1 -9.693999999999999 -7.929 1 -9.693999999999999 -7.8790000000000004 1 -9.744 -7.8790000000000004 1 -9.044 -7.929 0 -8.844000000000001 -7.929 0 -8.844000000000001 -7.8790000000000004 0 -9.044 -7.8790000000000004 0 -9.044 -7.929 1 -8.844000000000001 -7.929 1 -8.844000000000001 -7.8790000000000004 1 -9.044 -7.8790000000000004 1 -8.794 -7.929 0 -8.744 -7.929 0 -8.744 -7.8790000000000004 0 -8.794 -7.8790000000000004 0 -8.794 -7.929 1 -8.744 -7.929 1 -8.744 -7.8790000000000004 1 -8.794 -7.8790000000000004 1 -8.644 -7.929 0 -8.494 -7.929 0 -8.494 -7.8790000000000004 0 -8.644 -7.8790000000000004 0 -8.644 -7.929 1 -8.494 -7.929 1 -8.494 -7.8790000000000004 1 -8.644 -7.8790000000000004 1 -8.144 -7.929 0 -7.994 -7.929 0 -7.994 -7.829000000000001 0 -8.144 -7.829000000000001 0 -8.144 -7.929 1 -7.994 -7.929 1 -7.994 -7.829000000000001 1 -8.144 -7.829000000000001 1 -7.744 -7.929 0 -7.494 -7.929 0 -7.494 -7.8790000000000004 0 -7.744 -7.8790000000000004 0 -7.744 -7.929 1 -7.494 -7.929 1 -7.494 -7.8790000000000004 1 -7.744 -7.8790000000000004 1 -7.444 -7.929 0 -7.394 -7.929 0 -7.394 -7.8790000000000004 0 -7.444 -7.8790000000000004 0 -7.444 -7.929 1 -7.394 -7.929 1 -7.394 -7.8790000000000004 1 -7.444 -7.8790000000000004 1 -7.294 -7.929 0 -7.044 -7.929 0 -7.044 -7.8790000000000004 0 -7.294 -7.8790000000000004 0 -7.294 -7.929 1 -7.044 -7.929 1 -7.044 -7.8790000000000004 1 -7.294 -7.8790000000000004 1 -6.394 -7.929 0 -6.343999999999999 -7.929 0 -6.343999999999999 -7.8790000000000004 0 -6.394 -7.8790000000000004 0 -6.394 -7.929 1 -6.343999999999999 -7.929 1 -6.343999999999999 -7.8790000000000004 1 -6.394 -7.8790000000000004 1 -1.8940000000000001 -7.929 0 -1.8439999999999994 -7.929 0 -1.8439999999999994 -7.8790000000000004 0 -1.8940000000000001 -7.8790000000000004 0 -1.8940000000000001 -7.929 1 -1.8439999999999994 -7.929 1 -1.8439999999999994 -7.8790000000000004 1 -1.8940000000000001 -7.8790000000000004 1 -1.7439999999999998 -7.929 0 -1.2439999999999998 -7.929 0 -1.2439999999999998 -7.8790000000000004 0 -1.7439999999999998 -7.8790000000000004 0 -1.7439999999999998 -7.929 1 -1.2439999999999998 -7.929 1 -1.2439999999999998 -7.8790000000000004 1 -1.7439999999999998 -7.8790000000000004 1 -12.494 -7.979 0 -12.444 -7.979 0 -12.444 -7.929 0 -12.494 -7.929 0 -12.494 -7.979 1 -12.444 -7.979 1 -12.444 -7.929 1 -12.494 -7.929 1 -9.794 -7.979 0 -9.744 -7.979 0 -9.744 -7.929 0 -9.794 -7.929 0 -9.794 -7.979 1 -9.744 -7.979 1 -9.744 -7.929 1 -9.794 -7.929 1 -8.994 -7.979 0 -8.894 -7.979 0 -8.894 -7.929 0 -8.994 -7.929 0 -8.994 -7.979 1 -8.894 -7.979 1 -8.894 -7.929 1 -8.994 -7.929 1 -8.844000000000001 -7.979 0 -8.794 -7.979 0 -8.794 -7.929 0 -8.844000000000001 -7.929 0 -8.844000000000001 -7.979 1 -8.794 -7.979 1 -8.794 -7.929 1 -8.844000000000001 -7.929 1 -8.644 -7.979 0 -8.443999999999999 -7.979 0 -8.443999999999999 -7.929 0 -8.644 -7.929 0 -8.644 -7.979 1 -8.443999999999999 -7.979 1 -8.443999999999999 -7.929 1 -8.644 -7.929 1 -8.094 -7.979 0 -8.044 -7.979 0 -8.044 -7.929 0 -8.094 -7.929 0 -8.094 -7.979 1 -8.044 -7.979 1 -8.044 -7.929 1 -8.094 -7.929 1 -7.794 -7.979 0 -7.694 -7.979 0 -7.694 -7.929 0 -7.794 -7.929 0 -7.794 -7.979 1 -7.694 -7.979 1 -7.694 -7.929 1 -7.794 -7.929 1 -7.644 -7.979 0 -7.544 -7.979 0 -7.544 -7.929 0 -7.644 -7.929 0 -7.644 -7.979 1 -7.544 -7.979 1 -7.544 -7.929 1 -7.644 -7.929 1 -7.394 -7.979 0 -7.294 -7.979 0 -7.294 -7.929 0 -7.394 -7.929 0 -7.394 -7.979 1 -7.294 -7.979 1 -7.294 -7.929 1 -7.394 -7.929 1 -7.244 -7.979 0 -7.194 -7.979 0 -7.194 -7.929 0 -7.244 -7.929 0 -7.244 -7.979 1 -7.194 -7.979 1 -7.194 -7.929 1 -7.244 -7.929 1 -7.044 -7.979 0 -6.994 -7.979 0 -6.994 -7.929 0 -7.044 -7.929 0 -7.044 -7.979 1 -6.994 -7.979 1 -6.994 -7.929 1 -7.044 -7.929 1 -1.693999999999999 -7.979 0 -1.2439999999999998 -7.979 0 -1.2439999999999998 -7.929 0 -1.693999999999999 -7.929 0 -1.693999999999999 -7.979 1 -1.2439999999999998 -7.979 1 -1.2439999999999998 -7.929 1 -1.693999999999999 -7.929 1 -9.794 -8.029 0 -9.693999999999999 -8.029 0 -9.693999999999999 -7.979 0 -9.794 -7.979 0 -9.794 -8.029 1 -9.693999999999999 -8.029 1 -9.693999999999999 -7.979 1 -9.794 -7.979 1 -9.193999999999999 -8.029 0 -9.094000000000001 -8.029 0 -9.094000000000001 -7.979 0 -9.193999999999999 -7.979 0 -9.193999999999999 -8.029 1 -9.094000000000001 -8.029 1 -9.094000000000001 -7.979 1 -9.193999999999999 -7.979 1 -8.994 -8.029 0 -8.943999999999999 -8.029 0 -8.943999999999999 -7.979 0 -8.994 -7.979 0 -8.994 -8.029 1 -8.943999999999999 -8.029 1 -8.943999999999999 -7.979 1 -8.994 -7.979 1 -8.894 -8.029 0 -8.844000000000001 -8.029 0 -8.844000000000001 -7.979 0 -8.894 -7.979 0 -8.894 -8.029 1 -8.844000000000001 -8.029 1 -8.844000000000001 -7.979 1 -8.894 -7.979 1 -8.794 -8.029 0 -8.693999999999999 -8.029 0 -8.693999999999999 -7.979 0 -8.794 -7.979 0 -8.794 -8.029 1 -8.693999999999999 -8.029 1 -8.693999999999999 -7.979 1 -8.794 -7.979 1 -8.644 -8.029 0 -8.594 -8.029 0 -8.594 -7.979 0 -8.644 -7.979 0 -8.644 -8.029 1 -8.594 -8.029 1 -8.594 -7.979 1 -8.644 -7.979 1 -8.544 -8.029 0 -8.394 -8.029 0 -8.394 -7.979 0 -8.544 -7.979 0 -8.544 -8.029 1 -8.394 -8.029 1 -8.394 -7.979 1 -8.544 -7.979 1 -8.094 -8.029 0 -7.994 -8.029 0 -7.994 -7.979 0 -8.094 -7.979 0 -8.094 -8.029 1 -7.994 -8.029 1 -7.994 -7.979 1 -8.094 -7.979 1 -7.843999999999999 -8.029 0 -7.544 -8.029 0 -7.544 -7.979 0 -7.843999999999999 -7.979 0 -7.843999999999999 -8.029 1 -7.544 -8.029 1 -7.544 -7.979 1 -7.843999999999999 -7.979 1 -7.494 -8.029 0 -7.444 -8.029 0 -7.444 -7.979 0 -7.494 -7.979 0 -7.494 -8.029 1 -7.444 -8.029 1 -7.444 -7.979 1 -7.494 -7.979 1 -7.394 -8.029 0 -7.144 -8.029 0 -7.144 -7.979 0 -7.394 -7.979 0 -7.394 -8.029 1 -7.144 -8.029 1 -7.144 -7.979 1 -7.394 -7.979 1 -7.093999999999999 -8.029 0 -7.044 -8.029 0 -7.044 -7.979 0 -7.093999999999999 -7.979 0 -7.093999999999999 -8.029 1 -7.044 -8.029 1 -7.044 -7.979 1 -7.093999999999999 -7.979 1 -1.6440000000000001 -8.029 0 -1.3439999999999994 -8.029 0 -1.3439999999999994 -7.979 0 -1.6440000000000001 -7.979 0 -1.6440000000000001 -8.029 1 -1.3439999999999994 -8.029 1 -1.3439999999999994 -7.979 1 -1.6440000000000001 -7.979 1 -12.494 -8.079 0 -12.444 -8.079 0 -12.444 -8.029 0 -12.494 -8.029 0 -12.494 -8.079 1 -12.444 -8.079 1 -12.444 -8.029 1 -12.494 -8.029 1 -9.794 -8.079 0 -9.744 -8.079 0 -9.744 -8.029 0 -9.794 -8.029 0 -9.794 -8.079 1 -9.744 -8.079 1 -9.744 -8.029 1 -9.794 -8.029 1 -9.144 -8.079 0 -9.094000000000001 -8.079 0 -9.094000000000001 -8.029 0 -9.144 -8.029 0 -9.144 -8.079 1 -9.094000000000001 -8.079 1 -9.094000000000001 -8.029 1 -9.144 -8.029 1 -8.844000000000001 -8.079 0 -8.794 -8.079 0 -8.794 -8.029 0 -8.844000000000001 -8.029 0 -8.844000000000001 -8.079 1 -8.794 -8.079 1 -8.794 -8.029 1 -8.844000000000001 -8.029 1 -8.544 -8.079 0 -8.443999999999999 -8.079 0 -8.443999999999999 -8.029 0 -8.544 -8.029 0 -8.544 -8.079 1 -8.443999999999999 -8.079 1 -8.443999999999999 -8.029 1 -8.544 -8.029 1 -8.094 -8.079 0 -7.194 -8.079 0 -7.194 -8.029 0 -8.094 -8.029 0 -8.094 -8.079 1 -7.194 -8.079 1 -7.194 -8.029 1 -8.094 -8.029 1 -7.144 -8.079 0 -7.093999999999999 -8.079 0 -7.093999999999999 -8.029 0 -7.144 -8.029 0 -7.144 -8.079 1 -7.093999999999999 -8.079 1 -7.093999999999999 -8.029 1 -7.144 -8.029 1 -7.044 -8.079 0 -6.994 -8.079 0 -6.994 -8.029 0 -7.044 -8.029 0 -7.044 -8.079 1 -6.994 -8.079 1 -6.994 -8.029 1 -7.044 -8.029 1 -6.294 -8.079 0 -6.194 -8.079 0 -6.194 -8.029 0 -6.294 -8.029 0 -6.294 -8.079 1 -6.194 -8.079 1 -6.194 -8.029 1 -6.294 -8.029 1 -5.744 -8.079 0 -5.694 -8.079 0 -5.694 -8.029 0 -5.744 -8.029 0 -5.744 -8.079 1 -5.694 -8.079 1 -5.694 -8.029 1 -5.744 -8.029 1 -1.5439999999999987 -8.079 0 -1.3439999999999994 -8.079 0 -1.3439999999999994 -8.029 0 -1.5439999999999987 -8.029 0 -1.5439999999999987 -8.079 1 -1.3439999999999994 -8.079 1 -1.3439999999999994 -8.029 1 -1.5439999999999987 -8.029 1 -9.193999999999999 -8.129000000000001 0 -9.144 -8.129000000000001 0 -9.144 -8.079 0 -9.193999999999999 -8.079 0 -9.193999999999999 -8.129000000000001 1 -9.144 -8.129000000000001 1 -9.144 -8.079 1 -9.193999999999999 -8.079 1 -8.943999999999999 -8.129000000000001 0 -8.894 -8.129000000000001 0 -8.894 -8.079 0 -8.943999999999999 -8.079 0 -8.943999999999999 -8.129000000000001 1 -8.894 -8.129000000000001 1 -8.894 -8.079 1 -8.943999999999999 -8.079 1 -8.794 -8.129000000000001 0 -8.744 -8.129000000000001 0 -8.744 -8.079 0 -8.794 -8.079 0 -8.794 -8.129000000000001 1 -8.744 -8.129000000000001 1 -8.744 -8.079 1 -8.794 -8.079 1 -8.594 -8.129000000000001 0 -8.544 -8.129000000000001 0 -8.544 -8.079 0 -8.594 -8.079 0 -8.594 -8.129000000000001 1 -8.544 -8.129000000000001 1 -8.544 -8.079 1 -8.594 -8.079 1 -8.193999999999999 -8.129000000000001 0 -7.144 -8.129000000000001 0 -7.144 -8.079 0 -8.193999999999999 -8.079 0 -8.193999999999999 -8.129000000000001 1 -7.144 -8.129000000000001 1 -7.144 -8.079 1 -8.193999999999999 -8.079 1 -6.544 -8.129000000000001 0 -6.444 -8.129000000000001 0 -6.444 -8.079 0 -6.544 -8.079 0 -6.544 -8.129000000000001 1 -6.444 -8.129000000000001 1 -6.444 -8.079 1 -6.544 -8.079 1 -6.343999999999999 -8.129000000000001 0 -6.294 -8.129000000000001 0 -6.294 -8.079 0 -6.343999999999999 -8.079 0 -6.343999999999999 -8.129000000000001 1 -6.294 -8.129000000000001 1 -6.294 -8.079 1 -6.343999999999999 -8.079 1 -5.394 -8.129000000000001 0 -5.343999999999999 -8.129000000000001 0 -5.343999999999999 -8.079 0 -5.394 -8.079 0 -5.394 -8.129000000000001 1 -5.343999999999999 -8.129000000000001 1 -5.343999999999999 -8.079 1 -5.394 -8.079 1 -2.0439999999999987 -8.129000000000001 0 -1.9939999999999998 -8.129000000000001 0 -1.9939999999999998 -8.079 0 -2.0439999999999987 -8.079 0 -2.0439999999999987 -8.129000000000001 1 -1.9939999999999998 -8.129000000000001 1 -1.9939999999999998 -8.079 1 -2.0439999999999987 -8.079 1 -1.5939999999999994 -8.129000000000001 0 -1.3439999999999994 -8.129000000000001 0 -1.3439999999999994 -8.079 0 -1.5939999999999994 -8.079 0 -1.5939999999999994 -8.129000000000001 1 -1.3439999999999994 -8.129000000000001 1 -1.3439999999999994 -8.079 1 -1.5939999999999994 -8.079 1 -9.044 -8.179 0 -8.994 -8.179 0 -8.994 -8.129000000000001 0 -9.044 -8.129000000000001 0 -9.044 -8.179 1 -8.994 -8.179 1 -8.994 -8.129000000000001 1 -9.044 -8.129000000000001 1 -8.894 -8.179 0 -8.744 -8.179 0 -8.744 -8.129000000000001 0 -8.894 -8.129000000000001 0 -8.894 -8.179 1 -8.744 -8.179 1 -8.744 -8.129000000000001 1 -8.894 -8.129000000000001 1 -8.294 -8.179 0 -7.894 -8.179 0 -7.894 -8.129000000000001 0 -8.294 -8.129000000000001 0 -8.294 -8.179 1 -7.894 -8.179 1 -7.894 -8.129000000000001 1 -8.294 -8.129000000000001 1 -7.843999999999999 -8.179 0 -7.794 -8.179 0 -7.794 -8.129000000000001 0 -7.843999999999999 -8.129000000000001 0 -7.843999999999999 -8.179 1 -7.794 -8.179 1 -7.794 -8.129000000000001 1 -7.843999999999999 -8.129000000000001 1 -7.744 -8.179 0 -7.494 -8.179 0 -7.494 -8.129000000000001 0 -7.744 -8.129000000000001 0 -7.744 -8.179 1 -7.494 -8.179 1 -7.494 -8.129000000000001 1 -7.744 -8.129000000000001 1 -7.394 -8.179 0 -7.294 -8.179 0 -7.294 -8.129000000000001 0 -7.394 -8.129000000000001 0 -7.394 -8.179 1 -7.294 -8.179 1 -7.294 -8.129000000000001 1 -7.394 -8.129000000000001 1 -7.244 -8.179 0 -7.144 -8.179 0 -7.144 -8.129000000000001 0 -7.244 -8.129000000000001 0 -7.244 -8.179 1 -7.144 -8.179 1 -7.144 -8.129000000000001 1 -7.244 -8.129000000000001 1 -6.194 -8.179 0 -6.144 -8.179 0 -6.144 -8.129000000000001 0 -6.194 -8.129000000000001 0 -6.194 -8.179 1 -6.144 -8.179 1 -6.144 -8.129000000000001 1 -6.194 -8.129000000000001 1 -5.994 -8.179 0 -5.944 -8.179 0 -5.944 -8.129000000000001 0 -5.994 -8.129000000000001 0 -5.994 -8.179 1 -5.944 -8.179 1 -5.944 -8.129000000000001 1 -5.994 -8.129000000000001 1 -5.843999999999999 -8.179 0 -5.794 -8.179 0 -5.794 -8.129000000000001 0 -5.843999999999999 -8.129000000000001 0 -5.843999999999999 -8.179 1 -5.794 -8.179 1 -5.794 -8.129000000000001 1 -5.843999999999999 -8.129000000000001 1 -5.644 -8.179 0 -5.193999999999999 -8.179 0 -5.193999999999999 -8.129000000000001 0 -5.644 -8.129000000000001 0 -5.644 -8.179 1 -5.193999999999999 -8.179 1 -5.193999999999999 -8.129000000000001 1 -5.644 -8.129000000000001 1 -1.693999999999999 -8.179 0 -1.3940000000000001 -8.179 0 -1.3940000000000001 -8.129000000000001 0 -1.693999999999999 -8.129000000000001 0 -1.693999999999999 -8.179 1 -1.3940000000000001 -8.179 1 -1.3940000000000001 -8.129000000000001 1 -1.693999999999999 -8.129000000000001 1 -10.943999999999999 -8.229000000000001 0 -10.894 -8.229000000000001 0 -10.894 -8.179 0 -10.943999999999999 -8.179 0 -10.943999999999999 -8.229000000000001 1 -10.894 -8.229000000000001 1 -10.894 -8.179 1 -10.943999999999999 -8.179 1 -9.244 -8.229000000000001 0 -9.044 -8.229000000000001 0 -9.044 -8.179 0 -9.244 -8.179 0 -9.244 -8.229000000000001 1 -9.044 -8.229000000000001 1 -9.044 -8.179 1 -9.244 -8.179 1 -8.943999999999999 -8.229000000000001 0 -8.794 -8.229000000000001 0 -8.794 -8.179 0 -8.943999999999999 -8.179 0 -8.943999999999999 -8.229000000000001 1 -8.794 -8.229000000000001 1 -8.794 -8.179 1 -8.943999999999999 -8.179 1 -8.344 -8.229000000000001 0 -7.944 -8.229000000000001 0 -7.944 -8.179 0 -8.344 -8.179 0 -8.344 -8.229000000000001 1 -7.944 -8.229000000000001 1 -7.944 -8.179 1 -8.344 -8.179 1 -7.894 -8.229000000000001 0 -7.843999999999999 -8.229000000000001 0 -7.843999999999999 -8.179 0 -7.894 -8.179 0 -7.894 -8.229000000000001 1 -7.843999999999999 -8.229000000000001 1 -7.843999999999999 -8.179 1 -7.894 -8.179 1 -7.794 -8.229000000000001 0 -7.694 -8.229000000000001 0 -7.694 -8.179 0 -7.794 -8.179 0 -7.794 -8.229000000000001 1 -7.694 -8.229000000000001 1 -7.694 -8.179 1 -7.794 -8.179 1 -7.644 -8.229000000000001 0 -7.494 -8.229000000000001 0 -7.494 -8.179 0 -7.644 -8.179 0 -7.644 -8.229000000000001 1 -7.494 -8.229000000000001 1 -7.494 -8.179 1 -7.644 -8.179 1 -7.294 -8.229000000000001 0 -7.144 -8.229000000000001 0 -7.144 -8.179 0 -7.294 -8.179 0 -7.294 -8.229000000000001 1 -7.144 -8.229000000000001 1 -7.144 -8.179 1 -7.294 -8.179 1 -5.894 -8.229000000000001 0 -5.744 -8.229000000000001 0 -5.744 -8.179 0 -5.894 -8.179 0 -5.894 -8.229000000000001 1 -5.744 -8.229000000000001 1 -5.744 -8.179 1 -5.894 -8.179 1 -5.593999999999999 -8.229000000000001 0 -5.193999999999999 -8.229000000000001 0 -5.193999999999999 -8.179 0 -5.593999999999999 -8.179 0 -5.593999999999999 -8.229000000000001 1 -5.193999999999999 -8.229000000000001 1 -5.193999999999999 -8.179 1 -5.593999999999999 -8.179 1 -1.693999999999999 -8.229000000000001 0 -1.3439999999999994 -8.229000000000001 0 -1.3439999999999994 -8.179 0 -1.693999999999999 -8.179 0 -1.693999999999999 -8.229000000000001 1 -1.3439999999999994 -8.229000000000001 1 -1.3439999999999994 -8.179 1 -1.693999999999999 -8.179 1 -9.294 -8.279 0 -8.844000000000001 -8.279 0 -8.844000000000001 -8.229000000000001 0 -9.294 -8.229000000000001 0 -9.294 -8.279 1 -8.844000000000001 -8.279 1 -8.844000000000001 -8.229000000000001 1 -9.294 -8.229000000000001 1 -8.294 -8.279 0 -7.994 -8.279 0 -7.994 -8.229000000000001 0 -8.294 -8.229000000000001 0 -8.294 -8.279 1 -7.994 -8.279 1 -7.994 -8.229000000000001 1 -8.294 -8.229000000000001 1 -7.843999999999999 -8.279 0 -7.794 -8.279 0 -7.794 -8.229000000000001 0 -7.843999999999999 -8.229000000000001 0 -7.843999999999999 -8.279 1 -7.794 -8.279 1 -7.794 -8.229000000000001 1 -7.843999999999999 -8.229000000000001 1 -7.694 -8.279 0 -7.444 -8.279 0 -7.444 -8.229000000000001 0 -7.694 -8.229000000000001 0 -7.694 -8.279 1 -7.444 -8.279 1 -7.444 -8.229000000000001 1 -7.694 -8.229000000000001 1 -7.244 -8.279 0 -7.093999999999999 -8.279 0 -7.093999999999999 -8.229000000000001 0 -7.244 -8.229000000000001 0 -7.244 -8.279 1 -7.093999999999999 -8.279 1 -7.093999999999999 -8.229000000000001 1 -7.244 -8.229000000000001 1 -6.994 -8.279 0 -6.944 -8.279 0 -6.944 -8.229000000000001 0 -6.994 -8.229000000000001 0 -6.994 -8.279 1 -6.944 -8.279 1 -6.944 -8.229000000000001 1 -6.994 -8.229000000000001 1 -6.494 -8.279 0 -6.444 -8.279 0 -6.444 -8.229000000000001 0 -6.494 -8.229000000000001 0 -6.494 -8.279 1 -6.444 -8.279 1 -6.444 -8.229000000000001 1 -6.494 -8.229000000000001 1 -6.244 -8.279 0 -6.194 -8.279 0 -6.194 -8.229000000000001 0 -6.244 -8.229000000000001 0 -6.244 -8.279 1 -6.194 -8.279 1 -6.194 -8.229000000000001 1 -6.244 -8.229000000000001 1 -6.093999999999999 -8.279 0 -6.044 -8.279 0 -6.044 -8.229000000000001 0 -6.093999999999999 -8.229000000000001 0 -6.093999999999999 -8.279 1 -6.044 -8.279 1 -6.044 -8.229000000000001 1 -6.093999999999999 -8.229000000000001 1 -5.944 -8.279 0 -5.843999999999999 -8.279 0 -5.843999999999999 -8.229000000000001 0 -5.944 -8.229000000000001 0 -5.944 -8.279 1 -5.843999999999999 -8.279 1 -5.843999999999999 -8.229000000000001 1 -5.944 -8.229000000000001 1 -5.794 -8.279 0 -5.093999999999999 -8.279 0 -5.093999999999999 -8.229000000000001 0 -5.794 -8.229000000000001 0 -5.794 -8.279 1 -5.093999999999999 -8.279 1 -5.093999999999999 -8.229000000000001 1 -5.794 -8.229000000000001 1 -1.5939999999999994 -8.279 0 -1.3940000000000001 -8.279 0 -1.3940000000000001 -8.229000000000001 0 -1.5939999999999994 -8.229000000000001 0 -1.5939999999999994 -8.279 1 -1.3940000000000001 -8.279 1 -1.3940000000000001 -8.229000000000001 1 -1.5939999999999994 -8.229000000000001 1 -12.744 -8.329 0 -12.644 -8.329 0 -12.644 -8.279 0 -12.744 -8.279 0 -12.744 -8.329 1 -12.644 -8.329 1 -12.644 -8.279 1 -12.744 -8.279 1 -10.894 -8.329 0 -10.744 -8.329 0 -10.744 -8.279 0 -10.894 -8.279 0 -10.894 -8.329 1 -10.744 -8.329 1 -10.744 -8.279 1 -10.894 -8.279 1 -9.394 -8.329 0 -8.943999999999999 -8.329 0 -8.943999999999999 -8.279 0 -9.394 -8.279 0 -9.394 -8.329 1 -8.943999999999999 -8.329 1 -8.943999999999999 -8.279 1 -9.394 -8.279 1 -8.394 -8.329 0 -8.244 -8.329 0 -8.244 -8.279 0 -8.394 -8.279 0 -8.394 -8.329 1 -8.244 -8.329 1 -8.244 -8.279 1 -8.394 -8.279 1 -7.694 -8.329 0 -7.644 -8.329 0 -7.644 -8.279 0 -7.694 -8.279 0 -7.694 -8.329 1 -7.644 -8.329 1 -7.644 -8.279 1 -7.694 -8.279 1 -7.593999999999999 -8.329 0 -7.444 -8.329 0 -7.444 -8.279 0 -7.593999999999999 -8.279 0 -7.593999999999999 -8.329 1 -7.444 -8.329 1 -7.444 -8.279 1 -7.593999999999999 -8.279 1 -7.294 -8.329 0 -7.044 -8.329 0 -7.044 -8.279 0 -7.294 -8.279 0 -7.294 -8.329 1 -7.044 -8.329 1 -7.044 -8.279 1 -7.294 -8.279 1 -6.593999999999999 -8.329 0 -6.544 -8.329 0 -6.544 -8.279 0 -6.593999999999999 -8.279 0 -6.593999999999999 -8.329 1 -6.544 -8.329 1 -6.544 -8.279 1 -6.593999999999999 -8.279 1 -6.294 -8.329 0 -6.244 -8.329 0 -6.244 -8.279 0 -6.294 -8.279 0 -6.294 -8.329 1 -6.244 -8.329 1 -6.244 -8.279 1 -6.294 -8.279 1 -5.994 -8.329 0 -5.0440000000000005 -8.329 0 -5.0440000000000005 -8.279 0 -5.994 -8.279 0 -5.994 -8.329 1 -5.0440000000000005 -8.329 1 -5.0440000000000005 -8.279 1 -5.994 -8.279 1 -2.144 -8.329 0 -2.0939999999999994 -8.329 0 -2.0939999999999994 -8.279 0 -2.144 -8.279 0 -2.144 -8.329 1 -2.0939999999999994 -8.329 1 -2.0939999999999994 -8.279 1 -2.144 -8.279 1 -1.6440000000000001 -8.329 0 -1.3940000000000001 -8.329 0 -1.3940000000000001 -8.279 0 -1.6440000000000001 -8.279 0 -1.6440000000000001 -8.329 1 -1.3940000000000001 -8.329 1 -1.3940000000000001 -8.279 1 -1.6440000000000001 -8.279 1 -12.744 -8.379000000000001 0 -12.694 -8.379000000000001 0 -12.694 -8.329 0 -12.744 -8.329 0 -12.744 -8.379000000000001 1 -12.694 -8.379000000000001 1 -12.694 -8.329 1 -12.744 -8.329 1 -10.294 -8.379000000000001 0 -10.244 -8.379000000000001 0 -10.244 -8.329 0 -10.294 -8.329 0 -10.294 -8.379000000000001 1 -10.244 -8.379000000000001 1 -10.244 -8.329 1 -10.294 -8.329 1 -9.544 -8.379000000000001 0 -9.494 -8.379000000000001 0 -9.494 -8.329 0 -9.544 -8.329 0 -9.544 -8.379000000000001 1 -9.494 -8.379000000000001 1 -9.494 -8.329 1 -9.544 -8.329 1 -9.193999999999999 -8.379000000000001 0 -9.144 -8.379000000000001 0 -9.144 -8.329 0 -9.193999999999999 -8.329 0 -9.193999999999999 -8.379000000000001 1 -9.144 -8.379000000000001 1 -9.144 -8.329 1 -9.193999999999999 -8.329 1 -9.094000000000001 -8.379000000000001 0 -8.994 -8.379000000000001 0 -8.994 -8.329 0 -9.094000000000001 -8.329 0 -9.094000000000001 -8.379000000000001 1 -8.994 -8.379000000000001 1 -8.994 -8.329 1 -9.094000000000001 -8.329 1 -8.294 -8.379000000000001 0 -8.244 -8.379000000000001 0 -8.244 -8.329 0 -8.294 -8.329 0 -8.294 -8.379000000000001 1 -8.244 -8.379000000000001 1 -8.244 -8.329 1 -8.294 -8.329 1 -8.193999999999999 -8.379000000000001 0 -7.994 -8.379000000000001 0 -7.994 -8.279 0 -8.193999999999999 -8.279 0 -8.193999999999999 -8.379000000000001 1 -7.994 -8.379000000000001 1 -7.994 -8.279 1 -8.193999999999999 -8.279 1 -7.894 -8.379000000000001 0 -7.843999999999999 -8.379000000000001 0 -7.843999999999999 -8.329 0 -7.894 -8.329 0 -7.894 -8.379000000000001 1 -7.843999999999999 -8.379000000000001 1 -7.843999999999999 -8.329 1 -7.894 -8.329 1 -7.744 -8.379000000000001 0 -7.694 -8.379000000000001 0 -7.694 -8.329 0 -7.744 -8.329 0 -7.744 -8.379000000000001 1 -7.694 -8.379000000000001 1 -7.694 -8.329 1 -7.744 -8.329 1 -7.644 -8.379000000000001 0 -7.494 -8.379000000000001 0 -7.494 -8.329 0 -7.644 -8.329 0 -7.644 -8.379000000000001 1 -7.494 -8.379000000000001 1 -7.494 -8.329 1 -7.644 -8.329 1 -7.194 -8.379000000000001 0 -7.093999999999999 -8.379000000000001 0 -7.093999999999999 -8.329 0 -7.194 -8.329 0 -7.194 -8.379000000000001 1 -7.093999999999999 -8.379000000000001 1 -7.093999999999999 -8.329 1 -7.194 -8.329 1 -6.444 -8.379000000000001 0 -6.394 -8.379000000000001 0 -6.394 -8.329 0 -6.444 -8.329 0 -6.444 -8.379000000000001 1 -6.394 -8.379000000000001 1 -6.394 -8.329 1 -6.444 -8.329 1 -6.044 -8.379000000000001 0 -5.0440000000000005 -8.379000000000001 0 -5.0440000000000005 -8.329 0 -6.044 -8.329 0 -6.044 -8.379000000000001 1 -5.0440000000000005 -8.379000000000001 1 -5.0440000000000005 -8.329 1 -6.044 -8.329 1 -1.693999999999999 -8.379000000000001 0 -1.6440000000000001 -8.379000000000001 0 -1.6440000000000001 -8.329 0 -1.693999999999999 -8.329 0 -1.693999999999999 -8.379000000000001 1 -1.6440000000000001 -8.379000000000001 1 -1.6440000000000001 -8.329 1 -1.693999999999999 -8.329 1 -1.5939999999999994 -8.379000000000001 0 -1.443999999999999 -8.379000000000001 0 -1.443999999999999 -8.329 0 -1.5939999999999994 -8.329 0 -1.5939999999999994 -8.379000000000001 1 -1.443999999999999 -8.379000000000001 1 -1.443999999999999 -8.329 1 -1.5939999999999994 -8.329 1 -12.694 -8.429 0 -12.644 -8.429 0 -12.644 -8.379000000000001 0 -12.694 -8.379000000000001 0 -12.694 -8.429 1 -12.644 -8.429 1 -12.644 -8.379000000000001 1 -12.694 -8.379000000000001 1 -9.994 -8.429 0 -9.943999999999999 -8.429 0 -9.943999999999999 -8.329 0 -9.994 -8.329 0 -9.994 -8.429 1 -9.943999999999999 -8.429 1 -9.943999999999999 -8.329 1 -9.994 -8.329 1 -9.894 -8.429 0 -9.844 -8.429 0 -9.844 -8.379000000000001 0 -9.894 -8.379000000000001 0 -9.894 -8.429 1 -9.844 -8.429 1 -9.844 -8.379000000000001 1 -9.894 -8.379000000000001 1 -9.193999999999999 -8.429 0 -9.094000000000001 -8.429 0 -9.094000000000001 -8.379000000000001 0 -9.193999999999999 -8.379000000000001 0 -9.193999999999999 -8.429 1 -9.094000000000001 -8.429 1 -9.094000000000001 -8.379000000000001 1 -9.193999999999999 -8.379000000000001 1 -9.044 -8.429 0 -8.894 -8.429 0 -8.894 -8.379000000000001 0 -9.044 -8.379000000000001 0 -9.044 -8.429 1 -8.894 -8.429 1 -8.894 -8.379000000000001 1 -9.044 -8.379000000000001 1 -8.844000000000001 -8.429 0 -8.744 -8.429 0 -8.744 -8.329 0 -8.844000000000001 -8.329 0 -8.844000000000001 -8.429 1 -8.744 -8.429 1 -8.744 -8.329 1 -8.844000000000001 -8.329 1 -8.443999999999999 -8.429 0 -8.294 -8.429 0 -8.294 -8.379000000000001 0 -8.443999999999999 -8.379000000000001 0 -8.443999999999999 -8.429 1 -8.294 -8.429 1 -8.294 -8.379000000000001 1 -8.443999999999999 -8.379000000000001 1 -8.244 -8.429 0 -8.193999999999999 -8.429 0 -8.193999999999999 -8.379000000000001 0 -8.244 -8.379000000000001 0 -8.244 -8.429 1 -8.193999999999999 -8.429 1 -8.193999999999999 -8.379000000000001 1 -8.244 -8.379000000000001 1 -8.044 -8.429 0 -7.994 -8.429 0 -7.994 -8.379000000000001 0 -8.044 -8.379000000000001 0 -8.044 -8.429 1 -7.994 -8.429 1 -7.994 -8.379000000000001 1 -8.044 -8.379000000000001 1 -7.644 -8.429 0 -7.544 -8.429 0 -7.544 -8.379000000000001 0 -7.644 -8.379000000000001 0 -7.644 -8.429 1 -7.544 -8.429 1 -7.544 -8.379000000000001 1 -7.644 -8.379000000000001 1 -7.194 -8.429 0 -7.144 -8.429 0 -7.144 -8.379000000000001 0 -7.194 -8.379000000000001 0 -7.194 -8.429 1 -7.144 -8.429 1 -7.144 -8.379000000000001 1 -7.194 -8.379000000000001 1 -7.093999999999999 -8.429 0 -7.044 -8.429 0 -7.044 -8.379000000000001 0 -7.093999999999999 -8.379000000000001 0 -7.093999999999999 -8.429 1 -7.044 -8.429 1 -7.044 -8.379000000000001 1 -7.093999999999999 -8.379000000000001 1 -6.944 -8.429 0 -6.894 -8.429 0 -6.894 -8.379000000000001 0 -6.944 -8.379000000000001 0 -6.944 -8.429 1 -6.894 -8.429 1 -6.894 -8.379000000000001 1 -6.944 -8.379000000000001 1 -6.244 -8.429 0 -6.194 -8.429 0 -6.194 -8.379000000000001 0 -6.244 -8.379000000000001 0 -6.244 -8.429 1 -6.194 -8.429 1 -6.194 -8.379000000000001 1 -6.244 -8.379000000000001 1 -5.944 -8.429 0 -5.694 -8.429 0 -5.694 -8.379000000000001 0 -5.944 -8.379000000000001 0 -5.944 -8.429 1 -5.694 -8.429 1 -5.694 -8.379000000000001 1 -5.944 -8.379000000000001 1 -5.644 -8.429 0 -4.943999999999999 -8.429 0 -4.943999999999999 -8.379000000000001 0 -5.644 -8.379000000000001 0 -5.644 -8.429 1 -4.943999999999999 -8.429 1 -4.943999999999999 -8.379000000000001 1 -5.644 -8.379000000000001 1 -2.144 -8.429 0 -2.0939999999999994 -8.429 0 -2.0939999999999994 -8.379000000000001 0 -2.144 -8.379000000000001 0 -2.144 -8.429 1 -2.0939999999999994 -8.429 1 -2.0939999999999994 -8.379000000000001 1 -2.144 -8.379000000000001 1 -1.6440000000000001 -8.429 0 -1.443999999999999 -8.429 0 -1.443999999999999 -8.379000000000001 0 -1.6440000000000001 -8.379000000000001 0 -1.6440000000000001 -8.429 1 -1.443999999999999 -8.429 1 -1.443999999999999 -8.379000000000001 1 -1.6440000000000001 -8.379000000000001 1 -12.794 -8.479000000000001 0 -12.744 -8.479000000000001 0 -12.744 -8.379000000000001 0 -12.794 -8.379000000000001 0 -12.794 -8.479000000000001 1 -12.744 -8.479000000000001 1 -12.744 -8.379000000000001 1 -12.794 -8.379000000000001 1 -10.844 -8.479000000000001 0 -10.644 -8.479000000000001 0 -10.644 -8.329 0 -10.844 -8.329 0 -10.844 -8.479000000000001 1 -10.644 -8.479000000000001 1 -10.644 -8.329 1 -10.844 -8.329 1 -10.144 -8.479000000000001 0 -10.094 -8.479000000000001 0 -10.094 -8.429 0 -10.144 -8.429 0 -10.144 -8.479000000000001 1 -10.094 -8.479000000000001 1 -10.094 -8.429 1 -10.144 -8.429 1 -8.994 -8.479000000000001 0 -8.943999999999999 -8.479000000000001 0 -8.943999999999999 -8.429 0 -8.994 -8.429 0 -8.994 -8.479000000000001 1 -8.943999999999999 -8.479000000000001 1 -8.943999999999999 -8.429 1 -8.994 -8.429 1 -8.894 -8.479000000000001 0 -8.844000000000001 -8.479000000000001 0 -8.844000000000001 -8.429 0 -8.894 -8.429 0 -8.894 -8.479000000000001 1 -8.844000000000001 -8.479000000000001 1 -8.844000000000001 -8.429 1 -8.894 -8.429 1 -8.744 -8.479000000000001 0 -8.644 -8.479000000000001 0 -8.644 -8.429 0 -8.744 -8.429 0 -8.744 -8.479000000000001 1 -8.644 -8.479000000000001 1 -8.644 -8.429 1 -8.744 -8.429 1 -8.494 -8.479000000000001 0 -8.443999999999999 -8.479000000000001 0 -8.443999999999999 -8.429 0 -8.494 -8.429 0 -8.494 -8.479000000000001 1 -8.443999999999999 -8.479000000000001 1 -8.443999999999999 -8.429 1 -8.494 -8.429 1 -8.394 -8.479000000000001 0 -8.244 -8.479000000000001 0 -8.244 -8.429 0 -8.394 -8.429 0 -8.394 -8.479000000000001 1 -8.244 -8.479000000000001 1 -8.244 -8.429 1 -8.394 -8.429 1 -8.044 -8.479000000000001 0 -7.744 -8.479000000000001 0 -7.744 -8.429 0 -8.044 -8.429 0 -8.044 -8.479000000000001 1 -7.744 -8.479000000000001 1 -7.744 -8.429 1 -8.044 -8.429 1 -7.694 -8.479000000000001 0 -7.593999999999999 -8.479000000000001 0 -7.593999999999999 -8.429 0 -7.694 -8.429 0 -7.694 -8.479000000000001 1 -7.593999999999999 -8.479000000000001 1 -7.593999999999999 -8.429 1 -7.694 -8.429 1 -7.544 -8.479000000000001 0 -7.394 -8.479000000000001 0 -7.394 -8.429 0 -7.544 -8.429 0 -7.544 -8.479000000000001 1 -7.394 -8.479000000000001 1 -7.394 -8.429 1 -7.544 -8.429 1 -7.294 -8.479000000000001 0 -7.244 -8.479000000000001 0 -7.244 -8.429 0 -7.294 -8.429 0 -7.294 -8.479000000000001 1 -7.244 -8.479000000000001 1 -7.244 -8.429 1 -7.294 -8.429 1 -6.894 -8.479000000000001 0 -6.843999999999999 -8.479000000000001 0 -6.843999999999999 -8.429 0 -6.894 -8.429 0 -6.894 -8.479000000000001 1 -6.843999999999999 -8.479000000000001 1 -6.843999999999999 -8.429 1 -6.894 -8.429 1 -6.644 -8.479000000000001 0 -6.593999999999999 -8.479000000000001 0 -6.593999999999999 -8.429 0 -6.644 -8.429 0 -6.644 -8.479000000000001 1 -6.593999999999999 -8.479000000000001 1 -6.593999999999999 -8.429 1 -6.644 -8.429 1 -5.894 -8.479000000000001 0 -5.843999999999999 -8.479000000000001 0 -5.843999999999999 -8.429 0 -5.894 -8.429 0 -5.894 -8.479000000000001 1 -5.843999999999999 -8.479000000000001 1 -5.843999999999999 -8.429 1 -5.894 -8.429 1 -5.794 -8.479000000000001 0 -5.744 -8.479000000000001 0 -5.744 -8.429 0 -5.794 -8.429 0 -5.794 -8.479000000000001 1 -5.744 -8.479000000000001 1 -5.744 -8.429 1 -5.794 -8.429 1 -5.644 -8.479000000000001 0 -5.494 -8.479000000000001 0 -5.494 -8.429 0 -5.644 -8.429 0 -5.644 -8.479000000000001 1 -5.494 -8.479000000000001 1 -5.494 -8.429 1 -5.644 -8.429 1 -5.444 -8.479000000000001 0 -4.994 -8.479000000000001 0 -4.994 -8.429 0 -5.444 -8.429 0 -5.444 -8.479000000000001 1 -4.994 -8.479000000000001 1 -4.994 -8.429 1 -5.444 -8.429 1 -1.8439999999999994 -8.479000000000001 0 -1.7939999999999987 -8.479000000000001 0 -1.7939999999999987 -8.429 0 -1.8439999999999994 -8.429 0 -1.8439999999999994 -8.479000000000001 1 -1.7939999999999987 -8.479000000000001 1 -1.7939999999999987 -8.429 1 -1.8439999999999994 -8.429 1 -1.7439999999999998 -8.479000000000001 0 -1.443999999999999 -8.479000000000001 0 -1.443999999999999 -8.429 0 -1.7439999999999998 -8.429 0 -1.7439999999999998 -8.479000000000001 1 -1.443999999999999 -8.479000000000001 1 -1.443999999999999 -8.429 1 -1.7439999999999998 -8.429 1 -12.744 -8.529 0 -12.694 -8.529 0 -12.694 -8.479000000000001 0 -12.744 -8.479000000000001 0 -12.744 -8.529 1 -12.694 -8.529 1 -12.694 -8.479000000000001 1 -12.744 -8.479000000000001 1 -9.193999999999999 -8.529 0 -9.144 -8.529 0 -9.144 -8.479000000000001 0 -9.193999999999999 -8.479000000000001 0 -9.193999999999999 -8.529 1 -9.144 -8.529 1 -9.144 -8.479000000000001 1 -9.193999999999999 -8.479000000000001 1 -9.094000000000001 -8.529 0 -9.044 -8.529 0 -9.044 -8.429 0 -9.094000000000001 -8.429 0 -9.094000000000001 -8.529 1 -9.044 -8.529 1 -9.044 -8.429 1 -9.094000000000001 -8.429 1 -8.994 -8.529 0 -8.894 -8.529 0 -8.894 -8.479000000000001 0 -8.994 -8.479000000000001 0 -8.994 -8.529 1 -8.894 -8.529 1 -8.894 -8.479000000000001 1 -8.994 -8.479000000000001 1 -8.844000000000001 -8.529 0 -8.594 -8.529 0 -8.594 -8.479000000000001 0 -8.844000000000001 -8.479000000000001 0 -8.844000000000001 -8.529 1 -8.594 -8.529 1 -8.594 -8.479000000000001 1 -8.844000000000001 -8.479000000000001 1 -8.344 -8.529 0 -8.244 -8.529 0 -8.244 -8.479000000000001 0 -8.344 -8.479000000000001 0 -8.344 -8.529 1 -8.244 -8.529 1 -8.244 -8.479000000000001 1 -8.344 -8.479000000000001 1 -8.144 -8.529 0 -8.094 -8.529 0 -8.094 -8.479000000000001 0 -8.144 -8.479000000000001 0 -8.144 -8.529 1 -8.094 -8.529 1 -8.094 -8.479000000000001 1 -8.144 -8.479000000000001 1 -8.044 -8.529 0 -7.794 -8.529 0 -7.794 -8.479000000000001 0 -8.044 -8.479000000000001 0 -8.044 -8.529 1 -7.794 -8.529 1 -7.794 -8.479000000000001 1 -8.044 -8.479000000000001 1 -7.744 -8.529 0 -7.394 -8.529 0 -7.394 -8.479000000000001 0 -7.744 -8.479000000000001 0 -7.744 -8.529 1 -7.394 -8.529 1 -7.394 -8.479000000000001 1 -7.744 -8.479000000000001 1 -5.694 -8.529 0 -5.593999999999999 -8.529 0 -5.593999999999999 -8.479000000000001 0 -5.694 -8.479000000000001 0 -5.694 -8.529 1 -5.593999999999999 -8.529 1 -5.593999999999999 -8.479000000000001 1 -5.694 -8.479000000000001 1 -5.544 -8.529 0 -5.494 -8.529 0 -5.494 -8.479000000000001 0 -5.544 -8.479000000000001 0 -5.544 -8.529 1 -5.494 -8.529 1 -5.494 -8.479000000000001 1 -5.544 -8.479000000000001 1 -5.444 -8.529 0 -5.093999999999999 -8.529 0 -5.093999999999999 -8.479000000000001 0 -5.444 -8.479000000000001 0 -5.444 -8.529 1 -5.093999999999999 -8.529 1 -5.093999999999999 -8.479000000000001 1 -5.444 -8.479000000000001 1 -5.0440000000000005 -8.529 0 -4.843999999999999 -8.529 0 -4.843999999999999 -8.479000000000001 0 -5.0440000000000005 -8.479000000000001 0 -5.0440000000000005 -8.529 1 -4.843999999999999 -8.529 1 -4.843999999999999 -8.479000000000001 1 -5.0440000000000005 -8.479000000000001 1 -1.7939999999999987 -8.529 0 -1.4939999999999998 -8.529 0 -1.4939999999999998 -8.479000000000001 0 -1.7939999999999987 -8.479000000000001 0 -1.7939999999999987 -8.529 1 -1.4939999999999998 -8.529 1 -1.4939999999999998 -8.479000000000001 1 -1.7939999999999987 -8.479000000000001 1 -1.443999999999999 -8.529 0 -1.3940000000000001 -8.529 0 -1.3940000000000001 -8.479000000000001 0 -1.443999999999999 -8.479000000000001 0 -1.443999999999999 -8.529 1 -1.3940000000000001 -8.529 1 -1.3940000000000001 -8.479000000000001 1 -1.443999999999999 -8.479000000000001 1 -9.494 -8.579 0 -9.443999999999999 -8.579 0 -9.443999999999999 -8.429 0 -9.494 -8.429 0 -9.494 -8.579 1 -9.443999999999999 -8.579 1 -9.443999999999999 -8.429 1 -9.494 -8.429 1 -9.193999999999999 -8.579 0 -8.943999999999999 -8.579 0 -8.943999999999999 -8.529 0 -9.193999999999999 -8.529 0 -9.193999999999999 -8.579 1 -8.943999999999999 -8.579 1 -8.943999999999999 -8.529 1 -9.193999999999999 -8.529 1 -8.894 -8.579 0 -8.794 -8.579 0 -8.794 -8.529 0 -8.894 -8.529 0 -8.894 -8.579 1 -8.794 -8.579 1 -8.794 -8.529 1 -8.894 -8.529 1 -8.744 -8.579 0 -8.693999999999999 -8.579 0 -8.693999999999999 -8.529 0 -8.744 -8.529 0 -8.744 -8.579 1 -8.693999999999999 -8.579 1 -8.693999999999999 -8.529 1 -8.744 -8.529 1 -8.644 -8.579 0 -8.494 -8.579 0 -8.494 -8.529 0 -8.644 -8.529 0 -8.644 -8.579 1 -8.494 -8.579 1 -8.494 -8.529 1 -8.644 -8.529 1 -8.443999999999999 -8.579 0 -8.394 -8.579 0 -8.394 -8.479000000000001 0 -8.443999999999999 -8.479000000000001 0 -8.443999999999999 -8.579 1 -8.394 -8.579 1 -8.394 -8.479000000000001 1 -8.443999999999999 -8.479000000000001 1 -8.094 -8.579 0 -8.044 -8.579 0 -8.044 -8.529 0 -8.094 -8.529 0 -8.094 -8.579 1 -8.044 -8.579 1 -8.044 -8.529 1 -8.094 -8.529 1 -7.994 -8.579 0 -7.343999999999999 -8.579 0 -7.343999999999999 -8.529 0 -7.994 -8.529 0 -7.994 -8.579 1 -7.343999999999999 -8.579 1 -7.343999999999999 -8.529 1 -7.994 -8.529 1 -7.294 -8.579 0 -7.244 -8.579 0 -7.244 -8.529 0 -7.294 -8.529 0 -7.294 -8.579 1 -7.244 -8.579 1 -7.244 -8.529 1 -7.294 -8.529 1 -7.194 -8.579 0 -7.144 -8.579 0 -7.144 -8.529 0 -7.194 -8.529 0 -7.194 -8.579 1 -7.144 -8.579 1 -7.144 -8.529 1 -7.194 -8.529 1 -5.843999999999999 -8.579 0 -5.794 -8.579 0 -5.794 -8.479000000000001 0 -5.843999999999999 -8.479000000000001 0 -5.843999999999999 -8.579 1 -5.794 -8.579 1 -5.794 -8.479000000000001 1 -5.843999999999999 -8.479000000000001 1 -5.444 -8.579 0 -4.943999999999999 -8.579 0 -4.943999999999999 -8.529 0 -5.444 -8.529 0 -5.444 -8.579 1 -4.943999999999999 -8.579 1 -4.943999999999999 -8.529 1 -5.444 -8.529 1 -4.843999999999999 -8.579 0 -4.593999999999999 -8.579 0 -4.593999999999999 -8.529 0 -4.843999999999999 -8.529 0 -4.843999999999999 -8.579 1 -4.593999999999999 -8.579 1 -4.593999999999999 -8.529 1 -4.843999999999999 -8.529 1 -9.443999999999999 -8.629000000000001 0 -9.394 -8.629000000000001 0 -9.394 -8.579 0 -9.443999999999999 -8.579 0 -9.443999999999999 -8.629000000000001 1 -9.394 -8.629000000000001 1 -9.394 -8.579 1 -9.443999999999999 -8.579 1 -9.294 -8.629000000000001 0 -9.193999999999999 -8.629000000000001 0 -9.193999999999999 -8.579 0 -9.294 -8.579 0 -9.294 -8.629000000000001 1 -9.193999999999999 -8.629000000000001 1 -9.193999999999999 -8.579 1 -9.294 -8.579 1 -9.094000000000001 -8.629000000000001 0 -8.844000000000001 -8.629000000000001 0 -8.844000000000001 -8.579 0 -9.094000000000001 -8.579 0 -9.094000000000001 -8.629000000000001 1 -8.844000000000001 -8.629000000000001 1 -8.844000000000001 -8.579 1 -9.094000000000001 -8.579 1 -8.594 -8.629000000000001 0 -8.394 -8.629000000000001 0 -8.394 -8.579 0 -8.594 -8.579 0 -8.594 -8.629000000000001 1 -8.394 -8.629000000000001 1 -8.394 -8.579 1 -8.594 -8.579 1 -8.193999999999999 -8.629000000000001 0 -8.144 -8.629000000000001 0 -8.144 -8.579 0 -8.193999999999999 -8.579 0 -8.193999999999999 -8.629000000000001 1 -8.144 -8.629000000000001 1 -8.144 -8.579 1 -8.193999999999999 -8.579 1 -7.894 -8.629000000000001 0 -7.244 -8.629000000000001 0 -7.244 -8.579 0 -7.894 -8.579 0 -7.894 -8.629000000000001 1 -7.244 -8.629000000000001 1 -7.244 -8.579 1 -7.894 -8.579 1 -6.744 -8.629000000000001 0 -6.694 -8.629000000000001 0 -6.694 -8.529 0 -6.744 -8.529 0 -6.744 -8.629000000000001 1 -6.694 -8.629000000000001 1 -6.694 -8.529 1 -6.744 -8.529 1 -6.644 -8.629000000000001 0 -6.593999999999999 -8.629000000000001 0 -6.593999999999999 -8.579 0 -6.644 -8.579 0 -6.644 -8.629000000000001 1 -6.593999999999999 -8.629000000000001 1 -6.593999999999999 -8.579 1 -6.644 -8.579 1 -6.494 -8.629000000000001 0 -6.444 -8.629000000000001 0 -6.444 -8.579 0 -6.494 -8.579 0 -6.494 -8.629000000000001 1 -6.444 -8.629000000000001 1 -6.444 -8.579 1 -6.494 -8.579 1 -5.394 -8.629000000000001 0 -5.244 -8.629000000000001 0 -5.244 -8.579 0 -5.394 -8.579 0 -5.394 -8.629000000000001 1 -5.244 -8.629000000000001 1 -5.244 -8.579 1 -5.394 -8.579 1 -5.193999999999999 -8.629000000000001 0 -4.943999999999999 -8.629000000000001 0 -4.943999999999999 -8.579 0 -5.193999999999999 -8.579 0 -5.193999999999999 -8.629000000000001 1 -4.943999999999999 -8.629000000000001 1 -4.943999999999999 -8.579 1 -5.193999999999999 -8.579 1 -4.843999999999999 -8.629000000000001 0 -4.494 -8.629000000000001 0 -4.494 -8.579 0 -4.843999999999999 -8.579 0 -4.843999999999999 -8.629000000000001 1 -4.494 -8.629000000000001 1 -4.494 -8.579 1 -4.843999999999999 -8.579 1 -2.2439999999999998 -8.629000000000001 0 -2.193999999999999 -8.629000000000001 0 -2.193999999999999 -8.579 0 -2.2439999999999998 -8.579 0 -2.2439999999999998 -8.629000000000001 1 -2.193999999999999 -8.629000000000001 1 -2.193999999999999 -8.579 1 -2.2439999999999998 -8.579 1 -1.8439999999999994 -8.629000000000001 0 -1.5439999999999987 -8.629000000000001 0 -1.5439999999999987 -8.529 0 -1.8439999999999994 -8.529 0 -1.8439999999999994 -8.629000000000001 1 -1.5439999999999987 -8.629000000000001 1 -1.5439999999999987 -8.529 1 -1.8439999999999994 -8.529 1 -12.944 -8.679 0 -12.894 -8.679 0 -12.894 -8.629000000000001 0 -12.944 -8.629000000000001 0 -12.944 -8.679 1 -12.894 -8.679 1 -12.894 -8.629000000000001 1 -12.944 -8.629000000000001 1 -9.544 -8.679 0 -9.443999999999999 -8.679 0 -9.443999999999999 -8.629000000000001 0 -9.544 -8.629000000000001 0 -9.544 -8.679 1 -9.443999999999999 -8.679 1 -9.443999999999999 -8.629000000000001 1 -9.544 -8.629000000000001 1 -9.244 -8.679 0 -9.144 -8.679 0 -9.144 -8.629000000000001 0 -9.244 -8.629000000000001 0 -9.244 -8.679 1 -9.144 -8.679 1 -9.144 -8.629000000000001 1 -9.244 -8.629000000000001 1 -9.094000000000001 -8.679 0 -8.894 -8.679 0 -8.894 -8.629000000000001 0 -9.094000000000001 -8.629000000000001 0 -9.094000000000001 -8.679 1 -8.894 -8.679 1 -8.894 -8.629000000000001 1 -9.094000000000001 -8.629000000000001 1 -8.494 -8.679 0 -8.443999999999999 -8.679 0 -8.443999999999999 -8.629000000000001 0 -8.494 -8.629000000000001 0 -8.494 -8.679 1 -8.443999999999999 -8.679 1 -8.443999999999999 -8.629000000000001 1 -8.494 -8.629000000000001 1 -8.144 -8.679 0 -8.094 -8.679 0 -8.094 -8.629000000000001 0 -8.144 -8.629000000000001 0 -8.144 -8.679 1 -8.094 -8.679 1 -8.094 -8.629000000000001 1 -8.144 -8.629000000000001 1 -7.944 -8.679 0 -7.593999999999999 -8.679 0 -7.593999999999999 -8.629000000000001 0 -7.944 -8.629000000000001 0 -7.944 -8.679 1 -7.593999999999999 -8.679 1 -7.593999999999999 -8.629000000000001 1 -7.944 -8.629000000000001 1 -7.544 -8.679 0 -7.494 -8.679 0 -7.494 -8.629000000000001 0 -7.544 -8.629000000000001 0 -7.544 -8.679 1 -7.494 -8.679 1 -7.494 -8.629000000000001 1 -7.544 -8.629000000000001 1 -7.444 -8.679 0 -7.194 -8.679 0 -7.194 -8.629000000000001 0 -7.444 -8.629000000000001 0 -7.444 -8.679 1 -7.194 -8.679 1 -7.194 -8.629000000000001 1 -7.444 -8.629000000000001 1 -6.944 -8.679 0 -6.894 -8.679 0 -6.894 -8.629000000000001 0 -6.944 -8.629000000000001 0 -6.944 -8.679 1 -6.894 -8.679 1 -6.894 -8.629000000000001 1 -6.944 -8.629000000000001 1 -6.794 -8.679 0 -6.744 -8.679 0 -6.744 -8.629000000000001 0 -6.794 -8.629000000000001 0 -6.794 -8.679 1 -6.744 -8.679 1 -6.744 -8.629000000000001 1 -6.794 -8.629000000000001 1 -5.444 -8.679 0 -5.144 -8.679 0 -5.144 -8.629000000000001 0 -5.444 -8.629000000000001 0 -5.444 -8.679 1 -5.144 -8.679 1 -5.144 -8.629000000000001 1 -5.444 -8.629000000000001 1 -5.093999999999999 -8.679 0 -4.994 -8.679 0 -4.994 -8.629000000000001 0 -5.093999999999999 -8.629000000000001 0 -5.093999999999999 -8.679 1 -4.994 -8.679 1 -4.994 -8.629000000000001 1 -5.093999999999999 -8.629000000000001 1 -4.7940000000000005 -8.679 0 -4.443999999999999 -8.679 0 -4.443999999999999 -8.629000000000001 0 -4.7940000000000005 -8.629000000000001 0 -4.7940000000000005 -8.679 1 -4.443999999999999 -8.679 1 -4.443999999999999 -8.629000000000001 1 -4.7940000000000005 -8.629000000000001 1 -1.943999999999999 -8.679 0 -1.5439999999999987 -8.679 0 -1.5439999999999987 -8.629000000000001 0 -1.943999999999999 -8.629000000000001 0 -1.943999999999999 -8.679 1 -1.5439999999999987 -8.679 1 -1.5439999999999987 -8.629000000000001 1 -1.943999999999999 -8.629000000000001 1 -10.794 -8.729000000000001 0 -10.744 -8.729000000000001 0 -10.744 -8.679 0 -10.794 -8.679 0 -10.794 -8.729000000000001 1 -10.744 -8.729000000000001 1 -10.744 -8.679 1 -10.794 -8.679 1 -9.594 -8.729000000000001 0 -9.544 -8.729000000000001 0 -9.544 -8.679 0 -9.594 -8.679 0 -9.594 -8.729000000000001 1 -9.544 -8.729000000000001 1 -9.544 -8.679 1 -9.594 -8.679 1 -9.494 -8.729000000000001 0 -9.144 -8.729000000000001 0 -9.144 -8.679 0 -9.494 -8.679 0 -9.494 -8.729000000000001 1 -9.144 -8.729000000000001 1 -9.144 -8.679 1 -9.494 -8.679 1 -9.094000000000001 -8.729000000000001 0 -8.844000000000001 -8.729000000000001 0 -8.844000000000001 -8.679 0 -9.094000000000001 -8.679 0 -9.094000000000001 -8.729000000000001 1 -8.844000000000001 -8.729000000000001 1 -8.844000000000001 -8.679 1 -9.094000000000001 -8.679 1 -8.644 -8.729000000000001 0 -8.594 -8.729000000000001 0 -8.594 -8.679 0 -8.644 -8.679 0 -8.644 -8.729000000000001 1 -8.594 -8.729000000000001 1 -8.594 -8.679 1 -8.644 -8.679 1 -8.443999999999999 -8.729000000000001 0 -8.394 -8.729000000000001 0 -8.394 -8.679 0 -8.443999999999999 -8.679 0 -8.443999999999999 -8.729000000000001 1 -8.394 -8.729000000000001 1 -8.394 -8.679 1 -8.443999999999999 -8.679 1 -7.794 -8.729000000000001 0 -7.544 -8.729000000000001 0 -7.544 -8.679 0 -7.794 -8.679 0 -7.794 -8.729000000000001 1 -7.544 -8.729000000000001 1 -7.544 -8.679 1 -7.794 -8.679 1 -7.394 -8.729000000000001 0 -7.194 -8.729000000000001 0 -7.194 -8.679 0 -7.394 -8.679 0 -7.394 -8.729000000000001 1 -7.194 -8.729000000000001 1 -7.194 -8.679 1 -7.394 -8.679 1 -5.394 -8.729000000000001 0 -5.144 -8.729000000000001 0 -5.144 -8.679 0 -5.394 -8.679 0 -5.394 -8.729000000000001 1 -5.144 -8.729000000000001 1 -5.144 -8.679 1 -5.394 -8.679 1 -5.0440000000000005 -8.729000000000001 0 -4.943999999999999 -8.729000000000001 0 -4.943999999999999 -8.679 0 -5.0440000000000005 -8.679 0 -5.0440000000000005 -8.729000000000001 1 -4.943999999999999 -8.729000000000001 1 -4.943999999999999 -8.679 1 -5.0440000000000005 -8.679 1 -4.843999999999999 -8.729000000000001 0 -4.394 -8.729000000000001 0 -4.394 -8.679 0 -4.843999999999999 -8.679 0 -4.843999999999999 -8.729000000000001 1 -4.394 -8.729000000000001 1 -4.394 -8.679 1 -4.843999999999999 -8.679 1 -2.3439999999999994 -8.729000000000001 0 -2.2939999999999987 -8.729000000000001 0 -2.2939999999999987 -8.679 0 -2.3439999999999994 -8.679 0 -2.3439999999999994 -8.729000000000001 1 -2.2939999999999987 -8.729000000000001 1 -2.2939999999999987 -8.679 1 -2.3439999999999994 -8.679 1 -10.844 -8.779 0 -10.744 -8.779 0 -10.744 -8.729000000000001 0 -10.844 -8.729000000000001 0 -10.844 -8.779 1 -10.744 -8.779 1 -10.744 -8.729000000000001 1 -10.844 -8.729000000000001 1 -9.443999999999999 -8.779 0 -9.193999999999999 -8.779 0 -9.193999999999999 -8.729000000000001 0 -9.443999999999999 -8.729000000000001 0 -9.443999999999999 -8.779 1 -9.193999999999999 -8.779 1 -9.193999999999999 -8.729000000000001 1 -9.443999999999999 -8.729000000000001 1 -9.044 -8.779 0 -8.794 -8.779 0 -8.794 -8.729000000000001 0 -9.044 -8.729000000000001 0 -9.044 -8.779 1 -8.794 -8.779 1 -8.794 -8.729000000000001 1 -9.044 -8.729000000000001 1 -8.544 -8.779 0 -8.494 -8.779 0 -8.494 -8.729000000000001 0 -8.544 -8.729000000000001 0 -8.544 -8.779 1 -8.494 -8.779 1 -8.494 -8.729000000000001 1 -8.544 -8.729000000000001 1 -8.244 -8.779 0 -8.144 -8.779 0 -8.144 -8.729000000000001 0 -8.244 -8.729000000000001 0 -8.244 -8.779 1 -8.144 -8.779 1 -8.144 -8.729000000000001 1 -8.244 -8.729000000000001 1 -7.794 -8.779 0 -7.644 -8.779 0 -7.644 -8.729000000000001 0 -7.794 -8.729000000000001 0 -7.794 -8.779 1 -7.644 -8.779 1 -7.644 -8.729000000000001 1 -7.794 -8.729000000000001 1 -7.494 -8.779 0 -7.144 -8.779 0 -7.144 -8.729000000000001 0 -7.494 -8.729000000000001 0 -7.494 -8.779 1 -7.144 -8.779 1 -7.144 -8.729000000000001 1 -7.494 -8.729000000000001 1 -6.394 -8.779 0 -6.343999999999999 -8.779 0 -6.343999999999999 -8.729000000000001 0 -6.394 -8.729000000000001 0 -6.394 -8.779 1 -6.343999999999999 -8.779 1 -6.343999999999999 -8.729000000000001 1 -6.394 -8.729000000000001 1 -5.343999999999999 -8.779 0 -5.193999999999999 -8.779 0 -5.193999999999999 -8.729000000000001 0 -5.343999999999999 -8.729000000000001 0 -5.343999999999999 -8.779 1 -5.193999999999999 -8.779 1 -5.193999999999999 -8.729000000000001 1 -5.343999999999999 -8.729000000000001 1 -5.0440000000000005 -8.779 0 -4.994 -8.779 0 -4.994 -8.729000000000001 0 -5.0440000000000005 -8.729000000000001 0 -5.0440000000000005 -8.779 1 -4.994 -8.779 1 -4.994 -8.729000000000001 1 -5.0440000000000005 -8.729000000000001 1 -4.943999999999999 -8.779 0 -4.693999999999999 -8.779 0 -4.693999999999999 -8.729000000000001 0 -4.943999999999999 -8.729000000000001 0 -4.943999999999999 -8.779 1 -4.693999999999999 -8.779 1 -4.693999999999999 -8.729000000000001 1 -4.943999999999999 -8.729000000000001 1 -4.644 -8.779 0 -4.2940000000000005 -8.779 0 -4.2940000000000005 -8.729000000000001 0 -4.644 -8.729000000000001 0 -4.644 -8.779 1 -4.2940000000000005 -8.779 1 -4.2940000000000005 -8.729000000000001 1 -4.644 -8.729000000000001 1 -1.8940000000000001 -8.779 0 -1.5939999999999994 -8.779 0 -1.5939999999999994 -8.679 0 -1.8940000000000001 -8.679 0 -1.8940000000000001 -8.779 1 -1.5939999999999994 -8.779 1 -1.5939999999999994 -8.679 1 -1.8940000000000001 -8.679 1 -10.894 -8.829 0 -10.744 -8.829 0 -10.744 -8.779 0 -10.894 -8.779 0 -10.894 -8.829 1 -10.744 -8.829 1 -10.744 -8.779 1 -10.894 -8.779 1 -9.494 -8.829 0 -9.443999999999999 -8.829 0 -9.443999999999999 -8.779 0 -9.494 -8.779 0 -9.494 -8.829 1 -9.443999999999999 -8.829 1 -9.443999999999999 -8.779 1 -9.494 -8.779 1 -9.394 -8.829 0 -9.244 -8.829 0 -9.244 -8.779 0 -9.394 -8.779 0 -9.394 -8.829 1 -9.244 -8.829 1 -9.244 -8.779 1 -9.394 -8.779 1 -9.144 -8.829 0 -8.794 -8.829 0 -8.794 -8.779 0 -9.144 -8.779 0 -9.144 -8.829 1 -8.794 -8.829 1 -8.794 -8.779 1 -9.144 -8.779 1 -8.744 -8.829 0 -8.693999999999999 -8.829 0 -8.693999999999999 -8.729000000000001 0 -8.744 -8.729000000000001 0 -8.744 -8.829 1 -8.693999999999999 -8.829 1 -8.693999999999999 -8.729000000000001 1 -8.744 -8.729000000000001 1 -8.594 -8.829 0 -8.494 -8.829 0 -8.494 -8.779 0 -8.594 -8.779 0 -8.594 -8.829 1 -8.494 -8.829 1 -8.494 -8.779 1 -8.594 -8.779 1 -8.294 -8.829 0 -8.244 -8.829 0 -8.244 -8.779 0 -8.294 -8.779 0 -8.294 -8.829 1 -8.244 -8.829 1 -8.244 -8.779 1 -8.294 -8.779 1 -7.843999999999999 -8.829 0 -7.794 -8.829 0 -7.794 -8.779 0 -7.843999999999999 -8.779 0 -7.843999999999999 -8.829 1 -7.794 -8.829 1 -7.794 -8.779 1 -7.843999999999999 -8.779 1 -7.744 -8.829 0 -7.544 -8.829 0 -7.544 -8.779 0 -7.744 -8.779 0 -7.744 -8.829 1 -7.544 -8.829 1 -7.544 -8.779 1 -7.744 -8.779 1 -7.394 -8.829 0 -7.144 -8.829 0 -7.144 -8.779 0 -7.394 -8.779 0 -7.394 -8.829 1 -7.144 -8.829 1 -7.144 -8.779 1 -7.394 -8.779 1 -6.843999999999999 -8.829 0 -6.794 -8.829 0 -6.794 -8.779 0 -6.843999999999999 -8.779 0 -6.843999999999999 -8.829 1 -6.794 -8.829 1 -6.794 -8.779 1 -6.843999999999999 -8.779 1 -6.644 -8.829 0 -6.593999999999999 -8.829 0 -6.593999999999999 -8.779 0 -6.644 -8.779 0 -6.644 -8.829 1 -6.593999999999999 -8.829 1 -6.593999999999999 -8.779 1 -6.644 -8.779 1 -6.194 -8.829 0 -6.144 -8.829 0 -6.144 -8.729000000000001 0 -6.194 -8.729000000000001 0 -6.194 -8.829 1 -6.144 -8.829 1 -6.144 -8.729000000000001 1 -6.194 -8.729000000000001 1 -4.994 -8.829 0 -4.2940000000000005 -8.829 0 -4.2940000000000005 -8.779 0 -4.994 -8.779 0 -4.994 -8.829 1 -4.2940000000000005 -8.829 1 -4.2940000000000005 -8.779 1 -4.994 -8.779 1 -1.8439999999999994 -8.829 0 -1.6440000000000001 -8.829 0 -1.6440000000000001 -8.779 0 -1.8439999999999994 -8.779 0 -1.8439999999999994 -8.829 1 -1.6440000000000001 -8.829 1 -1.6440000000000001 -8.779 1 -1.8439999999999994 -8.779 1 -11.994 -8.879000000000001 0 -11.943999999999999 -8.879000000000001 0 -11.943999999999999 -8.829 0 -11.994 -8.829 0 -11.994 -8.879000000000001 1 -11.943999999999999 -8.879000000000001 1 -11.943999999999999 -8.829 1 -11.994 -8.829 1 -10.844 -8.879000000000001 0 -10.744 -8.879000000000001 0 -10.744 -8.829 0 -10.844 -8.829 0 -10.844 -8.879000000000001 1 -10.744 -8.879000000000001 1 -10.744 -8.829 1 -10.844 -8.829 1 -10.644 -8.879000000000001 0 -10.594 -8.879000000000001 0 -10.594 -8.829 0 -10.644 -8.829 0 -10.644 -8.879000000000001 1 -10.594 -8.879000000000001 1 -10.594 -8.829 1 -10.644 -8.829 1 -9.594 -8.879000000000001 0 -9.443999999999999 -8.879000000000001 0 -9.443999999999999 -8.829 0 -9.594 -8.829 0 -9.594 -8.879000000000001 1 -9.443999999999999 -8.879000000000001 1 -9.443999999999999 -8.829 1 -9.594 -8.829 1 -9.294 -8.879000000000001 0 -9.244 -8.879000000000001 0 -9.244 -8.829 0 -9.294 -8.829 0 -9.294 -8.879000000000001 1 -9.244 -8.879000000000001 1 -9.244 -8.829 1 -9.294 -8.829 1 -9.144 -8.879000000000001 0 -9.094000000000001 -8.879000000000001 0 -9.094000000000001 -8.829 0 -9.144 -8.829 0 -9.144 -8.879000000000001 1 -9.094000000000001 -8.879000000000001 1 -9.094000000000001 -8.829 1 -9.144 -8.829 1 -9.044 -8.879000000000001 0 -8.894 -8.879000000000001 0 -8.894 -8.829 0 -9.044 -8.829 0 -9.044 -8.879000000000001 1 -8.894 -8.879000000000001 1 -8.894 -8.829 1 -9.044 -8.829 1 -8.644 -8.879000000000001 0 -8.544 -8.879000000000001 0 -8.544 -8.829 0 -8.644 -8.829 0 -8.644 -8.879000000000001 1 -8.544 -8.879000000000001 1 -8.544 -8.829 1 -8.644 -8.829 1 -7.794 -8.879000000000001 0 -7.644 -8.879000000000001 0 -7.644 -8.829 0 -7.794 -8.829 0 -7.794 -8.879000000000001 1 -7.644 -8.879000000000001 1 -7.644 -8.829 1 -7.794 -8.829 1 -7.343999999999999 -8.879000000000001 0 -7.093999999999999 -8.879000000000001 0 -7.093999999999999 -8.829 0 -7.343999999999999 -8.829 0 -7.343999999999999 -8.879000000000001 1 -7.093999999999999 -8.879000000000001 1 -7.093999999999999 -8.829 1 -7.343999999999999 -8.829 1 -7.044 -8.879000000000001 0 -6.994 -8.879000000000001 0 -6.994 -8.829 0 -7.044 -8.829 0 -7.044 -8.879000000000001 1 -6.994 -8.879000000000001 1 -6.994 -8.829 1 -7.044 -8.829 1 -4.994 -8.879000000000001 0 -4.193999999999999 -8.879000000000001 0 -4.193999999999999 -8.829 0 -4.994 -8.829 0 -4.994 -8.879000000000001 1 -4.193999999999999 -8.879000000000001 1 -4.193999999999999 -8.829 1 -4.994 -8.829 1 -2.443999999999999 -8.879000000000001 0 -2.394 -8.879000000000001 0 -2.394 -8.829 0 -2.443999999999999 -8.829 0 -2.443999999999999 -8.879000000000001 1 -2.394 -8.879000000000001 1 -2.394 -8.829 1 -2.443999999999999 -8.829 1 -12.094 -8.929 0 -12.044 -8.929 0 -12.044 -8.879000000000001 0 -12.094 -8.879000000000001 0 -12.094 -8.929 1 -12.044 -8.929 1 -12.044 -8.879000000000001 1 -12.094 -8.879000000000001 1 -9.443999999999999 -8.929 0 -9.394 -8.929 0 -9.394 -8.879000000000001 0 -9.443999999999999 -8.879000000000001 0 -9.443999999999999 -8.929 1 -9.394 -8.929 1 -9.394 -8.879000000000001 1 -9.443999999999999 -8.879000000000001 1 -8.693999999999999 -8.929 0 -8.544 -8.929 0 -8.544 -8.879000000000001 0 -8.693999999999999 -8.879000000000001 0 -8.693999999999999 -8.929 1 -8.544 -8.929 1 -8.544 -8.879000000000001 1 -8.693999999999999 -8.879000000000001 1 -7.343999999999999 -8.929 0 -7.144 -8.929 0 -7.144 -8.879000000000001 0 -7.343999999999999 -8.879000000000001 0 -7.343999999999999 -8.929 1 -7.144 -8.929 1 -7.144 -8.879000000000001 1 -7.343999999999999 -8.879000000000001 1 -7.093999999999999 -8.929 0 -7.044 -8.929 0 -7.044 -8.879000000000001 0 -7.093999999999999 -8.879000000000001 0 -7.093999999999999 -8.929 1 -7.044 -8.929 1 -7.044 -8.879000000000001 1 -7.093999999999999 -8.879000000000001 1 -6.794 -8.929 0 -6.694 -8.929 0 -6.694 -8.879000000000001 0 -6.794 -8.879000000000001 0 -6.794 -8.929 1 -6.694 -8.929 1 -6.694 -8.879000000000001 1 -6.794 -8.879000000000001 1 -4.994 -8.929 0 -4.494 -8.929 0 -4.494 -8.879000000000001 0 -4.994 -8.879000000000001 0 -4.994 -8.929 1 -4.494 -8.929 1 -4.494 -8.879000000000001 1 -4.994 -8.879000000000001 1 -4.394 -8.929 0 -4.093999999999999 -8.929 0 -4.093999999999999 -8.879000000000001 0 -4.394 -8.879000000000001 0 -4.394 -8.929 1 -4.093999999999999 -8.929 1 -4.093999999999999 -8.879000000000001 1 -4.394 -8.879000000000001 1 -1.9939999999999998 -8.929 0 -1.693999999999999 -8.929 0 -1.693999999999999 -8.829 0 -1.9939999999999998 -8.829 0 -1.9939999999999998 -8.929 1 -1.693999999999999 -8.929 1 -1.693999999999999 -8.829 1 -1.9939999999999998 -8.829 1 -10.844 -8.979000000000001 0 -10.794 -8.979000000000001 0 -10.794 -8.879000000000001 0 -10.844 -8.879000000000001 0 -10.844 -8.979000000000001 1 -10.794 -8.979000000000001 1 -10.794 -8.879000000000001 1 -10.844 -8.879000000000001 1 -9.544 -8.979000000000001 0 -9.494 -8.979000000000001 0 -9.494 -8.929 0 -9.544 -8.929 0 -9.544 -8.979000000000001 1 -9.494 -8.979000000000001 1 -9.494 -8.929 1 -9.544 -8.929 1 -9.344000000000001 -8.979000000000001 0 -9.294 -8.979000000000001 0 -9.294 -8.929 0 -9.344000000000001 -8.929 0 -9.344000000000001 -8.979000000000001 1 -9.294 -8.979000000000001 1 -9.294 -8.929 1 -9.344000000000001 -8.929 1 -8.894 -8.979000000000001 0 -8.744 -8.979000000000001 0 -8.744 -8.929 0 -8.894 -8.929 0 -8.894 -8.979000000000001 1 -8.744 -8.979000000000001 1 -8.744 -8.929 1 -8.894 -8.929 1 -8.693999999999999 -8.979000000000001 0 -8.644 -8.979000000000001 0 -8.644 -8.929 0 -8.693999999999999 -8.929 0 -8.693999999999999 -8.979000000000001 1 -8.644 -8.979000000000001 1 -8.644 -8.929 1 -8.693999999999999 -8.929 1 -7.744 -8.979000000000001 0 -7.593999999999999 -8.979000000000001 0 -7.593999999999999 -8.879000000000001 0 -7.744 -8.879000000000001 0 -7.744 -8.979000000000001 1 -7.593999999999999 -8.979000000000001 1 -7.593999999999999 -8.879000000000001 1 -7.744 -8.879000000000001 1 -7.544 -8.979000000000001 0 -7.494 -8.979000000000001 0 -7.494 -8.929 0 -7.544 -8.929 0 -7.544 -8.979000000000001 1 -7.494 -8.979000000000001 1 -7.494 -8.929 1 -7.544 -8.929 1 -7.294 -8.979000000000001 0 -7.093999999999999 -8.979000000000001 0 -7.093999999999999 -8.929 0 -7.294 -8.929 0 -7.294 -8.979000000000001 1 -7.093999999999999 -8.979000000000001 1 -7.093999999999999 -8.929 1 -7.294 -8.929 1 -6.994 -8.979000000000001 0 -6.894 -8.979000000000001 0 -6.894 -8.929 0 -6.994 -8.929 0 -6.994 -8.979000000000001 1 -6.894 -8.979000000000001 1 -6.894 -8.929 1 -6.994 -8.929 1 -4.994 -8.979000000000001 0 -4.943999999999999 -8.979000000000001 0 -4.943999999999999 -8.929 0 -4.994 -8.929 0 -4.994 -8.979000000000001 1 -4.943999999999999 -8.979000000000001 1 -4.943999999999999 -8.929 1 -4.994 -8.929 1 -4.894 -8.979000000000001 0 -4.593999999999999 -8.979000000000001 0 -4.593999999999999 -8.929 0 -4.894 -8.929 0 -4.894 -8.979000000000001 1 -4.593999999999999 -8.979000000000001 1 -4.593999999999999 -8.929 1 -4.894 -8.929 1 -4.394 -8.979000000000001 0 -4.193999999999999 -8.979000000000001 0 -4.193999999999999 -8.929 0 -4.394 -8.929 0 -4.394 -8.979000000000001 1 -4.193999999999999 -8.979000000000001 1 -4.193999999999999 -8.929 1 -4.394 -8.929 1 -2.0939999999999994 -8.979000000000001 0 -2.0439999999999987 -8.979000000000001 0 -2.0439999999999987 -8.929 0 -2.0939999999999994 -8.929 0 -2.0939999999999994 -8.979000000000001 1 -2.0439999999999987 -8.979000000000001 1 -2.0439999999999987 -8.929 1 -2.0939999999999994 -8.929 1 -1.9939999999999998 -8.979000000000001 0 -1.7439999999999998 -8.979000000000001 0 -1.7439999999999998 -8.929 0 -1.9939999999999998 -8.929 0 -1.9939999999999998 -8.979000000000001 1 -1.7439999999999998 -8.979000000000001 1 -1.7439999999999998 -8.929 1 -1.9939999999999998 -8.929 1 -10.744 -9.029 0 -10.693999999999999 -9.029 0 -10.693999999999999 -8.979000000000001 0 -10.744 -8.979000000000001 0 -10.744 -9.029 1 -10.693999999999999 -9.029 1 -10.693999999999999 -8.979000000000001 1 -10.744 -8.979000000000001 1 -9.144 -9.029 0 -9.094000000000001 -9.029 0 -9.094000000000001 -8.979000000000001 0 -9.144 -8.979000000000001 0 -9.144 -9.029 1 -9.094000000000001 -9.029 1 -9.094000000000001 -8.979000000000001 1 -9.144 -8.979000000000001 1 -9.044 -9.029 0 -8.594 -9.029 0 -8.594 -8.979000000000001 0 -9.044 -8.979000000000001 0 -9.044 -9.029 1 -8.594 -9.029 1 -8.594 -8.979000000000001 1 -9.044 -8.979000000000001 1 -7.694 -9.029 0 -7.544 -9.029 0 -7.544 -8.979000000000001 0 -7.694 -8.979000000000001 0 -7.694 -9.029 1 -7.544 -9.029 1 -7.544 -8.979000000000001 1 -7.694 -8.979000000000001 1 -7.343999999999999 -9.029 0 -7.144 -9.029 0 -7.144 -8.979000000000001 0 -7.343999999999999 -8.979000000000001 0 -7.343999999999999 -9.029 1 -7.144 -9.029 1 -7.144 -8.979000000000001 1 -7.343999999999999 -8.979000000000001 1 -6.694 -9.029 0 -6.644 -9.029 0 -6.644 -8.979000000000001 0 -6.694 -8.979000000000001 0 -6.694 -9.029 1 -6.644 -9.029 1 -6.644 -8.979000000000001 1 -6.694 -8.979000000000001 1 -4.994 -9.029 0 -4.744 -9.029 0 -4.744 -8.979000000000001 0 -4.994 -8.979000000000001 0 -4.994 -9.029 1 -4.744 -9.029 1 -4.744 -8.979000000000001 1 -4.994 -8.979000000000001 1 -4.693999999999999 -9.029 0 -4.644 -9.029 0 -4.644 -8.979000000000001 0 -4.693999999999999 -8.979000000000001 0 -4.693999999999999 -9.029 1 -4.644 -9.029 1 -4.644 -8.979000000000001 1 -4.693999999999999 -8.979000000000001 1 -4.343999999999999 -9.029 0 -4.093999999999999 -9.029 0 -4.093999999999999 -8.979000000000001 0 -4.343999999999999 -8.979000000000001 0 -4.343999999999999 -9.029 1 -4.093999999999999 -9.029 1 -4.093999999999999 -8.979000000000001 1 -4.343999999999999 -8.979000000000001 1 -2.0439999999999987 -9.029 0 -1.693999999999999 -9.029 0 -1.693999999999999 -8.979000000000001 0 -2.0439999999999987 -8.979000000000001 0 -2.0439999999999987 -9.029 1 -1.693999999999999 -9.029 1 -1.693999999999999 -8.979000000000001 1 -2.0439999999999987 -8.979000000000001 1 -11.693999999999999 -9.079 0 -11.594 -9.079 0 -11.594 -9.029 0 -11.693999999999999 -9.029 0 -11.693999999999999 -9.079 1 -11.594 -9.079 1 -11.594 -9.029 1 -11.693999999999999 -9.029 1 -10.693999999999999 -9.079 0 -10.644 -9.079 0 -10.644 -9.029 0 -10.693999999999999 -9.029 0 -10.693999999999999 -9.079 1 -10.644 -9.079 1 -10.644 -9.029 1 -10.693999999999999 -9.029 1 -9.693999999999999 -9.079 0 -9.594 -9.079 0 -9.594 -9.029 0 -9.693999999999999 -9.029 0 -9.693999999999999 -9.079 1 -9.594 -9.079 1 -9.594 -9.029 1 -9.693999999999999 -9.029 1 -9.144 -9.079 0 -8.594 -9.079 0 -8.594 -9.029 0 -9.144 -9.029 0 -9.144 -9.079 1 -8.594 -9.079 1 -8.594 -9.029 1 -9.144 -9.029 1 -7.794 -9.079 0 -7.744 -9.079 0 -7.744 -9.029 0 -7.794 -9.029 0 -7.794 -9.079 1 -7.744 -9.079 1 -7.744 -9.029 1 -7.794 -9.029 1 -7.644 -9.079 0 -7.494 -9.079 0 -7.494 -9.029 0 -7.644 -9.029 0 -7.644 -9.079 1 -7.494 -9.079 1 -7.494 -9.029 1 -7.644 -9.029 1 -7.394 -9.079 0 -7.194 -9.079 0 -7.194 -9.029 0 -7.394 -9.029 0 -7.394 -9.079 1 -7.194 -9.079 1 -7.194 -9.029 1 -7.394 -9.029 1 -6.694 -9.079 0 -6.593999999999999 -9.079 0 -6.593999999999999 -9.029 0 -6.694 -9.029 0 -6.694 -9.079 1 -6.593999999999999 -9.079 1 -6.593999999999999 -9.029 1 -6.694 -9.029 1 -4.994 -9.079 0 -4.7940000000000005 -9.079 0 -4.7940000000000005 -9.029 0 -4.994 -9.029 0 -4.994 -9.079 1 -4.7940000000000005 -9.079 1 -4.7940000000000005 -9.029 1 -4.994 -9.029 1 -4.744 -9.079 0 -4.693999999999999 -9.079 0 -4.693999999999999 -9.029 0 -4.744 -9.029 0 -4.744 -9.079 1 -4.693999999999999 -9.079 1 -4.693999999999999 -9.029 1 -4.744 -9.029 1 -4.343999999999999 -9.079 0 -4.2940000000000005 -9.079 0 -4.2940000000000005 -9.029 0 -4.343999999999999 -9.029 0 -4.343999999999999 -9.079 1 -4.2940000000000005 -9.079 1 -4.2940000000000005 -9.029 1 -4.343999999999999 -9.029 1 -4.244 -9.079 0 -4.193999999999999 -9.079 0 -4.193999999999999 -9.029 0 -4.244 -9.029 0 -4.244 -9.079 1 -4.193999999999999 -9.079 1 -4.193999999999999 -9.029 1 -4.244 -9.029 1 -2.0439999999999987 -9.079 0 -1.7939999999999987 -9.079 0 -1.7939999999999987 -9.029 0 -2.0439999999999987 -9.029 0 -2.0439999999999987 -9.079 1 -1.7939999999999987 -9.079 1 -1.7939999999999987 -9.029 1 -2.0439999999999987 -9.029 1 -9.294 -9.129000000000001 0 -9.193999999999999 -9.129000000000001 0 -9.193999999999999 -9.079 0 -9.294 -9.079 0 -9.294 -9.129000000000001 1 -9.193999999999999 -9.129000000000001 1 -9.193999999999999 -9.079 1 -9.294 -9.079 1 -9.144 -9.129000000000001 0 -8.894 -9.129000000000001 0 -8.894 -9.079 0 -9.144 -9.079 0 -9.144 -9.129000000000001 1 -8.894 -9.129000000000001 1 -8.894 -9.079 1 -9.144 -9.079 1 -8.744 -9.129000000000001 0 -8.693999999999999 -9.129000000000001 0 -8.693999999999999 -9.079 0 -8.744 -9.079 0 -8.744 -9.129000000000001 1 -8.693999999999999 -9.129000000000001 1 -8.693999999999999 -9.079 1 -8.744 -9.079 1 -7.744 -9.129000000000001 0 -7.694 -9.129000000000001 0 -7.694 -9.079 0 -7.744 -9.079 0 -7.744 -9.129000000000001 1 -7.694 -9.129000000000001 1 -7.694 -9.079 1 -7.744 -9.079 1 -7.544 -9.129000000000001 0 -7.494 -9.129000000000001 0 -7.494 -9.079 0 -7.544 -9.079 0 -7.544 -9.129000000000001 1 -7.494 -9.129000000000001 1 -7.494 -9.079 1 -7.544 -9.079 1 -7.394 -9.129000000000001 0 -7.244 -9.129000000000001 0 -7.244 -9.079 0 -7.394 -9.079 0 -7.394 -9.129000000000001 1 -7.244 -9.129000000000001 1 -7.244 -9.079 1 -7.394 -9.079 1 -4.894 -9.129000000000001 0 -4.843999999999999 -9.129000000000001 0 -4.843999999999999 -9.079 0 -4.894 -9.079 0 -4.894 -9.129000000000001 1 -4.843999999999999 -9.129000000000001 1 -4.843999999999999 -9.079 1 -4.894 -9.079 1 -4.7940000000000005 -9.129000000000001 0 -4.693999999999999 -9.129000000000001 0 -4.693999999999999 -9.079 0 -4.7940000000000005 -9.079 0 -4.7940000000000005 -9.129000000000001 1 -4.693999999999999 -9.129000000000001 1 -4.693999999999999 -9.079 1 -4.7940000000000005 -9.079 1 -4.394 -9.129000000000001 0 -4.343999999999999 -9.129000000000001 0 -4.343999999999999 -9.079 0 -4.394 -9.079 0 -4.394 -9.129000000000001 1 -4.343999999999999 -9.129000000000001 1 -4.343999999999999 -9.079 1 -4.394 -9.079 1 -4.2940000000000005 -9.129000000000001 0 -4.244 -9.129000000000001 0 -4.244 -9.079 0 -4.2940000000000005 -9.079 0 -4.2940000000000005 -9.129000000000001 1 -4.244 -9.129000000000001 1 -4.244 -9.079 1 -4.2940000000000005 -9.079 1 -2.644 -9.129000000000001 0 -2.5939999999999994 -9.129000000000001 0 -2.5939999999999994 -9.079 0 -2.644 -9.079 0 -2.644 -9.129000000000001 1 -2.5939999999999994 -9.129000000000001 1 -2.5939999999999994 -9.079 1 -2.644 -9.079 1 -2.144 -9.129000000000001 0 -1.7939999999999987 -9.129000000000001 0 -1.7939999999999987 -9.079 0 -2.144 -9.079 0 -2.144 -9.129000000000001 1 -1.7939999999999987 -9.129000000000001 1 -1.7939999999999987 -9.079 1 -2.144 -9.079 1 -11.693999999999999 -9.179 0 -11.644 -9.179 0 -11.644 -9.129000000000001 0 -11.693999999999999 -9.129000000000001 0 -11.693999999999999 -9.179 1 -11.644 -9.179 1 -11.644 -9.129000000000001 1 -11.693999999999999 -9.129000000000001 1 -10.644 -9.179 0 -10.594 -9.179 0 -10.594 -9.129000000000001 0 -10.644 -9.129000000000001 0 -10.644 -9.179 1 -10.594 -9.179 1 -10.594 -9.129000000000001 1 -10.644 -9.129000000000001 1 -10.494 -9.179 0 -10.443999999999999 -9.179 0 -10.443999999999999 -9.129000000000001 0 -10.494 -9.129000000000001 0 -10.494 -9.179 1 -10.443999999999999 -9.179 1 -10.443999999999999 -9.129000000000001 1 -10.494 -9.129000000000001 1 -9.244 -9.179 0 -9.193999999999999 -9.179 0 -9.193999999999999 -9.129000000000001 0 -9.244 -9.129000000000001 0 -9.244 -9.179 1 -9.193999999999999 -9.179 1 -9.193999999999999 -9.129000000000001 1 -9.244 -9.129000000000001 1 -8.844000000000001 -9.179 0 -8.794 -9.179 0 -8.794 -9.079 0 -8.844000000000001 -9.079 0 -8.844000000000001 -9.179 1 -8.794 -9.179 1 -8.794 -9.079 1 -8.844000000000001 -9.079 1 -7.343999999999999 -9.179 0 -7.244 -9.179 0 -7.244 -9.129000000000001 0 -7.343999999999999 -9.129000000000001 0 -7.343999999999999 -9.179 1 -7.244 -9.179 1 -7.244 -9.129000000000001 1 -7.343999999999999 -9.129000000000001 1 -6.744 -9.179 0 -6.694 -9.179 0 -6.694 -9.129000000000001 0 -6.744 -9.129000000000001 0 -6.744 -9.179 1 -6.694 -9.179 1 -6.694 -9.129000000000001 1 -6.744 -9.129000000000001 1 -4.343999999999999 -9.179 0 -4.2940000000000005 -9.179 0 -4.2940000000000005 -9.129000000000001 0 -4.343999999999999 -9.129000000000001 0 -4.343999999999999 -9.179 1 -4.2940000000000005 -9.179 1 -4.2940000000000005 -9.129000000000001 1 -4.343999999999999 -9.129000000000001 1 -2.0939999999999994 -9.179 0 -1.8940000000000001 -9.179 0 -1.8940000000000001 -9.129000000000001 0 -2.0939999999999994 -9.129000000000001 0 -2.0939999999999994 -9.179 1 -1.8940000000000001 -9.179 1 -1.8940000000000001 -9.129000000000001 1 -2.0939999999999994 -9.129000000000001 1 -13.394 -9.229000000000001 0 -13.344 -9.229000000000001 0 -13.344 -9.179 0 -13.394 -9.179 0 -13.394 -9.229000000000001 1 -13.344 -9.229000000000001 1 -13.344 -9.179 1 -13.394 -9.179 1 -10.244 -9.229000000000001 0 -10.193999999999999 -9.229000000000001 0 -10.193999999999999 -9.179 0 -10.244 -9.179 0 -10.244 -9.229000000000001 1 -10.193999999999999 -9.229000000000001 1 -10.193999999999999 -9.179 1 -10.244 -9.179 1 -9.094000000000001 -9.229000000000001 0 -8.943999999999999 -9.229000000000001 0 -8.943999999999999 -9.129000000000001 0 -9.094000000000001 -9.129000000000001 0 -9.094000000000001 -9.229000000000001 1 -8.943999999999999 -9.229000000000001 1 -8.943999999999999 -9.129000000000001 1 -9.094000000000001 -9.129000000000001 1 -8.894 -9.229000000000001 0 -8.844000000000001 -9.229000000000001 0 -8.844000000000001 -9.179 0 -8.894 -9.179 0 -8.894 -9.229000000000001 1 -8.844000000000001 -9.229000000000001 1 -8.844000000000001 -9.179 1 -8.894 -9.179 1 -8.794 -9.229000000000001 0 -8.744 -9.229000000000001 0 -8.744 -9.179 0 -8.794 -9.179 0 -8.794 -9.229000000000001 1 -8.744 -9.229000000000001 1 -8.744 -9.179 1 -8.794 -9.179 1 -8.693999999999999 -9.229000000000001 0 -8.644 -9.229000000000001 0 -8.644 -9.129000000000001 0 -8.693999999999999 -9.129000000000001 0 -8.693999999999999 -9.229000000000001 1 -8.644 -9.229000000000001 1 -8.644 -9.129000000000001 1 -8.693999999999999 -9.129000000000001 1 -6.593999999999999 -9.229000000000001 0 -6.494 -9.229000000000001 0 -6.494 -9.179 0 -6.593999999999999 -9.179 0 -6.593999999999999 -9.229000000000001 1 -6.494 -9.229000000000001 1 -6.494 -9.179 1 -6.593999999999999 -9.179 1 -4.394 -9.229000000000001 0 -4.244 -9.229000000000001 0 -4.244 -9.179 0 -4.394 -9.179 0 -4.394 -9.229000000000001 1 -4.244 -9.229000000000001 1 -4.244 -9.179 1 -4.394 -9.179 1 -2.2439999999999998 -9.229000000000001 0 -2.193999999999999 -9.229000000000001 0 -2.193999999999999 -9.179 0 -2.2439999999999998 -9.179 0 -2.2439999999999998 -9.229000000000001 1 -2.193999999999999 -9.229000000000001 1 -2.193999999999999 -9.179 1 -2.2439999999999998 -9.179 1 -2.0939999999999994 -9.229000000000001 0 -1.8439999999999994 -9.229000000000001 0 -1.8439999999999994 -9.179 0 -2.0939999999999994 -9.179 0 -2.0939999999999994 -9.229000000000001 1 -1.8439999999999994 -9.229000000000001 1 -1.8439999999999994 -9.179 1 -2.0939999999999994 -9.179 1 -9.794 -9.279 0 -9.744 -9.279 0 -9.744 -9.229000000000001 0 -9.794 -9.229000000000001 0 -9.794 -9.279 1 -9.744 -9.279 1 -9.744 -9.229000000000001 1 -9.794 -9.229000000000001 1 -9.244 -9.279 0 -9.144 -9.279 0 -9.144 -9.229000000000001 0 -9.244 -9.229000000000001 0 -9.244 -9.279 1 -9.144 -9.279 1 -9.144 -9.229000000000001 1 -9.244 -9.229000000000001 1 -9.094000000000001 -9.279 0 -9.044 -9.279 0 -9.044 -9.229000000000001 0 -9.094000000000001 -9.229000000000001 0 -9.094000000000001 -9.279 1 -9.044 -9.279 1 -9.044 -9.229000000000001 1 -9.094000000000001 -9.229000000000001 1 -8.844000000000001 -9.279 0 -8.644 -9.279 0 -8.644 -9.229000000000001 0 -8.844000000000001 -9.229000000000001 0 -8.844000000000001 -9.279 1 -8.644 -9.279 1 -8.644 -9.229000000000001 1 -8.844000000000001 -9.229000000000001 1 -7.394 -9.279 0 -7.144 -9.279 0 -7.144 -9.179 0 -7.394 -9.179 0 -7.394 -9.279 1 -7.144 -9.279 1 -7.144 -9.179 1 -7.394 -9.179 1 -4.343999999999999 -9.279 0 -4.244 -9.279 0 -4.244 -9.229000000000001 0 -4.343999999999999 -9.229000000000001 0 -4.343999999999999 -9.279 1 -4.244 -9.279 1 -4.244 -9.229000000000001 1 -4.343999999999999 -9.229000000000001 1 -2.2939999999999987 -9.279 0 -1.8940000000000001 -9.279 0 -1.8940000000000001 -9.229000000000001 0 -2.2939999999999987 -9.229000000000001 0 -2.2939999999999987 -9.279 1 -1.8940000000000001 -9.279 1 -1.8940000000000001 -9.229000000000001 1 -2.2939999999999987 -9.229000000000001 1 -9.294 -9.329 0 -9.244 -9.329 0 -9.244 -9.279 0 -9.294 -9.279 0 -9.294 -9.329 1 -9.244 -9.329 1 -9.244 -9.279 1 -9.294 -9.279 1 -9.193999999999999 -9.329 0 -9.144 -9.329 0 -9.144 -9.279 0 -9.193999999999999 -9.279 0 -9.193999999999999 -9.329 1 -9.144 -9.329 1 -9.144 -9.279 1 -9.193999999999999 -9.279 1 -8.794 -9.329 0 -8.744 -9.329 0 -8.744 -9.279 0 -8.794 -9.279 0 -8.794 -9.329 1 -8.744 -9.329 1 -8.744 -9.279 1 -8.794 -9.279 1 -7.744 -9.329 0 -7.694 -9.329 0 -7.694 -9.279 0 -7.744 -9.279 0 -7.744 -9.329 1 -7.694 -9.329 1 -7.694 -9.279 1 -7.744 -9.279 1 -7.644 -9.329 0 -7.544 -9.329 0 -7.544 -9.279 0 -7.644 -9.279 0 -7.644 -9.329 1 -7.544 -9.329 1 -7.544 -9.279 1 -7.644 -9.279 1 -7.294 -9.329 0 -7.144 -9.329 0 -7.144 -9.279 0 -7.294 -9.279 0 -7.294 -9.329 1 -7.144 -9.329 1 -7.144 -9.279 1 -7.294 -9.279 1 -6.744 -9.329 0 -6.694 -9.329 0 -6.694 -9.279 0 -6.744 -9.279 0 -6.744 -9.329 1 -6.694 -9.329 1 -6.694 -9.279 1 -6.744 -9.279 1 -4.494 -9.329 0 -4.443999999999999 -9.329 0 -4.443999999999999 -9.279 0 -4.494 -9.279 0 -4.494 -9.329 1 -4.443999999999999 -9.329 1 -4.443999999999999 -9.279 1 -4.494 -9.279 1 -4.394 -9.329 0 -4.093999999999999 -9.329 0 -4.093999999999999 -9.279 0 -4.394 -9.279 0 -4.394 -9.329 1 -4.093999999999999 -9.329 1 -4.093999999999999 -9.279 1 -4.394 -9.279 1 -8.744 -9.379000000000001 0 -8.693999999999999 -9.379000000000001 0 -8.693999999999999 -9.329 0 -8.744 -9.329 0 -8.744 -9.379000000000001 1 -8.693999999999999 -9.379000000000001 1 -8.693999999999999 -9.329 1 -8.744 -9.329 1 -7.644 -9.379000000000001 0 -7.494 -9.379000000000001 0 -7.494 -9.329 0 -7.644 -9.329 0 -7.644 -9.379000000000001 1 -7.494 -9.379000000000001 1 -7.494 -9.329 1 -7.644 -9.329 1 -7.244 -9.379000000000001 0 -7.093999999999999 -9.379000000000001 0 -7.093999999999999 -9.329 0 -7.244 -9.329 0 -7.244 -9.379000000000001 1 -7.093999999999999 -9.379000000000001 1 -7.093999999999999 -9.329 1 -7.244 -9.329 1 -6.694 -9.379000000000001 0 -6.644 -9.379000000000001 0 -6.644 -9.329 0 -6.694 -9.329 0 -6.694 -9.379000000000001 1 -6.644 -9.379000000000001 1 -6.644 -9.329 1 -6.694 -9.329 1 -6.494 -9.379000000000001 0 -6.394 -9.379000000000001 0 -6.394 -9.329 0 -6.494 -9.329 0 -6.494 -9.379000000000001 1 -6.394 -9.379000000000001 1 -6.394 -9.329 1 -6.494 -9.329 1 -4.394 -9.379000000000001 0 -4.0440000000000005 -9.379000000000001 0 -4.0440000000000005 -9.329 0 -4.394 -9.329 0 -4.394 -9.379000000000001 1 -4.0440000000000005 -9.379000000000001 1 -4.0440000000000005 -9.329 1 -4.394 -9.329 1 -9.193999999999999 -9.429 0 -9.144 -9.429 0 -9.144 -9.379000000000001 0 -9.193999999999999 -9.379000000000001 0 -9.193999999999999 -9.429 1 -9.144 -9.429 1 -9.144 -9.379000000000001 1 -9.193999999999999 -9.379000000000001 1 -8.494 -9.429 0 -8.443999999999999 -9.429 0 -8.443999999999999 -9.379000000000001 0 -8.494 -9.379000000000001 0 -8.494 -9.429 1 -8.443999999999999 -9.429 1 -8.443999999999999 -9.379000000000001 1 -8.494 -9.379000000000001 1 -7.593999999999999 -9.429 0 -7.544 -9.429 0 -7.544 -9.379000000000001 0 -7.593999999999999 -9.379000000000001 0 -7.593999999999999 -9.429 1 -7.544 -9.429 1 -7.544 -9.379000000000001 1 -7.593999999999999 -9.379000000000001 1 -7.093999999999999 -9.429 0 -7.044 -9.429 0 -7.044 -9.379000000000001 0 -7.093999999999999 -9.379000000000001 0 -7.093999999999999 -9.429 1 -7.044 -9.429 1 -7.044 -9.379000000000001 1 -7.093999999999999 -9.379000000000001 1 -4.2940000000000005 -9.429 0 -3.9939999999999998 -9.429 0 -3.9939999999999998 -9.379000000000001 0 -4.2940000000000005 -9.379000000000001 0 -4.2940000000000005 -9.429 1 -3.9939999999999998 -9.429 1 -3.9939999999999998 -9.379000000000001 1 -4.2940000000000005 -9.379000000000001 1 -2.2439999999999998 -9.429 0 -1.9939999999999998 -9.429 0 -1.9939999999999998 -9.279 0 -2.2439999999999998 -9.279 0 -2.2439999999999998 -9.429 1 -1.9939999999999998 -9.429 1 -1.9939999999999998 -9.279 1 -2.2439999999999998 -9.279 1 -9.294 -9.479000000000001 0 -9.244 -9.479000000000001 0 -9.244 -9.379000000000001 0 -9.294 -9.379000000000001 0 -9.294 -9.479000000000001 1 -9.244 -9.479000000000001 1 -9.244 -9.379000000000001 1 -9.294 -9.379000000000001 1 -8.693999999999999 -9.479000000000001 0 -8.644 -9.479000000000001 0 -8.644 -9.429 0 -8.693999999999999 -9.429 0 -8.693999999999999 -9.479000000000001 1 -8.644 -9.479000000000001 1 -8.644 -9.429 1 -8.693999999999999 -9.429 1 -8.594 -9.479000000000001 0 -8.544 -9.479000000000001 0 -8.544 -9.429 0 -8.594 -9.429 0 -8.594 -9.479000000000001 1 -8.544 -9.479000000000001 1 -8.544 -9.429 1 -8.594 -9.429 1 -7.644 -9.479000000000001 0 -7.593999999999999 -9.479000000000001 0 -7.593999999999999 -9.429 0 -7.644 -9.429 0 -7.644 -9.479000000000001 1 -7.593999999999999 -9.479000000000001 1 -7.593999999999999 -9.429 1 -7.644 -9.429 1 -7.494 -9.479000000000001 0 -7.444 -9.479000000000001 0 -7.444 -9.429 0 -7.494 -9.429 0 -7.494 -9.479000000000001 1 -7.444 -9.479000000000001 1 -7.444 -9.429 1 -7.494 -9.429 1 -4.394 -9.479000000000001 0 -4.343999999999999 -9.479000000000001 0 -4.343999999999999 -9.379000000000001 0 -4.394 -9.379000000000001 0 -4.394 -9.479000000000001 1 -4.343999999999999 -9.479000000000001 1 -4.343999999999999 -9.379000000000001 1 -4.394 -9.379000000000001 1 -4.2940000000000005 -9.479000000000001 0 -4.244 -9.479000000000001 0 -4.244 -9.429 0 -4.2940000000000005 -9.429 0 -4.2940000000000005 -9.479000000000001 1 -4.244 -9.479000000000001 1 -4.244 -9.429 1 -4.2940000000000005 -9.429 1 -4.193999999999999 -9.479000000000001 0 -3.894 -9.479000000000001 0 -3.894 -9.429 0 -4.193999999999999 -9.429 0 -4.193999999999999 -9.479000000000001 1 -3.894 -9.479000000000001 1 -3.894 -9.429 1 -4.193999999999999 -9.429 1 -2.3439999999999994 -9.479000000000001 0 -2.0439999999999987 -9.479000000000001 0 -2.0439999999999987 -9.429 0 -2.3439999999999994 -9.429 0 -2.3439999999999994 -9.479000000000001 1 -2.0439999999999987 -9.479000000000001 1 -2.0439999999999987 -9.429 1 -2.3439999999999994 -9.429 1 -9.894 -9.529 0 -9.844 -9.529 0 -9.844 -9.429 0 -9.894 -9.429 0 -9.894 -9.529 1 -9.844 -9.529 1 -9.844 -9.429 1 -9.894 -9.429 1 -9.394 -9.529 0 -9.294 -9.529 0 -9.294 -9.479000000000001 0 -9.394 -9.479000000000001 0 -9.394 -9.529 1 -9.294 -9.529 1 -9.294 -9.479000000000001 1 -9.394 -9.479000000000001 1 -9.244 -9.529 0 -9.193999999999999 -9.529 0 -9.193999999999999 -9.479000000000001 0 -9.244 -9.479000000000001 0 -9.244 -9.529 1 -9.193999999999999 -9.529 1 -9.193999999999999 -9.479000000000001 1 -9.244 -9.479000000000001 1 -4.093999999999999 -9.529 0 -3.943999999999999 -9.529 0 -3.943999999999999 -9.479000000000001 0 -4.093999999999999 -9.479000000000001 0 -4.093999999999999 -9.529 1 -3.943999999999999 -9.529 1 -3.943999999999999 -9.479000000000001 1 -4.093999999999999 -9.479000000000001 1 -2.394 -9.529 0 -2.0439999999999987 -9.529 0 -2.0439999999999987 -9.479000000000001 0 -2.394 -9.479000000000001 0 -2.394 -9.529 1 -2.0439999999999987 -9.529 1 -2.0439999999999987 -9.479000000000001 1 -2.394 -9.479000000000001 1 -9.794 -9.579 0 -9.744 -9.579 0 -9.744 -9.529 0 -9.794 -9.529 0 -9.794 -9.579 1 -9.744 -9.579 1 -9.744 -9.529 1 -9.794 -9.529 1 -9.594 -9.579 0 -9.544 -9.579 0 -9.544 -9.529 0 -9.594 -9.529 0 -9.594 -9.579 1 -9.544 -9.579 1 -9.544 -9.529 1 -9.594 -9.529 1 -9.344000000000001 -9.579 0 -9.144 -9.579 0 -9.144 -9.529 0 -9.344000000000001 -9.529 0 -9.344000000000001 -9.579 1 -9.144 -9.579 1 -9.144 -9.529 1 -9.344000000000001 -9.529 1 -6.444 -9.579 0 -6.394 -9.579 0 -6.394 -9.479000000000001 0 -6.444 -9.479000000000001 0 -6.444 -9.579 1 -6.394 -9.579 1 -6.394 -9.479000000000001 1 -6.444 -9.479000000000001 1 -5.343999999999999 -9.579 0 -5.2940000000000005 -9.579 0 -5.2940000000000005 -9.529 0 -5.343999999999999 -9.529 0 -5.343999999999999 -9.579 1 -5.2940000000000005 -9.579 1 -5.2940000000000005 -9.529 1 -5.343999999999999 -9.529 1 -2.2939999999999987 -9.579 0 -2.0939999999999994 -9.579 0 -2.0939999999999994 -9.529 0 -2.2939999999999987 -9.529 0 -2.2939999999999987 -9.579 1 -2.0939999999999994 -9.579 1 -2.0939999999999994 -9.529 1 -2.2939999999999987 -9.529 1 -9.394 -9.629000000000001 0 -9.144 -9.629000000000001 0 -9.144 -9.579 0 -9.394 -9.579 0 -9.394 -9.629000000000001 1 -9.144 -9.629000000000001 1 -9.144 -9.579 1 -9.394 -9.579 1 -9.094000000000001 -9.629000000000001 0 -9.044 -9.629000000000001 0 -9.044 -9.579 0 -9.094000000000001 -9.579 0 -9.094000000000001 -9.629000000000001 1 -9.044 -9.629000000000001 1 -9.044 -9.579 1 -9.094000000000001 -9.579 1 -7.994 -9.629000000000001 0 -7.944 -9.629000000000001 0 -7.944 -9.579 0 -7.994 -9.579 0 -7.994 -9.629000000000001 1 -7.944 -9.629000000000001 1 -7.944 -9.579 1 -7.994 -9.579 1 -6.494 -9.629000000000001 0 -6.294 -9.629000000000001 0 -6.294 -9.579 0 -6.494 -9.579 0 -6.494 -9.629000000000001 1 -6.294 -9.629000000000001 1 -6.294 -9.579 1 -6.494 -9.579 1 -4.494 -9.629000000000001 0 -4.443999999999999 -9.629000000000001 0 -4.443999999999999 -9.579 0 -4.494 -9.579 0 -4.494 -9.629000000000001 1 -4.443999999999999 -9.629000000000001 1 -4.443999999999999 -9.579 1 -4.494 -9.579 1 -2.4939999999999998 -9.629000000000001 0 -2.443999999999999 -9.629000000000001 0 -2.443999999999999 -9.579 0 -2.4939999999999998 -9.579 0 -2.4939999999999998 -9.629000000000001 1 -2.443999999999999 -9.629000000000001 1 -2.443999999999999 -9.579 1 -2.4939999999999998 -9.579 1 -2.394 -9.629000000000001 0 -2.193999999999999 -9.629000000000001 0 -2.193999999999999 -9.579 0 -2.394 -9.579 0 -2.394 -9.629000000000001 1 -2.193999999999999 -9.629000000000001 1 -2.193999999999999 -9.579 1 -2.394 -9.579 1 -9.394 -9.679 0 -9.244 -9.679 0 -9.244 -9.629000000000001 0 -9.394 -9.629000000000001 0 -9.394 -9.679 1 -9.244 -9.679 1 -9.244 -9.629000000000001 1 -9.394 -9.629000000000001 1 -9.193999999999999 -9.679 0 -9.144 -9.679 0 -9.144 -9.629000000000001 0 -9.193999999999999 -9.629000000000001 0 -9.193999999999999 -9.679 1 -9.144 -9.679 1 -9.144 -9.629000000000001 1 -9.193999999999999 -9.629000000000001 1 -8.193999999999999 -9.679 0 -8.144 -9.679 0 -8.144 -9.629000000000001 0 -8.193999999999999 -9.629000000000001 0 -8.193999999999999 -9.679 1 -8.144 -9.679 1 -8.144 -9.629000000000001 1 -8.193999999999999 -9.629000000000001 1 -7.894 -9.679 0 -7.843999999999999 -9.679 0 -7.843999999999999 -9.629000000000001 0 -7.894 -9.629000000000001 0 -7.894 -9.679 1 -7.843999999999999 -9.679 1 -7.843999999999999 -9.629000000000001 1 -7.894 -9.629000000000001 1 -6.843999999999999 -9.679 0 -6.794 -9.679 0 -6.794 -9.629000000000001 0 -6.843999999999999 -9.629000000000001 0 -6.843999999999999 -9.679 1 -6.794 -9.679 1 -6.794 -9.629000000000001 1 -6.843999999999999 -9.629000000000001 1 -6.644 -9.679 0 -6.593999999999999 -9.679 0 -6.593999999999999 -9.529 0 -6.644 -9.529 0 -6.644 -9.679 1 -6.593999999999999 -9.679 1 -6.593999999999999 -9.529 1 -6.644 -9.529 1 -5.144 -9.679 0 -5.093999999999999 -9.679 0 -5.093999999999999 -9.629000000000001 0 -5.144 -9.629000000000001 0 -5.144 -9.679 1 -5.093999999999999 -9.679 1 -5.093999999999999 -9.629000000000001 1 -5.144 -9.629000000000001 1 -2.4939999999999998 -9.679 0 -2.394 -9.679 0 -2.394 -9.629000000000001 0 -2.4939999999999998 -9.629000000000001 0 -2.4939999999999998 -9.679 1 -2.394 -9.679 1 -2.394 -9.629000000000001 1 -2.4939999999999998 -9.629000000000001 1 -2.3439999999999994 -9.679 0 -2.193999999999999 -9.679 0 -2.193999999999999 -9.629000000000001 0 -2.3439999999999994 -9.629000000000001 0 -2.3439999999999994 -9.679 1 -2.193999999999999 -9.679 1 -2.193999999999999 -9.629000000000001 1 -2.3439999999999994 -9.629000000000001 1 -9.794 -9.729000000000001 0 -9.744 -9.729000000000001 0 -9.744 -9.679 0 -9.794 -9.679 0 -9.794 -9.729000000000001 1 -9.744 -9.729000000000001 1 -9.744 -9.679 1 -9.794 -9.679 1 -9.344000000000001 -9.729000000000001 0 -9.193999999999999 -9.729000000000001 0 -9.193999999999999 -9.679 0 -9.344000000000001 -9.679 0 -9.344000000000001 -9.729000000000001 1 -9.193999999999999 -9.729000000000001 1 -9.193999999999999 -9.679 1 -9.344000000000001 -9.679 1 -8.094 -9.729000000000001 0 -7.994 -9.729000000000001 0 -7.994 -9.679 0 -8.094 -9.679 0 -8.094 -9.729000000000001 1 -7.994 -9.729000000000001 1 -7.994 -9.679 1 -8.094 -9.679 1 -6.444 -9.729000000000001 0 -6.394 -9.729000000000001 0 -6.394 -9.679 0 -6.444 -9.679 0 -6.444 -9.729000000000001 1 -6.394 -9.729000000000001 1 -6.394 -9.679 1 -6.444 -9.679 1 -2.443999999999999 -9.729000000000001 0 -2.193999999999999 -9.729000000000001 0 -2.193999999999999 -9.679 0 -2.443999999999999 -9.679 0 -2.443999999999999 -9.729000000000001 1 -2.193999999999999 -9.729000000000001 1 -2.193999999999999 -9.679 1 -2.443999999999999 -9.679 1 -9.644 -9.779 0 -9.344000000000001 -9.779 0 -9.344000000000001 -9.729000000000001 0 -9.644 -9.729000000000001 0 -9.644 -9.779 1 -9.344000000000001 -9.779 1 -9.344000000000001 -9.729000000000001 1 -9.644 -9.729000000000001 1 -9.244 -9.779 0 -9.144 -9.779 0 -9.144 -9.729000000000001 0 -9.244 -9.729000000000001 0 -9.244 -9.779 1 -9.144 -9.779 1 -9.144 -9.729000000000001 1 -9.244 -9.729000000000001 1 -8.144 -9.779 0 -7.994 -9.779 0 -7.994 -9.729000000000001 0 -8.144 -9.729000000000001 0 -8.144 -9.779 1 -7.994 -9.779 1 -7.994 -9.729000000000001 1 -8.144 -9.729000000000001 1 -7.944 -9.779 0 -7.894 -9.779 0 -7.894 -9.729000000000001 0 -7.944 -9.729000000000001 0 -7.944 -9.779 1 -7.894 -9.779 1 -7.894 -9.729000000000001 1 -7.944 -9.729000000000001 1 -5.343999999999999 -9.779 0 -5.2940000000000005 -9.779 0 -5.2940000000000005 -9.729000000000001 0 -5.343999999999999 -9.729000000000001 0 -5.343999999999999 -9.779 1 -5.2940000000000005 -9.779 1 -5.2940000000000005 -9.729000000000001 1 -5.343999999999999 -9.729000000000001 1 -2.4939999999999998 -9.779 0 -2.193999999999999 -9.779 0 -2.193999999999999 -9.729000000000001 0 -2.4939999999999998 -9.729000000000001 0 -2.4939999999999998 -9.779 1 -2.193999999999999 -9.779 1 -2.193999999999999 -9.729000000000001 1 -2.4939999999999998 -9.729000000000001 1 -12.193999999999999 -9.829 0 -12.144 -9.829 0 -12.144 -9.779 0 -12.193999999999999 -9.779 0 -12.193999999999999 -9.829 1 -12.144 -9.829 1 -12.144 -9.779 1 -12.193999999999999 -9.779 1 -9.844 -9.829 0 -9.794 -9.829 0 -9.794 -9.779 0 -9.844 -9.779 0 -9.844 -9.829 1 -9.794 -9.829 1 -9.794 -9.779 1 -9.844 -9.779 1 -9.344000000000001 -9.829 0 -9.193999999999999 -9.829 0 -9.193999999999999 -9.779 0 -9.344000000000001 -9.779 0 -9.344000000000001 -9.829 1 -9.193999999999999 -9.829 1 -9.193999999999999 -9.779 1 -9.344000000000001 -9.779 1 -9.144 -9.829 0 -9.094000000000001 -9.829 0 -9.094000000000001 -9.779 0 -9.144 -9.779 0 -9.144 -9.829 1 -9.094000000000001 -9.829 1 -9.094000000000001 -9.779 1 -9.144 -9.779 1 -8.044 -9.829 0 -7.944 -9.829 0 -7.944 -9.779 0 -8.044 -9.779 0 -8.044 -9.829 1 -7.944 -9.829 1 -7.944 -9.779 1 -8.044 -9.779 1 -7.894 -9.829 0 -7.843999999999999 -9.829 0 -7.843999999999999 -9.779 0 -7.894 -9.779 0 -7.894 -9.829 1 -7.843999999999999 -9.829 1 -7.843999999999999 -9.779 1 -7.894 -9.779 1 -6.694 -9.829 0 -6.644 -9.829 0 -6.644 -9.779 0 -6.694 -9.779 0 -6.694 -9.829 1 -6.644 -9.829 1 -6.644 -9.779 1 -6.694 -9.779 1 -5.744 -9.829 0 -5.593999999999999 -9.829 0 -5.593999999999999 -9.779 0 -5.744 -9.779 0 -5.744 -9.829 1 -5.593999999999999 -9.829 1 -5.593999999999999 -9.779 1 -5.744 -9.779 1 -5.343999999999999 -9.829 0 -5.193999999999999 -9.829 0 -5.193999999999999 -9.779 0 -5.343999999999999 -9.779 0 -5.343999999999999 -9.829 1 -5.193999999999999 -9.829 1 -5.193999999999999 -9.779 1 -5.343999999999999 -9.779 1 -2.4939999999999998 -9.829 0 -2.2939999999999987 -9.829 0 -2.2939999999999987 -9.779 0 -2.4939999999999998 -9.779 0 -2.4939999999999998 -9.829 1 -2.2939999999999987 -9.829 1 -2.2939999999999987 -9.779 1 -2.4939999999999998 -9.779 1 -9.994 -9.879000000000001 0 -9.943999999999999 -9.879000000000001 0 -9.943999999999999 -9.829 0 -9.994 -9.829 0 -9.994 -9.879000000000001 1 -9.943999999999999 -9.879000000000001 1 -9.943999999999999 -9.829 1 -9.994 -9.829 1 -9.544 -9.879000000000001 0 -9.394 -9.879000000000001 0 -9.394 -9.779 0 -9.544 -9.779 0 -9.544 -9.879000000000001 1 -9.394 -9.879000000000001 1 -9.394 -9.779 1 -9.544 -9.779 1 -9.344000000000001 -9.879000000000001 0 -9.294 -9.879000000000001 0 -9.294 -9.829 0 -9.344000000000001 -9.829 0 -9.344000000000001 -9.879000000000001 1 -9.294 -9.879000000000001 1 -9.294 -9.829 1 -9.344000000000001 -9.829 1 -9.193999999999999 -9.879000000000001 0 -9.044 -9.879000000000001 0 -9.044 -9.829 0 -9.193999999999999 -9.829 0 -9.193999999999999 -9.879000000000001 1 -9.044 -9.879000000000001 1 -9.044 -9.829 1 -9.193999999999999 -9.829 1 -8.044 -9.879000000000001 0 -7.794 -9.879000000000001 0 -7.794 -9.829 0 -8.044 -9.829 0 -8.044 -9.879000000000001 1 -7.794 -9.879000000000001 1 -7.794 -9.829 1 -8.044 -9.829 1 -6.794 -9.879000000000001 0 -6.744 -9.879000000000001 0 -6.744 -9.829 0 -6.794 -9.829 0 -6.794 -9.879000000000001 1 -6.744 -9.879000000000001 1 -6.744 -9.829 1 -6.794 -9.829 1 -5.794 -9.879000000000001 0 -5.744 -9.879000000000001 0 -5.744 -9.829 0 -5.794 -9.829 0 -5.794 -9.879000000000001 1 -5.744 -9.879000000000001 1 -5.744 -9.829 1 -5.794 -9.829 1 -5.644 -9.879000000000001 0 -5.544 -9.879000000000001 0 -5.544 -9.829 0 -5.644 -9.829 0 -5.644 -9.879000000000001 1 -5.544 -9.879000000000001 1 -5.544 -9.829 1 -5.644 -9.829 1 -5.394 -9.879000000000001 0 -5.144 -9.879000000000001 0 -5.144 -9.829 0 -5.394 -9.829 0 -5.394 -9.879000000000001 1 -5.144 -9.879000000000001 1 -5.144 -9.829 1 -5.394 -9.829 1 -2.693999999999999 -9.879000000000001 0 -2.5939999999999994 -9.879000000000001 0 -2.5939999999999994 -9.829 0 -2.693999999999999 -9.829 0 -2.693999999999999 -9.879000000000001 1 -2.5939999999999994 -9.879000000000001 1 -2.5939999999999994 -9.829 1 -2.693999999999999 -9.829 1 -2.5439999999999987 -9.879000000000001 0 -2.2939999999999987 -9.879000000000001 0 -2.2939999999999987 -9.829 0 -2.5439999999999987 -9.829 0 -2.5439999999999987 -9.879000000000001 1 -2.2939999999999987 -9.879000000000001 1 -2.2939999999999987 -9.829 1 -2.5439999999999987 -9.829 1 -9.894 -9.929 0 -9.844 -9.929 0 -9.844 -9.879000000000001 0 -9.894 -9.879000000000001 0 -9.894 -9.929 1 -9.844 -9.929 1 -9.844 -9.879000000000001 1 -9.894 -9.879000000000001 1 -9.693999999999999 -9.929 0 -9.644 -9.929 0 -9.644 -9.879000000000001 0 -9.693999999999999 -9.879000000000001 0 -9.693999999999999 -9.929 1 -9.644 -9.929 1 -9.644 -9.879000000000001 1 -9.693999999999999 -9.879000000000001 1 -9.594 -9.929 0 -9.494 -9.929 0 -9.494 -9.879000000000001 0 -9.594 -9.879000000000001 0 -9.594 -9.929 1 -9.494 -9.929 1 -9.494 -9.879000000000001 1 -9.594 -9.879000000000001 1 -9.443999999999999 -9.929 0 -9.344000000000001 -9.929 0 -9.344000000000001 -9.879000000000001 0 -9.443999999999999 -9.879000000000001 0 -9.443999999999999 -9.929 1 -9.344000000000001 -9.929 1 -9.344000000000001 -9.879000000000001 1 -9.443999999999999 -9.879000000000001 1 -9.294 -9.929 0 -9.193999999999999 -9.929 0 -9.193999999999999 -9.879000000000001 0 -9.294 -9.879000000000001 0 -9.294 -9.929 1 -9.193999999999999 -9.929 1 -9.193999999999999 -9.879000000000001 1 -9.294 -9.879000000000001 1 -7.894 -9.929 0 -7.843999999999999 -9.929 0 -7.843999999999999 -9.879000000000001 0 -7.894 -9.879000000000001 0 -7.894 -9.929 1 -7.843999999999999 -9.929 1 -7.843999999999999 -9.879000000000001 1 -7.894 -9.879000000000001 1 -7.794 -9.929 0 -7.744 -9.929 0 -7.744 -9.879000000000001 0 -7.794 -9.879000000000001 0 -7.794 -9.929 1 -7.744 -9.929 1 -7.744 -9.879000000000001 1 -7.794 -9.879000000000001 1 -6.544 -9.929 0 -6.494 -9.929 0 -6.494 -9.879000000000001 0 -6.544 -9.879000000000001 0 -6.544 -9.929 1 -6.494 -9.929 1 -6.494 -9.879000000000001 1 -6.544 -9.879000000000001 1 -5.843999999999999 -9.929 0 -5.794 -9.929 0 -5.794 -9.879000000000001 0 -5.843999999999999 -9.879000000000001 0 -5.843999999999999 -9.929 1 -5.794 -9.929 1 -5.794 -9.879000000000001 1 -5.843999999999999 -9.879000000000001 1 -5.744 -9.929 0 -5.694 -9.929 0 -5.694 -9.879000000000001 0 -5.744 -9.879000000000001 0 -5.744 -9.929 1 -5.694 -9.929 1 -5.694 -9.879000000000001 1 -5.744 -9.879000000000001 1 -5.644 -9.929 0 -5.444 -9.929 0 -5.444 -9.879000000000001 0 -5.644 -9.879000000000001 0 -5.644 -9.929 1 -5.444 -9.929 1 -5.444 -9.879000000000001 1 -5.644 -9.879000000000001 1 -4.593999999999999 -9.929 0 -4.5440000000000005 -9.929 0 -4.5440000000000005 -9.879000000000001 0 -4.593999999999999 -9.879000000000001 0 -4.593999999999999 -9.929 1 -4.5440000000000005 -9.929 1 -4.5440000000000005 -9.879000000000001 1 -4.593999999999999 -9.879000000000001 1 -2.5939999999999994 -9.929 0 -2.3439999999999994 -9.929 0 -2.3439999999999994 -9.879000000000001 0 -2.5939999999999994 -9.879000000000001 0 -2.5939999999999994 -9.929 1 -2.3439999999999994 -9.929 1 -2.3439999999999994 -9.879000000000001 1 -2.5939999999999994 -9.879000000000001 1 -9.443999999999999 -9.979000000000001 0 -9.244 -9.979000000000001 0 -9.244 -9.929 0 -9.443999999999999 -9.929 0 -9.443999999999999 -9.979000000000001 1 -9.244 -9.979000000000001 1 -9.244 -9.929 1 -9.443999999999999 -9.929 1 -9.193999999999999 -9.979000000000001 0 -9.144 -9.979000000000001 0 -9.144 -9.929 0 -9.193999999999999 -9.929 0 -9.193999999999999 -9.979000000000001 1 -9.144 -9.979000000000001 1 -9.144 -9.929 1 -9.193999999999999 -9.929 1 -6.744 -9.979000000000001 0 -6.694 -9.979000000000001 0 -6.694 -9.929 0 -6.744 -9.929 0 -6.744 -9.979000000000001 1 -6.694 -9.979000000000001 1 -6.694 -9.929 1 -6.744 -9.929 1 -5.994 -9.979000000000001 0 -5.744 -9.979000000000001 0 -5.744 -9.929 0 -5.994 -9.929 0 -5.994 -9.979000000000001 1 -5.744 -9.979000000000001 1 -5.744 -9.929 1 -5.994 -9.929 1 -5.694 -9.979000000000001 0 -5.2940000000000005 -9.979000000000001 0 -5.2940000000000005 -9.929 0 -5.694 -9.929 0 -5.694 -9.979000000000001 1 -5.2940000000000005 -9.979000000000001 1 -5.2940000000000005 -9.929 1 -5.694 -9.929 1 -5.244 -9.979000000000001 0 -5.193999999999999 -9.979000000000001 0 -5.193999999999999 -9.929 0 -5.244 -9.929 0 -5.244 -9.979000000000001 1 -5.193999999999999 -9.979000000000001 1 -5.193999999999999 -9.929 1 -5.244 -9.929 1 -4.693999999999999 -9.979000000000001 0 -4.644 -9.979000000000001 0 -4.644 -9.929 0 -4.693999999999999 -9.929 0 -4.693999999999999 -9.979000000000001 1 -4.644 -9.979000000000001 1 -4.644 -9.929 1 -4.693999999999999 -9.929 1 -2.644 -9.979000000000001 0 -2.3439999999999994 -9.979000000000001 0 -2.3439999999999994 -9.929 0 -2.644 -9.929 0 -2.644 -9.979000000000001 1 -2.3439999999999994 -9.979000000000001 1 -2.3439999999999994 -9.929 1 -2.644 -9.929 1 -9.394 -10.029 0 -9.344000000000001 -10.029 0 -9.344000000000001 -9.979000000000001 0 -9.394 -9.979000000000001 0 -9.394 -10.029 1 -9.344000000000001 -10.029 1 -9.344000000000001 -9.979000000000001 1 -9.394 -9.979000000000001 1 -9.244 -10.029 0 -9.144 -10.029 0 -9.144 -9.979000000000001 0 -9.244 -9.979000000000001 0 -9.244 -10.029 1 -9.144 -10.029 1 -9.144 -9.979000000000001 1 -9.244 -9.979000000000001 1 -5.894 -10.029 0 -5.744 -10.029 0 -5.744 -9.979000000000001 0 -5.894 -9.979000000000001 0 -5.894 -10.029 1 -5.744 -10.029 1 -5.744 -9.979000000000001 1 -5.894 -9.979000000000001 1 -5.593999999999999 -10.029 0 -5.494 -10.029 0 -5.494 -9.979000000000001 0 -5.593999999999999 -9.979000000000001 0 -5.593999999999999 -10.029 1 -5.494 -10.029 1 -5.494 -9.979000000000001 1 -5.593999999999999 -9.979000000000001 1 -5.394 -10.029 0 -5.343999999999999 -10.029 0 -5.343999999999999 -9.979000000000001 0 -5.394 -9.979000000000001 0 -5.394 -10.029 1 -5.343999999999999 -10.029 1 -5.343999999999999 -9.979000000000001 1 -5.394 -9.979000000000001 1 -4.7940000000000005 -10.029 0 -4.744 -10.029 0 -4.744 -9.979000000000001 0 -4.7940000000000005 -9.979000000000001 0 -4.7940000000000005 -10.029 1 -4.744 -10.029 1 -4.744 -9.979000000000001 1 -4.7940000000000005 -9.979000000000001 1 -2.5939999999999994 -10.029 0 -2.3439999999999994 -10.029 0 -2.3439999999999994 -9.979000000000001 0 -2.5939999999999994 -9.979000000000001 0 -2.5939999999999994 -10.029 1 -2.3439999999999994 -10.029 1 -2.3439999999999994 -9.979000000000001 1 -2.5939999999999994 -9.979000000000001 1 -9.494 -10.079 0 -9.443999999999999 -10.079 0 -9.443999999999999 -10.029 0 -9.494 -10.029 0 -9.494 -10.079 1 -9.443999999999999 -10.079 1 -9.443999999999999 -10.029 1 -9.494 -10.029 1 -9.344000000000001 -10.079 0 -9.144 -10.079 0 -9.144 -10.029 0 -9.344000000000001 -10.029 0 -9.344000000000001 -10.079 1 -9.144 -10.079 1 -9.144 -10.029 1 -9.344000000000001 -10.029 1 -5.894 -10.079 0 -5.694 -10.079 0 -5.694 -10.029 0 -5.894 -10.029 0 -5.894 -10.079 1 -5.694 -10.079 1 -5.694 -10.029 1 -5.894 -10.029 1 -5.593999999999999 -10.079 0 -5.343999999999999 -10.079 0 -5.343999999999999 -10.029 0 -5.593999999999999 -10.029 0 -5.593999999999999 -10.079 1 -5.343999999999999 -10.079 1 -5.343999999999999 -10.029 1 -5.593999999999999 -10.029 1 -4.7940000000000005 -10.079 0 -4.693999999999999 -10.079 0 -4.693999999999999 -10.029 0 -4.7940000000000005 -10.029 0 -4.7940000000000005 -10.079 1 -4.693999999999999 -10.079 1 -4.693999999999999 -10.029 1 -4.7940000000000005 -10.029 1 -2.7939999999999987 -10.079 0 -2.693999999999999 -10.079 0 -2.693999999999999 -10.029 0 -2.7939999999999987 -10.029 0 -2.7939999999999987 -10.079 1 -2.693999999999999 -10.079 1 -2.693999999999999 -10.029 1 -2.7939999999999987 -10.029 1 -2.644 -10.079 0 -2.394 -10.079 0 -2.394 -10.029 0 -2.644 -10.029 0 -2.644 -10.079 1 -2.394 -10.079 1 -2.394 -10.029 1 -2.644 -10.029 1 -9.594 -10.129000000000001 0 -9.544 -10.129000000000001 0 -9.544 -10.079 0 -9.594 -10.079 0 -9.594 -10.129000000000001 1 -9.544 -10.129000000000001 1 -9.544 -10.079 1 -9.594 -10.079 1 -9.443999999999999 -10.129000000000001 0 -9.394 -10.129000000000001 0 -9.394 -10.079 0 -9.443999999999999 -10.079 0 -9.443999999999999 -10.129000000000001 1 -9.394 -10.129000000000001 1 -9.394 -10.079 1 -9.443999999999999 -10.079 1 -9.294 -10.129000000000001 0 -9.193999999999999 -10.129000000000001 0 -9.193999999999999 -10.079 0 -9.294 -10.079 0 -9.294 -10.129000000000001 1 -9.193999999999999 -10.129000000000001 1 -9.193999999999999 -10.079 1 -9.294 -10.079 1 -6.843999999999999 -10.129000000000001 0 -6.794 -10.129000000000001 0 -6.794 -10.079 0 -6.843999999999999 -10.079 0 -6.843999999999999 -10.129000000000001 1 -6.794 -10.129000000000001 1 -6.794 -10.079 1 -6.843999999999999 -10.079 1 -5.843999999999999 -10.129000000000001 0 -5.694 -10.129000000000001 0 -5.694 -10.079 0 -5.843999999999999 -10.079 0 -5.843999999999999 -10.129000000000001 1 -5.694 -10.129000000000001 1 -5.694 -10.079 1 -5.843999999999999 -10.079 1 -5.593999999999999 -10.129000000000001 0 -5.494 -10.129000000000001 0 -5.494 -10.079 0 -5.593999999999999 -10.079 0 -5.593999999999999 -10.129000000000001 1 -5.494 -10.129000000000001 1 -5.494 -10.079 1 -5.593999999999999 -10.079 1 -5.394 -10.129000000000001 0 -5.343999999999999 -10.129000000000001 0 -5.343999999999999 -10.079 0 -5.394 -10.079 0 -5.394 -10.129000000000001 1 -5.343999999999999 -10.129000000000001 1 -5.343999999999999 -10.079 1 -5.394 -10.079 1 -2.693999999999999 -10.129000000000001 0 -2.4939999999999998 -10.129000000000001 0 -2.4939999999999998 -10.079 0 -2.693999999999999 -10.079 0 -2.693999999999999 -10.129000000000001 1 -2.4939999999999998 -10.129000000000001 1 -2.4939999999999998 -10.079 1 -2.693999999999999 -10.079 1 -2.443999999999999 -10.129000000000001 0 -2.394 -10.129000000000001 0 -2.394 -10.079 0 -2.443999999999999 -10.079 0 -2.443999999999999 -10.129000000000001 1 -2.394 -10.129000000000001 1 -2.394 -10.079 1 -2.443999999999999 -10.079 1 -6.644 -10.179 0 -6.593999999999999 -10.179 0 -6.593999999999999 -10.079 0 -6.644 -10.079 0 -6.644 -10.179 1 -6.593999999999999 -10.179 1 -6.593999999999999 -10.079 1 -6.644 -10.079 1 -5.843999999999999 -10.179 0 -5.644 -10.179 0 -5.644 -10.129000000000001 0 -5.843999999999999 -10.129000000000001 0 -5.843999999999999 -10.179 1 -5.644 -10.179 1 -5.644 -10.129000000000001 1 -5.843999999999999 -10.129000000000001 1 -2.7939999999999987 -10.179 0 -2.4939999999999998 -10.179 0 -2.4939999999999998 -10.129000000000001 0 -2.7939999999999987 -10.129000000000001 0 -2.7939999999999987 -10.179 1 -2.4939999999999998 -10.179 1 -2.4939999999999998 -10.129000000000001 1 -2.7939999999999987 -10.129000000000001 1 -9.494 -10.229000000000001 0 -9.443999999999999 -10.229000000000001 0 -9.443999999999999 -10.179 0 -9.494 -10.179 0 -9.494 -10.229000000000001 1 -9.443999999999999 -10.229000000000001 1 -9.443999999999999 -10.179 1 -9.494 -10.179 1 -9.344000000000001 -10.229000000000001 0 -9.193999999999999 -10.229000000000001 0 -9.193999999999999 -10.179 0 -9.344000000000001 -10.179 0 -9.344000000000001 -10.229000000000001 1 -9.193999999999999 -10.229000000000001 1 -9.193999999999999 -10.179 1 -9.344000000000001 -10.179 1 -5.894 -10.229000000000001 0 -5.843999999999999 -10.229000000000001 0 -5.843999999999999 -10.179 0 -5.894 -10.179 0 -5.894 -10.229000000000001 1 -5.843999999999999 -10.229000000000001 1 -5.843999999999999 -10.179 1 -5.894 -10.179 1 -5.794 -10.229000000000001 0 -5.694 -10.229000000000001 0 -5.694 -10.179 0 -5.794 -10.179 0 -5.794 -10.229000000000001 1 -5.694 -10.229000000000001 1 -5.694 -10.179 1 -5.794 -10.179 1 -3.144 -10.229000000000001 0 -3.0939999999999994 -10.229000000000001 0 -3.0939999999999994 -10.179 0 -3.144 -10.179 0 -3.144 -10.229000000000001 1 -3.0939999999999994 -10.229000000000001 1 -3.0939999999999994 -10.179 1 -3.144 -10.179 1 -3.0439999999999987 -10.229000000000001 0 -2.4939999999999998 -10.229000000000001 0 -2.4939999999999998 -10.179 0 -3.0439999999999987 -10.179 0 -3.0439999999999987 -10.229000000000001 1 -2.4939999999999998 -10.229000000000001 1 -2.4939999999999998 -10.179 1 -3.0439999999999987 -10.179 1 -9.544 -10.279 0 -9.443999999999999 -10.279 0 -9.443999999999999 -10.229000000000001 0 -9.544 -10.229000000000001 0 -9.544 -10.279 1 -9.443999999999999 -10.279 1 -9.443999999999999 -10.229000000000001 1 -9.544 -10.229000000000001 1 -9.394 -10.279 0 -9.344000000000001 -10.279 0 -9.344000000000001 -10.229000000000001 0 -9.394 -10.229000000000001 0 -9.394 -10.279 1 -9.344000000000001 -10.279 1 -9.344000000000001 -10.229000000000001 1 -9.394 -10.229000000000001 1 -5.843999999999999 -10.279 0 -5.694 -10.279 0 -5.694 -10.229000000000001 0 -5.843999999999999 -10.229000000000001 0 -5.843999999999999 -10.279 1 -5.694 -10.279 1 -5.694 -10.229000000000001 1 -5.843999999999999 -10.229000000000001 1 -5.244 -10.279 0 -5.193999999999999 -10.279 0 -5.193999999999999 -10.229000000000001 0 -5.244 -10.229000000000001 0 -5.244 -10.279 1 -5.193999999999999 -10.279 1 -5.193999999999999 -10.229000000000001 1 -5.244 -10.229000000000001 1 -3.0439999999999987 -10.279 0 -2.5939999999999994 -10.279 0 -2.5939999999999994 -10.229000000000001 0 -3.0439999999999987 -10.229000000000001 0 -3.0439999999999987 -10.279 1 -2.5939999999999994 -10.279 1 -2.5939999999999994 -10.229000000000001 1 -3.0439999999999987 -10.229000000000001 1 -2.5439999999999987 -10.279 0 -2.4939999999999998 -10.279 0 -2.4939999999999998 -10.229000000000001 0 -2.5439999999999987 -10.229000000000001 0 -2.5439999999999987 -10.279 1 -2.4939999999999998 -10.279 1 -2.4939999999999998 -10.229000000000001 1 -2.5439999999999987 -10.229000000000001 1 -7.144 -10.329 0 -7.093999999999999 -10.329 0 -7.093999999999999 -10.279 0 -7.144 -10.279 0 -7.144 -10.329 1 -7.093999999999999 -10.329 1 -7.093999999999999 -10.279 1 -7.144 -10.279 1 -6.644 -10.329 0 -6.593999999999999 -10.329 0 -6.593999999999999 -10.279 0 -6.644 -10.279 0 -6.644 -10.329 1 -6.593999999999999 -10.329 1 -6.593999999999999 -10.279 1 -6.644 -10.279 1 -5.944 -10.329 0 -5.843999999999999 -10.329 0 -5.843999999999999 -10.279 0 -5.944 -10.279 0 -5.944 -10.329 1 -5.843999999999999 -10.329 1 -5.843999999999999 -10.279 1 -5.944 -10.279 1 -5.794 -10.329 0 -5.744 -10.329 0 -5.744 -10.279 0 -5.794 -10.279 0 -5.794 -10.329 1 -5.744 -10.329 1 -5.744 -10.279 1 -5.794 -10.279 1 -5.2940000000000005 -10.329 0 -5.144 -10.329 0 -5.144 -10.279 0 -5.2940000000000005 -10.279 0 -5.2940000000000005 -10.329 1 -5.144 -10.329 1 -5.144 -10.279 1 -5.2940000000000005 -10.279 1 -3.2439999999999998 -10.329 0 -3.193999999999999 -10.329 0 -3.193999999999999 -10.279 0 -3.2439999999999998 -10.279 0 -3.2439999999999998 -10.329 1 -3.193999999999999 -10.329 1 -3.193999999999999 -10.279 1 -3.2439999999999998 -10.279 1 -3.0439999999999987 -10.329 0 -2.9939999999999998 -10.329 0 -2.9939999999999998 -10.279 0 -3.0439999999999987 -10.279 0 -3.0439999999999987 -10.329 1 -2.9939999999999998 -10.329 1 -2.9939999999999998 -10.279 1 -3.0439999999999987 -10.279 1 -2.943999999999999 -10.329 0 -2.5439999999999987 -10.329 0 -2.5439999999999987 -10.279 0 -2.943999999999999 -10.279 0 -2.943999999999999 -10.329 1 -2.5439999999999987 -10.329 1 -2.5439999999999987 -10.279 1 -2.943999999999999 -10.279 1 -9.494 -10.379000000000001 0 -9.443999999999999 -10.379000000000001 0 -9.443999999999999 -10.329 0 -9.494 -10.329 0 -9.494 -10.379000000000001 1 -9.443999999999999 -10.379000000000001 1 -9.443999999999999 -10.329 1 -9.494 -10.329 1 -9.193999999999999 -10.379000000000001 0 -9.144 -10.379000000000001 0 -9.144 -10.329 0 -9.193999999999999 -10.329 0 -9.193999999999999 -10.379000000000001 1 -9.144 -10.379000000000001 1 -9.144 -10.329 1 -9.193999999999999 -10.329 1 -5.944 -10.379000000000001 0 -5.894 -10.379000000000001 0 -5.894 -10.329 0 -5.944 -10.329 0 -5.944 -10.379000000000001 1 -5.894 -10.379000000000001 1 -5.894 -10.329 1 -5.944 -10.329 1 -5.343999999999999 -10.379000000000001 0 -5.2940000000000005 -10.379000000000001 0 -5.2940000000000005 -10.329 0 -5.343999999999999 -10.329 0 -5.343999999999999 -10.379000000000001 1 -5.2940000000000005 -10.379000000000001 1 -5.2940000000000005 -10.329 1 -5.343999999999999 -10.329 1 -5.244 -10.379000000000001 0 -5.193999999999999 -10.379000000000001 0 -5.193999999999999 -10.329 0 -5.244 -10.329 0 -5.244 -10.379000000000001 1 -5.193999999999999 -10.379000000000001 1 -5.193999999999999 -10.329 1 -5.244 -10.329 1 -5.144 -10.379000000000001 0 -5.0440000000000005 -10.379000000000001 0 -5.0440000000000005 -10.329 0 -5.144 -10.329 0 -5.144 -10.379000000000001 1 -5.0440000000000005 -10.379000000000001 1 -5.0440000000000005 -10.329 1 -5.144 -10.329 1 -3.144 -10.379000000000001 0 -2.5939999999999994 -10.379000000000001 0 -2.5939999999999994 -10.329 0 -3.144 -10.329 0 -3.144 -10.379000000000001 1 -2.5939999999999994 -10.379000000000001 1 -2.5939999999999994 -10.329 1 -3.144 -10.329 1 -9.344000000000001 -10.429 0 -9.294 -10.429 0 -9.294 -10.379000000000001 0 -9.344000000000001 -10.379000000000001 0 -9.344000000000001 -10.429 1 -9.294 -10.429 1 -9.294 -10.379000000000001 1 -9.344000000000001 -10.379000000000001 1 -7.144 -10.429 0 -7.093999999999999 -10.429 0 -7.093999999999999 -10.379000000000001 0 -7.144 -10.379000000000001 0 -7.144 -10.429 1 -7.093999999999999 -10.429 1 -7.093999999999999 -10.379000000000001 1 -7.144 -10.379000000000001 1 -5.144 -10.429 0 -5.093999999999999 -10.429 0 -5.093999999999999 -10.379000000000001 0 -5.144 -10.379000000000001 0 -5.144 -10.429 1 -5.093999999999999 -10.429 1 -5.093999999999999 -10.379000000000001 1 -5.144 -10.379000000000001 1 -3.144 -10.429 0 -3.0439999999999987 -10.429 0 -3.0439999999999987 -10.379000000000001 0 -3.144 -10.379000000000001 0 -3.144 -10.429 1 -3.0439999999999987 -10.429 1 -3.0439999999999987 -10.379000000000001 1 -3.144 -10.379000000000001 1 -2.9939999999999998 -10.429 0 -2.5939999999999994 -10.429 0 -2.5939999999999994 -10.379000000000001 0 -2.9939999999999998 -10.379000000000001 0 -2.9939999999999998 -10.429 1 -2.5939999999999994 -10.429 1 -2.5939999999999994 -10.379000000000001 1 -2.9939999999999998 -10.379000000000001 1 -7.994 -10.479000000000001 0 -7.944 -10.479000000000001 0 -7.944 -10.429 0 -7.994 -10.429 0 -7.994 -10.479000000000001 1 -7.944 -10.479000000000001 1 -7.944 -10.429 1 -7.994 -10.429 1 -7.044 -10.479000000000001 0 -6.994 -10.479000000000001 0 -6.994 -10.429 0 -7.044 -10.429 0 -7.044 -10.479000000000001 1 -6.994 -10.479000000000001 1 -6.994 -10.429 1 -7.044 -10.429 1 -6.794 -10.479000000000001 0 -6.744 -10.479000000000001 0 -6.744 -10.429 0 -6.794 -10.429 0 -6.794 -10.479000000000001 1 -6.744 -10.479000000000001 1 -6.744 -10.429 1 -6.794 -10.429 1 -3.144 -10.479000000000001 0 -2.644 -10.479000000000001 0 -2.644 -10.429 0 -3.144 -10.429 0 -3.144 -10.479000000000001 1 -2.644 -10.479000000000001 1 -2.644 -10.429 1 -3.144 -10.429 1 -9.644 -10.529 0 -9.494 -10.529 0 -9.494 -10.479000000000001 0 -9.644 -10.479000000000001 0 -9.644 -10.529 1 -9.494 -10.529 1 -9.494 -10.479000000000001 1 -9.644 -10.479000000000001 1 -8.844000000000001 -10.529 0 -8.794 -10.529 0 -8.794 -10.479000000000001 0 -8.844000000000001 -10.479000000000001 0 -8.844000000000001 -10.529 1 -8.794 -10.529 1 -8.794 -10.479000000000001 1 -8.844000000000001 -10.479000000000001 1 -5.843999999999999 -10.529 0 -5.794 -10.529 0 -5.794 -10.479000000000001 0 -5.843999999999999 -10.479000000000001 0 -5.843999999999999 -10.529 1 -5.794 -10.529 1 -5.794 -10.479000000000001 1 -5.843999999999999 -10.479000000000001 1 -5.744 -10.529 0 -5.694 -10.529 0 -5.694 -10.479000000000001 0 -5.744 -10.479000000000001 0 -5.744 -10.529 1 -5.694 -10.529 1 -5.694 -10.479000000000001 1 -5.744 -10.479000000000001 1 -3.2939999999999987 -10.529 0 -3.2439999999999998 -10.529 0 -3.2439999999999998 -10.479000000000001 0 -3.2939999999999987 -10.479000000000001 0 -3.2939999999999987 -10.529 1 -3.2439999999999998 -10.529 1 -3.2439999999999998 -10.479000000000001 1 -3.2939999999999987 -10.479000000000001 1 -3.193999999999999 -10.529 0 -3.0939999999999994 -10.529 0 -3.0939999999999994 -10.479000000000001 0 -3.193999999999999 -10.479000000000001 0 -3.193999999999999 -10.529 1 -3.0939999999999994 -10.529 1 -3.0939999999999994 -10.479000000000001 1 -3.193999999999999 -10.479000000000001 1 -2.9939999999999998 -10.529 0 -2.693999999999999 -10.529 0 -2.693999999999999 -10.479000000000001 0 -2.9939999999999998 -10.479000000000001 0 -2.9939999999999998 -10.529 1 -2.693999999999999 -10.529 1 -2.693999999999999 -10.479000000000001 1 -2.9939999999999998 -10.479000000000001 1 -7.194 -10.579 0 -7.144 -10.579 0 -7.144 -10.529 0 -7.194 -10.529 0 -7.194 -10.579 1 -7.144 -10.579 1 -7.144 -10.529 1 -7.194 -10.529 1 -7.093999999999999 -10.579 0 -7.044 -10.579 0 -7.044 -10.529 0 -7.093999999999999 -10.529 0 -7.093999999999999 -10.579 1 -7.044 -10.579 1 -7.044 -10.529 1 -7.093999999999999 -10.529 1 -6.994 -10.579 0 -6.944 -10.579 0 -6.944 -10.529 0 -6.994 -10.529 0 -6.994 -10.579 1 -6.944 -10.579 1 -6.944 -10.529 1 -6.994 -10.529 1 -5.994 -10.579 0 -5.843999999999999 -10.579 0 -5.843999999999999 -10.529 0 -5.994 -10.529 0 -5.994 -10.579 1 -5.843999999999999 -10.579 1 -5.843999999999999 -10.529 1 -5.994 -10.529 1 -3.193999999999999 -10.579 0 -2.693999999999999 -10.579 0 -2.693999999999999 -10.529 0 -3.193999999999999 -10.529 0 -3.193999999999999 -10.579 1 -2.693999999999999 -10.579 1 -2.693999999999999 -10.529 1 -3.193999999999999 -10.529 1 -9.494 -10.629000000000001 0 -9.443999999999999 -10.629000000000001 0 -9.443999999999999 -10.529 0 -9.494 -10.529 0 -9.494 -10.629000000000001 1 -9.443999999999999 -10.629000000000001 1 -9.443999999999999 -10.529 1 -9.494 -10.529 1 -7.244 -10.629000000000001 0 -7.194 -10.629000000000001 0 -7.194 -10.579 0 -7.244 -10.579 0 -7.244 -10.629000000000001 1 -7.194 -10.629000000000001 1 -7.194 -10.579 1 -7.244 -10.579 1 -5.994 -10.629000000000001 0 -5.944 -10.629000000000001 0 -5.944 -10.579 0 -5.994 -10.579 0 -5.994 -10.629000000000001 1 -5.944 -10.629000000000001 1 -5.944 -10.579 1 -5.994 -10.579 1 -2.7939999999999987 -10.629000000000001 0 -2.7439999999999998 -10.629000000000001 0 -2.7439999999999998 -10.579 0 -2.7939999999999987 -10.579 0 -2.7939999999999987 -10.629000000000001 1 -2.7439999999999998 -10.629000000000001 1 -2.7439999999999998 -10.579 1 -2.7939999999999987 -10.579 1 -9.693999999999999 -10.679 0 -9.644 -10.679 0 -9.644 -10.629000000000001 0 -9.693999999999999 -10.629000000000001 0 -9.693999999999999 -10.679 1 -9.644 -10.679 1 -9.644 -10.629000000000001 1 -9.693999999999999 -10.629000000000001 1 -9.044 -10.679 0 -8.994 -10.679 0 -8.994 -10.629000000000001 0 -9.044 -10.629000000000001 0 -9.044 -10.679 1 -8.994 -10.679 1 -8.994 -10.629000000000001 1 -9.044 -10.629000000000001 1 -7.343999999999999 -10.679 0 -7.244 -10.679 0 -7.244 -10.629000000000001 0 -7.343999999999999 -10.629000000000001 0 -7.343999999999999 -10.679 1 -7.244 -10.679 1 -7.244 -10.629000000000001 1 -7.343999999999999 -10.629000000000001 1 -6.994 -10.679 0 -6.944 -10.679 0 -6.944 -10.629000000000001 0 -6.994 -10.629000000000001 0 -6.994 -10.679 1 -6.944 -10.679 1 -6.944 -10.629000000000001 1 -6.994 -10.629000000000001 1 -5.994 -10.679 0 -5.894 -10.679 0 -5.894 -10.629000000000001 0 -5.994 -10.629000000000001 0 -5.994 -10.679 1 -5.894 -10.679 1 -5.894 -10.629000000000001 1 -5.994 -10.629000000000001 1 -3.0939999999999994 -10.679 0 -2.8439999999999994 -10.679 0 -2.8439999999999994 -10.579 0 -3.0939999999999994 -10.579 0 -3.0939999999999994 -10.679 1 -2.8439999999999994 -10.679 1 -2.8439999999999994 -10.579 1 -3.0939999999999994 -10.579 1 -8.443999999999999 -10.729000000000001 0 -8.394 -10.729000000000001 0 -8.394 -10.679 0 -8.443999999999999 -10.679 0 -8.443999999999999 -10.729000000000001 1 -8.394 -10.729000000000001 1 -8.394 -10.679 1 -8.443999999999999 -10.679 1 -7.394 -10.729000000000001 0 -7.343999999999999 -10.729000000000001 0 -7.343999999999999 -10.679 0 -7.394 -10.679 0 -7.394 -10.729000000000001 1 -7.343999999999999 -10.729000000000001 1 -7.343999999999999 -10.679 1 -7.394 -10.679 1 -7.194 -10.729000000000001 0 -7.144 -10.729000000000001 0 -7.144 -10.679 0 -7.194 -10.679 0 -7.194 -10.729000000000001 1 -7.144 -10.729000000000001 1 -7.144 -10.679 1 -7.194 -10.679 1 -6.944 -10.729000000000001 0 -6.894 -10.729000000000001 0 -6.894 -10.679 0 -6.944 -10.679 0 -6.944 -10.729000000000001 1 -6.894 -10.729000000000001 1 -6.894 -10.679 1 -6.944 -10.679 1 -3.193999999999999 -10.729000000000001 0 -2.8439999999999994 -10.729000000000001 0 -2.8439999999999994 -10.679 0 -3.193999999999999 -10.679 0 -3.193999999999999 -10.729000000000001 1 -2.8439999999999994 -10.729000000000001 1 -2.8439999999999994 -10.679 1 -3.193999999999999 -10.679 1 -9.594 -10.779 0 -9.544 -10.779 0 -9.544 -10.579 0 -9.594 -10.579 0 -9.594 -10.779 1 -9.544 -10.779 1 -9.544 -10.579 1 -9.594 -10.579 1 -9.494 -10.779 0 -9.443999999999999 -10.779 0 -9.443999999999999 -10.729000000000001 0 -9.494 -10.729000000000001 0 -9.494 -10.779 1 -9.443999999999999 -10.779 1 -9.443999999999999 -10.729000000000001 1 -9.494 -10.729000000000001 1 -8.494 -10.779 0 -8.294 -10.779 0 -8.294 -10.729000000000001 0 -8.494 -10.729000000000001 0 -8.494 -10.779 1 -8.294 -10.779 1 -8.294 -10.729000000000001 1 -8.494 -10.729000000000001 1 -7.343999999999999 -10.779 0 -7.294 -10.779 0 -7.294 -10.729000000000001 0 -7.343999999999999 -10.729000000000001 0 -7.343999999999999 -10.779 1 -7.294 -10.779 1 -7.294 -10.729000000000001 1 -7.343999999999999 -10.729000000000001 1 -6.843999999999999 -10.779 0 -6.694 -10.779 0 -6.694 -10.729000000000001 0 -6.843999999999999 -10.729000000000001 0 -6.843999999999999 -10.779 1 -6.694 -10.779 1 -6.694 -10.729000000000001 1 -6.843999999999999 -10.729000000000001 1 -5.994 -10.779 0 -5.843999999999999 -10.779 0 -5.843999999999999 -10.679 0 -5.994 -10.679 0 -5.994 -10.779 1 -5.843999999999999 -10.779 1 -5.843999999999999 -10.679 1 -5.994 -10.679 1 -3.144 -10.779 0 -2.894 -10.779 0 -2.894 -10.729000000000001 0 -3.144 -10.729000000000001 0 -3.144 -10.779 1 -2.894 -10.779 1 -2.894 -10.729000000000001 1 -3.144 -10.729000000000001 1 -11.294 -10.829 0 -11.244 -10.829 0 -11.244 -10.779 0 -11.294 -10.779 0 -11.294 -10.829 1 -11.244 -10.829 1 -11.244 -10.779 1 -11.294 -10.779 1 -7.644 -10.829 0 -7.494 -10.829 0 -7.494 -10.779 0 -7.644 -10.779 0 -7.644 -10.829 1 -7.494 -10.829 1 -7.494 -10.779 1 -7.644 -10.779 1 -6.894 -10.829 0 -6.644 -10.829 0 -6.644 -10.779 0 -6.894 -10.779 0 -6.894 -10.829 1 -6.644 -10.829 1 -6.644 -10.779 1 -6.894 -10.779 1 -5.994 -10.829 0 -5.944 -10.829 0 -5.944 -10.779 0 -5.994 -10.779 0 -5.994 -10.829 1 -5.944 -10.829 1 -5.944 -10.779 1 -5.994 -10.779 1 -5.843999999999999 -10.829 0 -5.694 -10.829 0 -5.694 -10.779 0 -5.843999999999999 -10.779 0 -5.843999999999999 -10.829 1 -5.694 -10.829 1 -5.694 -10.779 1 -5.843999999999999 -10.779 1 -3.193999999999999 -10.829 0 -2.894 -10.829 0 -2.894 -10.779 0 -3.193999999999999 -10.779 0 -3.193999999999999 -10.829 1 -2.894 -10.829 1 -2.894 -10.779 1 -3.193999999999999 -10.779 1 -2.8439999999999994 -10.829 0 -2.7939999999999987 -10.829 0 -2.7939999999999987 -10.779 0 -2.8439999999999994 -10.779 0 -2.8439999999999994 -10.829 1 -2.7939999999999987 -10.829 1 -2.7939999999999987 -10.779 1 -2.8439999999999994 -10.779 1 -8.494 -10.879000000000001 0 -8.443999999999999 -10.879000000000001 0 -8.443999999999999 -10.779 0 -8.494 -10.779 0 -8.494 -10.879000000000001 1 -8.443999999999999 -10.879000000000001 1 -8.443999999999999 -10.779 1 -8.494 -10.779 1 -7.544 -10.879000000000001 0 -7.494 -10.879000000000001 0 -7.494 -10.829 0 -7.544 -10.829 0 -7.544 -10.879000000000001 1 -7.494 -10.879000000000001 1 -7.494 -10.829 1 -7.544 -10.829 1 -7.394 -10.879000000000001 0 -7.343999999999999 -10.879000000000001 0 -7.343999999999999 -10.779 0 -7.394 -10.779 0 -7.394 -10.879000000000001 1 -7.343999999999999 -10.879000000000001 1 -7.343999999999999 -10.779 1 -7.394 -10.779 1 -7.194 -10.879000000000001 0 -7.044 -10.879000000000001 0 -7.044 -10.829 0 -7.194 -10.829 0 -7.194 -10.879000000000001 1 -7.044 -10.879000000000001 1 -7.044 -10.829 1 -7.194 -10.829 1 -6.994 -10.879000000000001 0 -6.593999999999999 -10.879000000000001 0 -6.593999999999999 -10.829 0 -6.994 -10.829 0 -6.994 -10.879000000000001 1 -6.593999999999999 -10.879000000000001 1 -6.593999999999999 -10.829 1 -6.994 -10.829 1 -5.794 -10.879000000000001 0 -5.744 -10.879000000000001 0 -5.744 -10.829 0 -5.794 -10.829 0 -5.794 -10.879000000000001 1 -5.744 -10.879000000000001 1 -5.744 -10.829 1 -5.794 -10.829 1 -3.443999999999999 -10.879000000000001 0 -3.394 -10.879000000000001 0 -3.394 -10.829 0 -3.443999999999999 -10.829 0 -3.443999999999999 -10.879000000000001 1 -3.394 -10.879000000000001 1 -3.394 -10.829 1 -3.443999999999999 -10.829 1 -3.3439999999999994 -10.879000000000001 0 -2.943999999999999 -10.879000000000001 0 -2.943999999999999 -10.829 0 -3.3439999999999994 -10.829 0 -3.3439999999999994 -10.879000000000001 1 -2.943999999999999 -10.879000000000001 1 -2.943999999999999 -10.829 1 -3.3439999999999994 -10.829 1 -2.894 -10.879000000000001 0 -2.8439999999999994 -10.879000000000001 0 -2.8439999999999994 -10.829 0 -2.894 -10.829 0 -2.894 -10.879000000000001 1 -2.8439999999999994 -10.879000000000001 1 -2.8439999999999994 -10.829 1 -2.894 -10.829 1 -8.394 -10.929 0 -8.344 -10.929 0 -8.344 -10.879000000000001 0 -8.394 -10.879000000000001 0 -8.394 -10.929 1 -8.344 -10.929 1 -8.344 -10.879000000000001 1 -8.394 -10.879000000000001 1 -7.444 -10.929 0 -7.394 -10.929 0 -7.394 -10.879000000000001 0 -7.444 -10.879000000000001 0 -7.444 -10.929 1 -7.394 -10.929 1 -7.394 -10.879000000000001 1 -7.444 -10.879000000000001 1 -7.343999999999999 -10.929 0 -7.294 -10.929 0 -7.294 -10.879000000000001 0 -7.343999999999999 -10.879000000000001 0 -7.343999999999999 -10.929 1 -7.294 -10.929 1 -7.294 -10.879000000000001 1 -7.343999999999999 -10.879000000000001 1 -7.194 -10.929 0 -7.144 -10.929 0 -7.144 -10.879000000000001 0 -7.194 -10.879000000000001 0 -7.194 -10.929 1 -7.144 -10.929 1 -7.144 -10.879000000000001 1 -7.194 -10.879000000000001 1 -7.093999999999999 -10.929 0 -6.944 -10.929 0 -6.944 -10.879000000000001 0 -7.093999999999999 -10.879000000000001 0 -7.093999999999999 -10.929 1 -6.944 -10.929 1 -6.944 -10.879000000000001 1 -7.093999999999999 -10.879000000000001 1 -6.843999999999999 -10.929 0 -6.794 -10.929 0 -6.794 -10.879000000000001 0 -6.843999999999999 -10.879000000000001 0 -6.843999999999999 -10.929 1 -6.794 -10.929 1 -6.794 -10.879000000000001 1 -6.843999999999999 -10.879000000000001 1 -6.744 -10.929 0 -6.694 -10.929 0 -6.694 -10.879000000000001 0 -6.744 -10.879000000000001 0 -6.744 -10.929 1 -6.694 -10.929 1 -6.694 -10.879000000000001 1 -6.744 -10.879000000000001 1 -6.644 -10.929 0 -6.593999999999999 -10.929 0 -6.593999999999999 -10.879000000000001 0 -6.644 -10.879000000000001 0 -6.644 -10.929 1 -6.593999999999999 -10.929 1 -6.593999999999999 -10.879000000000001 1 -6.644 -10.879000000000001 1 -3.394 -10.929 0 -3.0439999999999987 -10.929 0 -3.0439999999999987 -10.879000000000001 0 -3.394 -10.879000000000001 0 -3.394 -10.929 1 -3.0439999999999987 -10.929 1 -3.0439999999999987 -10.879000000000001 1 -3.394 -10.879000000000001 1 -2.9939999999999998 -10.929 0 -2.943999999999999 -10.929 0 -2.943999999999999 -10.879000000000001 0 -2.9939999999999998 -10.879000000000001 0 -2.9939999999999998 -10.929 1 -2.943999999999999 -10.929 1 -2.943999999999999 -10.879000000000001 1 -2.9939999999999998 -10.879000000000001 1 -7.644 -10.979000000000001 0 -7.544 -10.979000000000001 0 -7.544 -10.929 0 -7.644 -10.929 0 -7.644 -10.979000000000001 1 -7.544 -10.979000000000001 1 -7.544 -10.929 1 -7.644 -10.929 1 -7.294 -10.979000000000001 0 -7.244 -10.979000000000001 0 -7.244 -10.929 0 -7.294 -10.929 0 -7.294 -10.979000000000001 1 -7.244 -10.979000000000001 1 -7.244 -10.929 1 -7.294 -10.929 1 -7.144 -10.979000000000001 0 -6.994 -10.979000000000001 0 -6.994 -10.929 0 -7.144 -10.929 0 -7.144 -10.979000000000001 1 -6.994 -10.979000000000001 1 -6.994 -10.929 1 -7.144 -10.929 1 -6.944 -10.979000000000001 0 -6.894 -10.979000000000001 0 -6.894 -10.929 0 -6.944 -10.929 0 -6.944 -10.979000000000001 1 -6.894 -10.979000000000001 1 -6.894 -10.929 1 -6.944 -10.929 1 -6.694 -10.979000000000001 0 -6.593999999999999 -10.979000000000001 0 -6.593999999999999 -10.929 0 -6.694 -10.929 0 -6.694 -10.979000000000001 1 -6.593999999999999 -10.979000000000001 1 -6.593999999999999 -10.929 1 -6.694 -10.929 1 -3.5939999999999994 -10.979000000000001 0 -3.5439999999999987 -10.979000000000001 0 -3.5439999999999987 -10.929 0 -3.5939999999999994 -10.929 0 -3.5939999999999994 -10.979000000000001 1 -3.5439999999999987 -10.979000000000001 1 -3.5439999999999987 -10.929 1 -3.5939999999999994 -10.929 1 -3.3439999999999994 -10.979000000000001 0 -3.0939999999999994 -10.979000000000001 0 -3.0939999999999994 -10.929 0 -3.3439999999999994 -10.929 0 -3.3439999999999994 -10.979000000000001 1 -3.0939999999999994 -10.979000000000001 1 -3.0939999999999994 -10.929 1 -3.3439999999999994 -10.929 1 -13.394 -11.029 0 -13.344 -11.029 0 -13.344 -10.979000000000001 0 -13.394 -10.979000000000001 0 -13.394 -11.029 1 -13.344 -11.029 1 -13.344 -10.979000000000001 1 -13.394 -10.979000000000001 1 -8.494 -11.029 0 -8.443999999999999 -11.029 0 -8.443999999999999 -10.979000000000001 0 -8.494 -10.979000000000001 0 -8.494 -11.029 1 -8.443999999999999 -11.029 1 -8.443999999999999 -10.979000000000001 1 -8.494 -10.979000000000001 1 -7.794 -11.029 0 -7.744 -11.029 0 -7.744 -10.979000000000001 0 -7.794 -10.979000000000001 0 -7.794 -11.029 1 -7.744 -11.029 1 -7.744 -10.979000000000001 1 -7.794 -10.979000000000001 1 -6.843999999999999 -11.029 0 -6.794 -11.029 0 -6.794 -10.979000000000001 0 -6.843999999999999 -10.979000000000001 0 -6.843999999999999 -11.029 1 -6.794 -11.029 1 -6.794 -10.979000000000001 1 -6.843999999999999 -10.979000000000001 1 -6.644 -11.029 0 -6.593999999999999 -11.029 0 -6.593999999999999 -10.979000000000001 0 -6.644 -10.979000000000001 0 -6.644 -11.029 1 -6.593999999999999 -11.029 1 -6.593999999999999 -10.979000000000001 1 -6.644 -10.979000000000001 1 -3.693999999999999 -11.029 0 -3.443999999999999 -11.029 0 -3.443999999999999 -10.979000000000001 0 -3.693999999999999 -10.979000000000001 0 -3.693999999999999 -11.029 1 -3.443999999999999 -11.029 1 -3.443999999999999 -10.979000000000001 1 -3.693999999999999 -10.979000000000001 1 -3.3439999999999994 -11.029 0 -3.193999999999999 -11.029 0 -3.193999999999999 -10.979000000000001 0 -3.3439999999999994 -10.979000000000001 0 -3.3439999999999994 -11.029 1 -3.193999999999999 -11.029 1 -3.193999999999999 -10.979000000000001 1 -3.3439999999999994 -10.979000000000001 1 -7.644 -11.079 0 -7.593999999999999 -11.079 0 -7.593999999999999 -11.029 0 -7.644 -11.029 0 -7.644 -11.079 1 -7.593999999999999 -11.079 1 -7.593999999999999 -11.029 1 -7.644 -11.029 1 -3.7439999999999998 -11.079 0 -3.0939999999999994 -11.079 0 -3.0939999999999994 -11.029 0 -3.7439999999999998 -11.029 0 -3.7439999999999998 -11.079 1 -3.0939999999999994 -11.079 1 -3.0939999999999994 -11.029 1 -3.7439999999999998 -11.029 1 -3.7439999999999998 -11.129000000000001 0 -3.193999999999999 -11.129000000000001 0 -3.193999999999999 -11.079 0 -3.7439999999999998 -11.079 0 -3.7439999999999998 -11.129000000000001 1 -3.193999999999999 -11.129000000000001 1 -3.193999999999999 -11.079 1 -3.7439999999999998 -11.079 1 -3.7939999999999987 -11.179 0 -3.193999999999999 -11.179 0 -3.193999999999999 -11.129000000000001 0 -3.7939999999999987 -11.129000000000001 0 -3.7939999999999987 -11.179 1 -3.193999999999999 -11.179 1 -3.193999999999999 -11.129000000000001 1 -3.7939999999999987 -11.129000000000001 1 -3.5439999999999987 -11.229000000000001 0 -3.2439999999999998 -11.229000000000001 0 -3.2439999999999998 -11.179 0 -3.5439999999999987 -11.179 0 -3.5439999999999987 -11.229000000000001 1 -3.2439999999999998 -11.229000000000001 1 -3.2439999999999998 -11.179 1 -3.5439999999999987 -11.179 1 -3.193999999999999 -11.229000000000001 0 -3.144 -11.229000000000001 0 -3.144 -11.179 0 -3.193999999999999 -11.179 0 -3.193999999999999 -11.229000000000001 1 -3.144 -11.229000000000001 1 -3.144 -11.179 1 -3.193999999999999 -11.179 1 -12.994 -11.279 0 -12.944 -11.279 0 -12.944 -11.229000000000001 0 -12.994 -11.229000000000001 0 -12.994 -11.279 1 -12.944 -11.279 1 -12.944 -11.229000000000001 1 -12.994 -11.229000000000001 1 -7.894 -11.279 0 -7.843999999999999 -11.279 0 -7.843999999999999 -11.229000000000001 0 -7.894 -11.229000000000001 0 -7.894 -11.279 1 -7.843999999999999 -11.279 1 -7.843999999999999 -11.229000000000001 1 -7.894 -11.229000000000001 1 -3.5439999999999987 -11.279 0 -3.193999999999999 -11.279 0 -3.193999999999999 -11.229000000000001 0 -3.5439999999999987 -11.229000000000001 0 -3.5439999999999987 -11.279 1 -3.193999999999999 -11.279 1 -3.193999999999999 -11.229000000000001 1 -3.5439999999999987 -11.229000000000001 1 -8.344 -11.329 0 -8.294 -11.329 0 -8.294 -11.279 0 -8.344 -11.279 0 -8.344 -11.329 1 -8.294 -11.329 1 -8.294 -11.279 1 -8.344 -11.279 1 -3.5939999999999994 -11.329 0 -3.5439999999999987 -11.329 0 -3.5439999999999987 -11.279 0 -3.5939999999999994 -11.279 0 -3.5939999999999994 -11.329 1 -3.5439999999999987 -11.329 1 -3.5439999999999987 -11.279 1 -3.5939999999999994 -11.279 1 -3.4939999999999998 -11.329 0 -3.2439999999999998 -11.329 0 -3.2439999999999998 -11.279 0 -3.4939999999999998 -11.279 0 -3.4939999999999998 -11.329 1 -3.2439999999999998 -11.329 1 -3.2439999999999998 -11.279 1 -3.4939999999999998 -11.279 1 -9.244 -11.379000000000001 0 -9.193999999999999 -11.379000000000001 0 -9.193999999999999 -11.329 0 -9.244 -11.329 0 -9.244 -11.379000000000001 1 -9.193999999999999 -11.379000000000001 1 -9.193999999999999 -11.329 1 -9.244 -11.329 1 -8.144 -11.379000000000001 0 -8.094 -11.379000000000001 0 -8.094 -11.329 0 -8.144 -11.329 0 -8.144 -11.379000000000001 1 -8.094 -11.379000000000001 1 -8.094 -11.329 1 -8.144 -11.329 1 -7.994 -11.379000000000001 0 -7.944 -11.379000000000001 0 -7.944 -11.329 0 -7.994 -11.329 0 -7.994 -11.379000000000001 1 -7.944 -11.379000000000001 1 -7.944 -11.329 1 -7.994 -11.329 1 -7.894 -11.379000000000001 0 -7.843999999999999 -11.379000000000001 0 -7.843999999999999 -11.329 0 -7.894 -11.329 0 -7.894 -11.379000000000001 1 -7.843999999999999 -11.379000000000001 1 -7.843999999999999 -11.329 1 -7.894 -11.329 1 -7.794 -11.379000000000001 0 -7.744 -11.379000000000001 0 -7.744 -11.329 0 -7.794 -11.329 0 -7.794 -11.379000000000001 1 -7.744 -11.379000000000001 1 -7.744 -11.329 1 -7.794 -11.329 1 -3.4939999999999998 -11.379000000000001 0 -3.3439999999999994 -11.379000000000001 0 -3.3439999999999994 -11.329 0 -3.4939999999999998 -11.329 0 -3.4939999999999998 -11.379000000000001 1 -3.3439999999999994 -11.379000000000001 1 -3.3439999999999994 -11.329 1 -3.4939999999999998 -11.329 1 -8.094 -11.429 0 -8.044 -11.429 0 -8.044 -11.379000000000001 0 -8.094 -11.379000000000001 0 -8.094 -11.429 1 -8.044 -11.429 1 -8.044 -11.379000000000001 1 -8.094 -11.379000000000001 1 -3.5939999999999994 -11.429 0 -3.2939999999999987 -11.429 0 -3.2939999999999987 -11.379000000000001 0 -3.5939999999999994 -11.379000000000001 0 -3.5939999999999994 -11.429 1 -3.2939999999999987 -11.429 1 -3.2939999999999987 -11.379000000000001 1 -3.5939999999999994 -11.379000000000001 1 -10.544 -11.479000000000001 0 -10.494 -11.479000000000001 0 -10.494 -11.429 0 -10.544 -11.429 0 -10.544 -11.479000000000001 1 -10.494 -11.479000000000001 1 -10.494 -11.429 1 -10.544 -11.429 1 -3.5939999999999994 -11.479000000000001 0 -3.3439999999999994 -11.479000000000001 0 -3.3439999999999994 -11.429 0 -3.5939999999999994 -11.429 0 -3.5939999999999994 -11.479000000000001 1 -3.3439999999999994 -11.479000000000001 1 -3.3439999999999994 -11.429 1 -3.5939999999999994 -11.429 1 -8.044 -11.529 0 -7.994 -11.529 0 -7.994 -11.429 0 -8.044 -11.429 0 -8.044 -11.529 1 -7.994 -11.529 1 -7.994 -11.429 1 -8.044 -11.429 1 -7.944 -11.529 0 -7.894 -11.529 0 -7.894 -11.479000000000001 0 -7.944 -11.479000000000001 0 -7.944 -11.529 1 -7.894 -11.529 1 -7.894 -11.479000000000001 1 -7.944 -11.479000000000001 1 -3.5939999999999994 -11.529 0 -3.394 -11.529 0 -3.394 -11.479000000000001 0 -3.5939999999999994 -11.479000000000001 0 -3.5939999999999994 -11.529 1 -3.394 -11.529 1 -3.394 -11.479000000000001 1 -3.5939999999999994 -11.479000000000001 1 -10.494 -11.579 0 -10.443999999999999 -11.579 0 -10.443999999999999 -11.479000000000001 0 -10.494 -11.479000000000001 0 -10.494 -11.579 1 -10.443999999999999 -11.579 1 -10.443999999999999 -11.479000000000001 1 -10.494 -11.479000000000001 1 -10.294 -11.579 0 -10.244 -11.579 0 -10.244 -11.529 0 -10.294 -11.529 0 -10.294 -11.579 1 -10.244 -11.579 1 -10.244 -11.529 1 -10.294 -11.529 1 -10.193999999999999 -11.579 0 -10.144 -11.579 0 -10.144 -11.529 0 -10.193999999999999 -11.529 0 -10.193999999999999 -11.579 1 -10.144 -11.579 1 -10.144 -11.529 1 -10.193999999999999 -11.529 1 -8.744 -11.579 0 -8.693999999999999 -11.579 0 -8.693999999999999 -11.529 0 -8.744 -11.529 0 -8.744 -11.579 1 -8.693999999999999 -11.579 1 -8.693999999999999 -11.529 1 -8.744 -11.529 1 -8.094 -11.579 0 -8.044 -11.579 0 -8.044 -11.529 0 -8.094 -11.529 0 -8.094 -11.579 1 -8.044 -11.579 1 -8.044 -11.529 1 -8.094 -11.529 1 -5.494 -11.579 0 -5.343999999999999 -11.579 0 -5.343999999999999 -11.529 0 -5.494 -11.529 0 -5.494 -11.579 1 -5.343999999999999 -11.579 1 -5.343999999999999 -11.529 1 -5.494 -11.529 1 -3.5439999999999987 -11.579 0 -3.394 -11.579 0 -3.394 -11.529 0 -3.5439999999999987 -11.529 0 -3.5439999999999987 -11.579 1 -3.394 -11.579 1 -3.394 -11.529 1 -3.5439999999999987 -11.529 1 -10.693999999999999 -11.629000000000001 0 -10.594 -11.629000000000001 0 -10.594 -11.579 0 -10.693999999999999 -11.579 0 -10.693999999999999 -11.629000000000001 1 -10.594 -11.629000000000001 1 -10.594 -11.579 1 -10.693999999999999 -11.579 1 -10.294 -11.629000000000001 0 -10.144 -11.629000000000001 0 -10.144 -11.579 0 -10.294 -11.579 0 -10.294 -11.629000000000001 1 -10.144 -11.629000000000001 1 -10.144 -11.579 1 -10.294 -11.579 1 -7.894 -11.629000000000001 0 -7.794 -11.629000000000001 0 -7.794 -11.579 0 -7.894 -11.579 0 -7.894 -11.629000000000001 1 -7.794 -11.629000000000001 1 -7.794 -11.579 1 -7.894 -11.579 1 -3.644 -11.629000000000001 0 -3.443999999999999 -11.629000000000001 0 -3.443999999999999 -11.579 0 -3.644 -11.579 0 -3.644 -11.629000000000001 1 -3.443999999999999 -11.629000000000001 1 -3.443999999999999 -11.579 1 -3.644 -11.579 1 -3.394 -11.629000000000001 0 -3.3439999999999994 -11.629000000000001 0 -3.3439999999999994 -11.579 0 -3.394 -11.579 0 -3.394 -11.629000000000001 1 -3.3439999999999994 -11.629000000000001 1 -3.3439999999999994 -11.579 1 -3.394 -11.579 1 -10.693999999999999 -11.679 0 -10.644 -11.679 0 -10.644 -11.629000000000001 0 -10.693999999999999 -11.629000000000001 0 -10.693999999999999 -11.679 1 -10.644 -11.679 1 -10.644 -11.629000000000001 1 -10.693999999999999 -11.629000000000001 1 -10.494 -11.679 0 -10.443999999999999 -11.679 0 -10.443999999999999 -11.629000000000001 0 -10.494 -11.629000000000001 0 -10.494 -11.679 1 -10.443999999999999 -11.679 1 -10.443999999999999 -11.629000000000001 1 -10.494 -11.629000000000001 1 -10.294 -11.679 0 -10.244 -11.679 0 -10.244 -11.629000000000001 0 -10.294 -11.629000000000001 0 -10.294 -11.679 1 -10.244 -11.679 1 -10.244 -11.629000000000001 1 -10.294 -11.629000000000001 1 -10.193999999999999 -11.679 0 -10.144 -11.679 0 -10.144 -11.629000000000001 0 -10.193999999999999 -11.629000000000001 0 -10.193999999999999 -11.679 1 -10.144 -11.679 1 -10.144 -11.629000000000001 1 -10.193999999999999 -11.629000000000001 1 -7.944 -11.679 0 -7.843999999999999 -11.679 0 -7.843999999999999 -11.629000000000001 0 -7.944 -11.629000000000001 0 -7.944 -11.679 1 -7.843999999999999 -11.679 1 -7.843999999999999 -11.629000000000001 1 -7.944 -11.629000000000001 1 -10.594 -11.729000000000001 0 -10.544 -11.729000000000001 0 -10.544 -11.679 0 -10.594 -11.679 0 -10.594 -11.729000000000001 1 -10.544 -11.729000000000001 1 -10.544 -11.679 1 -10.594 -11.679 1 -10.494 -11.729000000000001 0 -10.294 -11.729000000000001 0 -10.294 -11.679 0 -10.494 -11.679 0 -10.494 -11.729000000000001 1 -10.294 -11.729000000000001 1 -10.294 -11.679 1 -10.494 -11.679 1 -10.244 -11.729000000000001 0 -10.094 -11.729000000000001 0 -10.094 -11.679 0 -10.244 -11.679 0 -10.244 -11.729000000000001 1 -10.094 -11.729000000000001 1 -10.094 -11.679 1 -10.244 -11.679 1 -8.494 -11.729000000000001 0 -8.443999999999999 -11.729000000000001 0 -8.443999999999999 -11.679 0 -8.494 -11.679 0 -8.494 -11.729000000000001 1 -8.443999999999999 -11.729000000000001 1 -8.443999999999999 -11.679 1 -8.494 -11.679 1 -8.144 -11.729000000000001 0 -8.044 -11.729000000000001 0 -8.044 -11.679 0 -8.144 -11.679 0 -8.144 -11.729000000000001 1 -8.044 -11.729000000000001 1 -8.044 -11.679 1 -8.144 -11.679 1 -7.894 -11.729000000000001 0 -7.843999999999999 -11.729000000000001 0 -7.843999999999999 -11.679 0 -7.894 -11.679 0 -7.894 -11.729000000000001 1 -7.843999999999999 -11.729000000000001 1 -7.843999999999999 -11.679 1 -7.894 -11.679 1 -3.693999999999999 -11.729000000000001 0 -3.4939999999999998 -11.729000000000001 0 -3.4939999999999998 -11.629000000000001 0 -3.693999999999999 -11.629000000000001 0 -3.693999999999999 -11.729000000000001 1 -3.4939999999999998 -11.729000000000001 1 -3.4939999999999998 -11.629000000000001 1 -3.693999999999999 -11.629000000000001 1 -10.544 -11.779 0 -10.344 -11.779 0 -10.344 -11.729000000000001 0 -10.544 -11.729000000000001 0 -10.544 -11.779 1 -10.344 -11.779 1 -10.344 -11.729000000000001 1 -10.544 -11.729000000000001 1 -10.294 -11.779 0 -10.094 -11.779 0 -10.094 -11.729000000000001 0 -10.294 -11.729000000000001 0 -10.294 -11.779 1 -10.094 -11.779 1 -10.094 -11.729000000000001 1 -10.294 -11.729000000000001 1 -8.094 -11.779 0 -8.044 -11.779 0 -8.044 -11.729000000000001 0 -8.094 -11.729000000000001 0 -8.094 -11.779 1 -8.044 -11.779 1 -8.044 -11.729000000000001 1 -8.094 -11.729000000000001 1 -7.994 -11.779 0 -7.894 -11.779 0 -7.894 -11.729000000000001 0 -7.994 -11.729000000000001 0 -7.994 -11.779 1 -7.894 -11.779 1 -7.894 -11.729000000000001 1 -7.994 -11.729000000000001 1 -7.843999999999999 -11.779 0 -7.744 -11.779 0 -7.744 -11.729000000000001 0 -7.843999999999999 -11.729000000000001 0 -7.843999999999999 -11.779 1 -7.744 -11.779 1 -7.744 -11.729000000000001 1 -7.843999999999999 -11.729000000000001 1 -3.7439999999999998 -11.779 0 -3.443999999999999 -11.779 0 -3.443999999999999 -11.729000000000001 0 -3.7439999999999998 -11.729000000000001 0 -3.7439999999999998 -11.779 1 -3.443999999999999 -11.779 1 -3.443999999999999 -11.729000000000001 1 -3.7439999999999998 -11.729000000000001 1 -10.644 -11.829 0 -10.544 -11.829 0 -10.544 -11.779 0 -10.644 -11.779 0 -10.644 -11.829 1 -10.544 -11.829 1 -10.544 -11.779 1 -10.644 -11.779 1 -10.494 -11.829 0 -10.394 -11.829 0 -10.394 -11.779 0 -10.494 -11.779 0 -10.494 -11.829 1 -10.394 -11.829 1 -10.394 -11.779 1 -10.494 -11.779 1 -10.344 -11.829 0 -9.994 -11.829 0 -9.994 -11.779 0 -10.344 -11.779 0 -10.344 -11.829 1 -9.994 -11.829 1 -9.994 -11.779 1 -10.344 -11.779 1 -8.894 -11.829 0 -8.844000000000001 -11.829 0 -8.844000000000001 -11.779 0 -8.894 -11.779 0 -8.894 -11.829 1 -8.844000000000001 -11.829 1 -8.844000000000001 -11.779 1 -8.894 -11.779 1 -7.994 -11.829 0 -7.944 -11.829 0 -7.944 -11.779 0 -7.994 -11.779 0 -7.994 -11.829 1 -7.944 -11.829 1 -7.944 -11.779 1 -7.994 -11.779 1 -3.693999999999999 -11.829 0 -3.5439999999999987 -11.829 0 -3.5439999999999987 -11.779 0 -3.693999999999999 -11.779 0 -3.693999999999999 -11.829 1 -3.5439999999999987 -11.829 1 -3.5439999999999987 -11.779 1 -3.693999999999999 -11.779 1 -10.744 -11.879000000000001 0 -10.693999999999999 -11.879000000000001 0 -10.693999999999999 -11.829 0 -10.744 -11.829 0 -10.744 -11.879000000000001 1 -10.693999999999999 -11.879000000000001 1 -10.693999999999999 -11.829 1 -10.744 -11.829 1 -10.544 -11.879000000000001 0 -10.344 -11.879000000000001 0 -10.344 -11.829 0 -10.544 -11.829 0 -10.544 -11.879000000000001 1 -10.344 -11.879000000000001 1 -10.344 -11.829 1 -10.544 -11.829 1 -10.294 -11.879000000000001 0 -10.193999999999999 -11.879000000000001 0 -10.193999999999999 -11.829 0 -10.294 -11.829 0 -10.294 -11.879000000000001 1 -10.193999999999999 -11.879000000000001 1 -10.193999999999999 -11.829 1 -10.294 -11.829 1 -10.144 -11.879000000000001 0 -10.044 -11.879000000000001 0 -10.044 -11.829 0 -10.144 -11.829 0 -10.144 -11.879000000000001 1 -10.044 -11.879000000000001 1 -10.044 -11.829 1 -10.144 -11.829 1 -9.744 -11.879000000000001 0 -9.693999999999999 -11.879000000000001 0 -9.693999999999999 -11.829 0 -9.744 -11.829 0 -9.744 -11.879000000000001 1 -9.693999999999999 -11.879000000000001 1 -9.693999999999999 -11.829 1 -9.744 -11.829 1 -9.644 -11.879000000000001 0 -9.594 -11.879000000000001 0 -9.594 -11.829 0 -9.644 -11.829 0 -9.644 -11.879000000000001 1 -9.594 -11.879000000000001 1 -9.594 -11.829 1 -9.644 -11.829 1 -8.844000000000001 -11.879000000000001 0 -8.693999999999999 -11.879000000000001 0 -8.693999999999999 -11.829 0 -8.844000000000001 -11.829 0 -8.844000000000001 -11.879000000000001 1 -8.693999999999999 -11.879000000000001 1 -8.693999999999999 -11.829 1 -8.844000000000001 -11.829 1 -7.794 -11.879000000000001 0 -7.744 -11.879000000000001 0 -7.744 -11.779 0 -7.794 -11.779 0 -7.794 -11.879000000000001 1 -7.744 -11.879000000000001 1 -7.744 -11.779 1 -7.794 -11.779 1 -7.694 -11.879000000000001 0 -7.644 -11.879000000000001 0 -7.644 -11.829 0 -7.694 -11.829 0 -7.694 -11.879000000000001 1 -7.644 -11.879000000000001 1 -7.644 -11.829 1 -7.694 -11.829 1 -3.7939999999999987 -11.879000000000001 0 -3.5439999999999987 -11.879000000000001 0 -3.5439999999999987 -11.829 0 -3.7939999999999987 -11.829 0 -3.7939999999999987 -11.879000000000001 1 -3.5439999999999987 -11.879000000000001 1 -3.5439999999999987 -11.829 1 -3.7939999999999987 -11.829 1 -10.644 -11.929 0 -10.594 -11.929 0 -10.594 -11.879000000000001 0 -10.644 -11.879000000000001 0 -10.644 -11.929 1 -10.594 -11.929 1 -10.594 -11.879000000000001 1 -10.644 -11.879000000000001 1 -10.544 -11.929 0 -10.144 -11.929 0 -10.144 -11.879000000000001 0 -10.544 -11.879000000000001 0 -10.544 -11.929 1 -10.144 -11.929 1 -10.144 -11.879000000000001 1 -10.544 -11.879000000000001 1 -9.644 -11.929 0 -9.544 -11.929 0 -9.544 -11.879000000000001 0 -9.644 -11.879000000000001 0 -9.644 -11.929 1 -9.544 -11.929 1 -9.544 -11.879000000000001 1 -9.644 -11.879000000000001 1 -8.894 -11.929 0 -8.794 -11.929 0 -8.794 -11.879000000000001 0 -8.894 -11.879000000000001 0 -8.894 -11.929 1 -8.794 -11.929 1 -8.794 -11.879000000000001 1 -8.894 -11.879000000000001 1 -8.594 -11.929 0 -8.544 -11.929 0 -8.544 -11.879000000000001 0 -8.594 -11.879000000000001 0 -8.594 -11.929 1 -8.544 -11.929 1 -8.544 -11.879000000000001 1 -8.594 -11.879000000000001 1 -8.144 -11.929 0 -8.044 -11.929 0 -8.044 -11.829 0 -8.144 -11.829 0 -8.144 -11.929 1 -8.044 -11.929 1 -8.044 -11.829 1 -8.144 -11.829 1 -7.994 -11.929 0 -7.944 -11.929 0 -7.944 -11.879000000000001 0 -7.994 -11.879000000000001 0 -7.994 -11.929 1 -7.944 -11.929 1 -7.944 -11.879000000000001 1 -7.994 -11.879000000000001 1 -7.894 -11.929 0 -7.843999999999999 -11.929 0 -7.843999999999999 -11.879000000000001 0 -7.894 -11.879000000000001 0 -7.894 -11.929 1 -7.843999999999999 -11.929 1 -7.843999999999999 -11.879000000000001 1 -7.894 -11.879000000000001 1 -7.744 -11.929 0 -7.644 -11.929 0 -7.644 -11.879000000000001 0 -7.744 -11.879000000000001 0 -7.744 -11.929 1 -7.644 -11.929 1 -7.644 -11.879000000000001 1 -7.744 -11.879000000000001 1 -10.644 -11.979000000000001 0 -10.344 -11.979000000000001 0 -10.344 -11.929 0 -10.644 -11.929 0 -10.644 -11.979000000000001 1 -10.344 -11.979000000000001 1 -10.344 -11.929 1 -10.644 -11.929 1 -10.294 -11.979000000000001 0 -10.094 -11.979000000000001 0 -10.094 -11.929 0 -10.294 -11.929 0 -10.294 -11.979000000000001 1 -10.094 -11.979000000000001 1 -10.094 -11.929 1 -10.294 -11.929 1 -9.644 -11.979000000000001 0 -9.594 -11.979000000000001 0 -9.594 -11.929 0 -9.644 -11.929 0 -9.644 -11.979000000000001 1 -9.594 -11.979000000000001 1 -9.594 -11.929 1 -9.644 -11.929 1 -9.544 -11.979000000000001 0 -9.494 -11.979000000000001 0 -9.494 -11.929 0 -9.544 -11.929 0 -9.544 -11.979000000000001 1 -9.494 -11.979000000000001 1 -9.494 -11.929 1 -9.544 -11.929 1 -8.994 -11.979000000000001 0 -8.894 -11.979000000000001 0 -8.894 -11.929 0 -8.994 -11.929 0 -8.994 -11.979000000000001 1 -8.894 -11.979000000000001 1 -8.894 -11.929 1 -8.994 -11.929 1 -8.693999999999999 -11.979000000000001 0 -8.644 -11.979000000000001 0 -8.644 -11.929 0 -8.693999999999999 -11.929 0 -8.693999999999999 -11.979000000000001 1 -8.644 -11.979000000000001 1 -8.644 -11.929 1 -8.693999999999999 -11.929 1 -7.944 -11.979000000000001 0 -7.843999999999999 -11.979000000000001 0 -7.843999999999999 -11.929 0 -7.944 -11.929 0 -7.944 -11.979000000000001 1 -7.843999999999999 -11.979000000000001 1 -7.843999999999999 -11.929 1 -7.944 -11.929 1 -3.8439999999999994 -11.979000000000001 0 -3.5939999999999994 -11.979000000000001 0 -3.5939999999999994 -11.879000000000001 0 -3.8439999999999994 -11.879000000000001 0 -3.8439999999999994 -11.979000000000001 1 -3.5939999999999994 -11.979000000000001 1 -3.5939999999999994 -11.879000000000001 1 -3.8439999999999994 -11.879000000000001 1 -10.644 -12.029 0 -10.394 -12.029 0 -10.394 -11.979000000000001 0 -10.644 -11.979000000000001 0 -10.644 -12.029 1 -10.394 -12.029 1 -10.394 -11.979000000000001 1 -10.644 -11.979000000000001 1 -10.344 -12.029 0 -10.144 -12.029 0 -10.144 -11.979000000000001 0 -10.344 -11.979000000000001 0 -10.344 -12.029 1 -10.144 -12.029 1 -10.144 -11.979000000000001 1 -10.344 -11.979000000000001 1 -9.443999999999999 -12.029 0 -9.394 -12.029 0 -9.394 -11.979000000000001 0 -9.443999999999999 -11.979000000000001 0 -9.443999999999999 -12.029 1 -9.394 -12.029 1 -9.394 -11.979000000000001 1 -9.443999999999999 -11.979000000000001 1 -9.094000000000001 -12.029 0 -9.044 -12.029 0 -9.044 -11.979000000000001 0 -9.094000000000001 -11.979000000000001 0 -9.094000000000001 -12.029 1 -9.044 -12.029 1 -9.044 -11.979000000000001 1 -9.094000000000001 -11.979000000000001 1 -7.843999999999999 -12.029 0 -7.794 -12.029 0 -7.794 -11.979000000000001 0 -7.843999999999999 -11.979000000000001 0 -7.843999999999999 -12.029 1 -7.794 -12.029 1 -7.794 -11.979000000000001 1 -7.843999999999999 -11.979000000000001 1 -3.8439999999999994 -12.029 0 -3.644 -12.029 0 -3.644 -11.979000000000001 0 -3.8439999999999994 -11.979000000000001 0 -3.8439999999999994 -12.029 1 -3.644 -12.029 1 -3.644 -11.979000000000001 1 -3.8439999999999994 -11.979000000000001 1 -10.693999999999999 -12.079 0 -10.394 -12.079 0 -10.394 -12.029 0 -10.693999999999999 -12.029 0 -10.693999999999999 -12.079 1 -10.394 -12.079 1 -10.394 -12.029 1 -10.693999999999999 -12.029 1 -10.244 -12.079 0 -10.044 -12.079 0 -10.044 -12.029 0 -10.244 -12.029 0 -10.244 -12.079 1 -10.044 -12.079 1 -10.044 -12.029 1 -10.244 -12.029 1 -9.494 -12.079 0 -9.443999999999999 -12.079 0 -9.443999999999999 -12.029 0 -9.494 -12.029 0 -9.494 -12.079 1 -9.443999999999999 -12.079 1 -9.443999999999999 -12.029 1 -9.494 -12.029 1 -9.394 -12.079 0 -9.294 -12.079 0 -9.294 -12.029 0 -9.394 -12.029 0 -9.394 -12.079 1 -9.294 -12.079 1 -9.294 -12.029 1 -9.394 -12.029 1 -8.844000000000001 -12.079 0 -8.794 -12.079 0 -8.794 -12.029 0 -8.844000000000001 -12.029 0 -8.844000000000001 -12.079 1 -8.794 -12.079 1 -8.794 -12.029 1 -8.844000000000001 -12.029 1 -8.594 -12.079 0 -8.544 -12.079 0 -8.544 -12.029 0 -8.594 -12.029 0 -8.594 -12.079 1 -8.544 -12.079 1 -8.544 -12.029 1 -8.594 -12.029 1 -3.943999999999999 -12.079 0 -3.644 -12.079 0 -3.644 -12.029 0 -3.943999999999999 -12.029 0 -3.943999999999999 -12.079 1 -3.644 -12.079 1 -3.644 -12.029 1 -3.943999999999999 -12.029 1</float_array>
<technique_common><accessor source="#coords" count="17296" stride="3"><param name="X" type="float"/><param name="Y" type="float"/><param name="Z" type="float"/></accessor></technique_common></source>
<vertices id="verts"><input semantic="POSITION" source="#positions"/></vertices>
<triangles material="wall" count="25944"><input semantic="VERTEX" source="#verts" offset="0"/><p>0 2 1 0 3 2 4 5 6 4 6 7 0 1 5 0 5 4 1 2 6 1 6 5 2 3 7 2 7 6 3 0 4 3 4 7 8 10 9 8 11 10 12 13 14 12 14 15 8 9 13 8 13 12 9 10 14 9 14 13 10 11 15 10 15 14 11 8 12 11 12 15 16 18 17 16 19 18 20 21 22 20 22 23 16 17 21 16 21 20 17 18 22 17 22 21 18 19 23 18 23 22 19 16 20 19 20 23 24 26 25 24 27 26 28 29 30 28 30 31 24 25 29 24 29 28 25 26 30 25 30 29 26 27 31 26 31 30 27 24 28 27 28 31 32 34 33 32 35 34 36 37 38 36 38 39 32 33 37 32 37 36 33 34 38 33 38 37 34 35 39 34 39 38 35 32 36 35 36 39 40 42 41 40 43 42 44 45 46 44 46 47 40 41 45 40 45 44 41 42 46 41 46 45 42 43 47 42 47 46 43 40 44 43 44 47 48 50 49 48 51 50 52 53 54 52 54 55 48 49 53 48 53 52 49 50 54 49 54 53 50 51 55 50 55 54 51 48 52 51 52 55 56 58 57 56 59 58 60 61 62 60 62 63 56 57 61 56 61 60 57 58 62 57 62 61 58 59 63 58 63 62 59 56 60 59 60 63 64 66 65 64 67 66 68 69 70 68 70 71 64 65 69 64 69 68 65 66 70 65 70 69 66 67 71 66 71 70 67 64 68 67 68 71 72 74 73 72 75 74 76 77 78 76 78 79 72 73 77 72 77 76 73 74 78 73 78 77 74 75 79 74 79 78 75 72 76 75 76 79 80 82 81 80 83 82 84 85 86 84 86 87 80 81 85 80 85 84 81 82 86 81 86 85 82 83 87 82 87 86 83 80 84 83 84 87 88 90 89 88 91 90 92 93 94 92 94 95 88 89 93 88 93 92 89 90 94 89 94 93 90 91 95 90 95 94 91 88 92 91 92 95 96 98 97 96 99 98 100 101 102 100 102 103 96 97 101 96 101 100 97 98 102 97 102 101 98 99 103 98 103 102 99 96 100 99 100 103 104 106 105 104 107 106 108 109 110 108 110 111 104 105 109 104 109 108 105 106 110 105 110 109 106 107 111 106 111 110 107 104 108 107 108 111 112 114 113 112 115 114 116 117 118 116 118 119 112 113 117 112 117 116 113 114 118 113 118 117 114 115 119 114 119 118 115 112 116 115 116 119 120 122 121 120 123 122 124 125 126 124 126 127 120 121 125 120 125 124 121 122 126 121 126 125 122 123 127 122 127 126 123 120 124 123 124 127 128 130 129 128 131 130 132 133 134 132 134 135 128 129 133 128 133 132 129 130 134 129 134 133 130 131 135 130 135 134 131 128 132 131 132 135 136 138 137 136 139 138 140 141 142 140 142 143 136 137 141 136 141 140 137 138 142 137 142 141 138 139 143 138 143 142 139 136 140 139 140 143 144 146 145 144 147 146 148 149 150 148 150 151 144 145 149 144 149 148 145 146 150 145 150 149 146 147 151 146 151 150 147 144 148 147 148 151 152 154 153 152 155 154 156 157 158 156 158 159 152 153 157 152 157 156 153 154 158 153 158 157 154 155 159 154 159 158 155 152 156 155 156 159 160 162 161 160 163 162 164 165 166 164 166 167 160 161 165 160 165 164 161 162 166 161 166 165 162 163 167 162 167 166 163 160 164 163 164 167 168 170 169 168 171 170 172 173 174 172 174 175 168 169 173 168 173 172 169 170 174 169 174 173 170 171 175 170 175 174 171 168 172 171 172 175 176 178 177 176 179 178 180 181 182 180 182 183 176 177 181 176 181 180 177 178 182 177 182 181 178 179 183 178 183 182 179 176 180 179 180 183 184 186 185 184 187 186 188 189 190 188 190 191 184 185 189 184 189 188 185 186 190 185 190 189 186 187 191 186 191 190 187 184 188 187 188 191 192 194 193 192 195 194 196 197 198 196 198 199 192 193 197 192 197 196 193 194 198 193 198 197 194 195 199 194 199 198 195 192 196 195 196 199 200 202 201 200 203 202 204 205 206 204 206 207 200 201 205 200 205 204 201 202 206 201 206 205 202 203 207 202 207 206 203 200 204 203 204 207 208 210 209 208 211 210 212 213 214 212 214 215 208 209 213 208 213 212 209 210 214 209 214 213 210 211 215 210 215 214 211 208 212 211 212 215 216 218 217 216 219 218 220 221 222 220 222 223 216 217 221 216 221 220 217 218 222 217 222 221 218 219 223 218 223 222 219 216 220 219 220 223 224 226 225 224 227 226 228 229 230 228 230 231 224 225 229 224 229 228 225 226 230 225 230 229 226 227 231 226 231 230 227 224 228 227 228 231 232 234 233 232 235 234 236 237 238 236 238 239 232 233 237 232 237 236 233 234 238 233 238 237 234 235 239 234 239 238 235 232 236 235 236 239 240 242 241 240 243 242 244 245 246 244 246 247 240 241 245 240 245 244 241 242 246 241 246 245 242 243 247 242 247 246 243 240 244 243 244 247 248 250 249 248 251 250 252 253 254 252 254 255 248 249 253 248 253 252 249 250 254 249 254 253 250 251 255 250 255 254 251 248 252 251 252 255 256 258 257 256 259 258 260 261 262 260 262 263 256 257 261 256 261 260 257 258 262 257 262 261 258 259 263 258 263 262 259 256 260 259 260 263 264 266 265 264 267 266 268 269 270 268 270 271 264 265 269 264 269 268 265 266 270 265 270 269 266 267 271 266 271 270 267 264 268 267 268 271 272 274 273 272 275 274 276 277 278 276 278 279 272 273 277 272 277 276 273 274 278 273 278 277 274 275 279 274 279 278 275 272 276 275 276 279 280 282 281 280 283 282 284 285 286 284 286 287 280 281 285 280 285 284 281 282 286 281 286 285 282 283 287 282 287 286 283 280 284 283 284 287 288 290 289 288 291 290 292 293 294 292 294 295 288 289 293 288 293 292 289 290 294 289 294 293 290 291 295 290 295 294 291 288 292 291 292 295 296 298 297 296 299 298 300 301 302 300 302 303 296 297 301 296 301 300 297 298 302 297 302 301 298 299 303 298 303 302 299 296 300 299 300 303 304 306 305 304 307 306 308 309 310 308 310 311 304 305 309 304 309 308 305 306 310 305 310 309 306 307 311 306 311 310 307 304 308 307 308 311 312 314 313 312 315 314 316 317 318 316 318 319 312 313 317 312 317 316 313 314 318 313 318 317 314 315 319 314 319 318 315 312 316 315 316 319 320 322 321 320 323 322 324 325 326 324 326 327 320 321 325 320 325 324 321 322 326 321 326 325 322 323 327 322 327 326 323 320 324 323 324 327 328 330 329 328 331 330 332 333 334 332 334 335 328 329 333 328 333 332 329 330 334 329 334 333 330 331 335 330 335 334 331 328 332 331 332 335 336 338 337 336 339 338 340 341 342 340 342 343 336 337 341 336 341 340 337 338 342 337 342 341 338 339 343 338 343 342 339 336 340 339 340 343 344 346 345 344 347 346 348 349 350 348 350 351 344 345 349 344 349 348 345 346 350 345 350 349 346 347 351 346 351 350 347 344 348 347 348 351 352 354 353 352 355 354 356 357 358 356 358 359 352 353 357 352 357 356 353 354 358 353 358 357 354 355 359 354 359 358 355 352 356 355 356 359 360 362 361 360 363 362 364 365 366 364 366 367 360 361 365 360 365 364 361 362 366 361 366 365 362 363 367 362 367 366 363 360 364 363 364 367 368 370 369 368 371 370 372 373 374 372 374 375 368 369 373 368 373 372 369 370 374 369 374 373 370 371 375 370 375 374 371 368 372 371 372 375 376 378 377 376 379 378 380 381 382 380 382 383 376 377 381 376 381 380 377 378 382 377 382 381 378 379 383 378 383 382 379 376 380 379 380 383 384 386 385 384 387 386 388 389 390 388 390 391 384 385 389 384 389 388 385 386 390 385 390 389 386 387 391 386 391 390 387 384 388 387 388 391 392 394 393 392 395 394 396 397 398 396 398 399 392 393 397 392 397 396 393 394 398 393 398 397 394 395 399 394 399 398 395 392 396 395 396 399 400 402 401 400 403 402 404 405 406 404 406 407 400 401 405 400 405 404 401 402 406 401 406 405 402 403 407 402 407 406 403 400 404 403 404 407 408 410 409 408 411 410 412 413 414 412 414 415 408 409 413 408 413 412 409 410 414 409 414 413 410 411 415 410 415 414 411 408 412 411 412 415 416 418 417 416 419 418 420 421 422 420 422 423 416 417 421 416 421 420 417 418 422 417 422 421 418 419 423 418 423 422 419 416 420 419 420 423 424 426 425 424 427 426 428 429 430 428 430 431 424 425 429 424 429 428 425 426 430 425 430 429 426 427 431 426 431 430 427 424 428 427 428 431 432 434 433 432 435 434 436 437 438 436 438 439 432 433 437 432 437 436 433 434 438 433 438 437 434 435 439 434 439 438 435 432 436 435 436 439 440 442 441 440 443 442 444 445 446 444 446 447 440 441 445 440 445 444 441 442 446 441 446 445 442 443 447 442 447 446 443 440 444 443 444 447 448 450 449 448 451 450 452 453 454 452 454 455 448 449 453 448 453 452 449 450 454 449 454 453 450 451 455 450 455 454 451 448 452 451 452 455 456 458 457 456 459 458 460 461 462 460 462 463 456 457 461 456 461 460 457 458 462 457 462 461 458 459 463 458 463 462 459 456 460 459 460 463 464 466 465 464 467 466 468 469 470 468 470 471 464 465 469 464 469 468 465 466 470 465 470 469 466 467 471 466 471 470 467 464 468 467 468 471 472 474 473 472 475 474 476 477 478 476 478 479 472 473 477 472 477 476 473 474 478 473 478 477 474 475 479 474 479 478 475 472 476 475 476 479 480 482 481 480 483 482 484 485 486 484 486 487 480 481 485 480 485 484 481 482 486 481 486 485 482 483 487 482 487 486 483 480 484 483 484 487 488 490 489 488 491 490 492 493 494 492 494 495 488 489 493 488 493 492 489 490 494 489 494 493 490 491 495 490 495 494 491 488 492 491 492 495 496 498 497 496 499 498 500 501 502 500 502 503 496 497 501 496 501 500 497 498 502 497 502 501 498 499 503 498 503 502 499 496 500 499 500 503 504 506 505 504 507 506 508 509 510 508 510 511 504 505 509 504 509 508 505 506 510 505 510 509 506 507 511 506 511 510 507 504 508 507 508 511 512 514 513 512 515 514 516 517 518 516 518 519 512 513 517 512 517 516 513 514 518 513 518 517 514 515 519 514 519 518 515 512 516 515 516 519 520 522 521 520 523 522 524 525 526 524 526 527 520 521 525 520 525 524 521 522 526 521 526 525 522 523 527 522 527 526 523 520 524 523 524 527 528 530 529 528 531 530 532 533 534 532 534 535 528 529 533 528 533 532 529 530 534 529 534 533 530 531 535 530 535 534 531 528 532 531 532 535 536 538 537 536 539 538 540 541 542 540 542 543 536 537 541 536 541 540 537 538 542 537 542 541 538 539 543 538 543 542 539 536 540 539 540 543 544 546 545 544 547 546 548 549 550 548 550 551 544 545 549 544 549 548 545 546 550 545 550 549 546 547 551 546 551 550 547 544 548 547 548 551 552 554 553 552 555 554 556 557 558 556 558 559 552 553 557 552 557 556 553 554 558 553 558 557 554 555 559 554 559 558 555 552 556 555 556 559 560 562 561 560 563 562 564 565 566 564 566 567 560 561 565 560 565 564 561 562 566 561 566 565 562 563 567 562 567 566 563 560 564 563 564 567 568 570 569 568 571 570 572 573 574 572 574 575 568 569 573 568 573 572 569 570 574 569 574 573 570 571 575 570 575 574 571 568 572 571 572 575 576 578 577 576 579 578 580 581 582 580 582 583 576 577 581 576 581 580 577 578 582 577 582 581 578 579 583 578 583 582 579 576 580 579 580 583 584 586 585 584 587 586 588 589 590 588 590 591 584 585 589 584 589 588 585 586 590 585 590 589 586 587 591 586 591 590 587 584 588 587 588 591 592 594 593 592 595 594 596 597 598 596 598 599 592 593 597 592 597 596 593 594 598 593 598 597 594 595 599 594 599 598 595 592 596 595 596 599 600 602 601 600 603 602 604 605 606 604 606 607 600 601 605 600 605 604 601 602 606 601 606 605 602 603 607 602 607 606 603 600 604 603 604 607 608 610 609 608 611 610 612 613 614 612 614 615 608 609 613 608 613 612 609 610 614 609 614 613 610 611 615 610 615 614 611 608 612 611 612 615 616 618 617 616 619 618 620 621 622 620 622 623 616 617 621 616 621 620 617 618 622 617 622 621 618 619 623 618 623 622 619 616 620 619 620 623 624 626 625 624 627 626 628 629 630 628 630 631 624 625 629 624 629 628 625 626 630 625 630 629 626 627 631 626 631 630 627 624 628 627 628 631 632 634 633 632 635 634 636 637 638 636 638 639 632 633 637 632 637 636 633 634 638 633 638 637 634 635 639 634 639 638 635 632 636 635 636 639 640 642 641 640 643 642 644 645 646 644 646 647 640 641 645 640 645 644 641 642 646 641 646 645 642 643 647 642 647 646 643 640 644 643 644 647 648 650 649 648 651 650 652 653 654 652 654 655 648 649 653 648 653 652 649 650 654 649 654 653 650 651 655 650 655 654 651 648 652 651 652 655 656 658 657 656 659 658 660 661 662 660 662 663 656 657 661 656 661 660 657 658 662 657 662 661 658 659 663 658 663 662 659 656 660 659 660 663 664 666 665 664 667 666 668 669 670 668 670 671 664 665 669 664 669 668 665 666 670 665 670 669 666 667 671 666 671 670 667 664 668 667 668 671 672 674 673 672 675 674 676 677 678 676 678 679 672 673 677 672 677 676 673 674 678 673 678 677 674 675 679 674 679 678 675 672 676 675 676 679 680 682 681 680 683 682 684 685 686 684 686 687 680 681 685 680 685 684 681 682 686 681 686 685 682 683 687 682 687 686 683 680 684 683 684 687 688 690 689 688 691 690 692 693 694 692 694 695 688 689 693 688 693 692 689 690 694 689 694 693 690 691 695 690 695 694 691 688 692 691 692 695 696 698 697 696 699 698 700 701 702 700 702 703 696 697 701 696 701 700 697 698 702 697 702 701 698 699 703 698 703 702 699 696 700 699 700 703 704 706 705 704 707 706 708 709 710 708 710 711 704 705 709 704 709 708 705 706 710 705 710 709 706 707 711 706 711 710 707 704 708 707 708 711 712 714 713 712 715 714 716 717 718 716 718 719 712 713 717 712 717 716 713 714 718 713 718 717 714 715 719 714 719 718 715 712 716 715 716 719 720 722 721 720 723 722 724 725 726 724 726 727 720 721 725 720 725 724 721 722 726 721 726 725 722 723 727 722 727 726 723 720 724 723 724 727 728 730 729 728 731 730 732 733 734 732 734 735 728 729 733 728 733 732 729 730 734 729 734 733 730 731 735 730 735 734 731 728 732 731 732 735 736 738 737 736 739 738 740 741 742 740 742 743 736 737 741 736 741 740 737 738 742 737 742 741 738 739 743 738 743 742 739 736 740 739 740 743 744 746 745 744 747 746 748 749 750 748 750 751 744 745 749 744 749 748 745 746 750 745 750 749 746 747 751 746 751 750 747 744 748 747 748 751 752 754 753 752 755 754 756 757 758 756 758 759 752 753 757 752 757 756 753 754 758 753 758 757 754 755 759 754 759 758 755 752 756 755 756 759 760 762 761 760 763 762 764 765 766 764 766 767 760 761 765 760 765 764 761 762 766 761 766 765 762 763 767 762 767 766 763 760 764 763 764 767 768 770 769 768 771 770 772 773 774 772 774 775 768 769 773 768 773 772 769 770 774 769 774 773 770 771 775 770 775 774 771 768 772 771 772 775 776 778 777 776 779 778 780 781 782 780 782 783 776 777 781 776 781 780 777 778 782 777 782 781 778 779 783 778 783 782 779 776 780 779 780 783 784 786 785 784 787 786 788 789 790 788 790 791 784 785 789 784 789 788 785 786 790 785 790 789 786 787 791 786 791 790 787 784 788 787 788 791 792 794 793 792 795 794 796 797 798 796 798 799 792 793 797 792 797 796 793 794 798 793 798 797 794 795 799 794 799 798 795 792 796 795 796 799 800 802 801 800 803 802 804 805 806 804 806 807 800 801 805 800 805 804 801 802 806 801 806 805 802 803 807 802 807 806 803 800 804 803 804 807 808 810 809 808 811 810 812 813 814 812 814 815 808 809 813 808 813 812 809 810 814 809 814 813 810 811 815 810 815 814 811 808 812 811 812 815 816 818 817 816 819 818 820 821 822 820 822 823 816 817 821 816 821 820 817 818 822 817 822 821 818 819 823 818 823 822 819 816 820 819 820 823 824 826 825 824 827 826 828 829 830 828 830 831 824 825 829 824 829 828 825 826 830 825 830 829 826 827 831 826 831 830 827 824 828 827 828 831 832 834 833 832 835 834 836 837 838 836 838 839 832 833 837 832 837 836 833 834 838 833 838 837 834 835 839 834 839 838 835 832 836 835 836 839 840 842 841 840 843 842 844 845 846 844 846 847 840 841 845 840 845 844 841 842 846 841 846 845 842 843 847 842 847 846 843 840 844 843 844 847 848 850 849 848 851 850 852 853 854 852 854 855 848 849 853 848 853 852 849 850 854 849 854 853 850 851 855 850 855 854 851 848 852 851 852 855 856 858 857 856 859 858 860 861 862 860 862 863 856 857 861 856 861 860 857 858 862 857 862 861 858 859 863 858 863 862 859 856 860 859 860 863 864 866 865 864 867 866 868 869 870 868 870 871 864 865 869 864 869 868 865 866 870 865 870 869 866 867 871 866 871 870 867 864 868 867 868 871 872 874 873 872 875 874 876 877 878 876 878 879 872 873 877 872 877 876 873 874 878 873 878 877 874 875 879 874 879 878 875 872 876 875 876 879 880 882 881 880 883 882 884 885 886 884 886 887 880 881 885 880 885 884 881 882 886 881 886 885 882 883 887 882 887 886 883 880 884 883 884 887 888 890 889 888 891 890 892 893 894 892 894 895 888 889 893 888 893 892 889 890 894 889 894 893 890 891 895 890 895 894 891 888 892 891 892 895 896 898 897 896 899 898 900 901 902 900 902 903 896 897 901 896 901 900 897 898 902 897 902 901 898 899 903 898 903 902 899 896 900 899 900 903 904 906 905 904 907 906 908 909 910 908 910 911 904 905 909 904 909 908 905 906 910 905 910 909 906 907 911 906 911 910 907 904 908 907 908 911 912 914 913 912 915 914 916 917 918 916 918 919 912 913 917 912 917 916 913 914 918 913 918 917 914 915 919 914 919 918 915 912 916 915 916 919 920 922 921 920 923 922 924 925 926 924 926 927 920 921 925 920 925 924 921 922 926 921 926 925 922 923 927 922 927 926 923 920 924 923 924 927 928 930 929 928 931 930 932 933 934 932 934 935 928 929 933 928 933 932 929 930 934 929 934 933 930 931 935 930 935 934 931 928 932 931 932 935 936 938 937 936 939 938 940 941 942 940 942 943 936 937 941 936 941 940 937 938 942 937 942 941 938 939 943 938 943 942 939 936 940 939 940 943 944 946 945 944 947 946 948 949 950 948 950 951 944 945 949 944 949 948 945 946 950 945 950 949 946 947 951 946 951 950 947 944 948 947 948 951 952 954 953 952 955 954 956 957 958 956 958 959 952 953 957 952 957 956 953 954 958 953 958 957 954 955 959 954 959 958 955 952 956 955 956 959 960 962 961 960 963 962 964 965 966 964 966 967 960 961 965 960 965 964 961 962 966 961 966 965 962 963 967 962 967 966 963 960 964 963 964 967 968 970 969 968 971 970 972 973 974 972 974 975 968 969 973 968 973 972 969 970 974 969 974 973 970 971 975 970 975 974 971 968 972 971 972 975 976 978 977 976 979 978 980 981 982 980 982 983 976 977 981 976 981 980 977 978 982 977 982 981 978 979 983 978 983 982 979 976 980 979 980 983 984 986 985 984 987 986 988 989 990 988 990 991 984 985 989 984 989 988 985 986 990 985 990 989 986 987 991 986 991 990 987 984 988 987 988 991 992 994 993 992 995 994 996 997 998 996 998 999 992 993 997 992 997 996 993 994 998 993 998 997 994 995 999 994 999 998 995 992 996 995 996 999 1000 1002 1001 1000 1003 1002 1004 1005 1006 1004 1006 1007 1000 1001 1005 1000 1005 1004 1001 1002 1006 1001 1006 1005 1002 1003 1007 1002 1007 1006 1003 1000 1004 1003 1004 1007 1008 1010 1009 1008 1011 1010 1012 1013 1014 1012 1014 1015 1008 1009 1013 1008 1013 1012 1009 1010 1014 1009 1014 1013 1010 1011 1015 1010 1015 1014 1011 1008 1012 1011 1012 1015 1016 1018 1017 1016 1019 1018 1020 1021 1022 1020 1022 1023 1016 1017 1021 1016 1021 1020 1017 1018 1022 1017 1022 1021 1018 1019 1023 1018 1023 1022 1019 1016 1020 1019 1020 1023 1024 1026 1025 1024 1027 1026 1028 1029 1030 1028 1030 1031 1024 1025 1029 1024 1029 1028 1025 1026 1030 1025 1030 1029 1026 1027 1031 1026 1031 1030 1027 1024 1028 1027 1028 1031 1032 1034 1033 1032 1035 1034 1036 1037 1038 1036 1038 1039 1032 1033 1037 1032 1037 1036 1033 1034 1038 1033 1038 1037 1034 1035 1039 1034 1039 1038 1035 1032 1036 1035 1036 1039 1040 1042 1041 1040 1043 1042 1044 1045 1046 1044 1046 1047 1040 1041 1045 1040 1045 1044 1041 1042 1046 1041 1046 1045 1042 1043 1047 1042 1047 1046 1043 1040 1044 1043 1044 1047 1048 1050 1049 1048 1051 1050 1052 1053 1054 1052 1054 1055 1048 1049 1053 1048 1053 1052 1049 1050 1054 1049 1054 1053 1050 1051 1055 1050 1055 1054 1051 1048 1052 1051 1052 1055 1056 1058 1057 1056 1059 1058 1060 1061 1062 1060 1062 1063 1056 1057 1061 1056 1061 1060 1057 1058 1062 1057 1062 1061 1058 1059 1063 1058 1063 1062 1059 1056 1060 1059 1060 1063 1064 1066 1065 1064 1067 1066 1068 1069 1070 1068 1070 1071 1064 1065 1069 1064 1069 1068 1065 1066 1070 1065 1070 1069 1066 1067 1071 1066 1071 1070 1067 1064 1068 1067 1068 1071 1072 1074 1073 1072 1075 1074 1076 1077 1078 1076 1078 1079 1072 1073 1077 1072 1077 1076 1073 1074 1078 1073 1078 1077 1074 1075 1079 1074 1079 1078 1075 1072 1076 1075 1076 1079 1080 1082 1081 1080 1083 1082 1084 1085 1086 1084 1086 1087 1080 1081 1085 1080 1085 1084 1081 1082 1086 1081 1086 1085 1082 1083 1087 1082 1087 1086 1083 1080 1084 1083 1084 1087 1088 1090 1089 1088 1091 1090 1092 1093 1094 1092 1094 1095 1088 1089 1093 1088 1093 1092 1089 1090 1094 1089 1094 1093 1090 1091 1095 1090 1095 1094 1091 1088 1092 1091 1092 1095 1096 1098 1097 1096 1099 1098 1100 1101 1102 1100 1102 1103 1096 1097 1101 1096 1101 1100 1097 1098 1102 1097 1102 1101 1098 1099 1103 1098 1103 1102 1099 1096 1100 1099 1100 1103 1104 1106 1105 1104 1107 1106 1108 1109 1110 1108 1110 1111 1104 1105 1109 1104 1109 1108 1105 1106 1110 1105 1110 1109 1106 1107 1111 1106 1111 1110 1107 1104 1108 1107 1108 1111 1112 1114 1113 1112 1115 1114 1116 1117 1118 1116 1118 1119 1112 1113 1117 1112 1117 1116 1113 1114 1118 1113 1118 1117 1114 1115 1119 1114 1119 1118 1115 1112 1116 1115 1116 1119 1120 1122 1121 1120 1123 1122 1124 1125 1126 1124 1126 1127 1120 1121 1125 1120 1125 1124 1121 1122 1126 1121 1126 1125 1122 1123 1127 1122 1127 1126 1123 1120 1124 1123 1124 1127 1128 1130 1129 1128 1131 1130 1132 1133 1134 1132 1134 1135 1128 1129 1133 1128 1133 1132 1129 1130 1134 1129 1134 1133 1130 1131 1135 1130 1135 1134 1131 1128 1132 1131 1132 1135 1136 1138 1137 1136 1139 1138 1140 1141 1142 1140 1142 1143 1136 1137 1141 1136 1141 1140 1137 1138 1142 1137 1142 1141 1138 1139 1143 1138 1143 1142 1139 1136 1140 1139 1140 1143 1144 1146 1145 1144 1147 1146 1148 1149 1150 1148 1150 1151 1144 1145 1149 1144 1149 1148 1145 1146 1150 1145 1150 1149 1146 1147 1151 1146 1151 1150 1147 1144 1148 1147 1148 1151 1152 1154 1153 1152 1155 1154 1156 1157 1158 1156 1158 1159 1152 1153 1157 1152 1157 1156 1153 1154 1158 1153 1158 1157 1154 1155 1159 1154 1159 1158 1155 1152 1156 1155 1156 1159 1160 1162 1161 1160 1163 1162 1164 1165 1166 1164 1166 1167 1160 1161 1165 1160 1165 1164 1161 1162 1166 1161 1166 1165 1162 1163 1167 1162 1167 1166 1163 1160 1164 1163 1164 1167 1168 1170 1169 1168 1171 1170 1172 1173 1174 1172 1174 1175 1168 1169 1173 1168 1173 1172 1169 1170 1174 1169 1174 1173 1170 1171 1175 1170 1175 1174 1171 1168 1172 1171 1172 1175 1176 1178 1177 1176 1179 1178 1180 1181 1182 1180 1182 1183 1176 1177 1181 1176 1181 1180 1177 1178 1182 1177 1182 1181 1178 1179 1183 1178 1183 1182 1179 1176 1180 1179 1180 1183 1184 1186 1185 1184 1187 1186 1188 1189 1190 1188 1190 1191 1184 1185 1189 1184 1189 1188 1185 1186 1190 1185 1190 1189 1186 1187 1191 1186 1191 1190 1187 1184 1188 1187 1188 1191 1192 1194 1193 1192 1195 1194 1196 1197 1198 1196 1198 1199 1192 1193 1197 1192 1197 1196 1193 1194 1198 1193 1198 1197 1194 1195 1199 1194 1199 1198 1195 1192 1196 1195 1196 1199 1200 1202 1201 1200 1203 1202 1204 1205 1206 1204 1206 1207 1200 1201 1205 1200 1205 1204 1201 1202 1206 1201 1206 1205 1202 1203 1207 1202 1207 1206 1203 1200 1204 1203 1204 1207 1208 1210 1209 1208 1211 1210 1212 1213 1214 1212 1214 1215 1208 1209 1213 1208 1213 1212 1209 1210 1214 1209 1214 1213 1210 1211 1215 1210 1215 1214 1211 1208 1212 1211 1212 1215 1216 1218 1217 1216 1219 1218 1220 1221 1222 1220 1222 1223 1216 1217 1221 1216 1221 1220 1217 1218 1222 1217 1222 1221 1218 1219 1223 1218 1223 1222 1219 1216 1220 1219 1220 1223 1224 1226 1225 1224 1227 1226 1228 1229 1230 1228 1230 1231 1224 1225 1229 1224 1229 1228 1225 1226 1230 1225 1230 1229 1226 1227 1231 1226 1231 1230 1227 1224 1228 1227 1228 1231 1232 1234 1233 1232 1235 1234 1236 1237 1238 1236 1238 1239 1232 1233 1237 1232 1237 1236 1233 1234 1238 1233 1238 1237 1234 1235 1239 1234 1239 1238 1235 1232 1236 1235 1236 1239 1240 1242 1241 1240 1243 1242 1244 1245 1246 1244 1246 1247 1240 1241 1245 1240 1245 1244 1241 1242 1246 1241 1246 1245 1242 1243 1247 1242 1247 1246 1243 1240 1244 1243 1244 1247 1248 1250 1249 1248 1251 1250 1252 1253 1254 1252 1254 1255 1248 1249 1253 1248 1253 1252 1249 1250 1254 1249 1254 1253 1250 1251 1255 1250 1255 1254 1251 1248 1252 1251 1252 1255 1256 1258 1257 1256 1259 1258 1260 1261 1262 1260 1262 1263 1256 1257 1261 1256 1261 1260 1257 1258 1262 1257 1262 1261 1258 1259 1263 1258 1263 1262 1259 1256 1260 1259 1260 1263 1264 1266 1265 1264 1267 1266 1268 1269 1270 1268 1270 1271 1264 1265 1269 1264 1269 1268 1265 1266 1270 1265 1270 1269 1266 1267 1271 1266 1271 1270 1267 1264 1268 1267 1268 1271 1272 1274 1273 1272 1275 1274 1276 1277 1278 1276 1278 1279 1272 1273 1277 1272 1277 1276 1273 1274 1278 1273 1278 1277 1274 1275 1279 1274 1279 1278 1275 1272 1276 1275 1276 1279 1280 1282 1281 1280 1283 1282 1284 1285 1286 1284 1286 1287 1280 1281 1285 1280 1285 1284 1281 1282 1286 1281 1286 1285 1282 1283 1287 1282 1287 1286 1283 1280 1284 1283 1284 1287 1288 1290 1289 1288 1291 1290 1292 1293 1294 1292 1294 1295 1288 1289 1293 1288 1293 1292 1289 1290 1294 1289 1294 1293 1290 1291 1295 1290 1295 1294 1291 1288 1292 1291 1292 1295 1296 1298 1297 1296 1299 1298 1300 1301 1302 1300 1302 1303 1296 1297 1301 1296 1301 1300 1297 1298 1302 1297 1302 1301 1298 1299 1303 1298 1303 1302 1299 1296 1300 1299 1300 1303 1304 1306 1305 1304 1307 1306 1308 1309 1310 1308 1310 1311 1304 1305 1309 1304 1309 1308 1305 1306 1310 1305 1310 1309 1306 1307 1311 1306 1311 1310 1307 1304 1308 1307 1308 1311 1312 1314 1313 1312 1315 1314 1316 1317 1318 1316 1318 1319 1312 1313 1317 1312 1317 1316 1313 1314 1318 1313 1318 1317 1314 1315 1319 1314 1319 1318 1315 1312 1316 1315 1316 1319 1320 1322 1321 1320 1323 1322 1324 1325 1326 1324 1326 1327 1320 1321 1325 1320 1325 1324 1321 1322 1326 1321 1326 1325 1322 1323 1327 1322 1327 1326 1323 1320 1324 1323 1324 1327 1328 1330 1329 1328 1331 1330 1332 1333 1334 1332 1334 1335 1328 1329 1333 1328 1333 1332 1329 1330 1334 1329 1334 1333 1330 1331 1335 1330 1335 1334 1331 1328 1332 1331 1332 1335 1336 1338 1337 1336 1339 1338 1340 1341 1342 1340 1342 1343 1336 1337 1341 1336 1341 1340 1337 1338 1342 1337 1342 1341 1338 1339 1343 1338 1343 1342 1339 1336 1340 1339 1340 1343 1344 1346 1345 1344 1347 1346 1348 1349 1350 1348 1350 1351 1344 1345 1349 1344 1349 1348 1345 1346 1350 1345 1350 1349 1346 1347 1351 1346 1351 1350 1347 1344 1348 1347 1348 1351 1352 1354 1353 1352 1355 1354 1356 1357 1358 1356 1358 1359 1352 1353 1357 1352 1357 1356 1353 1354 1358 1353 1358 1357 1354 1355 1359 1354 1359 1358 1355 1352 1356 1355 1356 1359 1360 1362 1361 1360 1363 1362 1364 1365 1366 1364 1366 1367 1360 1361 1365 1360 1365 1364 1361 1362 1366 1361 1366 1365 1362 1363 1367 1362 1367 1366 1363 1360 1364 1363 1364 1367 1368 1370 1369 1368 1371 1370 1372 1373 1374 1372 1374 1375 1368 1369 1373 1368 1373 1372 1369 1370 1374 1369 1374 1373 1370 1371 1375 1370 1375 1374 1371 1368 1372 1371 1372 1375 1376 1378 1377 1376 1379 1378 1380 1381 1382 1380 1382 1383 1376 1377 1381 1376 1381 1380 1377 1378 1382 1377 1382 1381 1378 1379 1383 1378 1383 1382 1379 1376 1380 1379 1380 1383 1384 1386 1385 1384 1387 1386 1388 1389 1390 1388 1390 1391 1384 1385 1389 1384 1389 1388 1385 1386 1390 1385 1390 1389 1386 1387 1391 1386 1391 1390 1387 1384 1388 1387 1388 1391 1392 1394 1393 1392 1395 1394 1396 1397 1398 1396 1398 1399 1392 1393 1397 1392 1397 1396 1393 1394 1398 1393 1398 1397 1394 1395 1399 1394 1399 1398 1395 1392 1396 1395 1396 1399 1400 1402 1401 1400 1403 1402 1404 1405 1406 1404 1406 1407 1400 1401 1405 1400 1405 1404 1401 1402 1406 1401 1406 1405 1402 1403 1407 1402 1407 1406 1403 1400 1404 1403 1404 1407 1408 1410 1409 1408 1411 1410 1412 1413 1414 1412 1414 1415 1408 1409 1413 1408 1413 1412 1409 1410 1414 1409 1414 1413 1410 1411 1415 1410 1415 1414 1411 1408 1412 1411 1412 1415 1416 1418 1417 1416 1419 1418 1420 1421 1422 1420 1422 1423 1416 1417 1421 1416 1421 1420 1417 1418 1422 1417 1422 1421 1418 1419 1423 1418 1423 1422 1419 1416 1420 1419 1420 1423 1424 1426 1425 1424 1427 1426 1428 1429 1430 1428 1430 1431 1424 1425 1429 1424 1429 1428 1425 1426 1430 1425 1430 1429 1426 1427 1431 1426 1431 1430 1427 1424 1428 1427 1428 1431 1432 1434 1433 1432 1435 1434 1436 1437 1438 1436 1438 1439 1432 1433 1437 1432 1437 1436 1433 1434 1438 1433 1438 1437 1434 1435 1439 1434 1439 1438 1435 1432 1436 1435 1436 1439 1440 1442 1441 1440 1443 1442 1444 1445 1446 1444 1446 1447 1440 1441 1445 1440 1445 1444 1441 1442 1446 1441 1446 1445 1442 1443 1447 1442 1447 1446 1443 1440 1444 1443 1444 1447 1448 1450 1449 1448 1451 1450 1452 1453 1454 1452 1454 1455 1448 1449 1453 1448 1453 1452 1449 1450 1454 1449 1454 1453 1450 1451 1455 1450 1455 1454 1451 1448 1452 1451 1452 1455 1456 1458 1457 1456 1459 1458 1460 1461 1462 1460 1462 1463 1456 1457 1461 1456 1461 1460 1457 1458 1462 1457 1462 1461 1458 1459 1463 1458 1463 1462 1459 1456 1460 1459 1460 1463 1464 1466 1465 1464 1467 1466 1468 1469 1470 1468 1470 1471 1464 1465 1469 1464 1469 1468 1465 1466 1470 1465 1470 1469 1466 1467 1471 1466 1471 1470 1467 1464 1468 1467 1468 1471 1472 1474 1473 1472 1475 1474 1476 1477 1478 1476 1478 1479 1472 1473 1477 1472 1477 1476 1473 1474 1478 1473 1478 1477 1474 1475 1479 1474 1479 1478 1475 1472 1476 1475 1476 1479 1480 1482 1481 1480 1483 1482 1484 1485 1486 1484 1486 1487 1480 1481 1485 1480 1485 1484 1481 1482 1486 1481 1486 1485 1482 1483 1487 1482 1487 1486 1483 1480 1484 1483 1484 1487 1488 1490 1489 1488 1491 1490 1492 1493 1494 1492 1494 1495 1488 1489 1493 1488 1493 1492 1489 1490 1494 1489 1494 1493 1490 1491 1495 1490 1495 1494 1491 1488 1492 1491 1492 1495 1496 1498 1497 1496 1499 1498 1500 1501 1502 1500 1502 1503 1496 1497 1501 1496 1501 1500 1497 1498 1502 1497 1502 1501 1498 1499 1503 1498 1503 1502 1499 1496 1500 1499 1500 1503 1504 1506 1505 1504 1507 1506 1508 1509 1510 1508 1510 1511 1504 1505 1509 1504 1509 1508 1505 1506 1510 1505 1510 1509 1506 1507 1511 1506 1511 1510 1507 1504 1508 1507 1508 1511 1512 1514 1513 1512 1515 1514 1516 1517 1518 1516 1518 1519 1512 1513 1517 1512 1517 1516 1513 1514 1518 1513 1518 1517 1514 1515 1519 1514 1519 1518 1515 1512 1516 1515 1516 1519 1520 1522 1521 1520 1523 1522 1524 1525 1526 1524 1526 1527 1520 1521 1525 1520 1525 1524 1521 1522 1526 1521 1526 1525 1522 1523 1527 1522 1527 1526 1523 1520 1524 1523 1524 1527 1528 1530 1529 1528 1531 1530 1532 1533 1534 1532 1534 1535 1528 1529 1533 1528 1533 1532 1529 1530 1534 1529 1534 1533 1530 1531 1535 1530 1535 1534 1531 1528 1532 1531 1532 1535 1536 1538 1537 1536 1539 1538 1540 1541 1542 1540 1542 1543 1536 1537 1541 1536 1541 1540 1537 1538 1542 1537 1542 1541 1538 1539 1543 1538 1543 1542 1539 1536 1540 1539 1540 1543 1544 1546 1545 1544 1547 1546 1548 1549 1550 1548 1550 1551 1544 1545 1549 1544 1549 1548 1545 1546 1550 1545 1550 1549 1546 1547 1551 1546 1551 1550 1547 1544 1548 1547 1548 1551 1552 1554 1553 1552 1555 1554 1556 1557 1558 1556 1558 1559 1552 1553 1557 1552 1557 1556 1553 1554 1558 1553 1558 1557 1554 1555 1559 1554 1559 1558 1555 1552 1556 1555 1556 1559 1560 1562 1561 1560 1563 1562 1564 1565 1566 1564 1566 1567 1560 1561 1565 1560 1565 1564 1561 1562 1566 1561 1566 1565 1562 1563 1567 1562 1567 1566 1563 1560 1564 1563 1564 1567 1568 1570 1569 1568 1571 1570 1572 1573 1574 1572 1574 1575 1568 1569 1573 1568 1573 1572 1569 1570 1574 1569 1574 1573 1570 1571 1575 1570 1575 1574 1571 1568 1572 1571 1572 1575 1576 1578 1577 1576 1579 1578 1580 1581 1582 1580 1582 1583 1576 1577 1581 1576 1581 1580 1577 1578 1582 1577 1582 1581 1578 1579 1583 1578 1583 1582 1579 1576 1580 1579 1580 1583 1584 1586 1585 1584 1587 1586 1588 1589 1590 1588 1590 1591 1584 1585 1589 1584 1589 1588 1585 1586 1590 1585 1590 1589 1586 1587 1591 1586 1591 1590 1587 1584 1588 1587 1588 1591 1592 1594 1593 1592 1595 1594 1596 1597 1598 1596 1598 1599 1592 1593 1597 1592 1597 1596 1593 1594 1598 1593 1598 1597 1594 1595 1599 1594 1599 1598 1595 1592 1596 1595 1596 1599 1600 1602 1601 1600 1603 1602 1604 1605 1606 1604 1606 1607 1600 1601 1605 1600 1605 1604 1601 1602 1606 1601 1606 1605 1602 1603 1607 1602 1607 1606 1603 1600 1604 1603 1604 1607 1608 1610 1609 1608 1611 1610 1612 1613 1614 1612 1614 1615 1608 1609 1613 1608 1613 1612 1609 1610 1614 1609 1614 1613 1610 1611 1615 1610 1615 1614 1611 1608 1612 1611 1612 1615 1616 1618 1617 1616 1619 1618 1620 1621 1622 1620 1622 1623 1616 1617 1621 1616 1621 1620 1617 1618 1622 1617 1622 1621 1618 1619 1623 1618 1623 1622 1619 1616 1620 1619 1620 1623 1624 1626 1625 1624 1627 1626 1628 1629 1630 1628 1630 1631 1624 1625 1629 1624 1629 1628 1625 1626 1630 1625 1630 1629 1626 1627 1631 1626 1631 1630 1627 1624 1628 1627 1628 1631 1632 1634 1633 1632 1635 1634 1636 1637 1638 1636 1638 1639 1632 1633 1637 1632 1637 1636 1633 1634 1638 1633 1638 1637 1634 1635 1639 1634 1639 1638 1635 1632 1636 1635 1636 1639 1640 1642 1641 1640 1643 1642 1644 1645 1646 1644 1646 1647 1640 1641 1645 1640 1645 1644 1641 1642 1646 1641 1646 1645 1642 1643 1647 1642 1647 1646 1643 1640 1644 1643 1644 1647 1648 1650 1649 1648 1651 1650 1652 1653 1654 1652 1654 1655 1648 1649 1653 1648 1653 1652 1649 1650 1654 1649 1654 1653 1650 1651 1655 1650 1655 1654 1651 1648 1652 1651 1652 1655 1656 1658 1657 1656 1659 1658 1660 1661 1662 1660 1662 1663 1656 1657 1661 1656 1661 1660 1657 1658 1662 1657 1662 1661 1658 1659 1663 1658 1663 1662 1659 1656 1660 1659 1660 1663 1664 1666 1665 1664 1667 1666 1668 1669 1670 1668 1670 1671 1664 1665 1669 1664 1669 1668 1665 1666 1670 1665 1670 1669 1666 1667 1671 1666 1671 1670 1667 1664 1668 1667 1668 1671 1672 1674 1673 1672 1675 1674 1676 1677 1678 1676 1678 1679 1672 1673 1677 1672 1677 1676 1673 1674 1678 1673 1678 1677 1674 1675 1679 1674 1679 1678 1675 1672 1676 1675 1676 1679 1680 1682 1681 1680 1683 1682 1684 1685 1686 1684 1686 1687 1680 1681 1685 1680 1685 1684 1681 1682 1686 1681 1686 1685 1682 1683 1687 1682 1687 1686 1683 1680 1684 1683 1684 1687 1688 1690 1689 1688 1691 1690 1692 1693 1694 1692 1694 1695 1688 1689 1693 1688 1693 1692 1689 1690 1694 1689 1694 1693 1690 1691 1695 1690 1695 1694 1691 1688 1692 1691 1692 1695 1696 1698 1697 1696 1699 1698 1700 1701 1702 1700 1702 1703 1696 1697 1701 1696 1701 1700 1697 1698 1702 1697 1702 1701 1698 1699 1703 1698 1703 1702 1699 1696 1700 1699 1700 1703 1704 1706 1705 1704 1707 1706 1708 1709 1710 1708 1710 1711 1704 1705 1709 1704 1709 1708 1705 1706 1710 1705 1710 1709 1706 1707 1711 1706 1711 1710 1707 1704 1708 1707 1708 1711 1712 1714 1713 1712 1715 1714 1716 1717 1718 1716 1718 1719 1712 1713 1717 1712 1717 1716 1713 1714 1718 1713 1718 1717 1714 1715 1719 1714 1719 1718 1715 1712 1716 1715 1716 1719 1720 1722 1721 1720 1723 1722 1724 1725 1726 1724 1726 1727 1720 1721 1725 1720 1725 1724 1721 1722 1726 1721 1726 1725 1722 1723 1727 1722 1727 1726 1723 1720 1724 1723 1724 1727 1728 1730 1729 1728 1731 1730 1732 1733 1734 1732 1734 1735 1728 1729 1733 1728 1733 1732 1729 1730 1734 1729 1734 1733 1730 1731 1735 1730 1735 1734 1731 1728 1732 1731 1732 1735 1736 1738 1737 1736 1739 1738 1740 1741 1742 1740 1742 1743 1736 1737 1741 1736 1741 1740 1737 1738 1742 1737 1742 1741 1738 1739 1743 1738 1743 1742 1739 1736 1740 1739 1740 1743 1744 1746 1745 1744 1747 1746 1748 1749 1750 1748 1750 1751 1744 1745 1749 1744 1749 1748 1745 1746 1750 1745 1750 1749 1746 1747 1751 1746 1751 1750 1747 1744 1748 1747 1748 1751 1752 1754 1753 1752 1755 1754 1756 1757 1758 1756 1758 1759 1752 1753 1757 1752 1757 1756 1753 1754 1758 1753 1758 1757 1754 1755 1759 1754 1759 1758 1755 1752 1756 1755 1756 1759 1760 1762 1761 1760 1763 1762 1764 1765 1766 1764 1766 1767 1760 1761 1765 1760 1765 1764 1761 1762 1766 1761 1766 1765 1762 1763 1767 1762 1767 1766 1763 1760 1764 1763 1764 1767 1768 1770 1769 1768 1771 1770 1772 1773 1774 1772 1774 1775 1768 1769 1773 1768 1773 1772 1769 1770 1774 1769 1774 1773 1770 1771 1775 1770 1775 1774 1771 1768 1772 1771 1772 1775 1776 1778 1777 1776 1779 1778 1780 1781 1782 1780 1782 1783 1776 1777 1781 1776 1781 1780 1777 1778 1782 1777 1782 1781 1778 1779 1783 1778 1783 1782 1779 1776 1780 1779 1780 1783 1784 1786 1785 1784 1787 1786 1788 1789 1790 1788 1790 1791 1784 1785 1789 1784 1789 1788 1785 1786 1790 1785 1790 1789 1786 1787 1791 1786 1791 1790 1787 1784 1788 1787 1788 1791 1792 1794 1793 1792 1795 1794 1796 1797 1798 1796 1798 1799 1792 1793 1797 1792 1797 1796 1793 1794 1798 1793 1798 1797 1794 1795 1799 1794 1799 1798 1795 1792 1796 1795 1796 1799 1800 1802 1801 1800 1803 1802 1804 1805 1806 1804 1806 1807 1800 1801 1805 1800 1805 1804 1801 1802 1806 1801 1806 1805 1802 1803 1807 1802 1807 1806 1803 1800 1804 1803 1804 1807 1808 1810 1809 1808 1811 1810 1812 1813 1814 1812 1814 1815 1808 1809 1813 1808 1813 1812 1809 1810 1814 1809 1814 1813 1810 1811 1815 1810 1815 1814 1811 1808 1812 1811 1812 1815 1816 1818 1817 1816 1819 1818 1820 1821 1822 1820 1822 1823 1816 1817 1821 1816 1821 1820 1817 1818 1822 1817 1822 1821 1818 1819 1823 1818 1823 1822 1819 1816 1820 1819 1820 1823 1824 1826 1825 1824 1827 1826 1828 1829 1830 1828 1830 1831 1824 1825 1829 1824 1829 1828 1825 1826 1830 1825 1830 1829 1826 1827 1831 1826 1831 1830 1827 1824 1828 1827 1828 1831 1832 1834 1833 1832 1835 1834 1836 1837 1838 1836 1838 1839 1832 1833 1837 1832 1837 1836 1833 1834 1838 1833 1838 1837 1834 1835 1839 1834 1839 1838 1835 1832 1836 1835 1836 1839 1840 1842 1841 1840 1843 1842 1844 1845 1846 1844 1846 1847 1840 1841 1845 1840 1845 1844 1841 1842 1846 1841 1846 1845 1842 1843 1847 1842 1847 1846 1843 1840 1844 1843 1844 1847 1848 1850 1849 1848 1851 1850 1852 1853 1854 1852 1854 1855 1848 1849 1853 1848 1853 1852 1849 1850 1854 1849 1854 1853 1850 1851 1855 1850 1855 1854 1851 1848 1852 1851 1852 1855 1856 1858 1857 1856 1859 1858 1860 1861 1862 1860 1862 1863 1856 1857 1861 1856 1861 1860 1857 1858 1862 1857 1862 1861 1858 1859 1863 1858 1863 1862 1859 1856 1860 1859 1860 1863 1864 1866 1865 1864 1867 1866 1868 1869 1870 1868 1870 1871 1864 1865 1869 1864 1869 1868 1865 1866 1870 1865 1870 1869 1866 1867 1871 1866 1871 1870 1867 1864 1868 1867 1868 1871 1872 1874 1873 1872 1875 1874 1876 1877 1878 1876 1878 1879 1872 1873 1877 1872 1877 1876 1873 1874 1878 1873 1878 1877 1874 1875 1879 1874 1879 1878 1875 1872 1876 1875 1876 1879 1880 1882 1881 1880 1883 1882 1884 1885 1886 1884 1886 1887 1880 1881 1885 1880 1885 1884 1881 1882 1886 1881 1886 1885 1882 1883 1887 1882 1887 1886 1883 1880 1884 1883 1884 1887 1888 1890 1889 1888 1891 1890 1892 1893 1894 1892 1894 1895 1888 1889 1893 1888 1893 1892 1889 1890 1894 1889 1894 1893 1890 1891 1895 1890 1895 1894 1891 1888 1892 1891 1892 1895 1896 1898 1897 1896 1899 1898 1900 1901 1902 1900 1902 1903 1896 1897 1901 1896 1901 1900 1897 1898 1902 1897 1902 1901 1898 1899 1903 1898 1903 1902 1899 1896 1900 1899 1900 1903 1904 1906 1905 1904 1907 1906 1908 1909 1910 1908 1910 1911 1904 1905 1909 1904 1909 1908 1905 1906 1910 1905 1910 1909 1906 1907 1911 1906 1911 1910 1907 1904 1908 1907 1908 1911 1912 1914 1913 1912 1915 1914 1916 1917 1918 1916 1918 1919 1912 1913 1917 1912 1917 1916 1913 1914 1918 1913 1918 1917 1914 1915 1919 1914 1919 1918 1915 1912 1916 1915 1916 1919 1920 1922 1921 1920 1923 1922 1924 1925 1926 1924 1926 1927 1920 1921 1925 1920 1925 1924 1921 1922 1926 1921 1926 1925 1922 1923 1927 1922 1927 1926 1923 1920 1924 1923 1924 1927 1928 1930 1929 1928 1931 1930 1932 1933 1934 1932 1934 1935 1928 1929 1933 1928 1933 1932 1929 1930 1934 1929 1934 1933 1930 1931 1935 1930 1935 1934 1931 1928 1932 1931 1932 1935 1936 1938 1937 1936 1939 1938 1940 1941 1942 1940 1942 1943 1936 1937 1941 1936 1941 1940 1937 1938 1942 1937 1942 1941 1938 1939 1943 1938 1943 1942 1939 1936 1940 1939 1940 1943 1944 1946 1945 1944 1947 1946 1948 1949 1950 1948 1950 1951 1944 1945 1949 1944 1949 1948 1945 1946 1950 1945 1950 1949 1946 1947 1951 1946 1951 1950 1947 1944 1948 1947 1948 1951 1952 1954 1953 1952 1955 1954 1956 1957 1958 1956 1958 1959 1952 1953 1957 1952 1957 1956 1953 1954 1958 1953 1958 1957 1954 1955 1959 1954 1959 1958 1955 1952 1956 1955 1956 1959 1960 1962 1961 1960 1963 1962 1964 1965 1966 1964 1966 1967 1960 1961 1965 1960 1965 1964 1961 1962 1966 1961 1966 1965 1962 1963 1967 1962 1967 1966 1963 1960 1964 1963 1964 1967 1968 1970 1969 1968 1971 1970 1972 1973 1974 1972 1974 1975 1968 1969 1973 1968 1973 1972 1969 1970 1974 1969 1974 1973 1970 1971 1975 1970 1975 1974 1971 1968 1972 1971 1972 1975 1976 1978 1977 1976 1979 1978 1980 1981 1982 1980 1982 1983 1976 1977 1981 1976 1981 1980 1977 1978 1982 1977 1982 1981 1978 1979 1983 1978 1983 1982 1979 1976 1980 1979 1980 1983 1984 1986 1985 1984 1987 1986 1988 1989 1990 1988 1990 1991 1984 1985 1989 1984 1989 1988 1985 1986 1990 1985 1990 1989 1986 1987 1991 1986 1991 1990 1987 1984 1988 1987 1988 1991 1992 1994 1993 1992 1995 1994 1996 1997 1998 1996 1998 1999 1992 1993 1997 1992 1997 1996 1993 1994 1998 1993 1998 1997 1994 1995 1999 1994 1999 1998 1995 1992 1996 1995 1996 1999 2000 2002 2001 2000 2003 2002 2004 2005 2006 2004 2006 2007 2000 2001 2005 2000 2005 2004 2001 2002 2006 2001 2006 2005 2002 2003 2007 2002 2007 2006 2003 2000 2004 2003 2004 2007 2008 2010 2009 2008 2011 2010 2012 2013 2014 2012 2014 2015 2008 2009 2013 2008 2013 2012 2009 2010 2014 2009 2014 2013 2010 2011 2015 2010 2015 2014 2011 2008 2012 2011 2012 2015 2016 2018 2017 2016 2019 2018 2020 2021 2022 2020 2022 2023 2016 2017 2021 2016 2021 2020 2017 2018 2022 2017 2022 2021 2018 2019 2023 2018 2023 2022 2019 2016 2020 2019 2020 2023 2024 2026 2025 2024 2027 2026 2028 2029 2030 2028 2030 2031 2024 2025 2029 2024 2029 2028 2025 2026 2030 2025 2030 2029 2026 2027 2031 2026 2031 2030 2027 2024 2028 2027 2028 2031 2032 2034 2033 2032 2035 2034 2036 2037 2038 2036 2038 2039 2032 2033 2037 2032 2037 2036 2033 2034 2038 2033 2038 2037 2034 2035 2039 2034 2039 2038 2035 2032 2036 2035 2036 2039 2040 2042 2041 2040 2043 2042 2044 2045 2046 2044 2046 2047 2040 2041 2045 2040 2045 2044 2041 2042 2046 2041 2046 2045 2042 2043 2047 2042 2047 2046 2043 2040 2044 2043 2044 2047 2048 2050 2049 2048 2051 2050 2052 2053 2054 2052 2054 2055 2048 2049 2053 2048 2053 2052 2049 2050 2054 2049 2054 2053 2050 2051 2055 2050 2055 2054 2051 2048 2052 2051 2052 2055 2056 2058 2057 2056 2059 2058 2060 2061 2062 2060 2062 2063 2056 2057 2061 2056 2061 2060 2057 2058 2062 2057 2062 2061 2058 2059 2063 2058 2063 2062 2059 2056 2060 2059 2060 2063 2064 2066 2065 2064 2067 2066 2068 2069 2070 2068 2070 2071 2064 2065 2069 2064 2069 2068 2065 2066 2070 2065 2070 2069 2066 2067 2071 2066 2071 2070 2067 2064 2068 2067 2068 2071 2072 2074 2073 2072 2075 2074 2076 2077 2078 2076 2078 2079 2072 2073 2077 2072 2077 2076 2073 2074 2078 2073 2078 2077 2074 2075 2079 2074 2079 2078 2075 2072 2076 2075 2076 2079 2080 2082 2081 2080 2083 2082 2084 2085 2086 2084 2086 2087 2080 2081 2085 2080 2085 2084 2081 2082 2086 2081 2086 2085 2082 2083 2087 2082 2087 2086 2083 2080 2084 2083 2084 2087 2088 2090 2089 2088 2091 2090 2092 2093 2094 2092 2094 2095 2088 2089 2093 2088 2093 2092 2089 2090 2094 2089 2094 2093 2090 2091 2095 2090 2095 2094 2091 2088 2092 2091 2092 2095 2096 2098 2097 2096 2099 2098 2100 2101 2102 2100 2102 2103 2096 2097 2101 2096 2101 2100 2097 2098 2102 2097 2102 2101 2098 2099 2103 2098 2103 2102 2099 2096 2100 2099 2100 2103 2104 2106 2105 2104 2107 2106 2108 2109 2110 2108 2110 2111 2104 2105 2109 2104 2109 2108 2105 2106 2110 2105 2110 2109 2106 2107 2111 2106 2111 2110 2107 2104 2108 2107 2108 2111 2112 2114 2113 2112 2115 2114 2116 2117 2118 2116 2118 2119 2112 2113 2117 2112 2117 2116 2113 2114 2118 2113 2118 2117 2114 2115 2119 2114 2119 2118 2115 2112 2116 2115 2116 2119 2120 2122 2121 2120 2123 2122 2124 2125 2126 2124 2126 2127 2120 2121 2125 2120 2125 2124 2121 2122 2126 2121 2126 2125 2122 2123 2127 2122 2127 2126 2123 2120 2124 2123 2124 2127 2128 2130 2129 2128 2131 2130 2132 2133 2134 2132 2134 2135 2128 2129 2133 2128 2133 2132 2129 2130 2134 2129 2134 2133 2130 2131 2135 2130 2135 2134 2131 2128 2132 2131 2132 2135 2136 2138 2137 2136 2139 2138 2140 2141 2142 2140 2142 2143 2136 2137 2141 2136 2141 2140 2137 2138 2142 2137 2142 2141 2138 2139 2143 2138 2143 2142 2139 2136 2140 2139 2140 2143 2144 2146 2145 2144 2147 2146 2148 2149 2150 2148 2150 2151 2144 2145 2149 2144 2149 2148 2145 2146 2150 2145 2150 2149 2146 2147 2151 2146 2151 2150 2147 2144 2148 2147 2148 2151 2152 2154 2153 2152 2155 2154 2156 2157 2158 2156 2158 2159 2152 2153 2157 2152 2157 2156 2153 2154 2158 2153 2158 2157 2154 2155 2159 2154 2159 2158 2155 2152 2156 2155 2156 2159 2160 2162 2161 2160 2163 2162 2164 2165 2166 2164 2166 2167 2160 2161 2165 2160 2165 2164 2161 2162 2166 2161 2166 2165 2162 2163 2167 2162 2167 2166 2163 2160 2164 2163 2164 2167 2168 2170 2169 2168 2171 2170 2172 2173 2174 2172 2174 2175 2168 2169 2173 2168 2173 2172 2169 2170 2174 2169 2174 2173 2170 2171 2175 2170 2175 2174 2171 2168 2172 2171 2172 2175 2176 2178 2177 2176 2179 2178 2180 2181 2182 2180 2182 2183 2176 2177 2181 2176 2181 2180 2177 2178 2182 2177 2182 2181 2178 2179 2183 2178 2183 2182 2179 2176 2180 2179 2180 2183 2184 2186 2185 2184 2187 2186 2188 2189 2190 2188 2190 2191 2184 2185 2189 2184 2189 2188 2185 2186 2190 2185 2190 2189 2186 2187 2191 2186 2191 2190 2187 2184 2188 2187 2188 2191 2192 2194 2193 2192 2195 2194 2196 2197 2198 2196 2198 2199 2192 2193 2197 2192 2197 2196 2193 2194 2198 2193 2198 2197 2194 2195 2199 2194 2199 2198 2195 2192 2196 2195 2196 2199 2200 2202 2201 2200 2203 2202 2204 2205 2206 2204 2206 2207 2200 2201 2205 2200 2205 2204 2201 2202 2206 2201 2206 2205 2202 2203 2207 2202 2207 2206 2203 2200 2204 2203 2204 2207 2208 2210 2209 2208 2211 2210 2212 2213 2214 2212 2214 2215 2208 2209 2213 2208 2213 2212 2209 2210 2214 2209 2214 2213 2210 2211 2215 2210 2215 2214 2211 2208 2212 2211 2212 2215 2216 2218 2217 2216 2219 2218 2220 2221 2222 2220 2222 2223 2216 2217 2221 2216 2221 2220 2217 2218 2222 2217 2222 2221 2218 2219 2223 2218 2223 2222 2219 2216 2220 2219 2220 2223 2224 2226 2225 2224 2227 2226 2228 2229 2230 2228 2230 2231 2224 2225 2229 2224 2229 2228 2225 2226 2230 2225 2230 2229 2226 2227 2231 2226 2231 2230 2227 2224 2228 2227 2228 2231 2232 2234 2233 2232 2235 2234 2236 2237 2238 2236 2238 2239 2232 2233 2237 2232 2237 2236 2233 2234 2238 2233 2238 2237 2234 2235 2239 2234 2239 2238 2235 2232 2236 2235 2236 2239 2240 2242 2241 2240 2243 2242 2244 2245 2246 2244 2246 2247 2240 2241 2245 2240 2245 2244 2241 2242 2246 2241 2246 2245 2242 2243 2247 2242 2247 2246 2243 2240 2244 2243 2244 2247 2248 2250 2249 2248 2251 2250 2252 2253 2254 2252 2254 2255 2248 2249 2253 2248 2253 2252 2249 2250 2254 2249 2254 2253 2250 2251 2255 2250 2255 2254 2251 2248 2252 2251 2252 2255 2256 2258 2257 2256 2259 2258 2260 2261 2262 2260 2262 2263 2256 2257 2261 2256 2261 2260 2257 2258 2262 2257 2262 2261 2258 2259 2263 2258 2263 2262 2259 2256 2260 2259 2260 2263 2264 2266 2265 2264 2267 2266 2268 2269 2270 2268 2270 2271 2264 2265 2269 2264 2269 2268 2265 2266 2270 2265 2270 2269 2266 2267 2271 2266 2271 2270 2267 2264 2268 2267 2268 2271 2272 2274 2273 2272 2275 2274 2276 2277 2278 2276 2278 2279 2272 2273 2277 2272 2277 2276 2273 2274 2278 2273 2278 2277 2274 2275 2279 2274 2279 2278 2275 2272 2276 2275 2276 2279 2280 2282 2281 2280 2283 2282 2284 2285 2286 2284 2286 2287 2280 2281 2285 2280 2285 2284 2281 2282 2286 2281 2286 2285 2282 2283 2287 2282 2287 2286 2283 2280 2284 2283 2284 2287 2288 2290 2289 2288 2291 2290 2292 2293 2294 2292 2294 2295 2288 2289 2293 2288 2293 2292 2289 2290 2294 2289 2294 2293 2290 2291 2295 2290 2295 2294 2291 2288 2292 2291 2292 2295 2296 2298 2297 2296 2299 2298 2300 2301 2302 2300 2302 2303 2296 2297 2301 2296 2301 2300 2297 2298 2302 2297 2302 2301 2298 2299 2303 2298 2303 2302 2299 2296 2300 2299 2300 2303 2304 2306 2305 2304 2307 2306 2308 2309 2310 2308 2310 2311 2304 2305 2309 2304 2309 2308 2305 2306 2310 2305 2310 2309 2306 2307 2311 2306 2311 2310 2307 2304 2308 2307 2308 2311 2312 2314 2313 2312 2315 2314 2316 2317 2318 2316 2318 2319 2312 2313 2317 2312 2317 2316 2313 2314 2318 2313 2318 2317 2314 2315 2319 2314 2319 2318 2315 2312 2316 2315 2316 2319 2320 2322 2321 2320 2323 2322 2324 2325 2326 2324 2326 2327 2320 2321 2325 2320 2325 2324 2321 2322 2326 2321 2326 2325 2322 2323 2327 2322 2327 2326 2323 2320 2324 2323 2324 2327 2328 2330 2329 2328 2331 2330 2332 2333 2334 2332 2334 2335 2328 2329 2333 2328 2333 2332 2329 2330 2334 2329 2334 2333 2330 2331 2335 2330 2335 2334 2331 2328 2332 2331 2332 2335 2336 2338 2337 2336 2339 2338 2340 2341 2342 2340 2342 2343 2336 2337 2341 2336 2341 2340 2337 2338 2342 2337 2342 2341 2338 2339 2343 2338 2343 2342 2339 2336 2340 2339 2340 2343 2344 2346 2345 2344 2347 2346 2348 2349 2350 2348 2350 2351 2344 2345 2349 2344 2349 2348 2345 2346 2350 2345 2350 2349 2346 2347 2351 2346 2351 2350 2347 2344 2348 2347 2348 2351 2352 2354 2353 2352 2355 2354 2356 2357 2358 2356 2358 2359 2352 2353 2357 2352 2357 2356 2353 2354 2358 2353 2358 2357 2354 2355 2359 2354 2359 2358 2355 2352 2356 2355 2356 2359 2360 2362 2361 2360 2363 2362 2364 2365 2366 2364 2366 2367 2360 2361 2365 2360 2365 2364 2361 2362 2366 2361 2366 2365 2362 2363 2367 2362 2367 2366 2363 2360 2364 2363 2364 2367 2368 2370 2369 2368 2371 2370 2372 2373 2374 2372 2374 2375 2368 2369 2373 2368 2373 2372 2369 2370 2374 2369 2374 2373 2370 2371 2375 2370 2375 2374 2371 2368 2372 2371 2372 2375 2376 2378 2377 2376 2379 2378 2380 2381 2382 2380 2382 2383 2376 2377 2381 2376 2381 2380 2377 2378 2382 2377 2382 2381 2378 2379 2383 2378 2383 2382 2379 2376 2380 2379 2380 2383 2384 2386 2385 2384 2387 2386 2388 2389 2390 2388 2390 2391 2384 2385 2389 2384 2389 2388 2385 2386 2390 2385 2390 2389 2386 2387 2391 2386 2391 2390 2387 2384 2388 2387 2388 2391 2392 2394 2393 2392 2395 2394 2396 2397 2398 2396 2398 2399 2392 2393 2397 2392 2397 2396 2393 2394 2398 2393 2398 2397 2394 2395 2399 2394 2399 2398 2395 2392 2396 2395 2396 2399 2400 2402 2401 2400 2403 2402 2404 2405 2406 2404 2406 2407 2400 2401 2405 2400 2405 2404 2401 2402 2406 2401 2406 2405 2402 2403 2407 2402 2407 2406 2403 2400 2404 2403 2404 2407 2408 2410 2409 2408 2411 2410 2412 2413 2414 2412 2414 2415 2408 2409 2413 2408 2413 2412 2409 2410 2414 2409 2414 2413 2410 2411 2415 2410 2415 2414 2411 2408 2412 2411 2412 2415 2416 2418 2417 2416 2419 2418 2420 2421 2422 2420 2422 2423 2416 2417 2421 2416 2421 2420 2417 2418 2422 2417 2422 2421 2418 2419 2423 2418 2423 2422 2419 2416 2420 2419 2420 2423 2424 2426 2425 2424 2427 2426 2428 2429 2430 2428 2430 2431 2424 2425 2429 2424 2429 2428 2425 2426 2430 2425 2430 2429 2426 2427 2431 2426 2431 2430 2427 2424 2428 2427 2428 2431 2432 2434 2433 2432 2435 2434 2436 2437 2438 2436 2438 2439 2432 2433 2437 2432 2437 2436 2433 2434 2438 2433 2438 2437 2434 2435 2439 2434 2439 2438 2435 2432 2436 2435 2436 2439 2440 2442 2441 2440 2443 2442 2444 2445 2446 2444 2446 2447 2440 2441 2445 2440 2445 2444 2441 2442 2446 2441 2446 2445 2442 2443 2447 2442 2447 2446 2443 2440 2444 2443 2444 2447 2448 2450 2449 2448 2451 2450 2452 2453 2454 2452 2454 2455 2448 2449 2453 2448 2453 2452 2449 2450 2454 2449 2454 2453 2450 2451 2455 2450 2455 2454 2451 2448 2452 2451 2452 2455 2456 2458 2457 2456 2459 2458 2460 2461 2462 2460 2462 2463 2456 2457 2461 2456 2461 2460 2457 2458 2462 2457 2462 2461 2458 2459 2463 2458 2463 2462 2459 2456 2460 2459 2460 2463 2464 2466 2465 2464 2467 2466 2468 2469 2470 2468 2470 2471 2464 2465 2469 2464 2469 2468 2465 2466 2470 2465 2470 2469 2466 2467 2471 2466 2471 2470 2467 2464 2468 2467 2468 2471 2472 2474 2473 2472 2475 2474 2476 2477 2478 2476 2478 2479 2472 2473 2477 2472 2477 2476 2473 2474 2478 2473 2478 2477 2474 2475 2479 2474 2479 2478 2475 2472 2476 2475 2476 2479 2480 2482 2481 2480 2483 2482 2484 2485 2486 2484 2486 2487 2480 2481 2485 2480 2485 2484 2481 2482 2486 2481 2486 2485 2482 2483 2487 2482 2487 2486 2483 2480 2484 2483 2484 2487 2488 2490 2489 2488 2491 2490 2492 2493 2494 2492 2494 2495 2488 2489 2493 2488 2493 2492 2489 2490 2494 2489 2494 2493 2490 2491 2495 2490 2495 2494 2491 2488 2492 2491 2492 2495 2496 2498 2497 2496 2499 2498 2500 2501 2502 2500 2502 2503 2496 2497 2501 2496 2501 2500 2497 2498 2502 2497 2502 2501 2498 2499 2503 2498 2503 2502 2499 2496 2500 2499 2500 2503 2504 2506 2505 2504 2507 2506 2508 2509 2510 2508 2510 2511 2504 2505 2509 2504 2509 2508 2505 2506 2510 2505 2510 2509 2506 2507 2511 2506 2511 2510 2507 2504 2508 2507 2508 2511 2512 2514 2513 2512 2515 2514 2516 2517 2518 2516 2518 2519 2512 2513 2517 2512 2517 2516 2513 2514 2518 2513 2518 2517 2514 2515 2519 2514 2519 2518 2515 2512 2516 2515 2516 2519 2520 2522 2521 2520 2523 2522 2524 2525 2526 2524 2526 2527 2520 2521 2525 2520 2525 2524 2521 2522 2526 2521 2526 2525 2522 2523 2527 2522 2527 2526 2523 2520 2524 2523 2524 2527 2528 2530 2529 2528 2531 2530 2532 2533 2534 2532 2534 2535 2528 2529 2533 2528 2533 2532 2529 2530 2534 2529 2534 2533 2530 2531 2535 2530 2535 2534 2531 2528 2532 2531 2532 2535 2536 2538 2537 2536 2539 2538 2540 2541 2542 2540 2542 2543 2536 2537 2541 2536 2541 2540 2537 2538 2542 2537 2542 2541 2538 2539 2543 2538 2543 2542 2539 2536 2540 2539 2540 2543 2544 2546 2545 2544 2547 2546 2548 2549 2550 2548 2550 2551 2544 2545 2549 2544 2549 2548 2545 2546 2550 2545 2550 2549 2546 2547 2551 2546 2551 2550 2547 2544 2548 2547 2548 2551 2552 2554 2553 2552 2555 2554 2556 2557 2558 2556 2558 2559 2552 2553 2557 2552 2557 2556 2553 2554 2558 2553 2558 2557 2554 2555 2559 2554 2559 2558 2555 2552 2556 2555 2556 2559 2560 2562 2561 2560 2563 2562 2564 2565 2566 2564 2566 2567 2560 2561 2565 2560 2565 2564 2561 2562 2566 2561 2566 2565 2562 2563 2567 2562 2567 2566 2563 2560 2564 2563 2564 2567 2568 2570 2569 2568 2571 2570 2572 2573 2574 2572 2574 2575 2568 2569 2573 2568 2573 2572 2569 2570 2574 2569 2574 2573 2570 2571 2575 2570 2575 2574 2571 2568 2572 2571 2572 2575 2576 2578 2577 2576 2579 2578 2580 2581 2582 2580 2582 2583 2576 2577 2581 2576 2581 2580 2577 2578 2582 2577 2582 2581 2578 2579 2583 2578 2583 2582 2579 2576 2580 2579 2580 2583 2584 2586 2585 2584 2587 2586 2588 2589 2590 2588 2590 2591 2584 2585 2589 2584 2589 2588 2585 2586 2590 2585 2590 2589 2586 2587 2591 2586 2591 2590 2587 2584 2588 2587 2588 2591 2592 2594 2593 2592 2595 2594 2596 2597 2598 2596 2598 2599 2592 2593 2597 2592 2597 2596 2593 2594 2598 2593 2598 2597 2594 2595 2599 2594 2599 2598 2595 2592 2596 2595 2596 2599 2600 2602 2601 2600 2603 2602 2604 2605 2606 2604 2606 2607 2600 2601 2605 2600 2605 2604 2601 2602 2606 2601 2606 2605 2602 2603 2607 2602 2607 2606 2603 2600 2604 2603 2604 2607 2608 2610 2609 2608 2611 2610 2612 2613 2614 2612 2614 2615 2608 2609 2613 2608 2613 2612 2609 2610 2614 2609 2614 2613 2610 2611 2615 2610 2615 2614 2611 2608 2612 2611 2612 2615 2616 2618 2617 2616 2619 2618 2620 2621 2622 2620 2622 2623 2616 2617 2621 2616 2621 2620 2617 2618 2622 2617 2622 2621 2618 2619 2623 2618 2623 2622 2619 2616 2620 2619 2620 2623 2624 2626 2625 2624 2627 2626 2628 2629 2630 2628 2630 2631 2624 2625 2629 2624 2629 2628 2625 2626 2630 2625 2630 2629 2626 2627 2631 2626 2631 2630 2627 2624 2628 2627 2628 2631 2632 2634 2633 2632 2635 2634 2636 2637 2638 2636 2638 2639 2632 2633 2637 2632 2637 2636 2633 2634 2638 2633 2638 2637 2634 2635 2639 2634 2639 2638 2635 2632 2636 2635 2636 2639 2640 2642 2641 2640 2643 2642 2644 2645 2646 2644 2646 2647 2640 2641 2645 2640 2645 2644 2641 2642 2646 2641 2646 2645 2642 2643 2647 2642 2647 2646 2643 2640 2644 2643 2644 2647 2648 2650 2649 2648 2651 2650 2652 2653 2654 2652 2654 2655 2648 2649 2653 2648 2653 2652 2649 2650 2654 2649 2654 2653 2650 2651 2655 2650 2655 2654 2651 2648 2652 2651 2652 2655 2656 2658 2657 2656 2659 2658 2660 2661 2662 2660 2662 2663 2656 2657 2661 2656 2661 2660 2657 2658 2662 2657 2662 2661 2658 2659 2663 2658 2663 2662 2659 2656 2660 2659 2660 2663 2664 2666 2665 2664 2667 2666 2668 2669 2670 2668 2670 2671 2664 2665 2669 2664 2669 2668 2665 2666 2670 2665 2670 2669 2666 2667 2671 2666 2671 2670 2667 2664 2668 2667 2668 2671 2672 2674 2673 2672 2675 2674 2676 2677 2678 2676 2678 2679 2672 2673 2677 2672 2677 2676 2673 2674 2678 2673 2678 2677 2674 2675 2679 2674 2679 2678 2675 2672 2676 2675 2676 2679 2680 2682 2681 2680 2683 2682 2684 2685 2686 2684 2686 2687 2680 2681 2685 2680 2685 2684 2681 2682 2686 2681 2686 2685 2682 2683 2687 2682 2687 2686 2683 2680 2684 2683 2684 2687 2688 2690 2689 2688 2691 2690 2692 2693 2694 2692 2694 2695 2688 2689 2693 2688 2693 2692 2689 2690 2694 2689 2694 2693 2690 2691 2695 2690 2695 2694 2691 2688 2692 2691 2692 2695 2696 2698 2697 2696 2699 2698 2700 2701 2702 2700 2702 2703 2696 2697 2701 2696 2701 2700 2697 2698 2702 2697 2702 2701 2698 2699 2703 2698 2703 2702 2699 2696 2700 2699 2700 2703 2704 2706 2705 2704 2707 2706 2708 2709 2710 2708 2710 2711 2704 2705 2709 2704 2709 2708 2705 2706 2710 2705 2710 2709 2706 2707 2711 2706 2711 2710 2707 2704 2708 2707 2708 2711 2712 2714 2713 2712 2715 2714 2716 2717 2718 2716 2718 2719 2712 2713 2717 2712 2717 2716 2713 2714 2718 2713 2718 2717 2714 2715 2719 2714 2719 2718 2715 2712 2716 2715 2716 2719 2720 2722 2721 2720 2723 2722 2724 2725 2726 2724 2726 2727 2720 2721 2725 2720 2725 2724 2721 2722 2726 2721 2726 2725 2722 2723 2727 2722 2727 2726 2723 2720 2724 2723 2724 2727 2728 2730 2729 2728 2731 2730 2732 2733 2734 2732 2734 2735 2728 2729 2733 2728 2733 2732 2729 2730 2734 2729 2734 2733 2730 2731 2735 2730 2735 2734 2731 2728 2732 2731 2732 2735 2736 2738 2737 2736 2739 2738 2740 2741 2742 2740 2742 2743 2736 2737 2741 2736 2741 2740 2737 2738 2742 2737 2742 2741 2738 2739 2743 2738 2743 2742 2739 2736 2740 2739 2740 2743 2744 2746 2745 2744 2747 2746 2748 2749 2750 2748 2750 2751 2744 2745 2749 2744 2749 2748 2745 2746 2750 2745 2750 2749 2746 2747 2751 2746 2751 2750 2747 2744 2748 2747 2748 2751 2752 2754 2753 2752 2755 2754 2756 2757 2758 2756 2758 2759 2752 2753 2757 2752 2757 2756 2753 2754 2758 2753 2758 2757 2754 2755 2759 2754 2759 2758 2755 2752 2756 2755 2756 2759 2760 2762 2761 2760 2763 2762 2764 2765 2766 2764 2766 2767 2760 2761 2765 2760 2765 2764 2761 2762 2766 2761 2766 2765 2762 2763 2767 2762 2767 2766 2763 2760 2764 2763 2764 2767 2768 2770 2769 2768 2771 2770 2772 2773 2774 2772 2774 2775 2768 2769 2773 2768 2773 2772 2769 2770 2774 2769 2774 2773 2770 2771 2775 2770 2775 2774 2771 2768 2772 2771 2772 2775 2776 2778 2777 2776 2779 2778 2780 2781 2782 2780 2782 2783 2776 2777 2781 2776 2781 2780 2777 2778 2782 2777 2782 2781 2778 2779 2783 2778 2783 2782 2779 2776 2780 2779 2780 2783 2784 2786 2785 2784 2787 2786 2788 2789 2790 2788 2790 2791 2784 2785 2789 2784 2789 2788 2785 2786 2790 2785 2790 2789 2786 2787 2791 2786 2791 2790 2787 2784 2788 2787 2788 2791 2792 2794 2793 2792 2795 2794 2796 2797 2798 2796 2798 2799 2792 2793 2797 2792 2797 2796 2793 2794 2798 2793 2798 2797 2794 2795 2799 2794 2799 2798 2795 2792 2796 2795 2796 2799 2800 2802 2801 2800 2803 2802 2804 2805 2806 2804 2806 2807 2800 2801 2805 2800 2805 2804 2801 2802 2806 2801 2806 2805 2802 2803 2807 2802 2807 2806 2803 2800 2804 2803 2804 2807 2808 2810 2809 2808 2811 2810 2812 2813 2814 2812 2814 2815 2808 2809 2813 2808 2813 2812 2809 2810 2814 2809 2814 2813 2810 2811 2815 2810 2815 2814 2811 2808 2812 2811 2812 2815 2816 2818 2817 2816 2819 2818 2820 2821 2822 2820 2822 2823 2816 2817 2821 2816 2821 2820 2817 2818 2822 2817 2822 2821 2818 2819 2823 2818 2823 2822 2819 2816 2820 2819 2820 2823 2824 2826 2825 2824 2827 2826 2828 2829 2830 2828 2830 2831 2824 2825 2829 2824 2829 2828 2825 2826 2830 2825 2830 2829 2826 2827 2831 2826 2831 2830 2827 2824 2828 2827 2828 2831 2832 2834 2833 2832 2835 2834 2836 2837 2838 2836 2838 2839 2832 2833 2837 2832 2837 2836 2833 2834 2838 2833 2838 2837 2834 2835 2839 2834 2839 2838 2835 2832 2836 2835 2836 2839 2840 2842 2841 2840 2843 2842 2844 2845 2846 2844 2846 2847 2840 2841 2845 2840 2845 2844 2841 2842 2846 2841 2846 2845 2842 2843 2847 2842 2847 2846 2843 2840 2844 2843 2844 2847 2848 2850 2849 2848 2851 2850 2852 2853 2854 2852 2854 2855 2848 2849 2853 2848 2853 2852 2849 2850 2854 2849 2854 2853 2850 2851 2855 2850 2855 2854 2851 2848 2852 2851 2852 2855 2856 2858 2857 2856 2859 2858 2860 2861 2862 2860 2862 2863 2856 2857 2861 2856 2861 2860 2857 2858 2862 2857 2862 2861 2858 2859 2863 2858 2863 2862 2859 2856 2860 2859 2860 2863 2864 2866 2865 2864 2867 2866 2868 2869 2870 2868 2870 2871 2864 2865 2869 2864 2869 2868 2865 2866 2870 2865 2870 2869 2866 2867 2871 2866 2871 2870 2867 2864 2868 2867 2868 2871 2872 2874 2873 2872 2875 2874 2876 2877 2878 2876 2878 2879 2872 2873 2877 2872 2877 2876 2873 2874 2878 2873 2878 2877 2874 2875 2879 2874 2879 2878 2875 2872 2876 2875 2876 2879 2880 2882 2881 2880 2883 2882 2884 2885 2886 2884 2886 2887 2880 2881 2885 2880 2885 2884 2881 2882 2886 2881 2886 2885 2882 2883 2887 2882 2887 2886 2883 2880 2884 2883 2884 2887 2888 2890 2889 2888 2891 2890 2892 2893 2894 2892 2894 2895 2888 2889 2893 2888 2893 2892 2889 2890 2894 2889 2894 2893 2890 2891 2895 2890 2895 2894 2891 2888 2892 2891 2892 2895 2896 2898 2897 2896 2899 2898 2900 2901 2902 2900 2902 2903 2896 2897 2901 2896 2901 2900 2897 2898 2902 2897 2902 2901 2898 2899 2903 2898 2903 2902 2899 2896 2900 2899 2900 2903 2904 2906 2905 2904 2907 2906 2908 2909 2910 2908 2910 2911 2904 2905 2909 2904 2909 2908 2905 2906 2910 2905 2910 2909 2906 2907 2911 2906 2911 2910 2907 2904 2908 2907 2908 2911 2912 2914 2913 2912 2915 2914 2916 2917 2918 2916 2918 2919 2912 2913 2917 2912 2917 2916 2913 2914 2918 2913 2918 2917 2914 2915 2919 2914 2919 2918 2915 2912 2916 2915 2916 2919 2920 2922 2921 2920 2923 2922 2924 2925 2926 2924 2926 2927 2920 2921 2925 2920 2925 2924 2921 2922 2926 2921 2926 2925 2922 2923 2927 2922 2927 2926 2923 2920 2924 2923 2924 2927 2928 2930 2929 2928 2931 2930 2932 2933 2934 2932 2934 2935 2928 2929 2933 2928 2933 2932 2929 2930 2934 2929 2934 2933 2930 2931 2935 2930 2935 2934 2931 2928 2932 2931 2932 2935 2936 2938 2937 2936 2939 2938 2940 2941 2942 2940 2942 2943 2936 2937 2941 2936 2941 2940 2937 2938 2942 2937 2942 2941 2938 2939 2943 2938 2943 2942 2939 2936 2940 2939 2940 2943 2944 2946 2945 2944 2947 2946 2948 2949 2950 2948 2950 2951 2944 2945 2949 2944 2949 2948 2945 2946 2950 2945 2950 2949 2946 2947 2951 2946 2951 2950 2947 2944 2948 2947 2948 2951 2952 2954 2953 2952 2955 2954 2956 2957 2958 2956 2958 2959 2952 2953 2957 2952 2957 2956 2953 2954 2958 2953 2958 2957 2954 2955 2959 2954 2959 2958 2955 2952 2956 2955 2956 2959 2960 2962 2961 2960 2963 2962 2964 2965 2966 2964 2966 2967 2960 2961 2965 2960 2965 2964 2961 2962 2966 2961 2966 2965 2962 2963 2967 2962 2967 2966 2963 2960 2964 2963 2964 2967 2968 2970 2969 2968 2971 2970 2972 2973 2974 2972 2974 2975 2968 2969 2973 2968 2973 2972 2969 2970 2974 2969 2974 2973 2970 2971 2975 2970 2975 2974 2971 2968 2972 2971 2972 2975 2976 2978 2977 2976 2979 2978 2980 2981 2982 2980 2982 2983 2976 2977 2981 2976 2981 2980 2977 2978 2982 2977 2982 2981 2978 2979 2983 2978 2983 2982 2979 2976 2980 2979 2980 2983 2984 2986 2985 2984 2987 2986 2988 2989 2990 2988 2990 2991 2984 2985 2989 2984 2989 2988 2985 2986 2990 2985 2990 2989 2986 2987 2991 2986 2991 2990 2987 2984 2988 2987 2988 2991 2992 2994 2993 2992 2995 2994 2996 2997 2998 2996 2998 2999 2992 2993 2997 2992 2997 2996 2993 2994 2998 2993 2998 2997 2994 2995 2999 2994 2999 2998 2995 2992 2996 2995 2996 2999 3000 3002 3001 3000 3003 3002 3004 3005 3006 3004 3006 3007 3000 3001 3005 3000 3005 3004 3001 3002 3006 3001 3006 3005 3002 3003 3007 3002 3007 3006 3003 3000 3004 3003 3004 3007 3008 3010 3009 3008 3011 3010 3012 3013 3014 3012 3014 3015 3008 3009 3013 3008 3013 3012 3009 3010 3014 3009 3014 3013 3010 3011 3015 3010 3015 3014 3011 3008 3012 3011 3012 3015 3016 3018 3017 3016 3019 3018 3020 3021 3022 3020 3022 3023 3016 3017 3021 3016 3021 3020 3017 3018 3022 3017 3022 3021 3018 3019 3023 3018 3023 3022 3019 3016 3020 3019 3020 3023 3024 3026 3025 3024 3027 3026 3028 3029 3030 3028 3030 3031 3024 3025 3029 3024 3029 3028 3025 3026 3030 3025 3030 3029 3026 3027 3031 3026 3031 3030 3027 3024 3028 3027 3028 3031 3032 3034 3033 3032 3035 3034 3036 3037 3038 3036 3038 3039 3032 3033 3037 3032 3037 3036 3033 3034 3038 3033 3038 3037 3034 3035 3039 3034 3039 3038 3035 3032 3036 3035 3036 3039 3040 3042 3041 3040 3043 3042 3044 3045 3046 3044 3046 3047 3040 3041 3045 3040 3045 3044 3041 3042 3046 3041 3046 3045 3042 3043 3047 3042 3047 3046 3043 3040 3044 3043 3044 3047 3048 3050 3049 3048 3051 3050 3052 3053 3054 3052 3054 3055 3048 3049 3053 3048 3053 3052 3049 3050 3054 3049 3054 3053 3050 3051 3055 3050 3055 3054 3051 3048 3052 3051 3052 3055 3056 3058 3057 3056 3059 3058 3060 3061 3062 3060 3062 3063 3056 3057 3061 3056 3061 3060 3057 3058 3062 3057 3062 3061 3058 3059 3063 3058 3063 3062 3059 3056 3060 3059 3060 3063 3064 3066 3065 3064 3067 3066 3068 3069 3070 3068 3070 3071 3064 3065 3069 3064 3069 3068 3065 3066 3070 3065 3070 3069 3066 3067 3071 3066 3071 3070 3067 3064 3068 3067 3068 3071 3072 3074 3073 3072 3075 3074 3076 3077 3078 3076 3078 3079 3072 3073 3077 3072 3077 3076 3073 3074 3078 3073 3078 3077 3074 3075 3079 3074 3079 3078 3075 3072 3076 3075 3076 3079 3080 3082 3081 3080 3083 3082 3084 3085 3086 3084 3086 3087 3080 3081 3085 3080 3085 3084 3081 3082 3086 3081 3086 3085 3082 3083 3087 3082 3087 3086 3083 3080 3084 3083 3084 3087 3088 3090 3089 3088 3091 3090 3092 3093 3094 3092 3094 3095 3088 3089 3093 3088 3093 3092 3089 3090 3094 3089 3094 3093 3090 3091 3095 3090 3095 3094 3091 3088 3092 3091 3092 3095 3096 3098 3097 3096 3099 3098 3100 3101 3102 3100 3102 3103 3096 3097 3101 3096 3101 3100 3097 3098 3102 3097 3102 3101 3098 3099 3103 3098 3103 3102 3099 3096 3100 3099 3100 3103 3104 3106 3105 3104 3107 3106 3108 3109 3110 3108 3110 3111 3104 3105 3109 3104 3109 3108 3105 3106 3110 3105 3110 3109 3106 3107 3111 3106 3111 3110 3107 3104 3108 3107 3108 3111 3112 3114 3113 3112 3115 3114 3116 3117 3118 3116 3118 3119 3112 3113 3117 3112 3117 3116 3113 3114 3118 3113 3118 3117 3114 3115 3119 3114 3119 3118 3115 3112 3116 3115 3116 3119 3120 3122 3121 3120 3123 3122 3124 3125 3126 3124 3126 3127 3120 3121 3125 3120 3125 3124 3121 3122 3126 3121 3126 3125 3122 3123 3127 3122 3127 3126 3123 3120 3124 3123 3124 3127 3128 3130 3129 3128 3131 3130 3132 3133 3134 3132 3134 3135 3128 3129 3133 3128 3133 3132 3129 3130 3134 3129 3134 3133 3130 3131 3135 3130 3135 3134 3131 3128 3132 3131 3132 3135 3136 3138 3137 3136 3139 3138 3140 3141 3142 3140 3142 3143 3136 3137 3141 3136 3141 3140 3137 3138 3142 3137 3142 3141 3138 3139 3143 3138 3143 3142 3139 3136 3140 3139 3140 3143 3144 3146 3145 3144 3147 3146 3148 3149 3150 3148 3150 3151 3144 3145 3149 3144 3149 3148 3145 3146 3150 3145 3150 3149 3146 3147 3151 3146 3151 3150 3147 3144 3148 3147 3148 3151 3152 3154 3153 3152 3155 3154 3156 3157 3158 3156 3158 3159 3152 3153 3157 3152 3157 3156 3153 3154 3158 3153 3158 3157 3154 3155 3159 3154 3159 3158 3155 3152 3156 3155 3156 3159 3160 3162 3161 3160 3163 3162 3164 3165 3166 3164 3166 3167 3160 3161 3165 3160 3165 3164 3161 3162 3166 3161 3166 3165 3162 3163 3167 3162 3167 3166 3163 3160 3164 3163 3164 3167 3168 3170 3169 3168 3171 3170 3172 3173 3174 3172 3174 3175 3168 3169 3173 3168 3173 3172 3169 3170 3174 3169 3174 3173 3170 3171 3175 3170 3175 3174 3171 3168 3172 3171 3172 3175 3176 3178 3177 3176 3179 3178 3180 3181 3182 3180 3182 3183 3176 3177 3181 3176 3181 3180 3177 3178 3182 3177 3182 3181 3178 3179 3183 3178 3183 3182 3179 3176 3180 3179 3180 3183 3184 3186 3185 3184 3187 3186 3188 3189 3190 3188 3190 3191 3184 3185 3189 3184 3189 3188 3185 3186 3190 3185 3190 3189 3186 3187 3191 3186 3191 3190 3187 3184 3188 3187 3188 3191 3192 3194 3193 3192 3195 3194 3196 3197 3198 3196 3198 3199 3192 3193 3197 3192 3197 3196 3193 3194 3198 3193 3198 3197 3194 3195 3199 3194 3199 3198 3195 3192 3196 3195 3196 3199 3200 3202 3201 3200 3203 3202 3204 3205 3206 3204 3206 3207 3200 3201 3205 3200 3205 3204 3201 3202 3206 3201 3206 3205 3202 3203 3207 3202 3207 3206 3203 3200 3204 3203 3204 3207 3208 3210 3209 3208 3211 3210 3212 3213 3214 3212 3214 3215 3208 3209 3213 3208 3213 3212 3209 3210 3214 3209 3214 3213 3210 3211 3215 3210 3215 3214 3211 3208 3212 3211 3212 3215 3216 3218 3217 3216 3219 3218 3220 3221 3222 3220 3222 3223 3216 3217 3221 3216 3221 3220 3217 3218 3222 3217 3222 3221 3218 3219 3223 3218 3223 3222 3219 3216 3220 3219 3220 3223 3224 3226 3225 3224 3227 3226 3228 3229 3230 3228 3230 3231 3224 3225 3229 3224 3229 3228 3225 3226 3230 3225 3230 3229 3226 3227 3231 3226 3231 3230 3227 3224 3228 3227 3228 3231 3232 3234 3233 3232 3235 3234 3236 3237 3238 3236 3238 3239 3232 3233 3237 3232 3237 3236 3233 3234 3238 3233 3238 3237 3234 3235 3239 3234 3239 3238 3235 3232 3236 3235 3236 3239 3240 3242 3241 3240 3243 3242 3244 3245 3246 3244 3246 3247 3240 3241 3245 3240 3245 3244 3241 3242 3246 3241 3246 3245 3242 3243 3247 3242 3247 3246 3243 3240 3244 3243 3244 3247 3248 3250 3249 3248 3251 3250 3252 3253 3254 3252 3254 3255 3248 3249 3253 3248 3253 3252 3249 3250 3254 3249 3254 3253 3250 3251 3255 3250 3255 3254 3251 3248 3252 3251 3252 3255 3256 3258 3257 3256 3259 3258 3260 3261 3262 3260 3262 3263 3256 3257 3261 3256 3261 3260 3257 3258 3262 3257 3262 3261 3258 3259 3263 3258 3263 3262 3259 3256 3260 3259 3260 3263 3264 3266 3265 3264 3267 3266 3268 3269 3270 3268 3270 3271 3264 3265 3269 3264 3269 3268 3265 3266 3270 3265 3270 3269 3266 3267 3271 3266 3271 3270 3267 3264 3268 3267 3268 3271 3272 3274 3273 3272 3275 3274 3276 3277 3278 3276 3278 3279 3272 3273 3277 3272 3277 3276 3273 3274 3278 3273 3278 3277 3274 3275 3279 3274 3279 3278 3275 3272 3276 3275 3276 3279 3280 3282 3281 3280 3283 3282 3284 3285 3286 3284 3286 3287 3280 3281 3285 3280 3285 3284 3281 3282 3286 3281 3286 3285 3282 3283 3287 3282 3287 3286 3283 3280 3284 3283 3284 3287 3288 3290 3289 3288 3291 3290 3292 3293 3294 3292 3294 3295 3288 3289 3293 3288 3293 3292 3289 3290 3294 3289 3294 3293 3290 3291 3295 3290 3295 3294 3291 3288 3292 3291 3292 3295 3296 3298 3297 3296 3299 3298 3300 3301 3302 3300 3302 3303 3296 3297 3301 3296 3301 3300 3297 3298 3302 3297 3302 3301 3298 3299 3303 3298 3303 3302 3299 3296 3300 3299 3300 3303 3304 3306 3305 3304 3307 3306 3308 3309 3310 3308 3310 3311 3304 3305 3309 3304 3309 3308 3305 3306 3310 3305 3310 3309 3306 3307 3311 3306 3311 3310 3307 3304 3308 3307 3308 3311 3312 3314 3313 3312 3315 3314 3316 3317 3318 3316 3318 3319 3312 3313 3317 3312 3317 3316 3313 3314 3318 3313 3318 3317 3314 3315 3319 3314 3319 3318 3315 3312 3316 3315 3316 3319 3320 3322 3321 3320 3323 3322 3324 3325 3326 3324 3326 3327 3320 3321 3325 3320 3325 3324 3321 3322 3326 3321 3326 3325 3322 3323 3327 3322 3327 3326 3323 3320 3324 3323 3324 3327 3328 3330 3329 3328 3331 3330 3332 3333 3334 3332 3334 3335 3328 3329 3333 3328 3333 3332 3329 3330 3334 3329 3334 3333 3330 3331 3335 3330 3335 3334 3331 3328 3332 3331 3332 3335 3336 3338 3337 3336 3339 3338 3340 3341 3342 3340 3342 3343 3336 3337 3341 3336 3341 3340 3337 3338 3342 3337 3342 3341 3338 3339 3343 3338 3343 3342 3339 3336 3340 3339 3340 3343 3344 3346 3345 3344 3347 3346 3348 3349 3350 3348 3350 3351 3344 3345 3349 3344 3349 3348 3345 3346 3350 3345 3350 3349 3346 3347 3351 3346 3351 3350 3347 3344 3348 3347 3348 3351 3352 3354 3353 3352 3355 3354 3356 3357 3358 3356 3358 3359 3352 3353 3357 3352 3357 3356 3353 3354 3358 3353 3358 3357 3354 3355 3359 3354 3359 3358 3355 3352 3356 3355 3356 3359 3360 3362 3361 3360 3363 3362 3364 3365 3366 3364 3366 3367 3360 3361 3365 3360 3365 3364 3361 3362 3366 3361 3366 3365 3362 3363 3367 3362 3367 3366 3363 3360 3364 3363 3364 3367 3368 3370 3369 3368 3371 3370 3372 3373 3374 3372 3374 3375 3368 3369 3373 3368 3373 3372 3369 3370 3374 3369 3374 3373 3370 3371 3375 3370 3375 3374 3371 3368 3372 3371 3372 3375 3376 3378 3377 3376 3379 3378 3380 3381 3382 3380 3382 3383 3376 3377 3381 3376 3381 3380 3377 3378 3382 3377 3382 3381 3378 3379 3383 3378 3383 3382 3379 3376 3380 3379 3380 3383 3384 3386 3385 3384 3387 3386 3388 3389 3390 3388 3390 3391 3384 3385 3389 3384 3389 3388 3385 3386 3390 3385 3390 3389 3386 3387 3391 3386 3391 3390 3387 3384 3388 3387 3388 3391 3392 3394 3393 3392 3395 3394 3396 3397 3398 3396 3398 3399 3392 3393 3397 3392 3397 3396 3393 3394 3398 3393 3398 3397 3394 3395 3399 3394 3399 3398 3395 3392 3396 3395 3396 3399 3400 3402 3401 3400 3403 3402 3404 3405 3406 3404 3406 3407 3400 3401 3405 3400 3405 3404 3401 3402 3406 3401 3406 3405 3402 3403 3407 3402 3407 3406 3403 3400 3404 3403 3404 3407 3408 3410 3409 3408 3411 3410 3412 3413 3414 3412 3414 3415 3408 3409 3413 3408 3413 3412 3409 3410 3414 3409 3414 3413 3410 3411 3415 3410 3415 3414 3411 3408 3412 3411 3412 3415 3416 3418 3417 3416 3419 3418 3420 3421 3422 3420 3422 3423 3416 3417 3421 3416 3421 3420 3417 3418 3422 3417 3422 3421 3418 3419 3423 3418 3423 3422 3419 3416 3420 3419 3420 3423 3424 3426 3425 3424 3427 3426 3428 3429 3430 3428 3430 3431 3424 3425 3429 3424 3429 3428 3425 3426 3430 3425 3430 3429 3426 3427 3431 3426 3431 3430 3427 3424 3428 3427 3428 3431 3432 3434 3433 3432 3435 3434 3436 3437 3438 3436 3438 3439 3432 3433 3437 3432 3437 3436 3433 3434 3438 3433 3438 3437 3434 3435 3439 3434 3439 3438 3435 3432 3436 3435 3436 3439 3440 3442 3441 3440 3443 3442 3444 3445 3446 3444 3446 3447 3440 3441 3445 3440 3445 3444 3441 3442 3446 3441 3446 3445 3442 3443 3447 3442 3447 3446 3443 3440 3444 3443 3444 3447 3448 3450 3449 3448 3451 3450 3452 3453 3454 3452 3454 3455 3448 3449 3453 3448 3453 3452 3449 3450 3454 3449 3454 3453 3450 3451 3455 3450 3455 3454 3451 3448 3452 3451 3452 3455 3456 3458 3457 3456 3459 3458 3460 3461 3462 3460 3462 3463 3456 3457 3461 3456 3461 3460 3457 3458 3462 3457 3462 3461 3458 3459 3463 3458 3463 3462 3459 3456 3460 3459 3460 3463 3464 3466 3465 3464 3467 3466 3468 3469 3470 3468 3470 3471 3464 3465 3469 3464 3469 3468 3465 3466 3470 3465 3470 3469 3466 3467 3471 3466 3471 3470 3467 3464 3468 3467 3468 3471 3472 3474 3473 3472 3475 3474 3476 3477 3478 3476 3478 3479 3472 3473 3477 3472 3477 3476 3473 3474 3478 3473 3478 3477 3474 3475 3479 3474 3479 3478 3475 3472 3476 3475 3476 3479 3480 3482 3481 3480 3483 3482 3484 3485 3486 3484 3486 3487 3480 3481 3485 3480 3485 3484 3481 3482 3486 3481 3486 3485 3482 3483 3487 3482 3487 3486 3483 3480 3484 3483 3484 3487 3488 3490 3489 3488 3491 3490 3492 3493 3494 3492 3494 3495 3488 3489 3493 3488 3493 3492 3489 3490 3494 3489 3494 3493 3490 3491 3495 3490 3495 3494 3491 3488 3492 3491 3492 3495 3496 3498 3497 3496 3499 3498 3500 3501 3502 3500 3502 3503 3496 3497 3501 3496 3501 3500 3497 3498 3502 3497 3502 3501 3498 3499 3503 3498 3503 3502 3499 3496 3500 3499 3500 3503 3504 3506 3505 3504 3507 3506 3508 3509 3510 3508 3510 3511 3504 3505 3509 3504 3509 3508 3505 3506 3510 3505 3510 3509 3506 3507 3511 3506 3511 3510 3507 3504 3508 3507 3508 3511 3512 3514 3513 3512 3515 3514 3516 3517 3518 3516 3518 3519 3512 3513 3517 3512 3517 3516 3513 3514 3518 3513 3518 3517 3514 3515 3519 3514 3519 3518 3515 3512 3516 3515 3516 3519 3520 3522 3521 3520 3523 3522 3524 3525 3526 3524 3526 3527 3520 3521 3525 3520 3525 3524 3521 3522 3526 3521 3526 3525 3522 3523 3527 3522 3527 3526 3523 3520 3524 3523 3524 3527 3528 3530 3529 3528 3531 3530 3532 3533 3534 3532 3534 3535 3528 3529 3533 3528 3533 3532 3529 3530 3534 3529 3534 3533 3530 3531 3535 3530 3535 3534 3531 3528 3532 3531 3532 3535 3536 3538 3537 3536 3539 3538 3540 3541 3542 3540 3542 3543 3536 3537 3541 3536 3541 3540 3537 3538 3542 3537 3542 3541 3538 3539 3543 3538 3543 3542 3539 3536 3540 3539 3540 3543 3544 3546 3545 3544 3547 3546 3548 3549 3550 3548 3550 3551 3544 3545 3549 3544 3549 3548 3545 3546 3550 3545 3550 3549 3546 3547 3551 3546 3551 3550 3547 3544 3548 3547 3548 3551 3552 3554 3553 3552 3555 3554 3556 3557 3558 3556 3558 3559 3552 3553 3557 3552 3557 3556 3553 3554 3558 3553 3558 3557 3554 3555 3559 3554 3559 3558 3555 3552 3556 3555 3556 3559 3560 3562 3561 3560 3563 3562 3564 3565 3566 3564 3566 3567 3560 3561 3565 3560 3565 3564 3561 3562 3566 3561 3566 3565 3562 3563 3567 3562 3567 3566 3563 3560 3564 3563 3564 3567 3568 3570 3569 3568 3571 3570 3572 3573 3574 3572 3574 3575 3568 3569 3573 3568 3573 3572 3569 3570 3574 3569 3574 3573 3570 3571 3575 3570 3575 3574 3571 3568 3572 3571 3572 3575 3576 3578 3577 3576 3579 3578 3580 3581 3582 3580 3582 3583 3576 3577 3581 3576 3581 3580 3577 3578 3582 3577 3582 3581 3578 3579 3583 3578 3583 3582 3579 3576 3580 3579 3580 3583 3584 3586 3585 3584 3587 3586 3588 3589 3590 3588 3590 3591 3584 3585 3589 3584 3589 3588 3585 3586 3590 3585 3590 3589 3586 3587 3591 3586 3591 3590 3587 3584 3588 3587 3588 3591 3592 3594 3593 3592 3595 3594 3596 3597 3598 3596 3598 3599 3592 3593 3597 3592 3597 3596 3593 3594 3598 3593 3598 3597 3594 3595 3599 3594 3599 3598 3595 3592 3596 3595 3596 3599 3600 3602 3601 3600 3603 3602 3604 3605 3606 3604 3606 3607 3600 3601 3605 3600 3605 3604 3601 3602 3606 3601 3606 3605 3602 3603 3607 3602 3607 3606 3603 3600 3604 3603 3604 3607 3608 3610 3609 3608 3611 3610 3612 3613 3614 3612 3614 3615 3608 3609 3613 3608 3613 3612 3609 3610 3614 3609 3614 3613 3610 3611 3615 3610 3615 3614 3611 3608 3612 3611 3612 3615 3616 3618 3617 3616 3619 3618 3620 3621 3622 3620 3622 3623 3616 3617 3621 3616 3621 3620 3617 3618 3622 3617 3622 3621 3618 3619 3623 3618 3623 3622 3619 3616 3620 3619 3620 3623 3624 3626 3625 3624 3627 3626 3628 3629 3630 3628 3630 3631 3624 3625 3629 3624 3629 3628 3625 3626 3630 3625 3630 3629 3626 3627 3631 3626 3631 3630 3627 3624 3628 3627 3628 3631 3632 3634 3633 3632 3635 3634 3636 3637 3638 3636 3638 3639 3632 3633 3637 3632 3637 3636 3633 3634 3638 3633 3638 3637 3634 3635 3639 3634 3639 3638 3635 3632 3636 3635 3636 3639 3640 3642 3641 3640 3643 3642 3644 3645 3646 3644 3646 3647 3640 3641 3645 3640 3645 3644 3641 3642 3646 3641 3646 3645 3642 3643 3647 3642 3647 3646 3643 3640 3644 3643 3644 3647 3648 3650 3649 3648 3651 3650 3652 3653 3654 3652 3654 3655 3648 3649 3653 3648 3653 3652 3649 3650 3654 3649 3654 3653 3650 3651 3655 3650 3655 3654 3651 3648 3652 3651 3652 3655 3656 3658 3657 3656 3659 3658 3660 3661 3662 3660 3662 3663 3656 3657 3661 3656 3661 3660 3657 3658 3662 3657 3662 3661 3658 3659 3663 3658 3663 3662 3659 3656 3660 3659 3660 3663 3664 3666 3665 3664 3667 3666 3668 3669 3670 3668 3670 3671 3664 3665 3669 3664 3669 3668 3665 3666 3670 3665 3670 3669 3666 3667 3671 3666 3671 3670 3667 3664 3668 3667 3668 3671 3672 3674 3673 3672 3675 3674 3676 3677 3678 3676 3678 3679 3672 3673 3677 3672 3677 3676 3673 3674 3678 3673 3678 3677 3674 3675 3679 3674 3679 3678 3675 3672 3676 3675 3676 3679 3680 3682 3681 3680 3683 3682 3684 3685 3686 3684 3686 3687 3680 3681 3685 3680 3685 3684 3681 3682 3686 3681 3686 3685 3682 3683 3687 3682 3687 3686 3683 3680 3684 3683 3684 3687 3688 3690 3689 3688 3691 3690 3692 3693 3694 3692 3694 3695 3688 3689 3693 3688 3693 3692 3689 3690 3694 3689 3694 3693 3690 3691 3695 3690 3695 3694 3691 3688 3692 3691 3692 3695 3696 3698 3697 3696 3699 3698 3700 3701 3702 3700 3702 3703 3696 3697 3701 3696 3701 3700 3697 3698 3702 3697 3702 3701 3698 3699 3703 3698 3703 3702 3699 3696 3700 3699 3700 3703 3704 3706 3705 3704 3707 3706 3708 3709 3710 3708 3710 3711 3704 3705 3709 3704 3709 3708 3705 3706 3710 3705 3710 3709 3706 3707 3711 3706 3711 3710 3707 3704 3708 3707 3708 3711 3712 3714 3713 3712 3715 3714 3716 3717 3718 3716 3718 3719 3712 3713 3717 3712 3717 3716 3713 3714 3718 3713 3718 3717 3714 3715 3719 3714 3719 3718 3715 3712 3716 3715 3716 3719 3720 3722 3721 3720 3723 3722 3724 3725 3726 3724 3726 3727 3720 3721 3725 3720 3725 3724 3721 3722 3726 3721 3726 3725 3722 3723 3727 3722 3727 3726 3723 3720 3724 3723 3724 3727 3728 3730 3729 3728 3731 3730 3732 3733 3734 3732 3734 3735 3728 3729 3733 3728 3733 3732 3729 3730 3734 3729 3734 3733 3730 3731 3735 3730 3735 3734 3731 3728 3732 3731 3732 3735 3736 3738 3737 3736 3739 3738 3740 3741 3742 3740 3742 3743 3736 3737 3741 3736 3741 3740 3737 3738 3742 3737 3742 3741 3738 3739 3743 3738 3743 3742 3739 3736 3740 3739 3740 3743 3744 3746 3745 3744 3747 3746 3748 3749 3750 3748 3750 3751 3744 3745 3749 3744 3749 3748 3745 3746 3750 3745 3750 3749 3746 3747 3751 3746 3751 3750 3747 3744 3748 3747 3748 3751 3752 3754 3753 3752 3755 3754 3756 3757 3758 3756 3758 3759 3752 3753 3757 3752 3757 3756 3753 3754 3758 3753 3758 3757 3754 3755 3759 3754 3759 3758 3755 3752 3756 3755 3756 3759 3760 3762 3761 3760 3763 3762 3764 3765 3766 3764 3766 3767 3760 3761 3765 3760 3765 3764 3761 3762 3766 3761 3766 3765 3762 3763 3767 3762 3767 3766 3763 3760 3764 3763 3764 3767 3768 3770 3769 3768 3771 3770 3772 3773 3774 3772 3774 3775 3768 3769 3773 3768 3773 3772 3769 3770 3774 3769 3774 3773 3770 3771 3775 3770 3775 3774 3771 3768 3772 3771 3772 3775 3776 3778 3777 3776 3779 3778 3780 3781 3782 3780 3782 3783 3776 3777 3781 3776 3781 3780 3777 3778 3782 3777 3782 3781 3778 3779 3783 3778 3783 3782 3779 3776 3780 3779 3780 3783 3784 3786 3785 3784 3787 3786 3788 3789 3790 3788 3790 3791 3784 3785 3789 3784 3789 3788 3785 3786 3790 3785 3790 3789 3786 3787 3791 3786 3791 3790 3787 3784 3788 3787 3788 3791 3792 3794 3793 3792 3795 3794 3796 3797 3798 3796 3798 3799 3792 3793 3797 3792 3797 3796 3793 3794 3798 3793 3798 3797 3794 3795 3799 3794 3799 3798 3795 3792 3796 3795 3796 3799 3800 3802 3801 3800 3803 3802 3804 3805 3806 3804 3806 3807 3800 3801 3805 3800 3805 3804 3801 3802 3806 3801 3806 3805 3802 3803 3807 3802 3807 3806 3803 3800 3804 3803 3804 3807 3808 3810 3809 3808 3811 3810 3812 3813 3814 3812 3814 3815 3808 3809 3813 3808 3813 3812 3809 3810 3814 3809 3814 3813 3810 3811 3815 3810 3815 3814 3811 3808 3812 3811 3812 3815 3816 3818 3817 3816 3819 3818 3820 3821 3822 3820 3822 3823 3816 3817 3821 3816 3821 3820 3817 3818 3822 3817 3822 3821 3818 3819 3823 3818 3823 3822 3819 3816 3820 3819 3820 3823 3824 3826 3825 3824 3827 3826 3828 3829 3830 3828 3830 3831 3824 3825 3829 3824 3829 3828 3825 3826 3830 3825 3830 3829 3826 3827 3831 3826 3831 3830 3827 3824 3828 3827 3828 3831 3832 3834 3833 3832 3835 3834 3836 3837 3838 3836 3838 3839 3832 3833 3837 3832 3837 3836 3833 3834 3838 3833 3838 3837 3834 3835 3839 3834 3839 3838 3835 3832 3836 3835 3836 3839 3840 3842 3841 3840 3843 3842 3844 3845 3846 3844 3846 3847 3840 3841 3845 3840 3845 3844 3841 3842 3846 3841 3846 3845 3842 3843 3847 3842 3847 3846 3843 3840 3844 3843 3844 3847 3848 3850 3849 3848 3851 3850 3852 3853 3854 3852 3854 3855 3848 3849 3853 3848 3853 3852 3849 3850 3854 3849 3854 3853 3850 3851 3855 3850 3855 3854 3851 3848 3852 3851 3852 3855 3856 3858 3857 3856 3859 3858 3860 3861 3862 3860 3862 3863 3856 3857 3861 3856 3861 3860 3857 3858 3862 3857 3862 3861 3858 3859 3863 3858 3863 3862 3859 3856 3860 3859 3860 3863 3864 3866 3865 3864 3867 3866 3868 3869 3870 3868 3870 3871 3864 3865 3869 3864 3869 3868 3865 3866 3870 3865 3870 3869 3866 3867 3871 3866 3871 3870 3867 3864 3868 3867 3868 3871 3872 3874 3873 3872 3875 3874 3876 3877 3878 3876 3878 3879 3872 3873 3877 3872 3877 3876 3873 3874 3878 3873 3878 3877 3874 3875 3879 3874 3879 3878 3875 3872 3876 3875 3876 3879 3880 3882 3881 3880 3883 3882 3884 3885 3886 3884 3886 3887 3880 3881 3885 3880 3885 3884 3881 3882 3886 3881 3886 3885 3882 3883 3887 3882 3887 3886 3883 3880 3884 3883 3884 3887 3888 3890 3889 3888 3891 3890 3892 3893 3894 3892 3894 3895 3888 3889 3893 3888 3893 3892 3889 3890 3894 3889 3894 3893 3890 3891 3895 3890 3895 3894 3891 3888 3892 3891 3892 3895 3896 3898 3897 3896 3899 3898 3900 3901 3902 3900 3902 3903 3896 3897 3901 3896 3901 3900 3897 3898 3902 3897 3902 3901 3898 3899 3903 3898 3903 3902 3899 3896 3900 3899 3900 3903 3904 3906 3905 3904 3907 3906 3908 3909 3910 3908 3910 3911 3904 3905 3909 3904 3909 3908 3905 3906 3910 3905 3910 3909 3906 3907 3911 3906 3911 3910 3907 3904 3908 3907 3908 3911 3912 3914 3913 3912 3915 3914 3916 3917 3918 3916 3918 3919 3912 3913 3917 3912 3917 3916 3913 3914 3918 3913 3918 3917 3914 3915 3919 3914 3919 3918 3915 3912 3916 3915 3916 3919 3920 3922 3921 3920 3923 3922 3924 3925 3926 3924 3926 3927 3920 3921 3925 3920 3925 3924 3921 3922 3926 3921 3926 3925 3922 3923 3927 3922 3927 3926 3923 3920 3924 3923 3924 3927 3928 3930 3929 3928 3931 3930 3932 3933 3934 3932 3934 3935 3928 3929 3933 3928 3933 3932 3929 3930 3934 3929 3934 3933 3930 3931 3935 3930 3935 3934 3931 3928 3932 3931 3932 3935 3936 3938 3937 3936 3939 3938 3940 3941 3942 3940 3942 3943 3936 3937 3941 3936 3941 3940 3937 3938 3942 3937 3942 3941 3938 3939 3943 3938 3943 3942 3939 3936 3940 3939 3940 3943 3944 3946 3945 3944 3947 3946 3948 3949 3950 3948 3950 3951 3944 3945 3949 3944 3949 3948 3945 3946 3950 3945 3950 3949 3946 3947 3951 3946 3951 3950 3947 3944 3948 3947 3948 3951 3952 3954 3953 3952 3955 3954 3956 3957 3958 3956 3958 3959 3952 3953 3957 3952 3957 3956 3953 3954 3958 3953 3958 3957 3954 3955 3959 3954 3959 3958 3955 3952 3956 3955 3956 3959 3960 3962 3961 3960 3963 3962 3964 3965 3966 3964 3966 3967 3960 3961 3965 3960 3965 3964 3961 3962 3966 3961 3966 3965 3962 3963 3967 3962 3967 3966 3963 3960 3964 3963 3964 3967 3968 3970 3969 3968 3971 3970 3972 3973 3974 3972 3974 3975 3968 3969 3973 3968 3973 3972 3969 3970 3974 3969 3974 3973 3970 3971 3975 3970 3975 3974 3971 3968 3972 3971 3972 3975 3976 3978 3977 3976 3979 3978 3980 3981 3982 3980 3982 3983 3976 3977 3981 3976 3981 3980 3977 3978 3982 3977 3982 3981 3978 3979 3983 3978 3983 3982 3979 3976 3980 3979 3980 3983 3984 3986 3985 3984 3987 3986 3988 3989 3990 3988 3990 3991 3984 3985 3989 3984 3989 3988 3985 3986 3990 3985 3990 3989 3986 3987 3991 3986 3991 3990 3987 3984 3988 3987 3988 3991 3992 3994 3993 3992 3995 3994 3996 3997 3998 3996 3998 3999 3992 3993 3997 3992 3997 3996 3993 3994 3998 3993 3998 3997 3994 3995 3999 3994 3999 3998 3995 3992 3996 3995 3996 3999 4000 4002 4001 4000 4003 4002 4004 4005 4006 4004 4006 4007 4000 4001 4005 4000 4005 4004 4001 4002 4006 4001 4006 4005 4002 4003 4007 4002 4007 4006 4003 4000 4004 4003 4004 4007 4008 4010 4009 4008 4011 4010 4012 4013 4014 4012 4014 4015 4008 4009 4013 4008 4013 4012 4009 4010 4014 4009 4014 4013 4010 4011 4015 4010 4015 4014 4011 4008 4012 4011 4012 4015 4016 4018 4017 4016 4019 4018 4020 4021 4022 4020 4022 4023 4016 4017 4021 4016 4021 4020 4017 4018 4022 4017 4022 4021 4018 4019 4023 4018 4023 4022 4019 4016 4020 4019 4020 4023 4024 4026 4025 4024 4027 4026 4028 4029 4030 4028 4030 4031 4024 4025 4029 4024 4029 4028 4025 4026 4030 4025 4030 4029 4026 4027 4031 4026 4031 4030 4027 4024 4028 4027 4028 4031 4032 4034 4033 4032 4035 4034 4036 4037 4038 4036 4038 4039 4032 4033 4037 4032 4037 4036 4033 4034 4038 4033 4038 4037 4034 4035 4039 4034 4039 4038 4035 4032 4036 4035 4036 4039 4040 4042 4041 4040 4043 4042 4044 4045 4046 4044 4046 4047 4040 4041 4045 4040 4045 4044 4041 4042 4046 4041 4046 4045 4042 4043 4047 4042 4047 4046 4043 4040 4044 4043 4044 4047 4048 4050 4049 4048 4051 4050 4052 4053 4054 4052 4054 4055 4048 4049 4053 4048 4053 4052 4049 4050 4054 4049 4054 4053 4050 4051 4055 4050 4055 4054 4051 4048 4052 4051 4052 4055 4056 4058 4057 4056 4059 4058 4060 4061 4062 4060 4062 4063 4056 4057 4061 4056 4061 4060 4057 4058 4062 4057 4062 4061 4058 4059 4063 4058 4063 4062 4059 4056 4060 4059 4060 4063 4064 4066 4065 4064 4067 4066 4068 4069 4070 4068 4070 4071 4064 4065 4069 4064 4069 4068 4065 4066 4070 4065 4070 4069 4066 4067 4071 4066 4071 4070 4067 4064 4068 4067 4068 4071 4072 4074 4073 4072 4075 4074 4076 4077 4078 4076 4078 4079 4072 4073 4077 4072 4077 4076 4073 4074 4078 4073 4078 4077 4074 4075 4079 4074 4079 4078 4075 4072 4076 4075 4076 4079 4080 4082 4081 4080 4083 4082 4084 4085 4086 4084 4086 4087 4080 4081 4085 4080 4085 4084 4081 4082 4086 4081 4086 4085 4082 4083 4087 4082 4087 4086 4083 4080 4084 4083 4084 4087 4088 4090 4089 4088 4091 4090 4092 4093 4094 4092 4094 4095 4088 4089 4093 4088 4093 4092 4089 4090 4094 4089 4094 4093 4090 4091 4095 4090 4095 4094 4091 4088 4092 4091 4092 4095 4096 4098 4097 4096 4099 4098 4100 4101 4102 4100 4102 4103 4096 4097 4101 4096 4101 4100 4097 4098 4102 4097 4102 4101 4098 4099 4103 4098 4103 4102 4099 4096 4100 4099 4100 4103 4104 4106 4105 4104 4107 4106 4108 4109 4110 4108 4110 4111 4104 4105 4109 4104 4109 4108 4105 4106 4110 4105 4110 4109 4106 4107 4111 4106 4111 4110 4107 4104 4108 4107 4108 4111 4112 4114 4113 4112 4115 4114 4116 4117 4118 4116 4118 4119 4112 4113 4117 4112 4117 4116 4113 4114 4118 4113 4118 4117 4114 4115 4119 4114 4119 4118 4115 4112 4116 4115 4116 4119 4120 4122 4121 4120 4123 4122 4124 4125 4126 4124 4126 4127 4120 4121 4125 4120 4125 4124 4121 4122 4126 4121 4126 4125 4122 4123 4127 4122 4127 4126 4123 4120 4124 4123 4124 4127 4128 4130 4129 4128 4131 4130 4132 4133 4134 4132 4134 4135 4128 4129 4133 4128 4133 4132 4129 4130 4134 4129 4134 4133 4130 4131 4135 4130 4135 4134 4131 4128 4132 4131 4132 4135 4136 4138 4137 4136 4139 4138 4140 4141 4142 4140 4142 4143 4136 4137 4141 4136 4141 4140 4137 4138 4142 4137 4142 4141 4138 4139 4143 4138 4143 4142 4139 4136 4140 4139 4140 4143 4144 4146 4145 4144 4147 4146 4148 4149 4150 4148 4150 4151 4144 4145 4149 4144 4149 4148 4145 4146 4150 4145 4150 4149 4146 4147 4151 4146 4151 4150 4147 4144 4148 4147 4148 4151 4152 4154 4153 4152 4155 4154 4156 4157 4158 4156 4158 4159 4152 4153 4157 4152 4157 4156 4153 4154 4158 4153 4158 4157 4154 4155 4159 4154 4159 4158 4155 4152 4156 4155 4156 4159 4160 4162 4161 4160 4163 4162 4164 4165 4166 4164 4166 4167 4160 4161 4165 4160 4165 4164 4161 4162 4166 4161 4166 4165 4162 4163 4167 4162 4167 4166 4163 4160 4164 4163 4164 4167 4168 4170 4169 4168 4171 4170 4172 4173 4174 4172 4174 4175 4168 4169 4173 4168 4173 4172 4169 4170 4174 4169 4174 4173 4170 4171 4175 4170 4175 4174 4171 4168 4172 4171 4172 4175 4176 4178 4177 4176 4179 4178 4180 4181 4182 4180 4182 4183 4176 4177 4181 4176 4181 4180 4177 4178 4182 4177 4182 4181 4178 4179 4183 4178 4183 4182 4179 4176 4180 4179 4180 4183 4184 4186 4185 4184 4187 4186 4188 4189 4190 4188 4190 4191 4184 4185 4189 4184 4189 4188 4185 4186 4190 4185 4190 4189 4186 4187 4191 4186 4191 4190 4187 4184 4188 4187 4188 4191 4192 4194 4193 4192 4195 4194 4196 4197 4198 4196 4198 4199 4192 4193 4197 4192 4197 4196 4193 4194 4198 4193 4198 4197 4194 4195 4199 4194 4199 4198 4195 4192 4196 4195 4196 4199 4200 4202 4201 4200 4203 4202 4204 4205 4206 4204 4206 4207 4200 4201 4205 4200 4205 4204 4201 4202 4206 4201 4206 4205 4202 4203 4207 4202 4207 4206 4203 4200 4204 4203 4204 4207 4208 4210 4209 4208 4211 4210 4212 4213 4214 4212 4214 4215 4208 4209 4213 4208 4213 4212 4209 4210 4214 4209 4214 4213 4210 4211 4215 4210 4215 4214 4211 4208 4212 4211 4212 4215 4216 4218 4217 4216 4219 4218 4220 4221 4222 4220 4222 4223 4216 4217 4221 4216 4221 4220 4217 4218 4222 4217 4222 4221 4218 4219 4223 4218 4223 4222 4219 4216 4220 4219 4220 4223 4224 4226 4225 4224 4227 4226 4228 4229 4230 4228 4230 4231 4224 4225 4229 4224 4229 4228 4225 4226 4230 4225 4230 4229 4226 4227 4231 4226 4231 4230 4227 4224 4228 4227 4228 4231 4232 4234 4233 4232 4235 4234 4236 4237 4238 4236 4238 4239 4232 4233 4237 4232 4237 4236 4233 4234 4238 4233 4238 4237 4234 4235 4239 4234 4239 4238 4235 4232 4236 4235 4236 4239 4240 4242 4241 4240 4243 4242 4244 4245 4246 4244 4246 4247 4240 4241 4245 4240 4245 4244 4241 4242 4246 4241 4246 4245 4242 4243 4247 4242 4247 4246 4243 4240 4244 4243 4244 4247 4248 4250 4249 4248 4251 4250 4252 4253 4254 4252 4254 4255 4248 4249 4253 4248 4253 4252 4249 4250 4254 4249 4254 4253 4250 4251 4255 4250 4255 4254 4251 4248 4252 4251 4252 4255 4256 4258 4257 4256 4259 4258 4260 4261 4262 4260 4262 4263 4256 4257 4261 4256 4261 4260 4257 4258 4262 4257 4262 4261 4258 4259 4263 4258 4263 4262 4259 4256 4260 4259 4260 4263 4264 4266 4265 4264 4267 4266 4268 4269 4270 4268 4270 4271 4264 4265 4269 4264 4269 4268 4265 4266 4270 4265 4270 4269 4266 4267 4271 4266 4271 4270 4267 4264 4268 4267 4268 4271 4272 4274 4273 4272 4275 4274 4276 4277 4278 4276 4278 4279 4272 4273 4277 4272 4277 4276 4273 4274 4278 4273 4278 4277 4274 4275 4279 4274 4279 4278 4275 4272 4276 4275 4276 4279 4280 4282 4281 4280 4283 4282 4284 4285 4286 4284 4286 4287 4280 4281 4285 4280 4285 4284 4281 4282 4286 4281 4286 4285 4282 4283 4287 4282 4287 4286 4283 4280 4284 4283 4284 4287 4288 4290 4289 4288 4291 4290 4292 4293 4294 4292 4294 4295 4288 4289 4293 4288 4293 4292 4289 4290 4294 4289 4294 4293 4290 4291 4295 4290 4295 4294 4291 4288 4292 4291 4292 4295 4296 4298 4297 4296 4299 4298 4300 4301 4302 4300 4302 4303 4296 4297 4301 4296 4301 4300 4297 4298 4302 4297 4302 4301 4298 4299 4303 4298 4303 4302 4299 4296 4300 4299 4300 4303 4304 4306 4305 4304 4307 4306 4308 4309 4310 4308 4310 4311 4304 4305 4309 4304 4309 4308 4305 4306 4310 4305 4310 4309 4306 4307 4311 4306 4311 4310 4307 4304 4308 4307 4308 4311 4312 4314 4313 4312 4315 4314 4316 4317 4318 4316 4318 4319 4312 4313 4317 4312 4317 4316 4313 4314 4318 4313 4318 4317 4314 4315 4319 4314 4319 4318 4315 4312 4316 4315 4316 4319 4320 4322 4321 4320 4323 4322 4324 4325 4326 4324 4326 4327 4320 4321 4325 4320 4325 4324 4321 4322 4326 4321 4326 4325 4322 4323 4327 4322 4327 4326 4323 4320 4324 4323 4324 4327 4328 4330 4329 4328 4331 4330 4332 4333 4334 4332 4334 4335 4328 4329 4333 4328 4333 4332 4329 4330 4334 4329 4334 4333 4330 4331 4335 4330 4335 4334 4331 4328 4332 4331 4332 4335 4336 4338 4337 4336 4339 4338 4340 4341 4342 4340 4342 4343 4336 4337 4341 4336 4341 4340 4337 4338 4342 4337 4342 4341 4338 4339 4343 4338 4343 4342 4339 4336 4340 4339 4340 4343 4344 4346 4345 4344 4347 4346 4348 4349 4350 4348 4350 4351 4344 4345 4349 4344 4349 4348 4345 4346 4350 4345 4350 4349 4346 4347 4351 4346 4351 4350 4347 4344 4348 4347 4348 4351 4352 4354 4353 4352 4355 4354 4356 4357 4358 4356 4358 4359 4352 4353 4357 4352 4357 4356 4353 4354 4358 4353 4358 4357 4354 4355 4359 4354 4359 4358 4355 4352 4356 4355 4356 4359 4360 4362 4361 4360 4363 4362 4364 4365 4366 4364 4366 4367 4360 4361 4365 4360 4365 4364 4361 4362 4366 4361 4366 4365 4362 4363 4367 4362 4367 4366 4363 4360 4364 4363 4364 4367 4368 4370 4369 4368 4371 4370 4372 4373 4374 4372 4374 4375 4368 4369 4373 4368 4373 4372 4369 4370 4374 4369 4374 4373 4370 4371 4375 4370 4375 4374 4371 4368 4372 4371 4372 4375 4376 4378 4377 4376 4379 4378 4380 4381 4382 4380 4382 4383 4376 4377 4381 4376 4381 4380 4377 4378 4382 4377 4382 4381 4378 4379 4383 4378 4383 4382 4379 4376 4380 4379 4380 4383 4384 4386 4385 4384 4387 4386 4388 4389 4390 4388 4390 4391 4384 4385 4389 4384 4389 4388 4385 4386 4390 4385 4390 4389 4386 4387 4391 4386 4391 4390 4387 4384 4388 4387 4388 4391 4392 4394 4393 4392 4395 4394 4396 4397 4398 4396 4398 4399 4392 4393 4397 4392 4397 4396 4393 4394 4398 4393 4398 4397 4394 4395 4399 4394 4399 4398 4395 4392 4396 4395 4396 4399 4400 4402 4401 4400 4403 4402 4404 4405 4406 4404 4406 4407 4400 4401 4405 4400 4405 4404 4401 4402 4406 4401 4406 4405 4402 4403 4407 4402 4407 4406 4403 4400 4404 4403 4404 4407 4408 4410 4409 4408 4411 4410 4412 4413 4414 4412 4414 4415 4408 4409 4413 4408 4413 4412 4409 4410 4414 4409 4414 4413 4410 4411 4415 4410 4415 4414 4411 4408 4412 4411 4412 4415 4416 4418 4417 4416 4419 4418 4420 4421 4422 4420 4422 4423 4416 4417 4421 4416 4421 4420 4417 4418 4422 4417 4422 4421 4418 4419 4423 4418 4423 4422 4419 4416 4420 4419 4420 4423 4424 4426 4425 4424 4427 4426 4428 4429 4430 4428 4430 4431 4424 4425 4429 4424 4429 4428 4425 4426 4430 4425 4430 4429 4426 4427 4431 4426 4431 4430 4427 4424 4428 4427 4428 4431 4432 4434 4433 4432 4435 4434 4436 4437 4438 4436 4438 4439 4432 4433 4437 4432 4437 4436 4433 4434 4438 4433 4438 4437 4434 4435 4439 4434 4439 4438 4435 4432 4436 4435 4436 4439 4440 4442 4441 4440 4443 4442 4444 4445 4446 4444 4446 4447 4440 4441 4445 4440 4445 4444 4441 4442 4446 4441 4446 4445 4442 4443 4447 4442 4447 4446 4443 4440 4444 4443 4444 4447 4448 4450 4449 4448 4451 4450 4452 4453 4454 4452 4454 4455 4448 4449 4453 4448 4453 4452 4449 4450 4454 4449 4454 4453 4450 4451 4455 4450 4455 4454 4451 4448 4452 4451 4452 4455 4456 4458 4457 4456 4459 4458 4460 4461 4462 4460 4462 4463 4456 4457 4461 4456 4461 4460 4457 4458 4462 4457 4462 4461 4458 4459 4463 4458 4463 4462 4459 4456 4460 4459 4460 4463 4464 4466 4465 4464 4467 4466 4468 4469 4470 4468 4470 4471 4464 4465 4469 4464 4469 4468 4465 4466 4470 4465 4470 4469 4466 4467 4471 4466 4471 4470 4467 4464 4468 4467 4468 4471 4472 4474 4473 4472 4475 4474 4476 4477 4478 4476 4478 4479 4472 4473 4477 4472 4477 4476 4473 4474 4478 4473 4478 4477 4474 4475 4479 4474 4479 4478 4475 4472 4476 4475 4476 4479 4480 4482 4481 4480 4483 4482 4484 4485 4486 4484 4486 4487 4480 4481 4485 4480 4485 4484 4481 4482 4486 4481 4486 4485 4482 4483 4487 4482 4487 4486 4483 4480 4484 4483 4484 4487 4488 4490 4489 4488 4491 4490 4492 4493 4494 4492 4494 4495 4488 4489 4493 4488 4493 4492 4489 4490 4494 4489 4494 4493 4490 4491 4495 4490 4495 4494 4491 4488 4492 4491 4492 4495 4496 4498 4497 4496 4499 4498 4500 4501 4502 4500 4502 4503 4496 4497 4501 4496 4501 4500 4497 4498 4502 4497 4502 4501 4498 4499 4503 4498 4503 4502 4499 4496 4500 4499 4500 4503 4504 4506 4505 4504 4507 4506 4508 4509 4510 4508 4510 4511 4504 4505 4509 4504 4509 4508 4505 4506 4510 4505 4510 4509 4506 4507 4511 4506 4511 4510 4507 4504 4508 4507 4508 4511 4512 4514 4513 4512 4515 4514 4516 4517 4518 4516 4518 4519 4512 4513 4517 4512 4517 4516 4513 4514 4518 4513 4518 4517 4514 4515 4519 4514 4519 4518 4515 4512 4516 4515 4516 4519 4520 4522 4521 4520 4523 4522 4524 4525 4526 4524 4526 4527 4520 4521 4525 4520 4525 4524 4521 4522 4526 4521 4526 4525 4522 4523 4527 4522 4527 4526 4523 4520 4524 4523 4524 4527 4528 4530 4529 4528 4531 4530 4532 4533 4534 4532 4534 4535 4528 4529 4533 4528 4533 4532 4529 4530 4534 4529 4534 4533 4530 4531 4535 4530 4535 4534 4531 4528 4532 4531 4532 4535 4536 4538 4537 4536 4539 4538 4540 4541 4542 4540 4542 4543 4536 4537 4541 4536 4541 4540 4537 4538 4542 4537 4542 4541 4538 4539 4543 4538 4543 4542 4539 4536 4540 4539 4540 4543 4544 4546 4545 4544 4547 4546 4548 4549 4550 4548 4550 4551 4544 4545 4549 4544 4549 4548 4545 4546 4550 4545 4550 4549 4546 4547 4551 4546 4551 4550 4547 4544 4548 4547 4548 4551 4552 4554 4553 4552 4555 4554 4556 4557 4558 4556 4558 4559 4552 4553 4557 4552 4557 4556 4553 4554 4558 4553 4558 4557 4554 4555 4559 4554 4559 4558 4555 4552 4556 4555 4556 4559 4560 4562 4561 4560 4563 4562 4564 4565 4566 4564 4566 4567 4560 4561 4565 4560 4565 4564 4561 4562 4566 4561 4566 4565 4562 4563 4567 4562 4567 4566 4563 4560 4564 4563 4564 4567 4568 4570 4569 4568 4571 4570 4572 4573 4574 4572 4574 4575 4568 4569 4573 4568 4573 4572 4569 4570 4574 4569 4574 4573 4570 4571 4575 4570 4575 4574 4571 4568 4572 4571 4572 4575 4576 4578 4577 4576 4579 4578 4580 4581 4582 4580 4582 4583 4576 4577 4581 4576 4581 4580 4577 4578 4582 4577 4582 4581 4578 4579 4583 4578 4583 4582 4579 4576 4580 4579 4580 4583 4584 4586 4585 4584 4587 4586 4588 4589 4590 4588 4590 4591 4584 4585 4589 4584 4589 4588 4585 4586 4590 4585 4590 4589 4586 4587 4591 4586 4591 4590 4587 4584 4588 4587 4588 4591 4592 4594 4593 4592 4595 4594 4596 4597 4598 4596 4598 4599 4592 4593 4597 4592 4597 4596 4593 4594 4598 4593 4598 4597 4594 4595 4599 4594 4599 4598 4595 4592 4596 4595 4596 4599 4600 4602 4601 4600 4603 4602 4604 4605 4606 4604 4606 4607 4600 4601 4605 4600 4605 4604 4601 4602 4606 4601 4606 4605 4602 4603 4607 4602 4607 4606 4603 4600 4604 4603 4604 4607 4608 4610 4609 4608 4611 4610 4612 4613 4614 4612 4614 4615 4608 4609 4613 4608 4613 4612 4609 4610 4614 4609 4614 4613 4610 4611 4615 4610 4615 4614 4611 4608 4612 4611 4612 4615 4616 4618 4617 4616 4619 4618 4620 4621 4622 4620 4622 4623 4616 4617 4621 4616 4621 4620 4617 4618 4622 4617 4622 4621 4618 4619 4623 4618 4623 4622 4619 4616 4620 4619 4620 4623 4624 4626 4625 4624 4627 4626 4628 4629 4630 4628 4630 4631 4624 4625 4629 4624 4629 4628 4625 4626 4630 4625 4630 4629 4626 4627 4631 4626 4631 4630 4627 4624 4628 4627 4628 4631 4632 4634 4633 4632 4635 4634 4636 4637 4638 4636 4638 4639 4632 4633 4637 4632 4637 4636 4633 4634 4638 4633 4638 4637 4634 4635 4639 4634 4639 4638 4635 4632 4636 4635 4636 4639 4640 4642 4641 4640 4643 4642 4644 4645 4646 4644 4646 4647 4640 4641 4645 4640 4645 4644 4641 4642 4646 4641 4646 4645 4642 4643 4647 4642 4647 4646 4643 4640 4644 4643 4644 4647 4648 4650 4649 4648 4651 4650 4652 4653 4654 4652 4654 4655 4648 4649 4653 4648 4653 4652 4649 4650 4654 4649 4654 4653 4650 4651 4655 4650 4655 4654 4651 4648 4652 4651 4652 4655 4656 4658 4657 4656 4659 4658 4660 4661 4662 4660 4662 4663 4656 4657 4661 4656 4661 4660 4657 4658 4662 4657 4662 4661 4658 4659 4663 4658 4663 4662 4659 4656 4660 4659 4660 4663 4664 4666 4665 4664 4667 4666 4668 4669 4670 4668 4670 4671 4664 4665 4669 4664 4669 4668 4665 4666 4670 4665 4670 4669 4666 4667 4671 4666 4671 4670 4667 4664 4668 4667 4668 4671 4672 4674 4673 4672 4675 4674 4676 4677 4678 4676 4678 4679 4672 4673 4677 4672 4677 4676 4673 4674 4678 4673 4678 4677 4674 4675 4679 4674 4679 4678 4675 4672 4676 4675 4676 4679 4680 4682 4681 4680 4683 4682 4684 4685 4686 4684 4686 4687 4680 4681 4685 4680 4685 4684 4681 4682 4686 4681 4686 4685 4682 4683 4687 4682 4687 4686 4683 4680 4684 4683 4684 4687 4688 4690 4689 4688 4691 4690 4692 4693 4694 4692 4694 4695 4688 4689 4693 4688 4693 4692 4689 4690 4694 4689 4694 4693 4690 4691 4695 4690 4695 4694 4691 4688 4692 4691 4692 4695 4696 4698 4697 4696 4699 4698 4700 4701 4702 4700 4702 4703 4696 4697 4701 4696 4701 4700 4697 4698 4702 4697 4702 4701 4698 4699 4703 4698 4703 4702 4699 4696 4700 4699 4700 4703 4704 4706 4705 4704 4707 4706 4708 4709 4710 4708 4710 4711 4704 4705 4709 4704 4709 4708 4705 4706 4710 4705 4710 4709 4706 4707 4711 4706 4711 4710 4707 4704 4708 4707 4708 4711 4712 4714 4713 4712 4715 4714 4716 4717 4718 4716 4718 4719 4712 4713 4717 4712 4717 4716 4713 4714 4718 4713 4718 4717 4714 4715 4719 4714 4719 4718 4715 4712 4716 4715 4716 4719 4720 4722 4721 4720 4723 4722 4724 4725 4726 4724 4726 4727 4720 4721 4725 4720 4725 4724 4721 4722 4726 4721 4726 4725 4722 4723 4727 4722 4727 4726 4723 4720 4724 4723 4724 4727 4728 4730 4729 4728 4731 4730 4732 4733 4734 4732 4734 4735 4728 4729 4733 4728 4733 4732 4729 4730 4734 4729 4734 4733 4730 4731 4735 4730 4735 4734 4731 4728 4732 4731 4732 4735 4736 4738 4737 4736 4739 4738 4740 4741 4742 4740 4742 4743 4736 4737 4741 4736 4741 4740 4737 4738 4742 4737 4742 4741 4738 4739 4743 4738 4743 4742 4739 4736 4740 4739 4740 4743 4744 4746 4745 4744 4747 4746 4748 4749 4750 4748 4750 4751 4744 4745 4749 4744 4749 4748 4745 4746 4750 4745 4750 4749 4746 4747 4751 4746 4751 4750 4747 4744 4748 4747 4748 4751 4752 4754 4753 4752 4755 4754 4756 4757 4758 4756 4758 4759 4752 4753 4757 4752 4757 4756 4753 4754 4758 4753 4758 4757 4754 4755 4759 4754 4759 4758 4755 4752 4756 4755 4756 4759 4760 4762 4761 4760 4763 4762 4764 4765 4766 4764 4766 4767 4760 4761 4765 4760 4765 4764 4761 4762 4766 4761 4766 4765 4762 4763 4767 4762 4767 4766 4763 4760 4764 4763 4764 4767 4768 4770 4769 4768 4771 4770 4772 4773 4774 4772 4774 4775 4768 4769 4773 4768 4773 4772 4769 4770 4774 4769 4774 4773 4770 4771 4775 4770 4775 4774 4771 4768 4772 4771 4772 4775 4776 4778 4777 4776 4779 4778 4780 4781 4782 4780 4782 4783 4776 4777 4781 4776 4781 4780 4777 4778 4782 4777 4782 4781 4778 4779 4783 4778 4783 4782 4779 4776 4780 4779 4780 4783 4784 4786 4785 4784 4787 4786 4788 4789 4790 4788 4790 4791 4784 4785 4789 4784 4789 4788 4785 4786 4790 4785 4790 4789 4786 4787 4791 4786 4791 4790 4787 4784 4788 4787 4788 4791 4792 4794 4793 4792 4795 4794 4796 4797 4798 4796 4798 4799 4792 4793 4797 4792 4797 4796 4793 4794 4798 4793 4798 4797 4794 4795 4799 4794 4799 4798 4795 4792 4796 4795 4796 4799 4800 4802 4801 4800 4803 4802 4804 4805 4806 4804 4806 4807 4800 4801 4805 4800 4805 4804 4801 4802 4806 4801 4806 4805 4802 4803 4807 4802 4807 4806 4803 4800 4804 4803 4804 4807 4808 4810 4809 4808 4811 4810 4812 4813 4814 4812 4814 4815 4808 4809 4813 4808 4813 4812 4809 4810 4814 4809 4814 4813 4810 4811 4815 4810 4815 4814 4811 4808 4812 4811 4812 4815 4816 4818 4817 4816 4819 4818 4820 4821 4822 4820 4822 4823 4816 4817 4821 4816 4821 4820 4817 4818 4822 4817 4822 4821 4818 4819 4823 4818 4823 4822 4819 4816 4820 4819 4820 4823 4824 4826 4825 4824 4827 4826 4828 4829 4830 4828 4830 4831 4824 4825 4829 4824 4829 4828 4825 4826 4830 4825 4830 4829 4826 4827 4831 4826 4831 4830 4827 4824 4828 4827 4828 4831 4832 4834 4833 4832 4835 4834 4836 4837 4838 4836 4838 4839 4832 4833 4837 4832 4837 4836 4833 4834 4838 4833 4838 4837 4834 4835 4839 4834 4839 4838 4835 4832 4836 4835 4836 4839 4840 4842 4841 4840 4843 4842 4844 4845 4846 4844 4846 4847 4840 4841 4845 4840 4845 4844 4841 4842 4846 4841 4846 4845 4842 4843 4847 4842 4847 4846 4843 4840 4844 4843 4844 4847 4848 4850 4849 4848 4851 4850 4852 4853 4854 4852 4854 4855 4848 4849 4853 4848 4853 4852 4849 4850 4854 4849 4854 4853 4850 4851 4855 4850 4855 4854 4851 4848 4852 4851 4852 4855 4856 4858 4857 4856 4859 4858 4860 4861 4862 4860 4862 4863 4856 4857 4861 4856 4861 4860 4857 4858 4862 4857 4862 4861 4858 4859 4863 4858 4863 4862 4859 4856 4860 4859 4860 4863 4864 4866 4865 4864 4867 4866 4868 4869 4870 4868 4870 4871 4864 4865 4869 4864 4869 4868 4865 4866 4870 4865 4870 4869 4866 4867 4871 4866 4871 4870 4867 4864 4868 4867 4868 4871 4872 4874 4873 4872 4875 4874 4876 4877 4878 4876 4878 4879 4872 4873 4877 4872 4877 4876 4873 4874 4878 4873 4878 4877 4874 4875 4879 4874 4879 4878 4875 4872 4876 4875 4876 4879 4880 4882 4881 4880 4883 4882 4884 4885 4886 4884 4886 4887 4880 4881 4885 4880 4885 4884 4881 4882 4886 4881 4886 4885 4882 4883 4887 4882 4887 4886 4883 4880 4884 4883 4884 4887 4888 4890 4889 4888 4891 4890 4892 4893 4894 4892 4894 4895 4888 4889 4893 4888 4893 4892 4889 4890 4894 4889 4894 4893 4890 4891 4895 4890 4895 4894 4891 4888 4892 4891 4892 4895 4896 4898 4897 4896 4899 4898 4900 4901 4902 4900 4902 4903 4896 4897 4901 4896 4901 4900 4897 4898 4902 4897 4902 4901 4898 4899 4903 4898 4903 4902 4899 4896 4900 4899 4900 4903 4904 4906 4905 4904 4907 4906 4908 4909 4910 4908 4910 4911 4904 4905 4909 4904 4909 4908 4905 4906 4910 4905 4910 4909 4906 4907 4911 4906 4911 4910 4907 4904 4908 4907 4908 4911 4912 4914 4913 4912 4915 4914 4916 4917 4918 4916 4918 4919 4912 4913 4917 4912 4917 4916 4913 4914 4918 4913 4918 4917 4914 4915 4919 4914 4919 4918 4915 4912 4916 4915 4916 4919 4920 4922 4921 4920 4923 4922 4924 4925 4926 4924 4926 4927 4920 4921 4925 4920 4925 4924 4921 4922 4926 4921 4926 4925 4922 4923 4927 4922 4927 4926 4923 4920 4924 4923 4924 4927 4928 4930 4929 4928 4931 4930 4932 4933 4934 4932 4934 4935 4928 4929 4933 4928 4933 4932 4929 4930 4934 4929 4934 4933 4930 4931 4935 4930 4935 4934 4931 4928 4932 4931 4932 4935 4936 4938 4937 4936 4939 4938 4940 4941 4942 4940 4942 4943 4936 4937 4941 4936 4941 4940 4937 4938 4942 4937 4942 4941 4938 4939 4943 4938 4943 4942 4939 4936 4940 4939 4940 4943 4944 4946 4945 4944 4947 4946 4948 4949 4950 4948 4950 4951 4944 4945 4949 4944 4949 4948 4945 4946 4950 4945 4950 4949 4946 4947 4951 4946 4951 4950 4947 4944 4948 4947 4948 4951 4952 4954 4953 4952 4955 4954 4956 4957 4958 4956 4958 4959 4952 4953 4957 4952 4957 4956 4953 4954 4958 4953 4958 4957 4954 4955 4959 4954 4959 4958 4955 4952 4956 4955 4956 4959 4960 4962 4961 4960 4963 4962 4964 4965 4966 4964 4966 4967 4960 4961 4965 4960 4965 4964 4961 4962 4966 4961 4966 4965 4962 4963 4967 4962 4967 4966 4963 4960 4964 4963 4964 4967 4968 4970 4969 4968 4971 4970 4972 4973 4974 4972 4974 4975 4968 4969 4973 4968 4973 4972 4969 4970 4974 4969 4974 4973 4970 4971 4975 4970 4975 4974 4971 4968 4972 4971 4972 4975 4976 4978 4977 4976 4979 4978 4980 4981 4982 4980 4982 4983 4976 4977 4981 4976 4981 4980 4977 4978 4982 4977 4982 4981 4978 4979 4983 4978 4983 4982 4979 4976 4980 4979 4980 4983 4984 4986 4985 4984 4987 4986 4988 4989 4990 4988 4990 4991 4984 4985 4989 4984 4989 4988 4985 4986 4990 4985 4990 4989 4986 4987 4991 4986 4991 4990 4987 4984 4988 4987 4988 4991 4992 4994 4993 4992 4995 4994 4996 4997 4998 4996 4998 4999 4992 4993 4997 4992 4997 4996 4993 4994 4998 4993 4998 4997 4994 4995 4999 4994 4999 4998 4995 4992 4996 4995 4996 4999 5000 5002 5001 5000 5003 5002 5004 5005 5006 5004 5006 5007 5000 5001 5005 5000 5005 5004 5001 5002 5006 5001 5006 5005 5002 5003 5007 5002 5007 5006 5003 5000 5004 5003 5004 5007 5008 5010 5009 5008 5011 5010 5012 5013 5014 5012 5014 5015 5008 5009 5013 5008 5013 5012 5009 5010 5014 5009 5014 5013 5010 5011 5015 5010 5015 5014 5011 5008 5012 5011 5012 5015 5016 5018 5017 5016 5019 5018 5020 5021 5022 5020 5022 5023 5016 5017 5021 5016 5021 5020 5017 5018 5022 5017 5022 5021 5018 5019 5023 5018 5023 5022 5019 5016 5020 5019 5020 5023 5024 5026 5025 5024 5027 5026 5028 5029 5030 5028 5030 5031 5024 5025 5029 5024 5029 5028 5025 5026 5030 5025 5030 5029 5026 5027 5031 5026 5031 5030 5027 5024 5028 5027 5028 5031 5032 5034 5033 5032 5035 5034 5036 5037 5038 5036 5038 5039 5032 5033 5037 5032 5037 5036 5033 5034 5038 5033 5038 5037 5034 5035 5039 5034 5039 5038 5035 5032 5036 5035 5036 5039 5040 5042 5041 5040 5043 5042 5044 5045 5046 5044 5046 5047 5040 5041 5045 5040 5045 5044 5041 5042 5046 5041 5046 5045 5042 5043 5047 5042 5047 5046 5043 5040 5044 5043 5044 5047 5048 5050 5049 5048 5051 5050 5052 5053 5054 5052 5054 5055 5048 5049 5053 5048 5053 5052 5049 5050 5054 5049 5054 5053 5050 5051 5055 5050 5055 5054 5051 5048 5052 5051 5052 5055 5056 5058 5057 5056 5059 5058 5060 5061 5062 5060 5062 5063 5056 5057 5061 5056 5061 5060 5057 5058 5062 5057 5062 5061 5058 5059 5063 5058 5063 5062 5059 5056 5060 5059 5060 5063 5064 5066 5065 5064 5067 5066 5068 5069 5070 5068 5070 5071 5064 5065 5069 5064 5069 5068 5065 5066 5070 5065 5070 5069 5066 5067 5071 5066 5071 5070 5067 5064 5068 5067 5068 5071 5072 5074 5073 5072 5075 5074 5076 5077 5078 5076 5078 5079 5072 5073 5077 5072 5077 5076 5073 5074 5078 5073 5078 5077 5074 5075 5079 5074 5079 5078 5075 5072 5076 5075 5076 5079 5080 5082 5081 5080 5083 5082 5084 5085 5086 5084 5086 5087 5080 5081 5085 5080 5085 5084 5081 5082 5086 5081 5086 5085 5082 5083 5087 5082 5087 5086 5083 5080 5084 5083 5084 5087 5088 5090 5089 5088 5091 5090 5092 5093 5094 5092 5094 5095 5088 5089 5093 5088 5093 5092 5089 5090 5094 5089 5094 5093 5090 5091 5095 5090 5095 5094 5091 5088 5092 5091 5092 5095 5096 5098 5097 5096 5099 5098 5100 5101 5102 5100 5102 5103 5096 5097 5101 5096 5101 5100 5097 5098 5102 5097 5102 5101 5098 5099 5103 5098 5103 5102 5099 5096 5100 5099 5100 5103 5104 5106 5105 5104 5107 5106 5108 5109 5110 5108 5110 5111 5104 5105 5109 5104 5109 5108 5105 5106 5110 5105 5110 5109 5106 5107 5111 5106 5111 5110 5107 5104 5108 5107 5108 5111 5112 5114 5113 5112 5115 5114 5116 5117 5118 5116 5118 5119 5112 5113 5117 5112 5117 5116 5113 5114 5118 5113 5118 5117 5114 5115 5119 5114 5119 5118 5115 5112 5116 5115 5116 5119 5120 5122 5121 5120 5123 5122 5124 5125 5126 5124 5126 5127 5120 5121 5125 5120 5125 5124 5121 5122 5126 5121 5126 5125 5122 5123 5127 5122 5127 5126 5123 5120 5124 5123 5124 5127 5128 5130 5129 5128 5131 5130 5132 5133 5134 5132 5134 5135 5128 5129 5133 5128 5133 5132 5129 5130 5134 5129 5134 5133 5130 5131 5135 5130 5135 5134 5131 5128 5132 5131 5132 5135 5136 5138 5137 5136 5139 5138 5140 5141 5142 5140 5142 5143 5136 5137 5141 5136 5141 5140 5137 5138 5142 5137 5142 5141 5138 5139 5143 5138 5143 5142 5139 5136 5140 5139 5140 5143 5144 5146 5145 5144 5147 5146 5148 5149 5150 5148 5150 5151 5144 5145 5149 5144 5149 5148 5145 5146 5150 5145 5150 5149 5146 5147 5151 5146 5151 5150 5147 5144 5148 5147 5148 5151 5152 5154 5153 5152 5155 5154 5156 5157 5158 5156 5158 5159 5152 5153 5157 5152 5157 5156 5153 5154 5158 5153 5158 5157 5154 5155 5159 5154 5159 5158 5155 5152 5156 5155 5156 5159 5160 5162 5161 5160 5163 5162 5164 5165 5166 5164 5166 5167 5160 5161 5165 5160 5165 5164 5161 5162 5166 5161 5166 5165 5162 5163 5167 5162 5167 5166 5163 5160 5164 5163 5164 5167 5168 5170 5169 5168 5171 5170 5172 5173 5174 5172 5174 5175 5168 5169 5173 5168 5173 5172 5169 5170 5174 5169 5174 5173 5170 5171 5175 5170 5175 5174 5171 5168 5172 5171 5172 5175 5176 5178 5177 5176 5179 5178 5180 5181 5182 5180 5182 5183 5176 5177 5181 5176 5181 5180 5177 5178 5182 5177 5182 5181 5178 5179 5183 5178 5183 5182 5179 5176 5180 5179 5180 5183 5184 5186 5185 5184 5187 5186 5188 5189 5190 5188 5190 5191 5184 5185 5189 5184 5189 5188 5185 5186 5190 5185 5190 5189 5186 5187 5191 5186 5191 5190 5187 5184 5188 5187 5188 5191 5192 5194 5193 5192 5195 5194 5196 5197 5198 5196 5198 5199 5192 5193 5197 5192 5197 5196 5193 5194 5198 5193 5198 5197 5194 5195 5199 5194 5199 5198 5195 5192 5196 5195 5196 5199 5200 5202 5201 5200 5203 5202 5204 5205 5206 5204 5206 5207 5200 5201 5205 5200 5205 5204 5201 5202 5206 5201 5206 5205 5202 5203 5207 5202 5207 5206 5203 5200 5204 5203 5204 5207 5208 5210 5209 5208 5211 5210 5212 5213 5214 5212 5214 5215 5208 5209 5213 5208 5213 5212 5209 5210 5214 5209 5214 5213 5210 5211 5215 5210 5215 5214 5211 5208 5212 5211 5212 5215 5216 5218 5217 5216 5219 5218 5220 5221 5222 5220 5222 5223 5216 5217 5221 5216 5221 5220 5217 5218 5222 5217 5222 5221 5218 5219 5223 5218 5223 5222 5219 5216 5220 5219 5220 5223 5224 5226 5225 5224 5227 5226 5228 5229 5230 5228 5230 5231 5224 5225 5229 5224 5229 5228 5225 5226 5230 5225 5230 5229 5226 5227 5231 5226 5231 5230 5227 5224 5228 5227 5228 5231 5232 5234 5233 5232 5235 5234 5236 5237 5238 5236 5238 5239 5232 5233 5237 5232 5237 5236 5233 5234 5238 5233 5238 5237 5234 5235 5239 5234 5239 5238 5235 5232 5236 5235 5236 5239 5240 5242 5241 5240 5243 5242 5244 5245 5246 5244 5246 5247 5240 5241 5245 5240 5245 5244 5241 5242 5246 5241 5246 5245 5242 5243 5247 5242 5247 5246 5243 5240 5244 5243 5244 5247 5248 5250 5249 5248 5251 5250 5252 5253 5254 5252 5254 5255 5248 5249 5253 5248 5253 5252 5249 5250 5254 5249 5254 5253 5250 5251 5255 5250 5255 5254 5251 5248 5252 5251 5252 5255 5256 5258 5257 5256 5259 5258 5260 5261 5262 5260 5262 5263 5256 5257 5261 5256 5261 5260 5257 5258 5262 5257 5262 5261 5258 5259 5263 5258 5263 5262 5259 5256 5260 5259 5260 5263 5264 5266 5265 5264 5267 5266 5268 5269 5270 5268 5270 5271 5264 5265 5269 5264 5269 5268 5265 5266 5270 5265 5270 5269 5266 5267 5271 5266 5271 5270 5267 5264 5268 5267 5268 5271 5272 5274 5273 5272 5275 5274 5276 5277 5278 5276 5278 5279 5272 5273 5277 5272 5277 5276 5273 5274 5278 5273 5278 5277 5274 5275 5279 5274 5279 5278 5275 5272 5276 5275 5276 5279 5280 5282 5281 5280 5283 5282 5284 5285 5286 5284 5286 5287 5280 5281 5285 5280 5285 5284 5281 5282 5286 5281 5286 5285 5282 5283 5287 5282 5287 5286 5283 5280 5284 5283 5284 5287 5288 5290 5289 5288 5291 5290 5292 5293 5294 5292 5294 5295 5288 5289 5293 5288 5293 5292 5289 5290 5294 5289 5294 5293 5290 5291 5295 5290 5295 5294 5291 5288 5292 5291 5292 5295 5296 5298 5297 5296 5299 5298 5300 5301 5302 5300 5302 5303 5296 5297 5301 5296 5301 5300 5297 5298 5302 5297 5302 5301 5298 5299 5303 5298 5303 5302 5299 5296 5300 5299 5300 5303 5304 5306 5305 5304 5307 5306 5308 5309 5310 5308 5310 5311 5304 5305 5309 5304 5309 5308 5305 5306 5310 5305 5310 5309 5306 5307 5311 5306 5311 5310 5307 5304 5308 5307 5308 5311 5312 5314 5313 5312 5315 5314 5316 5317 5318 5316 5318 5319 5312 5313 5317 5312 5317 5316 5313 5314 5318 5313 5318 5317 5314 5315 5319 5314 5319 5318 5315 5312 5316 5315 5316 5319 5320 5322 5321 5320 5323 5322 5324 5325 5326 5324 5326 5327 5320 5321 5325 5320 5325 5324 5321 5322 5326 5321 5326 5325 5322 5323 5327 5322 5327 5326 5323 5320 5324 5323 5324 5327 5328 5330 5329 5328 5331 5330 5332 5333 5334 5332 5334 5335 5328 5329 5333 5328 5333 5332 5329 5330 5334 5329 5334 5333 5330 5331 5335 5330 5335 5334 5331 5328 5332 5331 5332 5335 5336 5338 5337 5336 5339 5338 5340 5341 5342 5340 5342 5343 5336 5337 5341 5336 5341 5340 5337 5338 5342 5337 5342 5341 5338 5339 5343 5338 5343 5342 5339 5336 5340 5339 5340 5343 5344 5346 5345 5344 5347 5346 5348 5349 5350 5348 5350 5351 5344 5345 5349 5344 5349 5348 5345 5346 5350 5345 5350 5349 5346 5347 5351 5346 5351 5350 5347 5344 5348 5347 5348 5351 5352 5354 5353 5352 5355 5354 5356 5357 5358 5356 5358 5359 5352 5353 5357 5352 5357 5356 5353 5354 5358 5353 5358 5357 5354 5355 5359 5354 5359 5358 5355 5352 5356 5355 5356 5359 5360 5362 5361 5360 5363 5362 5364 5365 5366 5364 5366 5367 5360 5361 5365 5360 5365 5364 5361 5362 5366 5361 5366 5365 5362 5363 5367 5362 5367 5366 5363 5360 5364 5363 5364 5367 5368 5370 5369 5368 5371 5370 5372 5373 5374 5372 5374 5375 5368 5369 5373 5368 5373 5372 5369 5370 5374 5369 5374 5373 5370 5371 5375 5370 5375 5374 5371 5368 5372 5371 5372 5375 5376 5378 5377 5376 5379 5378 5380 5381 5382 5380 5382 5383 5376 5377 5381 5376 5381 5380 5377 5378 5382 5377 5382 5381 5378 5379 5383 5378 5383 5382 5379 5376 5380 5379 5380 5383 5384 5386 5385 5384 5387 5386 5388 5389 5390 5388 5390 5391 5384 5385 5389 5384 5389 5388 5385 5386 5390 5385 5390 5389 5386 5387 5391 5386 5391 5390 5387 5384 5388 5387 5388 5391 5392 5394 5393 5392 5395 5394 5396 5397 5398 5396 5398 5399 5392 5393 5397 5392 5397 5396 5393 5394 5398 5393 5398 5397 5394 5395 5399 5394 5399 5398 5395 5392 5396 5395 5396 5399 5400 5402 5401 5400 5403 5402 5404 5405 5406 5404 5406 5407 5400 5401 5405 5400 5405 5404 5401 5402 5406 5401 5406 5405 5402 5403 5407 5402 5407 5406 5403 5400 5404 5403 5404 5407 5408 5410 5409 5408 5411 5410 5412 5413 5414 5412 5414 5415 5408 5409 5413 5408 5413 5412 5409 5410 5414 5409 5414 5413 5410 5411 5415 5410 5415 5414 5411 5408 5412 5411 5412 5415 5416 5418 5417 5416 5419 5418 5420 5421 5422 5420 5422 5423 5416 5417 5421 5416 5421 5420 5417 5418 5422 5417 5422 5421 5418 5419 5423 5418 5423 5422 5419 5416 5420 5419 5420 5423 5424 5426 5425 5424 5427 5426 5428 5429 5430 5428 5430 5431 5424 5425 5429 5424 5429 5428 5425 5426 5430 5425 5430 5429 5426 5427 5431 5426 5431 5430 5427 5424 5428 5427 5428 5431 5432 5434 5433 5432 5435 5434 5436 5437 5438 5436 5438 5439 5432 5433 5437 5432 5437 5436 5433 5434 5438 5433 5438 5437 5434 5435 5439 5434 5439 5438 5435 5432 5436 5435 5436 5439 5440 5442 5441 5440 5443 5442 5444 5445 5446 5444 5446 5447 5440 5441 5445 5440 5445 5444 5441 5442 5446 5441 5446 5445 5442 5443 5447 5442 5447 5446 5443 5440 5444 5443 5444 5447 5448 5450 5449 5448 5451 5450 5452 5453 5454 5452 5454 5455 5448 5449 5453 5448 5453 5452 5449 5450 5454 5449 5454 5453 5450 5451 5455 5450 5455 5454 5451 5448 5452 5451 5452 5455 5456 5458 5457 5456 5459 5458 5460 5461 5462 5460 5462 5463 5456 5457 5461 5456 5461 5460 5457 5458 5462 5457 5462 5461 5458 5459 5463 5458 5463 5462 5459 5456 5460 5459 5460 5463 5464 5466 5465 5464 5467 5466 5468 5469 5470 5468 5470 5471 5464 5465 5469 5464 5469 5468 5465 5466 5470 5465 5470 5469 5466 5467 5471 5466 5471 5470 5467 5464 5468 5467 5468 5471 5472 5474 5473 5472 5475 5474 5476 5477 5478 5476 5478 5479 5472 5473 5477 5472 5477 5476 5473 5474 5478 5473 5478 5477 5474 5475 5479 5474 5479 5478 5475 5472 5476 5475 5476 5479 5480 5482 5481 5480 5483 5482 5484 5485 5486 5484 5486 5487 5480 5481 5485 5480 5485 5484 5481 5482 5486 5481 5486 5485 5482 5483 5487 5482 5487 5486 5483 5480 5484 5483 5484 5487 5488 5490 5489 5488 5491 5490 5492 5493 5494 5492 5494 5495 5488 5489 5493 5488 5493 5492 5489 5490 5494 5489 5494 5493 5490 5491 5495 5490 5495 5494 5491 5488 5492 5491 5492 5495 5496 5498 5497 5496 5499 5498 5500 5501 5502 5500 5502 5503 5496 5497 5501 5496 5501 5500 5497 5498 5502 5497 5502 5501 5498 5499 5503 5498 5503 5502 5499 5496 5500 5499 5500 5503 5504 5506 5505 5504 5507 5506 5508 5509 5510 5508 5510 5511 5504 5505 5509 5504 5509 5508 5505 5506 5510 5505 5510 5509 5506 5507 5511 5506 5511 5510 5507 5504 5508 5507 5508 5511 5512 5514 5513 5512 5515 5514 5516 5517 5518 5516 5518 5519 5512 5513 5517 5512 5517 5516 5513 5514 5518 5513 5518 5517 5514 5515 5519 5514 5519 5518 5515 5512 5516 5515 5516 5519 5520 5522 5521 5520 5523 5522 5524 5525 5526 5524 5526 5527 5520 5521 5525 5520 5525 5524 5521 5522 5526 5521 5526 5525 5522 5523 5527 5522 5527 5526 5523 5520 5524 5523 5524 5527 5528 5530 5529 5528 5531 5530 5532 5533 5534 5532 5534 5535 5528 5529 5533 5528 5533 5532 5529 5530 5534 5529 5534 5533 5530 5531 5535 5530 5535 5534 5531 5528 5532 5531 5532 5535 5536 5538 5537 5536 5539 5538 5540 5541 5542 5540 5542 5543 5536 5537 5541 5536 5541 5540 5537 5538 5542 5537 5542 5541 5538 5539 5543 5538 5543 5542 5539 5536 5540 5539 5540 5543 5544 5546 5545 5544 5547 5546 5548 5549 5550 5548 5550 5551 5544 5545 5549 5544 5549 5548 5545 5546 5550 5545 5550 5549 5546 5547 5551 5546 5551 5550 5547 5544 5548 5547 5548 5551 5552 5554 5553 5552 5555 5554 5556 5557 5558 5556 5558 5559 5552 5553 5557 5552 5557 5556 5553 5554 5558 5553 5558 5557 5554 5555 5559 5554 5559 5558 5555 5552 5556 5555 5556 5559 5560 5562 5561 5560 5563 5562 5564 5565 5566 5564 5566 5567 5560 5561 5565 5560 5565 5564 5561 5562 5566 5561 5566 5565 5562 5563 5567 5562 5567 5566 5563 5560 5564 5563 5564 5567 5568 5570 5569 5568 5571 5570 5572 5573 5574 5572 5574 5575 5568 5569 5573 5568 5573 5572 5569 5570 5574 5569 5574 5573 5570 5571 5575 5570 5575 5574 5571 5568 5572 5571 5572 5575 5576 5578 5577 5576 5579 5578 5580 5581 5582 5580 5582 5583 5576 5577 5581 5576 5581 5580 5577 5578 5582 5577 5582 5581 5578 5579 5583 5578 5583 5582 5579 5576 5580 5579 5580 5583 5584 5586 5585 5584 5587 5586 5588 5589 5590 5588 5590 5591 5584 5585 5589 5584 5589 5588 5585 5586 5590 5585 5590 5589 5586 5587 5591 5586 5591 5590 5587 5584 5588 5587 5588 5591 5592 5594 5593 5592 5595 5594 5596 5597 5598 5596 5598 5599 5592 5593 5597 5592 5597 5596 5593 5594 5598 5593 5598 5597 5594 5595 5599 5594 5599 5598 5595 5592 5596 5595 5596 5599 5600 5602 5601 5600 5603 5602 5604 5605 5606 5604 5606 5607 5600 5601 5605 5600 5605 5604 5601 5602 5606 5601 5606 5605 5602 5603 5607 5602 5607 5606 5603 5600 5604 5603 5604 5607 5608 5610 5609 5608 5611 5610 5612 5613 5614 5612 5614 5615 5608 5609 5613 5608 5613 5612 5609 5610 5614 5609 5614 5613 5610 5611 5615 5610 5615 5614 5611 5608 5612 5611 5612 5615 5616 5618 5617 5616 5619 5618 5620 5621 5622 5620 5622 5623 5616 5617 5621 5616 5621 5620 5617 5618 5622 5617 5622 5621 5618 5619 5623 5618 5623 5622 5619 5616 5620 5619 5620 5623 5624 5626 5625 5624 5627 5626 5628 5629 5630 5628 5630 5631 5624 5625 5629 5624 5629 5628 5625 5626 5630 5625 5630 5629 5626 5627 5631 5626 5631 5630 5627 5624 5628 5627 5628 5631 5632 5634 5633 5632 5635 5634 5636 5637 5638 5636 5638 5639 5632 5633 5637 5632 5637 5636 5633 5634 5638 5633 5638 5637 5634 5635 5639 5634 5639 5638 5635 5632 5636 5635 5636 5639 5640 5642 5641 5640 5643 5642 5644 5645 5646 5644 5646 5647 5640 5641 5645 5640 5645 5644 5641 5642 5646 5641 5646 5645 5642 5643 5647 5642 5647 5646 5643 5640 5644 5643 5644 5647 5648 5650 5649 5648 5651 5650 5652 5653 5654 5652 5654 5655 5648 5649 5653 5648 5653 5652 5649 5650 5654 5649 5654 5653 5650 5651 5655 5650 5655 5654 5651 5648 5652 5651 5652 5655 5656 5658 5657 5656 5659 5658 5660 5661 5662 5660 5662 5663 5656 5657 5661 5656 5661 5660 5657 5658 5662 5657 5662 5661 5658 5659 5663 5658 5663 5662 5659 5656 5660 5659 5660 5663 5664 5666 5665 5664 5667 5666 5668 5669 5670 5668 5670 5671 5664 5665 5669 5664 5669 5668 5665 5666 5670 5665 5670 5669 5666 5667 5671 5666 5671 5670 5667 5664 5668 5667 5668 5671 5672 5674 5673 5672 5675 5674 5676 5677 5678 5676 5678 5679 5672 5673 5677 5672 5677 5676 5673 5674 5678 5673 5678 5677 5674 5675 5679 5674 5679 5678 5675 5672 5676 5675 5676 5679 5680 5682 5681 5680 5683 5682 5684 5685 5686 5684 5686 5687 5680 5681 5685 5680 5685 5684 5681 5682 5686 5681 5686 5685 5682 5683 5687 5682 5687 5686 5683 5680 5684 5683 5684 5687 5688 5690 5689 5688 5691 5690 5692 5693 5694 5692 5694 5695 5688 5689 5693 5688 5693 5692 5689 5690 5694 5689 5694 5693 5690 5691 5695 5690 5695 5694 5691 5688 5692 5691 5692 5695 5696 5698 5697 5696 5699 5698 5700 5701 5702 5700 5702 5703 5696 5697 5701 5696 5701 5700 5697 5698 5702 5697 5702 5701 5698 5699 5703 5698 5703 5702 5699 5696 5700 5699 5700 5703 5704 5706 5705 5704 5707 5706 5708 5709 5710 5708 5710 5711 5704 5705 5709 5704 5709 5708 5705 5706 5710 5705 5710 5709 5706 5707 5711 5706 5711 5710 5707 5704 5708 5707 5708 5711 5712 5714 5713 5712 5715 5714 5716 5717 5718 5716 5718 5719 5712 5713 5717 5712 5717 5716 5713 5714 5718 5713 5718 5717 5714 5715 5719 5714 5719 5718 5715 5712 5716 5715 5716 5719 5720 5722 5721 5720 5723 5722 5724 5725 5726 5724 5726 5727 5720 5721 5725 5720 5725 5724 5721 5722 5726 5721 5726 5725 5722 5723 5727 5722 5727 5726 5723 5720 5724 5723 5724 5727 5728 5730 5729 5728 5731 5730 5732 5733 5734 5732 5734 5735 5728 5729 5733 5728 5733 5732 5729 5730 5734 5729 5734 5733 5730 5731 5735 5730 5735 5734 5731 5728 5732 5731 5732 5735 5736 5738 5737 5736 5739 5738 5740 5741 5742 5740 5742 5743 5736 5737 5741 5736 5741 5740 5737 5738 5742 5737 5742 5741 5738 5739 5743 5738 5743 5742 5739 5736 5740 5739 5740 5743 5744 5746 5745 5744 5747 5746 5748 5749 5750 5748 5750 5751 5744 5745 5749 5744 5749 5748 5745 5746 5750 5745 5750 5749 5746 5747 5751 5746 5751 5750 5747 5744 5748 5747 5748 5751 5752 5754 5753 5752 5755 5754 5756 5757 5758 5756 5758 5759 5752 5753 5757 5752 5757 5756 5753 5754 5758 5753 5758 5757 5754 5755 5759 5754 5759 5758 5755 5752 5756 5755 5756 5759 5760 5762 5761 5760 5763 5762 5764 5765 5766 5764 5766 5767 5760 5761 5765 5760 5765 5764 5761 5762 5766 5761 5766 5765 5762 5763 5767 5762 5767 5766 5763 5760 5764 5763 5764 5767 5768 5770 5769 5768 5771 5770 5772 5773 5774 5772 5774 5775 5768 5769 5773 5768 5773 5772 5769 5770 5774 5769 5774 5773 5770 5771 5775 5770 5775 5774 5771 5768 5772 5771 5772 5775 5776 5778 5777 5776 5779 5778 5780 5781 5782 5780 5782 5783 5776 5777 5781 5776 5781 5780 5777 5778 5782 5777 5782 5781 5778 5779 5783 5778 5783 5782 5779 5776 5780 5779 5780 5783 5784 5786 5785 5784 5787 5786 5788 5789 5790 5788 5790 5791 5784 5785 5789 5784 5789 5788 5785 5786 5790 5785 5790 5789 5786 5787 5791 5786 5791 5790 5787 5784 5788 5787 5788 5791 5792 5794 5793 5792 5795 5794 5796 5797 5798 5796 5798 5799 5792 5793 5797 5792 5797 5796 5793 5794 5798 5793 5798 5797 5794 5795 5799 5794 5799 5798 5795 5792 5796 5795 5796 5799 5800 5802 5801 5800 5803 5802 5804 5805 5806 5804 5806 5807 5800 5801 5805 5800 5805 5804 5801 5802 5806 5801 5806 5805 5802 5803 5807 5802 5807 5806 5803 5800 5804 5803 5804 5807 5808 5810 5809 5808 5811 5810 5812 5813 5814 5812 5814 5815 5808 5809 5813 5808 5813 5812 5809 5810 5814 5809 5814 5813 5810 5811 5815 5810 5815 5814 5811 5808 5812 5811 5812 5815 5816 5818 5817 5816 5819 5818 5820 5821 5822 5820 5822 5823 5816 5817 5821 5816 5821 5820 5817 5818 5822 5817 5822 5821 5818 5819 5823 5818 5823 5822 5819 5816 5820 5819 5820 5823 5824 5826 5825 5824 5827 5826 5828 5829 5830 5828 5830 5831 5824 5825 5829 5824 5829 5828 5825 5826 5830 5825 5830 5829 5826 5827 5831 5826 5831 5830 5827 5824 5828 5827 5828 5831 5832 5834 5833 5832 5835 5834 5836 5837 5838 5836 5838 5839 5832 5833 5837 5832 5837 5836 5833 5834 5838 5833 5838 5837 5834 5835 5839 5834 5839 5838 5835 5832 5836 5835 5836 5839 5840 5842 5841 5840 5843 5842 5844 5845 5846 5844 5846 5847 5840 5841 5845 5840 5845 5844 5841 5842 5846 5841 5846 5845 5842 5843 5847 5842 5847 5846 5843 5840 5844 5843 5844 5847 5848 5850 5849 5848 5851 5850 5852 5853 5854 5852 5854 5855 5848 5849 5853 5848 5853 5852 5849 5850 5854 5849 5854 5853 5850 5851 5855 5850 5855 5854 5851 5848 5852 5851 5852 5855 5856 5858 5857 5856 5859 5858 5860 5861 5862 5860 5862 5863 5856 5857 5861 5856 5861 5860 5857 5858 5862 5857 5862 5861 5858 5859 5863 5858 5863 5862 5859 5856 5860 5859 5860 5863 5864 5866 5865 5864 5867 5866 5868 5869 5870 5868 5870 5871 5864 5865 5869 5864 5869 5868 5865 5866 5870 5865 5870 5869 5866 5867 5871 5866 5871 5870 5867 5864 5868 5867 5868 5871 5872 5874 5873 5872 5875 5874 5876 5877 5878 5876 5878 5879 5872 5873 5877 5872 5877 5876 5873 5874 5878 5873 5878 5877 5874 5875 5879 5874 5879 5878 5875 5872 5876 5875 5876 5879 5880 5882 5881 5880 5883 5882 5884 5885 5886 5884 5886 5887 5880 5881 5885 5880 5885 5884 5881 5882 5886 5881 5886 5885 5882 5883 5887 5882 5887 5886 5883 5880 5884 5883 5884 5887 5888 5890 5889 5888 5891 5890 5892 5893 5894 5892 5894 5895 5888 5889 5893 5888 5893 5892 5889 5890 5894 5889 5894 5893 5890 5891 5895 5890 5895 5894 5891 5888 5892 5891 5892 5895 5896 5898 5897 5896 5899 5898 5900 5901 5902 5900 5902 5903 5896 5897 5901 5896 5901 5900 5897 5898 5902 5897 5902 5901 5898 5899 5903 5898 5903 5902 5899 5896 5900 5899 5900 5903 5904 5906 5905 5904 5907 5906 5908 5909 5910 5908 5910 5911 5904 5905 5909 5904 5909 5908 5905 5906 5910 5905 5910 5909 5906 5907 5911 5906 5911 5910 5907 5904 5908 5907 5908 5911 5912 5914 5913 5912 5915 5914 5916 5917 5918 5916 5918 5919 5912 5913 5917 5912 5917 5916 5913 5914 5918 5913 5918 5917 5914 5915 5919 5914 5919 5918 5915 5912 5916 5915 5916 5919 5920 5922 5921 5920 5923 5922 5924 5925 5926 5924 5926 5927 5920 5921 5925 5920 5925 5924 5921 5922 5926 5921 5926 5925 5922 5923 5927 5922 5927 5926 5923 5920 5924 5923 5924 5927 5928 5930 5929 5928 5931 5930 5932 5933 5934 5932 5934 5935 5928 5929 5933 5928 5933 5932 5929 5930 5934 5929 5934 5933 5930 5931 5935 5930 5935 5934 5931 5928 5932 5931 5932 5935 5936 5938 5937 5936 5939 5938 5940 5941 5942 5940 5942 5943 5936 5937 5941 5936 5941 5940 5937 5938 5942 5937 5942 5941 5938 5939 5943 5938 5943 5942 5939 5936 5940 5939 5940 5943 5944 5946 5945 5944 5947 5946 5948 5949 5950 5948 5950 5951 5944 5945 5949 5944 5949 5948 5945 5946 5950 5945 5950 5949 5946 5947 5951 5946 5951 5950 5947 5944 5948 5947 5948 5951 5952 5954 5953 5952 5955 5954 5956 5957 5958 5956 5958 5959 5952 5953 5957 5952 5957 5956 5953 5954 5958 5953 5958 5957 5954 5955 5959 5954 5959 5958 5955 5952 5956 5955 5956 5959 5960 5962 5961 5960 5963 5962 5964 5965 5966 5964 5966 5967 5960 5961 5965 5960 5965 5964 5961 5962 5966 5961 5966 5965 5962 5963 5967 5962 5967 5966 5963 5960 5964 5963 5964 5967 5968 5970 5969 5968 5971 5970 5972 5973 5974 5972 5974 5975 5968 5969 5973 5968 5973 5972 5969 5970 5974 5969 5974 5973 5970 5971 5975 5970 5975 5974 5971 5968 5972 5971 5972 5975 5976 5978 5977 5976 5979 5978 5980 5981 5982 5980 5982 5983 5976 5977 5981 5976 5981 5980 5977 5978 5982 5977 5982 5981 5978 5979 5983 5978 5983 5982 5979 5976 5980 5979 5980 5983 5984 5986 5985 5984 5987 5986 5988 5989 5990 5988 5990 5991 5984 5985 5989 5984 5989 5988 5985 5986 5990 5985 5990 5989 5986 5987 5991 5986 5991 5990 5987 5984 5988 5987 5988 5991 5992 5994 5993 5992 5995 5994 5996 5997 5998 5996 5998 5999 5992 5993 5997 5992 5997 5996 5993 5994 5998 5993 5998 5997 5994 5995 5999 5994 5999 5998 5995 5992 5996 5995 5996 5999 6000 6002 6001 6000 6003 6002 6004 6005 6006 6004 6006 6007 6000 6001 6005 6000 6005 6004 6001 6002 6006 6001 6006 6005 6002 6003 6007 6002 6007 6006 6003 6000 6004 6003 6004 6007 6008 6010 6009 6008 6011 6010 6012 6013 6014 6012 6014 6015 6008 6009 6013 6008 6013 6012 6009 6010 6014 6009 6014 6013 6010 6011 6015 6010 6015 6014 6011 6008 6012 6011 6012 6015 6016 6018 6017 6016 6019 6018 6020 6021 6022 6020 6022 6023 6016 6017 6021 6016 6021 6020 6017 6018 6022 6017 6022 6021 6018 6019 6023 6018 6023 6022 6019 6016 6020 6019 6020 6023 6024 6026 6025 6024 6027 6026 6028 6029 6030 6028 6030 6031 6024 6025 6029 6024 6029 6028 6025 6026 6030 6025 6030 6029 6026 6027 6031 6026 6031 6030 6027 6024 6028 6027 6028 6031 6032 6034 6033 6032 6035 6034 6036 6037 6038 6036 6038 6039 6032 6033 6037 6032 6037 6036 6033 6034 6038 6033 6038 6037 6034 6035 6039 6034 6039 6038 6035 6032 6036 6035 6036 6039 6040 6042 6041 6040 6043 6042 6044 6045 6046 6044 6046 6047 6040 6041 6045 6040 6045 6044 6041 6042 6046 6041 6046 6045 6042 6043 6047 6042 6047 6046 6043 6040 6044 6043 6044 6047 6048 6050 6049 6048 6051 6050 6052 6053 6054 6052 6054 6055 6048 6049 6053 6048 6053 6052 6049 6050 6054 6049 6054 6053 6050 6051 6055 6050 6055 6054 6051 6048 6052 6051 6052 6055 6056 6058 6057 6056 6059 6058 6060 6061 6062 6060 6062 6063 6056 6057 6061 6056 6061 6060 6057 6058 6062 6057 6062 6061 6058 6059 6063 6058 6063 6062 6059 6056 6060 6059 6060 6063 6064 6066 6065 6064 6067 6066 6068 6069 6070 6068 6070 6071 6064 6065 6069 6064 6069 6068 6065 6066 6070 6065 6070 6069 6066 6067 6071 6066 6071 6070 6067 6064 6068 6067 6068 6071 6072 6074 6073 6072 6075 6074 6076 6077 6078 6076 6078 6079 6072 6073 6077 6072 6077 6076 6073 6074 6078 6073 6078 6077 6074 6075 6079 6074 6079 6078 6075 6072 6076 6075 6076 6079 6080 6082 6081 6080 6083 6082 6084 6085 6086 6084 6086 6087 6080 6081 6085 6080 6085 6084 6081 6082 6086 6081 6086 6085 6082 6083 6087 6082 6087 6086 6083 6080 6084 6083 6084 6087 6088 6090 6089 6088 6091 6090 6092 6093 6094 6092 6094 6095 6088 6089 6093 6088 6093 6092 6089 6090 6094 6089 6094 6093 6090 6091 6095 6090 6095 6094 6091 6088 6092 6091 6092 6095 6096 6098 6097 6096 6099 6098 6100 6101 6102 6100 6102 6103 6096 6097 6101 6096 6101 6100 6097 6098 6102 6097 6102 6101 6098 6099 6103 6098 6103 6102 6099 6096 6100 6099 6100 6103 6104 6106 6105 6104 6107 6106 6108 6109 6110 6108 6110 6111 6104 6105 6109 6104 6109 6108 6105 6106 6110 6105 6110 6109 6106 6107 6111 6106 6111 6110 6107 6104 6108 6107 6108 6111 6112 6114 6113 6112 6115 6114 6116 6117 6118 6116 6118 6119 6112 6113 6117 6112 6117 6116 6113 6114 6118 6113 6118 6117 6114 6115 6119 6114 6119 6118 6115 6112 6116 6115 6116 6119 6120 6122 6121 6120 6123 6122 6124 6125 6126 6124 6126 6127 6120 6121 6125 6120 6125 6124 6121 6122 6126 6121 6126 6125 6122 6123 6127 6122 6127 6126 6123 6120 6124 6123 6124 6127 6128 6130 6129 6128 6131 6130 6132 6133 6134 6132 6134 6135 6128 6129 6133 6128 6133 6132 6129 6130 6134 6129 6134 6133 6130 6131 6135 6130 6135 6134 6131 6128 6132 6131 6132 6135 6136 6138 6137 6136 6139 6138 6140 6141 6142 6140 6142 6143 6136 6137 6141 6136 6141 6140 6137 6138 6142 6137 6142 6141 6138 6139 6143 6138 6143 6142 6139 6136 6140 6139 6140 6143 6144 6146 6145 6144 6147 6146 6148 6149 6150 6148 6150 6151 6144 6145 6149 6144 6149 6148 6145 6146 6150 6145 6150 6149 6146 6147 6151 6146 6151 6150 6147 6144 6148 6147 6148 6151 6152 6154 6153 6152 6155 6154 6156 6157 6158 6156 6158 6159 6152 6153 6157 6152 6157 6156 6153 6154 6158 6153 6158 6157 6154 6155 6159 6154 6159 6158 6155 6152 6156 6155 6156 6159 6160 6162 6161 6160 6163 6162 6164 6165 6166 6164 6166 6167 6160 6161 6165 6160 6165 6164 6161 6162 6166 6161 6166 6165 6162 6163 6167 6162 6167 6166 6163 6160 6164 6163 6164 6167 6168 6170 6169 6168 6171 6170 6172 6173 6174 6172 6174 6175 6168 6169 6173 6168 6173 6172 6169 6170 6174 6169 6174 6173 6170 6171 6175 6170 6175 6174 6171 6168 6172 6171 6172 6175 6176 6178 6177 6176 6179 6178 6180 6181 6182 6180 6182 6183 6176 6177 6181 6176 6181 6180 6177 6178 6182 6177 6182 6181 6178 6179 6183 6178 6183 6182 6179 6176 6180 6179 6180 6183 6184 6186 6185 6184 6187 6186 6188 6189 6190 6188 6190 6191 6184 6185 6189 6184 6189 6188 6185 6186 6190 6185 6190 6189 6186 6187 6191 6186 6191 6190 6187 6184 6188 6187 6188 6191 6192 6194 6193 6192 6195 6194 6196 6197 6198 6196 6198 6199 6192 6193 6197 6192 6197 6196 6193 6194 6198 6193 6198 6197 6194 6195 6199 6194 6199 6198 6195 6192 6196 6195 6196 6199 6200 6202 6201 6200 6203 6202 6204 6205 6206 6204 6206 6207 6200 6201 6205 6200 6205 6204 6201 6202 6206 6201 6206 6205 6202 6203 6207 6202 6207 6206 6203 6200 6204 6203 6204 6207 6208 6210 6209 6208 6211 6210 6212 6213 6214 6212 6214 6215 6208 6209 6213 6208 6213 6212 6209 6210 6214 6209 6214 6213 6210 6211 6215 6210 6215 6214 6211 6208 6212 6211 6212 6215 6216 6218 6217 6216 6219 6218 6220 6221 6222 6220 6222 6223 6216 6217 6221 6216 6221 6220 6217 6218 6222 6217 6222 6221 6218 6219 6223 6218 6223 6222 6219 6216 6220 6219 6220 6223 6224 6226 6225 6224 6227 6226 6228 6229 6230 6228 6230 6231 6224 6225 6229 6224 6229 6228 6225 6226 6230 6225 6230 6229 6226 6227 6231 6226 6231 6230 6227 6224 6228 6227 6228 6231 6232 6234 6233 6232 6235 6234 6236 6237 6238 6236 6238 6239 6232 6233 6237 6232 6237 6236 6233 6234 6238 6233 6238 6237 6234 6235 6239 6234 6239 6238 6235 6232 6236 6235 6236 6239 6240 6242 6241 6240 6243 6242 6244 6245 6246 6244 6246 6247 6240 6241 6245 6240 6245 6244 6241 6242 6246 6241 6246 6245 6242 6243 6247 6242 6247 6246 6243 6240 6244 6243 6244 6247 6248 6250 6249 6248 6251 6250 6252 6253 6254 6252 6254 6255 6248 6249 6253 6248 6253 6252 6249 6250 6254 6249 6254 6253 6250 6251 6255 6250 6255 6254 6251 6248 6252 6251 6252 6255 6256 6258 6257 6256 6259 6258 6260 6261 6262 6260 6262 6263 6256 6257 6261 6256 6261 6260 6257 6258 6262 6257 6262 6261 6258 6259 6263 6258 6263 6262 6259 6256 6260 6259 6260 6263 6264 6266 6265 6264 6267 6266 6268 6269 6270 6268 6270 6271 6264 6265 6269 6264 6269 6268 6265 6266 6270 6265 6270 6269 6266 6267 6271 6266 6271 6270 6267 6264 6268 6267 6268 6271 6272 6274 6273 6272 6275 6274 6276 6277 6278 6276 6278 6279 6272 6273 6277 6272 6277 6276 6273 6274 6278 6273 6278 6277 6274 6275 6279 6274 6279 6278 6275 6272 6276 6275 6276 6279 6280 6282 6281 6280 6283 6282 6284 6285 6286 6284 6286 6287 6280 6281 6285 6280 6285 6284 6281 6282 6286 6281 6286 6285 6282 6283 6287 6282 6287 6286 6283 6280 6284 6283 6284 6287 6288 6290 6289 6288 6291 6290 6292 6293 6294 6292 6294 6295 6288 6289 6293 6288 6293 6292 6289 6290 6294 6289 6294 6293 6290 6291 6295 6290 6295 6294 6291 6288 6292 6291 6292 6295 6296 6298 6297 6296 6299 6298 6300 6301 6302 6300 6302 6303 6296 6297 6301 6296 6301 6300 6297 6298 6302 6297 6302 6301 6298 6299 6303 6298 6303 6302 6299 6296 6300 6299 6300 6303 6304 6306 6305 6304 6307 6306 6308 6309 6310 6308 6310 6311 6304 6305 6309 6304 6309 6308 6305 6306 6310 6305 6310 6309 6306 6307 6311 6306 6311 6310 6307 6304 6308 6307 6308 6311 6312 6314 6313 6312 6315 6314 6316 6317 6318 6316 6318 6319 6312 6313 6317 6312 6317 6316 6313 6314 6318 6313 6318 6317 6314 6315 6319 6314 6319 6318 6315 6312 6316 6315 6316 6319 6320 6322 6321 6320 6323 6322 6324 6325 6326 6324 6326 6327 6320 6321 6325 6320 6325 6324 6321 6322 6326 6321 6326 6325 6322 6323 6327 6322 6327 6326 6323 6320 6324 6323 6324 6327 6328 6330 6329 6328 6331 6330 6332 6333 6334 6332 6334 6335 6328 6329 6333 6328 6333 6332 6329 6330 6334 6329 6334 6333 6330 6331 6335 6330 6335 6334 6331 6328 6332 6331 6332 6335 6336 6338 6337 6336 6339 6338 6340 6341 6342 6340 6342 6343 6336 6337 6341 6336 6341 6340 6337 6338 6342 6337 6342 6341 6338 6339 6343 6338 6343 6342 6339 6336 6340 6339 6340 6343 6344 6346 6345 6344 6347 6346 6348 6349 6350 6348 6350 6351 6344 6345 6349 6344 6349 6348 6345 6346 6350 6345 6350 6349 6346 6347 6351 6346 6351 6350 6347 6344 6348 6347 6348 6351 6352 6354 6353 6352 6355 6354 6356 6357 6358 6356 6358 6359 6352 6353 6357 6352 6357 6356 6353 6354 6358 6353 6358 6357 6354 6355 6359 6354 6359 6358 6355 6352 6356 6355 6356 6359 6360 6362 6361 6360 6363 6362 6364 6365 6366 6364 6366 6367 6360 6361 6365 6360 6365 6364 6361 6362 6366 6361 6366 6365 6362 6363 6367 6362 6367 6366 6363 6360 6364 6363 6364 6367 6368 6370 6369 6368 6371 6370 6372 6373 6374 6372 6374 6375 6368 6369 6373 6368 6373 6372 6369 6370 6374 6369 6374 6373 6370 6371 6375 6370 6375 6374 6371 6368 6372 6371 6372 6375 6376 6378 6377 6376 6379 6378 6380 6381 6382 6380 6382 6383 6376 6377 6381 6376 6381 6380 6377 6378 6382 6377 6382 6381 6378 6379 6383 6378 6383 6382 6379 6376 6380 6379 6380 6383 6384 6386 6385 6384 6387 6386 6388 6389 6390 6388 6390 6391 6384 6385 6389 6384 6389 6388 6385 6386 6390 6385 6390 6389 6386 6387 6391 6386 6391 6390 6387 6384 6388 6387 6388 6391 6392 6394 6393 6392 6395 6394 6396 6397 6398 6396 6398 6399 6392 6393 6397 6392 6397 6396 6393 6394 6398 6393 6398 6397 6394 6395 6399 6394 6399 6398 6395 6392 6396 6395 6396 6399 6400 6402 6401 6400 6403 6402 6404 6405 6406 6404 6406 6407 6400 6401 6405 6400 6405 6404 6401 6402 6406 6401 6406 6405 6402 6403 6407 6402 6407 6406 6403 6400 6404 6403 6404 6407 6408 6410 6409 6408 6411 6410 6412 6413 6414 6412 6414 6415 6408 6409 6413 6408 6413 6412 6409 6410 6414 6409 6414 6413 6410 6411 6415 6410 6415 6414 6411 6408 6412 6411 6412 6415 6416 6418 6417 6416 6419 6418 6420 6421 6422 6420 6422 6423 6416 6417 6421 6416 6421 6420 6417 6418 6422 6417 6422 6421 6418 6419 6423 6418 6423 6422 6419 6416 6420 6419 6420 6423 6424 6426 6425 6424 6427 6426 6428 6429 6430 6428 6430 6431 6424 6425 6429 6424 6429 6428 6425 6426 6430 6425 6430 6429 6426 6427 6431 6426 6431 6430 6427 6424 6428 6427 6428 6431 6432 6434 6433 6432 6435 6434 6436 6437 6438 6436 6438 6439 6432 6433 6437 6432 6437 6436 6433 6434 6438 6433 6438 6437 6434 6435 6439 6434 6439 6438 6435 6432 6436 6435 6436 6439 6440 6442 6441 6440 6443 6442 6444 6445 6446 6444 6446 6447 6440 6441 6445 6440 6445 6444 6441 6442 6446 6441 6446 6445 6442 6443 6447 6442 6447 6446 6443 6440 6444 6443 6444 6447 6448 6450 6449 6448 6451 6450 6452 6453 6454 6452 6454 6455 6448 6449 6453 6448 6453 6452 6449 6450 6454 6449 6454 6453 6450 6451 6455 6450 6455 6454 6451 6448 6452 6451 6452 6455 6456 6458 6457 6456 6459 6458 6460 6461 6462 6460 6462 6463 6456 6457 6461 6456 6461 6460 6457 6458 6462 6457 6462 6461 6458 6459 6463 6458 6463 6462 6459 6456 6460 6459 6460 6463 6464 6466 6465 6464 6467 6466 6468 6469 6470 6468 6470 6471 6464 6465 6469 6464 6469 6468 6465 6466 6470 6465 6470 6469 6466 6467 6471 6466 6471 6470 6467 6464 6468 6467 6468 6471 6472 6474 6473 6472 6475 6474 6476 6477 6478 6476 6478 6479 6472 6473 6477 6472 6477 6476 6473 6474 6478 6473 6478 6477 6474 6475 6479 6474 6479 6478 6475 6472 6476 6475 6476 6479 6480 6482 6481 6480 6483 6482 6484 6485 6486 6484 6486 6487 6480 6481 6485 6480 6485 6484 6481 6482 6486 6481 6486 6485 6482 6483 6487 6482 6487 6486 6483 6480 6484 6483 6484 6487 6488 6490 6489 6488 6491 6490 6492 6493 6494 6492 6494 6495 6488 6489 6493 6488 6493 6492 6489 6490 6494 6489 6494 6493 6490 6491 6495 6490 6495 6494 6491 6488 6492 6491 6492 6495 6496 6498 6497 6496 6499 6498 6500 6501 6502 6500 6502 6503 6496 6497 6501 6496 6501 6500 6497 6498 6502 6497 6502 6501 6498 6499 6503 6498 6503 6502 6499 6496 6500 6499 6500 6503 6504 6506 6505 6504 6507 6506 6508 6509 6510 6508 6510 6511 6504 6505 6509 6504 6509 6508 6505 6506 6510 6505 6510 6509 6506 6507 6511 6506 6511 6510 6507 6504 6508 6507 6508 6511 6512 6514 6513 6512 6515 6514 6516 6517 6518 6516 6518 6519 6512 6513 6517 6512 6517 6516 6513 6514 6518 6513 6518 6517 6514 6515 6519 6514 6519 6518 6515 6512 6516 6515 6516 6519 6520 6522 6521 6520 6523 6522 6524 6525 6526 6524 6526 6527 6520 6521 6525 6520 6525 6524 6521 6522 6526 6521 6526 6525 6522 6523 6527 6522 6527 6526 6523 6520 6524 6523 6524 6527 6528 6530 6529 6528 6531 6530 6532 6533 6534 6532 6534 6535 6528 6529 6533 6528 6533 6532 6529 6530 6534 6529 6534 6533 6530 6531 6535 6530 6535 6534 6531 6528 6532 6531 6532 6535 6536 6538 6537 6536 6539 6538 6540 6541 6542 6540 6542 6543 6536 6537 6541 6536 6541 6540 6537 6538 6542 6537 6542 6541 6538 6539 6543 6538 6543 6542 6539 6536 6540 6539 6540 6543 6544 6546 6545 6544 6547 6546 6548 6549 6550 6548 6550 6551 6544 6545 6549 6544 6549 6548 6545 6546 6550 6545 6550 6549 6546 6547 6551 6546 6551 6550 6547 6544 6548 6547 6548 6551 6552 6554 6553 6552 6555 6554 6556 6557 6558 6556 6558 6559 6552 6553 6557 6552 6557 6556 6553 6554 6558 6553 6558 6557 6554 6555 6559 6554 6559 6558 6555 6552 6556 6555 6556 6559 6560 6562 6561 6560 6563 6562 6564 6565 6566 6564 6566 6567 6560 6561 6565 6560 6565 6564 6561 6562 6566 6561 6566 6565 6562 6563 6567 6562 6567 6566 6563 6560 6564 6563 6564 6567 6568 6570 6569 6568 6571 6570 6572 6573 6574 6572 6574 6575 6568 6569 6573 6568 6573 6572 6569 6570 6574 6569 6574 6573 6570 6571 6575 6570 6575 6574 6571 6568 6572 6571 6572 6575 6576 6578 6577 6576 6579 6578 6580 6581 6582 6580 6582 6583 6576 6577 6581 6576 6581 6580 6577 6578 6582 6577 6582 6581 6578 6579 6583 6578 6583 6582 6579 6576 6580 6579 6580 6583 6584 6586 6585 6584 6587 6586 6588 6589 6590 6588 6590 6591 6584 6585 6589 6584 6589 6588 6585 6586 6590 6585 6590 6589 6586 6587 6591 6586 6591 6590 6587 6584 6588 6587 6588 6591 6592 6594 6593 6592 6595 6594 6596 6597 6598 6596 6598 6599 6592 6593 6597 6592 6597 6596 6593 6594 6598 6593 6598 6597 6594 6595 6599 6594 6599 6598 6595 6592 6596 6595 6596 6599 6600 6602 6601 6600 6603 6602 6604 6605 6606 6604 6606 6607 6600 6601 6605 6600 6605 6604 6601 6602 6606 6601 6606 6605 6602 6603 6607 6602 6607 6606 6603 6600 6604 6603 6604 6607 6608 6610 6609 6608 6611 6610 6612 6613 6614 6612 6614 6615 6608 6609 6613 6608 6613 6612 6609 6610 6614 6609 6614 6613 6610 6611 6615 6610 6615 6614 6611 6608 6612 6611 6612 6615 6616 6618 6617 6616 6619 6618 6620 6621 6622 6620 6622 6623 6616 6617 6621 6616 6621 6620 6617 6618 6622 6617 6622 6621 6618 6619 6623 6618 6623 6622 6619 6616 6620 6619 6620 6623 6624 6626 6625 6624 6627 6626 6628 6629 6630 6628 6630 6631 6624 6625 6629 6624 6629 6628 6625 6626 6630 6625 6630 6629 6626 6627 6631 6626 6631 6630 6627 6624 6628 6627 6628 6631 6632 6634 6633 6632 6635 6634 6636 6637 6638 6636 6638 6639 6632 6633 6637 6632 6637 6636 6633 6634 6638 6633 6638 6637 6634 6635 6639 6634 6639 6638 6635 6632 6636 6635 6636 6639 6640 6642 6641 6640 6643 6642 6644 6645 6646 6644 6646 6647 6640 6641 6645 6640 6645 6644 6641 6642 6646 6641 6646 6645 6642 6643 6647 6642 6647 6646 6643 6640 6644 6643 6644 6647 6648 6650 6649 6648 6651 6650 6652 6653 6654 6652 6654 6655 6648 6649 6653 6648 6653 6652 6649 6650 6654 6649 6654 6653 6650 6651 6655 6650 6655 6654 6651 6648 6652 6651 6652 6655 6656 6658 6657 6656 6659 6658 6660 6661 6662 6660 6662 6663 6656 6657 6661 6656 6661 6660 6657 6658 6662 6657 6662 6661 6658 6659 6663 6658 6663 6662 6659 6656 6660 6659 6660 6663 6664 6666 6665 6664 6667 6666 6668 6669 6670 6668 6670 6671 6664 6665 6669 6664 6669 6668 6665 6666 6670 6665 6670 6669 6666 6667 6671 6666 6671 6670 6667 6664 6668 6667 6668 6671 6672 6674 6673 6672 6675 6674 6676 6677 6678 6676 6678 6679 6672 6673 6677 6672 6677 6676 6673 6674 6678 6673 6678 6677 6674 6675 6679 6674 6679 6678 6675 6672 6676 6675 6676 6679 6680 6682 6681 6680 6683 6682 6684 6685 6686 6684 6686 6687 6680 6681 6685 6680 6685 6684 6681 6682 6686 6681 6686 6685 6682 6683 6687 6682 6687 6686 6683 6680 6684 6683 6684 6687 6688 6690 6689 6688 6691 6690 6692 6693 6694 6692 6694 6695 6688 6689 6693 6688 6693 6692 6689 6690 6694 6689 6694 6693 6690 6691 6695 6690 6695 6694 6691 6688 6692 6691 6692 6695 6696 6698 6697 6696 6699 6698 6700 6701 6702 6700 6702 6703 6696 6697 6701 6696 6701 6700 6697 6698 6702 6697 6702 6701 6698 6699 6703 6698 6703 6702 6699 6696 6700 6699 6700 6703 6704 6706 6705 6704 6707 6706 6708 6709 6710 6708 6710 6711 6704 6705 6709 6704 6709 6708 6705 6706 6710 6705 6710 6709 6706 6707 6711 6706 6711 6710 6707 6704 6708 6707 6708 6711 6712 6714 6713 6712 6715 6714 6716 6717 6718 6716 6718 6719 6712 6713 6717 6712 6717 6716 6713 6714 6718 6713 6718 6717 6714 6715 6719 6714 6719 6718 6715 6712 6716 6715 6716 6719 6720 6722 6721 6720 6723 6722 6724 6725 6726 6724 6726 6727 6720 6721 6725 6720 6725 6724 6721 6722 6726 6721 6726 6725 6722 6723 6727 6722 6727 6726 6723 6720 6724 6723 6724 6727 6728 6730 6729 6728 6731 6730 6732 6733 6734 6732 6734 6735 6728 6729 6733 6728 6733 6732 6729 6730 6734 6729 6734 6733 6730 6731 6735 6730 6735 6734 6731 6728 6732 6731 6732 6735 6736 6738 6737 6736 6739 6738 6740 6741 6742 6740 6742 6743 6736 6737 6741 6736 6741 6740 6737 6738 6742 6737 6742 6741 6738 6739 6743 6738 6743 6742 6739 6736 6740 6739 6740 6743 6744 6746 6745 6744 6747 6746 6748 6749 6750 6748 6750 6751 6744 6745 6749 6744 6749 6748 6745 6746 6750 6745 6750 6749 6746 6747 6751 6746 6751 6750 6747 6744 6748 6747 6748 6751 6752 6754 6753 6752 6755 6754 6756 6757 6758 6756 6758 6759 6752 6753 6757 6752 6757 6756 6753 6754 6758 6753 6758 6757 6754 6755 6759 6754 6759 6758 6755 6752 6756 6755 6756 6759 6760 6762 6761 6760 6763 6762 6764 6765 6766 6764 6766 6767 6760 6761 6765 6760 6765 6764 6761 6762 6766 6761 6766 6765 6762 6763 6767 6762 6767 6766 6763 6760 6764 6763 6764 6767 6768 6770 6769 6768 6771 6770 6772 6773 6774 6772 6774 6775 6768 6769 6773 6768 6773 6772 6769 6770 6774 6769 6774 6773 6770 6771 6775 6770 6775 6774 6771 6768 6772 6771 6772 6775 6776 6778 6777 6776 6779 6778 6780 6781 6782 6780 6782 6783 6776 6777 6781 6776 6781 6780 6777 6778 6782 6777 6782 6781 6778 6779 6783 6778 6783 6782 6779 6776 6780 6779 6780 6783 6784 6786 6785 6784 6787 6786 6788 6789 6790 6788 6790 6791 6784 6785 6789 6784 6789 6788 6785 6786 6790 6785 6790 6789 6786 6787 6791 6786 6791 6790 6787 6784 6788 6787 6788 6791 6792 6794 6793 6792 6795 6794 6796 6797 6798 6796 6798 6799 6792 6793 6797 6792 6797 6796 6793 6794 6798 6793 6798 6797 6794 6795 6799 6794 6799 6798 6795 6792 6796 6795 6796 6799 6800 6802 6801 6800 6803 6802 6804 6805 6806 6804 6806 6807 6800 6801 6805 6800 6805 6804 6801 6802 6806 6801 6806 6805 6802 6803 6807 6802 6807 6806 6803 6800 6804 6803 6804 6807 6808 6810 6809 6808 6811 6810 6812 6813 6814 6812 6814 6815 6808 6809 6813 6808 6813 6812 6809 6810 6814 6809 6814 6813 6810 6811 6815 6810 6815 6814 6811 6808 6812 6811 6812 6815 6816 6818 6817 6816 6819 6818 6820 6821 6822 6820 6822 6823 6816 6817 6821 6816 6821 6820 6817 6818 6822 6817 6822 6821 6818 6819 6823 6818 6823 6822 6819 6816 6820 6819 6820 6823 6824 6826 6825 6824 6827 6826 6828 6829 6830 6828 6830 6831 6824 6825 6829 6824 6829 6828 6825 6826 6830 6825 6830 6829 6826 6827 6831 6826 6831 6830 6827 6824 6828 6827 6828 6831 6832 6834 6833 6832 6835 6834 6836 6837 6838 6836 6838 6839 6832 6833 6837 6832 6837 6836 6833 6834 6838 6833 6838 6837 6834 6835 6839 6834 6839 6838 6835 6832 6836 6835 6836 6839 6840 6842 6841 6840 6843 6842 6844 6845 6846 6844 6846 6847 6840 6841 6845 6840 6845 6844 6841 6842 6846 6841 6846 6845 6842 6843 6847 6842 6847 6846 6843 6840 6844 6843 6844 6847 6848 6850 6849 6848 6851 6850 6852 6853 6854 6852 6854 6855 6848 6849 6853 6848 6853 6852 6849 6850 6854 6849 6854 6853 6850 6851 6855 6850 6855 6854 6851 6848 6852 6851 6852 6855 6856 6858 6857 6856 6859 6858 6860 6861 6862 6860 6862 6863 6856 6857 6861 6856 6861 6860 6857 6858 6862 6857 6862 6861 6858 6859 6863 6858 6863 6862 6859 6856 6860 6859 6860 6863 6864 6866 6865 6864 6867 6866 6868 6869 6870 6868 6870 6871 6864 6865 6869 6864 6869 6868 6865 6866 6870 6865 6870 6869 6866 6867 6871 6866 6871 6870 6867 6864 6868 6867 6868 6871 6872 6874 6873 6872 6875 6874 6876 6877 6878 6876 6878 6879 6872 6873 6877 6872 6877 6876 6873 6874 6878 6873 6878 6877 6874 6875 6879 6874 6879 6878 6875 6872 6876 6875 6876 6879 6880 6882 6881 6880 6883 6882 6884 6885 6886 6884 6886 6887 6880 6881 6885 6880 6885 6884 6881 6882 6886 6881 6886 6885 6882 6883 6887 6882 6887 6886 6883 6880 6884 6883 6884 6887 6888 6890 6889 6888 6891 6890 6892 6893 6894 6892 6894 6895 6888 6889 6893 6888 6893 6892 6889 6890 6894 6889 6894 6893 6890 6891 6895 6890 6895 6894 6891 6888 6892 6891 6892 6895 6896 6898 6897 6896 6899 6898 6900 6901 6902 6900 6902 6903 6896 6897 6901 6896 6901 6900 6897 6898 6902 6897 6902 6901 6898 6899 6903 6898 6903 6902 6899 6896 6900 6899 6900 6903 6904 6906 6905 6904 6907 6906 6908 6909 6910 6908 6910 6911 6904 6905 6909 6904 6909 6908 6905 6906 6910 6905 6910 6909 6906 6907 6911 6906 6911 6910 6907 6904 6908 6907 6908 6911 6912 6914 6913 6912 6915 6914 6916 6917 6918 6916 6918 6919 6912 6913 6917 6912 6917 6916 6913 6914 6918 6913 6918 6917 6914 6915 6919 6914 6919 6918 6915 6912 6916 6915 6916 6919 6920 6922 6921 6920 6923 6922 6924 6925 6926 6924 6926 6927 6920 6921 6925 6920 6925 6924 6921 6922 6926 6921 6926 6925 6922 6923 6927 6922 6927 6926 6923 6920 6924 6923 6924 6927 6928 6930 6929 6928 6931 6930 6932 6933 6934 6932 6934 6935 6928 6929 6933 6928 6933 6932 6929 6930 6934 6929 6934 6933 6930 6931 6935 6930 6935 6934 6931 6928 6932 6931 6932 6935 6936 6938 6937 6936 6939 6938 6940 6941 6942 6940 6942 6943 6936 6937 6941 6936 6941 6940 6937 6938 6942 6937 6942 6941 6938 6939 6943 6938 6943 6942 6939 6936 6940 6939 6940 6943 6944 6946 6945 6944 6947 6946 6948 6949 6950 6948 6950 6951 6944 6945 6949 6944 6949 6948 6945 6946 6950 6945 6950 6949 6946 6947 6951 6946 6951 6950 6947 6944 6948 6947 6948 6951 6952 6954 6953 6952 6955 6954 6956 6957 6958 6956 6958 6959 6952 6953 6957 6952 6957 6956 6953 6954 6958 6953 6958 6957 6954 6955 6959 6954 6959 6958 6955 6952 6956 6955 6956 6959 6960 6962 6961 6960 6963 6962 6964 6965 6966 6964 6966 6967 6960 6961 6965 6960 6965 6964 6961 6962 6966 6961 6966 6965 6962 6963 6967 6962 6967 6966 6963 6960 6964 6963 6964 6967 6968 6970 6969 6968 6971 6970 6972 6973 6974 6972 6974 6975 6968 6969 6973 6968 6973 6972 6969 6970 6974 6969 6974 6973 6970 6971 6975 6970 6975 6974 6971 6968 6972 6971 6972 6975 6976 6978 6977 6976 6979 6978 6980 6981 6982 6980 6982 6983 6976 6977 6981 6976 6981 6980 6977 6978 6982 6977 6982 6981 6978 6979 6983 6978 6983 6982 6979 6976 6980 6979 6980 6983 6984 6986 6985 6984 6987 6986 6988 6989 6990 6988 6990 6991 6984 6985 6989 6984 6989 6988 6985 6986 6990 6985 6990 6989 6986 6987 6991 6986 6991 6990 6987 6984 6988 6987 6988 6991 6992 6994 6993 6992 6995 6994 6996 6997 6998 6996 6998 6999 6992 6993 6997 6992 6997 6996 6993 6994 6998 6993 6998 6997 6994 6995 6999 6994 6999 6998 6995 6992 6996 6995 6996 6999 7000 7002 7001 7000 7003 7002 7004 7005 7006 7004 7006 7007 7000 7001 7005 7000 7005 7004 7001 7002 7006 7001 7006 7005 7002 7003 7007 7002 7007 7006 7003 7000 7004 7003 7004 7007 7008 7010 7009 7008 7011 7010 7012 7013 7014 7012 7014 7015 7008 7009 7013 7008 7013 7012 7009 7010 7014 7009 7014 7013 7010 7011 7015 7010 7015 7014 7011 7008 7012 7011 7012 7015 7016 7018 7017 7016 7019 7018 7020 7021 7022 7020 7022 7023 7016 7017 7021 7016 7021 7020 7017 7018 7022 7017 7022 7021 7018 7019 7023 7018 7023 7022 7019 7016 7020 7019 7020 7023 7024 7026 7025 7024 7027 7026 7028 7029 7030 7028 7030 7031 7024 7025 7029 7024 7029 7028 7025 7026 7030 7025 7030 7029 7026 7027 7031 7026 7031 7030 7027 7024 7028 7027 7028 7031 7032 7034 7033 7032 7035 7034 7036 7037 7038 7036 7038 7039 7032 7033 7037 7032 7037 7036 7033 7034 7038 7033 7038 7037 7034 7035 7039 7034 7039 7038 7035 7032 7036 7035 7036 7039 7040 7042 7041 7040 7043 7042 7044 7045 7046 7044 7046 7047 7040 7041 7045 7040 7045 7044 7041 7042 7046 7041 7046 7045 7042 7043 7047 7042 7047 7046 7043 7040 7044 7043 7044 7047 7048 7050 7049 7048 7051 7050 7052 7053 7054 7052 7054 7055 7048 7049 7053 7048 7053 7052 7049 7050 7054 7049 7054 7053 7050 7051 7055 7050 7055 7054 7051 7048 7052 7051 7052 7055 7056 7058 7057 7056 7059 7058 7060 7061 7062 7060 7062 7063 7056 7057 7061 7056 7061 7060 7057 7058 7062 7057 7062 7061 7058 7059 7063 7058 7063 7062 7059 7056 7060 7059 7060 7063 7064 7066 7065 7064 7067 7066 7068 7069 7070 7068 7070 7071 7064 7065 7069 7064 7069 7068 7065 7066 7070 7065 7070 7069 7066 7067 7071 7066 7071 7070 7067 7064 7068 7067 7068 7071 7072 7074 7073 7072 7075 7074 7076 7077 7078 7076 7078 7079 7072 7073 7077 7072 7077 7076 7073 7074 7078 7073 7078 7077 7074 7075 7079 7074 7079 7078 7075 7072 7076 7075 7076 7079 7080 7082 7081 7080 7083 7082 7084 7085 7086 7084 7086 7087 7080 7081 7085 7080 7085 7084 7081 7082 7086 7081 7086 7085 7082 7083 7087 7082 7087 7086 7083 7080 7084 7083 7084 7087 7088 7090 7089 7088 7091 7090 7092 7093 7094 7092 7094 7095 7088 7089 7093 7088 7093 7092 7089 7090 7094 7089 7094 7093 7090 7091 7095 7090 7095 7094 7091 7088 7092 7091 7092 7095 7096 7098 7097 7096 7099 7098 7100 7101 7102 7100 7102 7103 7096 7097 7101 7096 7101 7100 7097 7098 7102 7097 7102 7101 7098 7099 7103 7098 7103 7102 7099 7096 7100 7099 7100 7103 7104 7106 7105 7104 7107 7106 7108 7109 7110 7108 7110 7111 7104 7105 7109 7104 7109 7108 7105 7106 7110 7105 7110 7109 7106 7107 7111 7106 7111 7110 7107 7104 7108 7107 7108 7111 7112 7114 7113 7112 7115 7114 7116 7117 7118 7116 7118 7119 7112 7113 7117 7112 7117 7116 7113 7114 7118 7113 7118 7117 7114 7115 7119 7114 7119 7118 7115 7112 7116 7115 7116 7119 7120 7122 7121 7120 7123 7122 7124 7125 7126 7124 7126 7127 7120 7121 7125 7120 7125 7124 7121 7122 7126 7121 7126 7125 7122 7123 7127 7122 7127 7126 7123 7120 7124 7123 7124 7127 7128 7130 7129 7128 7131 7130 7132 7133 7134 7132 7134 7135 7128 7129 7133 7128 7133 7132 7129 7130 7134 7129 7134 7133 7130 7131 7135 7130 7135 7134 7131 7128 7132 7131 7132 7135 7136 7138 7137 7136 7139 7138 7140 7141 7142 7140 7142 7143 7136 7137 7141 7136 7141 7140 7137 7138 7142 7137 7142 7141 7138 7139 7143 7138 7143 7142 7139 7136 7140 7139 7140 7143 7144 7146 7145 7144 7147 7146 7148 7149 7150 7148 7150 7151 7144 7145 7149 7144 7149 7148 7145 7146 7150 7145 7150 7149 7146 7147 7151 7146 7151 7150 7147 7144 7148 7147 7148 7151 7152 7154 7153 7152 7155 7154 7156 7157 7158 7156 7158 7159 7152 7153 7157 7152 7157 7156 7153 7154 7158 7153 7158 7157 7154 7155 7159 7154 7159 7158 7155 7152 7156 7155 7156 7159 7160 7162 7161 7160 7163 7162 7164 7165 7166 7164 7166 7167 7160 7161 7165 7160 7165 7164 7161 7162 7166 7161 7166 7165 7162 7163 7167 7162 7167 7166 7163 7160 7164 7163 7164 7167 7168 7170 7169 7168 7171 7170 7172 7173 7174 7172 7174 7175 7168 7169 7173 7168 7173 7172 7169 7170 7174 7169 7174 7173 7170 7171 7175 7170 7175 7174 7171 7168 7172 7171 7172 7175 7176 7178 7177 7176 7179 7178 7180 7181 7182 7180 7182 7183 7176 7177 7181 7176 7181 7180 7177 7178 7182 7177 7182 7181 7178 7179 7183 7178 7183 7182 7179 7176 7180 7179 7180 7183 7184 7186 7185 7184 7187 7186 7188 7189 7190 7188 7190 7191 7184 7185 7189 7184 7189 7188 7185 7186 7190 7185 7190 7189 7186 7187 7191 7186 7191 7190 7187 7184 7188 7187 7188 7191 7192 7194 7193 7192 7195 7194 7196 7197 7198 7196 7198 7199 7192 7193 7197 7192 7197 7196 7193 7194 7198 7193 7198 7197 7194 7195 7199 7194 7199 7198 7195 7192 7196 7195 7196 7199 7200 7202 7201 7200 7203 7202 7204 7205 7206 7204 7206 7207 7200 7201 7205 7200 7205 7204 7201 7202 7206 7201 7206 7205 7202 7203 7207 7202 7207 7206 7203 7200 7204 7203 7204 7207 7208 7210 7209 7208 7211 7210 7212 7213 7214 7212 7214 7215 7208 7209 7213 7208 7213 7212 7209 7210 7214 7209 7214 7213 7210 7211 7215 7210 7215 7214 7211 7208 7212 7211 7212 7215 7216 7218 7217 7216 7219 7218 7220 7221 7222 7220 7222 7223 7216 7217 7221 7216 7221 7220 7217 7218 7222 7217 7222 7221 7218 7219 7223 7218 7223 7222 7219 7216 7220 7219 7220 7223 7224 7226 7225 7224 7227 7226 7228 7229 7230 7228 7230 7231 7224 7225 7229 7224 7229 7228 7225 7226 7230 7225 7230 7229 7226 7227 7231 7226 7231 7230 7227 7224 7228 7227 7228 7231 7232 7234 7233 7232 7235 7234 7236 7237 7238 7236 7238 7239 7232 7233 7237 7232 7237 7236 7233 7234 7238 7233 7238 7237 7234 7235 7239 7234 7239 7238 7235 7232 7236 7235 7236 7239 7240 7242 7241 7240 7243 7242 7244 7245 7246 7244 7246 7247 7240 7241 7245 7240 7245 7244 7241 7242 7246 7241 7246 7245 7242 7243 7247 7242 7247 7246 7243 7240 7244 7243 7244 7247 7248 7250 7249 7248 7251 7250 7252 7253 7254 7252 7254 7255 7248 7249 7253 7248 7253 7252 7249 7250 7254 7249 7254 7253 7250 7251 7255 7250 7255 7254 7251 7248 7252 7251 7252 7255 7256 7258 7257 7256 7259 7258 7260 7261 7262 7260 7262 7263 7256 7257 7261 7256 7261 7260 7257 7258 7262 7257 7262 7261 7258 7259 7263 7258 7263 7262 7259 7256 7260 7259 7260 7263 7264 7266 7265 7264 7267 7266 7268 7269 7270 7268 7270 7271 7264 7265 7269 7264 7269 7268 7265 7266 7270 7265 7270 7269 7266 7267 7271 7266 7271 7270 7267 7264 7268 7267 7268 7271 7272 7274 7273 7272 7275 7274 7276 7277 7278 7276 7278 7279 7272 7273 7277 7272 7277 7276 7273 7274 7278 7273 7278 7277 7274 7275 7279 7274 7279 7278 7275 7272 7276 7275 7276 7279 7280 7282 7281 7280 7283 7282 7284 7285 7286 7284 7286 7287 7280 7281 7285 7280 7285 7284 7281 7282 7286 7281 7286 7285 7282 7283 7287 7282 7287 7286 7283 7280 7284 7283 7284 7287 7288 7290 7289 7288 7291 7290 7292 7293 7294 7292 7294 7295 7288 7289 7293 7288 7293 7292 7289 7290 7294 7289 7294 7293 7290 7291 7295 7290 7295 7294 7291 7288 7292 7291 7292 7295 7296 7298 7297 7296 7299 7298 7300 7301 7302 7300 7302 7303 7296 7297 7301 7296 7301 7300 7297 7298 7302 7297 7302 7301 7298 7299 7303 7298 7303 7302 7299 7296 7300 7299 7300 7303 7304 7306 7305 7304 7307 7306 7308 7309 7310 7308 7310 7311 7304 7305 7309 7304 7309 7308 7305 7306 7310 7305 7310 7309 7306 7307 7311 7306 7311 7310 7307 7304 7308 7307 7308 7311 7312 7314 7313 7312 7315 7314 7316 7317 7318 7316 7318 7319 7312 7313 7317 7312 7317 7316 7313 7314 7318 7313 7318 7317 7314 7315 7319 7314 7319 7318 7315 7312 7316 7315 7316 7319 7320 7322 7321 7320 7323 7322 7324 7325 7326 7324 7326 7327 7320 7321 7325 7320 7325 7324 7321 7322 7326 7321 7326 7325 7322 7323 7327 7322 7327 7326 7323 7320 7324 7323 7324 7327 7328 7330 7329 7328 7331 7330 7332 7333 7334 7332 7334 7335 7328 7329 7333 7328 7333 7332 7329 7330 7334 7329 7334 7333 7330 7331 7335 7330 7335 7334 7331 7328 7332 7331 7332 7335 7336 7338 7337 7336 7339 7338 7340 7341 7342 7340 7342 7343 7336 7337 7341 7336 7341 7340 7337 7338 7342 7337 7342 7341 7338 7339 7343 7338 7343 7342 7339 7336 7340 7339 7340 7343 7344 7346 7345 7344 7347 7346 7348 7349 7350 7348 7350 7351 7344 7345 7349 7344 7349 7348 7345 7346 7350 7345 7350 7349 7346 7347 7351 7346 7351 7350 7347 7344 7348 7347 7348 7351 7352 7354 7353 7352 7355 7354 7356 7357 7358 7356 7358 7359 7352 7353 7357 7352 7357 7356 7353 7354 7358 7353 7358 7357 7354 7355 7359 7354 7359 7358 7355 7352 7356 7355 7356 7359 7360 7362 7361 7360 7363 7362 7364 7365 7366 7364 7366 7367 7360 7361 7365 7360 7365 7364 7361 7362 7366 7361 7366 7365 7362 7363 7367 7362 7367 7366 7363 7360 7364 7363 7364 7367 7368 7370 7369 7368 7371 7370 7372 7373 7374 7372 7374 7375 7368 7369 7373 7368 7373 7372 7369 7370 7374 7369 7374 7373 7370 7371 7375 7370 7375 7374 7371 7368 7372 7371 7372 7375 7376 7378 7377 7376 7379 7378 7380 7381 7382 7380 7382 7383 7376 7377 7381 7376 7381 7380 7377 7378 7382 7377 7382 7381 7378 7379 7383 7378 7383 7382 7379 7376 7380 7379 7380 7383 7384 7386 7385 7384 7387 7386 7388 7389 7390 7388 7390 7391 7384 7385 7389 7384 7389 7388 7385 7386 7390 7385 7390 7389 7386 7387 7391 7386 7391 7390 7387 7384 7388 7387 7388 7391 7392 7394 7393 7392 7395 7394 7396 7397 7398 7396 7398 7399 7392 7393 7397 7392 7397 7396 7393 7394 7398 7393 7398 7397 7394 7395 7399 7394 7399 7398 7395 7392 7396 7395 7396 7399 7400 7402 7401 7400 7403 7402 7404 7405 7406 7404 7406 7407 7400 7401 7405 7400 7405 7404 7401 7402 7406 7401 7406 7405 7402 7403 7407 7402 7407 7406 7403 7400 7404 7403 7404 7407 7408 7410 7409 7408 7411 7410 7412 7413 7414 7412 7414 7415 7408 7409 7413 7408 7413 7412 7409 7410 7414 7409 7414 7413 7410 7411 7415 7410 7415 7414 7411 7408 7412 7411 7412 7415 7416 7418 7417 7416 7419 7418 7420 7421 7422 7420 7422 7423 7416 7417 7421 7416 7421 7420 7417 7418 7422 7417 7422 7421 7418 7419 7423 7418 7423 7422 7419 7416 7420 7419 7420 7423 7424 7426 7425 7424 7427 7426 7428 7429 7430 7428 7430 7431 7424 7425 7429 7424 7429 7428 7425 7426 7430 7425 7430 7429 7426 7427 7431 7426 7431 7430 7427 7424 7428 7427 7428 7431 7432 7434 7433 7432 7435 7434 7436 7437 7438 7436 7438 7439 7432 7433 7437 7432 7437 7436 7433 7434 7438 7433 7438 7437 7434 7435 7439 7434 7439 7438 7435 7432 7436 7435 7436 7439 7440 7442 7441 7440 7443 7442 7444 7445 7446 7444 7446 7447 7440 7441 7445 7440 7445 7444 7441 7442 7446 7441 7446 7445 7442 7443 7447 7442 7447 7446 7443 7440 7444 7443 7444 7447 7448 7450 7449 7448 7451 7450 7452 7453 7454 7452 7454 7455 7448 7449 7453 7448 7453 7452 7449 7450 7454 7449 7454 7453 7450 7451 7455 7450 7455 7454 7451 7448 7452 7451 7452 7455 7456 7458 7457 7456 7459 7458 7460 7461 7462 7460 7462 7463 7456 7457 7461 7456 7461 7460 7457 7458 7462 7457 7462 7461 7458 7459 7463 7458 7463 7462 7459 7456 7460 7459 7460 7463 7464 7466 7465 7464 7467 7466 7468 7469 7470 7468 7470 7471 7464 7465 7469 7464 7469 7468 7465 7466 7470 7465 7470 7469 7466 7467 7471 7466 7471 7470 7467 7464 7468 7467 7468 7471 7472 7474 7473 7472 7475 7474 7476 7477 7478 7476 7478 7479 7472 7473 7477 7472 7477 7476 7473 7474 7478 7473 7478 7477 7474 7475 7479 7474 7479 7478 7475 7472 7476 7475 7476 7479 7480 7482 7481 7480 7483 7482 7484 7485 7486 7484 7486 7487 7480 7481 7485 7480 7485 7484 7481 7482 7486 7481 7486 7485 7482 7483 7487 7482 7487 7486 7483 7480 7484 7483 7484 7487 7488 7490 7489 7488 7491 7490 7492 7493 7494 7492 7494 7495 7488 7489 7493 7488 7493 7492 7489 7490 7494 7489 7494 7493 7490 7491 7495 7490 7495 7494 7491 7488 7492 7491 7492 7495 7496 7498 7497 7496 7499 7498 7500 7501 7502 7500 7502 7503 7496 7497 7501 7496 7501 7500 7497 7498 7502 7497 7502 7501 7498 7499 7503 7498 7503 7502 7499 7496 7500 7499 7500 7503 7504 7506 7505 7504 7507 7506 7508 7509 7510 7508 7510 7511 7504 7505 7509 7504 7509 7508 7505 7506 7510 7505 7510 7509 7506 7507 7511 7506 7511 7510 7507 7504 7508 7507 7508 7511 7512 7514 7513 7512 7515 7514 7516 7517 7518 7516 7518 7519 7512 7513 7517 7512 7517 7516 7513 7514 7518 7513 7518 7517 7514 7515 7519 7514 7519 7518 7515 7512 7516 7515 7516 7519 7520 7522 7521 7520 7523 7522 7524 7525 7526 7524 7526 7527 7520 7521 7525 7520 7525 7524 7521 7522 7526 7521 7526 7525 7522 7523 7527 7522 7527 7526 7523 7520 7524 7523 7524 7527 7528 7530 7529 7528 7531 7530 7532 7533 7534 7532 7534 7535 7528 7529 7533 7528 7533 7532 7529 7530 7534 7529 7534 7533 7530 7531 7535 7530 7535 7534 7531 7528 7532 7531 7532 7535 7536 7538 7537 7536 7539 7538 7540 7541 7542 7540 7542 7543 7536 7537 7541 7536 7541 7540 7537 7538 7542 7537 7542 7541 7538 7539 7543 7538 7543 7542 7539 7536 7540 7539 7540 7543 7544 7546 7545 7544 7547 7546 7548 7549 7550 7548 7550 7551 7544 7545 7549 7544 7549 7548 7545 7546 7550 7545 7550 7549 7546 7547 7551 7546 7551 7550 7547 7544 7548 7547 7548 7551 7552 7554 7553 7552 7555 7554 7556 7557 7558 7556 7558 7559 7552 7553 7557 7552 7557 7556 7553 7554 7558 7553 7558 7557 7554 7555 7559 7554 7559 7558 7555 7552 7556 7555 7556 7559 7560 7562 7561 7560 7563 7562 7564 7565 7566 7564 7566 7567 7560 7561 7565 7560 7565 7564 7561 7562 7566 7561 7566 7565 7562 7563 7567 7562 7567 7566 7563 7560 7564 7563 7564 7567 7568 7570 7569 7568 7571 7570 7572 7573 7574 7572 7574 7575 7568 7569 7573 7568 7573 7572 7569 7570 7574 7569 7574 7573 7570 7571 7575 7570 7575 7574 7571 7568 7572 7571 7572 7575 7576 7578 7577 7576 7579 7578 7580 7581 7582 7580 7582 7583 7576 7577 7581 7576 7581 7580 7577 7578 7582 7577 7582 7581 7578 7579 7583 7578 7583 7582 7579 7576 7580 7579 7580 7583 7584 7586 7585 7584 7587 7586 7588 7589 7590 7588 7590 7591 7584 7585 7589 7584 7589 7588 7585 7586 7590 7585 7590 7589 7586 7587 7591 7586 7591 7590 7587 7584 7588 7587 7588 7591 7592 7594 7593 7592 7595 7594 7596 7597 7598 7596 7598 7599 7592 7593 7597 7592 7597 7596 7593 7594 7598 7593 7598 7597 7594 7595 7599 7594 7599 7598 7595 7592 7596 7595 7596 7599 7600 7602 7601 7600 7603 7602 7604 7605 7606 7604 7606 7607 7600 7601 7605 7600 7605 7604 7601 7602 7606 7601 7606 7605 7602 7603 7607 7602 7607 7606 7603 7600 7604 7603 7604 7607 7608 7610 7609 7608 7611 7610 7612 7613 7614 7612 7614 7615 7608 7609 7613 7608 7613 7612 7609 7610 7614 7609 7614 7613 7610 7611 7615 7610 7615 7614 7611 7608 7612 7611 7612 7615 7616 7618 7617 7616 7619 7618 7620 7621 7622 7620 7622 7623 7616 7617 7621 7616 7621 7620 7617 7618 7622 7617 7622 7621 7618 7619 7623 7618 7623 7622 7619 7616 7620 7619 7620 7623 7624 7626 7625 7624 7627 7626 7628 7629 7630 7628 7630 7631 7624 7625 7629 7624 7629 7628 7625 7626 7630 7625 7630 7629 7626 7627 7631 7626 7631 7630 7627 7624 7628 7627 7628 7631 7632 7634 7633 7632 7635 7634 7636 7637 7638 7636 7638 7639 7632 7633 7637 7632 7637 7636 7633 7634 7638 7633 7638 7637 7634 7635 7639 7634 7639 7638 7635 7632 7636 7635 7636 7639 7640 7642 7641 7640 7643 7642 7644 7645 7646 7644 7646 7647 7640 7641 7645 7640 7645 7644 7641 7642 7646 7641 7646 7645 7642 7643 7647 7642 7647 7646 7643 7640 7644 7643 7644 7647 7648 7650 7649 7648 7651 7650 7652 7653 7654 7652 7654 7655 7648 7649 7653 7648 7653 7652 7649 7650 7654 7649 7654 7653 7650 7651 7655 7650 7655 7654 7651 7648 7652 7651 7652 7655 7656 7658 7657 7656 7659 7658 7660 7661 7662 7660 7662 7663 7656 7657 7661 7656 7661 7660 7657 7658 7662 7657 7662 7661 7658 7659 7663 7658 7663 7662 7659 7656 7660 7659 7660 7663 7664 7666 7665 7664 7667 7666 7668 7669 7670 7668 7670 7671 7664 7665 7669 7664 7669 7668 7665 7666 7670 7665 7670 7669 7666 7667 7671 7666 7671 7670 7667 7664 7668 7667 7668 7671 7672 7674 7673 7672 7675 7674 7676 7677 7678 7676 7678 7679 7672 7673 7677 7672 7677 7676 7673 7674 7678 7673 7678 7677 7674 7675 7679 7674 7679 7678 7675 7672 7676 7675 7676 7679 7680 7682 7681 7680 7683 7682 7684 7685 7686 7684 7686 7687 7680 7681 7685 7680 7685 7684 7681 7682 7686 7681 7686 7685 7682 7683 7687 7682 7687 7686 7683 7680 7684 7683 7684 7687 7688 7690 7689 7688 7691 7690 7692 7693 7694 7692 7694 7695 7688 7689 7693 7688 7693 7692 7689 7690 7694 7689 7694 7693 7690 7691 7695 7690 7695 7694 7691 7688 7692 7691 7692 7695 7696 7698 7697 7696 7699 7698 7700 7701 7702 7700 7702 7703 7696 7697 7701 7696 7701 7700 7697 7698 7702 7697 7702 7701 7698 7699 7703 7698 7703 7702 7699 7696 7700 7699 7700 7703 7704 7706 7705 7704 7707 7706 7708 7709 7710 7708 7710 7711 7704 7705 7709 7704 7709 7708 7705 7706 7710 7705 7710 7709 7706 7707 7711 7706 7711 7710 7707 7704 7708 7707 7708 7711 7712 7714 7713 7712 7715 7714 7716 7717 7718 7716 7718 7719 7712 7713 7717 7712 7717 7716 7713 7714 7718 7713 7718 7717 7714 7715 7719 7714 7719 7718 7715 7712 7716 7715 7716 7719 7720 7722 7721 7720 7723 7722 7724 7725 7726 7724 7726 7727 7720 7721 7725 7720 7725 7724 7721 7722 7726 7721 7726 7725 7722 7723 7727 7722 7727 7726 7723 7720 7724 7723 7724 7727 7728 7730 7729 7728 7731 7730 7732 7733 7734 7732 7734 7735 7728 7729 7733 7728 7733 7732 7729 7730 7734 7729 7734 7733 7730 7731 7735 7730 7735 7734 7731 7728 7732 7731 7732 7735 7736 7738 7737 7736 7739 7738 7740 7741 7742 7740 7742 7743 7736 7737 7741 7736 7741 7740 7737 7738 7742 7737 7742 7741 7738 7739 7743 7738 7743 7742 7739 7736 7740 7739 7740 7743 7744 7746 7745 7744 7747 7746 7748 7749 7750 7748 7750 7751 7744 7745 7749 7744 7749 7748 7745 7746 7750 7745 7750 7749 7746 7747 7751 7746 7751 7750 7747 7744 7748 7747 7748 7751 7752 7754 7753 7752 7755 7754 7756 7757 7758 7756 7758 7759 7752 7753 7757 7752 7757 7756 7753 7754 7758 7753 7758 7757 7754 7755 7759 7754 7759 7758 7755 7752 7756 7755 7756 7759 7760 7762 7761 7760 7763 7762 7764 7765 7766 7764 7766 7767 7760 7761 7765 7760 7765 7764 7761 7762 7766 7761 7766 7765 7762 7763 7767 7762 7767 7766 7763 7760 7764 7763 7764 7767 7768 7770 7769 7768 7771 7770 7772 7773 7774 7772 7774 7775 7768 7769 7773 7768 7773 7772 7769 7770 7774 7769 7774 7773 7770 7771 7775 7770 7775 7774 7771 7768 7772 7771 7772 7775 7776 7778 7777 7776 7779 7778 7780 7781 7782 7780 7782 7783 7776 7777 7781 7776 7781 7780 7777 7778 7782 7777 7782 7781 7778 7779 7783 7778 7783 7782 7779 7776 7780 7779 7780 7783 7784 7786 7785 7784 7787 7786 7788 7789 7790 7788 7790 7791 7784 7785 7789 7784 7789 7788 7785 7786 7790 7785 7790 7789 7786 7787 7791 7786 7791 7790 7787 7784 7788 7787 7788 7791 7792 7794 7793 7792 7795 7794 7796 7797 7798 7796 7798 7799 7792 7793 7797 7792 7797 7796 7793 7794 7798 7793 7798 7797 7794 7795 7799 7794 7799 7798 7795 7792 7796 7795 7796 7799 7800 7802 7801 7800 7803 7802 7804 7805 7806 7804 7806 7807 7800 7801 7805 7800 7805 7804 7801 7802 7806 7801 7806 7805 7802 7803 7807 7802 7807 7806 7803 7800 7804 7803 7804 7807 7808 7810 7809 7808 7811 7810 7812 7813 7814 7812 7814 7815 7808 7809 7813 7808 7813 7812 7809 7810 7814 7809 7814 7813 7810 7811 7815 7810 7815 7814 7811 7808 7812 7811 7812 7815 7816 7818 7817 7816 7819 7818 7820 7821 7822 7820 7822 7823 7816 7817 7821 7816 7821 7820 7817 7818 7822 7817 7822 7821 7818 7819 7823 7818 7823 7822 7819 7816 7820 7819 7820 7823 7824 7826 7825 7824 7827 7826 7828 7829 7830 7828 7830 7831 7824 7825 7829 7824 7829 7828 7825 7826 7830 7825 7830 7829 7826 7827 7831 7826 7831 7830 7827 7824 7828 7827 7828 7831 7832 7834 7833 7832 7835 7834 7836 7837 7838 7836 7838 7839 7832 7833 7837 7832 7837 7836 7833 7834 7838 7833 7838 7837 7834 7835 7839 7834 7839 7838 7835 7832 7836 7835 7836 7839 7840 7842 7841 7840 7843 7842 7844 7845 7846 7844 7846 7847 7840 7841 7845 7840 7845 7844 7841 7842 7846 7841 7846 7845 7842 7843 7847 7842 7847 7846 7843 7840 7844 7843 7844 7847 7848 7850 7849 7848 7851 7850 7852 7853 7854 7852 7854 7855 7848 7849 7853 7848 7853 7852 7849 7850 7854 7849 7854 7853 7850 7851 7855 7850 7855 7854 7851 7848 7852 7851 7852 7855 7856 7858 7857 7856 7859 7858 7860 7861 7862 7860 7862 7863 7856 7857 7861 7856 7861 7860 7857 7858 7862 7857 7862 7861 7858 7859 7863 7858 7863 7862 7859 7856 7860 7859 7860 7863 7864 7866 7865 7864 7867 7866 7868 7869 7870 7868 7870 7871 7864 7865 7869 7864 7869 7868 7865 7866 7870 7865 7870 7869 7866 7867 7871 7866 7871 7870 7867 7864 7868 7867 7868 7871 7872 7874 7873 7872 7875 7874 7876 7877 7878 7876 7878 7879 7872 7873 7877 7872 7877 7876 7873 7874 7878 7873 7878 7877 7874 7875 7879 7874 7879 7878 7875 7872 7876 7875 7876 7879 7880 7882 7881 7880 7883 7882 7884 7885 7886 7884 7886 7887 7880 7881 7885 7880 7885 7884 7881 7882 7886 7881 7886 7885 7882 7883 7887 7882 7887 7886 7883 7880 7884 7883 7884 7887 7888 7890 7889 7888 7891 7890 7892 7893 7894 7892 7894 7895 7888 7889 7893 7888 7893 7892 7889 7890 7894 7889 7894 7893 7890 7891 7895 7890 7895 7894 7891 7888 7892 7891 7892 7895 7896 7898 7897 7896 7899 7898 7900 7901 7902 7900 7902 7903 7896 7897 7901 7896 7901 7900 7897 7898 7902 7897 7902 7901 7898 7899 7903 7898 7903 7902 7899 7896 7900 7899 7900 7903 7904 7906 7905 7904 7907 7906 7908 7909 7910 7908 7910 7911 7904 7905 7909 7904 7909 7908 7905 7906 7910 7905 7910 7909 7906 7907 7911 7906 7911 7910 7907 7904 7908 7907 7908 7911 7912 7914 7913 7912 7915 7914 7916 7917 7918 7916 7918 7919 7912 7913 7917 7912 7917 7916 7913 7914 7918 7913 7918 7917 7914 7915 7919 7914 7919 7918 7915 7912 7916 7915 7916 7919 7920 7922 7921 7920 7923 7922 7924 7925 7926 7924 7926 7927 7920 7921 7925 7920 7925 7924 7921 7922 7926 7921 7926 7925 7922 7923 7927 7922 7927 7926 7923 7920 7924 7923 7924 7927 7928 7930 7929 7928 7931 7930 7932 7933 7934 7932 7934 7935 7928 7929 7933 7928 7933 7932 7929 7930 7934 7929 7934 7933 7930 7931 7935 7930 7935 7934 7931 7928 7932 7931 7932 7935 7936 7938 7937 7936 7939 7938 7940 7941 7942 7940 7942 7943 7936 7937 7941 7936 7941 7940 7937 7938 7942 7937 7942 7941 7938 7939 7943 7938 7943 7942 7939 7936 7940 7939 7940 7943 7944 7946 7945 7944 7947 7946 7948 7949 7950 7948 7950 7951 7944 7945 7949 7944 7949 7948 7945 7946 7950 7945 7950 7949 7946 7947 7951 7946 7951 7950 7947 7944 7948 7947 7948 7951 7952 7954 7953 7952 7955 7954 7956 7957 7958 7956 7958 7959 7952 7953 7957 7952 7957 7956 7953 7954 7958 7953 7958 7957 7954 7955 7959 7954 7959 7958 7955 7952 7956 7955 7956 7959 7960 7962 7961 7960 7963 7962 7964 7965 7966 7964 7966 7967 7960 7961 7965 7960 7965 7964 7961 7962 7966 7961 7966 7965 7962 7963 7967 7962 7967 7966 7963 7960 7964 7963 7964 7967 7968 7970 7969 7968 7971 7970 7972 7973 7974 7972 7974 7975 7968 7969 7973 7968 7973 7972 7969 7970 7974 7969 7974 7973 7970 7971 7975 7970 7975 7974 7971 7968 7972 7971 7972 7975 7976 7978 7977 7976 7979 7978 7980 7981 7982 7980 7982 7983 7976 7977 7981 7976 7981 7980 7977 7978 7982 7977 7982 7981 7978 7979 7983 7978 7983 7982 7979 7976 7980 7979 7980 7983 7984 7986 7985 7984 7987 7986 7988 7989 7990 7988 7990 7991 7984 7985 7989 7984 7989 7988 7985 7986 7990 7985 7990 7989 7986 7987 7991 7986 7991 7990 7987 7984 7988 7987 7988 7991 7992 7994 7993 7992 7995 7994 7996 7997 7998 7996 7998 7999 7992 7993 7997 7992 7997 7996 7993 7994 7998 7993 7998 7997 7994 7995 7999 7994 7999 7998 7995 7992 7996 7995 7996 7999 8000 8002 8001 8000 8003 8002 8004 8005 8006 8004 8006 8007 8000 8001 8005 8000 8005 8004 8001 8002 8006 8001 8006 8005 8002 8003 8007 8002 8007 8006 8003 8000 8004 8003 8004 8007 8008 8010 8009 8008 8011 8010 8012 8013 8014 8012 8014 8015 8008 8009 8013 8008 8013 8012 8009 8010 8014 8009 8014 8013 8010 8011 8015 8010 8015 8014 8011 8008 8012 8011 8012 8015 8016 8018 8017 8016 8019 8018 8020 8021 8022 8020 8022 8023 8016 8017 8021 8016 8021 8020 8017 8018 8022 8017 8022 8021 8018 8019 8023 8018 8023 8022 8019 8016 8020 8019 8020 8023 8024 8026 8025 8024 8027 8026 8028 8029 8030 8028 8030 8031 8024 8025 8029 8024 8029 8028 8025 8026 8030 8025 8030 8029 8026 8027 8031 8026 8031 8030 8027 8024 8028 8027 8028 8031 8032 8034 8033 8032 8035 8034 8036 8037 8038 8036 8038 8039 8032 8033 8037 8032 8037 8036 8033 8034 8038 8033 8038 8037 8034 8035 8039 8034 8039 8038 8035 8032 8036 8035 8036 8039 8040 8042 8041 8040 8043 8042 8044 8045 8046 8044 8046 8047 8040 8041 8045 8040 8045 8044 8041 8042 8046 8041 8046 8045 8042 8043 8047 8042 8047 8046 8043 8040 8044 8043 8044 8047 8048 8050 8049 8048 8051 8050 8052 8053 8054 8052 8054 8055 8048 8049 8053 8048 8053 8052 8049 8050 8054 8049 8054 8053 8050 8051 8055 8050 8055 8054 8051 8048 8052 8051 8052 8055 8056 8058 8057 8056 8059 8058 8060 8061 8062 8060 8062 8063 8056 8057 8061 8056 8061 8060 8057 8058 8062 8057 8062 8061 8058 8059 8063 8058 8063 8062 8059 8056 8060 8059 8060 8063 8064 8066 8065 8064 8067 8066 8068 8069 8070 8068 8070 8071 8064 8065 8069 8064 8069 8068 8065 8066 8070 8065 8070 8069 8066 8067 8071 8066 8071 8070 8067 8064 8068 8067 8068 8071 8072 8074 8073 8072 8075 8074 8076 8077 8078 8076 8078 8079 8072 8073 8077 8072 8077 8076 8073 8074 8078 8073 8078 8077 8074 8075 8079 8074 8079 8078 8075 8072 8076 8075 8076 8079 8080 8082 8081 8080 8083 8082 8084 8085 8086 8084 8086 8087 8080 8081 8085 8080 8085 8084 8081 8082 8086 8081 8086 8085 8082 8083 8087 8082 8087 8086 8083 8080 8084 8083 8084 8087 8088 8090 8089 8088 8091 8090 8092 8093 8094 8092 8094 8095 8088 8089 8093 8088 8093 8092 8089 8090 8094 8089 8094 8093 8090 8091 8095 8090 8095 8094 8091 8088 8092 8091 8092 8095 8096 8098 8097 8096 8099 8098 8100 8101 8102 8100 8102 8103 8096 8097 8101 8096 8101 8100 8097 8098 8102 8097 8102 8101 8098 8099 8103 8098 8103 8102 8099 8096 8100 8099 8100 8103 8104 8106 8105 8104 8107 8106 8108 8109 8110 8108 8110 8111 8104 8105 8109 8104 8109 8108 8105 8106 8110 8105 8110 8109 8106 8107 8111 8106 8111 8110 8107 8104 8108 8107 8108 8111 8112 8114 8113 8112 8115 8114 8116 8117 8118 8116 8118 8119 8112 8113 8117 8112 8117 8116 8113 8114 8118 8113 8118 8117 8114 8115 8119 8114 8119 8118 8115 8112 8116 8115 8116 8119 8120 8122 8121 8120 8123 8122 8124 8125 8126 8124 8126 8127 8120 8121 8125 8120 8125 8124 8121 8122 8126 8121 8126 8125 8122 8123 8127 8122 8127 8126 8123 8120 8124 8123 8124 8127 8128 8130 8129 8128 8131 8130 8132 8133 8134 8132 8134 8135 8128 8129 8133 8128 8133 8132 8129 8130 8134 8129 8134 8133 8130 8131 8135 8130 8135 8134 8131 8128 8132 8131 8132 8135 8136 8138 8137 8136 8139 8138 8140 8141 8142 8140 8142 8143 8136 8137 8141 8136 8141 8140 8137 8138 8142 8137 8142 8141 8138 8139 8143 8138 8143 8142 8139 8136 8140 8139 8140 8143 8144 8146 8145 8144 8147 8146 8148 8149 8150 8148 8150 8151 8144 8145 8149 8144 8149 8148 8145 8146 8150 8145 8150 8149 8146 8147 8151 8146 8151 8150 8147 8144 8148 8147 8148 8151 8152 8154 8153 8152 8155 8154 8156 8157 8158 8156 8158 8159 8152 8153 8157 8152 8157 8156 8153 8154 8158 8153 8158 8157 8154 8155 8159 8154 8159 8158 8155 8152 8156 8155 8156 8159 8160 8162 8161 8160 8163 8162 8164 8165 8166 8164 8166 8167 8160 8161 8165 8160 8165 8164 8161 8162 8166 8161 8166 8165 8162 8163 8167 8162 8167 8166 8163 8160 8164 8163 8164 8167 8168 8170 8169 8168 8171 8170 8172 8173 8174 8172 8174 8175 8168 8169 8173 8168 8173 8172 8169 8170 8174 8169 8174 8173 8170 8171 8175 8170 8175 8174 8171 8168 8172 8171 8172 8175 8176 8178 8177 8176 8179 8178 8180 8181 8182 8180 8182 8183 8176 8177 8181 8176 8181 8180 8177 8178 8182 8177 8182 8181 8178 8179 8183 8178 8183 8182 8179 8176 8180 8179 8180 8183 8184 8186 8185 8184 8187 8186 8188 8189 8190 8188 8190 8191 8184 8185 8189 8184 8189 8188 8185 8186 8190 8185 8190 8189 8186 8187 8191 8186 8191 8190 8187 8184 8188 8187 8188 8191 8192 8194 8193 8192 8195 8194 8196 8197 8198 8196 8198 8199 8192 8193 8197 8192 8197 8196 8193 8194 8198 8193 8198 8197 8194 8195 8199 8194 8199 8198 8195 8192 8196 8195 8196 8199 8200 8202 8201 8200 8203 8202 8204 8205 8206 8204 8206 8207 8200 8201 8205 8200 8205 8204 8201 8202 8206 8201 8206 8205 8202 8203 8207 8202 8207 8206 8203 8200 8204 8203 8204 8207 8208 8210 8209 8208 8211 8210 8212 8213 8214 8212 8214 8215 8208 8209 8213 8208 8213 8212 8209 8210 8214 8209 8214 8213 8210 8211 8215 8210 8215 8214 8211 8208 8212 8211 8212 8215 8216 8218 8217 8216 8219 8218 8220 8221 8222 8220 8222 8223 8216 8217 8221 8216 8221 8220 8217 8218 8222 8217 8222 8221 8218 8219 8223 8218 8223 8222 8219 8216 8220 8219 8220 8223 8224 8226 8225 8224 8227 8226 8228 8229 8230 8228 8230 8231 8224 8225 8229 8224 8229 8228 8225 8226 8230 8225 8230 8229 8226 8227 8231 8226 8231 8230 8227 8224 8228 8227 8228 8231 8232 8234 8233 8232 8235 8234 8236 8237 8238 8236 8238 8239 8232 8233 8237 8232 8237 8236 8233 8234 8238 8233 8238 8237 8234 8235 8239 8234 8239 8238 8235 8232 8236 8235 8236 8239 8240 8242 8241 8240 8243 8242 8244 8245 8246 8244 8246 8247 8240 8241 8245 8240 8245 8244 8241 8242 8246 8241 8246 8245 8242 8243 8247 8242 8247 8246 8243 8240 8244 8243 8244 8247 8248 8250 8249 8248 8251 8250 8252 8253 8254 8252 8254 8255 8248 8249 8253 8248 8253 8252 8249 8250 8254 8249 8254 8253 8250 8251 8255 8250 8255 8254 8251 8248 8252 8251 8252 8255 8256 8258 8257 8256 8259 8258 8260 8261 8262 8260 8262 8263 8256 8257 8261 8256 8261 8260 8257 8258 8262 8257 8262 8261 8258 8259 8263 8258 8263 8262 8259 8256 8260 8259 8260 8263 8264 8266 8265 8264 8267 8266 8268 8269 8270 8268 8270 8271 8264 8265 8269 8264 8269 8268 8265 8266 8270 8265 8270 8269 8266 8267 8271 8266 8271 8270 8267 8264 8268 8267 8268 8271 8272 8274 8273 8272 8275 8274 8276 8277 8278 8276 8278 8279 8272 8273 8277 8272 8277 8276 8273 8274 8278 8273 8278 8277 8274 8275 8279 8274 8279 8278 8275 8272 8276 8275 8276 8279 8280 8282 8281 8280 8283 8282 8284 8285 8286 8284 8286 8287 8280 8281 8285 8280 8285 8284 8281 8282 8286 8281 8286 8285 8282 8283 8287 8282 8287 8286 8283 8280 8284 8283 8284 8287 8288 8290 8289 8288 8291 8290 8292 8293 8294 8292 8294 8295 8288 8289 8293 8288 8293 8292 8289 8290 8294 8289 8294 8293 8290 8291 8295 8290 8295 8294 8291 8288 8292 8291 8292 8295 8296 8298 8297 8296 8299 8298 8300 8301 8302 8300 8302 8303 8296 8297 8301 8296 8301 8300 8297 8298 8302 8297 8302 8301 8298 8299 8303 8298 8303 8302 8299 8296 8300 8299 8300 8303 8304 8306 8305 8304 8307 8306 8308 8309 8310 8308 8310 8311 8304 8305 8309 8304 8309 8308 8305 8306 8310 8305 8310 8309 8306 8307 8311 8306 8311 8310 8307 8304 8308 8307 8308 8311 8312 8314 8313 8312 8315 8314 8316 8317 8318 8316 8318 8319 8312 8313 8317 8312 8317 8316 8313 8314 8318 8313 8318 8317 8314 8315 8319 8314 8319 8318 8315 8312 8316 8315 8316 8319 8320 8322 8321 8320 8323 8322 8324 8325 8326 8324 8326 8327 8320 8321 8325 8320 8325 8324 8321 8322 8326 8321 8326 8325 8322 8323 8327 8322 8327 8326 8323 8320 8324 8323 8324 8327 8328 8330 8329 8328 8331 8330 8332 8333 8334 8332 8334 8335 8328 8329 8333 8328 8333 8332 8329 8330 8334 8329 8334 8333 8330 8331 8335 8330 8335 8334 8331 8328 8332 8331 8332 8335 8336 8338 8337 8336 8339 8338 8340 8341 8342 8340 8342 8343 8336 8337 8341 8336 8341 8340 8337 8338 8342 8337 8342 8341 8338 8339 8343 8338 8343 8342 8339 8336 8340 8339 8340 8343 8344 8346 8345 8344 8347 8346 8348 8349 8350 8348 8350 8351 8344 8345 8349 8344 8349 8348 8345 8346 8350 8345 8350 8349 8346 8347 8351 8346 8351 8350 8347 8344 8348 8347 8348 8351 8352 8354 8353 8352 8355 8354 8356 8357 8358 8356 8358 8359 8352 8353 8357 8352 8357 8356 8353 8354 8358 8353 8358 8357 8354 8355 8359 8354 8359 8358 8355 8352 8356 8355 8356 8359 8360 8362 8361 8360 8363 8362 8364 8365 8366 8364 8366 8367 8360 8361 8365 8360 8365 8364 8361 8362 8366 8361 8366 8365 8362 8363 8367 8362 8367 8366 8363 8360 8364 8363 8364 8367 8368 8370 8369 8368 8371 8370 8372 8373 8374 8372 8374 8375 8368 8369 8373 8368 8373 8372 8369 8370 8374 8369 8374 8373 8370 8371 8375 8370 8375 8374 8371 8368 8372 8371 8372 8375 8376 8378 8377 8376 8379 8378 8380 8381 8382 8380 8382 8383 8376 8377 8381 8376 8381 8380 8377 8378 8382 8377 8382 8381 8378 8379 8383 8378 8383 8382 8379 8376 8380 8379 8380 8383 8384 8386 8385 8384 8387 8386 8388 8389 8390 8388 8390 8391 8384 8385 8389 8384 8389 8388 8385 8386 8390 8385 8390 8389 8386 8387 8391 8386 8391 8390 8387 8384 8388 8387 8388 8391 8392 8394 8393 8392 8395 8394 8396 8397 8398 8396 8398 8399 8392 8393 8397 8392 8397 8396 8393 8394 8398 8393 8398 8397 8394 8395 8399 8394 8399 8398 8395 8392 8396 8395 8396 8399 8400 8402 8401 8400 8403 8402 8404 8405 8406 8404 8406 8407 8400 8401 8405 8400 8405 8404 8401 8402 8406 8401 8406 8405 8402 8403 8407 8402 8407 8406 8403 8400 8404 8403 8404 8407 8408 8410 8409 8408 8411 8410 8412 8413 8414 8412 8414 8415 8408 8409 8413 8408 8413 8412 8409 8410 8414 8409 8414 8413 8410 8411 8415 8410 8415 8414 8411 8408 8412 8411 8412 8415 8416 8418 8417 8416 8419 8418 8420 8421 8422 8420 8422 8423 8416 8417 8421 8416 8421 8420 8417 8418 8422 8417 8422 8421 8418 8419 8423 8418 8423 8422 8419 8416 8420 8419 8420 8423 8424 8426 8425 8424 8427 8426 8428 8429 8430 8428 8430 8431 8424 8425 8429 8424 8429 8428 8425 8426 8430 8425 8430 8429 8426 8427 8431 8426 8431 8430 8427 8424 8428 8427 8428 8431 8432 8434 8433 8432 8435 8434 8436 8437 8438 8436 8438 8439 8432 8433 8437 8432 8437 8436 8433 8434 8438 8433 8438 8437 8434 8435 8439 8434 8439 8438 8435 8432 8436 8435 8436 8439 8440 8442 8441 8440 8443 8442 8444 8445 8446 8444 8446 8447 8440 8441 8445 8440 8445 8444 8441 8442 8446 8441 8446 8445 8442 8443 8447 8442 8447 8446 8443 8440 8444 8443 8444 8447 8448 8450 8449 8448 8451 8450 8452 8453 8454 8452 8454 8455 8448 8449 8453 8448 8453 8452 8449 8450 8454 8449 8454 8453 8450 8451 8455 8450 8455 8454 8451 8448 8452 8451 8452 8455 8456 8458 8457 8456 8459 8458 8460 8461 8462 8460 8462 8463 8456 8457 8461 8456 8461 8460 8457 8458 8462 8457 8462 8461 8458 8459 8463 8458 8463 8462 8459 8456 8460 8459 8460 8463 8464 8466 8465 8464 8467 8466 8468 8469 8470 8468 8470 8471 8464 8465 8469 8464 8469 8468 8465 8466 8470 8465 8470 8469 8466 8467 8471 8466 8471 8470 8467 8464 8468 8467 8468 8471 8472 8474 8473 8472 8475 8474 8476 8477 8478 8476 8478 8479 8472 8473 8477 8472 8477 8476 8473 8474 8478 8473 8478 8477 8474 8475 8479 8474 8479 8478 8475 8472 8476 8475 8476 8479 8480 8482 8481 8480 8483 8482 8484 8485 8486 8484 8486 8487 8480 8481 8485 8480 8485 8484 8481 8482 8486 8481 8486 8485 8482 8483 8487 8482 8487 8486 8483 8480 8484 8483 8484 8487 8488 8490 8489 8488 8491 8490 8492 8493 8494 8492 8494 8495 8488 8489 8493 8488 8493 8492 8489 8490 8494 8489 8494 8493 8490 8491 8495 8490 8495 8494 8491 8488 8492 8491 8492 8495 8496 8498 8497 8496 8499 8498 8500 8501 8502 8500 8502 8503 8496 8497 8501 8496 8501 8500 8497 8498 8502 8497 8502 8501 8498 8499 8503 8498 8503 8502 8499 8496 8500 8499 8500 8503 8504 8506 8505 8504 8507 8506 8508 8509 8510 8508 8510 8511 8504 8505 8509 8504 8509 8508 8505 8506 8510 8505 8510 8509 8506 8507 8511 8506 8511 8510 8507 8504 8508 8507 8508 8511 8512 8514 8513 8512 8515 8514 8516 8517 8518 8516 8518 8519 8512 8513 8517 8512 8517 8516 8513 8514 8518 8513 8518 8517 8514 8515 8519 8514 8519 8518 8515 8512 8516 8515 8516 8519 8520 8522 8521 8520 8523 8522 8524 8525 8526 8524 8526 8527 8520 8521 8525 8520 8525 8524 8521 8522 8526 8521 8526 8525 8522 8523 8527 8522 8527 8526 8523 8520 8524 8523 8524 8527 8528 8530 8529 8528 8531 8530 8532 8533 8534 8532 8534 8535 8528 8529 8533 8528 8533 8532 8529 8530 8534 8529 8534 8533 8530 8531 8535 8530 8535 8534 8531 8528 8532 8531 8532 8535 8536 8538 8537 8536 8539 8538 8540 8541 8542 8540 8542 8543 8536 8537 8541 8536 8541 8540 8537 8538 8542 8537 8542 8541 8538 8539 8543 8538 8543 8542 8539 8536 8540 8539 8540 8543 8544 8546 8545 8544 8547 8546 8548 8549 8550 8548 8550 8551 8544 8545 8549 8544 8549 8548 8545 8546 8550 8545 8550 8549 8546 8547 8551 8546 8551 8550 8547 8544 8548 8547 8548 8551 8552 8554 8553 8552 8555 8554 8556 8557 8558 8556 8558 8559 8552 8553 8557 8552 8557 8556 8553 8554 8558 8553 8558 8557 8554 8555 8559 8554 8559 8558 8555 8552 8556 8555 8556 8559 8560 8562 8561 8560 8563 8562 8564 8565 8566 8564 8566 8567 8560 8561 8565 8560 8565 8564 8561 8562 8566 8561 8566 8565 8562 8563 8567 8562 8567 8566 8563 8560 8564 8563 8564 8567 8568 8570 8569 8568 8571 8570 8572 8573 8574 8572 8574 8575 8568 8569 8573 8568 8573 8572 8569 8570 8574 8569 8574 8573 8570 8571 8575 8570 8575 8574 8571 8568 8572 8571 8572 8575 8576 8578 8577 8576 8579 8578 8580 8581 8582 8580 8582 8583 8576 8577 8581 8576 8581 8580 8577 8578 8582 8577 8582 8581 8578 8579 8583 8578 8583 8582 8579 8576 8580 8579 8580 8583 8584 8586 8585 8584 8587 8586 8588 8589 8590 8588 8590 8591 8584 8585 8589 8584 8589 8588 8585 8586 8590 8585 8590 8589 8586 8587 8591 8586 8591 8590 8587 8584 8588 8587 8588 8591 8592 8594 8593 8592 8595 8594 8596 8597 8598 8596 8598 8599 8592 8593 8597 8592 8597 8596 8593 8594 8598 8593 8598 8597 8594 8595 8599 8594 8599 8598 8595 8592 8596 8595 8596 8599 8600 8602 8601 8600 8603 8602 8604 8605 8606 8604 8606 8607 8600 8601 8605 8600 8605 8604 8601 8602 8606 8601 8606 8605 8602 8603 8607 8602 8607 8606 8603 8600 8604 8603 8604 8607 8608 8610 8609 8608 8611 8610 8612 8613 8614 8612 8614 8615 8608 8609 8613 8608 8613 8612 8609 8610 8614 8609 8614 8613 8610 8611 8615 8610 8615 8614 8611 8608 8612 8611 8612 8615 8616 8618 8617 8616 8619 8618 8620 8621 8622 8620 8622 8623 8616 8617 8621 8616 8621 8620 8617 8618 8622 8617 8622 8621 8618 8619 8623 8618 8623 8622 8619 8616 8620 8619 8620 8623 8624 8626 8625 8624 8627 8626 8628 8629 8630 8628 8630 8631 8624 8625 8629 8624 8629 8628 8625 8626 8630 8625 8630 8629 8626 8627 8631 8626 8631 8630 8627 8624 8628 8627 8628 8631 8632 8634 8633 8632 8635 8634 8636 8637 8638 8636 8638 8639 8632 8633 8637 8632 8637 8636 8633 8634 8638 8633 8638 8637 8634 8635 8639 8634 8639 8638 8635 8632 8636 8635 8636 8639 8640 8642 8641 8640 8643 8642 8644 8645 8646 8644 8646 8647 8640 8641 8645 8640 8645 8644 8641 8642 8646 8641 8646 8645 8642 8643 8647 8642 8647 8646 8643 8640 8644 8643 8644 8647 8648 8650 8649 8648 8651 8650 8652 8653 8654 8652 8654 8655 8648 8649 8653 8648 8653 8652 8649 8650 8654 8649 8654 8653 8650 8651 8655 8650 8655 8654 8651 8648 8652 8651 8652 8655 8656 8658 8657 8656 8659 8658 8660 8661 8662 8660 8662 8663 8656 8657 8661 8656 8661 8660 8657 8658 8662 8657 8662 8661 8658 8659 8663 8658 8663 8662 8659 8656 8660 8659 8660 8663 8664 8666 8665 8664 8667 8666 8668 8669 8670 8668 8670 8671 8664 8665 8669 8664 8669 8668 8665 8666 8670 8665 8670 8669 8666 8667 8671 8666 8671 8670 8667 8664 8668 8667 8668 8671 8672 8674 8673 8672 8675 8674 8676 8677 8678 8676 8678 8679 8672 8673 8677 8672 8677 8676 8673 8674 8678 8673 8678 8677 8674 8675 8679 8674 8679 8678 8675 8672 8676 8675 8676 8679 8680 8682 8681 8680 8683 8682 8684 8685 8686 8684 8686 8687 8680 8681 8685 8680 8685 8684 8681 8682 8686 8681 8686 8685 8682 8683 8687 8682 8687 8686 8683 8680 8684 8683 8684 8687 8688 8690 8689 8688 8691 8690 8692 8693 8694 8692 8694 8695 8688 8689 8693 8688 8693 8692 8689 8690 8694 8689 8694 8693 8690 8691 8695 8690 8695 8694 8691 8688 8692 8691 8692 8695 8696 8698 8697 8696 8699 8698 8700 8701 8702 8700 8702 8703 8696 8697 8701 8696 8701 8700 8697 8698 8702 8697 8702 8701 8698 8699 8703 8698 8703 8702 8699 8696 8700 8699 8700 8703 8704 8706 8705 8704 8707 8706 8708 8709 8710 8708 8710 8711 8704 8705 8709 8704 8709 8708 8705 8706 8710 8705 8710 8709 8706 8707 8711 8706 8711 8710 8707 8704 8708 8707 8708 8711 8712 8714 8713 8712 8715 8714 8716 8717 8718 8716 8718 8719 8712 8713 8717 8712 8717 8716 8713 8714 8718 8713 8718 8717 8714 8715 8719 8714 8719 8718 8715 8712 8716 8715 8716 8719 8720 8722 8721 8720 8723 8722 8724 8725 8726 8724 8726 8727 8720 8721 8725 8720 8725 8724 8721 8722 8726 8721 8726 8725 8722 8723 8727 8722 8727 8726 8723 8720 8724 8723 8724 8727 8728 8730 8729 8728 8731 8730 8732 8733 8734 8732 8734 8735 8728 8729 8733 8728 8733 8732 8729 8730 8734 8729 8734 8733 8730 8731 8735 8730 8735 8734 8731 8728 8732 8731 8732 8735 8736 8738 8737 8736 8739 8738 8740 8741 8742 8740 8742 8743 8736 8737 8741 8736 8741 8740 8737 8738 8742 8737 8742 8741 8738 8739 8743 8738 8743 8742 8739 8736 8740 8739 8740 8743 8744 8746 8745 8744 8747 8746 8748 8749 8750 8748 8750 8751 8744 8745 8749 8744 8749 8748 8745 8746 8750 8745 8750 8749 8746 8747 8751 8746 8751 8750 8747 8744 8748 8747 8748 8751 8752 8754 8753 8752 8755 8754 8756 8757 8758 8756 8758 8759 8752 8753 8757 8752 8757 8756 8753 8754 8758 8753 8758 8757 8754 8755 8759 8754 8759 8758 8755 8752 8756 8755 8756 8759 8760 8762 8761 8760 8763 8762 8764 8765 8766 8764 8766 8767 8760 8761 8765 8760 8765 8764 8761 8762 8766 8761 8766 8765 8762 8763 8767 8762 8767 8766 8763 8760 8764 8763 8764 8767 8768 8770 8769 8768 8771 8770 8772 8773 8774 8772 8774 8775 8768 8769 8773 8768 8773 8772 8769 8770 8774 8769 8774 8773 8770 8771 8775 8770 8775 8774 8771 8768 8772 8771 8772 8775 8776 8778 8777 8776 8779 8778 8780 8781 8782 8780 8782 8783 8776 8777 8781 8776 8781 8780 8777 8778 8782 8777 8782 8781 8778 8779 8783 8778 8783 8782 8779 8776 8780 8779 8780 8783 8784 8786 8785 8784 8787 8786 8788 8789 8790 8788 8790 8791 8784 8785 8789 8784 8789 8788 8785 8786 8790 8785 8790 8789 8786 8787 8791 8786 8791 8790 8787 8784 8788 8787 8788 8791 8792 8794 8793 8792 8795 8794 8796 8797 8798 8796 8798 8799 8792 8793 8797 8792 8797 8796 8793 8794 8798 8793 8798 8797 8794 8795 8799 8794 8799 8798 8795 8792 8796 8795 8796 8799 8800 8802 8801 8800 8803 8802 8804 8805 8806 8804 8806 8807 8800 8801 8805 8800 8805 8804 8801 8802 8806 8801 8806 8805 8802 8803 8807 8802 8807 8806 8803 8800 8804 8803 8804 8807 8808 8810 8809 8808 8811 8810 8812 8813 8814 8812 8814 8815 8808 8809 8813 8808 8813 8812 8809 8810 8814 8809 8814 8813 8810 8811 8815 8810 8815 8814 8811 8808 8812 8811 8812 8815 8816 8818 8817 8816 8819 8818 8820 8821 8822 8820 8822 8823 8816 8817 8821 8816 8821 8820 8817 8818 8822 8817 8822 8821 8818 8819 8823 8818 8823 8822 8819 8816 8820 8819 8820 8823 8824 8826 8825 8824 8827 8826 8828 8829 8830 8828 8830 8831 8824 8825 8829 8824 8829 8828 8825 8826 8830 8825 8830 8829 8826 8827 8831 8826 8831 8830 8827 8824 8828 8827 8828 8831 8832 8834 8833 8832 8835 8834 8836 8837 8838 8836 8838 8839 8832 8833 8837 8832 8837 8836 8833 8834 8838 8833 8838 8837 8834 8835 8839 8834 8839 8838 8835 8832 8836 8835 8836 8839 8840 8842 8841 8840 8843 8842 8844 8845 8846 8844 8846 8847 8840 8841 8845 8840 8845 8844 8841 8842 8846 8841 8846 8845 8842 8843 8847 8842 8847 8846 8843 8840 8844 8843 8844 8847 8848 8850 8849 8848 8851 8850 8852 8853 8854 8852 8854 8855 8848 8849 8853 8848 8853 8852 8849 8850 8854 8849 8854 8853 8850 8851 8855 8850 8855 8854 8851 8848 8852 8851 8852 8855 8856 8858 8857 8856 8859 8858 8860 8861 8862 8860 8862 8863 8856 8857 8861 8856 8861 8860 8857 8858 8862 8857 8862 8861 8858 8859 8863 8858 8863 8862 8859 8856 8860 8859 8860 8863 8864 8866 8865 8864 8867 8866 8868 8869 8870 8868 8870 8871 8864 8865 8869 8864 8869 8868 8865 8866 8870 8865 8870 8869 8866 8867 8871 8866 8871 8870 8867 8864 8868 8867 8868 8871 8872 8874 8873 8872 8875 8874 8876 8877 8878 8876 8878 8879 8872 8873 8877 8872 8877 8876 8873 8874 8878 8873 8878 8877 8874 8875 8879 8874 8879 8878 8875 8872 8876 8875 8876 8879 8880 8882 8881 8880 8883 8882 8884 8885 8886 8884 8886 8887 8880 8881 8885 8880 8885 8884 8881 8882 8886 8881 8886 8885 8882 8883 8887 8882 8887 8886 8883 8880 8884 8883 8884 8887 8888 8890 8889 8888 8891 8890 8892 8893 8894 8892 8894 8895 8888 8889 8893 8888 8893 8892 8889 8890 8894 8889 8894 8893 8890 8891 8895 8890 8895 8894 8891 8888 8892 8891 8892 8895 8896 8898 8897 8896 8899 8898 8900 8901 8902 8900 8902 8903 8896 8897 8901 8896 8901 8900 8897 8898 8902 8897 8902 8901 8898 8899 8903 8898 8903 8902 8899 8896 8900 8899 8900 8903 8904 8906 8905 8904 8907 8906 8908 8909 8910 8908 8910 8911 8904 8905 8909 8904 8909 8908 8905 8906 8910 8905 8910 8909 8906 8907 8911 8906 8911 8910 8907 8904 8908 8907 8908 8911 8912 8914 8913 8912 8915 8914 8916 8917 8918 8916 8918 8919 8912 8913 8917 8912 8917 8916 8913 8914 8918 8913 8918 8917 8914 8915 8919 8914 8919 8918 8915 8912 8916 8915 8916 8919 8920 8922 8921 8920 8923 8922 8924 8925 8926 8924 8926 8927 8920 8921 8925 8920 8925 8924 8921 8922 8926 8921 8926 8925 8922 8923 8927 8922 8927 8926 8923 8920 8924 8923 8924 8927 8928 8930 8929 8928 8931 8930 8932 8933 8934 8932 8934 8935 8928 8929 8933 8928 8933 8932 8929 8930 8934 8929 8934 8933 8930 8931 8935 8930 8935 8934 8931 8928 8932 8931 8932 8935 8936 8938 8937 8936 8939 8938 8940 8941 8942 8940 8942 8943 8936 8937 8941 8936 8941 8940 8937 8938 8942 8937 8942 8941 8938 8939 8943 8938 8943 8942 8939 8936 8940 8939 8940 8943 8944 8946 8945 8944 8947 8946 8948 8949 8950 8948 8950 8951 8944 8945 8949 8944 8949 8948 8945 8946 8950 8945 8950 8949 8946 8947 8951 8946 8951 8950 8947 8944 8948 8947 8948 8951 8952 8954 8953 8952 8955 8954 8956 8957 8958 8956 8958 8959 8952 8953 8957 8952 8957 8956 8953 8954 8958 8953 8958 8957 8954 8955 8959 8954 8959 8958 8955 8952 8956 8955 8956 8959 8960 8962 8961 8960 8963 8962 8964 8965 8966 8964 8966 8967 8960 8961 8965 8960 8965 8964 8961 8962 8966 8961 8966 8965 8962 8963 8967 8962 8967 8966 8963 8960 8964 8963 8964 8967 8968 8970 8969 8968 8971 8970 8972 8973 8974 8972 8974 8975 8968 8969 8973 8968 8973 8972 8969 8970 8974 8969 8974 8973 8970 8971 8975 8970 8975 8974 8971 8968 8972 8971 8972 8975 8976 8978 8977 8976 8979 8978 8980 8981 8982 8980 8982 8983 8976 8977 8981 8976 8981 8980 8977 8978 8982 8977 8982 8981 8978 8979 8983 8978 8983 8982 8979 8976 8980 8979 8980 8983 8984 8986 8985 8984 8987 8986 8988 8989 8990 8988 8990 8991 8984 8985 8989 8984 8989 8988 8985 8986 8990 8985 8990 8989 8986 8987 8991 8986 8991 8990 8987 8984 8988 8987 8988 8991 8992 8994 8993 8992 8995 8994 8996 8997 8998 8996 8998 8999 8992 8993 8997 8992 8997 8996 8993 8994 8998 8993 8998 8997 8994 8995 8999 8994 8999 8998 8995 8992 8996 8995 8996 8999 9000 9002 9001 9000 9003 9002 9004 9005 9006 9004 9006 9007 9000 9001 9005 9000 9005 9004 9001 9002 9006 9001 9006 9005 9002 9003 9007 9002 9007 9006 9003 9000 9004 9003 9004 9007 9008 9010 9009 9008 9011 9010 9012 9013 9014 9012 9014 9015 9008 9009 9013 9008 9013 9012 9009 9010 9014 9009 9014 9013 9010 9011 9015 9010 9015 9014 9011 9008 9012 9011 9012 9015 9016 9018 9017 9016 9019 9018 9020 9021 9022 9020 9022 9023 9016 9017 9021 9016 9021 9020 9017 9018 9022 9017 9022 9021 9018 9019 9023 9018 9023 9022 9019 9016 9020 9019 9020 9023 9024 9026 9025 9024 9027 9026 9028 9029 9030 9028 9030 9031 9024 9025 9029 9024 9029 9028 9025 9026 9030 9025 9030 9029 9026 9027 9031 9026 9031 9030 9027 9024 9028 9027 9028 9031 9032 9034 9033 9032 9035 9034 9036 9037 9038 9036 9038 9039 9032 9033 9037 9032 9037 9036 9033 9034 9038 9033 9038 9037 9034 9035 9039 9034 9039 9038 9035 9032 9036 9035 9036 9039 9040 9042 9041 9040 9043 9042 9044 9045 9046 9044 9046 9047 9040 9041 9045 9040 9045 9044 9041 9042 9046 9041 9046 9045 9042 9043 9047 9042 9047 9046 9043 9040 9044 9043 9044 9047 9048 9050 9049 9048 9051 9050 9052 9053 9054 9052 9054 9055 9048 9049 9053 9048 9053 9052 9049 9050 9054 9049 9054 9053 9050 9051 9055 9050 9055 9054 9051 9048 9052 9051 9052 9055 9056 9058 9057 9056 9059 9058 9060 9061 9062 9060 9062 9063 9056 9057 9061 9056 9061 9060 9057 9058 9062 9057 9062 9061 9058 9059 9063 9058 9063 9062 9059 9056 9060 9059 9060 9063 9064 9066 9065 9064 9067 9066 9068 9069 9070 9068 9070 9071 9064 9065 9069 9064 9069 9068 9065 9066 9070 9065 9070 9069 9066 9067 9071 9066 9071 9070 9067 9064 9068 9067 9068 9071 9072 9074 9073 9072 9075 9074 9076 9077 9078 9076 9078 9079 9072 9073 9077 9072 9077 9076 9073 9074 9078 9073 9078 9077 9074 9075 9079 9074 9079 9078 9075 9072 9076 9075 9076 9079 9080 9082 9081 9080 9083 9082 9084 9085 9086 9084 9086 9087 9080 9081 9085 9080 9085 9084 9081 9082 9086 9081 9086 9085 9082 9083 9087 9082 9087 9086 9083 9080 9084 9083 9084 9087 9088 9090 9089 9088 9091 9090 9092 9093 9094 9092 9094 9095 9088 9089 9093 9088 9093 9092 9089 9090 9094 9089 9094 9093 9090 9091 9095 9090 9095 9094 9091 9088 9092 9091 9092 9095 9096 9098 9097 9096 9099 9098 9100 9101 9102 9100 9102 9103 9096 9097 9101 9096 9101 9100 9097 9098 9102 9097 9102 9101 9098 9099 9103 9098 9103 9102 9099 9096 9100 9099 9100 9103 9104 9106 9105 9104 9107 9106 9108 9109 9110 9108 9110 9111 9104 9105 9109 9104 9109 9108 9105 9106 9110 9105 9110 9109 9106 9107 9111 9106 9111 9110 9107 9104 9108 9107 9108 9111 9112 9114 9113 9112 9115 9114 9116 9117 9118 9116 9118 9119 9112 9113 9117 9112 9117 9116 9113 9114 9118 9113 9118 9117 9114 9115 9119 9114 9119 9118 9115 9112 9116 9115 9116 9119 9120 9122 9121 9120 9123 9122 9124 9125 9126 9124 9126 9127 9120 9121 9125 9120 9125 9124 9121 9122 9126 9121 9126 9125 9122 9123 9127 9122 9127 9126 9123 9120 9124 9123 9124 9127 9128 9130 9129 9128 9131 9130 9132 9133 9134 9132 9134 9135 9128 9129 9133 9128 9133 9132 9129 9130 9134 9129 9134 9133 9130 9131 9135 9130 9135 9134 9131 9128 9132 9131 9132 9135 9136 9138 9137 9136 9139 9138 9140 9141 9142 9140 9142 9143 9136 9137 9141 9136 9141 9140 9137 9138 9142 9137 9142 9141 9138 9139 9143 9138 9143 9142 9139 9136 9140 9139 9140 9143 9144 9146 9145 9144 9147 9146 9148 9149 9150 9148 9150 9151 9144 9145 9149 9144 9149 9148 9145 9146 9150 9145 9150 9149 9146 9147 9151 9146 9151 9150 9147 9144 9148 9147 9148 9151 9152 9154 9153 9152 9155 9154 9156 9157 9158 9156 9158 9159 9152 9153 9157 9152 9157 9156 9153 9154 9158 9153 9158 9157 9154 9155 9159 9154 9159 9158 9155 9152 9156 9155 9156 9159 9160 9162 9161 9160 9163 9162 9164 9165 9166 9164 9166 9167 9160 9161 9165 9160 9165 9164 9161 9162 9166 9161 9166 9165 9162 9163 9167 9162 9167 9166 9163 9160 9164 9163 9164 9167 9168 9170 9169 9168 9171 9170 9172 9173 9174 9172 9174 9175 9168 9169 9173 9168 9173 9172 9169 9170 9174 9169 9174 9173 9170 9171 9175 9170 9175 9174 9171 9168 9172 9171 9172 9175 9176 9178 9177 9176 9179 9178 9180 9181 9182 9180 9182 9183 9176 9177 9181 9176 9181 9180 9177 9178 9182 9177 9182 9181 9178 9179 9183 9178 9183 9182 9179 9176 9180 9179 9180 9183 9184 9186 9185 9184 9187 9186 9188 9189 9190 9188 9190 9191 9184 9185 9189 9184 9189 9188 9185 9186 9190 9185 9190 9189 9186 9187 9191 9186 9191 9190 9187 9184 9188 9187 9188 9191 9192 9194 9193 9192 9195 9194 9196 9197 9198 9196 9198 9199 9192 9193 9197 9192 9197 9196 9193 9194 9198 9193 9198 9197 9194 9195 9199 9194 9199 9198 9195 9192 9196 9195 9196 9199 9200 9202 9201 9200 9203 9202 9204 9205 9206 9204 9206 9207 9200 9201 9205 9200 9205 9204 9201 9202 9206 9201 9206 9205 9202 9203 9207 9202 9207 9206 9203 9200 9204 9203 9204 9207 9208 9210 9209 9208 9211 9210 9212 9213 9214 9212 9214 9215 9208 9209 9213 9208 9213 9212 9209 9210 9214 9209 9214 9213 9210 9211 9215 9210 9215 9214 9211 9208 9212 9211 9212 9215 9216 9218 9217 9216 9219 9218 9220 9221 9222 9220 9222 9223 9216 9217 9221 9216 9221 9220 9217 9218 9222 9217 9222 9221 9218 9219 9223 9218 9223 9222 9219 9216 9220 9219 9220 9223 9224 9226 9225 9224 9227 9226 9228 9229 9230 9228 9230 9231 9224 9225 9229 9224 9229 9228 9225 9226 9230 9225 9230 9229 9226 9227 9231 9226 9231 9230 9227 9224 9228 9227 9228 9231 9232 9234 9233 9232 9235 9234 9236 9237 9238 9236 9238 9239 9232 9233 9237 9232 9237 9236 9233 9234 9238 9233 9238 9237 9234 9235 9239 9234 9239 9238 9235 9232 9236 9235 9236 9239 9240 9242 9241 9240 9243 9242 9244 9245 9246 9244 9246 9247 9240 9241 9245 9240 9245 9244 9241 9242 9246 9241 9246 9245 9242 9243 9247 9242 9247 9246 9243 9240 9244 9243 9244 9247 9248 9250 9249 9248 9251 9250 9252 9253 9254 9252 9254 9255 9248 9249 9253 9248 9253 9252 9249 9250 9254 9249 9254 9253 9250 9251 9255 9250 9255 9254 9251 9248 9252 9251 9252 9255 9256 9258 9257 9256 9259 9258 9260 9261 9262 9260 9262 9263 9256 9257 9261 9256 9261 9260 9257 9258 9262 9257 9262 9261 9258 9259 9263 9258 9263 9262 9259 9256 9260 9259 9260 9263 9264 9266 9265 9264 9267 9266 9268 9269 9270 9268 9270 9271 9264 9265 9269 9264 9269 9268 9265 9266 9270 9265 9270 9269 9266 9267 9271 9266 9271 9270 9267 9264 9268 9267 9268 9271 9272 9274 9273 9272 9275 9274 9276 9277 9278 9276 9278 9279 9272 9273 9277 9272 9277 9276 9273 9274 9278 9273 9278 9277 9274 9275 9279 9274 9279 9278 9275 9272 9276 9275 9276 9279 9280 9282 9281 9280 9283 9282 9284 9285 9286 9284 9286 9287 9280 9281 9285 9280 9285 9284 9281 9282 9286 9281 9286 9285 9282 9283 9287 9282 9287 9286 9283 9280 9284 9283 9284 9287 9288 9290 9289 9288 9291 9290 9292 9293 9294 9292 9294 9295 9288 9289 9293 9288 9293 9292 9289 9290 9294 9289 9294 9293 9290 9291 9295 9290 9295 9294 9291 9288 9292 9291 9292 9295 9296 9298 9297 9296 9299 9298 9300 9301 9302 9300 9302 9303 9296 9297 9301 9296 9301 9300 9297 9298 9302 9297 9302 9301 9298 9299 9303 9298 9303 9302 9299 9296 9300 9299 9300 9303 9304 9306 9305 9304 9307 9306 9308 9309 9310 9308 9310 9311 9304 9305 9309 9304 9309 9308 9305 9306 9310 9305 9310 9309 9306 9307 9311 9306 9311 9310 9307 9304 9308 9307 9308 9311 9312 9314 9313 9312 9315 9314 9316 9317 9318 9316 9318 9319 9312 9313 9317 9312 9317 9316 9313 9314 9318 9313 9318 9317 9314 9315 9319 9314 9319 9318 9315 9312 9316 9315 9316 9319 9320 9322 9321 9320 9323 9322 9324 9325 9326 9324 9326 9327 9320 9321 9325 9320 9325 9324 9321 9322 9326 9321 9326 9325 9322 9323 9327 9322 9327 9326 9323 9320 9324 9323 9324 9327 9328 9330 9329 9328 9331 9330 9332 9333 9334 9332 9334 9335 9328 9329 9333 9328 9333 9332 9329 9330 9334 9329 9334 9333 9330 9331 9335 9330 9335 9334 9331 9328 9332 9331 9332 9335 9336 9338 9337 9336 9339 9338 9340 9341 9342 9340 9342 9343 9336 9337 9341 9336 9341 9340 9337 9338 9342 9337 9342 9341 9338 9339 9343 9338 9343 9342 9339 9336 9340 9339 9340 9343 9344 9346 9345 9344 9347 9346 9348 9349 9350 9348 9350 9351 9344 9345 9349 9344 9349 9348 9345 9346 9350 9345 9350 9349 9346 9347 9351 9346 9351 9350 9347 9344 9348 9347 9348 9351 9352 9354 9353 9352 9355 9354 9356 9357 9358 9356 9358 9359 9352 9353 9357 9352 9357 9356 9353 9354 9358 9353 9358 9357 9354 9355 9359 9354 9359 9358 9355 9352 9356 9355 9356 9359 9360 9362 9361 9360 9363 9362 9364 9365 9366 9364 9366 9367 9360 9361 9365 9360 9365 9364 9361 9362 9366 9361 9366 9365 9362 9363 9367 9362 9367 9366 9363 9360 9364 9363 9364 9367 9368 9370 9369 9368 9371 9370 9372 9373 9374 9372 9374 9375 9368 9369 9373 9368 9373 9372 9369 9370 9374 9369 9374 9373 9370 9371 9375 9370 9375 9374 9371 9368 9372 9371 9372 9375 9376 9378 9377 9376 9379 9378 9380 9381 9382 9380 9382 9383 9376 9377 9381 9376 9381 9380 9377 9378 9382 9377 9382 9381 9378 9379 9383 9378 9383 9382 9379 9376 9380 9379 9380 9383 9384 9386 9385 9384 9387 9386 9388 9389 9390 9388 9390 9391 9384 9385 9389 9384 9389 9388 9385 9386 9390 9385 9390 9389 9386 9387 9391 9386 9391 9390 9387 9384 9388 9387 9388 9391 9392 9394 9393 9392 9395 9394 9396 9397 9398 9396 9398 9399 9392 9393 9397 9392 9397 9396 9393 9394 9398 9393 9398 9397 9394 9395 9399 9394 9399 9398 9395 9392 9396 9395 9396 9399 9400 9402 9401 9400 9403 9402 9404 9405 9406 9404 9406 9407 9400 9401 9405 9400 9405 9404 9401 9402 9406 9401 9406 9405 9402 9403 9407 9402 9407 9406 9403 9400 9404 9403 9404 9407 9408 9410 9409 9408 9411 9410 9412 9413 9414 9412 9414 9415 9408 9409 9413 9408 9413 9412 9409 9410 9414 9409 9414 9413 9410 9411 9415 9410 9415 9414 9411 9408 9412 9411 9412 9415 9416 9418 9417 9416 9419 9418 9420 9421 9422 9420 9422 9423 9416 9417 9421 9416 9421 9420 9417 9418 9422 9417 9422 9421 9418 9419 9423 9418 9423 9422 9419 9416 9420 9419 9420 9423 9424 9426 9425 9424 9427 9426 9428 9429 9430 9428 9430 9431 9424 9425 9429 9424 9429 9428 9425 9426 9430 9425 9430 9429 9426 9427 9431 9426 9431 9430 9427 9424 9428 9427 9428 9431 9432 9434 9433 9432 9435 9434 9436 9437 9438 9436 9438 9439 9432 9433 9437 9432 9437 9436 9433 9434 9438 9433 9438 9437 9434 9435 9439 9434 9439 9438 9435 9432 9436 9435 9436 9439 9440 9442 9441 9440 9443 9442 9444 9445 9446 9444 9446 9447 9440 9441 9445 9440 9445 9444 9441 9442 9446 9441 9446 9445 9442 9443 9447 9442 9447 9446 9443 9440 9444 9443 9444 9447 9448 9450 9449 9448 9451 9450 9452 9453 9454 9452 9454 9455 9448 9449 9453 9448 9453 9452 9449 9450 9454 9449 9454 9453 9450 9451 9455 9450 9455 9454 9451 9448 9452 9451 9452 9455 9456 9458 9457 9456 9459 9458 9460 9461 9462 9460 9462 9463 9456 9457 9461 9456 9461 9460 9457 9458 9462 9457 9462 9461 9458 9459 9463 9458 9463 9462 9459 9456 9460 9459 9460 9463 9464 9466 9465 9464 9467 9466 9468 9469 9470 9468 9470 9471 9464 9465 9469 9464 9469 9468 9465 9466 9470 9465 9470 9469 9466 9467 9471 9466 9471 9470 9467 9464 9468 9467 9468 9471 9472 9474 9473 9472 9475 9474 9476 9477 9478 9476 9478 9479 9472 9473 9477 9472 9477 9476 9473 9474 9478 9473 9478 9477 9474 9475 9479 9474 9479 9478 9475 9472 9476 9475 9476 9479 9480 9482 9481 9480 9483 9482 9484 9485 9486 9484 9486 9487 9480 9481 9485 9480 9485 9484 9481 9482 9486 9481 9486 9485 9482 9483 9487 9482 9487 9486 9483 9480 9484 9483 9484 9487 9488 9490 9489 9488 9491 9490 9492 9493 9494 9492 9494 9495 9488 9489 9493 9488 9493 9492 9489 9490 9494 9489 9494 9493 9490 9491 9495 9490 9495 9494 9491 9488 9492 9491 9492 9495 9496 9498 9497 9496 9499 9498 9500 9501 9502 9500 9502 9503 9496 9497 9501 9496 9501 9500 9497 9498 9502 9497 9502 9501 9498 9499 9503 9498 9503 9502 9499 9496 9500 9499 9500 9503 9504 9506 9505 9504 9507 9506 9508 9509 9510 9508 9510 9511 9504 9505 9509 9504 9509 9508 9505 9506 9510 9505 9510 9509 9506 9507 9511 9506 9511 9510 9507 9504 9508 9507 9508 9511 9512 9514 9513 9512 9515 9514 9516 9517 9518 9516 9518 9519 9512 9513 9517 9512 9517 9516 9513 9514 9518 9513 9518 9517 9514 9515 9519 9514 9519 9518 9515 9512 9516 9515 9516 9519 9520 9522 9521 9520 9523 9522 9524 9525 9526 9524 9526 9527 9520 9521 9525 9520 9525 9524 9521 9522 9526 9521 9526 9525 9522 9523 9527 9522 9527 9526 9523 9520 9524 9523 9524 9527 9528 9530 9529 9528 9531 9530 9532 9533 9534 9532 9534 9535 9528 9529 9533 9528 9533 9532 9529 9530 9534 9529 9534 9533 9530 9531 9535 9530 9535 9534 9531 9528 9532 9531 9532 9535 9536 9538 9537 9536 9539 9538 9540 9541 9542 9540 9542 9543 9536 9537 9541 9536 9541 9540 9537 9538 9542 9537 9542 9541 9538 9539 9543 9538 9543 9542 9539 9536 9540 9539 9540 9543 9544 9546 9545 9544 9547 9546 9548 9549 9550 9548 9550 9551 9544 9545 9549 9544 9549 9548 9545 9546 9550 9545 9550 9549 9546 9547 9551 9546 9551 9550 9547 9544 9548 9547 9548 9551 9552 9554 9553 9552 9555 9554 9556 9557 9558 9556 9558 9559 9552 9553 9557 9552 9557 9556 9553 9554 9558 9553 9558 9557 9554 9555 9559 9554 9559 9558 9555 9552 9556 9555 9556 9559 9560 9562 9561 9560 9563 9562 9564 9565 9566 9564 9566 9567 9560 9561 9565 9560 9565 9564 9561 9562 9566 9561 9566 9565 9562 9563 9567 9562 9567 9566 9563 9560 9564 9563 9564 9567 9568 9570 9569 9568 9571 9570 9572 9573 9574 9572 9574 9575 9568 9569 9573 9568 9573 9572 9569 9570 9574 9569 9574 9573 9570 9571 9575 9570 9575 9574 9571 9568 9572 9571 9572 9575 9576 9578 9577 9576 9579 9578 9580 9581 9582 9580 9582 9583 9576 9577 9581 9576 9581 9580 9577 9578 9582 9577 9582 9581 9578 9579 9583 9578 9583 9582 9579 9576 9580 9579 9580 9583 9584 9586 9585 9584 9587 9586 9588 9589 9590 9588 9590 9591 9584 9585 9589 9584 9589 9588 9585 9586 9590 9585 9590 9589 9586 9587 9591 9586 9591 9590 9587 9584 9588 9587 9588 9591 9592 9594 9593 9592 9595 9594 9596 9597 9598 9596 9598 9599 9592 9593 9597 9592 9597 9596 9593 9594 9598 9593 9598 9597 9594 9595 9599 9594 9599 9598 9595 9592 9596 9595 9596 9599 9600 9602 9601 9600 9603 9602 9604 9605 9606 9604 9606 9607 9600 9601 9605 9600 9605 9604 9601 9602 9606 9601 9606 9605 9602 9603 9607 9602 9607 9606 9603 9600 9604 9603 9604 9607 9608 9610 9609 9608 9611 9610 9612 9613 9614 9612 9614 9615 9608 9609 9613 9608 9613 9612 9609 9610 9614 9609 9614 9613 9610 9611 9615 9610 9615 9614 9611 9608 9612 9611 9612 9615 9616 9618 9617 9616 9619 9618 9620 9621 9622 9620 9622 9623 9616 9617 9621 9616 9621 9620 9617 9618 9622 9617 9622 9621 9618 9619 9623 9618 9623 9622 9619 9616 9620 9619 9620 9623 9624 9626 9625 9624 9627 9626 9628 9629 9630 9628 9630 9631 9624 9625 9629 9624 9629 9628 9625 9626 9630 9625 9630 9629 9626 9627 9631 9626 9631 9630 9627 9624 9628 9627 9628 9631 9632 9634 9633 9632 9635 9634 9636 9637 9638 9636 9638 9639 9632 9633 9637 9632 9637 9636 9633 9634 9638 9633 9638 9637 9634 9635 9639 9634 9639 9638 9635 9632 9636 9635 9636 9639 9640 9642 9641 9640 9643 9642 9644 9645 9646 9644 9646 9647 9640 9641 9645 9640 9645 9644 9641 9642 9646 9641 9646 9645 9642 9643 9647 9642 9647 9646 9643 9640 9644 9643 9644 9647 9648 9650 9649 9648 9651 9650 9652 9653 9654 9652 9654 9655 9648 9649 9653 9648 9653 9652 9649 9650 9654 9649 9654 9653 9650 9651 9655 9650 9655 9654 9651 9648 9652 9651 9652 9655 9656 9658 9657 9656 9659 9658 9660 9661 9662 9660 9662 9663 9656 9657 9661 9656 9661 9660 9657 9658 9662 9657 9662 9661 9658 9659 9663 9658 9663 9662 9659 9656 9660 9659 9660 9663 9664 9666 9665 9664 9667 9666 9668 9669 9670 9668 9670 9671 9664 9665 9669 9664 9669 9668 9665 9666 9670 9665 9670 9669 9666 9667 9671 9666 9671 9670 9667 9664 9668 9667 9668 9671 9672 9674 9673 9672 9675 9674 9676 9677 9678 9676 9678 9679 9672 9673 9677 9672 9677 9676 9673 9674 9678 9673 9678 9677 9674 9675 9679 9674 9679 9678 9675 9672 9676 9675 9676 9679 9680 9682 9681 9680 9683 9682 9684 9685 9686 9684 9686 9687 9680 9681 9685 9680 9685 9684 9681 9682 9686 9681 9686 9685 9682 9683 9687 9682 9687 9686 9683 9680 9684 9683 9684 9687 9688 9690 9689 9688 9691 9690 9692 9693 9694 9692 9694 9695 9688 9689 9693 9688 9693 9692 9689 9690 9694 9689 9694 9693 9690 9691 9695 9690 9695 9694 9691 9688 9692 9691 9692 9695 9696 9698 9697 9696 9699 9698 9700 9701 9702 9700 9702 9703 9696 9697 9701 9696 9701 9700 9697 9698 9702 9697 9702 9701 9698 9699 9703 9698 9703 9702 9699 9696 9700 9699 9700 9703 9704 9706 9705 9704 9707 9706 9708 9709 9710 9708 9710 9711 9704 9705 9709 9704 9709 9708 9705 9706 9710 9705 9710 9709 9706 9707 9711 9706 9711 9710 9707 9704 9708 9707 9708 9711 9712 9714 9713 9712 9715 9714 9716 9717 9718 9716 9718 9719 9712 9713 9717 9712 9717 9716 9713 9714 9718 9713 9718 9717 9714 9715 9719 9714 9719 9718 9715 9712 9716 9715 9716 9719 9720 9722 9721 9720 9723 9722 9724 9725 9726 9724 9726 9727 9720 9721 9725 9720 9725 9724 9721 9722 9726 9721 9726 9725 9722 9723 9727 9722 9727 9726 9723 9720 9724 9723 9724 9727 9728 9730 9729 9728 9731 9730 9732 9733 9734 9732 9734 9735 9728 9729 9733 9728 9733 9732 9729 9730 9734 9729 9734 9733 9730 9731 9735 9730 9735 9734 9731 9728 9732 9731 9732 9735 9736 9738 9737 9736 9739 9738 9740 9741 9742 9740 9742 9743 9736 9737 9741 9736 9741 9740 9737 9738 9742 9737 9742 9741 9738 9739 9743 9738 9743 9742 9739 9736 9740 9739 9740 9743 9744 9746 9745 9744 9747 9746 9748 9749 9750 9748 9750 9751 9744 9745 9749 9744 9749 9748 9745 9746 9750 9745 9750 9749 9746 9747 9751 9746 9751 9750 9747 9744 9748 9747 9748 9751 9752 9754 9753 9752 9755 9754 9756 9757 9758 9756 9758 9759 9752 9753 9757 9752 9757 9756 9753 9754 9758 9753 9758 9757 9754 9755 9759 9754 9759 9758 9755 9752 9756 9755 9756 9759 9760 9762 9761 9760 9763 9762 9764 9765 9766 9764 9766 9767 9760 9761 9765 9760 9765 9764 9761 9762 9766 9761 9766 9765 9762 9763 9767 9762 9767 9766 9763 9760 9764 9763 9764 9767 9768 9770 9769 9768 9771 9770 9772 9773 9774 9772 9774 9775 9768 9769 9773 9768 9773 9772 9769 9770 9774 9769 9774 9773 9770 9771 9775 9770 9775 9774 9771 9768 9772 9771 9772 9775 9776 9778 9777 9776 9779 9778 9780 9781 9782 9780 9782 9783 9776 9777 9781 9776 9781 9780 9777 9778 9782 9777 9782 9781 9778 9779 9783 9778 9783 9782 9779 9776 9780 9779 9780 9783 9784 9786 9785 9784 9787 9786 9788 9789 9790 9788 9790 9791 9784 9785 9789 9784 9789 9788 9785 9786 9790 9785 9790 9789 9786 9787 9791 9786 9791 9790 9787 9784 9788 9787 9788 9791 9792 9794 9793 9792 9795 9794 9796 9797 9798 9796 9798 9799 9792 9793 9797 9792 9797 9796 9793 9794 9798 9793 9798 9797 9794 9795 9799 9794 9799 9798 9795 9792 9796 9795 9796 9799 9800 9802 9801 9800 9803 9802 9804 9805 9806 9804 9806 9807 9800 9801 9805 9800 9805 9804 9801 9802 9806 9801 9806 9805 9802 9803 9807 9802 9807 9806 9803 9800 9804 9803 9804 9807 9808 9810 9809 9808 9811 9810 9812 9813 9814 9812 9814 9815 9808 9809 9813 9808 9813 9812 9809 9810 9814 9809 9814 9813 9810 9811 9815 9810 9815 9814 9811 9808 9812 9811 9812 9815 9816 9818 9817 9816 9819 9818 9820 9821 9822 9820 9822 9823 9816 9817 9821 9816 9821 9820 9817 9818 9822 9817 9822 9821 9818 9819 9823 9818 9823 9822 9819 9816 9820 9819 9820 9823 9824 9826 9825 9824 9827 9826 9828 9829 9830 9828 9830 9831 9824 9825 9829 9824 9829 9828 9825 9826 9830 9825 9830 9829 9826 9827 9831 9826 9831 9830 9827 9824 9828 9827 9828 9831 9832 9834 9833 9832 9835 9834 9836 9837 9838 9836 9838 9839 9832 9833 9837 9832 9837 9836 9833 9834 9838 9833 9838 9837 9834 9835 9839 9834 9839 9838 9835 9832 9836 9835 9836 9839 9840 9842 9841 9840 9843 9842 9844 9845 9846 9844 9846 9847 9840 9841 9845 9840 9845 9844 9841 9842 9846 9841 9846 9845 9842 9843 9847 9842 9847 9846 9843 9840 9844 9843 9844 9847 9848 9850 9849 9848 9851 9850 9852 9853 9854 9852 9854 9855 9848 9849 9853 9848 9853 9852 9849 9850 9854 9849 9854 9853 9850 9851 9855 9850 9855 9854 9851 9848 9852 9851 9852 9855 9856 9858 9857 9856 9859 9858 9860 9861 9862 9860 9862 9863 9856 9857 9861 9856 9861 9860 9857 9858 9862 9857 9862 9861 9858 9859 9863 9858 9863 9862 9859 9856 9860 9859 9860 9863 9864 9866 9865 9864 9867 9866 9868 9869 9870 9868 9870 9871 9864 9865 9869 9864 9869 9868 9865 9866 9870 9865 9870 9869 9866 9867 9871 9866 9871 9870 9867 9864 9868 9867 9868 9871 9872 9874 9873 9872 9875 9874 9876 9877 9878 9876 9878 9879 9872 9873 9877 9872 9877 9876 9873 9874 9878 9873 9878 9877 9874 9875 9879 9874 9879 9878 9875 9872 9876 9875 9876 9879 9880 9882 9881 9880 9883 9882 9884 9885 9886 9884 9886 9887 9880 9881 9885 9880 9885 9884 9881 9882 9886 9881 9886 9885 9882 9883 9887 9882 9887 9886 9883 9880 9884 9883 9884 9887 9888 9890 9889 9888 9891 9890 9892 9893 9894 9892 9894 9895 9888 9889 9893 9888 9893 9892 9889 9890 9894 9889 9894 9893 9890 9891 9895 9890 9895 9894 9891 9888 9892 9891 9892 9895 9896 9898 9897 9896 9899 9898 9900 9901 9902 9900 9902 9903 9896 9897 9901 9896 9901 9900 9897 9898 9902 9897 9902 9901 9898 9899 9903 9898 9903 9902 9899 9896 9900 9899 9900 9903 9904 9906 9905 9904 9907 9906 9908 9909 9910 9908 9910 9911 9904 9905 9909 9904 9909 9908 9905 9906 9910 9905 9910 9909 9906 9907 9911 9906 9911 9910 9907 9904 9908 9907 9908 9911 9912 9914 9913 9912 9915 9914 9916 9917 9918 9916 9918 9919 9912 9913 9917 9912 9917 9916 9913 9914 9918 9913 9918 9917 9914 9915 9919 9914 9919 9918 9915 9912 9916 9915 9916 9919 9920 9922 9921 9920 9923 9922 9924 9925 9926 9924 9926 9927 9920 9921 9925 9920 9925 9924 9921 9922 9926 9921 9926 9925 9922 9923 9927 9922 9927 9926 9923 9920 9924 9923 9924 9927 9928 9930 9929 9928 9931 9930 9932 9933 9934 9932 9934 9935 9928 9929 9933 9928 9933 9932 9929 9930 9934 9929 9934 9933 9930 9931 9935 9930 9935 9934 9931 9928 9932 9931 9932 9935 9936 9938 9937 9936 9939 9938 9940 9941 9942 9940 9942 9943 9936 9937 9941 9936 9941 9940 9937 9938 9942 9937 9942 9941 9938 9939 9943 9938 9943 9942 9939 9936 9940 9939 9940 9943 9944 9946 9945 9944 9947 9946 9948 9949 9950 9948 9950 9951 9944 9945 9949 9944 9949 9948 9945 9946 9950 9945 9950 9949 9946 9947 9951 9946 9951 9950 9947 9944 9948 9947 9948 9951 9952 9954 9953 9952 9955 9954 9956 9957 9958 9956 9958 9959 9952 9953 9957 9952 9957 9956 9953 9954 9958 9953 9958 9957 9954 9955 9959 9954 9959 9958 9955 9952 9956 9955 9956 9959 9960 9962 9961 9960 9963 9962 9964 9965 9966 9964 9966 9967 9960 9961 9965 9960 9965 9964 9961 9962 9966 9961 9966 9965 9962 9963 9967 9962 9967 9966 9963 9960 9964 9963 9964 9967 9968 9970 9969 9968 9971 9970 9972 9973 9974 9972 9974 9975 9968 9969 9973 9968 9973 9972 9969 9970 9974 9969 9974 9973 9970 9971 9975 9970 9975 9974 9971 9968 9972 9971 9972 9975 9976 9978 9977 9976 9979 9978 9980 9981 9982 9980 9982 9983 9976 9977 9981 9976 9981 9980 9977 9978 9982 9977 9982 9981 9978 9979 9983 9978 9983 9982 9979 9976 9980 9979 9980 9983 9984 9986 9985 9984 9987 9986 9988 9989 9990 9988 9990 9991 9984 9985 9989 9984 9989 9988 9985 9986 9990 9985 9990 9989 9986 9987 9991 9986 9991 9990 9987 9984 9988 9987 9988 9991 9992 9994 9993 9992 9995 9994 9996 9997 9998 9996 9998 9999 9992 9993 9997 9992 9997 9996 9993 9994 9998 9993 9998 9997 9994 9995 9999 9994 9999 9998 9995 9992 9996 9995 9996 9999 10000 10002 10001 10000 10003 10002 10004 10005 10006 10004 10006 10007 10000 10001 10005 10000 10005 10004 10001 10002 10006 10001 10006 10005 10002 10003 10007 10002 10007 10006 10003 10000 10004 10003 10004 10007 10008 10010 10009 10008 10011 10010 10012 10013 10014 10012 10014 10015 10008 10009 10013 10008 10013 10012 10009 10010 10014 10009 10014 10013 10010 10011 10015 10010 10015 10014 10011 10008 10012 10011 10012 10015 10016 10018 10017 10016 10019 10018 10020 10021 10022 10020 10022 10023 10016 10017 10021 10016 10021 10020 10017 10018 10022 10017 10022 10021 10018 10019 10023 10018 10023 10022 10019 10016 10020 10019 10020 10023 10024 10026 10025 10024 10027 10026 10028 10029 10030 10028 10030 10031 10024 10025 10029 10024 10029 10028 10025 10026 10030 10025 10030 10029 10026 10027 10031 10026 10031 10030 10027 10024 10028 10027 10028 10031 10032 10034 10033 10032 10035 10034 10036 10037 10038 10036 10038 10039 10032 10033 10037 10032 10037 10036 10033 10034 10038 10033 10038 10037 10034 10035 10039 10034 10039 10038 10035 10032 10036 10035 10036 10039 10040 10042 10041 10040 10043 10042 10044 10045 10046 10044 10046 10047 10040 10041 10045 10040 10045 10044 10041 10042 10046 10041 10046 10045 10042 10043 10047 10042 10047 10046 10043 10040 10044 10043 10044 10047 10048 10050 10049 10048 10051 10050 10052 10053 10054 10052 10054 10055 10048 10049 10053 10048 10053 10052 10049 10050 10054 10049 10054 10053 10050 10051 10055 10050 10055 10054 10051 10048 10052 10051 10052 10055 10056 10058 10057 10056 10059 10058 10060 10061 10062 10060 10062 10063 10056 10057 10061 10056 10061 10060 10057 10058 10062 10057 10062 10061 10058 10059 10063 10058 10063 10062 10059 10056 10060 10059 10060 10063 10064 10066 10065 10064 10067 10066 10068 10069 10070 10068 10070 10071 10064 10065 10069 10064 10069 10068 10065 10066 10070 10065 10070 10069 10066 10067 10071 10066 10071 10070 10067 10064 10068 10067 10068 10071 10072 10074 10073 10072 10075 10074 10076 10077 10078 10076 10078 10079 10072 10073 10077 10072 10077 10076 10073 10074 10078 10073 10078 10077 10074 10075 10079 10074 10079 10078 10075 10072 10076 10075 10076 10079 10080 10082 10081 10080 10083 10082 10084 10085 10086 10084 10086 10087 10080 10081 10085 10080 10085 10084 10081 10082 10086 10081 10086 10085 10082 10083 10087 10082 10087 10086 10083 10080 10084 10083 10084 10087 10088 10090 10089 10088 10091 10090 10092 10093 10094 10092 10094 10095 10088 10089 10093 10088 10093 10092 10089 10090 10094 10089 10094 10093 10090 10091 10095 10090 10095 10094 10091 10088 10092 10091 10092 10095 10096 10098 10097 10096 10099 10098 10100 10101 10102 10100 10102 10103 10096 10097 10101 10096 10101 10100 10097 10098 10102 10097 10102 10101 10098 10099 10103 10098 10103 10102 10099 10096 10100 10099 10100 10103 10104 10106 10105 10104 10107 10106 10108 10109 10110 10108 10110 10111 10104 10105 10109 10104 10109 10108 10105 10106 10110 10105 10110 10109 10106 10107 10111 10106 10111 10110 10107 10104 10108 10107 10108 10111 10112 10114 10113 10112 10115 10114 10116 10117 10118 10116 10118 10119 10112 10113 10117 10112 10117 10116 10113 10114 10118 10113 10118 10117 10114 10115 10119 10114 10119 10118 10115 10112 10116 10115 10116 10119 10120 10122 10121 10120 10123 10122 10124 10125 10126 10124 10126 10127 10120 10121 10125 10120 10125 10124 10121 10122 10126 10121 10126 10125 10122 10123 10127 10122 10127 10126 10123 10120 10124 10123 10124 10127 10128 10130 10129 10128 10131 10130 10132 10133 10134 10132 10134 10135 10128 10129 10133 10128 10133 10132 10129 10130 10134 10129 10134 10133 10130 10131 10135 10130 10135 10134 10131 10128 10132 10131 10132 10135 10136 10138 10137 10136 10139 10138 10140 10141 10142 10140 10142 10143 10136 10137 10141 10136 10141 10140 10137 10138 10142 10137 10142 10141 10138 10139 10143 10138 10143 10142 10139 10136 10140 10139 10140 10143 10144 10146 10145 10144 10147 10146 10148 10149 10150 10148 10150 10151 10144 10145 10149 10144 10149 10148 10145 10146 10150 10145 10150 10149 10146 10147 10151 10146 10151 10150 10147 10144 10148 10147 10148 10151 10152 10154 10153 10152 10155 10154 10156 10157 10158 10156 10158 10159 10152 10153 10157 10152 10157 10156 10153 10154 10158 10153 10158 10157 10154 10155 10159 10154 10159 10158 10155 10152 10156 10155 10156 10159 10160 10162 10161 10160 10163 10162 10164 10165 10166 10164 10166 10167 10160 10161 10165 10160 10165 10164 10161 10162 10166 10161 10166 10165 10162 10163 10167 10162 10167 10166 10163 10160 10164 10163 10164 10167 10168 10170 10169 10168 10171 10170 10172 10173 10174 10172 10174 10175 10168 10169 10173 10168 10173 10172 10169 10170 10174 10169 10174 10173 10170 10171 10175 10170 10175 10174 10171 10168 10172 10171 10172 10175 10176 10178 10177 10176 10179 10178 10180 10181 10182 10180 10182 10183 10176 10177 10181 10176 10181 10180 10177 10178 10182 10177 10182 10181 10178 10179 10183 10178 10183 10182 10179 10176 10180 10179 10180 10183 10184 10186 10185 10184 10187 10186 10188 10189 10190 10188 10190 10191 10184 10185 10189 10184 10189 10188 10185 10186 10190 10185 10190 10189 10186 10187 10191 10186 10191 10190 10187 10184 10188 10187 10188 10191 10192 10194 10193 10192 10195 10194 10196 10197 10198 10196 10198 10199 10192 10193 10197 10192 10197 10196 10193 10194 10198 10193 10198 10197 10194 10195 10199 10194 10199 10198 10195 10192 10196 10195 10196 10199 10200 10202 10201 10200 10203 10202 10204 10205 10206 10204 10206 10207 10200 10201 10205 10200 10205 10204 10201 10202 10206 10201 10206 10205 10202 10203 10207 10202 10207 10206 10203 10200 10204 10203 10204 10207 10208 10210 10209 10208 10211 10210 10212 10213 10214 10212 10214 10215 10208 10209 10213 10208 10213 10212 10209 10210 10214 10209 10214 10213 10210 10211 10215 10210 10215 10214 10211 10208 10212 10211 10212 10215 10216 10218 10217 10216 10219 10218 10220 10221 10222 10220 10222 10223 10216 10217 10221 10216 10221 10220 10217 10218 10222 10217 10222 10221 10218 10219 10223 10218 10223 10222 10219 10216 10220 10219 10220 10223 10224 10226 10225 10224 10227 10226 10228 10229 10230 10228 10230 10231 10224 10225 10229 10224 10229 10228 10225 10226 10230 10225 10230 10229 10226 10227 10231 10226 10231 10230 10227 10224 10228 10227 10228 10231 10232 10234 10233 10232 10235 10234 10236 10237 10238 10236 10238 10239 10232 10233 10237 10232 10237 10236 10233 10234 10238 10233 10238 10237 10234 10235 10239 10234 10239 10238 10235 10232 10236 10235 10236 10239 10240 10242 10241 10240 10243 10242 10244 10245 10246 10244 10246 10247 10240 10241 10245 10240 10245 10244 10241 10242 10246 10241 10246 10245 10242 10243 10247 10242 10247 10246 10243 10240 10244 10243 10244 10247 10248 10250 10249 10248 10251 10250 10252 10253 10254 10252 10254 10255 10248 10249 10253 10248 10253 10252 10249 10250 10254 10249 10254 10253 10250 10251 10255 10250 10255 10254 10251 10248 10252 10251 10252 10255 10256 10258 10257 10256 10259 10258 10260 10261 10262 10260 10262 10263 10256 10257 10261 10256 10261 10260 10257 10258 10262 10257 10262 10261 10258 10259 10263 10258 10263 10262 10259 10256 10260 10259 10260 10263 10264 10266 10265 10264 10267 10266 10268 10269 10270 10268 10270 10271 10264 10265 10269 10264 10269 10268 10265 10266 10270 10265 10270 10269 10266 10267 10271 10266 10271 10270 10267 10264 10268 10267 10268 10271 10272 10274 10273 10272 10275 10274 10276 10277 10278 10276 10278 10279 10272 10273 10277 10272 10277 10276 10273 10274 10278 10273 10278 10277 10274 10275 10279 10274 10279 10278 10275 10272 10276 10275 10276 10279 10280 10282 10281 10280 10283 10282 10284 10285 10286 10284 10286 10287 10280 10281 10285 10280 10285 10284 10281 10282 10286 10281 10286 10285 10282 10283 10287 10282 10287 10286 10283 10280 10284 10283 10284 10287 10288 10290 10289 10288 10291 10290 10292 10293 10294 10292 10294 10295 10288 10289 10293 10288 10293 10292 10289 10290 10294 10289 10294 10293 10290 10291 10295 10290 10295 10294 10291 10288 10292 10291 10292 10295 10296 10298 10297 10296 10299 10298 10300 10301 10302 10300 10302 10303 10296 10297 10301 10296 10301 10300 10297 10298 10302 10297 10302 10301 10298 10299 10303 10298 10303 10302 10299 10296 10300 10299 10300 10303 10304 10306 10305 10304 10307 10306 10308 10309 10310 10308 10310 10311 10304 10305 10309 10304 10309 10308 10305 10306 10310 10305 10310 10309 10306 10307 10311 10306 10311 10310 10307 10304 10308 10307 10308 10311 10312 10314 10313 10312 10315 10314 10316 10317 10318 10316 10318 10319 10312 10313 10317 10312 10317 10316 10313 10314 10318 10313 10318 10317 10314 10315 10319 10314 10319 10318 10315 10312 10316 10315 10316 10319 10320 10322 10321 10320 10323 10322 10324 10325 10326 10324 10326 10327 10320 10321 10325 10320 10325 10324 10321 10322 10326 10321 10326 10325 10322 10323 10327 10322 10327 10326 10323 10320 10324 10323 10324 10327 10328 10330 10329 10328 10331 10330 10332 10333 10334 10332 10334 10335 10328 10329 10333 10328 10333 10332 10329 10330 10334 10329 10334 10333 10330 10331 10335 10330 10335 10334 10331 10328 10332 10331 10332 10335 10336 10338 10337 10336 10339 10338 10340 10341 10342 10340 10342 10343 10336 10337 10341 10336 10341 10340 10337 10338 10342 10337 10342 10341 10338 10339 10343 10338 10343 10342 10339 10336 10340 10339 10340 10343 10344 10346 10345 10344 10347 10346 10348 10349 10350 10348 10350 10351 10344 10345 10349 10344 10349 10348 10345 10346 10350 10345 10350 10349 10346 10347 10351 10346 10351 10350 10347 10344 10348 10347 10348 10351 10352 10354 10353 10352 10355 10354 10356 10357 10358 10356 10358 10359 10352 10353 10357 10352 10357 10356 10353 10354 10358 10353 10358 10357 10354 10355 10359 10354 10359 10358 10355 10352 10356 10355 10356 10359 10360 10362 10361 10360 10363 10362 10364 10365 10366 10364 10366 10367 10360 10361 10365 10360 10365 10364 10361 10362 10366 10361 10366 10365 10362 10363 10367 10362 10367 10366 10363 10360 10364 10363 10364 10367 10368 10370 10369 10368 10371 10370 10372 10373 10374 10372 10374 10375 10368 10369 10373 10368 10373 10372 10369 10370 10374 10369 10374 10373 10370 10371 10375 10370 10375 10374 10371 10368 10372 10371 10372 10375 10376 10378 10377 10376 10379 10378 10380 10381 10382 10380 10382 10383 10376 10377 10381 10376 10381 10380 10377 10378 10382 10377 10382 10381 10378 10379 10383 10378 10383 10382 10379 10376 10380 10379 10380 10383 10384 10386 10385 10384 10387 10386 10388 10389 10390 10388 10390 10391 10384 10385 10389 10384 10389 10388 10385 10386 10390 10385 10390 10389 10386 10387 10391 10386 10391 10390 10387 10384 10388 10387 10388 10391 10392 10394 10393 10392 10395 10394 10396 10397 10398 10396 10398 10399 10392 10393 10397 10392 10397 10396 10393 10394 10398 10393 10398 10397 10394 10395 10399 10394 10399 10398 10395 10392 10396 10395 10396 10399 10400 10402 10401 10400 10403 10402 10404 10405 10406 10404 10406 10407 10400 10401 10405 10400 10405 10404 10401 10402 10406 10401 10406 10405 10402 10403 10407 10402 10407 10406 10403 10400 10404 10403 10404 10407 10408 10410 10409 10408 10411 10410 10412 10413 10414 10412 10414 10415 10408 10409 10413 10408 10413 10412 10409 10410 10414 10409 10414 10413 10410 10411 10415 10410 10415 10414 10411 10408 10412 10411 10412 10415 10416 10418 10417 10416 10419 10418 10420 10421 10422 10420 10422 10423 10416 10417 10421 10416 10421 10420 10417 10418 10422 10417 10422 10421 10418 10419 10423 10418 10423 10422 10419 10416 10420 10419 10420 10423 10424 10426 10425 10424 10427 10426 10428 10429 10430 10428 10430 10431 10424 10425 10429 10424 10429 10428 10425 10426 10430 10425 10430 10429 10426 10427 10431 10426 10431 10430 10427 10424 10428 10427 10428 10431 10432 10434 10433 10432 10435 10434 10436 10437 10438 10436 10438 10439 10432 10433 10437 10432 10437 10436 10433 10434 10438 10433 10438 10437 10434 10435 10439 10434 10439 10438 10435 10432 10436 10435 10436 10439 10440 10442 10441 10440 10443 10442 10444 10445 10446 10444 10446 10447 10440 10441 10445 10440 10445 10444 10441 10442 10446 10441 10446 10445 10442 10443 10447 10442 10447 10446 10443 10440 10444 10443 10444 10447 10448 10450 10449 10448 10451 10450 10452 10453 10454 10452 10454 10455 10448 10449 10453 10448 10453 10452 10449 10450 10454 10449 10454 10453 10450 10451 10455 10450 10455 10454 10451 10448 10452 10451 10452 10455 10456 10458 10457 10456 10459 10458 10460 10461 10462 10460 10462 10463 10456 10457 10461 10456 10461 10460 10457 10458 10462 10457 10462 10461 10458 10459 10463 10458 10463 10462 10459 10456 10460 10459 10460 10463 10464 10466 10465 10464 10467 10466 10468 10469 10470 10468 10470 10471 10464 10465 10469 10464 10469 10468 10465 10466 10470 10465 10470 10469 10466 10467 10471 10466 10471 10470 10467 10464 10468 10467 10468 10471 10472 10474 10473 10472 10475 10474 10476 10477 10478 10476 10478 10479 10472 10473 10477 10472 10477 10476 10473 10474 10478 10473 10478 10477 10474 10475 10479 10474 10479 10478 10475 10472 10476 10475 10476 10479 10480 10482 10481 10480 10483 10482 10484 10485 10486 10484 10486 10487 10480 10481 10485 10480 10485 10484 10481 10482 10486 10481 10486 10485 10482 10483 10487 10482 10487 10486 10483 10480 10484 10483 10484 10487 10488 10490 10489 10488 10491 10490 10492 10493 10494 10492 10494 10495 10488 10489 10493 10488 10493 10492 10489 10490 10494 10489 10494 10493 10490 10491 10495 10490 10495 10494 10491 10488 10492 10491 10492 10495 10496 10498 10497 10496 10499 10498 10500 10501 10502 10500 10502 10503 10496 10497 10501 10496 10501 10500 10497 10498 10502 10497 10502 10501 10498 10499 10503 10498 10503 10502 10499 10496 10500 10499 10500 10503 10504 10506 10505 10504 10507 10506 10508 10509 10510 10508 10510 10511 10504 10505 10509 10504 10509 10508 10505 10506 10510 10505 10510 10509 10506 10507 10511 10506 10511 10510 10507 10504 10508 10507 10508 10511 10512 10514 10513 10512 10515 10514 10516 10517 10518 10516 10518 10519 10512 10513 10517 10512 10517 10516 10513 10514 10518 10513 10518 10517 10514 10515 10519 10514 10519 10518 10515 10512 10516 10515 10516 10519 10520 10522 10521 10520 10523 10522 10524 10525 10526 10524 10526 10527 10520 10521 10525 10520 10525 10524 10521 10522 10526 10521 10526 10525 10522 10523 10527 10522 10527 10526 10523 10520 10524 10523 10524 10527 10528 10530 10529 10528 10531 10530 10532 10533 10534 10532 10534 10535 10528 10529 10533 10528 10533 10532 10529 10530 10534 10529 10534 10533 10530 10531 10535 10530 10535 10534 10531 10528 10532 10531 10532 10535 10536 10538 10537 10536 10539 10538 10540 10541 10542 10540 10542 10543 10536 10537 10541 10536 10541 10540 10537 10538 10542 10537 10542 10541 10538 10539 10543 10538 10543 10542 10539 10536 10540 10539 10540 10543 10544 10546 10545 10544 10547 10546 10548 10549 10550 10548 10550 10551 10544 10545 10549 10544 10549 10548 10545 10546 10550 10545 10550 10549 10546 10547 10551 10546 10551 10550 10547 10544 10548 10547 10548 10551 10552 10554 10553 10552 10555 10554 10556 10557 10558 10556 10558 10559 10552 10553 10557 10552 10557 10556 10553 10554 10558 10553 10558 10557 10554 10555 10559 10554 10559 10558 10555 10552 10556 10555 10556 10559 10560 10562 10561 10560 10563 10562 10564 10565 10566 10564 10566 10567 10560 10561 10565 10560 10565 10564 10561 10562 10566 10561 10566 10565 10562 10563 10567 10562 10567 10566 10563 10560 10564 10563 10564 10567 10568 10570 10569 10568 10571 10570 10572 10573 10574 10572 10574 10575 10568 10569 10573 10568 10573 10572 10569 10570 10574 10569 10574 10573 10570 10571 10575 10570 10575 10574 10571 10568 10572 10571 10572 10575 10576 10578 10577 10576 10579 10578 10580 10581 10582 10580 10582 10583 10576 10577 10581 10576 10581 10580 10577 10578 10582 10577 10582 10581 10578 10579 10583 10578 10583 10582 10579 10576 10580 10579 10580 10583 10584 10586 10585 10584 10587 10586 10588 10589 10590 10588 10590 10591 10584 10585 10589 10584 10589 10588 10585 10586 10590 10585 10590 10589 10586 10587 10591 10586 10591 10590 10587 10584 10588 10587 10588 10591 10592 10594 10593 10592 10595 10594 10596 10597 10598 10596 10598 10599 10592 10593 10597 10592 10597 10596 10593 10594 10598 10593 10598 10597 10594 10595 10599 10594 10599 10598 10595 10592 10596 10595 10596 10599 10600 10602 10601 10600 10603 10602 10604 10605 10606 10604 10606 10607 10600 10601 10605 10600 10605 10604 10601 10602 10606 10601 10606 10605 10602 10603 10607 10602 10607 10606 10603 10600 10604 10603 10604 10607 10608 10610 10609 10608 10611 10610 10612 10613 10614 10612 10614 10615 10608 10609 10613 10608 10613 10612 10609 10610 10614 10609 10614 10613 10610 10611 10615 10610 10615 10614 10611 10608 10612 10611 10612 10615 10616 10618 10617 10616 10619 10618 10620 10621 10622 10620 10622 10623 10616 10617 10621 10616 10621 10620 10617 10618 10622 10617 10622 10621 10618 10619 10623 10618 10623 10622 10619 10616 10620 10619 10620 10623 10624 10626 10625 10624 10627 10626 10628 10629 10630 10628 10630 10631 10624 10625 10629 10624 10629 10628 10625 10626 10630 10625 10630 10629 10626 10627 10631 10626 10631 10630 10627 10624 10628 10627 10628 10631 10632 10634 10633 10632 10635 10634 10636 10637 10638 10636 10638 10639 10632 10633 10637 10632 10637 10636 10633 10634 10638 10633 10638 10637 10634 10635 10639 10634 10639 10638 10635 10632 10636 10635 10636 10639 10640 10642 10641 10640 10643 10642 10644 10645 10646 10644 10646 10647 10640 10641 10645 10640 10645 10644 10641 10642 10646 10641 10646 10645 10642 10643 10647 10642 10647 10646 10643 10640 10644 10643 10644 10647 10648 10650 10649 10648 10651 10650 10652 10653 10654 10652 10654 10655 10648 10649 10653 10648 10653 10652 10649 10650 10654 10649 10654 10653 10650 10651 10655 10650 10655 10654 10651 10648 10652 10651 10652 10655 10656 10658 10657 10656 10659 10658 10660 10661 10662 10660 10662 10663 10656 10657 10661 10656 10661 10660 10657 10658 10662 10657 10662 10661 10658 10659 10663 10658 10663 10662 10659 10656 10660 10659 10660 10663 10664 10666 10665 10664 10667 10666 10668 10669 10670 10668 10670 10671 10664 10665 10669 10664 10669 10668 10665 10666 10670 10665 10670 10669 10666 10667 10671 10666 10671 10670 10667 10664 10668 10667 10668 10671 10672 10674 10673 10672 10675 10674 10676 10677 10678 10676 10678 10679 10672 10673 10677 10672 10677 10676 10673 10674 10678 10673 10678 10677 10674 10675 10679 10674 10679 10678 10675 10672 10676 10675 10676 10679 10680 10682 10681 10680 10683 10682 10684 10685 10686 10684 10686 10687 10680 10681 10685 10680 10685 10684 10681 10682 10686 10681 10686 10685 10682 10683 10687 10682 10687 10686 10683 10680 10684 10683 10684 10687 10688 10690 10689 10688 10691 10690 10692 10693 10694 10692 10694 10695 10688 10689 10693 10688 10693 10692 10689 10690 10694 10689 10694 10693 10690 10691 10695 10690 10695 10694 10691 10688 10692 10691 10692 10695 10696 10698 10697 10696 10699 10698 10700 10701 10702 10700 10702 10703 10696 10697 10701 10696 10701 10700 10697 10698 10702 10697 10702 10701 10698 10699 10703 10698 10703 10702 10699 10696 10700 10699 10700 10703 10704 10706 10705 10704 10707 10706 10708 10709 10710 10708 10710 10711 10704 10705 10709 10704 10709 10708 10705 10706 10710 10705 10710 10709 10706 10707 10711 10706 10711 10710 10707 10704 10708 10707 10708 10711 10712 10714 10713 10712 10715 10714 10716 10717 10718 10716 10718 10719 10712 10713 10717 10712 10717 10716 10713 10714 10718 10713 10718 10717 10714 10715 10719 10714 10719 10718 10715 10712 10716 10715 10716 10719 10720 10722 10721 10720 10723 10722 10724 10725 10726 10724 10726 10727 10720 10721 10725 10720 10725 10724 10721 10722 10726 10721 10726 10725 10722 10723 10727 10722 10727 10726 10723 10720 10724 10723 10724 10727 10728 10730 10729 10728 10731 10730 10732 10733 10734 10732 10734 10735 10728 10729 10733 10728 10733 10732 10729 10730 10734 10729 10734 10733 10730 10731 10735 10730 10735 10734 10731 10728 10732 10731 10732 10735 10736 10738 10737 10736 10739 10738 10740 10741 10742 10740 10742 10743 10736 10737 10741 10736 10741 10740 10737 10738 10742 10737 10742 10741 10738 10739 10743 10738 10743 10742 10739 10736 10740 10739 10740 10743 10744 10746 10745 10744 10747 10746 10748 10749 10750 10748 10750 10751 10744 10745 10749 10744 10749 10748 10745 10746 10750 10745 10750 10749 10746 10747 10751 10746 10751 10750 10747 10744 10748 10747 10748 10751 10752 10754 10753 10752 10755 10754 10756 10757 10758 10756 10758 10759 10752 10753 10757 10752 10757 10756 10753 10754 10758 10753 10758 10757 10754 10755 10759 10754 10759 10758 10755 10752 10756 10755 10756 10759 10760 10762 10761 10760 10763 10762 10764 10765 10766 10764 10766 10767 10760 10761 10765 10760 10765 10764 10761 10762 10766 10761 10766 10765 10762 10763 10767 10762 10767 10766 10763 10760 10764 10763 10764 10767 10768 10770 10769 10768 10771 10770 10772 10773 10774 10772 10774 10775 10768 10769 10773 10768 10773 10772 10769 10770 10774 10769 10774 10773 10770 10771 10775 10770 10775 10774 10771 10768 10772 10771 10772 10775 10776 10778 10777 10776 10779 10778 10780 10781 10782 10780 10782 10783 10776 10777 10781 10776 10781 10780 10777 10778 10782 10777 10782 10781 10778 10779 10783 10778 10783 10782 10779 10776 10780 10779 10780 10783 10784 10786 10785 10784 10787 10786 10788 10789 10790 10788 10790 10791 10784 10785 10789 10784 10789 10788 10785 10786 10790 10785 10790 10789 10786 10787 10791 10786 10791 10790 10787 10784 10788 10787 10788 10791 10792 10794 10793 10792 10795 10794 10796 10797 10798 10796 10798 10799 10792 10793 10797 10792 10797 10796 10793 10794 10798 10793 10798 10797 10794 10795 10799 10794 10799 10798 10795 10792 10796 10795 10796 10799 10800 10802 10801 10800 10803 10802 10804 10805 10806 10804 10806 10807 10800 10801 10805 10800 10805 10804 10801 10802 10806 10801 10806 10805 10802 10803 10807 10802 10807 10806 10803 10800 10804 10803 10804 10807 10808 10810 10809 10808 10811 10810 10812 10813 10814 10812 10814 10815 10808 10809 10813 10808 10813 10812 10809 10810 10814 10809 10814 10813 10810 10811 10815 10810 10815 10814 10811 10808 10812 10811 10812 10815 10816 10818 10817 10816 10819 10818 10820 10821 10822 10820 10822 10823 10816 10817 10821 10816 10821 10820 10817 10818 10822 10817 10822 10821 10818 10819 10823 10818 10823 10822 10819 10816 10820 10819 10820 10823 10824 10826 10825 10824 10827 10826 10828 10829 10830 10828 10830 10831 10824 10825 10829 10824 10829 10828 10825 10826 10830 10825 10830 10829 10826 10827 10831 10826 10831 10830 10827 10824 10828 10827 10828 10831 10832 10834 10833 10832 10835 10834 10836 10837 10838 10836 10838 10839 10832 10833 10837 10832 10837 10836 10833 10834 10838 10833 10838 10837 10834 10835 10839 10834 10839 10838 10835 10832 10836 10835 10836 10839 10840 10842 10841 10840 10843 10842 10844 10845 10846 10844 10846 10847 10840 10841 10845 10840 10845 10844 10841 10842 10846 10841 10846 10845 10842 10843 10847 10842 10847 10846 10843 10840 10844 10843 10844 10847 10848 10850 10849 10848 10851 10850 10852 10853 10854 10852 10854 10855 10848 10849 10853 10848 10853 10852 10849 10850 10854 10849 10854 10853 10850 10851 10855 10850 10855 10854 10851 10848 10852 10851 10852 10855 10856 10858 10857 10856 10859 10858 10860 10861 10862 10860 10862 10863 10856 10857 10861 10856 10861 10860 10857 10858 10862 10857 10862 10861 10858 10859 10863 10858 10863 10862 10859 10856 10860 10859 10860 10863 10864 10866 10865 10864 10867 10866 10868 10869 10870 10868 10870 10871 10864 10865 10869 10864 10869 10868 10865 10866 10870 10865 10870 10869 10866 10867 10871 10866 10871 10870 10867 10864 10868 10867 10868 10871 10872 10874 10873 10872 10875 10874 10876 10877 10878 10876 10878 10879 10872 10873 10877 10872 10877 10876 10873 10874 10878 10873 10878 10877 10874 10875 10879 10874 10879 10878 10875 10872 10876 10875 10876 10879 10880 10882 10881 10880 10883 10882 10884 10885 10886 10884 10886 10887 10880 10881 10885 10880 10885 10884 10881 10882 10886 10881 10886 10885 10882 10883 10887 10882 10887 10886 10883 10880 10884 10883 10884 10887 10888 10890 10889 10888 10891 10890 10892 10893 10894 10892 10894 10895 10888 10889 10893 10888 10893 10892 10889 10890 10894 10889 10894 10893 10890 10891 10895 10890 10895 10894 10891 10888 10892 10891 10892 10895 10896 10898 10897 10896 10899 10898 10900 10901 10902 10900 10902 10903 10896 10897 10901 10896 10901 10900 10897 10898 10902 10897 10902 10901 10898 10899 10903 10898 10903 10902 10899 10896 10900 10899 10900 10903 10904 10906 10905 10904 10907 10906 10908 10909 10910 10908 10910 10911 10904 10905 10909 10904 10909 10908 10905 10906 10910 10905 10910 10909 10906 10907 10911 10906 10911 10910 10907 10904 10908 10907 10908 10911 10912 10914 10913 10912 10915 10914 10916 10917 10918 10916 10918 10919 10912 10913 10917 10912 10917 10916 10913 10914 10918 10913 10918 10917 10914 10915 10919 10914 10919 10918 10915 10912 10916 10915 10916 10919 10920 10922 10921 10920 10923 10922 10924 10925 10926 10924 10926 10927 10920 10921 10925 10920 10925 10924 10921 10922 10926 10921 10926 10925 10922 10923 10927 10922 10927 10926 10923 10920 10924 10923 10924 10927 10928 10930 10929 10928 10931 10930 10932 10933 10934 10932 10934 10935 10928 10929 10933 10928 10933 10932 10929 10930 10934 10929 10934 10933 10930 10931 10935 10930 10935 10934 10931 10928 10932 10931 10932 10935 10936 10938 10937 10936 10939 10938 10940 10941 10942 10940 10942 10943 10936 10937 10941 10936 10941 10940 10937 10938 10942 10937 10942 10941 10938 10939 10943 10938 10943 10942 10939 10936 10940 10939 10940 10943 10944 10946 10945 10944 10947 10946 10948 10949 10950 10948 10950 10951 10944 10945 10949 10944 10949 10948 10945 10946 10950 10945 10950 10949 10946 10947 10951 10946 10951 10950 10947 10944 10948 10947 10948 10951 10952 10954 10953 10952 10955 10954 10956 10957 10958 10956 10958 10959 10952 10953 10957 10952 10957 10956 10953 10954 10958 10953 10958 10957 10954 10955 10959 10954 10959 10958 10955 10952 10956 10955 10956 10959 10960 10962 10961 10960 10963 10962 10964 10965 10966 10964 10966 10967 10960 10961 10965 10960 10965 10964 10961 10962 10966 10961 10966 10965 10962 10963 10967 10962 10967 10966 10963 10960 10964 10963 10964 10967 10968 10970 10969 10968 10971 10970 10972 10973 10974 10972 10974 10975 10968 10969 10973 10968 10973 10972 10969 10970 10974 10969 10974 10973 10970 10971 10975 10970 10975 10974 10971 10968 10972 10971 10972 10975 10976 10978 10977 10976 10979 10978 10980 10981 10982 10980 10982 10983 10976 10977 10981 10976 10981 10980 10977 10978 10982 10977 10982 10981 10978 10979 10983 10978 10983 10982 10979 10976 10980 10979 10980 10983 10984 10986 10985 10984 10987 10986 10988 10989 10990 10988 10990 10991 10984 10985 10989 10984 10989 10988 10985 10986 10990 10985 10990 10989 10986 10987 10991 10986 10991 10990 10987 10984 10988 10987 10988 10991 10992 10994 10993 10992 10995 10994 10996 10997 10998 10996 10998 10999 10992 10993 10997 10992 10997 10996 10993 10994 10998 10993 10998 10997 10994 10995 10999 10994 10999 10998 10995 10992 10996 10995 10996 10999 11000 11002 11001 11000 11003 11002 11004 11005 11006 11004 11006 11007 11000 11001 11005 11000 11005 11004 11001 11002 11006 11001 11006 11005 11002 11003 11007 11002 11007 11006 11003 11000 11004 11003 11004 11007 11008 11010 11009 11008 11011 11010 11012 11013 11014 11012 11014 11015 11008 11009 11013 11008 11013 11012 11009 11010 11014 11009 11014 11013 11010 11011 11015 11010 11015 11014 11011 11008 11012 11011 11012 11015 11016 11018 11017 11016 11019 11018 11020 11021 11022 11020 11022 11023 11016 11017 11021 11016 11021 11020 11017 11018 11022 11017 11022 11021 11018 11019 11023 11018 11023 11022 11019 11016 11020 11019 11020 11023 11024 11026 11025 11024 11027 11026 11028 11029 11030 11028 11030 11031 11024 11025 11029 11024 11029 11028 11025 11026 11030 11025 11030 11029 11026 11027 11031 11026 11031 11030 11027 11024 11028 11027 11028 11031 11032 11034 11033 11032 11035 11034 11036 11037 11038 11036 11038 11039 11032 11033 11037 11032 11037 11036 11033 11034 11038 11033 11038 11037 11034 11035 11039 11034 11039 11038 11035 11032 11036 11035 11036 11039 11040 11042 11041 11040 11043 11042 11044 11045 11046 11044 11046 11047 11040 11041 11045 11040 11045 11044 11041 11042 11046 11041 11046 11045 11042 11043 11047 11042 11047 11046 11043 11040 11044 11043 11044 11047 11048 11050 11049 11048 11051 11050 11052 11053 11054 11052 11054 11055 11048 11049 11053 11048 11053 11052 11049 11050 11054 11049 11054 11053 11050 11051 11055 11050 11055 11054 11051 11048 11052 11051 11052 11055 11056 11058 11057 11056 11059 11058 11060 11061 11062 11060 11062 11063 11056 11057 11061 11056 11061 11060 11057 11058 11062 11057 11062 11061 11058 11059 11063 11058 11063 11062 11059 11056 11060 11059 11060 11063 11064 11066 11065 11064 11067 11066 11068 11069 11070 11068 11070 11071 11064 11065 11069 11064 11069 11068 11065 11066 11070 11065 11070 11069 11066 11067 11071 11066 11071 11070 11067 11064 11068 11067 11068 11071 11072 11074 11073 11072 11075 11074 11076 11077 11078 11076 11078 11079 11072 11073 11077 11072 11077 11076 11073 11074 11078 11073 11078 11077 11074 11075 11079 11074 11079 11078 11075 11072 11076 11075 11076 11079 11080 11082 11081 11080 11083 11082 11084 11085 11086 11084 11086 11087 11080 11081 11085 11080 11085 11084 11081 11082 11086 11081 11086 11085 11082 11083 11087 11082 11087 11086 11083 11080 11084 11083 11084 11087 11088 11090 11089 11088 11091 11090 11092 11093 11094 11092 11094 11095 11088 11089 11093 11088 11093 11092 11089 11090 11094 11089 11094 11093 11090 11091 11095 11090 11095 11094 11091 11088 11092 11091 11092 11095 11096 11098 11097 11096 11099 11098 11100 11101 11102 11100 11102 11103 11096 11097 11101 11096 11101 11100 11097 11098 11102 11097 11102 11101 11098 11099 11103 11098 11103 11102 11099 11096 11100 11099 11100 11103 11104 11106 11105 11104 11107 11106 11108 11109 11110 11108 11110 11111 11104 11105 11109 11104 11109 11108 11105 11106 11110 11105 11110 11109 11106 11107 11111 11106 11111 11110 11107 11104 11108 11107 11108 11111 11112 11114 11113 11112 11115 11114 11116 11117 11118 11116 11118 11119 11112 11113 11117 11112 11117 11116 11113 11114 11118 11113 11118 11117 11114 11115 11119 11114 11119 11118 11115 11112 11116 11115 11116 11119 11120 11122 11121 11120 11123 11122 11124 11125 11126 11124 11126 11127 11120 11121 11125 11120 11125 11124 11121 11122 11126 11121 11126 11125 11122 11123 11127 11122 11127 11126 11123 11120 11124 11123 11124 11127 11128 11130 11129 11128 11131 11130 11132 11133 11134 11132 11134 11135 11128 11129 11133 11128 11133 11132 11129 11130 11134 11129 11134 11133 11130 11131 11135 11130 11135 11134 11131 11128 11132 11131 11132 11135 11136 11138 11137 11136 11139 11138 11140 11141 11142 11140 11142 11143 11136 11137 11141 11136 11141 11140 11137 11138 11142 11137 11142 11141 11138 11139 11143 11138 11143 11142 11139 11136 11140 11139 11140 11143 11144 11146 11145 11144 11147 11146 11148 11149 11150 11148 11150 11151 11144 11145 11149 11144 11149 11148 11145 11146 11150 11145 11150 11149 11146 11147 11151 11146 11151 11150 11147 11144 11148 11147 11148 11151 11152 11154 11153 11152 11155 11154 11156 11157 11158 11156 11158 11159 11152 11153 11157 11152 11157 11156 11153 11154 11158 11153 11158 11157 11154 11155 11159 11154 11159 11158 11155 11152 11156 11155 11156 11159 11160 11162 11161 11160 11163 11162 11164 11165 11166 11164 11166 11167 11160 11161 11165 11160 11165 11164 11161 11162 11166 11161 11166 11165 11162 11163 11167 11162 11167 11166 11163 11160 11164 11163 11164 11167 11168 11170 11169 11168 11171 11170 11172 11173 11174 11172 11174 11175 11168 11169 11173 11168 11173 11172 11169 11170 11174 11169 11174 11173 11170 11171 11175 11170 11175 11174 11171 11168 11172 11171 11172 11175 11176 11178 11177 11176 11179 11178 11180 11181 11182 11180 11182 11183 11176 11177 11181 11176 11181 11180 11177 11178 11182 11177 11182 11181 11178 11179 11183 11178 11183 11182 11179 11176 11180 11179 11180 11183 11184 11186 11185 11184 11187 11186 11188 11189 11190 11188 11190 11191 11184 11185 11189 11184 11189 11188 11185 11186 11190 11185 11190 11189 11186 11187 11191 11186 11191 11190 11187 11184 11188 11187 11188 11191 11192 11194 11193 11192 11195 11194 11196 11197 11198 11196 11198 11199 11192 11193 11197 11192 11197 11196 11193 11194 11198 11193 11198 11197 11194 11195 11199 11194 11199 11198 11195 11192 11196 11195 11196 11199 11200 11202 11201 11200 11203 11202 11204 11205 11206 11204 11206 11207 11200 11201 11205 11200 11205 11204 11201 11202 11206 11201 11206 11205 11202 11203 11207 11202 11207 11206 11203 11200 11204 11203 11204 11207 11208 11210 11209 11208 11211 11210 11212 11213 11214 11212 11214 11215 11208 11209 11213 11208 11213 11212 11209 11210 11214 11209 11214 11213 11210 11211 11215 11210 11215 11214 11211 11208 11212 11211 11212 11215 11216 11218 11217 11216 11219 11218 11220 11221 11222 11220 11222 11223 11216 11217 11221 11216 11221 11220 11217 11218 11222 11217 11222 11221 11218 11219 11223 11218 11223 11222 11219 11216 11220 11219 11220 11223 11224 11226 11225 11224 11227 11226 11228 11229 11230 11228 11230 11231 11224 11225 11229 11224 11229 11228 11225 11226 11230 11225 11230 11229 11226 11227 11231 11226 11231 11230 11227 11224 11228 11227 11228 11231 11232 11234 11233 11232 11235 11234 11236 11237 11238 11236 11238 11239 11232 11233 11237 11232 11237 11236 11233 11234 11238 11233 11238 11237 11234 11235 11239 11234 11239 11238 11235 11232 11236 11235 11236 11239 11240 11242 11241 11240 11243 11242 11244 11245 11246 11244 11246 11247 11240 11241 11245 11240 11245 11244 11241 11242 11246 11241 11246 11245 11242 11243 11247 11242 11247 11246 11243 11240 11244 11243 11244 11247 11248 11250 11249 11248 11251 11250 11252 11253 11254 11252 11254 11255 11248 11249 11253 11248 11253 11252 11249 11250 11254 11249 11254 11253 11250 11251 11255 11250 11255 11254 11251 11248 11252 11251 11252 11255 11256 11258 11257 11256 11259 11258 11260 11261 11262 11260 11262 11263 11256 11257 11261 11256 11261 11260 11257 11258 11262 11257 11262 11261 11258 11259 11263 11258 11263 11262 11259 11256 11260 11259 11260 11263 11264 11266 11265 11264 11267 11266 11268 11269 11270 11268 11270 11271 11264 11265 11269 11264 11269 11268 11265 11266 11270 11265 11270 11269 11266 11267 11271 11266 11271 11270 11267 11264 11268 11267 11268 11271 11272 11274 11273 11272 11275 11274 11276 11277 11278 11276 11278 11279 11272 11273 11277 11272 11277 11276 11273 11274 11278 11273 11278 11277 11274 11275 11279 11274 11279 11278 11275 11272 11276 11275 11276 11279 11280 11282 11281 11280 11283 11282 11284 11285 11286 11284 11286 11287 11280 11281 11285 11280 11285 11284 11281 11282 11286 11281 11286 11285 11282 11283 11287 11282 11287 11286 11283 11280 11284 11283 11284 11287 11288 11290 11289 11288 11291 11290 11292 11293 11294 11292 11294 11295 11288 11289 11293 11288 11293 11292 11289 11290 11294 11289 11294 11293 11290 11291 11295 11290 11295 11294 11291 11288 11292 11291 11292 11295 11296 11298 11297 11296 11299 11298 11300 11301 11302 11300 11302 11303 11296 11297 11301 11296 11301 11300 11297 11298 11302 11297 11302 11301 11298 11299 11303 11298 11303 11302 11299 11296 11300 11299 11300 11303 11304 11306 11305 11304 11307 11306 11308 11309 11310 11308 11310 11311 11304 11305 11309 11304 11309 11308 11305 11306 11310 11305 11310 11309 11306 11307 11311 11306 11311 11310 11307 11304 11308 11307 11308 11311 11312 11314 11313 11312 11315 11314 11316 11317 11318 11316 11318 11319 11312 11313 11317 11312 11317 11316 11313 11314 11318 11313 11318 11317 11314 11315 11319 11314 11319 11318 11315 11312 11316 11315 11316 11319 11320 11322 11321 11320 11323 11322 11324 11325 11326 11324 11326 11327 11320 11321 11325 11320 11325 11324 11321 11322 11326 11321 11326 11325 11322 11323 11327 11322 11327 11326 11323 11320 11324 11323 11324 11327 11328 11330 11329 11328 11331 11330 11332 11333 11334 11332 11334 11335 11328 11329 11333 11328 11333 11332 11329 11330 11334 11329 11334 11333 11330 11331 11335 11330 11335 11334 11331 11328 11332 11331 11332 11335 11336 11338 11337 11336 11339 11338 11340 11341 11342 11340 11342 11343 11336 11337 11341 11336 11341 11340 11337 11338 11342 11337 11342 11341 11338 11339 11343 11338 11343 11342 11339 11336 11340 11339 11340 11343 11344 11346 11345 11344 11347 11346 11348 11349 11350 11348 11350 11351 11344 11345 11349 11344 11349 11348 11345 11346 11350 11345 11350 11349 11346 11347 11351 11346 11351 11350 11347 11344 11348 11347 11348 11351 11352 11354 11353 11352 11355 11354 11356 11357 11358 11356 11358 11359 11352 11353 11357 11352 11357 11356 11353 11354 11358 11353 11358 11357 11354 11355 11359 11354 11359 11358 11355 11352 11356 11355 11356 11359 11360 11362 11361 11360 11363 11362 11364 11365 11366 11364 11366 11367 11360 11361 11365 11360 11365 11364 11361 11362 11366 11361 11366 11365 11362 11363 11367 11362 11367 11366 11363 11360 11364 11363 11364 11367 11368 11370 11369 11368 11371 11370 11372 11373 11374 11372 11374 11375 11368 11369 11373 11368 11373 11372 11369 11370 11374 11369 11374 11373 11370 11371 11375 11370 11375 11374 11371 11368 11372 11371 11372 11375 11376 11378 11377 11376 11379 11378 11380 11381 11382 11380 11382 11383 11376 11377 11381 11376 11381 11380 11377 11378 11382 11377 11382 11381 11378 11379 11383 11378 11383 11382 11379 11376 11380 11379 11380 11383 11384 11386 11385 11384 11387 11386 11388 11389 11390 11388 11390 11391 11384 11385 11389 11384 11389 11388 11385 11386 11390 11385 11390 11389 11386 11387 11391 11386 11391 11390 11387 11384 11388 11387 11388 11391 11392 11394 11393 11392 11395 11394 11396 11397 11398 11396 11398 11399 11392 11393 11397 11392 11397 11396 11393 11394 11398 11393 11398 11397 11394 11395 11399 11394 11399 11398 11395 11392 11396 11395 11396 11399 11400 11402 11401 11400 11403 11402 11404 11405 11406 11404 11406 11407 11400 11401 11405 11400 11405 11404 11401 11402 11406 11401 11406 11405 11402 11403 11407 11402 11407 11406 11403 11400 11404 11403 11404 11407 11408 11410 11409 11408 11411 11410 11412 11413 11414 11412 11414 11415 11408 11409 11413 11408 11413 11412 11409 11410 11414 11409 11414 11413 11410 11411 11415 11410 11415 11414 11411 11408 11412 11411 11412 11415 11416 11418 11417 11416 11419 11418 11420 11421 11422 11420 11422 11423 11416 11417 11421 11416 11421 11420 11417 11418 11422 11417 11422 11421 11418 11419 11423 11418 11423 11422 11419 11416 11420 11419 11420 11423 11424 11426 11425 11424 11427 11426 11428 11429 11430 11428 11430 11431 11424 11425 11429 11424 11429 11428 11425 11426 11430 11425 11430 11429 11426 11427 11431 11426 11431 11430 11427 11424 11428 11427 11428 11431 11432 11434 11433 11432 11435 11434 11436 11437 11438 11436 11438 11439 11432 11433 11437 11432 11437 11436 11433 11434 11438 11433 11438 11437 11434 11435 11439 11434 11439 11438 11435 11432 11436 11435 11436 11439 11440 11442 11441 11440 11443 11442 11444 11445 11446 11444 11446 11447 11440 11441 11445 11440 11445 11444 11441 11442 11446 11441 11446 11445 11442 11443 11447 11442 11447 11446 11443 11440 11444 11443 11444 11447 11448 11450 11449 11448 11451 11450 11452 11453 11454 11452 11454 11455 11448 11449 11453 11448 11453 11452 11449 11450 11454 11449 11454 11453 11450 11451 11455 11450 11455 11454 11451 11448 11452 11451 11452 11455 11456 11458 11457 11456 11459 11458 11460 11461 11462 11460 11462 11463 11456 11457 11461 11456 11461 11460 11457 11458 11462 11457 11462 11461 11458 11459 11463 11458 11463 11462 11459 11456 11460 11459 11460 11463 11464 11466 11465 11464 11467 11466 11468 11469 11470 11468 11470 11471 11464 11465 11469 11464 11469 11468 11465 11466 11470 11465 11470 11469 11466 11467 11471 11466 11471 11470 11467 11464 11468 11467 11468 11471 11472 11474 11473 11472 11475 11474 11476 11477 11478 11476 11478 11479 11472 11473 11477 11472 11477 11476 11473 11474 11478 11473 11478 11477 11474 11475 11479 11474 11479 11478 11475 11472 11476 11475 11476 11479 11480 11482 11481 11480 11483 11482 11484 11485 11486 11484 11486 11487 11480 11481 11485 11480 11485 11484 11481 11482 11486 11481 11486 11485 11482 11483 11487 11482 11487 11486 11483 11480 11484 11483 11484 11487 11488 11490 11489 11488 11491 11490 11492 11493 11494 11492 11494 11495 11488 11489 11493 11488 11493 11492 11489 11490 11494 11489 11494 11493 11490 11491 11495 11490 11495 11494 11491 11488 11492 11491 11492 11495 11496 11498 11497 11496 11499 11498 11500 11501 11502 11500 11502 11503 11496 11497 11501 11496 11501 11500 11497 11498 11502 11497 11502 11501 11498 11499 11503 11498 11503 11502 11499 11496 11500 11499 11500 11503 11504 11506 11505 11504 11507 11506 11508 11509 11510 11508 11510 11511 11504 11505 11509 11504 11509 11508 11505 11506 11510 11505 11510 11509 11506 11507 11511 11506 11511 11510 11507 11504 11508 11507 11508 11511 11512 11514 11513 11512 11515 11514 11516 11517 11518 11516 11518 11519 11512 11513 11517 11512 11517 11516 11513 11514 11518 11513 11518 11517 11514 11515 11519 11514 11519 11518 11515 11512 11516 11515 11516 11519 11520 11522 11521 11520 11523 11522 11524 11525 11526 11524 11526 11527 11520 11521 11525 11520 11525 11524 11521 11522 11526 11521 11526 11525 11522 11523 11527 11522 11527 11526 11523 11520 11524 11523 11524 11527 11528 11530 11529 11528 11531 11530 11532 11533 11534 11532 11534 11535 11528 11529 11533 11528 11533 11532 11529 11530 11534 11529 11534 11533 11530 11531 11535 11530 11535 11534 11531 11528 11532 11531 11532 11535 11536 11538 11537 11536 11539 11538 11540 11541 11542 11540 11542 11543 11536 11537 11541 11536 11541 11540 11537 11538 11542 11537 11542 11541 11538 11539 11543 11538 11543 11542 11539 11536 11540 11539 11540 11543 11544 11546 11545 11544 11547 11546 11548 11549 11550 11548 11550 11551 11544 11545 11549 11544 11549 11548 11545 11546 11550 11545 11550 11549 11546 11547 11551 11546 11551 11550 11547 11544 11548 11547 11548 11551 11552 11554 11553 11552 11555 11554 11556 11557 11558 11556 11558 11559 11552 11553 11557 11552 11557 11556 11553 11554 11558 11553 11558 11557 11554 11555 11559 11554 11559 11558 11555 11552 11556 11555 11556 11559 11560 11562 11561 11560 11563 11562 11564 11565 11566 11564 11566 11567 11560 11561 11565 11560 11565 11564 11561 11562 11566 11561 11566 11565 11562 11563 11567 11562 11567 11566 11563 11560 11564 11563 11564 11567 11568 11570 11569 11568 11571 11570 11572 11573 11574 11572 11574 11575 11568 11569 11573 11568 11573 11572 11569 11570 11574 11569 11574 11573 11570 11571 11575 11570 11575 11574 11571 11568 11572 11571 11572 11575 11576 11578 11577 11576 11579 11578 11580 11581 11582 11580 11582 11583 11576 11577 11581 11576 11581 11580 11577 11578 11582 11577 11582 11581 11578 11579 11583 11578 11583 11582 11579 11576 11580 11579 11580 11583 11584 11586 11585 11584 11587 11586 11588 11589 11590 11588 11590 11591 11584 11585 11589 11584 11589 11588 11585 11586 11590 11585 11590 11589 11586 11587 11591 11586 11591 11590 11587 11584 11588 11587 11588 11591 11592 11594 11593 11592 11595 11594 11596 11597 11598 11596 11598 11599 11592 11593 11597 11592 11597 11596 11593 11594 11598 11593 11598 11597 11594 11595 11599 11594 11599 11598 11595 11592 11596 11595 11596 11599 11600 11602 11601 11600 11603 11602 11604 11605 11606 11604 11606 11607 11600 11601 11605 11600 11605 11604 11601 11602 11606 11601 11606 11605 11602 11603 11607 11602 11607 11606 11603 11600 11604 11603 11604 11607 11608 11610 11609 11608 11611 11610 11612 11613 11614 11612 11614 11615 11608 11609 11613 11608 11613 11612 11609 11610 11614 11609 11614 11613 11610 11611 11615 11610 11615 11614 11611 11608 11612 11611 11612 11615 11616 11618 11617 11616 11619 11618 11620 11621 11622 11620 11622 11623 11616 11617 11621 11616 11621 11620 11617 11618 11622 11617 11622 11621 11618 11619 11623 11618 11623 11622 11619 11616 11620 11619 11620 11623 11624 11626 11625 11624 11627 11626 11628 11629 11630 11628 11630 11631 11624 11625 11629 11624 11629 11628 11625 11626 11630 11625 11630 11629 11626 11627 11631 11626 11631 11630 11627 11624 11628 11627 11628 11631 11632 11634 11633 11632 11635 11634 11636 11637 11638 11636 11638 11639 11632 11633 11637 11632 11637 11636 11633 11634 11638 11633 11638 11637 11634 11635 11639 11634 11639 11638 11635 11632 11636 11635 11636 11639 11640 11642 11641 11640 11643 11642 11644 11645 11646 11644 11646 11647 11640 11641 11645 11640 11645 11644 11641 11642 11646 11641 11646 11645 11642 11643 11647 11642 11647 11646 11643 11640 11644 11643 11644 11647 11648 11650 11649 11648 11651 11650 11652 11653 11654 11652 11654 11655 11648 11649 11653 11648 11653 11652 11649 11650 11654 11649 11654 11653 11650 11651 11655 11650 11655 11654 11651 11648 11652 11651 11652 11655 11656 11658 11657 11656 11659 11658 11660 11661 11662 11660 11662 11663 11656 11657 11661 11656 11661 11660 11657 11658 11662 11657 11662 11661 11658 11659 11663 11658 11663 11662 11659 11656 11660 11659 11660 11663 11664 11666 11665 11664 11667 11666 11668 11669 11670 11668 11670 11671 11664 11665 11669 11664 11669 11668 11665 11666 11670 11665 11670 11669 11666 11667 11671 11666 11671 11670 11667 11664 11668 11667 11668 11671 11672 11674 11673 11672 11675 11674 11676 11677 11678 11676 11678 11679 11672 11673 11677 11672 11677 11676 11673 11674 11678 11673 11678 11677 11674 11675 11679 11674 11679 11678 11675 11672 11676 11675 11676 11679 11680 11682 11681 11680 11683 11682 11684 11685 11686 11684 11686 11687 11680 11681 11685 11680 11685 11684 11681 11682 11686 11681 11686 11685 11682 11683 11687 11682 11687 11686 11683 11680 11684 11683 11684 11687 11688 11690 11689 11688 11691 11690 11692 11693 11694 11692 11694 11695 11688 11689 11693 11688 11693 11692 11689 11690 11694 11689 11694 11693 11690 11691 11695 11690 11695 11694 11691 11688 11692 11691 11692 11695 11696 11698 11697 11696 11699 11698 11700 11701 11702 11700 11702 11703 11696 11697 11701 11696 11701 11700 11697 11698 11702 11697 11702 11701 11698 11699 11703 11698 11703 11702 11699 11696 11700 11699 11700 11703 11704 11706 11705 11704 11707 11706 11708 11709 11710 11708 11710 11711 11704 11705 11709 11704 11709 11708 11705 11706 11710 11705 11710 11709 11706 11707 11711 11706 11711 11710 11707 11704 11708 11707 11708 11711 11712 11714 11713 11712 11715 11714 11716 11717 11718 11716 11718 11719 11712 11713 11717 11712 11717 11716 11713 11714 11718 11713 11718 11717 11714 11715 11719 11714 11719 11718 11715 11712 11716 11715 11716 11719 11720 11722 11721 11720 11723 11722 11724 11725 11726 11724 11726 11727 11720 11721 11725 11720 11725 11724 11721 11722 11726 11721 11726 11725 11722 11723 11727 11722 11727 11726 11723 11720 11724 11723 11724 11727 11728 11730 11729 11728 11731 11730 11732 11733 11734 11732 11734 11735 11728 11729 11733 11728 11733 11732 11729 11730 11734 11729 11734 11733 11730 11731 11735 11730 11735 11734 11731 11728 11732 11731 11732 11735 11736 11738 11737 11736 11739 11738 11740 11741 11742 11740 11742 11743 11736 11737 11741 11736 11741 11740 11737 11738 11742 11737 11742 11741 11738 11739 11743 11738 11743 11742 11739 11736 11740 11739 11740 11743 11744 11746 11745 11744 11747 11746 11748 11749 11750 11748 11750 11751 11744 11745 11749 11744 11749 11748 11745 11746 11750 11745 11750 11749 11746 11747 11751 11746 11751 11750 11747 11744 11748 11747 11748 11751 11752 11754 11753 11752 11755 11754 11756 11757 11758 11756 11758 11759 11752 11753 11757 11752 11757 11756 11753 11754 11758 11753 11758 11757 11754 11755 11759 11754 11759 11758 11755 11752 11756 11755 11756 11759 11760 11762 11761 11760 11763 11762 11764 11765 11766 11764 11766 11767 11760 11761 11765 11760 11765 11764 11761 11762 11766 11761 11766 11765 11762 11763 11767 11762 11767 11766 11763 11760 11764 11763 11764 11767 11768 11770 11769 11768 11771 11770 11772 11773 11774 11772 11774 11775 11768 11769 11773 11768 11773 11772 11769 11770 11774 11769 11774 11773 11770 11771 11775 11770 11775 11774 11771 11768 11772 11771 11772 11775 11776 11778 11777 11776 11779 11778 11780 11781 11782 11780 11782 11783 11776 11777 11781 11776 11781 11780 11777 11778 11782 11777 11782 11781 11778 11779 11783 11778 11783 11782 11779 11776 11780 11779 11780 11783 11784 11786 11785 11784 11787 11786 11788 11789 11790 11788 11790 11791 11784 11785 11789 11784 11789 11788 11785 11786 11790 11785 11790 11789 11786 11787 11791 11786 11791 11790 11787 11784 11788 11787 11788 11791 11792 11794 11793 11792 11795 11794 11796 11797 11798 11796 11798 11799 11792 11793 11797 11792 11797 11796 11793 11794 11798 11793 11798 11797 11794 11795 11799 11794 11799 11798 11795 11792 11796 11795 11796 11799 11800 11802 11801 11800 11803 11802 11804 11805 11806 11804 11806 11807 11800 11801 11805 11800 11805 11804 11801 11802 11806 11801 11806 11805 11802 11803 11807 11802 11807 11806 11803 11800 11804 11803 11804 11807 11808 11810 11809 11808 11811 11810 11812 11813 11814 11812 11814 11815 11808 11809 11813 11808 11813 11812 11809 11810 11814 11809 11814 11813 11810 11811 11815 11810 11815 11814 11811 11808 11812 11811 11812 11815 11816 11818 11817 11816 11819 11818 11820 11821 11822 11820 11822 11823 11816 11817 11821 11816 11821 11820 11817 11818 11822 11817 11822 11821 11818 11819 11823 11818 11823 11822 11819 11816 11820 11819 11820 11823 11824 11826 11825 11824 11827 11826 11828 11829 11830 11828 11830 11831 11824 11825 11829 11824 11829 11828 11825 11826 11830 11825 11830 11829 11826 11827 11831 11826 11831 11830 11827 11824 11828 11827 11828 11831 11832 11834 11833 11832 11835 11834 11836 11837 11838 11836 11838 11839 11832 11833 11837 11832 11837 11836 11833 11834 11838 11833 11838 11837 11834 11835 11839 11834 11839 11838 11835 11832 11836 11835 11836 11839 11840 11842 11841 11840 11843 11842 11844 11845 11846 11844 11846 11847 11840 11841 11845 11840 11845 11844 11841 11842 11846 11841 11846 11845 11842 11843 11847 11842 11847 11846 11843 11840 11844 11843 11844 11847 11848 11850 11849 11848 11851 11850 11852 11853 11854 11852 11854 11855 11848 11849 11853 11848 11853 11852 11849 11850 11854 11849 11854 11853 11850 11851 11855 11850 11855 11854 11851 11848 11852 11851 11852 11855 11856 11858 11857 11856 11859 11858 11860 11861 11862 11860 11862 11863 11856 11857 11861 11856 11861 11860 11857 11858 11862 11857 11862 11861 11858 11859 11863 11858 11863 11862 11859 11856 11860 11859 11860 11863 11864 11866 11865 11864 11867 11866 11868 11869 11870 11868 11870 11871 11864 11865 11869 11864 11869 11868 11865 11866 11870 11865 11870 11869 11866 11867 11871 11866 11871 11870 11867 11864 11868 11867 11868 11871 11872 11874 11873 11872 11875 11874 11876 11877 11878 11876 11878 11879 11872 11873 11877 11872 11877 11876 11873 11874 11878 11873 11878 11877 11874 11875 11879 11874 11879 11878 11875 11872 11876 11875 11876 11879 11880 11882 11881 11880 11883 11882 11884 11885 11886 11884 11886 11887 11880 11881 11885 11880 11885 11884 11881 11882 11886 11881 11886 11885 11882 11883 11887 11882 11887 11886 11883 11880 11884 11883 11884 11887 11888 11890 11889 11888 11891 11890 11892 11893 11894 11892 11894 11895 11888 11889 11893 11888 11893 11892 11889 11890 11894 11889 11894 11893 11890 11891 11895 11890 11895 11894 11891 11888 11892 11891 11892 11895 11896 11898 11897 11896 11899 11898 11900 11901 11902 11900 11902 11903 11896 11897 11901 11896 11901 11900 11897 11898 11902 11897 11902 11901 11898 11899 11903 11898 11903 11902 11899 11896 11900 11899 11900 11903 11904 11906 11905 11904 11907 11906 11908 11909 11910 11908 11910 11911 11904 11905 11909 11904 11909 11908 11905 11906 11910 11905 11910 11909 11906 11907 11911 11906 11911 11910 11907 11904 11908 11907 11908 11911 11912 11914 11913 11912 11915 11914 11916 11917 11918 11916 11918 11919 11912 11913 11917 11912 11917 11916 11913 11914 11918 11913 11918 11917 11914 11915 11919 11914 11919 11918 11915 11912 11916 11915 11916 11919 11920 11922 11921 11920 11923 11922 11924 11925 11926 11924 11926 11927 11920 11921 11925 11920 11925 11924 11921 11922 11926 11921 11926 11925 11922 11923 11927 11922 11927 11926 11923 11920 11924 11923 11924 11927 11928 11930 11929 11928 11931 11930 11932 11933 11934 11932 11934 11935 11928 11929 11933 11928 11933 11932 11929 11930 11934 11929 11934 11933 11930 11931 11935 11930 11935 11934 11931 11928 11932 11931 11932 11935 11936 11938 11937 11936 11939 11938 11940 11941 11942 11940 11942 11943 11936 11937 11941 11936 11941 11940 11937 11938 11942 11937 11942 11941 11938 11939 11943 11938 11943 11942 11939 11936 11940 11939 11940 11943 11944 11946 11945 11944 11947 11946 11948 11949 11950 11948 11950 11951 11944 11945 11949 11944 11949 11948 11945 11946 11950 11945 11950 11949 11946 11947 11951 11946 11951 11950 11947 11944 11948 11947 11948 11951 11952 11954 11953 11952 11955 11954 11956 11957 11958 11956 11958 11959 11952 11953 11957 11952 11957 11956 11953 11954 11958 11953 11958 11957 11954 11955 11959 11954 11959 11958 11955 11952 11956 11955 11956 11959 11960 11962 11961 11960 11963 11962 11964 11965 11966 11964 11966 11967 11960 11961 11965 11960 11965 11964 11961 11962 11966 11961 11966 11965 11962 11963 11967 11962 11967 11966 11963 11960 11964 11963 11964 11967 11968 11970 11969 11968 11971 11970 11972 11973 11974 11972 11974 11975 11968 11969 11973 11968 11973 11972 11969 11970 11974 11969 11974 11973 11970 11971 11975 11970 11975 11974 11971 11968 11972 11971 11972 11975 11976 11978 11977 11976 11979 11978 11980 11981 11982 11980 11982 11983 11976 11977 11981 11976 11981 11980 11977 11978 11982 11977 11982 11981 11978 11979 11983 11978 11983 11982 11979 11976 11980 11979 11980 11983 11984 11986 11985 11984 11987 11986 11988 11989 11990 11988 11990 11991 11984 11985 11989 11984 11989 11988 11985 11986 11990 11985 11990 11989 11986 11987 11991 11986 11991 11990 11987 11984 11988 11987 11988 11991 11992 11994 11993 11992 11995 11994 11996 11997 11998 11996 11998 11999 11992 11993 11997 11992 11997 11996 11993 11994 11998 11993 11998 11997 11994 11995 11999 11994 11999 11998 11995 11992 11996 11995 11996 11999 12000 12002 12001 12000 12003 12002 12004 12005 12006 12004 12006 12007 12000 12001 12005 12000 12005 12004 12001 12002 12006 12001 12006 12005 12002 12003 12007 12002 12007 12006 12003 12000 12004 12003 12004 12007 12008 12010 12009 12008 12011 12010 12012 12013 12014 12012 12014 12015 12008 12009 12013 12008 12013 12012 12009 12010 12014 12009 12014 12013 12010 12011 12015 12010 12015 12014 12011 12008 12012 12011 12012 12015 12016 12018 12017 12016 12019 12018 12020 12021 12022 12020 12022 12023 12016 12017 12021 12016 12021 12020 12017 12018 12022 12017 12022 12021 12018 12019 12023 12018 12023 12022 12019 12016 12020 12019 12020 12023 12024 12026 12025 12024 12027 12026 12028 12029 12030 12028 12030 12031 12024 12025 12029 12024 12029 12028 12025 12026 12030 12025 12030 12029 12026 12027 12031 12026 12031 12030 12027 12024 12028 12027 12028 12031 12032 12034 12033 12032 12035 12034 12036 12037 12038 12036 12038 12039 12032 12033 12037 12032 12037 12036 12033 12034 12038 12033 12038 12037 12034 12035 12039 12034 12039 12038 12035 12032 12036 12035 12036 12039 12040 12042 12041 12040 12043 12042 12044 12045 12046 12044 12046 12047 12040 12041 12045 12040 12045 12044 12041 12042 12046 12041 12046 12045 12042 12043 12047 12042 12047 12046 12043 12040 12044 12043 12044 12047 12048 12050 12049 12048 12051 12050 12052 12053 12054 12052 12054 12055 12048 12049 12053 12048 12053 12052 12049 12050 12054 12049 12054 12053 12050 12051 12055 12050 12055 12054 12051 12048 12052 12051 12052 12055 12056 12058 12057 12056 12059 12058 12060 12061 12062 12060 12062 12063 12056 12057 12061 12056 12061 12060 12057 12058 12062 12057 12062 12061 12058 12059 12063 12058 12063 12062 12059 12056 12060 12059 12060 12063 12064 12066 12065 12064 12067 12066 12068 12069 12070 12068 12070 12071 12064 12065 12069 12064 12069 12068 12065 12066 12070 12065 12070 12069 12066 12067 12071 12066 12071 12070 12067 12064 12068 12067 12068 12071 12072 12074 12073 12072 12075 12074 12076 12077 12078 12076 12078 12079 12072 12073 12077 12072 12077 12076 12073 12074 12078 12073 12078 12077 12074 12075 12079 12074 12079 12078 12075 12072 12076 12075 12076 12079 12080 12082 12081 12080 12083 12082 12084 12085 12086 12084 12086 12087 12080 12081 12085 12080 12085 12084 12081 12082 12086 12081 12086 12085 12082 12083 12087 12082 12087 12086 12083 12080 12084 12083 12084 12087 12088 12090 12089 12088 12091 12090 12092 12093 12094 12092 12094 12095 12088 12089 12093 12088 12093 12092 12089 12090 12094 12089 12094 12093 12090 12091 12095 12090 12095 12094 12091 12088 12092 12091 12092 12095 12096 12098 12097 12096 12099 12098 12100 12101 12102 12100 12102 12103 12096 12097 12101 12096 12101 12100 12097 12098 12102 12097 12102 12101 12098 12099 12103 12098 12103 12102 12099 12096 12100 12099 12100 12103 12104 12106 12105 12104 12107 12106 12108 12109 12110 12108 12110 12111 12104 12105 12109 12104 12109 12108 12105 12106 12110 12105 12110 12109 12106 12107 12111 12106 12111 12110 12107 12104 12108 12107 12108 12111 12112 12114 12113 12112 12115 12114 12116 12117 12118 12116 12118 12119 12112 12113 12117 12112 12117 12116 12113 12114 12118 12113 12118 12117 12114 12115 12119 12114 12119 12118 12115 12112 12116 12115 12116 12119 12120 12122 12121 12120 12123 12122 12124 12125 12126 12124 12126 12127 12120 12121 12125 12120 12125 12124 12121 12122 12126 12121 12126 12125 12122 12123 12127 12122 12127 12126 12123 12120 12124 12123 12124 12127 12128 12130 12129 12128 12131 12130 12132 12133 12134 12132 12134 12135 12128 12129 12133 12128 12133 12132 12129 12130 12134 12129 12134 12133 12130 12131 12135 12130 12135 12134 12131 12128 12132 12131 12132 12135 12136 12138 12137 12136 12139 12138 12140 12141 12142 12140 12142 12143 12136 12137 12141 12136 12141 12140 12137 12138 12142 12137 12142 12141 12138 12139 12143 12138 12143 12142 12139 12136 12140 12139 12140 12143 12144 12146 12145 12144 12147 12146 12148 12149 12150 12148 12150 12151 12144 12145 12149 12144 12149 12148 12145 12146 12150 12145 12150 12149 12146 12147 12151 12146 12151 12150 12147 12144 12148 12147 12148 12151 12152 12154 12153 12152 12155 12154 12156 12157 12158 12156 12158 12159 12152 12153 12157 12152 12157 12156 12153 12154 12158 12153 12158 12157 12154 12155 12159 12154 12159 12158 12155 12152 12156 12155 12156 12159 12160 12162 12161 12160 12163 12162 12164 12165 12166 12164 12166 12167 12160 12161 12165 12160 12165 12164 12161 12162 12166 12161 12166 12165 12162 12163 12167 12162 12167 12166 12163 12160 12164 12163 12164 12167 12168 12170 12169 12168 12171 12170 12172 12173 12174 12172 12174 12175 12168 12169 12173 12168 12173 12172 12169 12170 12174 12169 12174 12173 12170 12171 12175 12170 12175 12174 12171 12168 12172 12171 12172 12175 12176 12178 12177 12176 12179 12178 12180 12181 12182 12180 12182 12183 12176 12177 12181 12176 12181 12180 12177 12178 12182 12177 12182 12181 12178 12179 12183 12178 12183 12182 12179 12176 12180 12179 12180 12183 12184 12186 12185 12184 12187 12186 12188 12189 12190 12188 12190 12191 12184 12185 12189 12184 12189 12188 12185 12186 12190 12185 12190 12189 12186 12187 12191 12186 12191 12190 12187 12184 12188 12187 12188 12191 12192 12194 12193 12192 12195 12194 12196 12197 12198 12196 12198 12199 12192 12193 12197 12192 12197 12196 12193 12194 12198 12193 12198 12197 12194 12195 12199 12194 12199 12198 12195 12192 12196 12195 12196 12199 12200 12202 12201 12200 12203 12202 12204 12205 12206 12204 12206 12207 12200 12201 12205 12200 12205 12204 12201 12202 12206 12201 12206 12205 12202 12203 12207 12202 12207 12206 12203 12200 12204 12203 12204 12207 12208 12210 12209 12208 12211 12210 12212 12213 12214 12212 12214 12215 12208 12209 12213 12208 12213 12212 12209 12210 12214 12209 12214 12213 12210 12211 12215 12210 12215 12214 12211 12208 12212 12211 12212 12215 12216 12218 12217 12216 12219 12218 12220 12221 12222 12220 12222 12223 12216 12217 12221 12216 12221 12220 12217 12218 12222 12217 12222 12221 12218 12219 12223 12218 12223 12222 12219 12216 12220 12219 12220 12223 12224 12226 12225 12224 12227 12226 12228 12229 12230 12228 12230 12231 12224 12225 12229 12224 12229 12228 12225 12226 12230 12225 12230 12229 12226 12227 12231 12226 12231 12230 12227 12224 12228 12227 12228 12231 12232 12234 12233 12232 12235 12234 12236 12237 12238 12236 12238 12239 12232 12233 12237 12232 12237 12236 12233 12234 12238 12233 12238 12237 12234 12235 12239 12234 12239 12238 12235 12232 12236 12235 12236 12239 12240 12242 12241 12240 12243 12242 12244 12245 12246 12244 12246 12247 12240 12241 12245 12240 12245 12244 12241 12242 12246 12241 12246 12245 12242 12243 12247 12242 12247 12246 12243 12240 12244 12243 12244 12247 12248 12250 12249 12248 12251 12250 12252 12253 12254 12252 12254 12255 12248 12249 12253 12248 12253 12252 12249 12250 12254 12249 12254 12253 12250 12251 12255 12250 12255 12254 12251 12248 12252 12251 12252 12255 12256 12258 12257 12256 12259 12258 12260 12261 12262 12260 12262 12263 12256 12257 12261 12256 12261 12260 12257 12258 12262 12257 12262 12261 12258 12259 12263 12258 12263 12262 12259 12256 12260 12259 12260 12263 12264 12266 12265 12264 12267 12266 12268 12269 12270 12268 12270 12271 12264 12265 12269 12264 12269 12268 12265 12266 12270 12265 12270 12269 12266 12267 12271 12266 12271 12270 12267 12264 12268 12267 12268 12271 12272 12274 12273 12272 12275 12274 12276 12277 12278 12276 12278 12279 12272 12273 12277 12272 12277 12276 12273 12274 12278 12273 12278 12277 12274 12275 12279 12274 12279 12278 12275 12272 12276 12275 12276 12279 12280 12282 12281 12280 12283 12282 12284 12285 12286 12284 12286 12287 12280 12281 12285 12280 12285 12284 12281 12282 12286 12281 12286 12285 12282 12283 12287 12282 12287 12286 12283 12280 12284 12283 12284 12287 12288 12290 12289 12288 12291 12290 12292 12293 12294 12292 12294 12295 12288 12289 12293 12288 12293 12292 12289 12290 12294 12289 12294 12293 12290 12291 12295 12290 12295 12294 12291 12288 12292 12291 12292 12295 12296 12298 12297 12296 12299 12298 12300 12301 12302 12300 12302 12303 12296 12297 12301 12296 12301 12300 12297 12298 12302 12297 12302 12301 12298 12299 12303 12298 12303 12302 12299 12296 12300 12299 12300 12303 12304 12306 12305 12304 12307 12306 12308 12309 12310 12308 12310 12311 12304 12305 12309 12304 12309 12308 12305 12306 12310 12305 12310 12309 12306 12307 12311 12306 12311 12310 12307 12304 12308 12307 12308 12311 12312 12314 12313 12312 12315 12314 12316 12317 12318 12316 12318 12319 12312 12313 12317 12312 12317 12316 12313 12314 12318 12313 12318 12317 12314 12315 12319 12314 12319 12318 12315 12312 12316 12315 12316 12319 12320 12322 12321 12320 12323 12322 12324 12325 12326 12324 12326 12327 12320 12321 12325 12320 12325 12324 12321 12322 12326 12321 12326 12325 12322 12323 12327 12322 12327 12326 12323 12320 12324 12323 12324 12327 12328 12330 12329 12328 12331 12330 12332 12333 12334 12332 12334 12335 12328 12329 12333 12328 12333 12332 12329 12330 12334 12329 12334 12333 12330 12331 12335 12330 12335 12334 12331 12328 12332 12331 12332 12335 12336 12338 12337 12336 12339 12338 12340 12341 12342 12340 12342 12343 12336 12337 12341 12336 12341 12340 12337 12338 12342 12337 12342 12341 12338 12339 12343 12338 12343 12342 12339 12336 12340 12339 12340 12343 12344 12346 12345 12344 12347 12346 12348 12349 12350 12348 12350 12351 12344 12345 12349 12344 12349 12348 12345 12346 12350 12345 12350 12349 12346 12347 12351 12346 12351 12350 12347 12344 12348 12347 12348 12351 12352 12354 12353 12352 12355 12354 12356 12357 12358 12356 12358 12359 12352 12353 12357 12352 12357 12356 12353 12354 12358 12353 12358 12357 12354 12355 12359 12354 12359 12358 12355 12352 12356 12355 12356 12359 12360 12362 12361 12360 12363 12362 12364 12365 12366 12364 12366 12367 12360 12361 12365 12360 12365 12364 12361 12362 12366 12361 12366 12365 12362 12363 12367 12362 12367 12366 12363 12360 12364 12363 12364 12367 12368 12370 12369 12368 12371 12370 12372 12373 12374 12372 12374 12375 12368 12369 12373 12368 12373 12372 12369 12370 12374 12369 12374 12373 12370 12371 12375 12370 12375 12374 12371 12368 12372 12371 12372 12375 12376 12378 12377 12376 12379 12378 12380 12381 12382 12380 12382 12383 12376 12377 12381 12376 12381 12380 12377 12378 12382 12377 12382 12381 12378 12379 12383 12378 12383 12382 12379 12376 12380 12379 12380 12383 12384 12386 12385 12384 12387 12386 12388 12389 12390 12388 12390 12391 12384 12385 12389 12384 12389 12388 12385 12386 12390 12385 12390 12389 12386 12387 12391 12386 12391 12390 12387 12384 12388 12387 12388 12391 12392 12394 12393 12392 12395 12394 12396 12397 12398 12396 12398 12399 12392 12393 12397 12392 12397 12396 12393 12394 12398 12393 12398 12397 12394 12395 12399 12394 12399 12398 12395 12392 12396 12395 12396 12399 12400 12402 12401 12400 12403 12402 12404 12405 12406 12404 12406 12407 12400 12401 12405 12400 12405 12404 12401 12402 12406 12401 12406 12405 12402 12403 12407 12402 12407 12406 12403 12400 12404 12403 12404 12407 12408 12410 12409 12408 12411 12410 12412 12413 12414 12412 12414 12415 12408 12409 12413 12408 12413 12412 12409 12410 12414 12409 12414 12413 12410 12411 12415 12410 12415 12414 12411 12408 12412 12411 12412 12415 12416 12418 12417 12416 12419 12418 12420 12421 12422 12420 12422 12423 12416 12417 12421 12416 12421 12420 12417 12418 12422 12417 12422 12421 12418 12419 12423 12418 12423 12422 12419 12416 12420 12419 12420 12423 12424 12426 12425 12424 12427 12426 12428 12429 12430 12428 12430 12431 12424 12425 12429 12424 12429 12428 12425 12426 12430 12425 12430 12429 12426 12427 12431 12426 12431 12430 12427 12424 12428 12427 12428 12431 12432 12434 12433 12432 12435 12434 12436 12437 12438 12436 12438 12439 12432 12433 12437 12432 12437 12436 12433 12434 12438 12433 12438 12437 12434 12435 12439 12434 12439 12438 12435 12432 12436 12435 12436 12439 12440 12442 12441 12440 12443 12442 12444 12445 12446 12444 12446 12447 12440 12441 12445 12440 12445 12444 12441 12442 12446 12441 12446 12445 12442 12443 12447 12442 12447 12446 12443 12440 12444 12443 12444 12447 12448 12450 12449 12448 12451 12450 12452 12453 12454 12452 12454 12455 12448 12449 12453 12448 12453 12452 12449 12450 12454 12449 12454 12453 12450 12451 12455 12450 12455 12454 12451 12448 12452 12451 12452 12455 12456 12458 12457 12456 12459 12458 12460 12461 12462 12460 12462 12463 12456 12457 12461 12456 12461 12460 12457 12458 12462 12457 12462 12461 12458 12459 12463 12458 12463 12462 12459 12456 12460 12459 12460 12463 12464 12466 12465 12464 12467 12466 12468 12469 12470 12468 12470 12471 12464 12465 12469 12464 12469 12468 12465 12466 12470 12465 12470 12469 12466 12467 12471 12466 12471 12470 12467 12464 12468 12467 12468 12471 12472 12474 12473 12472 12475 12474 12476 12477 12478 12476 12478 12479 12472 12473 12477 12472 12477 12476 12473 12474 12478 12473 12478 12477 12474 12475 12479 12474 12479 12478 12475 12472 12476 12475 12476 12479 12480 12482 12481 12480 12483 12482 12484 12485 12486 12484 12486 12487 12480 12481 12485 12480 12485 12484 12481 12482 12486 12481 12486 12485 12482 12483 12487 12482 12487 12486 12483 12480 12484 12483 12484 12487 12488 12490 12489 12488 12491 12490 12492 12493 12494 12492 12494 12495 12488 12489 12493 12488 12493 12492 12489 12490 12494 12489 12494 12493 12490 12491 12495 12490 12495 12494 12491 12488 12492 12491 12492 12495 12496 12498 12497 12496 12499 12498 12500 12501 12502 12500 12502 12503 12496 12497 12501 12496 12501 12500 12497 12498 12502 12497 12502 12501 12498 12499 12503 12498 12503 12502 12499 12496 12500 12499 12500 12503 12504 12506 12505 12504 12507 12506 12508 12509 12510 12508 12510 12511 12504 12505 12509 12504 12509 12508 12505 12506 12510 12505 12510 12509 12506 12507 12511 12506 12511 12510 12507 12504 12508 12507 12508 12511 12512 12514 12513 12512 12515 12514 12516 12517 12518 12516 12518 12519 12512 12513 12517 12512 12517 12516 12513 12514 12518 12513 12518 12517 12514 12515 12519 12514 12519 12518 12515 12512 12516 12515 12516 12519 12520 12522 12521 12520 12523 12522 12524 12525 12526 12524 12526 12527 12520 12521 12525 12520 12525 12524 12521 12522 12526 12521 12526 12525 12522 12523 12527 12522 12527 12526 12523 12520 12524 12523 12524 12527 12528 12530 12529 12528 12531 12530 12532 12533 12534 12532 12534 12535 12528 12529 12533 12528 12533 12532 12529 12530 12534 12529 12534 12533 12530 12531 12535 12530 12535 12534 12531 12528 12532 12531 12532 12535 12536 12538 12537 12536 12539 12538 12540 12541 12542 12540 12542 12543 12536 12537 12541 12536 12541 12540 12537 12538 12542 12537 12542 12541 12538 12539 12543 12538 12543 12542 12539 12536 12540 12539 12540 12543 12544 12546 12545 12544 12547 12546 12548 12549 12550 12548 12550 12551 12544 12545 12549 12544 12549 12548 12545 12546 12550 12545 12550 12549 12546 12547 12551 12546 12551 12550 12547 12544 12548 12547 12548 12551 12552 12554 12553 12552 12555 12554 12556 12557 12558 12556 12558 12559 12552 12553 12557 12552 12557 12556 12553 12554 12558 12553 12558 12557 12554 12555 12559 12554 12559 12558 12555 12552 12556 12555 12556 12559 12560 12562 12561 12560 12563 12562 12564 12565 12566 12564 12566 12567 12560 12561 12565 12560 12565 12564 12561 12562 12566 12561 12566 12565 12562 12563 12567 12562 12567 12566 12563 12560 12564 12563 12564 12567 12568 12570 12569 12568 12571 12570 12572 12573 12574 12572 12574 12575 12568 12569 12573 12568 12573 12572 12569 12570 12574 12569 12574 12573 12570 12571 12575 12570 12575 12574 12571 12568 12572 12571 12572 12575 12576 12578 12577 12576 12579 12578 12580 12581 12582 12580 12582 12583 12576 12577 12581 12576 12581 12580 12577 12578 12582 12577 12582 12581 12578 12579 12583 12578 12583 12582 12579 12576 12580 12579 12580 12583 12584 12586 12585 12584 12587 12586 12588 12589 12590 12588 12590 12591 12584 12585 12589 12584 12589 12588 12585 12586 12590 12585 12590 12589 12586 12587 12591 12586 12591 12590 12587 12584 12588 12587 12588 12591 12592 12594 12593 12592 12595 12594 12596 12597 12598 12596 12598 12599 12592 12593 12597 12592 12597 12596 12593 12594 12598 12593 12598 12597 12594 12595 12599 12594 12599 12598 12595 12592 12596 12595 12596 12599 12600 12602 12601 12600 12603 12602 12604 12605 12606 12604 12606 12607 12600 12601 12605 12600 12605 12604 12601 12602 12606 12601 12606 12605 12602 12603 12607 12602 12607 12606 12603 12600 12604 12603 12604 12607 12608 12610 12609 12608 12611 12610 12612 12613 12614 12612 12614 12615 12608 12609 12613 12608 12613 12612 12609 12610 12614 12609 12614 12613 12610 12611 12615 12610 12615 12614 12611 12608 12612 12611 12612 12615 12616 12618 12617 12616 12619 12618 12620 12621 12622 12620 12622 12623 12616 12617 12621 12616 12621 12620 12617 12618 12622 12617 12622 12621 12618 12619 12623 12618 12623 12622 12619 12616 12620 12619 12620 12623 12624 12626 12625 12624 12627 12626 12628 12629 12630 12628 12630 12631 12624 12625 12629 12624 12629 12628 12625 12626 12630 12625 12630 12629 12626 12627 12631 12626 12631 12630 12627 12624 12628 12627 12628 12631 12632 12634 12633 12632 12635 12634 12636 12637 12638 12636 12638 12639 12632 12633 12637 12632 12637 12636 12633 12634 12638 12633 12638 12637 12634 12635 12639 12634 12639 12638 12635 12632 12636 12635 12636 12639 12640 12642 12641 12640 12643 12642 12644 12645 12646 12644 12646 12647 12640 12641 12645 12640 12645 12644 12641 12642 12646 12641 12646 12645 12642 12643 12647 12642 12647 12646 12643 12640 12644 12643 12644 12647 12648 12650 12649 12648 12651 12650 12652 12653 12654 12652 12654 12655 12648 12649 12653 12648 12653 12652 12649 12650 12654 12649 12654 12653 12650 12651 12655 12650 12655 12654 12651 12648 12652 12651 12652 12655 12656 12658 12657 12656 12659 12658 12660 12661 12662 12660 12662 12663 12656 12657 12661 12656 12661 12660 12657 12658 12662 12657 12662 12661 12658 12659 12663 12658 12663 12662 12659 12656 12660 12659 12660 12663 12664 12666 12665 12664 12667 12666 12668 12669 12670 12668 12670 12671 12664 12665 12669 12664 12669 12668 12665 12666 12670 12665 12670 12669 12666 12667 12671 12666 12671 12670 12667 12664 12668 12667 12668 12671 12672 12674 12673 12672 12675 12674 12676 12677 12678 12676 12678 12679 12672 12673 12677 12672 12677 12676 12673 12674 12678 12673 12678 12677 12674 12675 12679 12674 12679 12678 12675 12672 12676 12675 12676 12679 12680 12682 12681 12680 12683 12682 12684 12685 12686 12684 12686 12687 12680 12681 12685 12680 12685 12684 12681 12682 12686 12681 12686 12685 12682 12683 12687 12682 12687 12686 12683 12680 12684 12683 12684 12687 12688 12690 12689 12688 12691 12690 12692 12693 12694 12692 12694 12695 12688 12689 12693 12688 12693 12692 12689 12690 12694 12689 12694 12693 12690 12691 12695 12690 12695 12694 12691 12688 12692 12691 12692 12695 12696 12698 12697 12696 12699 12698 12700 12701 12702 12700 12702 12703 12696 12697 12701 12696 12701 12700 12697 12698 12702 12697 12702 12701 12698 12699 12703 12698 12703 12702 12699 12696 12700 12699 12700 12703 12704 12706 12705 12704 12707 12706 12708 12709 12710 12708 12710 12711 12704 12705 12709 12704 12709 12708 12705 12706 12710 12705 12710 12709 12706 12707 12711 12706 12711 12710 12707 12704 12708 12707 12708 12711 12712 12714 12713 12712 12715 12714 12716 12717 12718 12716 12718 12719 12712 12713 12717 12712 12717 12716 12713 12714 12718 12713 12718 12717 12714 12715 12719 12714 12719 12718 12715 12712 12716 12715 12716 12719 12720 12722 12721 12720 12723 12722 12724 12725 12726 12724 12726 12727 12720 12721 12725 12720 12725 12724 12721 12722 12726 12721 12726 12725 12722 12723 12727 12722 12727 12726 12723 12720 12724 12723 12724 12727 12728 12730 12729 12728 12731 12730 12732 12733 12734 12732 12734 12735 12728 12729 12733 12728 12733 12732 12729 12730 12734 12729 12734 12733 12730 12731 12735 12730 12735 12734 12731 12728 12732 12731 12732 12735 12736 12738 12737 12736 12739 12738 12740 12741 12742 12740 12742 12743 12736 12737 12741 12736 12741 12740 12737 12738 12742 12737 12742 12741 12738 12739 12743 12738 12743 12742 12739 12736 12740 12739 12740 12743 12744 12746 12745 12744 12747 12746 12748 12749 12750 12748 12750 12751 12744 12745 12749 12744 12749 12748 12745 12746 12750 12745 12750 12749 12746 12747 12751 12746 12751 12750 12747 12744 12748 12747 12748 12751 12752 12754 12753 12752 12755 12754 12756 12757 12758 12756 12758 12759 12752 12753 12757 12752 12757 12756 12753 12754 12758 12753 12758 12757 12754 12755 12759 12754 12759 12758 12755 12752 12756 12755 12756 12759 12760 12762 12761 12760 12763 12762 12764 12765 12766 12764 12766 12767 12760 12761 12765 12760 12765 12764 12761 12762 12766 12761 12766 12765 12762 12763 12767 12762 12767 12766 12763 12760 12764 12763 12764 12767 12768 12770 12769 12768 12771 12770 12772 12773 12774 12772 12774 12775 12768 12769 12773 12768 12773 12772 12769 12770 12774 12769 12774 12773 12770 12771 12775 12770 12775 12774 12771 12768 12772 12771 12772 12775 12776 12778 12777 12776 12779 12778 12780 12781 12782 12780 12782 12783 12776 12777 12781 12776 12781 12780 12777 12778 12782 12777 12782 12781 12778 12779 12783 12778 12783 12782 12779 12776 12780 12779 12780 12783 12784 12786 12785 12784 12787 12786 12788 12789 12790 12788 12790 12791 12784 12785 12789 12784 12789 12788 12785 12786 12790 12785 12790 12789 12786 12787 12791 12786 12791 12790 12787 12784 12788 12787 12788 12791 12792 12794 12793 12792 12795 12794 12796 12797 12798 12796 12798 12799 12792 12793 12797 12792 12797 12796 12793 12794 12798 12793 12798 12797 12794 12795 12799 12794 12799 12798 12795 12792 12796 12795 12796 12799 12800 12802 12801 12800 12803 12802 12804 12805 12806 12804 12806 12807 12800 12801 12805 12800 12805 12804 12801 12802 12806 12801 12806 12805 12802 12803 12807 12802 12807 12806 12803 12800 12804 12803 12804 12807 12808 12810 12809 12808 12811 12810 12812 12813 12814 12812 12814 12815 12808 12809 12813 12808 12813 12812 12809 12810 12814 12809 12814 12813 12810 12811 12815 12810 12815 12814 12811 12808 12812 12811 12812 12815 12816 12818 12817 12816 12819 12818 12820 12821 12822 12820 12822 12823 12816 12817 12821 12816 12821 12820 12817 12818 12822 12817 12822 12821 12818 12819 12823 12818 12823 12822 12819 12816 12820 12819 12820 12823 12824 12826 12825 12824 12827 12826 12828 12829 12830 12828 12830 12831 12824 12825 12829 12824 12829 12828 12825 12826 12830 12825 12830 12829 12826 12827 12831 12826 12831 12830 12827 12824 12828 12827 12828 12831 12832 12834 12833 12832 12835 12834 12836 12837 12838 12836 12838 12839 12832 12833 12837 12832 12837 12836 12833 12834 12838 12833 12838 12837 12834 12835 12839 12834 12839 12838 12835 12832 12836 12835 12836 12839 12840 12842 12841 12840 12843 12842 12844 12845 12846 12844 12846 12847 12840 12841 12845 12840 12845 12844 12841 12842 12846 12841 12846 12845 12842 12843 12847 12842 12847 12846 12843 12840 12844 12843 12844 12847 12848 12850 12849 12848 12851 12850 12852 12853 12854 12852 12854 12855 12848 12849 12853 12848 12853 12852 12849 12850 12854 12849 12854 12853 12850 12851 12855 12850 12855 12854 12851 12848 12852 12851 12852 12855 12856 12858 12857 12856 12859 12858 12860 12861 12862 12860 12862 12863 12856 12857 12861 12856 12861 12860 12857 12858 12862 12857 12862 12861 12858 12859 12863 12858 12863 12862 12859 12856 12860 12859 12860 12863 12864 12866 12865 12864 12867 12866 12868 12869 12870 12868 12870 12871 12864 12865 12869 12864 12869 12868 12865 12866 12870 12865 12870 12869 12866 12867 12871 12866 12871 12870 12867 12864 12868 12867 12868 12871 12872 12874 12873 12872 12875 12874 12876 12877 12878 12876 12878 12879 12872 12873 12877 12872 12877 12876 12873 12874 12878 12873 12878 12877 12874 12875 12879 12874 12879 12878 12875 12872 12876 12875 12876 12879 12880 12882 12881 12880 12883 12882 12884 12885 12886 12884 12886 12887 12880 12881 12885 12880 12885 12884 12881 12882 12886 12881 12886 12885 12882 12883 12887 12882 12887 12886 12883 12880 12884 12883 12884 12887 12888 12890 12889 12888 12891 12890 12892 12893 12894 12892 12894 12895 12888 12889 12893 12888 12893 12892 12889 12890 12894 12889 12894 12893 12890 12891 12895 12890 12895 12894 12891 12888 12892 12891 12892 12895 12896 12898 12897 12896 12899 12898 12900 12901 12902 12900 12902 12903 12896 12897 12901 12896 12901 12900 12897 12898 12902 12897 12902 12901 12898 12899 12903 12898 12903 12902 12899 12896 12900 12899 12900 12903 12904 12906 12905 12904 12907 12906 12908 12909 12910 12908 12910 12911 12904 12905 12909 12904 12909 12908 12905 12906 12910 12905 12910 12909 12906 12907 12911 12906 12911 12910 12907 12904 12908 12907 12908 12911 12912 12914 12913 12912 12915 12914 12916 12917 12918 12916 12918 12919 12912 12913 12917 12912 12917 12916 12913 12914 12918 12913 12918 12917 12914 12915 12919 12914 12919 12918 12915 12912 12916 12915 12916 12919 12920 12922 12921 12920 12923 12922 12924 12925 12926 12924 12926 12927 12920 12921 12925 12920 12925 12924 12921 12922 12926 12921 12926 12925 12922 12923 12927 12922 12927 12926 12923 12920 12924 12923 12924 12927 12928 12930 12929 12928 12931 12930 12932 12933 12934 12932 12934 12935 12928 12929 12933 12928 12933 12932 12929 12930 12934 12929 12934 12933 12930 12931 12935 12930 12935 12934 12931 12928 12932 12931 12932 12935 12936 12938 12937 12936 12939 12938 12940 12941 12942 12940 12942 12943 12936 12937 12941 12936 12941 12940 12937 12938 12942 12937 12942 12941 12938 12939 12943 12938 12943 12942 12939 12936 12940 12939 12940 12943 12944 12946 12945 12944 12947 12946 12948 12949 12950 12948 12950 12951 12944 12945 12949 12944 12949 12948 12945 12946 12950 12945 12950 12949 12946 12947 12951 12946 12951 12950 12947 12944 12948 12947 12948 12951 12952 12954 12953 12952 12955 12954 12956 12957 12958 12956 12958 12959 12952 12953 12957 12952 12957 12956 12953 12954 12958 12953 12958 12957 12954 12955 12959 12954 12959 12958 12955 12952 12956 12955 12956 12959 12960 12962 12961 12960 12963 12962 12964 12965 12966 12964 12966 12967 12960 12961 12965 12960 12965 12964 12961 12962 12966 12961 12966 12965 12962 12963 12967 12962 12967 12966 12963 12960 12964 12963 12964 12967 12968 12970 12969 12968 12971 12970 12972 12973 12974 12972 12974 12975 12968 12969 12973 12968 12973 12972 12969 12970 12974 12969 12974 12973 12970 12971 12975 12970 12975 12974 12971 12968 12972 12971 12972 12975 12976 12978 12977 12976 12979 12978 12980 12981 12982 12980 12982 12983 12976 12977 12981 12976 12981 12980 12977 12978 12982 12977 12982 12981 12978 12979 12983 12978 12983 12982 12979 12976 12980 12979 12980 12983 12984 12986 12985 12984 12987 12986 12988 12989 12990 12988 12990 12991 12984 12985 12989 12984 12989 12988 12985 12986 12990 12985 12990 12989 12986 12987 12991 12986 12991 12990 12987 12984 12988 12987 12988 12991 12992 12994 12993 12992 12995 12994 12996 12997 12998 12996 12998 12999 12992 12993 12997 12992 12997 12996 12993 12994 12998 12993 12998 12997 12994 12995 12999 12994 12999 12998 12995 12992 12996 12995 12996 12999 13000 13002 13001 13000 13003 13002 13004 13005 13006 13004 13006 13007 13000 13001 13005 13000 13005 13004 13001 13002 13006 13001 13006 13005 13002 13003 13007 13002 13007 13006 13003 13000 13004 13003 13004 13007 13008 13010 13009 13008 13011 13010 13012 13013 13014 13012 13014 13015 13008 13009 13013 13008 13013 13012 13009 13010 13014 13009 13014 13013 13010 13011 13015 13010 13015 13014 13011 13008 13012 13011 13012 13015 13016 13018 13017 13016 13019 13018 13020 13021 13022 13020 13022 13023 13016 13017 13021 13016 13021 13020 13017 13018 13022 13017 13022 13021 13018 13019 13023 13018 13023 13022 13019 13016 13020 13019 13020 13023 13024 13026 13025 13024 13027 13026 13028 13029 13030 13028 13030 13031 13024 13025 13029 13024 13029 13028 13025 13026 13030 13025 13030 13029 13026 13027 13031 13026 13031 13030 13027 13024 13028 13027 13028 13031 13032 13034 13033 13032 13035 13034 13036 13037 13038 13036 13038 13039 13032 13033 13037 13032 13037 13036 13033 13034 13038 13033 13038 13037 13034 13035 13039 13034 13039 13038 13035 13032 13036 13035 13036 13039 13040 13042 13041 13040 13043 13042 13044 13045 13046 13044 13046 13047 13040 13041 13045 13040 13045 13044 13041 13042 13046 13041 13046 13045 13042 13043 13047 13042 13047 13046 13043 13040 13044 13043 13044 13047 13048 13050 13049 13048 13051 13050 13052 13053 13054 13052 13054 13055 13048 13049 13053 13048 13053 13052 13049 13050 13054 13049 13054 13053 13050 13051 13055 13050 13055 13054 13051 13048 13052 13051 13052 13055 13056 13058 13057 13056 13059 13058 13060 13061 13062 13060 13062 13063 13056 13057 13061 13056 13061 13060 13057 13058 13062 13057 13062 13061 13058 13059 13063 13058 13063 13062 13059 13056 13060 13059 13060 13063 13064 13066 13065 13064 13067 13066 13068 13069 13070 13068 13070 13071 13064 13065 13069 13064 13069 13068 13065 13066 13070 13065 13070 13069 13066 13067 13071 13066 13071 13070 13067 13064 13068 13067 13068 13071 13072 13074 13073 13072 13075 13074 13076 13077 13078 13076 13078 13079 13072 13073 13077 13072 13077 13076 13073 13074 13078 13073 13078 13077 13074 13075 13079 13074 13079 13078 13075 13072 13076 13075 13076 13079 13080 13082 13081 13080 13083 13082 13084 13085 13086 13084 13086 13087 13080 13081 13085 13080 13085 13084 13081 13082 13086 13081 13086 13085 13082 13083 13087 13082 13087 13086 13083 13080 13084 13083 13084 13087 13088 13090 13089 13088 13091 13090 13092 13093 13094 13092 13094 13095 13088 13089 13093 13088 13093 13092 13089 13090 13094 13089 13094 13093 13090 13091 13095 13090 13095 13094 13091 13088 13092 13091 13092 13095 13096 13098 13097 13096 13099 13098 13100 13101 13102 13100 13102 13103 13096 13097 13101 13096 13101 13100 13097 13098 13102 13097 13102 13101 13098 13099 13103 13098 13103 13102 13099 13096 13100 13099 13100 13103 13104 13106 13105 13104 13107 13106 13108 13109 13110 13108 13110 13111 13104 13105 13109 13104 13109 13108 13105 13106 13110 13105 13110 13109 13106 13107 13111 13106 13111 13110 13107 13104 13108 13107 13108 13111 13112 13114 13113 13112 13115 13114 13116 13117 13118 13116 13118 13119 13112 13113 13117 13112 13117 13116 13113 13114 13118 13113 13118 13117 13114 13115 13119 13114 13119 13118 13115 13112 13116 13115 13116 13119 13120 13122 13121 13120 13123 13122 13124 13125 13126 13124 13126 13127 13120 13121 13125 13120 13125 13124 13121 13122 13126 13121 13126 13125 13122 13123 13127 13122 13127 13126 13123 13120 13124 13123 13124 13127 13128 13130 13129 13128 13131 13130 13132 13133 13134 13132 13134 13135 13128 13129 13133 13128 13133 13132 13129 13130 13134 13129 13134 13133 13130 13131 13135 13130 13135 13134 13131 13128 13132 13131 13132 13135 13136 13138 13137 13136 13139 13138 13140 13141 13142 13140 13142 13143 13136 13137 13141 13136 13141 13140 13137 13138 13142 13137 13142 13141 13138 13139 13143 13138 13143 13142 13139 13136 13140 13139 13140 13143 13144 13146 13145 13144 13147 13146 13148 13149 13150 13148 13150 13151 13144 13145 13149 13144 13149 13148 13145 13146 13150 13145 13150 13149 13146 13147 13151 13146 13151 13150 13147 13144 13148 13147 13148 13151 13152 13154 13153 13152 13155 13154 13156 13157 13158 13156 13158 13159 13152 13153 13157 13152 13157 13156 13153 13154 13158 13153 13158 13157 13154 13155 13159 13154 13159 13158 13155 13152 13156 13155 13156 13159 13160 13162 13161 13160 13163 13162 13164 13165 13166 13164 13166 13167 13160 13161 13165 13160 13165 13164 13161 13162 13166 13161 13166 13165 13162 13163 13167 13162 13167 13166 13163 13160 13164 13163 13164 13167 13168 13170 13169 13168 13171 13170 13172 13173 13174 13172 13174 13175 13168 13169 13173 13168 13173 13172 13169 13170 13174 13169 13174 13173 13170 13171 13175 13170 13175 13174 13171 13168 13172 13171 13172 13175 13176 13178 13177 13176 13179 13178 13180 13181 13182 13180 13182 13183 13176 13177 13181 13176 13181 13180 13177 13178 13182 13177 13182 13181 13178 13179 13183 13178 13183 13182 13179 13176 13180 13179 13180 13183 13184 13186 13185 13184 13187 13186 13188 13189 13190 13188 13190 13191 13184 13185 13189 13184 13189 13188 13185 13186 13190 13185 13190 13189 13186 13187 13191 13186 13191 13190 13187 13184 13188 13187 13188 13191 13192 13194 13193 13192 13195 13194 13196 13197 13198 13196 13198 13199 13192 13193 13197 13192 13197 13196 13193 13194 13198 13193 13198 13197 13194 13195 13199 13194 13199 13198 13195 13192 13196 13195 13196 13199 13200 13202 13201 13200 13203 13202 13204 13205 13206 13204 13206 13207 13200 13201 13205 13200 13205 13204 13201 13202 13206 13201 13206 13205 13202 13203 13207 13202 13207 13206 13203 13200 13204 13203 13204 13207 13208 13210 13209 13208 13211 13210 13212 13213 13214 13212 13214 13215 13208 13209 13213 13208 13213 13212 13209 13210 13214 13209 13214 13213 13210 13211 13215 13210 13215 13214 13211 13208 13212 13211 13212 13215 13216 13218 13217 13216 13219 13218 13220 13221 13222 13220 13222 13223 13216 13217 13221 13216 13221 13220 13217 13218 13222 13217 13222 13221 13218 13219 13223 13218 13223 13222 13219 13216 13220 13219 13220 13223 13224 13226 13225 13224 13227 13226 13228 13229 13230 13228 13230 13231 13224 13225 13229 13224 13229 13228 13225 13226 13230 13225 13230 13229 13226 13227 13231 13226 13231 13230 13227 13224 13228 13227 13228 13231 13232 13234 13233 13232 13235 13234 13236 13237 13238 13236 13238 13239 13232 13233 13237 13232 13237 13236 13233 13234 13238 13233 13238 13237 13234 13235 13239 13234 13239 13238 13235 13232 13236 13235 13236 13239 13240 13242 13241 13240 13243 13242 13244 13245 13246 13244 13246 13247 13240 13241 13245 13240 13245 13244 13241 13242 13246 13241 13246 13245 13242 13243 13247 13242 13247 13246 13243 13240 13244 13243 13244 13247 13248 13250 13249 13248 13251 13250 13252 13253 13254 13252 13254 13255 13248 13249 13253 13248 13253 13252 13249 13250 13254 13249 13254 13253 13250 13251 13255 13250 13255 13254 13251 13248 13252 13251 13252 13255 13256 13258 13257 13256 13259 13258 13260 13261 13262 13260 13262 13263 13256 13257 13261 13256 13261 13260 13257 13258 13262 13257 13262 13261 13258 13259 13263 13258 13263 13262 13259 13256 13260 13259 13260 13263 13264 13266 13265 13264 13267 13266 13268 13269 13270 13268 13270 13271 13264 13265 13269 13264 13269 13268 13265 13266 13270 13265 13270 13269 13266 13267 13271 13266 13271 13270 13267 13264 13268 13267 13268 13271 13272 13274 13273 13272 13275 13274 13276 13277 13278 13276 13278 13279 13272 13273 13277 13272 13277 13276 13273 13274 13278 13273 13278 13277 13274 13275 13279 13274 13279 13278 13275 13272 13276 13275 13276 13279 13280 13282 13281 13280 13283 13282 13284 13285 13286 13284 13286 13287 13280 13281 13285 13280 13285 13284 13281 13282 13286 13281 13286 13285 13282 13283 13287 13282 13287 13286 13283 13280 13284 13283 13284 13287 13288 13290 13289 13288 13291 13290 13292 13293 13294 13292 13294 13295 13288 13289 13293 13288 13293 13292 13289 13290 13294 13289 13294 13293 13290 13291 13295 13290 13295 13294 13291 13288 13292 13291 13292 13295 13296 13298 13297 13296 13299 13298 13300 13301 13302 13300 13302 13303 13296 13297 13301 13296 13301 13300 13297 13298 13302 13297 13302 13301 13298 13299 13303 13298 13303 13302 13299 13296 13300 13299 13300 13303 13304 13306 13305 13304 13307 13306 13308 13309 13310 13308 13310 13311 13304 13305 13309 13304 13309 13308 13305 13306 13310 13305 13310 13309 13306 13307 13311 13306 13311 13310 13307 13304 13308 13307 13308 13311 13312 13314 13313 13312 13315 13314 13316 13317 13318 13316 13318 13319 13312 13313 13317 13312 13317 13316 13313 13314 13318 13313 13318 13317 13314 13315 13319 13314 13319 13318 13315 13312 13316 13315 13316 13319 13320 13322 13321 13320 13323 13322 13324 13325 13326 13324 13326 13327 13320 13321 13325 13320 13325 13324 13321 13322 13326 13321 13326 13325 13322 13323 13327 13322 13327 13326 13323 13320 13324 13323 13324 13327 13328 13330 13329 13328 13331 13330 13332 13333 13334 13332 13334 13335 13328 13329 13333 13328 13333 13332 13329 13330 13334 13329 13334 13333 13330 13331 13335 13330 13335 13334 13331 13328 13332 13331 13332 13335 13336 13338 13337 13336 13339 13338 13340 13341 13342 13340 13342 13343 13336 13337 13341 13336 13341 13340 13337 13338 13342 13337 13342 13341 13338 13339 13343 13338 13343 13342 13339 13336 13340 13339 13340 13343 13344 13346 13345 13344 13347 13346 13348 13349 13350 13348 13350 13351 13344 13345 13349 13344 13349 13348 13345 13346 13350 13345 13350 13349 13346 13347 13351 13346 13351 13350 13347 13344 13348 13347 13348 13351 13352 13354 13353 13352 13355 13354 13356 13357 13358 13356 13358 13359 13352 13353 13357 13352 13357 13356 13353 13354 13358 13353 13358 13357 13354 13355 13359 13354 13359 13358 13355 13352 13356 13355 13356 13359 13360 13362 13361 13360 13363 13362 13364 13365 13366 13364 13366 13367 13360 13361 13365 13360 13365 13364 13361 13362 13366 13361 13366 13365 13362 13363 13367 13362 13367 13366 13363 13360 13364 13363 13364 13367 13368 13370 13369 13368 13371 13370 13372 13373 13374 13372 13374 13375 13368 13369 13373 13368 13373 13372 13369 13370 13374 13369 13374 13373 13370 13371 13375 13370 13375 13374 13371 13368 13372 13371 13372 13375 13376 13378 13377 13376 13379 13378 13380 13381 13382 13380 13382 13383 13376 13377 13381 13376 13381 13380 13377 13378 13382 13377 13382 13381 13378 13379 13383 13378 13383 13382 13379 13376 13380 13379 13380 13383 13384 13386 13385 13384 13387 13386 13388 13389 13390 13388 13390 13391 13384 13385 13389 13384 13389 13388 13385 13386 13390 13385 13390 13389 13386 13387 13391 13386 13391 13390 13387 13384 13388 13387 13388 13391 13392 13394 13393 13392 13395 13394 13396 13397 13398 13396 13398 13399 13392 13393 13397 13392 13397 13396 13393 13394 13398 13393 13398 13397 13394 13395 13399 13394 13399 13398 13395 13392 13396 13395 13396 13399 13400 13402 13401 13400 13403 13402 13404 13405 13406 13404 13406 13407 13400 13401 13405 13400 13405 13404 13401 13402 13406 13401 13406 13405 13402 13403 13407 13402 13407 13406 13403 13400 13404 13403 13404 13407 13408 13410 13409 13408 13411 13410 13412 13413 13414 13412 13414 13415 13408 13409 13413 13408 13413 13412 13409 13410 13414 13409 13414 13413 13410 13411 13415 13410 13415 13414 13411 13408 13412 13411 13412 13415 13416 13418 13417 13416 13419 13418 13420 13421 13422 13420 13422 13423 13416 13417 13421 13416 13421 13420 13417 13418 13422 13417 13422 13421 13418 13419 13423 13418 13423 13422 13419 13416 13420 13419 13420 13423 13424 13426 13425 13424 13427 13426 13428 13429 13430 13428 13430 13431 13424 13425 13429 13424 13429 13428 13425 13426 13430 13425 13430 13429 13426 13427 13431 13426 13431 13430 13427 13424 13428 13427 13428 13431 13432 13434 13433 13432 13435 13434 13436 13437 13438 13436 13438 13439 13432 13433 13437 13432 13437 13436 13433 13434 13438 13433 13438 13437 13434 13435 13439 13434 13439 13438 13435 13432 13436 13435 13436 13439 13440 13442 13441 13440 13443 13442 13444 13445 13446 13444 13446 13447 13440 13441 13445 13440 13445 13444 13441 13442 13446 13441 13446 13445 13442 13443 13447 13442 13447 13446 13443 13440 13444 13443 13444 13447 13448 13450 13449 13448 13451 13450 13452 13453 13454 13452 13454 13455 13448 13449 13453 13448 13453 13452 13449 13450 13454 13449 13454 13453 13450 13451 13455 13450 13455 13454 13451 13448 13452 13451 13452 13455 13456 13458 13457 13456 13459 13458 13460 13461 13462 13460 13462 13463 13456 13457 13461 13456 13461 13460 13457 13458 13462 13457 13462 13461 13458 13459 13463 13458 13463 13462 13459 13456 13460 13459 13460 13463 13464 13466 13465 13464 13467 13466 13468 13469 13470 13468 13470 13471 13464 13465 13469 13464 13469 13468 13465 13466 13470 13465 13470 13469 13466 13467 13471 13466 13471 13470 13467 13464 13468 13467 13468 13471 13472 13474 13473 13472 13475 13474 13476 13477 13478 13476 13478 13479 13472 13473 13477 13472 13477 13476 13473 13474 13478 13473 13478 13477 13474 13475 13479 13474 13479 13478 13475 13472 13476 13475 13476 13479 13480 13482 13481 13480 13483 13482 13484 13485 13486 13484 13486 13487 13480 13481 13485 13480 13485 13484 13481 13482 13486 13481 13486 13485 13482 13483 13487 13482 13487 13486 13483 13480 13484 13483 13484 13487 13488 13490 13489 13488 13491 13490 13492 13493 13494 13492 13494 13495 13488 13489 13493 13488 13493 13492 13489 13490 13494 13489 13494 13493 13490 13491 13495 13490 13495 13494 13491 13488 13492 13491 13492 13495 13496 13498 13497 13496 13499 13498 13500 13501 13502 13500 13502 13503 13496 13497 13501 13496 13501 13500 13497 13498 13502 13497 13502 13501 13498 13499 13503 13498 13503 13502 13499 13496 13500 13499 13500 13503 13504 13506 13505 13504 13507 13506 13508 13509 13510 13508 13510 13511 13504 13505 13509 13504 13509 13508 13505 13506 13510 13505 13510 13509 13506 13507 13511 13506 13511 13510 13507 13504 13508 13507 13508 13511 13512 13514 13513 13512 13515 13514 13516 13517 13518 13516 13518 13519 13512 13513 13517 13512 13517 13516 13513 13514 13518 13513 13518 13517 13514 13515 13519 13514 13519 13518 13515 13512 13516 13515 13516 13519 13520 13522 13521 13520 13523 13522 13524 13525 13526 13524 13526 13527 13520 13521 13525 13520 13525 13524 13521 13522 13526 13521 13526 13525 13522 13523 13527 13522 13527 13526 13523 13520 13524 13523 13524 13527 13528 13530 13529 13528 13531 13530 13532 13533 13534 13532 13534 13535 13528 13529 13533 13528 13533 13532 13529 13530 13534 13529 13534 13533 13530 13531 13535 13530 13535 13534 13531 13528 13532 13531 13532 13535 13536 13538 13537 13536 13539 13538 13540 13541 13542 13540 13542 13543 13536 13537 13541 13536 13541 13540 13537 13538 13542 13537 13542 13541 13538 13539 13543 13538 13543 13542 13539 13536 13540 13539 13540 13543 13544 13546 13545 13544 13547 13546 13548 13549 13550 13548 13550 13551 13544 13545 13549 13544 13549 13548 13545 13546 13550 13545 13550 13549 13546 13547 13551 13546 13551 13550 13547 13544 13548 13547 13548 13551 13552 13554 13553 13552 13555 13554 13556 13557 13558 13556 13558 13559 13552 13553 13557 13552 13557 13556 13553 13554 13558 13553 13558 13557 13554 13555 13559 13554 13559 13558 13555 13552 13556 13555 13556 13559 13560 13562 13561 13560 13563 13562 13564 13565 13566 13564 13566 13567 13560 13561 13565 13560 13565 13564 13561 13562 13566 13561 13566 13565 13562 13563 13567 13562 13567 13566 13563 13560 13564 13563 13564 13567 13568 13570 13569 13568 13571 13570 13572 13573 13574 13572 13574 13575 13568 13569 13573 13568 13573 13572 13569 13570 13574 13569 13574 13573 13570 13571 13575 13570 13575 13574 13571 13568 13572 13571 13572 13575 13576 13578 13577 13576 13579 13578 13580 13581 13582 13580 13582 13583 13576 13577 13581 13576 13581 13580 13577 13578 13582 13577 13582 13581 13578 13579 13583 13578 13583 13582 13579 13576 13580 13579 13580 13583 13584 13586 13585 13584 13587 13586 13588 13589 13590 13588 13590 13591 13584 13585 13589 13584 13589 13588 13585 13586 13590 13585 13590 13589 13586 13587 13591 13586 13591 13590 13587 13584 13588 13587 13588 13591 13592 13594 13593 13592 13595 13594 13596 13597 13598 13596 13598 13599 13592 13593 13597 13592 13597 13596 13593 13594 13598 13593 13598 13597 13594 13595 13599 13594 13599 13598 13595 13592 13596 13595 13596 13599 13600 13602 13601 13600 13603 13602 13604 13605 13606 13604 13606 13607 13600 13601 13605 13600 13605 13604 13601 13602 13606 13601 13606 13605 13602 13603 13607 13602 13607 13606 13603 13600 13604 13603 13604 13607 13608 13610 13609 13608 13611 13610 13612 13613 13614 13612 13614 13615 13608 13609 13613 13608 13613 13612 13609 13610 13614 13609 13614 13613 13610 13611 13615 13610 13615 13614 13611 13608 13612 13611 13612 13615 13616 13618 13617 13616 13619 13618 13620 13621 13622 13620 13622 13623 13616 13617 13621 13616 13621 13620 13617 13618 13622 13617 13622 13621 13618 13619 13623 13618 13623 13622 13619 13616 13620 13619 13620 13623 13624 13626 13625 13624 13627 13626 13628 13629 13630 13628 13630 13631 13624 13625 13629 13624 13629 13628 13625 13626 13630 13625 13630 13629 13626 13627 13631 13626 13631 13630 13627 13624 13628 13627 13628 13631 13632 13634 13633 13632 13635 13634 13636 13637 13638 13636 13638 13639 13632 13633 13637 13632 13637 13636 13633 13634 13638 13633 13638 13637 13634 13635 13639 13634 13639 13638 13635 13632 13636 13635 13636 13639 13640 13642 13641 13640 13643 13642 13644 13645 13646 13644 13646 13647 13640 13641 13645 13640 13645 13644 13641 13642 13646 13641 13646 13645 13642 13643 13647 13642 13647 13646 13643 13640 13644 13643 13644 13647 13648 13650 13649 13648 13651 13650 13652 13653 13654 13652 13654 13655 13648 13649 13653 13648 13653 13652 13649 13650 13654 13649 13654 13653 13650 13651 13655 13650 13655 13654 13651 13648 13652 13651 13652 13655 13656 13658 13657 13656 13659 13658 13660 13661 13662 13660 13662 13663 13656 13657 13661 13656 13661 13660 13657 13658 13662 13657 13662 13661 13658 13659 13663 13658 13663 13662 13659 13656 13660 13659 13660 13663 13664 13666 13665 13664 13667 13666 13668 13669 13670 13668 13670 13671 13664 13665 13669 13664 13669 13668 13665 13666 13670 13665 13670 13669 13666 13667 13671 13666 13671 13670 13667 13664 13668 13667 13668 13671 13672 13674 13673 13672 13675 13674 13676 13677 13678 13676 13678 13679 13672 13673 13677 13672 13677 13676 13673 13674 13678 13673 13678 13677 13674 13675 13679 13674 13679 13678 13675 13672 13676 13675 13676 13679 13680 13682 13681 13680 13683 13682 13684 13685 13686 13684 13686 13687 13680 13681 13685 13680 13685 13684 13681 13682 13686 13681 13686 13685 13682 13683 13687 13682 13687 13686 13683 13680 13684 13683 13684 13687 13688 13690 13689 13688 13691 13690 13692 13693 13694 13692 13694 13695 13688 13689 13693 13688 13693 13692 13689 13690 13694 13689 13694 13693 13690 13691 13695 13690 13695 13694 13691 13688 13692 13691 13692 13695 13696 13698 13697 13696 13699 13698 13700 13701 13702 13700 13702 13703 13696 13697 13701 13696 13701 13700 13697 13698 13702 13697 13702 13701 13698 13699 13703 13698 13703 13702 13699 13696 13700 13699 13700 13703 13704 13706 13705 13704 13707 13706 13708 13709 13710 13708 13710 13711 13704 13705 13709 13704 13709 13708 13705 13706 13710 13705 13710 13709 13706 13707 13711 13706 13711 13710 13707 13704 13708 13707 13708 13711 13712 13714 13713 13712 13715 13714 13716 13717 13718 13716 13718 13719 13712 13713 13717 13712 13717 13716 13713 13714 13718 13713 13718 13717 13714 13715 13719 13714 13719 13718 13715 13712 13716 13715 13716 13719 13720 13722 13721 13720 13723 13722 13724 13725 13726 13724 13726 13727 13720 13721 13725 13720 13725 13724 13721 13722 13726 13721 13726 13725 13722 13723 13727 13722 13727 13726 13723 13720 13724 13723 13724 13727 13728 13730 13729 13728 13731 13730 13732 13733 13734 13732 13734 13735 13728 13729 13733 13728 13733 13732 13729 13730 13734 13729 13734 13733 13730 13731 13735 13730 13735 13734 13731 13728 13732 13731 13732 13735 13736 13738 13737 13736 13739 13738 13740 13741 13742 13740 13742 13743 13736 13737 13741 13736 13741 13740 13737 13738 13742 13737 13742 13741 13738 13739 13743 13738 13743 13742 13739 13736 13740 13739 13740 13743 13744 13746 13745 13744 13747 13746 13748 13749 13750 13748 13750 13751 13744 13745 13749 13744 13749 13748 13745 13746 13750 13745 13750 13749 13746 13747 13751 13746 13751 13750 13747 13744 13748 13747 13748 13751 13752 13754 13753 13752 13755 13754 13756 13757 13758 13756 13758 13759 13752 13753 13757 13752 13757 13756 13753 13754 13758 13753 13758 13757 13754 13755 13759 13754 13759 13758 13755 13752 13756 13755 13756 13759 13760 13762 13761 13760 13763 13762 13764 13765 13766 13764 13766 13767 13760 13761 13765 13760 13765 13764 13761 13762 13766 13761 13766 13765 13762 13763 13767 13762 13767 13766 13763 13760 13764 13763 13764 13767 13768 13770 13769 13768 13771 13770 13772 13773 13774 13772 13774 13775 13768 13769 13773 13768 13773 13772 13769 13770 13774 13769 13774 13773 13770 13771 13775 13770 13775 13774 13771 13768 13772 13771 13772 13775 13776 13778 13777 13776 13779 13778 13780 13781 13782 13780 13782 13783 13776 13777 13781 13776 13781 13780 13777 13778 13782 13777 13782 13781 13778 13779 13783 13778 13783 13782 13779 13776 13780 13779 13780 13783 13784 13786 13785 13784 13787 13786 13788 13789 13790 13788 13790 13791 13784 13785 13789 13784 13789 13788 13785 13786 13790 13785 13790 13789 13786 13787 13791 13786 13791 13790 13787 13784 13788 13787 13788 13791 13792 13794 13793 13792 13795 13794 13796 13797 13798 13796 13798 13799 13792 13793 13797 13792 13797 13796 13793 13794 13798 13793 13798 13797 13794 13795 13799 13794 13799 13798 13795 13792 13796 13795 13796 13799 13800 13802 13801 13800 13803 13802 13804 13805 13806 13804 13806 13807 13800 13801 13805 13800 13805 13804 13801 13802 13806 13801 13806 13805 13802 13803 13807 13802 13807 13806 13803 13800 13804 13803 13804 13807 13808 13810 13809 13808 13811 13810 13812 13813 13814 13812 13814 13815 13808 13809 13813 13808 13813 13812 13809 13810 13814 13809 13814 13813 13810 13811 13815 13810 13815 13814 13811 13808 13812 13811 13812 13815 13816 13818 13817 13816 13819 13818 13820 13821 13822 13820 13822 13823 13816 13817 13821 13816 13821 13820 13817 13818 13822 13817 13822 13821 13818 13819 13823 13818 13823 13822 13819 13816 13820 13819 13820 13823 13824 13826 13825 13824 13827 13826 13828 13829 13830 13828 13830 13831 13824 13825 13829 13824 13829 13828 13825 13826 13830 13825 13830 13829 13826 13827 13831 13826 13831 13830 13827 13824 13828 13827 13828 13831 13832 13834 13833 13832 13835 13834 13836 13837 13838 13836 13838 13839 13832 13833 13837 13832 13837 13836 13833 13834 13838 13833 13838 13837 13834 13835 13839 13834 13839 13838 13835 13832 13836 13835 13836 13839 13840 13842 13841 13840 13843 13842 13844 13845 13846 13844 13846 13847 13840 13841 13845 13840 13845 13844 13841 13842 13846 13841 13846 13845 13842 13843 13847 13842 13847 13846 13843 13840 13844 13843 13844 13847 13848 13850 13849 13848 13851 13850 13852 13853 13854 13852 13854 13855 13848 13849 13853 13848 13853 13852 13849 13850 13854 13849 13854 13853 13850 13851 13855 13850 13855 13854 13851 13848 13852 13851 13852 13855 13856 13858 13857 13856 13859 13858 13860 13861 13862 13860 13862 13863 13856 13857 13861 13856 13861 13860 13857 13858 13862 13857 13862 13861 13858 13859 13863 13858 13863 13862 13859 13856 13860 13859 13860 13863 13864 13866 13865 13864 13867 13866 13868 13869 13870 13868 13870 13871 13864 13865 13869 13864 13869 13868 13865 13866 13870 13865 13870 13869 13866 13867 13871 13866 13871 13870 13867 13864 13868 13867 13868 13871 13872 13874 13873 13872 13875 13874 13876 13877 13878 13876 13878 13879 13872 13873 13877 13872 13877 13876 13873 13874 13878 13873 13878 13877 13874 13875 13879 13874 13879 13878 13875 13872 13876 13875 13876 13879 13880 13882 13881 13880 13883 13882 13884 13885 13886 13884 13886 13887 13880 13881 13885 13880 13885 13884 13881 13882 13886 13881 13886 13885 13882 13883 13887 13882 13887 13886 13883 13880 13884 13883 13884 13887 13888 13890 13889 13888 13891 13890 13892 13893 13894 13892 13894 13895 13888 13889 13893 13888 13893 13892 13889 13890 13894 13889 13894 13893 13890 13891 13895 13890 13895 13894 13891 13888 13892 13891 13892 13895 13896 13898 13897 13896 13899 13898 13900 13901 13902 13900 13902 13903 13896 13897 13901 13896 13901 13900 13897 13898 13902 13897 13902 13901 13898 13899 13903 13898 13903 13902 13899 13896 13900 13899 13900 13903 13904 13906 13905 13904 13907 13906 13908 13909 13910 13908 13910 13911 13904 13905 13909 13904 13909 13908 13905 13906 13910 13905 13910 13909 13906 13907 13911 13906 13911 13910 13907 13904 13908 13907 13908 13911 13912 13914 13913 13912 13915 13914 13916 13917 13918 13916 13918 13919 13912 13913 13917 13912 13917 13916 13913 13914 13918 13913 13918 13917 13914 13915 13919 13914 13919 13918 13915 13912 13916 13915 13916 13919 13920 13922 13921 13920 13923 13922 13924 13925 13926 13924 13926 13927 13920 13921 13925 13920 13925 13924 13921 13922 13926 13921 13926 13925 13922 13923 13927 13922 13927 13926 13923 13920 13924 13923 13924 13927 13928 13930 13929 13928 13931 13930 13932 13933 13934 13932 13934 13935 13928 13929 13933 13928 13933 13932 13929 13930 13934 13929 13934 13933 13930 13931 13935 13930 13935 13934 13931 13928 13932 13931 13932 13935 13936 13938 13937 13936 13939 13938 13940 13941 13942 13940 13942 13943 13936 13937 13941 13936 13941 13940 13937 13938 13942 13937 13942 13941 13938 13939 13943 13938 13943 13942 13939 13936 13940 13939 13940 13943 13944 13946 13945 13944 13947 13946 13948 13949 13950 13948 13950 13951 13944 13945 13949 13944 13949 13948 13945 13946 13950 13945 13950 13949 13946 13947 13951 13946 13951 13950 13947 13944 13948 13947 13948 13951 13952 13954 13953 13952 13955 13954 13956 13957 13958 13956 13958 13959 13952 13953 13957 13952 13957 13956 13953 13954 13958 13953 13958 13957 13954 13955 13959 13954 13959 13958 13955 13952 13956 13955 13956 13959 13960 13962 13961 13960 13963 13962 13964 13965 13966 13964 13966 13967 13960 13961 13965 13960 13965 13964 13961 13962 13966 13961 13966 13965 13962 13963 13967 13962 13967 13966 13963 13960 13964 13963 13964 13967 13968 13970 13969 13968 13971 13970 13972 13973 13974 13972 13974 13975 13968 13969 13973 13968 13973 13972 13969 13970 13974 13969 13974 13973 13970 13971 13975 13970 13975 13974 13971 13968 13972 13971 13972 13975 13976 13978 13977 13976 13979 13978 13980 13981 13982 13980 13982 13983 13976 13977 13981 13976 13981 13980 13977 13978 13982 13977 13982 13981 13978 13979 13983 13978 13983 13982 13979 13976 13980 13979 13980 13983 13984 13986 13985 13984 13987 13986 13988 13989 13990 13988 13990 13991 13984 13985 13989 13984 13989 13988 13985 13986 13990 13985 13990 13989 13986 13987 13991 13986 13991 13990 13987 13984 13988 13987 13988 13991 13992 13994 13993 13992 13995 13994 13996 13997 13998 13996 13998 13999 13992 13993 13997 13992 13997 13996 13993 13994 13998 13993 13998 13997 13994 13995 13999 13994 13999 13998 13995 13992 13996 13995 13996 13999 14000 14002 14001 14000 14003 14002 14004 14005 14006 14004 14006 14007 14000 14001 14005 14000 14005 14004 14001 14002 14006 14001 14006 14005 14002 14003 14007 14002 14007 14006 14003 14000 14004 14003 14004 14007 14008 14010 14009 14008 14011 14010 14012 14013 14014 14012 14014 14015 14008 14009 14013 14008 14013 14012 14009 14010 14014 14009 14014 14013 14010 14011 14015 14010 14015 14014 14011 14008 14012 14011 14012 14015 14016 14018 14017 14016 14019 14018 14020 14021 14022 14020 14022 14023 14016 14017 14021 14016 14021 14020 14017 14018 14022 14017 14022 14021 14018 14019 14023 14018 14023 14022 14019 14016 14020 14019 14020 14023 14024 14026 14025 14024 14027 14026 14028 14029 14030 14028 14030 14031 14024 14025 14029 14024 14029 14028 14025 14026 14030 14025 14030 14029 14026 14027 14031 14026 14031 14030 14027 14024 14028 14027 14028 14031 14032 14034 14033 14032 14035 14034 14036 14037 14038 14036 14038 14039 14032 14033 14037 14032 14037 14036 14033 14034 14038 14033 14038 14037 14034 14035 14039 14034 14039 14038 14035 14032 14036 14035 14036 14039 14040 14042 14041 14040 14043 14042 14044 14045 14046 14044 14046 14047 14040 14041 14045 14040 14045 14044 14041 14042 14046 14041 14046 14045 14042 14043 14047 14042 14047 14046 14043 14040 14044 14043 14044 14047 14048 14050 14049 14048 14051 14050 14052 14053 14054 14052 14054 14055 14048 14049 14053 14048 14053 14052 14049 14050 14054 14049 14054 14053 14050 14051 14055 14050 14055 14054 14051 14048 14052 14051 14052 14055 14056 14058 14057 14056 14059 14058 14060 14061 14062 14060 14062 14063 14056 14057 14061 14056 14061 14060 14057 14058 14062 14057 14062 14061 14058 14059 14063 14058 14063 14062 14059 14056 14060 14059 14060 14063 14064 14066 14065 14064 14067 14066 14068 14069 14070 14068 14070 14071 14064 14065 14069 14064 14069 14068 14065 14066 14070 14065 14070 14069 14066 14067 14071 14066 14071 14070 14067 14064 14068 14067 14068 14071 14072 14074 14073 14072 14075 14074 14076 14077 14078 14076 14078 14079 14072 14073 14077 14072 14077 14076 14073 14074 14078 14073 14078 14077 14074 14075 14079 14074 14079 14078 14075 14072 14076 14075 14076 14079 14080 14082 14081 14080 14083 14082 14084 14085 14086 14084 14086 14087 14080 14081 14085 14080 14085 14084 14081 14082 14086 14081 14086 14085 14082 14083 14087 14082 14087 14086 14083 14080 14084 14083 14084 14087 14088 14090 14089 14088 14091 14090 14092 14093 14094 14092 14094 14095 14088 14089 14093 14088 14093 14092 14089 14090 14094 14089 14094 14093 14090 14091 14095 14090 14095 14094 14091 14088 14092 14091 14092 14095 14096 14098 14097 14096 14099 14098 14100 14101 14102 14100 14102 14103 14096 14097 14101 14096 14101 14100 14097 14098 14102 14097 14102 14101 14098 14099 14103 14098 14103 14102 14099 14096 14100 14099 14100 14103 14104 14106 14105 14104 14107 14106 14108 14109 14110 14108 14110 14111 14104 14105 14109 14104 14109 14108 14105 14106 14110 14105 14110 14109 14106 14107 14111 14106 14111 14110 14107 14104 14108 14107 14108 14111 14112 14114 14113 14112 14115 14114 14116 14117 14118 14116 14118 14119 14112 14113 14117 14112 14117 14116 14113 14114 14118 14113 14118 14117 14114 14115 14119 14114 14119 14118 14115 14112 14116 14115 14116 14119 14120 14122 14121 14120 14123 14122 14124 14125 14126 14124 14126 14127 14120 14121 14125 14120 14125 14124 14121 14122 14126 14121 14126 14125 14122 14123 14127 14122 14127 14126 14123 14120 14124 14123 14124 14127 14128 14130 14129 14128 14131 14130 14132 14133 14134 14132 14134 14135 14128 14129 14133 14128 14133 14132 14129 14130 14134 14129 14134 14133 14130 14131 14135 14130 14135 14134 14131 14128 14132 14131 14132 14135 14136 14138 14137 14136 14139 14138 14140 14141 14142 14140 14142 14143 14136 14137 14141 14136 14141 14140 14137 14138 14142 14137 14142 14141 14138 14139 14143 14138 14143 14142 14139 14136 14140 14139 14140 14143 14144 14146 14145 14144 14147 14146 14148 14149 14150 14148 14150 14151 14144 14145 14149 14144 14149 14148 14145 14146 14150 14145 14150 14149 14146 14147 14151 14146 14151 14150 14147 14144 14148 14147 14148 14151 14152 14154 14153 14152 14155 14154 14156 14157 14158 14156 14158 14159 14152 14153 14157 14152 14157 14156 14153 14154 14158 14153 14158 14157 14154 14155 14159 14154 14159 14158 14155 14152 14156 14155 14156 14159 14160 14162 14161 14160 14163 14162 14164 14165 14166 14164 14166 14167 14160 14161 14165 14160 14165 14164 14161 14162 14166 14161 14166 14165 14162 14163 14167 14162 14167 14166 14163 14160 14164 14163 14164 14167 14168 14170 14169 14168 14171 14170 14172 14173 14174 14172 14174 14175 14168 14169 14173 14168 14173 14172 14169 14170 14174 14169 14174 14173 14170 14171 14175 14170 14175 14174 14171 14168 14172 14171 14172 14175 14176 14178 14177 14176 14179 14178 14180 14181 14182 14180 14182 14183 14176 14177 14181 14176 14181 14180 14177 14178 14182 14177 14182 14181 14178 14179 14183 14178 14183 14182 14179 14176 14180 14179 14180 14183 14184 14186 14185 14184 14187 14186 14188 14189 14190 14188 14190 14191 14184 14185 14189 14184 14189 14188 14185 14186 14190 14185 14190 14189 14186 14187 14191 14186 14191 14190 14187 14184 14188 14187 14188 14191 14192 14194 14193 14192 14195 14194 14196 14197 14198 14196 14198 14199 14192 14193 14197 14192 14197 14196 14193 14194 14198 14193 14198 14197 14194 14195 14199 14194 14199 14198 14195 14192 14196 14195 14196 14199 14200 14202 14201 14200 14203 14202 14204 14205 14206 14204 14206 14207 14200 14201 14205 14200 14205 14204 14201 14202 14206 14201 14206 14205 14202 14203 14207 14202 14207 14206 14203 14200 14204 14203 14204 14207 14208 14210 14209 14208 14211 14210 14212 14213 14214 14212 14214 14215 14208 14209 14213 14208 14213 14212 14209 14210 14214 14209 14214 14213 14210 14211 14215 14210 14215 14214 14211 14208 14212 14211 14212 14215 14216 14218 14217 14216 14219 14218 14220 14221 14222 14220 14222 14223 14216 14217 14221 14216 14221 14220 14217 14218 14222 14217 14222 14221 14218 14219 14223 14218 14223 14222 14219 14216 14220 14219 14220 14223 14224 14226 14225 14224 14227 14226 14228 14229 14230 14228 14230 14231 14224 14225 14229 14224 14229 14228 14225 14226 14230 14225 14230 14229 14226 14227 14231 14226 14231 14230 14227 14224 14228 14227 14228 14231 14232 14234 14233 14232 14235 14234 14236 14237 14238 14236 14238 14239 14232 14233 14237 14232 14237 14236 14233 14234 14238 14233 14238 14237 14234 14235 14239 14234 14239 14238 14235 14232 14236 14235 14236 14239 14240 14242 14241 14240 14243 14242 14244 14245 14246 14244 14246 14247 14240 14241 14245 14240 14245 14244 14241 14242 14246 14241 14246 14245 14242 14243 14247 14242 14247 14246 14243 14240 14244 14243 14244 14247 14248 14250 14249 14248 14251 14250 14252 14253 14254 14252 14254 14255 14248 14249 14253 14248 14253 14252 14249 14250 14254 14249 14254 14253 14250 14251 14255 14250 14255 14254 14251 14248 14252 14251 14252 14255 14256 14258 14257 14256 14259 14258 14260 14261 14262 14260 14262 14263 14256 14257 14261 14256 14261 14260 14257 14258 14262 14257 14262 14261 14258 14259 14263 14258 14263 14262 14259 14256 14260 14259 14260 14263 14264 14266 14265 14264 14267 14266 14268 14269 14270 14268 14270 14271 14264 14265 14269 14264 14269 14268 14265 14266 14270 14265 14270 14269 14266 14267 14271 14266 14271 14270 14267 14264 14268 14267 14268 14271 14272 14274 14273 14272 14275 14274 14276 14277 14278 14276 14278 14279 14272 14273 14277 14272 14277 14276 14273 14274 14278 14273 14278 14277 14274 14275 14279 14274 14279 14278 14275 14272 14276 14275 14276 14279 14280 14282 14281 14280 14283 14282 14284 14285 14286 14284 14286 14287 14280 14281 14285 14280 14285 14284 14281 14282 14286 14281 14286 14285 14282 14283 14287 14282 14287 14286 14283 14280 14284 14283 14284 14287 14288 14290 14289 14288 14291 14290 14292 14293 14294 14292 14294 14295 14288 14289 14293 14288 14293 14292 14289 14290 14294 14289 14294 14293 14290 14291 14295 14290 14295 14294 14291 14288 14292 14291 14292 14295 14296 14298 14297 14296 14299 14298 14300 14301 14302 14300 14302 14303 14296 14297 14301 14296 14301 14300 14297 14298 14302 14297 14302 14301 14298 14299 14303 14298 14303 14302 14299 14296 14300 14299 14300 14303 14304 14306 14305 14304 14307 14306 14308 14309 14310 14308 14310 14311 14304 14305 14309 14304 14309 14308 14305 14306 14310 14305 14310 14309 14306 14307 14311 14306 14311 14310 14307 14304 14308 14307 14308 14311 14312 14314 14313 14312 14315 14314 14316 14317 14318 14316 14318 14319 14312 14313 14317 14312 14317 14316 14313 14314 14318 14313 14318 14317 14314 14315 14319 14314 14319 14318 14315 14312 14316 14315 14316 14319 14320 14322 14321 14320 14323 14322 14324 14325 14326 14324 14326 14327 14320 14321 14325 14320 14325 14324 14321 14322 14326 14321 14326 14325 14322 14323 14327 14322 14327 14326 14323 14320 14324 14323 14324 14327 14328 14330 14329 14328 14331 14330 14332 14333 14334 14332 14334 14335 14328 14329 14333 14328 14333 14332 14329 14330 14334 14329 14334 14333 14330 14331 14335 14330 14335 14334 14331 14328 14332 14331 14332 14335 14336 14338 14337 14336 14339 14338 14340 14341 14342 14340 14342 14343 14336 14337 14341 14336 14341 14340 14337 14338 14342 14337 14342 14341 14338 14339 14343 14338 14343 14342 14339 14336 14340 14339 14340 14343 14344 14346 14345 14344 14347 14346 14348 14349 14350 14348 14350 14351 14344 14345 14349 14344 14349 14348 14345 14346 14350 14345 14350 14349 14346 14347 14351 14346 14351 14350 14347 14344 14348 14347 14348 14351 14352 14354 14353 14352 14355 14354 14356 14357 14358 14356 14358 14359 14352 14353 14357 14352 14357 14356 14353 14354 14358 14353 14358 14357 14354 14355 14359 14354 14359 14358 14355 14352 14356 14355 14356 14359 14360 14362 14361 14360 14363 14362 14364 14365 14366 14364 14366 14367 14360 14361 14365 14360 14365 14364 14361 14362 14366 14361 14366 14365 14362 14363 14367 14362 14367 14366 14363 14360 14364 14363 14364 14367 14368 14370 14369 14368 14371 14370 14372 14373 14374 14372 14374 14375 14368 14369 14373 14368 14373 14372 14369 14370 14374 14369 14374 14373 14370 14371 14375 14370 14375 14374 14371 14368 14372 14371 14372 14375 14376 14378 14377 14376 14379 14378 14380 14381 14382 14380 14382 14383 14376 14377 14381 14376 14381 14380 14377 14378 14382 14377 14382 14381 14378 14379 14383 14378 14383 14382 14379 14376 14380 14379 14380 14383 14384 14386 14385 14384 14387 14386 14388 14389 14390 14388 14390 14391 14384 14385 14389 14384 14389 14388 14385 14386 14390 14385 14390 14389 14386 14387 14391 14386 14391 14390 14387 14384 14388 14387 14388 14391 14392 14394 14393 14392 14395 14394 14396 14397 14398 14396 14398 14399 14392 14393 14397 14392 14397 14396 14393 14394 14398 14393 14398 14397 14394 14395 14399 14394 14399 14398 14395 14392 14396 14395 14396 14399 14400 14402 14401 14400 14403 14402 14404 14405 14406 14404 14406 14407 14400 14401 14405 14400 14405 14404 14401 14402 14406 14401 14406 14405 14402 14403 14407 14402 14407 14406 14403 14400 14404 14403 14404 14407 14408 14410 14409 14408 14411 14410 14412 14413 14414 14412 14414 14415 14408 14409 14413 14408 14413 14412 14409 14410 14414 14409 14414 14413 14410 14411 14415 14410 14415 14414 14411 14408 14412 14411 14412 14415 14416 14418 14417 14416 14419 14418 14420 14421 14422 14420 14422 14423 14416 14417 14421 14416 14421 14420 14417 14418 14422 14417 14422 14421 14418 14419 14423 14418 14423 14422 14419 14416 14420 14419 14420 14423 14424 14426 14425 14424 14427 14426 14428 14429 14430 14428 14430 14431 14424 14425 14429 14424 14429 14428 14425 14426 14430 14425 14430 14429 14426 14427 14431 14426 14431 14430 14427 14424 14428 14427 14428 14431 14432 14434 14433 14432 14435 14434 14436 14437 14438 14436 14438 14439 14432 14433 14437 14432 14437 14436 14433 14434 14438 14433 14438 14437 14434 14435 14439 14434 14439 14438 14435 14432 14436 14435 14436 14439 14440 14442 14441 14440 14443 14442 14444 14445 14446 14444 14446 14447 14440 14441 14445 14440 14445 14444 14441 14442 14446 14441 14446 14445 14442 14443 14447 14442 14447 14446 14443 14440 14444 14443 14444 14447 14448 14450 14449 14448 14451 14450 14452 14453 14454 14452 14454 14455 14448 14449 14453 14448 14453 14452 14449 14450 14454 14449 14454 14453 14450 14451 14455 14450 14455 14454 14451 14448 14452 14451 14452 14455 14456 14458 14457 14456 14459 14458 14460 14461 14462 14460 14462 14463 14456 14457 14461 14456 14461 14460 14457 14458 14462 14457 14462 14461 14458 14459 14463 14458 14463 14462 14459 14456 14460 14459 14460 14463 14464 14466 14465 14464 14467 14466 14468 14469 14470 14468 14470 14471 14464 14465 14469 14464 14469 14468 14465 14466 14470 14465 14470 14469 14466 14467 14471 14466 14471 14470 14467 14464 14468 14467 14468 14471 14472 14474 14473 14472 14475 14474 14476 14477 14478 14476 14478 14479 14472 14473 14477 14472 14477 14476 14473 14474 14478 14473 14478 14477 14474 14475 14479 14474 14479 14478 14475 14472 14476 14475 14476 14479 14480 14482 14481 14480 14483 14482 14484 14485 14486 14484 14486 14487 14480 14481 14485 14480 14485 14484 14481 14482 14486 14481 14486 14485 14482 14483 14487 14482 14487 14486 14483 14480 14484 14483 14484 14487 14488 14490 14489 14488 14491 14490 14492 14493 14494 14492 14494 14495 14488 14489 14493 14488 14493 14492 14489 14490 14494 14489 14494 14493 14490 14491 14495 14490 14495 14494 14491 14488 14492 14491 14492 14495 14496 14498 14497 14496 14499 14498 14500 14501 14502 14500 14502 14503 14496 14497 14501 14496 14501 14500 14497 14498 14502 14497 14502 14501 14498 14499 14503 14498 14503 14502 14499 14496 14500 14499 14500 14503 14504 14506 14505 14504 14507 14506 14508 14509 14510 14508 14510 14511 14504 14505 14509 14504 14509 14508 14505 14506 14510 14505 14510 14509 14506 14507 14511 14506 14511 14510 14507 14504 14508 14507 14508 14511 14512 14514 14513 14512 14515 14514 14516 14517 14518 14516 14518 14519 14512 14513 14517 14512 14517 14516 14513 14514 14518 14513 14518 14517 14514 14515 14519 14514 14519 14518 14515 14512 14516 14515 14516 14519 14520 14522 14521 14520 14523 14522 14524 14525 14526 14524 14526 14527 14520 14521 14525 14520 14525 14524 14521 14522 14526 14521 14526 14525 14522 14523 14527 14522 14527 14526 14523 14520 14524 14523 14524 14527 14528 14530 14529 14528 14531 14530 14532 14533 14534 14532 14534 14535 14528 14529 14533 14528 14533 14532 14529 14530 14534 14529 14534 14533 14530 14531 14535 14530 14535 14534 14531 14528 14532 14531 14532 14535 14536 14538 14537 14536 14539 14538 14540 14541 14542 14540 14542 14543 14536 14537 14541 14536 14541 14540 14537 14538 14542 14537 14542 14541 14538 14539 14543 14538 14543 14542 14539 14536 14540 14539 14540 14543 14544 14546 14545 14544 14547 14546 14548 14549 14550 14548 14550 14551 14544 14545 14549 14544 14549 14548 14545 14546 14550 14545 14550 14549 14546 14547 14551 14546 14551 14550 14547 14544 14548 14547 14548 14551 14552 14554 14553 14552 14555 14554 14556 14557 14558 14556 14558 14559 14552 14553 14557 14552 14557 14556 14553 14554 14558 14553 14558 14557 14554 14555 14559 14554 14559 14558 14555 14552 14556 14555 14556 14559 14560 14562 14561 14560 14563 14562 14564 14565 14566 14564 14566 14567 14560 14561 14565 14560 14565 14564 14561 14562 14566 14561 14566 14565 14562 14563 14567 14562 14567 14566 14563 14560 14564 14563 14564 14567 14568 14570 14569 14568 14571 14570 14572 14573 14574 14572 14574 14575 14568 14569 14573 14568 14573 14572 14569 14570 14574 14569 14574 14573 14570 14571 14575 14570 14575 14574 14571 14568 14572 14571 14572 14575 14576 14578 14577 14576 14579 14578 14580 14581 14582 14580 14582 14583 14576 14577 14581 14576 14581 14580 14577 14578 14582 14577 14582 14581 14578 14579 14583 14578 14583 14582 14579 14576 14580 14579 14580 14583 14584 14586 14585 14584 14587 14586 14588 14589 14590 14588 14590 14591 14584 14585 14589 14584 14589 14588 14585 14586 14590 14585 14590 14589 14586 14587 14591 14586 14591 14590 14587 14584 14588 14587 14588 14591 14592 14594 14593 14592 14595 14594 14596 14597 14598 14596 14598 14599 14592 14593 14597 14592 14597 14596 14593 14594 14598 14593 14598 14597 14594 14595 14599 14594 14599 14598 14595 14592 14596 14595 14596 14599 14600 14602 14601 14600 14603 14602 14604 14605 14606 14604 14606 14607 14600 14601 14605 14600 14605 14604 14601 14602 14606 14601 14606 14605 14602 14603 14607 14602 14607 14606 14603 14600 14604 14603 14604 14607 14608 14610 14609 14608 14611 14610 14612 14613 14614 14612 14614 14615 14608 14609 14613 14608 14613 14612 14609 14610 14614 14609 14614 14613 14610 14611 14615 14610 14615 14614 14611 14608 14612 14611 14612 14615 14616 14618 14617 14616 14619 14618 14620 14621 14622 14620 14622 14623 14616 14617 14621 14616 14621 14620 14617 14618 14622 14617 14622 14621 14618 14619 14623 14618 14623 14622 14619 14616 14620 14619 14620 14623 14624 14626 14625 14624 14627 14626 14628 14629 14630 14628 14630 14631 14624 14625 14629 14624 14629 14628 14625 14626 14630 14625 14630 14629 14626 14627 14631 14626 14631 14630 14627 14624 14628 14627 14628 14631 14632 14634 14633 14632 14635 14634 14636 14637 14638 14636 14638 14639 14632 14633 14637 14632 14637 14636 14633 14634 14638 14633 14638 14637 14634 14635 14639 14634 14639 14638 14635 14632 14636 14635 14636 14639 14640 14642 14641 14640 14643 14642 14644 14645 14646 14644 14646 14647 14640 14641 14645 14640 14645 14644 14641 14642 14646 14641 14646 14645 14642 14643 14647 14642 14647 14646 14643 14640 14644 14643 14644 14647 14648 14650 14649 14648 14651 14650 14652 14653 14654 14652 14654 14655 14648 14649 14653 14648 14653 14652 14649 14650 14654 14649 14654 14653 14650 14651 14655 14650 14655 14654 14651 14648 14652 14651 14652 14655 14656 14658 14657 14656 14659 14658 14660 14661 14662 14660 14662 14663 14656 14657 14661 14656 14661 14660 14657 14658 14662 14657 14662 14661 14658 14659 14663 14658 14663 14662 14659 14656 14660 14659 14660 14663 14664 14666 14665 14664 14667 14666 14668 14669 14670 14668 14670 14671 14664 14665 14669 14664 14669 14668 14665 14666 14670 14665 14670 14669 14666 14667 14671 14666 14671 14670 14667 14664 14668 14667 14668 14671 14672 14674 14673 14672 14675 14674 14676 14677 14678 14676 14678 14679 14672 14673 14677 14672 14677 14676 14673 14674 14678 14673 14678 14677 14674 14675 14679 14674 14679 14678 14675 14672 14676 14675 14676 14679 14680 14682 14681 14680 14683 14682 14684 14685 14686 14684 14686 14687 14680 14681 14685 14680 14685 14684 14681 14682 14686 14681 14686 14685 14682 14683 14687 14682 14687 14686 14683 14680 14684 14683 14684 14687 14688 14690 14689 14688 14691 14690 14692 14693 14694 14692 14694 14695 14688 14689 14693 14688 14693 14692 14689 14690 14694 14689 14694 14693 14690 14691 14695 14690 14695 14694 14691 14688 14692 14691 14692 14695 14696 14698 14697 14696 14699 14698 14700 14701 14702 14700 14702 14703 14696 14697 14701 14696 14701 14700 14697 14698 14702 14697 14702 14701 14698 14699 14703 14698 14703 14702 14699 14696 14700 14699 14700 14703 14704 14706 14705 14704 14707 14706 14708 14709 14710 14708 14710 14711 14704 14705 14709 14704 14709 14708 14705 14706 14710 14705 14710 14709 14706 14707 14711 14706 14711 14710 14707 14704 14708 14707 14708 14711 14712 14714 14713 14712 14715 14714 14716 14717 14718 14716 14718 14719 14712 14713 14717 14712 14717 14716 14713 14714 14718 14713 14718 14717 14714 14715 14719 14714 14719 14718 14715 14712 14716 14715 14716 14719 14720 14722 14721 14720 14723 14722 14724 14725 14726 14724 14726 14727 14720 14721 14725 14720 14725 14724 14721 14722 14726 14721 14726 14725 14722 14723 14727 14722 14727 14726 14723 14720 14724 14723 14724 14727 14728 14730 14729 14728 14731 14730 14732 14733 14734 14732 14734 14735 14728 14729 14733 14728 14733 14732 14729 14730 14734 14729 14734 14733 14730 14731 14735 14730 14735 14734 14731 14728 14732 14731 14732 14735 14736 14738 14737 14736 14739 14738 14740 14741 14742 14740 14742 14743 14736 14737 14741 14736 14741 14740 14737 14738 14742 14737 14742 14741 14738 14739 14743 14738 14743 14742 14739 14736 14740 14739 14740 14743 14744 14746 14745 14744 14747 14746 14748 14749 14750 14748 14750 14751 14744 14745 14749 14744 14749 14748 14745 14746 14750 14745 14750 14749 14746 14747 14751 14746 14751 14750 14747 14744 14748 14747 14748 14751 14752 14754 14753 14752 14755 14754 14756 14757 14758 14756 14758 14759 14752 14753 14757 14752 14757 14756 14753 14754 14758 14753 14758 14757 14754 14755 14759 14754 14759 14758 14755 14752 14756 14755 14756 14759 14760 14762 14761 14760 14763 14762 14764 14765 14766 14764 14766 14767 14760 14761 14765 14760 14765 14764 14761 14762 14766 14761 14766 14765 14762 14763 14767 14762 14767 14766 14763 14760 14764 14763 14764 14767 14768 14770 14769 14768 14771 14770 14772 14773 14774 14772 14774 14775 14768 14769 14773 14768 14773 14772 14769 14770 14774 14769 14774 14773 14770 14771 14775 14770 14775 14774 14771 14768 14772 14771 14772 14775 14776 14778 14777 14776 14779 14778 14780 14781 14782 14780 14782 14783 14776 14777 14781 14776 14781 14780 14777 14778 14782 14777 14782 14781 14778 14779 14783 14778 14783 14782 14779 14776 14780 14779 14780 14783 14784 14786 14785 14784 14787 14786 14788 14789 14790 14788 14790 14791 14784 14785 14789 14784 14789 14788 14785 14786 14790 14785 14790 14789 14786 14787 14791 14786 14791 14790 14787 14784 14788 14787 14788 14791 14792 14794 14793 14792 14795 14794 14796 14797 14798 14796 14798 14799 14792 14793 14797 14792 14797 14796 14793 14794 14798 14793 14798 14797 14794 14795 14799 14794 14799 14798 14795 14792 14796 14795 14796 14799 14800 14802 14801 14800 14803 14802 14804 14805 14806 14804 14806 14807 14800 14801 14805 14800 14805 14804 14801 14802 14806 14801 14806 14805 14802 14803 14807 14802 14807 14806 14803 14800 14804 14803 14804 14807 14808 14810 14809 14808 14811 14810 14812 14813 14814 14812 14814 14815 14808 14809 14813 14808 14813 14812 14809 14810 14814 14809 14814 14813 14810 14811 14815 14810 14815 14814 14811 14808 14812 14811 14812 14815 14816 14818 14817 14816 14819 14818 14820 14821 14822 14820 14822 14823 14816 14817 14821 14816 14821 14820 14817 14818 14822 14817 14822 14821 14818 14819 14823 14818 14823 14822 14819 14816 14820 14819 14820 14823 14824 14826 14825 14824 14827 14826 14828 14829 14830 14828 14830 14831 14824 14825 14829 14824 14829 14828 14825 14826 14830 14825 14830 14829 14826 14827 14831 14826 14831 14830 14827 14824 14828 14827 14828 14831 14832 14834 14833 14832 14835 14834 14836 14837 14838 14836 14838 14839 14832 14833 14837 14832 14837 14836 14833 14834 14838 14833 14838 14837 14834 14835 14839 14834 14839 14838 14835 14832 14836 14835 14836 14839 14840 14842 14841 14840 14843 14842 14844 14845 14846 14844 14846 14847 14840 14841 14845 14840 14845 14844 14841 14842 14846 14841 14846 14845 14842 14843 14847 14842 14847 14846 14843 14840 14844 14843 14844 14847 14848 14850 14849 14848 14851 14850 14852 14853 14854 14852 14854 14855 14848 14849 14853 14848 14853 14852 14849 14850 14854 14849 14854 14853 14850 14851 14855 14850 14855 14854 14851 14848 14852 14851 14852 14855 14856 14858 14857 14856 14859 14858 14860 14861 14862 14860 14862 14863 14856 14857 14861 14856 14861 14860 14857 14858 14862 14857 14862 14861 14858 14859 14863 14858 14863 14862 14859 14856 14860 14859 14860 14863 14864 14866 14865 14864 14867 14866 14868 14869 14870 14868 14870 14871 14864 14865 14869 14864 14869 14868 14865 14866 14870 14865 14870 14869 14866 14867 14871 14866 14871 14870 14867 14864 14868 14867 14868 14871 14872 14874 14873 14872 14875 14874 14876 14877 14878 14876 14878 14879 14872 14873 14877 14872 14877 14876 14873 14874 14878 14873 14878 14877 14874 14875 14879 14874 14879 14878 14875 14872 14876 14875 14876 14879 14880 14882 14881 14880 14883 14882 14884 14885 14886 14884 14886 14887 14880 14881 14885 14880 14885 14884 14881 14882 14886 14881 14886 14885 14882 14883 14887 14882 14887 14886 14883 14880 14884 14883 14884 14887 14888 14890 14889 14888 14891 14890 14892 14893 14894 14892 14894 14895 14888 14889 14893 14888 14893 14892 14889 14890 14894 14889 14894 14893 14890 14891 14895 14890 14895 14894 14891 14888 14892 14891 14892 14895 14896 14898 14897 14896 14899 14898 14900 14901 14902 14900 14902 14903 14896 14897 14901 14896 14901 14900 14897 14898 14902 14897 14902 14901 14898 14899 14903 14898 14903 14902 14899 14896 14900 14899 14900 14903 14904 14906 14905 14904 14907 14906 14908 14909 14910 14908 14910 14911 14904 14905 14909 14904 14909 14908 14905 14906 14910 14905 14910 14909 14906 14907 14911 14906 14911 14910 14907 14904 14908 14907 14908 14911 14912 14914 14913 14912 14915 14914 14916 14917 14918 14916 14918 14919 14912 14913 14917 14912 14917 14916 14913 14914 14918 14913 14918 14917 14914 14915 14919 14914 14919 14918 14915 14912 14916 14915 14916 14919 14920 14922 14921 14920 14923 14922 14924 14925 14926 14924 14926 14927 14920 14921 14925 14920 14925 14924 14921 14922 14926 14921 14926 14925 14922 14923 14927 14922 14927 14926 14923 14920 14924 14923 14924 14927 14928 14930 14929 14928 14931 14930 14932 14933 14934 14932 14934 14935 14928 14929 14933 14928 14933 14932 14929 14930 14934 14929 14934 14933 14930 14931 14935 14930 14935 14934 14931 14928 14932 14931 14932 14935 14936 14938 14937 14936 14939 14938 14940 14941 14942 14940 14942 14943 14936 14937 14941 14936 14941 14940 14937 14938 14942 14937 14942 14941 14938 14939 14943 14938 14943 14942 14939 14936 14940 14939 14940 14943 14944 14946 14945 14944 14947 14946 14948 14949 14950 14948 14950 14951 14944 14945 14949 14944 14949 14948 14945 14946 14950 14945 14950 14949 14946 14947 14951 14946 14951 14950 14947 14944 14948 14947 14948 14951 14952 14954 14953 14952 14955 14954 14956 14957 14958 14956 14958 14959 14952 14953 14957 14952 14957 14956 14953 14954 14958 14953 14958 14957 14954 14955 14959 14954 14959 14958 14955 14952 14956 14955 14956 14959 14960 14962 14961 14960 14963 14962 14964 14965 14966 14964 14966 14967 14960 14961 14965 14960 14965 14964 14961 14962 14966 14961 14966 14965 14962 14963 14967 14962 14967 14966 14963 14960 14964 14963 14964 14967 14968 14970 14969 14968 14971 14970 14972 14973 14974 14972 14974 14975 14968 14969 14973 14968 14973 14972 14969 14970 14974 14969 14974 14973 14970 14971 14975 14970 14975 14974 14971 14968 14972 14971 14972 14975 14976 14978 14977 14976 14979 14978 14980 14981 14982 14980 14982 14983 14976 14977 14981 14976 14981 14980 14977 14978 14982 14977 14982 14981 14978 14979 14983 14978 14983 14982 14979 14976 14980 14979 14980 14983 14984 14986 14985 14984 14987 14986 14988 14989 14990 14988 14990 14991 14984 14985 14989 14984 14989 14988 14985 14986 14990 14985 14990 14989 14986 14987 14991 14986 14991 14990 14987 14984 14988 14987 14988 14991 14992 14994 14993 14992 14995 14994 14996 14997 14998 14996 14998 14999 14992 14993 14997 14992 14997 14996 14993 14994 14998 14993 14998 14997 14994 14995 14999 14994 14999 14998 14995 14992 14996 14995 14996 14999 15000 15002 15001 15000 15003 15002 15004 15005 15006 15004 15006 15007 15000 15001 15005 15000 15005 15004 15001 15002 15006 15001 15006 15005 15002 15003 15007 15002 15007 15006 15003 15000 15004 15003 15004 15007 15008 15010 15009 15008 15011 15010 15012 15013 15014 15012 15014 15015 15008 15009 15013 15008 15013 15012 15009 15010 15014 15009 15014 15013 15010 15011 15015 15010 15015 15014 15011 15008 15012 15011 15012 15015 15016 15018 15017 15016 15019 15018 15020 15021 15022 15020 15022 15023 15016 15017 15021 15016 15021 15020 15017 15018 15022 15017 15022 15021 15018 15019 15023 15018 15023 15022 15019 15016 15020 15019 15020 15023 15024 15026 15025 15024 15027 15026 15028 15029 15030 15028 15030 15031 15024 15025 15029 15024 15029 15028 15025 15026 15030 15025 15030 15029 15026 15027 15031 15026 15031 15030 15027 15024 15028 15027 15028 15031 15032 15034 15033 15032 15035 15034 15036 15037 15038 15036 15038 15039 15032 15033 15037 15032 15037 15036 15033 15034 15038 15033 15038 15037 15034 15035 15039 15034 15039 15038 15035 15032 15036 15035 15036 15039 15040 15042 15041 15040 15043 15042 15044 15045 15046 15044 15046 15047 15040 15041 15045 15040 15045 15044 15041 15042 15046 15041 15046 15045 15042 15043 15047 15042 15047 15046 15043 15040 15044 15043 15044 15047 15048 15050 15049 15048 15051 15050 15052 15053 15054 15052 15054 15055 15048 15049 15053 15048 15053 15052 15049 15050 15054 15049 15054 15053 15050 15051 15055 15050 15055 15054 15051 15048 15052 15051 15052 15055 15056 15058 15057 15056 15059 15058 15060 15061 15062 15060 15062 15063 15056 15057 15061 15056 15061 15060 15057 15058 15062 15057 15062 15061 15058 15059 15063 15058 15063 15062 15059 15056 15060 15059 15060 15063 15064 15066 15065 15064 15067 15066 15068 15069 15070 15068 15070 15071 15064 15065 15069 15064 15069 15068 15065 15066 15070 15065 15070 15069 15066 15067 15071 15066 15071 15070 15067 15064 15068 15067 15068 15071 15072 15074 15073 15072 15075 15074 15076 15077 15078 15076 15078 15079 15072 15073 15077 15072 15077 15076 15073 15074 15078 15073 15078 15077 15074 15075 15079 15074 15079 15078 15075 15072 15076 15075 15076 15079 15080 15082 15081 15080 15083 15082 15084 15085 15086 15084 15086 15087 15080 15081 15085 15080 15085 15084 15081 15082 15086 15081 15086 15085 15082 15083 15087 15082 15087 15086 15083 15080 15084 15083 15084 15087 15088 15090 15089 15088 15091 15090 15092 15093 15094 15092 15094 15095 15088 15089 15093 15088 15093 15092 15089 15090 15094 15089 15094 15093 15090 15091 15095 15090 15095 15094 15091 15088 15092 15091 15092 15095 15096 15098 15097 15096 15099 15098 15100 15101 15102 15100 15102 15103 15096 15097 15101 15096 15101 15100 15097 15098 15102 15097 15102 15101 15098 15099 15103 15098 15103 15102 15099 15096 15100 15099 15100 15103 15104 15106 15105 15104 15107 15106 15108 15109 15110 15108 15110 15111 15104 15105 15109 15104 15109 15108 15105 15106 15110 15105 15110 15109 15106 15107 15111 15106 15111 15110 15107 15104 15108 15107 15108 15111 15112 15114 15113 15112 15115 15114 15116 15117 15118 15116 15118 15119 15112 15113 15117 15112 15117 15116 15113 15114 15118 15113 15118 15117 15114 15115 15119 15114 15119 15118 15115 15112 15116 15115 15116 15119 15120 15122 15121 15120 15123 15122 15124 15125 15126 15124 15126 15127 15120 15121 15125 15120 15125 15124 15121 15122 15126 15121 15126 15125 15122 15123 15127 15122 15127 15126 15123 15120 15124 15123 15124 15127 15128 15130 15129 15128 15131 15130 15132 15133 15134 15132 15134 15135 15128 15129 15133 15128 15133 15132 15129 15130 15134 15129 15134 15133 15130 15131 15135 15130 15135 15134 15131 15128 15132 15131 15132 15135 15136 15138 15137 15136 15139 15138 15140 15141 15142 15140 15142 15143 15136 15137 15141 15136 15141 15140 15137 15138 15142 15137 15142 15141 15138 15139 15143 15138 15143 15142 15139 15136 15140 15139 15140 15143 15144 15146 15145 15144 15147 15146 15148 15149 15150 15148 15150 15151 15144 15145 15149 15144 15149 15148 15145 15146 15150 15145 15150 15149 15146 15147 15151 15146 15151 15150 15147 15144 15148 15147 15148 15151 15152 15154 15153 15152 15155 15154 15156 15157 15158 15156 15158 15159 15152 15153 15157 15152 15157 15156 15153 15154 15158 15153 15158 15157 15154 15155 15159 15154 15159 15158 15155 15152 15156 15155 15156 15159 15160 15162 15161 15160 15163 15162 15164 15165 15166 15164 15166 15167 15160 15161 15165 15160 15165 15164 15161 15162 15166 15161 15166 15165 15162 15163 15167 15162 15167 15166 15163 15160 15164 15163 15164 15167 15168 15170 15169 15168 15171 15170 15172 15173 15174 15172 15174 15175 15168 15169 15173 15168 15173 15172 15169 15170 15174 15169 15174 15173 15170 15171 15175 15170 15175 15174 15171 15168 15172 15171 15172 15175 15176 15178 15177 15176 15179 15178 15180 15181 15182 15180 15182 15183 15176 15177 15181 15176 15181 15180 15177 15178 15182 15177 15182 15181 15178 15179 15183 15178 15183 15182 15179 15176 15180 15179 15180 15183 15184 15186 15185 15184 15187 15186 15188 15189 15190 15188 15190 15191 15184 15185 15189 15184 15189 15188 15185 15186 15190 15185 15190 15189 15186 15187 15191 15186 15191 15190 15187 15184 15188 15187 15188 15191 15192 15194 15193 15192 15195 15194 15196 15197 15198 15196 15198 15199 15192 15193 15197 15192 15197 15196 15193 15194 15198 15193 15198 15197 15194 15195 15199 15194 15199 15198 15195 15192 15196 15195 15196 15199 15200 15202 15201 15200 15203 15202 15204 15205 15206 15204 15206 15207 15200 15201 15205 15200 15205 15204 15201 15202 15206 15201 15206 15205 15202 15203 15207 15202 15207 15206 15203 15200 15204 15203 15204 15207 15208 15210 15209 15208 15211 15210 15212 15213 15214 15212 15214 15215 15208 15209 15213 15208 15213 15212 15209 15210 15214 15209 15214 15213 15210 15211 15215 15210 15215 15214 15211 15208 15212 15211 15212 15215 15216 15218 15217 15216 15219 15218 15220 15221 15222 15220 15222 15223 15216 15217 15221 15216 15221 15220 15217 15218 15222 15217 15222 15221 15218 15219 15223 15218 15223 15222 15219 15216 15220 15219 15220 15223 15224 15226 15225 15224 15227 15226 15228 15229 15230 15228 15230 15231 15224 15225 15229 15224 15229 15228 15225 15226 15230 15225 15230 15229 15226 15227 15231 15226 15231 15230 15227 15224 15228 15227 15228 15231 15232 15234 15233 15232 15235 15234 15236 15237 15238 15236 15238 15239 15232 15233 15237 15232 15237 15236 15233 15234 15238 15233 15238 15237 15234 15235 15239 15234 15239 15238 15235 15232 15236 15235 15236 15239 15240 15242 15241 15240 15243 15242 15244 15245 15246 15244 15246 15247 15240 15241 15245 15240 15245 15244 15241 15242 15246 15241 15246 15245 15242 15243 15247 15242 15247 15246 15243 15240 15244 15243 15244 15247 15248 15250 15249 15248 15251 15250 15252 15253 15254 15252 15254 15255 15248 15249 15253 15248 15253 15252 15249 15250 15254 15249 15254 15253 15250 15251 15255 15250 15255 15254 15251 15248 15252 15251 15252 15255 15256 15258 15257 15256 15259 15258 15260 15261 15262 15260 15262 15263 15256 15257 15261 15256 15261 15260 15257 15258 15262 15257 15262 15261 15258 15259 15263 15258 15263 15262 15259 15256 15260 15259 15260 15263 15264 15266 15265 15264 15267 15266 15268 15269 15270 15268 15270 15271 15264 15265 15269 15264 15269 15268 15265 15266 15270 15265 15270 15269 15266 15267 15271 15266 15271 15270 15267 15264 15268 15267 15268 15271 15272 15274 15273 15272 15275 15274 15276 15277 15278 15276 15278 15279 15272 15273 15277 15272 15277 15276 15273 15274 15278 15273 15278 15277 15274 15275 15279 15274 15279 15278 15275 15272 15276 15275 15276 15279 15280 15282 15281 15280 15283 15282 15284 15285 15286 15284 15286 15287 15280 15281 15285 15280 15285 15284 15281 15282 15286 15281 15286 15285 15282 15283 15287 15282 15287 15286 15283 15280 15284 15283 15284 15287 15288 15290 15289 15288 15291 15290 15292 15293 15294 15292 15294 15295 15288 15289 15293 15288 15293 15292 15289 15290 15294 15289 15294 15293 15290 15291 15295 15290 15295 15294 15291 15288 15292 15291 15292 15295 15296 15298 15297 15296 15299 15298 15300 15301 15302 15300 15302 15303 15296 15297 15301 15296 15301 15300 15297 15298 15302 15297 15302 15301 15298 15299 15303 15298 15303 15302 15299 15296 15300 15299 15300 15303 15304 15306 15305 15304 15307 15306 15308 15309 15310 15308 15310 15311 15304 15305 15309 15304 15309 15308 15305 15306 15310 15305 15310 15309 15306 15307 15311 15306 15311 15310 15307 15304 15308 15307 15308 15311 15312 15314 15313 15312 15315 15314 15316 15317 15318 15316 15318 15319 15312 15313 15317 15312 15317 15316 15313 15314 15318 15313 15318 15317 15314 15315 15319 15314 15319 15318 15315 15312 15316 15315 15316 15319 15320 15322 15321 15320 15323 15322 15324 15325 15326 15324 15326 15327 15320 15321 15325 15320 15325 15324 15321 15322 15326 15321 15326 15325 15322 15323 15327 15322 15327 15326 15323 15320 15324 15323 15324 15327 15328 15330 15329 15328 15331 15330 15332 15333 15334 15332 15334 15335 15328 15329 15333 15328 15333 15332 15329 15330 15334 15329 15334 15333 15330 15331 15335 15330 15335 15334 15331 15328 15332 15331 15332 15335 15336 15338 15337 15336 15339 15338 15340 15341 15342 15340 15342 15343 15336 15337 15341 15336 15341 15340 15337 15338 15342 15337 15342 15341 15338 15339 15343 15338 15343 15342 15339 15336 15340 15339 15340 15343 15344 15346 15345 15344 15347 15346 15348 15349 15350 15348 15350 15351 15344 15345 15349 15344 15349 15348 15345 15346 15350 15345 15350 15349 15346 15347 15351 15346 15351 15350 15347 15344 15348 15347 15348 15351 15352 15354 15353 15352 15355 15354 15356 15357 15358 15356 15358 15359 15352 15353 15357 15352 15357 15356 15353 15354 15358 15353 15358 15357 15354 15355 15359 15354 15359 15358 15355 15352 15356 15355 15356 15359 15360 15362 15361 15360 15363 15362 15364 15365 15366 15364 15366 15367 15360 15361 15365 15360 15365 15364 15361 15362 15366 15361 15366 15365 15362 15363 15367 15362 15367 15366 15363 15360 15364 15363 15364 15367 15368 15370 15369 15368 15371 15370 15372 15373 15374 15372 15374 15375 15368 15369 15373 15368 15373 15372 15369 15370 15374 15369 15374 15373 15370 15371 15375 15370 15375 15374 15371 15368 15372 15371 15372 15375 15376 15378 15377 15376 15379 15378 15380 15381 15382 15380 15382 15383 15376 15377 15381 15376 15381 15380 15377 15378 15382 15377 15382 15381 15378 15379 15383 15378 15383 15382 15379 15376 15380 15379 15380 15383 15384 15386 15385 15384 15387 15386 15388 15389 15390 15388 15390 15391 15384 15385 15389 15384 15389 15388 15385 15386 15390 15385 15390 15389 15386 15387 15391 15386 15391 15390 15387 15384 15388 15387 15388 15391 15392 15394 15393 15392 15395 15394 15396 15397 15398 15396 15398 15399 15392 15393 15397 15392 15397 15396 15393 15394 15398 15393 15398 15397 15394 15395 15399 15394 15399 15398 15395 15392 15396 15395 15396 15399 15400 15402 15401 15400 15403 15402 15404 15405 15406 15404 15406 15407 15400 15401 15405 15400 15405 15404 15401 15402 15406 15401 15406 15405 15402 15403 15407 15402 15407 15406 15403 15400 15404 15403 15404 15407 15408 15410 15409 15408 15411 15410 15412 15413 15414 15412 15414 15415 15408 15409 15413 15408 15413 15412 15409 15410 15414 15409 15414 15413 15410 15411 15415 15410 15415 15414 15411 15408 15412 15411 15412 15415 15416 15418 15417 15416 15419 15418 15420 15421 15422 15420 15422 15423 15416 15417 15421 15416 15421 15420 15417 15418 15422 15417 15422 15421 15418 15419 15423 15418 15423 15422 15419 15416 15420 15419 15420 15423 15424 15426 15425 15424 15427 15426 15428 15429 15430 15428 15430 15431 15424 15425 15429 15424 15429 15428 15425 15426 15430 15425 15430 15429 15426 15427 15431 15426 15431 15430 15427 15424 15428 15427 15428 15431 15432 15434 15433 15432 15435 15434 15436 15437 15438 15436 15438 15439 15432 15433 15437 15432 15437 15436 15433 15434 15438 15433 15438 15437 15434 15435 15439 15434 15439 15438 15435 15432 15436 15435 15436 15439 15440 15442 15441 15440 15443 15442 15444 15445 15446 15444 15446 15447 15440 15441 15445 15440 15445 15444 15441 15442 15446 15441 15446 15445 15442 15443 15447 15442 15447 15446 15443 15440 15444 15443 15444 15447 15448 15450 15449 15448 15451 15450 15452 15453 15454 15452 15454 15455 15448 15449 15453 15448 15453 15452 15449 15450 15454 15449 15454 15453 15450 15451 15455 15450 15455 15454 15451 15448 15452 15451 15452 15455 15456 15458 15457 15456 15459 15458 15460 15461 15462 15460 15462 15463 15456 15457 15461 15456 15461 15460 15457 15458 15462 15457 15462 15461 15458 15459 15463 15458 15463 15462 15459 15456 15460 15459 15460 15463 15464 15466 15465 15464 15467 15466 15468 15469 15470 15468 15470 15471 15464 15465 15469 15464 15469 15468 15465 15466 15470 15465 15470 15469 15466 15467 15471 15466 15471 15470 15467 15464 15468 15467 15468 15471 15472 15474 15473 15472 15475 15474 15476 15477 15478 15476 15478 15479 15472 15473 15477 15472 15477 15476 15473 15474 15478 15473 15478 15477 15474 15475 15479 15474 15479 15478 15475 15472 15476 15475 15476 15479 15480 15482 15481 15480 15483 15482 15484 15485 15486 15484 15486 15487 15480 15481 15485 15480 15485 15484 15481 15482 15486 15481 15486 15485 15482 15483 15487 15482 15487 15486 15483 15480 15484 15483 15484 15487 15488 15490 15489 15488 15491 15490 15492 15493 15494 15492 15494 15495 15488 15489 15493 15488 15493 15492 15489 15490 15494 15489 15494 15493 15490 15491 15495 15490 15495 15494 15491 15488 15492 15491 15492 15495 15496 15498 15497 15496 15499 15498 15500 15501 15502 15500 15502 15503 15496 15497 15501 15496 15501 15500 15497 15498 15502 15497 15502 15501 15498 15499 15503 15498 15503 15502 15499 15496 15500 15499 15500 15503 15504 15506 15505 15504 15507 15506 15508 15509 15510 15508 15510 15511 15504 15505 15509 15504 15509 15508 15505 15506 15510 15505 15510 15509 15506 15507 15511 15506 15511 15510 15507 15504 15508 15507 15508 15511 15512 15514 15513 15512 15515 15514 15516 15517 15518 15516 15518 15519 15512 15513 15517 15512 15517 15516 15513 15514 15518 15513 15518 15517 15514 15515 15519 15514 15519 15518 15515 15512 15516 15515 15516 15519 15520 15522 15521 15520 15523 15522 15524 15525 15526 15524 15526 15527 15520 15521 15525 15520 15525 15524 15521 15522 15526 15521 15526 15525 15522 15523 15527 15522 15527 15526 15523 15520 15524 15523 15524 15527 15528 15530 15529 15528 15531 15530 15532 15533 15534 15532 15534 15535 15528 15529 15533 15528 15533 15532 15529 15530 15534 15529 15534 15533 15530 15531 15535 15530 15535 15534 15531 15528 15532 15531 15532 15535 15536 15538 15537 15536 15539 15538 15540 15541 15542 15540 15542 15543 15536 15537 15541 15536 15541 15540 15537 15538 15542 15537 15542 15541 15538 15539 15543 15538 15543 15542 15539 15536 15540 15539 15540 15543 15544 15546 15545 15544 15547 15546 15548 15549 15550 15548 15550 15551 15544 15545 15549 15544 15549 15548 15545 15546 15550 15545 15550 15549 15546 15547 15551 15546 15551 15550 15547 15544 15548 15547 15548 15551 15552 15554 15553 15552 15555 15554 15556 15557 15558 15556 15558 15559 15552 15553 15557 15552 15557 15556 15553 15554 15558 15553 15558 15557 15554 15555 15559 15554 15559 15558 15555 15552 15556 15555 15556 15559 15560 15562 15561 15560 15563 15562 15564 15565 15566 15564 15566 15567 15560 15561 15565 15560 15565 15564 15561 15562 15566 15561 15566 15565 15562 15563 15567 15562 15567 15566 15563 15560 15564 15563 15564 15567 15568 15570 15569 15568 15571 15570 15572 15573 15574 15572 15574 15575 15568 15569 15573 15568 15573 15572 15569 15570 15574 15569 15574 15573 15570 15571 15575 15570 15575 15574 15571 15568 15572 15571 15572 15575 15576 15578 15577 15576 15579 15578 15580 15581 15582 15580 15582 15583 15576 15577 15581 15576 15581 15580 15577 15578 15582 15577 15582 15581 15578 15579 15583 15578 15583 15582 15579 15576 15580 15579 15580 15583 15584 15586 15585 15584 15587 15586 15588 15589 15590 15588 15590 15591 15584 15585 15589 15584 15589 15588 15585 15586 15590 15585 15590 15589 15586 15587 15591 15586 15591 15590 15587 15584 15588 15587 15588 15591 15592 15594 15593 15592 15595 15594 15596 15597 15598 15596 15598 15599 15592 15593 15597 15592 15597 15596 15593 15594 15598 15593 15598 15597 15594 15595 15599 15594 15599 15598 15595 15592 15596 15595 15596 15599 15600 15602 15601 15600 15603 15602 15604 15605 15606 15604 15606 15607 15600 15601 15605 15600 15605 15604 15601 15602 15606 15601 15606 15605 15602 15603 15607 15602 15607 15606 15603 15600 15604 15603 15604 15607 15608 15610 15609 15608 15611 15610 15612 15613 15614 15612 15614 15615 15608 15609 15613 15608 15613 15612 15609 15610 15614 15609 15614 15613 15610 15611 15615 15610 15615 15614 15611 15608 15612 15611 15612 15615 15616 15618 15617 15616 15619 15618 15620 15621 15622 15620 15622 15623 15616 15617 15621 15616 15621 15620 15617 15618 15622 15617 15622 15621 15618 15619 15623 15618 15623 15622 15619 15616 15620 15619 15620 15623 15624 15626 15625 15624 15627 15626 15628 15629 15630 15628 15630 15631 15624 15625 15629 15624 15629 15628 15625 15626 15630 15625 15630 15629 15626 15627 15631 15626 15631 15630 15627 15624 15628 15627 15628 15631 15632 15634 15633 15632 15635 15634 15636 15637 15638 15636 15638 15639 15632 15633 15637 15632 15637 15636 15633 15634 15638 15633 15638 15637 15634 15635 15639 15634 15639 15638 15635 15632 15636 15635 15636 15639 15640 15642 15641 15640 15643 15642 15644 15645 15646 15644 15646 15647 15640 15641 15645 15640 15645 15644 15641 15642 15646 15641 15646 15645 15642 15643 15647 15642 15647 15646 15643 15640 15644 15643 15644 15647 15648 15650 15649 15648 15651 15650 15652 15653 15654 15652 15654 15655 15648 15649 15653 15648 15653 15652 15649 15650 15654 15649 15654 15653 15650 15651 15655 15650 15655 15654 15651 15648 15652 15651 15652 15655 15656 15658 15657 15656 15659 15658 15660 15661 15662 15660 15662 15663 15656 15657 15661 15656 15661 15660 15657 15658 15662 15657 15662 15661 15658 15659 15663 15658 15663 15662 15659 15656 15660 15659 15660 15663 15664 15666 15665 15664 15667 15666 15668 15669 15670 15668 15670 15671 15664 15665 15669 15664 15669 15668 15665 15666 15670 15665 15670 15669 15666 15667 15671 15666 15671 15670 15667 15664 15668 15667 15668 15671 15672 15674 15673 15672 15675 15674 15676 15677 15678 15676 15678 15679 15672 15673 15677 15672 15677 15676 15673 15674 15678 15673 15678 15677 15674 15675 15679 15674 15679 15678 15675 15672 15676 15675 15676 15679 15680 15682 15681 15680 15683 15682 15684 15685 15686 15684 15686 15687 15680 15681 15685 15680 15685 15684 15681 15682 15686 15681 15686 15685 15682 15683 15687 15682 15687 15686 15683 15680 15684 15683 15684 15687 15688 15690 15689 15688 15691 15690 15692 15693 15694 15692 15694 15695 15688 15689 15693 15688 15693 15692 15689 15690 15694 15689 15694 15693 15690 15691 15695 15690 15695 15694 15691 15688 15692 15691 15692 15695 15696 15698 15697 15696 15699 15698 15700 15701 15702 15700 15702 15703 15696 15697 15701 15696 15701 15700 15697 15698 15702 15697 15702 15701 15698 15699 15703 15698 15703 15702 15699 15696 15700 15699 15700 15703 15704 15706 15705 15704 15707 15706 15708 15709 15710 15708 15710 15711 15704 15705 15709 15704 15709 15708 15705 15706 15710 15705 15710 15709 15706 15707 15711 15706 15711 15710 15707 15704 15708 15707 15708 15711 15712 15714 15713 15712 15715 15714 15716 15717 15718 15716 15718 15719 15712 15713 15717 15712 15717 15716 15713 15714 15718 15713 15718 15717 15714 15715 15719 15714 15719 15718 15715 15712 15716 15715 15716 15719 15720 15722 15721 15720 15723 15722 15724 15725 15726 15724 15726 15727 15720 15721 15725 15720 15725 15724 15721 15722 15726 15721 15726 15725 15722 15723 15727 15722 15727 15726 15723 15720 15724 15723 15724 15727 15728 15730 15729 15728 15731 15730 15732 15733 15734 15732 15734 15735 15728 15729 15733 15728 15733 15732 15729 15730 15734 15729 15734 15733 15730 15731 15735 15730 15735 15734 15731 15728 15732 15731 15732 15735 15736 15738 15737 15736 15739 15738 15740 15741 15742 15740 15742 15743 15736 15737 15741 15736 15741 15740 15737 15738 15742 15737 15742 15741 15738 15739 15743 15738 15743 15742 15739 15736 15740 15739 15740 15743 15744 15746 15745 15744 15747 15746 15748 15749 15750 15748 15750 15751 15744 15745 15749 15744 15749 15748 15745 15746 15750 15745 15750 15749 15746 15747 15751 15746 15751 15750 15747 15744 15748 15747 15748 15751 15752 15754 15753 15752 15755 15754 15756 15757 15758 15756 15758 15759 15752 15753 15757 15752 15757 15756 15753 15754 15758 15753 15758 15757 15754 15755 15759 15754 15759 15758 15755 15752 15756 15755 15756 15759 15760 15762 15761 15760 15763 15762 15764 15765 15766 15764 15766 15767 15760 15761 15765 15760 15765 15764 15761 15762 15766 15761 15766 15765 15762 15763 15767 15762 15767 15766 15763 15760 15764 15763 15764 15767 15768 15770 15769 15768 15771 15770 15772 15773 15774 15772 15774 15775 15768 15769 15773 15768 15773 15772 15769 15770 15774 15769 15774 15773 15770 15771 15775 15770 15775 15774 15771 15768 15772 15771 15772 15775 15776 15778 15777 15776 15779 15778 15780 15781 15782 15780 15782 15783 15776 15777 15781 15776 15781 15780 15777 15778 15782 15777 15782 15781 15778 15779 15783 15778 15783 15782 15779 15776 15780 15779 15780 15783 15784 15786 15785 15784 15787 15786 15788 15789 15790 15788 15790 15791 15784 15785 15789 15784 15789 15788 15785 15786 15790 15785 15790 15789 15786 15787 15791 15786 15791 15790 15787 15784 15788 15787 15788 15791 15792 15794 15793 15792 15795 15794 15796 15797 15798 15796 15798 15799 15792 15793 15797 15792 15797 15796 15793 15794 15798 15793 15798 15797 15794 15795 15799 15794 15799 15798 15795 15792 15796 15795 15796 15799 15800 15802 15801 15800 15803 15802 15804 15805 15806 15804 15806 15807 15800 15801 15805 15800 15805 15804 15801 15802 15806 15801 15806 15805 15802 15803 15807 15802 15807 15806 15803 15800 15804 15803 15804 15807 15808 15810 15809 15808 15811 15810 15812 15813 15814 15812 15814 15815 15808 15809 15813 15808 15813 15812 15809 15810 15814 15809 15814 15813 15810 15811 15815 15810 15815 15814 15811 15808 15812 15811 15812 15815 15816 15818 15817 15816 15819 15818 15820 15821 15822 15820 15822 15823 15816 15817 15821 15816 15821 15820 15817 15818 15822 15817 15822 15821 15818 15819 15823 15818 15823 15822 15819 15816 15820 15819 15820 15823 15824 15826 15825 15824 15827 15826 15828 15829 15830 15828 15830 15831 15824 15825 15829 15824 15829 15828 15825 15826 15830 15825 15830 15829 15826 15827 15831 15826 15831 15830 15827 15824 15828 15827 15828 15831 15832 15834 15833 15832 15835 15834 15836 15837 15838 15836 15838 15839 15832 15833 15837 15832 15837 15836 15833 15834 15838 15833 15838 15837 15834 15835 15839 15834 15839 15838 15835 15832 15836 15835 15836 15839 15840 15842 15841 15840 15843 15842 15844 15845 15846 15844 15846 15847 15840 15841 15845 15840 15845 15844 15841 15842 15846 15841 15846 15845 15842 15843 15847 15842 15847 15846 15843 15840 15844 15843 15844 15847 15848 15850 15849 15848 15851 15850 15852 15853 15854 15852 15854 15855 15848 15849 15853 15848 15853 15852 15849 15850 15854 15849 15854 15853 15850 15851 15855 15850 15855 15854 15851 15848 15852 15851 15852 15855 15856 15858 15857 15856 15859 15858 15860 15861 15862 15860 15862 15863 15856 15857 15861 15856 15861 15860 15857 15858 15862 15857 15862 15861 15858 15859 15863 15858 15863 15862 15859 15856 15860 15859 15860 15863 15864 15866 15865 15864 15867 15866 15868 15869 15870 15868 15870 15871 15864 15865 15869 15864 15869 15868 15865 15866 15870 15865 15870 15869 15866 15867 15871 15866 15871 15870 15867 15864 15868 15867 15868 15871 15872 15874 15873 15872 15875 15874 15876 15877 15878 15876 15878 15879 15872 15873 15877 15872 15877 15876 15873 15874 15878 15873 15878 15877 15874 15875 15879 15874 15879 15878 15875 15872 15876 15875 15876 15879 15880 15882 15881 15880 15883 15882 15884 15885 15886 15884 15886 15887 15880 15881 15885 15880 15885 15884 15881 15882 15886 15881 15886 15885 15882 15883 15887 15882 15887 15886 15883 15880 15884 15883 15884 15887 15888 15890 15889 15888 15891 15890 15892 15893 15894 15892 15894 15895 15888 15889 15893 15888 15893 15892 15889 15890 15894 15889 15894 15893 15890 15891 15895 15890 15895 15894 15891 15888 15892 15891 15892 15895 15896 15898 15897 15896 15899 15898 15900 15901 15902 15900 15902 15903 15896 15897 15901 15896 15901 15900 15897 15898 15902 15897 15902 15901 15898 15899 15903 15898 15903 15902 15899 15896 15900 15899 15900 15903 15904 15906 15905 15904 15907 15906 15908 15909 15910 15908 15910 15911 15904 15905 15909 15904 15909 15908 15905 15906 15910 15905 15910 15909 15906 15907 15911 15906 15911 15910 15907 15904 15908 15907 15908 15911 15912 15914 15913 15912 15915 15914 15916 15917 15918 15916 15918 15919 15912 15913 15917 15912 15917 15916 15913 15914 15918 15913 15918 15917 15914 15915 15919 15914 15919 15918 15915 15912 15916 15915 15916 15919 15920 15922 15921 15920 15923 15922 15924 15925 15926 15924 15926 15927 15920 15921 15925 15920 15925 15924 15921 15922 15926 15921 15926 15925 15922 15923 15927 15922 15927 15926 15923 15920 15924 15923 15924 15927 15928 15930 15929 15928 15931 15930 15932 15933 15934 15932 15934 15935 15928 15929 15933 15928 15933 15932 15929 15930 15934 15929 15934 15933 15930 15931 15935 15930 15935 15934 15931 15928 15932 15931 15932 15935 15936 15938 15937 15936 15939 15938 15940 15941 15942 15940 15942 15943 15936 15937 15941 15936 15941 15940 15937 15938 15942 15937 15942 15941 15938 15939 15943 15938 15943 15942 15939 15936 15940 15939 15940 15943 15944 15946 15945 15944 15947 15946 15948 15949 15950 15948 15950 15951 15944 15945 15949 15944 15949 15948 15945 15946 15950 15945 15950 15949 15946 15947 15951 15946 15951 15950 15947 15944 15948 15947 15948 15951 15952 15954 15953 15952 15955 15954 15956 15957 15958 15956 15958 15959 15952 15953 15957 15952 15957 15956 15953 15954 15958 15953 15958 15957 15954 15955 15959 15954 15959 15958 15955 15952 15956 15955 15956 15959 15960 15962 15961 15960 15963 15962 15964 15965 15966 15964 15966 15967 15960 15961 15965 15960 15965 15964 15961 15962 15966 15961 15966 15965 15962 15963 15967 15962 15967 15966 15963 15960 15964 15963 15964 15967 15968 15970 15969 15968 15971 15970 15972 15973 15974 15972 15974 15975 15968 15969 15973 15968 15973 15972 15969 15970 15974 15969 15974 15973 15970 15971 15975 15970 15975 15974 15971 15968 15972 15971 15972 15975 15976 15978 15977 15976 15979 15978 15980 15981 15982 15980 15982 15983 15976 15977 15981 15976 15981 15980 15977 15978 15982 15977 15982 15981 15978 15979 15983 15978 15983 15982 15979 15976 15980 15979 15980 15983 15984 15986 15985 15984 15987 15986 15988 15989 15990 15988 15990 15991 15984 15985 15989 15984 15989 15988 15985 15986 15990 15985 15990 15989 15986 15987 15991 15986 15991 15990 15987 15984 15988 15987 15988 15991 15992 15994 15993 15992 15995 15994 15996 15997 15998 15996 15998 15999 15992 15993 15997 15992 15997 15996 15993 15994 15998 15993 15998 15997 15994 15995 15999 15994 15999 15998 15995 15992 15996 15995 15996 15999 16000 16002 16001 16000 16003 16002 16004 16005 16006 16004 16006 16007 16000 16001 16005 16000 16005 16004 16001 16002 16006 16001 16006 16005 16002 16003 16007 16002 16007 16006 16003 16000 16004 16003 16004 16007 16008 16010 16009 16008 16011 16010 16012 16013 16014 16012 16014 16015 16008 16009 16013 16008 16013 16012 16009 16010 16014 16009 16014 16013 16010 16011 16015 16010 16015 16014 16011 16008 16012 16011 16012 16015 16016 16018 16017 16016 16019 16018 16020 16021 16022 16020 16022 16023 16016 16017 16021 16016 16021 16020 16017 16018 16022 16017 16022 16021 16018 16019 16023 16018 16023 16022 16019 16016 16020 16019 16020 16023 16024 16026 16025 16024 16027 16026 16028 16029 16030 16028 16030 16031 16024 16025 16029 16024 16029 16028 16025 16026 16030 16025 16030 16029 16026 16027 16031 16026 16031 16030 16027 16024 16028 16027 16028 16031 16032 16034 16033 16032 16035 16034 16036 16037 16038 16036 16038 16039 16032 16033 16037 16032 16037 16036 16033 16034 16038 16033 16038 16037 16034 16035 16039 16034 16039 16038 16035 16032 16036 16035 16036 16039 16040 16042 16041 16040 16043 16042 16044 16045 16046 16044 16046 16047 16040 16041 16045 16040 16045 16044 16041 16042 16046 16041 16046 16045 16042 16043 16047 16042 16047 16046 16043 16040 16044 16043 16044 16047 16048 16050 16049 16048 16051 16050 16052 16053 16054 16052 16054 16055 16048 16049 16053 16048 16053 16052 16049 16050 16054 16049 16054 16053 16050 16051 16055 16050 16055 16054 16051 16048 16052 16051 16052 16055 16056 16058 16057 16056 16059 16058 16060 16061 16062 16060 16062 16063 16056 16057 16061 16056 16061 16060 16057 16058 16062 16057 16062 16061 16058 16059 16063 16058 16063 16062 16059 16056 16060 16059 16060 16063 16064 16066 16065 16064 16067 16066 16068 16069 16070 16068 16070 16071 16064 16065 16069 16064 16069 16068 16065 16066 16070 16065 16070 16069 16066 16067 16071 16066 16071 16070 16067 16064 16068 16067 16068 16071 16072 16074 16073 16072 16075 16074 16076 16077 16078 16076 16078 16079 16072 16073 16077 16072 16077 16076 16073 16074 16078 16073 16078 16077 16074 16075 16079 16074 16079 16078 16075 16072 16076 16075 16076 16079 16080 16082 16081 16080 16083 16082 16084 16085 16086 16084 16086 16087 16080 16081 16085 16080 16085 16084 16081 16082 16086 16081 16086 16085 16082 16083 16087 16082 16087 16086 16083 16080 16084 16083 16084 16087 16088 16090 16089 16088 16091 16090 16092 16093 16094 16092 16094 16095 16088 16089 16093 16088 16093 16092 16089 16090 16094 16089 16094 16093 16090 16091 16095 16090 16095 16094 16091 16088 16092 16091 16092 16095 16096 16098 16097 16096 16099 16098 16100 16101 16102 16100 16102 16103 16096 16097 16101 16096 16101 16100 16097 16098 16102 16097 16102 16101 16098 16099 16103 16098 16103 16102 16099 16096 16100 16099 16100 16103 16104 16106 16105 16104 16107 16106 16108 16109 16110 16108 16110 16111 16104 16105 16109 16104 16109 16108 16105 16106 16110 16105 16110 16109 16106 16107 16111 16106 16111 16110 16107 16104 16108 16107 16108 16111 16112 16114 16113 16112 16115 16114 16116 16117 16118 16116 16118 16119 16112 16113 16117 16112 16117 16116 16113 16114 16118 16113 16118 16117 16114 16115 16119 16114 16119 16118 16115 16112 16116 16115 16116 16119 16120 16122 16121 16120 16123 16122 16124 16125 16126 16124 16126 16127 16120 16121 16125 16120 16125 16124 16121 16122 16126 16121 16126 16125 16122 16123 16127 16122 16127 16126 16123 16120 16124 16123 16124 16127 16128 16130 16129 16128 16131 16130 16132 16133 16134 16132 16134 16135 16128 16129 16133 16128 16133 16132 16129 16130 16134 16129 16134 16133 16130 16131 16135 16130 16135 16134 16131 16128 16132 16131 16132 16135 16136 16138 16137 16136 16139 16138 16140 16141 16142 16140 16142 16143 16136 16137 16141 16136 16141 16140 16137 16138 16142 16137 16142 16141 16138 16139 16143 16138 16143 16142 16139 16136 16140 16139 16140 16143 16144 16146 16145 16144 16147 16146 16148 16149 16150 16148 16150 16151 16144 16145 16149 16144 16149 16148 16145 16146 16150 16145 16150 16149 16146 16147 16151 16146 16151 16150 16147 16144 16148 16147 16148 16151 16152 16154 16153 16152 16155 16154 16156 16157 16158 16156 16158 16159 16152 16153 16157 16152 16157 16156 16153 16154 16158 16153 16158 16157 16154 16155 16159 16154 16159 16158 16155 16152 16156 16155 16156 16159 16160 16162 16161 16160 16163 16162 16164 16165 16166 16164 16166 16167 16160 16161 16165 16160 16165 16164 16161 16162 16166 16161 16166 16165 16162 16163 16167 16162 16167 16166 16163 16160 16164 16163 16164 16167 16168 16170 16169 16168 16171 16170 16172 16173 16174 16172 16174 16175 16168 16169 16173 16168 16173 16172 16169 16170 16174 16169 16174 16173 16170 16171 16175 16170 16175 16174 16171 16168 16172 16171 16172 16175 16176 16178 16177 16176 16179 16178 16180 16181 16182 16180 16182 16183 16176 16177 16181 16176 16181 16180 16177 16178 16182 16177 16182 16181 16178 16179 16183 16178 16183 16182 16179 16176 16180 16179 16180 16183 16184 16186 16185 16184 16187 16186 16188 16189 16190 16188 16190 16191 16184 16185 16189 16184 16189 16188 16185 16186 16190 16185 16190 16189 16186 16187 16191 16186 16191 16190 16187 16184 16188 16187 16188 16191 16192 16194 16193 16192 16195 16194 16196 16197 16198 16196 16198 16199 16192 16193 16197 16192 16197 16196 16193 16194 16198 16193 16198 16197 16194 16195 16199 16194 16199 16198 16195 16192 16196 16195 16196 16199 16200 16202 16201 16200 16203 16202 16204 16205 16206 16204 16206 16207 16200 16201 16205 16200 16205 16204 16201 16202 16206 16201 16206 16205 16202 16203 16207 16202 16207 16206 16203 16200 16204 16203 16204 16207 16208 16210 16209 16208 16211 16210 16212 16213 16214 16212 16214 16215 16208 16209 16213 16208 16213 16212 16209 16210 16214 16209 16214 16213 16210 16211 16215 16210 16215 16214 16211 16208 16212 16211 16212 16215 16216 16218 16217 16216 16219 16218 16220 16221 16222 16220 16222 16223 16216 16217 16221 16216 16221 16220 16217 16218 16222 16217 16222 16221 16218 16219 16223 16218 16223 16222 16219 16216 16220 16219 16220 16223 16224 16226 16225 16224 16227 16226 16228 16229 16230 16228 16230 16231 16224 16225 16229 16224 16229 16228 16225 16226 16230 16225 16230 16229 16226 16227 16231 16226 16231 16230 16227 16224 16228 16227 16228 16231 16232 16234 16233 16232 16235 16234 16236 16237 16238 16236 16238 16239 16232 16233 16237 16232 16237 16236 16233 16234 16238 16233 16238 16237 16234 16235 16239 16234 16239 16238 16235 16232 16236 16235 16236 16239 16240 16242 16241 16240 16243 16242 16244 16245 16246 16244 16246 16247 16240 16241 16245 16240 16245 16244 16241 16242 16246 16241 16246 16245 16242 16243 16247 16242 16247 16246 16243 16240 16244 16243 16244 16247 16248 16250 16249 16248 16251 16250 16252 16253 16254 16252 16254 16255 16248 16249 16253 16248 16253 16252 16249 16250 16254 16249 16254 16253 16250 16251 16255 16250 16255 16254 16251 16248 16252 16251 16252 16255 16256 16258 16257 16256 16259 16258 16260 16261 16262 16260 16262 16263 16256 16257 16261 16256 16261 16260 16257 16258 16262 16257 16262 16261 16258 16259 16263 16258 16263 16262 16259 16256 16260 16259 16260 16263 16264 16266 16265 16264 16267 16266 16268 16269 16270 16268 16270 16271 16264 16265 16269 16264 16269 16268 16265 16266 16270 16265 16270 16269 16266 16267 16271 16266 16271 16270 16267 16264 16268 16267 16268 16271 16272 16274 16273 16272 16275 16274 16276 16277 16278 16276 16278 16279 16272 16273 16277 16272 16277 16276 16273 16274 16278 16273 16278 16277 16274 16275 16279 16274 16279 16278 16275 16272 16276 16275 16276 16279 16280 16282 16281 16280 16283 16282 16284 16285 16286 16284 16286 16287 16280 16281 16285 16280 16285 16284 16281 16282 16286 16281 16286 16285 16282 16283 16287 16282 16287 16286 16283 16280 16284 16283 16284 16287 16288 16290 16289 16288 16291 16290 16292 16293 16294 16292 16294 16295 16288 16289 16293 16288 16293 16292 16289 16290 16294 16289 16294 16293 16290 16291 16295 16290 16295 16294 16291 16288 16292 16291 16292 16295 16296 16298 16297 16296 16299 16298 16300 16301 16302 16300 16302 16303 16296 16297 16301 16296 16301 16300 16297 16298 16302 16297 16302 16301 16298 16299 16303 16298 16303 16302 16299 16296 16300 16299 16300 16303 16304 16306 16305 16304 16307 16306 16308 16309 16310 16308 16310 16311 16304 16305 16309 16304 16309 16308 16305 16306 16310 16305 16310 16309 16306 16307 16311 16306 16311 16310 16307 16304 16308 16307 16308 16311 16312 16314 16313 16312 16315 16314 16316 16317 16318 16316 16318 16319 16312 16313 16317 16312 16317 16316 16313 16314 16318 16313 16318 16317 16314 16315 16319 16314 16319 16318 16315 16312 16316 16315 16316 16319 16320 16322 16321 16320 16323 16322 16324 16325 16326 16324 16326 16327 16320 16321 16325 16320 16325 16324 16321 16322 16326 16321 16326 16325 16322 16323 16327 16322 16327 16326 16323 16320 16324 16323 16324 16327 16328 16330 16329 16328 16331 16330 16332 16333 16334 16332 16334 16335 16328 16329 16333 16328 16333 16332 16329 16330 16334 16329 16334 16333 16330 16331 16335 16330 16335 16334 16331 16328 16332 16331 16332 16335 16336 16338 16337 16336 16339 16338 16340 16341 16342 16340 16342 16343 16336 16337 16341 16336 16341 16340 16337 16338 16342 16337 16342 16341 16338 16339 16343 16338 16343 16342 16339 16336 16340 16339 16340 16343 16344 16346 16345 16344 16347 16346 16348 16349 16350 16348 16350 16351 16344 16345 16349 16344 16349 16348 16345 16346 16350 16345 16350 16349 16346 16347 16351 16346 16351 16350 16347 16344 16348 16347 16348 16351 16352 16354 16353 16352 16355 16354 16356 16357 16358 16356 16358 16359 16352 16353 16357 16352 16357 16356 16353 16354 16358 16353 16358 16357 16354 16355 16359 16354 16359 16358 16355 16352 16356 16355 16356 16359 16360 16362 16361 16360 16363 16362 16364 16365 16366 16364 16366 16367 16360 16361 16365 16360 16365 16364 16361 16362 16366 16361 16366 16365 16362 16363 16367 16362 16367 16366 16363 16360 16364 16363 16364 16367 16368 16370 16369 16368 16371 16370 16372 16373 16374 16372 16374 16375 16368 16369 16373 16368 16373 16372 16369 16370 16374 16369 16374 16373 16370 16371 16375 16370 16375 16374 16371 16368 16372 16371 16372 16375 16376 16378 16377 16376 16379 16378 16380 16381 16382 16380 16382 16383 16376 16377 16381 16376 16381 16380 16377 16378 16382 16377 16382 16381 16378 16379 16383 16378 16383 16382 16379 16376 16380 16379 16380 16383 16384 16386 16385 16384 16387 16386 16388 16389 16390 16388 16390 16391 16384 16385 16389 16384 16389 16388 16385 16386 16390 16385 16390 16389 16386 16387 16391 16386 16391 16390 16387 16384 16388 16387 16388 16391 16392 16394 16393 16392 16395 16394 16396 16397 16398 16396 16398 16399 16392 16393 16397 16392 16397 16396 16393 16394 16398 16393 16398 16397 16394 16395 16399 16394 16399 16398 16395 16392 16396 16395 16396 16399 16400 16402 16401 16400 16403 16402 16404 16405 16406 16404 16406 16407 16400 16401 16405 16400 16405 16404 16401 16402 16406 16401 16406 16405 16402 16403 16407 16402 16407 16406 16403 16400 16404 16403 16404 16407 16408 16410 16409 16408 16411 16410 16412 16413 16414 16412 16414 16415 16408 16409 16413 16408 16413 16412 16409 16410 16414 16409 16414 16413 16410 16411 16415 16410 16415 16414 16411 16408 16412 16411 16412 16415 16416 16418 16417 16416 16419 16418 16420 16421 16422 16420 16422 16423 16416 16417 16421 16416 16421 16420 16417 16418 16422 16417 16422 16421 16418 16419 16423 16418 16423 16422 16419 16416 16420 16419 16420 16423 16424 16426 16425 16424 16427 16426 16428 16429 16430 16428 16430 16431 16424 16425 16429 16424 16429 16428 16425 16426 16430 16425 16430 16429 16426 16427 16431 16426 16431 16430 16427 16424 16428 16427 16428 16431 16432 16434 16433 16432 16435 16434 16436 16437 16438 16436 16438 16439 16432 16433 16437 16432 16437 16436 16433 16434 16438 16433 16438 16437 16434 16435 16439 16434 16439 16438 16435 16432 16436 16435 16436 16439 16440 16442 16441 16440 16443 16442 16444 16445 16446 16444 16446 16447 16440 16441 16445 16440 16445 16444 16441 16442 16446 16441 16446 16445 16442 16443 16447 16442 16447 16446 16443 16440 16444 16443 16444 16447 16448 16450 16449 16448 16451 16450 16452 16453 16454 16452 16454 16455 16448 16449 16453 16448 16453 16452 16449 16450 16454 16449 16454 16453 16450 16451 16455 16450 16455 16454 16451 16448 16452 16451 16452 16455 16456 16458 16457 16456 16459 16458 16460 16461 16462 16460 16462 16463 16456 16457 16461 16456 16461 16460 16457 16458 16462 16457 16462 16461 16458 16459 16463 16458 16463 16462 16459 16456 16460 16459 16460 16463 16464 16466 16465 16464 16467 16466 16468 16469 16470 16468 16470 16471 16464 16465 16469 16464 16469 16468 16465 16466 16470 16465 16470 16469 16466 16467 16471 16466 16471 16470 16467 16464 16468 16467 16468 16471 16472 16474 16473 16472 16475 16474 16476 16477 16478 16476 16478 16479 16472 16473 16477 16472 16477 16476 16473 16474 16478 16473 16478 16477 16474 16475 16479 16474 16479 16478 16475 16472 16476 16475 16476 16479 16480 16482 16481 16480 16483 16482 16484 16485 16486 16484 16486 16487 16480 16481 16485 16480 16485 16484 16481 16482 16486 16481 16486 16485 16482 16483 16487 16482 16487 16486 16483 16480 16484 16483 16484 16487 16488 16490 16489 16488 16491 16490 16492 16493 16494 16492 16494 16495 16488 16489 16493 16488 16493 16492 16489 16490 16494 16489 16494 16493 16490 16491 16495 16490 16495 16494 16491 16488 16492 16491 16492 16495 16496 16498 16497 16496 16499 16498 16500 16501 16502 16500 16502 16503 16496 16497 16501 16496 16501 16500 16497 16498 16502 16497 16502 16501 16498 16499 16503 16498 16503 16502 16499 16496 16500 16499 16500 16503 16504 16506 16505 16504 16507 16506 16508 16509 16510 16508 16510 16511 16504 16505 16509 16504 16509 16508 16505 16506 16510 16505 16510 16509 16506 16507 16511 16506 16511 16510 16507 16504 16508 16507 16508 16511 16512 16514 16513 16512 16515 16514 16516 16517 16518 16516 16518 16519 16512 16513 16517 16512 16517 16516 16513 16514 16518 16513 16518 16517 16514 16515 16519 16514 16519 16518 16515 16512 16516 16515 16516 16519 16520 16522 16521 16520 16523 16522 16524 16525 16526 16524 16526 16527 16520 16521 16525 16520 16525 16524 16521 16522 16526 16521 16526 16525 16522 16523 16527 16522 16527 16526 16523 16520 16524 16523 16524 16527 16528 16530 16529 16528 16531 16530 16532 16533 16534 16532 16534 16535 16528 16529 16533 16528 16533 16532 16529 16530 16534 16529 16534 16533 16530 16531 16535 16530 16535 16534 16531 16528 16532 16531 16532 16535 16536 16538 16537 16536 16539 16538 16540 16541 16542 16540 16542 16543 16536 16537 16541 16536 16541 16540 16537 16538 16542 16537 16542 16541 16538 16539 16543 16538 16543 16542 16539 16536 16540 16539 16540 16543 16544 16546 16545 16544 16547 16546 16548 16549 16550 16548 16550 16551 16544 16545 16549 16544 16549 16548 16545 16546 16550 16545 16550 16549 16546 16547 16551 16546 16551 16550 16547 16544 16548 16547 16548 16551 16552 16554 16553 16552 16555 16554 16556 16557 16558 16556 16558 16559 16552 16553 16557 16552 16557 16556 16553 16554 16558 16553 16558 16557 16554 16555 16559 16554 16559 16558 16555 16552 16556 16555 16556 16559 16560 16562 16561 16560 16563 16562 16564 16565 16566 16564 16566 16567 16560 16561 16565 16560 16565 16564 16561 16562 16566 16561 16566 16565 16562 16563 16567 16562 16567 16566 16563 16560 16564 16563 16564 16567 16568 16570 16569 16568 16571 16570 16572 16573 16574 16572 16574 16575 16568 16569 16573 16568 16573 16572 16569 16570 16574 16569 16574 16573 16570 16571 16575 16570 16575 16574 16571 16568 16572 16571 16572 16575 16576 16578 16577 16576 16579 16578 16580 16581 16582 16580 16582 16583 16576 16577 16581 16576 16581 16580 16577 16578 16582 16577 16582 16581 16578 16579 16583 16578 16583 16582 16579 16576 16580 16579 16580 16583 16584 16586 16585 16584 16587 16586 16588 16589 16590 16588 16590 16591 16584 16585 16589 16584 16589 16588 16585 16586 16590 16585 16590 16589 16586 16587 16591 16586 16591 16590 16587 16584 16588 16587 16588 16591 16592 16594 16593 16592 16595 16594 16596 16597 16598 16596 16598 16599 16592 16593 16597 16592 16597 16596 16593 16594 16598 16593 16598 16597 16594 16595 16599 16594 16599 16598 16595 16592 16596 16595 16596 16599 16600 16602 16601 16600 16603 16602 16604 16605 16606 16604 16606 16607 16600 16601 16605 16600 16605 16604 16601 16602 16606 16601 16606 16605 16602 16603 16607 16602 16607 16606 16603 16600 16604 16603 16604 16607 16608 16610 16609 16608 16611 16610 16612 16613 16614 16612 16614 16615 16608 16609 16613 16608 16613 16612 16609 16610 16614 16609 16614 16613 16610 16611 16615 16610 16615 16614 16611 16608 16612 16611 16612 16615 16616 16618 16617 16616 16619 16618 16620 16621 16622 16620 16622 16623 16616 16617 16621 16616 16621 16620 16617 16618 16622 16617 16622 16621 16618 16619 16623 16618 16623 16622 16619 16616 16620 16619 16620 16623 16624 16626 16625 16624 16627 16626 16628 16629 16630 16628 16630 16631 16624 16625 16629 16624 16629 16628 16625 16626 16630 16625 16630 16629 16626 16627 16631 16626 16631 16630 16627 16624 16628 16627 16628 16631 16632 16634 16633 16632 16635 16634 16636 16637 16638 16636 16638 16639 16632 16633 16637 16632 16637 16636 16633 16634 16638 16633 16638 16637 16634 16635 16639 16634 16639 16638 16635 16632 16636 16635 16636 16639 16640 16642 16641 16640 16643 16642 16644 16645 16646 16644 16646 16647 16640 16641 16645 16640 16645 16644 16641 16642 16646 16641 16646 16645 16642 16643 16647 16642 16647 16646 16643 16640 16644 16643 16644 16647 16648 16650 16649 16648 16651 16650 16652 16653 16654 16652 16654 16655 16648 16649 16653 16648 16653 16652 16649 16650 16654 16649 16654 16653 16650 16651 16655 16650 16655 16654 16651 16648 16652 16651 16652 16655 16656 16658 16657 16656 16659 16658 16660 16661 16662 16660 16662 16663 16656 16657 16661 16656 16661 16660 16657 16658 16662 16657 16662 16661 16658 16659 16663 16658 16663 16662 16659 16656 16660 16659 16660 16663 16664 16666 16665 16664 16667 16666 16668 16669 16670 16668 16670 16671 16664 16665 16669 16664 16669 16668 16665 16666 16670 16665 16670 16669 16666 16667 16671 16666 16671 16670 16667 16664 16668 16667 16668 16671 16672 16674 16673 16672 16675 16674 16676 16677 16678 16676 16678 16679 16672 16673 16677 16672 16677 16676 16673 16674 16678 16673 16678 16677 16674 16675 16679 16674 16679 16678 16675 16672 16676 16675 16676 16679 16680 16682 16681 16680 16683 16682 16684 16685 16686 16684 16686 16687 16680 16681 16685 16680 16685 16684 16681 16682 16686 16681 16686 16685 16682 16683 16687 16682 16687 16686 16683 16680 16684 16683 16684 16687 16688 16690 16689 16688 16691 16690 16692 16693 16694 16692 16694 16695 16688 16689 16693 16688 16693 16692 16689 16690 16694 16689 16694 16693 16690 16691 16695 16690 16695 16694 16691 16688 16692 16691 16692 16695 16696 16698 16697 16696 16699 16698 16700 16701 16702 16700 16702 16703 16696 16697 16701 16696 16701 16700 16697 16698 16702 16697 16702 16701 16698 16699 16703 16698 16703 16702 16699 16696 16700 16699 16700 16703 16704 16706 16705 16704 16707 16706 16708 16709 16710 16708 16710 16711 16704 16705 16709 16704 16709 16708 16705 16706 16710 16705 16710 16709 16706 16707 16711 16706 16711 16710 16707 16704 16708 16707 16708 16711 16712 16714 16713 16712 16715 16714 16716 16717 16718 16716 16718 16719 16712 16713 16717 16712 16717 16716 16713 16714 16718 16713 16718 16717 16714 16715 16719 16714 16719 16718 16715 16712 16716 16715 16716 16719 16720 16722 16721 16720 16723 16722 16724 16725 16726 16724 16726 16727 16720 16721 16725 16720 16725 16724 16721 16722 16726 16721 16726 16725 16722 16723 16727 16722 16727 16726 16723 16720 16724 16723 16724 16727 16728 16730 16729 16728 16731 16730 16732 16733 16734 16732 16734 16735 16728 16729 16733 16728 16733 16732 16729 16730 16734 16729 16734 16733 16730 16731 16735 16730 16735 16734 16731 16728 16732 16731 16732 16735 16736 16738 16737 16736 16739 16738 16740 16741 16742 16740 16742 16743 16736 16737 16741 16736 16741 16740 16737 16738 16742 16737 16742 16741 16738 16739 16743 16738 16743 16742 16739 16736 16740 16739 16740 16743 16744 16746 16745 16744 16747 16746 16748 16749 16750 16748 16750 16751 16744 16745 16749 16744 16749 16748 16745 16746 16750 16745 16750 16749 16746 16747 16751 16746 16751 16750 16747 16744 16748 16747 16748 16751 16752 16754 16753 16752 16755 16754 16756 16757 16758 16756 16758 16759 16752 16753 16757 16752 16757 16756 16753 16754 16758 16753 16758 16757 16754 16755 16759 16754 16759 16758 16755 16752 16756 16755 16756 16759 16760 16762 16761 16760 16763 16762 16764 16765 16766 16764 16766 16767 16760 16761 16765 16760 16765 16764 16761 16762 16766 16761 16766 16765 16762 16763 16767 16762 16767 16766 16763 16760 16764 16763 16764 16767 16768 16770 16769 16768 16771 16770 16772 16773 16774 16772 16774 16775 16768 16769 16773 16768 16773 16772 16769 16770 16774 16769 16774 16773 16770 16771 16775 16770 16775 16774 16771 16768 16772 16771 16772 16775 16776 16778 16777 16776 16779 16778 16780 16781 16782 16780 16782 16783 16776 16777 16781 16776 16781 16780 16777 16778 16782 16777 16782 16781 16778 16779 16783 16778 16783 16782 16779 16776 16780 16779 16780 16783 16784 16786 16785 16784 16787 16786 16788 16789 16790 16788 16790 16791 16784 16785 16789 16784 16789 16788 16785 16786 16790 16785 16790 16789 16786 16787 16791 16786 16791 16790 16787 16784 16788 16787 16788 16791 16792 16794 16793 16792 16795 16794 16796 16797 16798 16796 16798 16799 16792 16793 16797 16792 16797 16796 16793 16794 16798 16793 16798 16797 16794 16795 16799 16794 16799 16798 16795 16792 16796 16795 16796 16799 16800 16802 16801 16800 16803 16802 16804 16805 16806 16804 16806 16807 16800 16801 16805 16800 16805 16804 16801 16802 16806 16801 16806 16805 16802 16803 16807 16802 16807 16806 16803 16800 16804 16803 16804 16807 16808 16810 16809 16808 16811 16810 16812 16813 16814 16812 16814 16815 16808 16809 16813 16808 16813 16812 16809 16810 16814 16809 16814 16813 16810 16811 16815 16810 16815 16814 16811 16808 16812 16811 16812 16815 16816 16818 16817 16816 16819 16818 16820 16821 16822 16820 16822 16823 16816 16817 16821 16816 16821 16820 16817 16818 16822 16817 16822 16821 16818 16819 16823 16818 16823 16822 16819 16816 16820 16819 16820 16823 16824 16826 16825 16824 16827 16826 16828 16829 16830 16828 16830 16831 16824 16825 16829 16824 16829 16828 16825 16826 16830 16825 16830 16829 16826 16827 16831 16826 16831 16830 16827 16824 16828 16827 16828 16831 16832 16834 16833 16832 16835 16834 16836 16837 16838 16836 16838 16839 16832 16833 16837 16832 16837 16836 16833 16834 16838 16833 16838 16837 16834 16835 16839 16834 16839 16838 16835 16832 16836 16835 16836 16839 16840 16842 16841 16840 16843 16842 16844 16845 16846 16844 16846 16847 16840 16841 16845 16840 16845 16844 16841 16842 16846 16841 16846 16845 16842 16843 16847 16842 16847 16846 16843 16840 16844 16843 16844 16847 16848 16850 16849 16848 16851 16850 16852 16853 16854 16852 16854 16855 16848 16849 16853 16848 16853 16852 16849 16850 16854 16849 16854 16853 16850 16851 16855 16850 16855 16854 16851 16848 16852 16851 16852 16855 16856 16858 16857 16856 16859 16858 16860 16861 16862 16860 16862 16863 16856 16857 16861 16856 16861 16860 16857 16858 16862 16857 16862 16861 16858 16859 16863 16858 16863 16862 16859 16856 16860 16859 16860 16863 16864 16866 16865 16864 16867 16866 16868 16869 16870 16868 16870 16871 16864 16865 16869 16864 16869 16868 16865 16866 16870 16865 16870 16869 16866 16867 16871 16866 16871 16870 16867 16864 16868 16867 16868 16871 16872 16874 16873 16872 16875 16874 16876 16877 16878 16876 16878 16879 16872 16873 16877 16872 16877 16876 16873 16874 16878 16873 16878 16877 16874 16875 16879 16874 16879 16878 16875 16872 16876 16875 16876 16879 16880 16882 16881 16880 16883 16882 16884 16885 16886 16884 16886 16887 16880 16881 16885 16880 16885 16884 16881 16882 16886 16881 16886 16885 16882 16883 16887 16882 16887 16886 16883 16880 16884 16883 16884 16887 16888 16890 16889 16888 16891 16890 16892 16893 16894 16892 16894 16895 16888 16889 16893 16888 16893 16892 16889 16890 16894 16889 16894 16893 16890 16891 16895 16890 16895 16894 16891 16888 16892 16891 16892 16895 16896 16898 16897 16896 16899 16898 16900 16901 16902 16900 16902 16903 16896 16897 16901 16896 16901 16900 16897 16898 16902 16897 16902 16901 16898 16899 16903 16898 16903 16902 16899 16896 16900 16899 16900 16903 16904 16906 16905 16904 16907 16906 16908 16909 16910 16908 16910 16911 16904 16905 16909 16904 16909 16908 16905 16906 16910 16905 16910 16909 16906 16907 16911 16906 16911 16910 16907 16904 16908 16907 16908 16911 16912 16914 16913 16912 16915 16914 16916 16917 16918 16916 16918 16919 16912 16913 16917 16912 16917 16916 16913 16914 16918 16913 16918 16917 16914 16915 16919 16914 16919 16918 16915 16912 16916 16915 16916 16919 16920 16922 16921 16920 16923 16922 16924 16925 16926 16924 16926 16927 16920 16921 16925 16920 16925 16924 16921 16922 16926 16921 16926 16925 16922 16923 16927 16922 16927 16926 16923 16920 16924 16923 16924 16927 16928 16930 16929 16928 16931 16930 16932 16933 16934 16932 16934 16935 16928 16929 16933 16928 16933 16932 16929 16930 16934 16929 16934 16933 16930 16931 16935 16930 16935 16934 16931 16928 16932 16931 16932 16935 16936 16938 16937 16936 16939 16938 16940 16941 16942 16940 16942 16943 16936 16937 16941 16936 16941 16940 16937 16938 16942 16937 16942 16941 16938 16939 16943 16938 16943 16942 16939 16936 16940 16939 16940 16943 16944 16946 16945 16944 16947 16946 16948 16949 16950 16948 16950 16951 16944 16945 16949 16944 16949 16948 16945 16946 16950 16945 16950 16949 16946 16947 16951 16946 16951 16950 16947 16944 16948 16947 16948 16951 16952 16954 16953 16952 16955 16954 16956 16957 16958 16956 16958 16959 16952 16953 16957 16952 16957 16956 16953 16954 16958 16953 16958 16957 16954 16955 16959 16954 16959 16958 16955 16952 16956 16955 16956 16959 16960 16962 16961 16960 16963 16962 16964 16965 16966 16964 16966 16967 16960 16961 16965 16960 16965 16964 16961 16962 16966 16961 16966 16965 16962 16963 16967 16962 16967 16966 16963 16960 16964 16963 16964 16967 16968 16970 16969 16968 16971 16970 16972 16973 16974 16972 16974 16975 16968 16969 16973 16968 16973 16972 16969 16970 16974 16969 16974 16973 16970 16971 16975 16970 16975 16974 16971 16968 16972 16971 16972 16975 16976 16978 16977 16976 16979 16978 16980 16981 16982 16980 16982 16983 16976 16977 16981 16976 16981 16980 16977 16978 16982 16977 16982 16981 16978 16979 16983 16978 16983 16982 16979 16976 16980 16979 16980 16983 16984 16986 16985 16984 16987 16986 16988 16989 16990 16988 16990 16991 16984 16985 16989 16984 16989 16988 16985 16986 16990 16985 16990 16989 16986 16987 16991 16986 16991 16990 16987 16984 16988 16987 16988 16991 16992 16994 16993 16992 16995 16994 16996 16997 16998 16996 16998 16999 16992 16993 16997 16992 16997 16996 16993 16994 16998 16993 16998 16997 16994 16995 16999 16994 16999 16998 16995 16992 16996 16995 16996 16999 17000 17002 17001 17000 17003 17002 17004 17005 17006 17004 17006 17007 17000 17001 17005 17000 17005 17004 17001 17002 17006 17001 17006 17005 17002 17003 17007 17002 17007 17006 17003 17000 17004 17003 17004 17007 17008 17010 17009 17008 17011 17010 17012 17013 17014 17012 17014 17015 17008 17009 17013 17008 17013 17012 17009 17010 17014 17009 17014 17013 17010 17011 17015 17010 17015 17014 17011 17008 17012 17011 17012 17015 17016 17018 17017 17016 17019 17018 17020 17021 17022 17020 17022 17023 17016 17017 17021 17016 17021 17020 17017 17018 17022 17017 17022 17021 17018 17019 17023 17018 17023 17022 17019 17016 17020 17019 17020 17023 17024 17026 17025 17024 17027 17026 17028 17029 17030 17028 17030 17031 17024 17025 17029 17024 17029 17028 17025 17026 17030 17025 17030 17029 17026 17027 17031 17026 17031 17030 17027 17024 17028 17027 17028 17031 17032 17034 17033 17032 17035 17034 17036 17037 17038 17036 17038 17039 17032 17033 17037 17032 17037 17036 17033 17034 17038 17033 17038 17037 17034 17035 17039 17034 17039 17038 17035 17032 17036 17035 17036 17039 17040 17042 17041 17040 17043 17042 17044 17045 17046 17044 17046 17047 17040 17041 17045 17040 17045 17044 17041 17042 17046 17041 17046 17045 17042 17043 17047 17042 17047 17046 17043 17040 17044 17043 17044 17047 17048 17050 17049 17048 17051 17050 17052 17053 17054 17052 17054 17055 17048 17049 17053 17048 17053 17052 17049 17050 17054 17049 17054 17053 17050 17051 17055 17050 17055 17054 17051 17048 17052 17051 17052 17055 17056 17058 17057 17056 17059 17058 17060 17061 17062 17060 17062 17063 17056 17057 17061 17056 17061 17060 17057 17058 17062 17057 17062 17061 17058 17059 17063 17058 17063 17062 17059 17056 17060 17059 17060 17063 17064 17066 17065 17064 17067 17066 17068 17069 17070 17068 17070 17071 17064 17065 17069 17064 17069 17068 17065 17066 17070 17065 17070 17069 17066 17067 17071 17066 17071 17070 17067 17064 17068 17067 17068 17071 17072 17074 17073 17072 17075 17074 17076 17077 17078 17076 17078 17079 17072 17073 17077 17072 17077 17076 17073 17074 17078 17073 17078 17077 17074 17075 17079 17074 17079 17078 17075 17072 17076 17075 17076 17079 17080 17082 17081 17080 17083 17082 17084 17085 17086 17084 17086 17087 17080 17081 17085 17080 17085 17084 17081 17082 17086 17081 17086 17085 17082 17083 17087 17082 17087 17086 17083 17080 17084 17083 17084 17087 17088 17090 17089 17088 17091 17090 17092 17093 17094 17092 17094 17095 17088 17089 17093 17088 17093 17092 17089 17090 17094 17089 17094 17093 17090 17091 17095 17090 17095 17094 17091 17088 17092 17091 17092 17095 17096 17098 17097 17096 17099 17098 17100 17101 17102 17100 17102 17103 17096 17097 17101 17096 17101 17100 17097 17098 17102 17097 17102 17101 17098 17099 17103 17098 17103 17102 17099 17096 17100 17099 17100 17103 17104 17106 17105 17104 17107 17106 17108 17109 17110 17108 17110 17111 17104 17105 17109 17104 17109 17108 17105 17106 17110 17105 17110 17109 17106 17107 17111 17106 17111 17110 17107 17104 17108 17107 17108 17111 17112 17114 17113 17112 17115 17114 17116 17117 17118 17116 17118 17119 17112 17113 17117 17112 17117 17116 17113 17114 17118 17113 17118 17117 17114 17115 17119 17114 17119 17118 17115 17112 17116 17115 17116 17119 17120 17122 17121 17120 17123 17122 17124 17125 17126 17124 17126 17127 17120 17121 17125 17120 17125 17124 17121 17122 17126 17121 17126 17125 17122 17123 17127 17122 17127 17126 17123 17120 17124 17123 17124 17127 17128 17130 17129 17128 17131 17130 17132 17133 17134 17132 17134 17135 17128 17129 17133 17128 17133 17132 17129 17130 17134 17129 17134 17133 17130 17131 17135 17130 17135 17134 17131 17128 17132 17131 17132 17135 17136 17138 17137 17136 17139 17138 17140 17141 17142 17140 17142 17143 17136 17137 17141 17136 17141 17140 17137 17138 17142 17137 17142 17141 17138 17139 17143 17138 17143 17142 17139 17136 17140 17139 17140 17143 17144 17146 17145 17144 17147 17146 17148 17149 17150 17148 17150 17151 17144 17145 17149 17144 17149 17148 17145 17146 17150 17145 17150 17149 17146 17147 17151 17146 17151 17150 17147 17144 17148 17147 17148 17151 17152 17154 17153 17152 17155 17154 17156 17157 17158 17156 17158 17159 17152 17153 17157 17152 17157 17156 17153 17154 17158 17153 17158 17157 17154 17155 17159 17154 17159 17158 17155 17152 17156 17155 17156 17159 17160 17162 17161 17160 17163 17162 17164 17165 17166 17164 17166 17167 17160 17161 17165 17160 17165 17164 17161 17162 17166 17161 17166 17165 17162 17163 17167 17162 17167 17166 17163 17160 17164 17163 17164 17167 17168 17170 17169 17168 17171 17170 17172 17173 17174 17172 17174 17175 17168 17169 17173 17168 17173 17172 17169 17170 17174 17169 17174 17173 17170 17171 17175 17170 17175 17174 17171 17168 17172 17171 17172 17175 17176 17178 17177 17176 17179 17178 17180 17181 17182 17180 17182 17183 17176 17177 17181 17176 17181 17180 17177 17178 17182 17177 17182 17181 17178 17179 17183 17178 17183 17182 17179 17176 17180 17179 17180 17183 17184 17186 17185 17184 17187 17186 17188 17189 17190 17188 17190 17191 17184 17185 17189 17184 17189 17188 17185 17186 17190 17185 17190 17189 17186 17187 17191 17186 17191 17190 17187 17184 17188 17187 17188 17191 17192 17194 17193 17192 17195 17194 17196 17197 17198 17196 17198 17199 17192 17193 17197 17192 17197 17196 17193 17194 17198 17193 17198 17197 17194 17195 17199 17194 17199 17198 17195 17192 17196 17195 17196 17199 17200 17202 17201 17200 17203 17202 17204 17205 17206 17204 17206 17207 17200 17201 17205 17200 17205 17204 17201 17202 17206 17201 17206 17205 17202 17203 17207 17202 17207 17206 17203 17200 17204 17203 17204 17207 17208 17210 17209 17208 17211 17210 17212 17213 17214 17212 17214 17215 17208 17209 17213 17208 17213 17212 17209 17210 17214 17209 17214 17213 17210 17211 17215 17210 17215 17214 17211 17208 17212 17211 17212 17215 17216 17218 17217 17216 17219 17218 17220 17221 17222 17220 17222 17223 17216 17217 17221 17216 17221 17220 17217 17218 17222 17217 17222 17221 17218 17219 17223 17218 17223 17222 17219 17216 17220 17219 17220 17223 17224 17226 17225 17224 17227 17226 17228 17229 17230 17228 17230 17231 17224 17225 17229 17224 17229 17228 17225 17226 17230 17225 17230 17229 17226 17227 17231 17226 17231 17230 17227 17224 17228 17227 17228 17231 17232 17234 17233 17232 17235 17234 17236 17237 17238 17236 17238 17239 17232 17233 17237 17232 17237 17236 17233 17234 17238 17233 17238 17237 17234 17235 17239 17234 17239 17238 17235 17232 17236 17235 17236 17239 17240 17242 17241 17240 17243 17242 17244 17245 17246 17244 17246 17247 17240 17241 17245 17240 17245 17244 17241 17242 17246 17241 17246 17245 17242 17243 17247 17242 17247 17246 17243 17240 17244 17243 17244 17247 17248 17250 17249 17248 17251 17250 17252 17253 17254 17252 17254 17255 17248 17249 17253 17248 17253 17252 17249 17250 17254 17249 17254 17253 17250 17251 17255 17250 17255 17254 17251 17248 17252 17251 17252 17255 17256 17258 17257 17256 17259 17258 17260 17261 17262 17260 17262 17263 17256 17257 17261 17256 17261 17260 17257 17258 17262 17257 17262 17261 17258 17259 17263 17258 17263 17262 17259 17256 17260 17259 17260 17263 17264 17266 17265 17264 17267 17266 17268 17269 17270 17268 17270 17271 17264 17265 17269 17264 17269 17268 17265 17266 17270 17265 17270 17269 17266 17267 17271 17266 17271 17270 17267 17264 17268 17267 17268 17271 17272 17274 17273 17272 17275 17274 17276 17277 17278 17276 17278 17279 17272 17273 17277 17272 17277 17276 17273 17274 17278 17273 17278 17277 17274 17275 17279 17274 17279 17278 17275 17272 17276 17275 17276 17279 17280 17282 17281 17280 17283 17282 17284 17285 17286 17284 17286 17287 17280 17281 17285 17280 17285 17284 17281 17282 17286 17281 17286 17285 17282 17283 17287 17282 17287 17286 17283 17280 17284 17283 17284 17287 17288 17290 17289 17288 17291 17290 17292 17293 17294 17292 17294 17295 17288 17289 17293 17288 17293 17292 17289 17290 17294 17289 17294 17293 17290 17291 17295 17290 17295 17294 17291 17288 17292 17291 17292 17295</p></triangles>
</mesh></geometry></library_geometries>
<library_visual_scenes><visual_scene id="scene"><node id="map"><instance_geometry url="#obstacles"><bind_material><technique_common><instance_material symbol="wall" target="#wall-material"/></technique_common></bind_material></instance_geometry></node></visual_scene></library_visual_scenes>
<scene><instance_visual_scene url="#scene"/></scene></COLLADA>