[INFO] [launch]: All log files can be found below /home/liangys/.ros/log/2026-09-26-17-03-05-492872-ubuntu64-oc-79137
[INFO] [launch]: Default logging verbosity is set to INFO
[INFO] [estimated_odometry.py-1]: process started with pid [79181]
[INFO] [ign-2]: process started with pid [79183]
[INFO] [parameter_bridge-3]: process started with pid [79185]
[INFO] [sim_adapter.py-4]: process started with pid [79187]
[INFO] [cloud_adapter.py-5]: process started with pid [79189]
[INFO] [map_display.py-6]: process started with pid [79191]
[INFO] [trajectory_generator_node-7]: process started with pid [79193]
[INFO] [rviz_safe-8]: process started with pid [79195]
[INFO] [trajectory_tracking_node-9]: process started with pid [79197]
[INFO] [hit_bridge-10]: process started with pid [79199]
[INFO] [autonomy_guard.py-11]: process started with pid [79201]
[INFO] [pty_mcu_sim.py-12]: process started with pid [79203]
[INFO] [strategy_node-13]: process started with pid [79205]
[INFO] [decision_goal_router.py-14]: process started with pid [79207]
[INFO] [hdl_localization_map_server-15]: process started with pid [79219]
[INFO] [hdl_localization_node-16]: process started with pid [79224]
[INFO] [python3-17]: process started with pid [79232]
[trajectory_tracking_node-9] [SentryRobotInterface] Loading task file: "/home/liangys/RM_Sentry_2026/ros2_ws/install_sentry_autonomy/trajectory_tracking/share/trajectory_tracking/cfg/task.info"
[trajectory_tracking_node-9] x_init:   5 8 0 0
[trajectory_tracking_node-9] 
[trajectory_tracking_node-9]  #### Multiple-Shooting SQP Settings:
[trajectory_tracking_node-9]  #### =============================================================================
[trajectory_tracking_node-9]  #### 'sqpIteration'...........................................................8
[trajectory_tracking_node-9]  #### 'deltaTol'...........................................................1e-06
[trajectory_tracking_node-9]  #### 'alpha_decay'..........................................................0.5 (default)
[trajectory_tracking_node-9]  #### 'alpha_min'.........................................................0.0001 (default)
[trajectory_tracking_node-9]  #### 'gamma_c'............................................................1e-06 (default)
[trajectory_tracking_node-9]  #### 'g_max'..............................................................1e+06 (default)
[trajectory_tracking_node-9]  #### 'g_min'..............................................................1e-06
[trajectory_tracking_node-9]  #### 'armijoFactor'......................................................0.0001 (default)
[trajectory_tracking_node-9]  #### 'costTol'...........................................................0.0001
[trajectory_tracking_node-9]  #### 'dt'...................................................................0.1
[trajectory_tracking_node-9]  #### 'useFeedbackPolicy'......................................................1
[trajectory_tracking_node-9]  #### 'createValueFunction'....................................................0 (default)
[trajectory_tracking_node-9]  #### 'integratorType'.......................................................RK2
[trajectory_tracking_node-9]  #### 'inequalityConstraintMu'...............................................0.1
[trajectory_tracking_node-9]  #### 'inequalityConstraintDelta'............................................0.2
[trajectory_tracking_node-9]  #### 'projectStateInputEqualityConstraints'...................................1
[trajectory_tracking_node-9]  #### 'extractProjectionMultiplier'............................................0 (default)
[trajectory_tracking_node-9]  #### 'printSolverStatus'......................................................0
[trajectory_tracking_node-9]  #### 'printSolverStatistics'..................................................0
[trajectory_tracking_node-9]  #### 'printLinesearch'........................................................0
[trajectory_tracking_node-9]  #### 'enableLogging'..........................................................1 (default)
[trajectory_tracking_node-9]  #### 'logSize'.............................................................1000 (default)
[trajectory_tracking_node-9]  #### 'logFilePath'.........................................../tmp/ocs2/sqp_log/ (default)
[trajectory_tracking_node-9]  #### 'nThreads'...............................................................2
[trajectory_tracking_node-9]  #### 'threadPriority'........................................................50
[trajectory_tracking_node-9] 
[trajectory_tracking_node-9]  #### HPIPM Settings:
[trajectory_tracking_node-9]  #### =============================================================================
[trajectory_tracking_node-9]  #### 'mode'...................................................................1 (default)
[trajectory_tracking_node-9]  #### 'iter_max'..............................................................30 (default)
[trajectory_tracking_node-9]  #### 'alpha_min'..........................................................1e-12 (default)
[trajectory_tracking_node-9]  #### 'mu0'...................................................................10 (default)
[trajectory_tracking_node-9]  #### 'tol_stat'...........................................................1e-06 (default)
[trajectory_tracking_node-9]  #### 'tol_eq'.............................................................1e-08 (default)
[trajectory_tracking_node-9]  #### 'tol_ineq'...........................................................1e-08 (default)
[trajectory_tracking_node-9]  #### 'tol_comp'...........................................................1e-08 (default)
[trajectory_tracking_node-9]  #### 'reg_prim'...........................................................1e-12 (default)
[trajectory_tracking_node-9]  #### 'warm_start'.............................................................0 (default)
[trajectory_tracking_node-9]  #### 'pred_corr'..............................................................1 (default)
[trajectory_tracking_node-9]  #### 'ric_alg'................................................................0 (default)
[trajectory_tracking_node-9]  #### =============================================================================
[trajectory_tracking_node-9]  #### =============================================================================
[trajectory_tracking_node-9] 
[trajectory_tracking_node-9]  #### MPC Settings:
[trajectory_tracking_node-9]  #### =============================================================================
[trajectory_tracking_node-9]  #### 'timeHorizon'............................................................2
[trajectory_tracking_node-9]  #### 'solutionTimeWindow'.....................................................2
[trajectory_tracking_node-9]  #### 'coldStart'..............................................................0
[trajectory_tracking_node-9]  #### 'debugPrint'.............................................................0
[trajectory_tracking_node-9]  #### 'mpcDesiredFrequency'..................................................100
[trajectory_tracking_node-9]  #### 'mrtDesiredFrequency'..................................................400
[trajectory_tracking_node-9]  #### =============================================================================
[trajectory_tracking_node-9] 
[trajectory_tracking_node-9]  #### Rollout Settings: 
[trajectory_tracking_node-9]  #### =============================================================================
[trajectory_tracking_node-9]  #### 'AbsTolODE'..........................................................1e-05
[trajectory_tracking_node-9]  #### 'RelTolODE'..........................................................0.001
[trajectory_tracking_node-9]  #### 'maxNumStepsPerSecond'...............................................10000
[trajectory_tracking_node-9]  #### 'timeStep'............................................................0.02
[trajectory_tracking_node-9]  #### 'integratorType'.....................................................ODE45 (default)
[trajectory_tracking_node-9]  #### 'checkNumericalStability'................................................1
[trajectory_tracking_node-9]  #### 'reconstructInputTrajectory'.............................................1 (default)
[trajectory_tracking_node-9]  #### 'rootFindingAlgorithm'...................................................0 (default)
[trajectory_tracking_node-9]  #### 'maxSingleEventIterations'..............................................10 (default)
[trajectory_tracking_node-9]  #### 'useTrajectorySpreadingController'.......................................0 (default)
[trajectory_tracking_node-9]  #### =============================================================================
[trajectory_tracking_node-9] WARNING: Loaded at least one default value in matrix: "Q"
[trajectory_tracking_node-9] WARNING: Loaded at least one default value in matrix: "R"
[trajectory_tracking_node-9] WARNING: Loaded at least one default value in matrix: "Q_final"
[trajectory_tracking_node-9] Q:  
[trajectory_tracking_node-9] 150   0   0   0
[trajectory_tracking_node-9]   0 150   0   0
[trajectory_tracking_node-9]   0   0  60   0
[trajectory_tracking_node-9]   0   0   0  80
[trajectory_tracking_node-9] R:  
[trajectory_tracking_node-9]  1.5    0
[trajectory_tracking_node-9]    0 0.15
[trajectory_tracking_node-9] Qf: 
[trajectory_tracking_node-9] 150   0   0   0
[trajectory_tracking_node-9]   0 150   0   0
[trajectory_tracking_node-9]   0   0  60   0
[trajectory_tracking_node-9]   0   0   0  80
[trajectory_tracking_node-9] m_height_bias: 0.0152941 m_height_interval: 1.5 m_height_threshold: 0.08 height_sencond_high_threshold: 0.2
[hdl_localization_map_server-15] [INFO] [1790456585.992687435] [sim_ndt_map]: Loading global map: /home/liangys/RM_Sentry_2026/ros2_ws/install_sentry_autonomy/sentry_gazebo/share/sentry_gazebo/maps/ndt_reference.pcd
[hdl_localization_map_server-15] [INFO] [1790456586.088022542] [sim_ndt_map]: Global map loaded: 424654 points
[hdl_localization_node-16] [INFO] [1790456586.108310265] [sim_ndt]: create registration method for localization
[hdl_localization_node-16] [INFO] [1790456586.108406390] [sim_ndt]: NDT_OMP is selected
[hdl_localization_node-16] [INFO] [1790456586.108469566] [sim_ndt]: search_method DIRECT7 is selected
[hdl_localization_node-16] [INFO] [1790456586.108479289] [sim_ndt]: create registration method for fallback during relocalization
[hdl_localization_node-16] [INFO] [1790456586.108490730] [sim_ndt]: NDT_OMP is selected
[hdl_localization_node-16] [INFO] [1790456586.108500618] [sim_ndt]: search_method DIRECT7 is selected
[hdl_localization_node-16] [INFO] [1790456586.108636427] [sim_ndt]: initialize pose estimator with specified parameters
[hdl_localization_node-16] [INFO] [1790456586.108646916] [sim_ndt]:   init position (map): -0.769, -4.354, 0.000
[hdl_localization_node-16] [INFO] [1790456586.108658347] [sim_ndt]:   init orientation (wxyz): 1.0000, 0.0000, 0.0000, 0.0000
[trajectory_generator_node-7] [Manager Init] map/file_path: 
[trajectory_generator_node-7] [Manager Init] map/occ_file_path: /home/liangys/RM_Sentry_2026/ros2_ws/install_sentry_autonomy/trajectory_generation/share/trajectory_generation/map/occfinal.png
[trajectory_generator_node-7] [Manager Init] map/bev_file_path: /home/liangys/RM_Sentry_2026/ros2_ws/install_sentry_autonomy/trajectory_generation/share/trajectory_generation/map/bevfinal.png
[trajectory_generator_node-7] [Manager Init] map/distance_map_file_path: /home/liangys/RM_Sentry_2026/ros2_ws/install_sentry_autonomy/trajectory_generation/share/trajectory_generation/map/occtopo.png
[trajectory_generator_node-7] m_height_bias: 0.0152941 m_height_interval: 1.5 m_height_threshold: 0.08 height_sencond_high_threshold: 0.2
[trajectory_tracking_node-9] map swell done
[trajectory_tracking_node-9] second_heights_points: 10
[trajectory_tracking_node-9] xmax: 0.781 xmin: -0.719 ymax: -3.154 ymin: -5.354
[trajectory_tracking_node-9] [Map Build] bev build done
[trajectory_tracking_node-9] R.rows 400 R.cols 400
[trajectory_tracking_node-9] start topo sample map
[trajectory_tracking_node-9] [GridMap] topo_sample_map size: 185
[trajectory_tracking_node-9] [GridMap] topo_keypoint size: 1603
[trajectory_generator_node-7] map swell done
[trajectory_generator_node-7] second_heights_points: 0
[trajectory_generator_node-7] [Map Build] bev build done
[trajectory_generator_node-7] R.rows 400 R.cols 400
[trajectory_generator_node-7] start topo sample map
[trajectory_generator_node-7] [GridMap] topo_sample_map size: 185
[trajectory_generator_node-7] [GridMap] topo_keypoint size: 1603
[pty_mcu_sim.py-12] [INFO] [1790456586.426530432] [sentry_pty_mcu]: Actual MCU child 79364 connected only to /dev/pts/3
[pty_mcu_sim.py-12] [INFO] [1790456586.574555084] [mcu_communicator]: opened /dev/pts/3 at 921600 baud
[parameter_bridge-3] [INFO] [1790456586.707322503] [sentry_gazebo_bridge]: Creating GZ->ROS Bridge: [/clock (ignition.msgs.Clock) -> /clock (rosgraph_msgs/msg/Clock)] (Lazy 0)
[parameter_bridge-3] [INFO] [1790456586.710986411] [sentry_gazebo_bridge]: Creating ROS->GZ Bridge: [/sim/serial_cmd_vel (geometry_msgs/msg/Twist) -> /model/sentry/cmd_vel (ignition.msgs.Twist)] (Lazy 0)
[parameter_bridge-3] [INFO] [1790456586.712369117] [sentry_gazebo_bridge]: Creating GZ->ROS Bridge: [/model/sentry/odometry (ignition.msgs.Odometry) -> /sim/ground_truth/odometry (nav_msgs/msg/Odometry)] (Lazy 0)
[parameter_bridge-3] [INFO] [1790456586.713420946] [sentry_gazebo_bridge]: Creating GZ->ROS Bridge: [/sentry/lidar/points (ignition.msgs.PointCloudPacked) -> /sim/lidar/native (sensor_msgs/msg/PointCloud2)] (Lazy 0)
[parameter_bridge-3] [INFO] [1790456586.714401997] [sentry_gazebo_bridge]: Creating GZ->ROS Bridge: [/sim/drive_force (ignition.msgs.Double) -> /sim/drive_force (std_msgs/msg/Float64)] (Lazy 0)
[parameter_bridge-3] [INFO] [1790456586.731445609] [sentry_gazebo_bridge]: Passing message from ROS geometry_msgs/msg/Twist to Gazebo gz.msgs.Twist (showing msg only once per type)
[rviz_safe-8] [rviz_common:debug] Load pixmap at package://rviz_common/images/splash_overlay.png, at ./src/rviz_common/load_resource.cpp:71
[rviz_safe-8] [rviz_common:debug] Available Renderers(1): OpenGL Rendering Subsystem, at ./src/rviz_rendering/render_system.cpp:301
[rviz_safe-8] [rviz_common:info] Stereo is NOT SUPPORTED, at ./src/rviz_rendering/render_system.cpp:543
[rviz_safe-8] [rviz_common:info] OpenGl version: 4.5 (GLSL 4.5), at ./src/rviz_rendering/render_system.cpp:284
[rviz_safe-8] [rviz_common:debug] Load pixmap at package://rviz_common/icons/plus.png, at ./src/rviz_common/load_resource.cpp:71
[rviz_safe-8] [rviz_common:debug] Load pixmap at package://rviz_common/icons/minus.png, at ./src/rviz_common/load_resource.cpp:71
[rviz_safe-8] [rviz_common:info] Stereo is NOT SUPPORTED, at ./src/rviz_rendering/render_system.cpp:543
[rviz_safe-8] [rviz_common:debug] Load pixmap at package://rviz_default_plugins/icons/classes/TF.svg, at ./src/rviz_common/load_resource.cpp:71
[rviz_safe-8] [rviz_common:debug] Error retrieving file [file:///opt/ros/humble/share/rviz_default_plugins/icons/classes/TF.svg]: Couldn't open file /opt/ros/humble/share/rviz_default_plugins/icons/classes/TF.svg, at ./src/rviz_common/load_resource.cpp:55
[rviz_safe-8] [rviz_common:debug] Load pixmap at package://rviz_default_plugins/icons/classes/TF.png, at ./src/rviz_common/load_resource.cpp:71
[rviz_safe-8] [rviz_common:debug] Load pixmap at package://rviz_common/icons/classes/Identity.svg, at ./src/rviz_common/load_resource.cpp:71
[rviz_safe-8] [rviz_common:debug] Error retrieving file [file:///opt/ros/humble/share/rviz_common/icons/classes/Identity.svg]: Couldn't open file /opt/ros/humble/share/rviz_common/icons/classes/Identity.svg, at ./src/rviz_common/load_resource.cpp:55
[rviz_safe-8] [rviz_common:debug] Load pixmap at package://rviz_common/icons/classes/Identity.png, at ./src/rviz_common/load_resource.cpp:71
[rviz_safe-8] [rviz_common:debug] Error retrieving file [file:///opt/ros/humble/share/rviz_common/icons/classes/Identity.png]: Couldn't open file /opt/ros/humble/share/rviz_common/icons/classes/Identity.png, at ./src/rviz_common/load_resource.cpp:55
[rviz_safe-8] [rviz_common:debug] Load pixmap at package://rviz_common/icons/default_class_icon.png, at ./src/rviz_common/load_resource.cpp:71
[rviz_safe-8] [rviz_common:debug] Load pixmap at package://rviz_common/icons/options.png, at ./src/rviz_common/load_resource.cpp:71
[rviz_safe-8] [rviz_common:debug] Load pixmap at package://rviz_common/icons/ok.png, at ./src/rviz_common/load_resource.cpp:71
[rviz_safe-8] [rviz_common:debug] Load pixmap at package://rviz_common/icons/warning.png, at ./src/rviz_common/load_resource.cpp:71
[rviz_safe-8] [rviz_common:debug] Load pixmap at package://rviz_common/icons/error.png, at ./src/rviz_common/load_resource.cpp:71
[rviz_safe-8] [rviz_common:debug] Load pixmap at package://rviz_default_plugins/icons/classes/Orbit.svg, at ./src/rviz_common/load_resource.cpp:71
[rviz_safe-8] [rviz_common:debug] Error retrieving file [file:///opt/ros/humble/share/rviz_default_plugins/icons/classes/Orbit.svg]: Couldn't open file /opt/ros/humble/share/rviz_default_plugins/icons/classes/Orbit.svg, at ./src/rviz_common/load_resource.cpp:55
[rviz_safe-8] [rviz_common:debug] Load pixmap at package://rviz_default_plugins/icons/classes/Orbit.png, at ./src/rviz_common/load_resource.cpp:71
[rviz_safe-8] [rviz_common:debug] Error retrieving file [file:///opt/ros/humble/share/rviz_default_plugins/icons/classes/Orbit.png]: Couldn't open file /opt/ros/humble/share/rviz_default_plugins/icons/classes/Orbit.png, at ./src/rviz_common/load_resource.cpp:55
[rviz_safe-8] [rviz_common:debug] Load pixmap at package://rviz_common/icons/rotate.svg, at ./src/rviz_common/load_resource.cpp:71
[rviz_safe-8] [rviz_common:debug] Load pixmap at package://rviz_common/icons/cursor.svg, at ./src/rviz_common/load_resource.cpp:71
[rviz_safe-8] [rviz_common:debug] Load pixmap at package://rviz_common/icons/rotate_cam.svg, at ./src/rviz_common/load_resource.cpp:71
[rviz_safe-8] [rviz_common:debug] Load pixmap at package://rviz_common/icons/move2d.svg, at ./src/rviz_common/load_resource.cpp:71
[rviz_safe-8] [rviz_common:debug] Load pixmap at package://rviz_common/icons/move_z.svg, at ./src/rviz_common/load_resource.cpp:71
[rviz_safe-8] [rviz_common:debug] Load pixmap at package://rviz_common/icons/zoom.svg, at ./src/rviz_common/load_resource.cpp:71
[rviz_safe-8] [rviz_common:debug] Load pixmap at package://rviz_common/icons/crosshair.svg, at ./src/rviz_common/load_resource.cpp:71
[rviz_safe-8] [rviz_common:debug] Load pixmap at package://rviz_default_plugins/icons/classes/FocusCamera.svg, at ./src/rviz_common/load_resource.cpp:71
[rviz_safe-8] [rviz_common:debug] Load pixmap at package://rviz_default_plugins/icons/classes/Interact.svg, at ./src/rviz_common/load_resource.cpp:71
[rviz_safe-8] [rviz_common:debug] Error retrieving file [file:///opt/ros/humble/share/rviz_default_plugins/icons/classes/Interact.svg]: Couldn't open file /opt/ros/humble/share/rviz_default_plugins/icons/classes/Interact.svg, at ./src/rviz_common/load_resource.cpp:55
[rviz_safe-8] [rviz_common:debug] Load pixmap at package://rviz_default_plugins/icons/classes/Interact.png, at ./src/rviz_common/load_resource.cpp:71
[rviz_safe-8] [rviz_common:debug] Load pixmap at package://rviz_default_plugins/icons/classes/Measure.svg, at ./src/rviz_common/load_resource.cpp:71
[rviz_safe-8] [rviz_common:debug] Load pixmap at package://rviz_default_plugins/icons/classes/MoveCamera.svg, at ./src/rviz_common/load_resource.cpp:71
[rviz_safe-8] [rviz_common:debug] Error retrieving file [file:///opt/ros/humble/share/rviz_default_plugins/icons/classes/MoveCamera.svg]: Couldn't open file /opt/ros/humble/share/rviz_default_plugins/icons/classes/MoveCamera.svg, at ./src/rviz_common/load_resource.cpp:55
[rviz_safe-8] [rviz_common:debug] Load pixmap at package://rviz_default_plugins/icons/classes/MoveCamera.png, at ./src/rviz_common/load_resource.cpp:71
[rviz_safe-8] [rviz_common:debug] Load pixmap at package://rviz_default_plugins/icons/classes/PublishPoint.svg, at ./src/rviz_common/load_resource.cpp:71
[rviz_safe-8] [rviz_common:debug] Load pixmap at package://rviz_default_plugins/icons/classes/Select.svg, at ./src/rviz_common/load_resource.cpp:71
[rviz_safe-8] [rviz_common:debug] Error retrieving file [file:///opt/ros/humble/share/rviz_default_plugins/icons/classes/Select.svg]: Couldn't open file /opt/ros/humble/share/rviz_default_plugins/icons/classes/Select.svg, at ./src/rviz_common/load_resource.cpp:55
[rviz_safe-8] [rviz_common:debug] Load pixmap at package://rviz_default_plugins/icons/classes/Select.png, at ./src/rviz_common/load_resource.cpp:71
[rviz_safe-8] [rviz_common:debug] Load pixmap at package://rviz_default_plugins/icons/classes/SetGoal.svg, at ./src/rviz_common/load_resource.cpp:71
[rviz_safe-8] [rviz_common:debug] Error retrieving file [file:///opt/ros/humble/share/rviz_default_plugins/icons/classes/SetGoal.svg]: Couldn't open file /opt/ros/humble/share/rviz_default_plugins/icons/classes/SetGoal.svg, at ./src/rviz_common/load_resource.cpp:55
[rviz_safe-8] [rviz_common:debug] Load pixmap at package://rviz_default_plugins/icons/classes/SetGoal.png, at ./src/rviz_common/load_resource.cpp:71
[rviz_safe-8] [rviz_common:debug] Load pixmap at package://rviz_default_plugins/icons/classes/SetInitialPose.svg, at ./src/rviz_common/load_resource.cpp:71
[rviz_safe-8] [rviz_common:debug] Error retrieving file [file:///opt/ros/humble/share/rviz_default_plugins/icons/classes/SetInitialPose.svg]: Couldn't open file /opt/ros/humble/share/rviz_default_plugins/icons/classes/SetInitialPose.svg, at ./src/rviz_common/load_resource.cpp:55
[rviz_safe-8] [rviz_common:debug] Load pixmap at package://rviz_default_plugins/icons/classes/SetInitialPose.png, at ./src/rviz_common/load_resource.cpp:71
[rviz_safe-8] [rviz_common:debug] Load pixmap at package://rviz_default_plugins/icons/classes/Map.svg, at ./src/rviz_common/load_resource.cpp:71
[rviz_safe-8] [rviz_common:debug] Error retrieving file [file:///opt/ros/humble/share/rviz_default_plugins/icons/classes/Map.svg]: Couldn't open file /opt/ros/humble/share/rviz_default_plugins/icons/classes/Map.svg, at ./src/rviz_common/load_resource.cpp:55
[rviz_safe-8] [rviz_common:debug] Load pixmap at package://rviz_default_plugins/icons/classes/Map.png, at ./src/rviz_common/load_resource.cpp:71
[rviz_safe-8] [rviz_common:debug] Load pixmap at package://rviz_default_plugins/icons/classes/Grid.svg, at ./src/rviz_common/load_resource.cpp:71
[rviz_safe-8] [rviz_common:debug] Error retrieving file [file:///opt/ros/humble/share/rviz_default_plugins/icons/classes/Grid.svg]: Couldn't open file /opt/ros/humble/share/rviz_default_plugins/icons/classes/Grid.svg, at ./src/rviz_common/load_resource.cpp:55
[rviz_safe-8] [rviz_common:debug] Load pixmap at package://rviz_default_plugins/icons/classes/Grid.png, at ./src/rviz_common/load_resource.cpp:71
[rviz_safe-8] [rviz_common:debug] Load pixmap at package://rviz_default_plugins/icons/classes/PointCloud2.svg, at ./src/rviz_common/load_resource.cpp:71
[rviz_safe-8] [rviz_common:debug] Error retrieving file [file:///opt/ros/humble/share/rviz_default_plugins/icons/classes/PointCloud2.svg]: Couldn't open file /opt/ros/humble/share/rviz_default_plugins/icons/classes/PointCloud2.svg, at ./src/rviz_common/load_resource.cpp:55
[rviz_safe-8] [rviz_common:debug] Load pixmap at package://rviz_default_plugins/icons/classes/PointCloud2.png, at ./src/rviz_common/load_resource.cpp:71
[rviz_safe-8] [rviz_common:debug] Load pixmap at package://rviz_default_plugins/icons/classes/Pose.svg, at ./src/rviz_common/load_resource.cpp:71
[rviz_safe-8] [rviz_common:debug] Error retrieving file [file:///opt/ros/humble/share/rviz_default_plugins/icons/classes/Pose.svg]: Couldn't open file /opt/ros/humble/share/rviz_default_plugins/icons/classes/Pose.svg, at ./src/rviz_common/load_resource.cpp:55
[rviz_safe-8] [rviz_common:debug] Load pixmap at package://rviz_default_plugins/icons/classes/Pose.png, at ./src/rviz_common/load_resource.cpp:71
[rviz_safe-8] [rviz_common:debug] Load pixmap at package://rviz_default_plugins/icons/classes/Marker.svg, at ./src/rviz_common/load_resource.cpp:71
[rviz_safe-8] [rviz_common:debug] Error retrieving file [file:///opt/ros/humble/share/rviz_default_plugins/icons/classes/Marker.svg]: Couldn't open file /opt/ros/humble/share/rviz_default_plugins/icons/classes/Marker.svg, at ./src/rviz_common/load_resource.cpp:55
[rviz_safe-8] [rviz_common:debug] Load pixmap at package://rviz_default_plugins/icons/classes/Marker.png, at ./src/rviz_common/load_resource.cpp:71
[rviz_safe-8] [rviz_common:debug] Load pixmap at package://rviz_default_plugins/icons/classes/Path.svg, at ./src/rviz_common/load_resource.cpp:71
[rviz_safe-8] [rviz_common:debug] Error retrieving file [file:///opt/ros/humble/share/rviz_default_plugins/icons/classes/Path.svg]: Couldn't open file /opt/ros/humble/share/rviz_default_plugins/icons/classes/Path.svg, at ./src/rviz_common/load_resource.cpp:55
[rviz_safe-8] [rviz_common:debug] Load pixmap at package://rviz_default_plugins/icons/classes/Path.png, at ./src/rviz_common/load_resource.cpp:71
[rviz_safe-8] [rviz_common:debug] Load pixmap at package://rviz_default_plugins/icons/classes/FlatColor.svg, at ./src/rviz_common/load_resource.cpp:71
[rviz_safe-8] [rviz_common:debug] Error retrieving file [file:///opt/ros/humble/share/rviz_default_plugins/icons/classes/FlatColor.svg]: Couldn't open file /opt/ros/humble/share/rviz_default_plugins/icons/classes/FlatColor.svg, at ./src/rviz_common/load_resource.cpp:55
[rviz_safe-8] [rviz_common:debug] Load pixmap at package://rviz_default_plugins/icons/classes/FlatColor.png, at ./src/rviz_common/load_resource.cpp:71
[rviz_safe-8] [rviz_common:debug] Error retrieving file [file:///opt/ros/humble/share/rviz_default_plugins/icons/classes/FlatColor.png]: Couldn't open file /opt/ros/humble/share/rviz_default_plugins/icons/classes/FlatColor.png, at ./src/rviz_common/load_resource.cpp:55
[rviz_safe-8] [rviz_common:debug] Load pixmap at package://rviz_default_plugins/icons/classes/RGBF32.svg, at ./src/rviz_common/load_resource.cpp:71
[rviz_safe-8] [rviz_common:debug] Error retrieving file [file:///opt/ros/humble/share/rviz_default_plugins/icons/classes/RGBF32.svg]: Couldn't open file /opt/ros/humble/share/rviz_default_plugins/icons/classes/RGBF32.svg, at ./src/rviz_common/load_resource.cpp:55
[rviz_safe-8] [rviz_common:debug] Load pixmap at package://rviz_default_plugins/icons/classes/RGBF32.png, at ./src/rviz_common/load_resource.cpp:71
[rviz_safe-8] [rviz_common:debug] Error retrieving file [file:///opt/ros/humble/share/rviz_default_plugins/icons/classes/RGBF32.png]: Couldn't open file /opt/ros/humble/share/rviz_default_plugins/icons/classes/RGBF32.png, at ./src/rviz_common/load_resource.cpp:55
[rviz_safe-8] [rviz_common:debug] Load pixmap at package://rviz_default_plugins/icons/classes/RGB8.svg, at ./src/rviz_common/load_resource.cpp:71
[rviz_safe-8] [rviz_common:debug] Error retrieving file [file:///opt/ros/humble/share/rviz_default_plugins/icons/classes/RGB8.svg]: Couldn't open file /opt/ros/humble/share/rviz_default_plugins/icons/classes/RGB8.svg, at ./src/rviz_common/load_resource.cpp:55
[ign-2] [1;33m[GUI] [Wrn] [Application.cc:802] [0m[1;33m[QT] file::/Gazebo/GazeboDrawer.qml:242:3: QML Connections: Implicitly defined onFoo properties in Connections are deprecated. Use this syntax instead: function onFoo(<arguments>) { ... }[0m[1;33m[0m
[sim_adapter.py-4] [INFO] [1790456587.100722749] [sentry_sim_adapter]: 0.5 s command watchdog; truth localization disabled
[python3-17] X Error of failed request:  BadWindow (invalid Window parameter)
[python3-17]   Major opcode of failed request:  20 (X_GetProperty)
[python3-17]   Resource id in failed request:  0x1400006
[python3-17]   Serial number of failed request:  10
[python3-17]   Current serial number in output stream:  10
[python3-17] Traceback (most recent call last):
[python3-17]   File "/home/liangys/RM_Sentry_2026/ros2_ws/install_sentry_autonomy/sentry_gazebo/lib/sentry_gazebo/gui_layout.py", line 40, in <module>
[python3-17]     if __name__=='__main__':main()
[python3-17]   File "/home/liangys/RM_Sentry_2026/ros2_ws/install_sentry_autonomy/sentry_gazebo/lib/sentry_gazebo/gui_layout.py", line 24, in main
[python3-17]     for line in subprocess.check_output(['wmctrl','-lpG'],text=True).splitlines():
[python3-17]   File "/usr/lib/python3.10/subprocess.py", line 421, in check_output
[python3-17]     return run(*popenargs, stdout=PIPE, timeout=timeout, check=True,
[python3-17]   File "/usr/lib/python3.10/subprocess.py", line 526, in run
[python3-17]     raise CalledProcessError(retcode, process.args,
[python3-17] subprocess.CalledProcessError: Command '['wmctrl', '-lpG']' returned non-zero exit status 1.
[ERROR] [python3-17]: process has died [pid 79232, exit code 1, cmd 'python3 /home/liangys/RM_Sentry_2026/ros2_ws/install_sentry_autonomy/sentry_gazebo/lib/sentry_gazebo/gui_layout.py'].
[hdl_localization_node-16] [INFO] [1790456587.281684221] [sim_ndt]: globalmap received!
[rviz_safe-8] [rviz_common:error] Vertex Program:rviz/glsl120/indexed_8bit_image.vert Fragment Program:rviz/glsl120/indexed_8bit_image.frag GLSL link result : 
[rviz_safe-8] active samplers with a different type refer to the same texture image unit, at ./src/rviz_rendering/ogre_logging.cpp:70
[ign-2] [1;33m[GUI] [Wrn] [Application.cc:802] [0m[1;33m[QT] file::/WorldStats/WorldStats.qml:53:3: QML RowLayout: Binding loop detected for property "x"[0m[1;33m[0m
[ign-2] libEGL warning: Not allowed to force software rendering when API explicitly selects a hardware device.
[ign-2] [1;33m[GUI] [Wrn] [Ogre2RenderTarget.cc:574] [0m[1;33mAnti-aliasing level of '[0m[1;33m8[0m[1;33m' [0m[1;33mis not supported; valid FSAA levels are: [0m[1;33m[ 0 4 ][0m[1;33m. Setting to 0[0m[1;33m[0m
[ign-2] [1;32m[Msg] [0m[1;32mReceived world [[0m[1;32m/home/liangys/RM_Sentry_2026/ros2_ws/install_sentry_autonomy/sentry_gazebo/share/sentry_gazebo/worlds/planning_physics.sdf[0m[1;32m] from the GUI.[0m[1;32m[0m
[ign-2] [1;32m[Msg] [0m[1;32mIgnition Gazebo Server v[0m[1;32m6.18.0[0m[1;32m[0m
[ign-2] [1;32m[Msg] [0m[1;32mLoading SDF world file[[0m[1;32m/home/liangys/RM_Sentry_2026/ros2_ws/install_sentry_autonomy/sentry_gazebo/share/sentry_gazebo/worlds/planning_physics.sdf[0m[1;32m].[0m
[ign-2] [1;32m[Msg] [0m[1;32mServing entity system service on [[0m[1;32m/[0m[1;32mentity/system/add[0m[1;32m][0m[1;32m[0m
[ign-2] [1;32m[Msg] [0m[1;32mCreate service on [[0m[1;32m/world/sentry_planning/create[0m[1;32m][0m[1;32m[0m
[ign-2] [1;32m[Msg] [0m[1;32mRemove service on [[0m[1;32m/world/sentry_planning/remove[0m[1;32m][0m[1;32m[0m
[ign-2] [1;32m[Msg] [0m[1;32mPose service on [[0m[1;32m/world/sentry_planning/set_pose[0m[1;32m][0m[1;32m[0m
[ign-2] [1;32m[Msg] [0m[1;32mPose service on [[0m[1;32m/world/sentry_planning/set_pose_vector[0m[1;32m][0m[1;32m[0m
[ign-2] [1;32m[Msg] [0m[1;32mLight configuration service on [[0m[1;32m/world/sentry_planning/light_config[0m[1;32m][0m[1;32m[0m
[ign-2] [1;32m[Msg] [0m[1;32mPhysics service on [[0m[1;32m/world/sentry_planning/set_physics[0m[1;32m][0m[1;32m[0m
[ign-2] [1;32m[Msg] [0m[1;32mSphericalCoordinates service on [[0m[1;32m/world/sentry_planning/set_spherical_coordinates[0m[1;32m][0m[1;32m[0m
[ign-2] [1;32m[Msg] [0m[1;32mEnable collision service on [[0m[1;32m/world/sentry_planning/enable_collision[0m[1;32m][0m[1;32m[0m
[ign-2] [1;32m[Msg] [0m[1;32mDisable collision service on [[0m[1;32m/world/sentry_planning/disable_collision[0m[1;32m][0m[1;32m[0m
[ign-2] [1;32m[Msg] [0m[1;32mMaterial service on [[0m[1;32m/world/sentry_planning/visual_config[0m[1;32m][0m[1;32m[0m
[ign-2] [1;32m[Msg] [0m[1;32mMaterial service on [[0m[1;32m/world/sentry_planning/wheel_slip[0m[1;32m][0m[1;32m[0m
[ign-2] [1;32m[Msg] [0m[1;32mOdometryPublisher publishing odometry on [[0m[1;32m/model/sentry/odometry[0m[1;32m][0m[1;32m[0m
[ign-2] [1;32m[Msg] [0m[1;32mOdometryPublisher publishing odometry with covariance on [[0m[1;32m/model/sentry/odometry_with_covariance[0m[1;32m][0m[1;32m[0m
[ign-2] [1;32m[Msg] [0m[1;32mOdometryPublisher publishing Pose_V (TF) on [[0m[1;32m/model/sentry/pose[0m[1;32m][0m[1;32m[0m
[ign-2] [1;32m[Msg] [0m[1;32mLoaded level [[0m[1;32m3[0m[1;32m][0m[1;32m[0m
[ign-2] [1;32m[Msg] [0m[1;32mServing world controls on [[0m[1;32m/world/sentry_planning[0m[1;32m/control], [[0m[1;32m/world/sentry_planning[0m[1;32m/control/state] and [[0m[1;32m/world/sentry_planning[0m[1;32m/playback/control][0m[1;32m[0m
[ign-2] [1;32m[Msg] [0m[1;32mServing GUI information on [[0m[1;32m/world/sentry_planning[0m[1;32m/[0m[1;32mgui/info[0m[1;32m][0m[1;32m[0m
[ign-2] [1;32m[Msg] [0m[1;32mWorld [[0m[1;32msentry_planning[0m[1;32m] initialized with [[0m[1;32mfixed_step[0m[1;32m] physics profile.[0m[1;32m[0m
[ign-2] [1;32m[Msg] [0m[1;32mServing world SDF generation service on [[0m[1;32m/world/sentry_planning[0m[1;32m/[0m[1;32mgenerate_world_sdf[0m[1;32m][0m[1;32m[0m
[ign-2] [1;32m[Msg] [0m[1;32mServing world names on [[0m[1;32m/gazebo/worlds[0m[1;32m][0m[1;32m[0m
[ign-2] [1;32m[Msg] [0m[1;32mResource path add service on [[0m[1;32m/gazebo/resource_paths/add[0m[1;32m].[0m[1;32m[0m
[ign-2] [1;32m[Msg] [0m[1;32mResource path get service on [[0m[1;32m/gazebo/resource_paths/get[0m[1;32m].[0m[1;32m[0m
[ign-2] [1;32m[Msg] [0m[1;32mResource path resolve service on [[0m[1;32m/gazebo/resource_paths/resolve[0m[1;32m].[0m[1;32m[0m
[ign-2] [1;32m[Msg] [0m[1;32mResource paths published on [[0m[1;32m/gazebo/resource_paths[0m[1;32m].[0m[1;32m[0m
[ign-2] [1;32m[Msg] [0m[1;32mServer control service on [[0m[1;32m/server_control[0m[1;32m].[0m[1;32m[0m
[ign-2] [1;32m[Msg] [0m[1;32mFound no publishers on /stats, adding root stats topic[0m[1;32m[0m
[ign-2] [1;32m[Msg] [0m[1;32mFound no publishers on /clock, adding root clock topic[0m[1;32m[0m
[ign-2] libEGL warning: Not allowed to force software rendering when API explicitly selects a hardware device.
[hdl_localization_node-16] [INFO] [1790456588.883789310] [sim_ndt]: scan points: raw=1373 downsampled=1085 (leaf=0.05 m)
[hdl_localization_node-16] [INFO] [1790456589.029926929] [sim_ndt]: Metrics -> Error: 0.00319213 (RMSE ~0.0564989 m) | Time: 124 ms | CovTrace: 0.483102 | Converged: True
[hdl_localization_node-16] [INFO] [1790456589.103341840] [sim_ndt]: scan points: raw=1380 downsampled=1099 (leaf=0.05 m)
[hdl_localization_node-16] [INFO] [1790456589.118644069] [sim_ndt]: Metrics -> Error: 0.00270331 (RMSE ~0.0519933 m) | Time: 10 ms | CovTrace: 0.477366 | Converged: True
[hdl_localization_node-16] [INFO] [1790456589.312356829] [sim_ndt]: scan points: raw=1380 downsampled=1098 (leaf=0.05 m)
[hdl_localization_node-16] [INFO] [1790456589.330039515] [sim_ndt]: Metrics -> Error: 0.00281585 (RMSE ~0.0530645 m) | Time: 14 ms | CovTrace: 0.474934 | Converged: True
[cloud_adapter.py-5] [WARN] [1790456589.426963865] [sentry_cloud_adapter]: Dropped lidar frame: no TF at measurement time
[hdl_localization_node-16] [INFO] [1790456589.527455315] [sim_ndt]: scan points: raw=1380 downsampled=1098 (leaf=0.05 m)
[hdl_localization_node-16] [INFO] [1790456589.547841934] [sim_ndt]: Metrics -> Error: 0.00289969 (RMSE ~0.0538487 m) | Time: 10 ms | CovTrace: 0.493547 | Converged: True
[hdl_localization_node-16] [INFO] [1790456589.763408015] [sim_ndt]: scan points: raw=1380 downsampled=1098 (leaf=0.05 m)
[hdl_localization_node-16] [INFO] [1790456589.783190336] [sim_ndt]: Metrics -> Error: 0.00293567 (RMSE ~0.0541818 m) | Time: 18 ms | CovTrace: 0.517831 | Converged: True
[hdl_localization_node-16] [INFO] [1790456589.987762286] [sim_ndt]: scan points: raw=1380 downsampled=1097 (leaf=0.05 m)
[hdl_localization_node-16] [INFO] [1790456590.012675312] [sim_ndt]: Metrics -> Error: 0.00290809 (RMSE ~0.0539267 m) | Time: 16 ms | CovTrace: 0.533091 | Converged: True
[hdl_localization_node-16] [INFO] [1790456590.216848972] [sim_ndt]: scan points: raw=1380 downsampled=1097 (leaf=0.05 m)
[hdl_localization_node-16] [INFO] [1790456590.240978404] [sim_ndt]: Metrics -> Error: 0.00285338 (RMSE ~0.053417 m) | Time: 16 ms | CovTrace: 0.5423 | Converged: True
[hdl_localization_node-16] [INFO] [1790456590.408550443] [sim_ndt]: scan points: raw=1380 downsampled=1097 (leaf=0.05 m)
[hdl_localization_node-16] [INFO] [1790456590.456154210] [sim_ndt]: Metrics -> Error: 0.00282227 (RMSE ~0.053125 m) | Time: 40 ms | CovTrace: 0.547718 | Converged: True
[hdl_localization_node-16] [INFO] [1790456590.617398180] [sim_ndt]: scan points: raw=1380 downsampled=1097 (leaf=0.05 m)
[hdl_localization_node-16] [INFO] [1790456590.624853760] [sim_ndt]: Metrics -> Error: 0.00284882 (RMSE ~0.0533744 m) | Time: 2 ms | CovTrace: 0.550858 | Converged: True
[rviz_safe-8] [rviz_common:debug] Load pixmap at package://rviz_default_plugins/icons/classes/RGB8.png, at ./src/rviz_common/load_resource.cpp:71
[rviz_safe-8] [rviz_common:debug] Error retrieving file [file:///opt/ros/humble/share/rviz_default_plugins/icons/classes/RGB8.png]: Couldn't open file /opt/ros/humble/share/rviz_default_plugins/icons/classes/RGB8.png, at ./src/rviz_common/load_resource.cpp:55
[rviz_safe-8] [rviz_common:debug] Load pixmap at package://rviz_default_plugins/icons/classes/Intensity.svg, at ./src/rviz_common/load_resource.cpp:71
[rviz_safe-8] [rviz_common:debug] Error retrieving file [file:///opt/ros/humble/share/rviz_default_plugins/icons/classes/Intensity.svg]: Couldn't open file /opt/ros/humble/share/rviz_default_plugins/icons/classes/Intensity.svg, at ./src/rviz_common/load_resource.cpp:55
[rviz_safe-8] [rviz_common:debug] Load pixmap at package://rviz_default_plugins/icons/classes/Intensity.png, at ./src/rviz_common/load_resource.cpp:71
[rviz_safe-8] [rviz_common:debug] Error retrieving file [file:///opt/ros/humble/share/rviz_default_plugins/icons/classes/Intensity.png]: Couldn't open file /opt/ros/humble/share/rviz_default_plugins/icons/classes/Intensity.png, at ./src/rviz_common/load_resource.cpp:55
[rviz_safe-8] [rviz_common:debug] Load pixmap at package://rviz_default_plugins/icons/classes/XYZ.svg, at ./src/rviz_common/load_resource.cpp:71
[rviz_safe-8] [rviz_common:debug] Error retrieving file [file:///opt/ros/humble/share/rviz_default_plugins/icons/classes/XYZ.svg]: Couldn't open file /opt/ros/humble/share/rviz_default_plugins/icons/classes/XYZ.svg, at ./src/rviz_common/load_resource.cpp:55
[rviz_safe-8] [rviz_common:debug] Load pixmap at package://rviz_default_plugins/icons/classes/XYZ.png, at ./src/rviz_common/load_resource.cpp:71
[rviz_safe-8] [rviz_common:debug] Error retrieving file [file:///opt/ros/humble/share/rviz_default_plugins/icons/classes/XYZ.png]: Couldn't open file /opt/ros/humble/share/rviz_default_plugins/icons/classes/XYZ.png, at ./src/rviz_common/load_resource.cpp:55
[rviz_safe-8] [rviz_common:debug] Load pixmap at package://rviz_default_plugins/icons/classes/AxisColor.svg, at ./src/rviz_common/load_resource.cpp:71
[rviz_safe-8] [rviz_common:debug] Error retrieving file [file:///opt/ros/humble/share/rviz_default_plugins/icons/classes/AxisColor.svg]: Couldn't open file /opt/ros/humble/share/rviz_default_plugins/icons/classes/AxisColor.svg, at ./src/rviz_common/load_resource.cpp:55
[rviz_safe-8] [rviz_common:debug] Load pixmap at package://rviz_default_plugins/icons/classes/AxisColor.png, at ./src/rviz_common/load_resource.cpp:71
[rviz_safe-8] [rviz_common:debug] Error retrieving file [file:///opt/ros/humble/share/rviz_default_plugins/icons/classes/AxisColor.png]: Couldn't open file /opt/ros/humble/share/rviz_default_plugins/icons/classes/AxisColor.png, at ./src/rviz_common/load_resource.cpp:55
[rviz_safe-8] [rviz_common:debug] Load pixmap at package://rviz_common/icons/classes/Displays.svg, at ./src/rviz_common/load_resource.cpp:71
[rviz_safe-8] [rviz_common:debug] Load pixmap at package://rviz_common/icons/close.png, at ./src/rviz_common/load_resource.cpp:71
[rviz_safe-8] [rviz_common:debug] Received a 400 X 400 map @ 0.05m/pix
[rviz_safe-8] , at ./src/rviz_default_plugins/displays/map/map_display.cpp:520
[rviz_safe-8] [rviz_common:info] Trying to create a map of size 400 x 400 using 1 swatches, at ./src/rviz_default_plugins/displays/map/map_display.cpp:399
[hdl_localization_node-16] [INFO] [1790456590.846056159] [sim_ndt]: scan points: raw=1380 downsampled=1097 (leaf=0.05 m)
[hdl_localization_node-16] [INFO] [1790456590.861877622] [sim_ndt]: Metrics -> Error: 0.00283043 (RMSE ~0.0532018 m) | Time: 2 ms | CovTrace: 0.552662 | Converged: True
[hdl_localization_node-16] [INFO] [1790456591.049848730] [sim_ndt]: scan points: raw=1380 downsampled=1097 (leaf=0.05 m)
[hdl_localization_node-16] [INFO] [1790456591.060489938] [sim_ndt]: Metrics -> Error: 0.00283769 (RMSE ~0.05327 m) | Time: 4 ms | CovTrace: 0.553694 | Converged: True
[trajectory_tracking_node-9] [WARN] [1790456591.079440460] [trajectory_tracking]: trajectory tracking stopped: no valid trajectory
[trajectory_generator_node-7] [INFO] [1790456591.260919793] [trajectory_generation]: FSM accepted manual goal goal=(-3.22, 2.15, 0.02)
[trajectory_generator_node-7] [Manager] start point, (x, y): (-0.87, -4.50)
[trajectory_generator_node-7] [Manager] receive target, (x, y): (-3.22, 2.15)
[hdl_localization_node-16] [INFO] [1790456591.315275875] [sim_ndt]: scan points: raw=1380 downsampled=1097 (leaf=0.05 m)
[hdl_localization_node-16] [INFO] [1790456591.327211617] [sim_ndt]: Metrics -> Error: 0.00281845 (RMSE ~0.053089 m) | Time: 6 ms | CovTrace: 0.554282 | Converged: True
[hdl_localization_node-16] [INFO] [1790456591.550712006] [sim_ndt]: scan points: raw=1380 downsampled=1097 (leaf=0.05 m)
[hdl_localization_node-16] [INFO] [1790456591.561408145] [sim_ndt]: Metrics -> Error: 0.00276225 (RMSE ~0.0525571 m) | Time: 6 ms | CovTrace: 0.554618 | Converged: True
[trajectory_generator_node-7] [Topo]: m_graph before num: 1605
[hdl_localization_node-16] [INFO] [1790456591.815815019] [sim_ndt]: scan points: raw=1380 downsampled=1097 (leaf=0.05 m)
[hdl_localization_node-16] [INFO] [1790456591.824025569] [sim_ndt]: Metrics -> Error: 0.00259607 (RMSE ~0.0509517 m) | Time: 6 ms | CovTrace: 0.554809 | Converged: True
[hdl_localization_node-16] [INFO] [1790456592.025799616] [sim_ndt]: scan points: raw=1380 downsampled=1097 (leaf=0.05 m)
[hdl_localization_node-16] [INFO] [1790456592.064892717] [sim_ndt]: Metrics -> Error: 0.00219268 (RMSE ~0.0468261 m) | Time: 14 ms | CovTrace: 0.554918 | Converged: True
[trajectory_generator_node-7] [Topo]: dijkstra time: 0.022038
[trajectory_generator_node-7] [Topo]: topo search time: 0.829595
[trajectory_generator_node-7] [Topo]: m_graph num: 2546
[trajectory_generator_node-7] [DIAG] origin_path (Dijkstra) size: 3
[trajectory_generator_node-7] [DIAG]   origin[0]: (-0.869, -4.504, 0.015)
[trajectory_generator_node-7] [DIAG]   origin[1]: (-6.269, -0.554, 0.015)
[trajectory_generator_node-7] [DIAG]   origin[2]: (-3.219, 2.146, 0.015)
[trajectory_generator_node-7] [DIAG] lineVisib(start→end DIRECT): false  colli=(-1.47,-2.75)
[trajectory_generator_node-7] [DIAG] direct line: 141 steps, 98 wall cells
[trajectory_generator_node-7] [smoothTopoPath] INPUT size=3
[trajectory_generator_node-7] [smoothTopoPath]   in[0]: (-0.869, -4.504, 0.015)
[trajectory_generator_node-7] [smoothTopoPath]   in[1]: (-6.269, -0.554, 0.015)
[trajectory_generator_node-7] [smoothTopoPath]   in[2]: (-3.219, 2.146, 0.015)
[trajectory_generator_node-7] [smoothTopoPath] lineVisib(start→end): false  colli=(-1.47,-2.75)
[trajectory_generator_node-7] [smoothTopoPath] OUTPUT size=4, iter_count=3
[trajectory_generator_node-7] [smoothTopoPath]   out[0]: (-0.869, -4.504, 0.015)
[trajectory_generator_node-7] [smoothTopoPath]   out[1]: (-6.375, -0.727, 0.015)
[trajectory_generator_node-7] [smoothTopoPath]   out[2]: (-6.073, 0.019, 0.015)
[trajectory_generator_node-7] [smoothTopoPath]   out[3]: (-3.219, 2.146, 0.015)
[trajectory_generator_node-7] [DIAG] optimized_path (smoothTopoPath) size: 4
[trajectory_generator_node-7] [DIAG]   opt[0]: (-0.869, -4.504, 0.015)
[trajectory_generator_node-7] [DIAG]   opt[1]: (-6.375, -0.727, 0.015)
[trajectory_generator_node-7] [DIAG]   opt[2]: (-6.073, 0.019, 0.015)
[trajectory_generator_node-7] [DIAG]   opt[3]: (-3.219, 2.146, 0.015)
[trajectory_generator_node-7] optimized_path size: 4
[trajectory_generator_node-7] [Manager] reference_speed: (0.25)
[trajectory_generator_node-7] [LBFGS] search direction d:  1.26205e-05  2.99438e-05 -5.57717e-06  0.000129254  9.71707e-05  2.95589e-05 -1.95384e-05  1.20742e-05 -6.94498e-06  3.61907e-06 -1.62391e-06  4.39234e-07  3.11065e-07 -7.68865e-07  7.64113e-07  2.58051e-07 -2.98845e-06  7.15259e-06 -7.61017e-06 -4.37499e-05   7.5361e-05 -7.77373e-05 -0.000386426 -2.69125e-05 -0.000124151 -6.91116e-05  0.000526786  0.000107485 -3.84633e-05 -1.74301e-05   5.1185e-05 -8.17066e-05  0.000133299 -0.000224133  0.000310144  5.28686e-05 -2.13878e-05   3.9836e-06 -3.42584e-05  -3.6195e-05  0.000233434 -2.75088e-06  4.32509e-06 -3.03423e-06  1.92984e-06 -1.30548e-06  8.42505e-07 -4.45639e-07   7.9158e-08  3.04348e-07 -7.27385e-07   1.0177e-06 -3.46192e-07 -3.08466e-06  1.18763e-05 -5.86053e-05  5.82956e-05  7.21841e-05  0.000140694 -7.15223e-05  -0.00175206  -9.1733e-05  0.000529285  9.72823e-05 -3.77244e-05 -1.28971e-05   5.8687e-05 -0.000110207  0.000168792 -0.000216384  0.000330325  2.90413e-05     0.043988   -0.0054655   0.00331912  -0.00107859  0.000483795  -0.00019696  8.95037e-05 -3.37947e-05  1.24499e-05 -4.40116e-06  1.50097e-06 -3.76474e-07 -2.76404e-07  1.23008e-06 -3.57878e-06  9.98886e-06 -2.75308e-05  7.64435e-05 -0.000204387  0.000580634  -0.00130968   0.00328078   0.00142021 -0.000701519  0.000473888   -7.632e-06 -0.000270433   0.00114744 -0.000497592  0.000235438 -3.71634e-05 -0.000110102  0.000410391  -0.00107319   0.00393577  -0.00493312    0.0719533
[trajectory_generator_node-7] [Smooth Optimize] MINCO reaches max evaluations: Line search reaches the maximum try number, assumptions not satisfied or precision not achievable.
[trajectory_generator_node-7] [Smooth Optimize] MINCO: cost=0.9 total_T=45.792(init 43.959) max_drift=0.141 max_vel=0.3 segs=37
[trajectory_generator_node-7] [Smooth Resample] resample
[trajectory_generator_node-7] [Smooth Resample] 38 -> 20 waypoints, 19 time segs, max_turn=76.6 deg
[trajectory_generator_node-7] [Manager] optimizer generate time: 0.007744
[trajectory_generator_node-7] [Reference] path size : 20
[trajectory_generator_node-7] [Reference] solvePolyMatrix ENTER: N=19, path_size=20, trap_time_size=19
[trajectory_generator_node-7] [Reference]   path[0]=(-0.8690,-4.5040) path[1]=(-1.3633,-4.1650) t[0]=3.103815 state_vel=(-0.0004,-0.0009)
[trajectory_generator_node-7] [Reference] banded solve done. b[0]=-0.166771 b[N]=-0.159840 b2[0]=0.114517 b2[N]=-0.050460
[trajectory_generator_node-7] [Reference] solvePolyMatrix EXIT: polyX[0]=[0.010374 -0.083385 -0.000392 -0.869000]
[trajectory_generator_node-7] [INFO] [1790456592.116935792] [trajectory_generation]: FSM published 19 trajectory pieces
[hdl_localization_node-16] [INFO] [1790456592.255802145] [sim_ndt]: scan points: raw=1380 downsampled=1097 (leaf=0.05 m)
[hdl_localization_node-16] [INFO] [1790456592.280235477] [sim_ndt]: Metrics -> Error: 0.00228227 (RMSE ~0.0477731 m) | Time: 8 ms | CovTrace: 0.554981 | Converged: True
[hdl_localization_node-16] [INFO] [1790456592.492833226] [sim_ndt]: scan points: raw=1380 downsampled=1097 (leaf=0.05 m)
[hdl_localization_node-16] [INFO] [1790456592.519937098] [sim_ndt]: Metrics -> Error: 0.00216327 (RMSE ~0.046511 m) | Time: 18 ms | CovTrace: 0.555017 | Converged: True
[hdl_localization_node-16] [INFO] [1790456592.720302629] [sim_ndt]: scan points: raw=1380 downsampled=1095 (leaf=0.05 m)
[hdl_localization_node-16] [INFO] [1790456592.740670312] [sim_ndt]: Metrics -> Error: 0.00219507 (RMSE ~0.0468516 m) | Time: 10 ms | CovTrace: 0.555037 | Converged: True
[hdl_localization_node-16] [INFO] [1790456592.960950497] [sim_ndt]: scan points: raw=1380 downsampled=1070 (leaf=0.05 m)
[hdl_localization_node-16] [INFO] [1790456592.973092070] [sim_ndt]: Metrics -> Error: 0.00221742 (RMSE ~0.0470895 m) | Time: 8 ms | CovTrace: 0.55505 | Converged: True
[hdl_localization_node-16] [INFO] [1790456593.253022687] [sim_ndt]: scan points: raw=1381 downsampled=1033 (leaf=0.05 m)
[hdl_localization_node-16] [INFO] [1790456593.270241277] [sim_ndt]: Metrics -> Error: 0.00215665 (RMSE ~0.0464397 m) | Time: 8 ms | CovTrace: 0.555057 | Converged: True
[hdl_localization_node-16] [INFO] [1790456593.525097984] [sim_ndt]: scan points: raw=1382 downsampled=986 (leaf=0.05 m)
[hdl_localization_node-16] [INFO] [1790456593.550571790] [sim_ndt]: Metrics -> Error: 0.00241463 (RMSE ~0.0491389 m) | Time: 18 ms | CovTrace: 0.555062 | Converged: True
[hdl_localization_node-16] [INFO] [1790456593.817540458] [sim_ndt]: scan points: raw=1381 downsampled=1052 (leaf=0.05 m)
[hdl_localization_node-16] [INFO] [1790456593.838782546] [sim_ndt]: Metrics -> Error: 0.00237801 (RMSE ~0.0487648 m) | Time: 16 ms | CovTrace: 0.555066 | Converged: True
[hdl_localization_node-16] [INFO] [1790456594.048628447] [sim_ndt]: scan points: raw=1381 downsampled=1054 (leaf=0.05 m)
[hdl_localization_node-16] [INFO] [1790456594.082008896] [sim_ndt]: Metrics -> Error: 0.00253636 (RMSE ~0.0503623 m) | Time: 18 ms | CovTrace: 0.555068 | Converged: True
[hdl_localization_node-16] [INFO] [1790456594.285168064] [sim_ndt]: scan points: raw=1380 downsampled=1075 (leaf=0.05 m)
[hdl_localization_node-16] [INFO] [1790456594.304313273] [sim_ndt]: Metrics -> Error: 0.00277782 (RMSE ~0.0527051 m) | Time: 10 ms | CovTrace: 0.55507 | Converged: True
[hdl_localization_node-16] [INFO] [1790456594.512275541] [sim_ndt]: scan points: raw=1381 downsampled=1088 (leaf=0.05 m)
[hdl_localization_node-16] [INFO] [1790456594.539932771] [sim_ndt]: Metrics -> Error: 0.00311447 (RMSE ~0.0558075 m) | Time: 8 ms | CovTrace: 0.555071 | Converged: True
[hdl_localization_node-16] [INFO] [1790456594.744323977] [sim_ndt]: scan points: raw=1383 downsampled=1036 (leaf=0.05 m)
[hdl_localization_node-16] [INFO] [1790456594.752898769] [sim_ndt]: Metrics -> Error: 0.00318247 (RMSE ~0.0564133 m) | Time: 4 ms | CovTrace: 0.555073 | Converged: True
[hdl_localization_node-16] [WARN] [1790456594.761140632] [sim_ndt]: Point-LIO odometry unavailable or stale for /localization/odometry twist; publishing zero twist
[hdl_localization_node-16] [INFO] [1790456594.957352434] [sim_ndt]: scan points: raw=1382 downsampled=1102 (leaf=0.05 m)
[hdl_localization_node-16] [INFO] [1790456594.972329435] [sim_ndt]: Metrics -> Error: 0.00323663 (RMSE ~0.0568914 m) | Time: 8 ms | CovTrace: 0.555074 | Converged: True
[hdl_localization_node-16] [INFO] [1790456595.187455191] [sim_ndt]: scan points: raw=1381 downsampled=1091 (leaf=0.05 m)
[hdl_localization_node-16] [INFO] [1790456595.204082698] [sim_ndt]: Metrics -> Error: 0.00321313 (RMSE ~0.0566845 m) | Time: 14 ms | CovTrace: 0.555075 | Converged: True
[hdl_localization_node-16] [INFO] [1790456595.412862246] [sim_ndt]: scan points: raw=1380 downsampled=1088 (leaf=0.05 m)
[hdl_localization_node-16] [INFO] [1790456595.435270199] [sim_ndt]: Metrics -> Error: 0.00303486 (RMSE ~0.0550896 m) | Time: 8 ms | CovTrace: 0.555077 | Converged: True
[hdl_localization_node-16] [INFO] [1790456595.625905209] [sim_ndt]: scan points: raw=1381 downsampled=1112 (leaf=0.05 m)
[hdl_localization_node-16] [INFO] [1790456595.653384868] [sim_ndt]: Metrics -> Error: 0.0031669 (RMSE ~0.0562752 m) | Time: 16 ms | CovTrace: 0.555078 | Converged: True
[hdl_localization_node-16] [INFO] [1790456595.849019714] [sim_ndt]: scan points: raw=1381 downsampled=1144 (leaf=0.05 m)
[hdl_localization_node-16] [INFO] [1790456595.865014080] [sim_ndt]: Metrics -> Error: 0.0031124 (RMSE ~0.0557889 m) | Time: 2 ms | CovTrace: 0.555079 | Converged: True
[hdl_localization_node-16] [INFO] [1790456596.087226610] [sim_ndt]: scan points: raw=1383 downsampled=1102 (leaf=0.05 m)
[hdl_localization_node-16] [INFO] [1790456596.115228282] [sim_ndt]: Metrics -> Error: 0.00327375 (RMSE ~0.0572167 m) | Time: 24 ms | CovTrace: 0.55508 | Converged: True
[hdl_localization_node-16] [INFO] [1790456596.327485238] [sim_ndt]: scan points: raw=1383 downsampled=1083 (leaf=0.05 m)
[hdl_localization_node-16] [INFO] [1790456596.353541669] [sim_ndt]: Metrics -> Error: 0.00320255 (RMSE ~0.056591 m) | Time: 6 ms | CovTrace: 0.555082 | Converged: True
[hdl_localization_node-16] [INFO] [1790456596.604521780] [sim_ndt]: scan points: raw=1383 downsampled=1093 (leaf=0.05 m)
[hdl_localization_node-16] [INFO] [1790456596.622747742] [sim_ndt]: Metrics -> Error: 0.00307842 (RMSE ~0.0554835 m) | Time: 6 ms | CovTrace: 0.555083 | Converged: True
[hdl_localization_node-16] [INFO] [1790456596.810184852] [sim_ndt]: scan points: raw=1377 downsampled=1106 (leaf=0.05 m)
[hdl_localization_node-16] [INFO] [1790456596.892803963] [sim_ndt]: Metrics -> Error: 0.00305535 (RMSE ~0.0552752 m) | Time: 46 ms | CovTrace: 0.555084 | Converged: True
[hdl_localization_node-16] [INFO] [1790456597.073459431] [sim_ndt]: scan points: raw=1376 downsampled=1120 (leaf=0.05 m)
[hdl_localization_node-16] [INFO] [1790456597.096743563] [sim_ndt]: Metrics -> Error: 0.00318743 (RMSE ~0.0564574 m) | Time: 6 ms | CovTrace: 0.555085 | Converged: True
[hdl_localization_node-16] [INFO] [1790456597.329671766] [sim_ndt]: scan points: raw=1376 downsampled=1092 (leaf=0.05 m)
[hdl_localization_node-16] [INFO] [1790456597.355101088] [sim_ndt]: Metrics -> Error: 0.00321321 (RMSE ~0.0566852 m) | Time: 16 ms | CovTrace: 0.555086 | Converged: True
[hdl_localization_node-16] [INFO] [1790456597.578742075] [sim_ndt]: scan points: raw=1375 downsampled=1107 (leaf=0.05 m)
[hdl_localization_node-16] [INFO] [1790456597.598840177] [sim_ndt]: Metrics -> Error: 0.00315687 (RMSE ~0.056186 m) | Time: 16 ms | CovTrace: 0.555088 | Converged: True
[hdl_localization_node-16] [INFO] [1790456597.800871865] [sim_ndt]: scan points: raw=1375 downsampled=1120 (leaf=0.05 m)
[hdl_localization_node-16] [INFO] [1790456597.818120195] [sim_ndt]: Metrics -> Error: 0.00321102 (RMSE ~0.0566659 m) | Time: 12 ms | CovTrace: 0.555089 | Converged: True
[hdl_localization_node-16] [INFO] [1790456598.047031656] [sim_ndt]: scan points: raw=1377 downsampled=1144 (leaf=0.05 m)
[hdl_localization_node-16] [INFO] [1790456598.072748715] [sim_ndt]: Metrics -> Error: 0.00328505 (RMSE ~0.0573154 m) | Time: 14 ms | CovTrace: 0.55509 | Converged: True
[hdl_localization_node-16] [INFO] [1790456598.284511203] [sim_ndt]: scan points: raw=1371 downsampled=1163 (leaf=0.05 m)
[hdl_localization_node-16] [INFO] [1790456598.302726741] [sim_ndt]: Metrics -> Error: 0.00340793 (RMSE ~0.0583775 m) | Time: 8 ms | CovTrace: 0.555091 | Converged: True
[trajectory_tracking_node-9] [WARN] [1790456598.327553249] [trajectory_tracking]: RM_GridMap predicted-path replan requested: collision_samples=0 trajectory_age=5.14
[trajectory_generator_node-7] [Manager REPLAN]  cur position point (X, Y) = (-1.860581, -3.772197), target point (X, Y) = (-3.219000, 2.146000)
[trajectory_generator_node-7] [Manager REPLAN] target_temp (X, Y) = (-3.219000, 2.146000)
[trajectory_generator_node-7] [Manager REPLAN] robot 1.23m from path, full replan
[trajectory_generator_node-7] [Manager] start point, (x, y): (-1.86, -3.77)
[trajectory_generator_node-7] [Manager] receive target, (x, y): (-3.22, 2.15)
[hdl_localization_node-16] [INFO] [1790456598.514476715] [sim_ndt]: scan points: raw=1370 downsampled=1084 (leaf=0.05 m)
[hdl_localization_node-16] [INFO] [1790456598.579880541] [sim_ndt]: Metrics -> Error: 0.00328931 (RMSE ~0.0573525 m) | Time: 50 ms | CovTrace: 0.555092 | Converged: True
[trajectory_generator_node-7] [Topo]: m_graph before num: 1605
[hdl_localization_node-16] [INFO] [1790456598.795375559] [sim_ndt]: scan points: raw=1370 downsampled=1128 (leaf=0.05 m)
[hdl_localization_node-16] [INFO] [1790456598.824839054] [sim_ndt]: Metrics -> Error: 0.00331364 (RMSE ~0.0575642 m) | Time: 6 ms | CovTrace: 0.555094 | Converged: True
[hdl_localization_node-16] [INFO] [1790456599.027722656] [sim_ndt]: scan points: raw=1366 downsampled=1119 (leaf=0.05 m)
[trajectory_generator_node-7] [Topo]: dijkstra time: 0.025352
[trajectory_generator_node-7] [Topo]: topo search time: 0.686974
[trajectory_generator_node-7] [Topo]: m_graph num: 2552
[trajectory_generator_node-7] [DIAG] origin_path (Dijkstra) size: 4
[trajectory_generator_node-7] [DIAG]   origin[0]: (-1.861, -3.772, 0.015)
[trajectory_generator_node-7] [DIAG]   origin[1]: (-5.819, -1.204, 0.015)
[trajectory_generator_node-7] [DIAG]   origin[2]: (-5.869, -0.154, 0.015)
[trajectory_generator_node-7] [DIAG]   origin[3]: (-3.219, 2.146, 0.015)
[trajectory_generator_node-7] [DIAG] lineVisib(start→end DIRECT): false  colli=(-2.32,-1.75)
[trajectory_generator_node-7] [DIAG] direct line: 121 steps, 73 wall cells
[trajectory_generator_node-7] [smoothTopoPath] INPUT size=4
[trajectory_generator_node-7] [smoothTopoPath]   in[0]: (-1.861, -3.772, 0.015)
[trajectory_generator_node-7] [smoothTopoPath]   in[1]: (-5.819, -1.204, 0.015)
[trajectory_generator_node-7] [smoothTopoPath]   in[2]: (-5.869, -0.154, 0.015)
[trajectory_generator_node-7] [smoothTopoPath]   in[3]: (-3.219, 2.146, 0.015)
[trajectory_generator_node-7] [smoothTopoPath] lineVisib(start→end): false  colli=(-2.32,-1.75)
[trajectory_generator_node-7] [smoothTopoPath] stuck detected, skipping to topo[3]
[trajectory_generator_node-7] [smoothTopoPath] OUTPUT size=7, iter_count=6
[trajectory_generator_node-7] [smoothTopoPath]   out[0]: (-1.861, -3.772, 0.015)
[trajectory_generator_node-7] [smoothTopoPath]   out[1]: (-6.022, -0.994, 0.015)
[trajectory_generator_node-7] [smoothTopoPath]   out[2]: (-6.098, -0.547, 0.015)
[trajectory_generator_node-7] [smoothTopoPath]   out[3]: (-6.085, 0.038, 0.015)
[trajectory_generator_node-7] [smoothTopoPath]   out[4]: (-5.991, -0.375, 0.015)
[trajectory_generator_node-7] [smoothTopoPath]   out[5]: (-3.219, 2.146, 0.015)
[trajectory_generator_node-7] [smoothTopoPath]   out[6]: (-3.219, 2.146, 0.015)
[trajectory_generator_node-7] [DIAG] optimized_path (smoothTopoPath) size: 7
[trajectory_generator_node-7] [DIAG]   opt[0]: (-1.861, -3.772, 0.015)
[trajectory_generator_node-7] [DIAG]   opt[1]: (-6.022, -0.994, 0.015)
[trajectory_generator_node-7] [DIAG]   opt[2]: (-6.098, -0.547, 0.015)
[trajectory_generator_node-7] [DIAG]   opt[3]: (-6.085, 0.038, 0.015)
[trajectory_generator_node-7] [DIAG]   opt[4]: (-5.991, -0.375, 0.015)
[trajectory_generator_node-7] [DIAG]   opt[5]: (-3.219, 2.146, 0.015)
[trajectory_generator_node-7] [DIAG]   opt[6]: (-3.219, 2.146, 0.015)
[trajectory_generator_node-7] optimized_path size: 7
[trajectory_generator_node-7] [Manager] reference_speed: (0.25)
[trajectory_generator_node-7] [LBFGS] search direction d:  2.60123e-06 -2.21566e-06  1.46273e-06 -7.84825e-07   3.5707e-07 -1.43172e-07  4.82781e-08 -6.72534e-09 -1.93188e-08  5.57935e-08  -1.3279e-07  2.99843e-07  -6.2935e-07  1.13895e-06 -1.37192e-06  1.77221e-07  1.33819e-06  0.000392511  0.000325757   0.00122737 -0.000415079 -0.000549077   0.00015417  6.10992e-05 -0.000710158 -9.74733e-05 -1.45262e-05  6.78051e-06  3.40886e-05  5.87231e-05  0.000909066 -5.53748e-05 -0.000140043 -1.86671e-06  1.67552e-06 -1.12127e-06  6.05105e-07 -2.76813e-07  1.14831e-07 -4.94261e-08  3.60724e-08 -5.95653e-08  1.30833e-07 -2.91786e-07  6.30629e-07 -1.28973e-06  2.35537e-06 -3.18567e-06  8.98333e-07  5.46324e-06  0.000212696 -0.000113074   0.00153267 -8.13342e-05  -0.00139687  0.000141615 -3.38533e-05  0.000750648 -0.000192566 -1.07672e-05  4.68012e-06 -3.67508e-05 -4.49155e-05 -0.000469297  4.34366e-05  0.000177656 -7.82391e-05  3.62385e-05 -1.18681e-05  4.54337e-06 -1.63424e-06  5.99419e-07 -2.17333e-07   7.8252e-08 -2.64104e-08   4.4424e-09  1.18076e-08 -3.94417e-08  1.08801e-07 -2.87584e-07  8.61473e-07 -2.33056e-06  5.13773e-06  0.000165717  0.000128253    0.0031866   0.00197842  0.000426198 -5.80702e-05  1.65531e-05  5.85615e-05  1.84083e-05  1.15353e-05   5.8084e-08 -2.69362e-06  8.73154e-06 -1.65703e-05  4.87811e-05 -7.44956e-05  0.000599983
[trajectory_generator_node-7] [Smooth Optimize] MINCO reaches max evaluations: Line search reaches the maximum try number, assumptions not satisfied or precision not achievable.
[trajectory_generator_node-7] [Smooth Optimize] MINCO: cost=5.7 total_T=40.751(init 39.851) max_drift=0.222 max_vel=0.6 segs=34
[trajectory_generator_node-7] [Smooth Resample] resample
[trajectory_generator_node-7] [Smooth Resample] 35 -> 18 waypoints, 17 time segs, max_turn=174.8 deg
[trajectory_generator_node-7] [Manager] optimizer generate time: 0.013210
[trajectory_generator_node-7] [Reference] path size : 18
[trajectory_generator_node-7] [Reference] solvePolyMatrix ENTER: N=17, path_size=18, trap_time_size=17
[trajectory_generator_node-7] [Reference]   path[0]=(-1.8606,-3.7722) path[1]=(-2.3585,-3.4399) t[0]=2.398232 state_vel=(-0.2624,0.1828)
[trajectory_generator_node-7] [Reference] banded solve done. b[0]=0.079378 b[N]=-0.289605 b2[0]=-0.064193 b2[N]=-0.208112
[trajectory_generator_node-7] [Reference] solvePolyMatrix EXIT: polyX[0]=[-0.007032 0.039689 -0.262359 -1.860581]
[trajectory_generator_node-7] [Reference] solvePolyMatrix ENTER: N=17, path_size=18, trap_time_size=17
[trajectory_generator_node-7] [Reference]   path[0]=(-1.8606,-3.7722) path[1]=(-2.3585,-3.4399) t[0]=2.398232 state_vel=(-0.2624,0.1828)
[trajectory_generator_node-7] [Reference] banded solve done. b[0]=0.079378 b[N]=-0.241048 b2[0]=-0.064194 b2[N]=-0.173434
[trajectory_generator_node-7] [Reference] solvePolyMatrix EXIT: polyX[0]=[-0.007032 0.039689 -0.262359 -1.860581]
[trajectory_generator_node-7] [Reference] solvePolyMatrix ENTER: N=17, path_size=18, trap_time_size=17
[trajectory_generator_node-7] [Reference]   path[0]=(-1.8606,-3.7722) path[1]=(-2.3585,-3.4399) t[0]=2.398232 state_vel=(-0.2624,0.1828)
[trajectory_generator_node-7] [Reference] banded solve done. b[0]=0.079378 b[N]=-0.240902 b2[0]=-0.064193 b2[N]=-0.173452
[trajectory_generator_node-7] [Reference] solvePolyMatrix EXIT: polyX[0]=[-0.007032 0.039689 -0.262359 -1.860581]
[trajectory_generator_node-7] [INFO] [1790456599.061098457] [trajectory_generation]: FSM published 17 trajectory pieces
[trajectory_generator_node-7] [A Star] find collision pos: -5.362333 0.196094
[trajectory_generator_node-7] [A Star] find start pos: -5.990551 -0.375430
[hdl_localization_node-16] [INFO] [1790456599.071231686] [sim_ndt]: Metrics -> Error: 0.00336376 (RMSE ~0.0579979 m) | Time: 14 ms | CovTrace: 0.555095 | Converged: True
[trajectory_generator_node-7] [A Star] find collision pos: -5.362333 0.196094
[trajectory_generator_node-7] [A Star] find start pos: -5.990551 -0.375430
[trajectory_generator_node-7] [A Star] find collision pos: -5.362333 0.196094
[trajectory_generator_node-7] [A Star] find start pos: -5.990551 -0.375430
[hdl_localization_node-16] [INFO] [1790456599.288992759] [sim_ndt]: scan points: raw=1368 downsampled=1060 (leaf=0.05 m)
[hdl_localization_node-16] [INFO] [1790456599.331194265] [sim_ndt]: Metrics -> Error: 0.00341145 (RMSE ~0.0584076 m) | Time: 30 ms | CovTrace: 0.555096 | Converged: True
[trajectory_generator_node-7] [A Star] find collision pos: -5.362333 0.196094
[trajectory_generator_node-7] [A Star] find start pos: -5.990551 -0.375430
[hdl_localization_node-16] [INFO] [1790456599.522941051] [sim_ndt]: scan points: raw=1367 downsampled=1114 (leaf=0.05 m)
[hdl_localization_node-16] [INFO] [1790456599.549759877] [sim_ndt]: Metrics -> Error: 0.00373559 (RMSE ~0.0611195 m) | Time: 8 ms | CovTrace: 0.555097 | Converged: True
[trajectory_generator_node-7] [A Star] find collision pos: -5.362333 0.196094
[trajectory_generator_node-7] [A Star] find start pos: -5.990551 -0.375430
[hdl_localization_node-16] [INFO] [1790456599.754320430] [sim_ndt]: scan points: raw=1362 downsampled=1151 (leaf=0.05 m)
[hdl_localization_node-16] [INFO] [1790456599.785267041] [sim_ndt]: Metrics -> Error: 0.00369109 (RMSE ~0.0607543 m) | Time: 10 ms | CovTrace: 0.555098 | Converged: True
[trajectory_generator_node-7] [A Star] find collision pos: -5.362333 0.196094
[trajectory_generator_node-7] [A Star] find start pos: -5.990551 -0.375430
[hdl_localization_node-16] [INFO] [1790456600.057469847] [sim_ndt]: scan points: raw=1357 downsampled=1103 (leaf=0.05 m)
[hdl_localization_node-16] [INFO] [1790456600.080300735] [sim_ndt]: Metrics -> Error: 0.00366285 (RMSE ~0.0605215 m) | Time: 12 ms | CovTrace: 0.5551 | Converged: True
[trajectory_generator_node-7] [A Star] find collision pos: -5.362333 0.196094
[trajectory_generator_node-7] [A Star] find start pos: -5.990551 -0.375430
[hdl_localization_node-16] [INFO] [1790456600.399563416] [sim_ndt]: scan points: raw=1351 downsampled=1090 (leaf=0.05 m)
[hdl_localization_node-16] [INFO] [1790456600.450410265] [sim_ndt]: Metrics -> Error: 0.00352909 (RMSE ~0.0594062 m) | Time: 32 ms | CovTrace: 0.555101 | Converged: True
[trajectory_generator_node-7] [A Star] find collision pos: -5.362333 0.196094
[trajectory_generator_node-7] [A Star] find start pos: -5.990551 -0.375430
[trajectory_generator_node-7] [Manager REPLAN]  cur position point (X, Y) = (-2.041704, -3.647889), target point (X, Y) = (-3.219000, 2.146000)
[trajectory_generator_node-7] [Manager REPLAN] target_temp (X, Y) = (-3.219000, 2.146000)
[trajectory_generator_node-7] [A Star] find collision pos: -5.362333 0.196094
[trajectory_generator_node-7] [A Star] find start pos: -5.990551 -0.375430
[trajectory_generator_node-7] [Manager REPLAN] start local planning
[hdl_localization_node-16] [INFO] [1790456600.630547227] [sim_ndt]: scan points: raw=1350 downsampled=1090 (leaf=0.05 m)
[hdl_localization_node-16] [INFO] [1790456600.655694702] [sim_ndt]: Metrics -> Error: 0.00338235 (RMSE ~0.0581579 m) | Time: 8 ms | CovTrace: 0.555102 | Converged: True
[hdl_localization_node-16] [INFO] [1790456600.892463788] [sim_ndt]: scan points: raw=1343 downsampled=1108 (leaf=0.05 m)
[hdl_localization_node-16] [INFO] [1790456600.955600458] [sim_ndt]: Metrics -> Error: 0.00335275 (RMSE ~0.0579029 m) | Time: 42 ms | CovTrace: 0.555103 | Converged: True
[trajectory_generator_node-7] [Topo Local]: complete sample
[hdl_localization_node-16] [WARN] [1790456600.975431237] [sim_ndt]: Point-LIO odometry unavailable or stale for /localization/odometry twist; publishing zero twist
[trajectory_generator_node-7] [Topo Search] No Path, No point connect to end point
[trajectory_generator_node-7] [Topo Local] Force-connected end to reachable node 764 (dist=3.19m)
[trajectory_generator_node-7] [Topo Local]: sample time: 0.518466
[trajectory_generator_node-7] [Manager Local] local path find! size is 4
[trajectory_generator_node-7] [smoothTopoPath] INPUT size=5
[trajectory_generator_node-7] [smoothTopoPath]   in[0]: (-2.042, -3.648, 0.015)
[trajectory_generator_node-7] [smoothTopoPath]   in[1]: (-6.119, -0.954, 0.015)
[trajectory_generator_node-7] [smoothTopoPath]   in[2]: (-5.669, 0.096, 0.015)
[trajectory_generator_node-7] [smoothTopoPath]   in[3]: (-3.219, 2.146, 0.015)
[trajectory_generator_node-7] [smoothTopoPath]   in[4]: (-3.219, 2.146, 0.015)
[trajectory_generator_node-7] [smoothTopoPath] lineVisib(start→end): false  colli=(-2.42,-1.70)
[trajectory_generator_node-7] [smoothTopoPath] OUTPUT size=4, iter_count=3
[trajectory_generator_node-7] [smoothTopoPath]   out[0]: (-2.042, -3.648, 0.015)
[trajectory_generator_node-7] [smoothTopoPath]   out[1]: (-6.163, -0.871, 0.015)
[trajectory_generator_node-7] [smoothTopoPath]   out[2]: (-6.157, -0.291, 0.015)
[trajectory_generator_node-7] [smoothTopoPath]   out[3]: (-3.219, 2.146, 0.015)
[trajectory_generator_node-7] [Manager REPLAN] optimized path size is 4
[trajectory_generator_node-7] [LBFGS] search direction d:  -0.00130581   0.00023624 -2.72552e-05 -1.81584e-05  1.73719e-05 -1.02682e-05  4.80278e-06 -1.60262e-06 -2.76368e-07  1.85121e-06  -4.0156e-06  7.63658e-06 -1.35958e-05  2.28926e-05 -3.84231e-05  7.13081e-05 -0.000110539  -0.00181451  4.61827e-05 -0.000276814   0.00420697  0.000418022 -0.000908598   0.00061522 -0.000339364  0.000167552 -6.86084e-05 -2.34508e-05 -0.000390338  0.000170295  0.000879892 -0.000159187  1.83652e-05  1.22435e-05 -1.17385e-05  7.02123e-06 -3.51396e-06   1.7716e-06 -1.42468e-06  2.28364e-06  -4.5699e-06  8.82186e-06 -1.55467e-05  2.50134e-05 -4.08616e-05  7.64629e-05 -0.000123792  0.000380354  0.000724836   0.00251055   0.00276529 -0.000670436 -0.000162325   0.00011867 -8.22702e-05  5.91753e-05 -4.13882e-05  1.32722e-05  0.000852094  0.000908621    0.0677761   -0.0087436   0.00512487  -0.00162299  0.000628137 -0.000225062  8.30247e-05 -3.04345e-05  1.16023e-05 -5.50516e-06   5.5152e-06 -1.15452e-05  3.13016e-05 -8.19816e-05  0.000278083 -0.000847254   0.00205665   0.00321232  -0.00383198    0.0161446  -0.00582465    0.0103897  -0.00260144   0.00422915  -0.00147344  0.000453675  0.000313831  -0.00132773    0.0043233  -0.00665819    0.0462066
[trajectory_generator_node-7] [Smooth Optimize] MINCO reaches max evaluations: Line search reaches the maximum try number, assumptions not satisfied or precision not achievable.
[trajectory_generator_node-7] [Smooth Optimize] MINCO: cost=1.7 total_T=38.521(init 37.218) max_drift=0.123 max_vel=0.3 segs=31
[trajectory_generator_node-7] [Smooth Resample] resample
[trajectory_generator_node-7] [Smooth Resample] 32 -> 17 waypoints, 16 time segs, max_turn=42.2 deg
[trajectory_generator_node-7] [Reference] path size : 17
[trajectory_generator_node-7] [Reference] solvePolyMatrix ENTER: N=16, path_size=17, trap_time_size=16
[trajectory_generator_node-7] [Reference]   path[0]=(-2.0417,-3.6479) path[1]=(-2.5391,-3.3128) t[0]=2.986310 state_vel=(-0.1320,0.0900)
[trajectory_generator_node-7] [Reference] banded solve done. b[0]=-0.027550 b[N]=-0.251739 b2[0]=0.017261 b2[N]=-0.138858
[trajectory_generator_node-7] [Reference] solvePolyMatrix EXIT: polyX[0]=[0.000737 -0.013775 -0.131987 -2.041704]
[trajectory_generator_node-7] [INFO] [1790456601.034031803] [trajectory_generation]: FSM published 16 trajectory pieces
[hdl_localization_node-16] [INFO] [1790456601.125578909] [sim_ndt]: scan points: raw=1338 downsampled=1079 (leaf=0.05 m)
[hdl_localization_node-16] [INFO] [1790456601.173043263] [sim_ndt]: Metrics -> Error: 0.00332504 (RMSE ~0.0576632 m) | Time: 34 ms | CovTrace: 0.555104 | Converged: True
[hdl_localization_node-16] [INFO] [1790456601.355645587] [sim_ndt]: scan points: raw=1335 downsampled=1114 (leaf=0.05 m)
[hdl_localization_node-16] [INFO] [1790456601.393990721] [sim_ndt]: Metrics -> Error: 0.003632 (RMSE ~0.0602661 m) | Time: 30 ms | CovTrace: 0.555106 | Converged: True
[hdl_localization_node-16] [INFO] [1790456601.606739649] [sim_ndt]: scan points: raw=1335 downsampled=1091 (leaf=0.05 m)
[hdl_localization_node-16] [INFO] [1790456601.646898249] [sim_ndt]: Metrics -> Error: 0.00396502 (RMSE ~0.0629684 m) | Time: 24 ms | CovTrace: 0.555107 | Converged: True
[hdl_localization_node-16] [INFO] [1790456601.824192860] [sim_ndt]: scan points: raw=1335 downsampled=997 (leaf=0.05 m)
[hdl_localization_node-16] [INFO] [1790456601.843618370] [sim_ndt]: Metrics -> Error: 0.00393161 (RMSE ~0.0627026 m) | Time: 12 ms | CovTrace: 0.555108 | Converged: True
[hdl_localization_node-16] [INFO] [1790456602.006667081] [sim_ndt]: scan points: raw=1332 downsampled=1055 (leaf=0.05 m)
[hdl_localization_node-16] [INFO] [1790456602.062250164] [sim_ndt]: Metrics -> Error: 0.00390985 (RMSE ~0.0625288 m) | Time: 44 ms | CovTrace: 0.555109 | Converged: True
[hdl_localization_node-16] [INFO] [1790456602.262655603] [sim_ndt]: scan points: raw=1332 downsampled=1066 (leaf=0.05 m)
[hdl_localization_node-16] [INFO] [1790456602.295628094] [sim_ndt]: Metrics -> Error: 0.00417189 (RMSE ~0.0645902 m) | Time: 28 ms | CovTrace: 0.555111 | Converged: True
[hdl_localization_node-16] [INFO] [1790456602.525797727] [sim_ndt]: scan points: raw=1331 downsampled=1058 (leaf=0.05 m)
[hdl_localization_node-16] [INFO] [1790456602.541902072] [sim_ndt]: Metrics -> Error: 0.00415965 (RMSE ~0.0644953 m) | Time: 8 ms | CovTrace: 0.555112 | Converged: True
[hdl_localization_node-16] [INFO] [1790456602.783480914] [sim_ndt]: scan points: raw=1330 downsampled=1091 (leaf=0.05 m)
[hdl_localization_node-16] [INFO] [1790456602.802852754] [sim_ndt]: Metrics -> Error: 0.00423339 (RMSE ~0.0650645 m) | Time: 0 ms | CovTrace: 0.555113 | Converged: True
[hdl_localization_node-16] [INFO] [1790456603.039083890] [sim_ndt]: scan points: raw=1328 downsampled=1075 (leaf=0.05 m)
[hdl_localization_node-16] [INFO] [1790456603.065960306] [sim_ndt]: Metrics -> Error: 0.00420726 (RMSE ~0.0648634 m) | Time: 8 ms | CovTrace: 0.555114 | Converged: True
[hdl_localization_node-16] [INFO] [1790456603.309972880] [sim_ndt]: scan points: raw=1324 downsampled=1059 (leaf=0.05 m)
[hdl_localization_node-16] [INFO] [1790456603.350199732] [sim_ndt]: Metrics -> Error: 0.00404507 (RMSE ~0.0636009 m) | Time: 8 ms | CovTrace: 0.555115 | Converged: True
[hdl_localization_node-16] [INFO] [1790456603.601381402] [sim_ndt]: scan points: raw=1324 downsampled=1082 (leaf=0.05 m)
[hdl_localization_node-16] [INFO] [1790456603.631980115] [sim_ndt]: Metrics -> Error: 0.00422651 (RMSE ~0.0650116 m) | Time: 16 ms | CovTrace: 0.555117 | Converged: True
[hdl_localization_node-16] [INFO] [1790456603.883831165] [sim_ndt]: scan points: raw=1322 downsampled=1019 (leaf=0.05 m)
[hdl_localization_node-16] [INFO] [1790456603.916713675] [sim_ndt]: Metrics -> Error: 0.00410454 (RMSE ~0.0640667 m) | Time: 30 ms | CovTrace: 0.555118 | Converged: True
[hdl_localization_node-16] [INFO] [1790456604.090775000] [sim_ndt]: scan points: raw=1321 downsampled=1068 (leaf=0.05 m)
[hdl_localization_node-16] [INFO] [1790456604.107852399] [sim_ndt]: Metrics -> Error: 0.00422767 (RMSE ~0.0650205 m) | Time: 10 ms | CovTrace: 0.555119 | Converged: True
[hdl_localization_node-16] [INFO] [1790456604.314638849] [sim_ndt]: scan points: raw=1320 downsampled=1029 (leaf=0.05 m)
[hdl_localization_node-16] [INFO] [1790456604.341157419] [sim_ndt]: Metrics -> Error: 0.00416257 (RMSE ~0.064518 m) | Time: 12 ms | CovTrace: 0.55512 | Converged: True
[hdl_localization_node-16] [INFO] [1790456604.573422241] [sim_ndt]: scan points: raw=1320 downsampled=1021 (leaf=0.05 m)
[hdl_localization_node-16] [INFO] [1790456604.592663338] [sim_ndt]: Metrics -> Error: 0.0043731 (RMSE ~0.0661294 m) | Time: 14 ms | CovTrace: 0.555121 | Converged: True
[hdl_localization_node-16] [INFO] [1790456604.827094357] [sim_ndt]: scan points: raw=1321 downsampled=1086 (leaf=0.05 m)
[hdl_localization_node-16] [INFO] [1790456604.841327021] [sim_ndt]: Metrics -> Error: 0.00436141 (RMSE ~0.0660409 m) | Time: 4 ms | CovTrace: 0.555123 | Converged: True
[hdl_localization_node-16] [INFO] [1790456605.076041662] [sim_ndt]: scan points: raw=1320 downsampled=1060 (leaf=0.05 m)
[hdl_localization_node-16] [INFO] [1790456605.109392277] [sim_ndt]: Metrics -> Error: 0.00450951 (RMSE ~0.0671529 m) | Time: 12 ms | CovTrace: 0.555124 | Converged: True
[hdl_localization_node-16] [INFO] [1790456605.325557159] [sim_ndt]: scan points: raw=1321 downsampled=1064 (leaf=0.05 m)
[hdl_localization_node-16] [INFO] [1790456605.362477927] [sim_ndt]: Metrics -> Error: 0.00441108 (RMSE ~0.066416 m) | Time: 4 ms | CovTrace: 0.555125 | Converged: True
[hdl_localization_node-16] [INFO] [1790456605.604058775] [sim_ndt]: scan points: raw=1321 downsampled=1044 (leaf=0.05 m)
[hdl_localization_node-16] [INFO] [1790456605.632702150] [sim_ndt]: Metrics -> Error: 0.00441191 (RMSE ~0.0664222 m) | Time: 14 ms | CovTrace: 0.555126 | Converged: True
[hdl_localization_node-16] [INFO] [1790456605.815820450] [sim_ndt]: scan points: raw=1322 downsampled=1087 (leaf=0.05 m)
[hdl_localization_node-16] [INFO] [1790456605.830508947] [sim_ndt]: Metrics -> Error: 0.00451358 (RMSE ~0.0671832 m) | Time: 12 ms | CovTrace: 0.555127 | Converged: True
[hdl_localization_node-16] [INFO] [1790456606.049882848] [sim_ndt]: scan points: raw=1321 downsampled=1078 (leaf=0.05 m)
[hdl_localization_node-16] [INFO] [1790456606.072193735] [sim_ndt]: Metrics -> Error: 0.00460461 (RMSE ~0.0678573 m) | Time: 22 ms | CovTrace: 0.555129 | Converged: True
[hdl_localization_node-16] [INFO] [1790456606.276623027] [sim_ndt]: scan points: raw=1321 downsampled=1005 (leaf=0.05 m)
[hdl_localization_node-16] [INFO] [1790456606.294521331] [sim_ndt]: Metrics -> Error: 0.00428589 (RMSE ~0.0654667 m) | Time: 8 ms | CovTrace: 0.55513 | Converged: True
[hdl_localization_node-16] [INFO] [1790456606.549571746] [sim_ndt]: scan points: raw=1323 downsampled=1036 (leaf=0.05 m)
[hdl_localization_node-16] [INFO] [1790456606.576021632] [sim_ndt]: Metrics -> Error: 0.00457937 (RMSE ~0.0676711 m) | Time: 20 ms | CovTrace: 0.555131 | Converged: True
[hdl_localization_node-16] [INFO] [1790456606.735902696] [sim_ndt]: scan points: raw=1323 downsampled=1018 (leaf=0.05 m)
[hdl_localization_node-16] [INFO] [1790456606.752080949] [sim_ndt]: Metrics -> Error: 0.00443088 (RMSE ~0.0665648 m) | Time: 0 ms | CovTrace: 0.555132 | Converged: True
[hdl_localization_node-16] [INFO] [1790456606.996929518] [sim_ndt]: scan points: raw=1324 downsampled=1068 (leaf=0.05 m)
[hdl_localization_node-16] [INFO] [1790456607.024677713] [sim_ndt]: Metrics -> Error: 0.00447006 (RMSE ~0.0668585 m) | Time: 22 ms | CovTrace: 0.555133 | Converged: True
[hdl_localization_node-16] [INFO] [1790456607.208113446] [sim_ndt]: scan points: raw=1323 downsampled=1081 (leaf=0.05 m)
[hdl_localization_node-16] [INFO] [1790456607.239153643] [sim_ndt]: Metrics -> Error: 0.00430897 (RMSE ~0.0656427 m) | Time: 16 ms | CovTrace: 0.555135 | Converged: True
[hdl_localization_node-16] [WARN] [1790456607.252998716] [sim_ndt]: Point-LIO odometry unavailable or stale for /localization/odometry twist; publishing zero twist
[trajectory_tracking_node-9] [WARN] [1790456607.263896589] [trajectory_tracking]: RM_GridMap predicted-path replan requested: collision_samples=0 trajectory_age=5.09
[trajectory_generator_node-7] [Manager REPLAN]  cur position point (X, Y) = (-2.953120, -3.016523), target point (X, Y) = (-3.219000, 2.146000)
[trajectory_generator_node-7] [Manager REPLAN] target_temp (X, Y) = (-3.219000, 2.146000)
[trajectory_generator_node-7] [Manager REPLAN] robot 1.11m from path, full replan
[trajectory_generator_node-7] [Manager] start point, (x, y): (-2.95, -3.02)
[trajectory_generator_node-7] [Manager] receive target, (x, y): (-3.22, 2.15)
[hdl_localization_node-16] [INFO] [1790456607.443576314] [sim_ndt]: scan points: raw=1324 downsampled=1054 (leaf=0.05 m)
[hdl_localization_node-16] [INFO] [1790456607.475869683] [sim_ndt]: Metrics -> Error: 0.00421465 (RMSE ~0.0649203 m) | Time: 10 ms | CovTrace: 0.555136 | Converged: True
[hdl_localization_node-16] [INFO] [1790456607.704120679] [sim_ndt]: scan points: raw=1323 downsampled=1087 (leaf=0.05 m)
[trajectory_generator_node-7] [Topo]: m_graph before num: 1605
[hdl_localization_node-16] [INFO] [1790456607.741858698] [sim_ndt]: Metrics -> Error: 0.00453036 (RMSE ~0.067308 m) | Time: 26 ms | CovTrace: 0.555137 | Converged: True
[hdl_localization_node-16] [INFO] [1790456607.968562018] [sim_ndt]: scan points: raw=1324 downsampled=1036 (leaf=0.05 m)
[hdl_localization_node-16] [INFO] [1790456607.979780021] [sim_ndt]: Metrics -> Error: 0.00428868 (RMSE ~0.065488 m) | Time: 6 ms | CovTrace: 0.555138 | Converged: True
[hdl_localization_node-16] [INFO] [1790456608.216246792] [sim_ndt]: scan points: raw=1323 downsampled=1065 (leaf=0.05 m)
[hdl_localization_node-16] [INFO] [1790456608.241002961] [sim_ndt]: Metrics -> Error: 0.00431682 (RMSE ~0.0657025 m) | Time: 24 ms | CovTrace: 0.555139 | Converged: True
[trajectory_generator_node-7] [Topo]: dijkstra time: 0.017773
[trajectory_generator_node-7] [Topo]: topo search time: 1.132435
[trajectory_generator_node-7] [Topo]: m_graph num: 2573
[trajectory_generator_node-7] [DIAG] origin_path (Dijkstra) size: 4
[trajectory_generator_node-7] [DIAG]   origin[0]: (-2.953, -3.017, 0.015)
[trajectory_generator_node-7] [DIAG]   origin[1]: (-5.719, -0.954, 0.051)
[trajectory_generator_node-7] [DIAG]   origin[2]: (-5.919, -0.254, 0.015)
[trajectory_generator_node-7] [DIAG]   origin[3]: (-3.219, 2.146, 0.015)
[trajectory_generator_node-7] [DIAG] lineVisib(start→end DIRECT): false  colli=(-3.02,-1.40)
[trajectory_generator_node-7] [DIAG] direct line: 103 steps, 63 wall cells
[trajectory_generator_node-7] [smoothTopoPath] INPUT size=4
[trajectory_generator_node-7] [smoothTopoPath]   in[0]: (-2.953, -3.017, 0.015)
[trajectory_generator_node-7] [smoothTopoPath]   in[1]: (-5.719, -0.954, 0.051)
[trajectory_generator_node-7] [smoothTopoPath]   in[2]: (-5.919, -0.254, 0.015)
[trajectory_generator_node-7] [smoothTopoPath]   in[3]: (-3.219, 2.146, 0.015)
[trajectory_generator_node-7] [smoothTopoPath] lineVisib(start→end): false  colli=(-3.02,-1.40)
[trajectory_generator_node-7] [smoothTopoPath] OUTPUT size=7, iter_count=6
[trajectory_generator_node-7] [smoothTopoPath]   out[0]: (-2.953, -3.017, 0.015)
[trajectory_generator_node-7] [smoothTopoPath]   out[1]: (-5.946, -1.046, 0.021)
[trajectory_generator_node-7] [smoothTopoPath]   out[2]: (-5.517, -0.917, 0.015)
[trajectory_generator_node-7] [smoothTopoPath]   out[3]: (-5.748, -1.206, 0.092)
[trajectory_generator_node-7] [smoothTopoPath]   out[4]: (-6.073, -0.779, 0.015)
[trajectory_generator_node-7] [smoothTopoPath]   out[5]: (-6.165, -0.123, 0.015)
[trajectory_generator_node-7] [smoothTopoPath]   out[6]: (-3.219, 2.146, 0.015)
[trajectory_generator_node-7] [DIAG] optimized_path (smoothTopoPath) size: 7
[trajectory_generator_node-7] [DIAG]   opt[0]: (-2.953, -3.017, 0.015)
[trajectory_generator_node-7] [DIAG]   opt[1]: (-5.946, -1.046, 0.021)
[trajectory_generator_node-7] [DIAG]   opt[2]: (-5.517, -0.917, 0.015)
[trajectory_generator_node-7] [DIAG]   opt[3]: (-5.748, -1.206, 0.092)
[trajectory_generator_node-7] [DIAG]   opt[4]: (-6.073, -0.779, 0.015)
[trajectory_generator_node-7] [DIAG]   opt[5]: (-6.165, -0.123, 0.015)
[trajectory_generator_node-7] [DIAG]   opt[6]: (-3.219, 2.146, 0.015)
[trajectory_generator_node-7] [Manager] reference_speed: (0.25)
[trajectory_generator_node-7] optimized_path size: 7
[trajectory_generator_node-7] [LBFGS] search direction d: -1.22193e-05  4.63457e-06 -1.99226e-06  7.44546e-07  3.26926e-07 -2.58845e-06   8.6464e-06 -2.40231e-05  6.03728e-05 -0.000141816  0.000305897 -0.000439698 -0.000309322 -1.38411e-05 -0.000135639 -0.000390599 -1.11938e-07  5.40406e-05  0.000245541 -3.05412e-05 -5.98795e-05 -0.000134345 -1.08716e-05  4.44019e-06  1.78159e-06 -1.47437e-05  4.41581e-05 -0.000111072  0.000251638 -0.000644438 -1.11924e-05   4.0262e-06 -1.47669e-06  1.97666e-07  8.48064e-07 -2.50922e-06  6.00163e-06 -1.34919e-05  2.86405e-05 -5.83603e-05  0.000132782 -0.000306862  9.07482e-05  6.99377e-05  0.000529344 -0.000641314  0.000266202 -0.000205441   0.00032639 -5.54474e-05  2.00736e-05 -0.000426691 -2.85525e-05  1.91828e-05 -9.73663e-06  1.54375e-07  1.47154e-05  -4.6353e-05   0.00014664 -0.000358031  3.04377e-05 -7.99331e-06   3.0248e-06 -6.21404e-07 -9.77971e-07  3.67201e-06 -1.03508e-05  2.88161e-05 -7.62953e-05   0.00022347  -0.00046635   0.00143097   0.00157721   0.00123967   0.00203291 -0.000414271  0.000239854 -2.20018e-05  -0.00020213   0.00566228 -0.000248692  0.000923901 -0.000323012  0.000225107 -7.88851e-05  1.38205e-05  4.49524e-05 -0.000143345  0.000479675  -0.00067574   0.00606958
[trajectory_generator_node-7] [Smooth Optimize] MINCO reaches max evaluations: Line search reaches the maximum try number, assumptions not satisfied or precision not achievable.
[trajectory_generator_node-7] [Smooth Optimize] MINCO: cost=2.0 total_T=36.058(init 35.769) max_drift=0.155 max_vel=0.4 segs=31
[trajectory_generator_node-7] [Smooth Resample] resample
[trajectory_generator_node-7] [Smooth Resample] 32 -> 17 waypoints, 16 time segs, max_turn=164.7 deg
[trajectory_generator_node-7] [Manager] optimizer generate time: 0.006385
[trajectory_generator_node-7] [Reference] path size : 17
[trajectory_generator_node-7] [Reference] solvePolyMatrix ENTER: N=16, path_size=17, trap_time_size=16
[trajectory_generator_node-7] [Reference]   path[0]=(-2.9531,-3.0165) path[1]=(-3.4543,-2.6866) t[0]=2.400243 state_vel=(-0.2025,0.1439)
[trajectory_generator_node-7] [Reference] banded solve done. b[0]=-0.008877 b[N]=-0.506167 b2[0]=-0.009471 b2[N]=-0.270941
[trajectory_generator_node-7] [Reference] solvePolyMatrix EXIT: polyX[0]=[0.000751 -0.004439 -0.202472 -2.953120]
[trajectory_generator_node-7] [Reference] solvePolyMatrix ENTER: N=16, path_size=17, trap_time_size=16
[trajectory_generator_node-7] [Reference]   path[0]=(-2.9531,-3.0165) path[1]=(-3.4543,-2.6866) t[0]=2.400243 state_vel=(-0.2025,0.1439)
[trajectory_generator_node-7] [Reference] banded solve done. b[0]=-0.008780 b[N]=-0.420824 b2[0]=-0.009539 b2[N]=-0.225590
[trajectory_generator_node-7] [Reference] solvePolyMatrix EXIT: polyX[0]=[0.000731 -0.004390 -0.202472 -2.953120]
[trajectory_generator_node-7] [Reference] solvePolyMatrix ENTER: N=16, path_size=17, trap_time_size=16
[trajectory_generator_node-7] [Reference]   path[0]=(-2.9531,-3.0165) path[1]=(-3.4543,-2.6866) t[0]=2.400243 state_vel=(-0.2025,0.1439)
[trajectory_generator_node-7] [Reference] banded solve done. b[0]=-0.008702 b[N]=-0.350224 b2[0]=-0.009592 b2[N]=-0.188101
[trajectory_generator_node-7] [Reference] solvePolyMatrix EXIT: polyX[0]=[0.000715 -0.004351 -0.202472 -2.953120]
[trajectory_generator_node-7] [Reference] solvePolyMatrix ENTER: N=16, path_size=17, trap_time_size=16
[trajectory_generator_node-7] [Reference]   path[0]=(-2.9531,-3.0165) path[1]=(-3.4543,-2.6866) t[0]=2.400243 state_vel=(-0.2025,0.1439)
[trajectory_generator_node-7] [Reference] banded solve done. b[0]=-0.008702 b[N]=-0.291793 b2[0]=-0.009592 b2[N]=-0.157089
[trajectory_generator_node-7] [Reference] solvePolyMatrix EXIT: polyX[0]=[0.000715 -0.004351 -0.202472 -2.953120]
[trajectory_generator_node-7] [INFO] [1790456608.437466536] [trajectory_generation]: FSM published 16 trajectory pieces
[hdl_localization_node-16] [INFO] [1790456608.481206300] [sim_ndt]: scan points: raw=1322 downsampled=1020 (leaf=0.05 m)
[hdl_localization_node-16] [INFO] [1790456608.509647248] [sim_ndt]: Metrics -> Error: 0.00404574 (RMSE ~0.0636061 m) | Time: 18 ms | CovTrace: 0.555141 | Converged: True
[hdl_localization_node-16] [INFO] [1790456608.652459741] [sim_ndt]: scan points: raw=1323 downsampled=1077 (leaf=0.05 m)
[hdl_localization_node-16] [INFO] [1790456608.675708981] [sim_ndt]: Metrics -> Error: 0.00414754 (RMSE ~0.0644014 m) | Time: 16 ms | CovTrace: 0.555142 | Converged: True
[hdl_localization_node-16] [INFO] [1790456608.887152755] [sim_ndt]: scan points: raw=1321 downsampled=1070 (leaf=0.05 m)
[hdl_localization_node-16] [INFO] [1790456608.900235398] [sim_ndt]: Metrics -> Error: 0.0046098 (RMSE ~0.0678955 m) | Time: 8 ms | CovTrace: 0.555143 | Converged: True
[hdl_localization_node-16] [INFO] [1790456609.091353597] [sim_ndt]: scan points: raw=1321 downsampled=1066 (leaf=0.05 m)
[hdl_localization_node-16] [INFO] [1790456609.114918033] [sim_ndt]: Metrics -> Error: 0.00468478 (RMSE ~0.0684454 m) | Time: 12 ms | CovTrace: 0.555144 | Converged: True
[hdl_localization_node-16] [INFO] [1790456609.351178575] [sim_ndt]: scan points: raw=1322 downsampled=1055 (leaf=0.05 m)
[hdl_localization_node-16] [INFO] [1790456609.371804361] [sim_ndt]: Metrics -> Error: 0.00491671 (RMSE ~0.0701192 m) | Time: 4 ms | CovTrace: 0.555146 | Converged: True
[hdl_localization_node-16] [INFO] [1790456609.587648018] [sim_ndt]: scan points: raw=1322 downsampled=1072 (leaf=0.05 m)
[hdl_localization_node-16] [INFO] [1790456609.601976547] [sim_ndt]: Metrics -> Error: 0.0053336 (RMSE ~0.0730315 m) | Time: 12 ms | CovTrace: 0.555147 | Converged: True
[hdl_localization_node-16] [INFO] [1790456609.807994888] [sim_ndt]: scan points: raw=1322 downsampled=1079 (leaf=0.05 m)
[hdl_localization_node-16] [INFO] [1790456609.860074418] [sim_ndt]: Metrics -> Error: 0.00567724 (RMSE ~0.0753474 m) | Time: 28 ms | CovTrace: 0.555148 | Converged: True
[hdl_localization_node-16] [INFO] [1790456610.069683536] [sim_ndt]: scan points: raw=1322 downsampled=1051 (leaf=0.05 m)
[hdl_localization_node-16] [INFO] [1790456610.087386704] [sim_ndt]: Metrics -> Error: 0.00550322 (RMSE ~0.0741837 m) | Time: 0 ms | CovTrace: 0.555149 | Converged: True
[hdl_localization_node-16] [INFO] [1790456610.311973481] [sim_ndt]: scan points: raw=1320 downsampled=1039 (leaf=0.05 m)
[hdl_localization_node-16] [INFO] [1790456610.333078139] [sim_ndt]: Metrics -> Error: 0.00528812 (RMSE ~0.0727195 m) | Time: 22 ms | CovTrace: 0.55515 | Converged: True
[hdl_localization_node-16] [INFO] [1790456610.532202465] [sim_ndt]: scan points: raw=1320 downsampled=1019 (leaf=0.05 m)
[hdl_localization_node-16] [INFO] [1790456610.575172263] [sim_ndt]: Metrics -> Error: 0.00545231 (RMSE ~0.0738398 m) | Time: 28 ms | CovTrace: 0.555152 | Converged: True
[hdl_localization_node-16] [INFO] [1790456610.836202459] [sim_ndt]: scan points: raw=1321 downsampled=1081 (leaf=0.05 m)
[hdl_localization_node-16] [INFO] [1790456610.853737794] [sim_ndt]: Metrics -> Error: 0.00552803 (RMSE ~0.0743507 m) | Time: 2 ms | CovTrace: 0.555153 | Converged: True
[hdl_localization_node-16] [INFO] [1790456611.088469858] [sim_ndt]: scan points: raw=1320 downsampled=1078 (leaf=0.05 m)
[hdl_localization_node-16] [INFO] [1790456611.106366900] [sim_ndt]: Metrics -> Error: 0.00545706 (RMSE ~0.0738719 m) | Time: 16 ms | CovTrace: 0.555154 | Converged: True
[hdl_localization_node-16] [INFO] [1790456611.320012689] [sim_ndt]: scan points: raw=1321 downsampled=1065 (leaf=0.05 m)
[hdl_localization_node-16] [INFO] [1790456611.331075675] [sim_ndt]: Metrics -> Error: 0.0051313 (RMSE ~0.0716331 m) | Time: 6 ms | CovTrace: 0.555155 | Converged: True
[hdl_localization_node-16] [INFO] [1790456611.558176101] [sim_ndt]: scan points: raw=1321 downsampled=1078 (leaf=0.05 m)
[hdl_localization_node-16] [INFO] [1790456611.578035924] [sim_ndt]: Metrics -> Error: 0.00489811 (RMSE ~0.0699865 m) | Time: 8 ms | CovTrace: 0.555156 | Converged: True
[hdl_localization_node-16] [INFO] [1790456611.784644345] [sim_ndt]: scan points: raw=1320 downsampled=1042 (leaf=0.05 m)
[hdl_localization_node-16] [INFO] [1790456611.804820217] [sim_ndt]: Metrics -> Error: 0.00427902 (RMSE ~0.0654142 m) | Time: 8 ms | CovTrace: 0.555157 | Converged: True
[hdl_localization_node-16] [INFO] [1790456612.034337092] [sim_ndt]: scan points: raw=1323 downsampled=1064 (leaf=0.05 m)
[hdl_localization_node-16] [INFO] [1790456612.063575440] [sim_ndt]: Metrics -> Error: 0.00431853 (RMSE ~0.0657155 m) | Time: 20 ms | CovTrace: 0.555159 | Converged: True
[hdl_localization_node-16] [INFO] [1790456612.270611113] [sim_ndt]: scan points: raw=1322 downsampled=1045 (leaf=0.05 m)
[hdl_localization_node-16] [INFO] [1790456612.303794415] [sim_ndt]: Metrics -> Error: 0.0042078 (RMSE ~0.0648676 m) | Time: 14 ms | CovTrace: 0.55516 | Converged: True
[hdl_localization_node-16] [INFO] [1790456612.479732467] [sim_ndt]: scan points: raw=1323 downsampled=1090 (leaf=0.05 m)
[hdl_localization_node-16] [INFO] [1790456612.500677918] [sim_ndt]: Metrics -> Error: 0.00415629 (RMSE ~0.0644693 m) | Time: 14 ms | CovTrace: 0.555161 | Converged: True
[hdl_localization_node-16] [INFO] [1790456612.718798555] [sim_ndt]: scan points: raw=1323 downsampled=1062 (leaf=0.05 m)
[hdl_localization_node-16] [INFO] [1790456612.741452936] [sim_ndt]: Metrics -> Error: 0.00387095 (RMSE ~0.0622169 m) | Time: 18 ms | CovTrace: 0.555162 | Converged: True
[hdl_localization_node-16] [INFO] [1790456612.968777658] [sim_ndt]: scan points: raw=1320 downsampled=1083 (leaf=0.05 m)
[hdl_localization_node-16] [INFO] [1790456612.990482862] [sim_ndt]: Metrics -> Error: 0.00371449 (RMSE ~0.0609466 m) | Time: 16 ms | CovTrace: 0.555163 | Converged: True
[hdl_localization_node-16] [INFO] [1790456613.231511734] [sim_ndt]: scan points: raw=1323 downsampled=1074 (leaf=0.05 m)
[hdl_localization_node-16] [INFO] [1790456613.249679453] [sim_ndt]: Metrics -> Error: 0.00367783 (RMSE ~0.0606451 m) | Time: 6 ms | CovTrace: 0.555165 | Converged: True
[hdl_localization_node-16] [INFO] [1790456613.530385659] [sim_ndt]: scan points: raw=1323 downsampled=1064 (leaf=0.05 m)
[hdl_localization_node-16] [INFO] [1790456613.551099003] [sim_ndt]: Metrics -> Error: 0.00385244 (RMSE ~0.062068 m) | Time: 12 ms | CovTrace: 0.555166 | Converged: True
[hdl_localization_node-16] [WARN] [1790456613.560527366] [sim_ndt]: Point-LIO odometry unavailable or stale for /localization/odometry twist; publishing zero twist
[hdl_localization_node-16] [INFO] [1790456613.776827282] [sim_ndt]: scan points: raw=1321 downsampled=1086 (leaf=0.05 m)
[hdl_localization_node-16] [INFO] [1790456613.788921467] [sim_ndt]: Metrics -> Error: 0.00375469 (RMSE ~0.0612756 m) | Time: 6 ms | CovTrace: 0.555167 | Converged: True
[hdl_localization_node-16] [INFO] [1790456614.018685533] [sim_ndt]: scan points: raw=1320 downsampled=1081 (leaf=0.05 m)
[hdl_localization_node-16] [INFO] [1790456614.044593520] [sim_ndt]: Metrics -> Error: 0.0037853 (RMSE ~0.0615248 m) | Time: 8 ms | CovTrace: 0.555168 | Converged: True
[hdl_localization_node-16] [INFO] [1790456614.270948278] [sim_ndt]: scan points: raw=1320 downsampled=1087 (leaf=0.05 m)
[hdl_localization_node-16] [INFO] [1790456614.292110073] [sim_ndt]: Metrics -> Error: 0.00383613 (RMSE ~0.0619365 m) | Time: 4 ms | CovTrace: 0.55517 | Converged: True
[hdl_localization_node-16] [INFO] [1790456614.479311774] [sim_ndt]: scan points: raw=1318 downsampled=1106 (leaf=0.05 m)
[hdl_localization_node-16] [INFO] [1790456614.502043046] [sim_ndt]: Metrics -> Error: 0.00387046 (RMSE ~0.062213 m) | Time: 18 ms | CovTrace: 0.555171 | Converged: True
[hdl_localization_node-16] [INFO] [1790456614.730846002] [sim_ndt]: scan points: raw=1318 downsampled=1076 (leaf=0.05 m)
[hdl_localization_node-16] [INFO] [1790456614.737793829] [sim_ndt]: Metrics -> Error: 0.00385079 (RMSE ~0.0620547 m) | Time: 0 ms | CovTrace: 0.555172 | Converged: True
[trajectory_tracking_node-9] [WARN] [1790456614.774022308] [trajectory_tracking]: RM_GridMap predicted-path replan requested: collision_samples=0 trajectory_age=5.23
[trajectory_generator_node-7] [Manager REPLAN]  cur position point (X, Y) = (-3.961580, -2.323053), target point (X, Y) = (-3.219000, 2.146000)
[trajectory_generator_node-7] [Manager REPLAN] target_temp (X, Y) = (-3.219000, 2.146000)
[trajectory_generator_node-7] [Manager REPLAN] robot 1.22m from path, full replan
[trajectory_generator_node-7] [Manager] start point, (x, y): (-3.96, -2.32)
[trajectory_generator_node-7] [Manager] receive target, (x, y): (-3.22, 2.15)
[hdl_localization_node-16] [INFO] [1790456614.956623412] [sim_ndt]: scan points: raw=1320 downsampled=1042 (leaf=0.05 m)
[hdl_localization_node-16] [INFO] [1790456614.975026934] [sim_ndt]: Metrics -> Error: 0.00411529 (RMSE ~0.0641506 m) | Time: 8 ms | CovTrace: 0.555173 | Converged: True
[trajectory_generator_node-7] [Topo]: m_graph before num: 1605
[hdl_localization_node-16] [INFO] [1790456615.231866327] [sim_ndt]: scan points: raw=1318 downsampled=1050 (leaf=0.05 m)
[hdl_localization_node-16] [INFO] [1790456615.253350212] [sim_ndt]: Metrics -> Error: 0.00379564 (RMSE ~0.0616087 m) | Time: 6 ms | CovTrace: 0.555174 | Converged: True
[hdl_localization_node-16] [INFO] [1790456615.455970077] [sim_ndt]: scan points: raw=1320 downsampled=1012 (leaf=0.05 m)
[hdl_localization_node-16] [INFO] [1790456615.475083537] [sim_ndt]: Metrics -> Error: 0.00392363 (RMSE ~0.0626389 m) | Time: 10 ms | CovTrace: 0.555176 | Converged: True
[trajectory_generator_node-7] [Topo]: dijkstra time: 0.026461
[trajectory_generator_node-7] [Topo]: topo search time: 0.884556
[trajectory_generator_node-7] [Topo]: m_graph num: 2580
[trajectory_generator_node-7] [DIAG] origin_path (Dijkstra) size: 4
[trajectory_generator_node-7] [DIAG]   origin[0]: (-3.962, -2.323, 0.015)
[trajectory_generator_node-7] [DIAG]   origin[1]: (-5.969, -0.704, 0.015)
[trajectory_generator_node-7] [DIAG]   origin[2]: (-5.769, -0.054, 0.015)
[trajectory_generator_node-7] [DIAG]   origin[3]: (-3.219, 2.146, 0.015)
[trajectory_generator_node-7] [DIAG] lineVisib(start→end DIRECT): false  colli=(-3.72,-1.00)
[trajectory_generator_node-7] [DIAG] direct line: 90 steps, 56 wall cells
[trajectory_generator_node-7] [smoothTopoPath] INPUT size=4
[trajectory_generator_node-7] [smoothTopoPath]   in[0]: (-3.962, -2.323, 0.015)
[trajectory_generator_node-7] [smoothTopoPath]   in[1]: (-5.969, -0.704, 0.015)
[trajectory_generator_node-7] [smoothTopoPath]   in[2]: (-5.769, -0.054, 0.015)
[trajectory_generator_node-7] [smoothTopoPath]   in[3]: (-3.219, 2.146, 0.015)
[trajectory_generator_node-7] [smoothTopoPath] lineVisib(start→end): false  colli=(-3.72,-1.00)
[trajectory_generator_node-7] [smoothTopoPath] OUTPUT size=4, iter_count=3
[trajectory_generator_node-7] [smoothTopoPath]   out[0]: (-3.962, -2.323, 0.015)
[trajectory_generator_node-7] [smoothTopoPath]   out[1]: (-6.147, -0.886, 0.015)
[trajectory_generator_node-7] [smoothTopoPath]   out[2]: (-6.153, -0.311, 0.015)
[trajectory_generator_node-7] [smoothTopoPath]   out[3]: (-3.219, 2.146, 0.015)
[trajectory_generator_node-7] [DIAG] optimized_path (smoothTopoPath) size: 4
[trajectory_generator_node-7] [DIAG]   opt[0]: (-3.962, -2.323, 0.015)
[trajectory_generator_node-7] [DIAG]   opt[1]: (-6.147, -0.886, 0.015)
[trajectory_generator_node-7] [DIAG]   opt[2]: (-6.153, -0.311, 0.015)
[trajectory_generator_node-7] [DIAG]   opt[3]: (-3.219, 2.146, 0.015)
[trajectory_generator_node-7] optimized_path size: 4
[trajectory_generator_node-7] [Manager] reference_speed: (0.25)
[trajectory_generator_node-7] [LBFGS] search direction d:  6.92904e-05 -2.91445e-05  1.29775e-05 -5.24043e-06  1.26689e-06  1.45474e-06 -5.03809e-06   1.4629e-05 -1.93946e-05  0.000166004 -2.43778e-05   6.3358e-06  0.000355629   0.00117884  0.000148474 -6.96099e-05  3.03284e-05 -1.37983e-05  1.26408e-05 -2.35071e-05  4.70299e-05 -4.73569e-05 -5.01142e-05  2.08489e-05 -8.97161e-06  3.25393e-06 -5.09191e-07 -5.37705e-07  3.38391e-07  1.38019e-05 -3.72778e-05  -7.1158e-05 -4.30267e-05 -8.07198e-06  0.000472407  0.000156862 -4.42774e-05 -2.04484e-05  1.33931e-05 -9.38239e-06  1.05713e-05 -1.72026e-05  5.09949e-06 -3.50988e-05 -0.000394961    0.0002137   -6.661e-05  2.53991e-05  -7.8138e-06 -4.82332e-07  9.63277e-06 -3.08724e-05  4.41504e-05   0.00025416 -0.000185847  0.000721382 -0.000202923  0.000399153 -8.73603e-05  6.30267e-05 -8.58617e-06 -7.95978e-06  2.11288e-05 -5.33425e-05  0.000157169 -0.000216633    0.0013279
[trajectory_generator_node-7] [Smooth Optimize] MINCO reaches max evaluations: Line search reaches the maximum try number, assumptions not satisfied or precision not achievable.
[trajectory_generator_node-7] [Smooth Optimize] MINCO: cost=2.6 total_T=27.884(init 27.850) max_drift=0.133 max_vel=0.4 segs=23
[trajectory_generator_node-7] [Smooth Resample] resample
[trajectory_generator_node-7] [Smooth Resample] 24 -> 13 waypoints, 12 time segs, max_turn=45.0 deg
[trajectory_generator_node-7] [Manager] optimizer generate time: 0.006692
[trajectory_generator_node-7] [Reference] path size : 13
[trajectory_generator_node-7] [Reference] solvePolyMatrix ENTER: N=12, path_size=13, trap_time_size=12
[trajectory_generator_node-7] [Reference]   path[0]=(-3.9616,-2.3231) path[1]=(-4.4614,-1.9945) t[0]=2.398142 state_vel=(-0.2879,0.1955)
[trajectory_generator_node-7] [Reference] banded solve done. b[0]=0.115842 b[N]=-0.421608 b2[0]=-0.084355 b2[N]=-0.266408
[trajectory_generator_node-7] [Reference] solvePolyMatrix EXIT: polyX[0]=[-0.010340 0.057921 -0.287871 -3.961580]
[trajectory_generator_node-7] [Reference] solvePolyMatrix ENTER: N=12, path_size=13, trap_time_size=12
[trajectory_generator_node-7] [Reference]   path[0]=(-3.9616,-2.3231) path[1]=(-4.4614,-1.9945) t[0]=2.398142 state_vel=(-0.2879,0.1955)
[trajectory_generator_node-7] [Reference] banded solve done. b[0]=0.115842 b[N]=-0.350690 b2[0]=-0.084355 b2[N]=-0.221780
[trajectory_generator_node-7] [Reference] solvePolyMatrix EXIT: polyX[0]=[-0.010340 0.057921 -0.287871 -3.961580]
[trajectory_generator_node-7] [Reference] solvePolyMatrix ENTER: N=12, path_size=13, trap_time_size=12
[trajectory_generator_node-7] [Reference]   path[0]=(-3.9616,-2.3231) path[1]=(-4.4614,-1.9945) t[0]=2.398142 state_vel=(-0.2879,0.1955)
[trajectory_generator_node-7] [Reference] banded solve done. b[0]=0.115842 b[N]=-0.292014 b2[0]=-0.084355 b2[N]=-0.184882
[trajectory_generator_node-7] [Reference] solvePolyMatrix EXIT: polyX[0]=[-0.010340 0.057921 -0.287871 -3.961580]
[trajectory_generator_node-7] [INFO] [1790456615.691683023] [trajectory_generation]: FSM published 12 trajectory pieces
[hdl_localization_node-16] [INFO] [1790456615.728990641] [sim_ndt]: scan points: raw=1320 downsampled=1063 (leaf=0.05 m)
[hdl_localization_node-16] [INFO] [1790456615.744799131] [sim_ndt]: Metrics -> Error: 0.0039643 (RMSE ~0.0629627 m) | Time: 8 ms | CovTrace: 0.555177 | Converged: True
[hdl_localization_node-16] [INFO] [1790456615.934593750] [sim_ndt]: scan points: raw=1316 downsampled=1072 (leaf=0.05 m)
[hdl_localization_node-16] [INFO] [1790456615.951421260] [sim_ndt]: Metrics -> Error: 0.00397177 (RMSE ~0.063022 m) | Time: 4 ms | CovTrace: 0.555178 | Converged: True
[hdl_localization_node-16] [INFO] [1790456616.198783575] [sim_ndt]: scan points: raw=1318 downsampled=1022 (leaf=0.05 m)
[hdl_localization_node-16] [INFO] [1790456616.233644324] [sim_ndt]: Metrics -> Error: 0.00505322 (RMSE ~0.071086 m) | Time: 24 ms | CovTrace: 0.555179 | Converged: True
[hdl_localization_node-16] [INFO] [1790456616.419350821] [sim_ndt]: scan points: raw=1319 downsampled=1111 (leaf=0.05 m)
[hdl_localization_node-16] [INFO] [1790456616.464286926] [sim_ndt]: Metrics -> Error: 0.00533697 (RMSE ~0.0730546 m) | Time: 12 ms | CovTrace: 0.55518 | Converged: True
[hdl_localization_node-16] [INFO] [1790456616.716504355] [sim_ndt]: scan points: raw=1317 downsampled=1064 (leaf=0.05 m)
[hdl_localization_node-16] [INFO] [1790456616.744532362] [sim_ndt]: Metrics -> Error: 0.00718823 (RMSE ~0.0847834 m) | Time: 18 ms | CovTrace: 0.555182 | Converged: True
[hdl_localization_node-16] [INFO] [1790456616.904814742] [sim_ndt]: scan points: raw=1319 downsampled=1025 (leaf=0.05 m)
[hdl_localization_node-16] [INFO] [1790456616.918128827] [sim_ndt]: Metrics -> Error: 0.00838024 (RMSE ~0.0915437 m) | Time: 2 ms | CovTrace: 0.555183 | Converged: True
[hdl_localization_node-16] [INFO] [1790456617.155459659] [sim_ndt]: scan points: raw=1319 downsampled=1085 (leaf=0.05 m)
[hdl_localization_node-16] [INFO] [1790456617.172134667] [sim_ndt]: Metrics -> Error: 0.00881722 (RMSE ~0.0939 m) | Time: 0 ms | CovTrace: 0.555184 | Converged: True
[hdl_localization_node-16] [INFO] [1790456617.369939766] [sim_ndt]: scan points: raw=1320 downsampled=1076 (leaf=0.05 m)
[hdl_localization_node-16] [INFO] [1790456617.394341369] [sim_ndt]: Metrics -> Error: 0.00978696 (RMSE ~0.0989291 m) | Time: 12 ms | CovTrace: 0.555185 | Converged: True
[hdl_localization_node-16] [INFO] [1790456617.640683480] [sim_ndt]: scan points: raw=1320 downsampled=1015 (leaf=0.05 m)
[hdl_localization_node-16] [INFO] [1790456617.686407068] [sim_ndt]: Metrics -> Error: 0.0119262 (RMSE ~0.109207 m) | Time: 22 ms | CovTrace: 0.555186 | Converged: True
[hdl_localization_node-16] [INFO] [1790456617.892151277] [sim_ndt]: scan points: raw=1318 downsampled=1014 (leaf=0.05 m)
[hdl_localization_node-16] [INFO] [1790456617.904480156] [sim_ndt]: Metrics -> Error: 0.0134973 (RMSE ~0.116178 m) | Time: 4 ms | CovTrace: 0.555188 | Converged: True
[trajectory_generator_node-7] [A Star] find collision pos: -5.314800 0.390740
[trajectory_generator_node-7] [A Star] find start pos: -6.153120 -0.311365
[trajectory_generator_node-7] [Manager REPLAN]  cur position point (X, Y) = (-4.653554, -1.882595), target point (X, Y) = (-3.219000, 2.146000)
[trajectory_generator_node-7] [Manager REPLAN] target_temp (X, Y) = (-3.219000, 2.146000)
[trajectory_generator_node-7] [A Star] find collision pos: -5.314800 0.390740
[trajectory_generator_node-7] [A Star] find start pos: -6.153120 -0.311365
[trajectory_generator_node-7] [Manager REPLAN] start local planning
[hdl_localization_node-16] [INFO] [1790456618.135585815] [sim_ndt]: scan points: raw=1318 downsampled=1049 (leaf=0.05 m)
[hdl_localization_node-16] [INFO] [1790456618.189366134] [sim_ndt]: Metrics -> Error: 0.0160654 (RMSE ~0.126749 m) | Time: 8 ms | CovTrace: 0.555189 | Converged: True
[trajectory_generator_node-7] [Topo Local]: complete sample
[trajectory_generator_node-7] [Topo Search] No Path, No point connect to end point
[trajectory_generator_node-7] [Topo Local]: sample time: 0.440421
[trajectory_generator_node-7] [Manager Local] Invalid target point，global planning failed
[trajectory_generator_node-7] [Manager REPLAN] local plan fail need global planning replan
[trajectory_generator_node-7] [Manager] start point, (x, y): (-4.65, -1.88)
[trajectory_generator_node-7] [Manager] receive target, (x, y): (-3.22, 2.15)
[hdl_localization_node-16] [INFO] [1790456618.488368464] [sim_ndt]: scan points: raw=1318 downsampled=1049 (leaf=0.05 m)
[hdl_localization_node-16] [INFO] [1790456618.511463022] [sim_ndt]: Metrics -> Error: 0.0190965 (RMSE ~0.13819 m) | Time: 14 ms | CovTrace: 0.55519 | Converged: True
[trajectory_generator_node-7] [Topo]: m_graph before num: 1605
[hdl_localization_node-16] [INFO] [1790456618.691573155] [sim_ndt]: scan points: raw=1318 downsampled=1051 (leaf=0.05 m)
[hdl_localization_node-16] [INFO] [1790456618.718813737] [sim_ndt]: Metrics -> Error: 0.0217066 (RMSE ~0.147332 m) | Time: 10 ms | CovTrace: 0.555191 | Converged: True
[hdl_localization_node-16] [INFO] [1790456618.965640871] [sim_ndt]: scan points: raw=1318 downsampled=1049 (leaf=0.05 m)
[hdl_localization_node-16] [INFO] [1790456619.108844336] [sim_ndt]: Metrics -> Error: 0.0265778 (RMSE ~0.163027 m) | Time: 100 ms | CovTrace: 0.555192 | Converged: True
[hdl_localization_node-16] [INFO] [1790456619.218176745] [sim_ndt]: scan points: raw=1317 downsampled=1058 (leaf=0.05 m)
[trajectory_tracking_node-9] [WARN] [1790456619.249268919] [trajectory_tracking]: trajectory tracking stopped: invalid coefficient array length
[hdl_localization_node-16] [INFO] [1790456619.362220052] [sim_ndt]: Metrics -> Error: 0.036027 (RMSE ~0.189808 m) | Time: 70 ms | CovTrace: 0.555193 | Converged: True
[cloud_adapter.py-5] [WARN] [1790456619.466943036] [sentry_cloud_adapter]: Dropped lidar frame: no TF at measurement time
[hdl_localization_node-16] [INFO] [1790456619.534685056] [sim_ndt]: scan points: raw=1317 downsampled=1085 (leaf=0.05 m)
[hdl_localization_node-16] [INFO] [1790456619.608676580] [sim_ndt]: Metrics -> Error: 0.0418574 (RMSE ~0.204591 m) | Time: 62 ms | CovTrace: 0.555195 | Converged: True
[trajectory_generator_node-7] [Topo Search] No Path, No point connect to end point
[trajectory_generator_node-7] [Topo] End node is unreachable and no visible reachable guard found
[trajectory_generator_node-7] [Topo]: dijkstra time: 0.045829
[trajectory_generator_node-7] [Topo]: topo search time: 1.273206
[trajectory_generator_node-7] [Topo]: m_graph num: 2519
[trajectory_generator_node-7] [Manager PLANNING] Invalid target point，global planning failed
[trajectory_generator_node-7] [ERROR] [1790456619.656206347] [trajectory_generation]: FSM replanning failed; retrying global planning
[trajectory_generator_node-7] [Manager] start point, (x, y): (-4.72, -1.85)
[trajectory_generator_node-7] [Manager] receive target, (x, y): (-3.22, 2.15)
[hdl_localization_node-16] [INFO] [1790456619.753006511] [sim_ndt]: scan points: raw=1317 downsampled=1086 (leaf=0.05 m)
[hdl_localization_node-16] [INFO] [1790456619.890921185] [sim_ndt]: Metrics -> Error: 0.0876196 (RMSE ~0.296006 m) | Time: 100 ms | CovTrace: 0.555196 | Converged: True
[hdl_localization_node-16] [WARN] [1790456619.894864636] [sim_ndt]: Point-LIO odometry unavailable or stale for /localization/odometry twist; publishing zero twist
[hdl_localization_node-16] [INFO] [1790456620.012537064] [sim_ndt]: scan points: raw=1317 downsampled=1086 (leaf=0.05 m)
[hdl_localization_node-16] [INFO] [1790456620.155840796] [sim_ndt]: Metrics -> Error: 0.371799 (RMSE ~0.609753 m) | Time: 120 ms | CovTrace: 0.555197 | Converged: True
[trajectory_generator_node-7] [Topo]: m_graph before num: 1605
[hdl_localization_node-16] [INFO] [1790456620.236472401] [sim_ndt]: scan points: raw=1317 downsampled=1086 (leaf=0.05 m)
[hdl_localization_node-16] [INFO] [1790456620.344657170] [sim_ndt]: Metrics -> Error: 0.319637 (RMSE ~0.565365 m) | Time: 82 ms | CovTrace: 0.555199 | Converged: True
[hdl_localization_node-16] [INFO] [1790456620.488973731] [sim_ndt]: scan points: raw=1317 downsampled=1086 (leaf=0.05 m)
[hdl_localization_node-16] [INFO] [1790456620.587003657] [sim_ndt]: Metrics -> Error: 0.370324 (RMSE ~0.608542 m) | Time: 62 ms | CovTrace: 0.5552 | Converged: True
[hdl_localization_node-16] [INFO] [1790456620.714233963] [sim_ndt]: scan points: raw=1317 downsampled=1086 (leaf=0.05 m)
[hdl_localization_node-16] [INFO] [1790456620.770009275] [sim_ndt]: Metrics -> Error: 1.01929 (RMSE ~1.0096 m) | Time: 38 ms | CovTrace: 0.555201 | Converged: True
[hdl_localization_node-16] [INFO] [1790456621.004308817] [sim_ndt]: scan points: raw=1317 downsampled=1086 (leaf=0.05 m)
[trajectory_generator_node-7] [Topo Search] No Path, No point connect to end point
[hdl_localization_node-16] [INFO] [1790456621.041850412] [sim_ndt]: Metrics -> Error: 7.00957 (RMSE ~2.64756 m) | Time: 26 ms | CovTrace: 0.555203 | Converged: True
[trajectory_generator_node-7] [Topo] End node is unreachable and no visible reachable guard found
[trajectory_generator_node-7] [Topo]: dijkstra time: 0.046598
[trajectory_generator_node-7] [Topo]: topo search time: 1.388838
[trajectory_generator_node-7] [Topo]: m_graph num: 2504
[trajectory_generator_node-7] [Manager PLANNING] Invalid target point，global planning failed
[trajectory_generator_node-7] [ERROR] [1790456621.048000155] [trajectory_generation]: FSM global planning failed
[trajectory_generator_node-7] [WARN] [1790456621.165890350] [trajectory_generation]: discarded dynamic cloud without map <- base_link TF: Lookup would require extrapolation into the future.  Requested time 25.600000 but the latest data is at time 24.600000, when looking up transform from frame [base_link] to frame [map]
[trajectory_generator_node-7] [Manager] start point, (x, y): (-4.77, -1.80)
[trajectory_generator_node-7] [Manager] receive target, (x, y): (-3.22, 2.15)
[hdl_localization_node-16] [INFO] [1790456621.232222616] [sim_ndt]: scan points: raw=1317 downsampled=1086 (leaf=0.05 m)
[hdl_localization_node-16] [INFO] [1790456621.315500283] [sim_ndt]: Metrics -> Error: 19.7469 (RMSE ~4.44374 m) | Time: 78 ms | CovTrace: 0.555204 | Converged: True
[hdl_localization_node-16] [INFO] [1790456621.481498925] [sim_ndt]: scan points: raw=1317 downsampled=1086 (leaf=0.05 m)
[hdl_localization_node-16] [INFO] [1790456621.490672985] [sim_ndt]: Metrics -> Error: 39.0898 (RMSE ~6.25218 m) | Time: 0 ms | CovTrace: 0.555206 | Converged: True
[cloud_adapter.py-5] [WARN] [1790456621.506047128] [sentry_cloud_adapter]: Dropped lidar frame: no TF at measurement time
[trajectory_generator_node-7] [Topo]: m_graph before num: 1605
[hdl_localization_node-16] [INFO] [1790456621.709009707] [sim_ndt]: scan points: raw=1317 downsampled=1086 (leaf=0.05 m)
[hdl_localization_node-16] [INFO] [1790456621.733778253] [sim_ndt]: Metrics -> Error: 66.8578 (RMSE ~8.17666 m) | Time: 0 ms | CovTrace: 0.555207 | Converged: True
[hdl_localization_node-16] [INFO] [1790456621.919475889] [sim_ndt]: scan points: raw=1317 downsampled=1086 (leaf=0.05 m)
[hdl_localization_node-16] [INFO] [1790456621.922221935] [sim_ndt]: Metrics -> Error: 103.17 (RMSE ~10.1573 m) | Time: 0 ms | CovTrace: 0.555208 | Converged: True
[hdl_localization_node-16] [INFO] [1790456622.186845372] [sim_ndt]: scan points: raw=1317 downsampled=1086 (leaf=0.05 m)
[hdl_localization_node-16] [INFO] [1790456622.203776464] [sim_ndt]: Metrics -> Error: 148.176 (RMSE ~12.1728 m) | Time: 0 ms | CovTrace: 0.555209 | Converged: True
[trajectory_generator_node-7] [Topo Search] No Path, No point connect to end point
[trajectory_generator_node-7] [Topo] End node is unreachable and no visible reachable guard found
[trajectory_generator_node-7] [Topo]: dijkstra time: 0.064128
[trajectory_generator_node-7] [Topo]: topo search time: 1.130943
[trajectory_generator_node-7] [Topo]: m_graph num: 2534
[trajectory_generator_node-7] [Manager PLANNING] Invalid target point，global planning failed
[trajectory_generator_node-7] [ERROR] [1790456622.301582960] [trajectory_generation]: FSM global planning failed
[hdl_localization_node-16] [INFO] [1790456622.433301608] [sim_ndt]: scan points: raw=1317 downsampled=1086 (leaf=0.05 m)
[hdl_localization_node-16] [INFO] [1790456622.447755197] [sim_ndt]: Metrics -> Error: 201.924 (RMSE ~14.21 m) | Time: 2 ms | CovTrace: 0.555211 | Converged: True
[trajectory_generator_node-7] [Manager] start point, (x, y): (-4.82, -1.75)
[trajectory_generator_node-7] [Manager] receive target, (x, y): (-3.22, 2.15)
[hdl_localization_node-16] [INFO] [1790456622.710795570] [sim_ndt]: scan points: raw=1317 downsampled=1086 (leaf=0.05 m)
[hdl_localization_node-16] [INFO] [1790456622.729770190] [sim_ndt]: Metrics -> Error: 264.438 (RMSE ~16.2616 m) | Time: 6 ms | CovTrace: 0.555212 | Converged: True
[trajectory_generator_node-7] [Topo]: m_graph before num: 1605
[hdl_localization_node-16] [INFO] [1790456622.900036767] [sim_ndt]: scan points: raw=1317 downsampled=1086 (leaf=0.05 m)
[hdl_localization_node-16] [INFO] [1790456622.915522775] [sim_ndt]: Metrics -> Error: 335.72 (RMSE ~18.3227 m) | Time: 4 ms | CovTrace: 0.555213 | Converged: True
[hdl_localization_node-16] [INFO] [1790456623.107984325] [sim_ndt]: scan points: raw=1317 downsampled=1086 (leaf=0.05 m)
[hdl_localization_node-16] [INFO] [1790456623.124376158] [sim_ndt]: Metrics -> Error: 415.768 (RMSE ~20.3904 m) | Time: 0 ms | CovTrace: 0.555214 | Converged: True
[hdl_localization_node-16] [INFO] [1790456623.513815215] [sim_ndt]: scan points: raw=1317 downsampled=1086 (leaf=0.05 m)
[hdl_localization_node-16] [INFO] [1790456623.555382983] [sim_ndt]: Metrics -> Error: 504.585 (RMSE ~22.463 m) | Time: 2 ms | CovTrace: 0.555215 | Converged: True
[cloud_adapter.py-5] [WARN] [1790456623.631717099] [sentry_cloud_adapter]: Dropped lidar frame: no TF at measurement time
[hdl_localization_node-16] [INFO] [1790456623.723567088] [sim_ndt]: scan points: raw=1317 downsampled=1086 (leaf=0.05 m)
[hdl_localization_node-16] [INFO] [1790456623.740095715] [sim_ndt]: Metrics -> Error: 602.169 (RMSE ~24.5391 m) | Time: 8 ms | CovTrace: 0.555217 | Converged: True
[hdl_localization_node-16] [INFO] [1790456623.963738254] [sim_ndt]: scan points: raw=1317 downsampled=1086 (leaf=0.05 m)
[hdl_localization_node-16] [INFO] [1790456623.974295164] [sim_ndt]: Metrics -> Error: 708.519 (RMSE ~26.618 m) | Time: 2 ms | CovTrace: 0.555218 | Converged: True
[trajectory_generator_node-7] [Topo]: dijkstra time: 0.051802
[trajectory_generator_node-7] [Topo]: topo search time: 1.566566
[trajectory_generator_node-7] [Topo]: m_graph num: 2512
[trajectory_generator_node-7] [DIAG] origin_path (Dijkstra) size: 6
[trajectory_generator_node-7] [DIAG]   origin[0]: (-4.819, -1.754, 0.015)
[trajectory_generator_node-7] [DIAG]   origin[1]: (-3.819, -1.754, 0.015)
[trajectory_generator_node-7] [DIAG]   origin[2]: (-6.269, -0.554, 0.015)
[trajectory_generator_node-7] [DIAG]   origin[3]: (-5.643, 1.328, 0.015)
[trajectory_generator_node-7] [DIAG]   origin[4]: (-5.169, 0.396, 0.015)
[trajectory_generator_node-7] [DIAG]   origin[5]: (-3.219, 2.146, 0.015)
[trajectory_generator_node-7] [DIAG] lineVisib(start→end DIRECT): false  colli=(-4.37,-0.70)
[trajectory_generator_node-7] [DIAG] direct line: 84 steps, 47 wall cells
[trajectory_generator_node-7] [smoothTopoPath] INPUT size=6
[trajectory_generator_node-7] [smoothTopoPath]   in[0]: (-4.819, -1.754, 0.015)
[trajectory_generator_node-7] [smoothTopoPath]   in[1]: (-3.819, -1.754, 0.015)
[trajectory_generator_node-7] [smoothTopoPath]   in[2]: (-6.269, -0.554, 0.015)
[trajectory_generator_node-7] [smoothTopoPath]   in[3]: (-5.643, 1.328, 0.015)
[trajectory_generator_node-7] [smoothTopoPath]   in[4]: (-5.169, 0.396, 0.015)
[trajectory_generator_node-7] [smoothTopoPath]   in[5]: (-3.219, 2.146, 0.015)
[trajectory_generator_node-7] [smoothTopoPath] lineVisib(start→end): false  colli=(-4.37,-0.70)
[trajectory_generator_node-7] [smoothTopoPath] iteration limit (501), returning partial smooth + raw tail
[trajectory_generator_node-7] [smoothTopoPath] fallback: 503 pts after dedup
[trajectory_generator_node-7] [DIAG] optimized_path (smoothTopoPath) size: 503
[trajectory_generator_node-7] [DIAG]   opt[0]: (-4.819, -1.754, 0.015)
[trajectory_generator_node-7] [DIAG]   opt[1]: (-6.418, -0.576, 0.015)
[trajectory_generator_node-7] [DIAG]   opt[2]: (-6.080, 0.015, 0.015)
[trajectory_generator_node-7] [DIAG]   opt[3]: (-5.969, -0.601, 0.015)
[trajectory_generator_node-7] [DIAG]   opt[4]: (-6.095, -0.032, 0.015)
[trajectory_generator_node-7] [DIAG]   opt[5]: (-6.064, 0.063, 0.015)
[trajectory_generator_node-7] [DIAG]   opt[6]: (-5.969, -0.601, 0.015)
[trajectory_generator_node-7] [DIAG]   opt[7]: (-6.095, -0.032, 0.015)
[trajectory_generator_node-7] [DIAG]   opt[8]: (-6.064, 0.063, 0.015)
[trajectory_generator_node-7] [DIAG]   opt[9]: (-5.969, -0.601, 0.015)
[trajectory_generator_node-7] [DIAG]   opt[10]: (-6.095, -0.032, 0.015)
[trajectory_generator_node-7] [DIAG]   opt[11]: (-6.064, 0.063, 0.015)
[trajectory_generator_node-7] [DIAG]   opt[12]: (-5.969, -0.601, 0.015)
[trajectory_generator_node-7] [DIAG]   opt[13]: (-6.095, -0.032, 0.015)
[trajectory_generator_node-7] [DIAG]   opt[14]: (-6.064, 0.063, 0.015)
[trajectory_generator_node-7] [DIAG]   opt[15]: (-5.969, -0.601, 0.015)
[trajectory_generator_node-7] [DIAG]   opt[16]: (-6.095, -0.032, 0.015)
[trajectory_generator_node-7] [DIAG]   opt[17]: (-6.064, 0.063, 0.015)
[trajectory_generator_node-7] [DIAG]   opt[18]: (-5.969, -0.601, 0.015)
[trajectory_generator_node-7] [DIAG]   opt[19]: (-6.095, -0.032, 0.015)
[trajectory_generator_node-7] [DIAG]   opt[20]: (-6.064, 0.063, 0.015)
[trajectory_generator_node-7] [DIAG]   opt[21]: (-5.969, -0.601, 0.015)
[trajectory_generator_node-7] [DIAG]   opt[22]: (-6.095, -0.032, 0.015)
[trajectory_generator_node-7] [DIAG]   opt[23]: (-6.064, 0.063, 0.015)
[trajectory_generator_node-7] [DIAG]   opt[24]: (-5.969, -0.601, 0.015)
[trajectory_generator_node-7] [DIAG]   opt[25]: (-6.095, -0.032, 0.015)
[trajectory_generator_node-7] [DIAG]   opt[26]: (-6.064, 0.063, 0.015)
[trajectory_generator_node-7] [DIAG]   opt[27]: (-5.969, -0.601, 0.015)
[trajectory_generator_node-7] [DIAG]   opt[28]: (-6.095, -0.032, 0.015)
[trajectory_generator_node-7] [DIAG]   opt[29]: (-6.064, 0.063, 0.015)
[trajectory_generator_node-7] [DIAG]   opt[30]: (-5.969, -0.601, 0.015)
[trajectory_generator_node-7] [DIAG]   opt[31]: (-6.095, -0.032, 0.015)
[trajectory_generator_node-7] [DIAG]   opt[32]: (-6.064, 0.063, 0.015)
[trajectory_generator_node-7] [DIAG]   opt[33]: (-5.969, -0.601, 0.015)
[trajectory_generator_node-7] [DIAG]   opt[34]: (-6.095, -0.032, 0.015)
[trajectory_generator_node-7] [DIAG]   opt[35]: (-6.064, 0.063, 0.015)
[trajectory_generator_node-7] [DIAG]   opt[36]: (-5.969, -0.601, 0.015)
[trajectory_generator_node-7] [DIAG]   opt[37]: (-6.095, -0.032, 0.015)
[trajectory_generator_node-7] [DIAG]   opt[38]: (-6.064, 0.063, 0.015)
[trajectory_generator_node-7] [DIAG]   opt[39]: (-5.969, -0.601, 0.015)
[trajectory_generator_node-7] [DIAG]   opt[40]: (-6.095, -0.032, 0.015)
[trajectory_generator_node-7] [DIAG]   opt[41]: (-6.064, 0.063, 0.015)
[trajectory_generator_node-7] [DIAG]   opt[42]: (-5.969, -0.601, 0.015)
[trajectory_generator_node-7] [DIAG]   opt[43]: (-6.095, -0.032, 0.015)
[trajectory_generator_node-7] [DIAG]   opt[44]: (-6.064, 0.063, 0.015)
[trajectory_generator_node-7] [DIAG]   opt[45]: (-5.969, -0.601, 0.015)
[trajectory_generator_node-7] [DIAG]   opt[46]: (-6.095, -0.032, 0.015)
[trajectory_generator_node-7] [DIAG]   opt[47]: (-6.064, 0.063, 0.015)
[trajectory_generator_node-7] [DIAG]   opt[48]: (-5.969, -0.601, 0.015)
[trajectory_generator_node-7] [DIAG]   opt[49]: (-6.095, -0.032, 0.015)
[trajectory_generator_node-7] [DIAG]   opt[50]: (-6.064, 0.063, 0.015)
[trajectory_generator_node-7] [DIAG]   opt[51]: (-5.969, -0.601, 0.015)
[trajectory_generator_node-7] [DIAG]   opt[52]: (-6.095, -0.032, 0.015)
[trajectory_generator_node-7] [DIAG]   opt[53]: (-6.064, 0.063, 0.015)
[trajectory_generator_node-7] [DIAG]   opt[54]: (-5.969, -0.601, 0.015)
[trajectory_generator_node-7] [DIAG]   opt[55]: (-6.095, -0.032, 0.015)
[trajectory_generator_node-7] [DIAG]   opt[56]: (-6.064, 0.063, 0.015)
[trajectory_generator_node-7] [DIAG]   opt[57]: (-5.969, -0.601, 0.015)
[trajectory_generator_node-7] [DIAG]   opt[58]: (-6.095, -0.032, 0.015)
[trajectory_generator_node-7] [DIAG]   opt[59]: (-6.064, 0.063, 0.015)
[trajectory_generator_node-7] [DIAG]   opt[60]: (-5.969, -0.601, 0.015)
[trajectory_generator_node-7] [DIAG]   opt[61]: (-6.095, -0.032, 0.015)
[trajectory_generator_node-7] [DIAG]   opt[62]: (-6.064, 0.063, 0.015)
[trajectory_generator_node-7] [DIAG]   opt[63]: (-5.969, -0.601, 0.015)
[trajectory_generator_node-7] [DIAG]   opt[64]: (-6.095, -0.032, 0.015)
[trajectory_generator_node-7] [DIAG]   opt[65]: (-6.064, 0.063, 0.015)
[trajectory_generator_node-7] [DIAG]   opt[66]: (-5.969, -0.601, 0.015)
[trajectory_generator_node-7] [DIAG]   opt[67]: (-6.095, -0.032, 0.015)
[trajectory_generator_node-7] [DIAG]   opt[68]: (-6.064, 0.063, 0.015)
[trajectory_generator_node-7] [DIAG]   opt[69]: (-5.969, -0.601, 0.015)
[trajectory_generator_node-7] [DIAG]   opt[70]: (-6.095, -0.032, 0.015)
[trajectory_generator_node-7] [DIAG]   opt[71]: (-6.064, 0.063, 0.015)
[trajectory_generator_node-7] [DIAG]   opt[72]: (-5.969, -0.601, 0.015)
[trajectory_generator_node-7] [DIAG]   opt[73]: (-6.095, -0.032, 0.015)
[trajectory_generator_node-7] [DIAG]   opt[74]: (-6.064, 0.063, 0.015)
[trajectory_generator_node-7] [DIAG]   opt[75]: (-5.969, -0.601, 0.015)
[trajectory_generator_node-7] [DIAG]   opt[76]: (-6.095, -0.032, 0.015)
[trajectory_generator_node-7] [DIAG]   opt[77]: (-6.064, 0.063, 0.015)
[trajectory_generator_node-7] [DIAG]   opt[78]: (-5.969, -0.601, 0.015)
[trajectory_generator_node-7] [DIAG]   opt[79]: (-6.095, -0.032, 0.015)
[trajectory_generator_node-7] [DIAG]   opt[80]: (-6.064, 0.063, 0.015)
[trajectory_generator_node-7] [DIAG]   opt[81]: (-5.969, -0.601, 0.015)
[trajectory_generator_node-7] [DIAG]   opt[82]: (-6.095, -0.032, 0.015)
[trajectory_generator_node-7] [DIAG]   opt[83]: (-6.064, 0.063, 0.015)
[trajectory_generator_node-7] [DIAG]   opt[84]: (-5.969, -0.601, 0.015)
[trajectory_generator_node-7] [DIAG]   opt[85]: (-6.095, -0.032, 0.015)
[trajectory_generator_node-7] [DIAG]   opt[86]: (-6.064, 0.063, 0.015)
[trajectory_generator_node-7] [DIAG]   opt[87]: (-5.969, -0.601, 0.015)
[trajectory_generator_node-7] [DIAG]   opt[88]: (-6.095, -0.032, 0.015)
[trajectory_generator_node-7] [DIAG]   opt[89]: (-6.064, 0.063, 0.015)
[trajectory_generator_node-7] [DIAG]   opt[90]: (-5.969, -0.601, 0.015)
[trajectory_generator_node-7] [DIAG]   opt[91]: (-6.095, -0.032, 0.015)
[trajectory_generator_node-7] [DIAG]   opt[92]: (-6.064, 0.063, 0.015)
[trajectory_generator_node-7] [DIAG]   opt[93]: (-5.969, -0.601, 0.015)
[trajectory_generator_node-7] [DIAG]   opt[94]: (-6.095, -0.032, 0.015)
[trajectory_generator_node-7] [DIAG]   opt[95]: (-6.064, 0.063, 0.015)
[trajectory_generator_node-7] [DIAG]   opt[96]: (-5.969, -0.601, 0.015)
[trajectory_generator_node-7] [DIAG]   opt[97]: (-6.095, -0.032, 0.015)
[trajectory_generator_node-7] [DIAG]   opt[98]: (-6.064, 0.063, 0.015)
[trajectory_generator_node-7] [DIAG]   opt[99]: (-5.969, -0.601, 0.015)
[trajectory_generator_node-7] [DIAG]   opt[100]: (-6.095, -0.032, 0.015)
[trajectory_generator_node-7] [DIAG]   opt[101]: (-6.064, 0.063, 0.015)
[trajectory_generator_node-7] [DIAG]   opt[102]: (-5.969, -0.601, 0.015)
[trajectory_generator_node-7] [DIAG]   opt[103]: (-6.095, -0.032, 0.015)
[trajectory_generator_node-7] [DIAG]   opt[104]: (-6.064, 0.063, 0.015)
[trajectory_generator_node-7] [DIAG]   opt[105]: (-5.969, -0.601, 0.015)
[trajectory_generator_node-7] [DIAG]   opt[106]: (-6.095, -0.032, 0.015)
[trajectory_generator_node-7] [DIAG]   opt[107]: (-6.064, 0.063, 0.015)
[trajectory_generator_node-7] [DIAG]   opt[108]: (-5.969, -0.601, 0.015)
[trajectory_generator_node-7] [DIAG]   opt[109]: (-6.095, -0.032, 0.015)
[trajectory_generator_node-7] [DIAG]   opt[110]: (-6.064, 0.063, 0.015)
[trajectory_generator_node-7] [DIAG]   opt[111]: (-5.969, -0.601, 0.015)
[trajectory_generator_node-7] [DIAG]   opt[112]: (-6.095, -0.032, 0.015)
[trajectory_generator_node-7] [DIAG]   opt[113]: (-6.064, 0.063, 0.015)
[trajectory_generator_node-7] [DIAG]   opt[114]: (-5.969, -0.601, 0.015)
[trajectory_generator_node-7] [DIAG]   opt[115]: (-6.095, -0.032, 0.015)
[trajectory_generator_node-7] [DIAG]   opt[116]: (-6.064, 0.063, 0.015)
[trajectory_generator_node-7] [DIAG]   opt[117]: (-5.969, -0.601, 0.015)
[trajectory_generator_node-7] [DIAG]   opt[118]: (-6.095, -0.032, 0.015)
[trajectory_generator_node-7] [DIAG]   opt[119]: (-6.064, 0.063, 0.015)
[trajectory_generator_node-7] [DIAG]   opt[120]: (-5.969, -0.601, 0.015)
[trajectory_generator_node-7] [DIAG]   opt[121]: (-6.095, -0.032, 0.015)
[trajectory_generator_node-7] [DIAG]   opt[122]: (-6.064, 0.063, 0.015)
[trajectory_generator_node-7] [DIAG]   opt[123]: (-5.969, -0.601, 0.015)
[trajectory_generator_node-7] [DIAG]   opt[124]: (-6.095, -0.032, 0.015)
[trajectory_generator_node-7] [DIAG]   opt[125]: (-6.064, 0.063, 0.015)
[trajectory_generator_node-7] [DIAG]   opt[126]: (-5.969, -0.601, 0.015)
[trajectory_generator_node-7] [DIAG]   opt[127]: (-6.095, -0.032, 0.015)
[trajectory_generator_node-7] [DIAG]   opt[128]: (-6.064, 0.063, 0.015)
[trajectory_generator_node-7] [DIAG]   opt[129]: (-5.969, -0.601, 0.015)
[trajectory_generator_node-7] [DIAG]   opt[130]: (-6.095, -0.032, 0.015)
[trajectory_generator_node-7] [DIAG]   opt[131]: (-6.064, 0.063, 0.015)
[trajectory_generator_node-7] [DIAG]   opt[132]: (-5.969, -0.601, 0.015)
[trajectory_generator_node-7] [DIAG]   opt[133]: (-6.095, -0.032, 0.015)
[trajectory_generator_node-7] [DIAG]   opt[134]: (-6.064, 0.063, 0.015)
[trajectory_generator_node-7] [DIAG]   opt[135]: (-5.969, -0.601, 0.015)
[trajectory_generator_node-7] [DIAG]   opt[136]: (-6.095, -0.032, 0.015)
[trajectory_generator_node-7] [DIAG]   opt[137]: (-6.064, 0.063, 0.015)
[trajectory_generator_node-7] [DIAG]   opt[138]: (-5.969, -0.601, 0.015)
[trajectory_generator_node-7] [DIAG]   opt[139]: (-6.095, -0.032, 0.015)
[trajectory_generator_node-7] [DIAG]   opt[140]: (-6.064, 0.063, 0.015)
[trajectory_generator_node-7] [DIAG]   opt[141]: (-5.969, -0.601, 0.015)
[trajectory_generator_node-7] [DIAG]   opt[142]: (-6.095, -0.032, 0.015)
[trajectory_generator_node-7] [DIAG]   opt[143]: (-6.064, 0.063, 0.015)
[trajectory_generator_node-7] [DIAG]   opt[144]: (-5.969, -0.601, 0.015)
[trajectory_generator_node-7] [DIAG]   opt[145]: (-6.095, -0.032, 0.015)
[trajectory_generator_node-7] [DIAG]   opt[146]: (-6.064, 0.063, 0.015)
[trajectory_generator_node-7] [DIAG]   opt[147]: (-5.969, -0.601, 0.015)
[trajectory_generator_node-7] [DIAG]   opt[148]: (-6.095, -0.032, 0.015)
[trajectory_generator_node-7] [DIAG]   opt[149]: (-6.064, 0.063, 0.015)
[trajectory_generator_node-7] [DIAG]   opt[150]: (-5.969, -0.601, 0.015)
[trajectory_generator_node-7] [DIAG]   opt[151]: (-6.095, -0.032, 0.015)
[trajectory_generator_node-7] [DIAG]   opt[152]: (-6.064, 0.063, 0.015)
[trajectory_generator_node-7] [DIAG]   opt[153]: (-5.969, -0.601, 0.015)
[trajectory_generator_node-7] [DIAG]   opt[154]: (-6.095, -0.032, 0.015)
[trajectory_generator_node-7] [DIAG]   opt[155]: (-6.064, 0.063, 0.015)
[trajectory_generator_node-7] [DIAG]   opt[156]: (-5.969, -0.601, 0.015)
[trajectory_generator_node-7] [DIAG]   opt[157]: (-6.095, -0.032, 0.015)
[trajectory_generator_node-7] [DIAG]   opt[158]: (-6.064, 0.063, 0.015)
[trajectory_generator_node-7] [DIAG]   opt[159]: (-5.969, -0.601, 0.015)
[trajectory_generator_node-7] [DIAG]   opt[160]: (-6.095, -0.032, 0.015)
[trajectory_generator_node-7] [DIAG]   opt[161]: (-6.064, 0.063, 0.015)
[trajectory_generator_node-7] [DIAG]   opt[162]: (-5.969, -0.601, 0.015)
[trajectory_generator_node-7] [DIAG]   opt[163]: (-6.095, -0.032, 0.015)
[trajectory_generator_node-7] [DIAG]   opt[164]: (-6.064, 0.063, 0.015)
[trajectory_generator_node-7] [DIAG]   opt[165]: (-5.969, -0.601, 0.015)
[trajectory_generator_node-7] [DIAG]   opt[166]: (-6.095, -0.032, 0.015)
[trajectory_generator_node-7] [DIAG]   opt[167]: (-6.064, 0.063, 0.015)
[trajectory_generator_node-7] [DIAG]   opt[168]: (-5.969, -0.601, 0.015)
[trajectory_generator_node-7] [DIAG]   opt[169]: (-6.095, -0.032, 0.015)
[trajectory_generator_node-7] [DIAG]   opt[170]: (-6.064, 0.063, 0.015)
[trajectory_generator_node-7] [DIAG]   opt[171]: (-5.969, -0.601, 0.015)
[trajectory_generator_node-7] [DIAG]   opt[172]: (-6.095, -0.032, 0.015)
[trajectory_generator_node-7] [DIAG]   opt[173]: (-6.064, 0.063, 0.015)
[trajectory_generator_node-7] [DIAG]   opt[174]: (-5.969, -0.601, 0.015)
[trajectory_generator_node-7] [DIAG]   opt[175]: (-6.095, -0.032, 0.015)
[trajectory_generator_node-7] [DIAG]   opt[176]: (-6.064, 0.063, 0.015)
[trajectory_generator_node-7] [DIAG]   opt[177]: (-5.969, -0.601, 0.015)
[trajectory_generator_node-7] [DIAG]   opt[178]: (-6.095, -0.032, 0.015)
[trajectory_generator_node-7] [DIAG]   opt[179]: (-6.064, 0.063, 0.015)
[trajectory_generator_node-7] [DIAG]   opt[180]: (-5.969, -0.601, 0.015)
[trajectory_generator_node-7] [DIAG]   opt[181]: (-6.095, -0.032, 0.015)
[trajectory_generator_node-7] [DIAG]   opt[182]: (-6.064, 0.063, 0.015)
[trajectory_generator_node-7] [DIAG]   opt[183]: (-5.969, -0.601, 0.015)
[trajectory_generator_node-7] [DIAG]   opt[184]: (-6.095, -0.032, 0.015)
[trajectory_generator_node-7] [DIAG]   opt[185]: (-6.064, 0.063, 0.015)
[trajectory_generator_node-7] [DIAG]   opt[186]: (-5.969, -0.601, 0.015)
[trajectory_generator_node-7] [DIAG]   opt[187]: (-6.095, -0.032, 0.015)
[trajectory_generator_node-7] [DIAG]   opt[188]: (-6.064, 0.063, 0.015)
[trajectory_generator_node-7] [DIAG]   opt[189]: (-5.969, -0.601, 0.015)
[trajectory_generator_node-7] [DIAG]   opt[190]: (-6.095, -0.032, 0.015)
[trajectory_generator_node-7] [DIAG]   opt[191]: (-6.064, 0.063, 0.015)
[trajectory_generator_node-7] [DIAG]   opt[192]: (-5.969, -0.601, 0.015)
[trajectory_generator_node-7] [DIAG]   opt[193]: (-6.095, -0.032, 0.015)
[trajectory_generator_node-7] [DIAG]   opt[194]: (-6.064, 0.063, 0.015)
[trajectory_generator_node-7] [DIAG]   opt[195]: (-5.969, -0.601, 0.015)
[trajectory_generator_node-7] [DIAG]   opt[196]: (-6.095, -0.032, 0.015)
[trajectory_generator_node-7] [DIAG]   opt[197]: (-6.064, 0.063, 0.015)
[trajectory_generator_node-7] [DIAG]   opt[198]: (-5.969, -0.601, 0.015)
[trajectory_generator_node-7] [DIAG]   opt[199]: (-6.095, -0.032, 0.015)
[trajectory_generator_node-7] [DIAG]   opt[200]: (-6.064, 0.063, 0.015)
[trajectory_generator_node-7] [DIAG]   opt[201]: (-5.969, -0.601, 0.015)
[trajectory_generator_node-7] [DIAG]   opt[202]: (-6.095, -0.032, 0.015)
[trajectory_generator_node-7] [DIAG]   opt[203]: (-6.064, 0.063, 0.015)
[trajectory_generator_node-7] [DIAG]   opt[204]: (-5.969, -0.601, 0.015)
[trajectory_generator_node-7] [DIAG]   opt[205]: (-6.095, -0.032, 0.015)
[trajectory_generator_node-7] [DIAG]   opt[206]: (-6.064, 0.063, 0.015)
[trajectory_generator_node-7] [DIAG]   opt[207]: (-5.969, -0.601, 0.015)
[trajectory_generator_node-7] [DIAG]   opt[208]: (-6.095, -0.032, 0.015)
[trajectory_generator_node-7] [DIAG]   opt[209]: (-6.064, 0.063, 0.015)
[trajectory_generator_node-7] [DIAG]   opt[210]: (-5.969, -0.601, 0.015)
[trajectory_generator_node-7] [DIAG]   opt[211]: (-6.095, -0.032, 0.015)
[trajectory_generator_node-7] [DIAG]   opt[212]: (-6.064, 0.063, 0.015)
[trajectory_generator_node-7] [DIAG]   opt[213]: (-5.969, -0.601, 0.015)
[trajectory_generator_node-7] [DIAG]   opt[214]: (-6.095, -0.032, 0.015)
[trajectory_generator_node-7] [DIAG]   opt[215]: (-6.064, 0.063, 0.015)
[trajectory_generator_node-7] [DIAG]   opt[216]: (-5.969, -0.601, 0.015)
[trajectory_generator_node-7] [DIAG]   opt[217]: (-6.095, -0.032, 0.015)
[trajectory_generator_node-7] [DIAG]   opt[218]: (-6.064, 0.063, 0.015)
[trajectory_generator_node-7] [DIAG]   opt[219]: (-5.969, -0.601, 0.015)
[trajectory_generator_node-7] [DIAG]   opt[220]: (-6.095, -0.032, 0.015)
[trajectory_generator_node-7] [DIAG]   opt[221]: (-6.064, 0.063, 0.015)
[trajectory_generator_node-7] [DIAG]   opt[222]: (-5.969, -0.601, 0.015)
[trajectory_generator_node-7] [DIAG]   opt[223]: (-6.095, -0.032, 0.015)
[trajectory_generator_node-7] [DIAG]   opt[224]: (-6.064, 0.063, 0.015)
[trajectory_generator_node-7] [DIAG]   opt[225]: (-5.969, -0.601, 0.015)
[trajectory_generator_node-7] [DIAG]   opt[226]: (-6.095, -0.032, 0.015)
[trajectory_generator_node-7] [DIAG]   opt[227]: (-6.064, 0.063, 0.015)
[trajectory_generator_node-7] [DIAG]   opt[228]: (-5.969, -0.601, 0.015)
[trajectory_generator_node-7] [DIAG]   opt[229]: (-6.095, -0.032, 0.015)
[trajectory_generator_node-7] [DIAG]   opt[230]: (-6.064, 0.063, 0.015)
[trajectory_generator_node-7] [DIAG]   opt[231]: (-5.969, -0.601, 0.015)
[trajectory_generator_node-7] [DIAG]   opt[232]: (-6.095, -0.032, 0.015)
[trajectory_generator_node-7] [DIAG]   opt[233]: (-6.064, 0.063, 0.015)
[trajectory_generator_node-7] [DIAG]   opt[234]: (-5.969, -0.601, 0.015)
[trajectory_generator_node-7] [DIAG]   opt[235]: (-6.095, -0.032, 0.015)
[trajectory_generator_node-7] [DIAG]   opt[236]: (-6.064, 0.063, 0.015)
[trajectory_generator_node-7] [DIAG]   opt[237]: (-5.969, -0.601, 0.015)
[trajectory_generator_node-7] [DIAG]   opt[238]: (-6.095, -0.032, 0.015)
[trajectory_generator_node-7] [DIAG]   opt[239]: (-6.064, 0.063, 0.015)
[trajectory_generator_node-7] [DIAG]   opt[240]: (-5.969, -0.601, 0.015)
[trajectory_generator_node-7] [DIAG]   opt[241]: (-6.095, -0.032, 0.015)
[trajectory_generator_node-7] [DIAG]   opt[242]: (-6.064, 0.063, 0.015)
[trajectory_generator_node-7] [DIAG]   opt[243]: (-5.969, -0.601, 0.015)
[trajectory_generator_node-7] [DIAG]   opt[244]: (-6.095, -0.032, 0.015)
[trajectory_generator_node-7] [DIAG]   opt[245]: (-6.064, 0.063, 0.015)
[trajectory_generator_node-7] [DIAG]   opt[246]: (-5.969, -0.601, 0.015)
[trajectory_generator_node-7] [DIAG]   opt[247]: (-6.095, -0.032, 0.015)
[trajectory_generator_node-7] [DIAG]   opt[248]: (-6.064, 0.063, 0.015)
[trajectory_generator_node-7] [DIAG]   opt[249]: (-5.969, -0.601, 0.015)
[trajectory_generator_node-7] [DIAG]   opt[250]: (-6.095, -0.032, 0.015)
[trajectory_generator_node-7] [DIAG]   opt[251]: (-6.064, 0.063, 0.015)
[trajectory_generator_node-7] [DIAG]   opt[252]: (-5.969, -0.601, 0.015)
[trajectory_generator_node-7] [DIAG]   opt[253]: (-6.095, -0.032, 0.015)
[trajectory_generator_node-7] [DIAG]   opt[254]: (-6.064, 0.063, 0.015)
[trajectory_generator_node-7] [DIAG]   opt[255]: (-5.969, -0.601, 0.015)
[trajectory_generator_node-7] [DIAG]   opt[256]: (-6.095, -0.032, 0.015)
[trajectory_generator_node-7] [DIAG]   opt[257]: (-6.064, 0.063, 0.015)
[trajectory_generator_node-7] [DIAG]   opt[258]: (-5.969, -0.601, 0.015)
[trajectory_generator_node-7] [DIAG]   opt[259]: (-6.095, -0.032, 0.015)
[trajectory_generator_node-7] [DIAG]   opt[260]: (-6.064, 0.063, 0.015)
[trajectory_generator_node-7] [DIAG]   opt[261]: (-5.969, -0.601, 0.015)
[trajectory_generator_node-7] [DIAG]   opt[262]: (-6.095, -0.032, 0.015)
[trajectory_generator_node-7] [DIAG]   opt[263]: (-6.064, 0.063, 0.015)
[trajectory_generator_node-7] [DIAG]   opt[264]: (-5.969, -0.601, 0.015)
[trajectory_generator_node-7] [DIAG]   opt[265]: (-6.095, -0.032, 0.015)
[trajectory_generator_node-7] [DIAG]   opt[266]: (-6.064, 0.063, 0.015)
[trajectory_generator_node-7] [DIAG]   opt[267]: (-5.969, -0.601, 0.015)
[trajectory_generator_node-7] [DIAG]   opt[268]: (-6.095, -0.032, 0.015)
[trajectory_generator_node-7] [DIAG]   opt[269]: (-6.064, 0.063, 0.015)
[trajectory_generator_node-7] [DIAG]   opt[270]: (-5.969, -0.601, 0.015)
[trajectory_generator_node-7] [DIAG]   opt[271]: (-6.095, -0.032, 0.015)
[trajectory_generator_node-7] [DIAG]   opt[272]: (-6.064, 0.063, 0.015)
[trajectory_generator_node-7] [DIAG]   opt[273]: (-5.969, -0.601, 0.015)
[trajectory_generator_node-7] [DIAG]   opt[274]: (-6.095, -0.032, 0.015)
[trajectory_generator_node-7] [DIAG]   opt[275]: (-6.064, 0.063, 0.015)
[trajectory_generator_node-7] [DIAG]   opt[276]: (-5.969, -0.601, 0.015)
[trajectory_generator_node-7] [DIAG]   opt[277]: (-6.095, -0.032, 0.015)
[trajectory_generator_node-7] [DIAG]   opt[278]: (-6.064, 0.063, 0.015)
[trajectory_generator_node-7] [DIAG]   opt[279]: (-5.969, -0.601, 0.015)
[trajectory_generator_node-7] [DIAG]   opt[280]: (-6.095, -0.032, 0.015)
[trajectory_generator_node-7] [DIAG]   opt[281]: (-6.064, 0.063, 0.015)
[trajectory_generator_node-7] [DIAG]   opt[282]: (-5.969, -0.601, 0.015)
[trajectory_generator_node-7] [DIAG]   opt[283]: (-6.095, -0.032, 0.015)
[trajectory_generator_node-7] [DIAG]   opt[284]: (-6.064, 0.063, 0.015)
[trajectory_generator_node-7] [DIAG]   opt[285]: (-5.969, -0.601, 0.015)
[trajectory_generator_node-7] [DIAG]   opt[286]: (-6.095, -0.032, 0.015)
[trajectory_generator_node-7] [DIAG]   opt[287]: (-6.064, 0.063, 0.015)
[trajectory_generator_node-7] [DIAG]   opt[288]: (-5.969, -0.601, 0.015)
[trajectory_generator_node-7] [DIAG]   opt[289]: (-6.095, -0.032, 0.015)
[trajectory_generator_node-7] [DIAG]   opt[290]: (-6.064, 0.063, 0.015)
[trajectory_generator_node-7] [DIAG]   opt[291]: (-5.969, -0.601, 0.015)
[trajectory_generator_node-7] [DIAG]   opt[292]: (-6.095, -0.032, 0.015)
[trajectory_generator_node-7] [DIAG]   opt[293]: (-6.064, 0.063, 0.015)
[trajectory_generator_node-7] [DIAG]   opt[294]: (-5.969, -0.601, 0.015)
[trajectory_generator_node-7] [DIAG]   opt[295]: (-6.095, -0.032, 0.015)
[trajectory_generator_node-7] [DIAG]   opt[296]: (-6.064, 0.063, 0.015)
[trajectory_generator_node-7] [DIAG]   opt[297]: (-5.969, -0.601, 0.015)
[trajectory_generator_node-7] [DIAG]   opt[298]: (-6.095, -0.032, 0.015)
[trajectory_generator_node-7] [DIAG]   opt[299]: (-6.064, 0.063, 0.015)
[trajectory_generator_node-7] [DIAG]   opt[300]: (-5.969, -0.601, 0.015)
[trajectory_generator_node-7] [DIAG]   opt[301]: (-6.095, -0.032, 0.015)
[trajectory_generator_node-7] [DIAG]   opt[302]: (-6.064, 0.063, 0.015)
[trajectory_generator_node-7] [DIAG]   opt[303]: (-5.969, -0.601, 0.015)
[trajectory_generator_node-7] [DIAG]   opt[304]: (-6.095, -0.032, 0.015)
[trajectory_generator_node-7] [DIAG]   opt[305]: (-6.064, 0.063, 0.015)
[trajectory_generator_node-7] [DIAG]   opt[306]: (-5.969, -0.601, 0.015)
[trajectory_generator_node-7] [DIAG]   opt[307]: (-6.095, -0.032, 0.015)
[trajectory_generator_node-7] [DIAG]   opt[308]: (-6.064, 0.063, 0.015)
[trajectory_generator_node-7] [DIAG]   opt[309]: (-5.969, -0.601, 0.015)
[trajectory_generator_node-7] [DIAG]   opt[310]: (-6.095, -0.032, 0.015)
[trajectory_generator_node-7] [DIAG]   opt[311]: (-6.064, 0.063, 0.015)
[trajectory_generator_node-7] [DIAG]   opt[312]: (-5.969, -0.601, 0.015)
[trajectory_generator_node-7] [DIAG]   opt[313]: (-6.095, -0.032, 0.015)
[trajectory_generator_node-7] [DIAG]   opt[314]: (-6.064, 0.063, 0.015)
[trajectory_generator_node-7] [DIAG]   opt[315]: (-5.969, -0.601, 0.015)
[trajectory_generator_node-7] [DIAG]   opt[316]: (-6.095, -0.032, 0.015)
[trajectory_generator_node-7] [DIAG]   opt[317]: (-6.064, 0.063, 0.015)
[trajectory_generator_node-7] [DIAG]   opt[318]: (-5.969, -0.601, 0.015)
[trajectory_generator_node-7] [DIAG]   opt[319]: (-6.095, -0.032, 0.015)
[trajectory_generator_node-7] [DIAG]   opt[320]: (-6.064, 0.063, 0.015)
[trajectory_generator_node-7] [DIAG]   opt[321]: (-5.969, -0.601, 0.015)
[trajectory_generator_node-7] [DIAG]   opt[322]: (-6.095, -0.032, 0.015)
[trajectory_generator_node-7] [DIAG]   opt[323]: (-6.064, 0.063, 0.015)
[trajectory_generator_node-7] [DIAG]   opt[324]: (-5.969, -0.601, 0.015)
[trajectory_generator_node-7] [DIAG]   opt[325]: (-6.095, -0.032, 0.015)
[trajectory_generator_node-7] [DIAG]   opt[326]: (-6.064, 0.063, 0.015)
[trajectory_generator_node-7] [DIAG]   opt[327]: (-5.969, -0.601, 0.015)
[trajectory_generator_node-7] [DIAG]   opt[328]: (-6.095, -0.032, 0.015)
[trajectory_generator_node-7] [DIAG]   opt[329]: (-6.064, 0.063, 0.015)
[trajectory_generator_node-7] [DIAG]   opt[330]: (-5.969, -0.601, 0.015)
[trajectory_generator_node-7] [DIAG]   opt[331]: (-6.095, -0.032, 0.015)
[trajectory_generator_node-7] [DIAG]   opt[332]: (-6.064, 0.063, 0.015)
[trajectory_generator_node-7] [DIAG]   opt[333]: (-5.969, -0.601, 0.015)
[trajectory_generator_node-7] [DIAG]   opt[334]: (-6.095, -0.032, 0.015)
[trajectory_generator_node-7] [DIAG]   opt[335]: (-6.064, 0.063, 0.015)
[trajectory_generator_node-7] [DIAG]   opt[336]: (-5.969, -0.601, 0.015)
[trajectory_generator_node-7] [DIAG]   opt[337]: (-6.095, -0.032, 0.015)
[trajectory_generator_node-7] [DIAG]   opt[338]: (-6.064, 0.063, 0.015)
[trajectory_generator_node-7] [DIAG]   opt[339]: (-5.969, -0.601, 0.015)
[trajectory_generator_node-7] [DIAG]   opt[340]: (-6.095, -0.032, 0.015)
[trajectory_generator_node-7] [DIAG]   opt[341]: (-6.064, 0.063, 0.015)
[trajectory_generator_node-7] [DIAG]   opt[342]: (-5.969, -0.601, 0.015)
[trajectory_generator_node-7] [DIAG]   opt[343]: (-6.095, -0.032, 0.015)
[trajectory_generator_node-7] [DIAG]   opt[344]: (-6.064, 0.063, 0.015)
[trajectory_generator_node-7] [DIAG]   opt[345]: (-5.969, -0.601, 0.015)
[trajectory_generator_node-7] [DIAG]   opt[346]: (-6.095, -0.032, 0.015)
[trajectory_generator_node-7] [DIAG]   opt[347]: (-6.064, 0.063, 0.015)
[trajectory_generator_node-7] [DIAG]   opt[348]: (-5.969, -0.601, 0.015)
[trajectory_generator_node-7] [DIAG]   opt[349]: (-6.095, -0.032, 0.015)
[trajectory_generator_node-7] [DIAG]   opt[350]: (-6.064, 0.063, 0.015)
[trajectory_generator_node-7] [DIAG]   opt[351]: (-5.969, -0.601, 0.015)
[trajectory_generator_node-7] [DIAG]   opt[352]: (-6.095, -0.032, 0.015)
[trajectory_generator_node-7] [DIAG]   opt[353]: (-6.064, 0.063, 0.015)
[trajectory_generator_node-7] [DIAG]   opt[354]: (-5.969, -0.601, 0.015)
[trajectory_generator_node-7] [DIAG]   opt[355]: (-6.095, -0.032, 0.015)
[trajectory_generator_node-7] [DIAG]   opt[356]: (-6.064, 0.063, 0.015)
[trajectory_generator_node-7] [DIAG]   opt[357]: (-5.969, -0.601, 0.015)
[trajectory_generator_node-7] [DIAG]   opt[358]: (-6.095, -0.032, 0.015)
[trajectory_generator_node-7] [DIAG]   opt[359]: (-6.064, 0.063, 0.015)
[trajectory_generator_node-7] [DIAG]   opt[360]: (-5.969, -0.601, 0.015)
[trajectory_generator_node-7] [DIAG]   opt[361]: (-6.095, -0.032, 0.015)
[trajectory_generator_node-7] [DIAG]   opt[362]: (-6.064, 0.063, 0.015)
[trajectory_generator_node-7] [DIAG]   opt[363]: (-5.969, -0.601, 0.015)
[trajectory_generator_node-7] [DIAG]   opt[364]: (-6.095, -0.032, 0.015)
[trajectory_generator_node-7] [DIAG]   opt[365]: (-6.064, 0.063, 0.015)
[trajectory_generator_node-7] [DIAG]   opt[366]: (-5.969, -0.601, 0.015)
[trajectory_generator_node-7] [DIAG]   opt[367]: (-6.095, -0.032, 0.015)
[trajectory_generator_node-7] [DIAG]   opt[368]: (-6.064, 0.063, 0.015)
[trajectory_generator_node-7] [DIAG]   opt[369]: (-5.969, -0.601, 0.015)
[trajectory_generator_node-7] [DIAG]   opt[370]: (-6.095, -0.032, 0.015)
[trajectory_generator_node-7] [DIAG]   opt[371]: (-6.064, 0.063, 0.015)
[trajectory_generator_node-7] [DIAG]   opt[372]: (-5.969, -0.601, 0.015)
[trajectory_generator_node-7] [DIAG]   opt[373]: (-6.095, -0.032, 0.015)
[trajectory_generator_node-7] [DIAG]   opt[374]: (-6.064, 0.063, 0.015)
[trajectory_generator_node-7] [DIAG]   opt[375]: (-5.969, -0.601, 0.015)
[trajectory_generator_node-7] [DIAG]   opt[376]: (-6.095, -0.032, 0.015)
[trajectory_generator_node-7] [DIAG]   opt[377]: (-6.064, 0.063, 0.015)
[trajectory_generator_node-7] [DIAG]   opt[378]: (-5.969, -0.601, 0.015)
[trajectory_generator_node-7] [DIAG]   opt[379]: (-6.095, -0.032, 0.015)
[trajectory_generator_node-7] [DIAG]   opt[380]: (-6.064, 0.063, 0.015)
[trajectory_generator_node-7] [DIAG]   opt[381]: (-5.969, -0.601, 0.015)
[trajectory_generator_node-7] [DIAG]   opt[382]: (-6.095, -0.032, 0.015)
[trajectory_generator_node-7] [DIAG]   opt[383]: (-6.064, 0.063, 0.015)
[trajectory_generator_node-7] [DIAG]   opt[384]: (-5.969, -0.601, 0.015)
[trajectory_generator_node-7] [DIAG]   opt[385]: (-6.095, -0.032, 0.015)
[trajectory_generator_node-7] [DIAG]   opt[386]: (-6.064, 0.063, 0.015)
[trajectory_generator_node-7] [DIAG]   opt[387]: (-5.969, -0.601, 0.015)
[trajectory_generator_node-7] [DIAG]   opt[388]: (-6.095, -0.032, 0.015)
[trajectory_generator_node-7] [DIAG]   opt[389]: (-6.064, 0.063, 0.015)
[trajectory_generator_node-7] [DIAG]   opt[390]: (-5.969, -0.601, 0.015)
[trajectory_generator_node-7] [DIAG]   opt[391]: (-6.095, -0.032, 0.015)
[trajectory_generator_node-7] [DIAG]   opt[392]: (-6.064, 0.063, 0.015)
[trajectory_generator_node-7] [DIAG]   opt[393]: (-5.969, -0.601, 0.015)
[trajectory_generator_node-7] [DIAG]   opt[394]: (-6.095, -0.032, 0.015)
[trajectory_generator_node-7] [DIAG]   opt[395]: (-6.064, 0.063, 0.015)
[trajectory_generator_node-7] [DIAG]   opt[396]: (-5.969, -0.601, 0.015)
[trajectory_generator_node-7] [DIAG]   opt[397]: (-6.095, -0.032, 0.015)
[trajectory_generator_node-7] [DIAG]   opt[398]: (-6.064, 0.063, 0.015)
[trajectory_generator_node-7] [DIAG]   opt[399]: (-5.969, -0.601, 0.015)
[trajectory_generator_node-7] [DIAG]   opt[400]: (-6.095, -0.032, 0.015)
[trajectory_generator_node-7] [DIAG]   opt[401]: (-6.064, 0.063, 0.015)
[trajectory_generator_node-7] [DIAG]   opt[402]: (-5.969, -0.601, 0.015)
[trajectory_generator_node-7] [DIAG]   opt[403]: (-6.095, -0.032, 0.015)
[trajectory_generator_node-7] [DIAG]   opt[404]: (-6.064, 0.063, 0.015)
[trajectory_generator_node-7] [DIAG]   opt[405]: (-5.969, -0.601, 0.015)
[trajectory_generator_node-7] [DIAG]   opt[406]: (-6.095, -0.032, 0.015)
[trajectory_generator_node-7] [DIAG]   opt[407]: (-6.064, 0.063, 0.015)
[trajectory_generator_node-7] [DIAG]   opt[408]: (-5.969, -0.601, 0.015)
[trajectory_generator_node-7] [DIAG]   opt[409]: (-6.095, -0.032, 0.015)
[trajectory_generator_node-7] [DIAG]   opt[410]: (-6.064, 0.063, 0.015)
[trajectory_generator_node-7] [DIAG]   opt[411]: (-5.969, -0.601, 0.015)
[trajectory_generator_node-7] [DIAG]   opt[412]: (-6.095, -0.032, 0.015)
[trajectory_generator_node-7] [DIAG]   opt[413]: (-6.064, 0.063, 0.015)
[trajectory_generator_node-7] [DIAG]   opt[414]: (-5.969, -0.601, 0.015)
[trajectory_generator_node-7] [DIAG]   opt[415]: (-6.095, -0.032, 0.015)
[trajectory_generator_node-7] [DIAG]   opt[416]: (-6.064, 0.063, 0.015)
[trajectory_generator_node-7] [DIAG]   opt[417]: (-5.969, -0.601, 0.015)
[trajectory_generator_node-7] [DIAG]   opt[418]: (-6.095, -0.032, 0.015)
[trajectory_generator_node-7] [DIAG]   opt[419]: (-6.064, 0.063, 0.015)
[trajectory_generator_node-7] [DIAG]   opt[420]: (-5.969, -0.601, 0.015)
[trajectory_generator_node-7] [DIAG]   opt[421]: (-6.095, -0.032, 0.015)
[trajectory_generator_node-7] [DIAG]   opt[422]: (-6.064, 0.063, 0.015)
[trajectory_generator_node-7] [DIAG]   opt[423]: (-5.969, -0.601, 0.015)
[trajectory_generator_node-7] [DIAG]   opt[424]: (-6.095, -0.032, 0.015)
[trajectory_generator_node-7] [DIAG]   opt[425]: (-6.064, 0.063, 0.015)
[trajectory_generator_node-7] [DIAG]   opt[426]: (-5.969, -0.601, 0.015)
[trajectory_generator_node-7] [DIAG]   opt[427]: (-6.095, -0.032, 0.015)
[trajectory_generator_node-7] [DIAG]   opt[428]: (-6.064, 0.063, 0.015)
[trajectory_generator_node-7] [DIAG]   opt[429]: (-5.969, -0.601, 0.015)
[trajectory_generator_node-7] [DIAG]   opt[430]: (-6.095, -0.032, 0.015)
[trajectory_generator_node-7] [DIAG]   opt[431]: (-6.064, 0.063, 0.015)
[trajectory_generator_node-7] [DIAG]   opt[432]: (-5.969, -0.601, 0.015)
[trajectory_generator_node-7] [DIAG]   opt[433]: (-6.095, -0.032, 0.015)
[trajectory_generator_node-7] [DIAG]   opt[434]: (-6.064, 0.063, 0.015)
[trajectory_generator_node-7] [DIAG]   opt[435]: (-5.969, -0.601, 0.015)
[trajectory_generator_node-7] [DIAG]   opt[436]: (-6.095, -0.032, 0.015)
[trajectory_generator_node-7] [DIAG]   opt[437]: (-6.064, 0.063, 0.015)
[trajectory_generator_node-7] [DIAG]   opt[438]: (-5.969, -0.601, 0.015)
[trajectory_generator_node-7] [DIAG]   opt[439]: (-6.095, -0.032, 0.015)
[trajectory_generator_node-7] [DIAG]   opt[440]: (-6.064, 0.063, 0.015)
[trajectory_generator_node-7] [DIAG]   opt[441]: (-5.969, -0.601, 0.015)
[trajectory_generator_node-7] [DIAG]   opt[442]: (-6.095, -0.032, 0.015)
[trajectory_generator_node-7] [DIAG]   opt[443]: (-6.064, 0.063, 0.015)
[trajectory_generator_node-7] [DIAG]   opt[444]: (-5.969, -0.601, 0.015)
[trajectory_generator_node-7] [DIAG]   opt[445]: (-6.095, -0.032, 0.015)
[trajectory_generator_node-7] [DIAG]   opt[446]: (-6.064, 0.063, 0.015)
[trajectory_generator_node-7] [DIAG]   opt[447]: (-5.969, -0.601, 0.015)
[trajectory_generator_node-7] [DIAG]   opt[448]: (-6.095, -0.032, 0.015)
[trajectory_generator_node-7] [DIAG]   opt[449]: (-6.064, 0.063, 0.015)
[trajectory_generator_node-7] [DIAG]   opt[450]: (-5.969, -0.601, 0.015)
[trajectory_generator_node-7] [DIAG]   opt[451]: (-6.095, -0.032, 0.015)
[trajectory_generator_node-7] [DIAG]   opt[452]: (-6.064, 0.063, 0.015)
[trajectory_generator_node-7] [DIAG]   opt[453]: (-5.969, -0.601, 0.015)
[trajectory_generator_node-7] [DIAG]   opt[454]: (-6.095, -0.032, 0.015)
[trajectory_generator_node-7] [DIAG]   opt[455]: (-6.064, 0.063, 0.015)
[trajectory_generator_node-7] [DIAG]   opt[456]: (-5.969, -0.601, 0.015)
[trajectory_generator_node-7] [DIAG]   opt[457]: (-6.095, -0.032, 0.015)
[trajectory_generator_node-7] [DIAG]   opt[458]: (-6.064, 0.063, 0.015)
[trajectory_generator_node-7] [DIAG]   opt[459]: (-5.969, -0.601, 0.015)
[trajectory_generator_node-7] [DIAG]   opt[460]: (-6.095, -0.032, 0.015)
[trajectory_generator_node-7] [DIAG]   opt[461]: (-6.064, 0.063, 0.015)
[trajectory_generator_node-7] [DIAG]   opt[462]: (-5.969, -0.601, 0.015)
[trajectory_generator_node-7] [DIAG]   opt[463]: (-6.095, -0.032, 0.015)
[trajectory_generator_node-7] [DIAG]   opt[464]: (-6.064, 0.063, 0.015)
[trajectory_generator_node-7] [DIAG]   opt[465]: (-5.969, -0.601, 0.015)
[trajectory_generator_node-7] [DIAG]   opt[466]: (-6.095, -0.032, 0.015)
[trajectory_generator_node-7] [DIAG]   opt[467]: (-6.064, 0.063, 0.015)
[trajectory_generator_node-7] [DIAG]   opt[468]: (-5.969, -0.601, 0.015)
[trajectory_generator_node-7] [DIAG]   opt[469]: (-6.095, -0.032, 0.015)
[trajectory_generator_node-7] [DIAG]   opt[470]: (-6.064, 0.063, 0.015)
[trajectory_generator_node-7] [DIAG]   opt[471]: (-5.969, -0.601, 0.015)
[trajectory_generator_node-7] [DIAG]   opt[472]: (-6.095, -0.032, 0.015)
[trajectory_generator_node-7] [DIAG]   opt[473]: (-6.064, 0.063, 0.015)
[trajectory_generator_node-7] [DIAG]   opt[474]: (-5.969, -0.601, 0.015)
[trajectory_generator_node-7] [DIAG]   opt[475]: (-6.095, -0.032, 0.015)
[trajectory_generator_node-7] [DIAG]   opt[476]: (-6.064, 0.063, 0.015)
[trajectory_generator_node-7] [DIAG]   opt[477]: (-5.969, -0.601, 0.015)
[trajectory_generator_node-7] [DIAG]   opt[478]: (-6.095, -0.032, 0.015)
[trajectory_generator_node-7] [DIAG]   opt[479]: (-6.064, 0.063, 0.015)
[trajectory_generator_node-7] [DIAG]   opt[480]: (-5.969, -0.601, 0.015)
[trajectory_generator_node-7] [DIAG]   opt[481]: (-6.095, -0.032, 0.015)
[trajectory_generator_node-7] [DIAG]   opt[482]: (-6.064, 0.063, 0.015)
[trajectory_generator_node-7] [DIAG]   opt[483]: (-5.969, -0.601, 0.015)
[trajectory_generator_node-7] [DIAG]   opt[484]: (-6.095, -0.032, 0.015)
[trajectory_generator_node-7] [DIAG]   opt[485]: (-6.064, 0.063, 0.015)
[trajectory_generator_node-7] [DIAG]   opt[486]: (-5.969, -0.601, 0.015)
[trajectory_generator_node-7] [DIAG]   opt[487]: (-6.095, -0.032, 0.015)
[trajectory_generator_node-7] [DIAG]   opt[488]: (-6.064, 0.063, 0.015)
[trajectory_generator_node-7] [DIAG]   opt[489]: (-5.969, -0.601, 0.015)
[trajectory_generator_node-7] [DIAG]   opt[490]: (-6.095, -0.032, 0.015)
[trajectory_generator_node-7] [DIAG]   opt[491]: (-6.064, 0.063, 0.015)
[trajectory_generator_node-7] [DIAG]   opt[492]: (-5.969, -0.601, 0.015)
[trajectory_generator_node-7] [DIAG]   opt[493]: (-6.095, -0.032, 0.015)
[trajectory_generator_node-7] [DIAG]   opt[494]: (-6.064, 0.063, 0.015)
[trajectory_generator_node-7] [DIAG]   opt[495]: (-5.969, -0.601, 0.015)
[trajectory_generator_node-7] [DIAG]   opt[496]: (-6.095, -0.032, 0.015)
[trajectory_generator_node-7] [DIAG]   opt[497]: (-6.064, 0.063, 0.015)
[trajectory_generator_node-7] [DIAG]   opt[498]: (-5.969, -0.601, 0.015)
[trajectory_generator_node-7] [DIAG]   opt[499]: (-6.095, -0.032, 0.015)
[trajectory_generator_node-7] [DIAG]   opt[500]: (-5.643, 1.328, 0.015)
[trajectory_generator_node-7] [DIAG]   opt[501]: (-5.169, 0.396, 0.015)
[trajectory_generator_node-7] [DIAG]   opt[502]: (-3.219, 2.146, 0.015)
[trajectory_generator_node-7] optimized_path size: 503
[trajectory_generator_node-7] [Manager] reference_speed: (0.25)
[hdl_localization_node-16] [INFO] [1790456624.167814873] [sim_ndt]: scan points: raw=1317 downsampled=1086 (leaf=0.05 m)
[hdl_localization_node-16] [INFO] [1790456624.174130858] [sim_ndt]: Metrics -> Error: 823.638 (RMSE ~28.6991 m) | Time: 0 ms | CovTrace: 0.555219 | Converged: True
[trajectory_generator_node-7] [LBFGS] search direction d:  5.03546e-05 -2.09549e-05  1.02788e-05  2.71284e-05 -1.12054e-05  3.40159e-06   5.8009e-05 -1.34946e-05 -9.39351e-06 -0.000282707 -4.42193e-05 -1.91556e-05 -1.93381e-06 -1.65723e-05  0.000138085 -2.23337e-05  1.17975e-05 -2.69596e-05 -6.37177e-05 -3.42302e-05 -3.12569e-05 -9.37542e-06 -1.26795e-05  5.56474e-05  3.59705e-05  2.27894e-06 -4.16124e-06  1.71129e-05 -5.26031e-05  0.000136109 -1.69124e-05  2.17867e-06 -4.11999e-05  0.000141413  1.41708e-05   1.4196e-05 -8.99511e-06 -0.000133628 -0.000114814 -6.30095e-06  1.42045e-05 -2.66621e-05  0.000138868  1.94171e-05  2.14672e-05 -1.69159e-05 -0.000275771  0.000741536  9.23709e-06 -2.55604e-06 -1.54712e-05  6.21115e-05   2.0406e-05  1.34714e-05 -7.32835e-06 -0.000722723 -0.000320637  2.49984e-05 -3.58628e-06 -9.46106e-05 -5.29937e-05   1.2272e-05 -4.26198e-06  8.30111e-07  -4.4076e-05 -7.72258e-05  2.57822e-05 -2.06777e-05 -0.000793672 -0.000174307  1.07106e-05  1.92617e-05  5.63036e-06 -1.26446e-05  5.39749e-05  5.03033e-05  1.64463e-05 -0.000561948   -6.113e-05  4.66416e-06  4.19935e-05  1.61069e-05  2.41447e-05  0.000140946  1.13449e-05  1.31808e-05 -9.89532e-07  0.000172254  1.46299e-06  6.78452e-05  2.31464e-05   7.5263e-05  0.000216454  1.00047e-05  1.26534e-05  0.000182268  0.000152036  1.07495e-05  0.000129932  2.63502e-05  0.000101569  0.000165212  1.73959e-05  1.51805e-05  0.000312153  0.000110974  2.60849e-05 -0.000119648  3.22988e-05  0.000140993  2.27277e-05   1.0337e-05  1.99665e-05  0.000349897   9.1626e-05  2.84017e-05  4.29788e-05  3.17019e-05  7.91396e-06 -7.47115e-05  1.34338e-05  5.64988e-06  0.000334561  7.51528e-05   3.4219e-05 -1.60685e-05  2.75362e-05 -6.59816e-05  -0.00120369  7.13873e-06  4.66583e-05   0.00022081  1.11687e-05  3.97367e-05  6.29952e-05   1.8988e-05 -0.000165111 -0.000685909 -1.08676e-05  7.79937e-06  2.06984e-05  -2.8831e-05  2.14415e-05 -2.22096e-05   2.4219e-05 -8.97944e-05 -0.000126869   1.7204e-05 -2.40148e-05 -0.000108157 -0.000524323  1.57081e-05   -8.136e-05  2.13152e-05  3.06816e-05  7.04855e-05  1.25031e-05 -3.11367e-05  -0.00023787 -0.000313853  5.30708e-06 -3.98095e-05 -2.69644e-06  5.30531e-05   3.3796e-05 -1.11682e-06 -1.16211e-05   0.00134414 -7.32808e-05 -7.40902e-06 -2.11888e-06 -3.47504e-06  7.89198e-05  1.36946e-05   6.5194e-06 -4.97656e-06  0.000970988 -2.50382e-05 -1.20739e-05  9.36828e-06 -9.69967e-06  6.60265e-05  3.06955e-05  3.24193e-05 -2.59788e-05 -0.000268938 -4.46022e-05 -1.94271e-05 -2.38711e-05  7.87725e-07  -0.00017668   0.00023942 -2.24943e-05 -6.00792e-06  7.79698e-05 -6.43246e-05  0.000100758 -1.17936e-05  -8.3282e-06  5.55225e-06  7.22424e-05  5.72369e-06 -4.68831e-06 -1.33393e-05 -0.000146742 -0.000268457 -1.40626e-05   8.1309e-06 -6.41509e-06  0.000115121  1.04857e-05  1.53418e-05 -5.89425e-06  -1.5059e-05  0.000881348  1.17211e-06  5.40966e-07 -1.15623e-05  0.000128992  2.23551e-05  -0.00011053 -7.69457e-06 -0.000442443  0.000192016  3.77908e-06 -9.30451e-07 -1.14622e-05  2.89545e-05   2.3474e-05 -0.000120567 -3.95493e-06  -7.9717e-05 -0.000139968  2.92465e-05  1.60597e-05 -0.000175043 -8.09261e-05  1.10618e-05 -2.44718e-06  2.69451e-06 -3.66413e-05 -2.98365e-05  1.97692e-05 -7.39804e-06 -0.000869472 -0.000134883  7.78799e-06  3.65118e-05   7.5798e-06  1.91353e-06  7.89797e-05  3.95285e-05  1.94106e-05 -0.000116768 -2.06742e-05  4.09621e-06 -6.82756e-05  1.40277e-05  5.19818e-05   0.00018208  1.41794e-05  1.29967e-05   7.3907e-05  0.000165124  1.36097e-05  7.58444e-05  2.52447e-05  8.66855e-05   0.00021357   2.2867e-05   1.0916e-05  0.000222863  0.000149932   1.8581e-05 -3.90591e-06  3.07228e-05  0.000132887  0.000127584  1.92853e-05  1.48093e-05  0.000328104  0.000108205  3.04047e-05  -0.00012188  3.20417e-05  0.000144512 -3.05781e-05   8.6887e-06  1.70897e-05  0.000335418  8.15242e-05  3.01674e-05  4.01035e-07  2.80742e-05 -4.42439e-05 -0.000140419   5.9024e-06  1.96691e-05  0.000333062  5.09364e-05  4.45706e-05  1.70652e-05  3.87063e-05 -9.43363e-05 -0.000645683  2.21295e-05  2.68421e-05  0.000135989 -5.26869e-06  2.86285e-05 -2.96838e-05  2.76008e-05 -0.000129439  -0.00032578  6.79063e-06 -2.39568e-06 -3.19779e-05 -3.52789e-05  1.44619e-05  2.87988e-06  2.80677e-05 -4.64411e-05 -3.70022e-05  1.33441e-05 -2.61262e-05 -0.000151932 -0.000193656  1.47896e-05 -5.80183e-05  9.33247e-06  5.59214e-05  7.64353e-05  2.05653e-05 -1.76619e-05 -0.000231069 -0.000143143   3.8295e-06 -2.79471e-05 -2.98152e-06  7.40784e-05  1.85551e-05  1.68217e-05 -1.47713e-05 -0.000878409 -0.000229178  -2.8926e-06 -3.29257e-06 -1.25965e-07  6.58268e-05  1.58808e-05  7.10807e-06 -3.12909e-05  0.000455435 -2.44251e-05 -1.78388e-05 -9.32806e-06  4.34118e-06 -0.000159102  0.000260463   2.4844e-06  3.06669e-07 -0.000228629 -0.000109468 -1.34056e-05 -2.90504e-05  1.02937e-06 -0.000150071  0.000278194 -2.28422e-06 -1.76384e-05 -2.61497e-05 -2.49876e-05  0.000173899 -1.48563e-05 -3.56456e-06 -6.86947e-06  0.000104836   1.9448e-05  9.38794e-06  -8.6969e-06   -0.0002039 -0.000466348  -1.4755e-05   1.1071e-05  5.76488e-07  0.000106622   1.5217e-05  2.02793e-05 -1.41519e-05 -7.58509e-05  0.000796206  6.29588e-07 -6.25192e-06  -1.4958e-06  8.95181e-05  2.25308e-05 -1.36379e-07 -4.86155e-06 -0.000378823  4.22419e-05  1.84628e-05   6.0343e-06  -4.8301e-05  -1.0697e-05  1.69782e-05 -9.10889e-06 -3.08721e-06 -6.77088e-05 -0.000110119   2.5184e-05 -3.59189e-06 -0.000405403 -0.000151449  1.26425e-05 -2.66438e-06  4.11981e-06 -3.63399e-05   1.5699e-05  5.24727e-05  9.13189e-06  -0.00108084 -6.85244e-05  3.63461e-06  0.000107828  1.15393e-05  7.18655e-06  0.000108476  8.67255e-06  1.48142e-05 -5.93566e-05  0.000120882  4.01624e-06  5.88647e-05  1.48765e-05   6.0115e-05  0.000199561  1.43502e-05  1.17811e-05  0.000135982  0.000161224  1.11926e-05  0.000131928  2.56238e-05  9.66176e-05  0.000217791  2.06371e-05  1.48281e-05  0.000277237  0.000145878  2.21616e-05 -8.51177e-05  3.25014e-05  0.000135791  6.45296e-05  1.39274e-05  1.81128e-05  0.000342813  9.98774e-05   2.9701e-05 -2.38336e-05  2.79049e-05  6.61518e-05 -5.54573e-05  6.71883e-06  1.53079e-05  0.000336988  7.94894e-05  3.18839e-05 -0.000212716  2.63825e-05 -6.13712e-05 -0.000530082  2.65177e-06  2.83238e-05  0.000264776  2.77158e-05  3.87397e-05  2.01914e-05  3.21575e-05 -0.000143633 -0.000957334 -1.65755e-05  1.09473e-05  7.28228e-05 -1.35113e-05    2.492e-05 -4.83136e-05  1.40935e-05 -9.80483e-05 -0.000159415  1.39882e-05 -2.72212e-06 -8.10875e-05 -3.78654e-05  1.52534e-05 -4.76623e-05  2.78199e-05 -1.88866e-07   3.5057e-05  9.56546e-06 -3.18209e-05 -0.000203657 -0.000549739  1.13735e-05 -5.02752e-05  4.09163e-06  5.18006e-05  4.19181e-05  1.44483e-05 -2.84037e-05   0.00143356 -8.86576e-06  1.68023e-06 -1.07511e-05  2.50179e-06  9.65424e-05  2.77944e-07  1.63239e-05 -1.02094e-05  -5.1219e-05 -0.000131816 -2.95039e-06 -3.39879e-06 -3.83176e-06  6.05008e-05  2.58545e-05 -3.25253e-06 -3.47589e-05 -8.92913e-05 -3.90987e-05 -2.34382e-05 -1.08341e-05 -5.69905e-06 -6.08126e-05  0.000179829  1.60746e-06 -2.22296e-05 -4.60392e-05 -3.88838e-05 -2.95952e-05 -8.33407e-06 -1.31897e-05   6.6413e-05  2.42733e-05  3.11489e-06 -4.44552e-06  1.20987e-05 -6.25676e-05  0.000122565 -1.69099e-05  2.81576e-06 -4.06555e-05  0.000140912  1.30453e-05  1.42016e-05 -8.95471e-06 -0.000122379 -9.05864e-05 -5.51638e-06  1.42577e-05 -2.89113e-05  0.000140445  2.05986e-05  1.90218e-05 -1.51948e-05 -0.000276509  0.000739186  9.43197e-06 -3.10442e-06 -1.56427e-05  5.40002e-05   2.0273e-05  6.59306e-06 -7.03843e-06 -0.000436429   0.00122639   4.0261e-05 -3.21612e-06 -0.000111645 -5.09502e-05  1.26356e-05 -1.19171e-06  1.15544e-06 -4.29289e-05 -7.24369e-05  2.56912e-05 -2.26233e-05 -0.000859513 -0.000184275  9.31236e-06 -5.85254e-05  4.84147e-06 -1.09551e-05   5.7472e-05  5.19774e-05  1.72413e-05 -0.000316048 -6.03746e-05  4.46598e-06  4.01675e-05  1.63435e-05  2.68437e-05  0.000146031  1.15953e-05  1.34475e-05  7.27815e-06  0.000171511  2.75344e-06  6.88429e-05  2.33167e-05  7.98542e-05  0.000221361  1.95502e-05  1.09594e-05  0.000188604  0.000151457  1.37813e-05  0.000124419  3.12613e-05  0.000102764  0.000162871  1.67811e-05  1.56181e-05  0.000315971  0.000109527  2.65505e-05 -0.000252388  3.25538e-05  0.000139789   1.7887e-05  1.09675e-05   1.8783e-05  0.000346084  9.00629e-05  2.85348e-05  4.31745e-05  3.10313e-05 -1.73689e-05 -7.81149e-05   1.5185e-05 -5.65456e-07  0.000333222  7.03346e-05  3.46064e-05 -1.56486e-05  2.73454e-05 -6.37189e-05   -0.0012192  1.11539e-05  1.31545e-05  0.000186967 -5.72741e-06  3.97404e-05  3.92649e-05  2.39164e-05 -0.000166878 -0.000682509 -1.09735e-05   7.4955e-06   1.4794e-05 -2.99571e-05  2.08992e-05 -1.95858e-05  2.55519e-05  -8.7113e-05 -0.000116879  1.48716e-05 -2.26238e-05 -0.000113094 -0.000792052  1.56949e-05 -7.93554e-05  2.02425e-05  3.29801e-05  7.21263e-05  1.33829e-05  -2.9872e-05 -0.000242704 -0.000311635  5.24033e-06 -3.82755e-05 -3.39526e-06  4.93839e-05  3.82715e-05 -6.53738e-07 -2.47265e-05 -0.000582013 -8.39784e-05 -7.77066e-06 -4.22359e-06 -3.31556e-06  7.87027e-05  1.34762e-05  1.41682e-05 -4.04692e-06   0.00093021 -1.66363e-05 -1.28342e-05   9.2613e-06  -1.0393e-05   6.7391e-05  2.82966e-05  3.30875e-05 -2.73179e-05 -0.000277395  -4.1872e-05 -1.84919e-05 -2.54241e-05  2.62727e-06 -0.000205409  0.000268632 -2.23164e-05 -8.61183e-06  3.64868e-05 -6.07134e-05  0.000113577 -1.25346e-05 -8.24961e-06  2.86352e-06  7.59962e-05  6.24722e-06 -2.27473e-06 -1.27103e-05 -0.000163834 -0.000291616 -1.40771e-05  1.85057e-06  1.37381e-05  8.72064e-05  1.28428e-05  1.56364e-05 -6.14976e-06  2.08784e-05  0.000877369 -7.51388e-07 -3.41257e-07 -8.93369e-06   0.00012449   2.2061e-05 -0.000110304 -7.32804e-06 -0.000480641  6.95707e-05  3.68007e-06 -8.77441e-07 -1.50645e-05  2.31511e-05  2.35066e-05 -0.000113249 -3.85654e-06 -7.80536e-05 -0.000137002  2.67147e-05  1.68492e-05 -0.000218482 -9.38887e-05  1.07703e-05  4.83525e-05 -0.000295798  2.94355e-05  0.000239046  0.000257183  5.01744e-05 -5.91895e-05  0.000166426  0.000414685  2.81451e-05 -1.22979e-05  4.66859e-06  4.55389e-06 -2.55735e-06  6.11742e-05  2.32783e-05 -0.000507585  -9.1431e-06 -2.19759e-06  1.06492e-05  -3.6722e-05  7.85812e-06 -2.67254e-05  2.11186e-05  7.26746e-06  -0.00014806  -0.00042144  6.80752e-05  6.28282e-05 -6.36914e-05   7.9597e-05 -1.32108e-05 -0.000211626 -1.36132e-06  -3.8996e-05 -0.000370454  4.48492e-05  0.000129775 -0.000127053  9.84107e-05 -8.86905e-05 -0.000139529  7.97766e-06 -1.45027e-05 -1.41454e-06 -1.08768e-05 -3.38626e-05 -0.000167739  6.90592e-05 -0.000112617 -0.000110104  1.51029e-06 -8.95954e-07 -2.45548e-05 -9.51625e-05 -0.000160462 -3.84331e-05  6.90634e-09 -3.79684e-05 -0.000190463  2.28451e-05  -0.00013813   -3.084e-05  0.000401128  8.10606e-05 -1.54305e-05  -3.3755e-05 -3.41161e-07 -0.000182867  4.99862e-05 -6.61934e-05 -4.00512e-05  4.15899e-05  -0.00139669   5.8336e-05 -1.63687e-05 -3.23391e-05  1.85837e-05  4.87885e-06 -8.87054e-05   -5.316e-05  5.56824e-05  0.000193642  7.86761e-05   6.9687e-05   0.00045927  0.000192582 -4.31165e-05  0.000119509 -4.05766e-05 -1.95998e-05 -1.88422e-05  0.000130578 -4.94161e-05  9.99176e-05  4.72706e-05 -4.20215e-05  4.43614e-05 -3.23928e-05 -0.000130049 -0.000108974  3.33012e-05 -4.05614e-05  3.59501e-05 -0.000531798 -7.76043e-05  1.97984e-05  -2.2003e-05 -0.000245889 -0.000147008 -6.66021e-06  -4.0527e-05 -9.66031e-05 -0.000425657 -5.09481e-05  0.000103114 -5.44194e-06 -0.000339278  -0.00012456 -7.35244e-05 -5.05235e-05 -0.000168243 -0.000357376 -2.82664e-05  2.78333e-05  5.48843e-07 -0.000441987  2.66364e-05 -6.75703e-05 -5.90877e-05 -0.000259377  -0.00026036 -1.53948e-05 -0.000126739  4.69951e-06 -0.000154622  0.000121407 -9.19719e-05 -5.94528e-05 -0.000307017 -0.000192454  5.38654e-06 -0.000281279   1.7156e-06  5.60069e-05   6.0878e-05 -0.000130045  2.48845e-05 -0.000213192 -6.19002e-05  6.80967e-06 -0.000100789  -7.2969e-05  0.000192415   0.00045587  1.83257e-05 -4.11355e-05  6.02331e-05  2.59669e-05 -7.41964e-06 -0.000154016 -6.42592e-05  7.03954e-05  2.51184e-05 -5.64394e-05  6.21328e-05  0.000357582  4.33183e-05 -1.49683e-05 -6.52321e-05 -7.12569e-05  -0.00010706  -0.00010075 -1.73117e-07 -3.61679e-05  0.000721732  0.000604926 -3.75705e-06  2.42121e-05   4.0747e-05  -0.00014233 -0.000131981     5.63e-05 -0.000137449  -0.00211608 -5.03191e-05 -1.82124e-05  2.72676e-05   2.1661e-05 -0.000169617 -0.000117193  7.63042e-05 -0.000191328  -0.00012377 -5.68773e-05  2.84325e-05 -8.54812e-07  6.79241e-05 -8.19758e-05 -0.000156797  3.57053e-06 -4.87474e-05 -0.000194806  5.33765e-05  8.18407e-05 -9.53187e-05  7.58987e-05  0.000210253 -0.000388788   2.1537e-05 -2.69732e-05 -0.000117348  4.13598e-05  0.000220575 -0.000130439   0.00010162 -0.000115258 -8.69805e-05 -4.44883e-06  5.59243e-07  3.25864e-05 -8.39179e-05 -0.000375596 -0.000132531   5.6872e-05 -0.000134483 -0.000104504  1.51212e-06 -8.61969e-05 -2.24443e-05  6.44242e-05   6.0698e-05 -6.36272e-05  1.25762e-05 -4.35633e-06 -0.000200703  3.52837e-05 -0.000121573 -2.78248e-05  0.000663536  -0.00030159 -4.16541e-05  3.40864e-06 -3.55583e-05 -0.000116359  5.21218e-05 -9.42967e-05 -5.38312e-05  5.89908e-05   0.00036183  0.000129459 -3.29758e-05   9.8554e-05  0.000110026 -7.35928e-06 -2.16235e-05 -4.95713e-05   3.3009e-05  0.000115309  7.72755e-05  6.06904e-05   0.00092541  0.000165107 -4.72457e-05  1.87432e-05 -4.08478e-05 -4.83798e-05 -5.74132e-05  8.62136e-05 -6.80178e-05  0.000130704 -0.000110394 -5.14762e-05   1.8619e-05 -2.82928e-05 -0.000174167 -0.000127214  4.58448e-05 -4.30891e-05 -3.13562e-05 -0.000484908 -6.81297e-05  0.000190554 -1.24555e-05 -0.000273309  -0.00012732 -3.51563e-05 -5.10368e-05 -0.000138871 -0.000405097 -5.58003e-05  8.78108e-05  5.73855e-06 -0.000375779 -7.42627e-05 -5.85949e-05 -4.79084e-05 -0.000203108 -0.000327953 -1.75037e-05  2.59415e-05  4.71011e-07 -0.000477026  7.95017e-05 -4.97558e-05 -3.88589e-05 -0.000270033 -0.000227295 -3.73289e-06 -5.91224e-05  8.97478e-06  4.67205e-05  0.000139938 -0.000197972    7.135e-05 -0.000303372  -0.00015757  1.05821e-05 -0.000265989  4.06597e-06  9.68107e-05   0.00111864 -5.44193e-05  -7.5282e-06 -0.000112355 -2.29073e-05  -2.2412e-06 -0.000166223 -4.47178e-05  0.000178884  0.000258391 -6.79346e-06 -7.02209e-05  0.000157578  4.24801e-05 -1.38686e-05 -0.000131394 -5.41719e-05 -1.29393e-05 -5.83732e-05 -4.63505e-05  0.000161851  0.000480881  0.000864606 -8.85178e-06 -1.16981e-05 -4.86105e-05 -9.97142e-05 -0.000121371  2.50335e-05 -9.78044e-05  0.000941951  0.000361174 -1.32319e-05  2.46321e-05  3.02251e-05 -0.000165801 -0.000122586  0.000107212 -0.000202012  -0.00216225 -0.000165114 -2.80149e-06  1.73734e-05  1.61149e-05 -0.000137729 -0.000131979  3.52323e-05 -9.56826e-05  6.90696e-05  7.04432e-06  4.82405e-05 -3.61897e-05  6.38937e-05 -0.000277187   2.8701e-05 -5.97906e-06 -7.48948e-05 -0.000374069 -1.29518e-05  0.000131227 -0.000141903  0.000101564 -0.000168777 -5.91913e-05  3.46044e-06  -5.0565e-06   9.8271e-05  5.18233e-05  0.000106018 -0.000165327  8.83078e-05 -0.000137066 -8.90059e-05 -2.23287e-06  2.06705e-06 -1.15706e-05 -0.000122784 -0.000426772 -0.000107112  2.65078e-05 -0.000102652 -0.000147632  9.14815e-06 -0.000118621 -2.02186e-05  0.000240161  4.14089e-05 -6.65174e-05  5.44166e-07 -4.36045e-06 -0.000207829  4.31277e-05 -0.000119322 -3.34224e-05  0.000766765 -0.000316365  3.51185e-05 -1.91458e-05 -4.74626e-05 -4.69709e-05    3.452e-05 -0.000113043 -5.36462e-05  5.52804e-05  0.000274066  0.000114839  2.92308e-05  0.000286354  0.000186171 -3.32215e-05  2.04902e-05 -4.83709e-05 -2.05032e-06  3.76414e-05  0.000129395 -2.97227e-05  4.39165e-05  5.77595e-05 -3.96052e-05 -2.31371e-06 -3.92134e-05 -9.94663e-05 -8.73341e-05  1.85934e-05 -2.84273e-05  8.73707e-05 -0.000474564 -7.15883e-05  9.11949e-06 -2.89898e-05 -0.000209717 -0.000140643  1.03917e-05 -5.86389e-05 -6.52228e-05 -0.000460766 -5.88899e-05 -0.000148787 -1.09247e-05 -0.000315781 -0.000120387 -5.06501e-05 -6.66729e-05 -0.000173186 -0.000386801 -4.22218e-05  4.01858e-05 -6.02482e-07 -0.000406529 -1.74686e-05  -6.5738e-05 -5.52122e-05 -0.000232584 -0.000293548  -1.2567e-05  3.01364e-05 -8.17602e-07 -0.000410522  8.84553e-05 -8.62614e-05 -5.29287e-05 -0.000280334 -0.000215992  3.40349e-06 -0.000223189 -3.72784e-06  4.57708e-05  0.000142916 -0.000173765  3.22561e-05 -0.000258798 -9.95716e-05  8.31956e-06 -0.000209475 -1.97345e-05   0.00016906  0.000772063  4.13096e-05 -8.60683e-05 -2.52326e-05   9.0665e-07 -4.48199e-06 -0.000148016 -2.91013e-05  0.000116796  8.18068e-05 -3.12465e-05  -9.1417e-05  0.000272594  5.99149e-05 -1.45419e-05 -0.000140636 -7.64806e-05 -7.48379e-05 -8.68112e-05 -2.45373e-05  2.71245e-05  0.000618593  0.000794398  6.48294e-06  1.58642e-05 -1.15294e-05 -0.000108384 -0.000161341  3.98488e-05 -0.000112185  2.19222e-05  0.000133524 -2.02733e-05  2.97459e-05 -1.52975e-05 -0.000189419 -0.000100638  0.000119287 -0.000206833  -0.00152168 -0.000128124   1.4019e-05 -1.24405e-05  3.32141e-05 -0.000124277 -0.000133699  2.05026e-05 -0.000101581   0.00013317  5.77355e-05  6.30757e-05 -7.35408e-05  8.77826e-05 -0.000146761 -7.53148e-05 -7.99063e-06 -3.16129e-05 -0.000371721  4.57159e-05  0.000136824 -0.000129745  9.73661e-05 -7.63965e-05 -0.000151395  8.75993e-06 -1.23961e-05  3.52669e-06 -1.64043e-05 -4.98221e-05 -0.000165785  6.86254e-05 -0.000112224 -0.000110022     1.82e-06  -2.2307e-06 -2.56373e-05  -8.6731e-05 -0.000143838 -3.08742e-05 -3.31191e-06 -3.08901e-05   -0.0001948  2.53305e-05 -0.000142182 -3.38388e-05  0.000437388  7.84411e-05 -1.59421e-05  -3.0087e-05 -5.97915e-06 -0.000172427  4.76954e-05 -5.87435e-05 -4.93337e-05  7.57238e-05  -0.00145328  9.31526e-05 -5.96196e-05  -9.2155e-06  1.20477e-05  7.77716e-06 -2.96904e-05  -5.0513e-05  5.23758e-05   0.00018447  7.66768e-05   7.7272e-05  0.000480871  0.000204271  -5.0708e-05 -6.07029e-06  -4.7897e-05 -2.37642e-05 -2.46596e-05  0.000131346 -5.35235e-05  0.000141899  4.57843e-05 -4.23736e-05  5.46432e-05 -3.13403e-05 -0.000134992 -0.000112323  3.45972e-05 -4.27254e-05   2.8737e-05  -0.00052674  -7.6848e-05  3.57318e-05 -2.10551e-05 -0.000251561 -0.000145643 -8.95832e-06  -3.8406e-05 -0.000104941 -0.000422043 -6.18202e-05  0.000170016  2.92644e-06 -0.000342726 -0.000121467 -7.34086e-05 -5.21221e-05 -0.000173623 -0.000351355 -2.75335e-05   7.5848e-05  3.13475e-06 -0.000444143  3.82195e-05 -5.13723e-05  -5.3237e-05 -0.000266231 -0.000252247 -1.39632e-05  -0.00011731  6.62252e-06 -0.000113375  0.000124267 -0.000101235 -6.51999e-05 -0.000305321 -0.000189366  6.14149e-06 -0.000301214  2.75597e-06  5.66985e-05  5.36026e-05 -0.000147349  6.74068e-05 -0.000163378 -4.06243e-05  5.52039e-06 -0.000131706 -7.22027e-05  0.000197853  0.000449802    2.025e-05 -4.54503e-05  7.02216e-05  2.88176e-05 -7.46656e-06 -0.000153335 -6.27998e-05  5.59198e-05  9.41685e-06 -5.77041e-05  5.57602e-05   0.00037167  3.93376e-05 -1.47125e-05 -5.82288e-05 -6.97687e-05 -0.000107599 -0.000103777  2.81388e-06 -4.29727e-05  0.000740406  0.000570108 -5.04867e-06  2.47507e-05  4.40574e-05 -0.000132414   -0.0001476  8.44407e-05 -0.000164632  -0.00259535 -8.59235e-05 -1.05211e-05  2.35299e-05   2.6791e-05 -0.000170828 -0.000116422  5.26708e-05 -0.000189132 -9.63065e-05  -5.1032e-05  3.07536e-05 -3.44868e-06  6.92538e-05 -8.05213e-05 -0.000155861  3.59732e-06 -4.31975e-05 -0.000212593  5.16512e-05  8.58307e-05 -9.98069e-05  7.80343e-05  0.000185339 -0.000366249  2.41618e-05 -2.99063e-05  8.32832e-05  3.90324e-05  0.000216064 -0.000133891  0.000102179  -0.00011885 -8.39481e-05 -5.11206e-06 -1.83963e-07  2.84523e-05 -9.29783e-05 -0.000384599 -0.000127554  5.17005e-05 -0.000124957  -0.00013164 -4.99596e-06 -9.01781e-05  -2.2269e-05  9.82596e-05  5.11066e-05 -7.88586e-05  1.60042e-05 -7.24049e-06 -0.000197552  3.64055e-05 -0.000106383  -2.7157e-05  0.000686654 -0.000400387 -4.04595e-05  5.08674e-06 -3.78091e-05 -0.000109294  5.22841e-05 -7.99736e-05 -5.35272e-05  5.89915e-05  0.000349643  0.000130702 -7.71043e-06  0.000152218  0.000142582 -2.00162e-05  0.000104325 -0.000180603  1.88958e-05   0.00018901 -1.59302e-05 -2.33761e-05  4.65579e-05  7.16088e-05 -0.000808969 -5.16784e-05  3.19955e-05 -1.75538e-05   6.0734e-06 -1.86201e-06 -1.27548e-05  5.49093e-05 -0.000107232 -0.000125537  7.22408e-05 -2.84858e-05  3.59863e-05 -1.99313e-05  4.61807e-05  1.28613e-05  4.21395e-05 -1.50816e-06  3.84935e-05  0.000314089  0.000314197  1.92012e-05 -2.79964e-06  0.000177304   8.3587e-06  0.000144357 -2.42497e-05  2.39672e-05  0.000303615  0.000302254  1.54223e-05  3.65009e-07  0.000180458  1.16209e-05  0.000153276 -2.51577e-05  2.60884e-05  0.000334856  0.000347267  2.79328e-05 -5.65936e-07  0.000165586  2.41784e-05  0.000153498 -2.73246e-05   3.2122e-05  0.000383779  0.000414232   4.4123e-05 -2.88025e-06  0.000145787  2.24866e-05  0.000129583 -2.14014e-05  3.24385e-05  0.000388158  0.000432247  4.34204e-05 -1.04491e-05  0.000119597  2.89678e-05  0.000116546 -1.89742e-05  3.51701e-05    0.0004131  0.000468845  4.88708e-05 -1.23658e-05  0.000109843  2.56199e-05  0.000108262 -1.40534e-05  3.19407e-05  0.000393038   0.00043432  2.25707e-05 -8.32437e-06  0.000133088  2.57667e-05  9.57425e-05 -1.40891e-05  2.88084e-05  0.000370308  0.000382575 -7.75295e-06  8.13252e-06  0.000161623  2.25657e-05  8.43192e-05 -8.87272e-06  1.99663e-05  0.000311477    0.0003086 -3.01251e-05  2.54243e-05  0.000150566  2.95303e-05  9.25257e-05 -4.41236e-06  1.83071e-05   0.00026771  0.000230109 -4.19457e-05  5.55741e-06  6.49885e-05  6.02117e-05  0.000129157 -2.16294e-06  1.07438e-05  0.000226272  0.000164484 -4.75859e-05  1.27406e-05   5.0779e-05  0.000104746  0.000170235  1.53809e-06  7.90322e-06  0.000191621  0.000104585 -5.42129e-05  3.55032e-05  8.07891e-05  0.000152209  0.000205068  9.46363e-06  2.80579e-06  0.000144658  5.86101e-05 -4.37543e-05  4.45643e-05  8.57248e-05  0.000212303  0.000250742  1.05766e-05 -1.56444e-06  0.000138144  3.63866e-05 -1.57065e-05  2.61133e-05  5.93988e-05  0.000272444  0.000285823  1.35693e-05 -1.48591e-06   0.00014996  3.23855e-05 -1.84859e-06  1.80779e-05  5.74019e-05  0.000330752  0.000325374  1.54791e-05 -6.31613e-06  0.000167665  3.28983e-05  1.84045e-05  2.84126e-06  5.16217e-05  0.000389724  0.000362035  1.74372e-05 -8.64746e-06  0.000179087  2.62395e-05  3.33111e-05 -5.28599e-06  5.53065e-05   0.00041659  0.000377395  2.17259e-05 -4.09577e-06  0.000188085  1.45772e-05  4.26117e-05 -1.02801e-05  5.81799e-05  0.000400242  0.000354941  1.98485e-05 -9.91391e-06   0.00016437  6.24306e-06  6.82251e-05 -1.20038e-05  4.56768e-05  0.000355903  0.000339271  2.42863e-05 -3.88922e-06  0.000173394  1.06239e-05  0.000126891 -2.59643e-05  2.66134e-05  0.000319794  0.000315475  1.89451e-05    -2.24e-06  0.000177297  4.65416e-06  0.000136619 -2.14301e-05  2.46477e-05   0.00030497  0.000311449  2.07151e-05 -2.14213e-07  0.000177038  2.47676e-05  0.000166056   -2.776e-05  2.31989e-05  0.000344093  0.000368436  3.20672e-05 -9.12441e-07  0.000157908  1.83919e-05  0.000138662 -2.51344e-05  3.44763e-05  0.000396052  0.000437644  4.77061e-05 -3.29521e-06  0.000147215  2.42641e-05  0.000125444 -2.01836e-05  3.33215e-05  0.000398593  0.000447283  4.43179e-05 -1.21469e-05  0.000116581  2.47065e-05  0.000106056 -1.66265e-05  3.77605e-05  0.000418962  0.000476381  4.43673e-05 -7.17623e-06  0.000133038   2.1687e-05  0.000101146 -1.22718e-05  3.23098e-05  0.000387786  0.000420343  9.33122e-06  2.61422e-06  0.000168332  2.04622e-05  8.48773e-05 -1.11233e-05  2.77329e-05  0.000352159  0.000356397 -1.51353e-05  7.30277e-06  0.000143138  2.41775e-05  8.82344e-05 -7.88375e-06  2.13848e-05   0.00030663  0.000288028 -3.98053e-05  3.90476e-05  0.000165248   3.8494e-05  0.000105379 -3.62114e-06  1.57351e-05  0.000254615   0.00020858 -4.82553e-05   1.6079e-05  7.82185e-05  7.43478e-05  0.000144173  1.74707e-07  1.09101e-05  0.000213858   0.00014226 -5.09525e-05  1.64859e-05  5.39047e-05   0.00012076  0.000183026  2.06721e-06  4.99254e-06  0.000175688  8.46795e-05 -5.44557e-05  4.93027e-05  9.95722e-05  0.000173528  0.000226569  8.20847e-06   7.7692e-07   0.00014978  5.21779e-05 -2.66194e-05  1.91336e-05   4.7212e-05  0.000235928  0.000261628   1.4781e-05 -6.86541e-07  0.000126267  3.02987e-05 -3.76219e-06  2.02274e-05  5.54908e-05  0.000293556  0.000302595  1.39385e-05 -2.88956e-06  0.000160644  3.30692e-05  2.44977e-06  1.31136e-05  5.49896e-05  0.000352802  0.000343247  1.74137e-05 -6.07502e-06  0.000176277  3.08108e-05  3.02446e-05 -6.55317e-06  4.90212e-05  0.000409857  0.000372503  1.81523e-05  -7.4911e-06  0.000184029  2.28963e-05  4.27362e-05  -8.8286e-06  5.43667e-05  0.000414683  0.000370603  2.08456e-05 -6.07232e-06  0.000181379  1.12577e-05  5.19998e-05 -1.10333e-05  5.21611e-05  0.000377485  0.000338678  2.14545e-05 -6.34365e-06  0.000157233  7.58293e-06  7.87175e-05 -1.65003e-05  3.95703e-05  0.000337938  0.000326384  2.24289e-05 -6.19201e-06  0.000165209  6.69227e-06  0.000132883 -2.33594e-05  2.46604e-05   0.00030619  0.000307319  1.90668e-05  1.41887e-06  0.000185904   1.1232e-05  0.000149578 -1.95376e-05  2.28863e-05  0.000302613  0.000320096  2.27635e-05 -1.23766e-06  0.000168059  2.09721e-05  0.000156855 -2.65539e-05  2.97433e-05  0.000366007  0.000386183  3.55134e-05 -5.73871e-06   0.00013789  1.58677e-05  0.000130778 -2.09572e-05  3.44606e-05  0.000394391  0.000439172  4.43586e-05 -7.53653e-06   0.00013686  2.61627e-05  0.000117949 -1.91523e-05  3.50824e-05  0.000406375  0.000454607  4.74856e-05 -1.24023e-05  0.000107321  2.65402e-05   0.00010241 -1.46093e-05  3.53412e-05  0.000404042  0.000453634  3.33452e-05 -7.43414e-06  0.000133368  2.55397e-05  9.97008e-05 -1.45461e-05  2.86049e-05   0.00037945  0.000405034  1.65851e-06  1.76034e-05  0.000191592  2.18109e-05  8.23068e-05 -1.05498e-05  2.28828e-05  0.000328097  0.000329816 -2.40961e-05  1.58344e-05  0.000146249  2.58987e-05  8.92276e-05 -6.73991e-06  1.99182e-05  0.000288179  0.000255667 -4.30991e-05  1.11759e-05   9.3577e-05  4.82108e-05  0.000114895 -1.93173e-06  1.30902e-05  0.000236983  0.000184691 -4.51839e-05  1.17936e-05  5.69371e-05  9.03968e-05  0.000158337  1.02214e-06  8.90111e-06  0.000202228  0.000122026 -5.36409e-05  2.57472e-05  6.69868e-05  0.000140646  0.000202948  4.54541e-06  3.15824e-06   0.00016583  6.98634e-05 -4.72096e-05  3.49602e-05  7.17146e-05  0.000197064  0.000244644   8.0084e-06  1.32874e-06  0.000153681  4.24929e-05 -2.75397e-05  3.13396e-05  6.65754e-05  0.000257245  0.000280715  1.47277e-05 -1.14482e-06  0.000141559  3.16003e-05 -3.45744e-07  1.55457e-05  5.19788e-05  0.000312077  0.000313479  1.57505e-05 -5.21931e-06  0.000158351  3.17682e-05  3.35376e-06  1.46642e-05  5.96764e-05  0.000364179  0.000344139   1.8121e-05  -8.2598e-06  0.000165555   2.6512e-05  2.93034e-05 -6.38126e-06  5.16362e-05  0.000408194  0.000366644  1.85599e-05 -4.78239e-06  0.000183288  1.70265e-05  3.31242e-05 -4.42584e-06  6.06933e-05  0.000402824  0.000356124  2.03897e-05 -1.04012e-05  0.000164225  9.10088e-06  6.75335e-05 -1.54353e-05  5.01744e-05   0.00038621  0.000358584  2.77929e-05 -6.08573e-06  0.000165032  9.08694e-06  0.000102187 -2.36014e-05  3.42796e-05  0.000334748  0.000324838  2.11573e-05 -2.33739e-06  0.000178374  8.71376e-06  0.000145417 -2.45699e-05  2.39928e-05  0.000304727  0.000303722  1.56333e-05  5.88624e-07  0.000180729  1.20915e-05  0.000153321 -2.52923e-05  2.62149e-05  0.000335999  0.000348839  2.81605e-05 -4.27109e-07  0.000165524  2.44966e-05  0.000153123 -2.73684e-05  3.23498e-05  0.000385308  0.000416378  4.45542e-05 -2.62673e-06  0.000146352  2.26276e-05  0.000129041 -2.18489e-05  3.29238e-05  0.000392056   0.00043603  4.38827e-05 -1.04049e-05  0.000120179  2.90504e-05  0.000116188 -1.93002e-05  3.56616e-05  0.000420008  0.000481968  5.31955e-05 -1.25077e-05  0.000112538  2.64412e-05  0.000111251 -1.49994e-05  3.23606e-05  0.000396162  0.000434415  2.13842e-05 -7.95745e-06  0.000134317   2.6551e-05  9.81604e-05 -1.43731e-05  2.96485e-05  0.000372527  0.000381728  -8.8586e-06  8.99472e-06  0.000161742  2.26295e-05  8.44177e-05 -8.75097e-06  1.98357e-05  0.000310085  0.000306265 -3.07623e-05  2.66703e-05  0.000151162  3.03334e-05  9.36043e-05 -4.37714e-06  1.80187e-05  0.000266509  0.000228398 -4.36831e-05  8.03161e-06   7.0234e-05  6.09486e-05  0.000129135 -7.33083e-07  1.05554e-05  0.000219943  0.000160996 -4.79482e-05   1.3659e-05  5.22865e-05    0.0001057  0.000169462  1.63783e-06  6.93226e-06  0.000187406  0.000101947 -5.64517e-05  4.89742e-05  0.000104548  0.000153197  0.000206159  9.83445e-06  2.78084e-06   0.00014476  5.78109e-05  -4.3304e-05  4.59507e-05  8.79551e-05  0.000215415  0.000253142  1.16297e-05 -1.05563e-06  0.000137572  3.59575e-05 -9.45542e-06  1.79972e-05  5.00142e-05  0.000276732  0.000288741   1.3671e-05 -2.24431e-06  0.000152056  3.30927e-05 -1.70367e-06  1.94456e-05  5.86066e-05  0.000332819  0.000326643  1.55623e-05 -6.24445e-06  0.000168635  3.27214e-05  1.83825e-05  2.88745e-06  5.22698e-05  0.000391496  0.000363147  1.75472e-05 -8.54628e-06  0.000179766  2.58926e-05  3.34825e-05  -5.3089e-06  5.56451e-05  0.000416412  0.000376798  2.16935e-05 -3.92198e-06  0.000188216  1.41937e-05  4.20337e-05 -8.64517e-06  5.56131e-05  0.000388328  0.000348488  1.94385e-05 -9.54306e-06  0.000163885  6.01083e-06  6.91657e-05 -1.21879e-05   4.5312e-05  0.000354486  0.000338336  2.42251e-05 -3.66281e-06  0.000173704  1.07243e-05  0.000128393 -2.61206e-05  2.63488e-05   0.00031851  0.000314567  1.88981e-05 -1.96062e-06   0.00017723  4.84653e-06  0.000136571 -2.01751e-05  2.32087e-05  0.000298304  0.000308653  2.06137e-05  1.29442e-09  0.000176894  2.53879e-05  0.000165972 -2.78986e-05  2.33043e-05  0.000345368  0.000370145  3.12135e-05 -1.80503e-06  0.000155404  1.36907e-05  0.000139403  -2.2417e-05  3.53159e-05  0.000397786   0.00043653  4.56957e-05  -6.3002e-06  0.000140024  2.48846e-05  0.000124634 -2.02019e-05  3.36098e-05  0.000400694  0.000450189  4.47135e-05  -1.2082e-05  0.000117343  2.47242e-05  0.000105441 -1.64946e-05  3.76957e-05  0.000418088  0.000474788   4.3652e-05 -6.65963e-06  0.000134911  2.52259e-05  9.64759e-05  -1.5174e-05 -0.000126521  1.35013e-05  1.64856e-05  0.000107933   1.9574e-05   7.6425e-05 -6.21498e-05  0.000402704   9.4586e-05  8.43761e-05 -2.28405e-05  9.30024e-06     6.14e-06 -8.08649e-06  7.35306e-05 -9.47908e-05   0.00222182
[trajectory_generator_node-7] [Smooth Optimize] MINCO reaches max evaluations: Line search reaches the maximum try number, assumptions not satisfied or precision not achievable.
[trajectory_generator_node-7] [Smooth Optimize] MINCO: cost=979.6 total_T=735.468(init 732.798) max_drift=0.403 max_vel=0.5 segs=775
[trajectory_generator_node-7] [Smooth Resample] resample
[trajectory_generator_node-7] [Smooth Resample] 776 -> 389 waypoints, 388 time segs, max_turn=180.0 deg
[trajectory_generator_node-7] [Manager] optimizer generate time: 0.267708
[trajectory_generator_node-7] [Reference] path size : 389
[trajectory_generator_node-7] [Reference] solvePolyMatrix ENTER: N=388, path_size=389, trap_time_size=388
[trajectory_generator_node-7] [Reference]   path[0]=(-4.8190,-1.7540) path[1]=(-5.2996,-1.3981) t[0]=2.398819 state_vel=(-0.2931,0.1709)
[trajectory_generator_node-7] [Reference] banded solve done. b[0]=0.134413 b[N]=-0.822825 b2[0]=-0.026301 b2[N]=-0.240646
[trajectory_generator_node-7] [Reference] solvePolyMatrix EXIT: polyX[0]=[-0.011903 0.067206 -0.293089 -4.819000]
[trajectory_generator_node-7] [Reference] solvePolyMatrix ENTER: N=388, path_size=389, trap_time_size=388
[trajectory_generator_node-7] [Reference]   path[0]=(-4.8190,-1.7540) path[1]=(-5.2996,-1.3981) t[0]=2.398819 state_vel=(-0.2931,0.1709)
[trajectory_generator_node-7] [Reference] banded solve done. b[0]=0.134413 b[N]=-0.682307 b2[0]=-0.026301 b2[N]=-0.201075
[trajectory_generator_node-7] [Reference] solvePolyMatrix EXIT: polyX[0]=[-0.011903 0.067206 -0.293089 -4.819000]
[trajectory_generator_node-7] [Reference] solvePolyMatrix ENTER: N=388, path_size=389, trap_time_size=388
[trajectory_generator_node-7] [Reference]   path[0]=(-4.8190,-1.7540) path[1]=(-5.2996,-1.3981) t[0]=2.398819 state_vel=(-0.2931,0.1709)
[trajectory_generator_node-7] [Reference] banded solve done. b[0]=0.134413 b[N]=-0.566144 b2[0]=-0.026301 b2[N]=-0.168390
[trajectory_generator_node-7] [Reference] solvePolyMatrix EXIT: polyX[0]=[-0.011903 0.067206 -0.293089 -4.819000]
[trajectory_generator_node-7] [Reference] solvePolyMatrix ENTER: N=388, path_size=389, trap_time_size=388
[trajectory_generator_node-7] [Reference]   path[0]=(-4.8190,-1.7540) path[1]=(-5.2996,-1.3981) t[0]=2.398819 state_vel=(-0.2931,0.1709)
[trajectory_generator_node-7] [Reference] banded solve done. b[0]=0.134413 b[N]=-0.470089 b2[0]=-0.026301 b2[N]=-0.141363
[trajectory_generator_node-7] [Reference] solvePolyMatrix EXIT: polyX[0]=[-0.011903 0.067206 -0.293089 -4.819000]
[trajectory_generator_node-7] [Reference] solvePolyMatrix ENTER: N=388, path_size=389, trap_time_size=388
[trajectory_generator_node-7] [Reference]   path[0]=(-4.8190,-1.7540) path[1]=(-5.2996,-1.3981) t[0]=2.398819 state_vel=(-0.2931,0.1709)
[trajectory_generator_node-7] [Reference] banded solve done. b[0]=0.134413 b[N]=-0.390635 b2[0]=-0.026301 b2[N]=-0.118987
[trajectory_generator_node-7] [Reference] solvePolyMatrix EXIT: polyX[0]=[-0.011903 0.067206 -0.293089 -4.819000]
[trajectory_generator_node-7] [Reference] solvePolyMatrix ENTER: N=388, path_size=389, trap_time_size=388
[trajectory_generator_node-7] [Reference]   path[0]=(-4.8190,-1.7540) path[1]=(-5.2996,-1.3981) t[0]=2.398819 state_vel=(-0.2931,0.1709)
[trajectory_generator_node-7] [Reference] banded solve done. b[0]=0.134413 b[N]=-0.324887 b2[0]=-0.026301 b2[N]=-0.100435
[trajectory_generator_node-7] [Reference] solvePolyMatrix EXIT: polyX[0]=[-0.011903 0.067206 -0.293089 -4.819000]
[trajectory_generator_node-7] [INFO] [1790456624.325441236] [trajectory_generation]: FSM published 388 trajectory pieces
[hdl_localization_node-16] [INFO] [1790456624.407221289] [sim_ndt]: scan points: raw=1317 downsampled=1086 (leaf=0.05 m)
[hdl_localization_node-16] [INFO] [1790456624.422156707] [sim_ndt]: Metrics -> Error: 947.525 (RMSE ~30.7819 m) | Time: 0 ms | CovTrace: 0.55522 | Converged: True
[hdl_localization_node-16] [INFO] [1790456624.620611616] [sim_ndt]: scan points: raw=1317 downsampled=1086 (leaf=0.05 m)
[hdl_localization_node-16] [INFO] [1790456624.637066364] [sim_ndt]: Metrics -> Error: 1080.18 (RMSE ~32.8661 m) | Time: 12 ms | CovTrace: 0.555221 | Converged: True
[hdl_localization_node-16] [INFO] [1790456624.852965347] [sim_ndt]: scan points: raw=1317 downsampled=1086 (leaf=0.05 m)
[hdl_localization_node-16] [INFO] [1790456624.872733180] [sim_ndt]: Metrics -> Error: 1221.6 (RMSE ~34.9514 m) | Time: 6 ms | CovTrace: 0.555223 | Converged: True
[hdl_localization_node-16] [INFO] [1790456625.058335679] [sim_ndt]: scan points: raw=1317 downsampled=1086 (leaf=0.05 m)
[hdl_localization_node-16] [INFO] [1790456625.069734201] [sim_ndt]: Metrics -> Error: 1371.79 (RMSE ~37.0377 m) | Time: 0 ms | CovTrace: 0.555224 | Converged: True
[hdl_localization_node-16] [INFO] [1790456625.283384834] [sim_ndt]: scan points: raw=1317 downsampled=1086 (leaf=0.05 m)
[hdl_localization_node-16] [INFO] [1790456625.297950691] [sim_ndt]: Metrics -> Error: 1530.75 (RMSE ~39.1247 m) | Time: 6 ms | CovTrace: 0.555225 | Converged: True
[hdl_localization_node-16] [INFO] [1790456625.540476134] [sim_ndt]: scan points: raw=1317 downsampled=1086 (leaf=0.05 m)
[hdl_localization_node-16] [INFO] [1790456625.557047007] [sim_ndt]: Metrics -> Error: 1698.47 (RMSE ~41.2125 m) | Time: 6 ms | CovTrace: 0.555226 | Converged: True
[cloud_adapter.py-5] [WARN] [1790456625.787867219] [sentry_cloud_adapter]: Dropped lidar frame: no TF at measurement time
[hdl_localization_node-16] [INFO] [1790456625.804043029] [sim_ndt]: scan points: raw=1317 downsampled=1086 (leaf=0.05 m)
[hdl_localization_node-16] [INFO] [1790456625.817482756] [sim_ndt]: Metrics -> Error: 1874.96 (RMSE ~43.3008 m) | Time: 8 ms | CovTrace: 0.555227 | Converged: True
[hdl_localization_node-16] [INFO] [1790456626.040188170] [sim_ndt]: scan points: raw=1317 downsampled=1086 (leaf=0.05 m)
[hdl_localization_node-16] [INFO] [1790456626.044862259] [sim_ndt]: Metrics -> Error: 2060.22 (RMSE ~45.3896 m) | Time: 6 ms | CovTrace: 0.555229 | Converged: True
[hdl_localization_node-16] [WARN] [1790456626.049497790] [sim_ndt]: Point-LIO odometry unavailable or stale for /localization/odometry twist; publishing zero twist
[hdl_localization_node-16] [INFO] [1790456626.253385028] [sim_ndt]: scan points: raw=1317 downsampled=1086 (leaf=0.05 m)
[hdl_localization_node-16] [INFO] [1790456626.274867319] [sim_ndt]: Metrics -> Error: 2254.24 (RMSE ~47.4789 m) | Time: 16 ms | CovTrace: 0.55523 | Converged: True
[hdl_localization_node-16] [INFO] [1790456626.460636355] [sim_ndt]: scan points: raw=1317 downsampled=1086 (leaf=0.05 m)
[hdl_localization_node-16] [INFO] [1790456626.471252475] [sim_ndt]: Metrics -> Error: 2457.04 (RMSE ~49.5685 m) | Time: 0 ms | CovTrace: 0.555231 | Converged: True
[hdl_localization_node-16] [INFO] [1790456626.744763541] [sim_ndt]: scan points: raw=1317 downsampled=1086 (leaf=0.05 m)
[hdl_localization_node-16] [INFO] [1790456626.762208639] [sim_ndt]: Metrics -> Error: 2668.6 (RMSE ~51.6585 m) | Time: 6 ms | CovTrace: 0.555232 | Converged: True
[hdl_localization_node-16] [INFO] [1790456626.969891701] [sim_ndt]: scan points: raw=1317 downsampled=1086 (leaf=0.05 m)
[hdl_localization_node-16] [INFO] [1790456626.976344224] [sim_ndt]: Metrics -> Error: 2888.93 (RMSE ~53.7488 m) | Time: 6 ms | CovTrace: 0.555234 | Converged: True
[hdl_localization_node-16] [INFO] [1790456627.204843141] [sim_ndt]: scan points: raw=1317 downsampled=1086 (leaf=0.05 m)
[hdl_localization_node-16] [INFO] [1790456627.212175128] [sim_ndt]: Metrics -> Error: 3118.03 (RMSE ~55.8393 m) | Time: 0 ms | CovTrace: 0.555234 | Converged: True
[trajectory_generator_node-7] [WARN] [1790456627.320570661] [trajectory_generation]: discarded dynamic cloud without map <- base_link TF: Lookup would require extrapolation into the future.  Requested time 31.600000 but the latest data is at time 24.600000, when looking up transform from frame [base_link] to frame [map]
[hdl_localization_node-16] [INFO] [1790456627.416784064] [sim_ndt]: scan points: raw=1317 downsampled=1086 (leaf=0.05 m)
[hdl_localization_node-16] [INFO] [1790456627.432084926] [sim_ndt]: Metrics -> Error: 3355.89 (RMSE ~57.9301 m) | Time: 10 ms | CovTrace: 0.555236 | Converged: True
[hdl_localization_node-16] [INFO] [1790456627.654820058] [sim_ndt]: scan points: raw=1317 downsampled=1086 (leaf=0.05 m)
[hdl_localization_node-16] [INFO] [1790456627.668241317] [sim_ndt]: Metrics -> Error: 3602.52 (RMSE ~60.021 m) | Time: 0 ms | CovTrace: 0.555237 | Converged: True
[cloud_adapter.py-5] [WARN] [1790456627.926888924] [sentry_cloud_adapter]: Dropped lidar frame: no TF at measurement time
[hdl_localization_node-16] [INFO] [1790456627.938922137] [sim_ndt]: scan points: raw=1317 downsampled=1086 (leaf=0.05 m)
[hdl_localization_node-16] [INFO] [1790456627.953422794] [sim_ndt]: Metrics -> Error: 3857.92 (RMSE ~62.1122 m) | Time: 2 ms | CovTrace: 0.555238 | Converged: True
[hdl_localization_node-16] [INFO] [1790456628.221844824] [sim_ndt]: scan points: raw=1317 downsampled=1086 (leaf=0.05 m)
[hdl_localization_node-16] [INFO] [1790456628.232221216] [sim_ndt]: Metrics -> Error: 4122.09 (RMSE ~64.2035 m) | Time: 2 ms | CovTrace: 0.555239 | Converged: True
[hdl_localization_node-16] [INFO] [1790456628.461951895] [sim_ndt]: scan points: raw=1317 downsampled=1086 (leaf=0.05 m)
[hdl_localization_node-16] [INFO] [1790456628.481325296] [sim_ndt]: Metrics -> Error: 4395.04 (RMSE ~66.2951 m) | Time: 14 ms | CovTrace: 0.55524 | Converged: True
[hdl_localization_node-16] [INFO] [1790456628.674699258] [sim_ndt]: scan points: raw=1317 downsampled=1086 (leaf=0.05 m)
[hdl_localization_node-16] [INFO] [1790456628.687854452] [sim_ndt]: Metrics -> Error: 4676.74 (RMSE ~68.3867 m) | Time: 4 ms | CovTrace: 0.555242 | Converged: True
[hdl_localization_node-16] [INFO] [1790456628.927979242] [sim_ndt]: scan points: raw=1317 downsampled=1086 (leaf=0.05 m)
[hdl_localization_node-16] [INFO] [1790456628.932896721] [sim_ndt]: Metrics -> Error: 4967.22 (RMSE ~70.4785 m) | Time: 2 ms | CovTrace: 0.555243 | Converged: True
[hdl_localization_node-16] [INFO] [1790456629.134681903] [sim_ndt]: scan points: raw=1317 downsampled=1086 (leaf=0.05 m)
[hdl_localization_node-16] [INFO] [1790456629.141095917] [sim_ndt]: Metrics -> Error: 5266.46 (RMSE ~72.5704 m) | Time: 6 ms | CovTrace: 0.555244 | Converged: True
[hdl_localization_node-16] [INFO] [1790456629.389441400] [sim_ndt]: scan points: raw=1317 downsampled=1086 (leaf=0.05 m)
[hdl_localization_node-16] [INFO] [1790456629.392032012] [sim_ndt]: Metrics -> Error: 5574.47 (RMSE ~74.6624 m) | Time: 0 ms | CovTrace: 0.555245 | Converged: True
[hdl_localization_node-16] [INFO] [1790456629.585467589] [sim_ndt]: scan points: raw=1317 downsampled=1086 (leaf=0.05 m)
[hdl_localization_node-16] [INFO] [1790456629.609788202] [sim_ndt]: Metrics -> Error: 5891.25 (RMSE ~76.7545 m) | Time: 6 ms | CovTrace: 0.555247 | Converged: True
[hdl_localization_node-16] [INFO] [1790456629.830790440] [sim_ndt]: scan points: raw=1317 downsampled=1086 (leaf=0.05 m)
[hdl_localization_node-16] [INFO] [1790456629.846129105] [sim_ndt]: Metrics -> Error: 6216.79 (RMSE ~78.8466 m) | Time: 4 ms | CovTrace: 0.555248 | Converged: True
[hdl_localization_node-16] [INFO] [1790456630.042383070] [sim_ndt]: scan points: raw=1317 downsampled=1086 (leaf=0.05 m)
[hdl_localization_node-16] [INFO] [1790456630.055832178] [sim_ndt]: Metrics -> Error: 6551.1 (RMSE ~80.9389 m) | Time: 0 ms | CovTrace: 0.555249 | Converged: True
[cloud_adapter.py-5] [WARN] [1790456630.087634596] [sentry_cloud_adapter]: Dropped lidar frame: no TF at measurement time
[hdl_localization_node-16] [INFO] [1790456630.264969127] [sim_ndt]: scan points: raw=1317 downsampled=1086 (leaf=0.05 m)
[hdl_localization_node-16] [INFO] [1790456630.273848170] [sim_ndt]: Metrics -> Error: 6894.19 (RMSE ~83.0312 m) | Time: 0 ms | CovTrace: 0.555251 | Converged: True
[hdl_localization_node-16] [INFO] [1790456630.486392407] [sim_ndt]: scan points: raw=1317 downsampled=1086 (leaf=0.05 m)
[hdl_localization_node-16] [INFO] [1790456630.509113898] [sim_ndt]: Metrics -> Error: 7246.04 (RMSE ~85.1237 m) | Time: 6 ms | CovTrace: 0.555252 | Converged: True
[hdl_localization_node-16] [INFO] [1790456630.749717319] [sim_ndt]: scan points: raw=1317 downsampled=1086 (leaf=0.05 m)
[hdl_localization_node-16] [INFO] [1790456630.761218122] [sim_ndt]: Metrics -> Error: 7606.65 (RMSE ~87.2161 m) | Time: 2 ms | CovTrace: 0.555253 | Converged: True
[hdl_localization_node-16] [INFO] [1790456630.986613579] [sim_ndt]: scan points: raw=1317 downsampled=1086 (leaf=0.05 m)
[hdl_localization_node-16] [INFO] [1790456631.000876877] [sim_ndt]: Metrics -> Error: 7976.03 (RMSE ~89.3086 m) | Time: 4 ms | CovTrace: 0.555254 | Converged: True
[hdl_localization_node-16] [INFO] [1790456631.198378892] [sim_ndt]: scan points: raw=1317 downsampled=1086 (leaf=0.05 m)
[hdl_localization_node-16] [INFO] [1790456631.211206579] [sim_ndt]: Metrics -> Error: 8354.17 (RMSE ~91.4011 m) | Time: 2 ms | CovTrace: 0.555255 | Converged: True
[hdl_localization_node-16] [INFO] [1790456631.398741663] [sim_ndt]: scan points: raw=1317 downsampled=1086 (leaf=0.05 m)
[hdl_localization_node-16] [INFO] [1790456631.412825604] [sim_ndt]: Metrics -> Error: 8741.09 (RMSE ~93.4938 m) | Time: 6 ms | CovTrace: 0.555256 | Converged: True
[hdl_localization_node-16] [INFO] [1790456631.632538539] [sim_ndt]: scan points: raw=1317 downsampled=1086 (leaf=0.05 m)
[hdl_localization_node-16] [INFO] [1790456631.636924293] [sim_ndt]: Metrics -> Error: 9136.78 (RMSE ~95.5865 m) | Time: 0 ms | CovTrace: 0.555257 | Converged: True
[hdl_localization_node-16] [INFO] [1790456631.867475011] [sim_ndt]: scan points: raw=1317 downsampled=1086 (leaf=0.05 m)
[hdl_localization_node-16] [INFO] [1790456631.877146123] [sim_ndt]: Metrics -> Error: 9541.23 (RMSE ~97.6792 m) | Time: 4 ms | CovTrace: 0.555259 | Converged: True
[hdl_localization_node-16] [INFO] [1790456632.097382089] [sim_ndt]: scan points: raw=1317 downsampled=1086 (leaf=0.05 m)
[hdl_localization_node-16] [INFO] [1790456632.110015800] [sim_ndt]: Metrics -> Error: 9954.47 (RMSE ~99.7721 m) | Time: 6 ms | CovTrace: 0.55526 | Converged: True
[hdl_localization_node-16] [WARN] [1790456632.110137356] [sim_ndt]: Point-LIO odometry unavailable or stale for /localization/odometry twist; publishing zero twist
[cloud_adapter.py-5] [WARN] [1790456632.148810468] [sentry_cloud_adapter]: Dropped lidar frame: no TF at measurement time
[hdl_localization_node-16] [INFO] [1790456632.307015083] [sim_ndt]: scan points: raw=1317 downsampled=1086 (leaf=0.05 m)
[hdl_localization_node-16] [INFO] [1790456632.312130403] [sim_ndt]: Metrics -> Error: 10376.4 (RMSE ~101.865 m) | Time: 2 ms | CovTrace: 0.555261 | Converged: True
[hdl_localization_node-16] [INFO] [1790456632.522967018] [sim_ndt]: scan points: raw=1317 downsampled=1086 (leaf=0.05 m)
[hdl_localization_node-16] [INFO] [1790456632.532220723] [sim_ndt]: Metrics -> Error: 10807.2 (RMSE ~103.958 m) | Time: 2 ms | CovTrace: 0.555262 | Converged: True
[hdl_localization_node-16] [INFO] [1790456632.765585426] [sim_ndt]: scan points: raw=1317 downsampled=1086 (leaf=0.05 m)
[hdl_localization_node-16] [INFO] [1790456632.782399076] [sim_ndt]: Metrics -> Error: 11246.7 (RMSE ~106.051 m) | Time: 10 ms | CovTrace: 0.555263 | Converged: True
[hdl_localization_node-16] [INFO] [1790456633.031627917] [sim_ndt]: scan points: raw=1317 downsampled=1086 (leaf=0.05 m)
[hdl_localization_node-16] [INFO] [1790456633.045558620] [sim_ndt]: Metrics -> Error: 11695 (RMSE ~108.143 m) | Time: 6 ms | CovTrace: 0.555265 | Converged: True
[trajectory_generator_node-7] [WARN] [1790456633.167892272] [trajectory_generation]: discarded dynamic cloud without map <- base_link TF: Lookup would require extrapolation into the future.  Requested time 36.600000 but the latest data is at time 24.600000, when looking up transform from frame [base_link] to frame [map]
[hdl_localization_node-16] [INFO] [1790456633.305302792] [sim_ndt]: scan points: raw=1317 downsampled=1086 (leaf=0.05 m)
[hdl_localization_node-16] [INFO] [1790456633.322862158] [sim_ndt]: Metrics -> Error: 12152.1 (RMSE ~110.236 m) | Time: 4 ms | CovTrace: 0.555266 | Converged: True
[hdl_localization_node-16] [INFO] [1790456633.647319066] [sim_ndt]: scan points: raw=1317 downsampled=1086 (leaf=0.05 m)
[hdl_localization_node-16] [INFO] [1790456633.664093730] [sim_ndt]: Metrics -> Error: 12617.9 (RMSE ~112.329 m) | Time: 10 ms | CovTrace: 0.555267 | Converged: True
[hdl_localization_node-16] [INFO] [1790456633.964665681] [sim_ndt]: scan points: raw=1317 downsampled=1086 (leaf=0.05 m)
[hdl_localization_node-16] [INFO] [1790456633.973402999] [sim_ndt]: Metrics -> Error: 13092.5 (RMSE ~114.422 m) | Time: 0 ms | CovTrace: 0.555268 | Converged: True
[hdl_localization_node-16] [INFO] [1790456634.139564037] [sim_ndt]: scan points: raw=1317 downsampled=1086 (leaf=0.05 m)
[hdl_localization_node-16] [INFO] [1790456634.147958601] [sim_ndt]: Metrics -> Error: 13575.8 (RMSE ~116.515 m) | Time: 2 ms | CovTrace: 0.555269 | Converged: True
[cloud_adapter.py-5] [WARN] [1790456634.150093009] [sentry_cloud_adapter]: Dropped lidar frame: no TF at measurement time
[hdl_localization_node-16] [INFO] [1790456634.376094015] [sim_ndt]: scan points: raw=1317 downsampled=1086 (leaf=0.05 m)
[hdl_localization_node-16] [INFO] [1790456634.390991102] [sim_ndt]: Metrics -> Error: 14067.9 (RMSE ~118.608 m) | Time: 4 ms | CovTrace: 0.55527 | Converged: True
[hdl_localization_node-16] [INFO] [1790456634.602847527] [sim_ndt]: scan points: raw=1317 downsampled=1086 (leaf=0.05 m)
[hdl_localization_node-16] [INFO] [1790456634.609567451] [sim_ndt]: Metrics -> Error: 14568.8 (RMSE ~120.701 m) | Time: 0 ms | CovTrace: 0.555272 | Converged: True
[hdl_localization_node-16] [INFO] [1790456634.812487792] [sim_ndt]: scan points: raw=1317 downsampled=1086 (leaf=0.05 m)
[hdl_localization_node-16] [INFO] [1790456634.818233783] [sim_ndt]: Metrics -> Error: 15078.5 (RMSE ~122.794 m) | Time: 2 ms | CovTrace: 0.555273 | Converged: True
[hdl_localization_node-16] [INFO] [1790456635.040534341] [sim_ndt]: scan points: raw=1317 downsampled=1086 (leaf=0.05 m)
[hdl_localization_node-16] [INFO] [1790456635.042890945] [sim_ndt]: Metrics -> Error: 15596.9 (RMSE ~124.888 m) | Time: 0 ms | CovTrace: 0.555274 | Converged: True
[hdl_localization_node-16] [INFO] [1790456635.301088766] [sim_ndt]: scan points: raw=1317 downsampled=1086 (leaf=0.05 m)
[hdl_localization_node-16] [INFO] [1790456635.315335257] [sim_ndt]: Metrics -> Error: 16124.1 (RMSE ~126.981 m) | Time: 4 ms | CovTrace: 0.555276 | Converged: True
[hdl_localization_node-16] [INFO] [1790456635.522226752] [sim_ndt]: scan points: raw=1317 downsampled=1086 (leaf=0.05 m)
[hdl_localization_node-16] [INFO] [1790456635.536394071] [sim_ndt]: Metrics -> Error: 16660 (RMSE ~129.074 m) | Time: 6 ms | CovTrace: 0.555277 | Converged: True
[hdl_localization_node-16] [INFO] [1790456635.710691139] [sim_ndt]: scan points: raw=1317 downsampled=1086 (leaf=0.05 m)
[hdl_localization_node-16] [INFO] [1790456635.716997568] [sim_ndt]: Metrics -> Error: 17204.7 (RMSE ~131.167 m) | Time: 0 ms | CovTrace: 0.555278 | Converged: True
[hdl_localization_node-16] [INFO] [1790456635.929631444] [sim_ndt]: scan points: raw=1317 downsampled=1086 (leaf=0.05 m)
[hdl_localization_node-16] [INFO] [1790456635.939710724] [sim_ndt]: Metrics -> Error: 17758.2 (RMSE ~133.26 m) | Time: 0 ms | CovTrace: 0.555279 | Converged: True
[hdl_localization_node-16] [INFO] [1790456636.125903712] [sim_ndt]: scan points: raw=1317 downsampled=1086 (leaf=0.05 m)
[hdl_localization_node-16] [INFO] [1790456636.135633238] [sim_ndt]: Metrics -> Error: 18320.4 (RMSE ~135.353 m) | Time: 2 ms | CovTrace: 0.555281 | Converged: True
[cloud_adapter.py-5] [WARN] [1790456636.228884292] [sentry_cloud_adapter]: Dropped lidar frame: no TF at measurement time
[hdl_localization_node-16] [INFO] [1790456636.398452140] [sim_ndt]: scan points: raw=1317 downsampled=1086 (leaf=0.05 m)
[hdl_localization_node-16] [INFO] [1790456636.402375786] [sim_ndt]: Metrics -> Error: 18891.4 (RMSE ~137.446 m) | Time: 0 ms | CovTrace: 0.555281 | Converged: True
[hdl_localization_node-16] [INFO] [1790456636.622322765] [sim_ndt]: scan points: raw=1317 downsampled=1086 (leaf=0.05 m)
[hdl_localization_node-16] [INFO] [1790456636.625674239] [sim_ndt]: Metrics -> Error: 19471.2 (RMSE ~139.539 m) | Time: 4 ms | CovTrace: 0.555283 | Converged: True
[hdl_localization_node-16] [INFO] [1790456636.865607615] [sim_ndt]: scan points: raw=1317 downsampled=1086 (leaf=0.05 m)
[hdl_localization_node-16] [INFO] [1790456636.879089375] [sim_ndt]: Metrics -> Error: 20059.7 (RMSE ~141.632 m) | Time: 6 ms | CovTrace: 0.555284 | Converged: True
[hdl_localization_node-16] [INFO] [1790456637.105247502] [sim_ndt]: scan points: raw=1317 downsampled=1086 (leaf=0.05 m)
[hdl_localization_node-16] [INFO] [1790456637.113911975] [sim_ndt]: Metrics -> Error: 20657 (RMSE ~143.725 m) | Time: 4 ms | CovTrace: 0.555285 | Converged: True
[hdl_localization_node-16] [INFO] [1790456637.323083600] [sim_ndt]: scan points: raw=1317 downsampled=1086 (leaf=0.05 m)
[hdl_localization_node-16] [INFO] [1790456637.332558632] [sim_ndt]: Metrics -> Error: 21263 (RMSE ~145.818 m) | Time: 0 ms | CovTrace: 0.555286 | Converged: True
[hdl_localization_node-16] [INFO] [1790456637.577244318] [sim_ndt]: scan points: raw=1317 downsampled=1086 (leaf=0.05 m)
[hdl_localization_node-16] [INFO] [1790456637.598404719] [sim_ndt]: Metrics -> Error: 21877.8 (RMSE ~147.912 m) | Time: 6 ms | CovTrace: 0.555287 | Converged: True
[hdl_localization_node-16] [INFO] [1790456637.851340124] [sim_ndt]: scan points: raw=1317 downsampled=1086 (leaf=0.05 m)
[hdl_localization_node-16] [INFO] [1790456637.859231527] [sim_ndt]: Metrics -> Error: 22501.4 (RMSE ~150.005 m) | Time: 0 ms | CovTrace: 0.555289 | Converged: True
[hdl_localization_node-16] [INFO] [1790456638.086159228] [sim_ndt]: scan points: raw=1317 downsampled=1086 (leaf=0.05 m)
[hdl_localization_node-16] [INFO] [1790456638.102773094] [sim_ndt]: Metrics -> Error: 23133.8 (RMSE ~152.098 m) | Time: 6 ms | CovTrace: 0.555289 | Converged: True
[hdl_localization_node-16] [WARN] [1790456638.103306741] [sim_ndt]: Point-LIO odometry unavailable or stale for /localization/odometry twist; publishing zero twist
[hdl_localization_node-16] [INFO] [1790456638.290740440] [sim_ndt]: scan points: raw=1317 downsampled=1086 (leaf=0.05 m)
[hdl_localization_node-16] [INFO] [1790456638.306719428] [sim_ndt]: Metrics -> Error: 23774.9 (RMSE ~154.191 m) | Time: 0 ms | CovTrace: 0.55529 | Converged: True
[cloud_adapter.py-5] [WARN] [1790456638.367551576] [sentry_cloud_adapter]: Dropped lidar frame: no TF at measurement time
[hdl_localization_node-16] [INFO] [1790456638.542585712] [sim_ndt]: scan points: raw=1317 downsampled=1086 (leaf=0.05 m)
[hdl_localization_node-16] [INFO] [1790456638.562113588] [sim_ndt]: Metrics -> Error: 24424.7 (RMSE ~156.284 m) | Time: 0 ms | CovTrace: 0.555292 | Converged: True
[hdl_localization_node-16] [INFO] [1790456638.763841638] [sim_ndt]: scan points: raw=1317 downsampled=1086 (leaf=0.05 m)
[hdl_localization_node-16] [INFO] [1790456638.803762172] [sim_ndt]: Metrics -> Error: 25083.4 (RMSE ~158.377 m) | Time: 14 ms | CovTrace: 0.555294 | Converged: True
[hdl_localization_node-16] [INFO] [1790456639.053501566] [sim_ndt]: scan points: raw=1317 downsampled=1086 (leaf=0.05 m)
[hdl_localization_node-16] [INFO] [1790456639.071513657] [sim_ndt]: Metrics -> Error: 25750.8 (RMSE ~160.471 m) | Time: 4 ms | CovTrace: 0.555295 | Converged: True
[hdl_localization_node-16] [INFO] [1790456639.305344010] [sim_ndt]: scan points: raw=1317 downsampled=1086 (leaf=0.05 m)
[hdl_localization_node-16] [INFO] [1790456639.326151115] [sim_ndt]: Metrics -> Error: 26427 (RMSE ~162.564 m) | Time: 2 ms | CovTrace: 0.555297 | Converged: True
[trajectory_generator_node-7] [WARN] [1790456639.421510756] [trajectory_generation]: discarded dynamic cloud without map <- base_link TF: Lookup would require extrapolation into the future.  Requested time 41.800000 but the latest data is at time 24.600000, when looking up transform from frame [base_link] to frame [map]
[hdl_localization_node-16] [INFO] [1790456639.575127684] [sim_ndt]: scan points: raw=1317 downsampled=1086 (leaf=0.05 m)
[hdl_localization_node-16] [INFO] [1790456639.590769951] [sim_ndt]: Metrics -> Error: 27112 (RMSE ~164.657 m) | Time: 0 ms | CovTrace: 0.555298 | Converged: True
[hdl_localization_node-16] [INFO] [1790456639.817893315] [sim_ndt]: scan points: raw=1317 downsampled=1086 (leaf=0.05 m)
[hdl_localization_node-16] [INFO] [1790456639.829856568] [sim_ndt]: Metrics -> Error: 27805.7 (RMSE ~166.75 m) | Time: 0 ms | CovTrace: 0.555298 | Converged: True
[hdl_localization_node-16] [INFO] [1790456640.032355825] [sim_ndt]: scan points: raw=1317 downsampled=1086 (leaf=0.05 m)
[hdl_localization_node-16] [INFO] [1790456640.039955513] [sim_ndt]: Metrics -> Error: 28508.2 (RMSE ~168.844 m) | Time: 0 ms | CovTrace: 0.5553 | Converged: True
[hdl_localization_node-16] [INFO] [1790456640.263919482] [sim_ndt]: scan points: raw=1317 downsampled=1086 (leaf=0.05 m)
[hdl_localization_node-16] [INFO] [1790456640.281617330] [sim_ndt]: Metrics -> Error: 29219.4 (RMSE ~170.937 m) | Time: 6 ms | CovTrace: 0.555302 | Converged: True
[hdl_localization_node-16] [INFO] [1790456640.454023545] [sim_ndt]: scan points: raw=1317 downsampled=1086 (leaf=0.05 m)
[hdl_localization_node-16] [INFO] [1790456640.468714321] [sim_ndt]: Metrics -> Error: 29939.4 (RMSE ~173.03 m) | Time: 2 ms | CovTrace: 0.555303 | Converged: True
[cloud_adapter.py-5] [WARN] [1790456640.527666337] [sentry_cloud_adapter]: Dropped lidar frame: no TF at measurement time
[hdl_localization_node-16] [INFO] [1790456640.693702679] [sim_ndt]: scan points: raw=1317 downsampled=1086 (leaf=0.05 m)
[hdl_localization_node-16] [INFO] [1790456640.707869537] [sim_ndt]: Metrics -> Error: 30668.2 (RMSE ~175.123 m) | Time: 6 ms | CovTrace: 0.555304 | Converged: True
[hdl_localization_node-16] [INFO] [1790456640.916418812] [sim_ndt]: scan points: raw=1317 downsampled=1086 (leaf=0.05 m)
[hdl_localization_node-16] [INFO] [1790456640.926514881] [sim_ndt]: Metrics -> Error: 31405.7 (RMSE ~177.217 m) | Time: 4 ms | CovTrace: 0.555305 | Converged: True
[hdl_localization_node-16] [INFO] [1790456641.153723857] [sim_ndt]: scan points: raw=1317 downsampled=1086 (leaf=0.05 m)
[hdl_localization_node-16] [INFO] [1790456641.156142014] [sim_ndt]: Metrics -> Error: 32152 (RMSE ~179.31 m) | Time: 0 ms | CovTrace: 0.555305 | Converged: True
[hdl_localization_node-16] [INFO] [1790456641.405173414] [sim_ndt]: scan points: raw=1317 downsampled=1086 (leaf=0.05 m)
[hdl_localization_node-16] [INFO] [1790456641.426645111] [sim_ndt]: Metrics -> Error: 32907.1 (RMSE ~181.403 m) | Time: 10 ms | CovTrace: 0.555307 | Converged: True
[hdl_localization_node-16] [INFO] [1790456641.611012472] [sim_ndt]: scan points: raw=1317 downsampled=1086 (leaf=0.05 m)
[hdl_localization_node-16] [INFO] [1790456641.638373863] [sim_ndt]: Metrics -> Error: 33670.9 (RMSE ~183.496 m) | Time: 6 ms | CovTrace: 0.555308 | Converged: True
[hdl_localization_node-16] [INFO] [1790456641.847016472] [sim_ndt]: scan points: raw=1317 downsampled=1086 (leaf=0.05 m)
[hdl_localization_node-16] [INFO] [1790456641.853762614] [sim_ndt]: Metrics -> Error: 34443.5 (RMSE ~185.59 m) | Time: 2 ms | CovTrace: 0.555309 | Converged: True
[hdl_localization_node-16] [INFO] [1790456642.054448240] [sim_ndt]: scan points: raw=1317 downsampled=1086 (leaf=0.05 m)
[hdl_localization_node-16] [INFO] [1790456642.066946940] [sim_ndt]: Metrics -> Error: 35224.9 (RMSE ~187.683 m) | Time: 12 ms | CovTrace: 0.55531 | Converged: True
[hdl_localization_node-16] [INFO] [1790456642.266144084] [sim_ndt]: scan points: raw=1317 downsampled=1086 (leaf=0.05 m)
[hdl_localization_node-16] [INFO] [1790456642.277447235] [sim_ndt]: Metrics -> Error: 36015.1 (RMSE ~189.776 m) | Time: 2 ms | CovTrace: 0.555312 | Converged: True
[hdl_localization_node-16] [INFO] [1790456642.459356757] [sim_ndt]: scan points: raw=1317 downsampled=1086 (leaf=0.05 m)
[hdl_localization_node-16] [INFO] [1790456642.467205466] [sim_ndt]: Metrics -> Error: 36814 (RMSE ~191.87 m) | Time: 2 ms | CovTrace: 0.555313 | Converged: True
[cloud_adapter.py-5] [WARN] [1790456642.569835131] [sentry_cloud_adapter]: Dropped lidar frame: no TF at measurement time
[hdl_localization_node-16] [INFO] [1790456642.697659624] [sim_ndt]: scan points: raw=1317 downsampled=1086 (leaf=0.05 m)
[hdl_localization_node-16] [INFO] [1790456642.704423142] [sim_ndt]: Metrics -> Error: 37621.7 (RMSE ~193.963 m) | Time: 2 ms | CovTrace: 0.555314 | Converged: True
[hdl_localization_node-16] [INFO] [1790456642.934731857] [sim_ndt]: scan points: raw=1317 downsampled=1086 (leaf=0.05 m)
[hdl_localization_node-16] [INFO] [1790456642.940565013] [sim_ndt]: Metrics -> Error: 38438.1 (RMSE ~196.056 m) | Time: 2 ms | CovTrace: 0.555314 | Converged: True
[hdl_localization_node-16] [INFO] [1790456643.164899216] [sim_ndt]: scan points: raw=1317 downsampled=1086 (leaf=0.05 m)
[hdl_localization_node-16] [INFO] [1790456643.182141090] [sim_ndt]: Metrics -> Error: 39263.3 (RMSE ~198.15 m) | Time: 0 ms | CovTrace: 0.555316 | Converged: True
[hdl_localization_node-16] [INFO] [1790456643.478454304] [sim_ndt]: scan points: raw=1317 downsampled=1086 (leaf=0.05 m)
[hdl_localization_node-16] [INFO] [1790456643.494003738] [sim_ndt]: Metrics -> Error: 40097.3 (RMSE ~200.243 m) | Time: 4 ms | CovTrace: 0.555317 | Converged: True
[hdl_localization_node-16] [INFO] [1790456643.696731018] [sim_ndt]: scan points: raw=1317 downsampled=1086 (leaf=0.05 m)
[hdl_localization_node-16] [INFO] [1790456643.715178587] [sim_ndt]: Metrics -> Error: 40940 (RMSE ~202.336 m) | Time: 8 ms | CovTrace: 0.555319 | Converged: True
[hdl_localization_node-16] [INFO] [1790456643.962925508] [sim_ndt]: scan points: raw=1317 downsampled=1086 (leaf=0.05 m)
[hdl_localization_node-16] [INFO] [1790456643.977413896] [sim_ndt]: Metrics -> Error: 41791.5 (RMSE ~204.43 m) | Time: 8 ms | CovTrace: 0.55532 | Converged: True
[hdl_localization_node-16] [INFO] [1790456644.164194932] [sim_ndt]: scan points: raw=1317 downsampled=1086 (leaf=0.05 m)
[hdl_localization_node-16] [INFO] [1790456644.184480173] [sim_ndt]: Metrics -> Error: 42651.8 (RMSE ~206.523 m) | Time: 4 ms | CovTrace: 0.555321 | Converged: True
[hdl_localization_node-16] [WARN] [1790456644.184573903] [sim_ndt]: Point-LIO odometry unavailable or stale for /localization/odometry twist; publishing zero twist
[hdl_localization_node-16] [INFO] [1790456644.376960334] [sim_ndt]: scan points: raw=1317 downsampled=1086 (leaf=0.05 m)
[hdl_localization_node-16] [INFO] [1790456644.384035514] [sim_ndt]: Metrics -> Error: 43520.9 (RMSE ~208.617 m) | Time: 0 ms | CovTrace: 0.555322 | Converged: True
[hdl_localization_node-16] [INFO] [1790456644.606618606] [sim_ndt]: scan points: raw=1317 downsampled=1086 (leaf=0.05 m)
[hdl_localization_node-16] [INFO] [1790456644.613542273] [sim_ndt]: Metrics -> Error: 44398.6 (RMSE ~210.71 m) | Time: 6 ms | CovTrace: 0.555324 | Converged: True
[cloud_adapter.py-5] [WARN] [1790456644.666082455] [sentry_cloud_adapter]: Dropped lidar frame: no TF at measurement time
[hdl_localization_node-16] [INFO] [1790456644.827483586] [sim_ndt]: scan points: raw=1317 downsampled=1086 (leaf=0.05 m)
[hdl_localization_node-16] [INFO] [1790456644.836230493] [sim_ndt]: Metrics -> Error: 45285.2 (RMSE ~212.803 m) | Time: 0 ms | CovTrace: 0.555325 | Converged: True
[hdl_localization_node-16] [INFO] [1790456645.080590658] [sim_ndt]: scan points: raw=1317 downsampled=1086 (leaf=0.05 m)
[hdl_localization_node-16] [INFO] [1790456645.095959829] [sim_ndt]: Metrics -> Error: 46180.6 (RMSE ~214.897 m) | Time: 4 ms | CovTrace: 0.555326 | Converged: True
[trajectory_generator_node-7] [WARN] [1790456645.202298462] [trajectory_generation]: discarded dynamic cloud without map <- base_link TF: Lookup would require extrapolation into the future.  Requested time 46.800000 but the latest data is at time 24.600000, when looking up transform from frame [base_link] to frame [map]
[hdl_localization_node-16] [INFO] [1790456645.331029806] [sim_ndt]: scan points: raw=1317 downsampled=1086 (leaf=0.05 m)
[hdl_localization_node-16] [INFO] [1790456645.336470414] [sim_ndt]: Metrics -> Error: 47084.7 (RMSE ~216.99 m) | Time: 0 ms | CovTrace: 0.555327 | Converged: True
[hdl_localization_node-16] [INFO] [1790456645.553954042] [sim_ndt]: scan points: raw=1317 downsampled=1086 (leaf=0.05 m)
[hdl_localization_node-16] [INFO] [1790456645.571696662] [sim_ndt]: Metrics -> Error: 47997.5 (RMSE ~219.083 m) | Time: 12 ms | CovTrace: 0.555329 | Converged: True
[hdl_localization_node-16] [INFO] [1790456645.794159724] [sim_ndt]: scan points: raw=1317 downsampled=1086 (leaf=0.05 m)
[hdl_localization_node-16] [INFO] [1790456645.814009007] [sim_ndt]: Metrics -> Error: 48919.1 (RMSE ~221.177 m) | Time: 4 ms | CovTrace: 0.55533 | Converged: True
[hdl_localization_node-16] [INFO] [1790456646.006774035] [sim_ndt]: scan points: raw=1317 downsampled=1086 (leaf=0.05 m)
[hdl_localization_node-16] [INFO] [1790456646.025616737] [sim_ndt]: Metrics -> Error: 49849.5 (RMSE ~223.27 m) | Time: 0 ms | CovTrace: 0.555331 | Converged: True
[hdl_localization_node-16] [INFO] [1790456646.225282778] [sim_ndt]: scan points: raw=1317 downsampled=1086 (leaf=0.05 m)
[hdl_localization_node-16] [INFO] [1790456646.232667878] [sim_ndt]: Metrics -> Error: 50788.8 (RMSE ~225.364 m) | Time: 0 ms | CovTrace: 0.555332 | Converged: True
[hdl_localization_node-16] [INFO] [1790456646.468874197] [sim_ndt]: scan points: raw=1317 downsampled=1086 (leaf=0.05 m)
[hdl_localization_node-16] [INFO] [1790456646.478119722] [sim_ndt]: Metrics -> Error: 51736.7 (RMSE ~227.457 m) | Time: 2 ms | CovTrace: 0.555333 | Converged: True
[hdl_localization_node-16] [INFO] [1790456646.718917062] [sim_ndt]: scan points: raw=1317 downsampled=1086 (leaf=0.05 m)
[cloud_adapter.py-5] [WARN] [1790456646.728950745] [sentry_cloud_adapter]: Dropped lidar frame: no TF at measurement time
[hdl_localization_node-16] [INFO] [1790456646.738042505] [sim_ndt]: Metrics -> Error: 52693.3 (RMSE ~229.55 m) | Time: 6 ms | CovTrace: 0.555335 | Converged: True
[hdl_localization_node-16] [INFO] [1790456646.940716149] [sim_ndt]: scan points: raw=1317 downsampled=1086 (leaf=0.05 m)
[hdl_localization_node-16] [INFO] [1790456646.955060850] [sim_ndt]: Metrics -> Error: 53658.8 (RMSE ~231.644 m) | Time: 6 ms | CovTrace: 0.555335 | Converged: True
[hdl_localization_node-16] [INFO] [1790456647.175545654] [sim_ndt]: scan points: raw=1317 downsampled=1086 (leaf=0.05 m)
[hdl_localization_node-16] [INFO] [1790456647.192701873] [sim_ndt]: Metrics -> Error: 54633.1 (RMSE ~233.737 m) | Time: 0 ms | CovTrace: 0.555337 | Converged: True
[hdl_localization_node-16] [INFO] [1790456647.405447321] [sim_ndt]: scan points: raw=1317 downsampled=1086 (leaf=0.05 m)
[hdl_localization_node-16] [INFO] [1790456647.409768101] [sim_ndt]: Metrics -> Error: 55616 (RMSE ~235.83 m) | Time: 4 ms | CovTrace: 0.555339 | Converged: True
[hdl_localization_node-16] [INFO] [1790456647.636760524] [sim_ndt]: scan points: raw=1317 downsampled=1086 (leaf=0.05 m)
[hdl_localization_node-16] [INFO] [1790456647.640535302] [sim_ndt]: Metrics -> Error: 56607.8 (RMSE ~237.924 m) | Time: 0 ms | CovTrace: 0.55534 | Converged: True
[hdl_localization_node-16] [INFO] [1790456647.871925035] [sim_ndt]: scan points: raw=1317 downsampled=1086 (leaf=0.05 m)
[hdl_localization_node-16] [INFO] [1790456647.897747527] [sim_ndt]: Metrics -> Error: 57608.4 (RMSE ~240.018 m) | Time: 12 ms | CovTrace: 0.555341 | Converged: True
[hdl_localization_node-16] [INFO] [1790456648.078815836] [sim_ndt]: scan points: raw=1317 downsampled=1086 (leaf=0.05 m)
[hdl_localization_node-16] [INFO] [1790456648.090443261] [sim_ndt]: Metrics -> Error: 58617.7 (RMSE ~242.111 m) | Time: 8 ms | CovTrace: 0.555342 | Converged: True
[hdl_localization_node-16] [INFO] [1790456648.304558163] [sim_ndt]: scan points: raw=1317 downsampled=1086 (leaf=0.05 m)
[hdl_localization_node-16] [INFO] [1790456648.309862949] [sim_ndt]: Metrics -> Error: 59635.7 (RMSE ~244.204 m) | Time: 2 ms | CovTrace: 0.555342 | Converged: True
[hdl_localization_node-16] [INFO] [1790456648.577804802] [sim_ndt]: scan points: raw=1317 downsampled=1086 (leaf=0.05 m)
[hdl_localization_node-16] [INFO] [1790456648.587051057] [sim_ndt]: Metrics -> Error: 60662.5 (RMSE ~246.298 m) | Time: 6 ms | CovTrace: 0.555344 | Converged: True
[cloud_adapter.py-5] [WARN] [1790456648.806848818] [sentry_cloud_adapter]: Dropped lidar frame: no TF at measurement time
[hdl_localization_node-16] [INFO] [1790456648.818294630] [sim_ndt]: scan points: raw=1317 downsampled=1086 (leaf=0.05 m)
[hdl_localization_node-16] [INFO] [1790456648.827168985] [sim_ndt]: Metrics -> Error: 61698.2 (RMSE ~248.391 m) | Time: 2 ms | CovTrace: 0.555346 | Converged: True
[hdl_localization_node-16] [INFO] [1790456649.007687285] [sim_ndt]: scan points: raw=1317 downsampled=1086 (leaf=0.05 m)
[hdl_localization_node-16] [INFO] [1790456649.025912498] [sim_ndt]: Metrics -> Error: 62742.6 (RMSE ~250.485 m) | Time: 6 ms | CovTrace: 0.555348 | Converged: True
[hdl_localization_node-16] [INFO] [1790456649.263898633] [sim_ndt]: scan points: raw=1317 downsampled=1086 (leaf=0.05 m)
[hdl_localization_node-16] [INFO] [1790456649.275002855] [sim_ndt]: Metrics -> Error: 63795.7 (RMSE ~252.578 m) | Time: 0 ms | CovTrace: 0.555349 | Converged: True
[hdl_localization_node-16] [INFO] [1790456649.513721665] [sim_ndt]: scan points: raw=1317 downsampled=1086 (leaf=0.05 m)
[hdl_localization_node-16] [INFO] [1790456649.532014679] [sim_ndt]: Metrics -> Error: 64857.5 (RMSE ~254.671 m) | Time: 8 ms | CovTrace: 0.555351 | Converged: True
[hdl_localization_node-16] [INFO] [1790456649.761956269] [sim_ndt]: scan points: raw=1317 downsampled=1086 (leaf=0.05 m)
[hdl_localization_node-16] [INFO] [1790456649.772661287] [sim_ndt]: Metrics -> Error: 65928.2 (RMSE ~256.765 m) | Time: 2 ms | CovTrace: 0.555352 | Converged: True
[hdl_localization_node-16] [INFO] [1790456650.054943317] [sim_ndt]: scan points: raw=1317 downsampled=1086 (leaf=0.05 m)
[hdl_localization_node-16] [INFO] [1790456650.066675505] [sim_ndt]: Metrics -> Error: 67007.7 (RMSE ~258.858 m) | Time: 8 ms | CovTrace: 0.555354 | Converged: True
[hdl_localization_node-16] [WARN] [1790456650.066769274] [sim_ndt]: Point-LIO odometry unavailable or stale for /localization/odometry twist; publishing zero twist
[hdl_localization_node-16] [INFO] [1790456650.293888513] [sim_ndt]: scan points: raw=1317 downsampled=1086 (leaf=0.05 m)
[hdl_localization_node-16] [INFO] [1790456650.301114945] [sim_ndt]: Metrics -> Error: 68095.8 (RMSE ~260.952 m) | Time: 0 ms | CovTrace: 0.555355 | Converged: True
[hdl_localization_node-16] [INFO] [1790456650.497554739] [sim_ndt]: scan points: raw=1317 downsampled=1086 (leaf=0.05 m)
[hdl_localization_node-16] [INFO] [1790456650.506760536] [sim_ndt]: Metrics -> Error: 69192.9 (RMSE ~263.045 m) | Time: 6 ms | CovTrace: 0.555356 | Converged: True
[hdl_localization_node-16] [INFO] [1790456650.723348807] [sim_ndt]: scan points: raw=1317 downsampled=1086 (leaf=0.05 m)
[hdl_localization_node-16] [INFO] [1790456650.747942268] [sim_ndt]: Metrics -> Error: 70298.5 (RMSE ~265.139 m) | Time: 6 ms | CovTrace: 0.555357 | Converged: True
[cloud_adapter.py-5] [WARN] [1790456650.810593716] [sentry_cloud_adapter]: Dropped lidar frame: no TF at measurement time
[hdl_localization_node-16] [INFO] [1790456651.025982927] [sim_ndt]: scan points: raw=1317 downsampled=1086 (leaf=0.05 m)
[hdl_localization_node-16] [INFO] [1790456651.061556907] [sim_ndt]: Metrics -> Error: 71413.1 (RMSE ~267.232 m) | Time: 6 ms | CovTrace: 0.555357 | Converged: True
[trajectory_generator_node-7] [WARN] [1790456651.226027638] [trajectory_generation]: discarded dynamic cloud without map <- base_link TF: Lookup would require extrapolation into the future.  Requested time 51.800000 but the latest data is at time 24.600000, when looking up transform from frame [base_link] to frame [map]
[hdl_localization_node-16] [INFO] [1790456651.324701824] [sim_ndt]: scan points: raw=1317 downsampled=1086 (leaf=0.05 m)
[hdl_localization_node-16] [INFO] [1790456651.338635098] [sim_ndt]: Metrics -> Error: 72536.4 (RMSE ~269.326 m) | Time: 0 ms | CovTrace: 0.555358 | Converged: True
[hdl_localization_node-16] [INFO] [1790456651.534548039] [sim_ndt]: scan points: raw=1317 downsampled=1086 (leaf=0.05 m)
[hdl_localization_node-16] [INFO] [1790456651.540884254] [sim_ndt]: Metrics -> Error: 73668.4 (RMSE ~271.419 m) | Time: 0 ms | CovTrace: 0.555359 | Converged: True
[hdl_localization_node-16] [INFO] [1790456651.771309645] [sim_ndt]: scan points: raw=1317 downsampled=1086 (leaf=0.05 m)
[hdl_localization_node-16] [INFO] [1790456651.795636568] [sim_ndt]: Metrics -> Error: 74809.2 (RMSE ~273.513 m) | Time: 2 ms | CovTrace: 0.55536 | Converged: True
[hdl_localization_node-16] [INFO] [1790456651.997716721] [sim_ndt]: scan points: raw=1317 downsampled=1086 (leaf=0.05 m)
[hdl_localization_node-16] [INFO] [1790456652.000833738] [sim_ndt]: Metrics -> Error: 75958.7 (RMSE ~275.606 m) | Time: 0 ms | CovTrace: 0.555361 | Converged: True
[hdl_localization_node-16] [INFO] [1790456652.228865779] [sim_ndt]: scan points: raw=1317 downsampled=1086 (leaf=0.05 m)
[hdl_localization_node-16] [INFO] [1790456652.247100126] [sim_ndt]: Metrics -> Error: 77117.1 (RMSE ~277.7 m) | Time: 0 ms | CovTrace: 0.555362 | Converged: True
[hdl_localization_node-16] [INFO] [1790456652.464007758] [sim_ndt]: scan points: raw=1317 downsampled=1086 (leaf=0.05 m)
[hdl_localization_node-16] [INFO] [1790456652.468812361] [sim_ndt]: Metrics -> Error: 78284.4 (RMSE ~279.793 m) | Time: 4 ms | CovTrace: 0.555362 | Converged: True
[hdl_localization_node-16] [INFO] [1790456652.705636698] [sim_ndt]: scan points: raw=1317 downsampled=1086 (leaf=0.05 m)
[hdl_localization_node-16] [INFO] [1790456652.717060811] [sim_ndt]: Metrics -> Error: 79460.2 (RMSE ~281.887 m) | Time: 4 ms | CovTrace: 0.555364 | Converged: True
[hdl_localization_node-16] [INFO] [1790456652.937284160] [sim_ndt]: scan points: raw=1317 downsampled=1086 (leaf=0.05 m)
[hdl_localization_node-16] [INFO] [1790456652.947458159] [sim_ndt]: Metrics -> Error: 80644.9 (RMSE ~283.98 m) | Time: 2 ms | CovTrace: 0.555365 | Converged: True
[cloud_adapter.py-5] [WARN] [1790456652.967855823] [sentry_cloud_adapter]: Dropped lidar frame: no TF at measurement time
[hdl_localization_node-16] [INFO] [1790456653.161949786] [sim_ndt]: scan points: raw=1317 downsampled=1086 (leaf=0.05 m)
[hdl_localization_node-16] [INFO] [1790456653.171691968] [sim_ndt]: Metrics -> Error: 81838.2 (RMSE ~286.074 m) | Time: 6 ms | CovTrace: 0.555366 | Converged: True
[hdl_localization_node-16] [INFO] [1790456653.461144659] [sim_ndt]: scan points: raw=1317 downsampled=1086 (leaf=0.05 m)
[hdl_localization_node-16] [INFO] [1790456653.468203269] [sim_ndt]: Metrics -> Error: 83040.4 (RMSE ~288.167 m) | Time: 2 ms | CovTrace: 0.555366 | Converged: True
[hdl_localization_node-16] [INFO] [1790456653.780329232] [sim_ndt]: scan points: raw=1317 downsampled=1086 (leaf=0.05 m)
[hdl_localization_node-16] [INFO] [1790456653.793586395] [sim_ndt]: Metrics -> Error: 84251.3 (RMSE ~290.261 m) | Time: 6 ms | CovTrace: 0.555369 | Converged: True
[hdl_localization_node-16] [INFO] [1790456654.010648573] [sim_ndt]: scan points: raw=1317 downsampled=1086 (leaf=0.05 m)
[hdl_localization_node-16] [INFO] [1790456654.024060739] [sim_ndt]: Metrics -> Error: 85471 (RMSE ~292.354 m) | Time: 4 ms | CovTrace: 0.555369 | Converged: True
[hdl_localization_node-16] [INFO] [1790456654.222876328] [sim_ndt]: scan points: raw=1317 downsampled=1086 (leaf=0.05 m)
[hdl_localization_node-16] [INFO] [1790456654.232252016] [sim_ndt]: Metrics -> Error: 86699.6 (RMSE ~294.448 m) | Time: 2 ms | CovTrace: 0.55537 | Converged: True
[hdl_localization_node-16] [INFO] [1790456654.425878050] [sim_ndt]: scan points: raw=1317 downsampled=1086 (leaf=0.05 m)
[hdl_localization_node-16] [INFO] [1790456654.451982088] [sim_ndt]: Metrics -> Error: 87936.7 (RMSE ~296.541 m) | Time: 10 ms | CovTrace: 0.555372 | Converged: True
[hdl_localization_node-16] [INFO] [1790456654.632496849] [sim_ndt]: scan points: raw=1317 downsampled=1086 (leaf=0.05 m)
[hdl_localization_node-16] [INFO] [1790456654.643865826] [sim_ndt]: Metrics -> Error: 89182.8 (RMSE ~298.635 m) | Time: 8 ms | CovTrace: 0.555374 | Converged: True
[hdl_localization_node-16] [INFO] [1790456654.867291015] [sim_ndt]: scan points: raw=1317 downsampled=1086 (leaf=0.05 m)
[hdl_localization_node-16] [INFO] [1790456654.873495770] [sim_ndt]: Metrics -> Error: 90437.7 (RMSE ~300.729 m) | Time: 0 ms | CovTrace: 0.555376 | Converged: True
[hdl_localization_node-16] [INFO] [1790456655.082303537] [sim_ndt]: scan points: raw=1317 downsampled=1086 (leaf=0.05 m)
[hdl_localization_node-16] [INFO] [1790456655.093795885] [sim_ndt]: Metrics -> Error: 91701.1 (RMSE ~302.822 m) | Time: 0 ms | CovTrace: 0.555376 | Converged: True
[cloud_adapter.py-5] [WARN] [1790456655.146400367] [sentry_cloud_adapter]: Dropped lidar frame: no TF at measurement time
[hdl_localization_node-16] [INFO] [1790456655.302428618] [sim_ndt]: scan points: raw=1317 downsampled=1086 (leaf=0.05 m)
[hdl_localization_node-16] [INFO] [1790456655.319396825] [sim_ndt]: Metrics -> Error: 92973.4 (RMSE ~304.915 m) | Time: 10 ms | CovTrace: 0.555376 | Converged: True
[hdl_localization_node-16] [INFO] [1790456655.498608187] [sim_ndt]: scan points: raw=1317 downsampled=1086 (leaf=0.05 m)
[hdl_localization_node-16] [INFO] [1790456655.506824606] [sim_ndt]: Metrics -> Error: 94254.4 (RMSE ~307.009 m) | Time: 0 ms | CovTrace: 0.555378 | Converged: True
[hdl_localization_node-16] [INFO] [1790456655.735579839] [sim_ndt]: scan points: raw=1317 downsampled=1086 (leaf=0.05 m)
[hdl_localization_node-16] [INFO] [1790456655.740884392] [sim_ndt]: Metrics -> Error: 95544.3 (RMSE ~309.102 m) | Time: 0 ms | CovTrace: 0.555381 | Converged: True
[hdl_localization_node-16] [INFO] [1790456655.960459019] [sim_ndt]: scan points: raw=1317 downsampled=1086 (leaf=0.05 m)
[hdl_localization_node-16] [INFO] [1790456655.971063737] [sim_ndt]: Metrics -> Error: 96842.7 (RMSE ~311.196 m) | Time: 0 ms | CovTrace: 0.555382 | Converged: True
[hdl_localization_node-16] [INFO] [1790456656.179519071] [sim_ndt]: scan points: raw=1317 downsampled=1086 (leaf=0.05 m)
[hdl_localization_node-16] [INFO] [1790456656.200372477] [sim_ndt]: Metrics -> Error: 98150.2 (RMSE ~313.289 m) | Time: 4 ms | CovTrace: 0.555381 | Converged: True
[hdl_localization_node-16] [WARN] [1790456656.203139392] [sim_ndt]: Point-LIO odometry unavailable or stale for /localization/odometry twist; publishing zero twist
[hdl_localization_node-16] [INFO] [1790456656.432761942] [sim_ndt]: scan points: raw=1317 downsampled=1086 (leaf=0.05 m)
[hdl_localization_node-16] [INFO] [1790456656.443601444] [sim_ndt]: Metrics -> Error: 99466.5 (RMSE ~315.383 m) | Time: 0 ms | CovTrace: 0.555385 | Converged: True
[hdl_localization_node-16] [INFO] [1790456656.639633701] [sim_ndt]: scan points: raw=1317 downsampled=1086 (leaf=0.05 m)
[hdl_localization_node-16] [INFO] [1790456656.655204778] [sim_ndt]: Metrics -> Error: 100791 (RMSE ~317.476 m) | Time: 0 ms | CovTrace: 0.555385 | Converged: True
[hdl_localization_node-16] [INFO] [1790456656.870848286] [sim_ndt]: scan points: raw=1317 downsampled=1086 (leaf=0.05 m)
[hdl_localization_node-16] [INFO] [1790456656.881088190] [sim_ndt]: Metrics -> Error: 102125 (RMSE ~319.57 m) | Time: 2 ms | CovTrace: 0.555386 | Converged: True
[hdl_localization_node-16] [INFO] [1790456657.095259871] [sim_ndt]: scan points: raw=1317 downsampled=1086 (leaf=0.05 m)
[hdl_localization_node-16] [INFO] [1790456657.104270348] [sim_ndt]: Metrics -> Error: 103468 (RMSE ~321.664 m) | Time: 2 ms | CovTrace: 0.555389 | Converged: True
[cloud_adapter.py-5] [WARN] [1790456657.147834275] [sentry_cloud_adapter]: Dropped lidar frame: no TF at measurement time
[trajectory_generator_node-7] [WARN] [1790456657.200547050] [trajectory_generation]: discarded dynamic cloud without map <- base_link TF: Lookup would require extrapolation into the future.  Requested time 57.000000 but the latest data is at time 24.600000, when looking up transform from frame [base_link] to frame [map]
[hdl_localization_node-16] [INFO] [1790456657.291439071] [sim_ndt]: scan points: raw=1317 downsampled=1086 (leaf=0.05 m)
[hdl_localization_node-16] [INFO] [1790456657.311558390] [sim_ndt]: Metrics -> Error: 104819 (RMSE ~323.757 m) | Time: 8 ms | CovTrace: 0.555389 | Converged: True
[hdl_localization_node-16] [INFO] [1790456657.521382582] [sim_ndt]: scan points: raw=1317 downsampled=1086 (leaf=0.05 m)
[hdl_localization_node-16] [INFO] [1790456657.534412528] [sim_ndt]: Metrics -> Error: 106179 (RMSE ~325.851 m) | Time: 6 ms | CovTrace: 0.55539 | Converged: True
[hdl_localization_node-16] [INFO] [1790456657.759241443] [sim_ndt]: scan points: raw=1317 downsampled=1086 (leaf=0.05 m)
[hdl_localization_node-16] [INFO] [1790456657.784003534] [sim_ndt]: Metrics -> Error: 107547 (RMSE ~327.944 m) | Time: 8 ms | CovTrace: 0.555391 | Converged: True
[hdl_localization_node-16] [INFO] [1790456657.991393253] [sim_ndt]: scan points: raw=1317 downsampled=1086 (leaf=0.05 m)
[hdl_localization_node-16] [INFO] [1790456658.004893523] [sim_ndt]: Metrics -> Error: 108925 (RMSE ~330.038 m) | Time: 2 ms | CovTrace: 0.555393 | Converged: True
[hdl_localization_node-16] [INFO] [1790456658.209368274] [sim_ndt]: scan points: raw=1317 downsampled=1086 (leaf=0.05 m)
[hdl_localization_node-16] [INFO] [1790456658.222231106] [sim_ndt]: Metrics -> Error: 110311 (RMSE ~332.131 m) | Time: 6 ms | CovTrace: 0.555394 | Converged: True
[hdl_localization_node-16] [INFO] [1790456658.450333669] [sim_ndt]: scan points: raw=1317 downsampled=1086 (leaf=0.05 m)
[hdl_localization_node-16] [INFO] [1790456658.471054723] [sim_ndt]: Metrics -> Error: 111706 (RMSE ~334.225 m) | Time: 10 ms | CovTrace: 0.555394 | Converged: True
[hdl_localization_node-16] [INFO] [1790456658.680745414] [sim_ndt]: scan points: raw=1317 downsampled=1086 (leaf=0.05 m)
[hdl_localization_node-16] [INFO] [1790456658.690985651] [sim_ndt]: Metrics -> Error: 113110 (RMSE ~336.318 m) | Time: 0 ms | CovTrace: 0.555394 | Converged: True
[hdl_localization_node-16] [INFO] [1790456658.864839232] [sim_ndt]: scan points: raw=1317 downsampled=1086 (leaf=0.05 m)
[hdl_localization_node-16] [INFO] [1790456658.871673031] [sim_ndt]: Metrics -> Error: 114522 (RMSE ~338.412 m) | Time: 0 ms | CovTrace: 0.555395 | Converged: True
[hdl_localization_node-16] [INFO] [1790456659.105613245] [sim_ndt]: scan points: raw=1317 downsampled=1086 (leaf=0.05 m)
[hdl_localization_node-16] [INFO] [1790456659.116222074] [sim_ndt]: Metrics -> Error: 115944 (RMSE ~340.505 m) | Time: 4 ms | CovTrace: 0.555398 | Converged: True
[cloud_adapter.py-5] [WARN] [1790456659.187010788] [sentry_cloud_adapter]: Dropped lidar frame: no TF at measurement time
[hdl_localization_node-16] [INFO] [1790456659.312866747] [sim_ndt]: scan points: raw=1317 downsampled=1086 (leaf=0.05 m)
[hdl_localization_node-16] [INFO] [1790456659.323863578] [sim_ndt]: Metrics -> Error: 117374 (RMSE ~342.599 m) | Time: 0 ms | CovTrace: 0.555399 | Converged: True
[hdl_localization_node-16] [INFO] [1790456659.530196941] [sim_ndt]: scan points: raw=1317 downsampled=1086 (leaf=0.05 m)
[hdl_localization_node-16] [INFO] [1790456659.535293875] [sim_ndt]: Metrics -> Error: 118813 (RMSE ~344.692 m) | Time: 4 ms | CovTrace: 0.5554 | Converged: True
[hdl_localization_node-16] [INFO] [1790456659.758481462] [sim_ndt]: scan points: raw=1317 downsampled=1086 (leaf=0.05 m)
[hdl_localization_node-16] [INFO] [1790456659.767990851] [sim_ndt]: Metrics -> Error: 120260 (RMSE ~346.786 m) | Time: 2 ms | CovTrace: 0.555402 | Converged: True
[hdl_localization_node-16] [INFO] [1790456659.980794666] [sim_ndt]: scan points: raw=1317 downsampled=1086 (leaf=0.05 m)
[hdl_localization_node-16] [INFO] [1790456659.992711742] [sim_ndt]: Metrics -> Error: 121717 (RMSE ~348.879 m) | Time: 0 ms | CovTrace: 0.555403 | Converged: True
[hdl_localization_node-16] [INFO] [1790456660.209147502] [sim_ndt]: scan points: raw=1317 downsampled=1086 (leaf=0.05 m)
[hdl_localization_node-16] [INFO] [1790456660.221114976] [sim_ndt]: Metrics -> Error: 123182 (RMSE ~350.973 m) | Time: 4 ms | CovTrace: 0.555405 | Converged: True
[hdl_localization_node-16] [INFO] [1790456660.416850019] [sim_ndt]: scan points: raw=1317 downsampled=1086 (leaf=0.05 m)
[hdl_localization_node-16] [INFO] [1790456660.424143097] [sim_ndt]: Metrics -> Error: 124656 (RMSE ~353.066 m) | Time: 10 ms | CovTrace: 0.555406 | Converged: True
[hdl_localization_node-16] [INFO] [1790456660.633144236] [sim_ndt]: scan points: raw=1317 downsampled=1086 (leaf=0.05 m)
[hdl_localization_node-16] [INFO] [1790456660.643946242] [sim_ndt]: Metrics -> Error: 126138 (RMSE ~355.16 m) | Time: 8 ms | CovTrace: 0.555407 | Converged: True
[hdl_localization_node-16] [INFO] [1790456660.866826303] [sim_ndt]: scan points: raw=1317 downsampled=1086 (leaf=0.05 m)
[hdl_localization_node-16] [INFO] [1790456660.879578583] [sim_ndt]: Metrics -> Error: 127630 (RMSE ~357.253 m) | Time: 0 ms | CovTrace: 0.555407 | Converged: True
[hdl_localization_node-16] [INFO] [1790456661.069874162] [sim_ndt]: scan points: raw=1317 downsampled=1086 (leaf=0.05 m)
[hdl_localization_node-16] [INFO] [1790456661.089231468] [sim_ndt]: Metrics -> Error: 129130 (RMSE ~359.347 m) | Time: 8 ms | CovTrace: 0.555408 | Converged: True
[hdl_localization_node-16] [INFO] [1790456661.297646952] [sim_ndt]: scan points: raw=1317 downsampled=1086 (leaf=0.05 m)
[hdl_localization_node-16] [INFO] [1790456661.308911555] [sim_ndt]: Metrics -> Error: 130639 (RMSE ~361.44 m) | Time: 0 ms | CovTrace: 0.555411 | Converged: True
[cloud_adapter.py-5] [WARN] [1790456661.367216781] [sentry_cloud_adapter]: Dropped lidar frame: no TF at measurement time
[hdl_localization_node-16] [INFO] [1790456661.553469166] [sim_ndt]: scan points: raw=1317 downsampled=1086 (leaf=0.05 m)
[hdl_localization_node-16] [INFO] [1790456661.565976767] [sim_ndt]: Metrics -> Error: 132157 (RMSE ~363.534 m) | Time: 0 ms | CovTrace: 0.555413 | Converged: True
[hdl_localization_node-16] [INFO] [1790456661.757531185] [sim_ndt]: scan points: raw=1317 downsampled=1086 (leaf=0.05 m)
[hdl_localization_node-16] [INFO] [1790456661.761241309] [sim_ndt]: Metrics -> Error: 133683 (RMSE ~365.627 m) | Time: 0 ms | CovTrace: 0.555414 | Converged: True
[hdl_localization_node-16] [INFO] [1790456662.001064427] [sim_ndt]: scan points: raw=1317 downsampled=1086 (leaf=0.05 m)
[hdl_localization_node-16] [INFO] [1790456662.006666856] [sim_ndt]: Metrics -> Error: 135219 (RMSE ~367.721 m) | Time: 2 ms | CovTrace: 0.555413 | Converged: True
[hdl_localization_node-16] [WARN] [1790456662.006759948] [sim_ndt]: Point-LIO odometry unavailable or stale for /localization/odometry twist; publishing zero twist
[hdl_localization_node-16] [INFO] [1790456662.253129163] [sim_ndt]: scan points: raw=1317 downsampled=1086 (leaf=0.05 m)
[hdl_localization_node-16] [INFO] [1790456662.269593829] [sim_ndt]: Metrics -> Error: 136763 (RMSE ~369.815 m) | Time: 0 ms | CovTrace: 0.555416 | Converged: True
[hdl_localization_node-16] [INFO] [1790456662.487406114] [sim_ndt]: scan points: raw=1317 downsampled=1086 (leaf=0.05 m)
[hdl_localization_node-16] [INFO] [1790456662.510574447] [sim_ndt]: Metrics -> Error: 138316 (RMSE ~371.908 m) | Time: 0 ms | CovTrace: 0.555417 | Converged: True
[hdl_localization_node-16] [INFO] [1790456662.747561577] [sim_ndt]: scan points: raw=1317 downsampled=1086 (leaf=0.05 m)
[hdl_localization_node-16] [INFO] [1790456662.761319055] [sim_ndt]: Metrics -> Error: 139877 (RMSE ~374.001 m) | Time: 0 ms | CovTrace: 0.555417 | Converged: True
[trajectory_generator_node-7] [WARN] [1790456662.882739551] [trajectory_generation]: discarded dynamic cloud without map <- base_link TF: Lookup would require extrapolation into the future.  Requested time 62.000000 but the latest data is at time 24.600000, when looking up transform from frame [base_link] to frame [map]
[hdl_localization_node-16] [INFO] [1790456663.010816786] [sim_ndt]: scan points: raw=1317 downsampled=1086 (leaf=0.05 m)
[hdl_localization_node-16] [INFO] [1790456663.019719576] [sim_ndt]: Metrics -> Error: 141447 (RMSE ~376.095 m) | Time: 0 ms | CovTrace: 0.555419 | Converged: True
[hdl_localization_node-16] [INFO] [1790456663.266159631] [sim_ndt]: scan points: raw=1317 downsampled=1086 (leaf=0.05 m)
[hdl_localization_node-16] [INFO] [1790456663.286072930] [sim_ndt]: Metrics -> Error: 143027 (RMSE ~378.189 m) | Time: 8 ms | CovTrace: 0.555421 | Converged: True
[cloud_adapter.py-5] [WARN] [1790456663.534800950] [sentry_cloud_adapter]: Dropped lidar frame: no TF at measurement time
[hdl_localization_node-16] [INFO] [1790456663.627710103] [sim_ndt]: scan points: raw=1317 downsampled=1086 (leaf=0.05 m)
[hdl_localization_node-16] [INFO] [1790456663.644231266] [sim_ndt]: Metrics -> Error: 144615 (RMSE ~380.282 m) | Time: 2 ms | CovTrace: 0.555422 | Converged: True
[hdl_localization_node-16] [INFO] [1790456663.836499949] [sim_ndt]: scan points: raw=1317 downsampled=1086 (leaf=0.05 m)
[hdl_localization_node-16] [INFO] [1790456663.851499393] [sim_ndt]: Metrics -> Error: 146211 (RMSE ~382.376 m) | Time: 0 ms | CovTrace: 0.555421 | Converged: True
[hdl_localization_node-16] [INFO] [1790456664.090554666] [sim_ndt]: scan points: raw=1317 downsampled=1086 (leaf=0.05 m)
[hdl_localization_node-16] [INFO] [1790456664.101954569] [sim_ndt]: Metrics -> Error: 147817 (RMSE ~384.469 m) | Time: 4 ms | CovTrace: 0.555424 | Converged: True
[hdl_localization_node-16] [INFO] [1790456664.320837003] [sim_ndt]: scan points: raw=1317 downsampled=1086 (leaf=0.05 m)
[hdl_localization_node-16] [INFO] [1790456664.327198614] [sim_ndt]: Metrics -> Error: 149431 (RMSE ~386.563 m) | Time: 0 ms | CovTrace: 0.555425 | Converged: True
[hdl_localization_node-16] [INFO] [1790456664.531572920] [sim_ndt]: scan points: raw=1317 downsampled=1086 (leaf=0.05 m)
[hdl_localization_node-16] [INFO] [1790456664.544274439] [sim_ndt]: Metrics -> Error: 151054 (RMSE ~388.656 m) | Time: 0 ms | CovTrace: 0.555426 | Converged: True
[hdl_localization_node-16] [INFO] [1790456664.755703629] [sim_ndt]: scan points: raw=1317 downsampled=1086 (leaf=0.05 m)
[hdl_localization_node-16] [INFO] [1790456664.780369403] [sim_ndt]: Metrics -> Error: 152685 (RMSE ~390.75 m) | Time: 10 ms | CovTrace: 0.555428 | Converged: True
[hdl_localization_node-16] [INFO] [1790456665.014590609] [sim_ndt]: scan points: raw=1317 downsampled=1086 (leaf=0.05 m)
[hdl_localization_node-16] [INFO] [1790456665.022852237] [sim_ndt]: Metrics -> Error: 154326 (RMSE ~392.843 m) | Time: 8 ms | CovTrace: 0.555429 | Converged: True
[hdl_localization_node-16] [INFO] [1790456665.208575858] [sim_ndt]: scan points: raw=1317 downsampled=1086 (leaf=0.05 m)
[hdl_localization_node-16] [INFO] [1790456665.217292662] [sim_ndt]: Metrics -> Error: 155975 (RMSE ~394.937 m) | Time: 2 ms | CovTrace: 0.555431 | Converged: True
[hdl_localization_node-16] [INFO] [1790456665.424076363] [sim_ndt]: scan points: raw=1317 downsampled=1086 (leaf=0.05 m)
[hdl_localization_node-16] [INFO] [1790456665.446041644] [sim_ndt]: Metrics -> Error: 157633 (RMSE ~397.03 m) | Time: 2 ms | CovTrace: 0.55543 | Converged: True
[hdl_localization_node-16] [INFO] [1790456665.664677255] [sim_ndt]: scan points: raw=1317 downsampled=1086 (leaf=0.05 m)
[hdl_localization_node-16] [INFO] [1790456665.682193372] [sim_ndt]: Metrics -> Error: 159300 (RMSE ~399.123 m) | Time: 6 ms | CovTrace: 0.555432 | Converged: True
[cloud_adapter.py-5] [WARN] [1790456665.706911722] [sentry_cloud_adapter]: Dropped lidar frame: no TF at measurement time
[hdl_localization_node-16] [INFO] [1790456665.905582453] [sim_ndt]: scan points: raw=1317 downsampled=1086 (leaf=0.05 m)
[hdl_localization_node-16] [INFO] [1790456665.914761065] [sim_ndt]: Metrics -> Error: 160975 (RMSE ~401.217 m) | Time: 0 ms | CovTrace: 0.555432 | Converged: True
[hdl_localization_node-16] [INFO] [1790456666.118584970] [sim_ndt]: scan points: raw=1317 downsampled=1086 (leaf=0.05 m)
[hdl_localization_node-16] [INFO] [1790456666.128187546] [sim_ndt]: Metrics -> Error: 162660 (RMSE ~403.311 m) | Time: 0 ms | CovTrace: 0.555433 | Converged: True
[hdl_localization_node-16] [INFO] [1790456666.338183916] [sim_ndt]: scan points: raw=1317 downsampled=1086 (leaf=0.05 m)
[hdl_localization_node-16] [INFO] [1790456666.344504529] [sim_ndt]: Metrics -> Error: 164352 (RMSE ~405.404 m) | Time: 0 ms | CovTrace: 0.555436 | Converged: True
[hdl_localization_node-16] [INFO] [1790456666.533450573] [sim_ndt]: scan points: raw=1317 downsampled=1086 (leaf=0.05 m)
[hdl_localization_node-16] [INFO] [1790456666.540964997] [sim_ndt]: Metrics -> Error: 166054 (RMSE ~407.498 m) | Time: 0 ms | CovTrace: 0.555438 | Converged: True
[hdl_localization_node-16] [INFO] [1790456666.809539593] [sim_ndt]: scan points: raw=1317 downsampled=1086 (leaf=0.05 m)
[hdl_localization_node-16] [INFO] [1790456666.831090822] [sim_ndt]: Metrics -> Error: 167765 (RMSE ~409.591 m) | Time: 12 ms | CovTrace: 0.555437 | Converged: True
[hdl_localization_node-16] [INFO] [1790456667.080733971] [sim_ndt]: scan points: raw=1317 downsampled=1086 (leaf=0.05 m)
[hdl_localization_node-16] [INFO] [1790456667.101906654] [sim_ndt]: Metrics -> Error: 169484 (RMSE ~411.685 m) | Time: 10 ms | CovTrace: 0.555439 | Converged: True
[hdl_localization_node-16] [INFO] [1790456667.309440612] [sim_ndt]: scan points: raw=1317 downsampled=1086 (leaf=0.05 m)
[hdl_localization_node-16] [INFO] [1790456667.318783072] [sim_ndt]: Metrics -> Error: 171212 (RMSE ~413.778 m) | Time: 2 ms | CovTrace: 0.555441 | Converged: True
[hdl_localization_node-16] [INFO] [1790456667.590864825] [sim_ndt]: scan points: raw=1317 downsampled=1086 (leaf=0.05 m)
[hdl_localization_node-16] [INFO] [1790456667.597993389] [sim_ndt]: Metrics -> Error: 172949 (RMSE ~415.872 m) | Time: 0 ms | CovTrace: 0.55544 | Converged: True
[hdl_localization_node-16] [INFO] [1790456667.782758825] [sim_ndt]: scan points: raw=1317 downsampled=1086 (leaf=0.05 m)
[hdl_localization_node-16] [INFO] [1790456667.793463304] [sim_ndt]: Metrics -> Error: 174695 (RMSE ~417.965 m) | Time: 0 ms | CovTrace: 0.555443 | Converged: True
[cloud_adapter.py-5] [WARN] [1790456667.826738578] [sentry_cloud_adapter]: Dropped lidar frame: no TF at measurement time
[hdl_localization_node-16] [INFO] [1790456668.015029548] [sim_ndt]: scan points: raw=1317 downsampled=1086 (leaf=0.05 m)
[hdl_localization_node-16] [INFO] [1790456668.029866091] [sim_ndt]: Metrics -> Error: 176449 (RMSE ~420.059 m) | Time: 6 ms | CovTrace: 0.555444 | Converged: True
[hdl_localization_node-16] [WARN] [1790456668.030017683] [sim_ndt]: Point-LIO odometry unavailable or stale for /localization/odometry twist; publishing zero twist
[hdl_localization_node-16] [INFO] [1790456668.265501203] [sim_ndt]: scan points: raw=1317 downsampled=1086 (leaf=0.05 m)
[hdl_localization_node-16] [INFO] [1790456668.278518087] [sim_ndt]: Metrics -> Error: 178213 (RMSE ~422.153 m) | Time: 0 ms | CovTrace: 0.555444 | Converged: True
[hdl_localization_node-16] [INFO] [1790456668.492110657] [sim_ndt]: scan points: raw=1317 downsampled=1086 (leaf=0.05 m)
[hdl_localization_node-16] [INFO] [1790456668.504215214] [sim_ndt]: Metrics -> Error: 179985 (RMSE ~424.246 m) | Time: 2 ms | CovTrace: 0.555446 | Converged: True
[hdl_localization_node-16] [INFO] [1790456668.733899868] [sim_ndt]: scan points: raw=1317 downsampled=1086 (leaf=0.05 m)
[hdl_localization_node-16] [INFO] [1790456668.740694013] [sim_ndt]: Metrics -> Error: 181765 (RMSE ~426.34 m) | Time: 0 ms | CovTrace: 0.555446 | Converged: True
[hdl_localization_node-16] [INFO] [1790456668.950275052] [sim_ndt]: scan points: raw=1317 downsampled=1086 (leaf=0.05 m)
[hdl_localization_node-16] [INFO] [1790456668.955833172] [sim_ndt]: Metrics -> Error: 183555 (RMSE ~428.433 m) | Time: 0 ms | CovTrace: 0.555448 | Converged: True
[trajectory_generator_node-7] [WARN] [1790456669.068351651] [trajectory_generation]: discarded dynamic cloud without map <- base_link TF: Lookup would require extrapolation into the future.  Requested time 67.200000 but the latest data is at time 24.600000, when looking up transform from frame [base_link] to frame [map]
[hdl_localization_node-16] [INFO] [1790456669.190846329] [sim_ndt]: scan points: raw=1317 downsampled=1086 (leaf=0.05 m)
[hdl_localization_node-16] [INFO] [1790456669.217091170] [sim_ndt]: Metrics -> Error: 185353 (RMSE ~430.527 m) | Time: 2 ms | CovTrace: 0.555449 | Converged: True
[hdl_localization_node-16] [INFO] [1790456669.479507296] [sim_ndt]: scan points: raw=1317 downsampled=1086 (leaf=0.05 m)
[hdl_localization_node-16] [INFO] [1790456669.506200816] [sim_ndt]: Metrics -> Error: 187160 (RMSE ~432.62 m) | Time: 10 ms | CovTrace: 0.555449 | Converged: True
[hdl_localization_node-16] [INFO] [1790456669.751073675] [sim_ndt]: scan points: raw=1317 downsampled=1086 (leaf=0.05 m)
[hdl_localization_node-16] [INFO] [1790456669.756983719] [sim_ndt]: Metrics -> Error: 188976 (RMSE ~434.714 m) | Time: 2 ms | CovTrace: 0.555452 | Converged: True
[cloud_adapter.py-5] [WARN] [1790456669.987741650] [sentry_cloud_adapter]: Dropped lidar frame: no TF at measurement time
[hdl_localization_node-16] [INFO] [1790456670.011909341] [sim_ndt]: scan points: raw=1317 downsampled=1086 (leaf=0.05 m)
[hdl_localization_node-16] [INFO] [1790456670.026218714] [sim_ndt]: Metrics -> Error: 190801 (RMSE ~436.807 m) | Time: 14 ms | CovTrace: 0.555453 | Converged: True
[hdl_localization_node-16] [INFO] [1790456670.231017734] [sim_ndt]: scan points: raw=1317 downsampled=1086 (leaf=0.05 m)
[hdl_localization_node-16] [INFO] [1790456670.242602174] [sim_ndt]: Metrics -> Error: 192634 (RMSE ~438.901 m) | Time: 0 ms | CovTrace: 0.555452 | Converged: True
[hdl_localization_node-16] [INFO] [1790456670.407616993] [sim_ndt]: scan points: raw=1317 downsampled=1086 (leaf=0.05 m)
[hdl_localization_node-16] [INFO] [1790456670.410232064] [sim_ndt]: Metrics -> Error: 194476 (RMSE ~440.994 m) | Time: 0 ms | CovTrace: 0.555453 | Converged: True
[hdl_localization_node-16] [INFO] [1790456670.636960603] [sim_ndt]: scan points: raw=1317 downsampled=1086 (leaf=0.05 m)
[hdl_localization_node-16] [INFO] [1790456670.659190253] [sim_ndt]: Metrics -> Error: 196327 (RMSE ~443.088 m) | Time: 14 ms | CovTrace: 0.555455 | Converged: True
[hdl_localization_node-16] [INFO] [1790456670.870519964] [sim_ndt]: scan points: raw=1317 downsampled=1086 (leaf=0.05 m)
[hdl_localization_node-16] [INFO] [1790456670.880810187] [sim_ndt]: Metrics -> Error: 198186 (RMSE ~445.181 m) | Time: 4 ms | CovTrace: 0.555458 | Converged: True
[hdl_localization_node-16] [INFO] [1790456671.138361975] [sim_ndt]: scan points: raw=1317 downsampled=1086 (leaf=0.05 m)
[hdl_localization_node-16] [INFO] [1790456671.157957744] [sim_ndt]: Metrics -> Error: 200054 (RMSE ~447.274 m) | Time: 4 ms | CovTrace: 0.555459 | Converged: True
[hdl_localization_node-16] [INFO] [1790456671.423528803] [sim_ndt]: scan points: raw=1317 downsampled=1086 (leaf=0.05 m)
[hdl_localization_node-16] [INFO] [1790456671.428808091] [sim_ndt]: Metrics -> Error: 201932 (RMSE ~449.368 m) | Time: 0 ms | CovTrace: 0.555459 | Converged: True
[hdl_localization_node-16] [INFO] [1790456671.636884015] [sim_ndt]: scan points: raw=1317 downsampled=1086 (leaf=0.05 m)
[hdl_localization_node-16] [INFO] [1790456671.648643941] [sim_ndt]: Metrics -> Error: 203817 (RMSE ~451.461 m) | Time: 2 ms | CovTrace: 0.555462 | Converged: True
[hdl_localization_node-16] [INFO] [1790456671.879866835] [sim_ndt]: scan points: raw=1317 downsampled=1086 (leaf=0.05 m)
[hdl_localization_node-16] [INFO] [1790456671.901879799] [sim_ndt]: Metrics -> Error: 205712 (RMSE ~453.555 m) | Time: 8 ms | CovTrace: 0.555463 | Converged: True
[hdl_localization_node-16] [INFO] [1790456672.097191011] [sim_ndt]: scan points: raw=1317 downsampled=1086 (leaf=0.05 m)
[hdl_localization_node-16] [INFO] [1790456672.100958125] [sim_ndt]: Metrics -> Error: 207616 (RMSE ~455.648 m) | Time: 0 ms | CovTrace: 0.555463 | Converged: True
[cloud_adapter.py-5] [WARN] [1790456672.148503704] [sentry_cloud_adapter]: Dropped lidar frame: no TF at measurement time
[hdl_localization_node-16] [INFO] [1790456672.338853140] [sim_ndt]: scan points: raw=1317 downsampled=1086 (leaf=0.05 m)
[hdl_localization_node-16] [INFO] [1790456672.347650830] [sim_ndt]: Metrics -> Error: 209528 (RMSE ~457.742 m) | Time: 0 ms | CovTrace: 0.555464 | Converged: True
[hdl_localization_node-16] [INFO] [1790456672.551250299] [sim_ndt]: scan points: raw=1317 downsampled=1086 (leaf=0.05 m)
[hdl_localization_node-16] [INFO] [1790456672.576409721] [sim_ndt]: Metrics -> Error: 211449 (RMSE ~459.836 m) | Time: 4 ms | CovTrace: 0.555465 | Converged: True
[hdl_localization_node-16] [INFO] [1790456672.783198402] [sim_ndt]: scan points: raw=1317 downsampled=1086 (leaf=0.05 m)
[hdl_localization_node-16] [INFO] [1790456672.794479547] [sim_ndt]: Metrics -> Error: 213378 (RMSE ~461.929 m) | Time: 0 ms | CovTrace: 0.555466 | Converged: True
[hdl_localization_node-16] [INFO] [1790456673.007824010] [sim_ndt]: scan points: raw=1317 downsampled=1086 (leaf=0.05 m)
[hdl_localization_node-16] [INFO] [1790456673.015979738] [sim_ndt]: Metrics -> Error: 215317 (RMSE ~464.022 m) | Time: 0 ms | CovTrace: 0.55547 | Converged: True
[hdl_localization_node-16] [INFO] [1790456673.247595018] [sim_ndt]: scan points: raw=1317 downsampled=1086 (leaf=0.05 m)
[hdl_localization_node-16] [INFO] [1790456673.256536536] [sim_ndt]: Metrics -> Error: 217264 (RMSE ~466.116 m) | Time: 0 ms | CovTrace: 0.555471 | Converged: True
[hdl_localization_node-16] [INFO] [1790456673.622645594] [sim_ndt]: scan points: raw=1317 downsampled=1086 (leaf=0.05 m)
[hdl_localization_node-16] [INFO] [1790456673.637769118] [sim_ndt]: Metrics -> Error: 219219 (RMSE ~468.209 m) | Time: 10 ms | CovTrace: 0.555472 | Converged: True
[hdl_localization_node-16] [INFO] [1790456673.857505275] [sim_ndt]: scan points: raw=1317 downsampled=1086 (leaf=0.05 m)
[hdl_localization_node-16] [INFO] [1790456673.871703479] [sim_ndt]: Metrics -> Error: 221184 (RMSE ~470.302 m) | Time: 4 ms | CovTrace: 0.555472 | Converged: True
[hdl_localization_node-16] [INFO] [1790456674.105719467] [sim_ndt]: scan points: raw=1317 downsampled=1086 (leaf=0.05 m)
[hdl_localization_node-16] [INFO] [1790456674.115841590] [sim_ndt]: Metrics -> Error: 223158 (RMSE ~472.396 m) | Time: 4 ms | CovTrace: 0.555472 | Converged: True
[hdl_localization_node-16] [WARN] [1790456674.117595602] [sim_ndt]: Point-LIO odometry unavailable or stale for /localization/odometry twist; publishing zero twist
[hdl_localization_node-16] [INFO] [1790456674.328840063] [sim_ndt]: scan points: raw=1317 downsampled=1086 (leaf=0.05 m)
[hdl_localization_node-16] [INFO] [1790456674.343283113] [sim_ndt]: Metrics -> Error: 225140 (RMSE ~474.489 m) | Time: 0 ms | CovTrace: 0.555474 | Converged: True
[cloud_adapter.py-5] [WARN] [1790456674.366377439] [sentry_cloud_adapter]: Dropped lidar frame: no TF at measurement time
[hdl_localization_node-16] [INFO] [1790456674.518849346] [sim_ndt]: scan points: raw=1317 downsampled=1086 (leaf=0.05 m)
[hdl_localization_node-16] [INFO] [1790456674.535141442] [sim_ndt]: Metrics -> Error: 227131 (RMSE ~476.582 m) | Time: 6 ms | CovTrace: 0.555476 | Converged: True
[hdl_localization_node-16] [INFO] [1790456674.748338106] [sim_ndt]: scan points: raw=1317 downsampled=1086 (leaf=0.05 m)
[hdl_localization_node-16] [INFO] [1790456674.760819808] [sim_ndt]: Metrics -> Error: 229130 (RMSE ~478.676 m) | Time: 6 ms | CovTrace: 0.555479 | Converged: True
[hdl_localization_node-16] [INFO] [1790456674.966016698] [sim_ndt]: scan points: raw=1317 downsampled=1086 (leaf=0.05 m)
[hdl_localization_node-16] [INFO] [1790456674.968135186] [sim_ndt]: Metrics -> Error: 231139 (RMSE ~480.769 m) | Time: 0 ms | CovTrace: 0.55548 | Converged: True
[hdl_localization_node-16] [INFO] [1790456675.202209643] [sim_ndt]: scan points: raw=1317 downsampled=1086 (leaf=0.05 m)
[hdl_localization_node-16] [INFO] [1790456675.212090724] [sim_ndt]: Metrics -> Error: 233157 (RMSE ~482.863 m) | Time: 2 ms | CovTrace: 0.555482 | Converged: True
[trajectory_generator_node-7] [WARN] [1790456675.315359984] [trajectory_generation]: discarded dynamic cloud without map <- base_link TF: Lookup would require extrapolation into the future.  Requested time 72.400000 but the latest data is at time 24.600000, when looking up transform from frame [base_link] to frame [map]
[hdl_localization_node-16] [INFO] [1790456675.401292708] [sim_ndt]: scan points: raw=1317 downsampled=1086 (leaf=0.05 m)
[hdl_localization_node-16] [INFO] [1790456675.415394739] [sim_ndt]: Metrics -> Error: 235183 (RMSE ~484.956 m) | Time: 4 ms | CovTrace: 0.555483 | Converged: True
[hdl_localization_node-16] [INFO] [1790456675.641720807] [sim_ndt]: scan points: raw=1317 downsampled=1086 (leaf=0.05 m)
[hdl_localization_node-16] [INFO] [1790456675.655575405] [sim_ndt]: Metrics -> Error: 237217 (RMSE ~487.049 m) | Time: 8 ms | CovTrace: 0.555483 | Converged: True
[hdl_localization_node-16] [INFO] [1790456675.911804975] [sim_ndt]: scan points: raw=1317 downsampled=1086 (leaf=0.05 m)
[hdl_localization_node-16] [INFO] [1790456675.930708772] [sim_ndt]: Metrics -> Error: 239260 (RMSE ~489.142 m) | Time: 8 ms | CovTrace: 0.555483 | Converged: True
[hdl_localization_node-16] [INFO] [1790456676.174811084] [sim_ndt]: scan points: raw=1317 downsampled=1086 (leaf=0.05 m)
[hdl_localization_node-16] [INFO] [1790456676.192638846] [sim_ndt]: Metrics -> Error: 241312 (RMSE ~491.236 m) | Time: 6 ms | CovTrace: 0.555485 | Converged: True
[cloud_adapter.py-5] [WARN] [1790456676.428636006] [sentry_cloud_adapter]: Dropped lidar frame: no TF at measurement time
[hdl_localization_node-16] [INFO] [1790456676.455591550] [sim_ndt]: scan points: raw=1317 downsampled=1086 (leaf=0.05 m)
[hdl_localization_node-16] [INFO] [1790456676.474723535] [sim_ndt]: Metrics -> Error: 243373 (RMSE ~493.329 m) | Time: 12 ms | CovTrace: 0.555487 | Converged: True
[hdl_localization_node-16] [INFO] [1790456676.679644417] [sim_ndt]: scan points: raw=1317 downsampled=1086 (leaf=0.05 m)
[hdl_localization_node-16] [INFO] [1790456676.690245638] [sim_ndt]: Metrics -> Error: 245443 (RMSE ~495.422 m) | Time: 0 ms | CovTrace: 0.555489 | Converged: True
[hdl_localization_node-16] [INFO] [1790456676.915898214] [sim_ndt]: scan points: raw=1317 downsampled=1086 (leaf=0.05 m)
[hdl_localization_node-16] [INFO] [1790456676.918900352] [sim_ndt]: Metrics -> Error: 247521 (RMSE ~497.515 m) | Time: 0 ms | CovTrace: 0.555488 | Converged: True
[hdl_localization_node-16] [INFO] [1790456677.157299247] [sim_ndt]: scan points: raw=1317 downsampled=1086 (leaf=0.05 m)
[hdl_localization_node-16] [INFO] [1790456677.161985313] [sim_ndt]: Metrics -> Error: 249609 (RMSE ~499.609 m) | Time: 0 ms | CovTrace: 0.555491 | Converged: True
[hdl_localization_node-16] [INFO] [1790456677.474794478] [sim_ndt]: scan points: raw=1317 downsampled=1086 (leaf=0.05 m)
[hdl_localization_node-16] [INFO] [1790456677.480719730] [sim_ndt]: Metrics -> Error: 251705 (RMSE ~501.702 m) | Time: 0 ms | CovTrace: 0.555492 | Converged: True
[hdl_localization_node-16] [INFO] [1790456677.698545198] [sim_ndt]: scan points: raw=1317 downsampled=1086 (leaf=0.05 m)
[hdl_localization_node-16] [INFO] [1790456677.710802788] [sim_ndt]: Metrics -> Error: 253809 (RMSE ~503.795 m) | Time: 0 ms | CovTrace: 0.555491 | Converged: True
[hdl_localization_node-16] [INFO] [1790456677.923053615] [sim_ndt]: scan points: raw=1317 downsampled=1086 (leaf=0.05 m)
[hdl_localization_node-16] [INFO] [1790456677.929545078] [sim_ndt]: Metrics -> Error: 255923 (RMSE ~505.888 m) | Time: 4 ms | CovTrace: 0.555492 | Converged: True
[hdl_localization_node-16] [INFO] [1790456678.164885298] [sim_ndt]: scan points: raw=1317 downsampled=1086 (leaf=0.05 m)
[hdl_localization_node-16] [INFO] [1790456678.180497576] [sim_ndt]: Metrics -> Error: 258045 (RMSE ~507.981 m) | Time: 8 ms | CovTrace: 0.555495 | Converged: True
[hdl_localization_node-16] [INFO] [1790456678.380930350] [sim_ndt]: scan points: raw=1317 downsampled=1086 (leaf=0.05 m)
[hdl_localization_node-16] [INFO] [1790456678.383079938] [sim_ndt]: Metrics -> Error: 260176 (RMSE ~510.074 m) | Time: 0 ms | CovTrace: 0.555494 | Converged: True
[hdl_localization_node-16] [INFO] [1790456678.588938276] [sim_ndt]: scan points: raw=1317 downsampled=1086 (leaf=0.05 m)
[hdl_localization_node-16] [INFO] [1790456678.595232486] [sim_ndt]: Metrics -> Error: 262316 (RMSE ~512.168 m) | Time: 2 ms | CovTrace: 0.555497 | Converged: True
[cloud_adapter.py-5] [WARN] [1790456678.667018544] [sentry_cloud_adapter]: Dropped lidar frame: no TF at measurement time
[hdl_localization_node-16] [INFO] [1790456678.806712800] [sim_ndt]: scan points: raw=1317 downsampled=1086 (leaf=0.05 m)
[hdl_localization_node-16] [INFO] [1790456678.817729547] [sim_ndt]: Metrics -> Error: 264464 (RMSE ~514.261 m) | Time: 4 ms | CovTrace: 0.555497 | Converged: True
[hdl_localization_node-16] [INFO] [1790456679.063440771] [sim_ndt]: scan points: raw=1317 downsampled=1086 (leaf=0.05 m)
[hdl_localization_node-16] [INFO] [1790456679.078727448] [sim_ndt]: Metrics -> Error: 266622 (RMSE ~516.354 m) | Time: 2 ms | CovTrace: 0.555495 | Converged: True
[hdl_localization_node-16] [INFO] [1790456679.303579696] [sim_ndt]: scan points: raw=1317 downsampled=1086 (leaf=0.05 m)
[hdl_localization_node-16] [INFO] [1790456679.317458425] [sim_ndt]: Metrics -> Error: 268788 (RMSE ~518.447 m) | Time: 10 ms | CovTrace: 0.555498 | Converged: True
[hdl_localization_node-16] [INFO] [1790456679.540494562] [sim_ndt]: scan points: raw=1317 downsampled=1086 (leaf=0.05 m)
[hdl_localization_node-16] [INFO] [1790456679.550795455] [sim_ndt]: Metrics -> Error: 270963 (RMSE ~520.541 m) | Time: 2 ms | CovTrace: 0.555501 | Converged: True
[hdl_localization_node-16] [INFO] [1790456679.771692660] [sim_ndt]: scan points: raw=1317 downsampled=1086 (leaf=0.05 m)
[hdl_localization_node-16] [INFO] [1790456679.787855102] [sim_ndt]: Metrics -> Error: 273146 (RMSE ~522.634 m) | Time: 8 ms | CovTrace: 0.555503 | Converged: True
[hdl_localization_node-16] [INFO] [1790456679.977881870] [sim_ndt]: scan points: raw=1317 downsampled=1086 (leaf=0.05 m)
[hdl_localization_node-16] [INFO] [1790456679.986917509] [sim_ndt]: Metrics -> Error: 275338 (RMSE ~524.727 m) | Time: 0 ms | CovTrace: 0.555506 | Converged: True
[hdl_localization_node-16] [INFO] [1790456680.224216427] [sim_ndt]: scan points: raw=1317 downsampled=1086 (leaf=0.05 m)
[hdl_localization_node-16] [INFO] [1790456680.233155550] [sim_ndt]: Metrics -> Error: 277539 (RMSE ~526.82 m) | Time: 2 ms | CovTrace: 0.555506 | Converged: True
[hdl_localization_node-16] [WARN] [1790456680.233240967] [sim_ndt]: Point-LIO odometry unavailable or stale for /localization/odometry twist; publishing zero twist
[hdl_localization_node-16] [INFO] [1790456680.426690076] [sim_ndt]: scan points: raw=1317 downsampled=1086 (leaf=0.05 m)
[hdl_localization_node-16] [INFO] [1790456680.432960923] [sim_ndt]: Metrics -> Error: 279749 (RMSE ~528.913 m) | Time: 0 ms | CovTrace: 0.555504 | Converged: True
[hdl_localization_node-16] [INFO] [1790456680.624072090] [sim_ndt]: scan points: raw=1317 downsampled=1086 (leaf=0.05 m)
[hdl_localization_node-16] [INFO] [1790456680.639471065] [sim_ndt]: Metrics -> Error: 281968 (RMSE ~531.006 m) | Time: 10 ms | CovTrace: 0.555507 | Converged: True
[cloud_adapter.py-5] [WARN] [1790456680.726911451] [sentry_cloud_adapter]: Dropped lidar frame: no TF at measurement time
[hdl_localization_node-16] [INFO] [1790456680.843742020] [sim_ndt]: scan points: raw=1317 downsampled=1086 (leaf=0.05 m)
[hdl_localization_node-16] [INFO] [1790456680.848022139] [sim_ndt]: Metrics -> Error: 284195 (RMSE ~533.1 m) | Time: 0 ms | CovTrace: 0.555509 | Converged: True
[hdl_localization_node-16] [INFO] [1790456681.090578072] [sim_ndt]: scan points: raw=1317 downsampled=1086 (leaf=0.05 m)
[hdl_localization_node-16] [INFO] [1790456681.101268885] [sim_ndt]: Metrics -> Error: 286431 (RMSE ~535.193 m) | Time: 0 ms | CovTrace: 0.555511 | Converged: True
[hdl_localization_node-16] [INFO] [1790456681.312286613] [sim_ndt]: scan points: raw=1317 downsampled=1086 (leaf=0.05 m)
[hdl_localization_node-16] [INFO] [1790456681.326536885] [sim_ndt]: Metrics -> Error: 288676 (RMSE ~537.286 m) | Time: 6 ms | CovTrace: 0.555512 | Converged: True
[trajectory_generator_node-7] [WARN] [1790456681.424563975] [trajectory_generation]: discarded dynamic cloud without map <- base_link TF: Lookup would require extrapolation into the future.  Requested time 77.600000 but the latest data is at time 24.600000, when looking up transform from frame [base_link] to frame [map]
[hdl_localization_node-16] [INFO] [1790456681.534705405] [sim_ndt]: scan points: raw=1317 downsampled=1086 (leaf=0.05 m)
[hdl_localization_node-16] [INFO] [1790456681.552331771] [sim_ndt]: Metrics -> Error: 290930 (RMSE ~539.379 m) | Time: 6 ms | CovTrace: 0.555514 | Converged: True
[hdl_localization_node-16] [INFO] [1790456681.784450111] [sim_ndt]: scan points: raw=1317 downsampled=1086 (leaf=0.05 m)
[hdl_localization_node-16] [INFO] [1790456681.792563522] [sim_ndt]: Metrics -> Error: 293192 (RMSE ~541.472 m) | Time: 0 ms | CovTrace: 0.555513 | Converged: True
[hdl_localization_node-16] [INFO] [1790456682.024664330] [sim_ndt]: scan points: raw=1317 downsampled=1086 (leaf=0.05 m)
[hdl_localization_node-16] [INFO] [1790456682.048873888] [sim_ndt]: Metrics -> Error: 295463 (RMSE ~543.565 m) | Time: 2 ms | CovTrace: 0.555515 | Converged: True
[hdl_localization_node-16] [INFO] [1790456682.241267595] [sim_ndt]: scan points: raw=1317 downsampled=1086 (leaf=0.05 m)
[hdl_localization_node-16] [INFO] [1790456682.256270196] [sim_ndt]: Metrics -> Error: 297742 (RMSE ~545.658 m) | Time: 6 ms | CovTrace: 0.555516 | Converged: True
[hdl_localization_node-16] [INFO] [1790456682.468455141] [sim_ndt]: scan points: raw=1317 downsampled=1086 (leaf=0.05 m)
[hdl_localization_node-16] [INFO] [1790456682.484240792] [sim_ndt]: Metrics -> Error: 300031 (RMSE ~547.751 m) | Time: 6 ms | CovTrace: 0.555518 | Converged: True
[hdl_localization_node-16] [INFO] [1790456682.696085465] [sim_ndt]: scan points: raw=1317 downsampled=1086 (leaf=0.05 m)
[hdl_localization_node-16] [INFO] [1790456682.702195705] [sim_ndt]: Metrics -> Error: 302329 (RMSE ~549.844 m) | Time: 0 ms | CovTrace: 0.555517 | Converged: True
[cloud_adapter.py-5] [WARN] [1790456682.748971619] [sentry_cloud_adapter]: Dropped lidar frame: no TF at measurement time
[hdl_localization_node-16] [INFO] [1790456682.921520026] [sim_ndt]: scan points: raw=1317 downsampled=1086 (leaf=0.05 m)
[hdl_localization_node-16] [INFO] [1790456682.936499302] [sim_ndt]: Metrics -> Error: 304634 (RMSE ~551.937 m) | Time: 8 ms | CovTrace: 0.55552 | Converged: True
[hdl_localization_node-16] [INFO] [1790456683.133570175] [sim_ndt]: scan points: raw=1317 downsampled=1086 (leaf=0.05 m)
[hdl_localization_node-16] [INFO] [1790456683.146127863] [sim_ndt]: Metrics -> Error: 306949 (RMSE ~554.03 m) | Time: 2 ms | CovTrace: 0.555522 | Converged: True
[hdl_localization_node-16] [INFO] [1790456683.423999526] [sim_ndt]: scan points: raw=1317 downsampled=1086 (leaf=0.05 m)
[hdl_localization_node-16] [INFO] [1790456683.436103383] [sim_ndt]: Metrics -> Error: 309273 (RMSE ~556.123 m) | Time: 0 ms | CovTrace: 0.555523 | Converged: True
[hdl_localization_node-16] [INFO] [1790456683.685746617] [sim_ndt]: scan points: raw=1317 downsampled=1086 (leaf=0.05 m)
[hdl_localization_node-16] [INFO] [1790456683.691000453] [sim_ndt]: Metrics -> Error: 311605 (RMSE ~558.216 m) | Time: 2 ms | CovTrace: 0.555525 | Converged: True
[hdl_localization_node-16] [INFO] [1790456683.926958412] [sim_ndt]: scan points: raw=1317 downsampled=1086 (leaf=0.05 m)
[hdl_localization_node-16] [INFO] [1790456683.943232996] [sim_ndt]: Metrics -> Error: 313947 (RMSE ~560.309 m) | Time: 0 ms | CovTrace: 0.555525 | Converged: True
[hdl_localization_node-16] [INFO] [1790456684.170851725] [sim_ndt]: scan points: raw=1317 downsampled=1086 (leaf=0.05 m)
[hdl_localization_node-16] [INFO] [1790456684.177176359] [sim_ndt]: Metrics -> Error: 316297 (RMSE ~562.403 m) | Time: 2 ms | CovTrace: 0.555526 | Converged: True
[hdl_localization_node-16] [INFO] [1790456684.392415885] [sim_ndt]: scan points: raw=1317 downsampled=1086 (leaf=0.05 m)
[hdl_localization_node-16] [INFO] [1790456684.403452082] [sim_ndt]: Metrics -> Error: 318655 (RMSE ~564.495 m) | Time: 0 ms | CovTrace: 0.555529 | Converged: True
[hdl_localization_node-16] [INFO] [1790456684.607461670] [sim_ndt]: scan points: raw=1317 downsampled=1086 (leaf=0.05 m)
[hdl_localization_node-16] [INFO] [1790456684.616585171] [sim_ndt]: Metrics -> Error: 321022 (RMSE ~566.588 m) | Time: 2 ms | CovTrace: 0.555529 | Converged: True
[hdl_localization_node-16] [INFO] [1790456684.853392536] [sim_ndt]: scan points: raw=1317 downsampled=1086 (leaf=0.05 m)
[hdl_localization_node-16] [INFO] [1790456684.868192197] [sim_ndt]: Metrics -> Error: 323398 (RMSE ~568.681 m) | Time: 6 ms | CovTrace: 0.55553 | Converged: True
[cloud_adapter.py-5] [WARN] [1790456684.895734905] [sentry_cloud_adapter]: Dropped lidar frame: no TF at measurement time
[hdl_localization_node-16] [INFO] [1790456685.100015331] [sim_ndt]: scan points: raw=1317 downsampled=1086 (leaf=0.05 m)
[hdl_localization_node-16] [INFO] [1790456685.113358197] [sim_ndt]: Metrics -> Error: 325783 (RMSE ~570.774 m) | Time: 2 ms | CovTrace: 0.555532 | Converged: True
[hdl_localization_node-16] [INFO] [1790456685.325575397] [sim_ndt]: scan points: raw=1317 downsampled=1086 (leaf=0.05 m)
[hdl_localization_node-16] [INFO] [1790456685.338231085] [sim_ndt]: Metrics -> Error: 328177 (RMSE ~572.867 m) | Time: 0 ms | CovTrace: 0.555533 | Converged: True
[hdl_localization_node-16] [INFO] [1790456685.558785700] [sim_ndt]: scan points: raw=1317 downsampled=1086 (leaf=0.05 m)
[hdl_localization_node-16] [INFO] [1790456685.573793532] [sim_ndt]: Metrics -> Error: 330578 (RMSE ~574.96 m) | Time: 8 ms | CovTrace: 0.555537 | Converged: True
[hdl_localization_node-16] [INFO] [1790456685.760807058] [sim_ndt]: scan points: raw=1317 downsampled=1086 (leaf=0.05 m)
[hdl_localization_node-16] [INFO] [1790456685.772807598] [sim_ndt]: Metrics -> Error: 332989 (RMSE ~577.052 m) | Time: 4 ms | CovTrace: 0.555536 | Converged: True
[hdl_localization_node-16] [INFO] [1790456685.982942405] [sim_ndt]: scan points: raw=1317 downsampled=1086 (leaf=0.05 m)
[hdl_localization_node-16] [INFO] [1790456685.992732471] [sim_ndt]: Metrics -> Error: 335409 (RMSE ~579.145 m) | Time: 4 ms | CovTrace: 0.55554 | Converged: True
[hdl_localization_node-16] [INFO] [1790456686.207110143] [sim_ndt]: scan points: raw=1317 downsampled=1086 (leaf=0.05 m)
[hdl_localization_node-16] [INFO] [1790456686.210224766] [sim_ndt]: Metrics -> Error: 337838 (RMSE ~581.238 m) | Time: 0 ms | CovTrace: 0.55554 | Converged: True
[hdl_localization_node-16] [WARN] [1790456686.215361758] [sim_ndt]: Point-LIO odometry unavailable or stale for /localization/odometry twist; publishing zero twist
[hdl_localization_node-16] [INFO] [1790456686.411769171] [sim_ndt]: scan points: raw=1317 downsampled=1086 (leaf=0.05 m)
[hdl_localization_node-16] [INFO] [1790456686.428399798] [sim_ndt]: Metrics -> Error: 340274 (RMSE ~583.33 m) | Time: 16 ms | CovTrace: 0.55554 | Converged: True
[hdl_localization_node-16] [INFO] [1790456686.629745813] [sim_ndt]: scan points: raw=1317 downsampled=1086 (leaf=0.05 m)
[hdl_localization_node-16] [INFO] [1790456686.640620378] [sim_ndt]: Metrics -> Error: 342721 (RMSE ~585.424 m) | Time: 6 ms | CovTrace: 0.55554 | Converged: True
[hdl_localization_node-16] [INFO] [1790456686.823382178] [sim_ndt]: scan points: raw=1317 downsampled=1086 (leaf=0.05 m)
[hdl_localization_node-16] [INFO] [1790456686.835359619] [sim_ndt]: Metrics -> Error: 345176 (RMSE ~587.517 m) | Time: 10 ms | CovTrace: 0.555543 | Converged: True
[cloud_adapter.py-5] [WARN] [1790456686.928574719] [sentry_cloud_adapter]: Dropped lidar frame: no TF at measurement time
[hdl_localization_node-16] [INFO] [1790456687.072831382] [sim_ndt]: scan points: raw=1317 downsampled=1086 (leaf=0.05 m)
[hdl_localization_node-16] [INFO] [1790456687.082713869] [sim_ndt]: Metrics -> Error: 347639 (RMSE ~589.609 m) | Time: 2 ms | CovTrace: 0.555542 | Converged: True
[hdl_localization_node-16] [INFO] [1790456687.328996982] [sim_ndt]: scan points: raw=1317 downsampled=1086 (leaf=0.05 m)
[hdl_localization_node-16] [INFO] [1790456687.344385099] [sim_ndt]: Metrics -> Error: 350111 (RMSE ~591.702 m) | Time: 6 ms | CovTrace: 0.555543 | Converged: True
[trajectory_generator_node-7] [WARN] [1790456687.436539901] [trajectory_generation]: discarded dynamic cloud without map <- base_link TF: Lookup would require extrapolation into the future.  Requested time 82.800000 but the latest data is at time 24.600000, when looking up transform from frame [base_link] to frame [map]
[hdl_localization_node-16] [INFO] [1790456687.501884837] [sim_ndt]: scan points: raw=1317 downsampled=1086 (leaf=0.05 m)
[hdl_localization_node-16] [INFO] [1790456687.507498499] [sim_ndt]: Metrics -> Error: 352592 (RMSE ~593.795 m) | Time: 6 ms | CovTrace: 0.55554 | Converged: True
[hdl_localization_node-16] [INFO] [1790456687.736303253] [sim_ndt]: scan points: raw=1317 downsampled=1086 (leaf=0.05 m)
[hdl_localization_node-16] [INFO] [1790456687.747514385] [sim_ndt]: Metrics -> Error: 355082 (RMSE ~595.888 m) | Time: 0 ms | CovTrace: 0.555546 | Converged: True
[hdl_localization_node-16] [INFO] [1790456687.992000031] [sim_ndt]: scan points: raw=1317 downsampled=1086 (leaf=0.05 m)
[hdl_localization_node-16] [INFO] [1790456687.994034433] [sim_ndt]: Metrics -> Error: 357581 (RMSE ~597.981 m) | Time: 0 ms | CovTrace: 0.55555 | Converged: True
[hdl_localization_node-16] [INFO] [1790456688.223614767] [sim_ndt]: scan points: raw=1317 downsampled=1086 (leaf=0.05 m)
[hdl_localization_node-16] [INFO] [1790456688.229100897] [sim_ndt]: Metrics -> Error: 360088 (RMSE ~600.073 m) | Time: 2 ms | CovTrace: 0.555551 | Converged: True
[hdl_localization_node-16] [INFO] [1790456688.433807350] [sim_ndt]: scan points: raw=1317 downsampled=1086 (leaf=0.05 m)
[hdl_localization_node-16] [INFO] [1790456688.449582844] [sim_ndt]: Metrics -> Error: 362605 (RMSE ~602.167 m) | Time: 4 ms | CovTrace: 0.555553 | Converged: True
[hdl_localization_node-16] [INFO] [1790456688.679306237] [sim_ndt]: scan points: raw=1317 downsampled=1086 (leaf=0.05 m)
[hdl_localization_node-16] [INFO] [1790456688.690468354] [sim_ndt]: Metrics -> Error: 365129 (RMSE ~604.259 m) | Time: 4 ms | CovTrace: 0.555549 | Converged: True
[hdl_localization_node-16] [INFO] [1790456688.896111863] [sim_ndt]: scan points: raw=1317 downsampled=1086 (leaf=0.05 m)
[hdl_localization_node-16] [INFO] [1790456688.907520134] [sim_ndt]: Metrics -> Error: 367663 (RMSE ~606.352 m) | Time: 0 ms | CovTrace: 0.555555 | Converged: True
[cloud_adapter.py-5] [WARN] [1790456688.948443332] [sentry_cloud_adapter]: Dropped lidar frame: no TF at measurement time
[hdl_localization_node-16] [INFO] [1790456689.136639586] [sim_ndt]: scan points: raw=1317 downsampled=1086 (leaf=0.05 m)
[hdl_localization_node-16] [INFO] [1790456689.143176335] [sim_ndt]: Metrics -> Error: 370205 (RMSE ~608.445 m) | Time: 2 ms | CovTrace: 0.555555 | Converged: True
[hdl_localization_node-16] [INFO] [1790456689.326021398] [sim_ndt]: scan points: raw=1317 downsampled=1086 (leaf=0.05 m)
[hdl_localization_node-16] [INFO] [1790456689.338386985] [sim_ndt]: Metrics -> Error: 372756 (RMSE ~610.538 m) | Time: 0 ms | CovTrace: 0.555559 | Converged: True
[hdl_localization_node-16] [INFO] [1790456689.553247450] [sim_ndt]: scan points: raw=1317 downsampled=1086 (leaf=0.05 m)
[hdl_localization_node-16] [INFO] [1790456689.563618507] [sim_ndt]: Metrics -> Error: 375317 (RMSE ~612.631 m) | Time: 0 ms | CovTrace: 0.55556 | Converged: True
[hdl_localization_node-16] [INFO] [1790456689.747066978] [sim_ndt]: scan points: raw=1317 downsampled=1086 (leaf=0.05 m)
[hdl_localization_node-16] [INFO] [1790456689.754798488] [sim_ndt]: Metrics -> Error: 377886 (RMSE ~614.724 m) | Time: 2 ms | CovTrace: 0.555559 | Converged: True
[hdl_localization_node-16] [INFO] [1790456689.985002309] [sim_ndt]: scan points: raw=1317 downsampled=1086 (leaf=0.05 m)
[hdl_localization_node-16] [INFO] [1790456689.989083698] [sim_ndt]: Metrics -> Error: 380463 (RMSE ~616.817 m) | Time: 4 ms | CovTrace: 0.555555 | Converged: True
[hdl_localization_node-16] [INFO] [1790456690.209689548] [sim_ndt]: scan points: raw=1317 downsampled=1086 (leaf=0.05 m)
[hdl_localization_node-16] [INFO] [1790456690.221562542] [sim_ndt]: Metrics -> Error: 383049 (RMSE ~618.91 m) | Time: 0 ms | CovTrace: 0.555558 | Converged: True
[hdl_localization_node-16] [INFO] [1790456690.423441735] [sim_ndt]: scan points: raw=1317 downsampled=1086 (leaf=0.05 m)
[hdl_localization_node-16] [INFO] [1790456690.435354900] [sim_ndt]: Metrics -> Error: 385644 (RMSE ~621.002 m) | Time: 0 ms | CovTrace: 0.555555 | Converged: True
[hdl_localization_node-16] [INFO] [1790456690.661474150] [sim_ndt]: scan points: raw=1317 downsampled=1086 (leaf=0.05 m)
[hdl_localization_node-16] [INFO] [1790456690.675311452] [sim_ndt]: Metrics -> Error: 388247 (RMSE ~623.095 m) | Time: 0 ms | CovTrace: 0.555562 | Converged: True
[hdl_localization_node-16] [INFO] [1790456690.878728301] [sim_ndt]: scan points: raw=1317 downsampled=1086 (leaf=0.05 m)
[hdl_localization_node-16] [INFO] [1790456690.889965781] [sim_ndt]: Metrics -> Error: 390859 (RMSE ~625.187 m) | Time: 2 ms | CovTrace: 0.555561 | Converged: True
[hdl_localization_node-16] [INFO] [1790456691.126159556] [sim_ndt]: scan points: raw=1317 downsampled=1086 (leaf=0.05 m)
[hdl_localization_node-16] [INFO] [1790456691.136604725] [sim_ndt]: Metrics -> Error: 393481 (RMSE ~627.281 m) | Time: 0 ms | CovTrace: 0.555561 | Converged: True
[cloud_adapter.py-5] [WARN] [1790456691.166846653] [sentry_cloud_adapter]: Dropped lidar frame: no TF at measurement time
[hdl_localization_node-16] [INFO] [1790456691.344169958] [sim_ndt]: scan points: raw=1317 downsampled=1086 (leaf=0.05 m)
[hdl_localization_node-16] [INFO] [1790456691.361286976] [sim_ndt]: Metrics -> Error: 396110 (RMSE ~629.373 m) | Time: 0 ms | CovTrace: 0.555565 | Converged: True
[hdl_localization_node-16] [INFO] [1790456691.577777021] [sim_ndt]: scan points: raw=1317 downsampled=1086 (leaf=0.05 m)
[hdl_localization_node-16] [INFO] [1790456691.590718878] [sim_ndt]: Metrics -> Error: 398749 (RMSE ~631.466 m) | Time: 6 ms | CovTrace: 0.555565 | Converged: True
[hdl_localization_node-16] [INFO] [1790456691.799726918] [sim_ndt]: scan points: raw=1317 downsampled=1086 (leaf=0.05 m)
[hdl_localization_node-16] [INFO] [1790456691.815788169] [sim_ndt]: Metrics -> Error: 401397 (RMSE ~633.559 m) | Time: 12 ms | CovTrace: 0.555569 | Converged: True
[hdl_localization_node-16] [WARN] [1790456691.816004841] [sim_ndt]: Point-LIO odometry unavailable or stale for /localization/odometry twist; publishing zero twist
[hdl_localization_node-16] [INFO] [1790456692.020648905] [sim_ndt]: scan points: raw=1317 downsampled=1086 (leaf=0.05 m)
[hdl_localization_node-16] [INFO] [1790456692.031320269] [sim_ndt]: Metrics -> Error: 404053 (RMSE ~635.652 m) | Time: 0 ms | CovTrace: 0.555568 | Converged: True
[hdl_localization_node-16] [INFO] [1790456692.210020916] [sim_ndt]: scan points: raw=1317 downsampled=1086 (leaf=0.05 m)
[hdl_localization_node-16] [INFO] [1790456692.215383452] [sim_ndt]: Metrics -> Error: 406719 (RMSE ~637.745 m) | Time: 4 ms | CovTrace: 0.555569 | Converged: True
[hdl_localization_node-16] [INFO] [1790456692.452658140] [sim_ndt]: scan points: raw=1317 downsampled=1086 (leaf=0.05 m)
[hdl_localization_node-16] [INFO] [1790456692.463935406] [sim_ndt]: Metrics -> Error: 409392 (RMSE ~639.837 m) | Time: 0 ms | CovTrace: 0.555573 | Converged: True
[hdl_localization_node-16] [INFO] [1790456692.652140459] [sim_ndt]: scan points: raw=1317 downsampled=1086 (leaf=0.05 m)
[hdl_localization_node-16] [INFO] [1790456692.657900865] [sim_ndt]: Metrics -> Error: 412075 (RMSE ~641.93 m) | Time: 2 ms | CovTrace: 0.555572 | Converged: True
[hdl_localization_node-16] [INFO] [1790456692.886896271] [sim_ndt]: scan points: raw=1317 downsampled=1086 (leaf=0.05 m)
[hdl_localization_node-16] [INFO] [1790456692.897658161] [sim_ndt]: Metrics -> Error: 414766 (RMSE ~644.024 m) | Time: 2 ms | CovTrace: 0.555572 | Converged: True
[hdl_localization_node-16] [INFO] [1790456693.105508688] [sim_ndt]: scan points: raw=1317 downsampled=1086 (leaf=0.05 m)
[hdl_localization_node-16] [INFO] [1790456693.107905016] [sim_ndt]: Metrics -> Error: 417466 (RMSE ~646.116 m) | Time: 0 ms | CovTrace: 0.555569 | Converged: True
[cloud_adapter.py-5] [WARN] [1790456693.171388337] [sentry_cloud_adapter]: Dropped lidar frame: no TF at measurement time
[trajectory_generator_node-7] [WARN] [1790456693.214768511] [trajectory_generation]: discarded dynamic cloud without map <- base_link TF: Lookup would require extrapolation into the future.  Requested time 88.000000 but the latest data is at time 24.600000, when looking up transform from frame [base_link] to frame [map]
[hdl_localization_node-16] [INFO] [1790456693.364845811] [sim_ndt]: scan points: raw=1317 downsampled=1086 (leaf=0.05 m)
[hdl_localization_node-16] [INFO] [1790456693.386697535] [sim_ndt]: Metrics -> Error: 420175 (RMSE ~648.209 m) | Time: 6 ms | CovTrace: 0.555576 | Converged: True
[hdl_localization_node-16] [INFO] [1790456693.685539445] [sim_ndt]: scan points: raw=1317 downsampled=1086 (leaf=0.05 m)
[hdl_localization_node-16] [INFO] [1790456693.701941063] [sim_ndt]: Metrics -> Error: 422892 (RMSE ~650.301 m) | Time: 8 ms | CovTrace: 0.55558 | Converged: True
[hdl_localization_node-16] [INFO] [1790456693.941579501] [sim_ndt]: scan points: raw=1317 downsampled=1086 (leaf=0.05 m)
[hdl_localization_node-16] [INFO] [1790456693.952840289] [sim_ndt]: Metrics -> Error: 425619 (RMSE ~652.394 m) | Time: 10 ms | CovTrace: 0.555577 | Converged: True
[hdl_localization_node-16] [INFO] [1790456694.151671595] [sim_ndt]: scan points: raw=1317 downsampled=1086 (leaf=0.05 m)
[hdl_localization_node-16] [INFO] [1790456694.157983798] [sim_ndt]: Metrics -> Error: 428354 (RMSE ~654.487 m) | Time: 6 ms | CovTrace: 0.555582 | Converged: True
[hdl_localization_node-16] [INFO] [1790456694.356772348] [sim_ndt]: scan points: raw=1317 downsampled=1086 (leaf=0.05 m)
[hdl_localization_node-16] [INFO] [1790456694.365087351] [sim_ndt]: Metrics -> Error: 431098 (RMSE ~656.58 m) | Time: 0 ms | CovTrace: 0.555581 | Converged: True
[hdl_localization_node-16] [INFO] [1790456694.573291662] [sim_ndt]: scan points: raw=1317 downsampled=1086 (leaf=0.05 m)
[hdl_localization_node-16] [INFO] [1790456694.582365835] [sim_ndt]: Metrics -> Error: 433850 (RMSE ~658.673 m) | Time: 4 ms | CovTrace: 0.555582 | Converged: True
[hdl_localization_node-16] [INFO] [1790456694.795179379] [sim_ndt]: scan points: raw=1317 downsampled=1086 (leaf=0.05 m)
[hdl_localization_node-16] [INFO] [1790456694.807989387] [sim_ndt]: Metrics -> Error: 436611 (RMSE ~660.766 m) | Time: 8 ms | CovTrace: 0.555586 | Converged: True
[hdl_localization_node-16] [INFO] [1790456695.030430728] [sim_ndt]: scan points: raw=1317 downsampled=1086 (leaf=0.05 m)
[hdl_localization_node-16] [INFO] [1790456695.045383008] [sim_ndt]: Metrics -> Error: 439381 (RMSE ~662.858 m) | Time: 0 ms | CovTrace: 0.555582 | Converged: True
[hdl_localization_node-16] [INFO] [1790456695.280432845] [sim_ndt]: scan points: raw=1317 downsampled=1086 (leaf=0.05 m)
[hdl_localization_node-16] [INFO] [1790456695.297576729] [sim_ndt]: Metrics -> Error: 442160 (RMSE ~664.951 m) | Time: 14 ms | CovTrace: 0.555588 | Converged: True
[cloud_adapter.py-5] [WARN] [1790456695.306958338] [sentry_cloud_adapter]: Dropped lidar frame: no TF at measurement time
[hdl_localization_node-16] [INFO] [1790456695.499200189] [sim_ndt]: scan points: raw=1317 downsampled=1086 (leaf=0.05 m)
[hdl_localization_node-16] [INFO] [1790456695.508431326] [sim_ndt]: Metrics -> Error: 444948 (RMSE ~667.044 m) | Time: 0 ms | CovTrace: 0.555587 | Converged: True
[hdl_localization_node-16] [INFO] [1790456695.720077874] [sim_ndt]: scan points: raw=1317 downsampled=1086 (leaf=0.05 m)
[hdl_localization_node-16] [INFO] [1790456695.739477818] [sim_ndt]: Metrics -> Error: 447744 (RMSE ~669.137 m) | Time: 6 ms | CovTrace: 0.555587 | Converged: True
[hdl_localization_node-16] [INFO] [1790456695.926336097] [sim_ndt]: scan points: raw=1317 downsampled=1086 (leaf=0.05 m)
[hdl_localization_node-16] [INFO] [1790456695.940713434] [sim_ndt]: Metrics -> Error: 450549 (RMSE ~671.229 m) | Time: 12 ms | CovTrace: 0.555588 | Converged: True
[hdl_localization_node-16] [INFO] [1790456696.140396384] [sim_ndt]: scan points: raw=1317 downsampled=1086 (leaf=0.05 m)
[hdl_localization_node-16] [INFO] [1790456696.149912757] [sim_ndt]: Metrics -> Error: 453362 (RMSE ~673.322 m) | Time: 4 ms | CovTrace: 0.555592 | Converged: True
[hdl_localization_node-16] [INFO] [1790456696.410694119] [sim_ndt]: scan points: raw=1317 downsampled=1086 (leaf=0.05 m)
[hdl_localization_node-16] [INFO] [1790456696.414522089] [sim_ndt]: Metrics -> Error: 456185 (RMSE ~675.415 m) | Time: 0 ms | CovTrace: 0.555591 | Converged: True
[hdl_localization_node-16] [INFO] [1790456696.631828014] [sim_ndt]: scan points: raw=1317 downsampled=1086 (leaf=0.05 m)
[hdl_localization_node-16] [INFO] [1790456696.640134575] [sim_ndt]: Metrics -> Error: 459017 (RMSE ~677.508 m) | Time: 2 ms | CovTrace: 0.555596 | Converged: True
[hdl_localization_node-16] [INFO] [1790456696.866465423] [sim_ndt]: scan points: raw=1317 downsampled=1086 (leaf=0.05 m)
[hdl_localization_node-16] [INFO] [1790456696.880109483] [sim_ndt]: Metrics -> Error: 461857 (RMSE ~679.6 m) | Time: 2 ms | CovTrace: 0.5556 | Converged: True
[hdl_localization_node-16] [INFO] [1790456697.090686838] [sim_ndt]: scan points: raw=1317 downsampled=1086 (leaf=0.05 m)
[hdl_localization_node-16] [INFO] [1790456697.096185802] [sim_ndt]: Metrics -> Error: 464705 (RMSE ~681.693 m) | Time: 2 ms | CovTrace: 0.555598 | Converged: True
[hdl_localization_node-16] [INFO] [1790456697.307532459] [sim_ndt]: scan points: raw=1317 downsampled=1086 (leaf=0.05 m)
[hdl_localization_node-16] [INFO] [1790456697.315147533] [sim_ndt]: Metrics -> Error: 467562 (RMSE ~683.785 m) | Time: 0 ms | CovTrace: 0.555598 | Converged: True
[cloud_adapter.py-5] [WARN] [1790456697.371146923] [sentry_cloud_adapter]: Dropped lidar frame: no TF at measurement time
[hdl_localization_node-16] [INFO] [1790456697.561811202] [sim_ndt]: scan points: raw=1317 downsampled=1086 (leaf=0.05 m)
[hdl_localization_node-16] [INFO] [1790456697.577193425] [sim_ndt]: Metrics -> Error: 470428 (RMSE ~685.878 m) | Time: 2 ms | CovTrace: 0.555596 | Converged: True
[hdl_localization_node-16] [INFO] [1790456697.814982540] [sim_ndt]: scan points: raw=1317 downsampled=1086 (leaf=0.05 m)
[hdl_localization_node-16] [INFO] [1790456697.830128621] [sim_ndt]: Metrics -> Error: 473303 (RMSE ~687.97 m) | Time: 6 ms | CovTrace: 0.555599 | Converged: True
[hdl_localization_node-16] [WARN] [1790456697.830226253] [sim_ndt]: Point-LIO odometry unavailable or stale for /localization/odometry twist; publishing zero twist
[hdl_localization_node-16] [INFO] [1790456698.021727706] [sim_ndt]: scan points: raw=1317 downsampled=1086 (leaf=0.05 m)
[hdl_localization_node-16] [INFO] [1790456698.037447318] [sim_ndt]: Metrics -> Error: 476187 (RMSE ~690.063 m) | Time: 4 ms | CovTrace: 0.555602 | Converged: True
[hdl_localization_node-16] [INFO] [1790456698.304016918] [sim_ndt]: scan points: raw=1317 downsampled=1086 (leaf=0.05 m)
[hdl_localization_node-16] [INFO] [1790456698.309633522] [sim_ndt]: Metrics -> Error: 479079 (RMSE ~692.156 m) | Time: 0 ms | CovTrace: 0.555599 | Converged: True
[hdl_localization_node-16] [INFO] [1790456698.564567412] [sim_ndt]: scan points: raw=1317 downsampled=1086 (leaf=0.05 m)
[hdl_localization_node-16] [INFO] [1790456698.575961422] [sim_ndt]: Metrics -> Error: 481981 (RMSE ~694.248 m) | Time: 0 ms | CovTrace: 0.555602 | Converged: True
[hdl_localization_node-16] [INFO] [1790456698.780053216] [sim_ndt]: scan points: raw=1317 downsampled=1086 (leaf=0.05 m)
[hdl_localization_node-16] [INFO] [1790456698.785029835] [sim_ndt]: Metrics -> Error: 484890 (RMSE ~696.341 m) | Time: 4 ms | CovTrace: 0.555599 | Converged: True
[hdl_localization_node-16] [INFO] [1790456699.014594710] [sim_ndt]: scan points: raw=1317 downsampled=1086 (leaf=0.05 m)
[hdl_localization_node-16] [INFO] [1790456699.023614989] [sim_ndt]: Metrics -> Error: 487808 (RMSE ~698.433 m) | Time: 6 ms | CovTrace: 0.555601 | Converged: True
[trajectory_generator_node-7] [WARN] [1790456699.120044578] [trajectory_generation]: discarded dynamic cloud without map <- base_link TF: Lookup would require extrapolation into the future.  Requested time 93.000000 but the latest data is at time 24.600000, when looking up transform from frame [base_link] to frame [map]
[hdl_localization_node-16] [INFO] [1790456699.234227916] [sim_ndt]: scan points: raw=1317 downsampled=1086 (leaf=0.05 m)
[hdl_localization_node-16] [INFO] [1790456699.239413933] [sim_ndt]: Metrics -> Error: 490736 (RMSE ~700.525 m) | Time: 0 ms | CovTrace: 0.555606 | Converged: True
[hdl_localization_node-16] [INFO] [1790456699.461597899] [sim_ndt]: scan points: raw=1317 downsampled=1086 (leaf=0.05 m)
[hdl_localization_node-16] [INFO] [1790456699.487351027] [sim_ndt]: Metrics -> Error: 493672 (RMSE ~702.618 m) | Time: 12 ms | CovTrace: 0.555604 | Converged: True
[cloud_adapter.py-5] [WARN] [1790456699.532207641] [sentry_cloud_adapter]: Dropped lidar frame: no TF at measurement time
[hdl_localization_node-16] [INFO] [1790456699.732603015] [sim_ndt]: scan points: raw=1317 downsampled=1086 (leaf=0.05 m)
[WARNING] [launch]: user interrupted with ctrl-c (SIGINT)
[hdl_localization_node-16] [INFO] [1790456699.744119548] [sim_ndt]: Metrics -> Error: 496616 (RMSE ~704.71 m) | Time: 8 ms | CovTrace: 0.55561 | Converged: True
[INFO] [hdl_localization_node-16]: sending signal 'SIGINT' to process[hdl_localization_node-16]
[INFO] [hdl_localization_map_server-15]: sending signal 'SIGINT' to process[hdl_localization_map_server-15]
[INFO] [decision_goal_router.py-14]: sending signal 'SIGINT' to process[decision_goal_router.py-14]
[INFO] [strategy_node-13]: sending signal 'SIGINT' to process[strategy_node-13]
[INFO] [pty_mcu_sim.py-12]: sending signal 'SIGINT' to process[pty_mcu_sim.py-12]
[INFO] [autonomy_guard.py-11]: sending signal 'SIGINT' to process[autonomy_guard.py-11]
[INFO] [hit_bridge-10]: sending signal 'SIGINT' to process[hit_bridge-10]
[INFO] [trajectory_tracking_node-9]: sending signal 'SIGINT' to process[trajectory_tracking_node-9]
[INFO] [rviz_safe-8]: sending signal 'SIGINT' to process[rviz_safe-8]
[INFO] [trajectory_generator_node-7]: sending signal 'SIGINT' to process[trajectory_generator_node-7]
[INFO] [map_display.py-6]: sending signal 'SIGINT' to process[map_display.py-6]
[INFO] [cloud_adapter.py-5]: sending signal 'SIGINT' to process[cloud_adapter.py-5]
[INFO] [sim_adapter.py-4]: sending signal 'SIGINT' to process[sim_adapter.py-4]
[INFO] [parameter_bridge-3]: sending signal 'SIGINT' to process[parameter_bridge-3]
[INFO] [ign-2]: sending signal 'SIGINT' to process[ign-2]
[INFO] [estimated_odometry.py-1]: sending signal 'SIGINT' to process[estimated_odometry.py-1]
[hdl_localization_node-16] [INFO] [1790456699.762645278] [rclcpp]: signal_handler(SIGINT/SIGTERM)
[hdl_localization_map_server-15] [INFO] [1790456699.777642499] [rclcpp]: signal_handler(SIGINT/SIGTERM)
[strategy_node-13] [INFO] [1790456699.803430988] [rclcpp]: signal_handler(SIGINT/SIGTERM)
[pty_mcu_sim.py-12] [INFO] [1790456699.838616081] [rclcpp]: signal_handler(SIGINT/SIGTERM)
[hit_bridge-10] [INFO] [1790456699.859071937] [rclcpp]: signal_handler(SIGINT/SIGTERM)
[trajectory_tracking_node-9] [INFO] [1790456699.867508016] [rclcpp]: signal_handler(SIGINT/SIGTERM)
[trajectory_generator_node-7] [INFO] [1790456699.896278520] [rclcpp]: signal_handler(SIGINT/SIGTERM)
[parameter_bridge-3] [INFO] [1790456699.952922757] [rclcpp]: signal_handler(SIGINT/SIGTERM)
[INFO] [hdl_localization_node-16]: process has finished cleanly [pid 79224]
[INFO] [hdl_localization_map_server-15]: process has finished cleanly [pid 79219]
[INFO] [hit_bridge-10]: process has finished cleanly [pid 79199]
[INFO] [strategy_node-13]: process has finished cleanly [pid 79205]
[INFO] [autonomy_guard.py-11]: process has finished cleanly [pid 79201]
[INFO] [parameter_bridge-3]: process has finished cleanly [pid 79185]
[INFO] [trajectory_tracking_node-9]: process has finished cleanly [pid 79197]
[INFO] [trajectory_generator_node-7]: process has finished cleanly [pid 79193]
[INFO] [cloud_adapter.py-5]: process has finished cleanly [pid 79189]
[INFO] [map_display.py-6]: process has finished cleanly [pid 79191]
[INFO] [rviz_safe-8]: process has finished cleanly [pid 79195]
[INFO] [estimated_odometry.py-1]: process has finished cleanly [pid 79181]
[INFO] [sim_adapter.py-4]: process has finished cleanly [pid 79187]
[INFO] [decision_goal_router.py-14]: process has finished cleanly [pid 79207]
[INFO] [pty_mcu_sim.py-12]: process has finished cleanly [pid 79203]
[ERROR] [ign-2]: process[ign-2] failed to terminate '5' seconds after receiving 'SIGINT', escalating to 'SIGTERM'
[INFO] [ign-2]: sending signal 'SIGTERM' to process[ign-2]
[ign-2] [1;32m[Msg] [0m[1;32mLoading plugin [[0m[1;32mignition-rendering-ogre2[0m[1;32m][0m[1;32m[0m
[ign-2] [1;32m[Msg] [0m[1;32mServing scene information on [[0m[1;32m/world/sentry_planning[0m[1;32m/[0m[1;32mscene/info[0m[1;32m][0m[1;32m[0m
[ign-2] [1;32m[Msg] [0m[1;32mServing graph information on [[0m[1;32m/world/sentry_planning[0m[1;32m/[0m[1;32mscene/graph[0m[1;32m][0m[1;32m[0m
[ign-2] [1;32m[Msg] [0m[1;32mServing full state on [[0m[1;32m/world/sentry_planning[0m[1;32m/[0m[1;32mstate[0m[1;32m][0m[1;32m[0m
[ign-2] [1;32m[Msg] [0m[1;32mServing full state (async) on [[0m[1;32m/world/sentry_planning[0m[1;32m/[0m[1;32mstate_async[0m[1;32m][0m[1;32m[0m
[ign-2] [1;32m[Msg] [0m[1;32mPublishing scene information on [[0m[1;32m/world/sentry_planning/scene/info[0m[1;32m][0m[1;32m[0m
[ign-2] [1;32m[Msg] [0m[1;32mPublishing entity deletions on [[0m[1;32m/world/sentry_planning/scene/deletion[0m[1;32m][0m[1;32m[0m
[ign-2] [1;32m[Msg] [0m[1;32mPublishing state changes on [[0m[1;32m/world/sentry_planning/state[0m[1;32m][0m[1;32m[0m
[ign-2] [1;32m[Msg] [0m[1;32mPublishing pose messages on [[0m[1;32m/world/sentry_planning[0m[1;32m/[0m[1;32mpose/info[0m[1;32m][0m[1;32m[0m
[ign-2] [1;32m[Msg] [0m[1;32mPublishing dynamic pose messages on [[0m[1;32m/world/sentry_planning[0m[1;32m/[0m[1;32mdynamic_pose/info[0m[1;32m][0m[1;32m[0m
[ign-2] /usr/lib/ruby/ignition/cmdgazebo6.rb:183:in `kill': No such process (Errno::ESRCH)
[ign-2] 	from /usr/lib/ruby/ignition/cmdgazebo6.rb:183:in `killProcess'
[ign-2] 	from /usr/lib/ruby/ignition/cmdgazebo6.rb:509:in `handle_signal'
[ign-2] 	from /usr/lib/ruby/ignition/cmdgazebo6.rb:519:in `block in execute'
[ign-2] 	from /usr/lib/ruby/ignition/cmdgazebo6.rb:524:in `wait2'
[ign-2] 	from /usr/lib/ruby/ignition/cmdgazebo6.rb:524:in `execute'
[ign-2] 	from /usr/bin/ign:301:in `<main>'
[ign-2] Escalating to SIGKILL on [Ignition Gazebo GUI]
[ERROR] [ign-2]: process has died [pid 79183, exit code 1, cmd 'ign gazebo -r -v 3 /home/liangys/RM_Sentry_2026/ros2_ws/install_sentry_autonomy/sentry_gazebo/share/sentry_gazebo/worlds/planning_physics.sdf --gui-config /home/liangys/RM_Sentry_2026/ros2_ws/install_sentry_autonomy/sentry_gazebo/share/sentry_gazebo/config/autonomy-gui.config'].
