旧仿真已完整退出，开始创建新场景。
[INFO] [launch]: All log files can be found below /home/liangys/.ros/log/2026-09-26-16-11-24-975293-ubuntu64-oc-67885
[INFO] [launch]: Default logging verbosity is set to INFO
[INFO] [estimated_odometry.py-1]: process started with pid [67920]
[INFO] [ign-2]: process started with pid [67922]
[INFO] [parameter_bridge-3]: process started with pid [67924]
[INFO] [sim_adapter.py-4]: process started with pid [67926]
[INFO] [cloud_adapter.py-5]: process started with pid [67928]
[INFO] [map_display.py-6]: process started with pid [67930]
[INFO] [trajectory_generator_node-7]: process started with pid [67932]
[INFO] [rviz_safe-8]: process started with pid [67934]
[INFO] [trajectory_tracking_node-9]: process started with pid [67936]
[INFO] [hit_bridge-10]: process started with pid [67938]
[INFO] [autonomy_guard.py-11]: process started with pid [67940]
[INFO] [hdl_localization_map_server-12]: process started with pid [67942]
[INFO] [hdl_localization_node-13]: process started with pid [67944]
[INFO] [python3-14]: process started with pid [67946]
[trajectory_generator_node-7] [Manager Init] map/file_path: 
[trajectory_generator_node-7] [Manager Init] map/occ_file_path: /home/liangys/RM_Sentry_2026/ros2_ws/install_sentry_autonomy/trajectory_generation/share/trajectory_generation/map/occfinal.png
[trajectory_generator_node-7] [Manager Init] map/bev_file_path: /home/liangys/RM_Sentry_2026/ros2_ws/install_sentry_autonomy/trajectory_generation/share/trajectory_generation/map/bevfinal.png
[trajectory_generator_node-7] [Manager Init] map/distance_map_file_path: /home/liangys/RM_Sentry_2026/ros2_ws/install_sentry_autonomy/trajectory_generation/share/trajectory_generation/map/occtopo.png
[trajectory_generator_node-7] m_height_bias: 0.0152941 m_height_interval: 1.5 m_height_threshold: 0.08 height_sencond_high_threshold: 0.2
[hdl_localization_map_server-12] [INFO] [1790453485.367879492] [sim_ndt_map]: Loading global map: /home/liangys/RM_Sentry_2026/ros2_ws/install_sentry_autonomy/sentry_gazebo/share/sentry_gazebo/maps/ndt_reference.pcd
[trajectory_tracking_node-9] [SentryRobotInterface] Loading task file: "/home/liangys/RM_Sentry_2026/ros2_ws/install_sentry_autonomy/trajectory_tracking/share/trajectory_tracking/cfg/task.info"
[trajectory_tracking_node-9] x_init:   5 8 0 0
[trajectory_tracking_node-9] 
[trajectory_tracking_node-9]  #### Multiple-Shooting SQP Settings:
[trajectory_tracking_node-9]  #### =============================================================================
[trajectory_tracking_node-9]  #### 'sqpIteration'...........................................................8
[trajectory_tracking_node-9]  #### 'deltaTol'...........................................................1e-06
[trajectory_tracking_node-9]  #### 'alpha_decay'..........................................................0.5 (default)
[trajectory_tracking_node-9]  #### 'alpha_min'.........................................................0.0001 (default)
[trajectory_tracking_node-9]  #### 'gamma_c'............................................................1e-06 (default)
[trajectory_tracking_node-9]  #### 'g_max'..............................................................1e+06 (default)
[trajectory_tracking_node-9]  #### 'g_min'..............................................................1e-06
[trajectory_tracking_node-9]  #### 'armijoFactor'......................................................0.0001 (default)
[trajectory_tracking_node-9]  #### 'costTol'...........................................................0.0001
[trajectory_tracking_node-9]  #### 'dt'...................................................................0.1
[trajectory_tracking_node-9]  #### 'useFeedbackPolicy'......................................................1
[trajectory_tracking_node-9]  #### 'createValueFunction'....................................................0 (default)
[trajectory_tracking_node-9]  #### 'integratorType'.......................................................RK2
[trajectory_tracking_node-9]  #### 'inequalityConstraintMu'...............................................0.1
[trajectory_tracking_node-9]  #### 'inequalityConstraintDelta'............................................0.2
[trajectory_tracking_node-9]  #### 'projectStateInputEqualityConstraints'...................................1
[trajectory_tracking_node-9]  #### 'extractProjectionMultiplier'............................................0 (default)
[trajectory_tracking_node-9]  #### 'printSolverStatus'......................................................0
[trajectory_tracking_node-9]  #### 'printSolverStatistics'..................................................0
[trajectory_tracking_node-9]  #### 'printLinesearch'........................................................0
[trajectory_tracking_node-9]  #### 'enableLogging'..........................................................1 (default)
[trajectory_tracking_node-9]  #### 'logSize'.............................................................1000 (default)
[trajectory_tracking_node-9]  #### 'logFilePath'.........................................../tmp/ocs2/sqp_log/ (default)
[trajectory_tracking_node-9]  #### 'nThreads'...............................................................2
[trajectory_tracking_node-9]  #### 'threadPriority'........................................................50
[trajectory_tracking_node-9] 
[trajectory_tracking_node-9]  #### HPIPM Settings:
[trajectory_tracking_node-9]  #### =============================================================================
[trajectory_tracking_node-9]  #### 'mode'...................................................................1 (default)
[trajectory_tracking_node-9]  #### 'iter_max'..............................................................30 (default)
[trajectory_tracking_node-9]  #### 'alpha_min'..........................................................1e-12 (default)
[trajectory_tracking_node-9]  #### 'mu0'...................................................................10 (default)
[trajectory_tracking_node-9]  #### 'tol_stat'...........................................................1e-06 (default)
[trajectory_tracking_node-9]  #### 'tol_eq'.............................................................1e-08 (default)
[trajectory_tracking_node-9]  #### 'tol_ineq'...........................................................1e-08 (default)
[trajectory_tracking_node-9]  #### 'tol_comp'...........................................................1e-08 (default)
[trajectory_tracking_node-9]  #### 'reg_prim'...........................................................1e-12 (default)
[trajectory_tracking_node-9]  #### 'warm_start'.............................................................0 (default)
[trajectory_tracking_node-9]  #### 'pred_corr'..............................................................1 (default)
[trajectory_tracking_node-9]  #### 'ric_alg'................................................................0 (default)
[trajectory_tracking_node-9]  #### =============================================================================
[trajectory_tracking_node-9]  #### =============================================================================
[trajectory_tracking_node-9] 
[trajectory_tracking_node-9]  #### MPC Settings:
[trajectory_tracking_node-9]  #### =============================================================================
[trajectory_tracking_node-9]  #### 'timeHorizon'............................................................2
[trajectory_tracking_node-9]  #### 'solutionTimeWindow'.....................................................2
[trajectory_tracking_node-9]  #### 'coldStart'..............................................................0
[trajectory_tracking_node-9]  #### 'debugPrint'.............................................................0
[trajectory_tracking_node-9]  #### 'mpcDesiredFrequency'..................................................100
[trajectory_tracking_node-9]  #### 'mrtDesiredFrequency'..................................................400
[trajectory_tracking_node-9]  #### =============================================================================
[trajectory_tracking_node-9] 
[trajectory_tracking_node-9]  #### Rollout Settings: 
[trajectory_tracking_node-9]  #### =============================================================================
[trajectory_tracking_node-9]  #### 'AbsTolODE'..........................................................1e-05
[trajectory_tracking_node-9]  #### 'RelTolODE'..........................................................0.001
[trajectory_tracking_node-9]  #### 'maxNumStepsPerSecond'...............................................10000
[trajectory_tracking_node-9]  #### 'timeStep'............................................................0.02
[trajectory_tracking_node-9]  #### 'integratorType'.....................................................ODE45 (default)
[trajectory_tracking_node-9]  #### 'checkNumericalStability'................................................1
[trajectory_tracking_node-9]  #### 'reconstructInputTrajectory'.............................................1 (default)
[trajectory_tracking_node-9]  #### 'rootFindingAlgorithm'...................................................0 (default)
[trajectory_tracking_node-9]  #### 'maxSingleEventIterations'..............................................10 (default)
[trajectory_tracking_node-9]  #### 'useTrajectorySpreadingController'.......................................0 (default)
[trajectory_tracking_node-9]  #### =============================================================================
[trajectory_tracking_node-9] WARNING: Loaded at least one default value in matrix: "Q"
[trajectory_tracking_node-9] WARNING: Loaded at least one default value in matrix: "R"
[trajectory_tracking_node-9] WARNING: Loaded at least one default value in matrix: "Q_final"
[trajectory_tracking_node-9] Q:  
[trajectory_tracking_node-9] 150   0   0   0
[trajectory_tracking_node-9]   0 150   0   0
[trajectory_tracking_node-9]   0   0  60   0
[trajectory_tracking_node-9]   0   0   0  80
[trajectory_tracking_node-9] R:  
[trajectory_tracking_node-9]  1.5    0
[trajectory_tracking_node-9]    0 0.15
[trajectory_tracking_node-9] Qf: 
[trajectory_tracking_node-9] 150   0   0   0
[trajectory_tracking_node-9]   0 150   0   0
[trajectory_tracking_node-9]   0   0  60   0
[trajectory_tracking_node-9]   0   0   0  80
[trajectory_tracking_node-9] m_height_bias: 0.0152941 m_height_interval: 1.5 m_height_threshold: 0.08 height_sencond_high_threshold: 0.2
[hdl_localization_node-13] [INFO] [1790453485.422842545] [sim_ndt]: create registration method for localization
[hdl_localization_node-13] [INFO] [1790453485.422932673] [sim_ndt]: NDT_OMP is selected
[hdl_localization_node-13] [INFO] [1790453485.423042478] [sim_ndt]: search_method DIRECT7 is selected
[hdl_localization_node-13] [INFO] [1790453485.423053536] [sim_ndt]: create registration method for fallback during relocalization
[hdl_localization_node-13] [INFO] [1790453485.423060081] [sim_ndt]: NDT_OMP is selected
[hdl_localization_node-13] [INFO] [1790453485.423069713] [sim_ndt]: search_method DIRECT7 is selected
[hdl_localization_node-13] [INFO] [1790453485.423201420] [sim_ndt]: initialize pose estimator with specified parameters
[hdl_localization_node-13] [INFO] [1790453485.423209821] [sim_ndt]:   init position (map): -0.769, -4.354, 0.000
[hdl_localization_node-13] [INFO] [1790453485.423220615] [sim_ndt]:   init orientation (wxyz): 1.0000, 0.0000, 0.0000, 0.0000
[hdl_localization_map_server-12] [INFO] [1790453485.439932779] [sim_ndt_map]: Global map loaded: 424654 points
[trajectory_generator_node-7] map swell done
[trajectory_generator_node-7] second_heights_points: 0
[trajectory_generator_node-7] [Map Build] bev build done
[trajectory_generator_node-7] R.rows 400 R.cols 400
[trajectory_generator_node-7] start topo sample map
[trajectory_generator_node-7] [GridMap] topo_sample_map size: 185
[trajectory_generator_node-7] [GridMap] topo_keypoint size: 1603
[trajectory_tracking_node-9] map swell done
[trajectory_tracking_node-9] second_heights_points: 10
[trajectory_tracking_node-9] [Map Build] bev build done
[trajectory_tracking_node-9] xmax: 0.781 xmin: -0.719 ymax: -3.154 ymin: -5.354
[trajectory_tracking_node-9] R.rows 400 R.cols 400
[trajectory_tracking_node-9] start topo sample map
[trajectory_tracking_node-9] [GridMap] topo_sample_map size: 185
[trajectory_tracking_node-9] [GridMap] topo_keypoint size: 1603
[sim_adapter.py-4] [INFO] [1790453485.980163145] [sentry_sim_adapter]: 0.5 s command watchdog; truth localization disabled
[rviz_safe-8] [rviz_common:debug] Load pixmap at package://rviz_common/images/splash_overlay.png, at ./src/rviz_common/load_resource.cpp:71
[rviz_safe-8] [rviz_common:debug] Available Renderers(1): OpenGL Rendering Subsystem, at ./src/rviz_rendering/render_system.cpp:301
[rviz_safe-8] [rviz_common:info] Stereo is NOT SUPPORTED, at ./src/rviz_rendering/render_system.cpp:543
[rviz_safe-8] [rviz_common:info] OpenGl version: 4.5 (GLSL 4.5), at ./src/rviz_rendering/render_system.cpp:284
[rviz_safe-8] [rviz_common:debug] Load pixmap at package://rviz_common/icons/plus.png, at ./src/rviz_common/load_resource.cpp:71
[rviz_safe-8] [rviz_common:debug] Load pixmap at package://rviz_common/icons/minus.png, at ./src/rviz_common/load_resource.cpp:71
[rviz_safe-8] [rviz_common:info] Stereo is NOT SUPPORTED, at ./src/rviz_rendering/render_system.cpp:543
[rviz_safe-8] [rviz_common:debug] Load pixmap at package://rviz_default_plugins/icons/classes/TF.svg, at ./src/rviz_common/load_resource.cpp:71
[rviz_safe-8] [rviz_common:debug] Error retrieving file [file:///opt/ros/humble/share/rviz_default_plugins/icons/classes/TF.svg]: Couldn't open file /opt/ros/humble/share/rviz_default_plugins/icons/classes/TF.svg, at ./src/rviz_common/load_resource.cpp:55
[rviz_safe-8] [rviz_common:debug] Load pixmap at package://rviz_default_plugins/icons/classes/TF.png, at ./src/rviz_common/load_resource.cpp:71
[rviz_safe-8] [rviz_common:debug] Load pixmap at package://rviz_common/icons/classes/Identity.svg, at ./src/rviz_common/load_resource.cpp:71
[rviz_safe-8] [rviz_common:debug] Error retrieving file [file:///opt/ros/humble/share/rviz_common/icons/classes/Identity.svg]: Couldn't open file /opt/ros/humble/share/rviz_common/icons/classes/Identity.svg, at ./src/rviz_common/load_resource.cpp:55
[rviz_safe-8] [rviz_common:debug] Load pixmap at package://rviz_common/icons/classes/Identity.png, at ./src/rviz_common/load_resource.cpp:71
[rviz_safe-8] [rviz_common:debug] Error retrieving file [file:///opt/ros/humble/share/rviz_common/icons/classes/Identity.png]: Couldn't open file /opt/ros/humble/share/rviz_common/icons/classes/Identity.png, at ./src/rviz_common/load_resource.cpp:55
[rviz_safe-8] [rviz_common:debug] Load pixmap at package://rviz_common/icons/default_class_icon.png, at ./src/rviz_common/load_resource.cpp:71
[rviz_safe-8] [rviz_common:debug] Load pixmap at package://rviz_common/icons/options.png, at ./src/rviz_common/load_resource.cpp:71
[rviz_safe-8] [rviz_common:debug] Load pixmap at package://rviz_common/icons/ok.png, at ./src/rviz_common/load_resource.cpp:71
[rviz_safe-8] [rviz_common:debug] Load pixmap at package://rviz_common/icons/warning.png, at ./src/rviz_common/load_resource.cpp:71
[rviz_safe-8] [rviz_common:debug] Load pixmap at package://rviz_common/icons/error.png, at ./src/rviz_common/load_resource.cpp:71
[rviz_safe-8] [rviz_common:debug] Load pixmap at package://rviz_default_plugins/icons/classes/Orbit.svg, at ./src/rviz_common/load_resource.cpp:71
[rviz_safe-8] [rviz_common:debug] Error retrieving file [file:///opt/ros/humble/share/rviz_default_plugins/icons/classes/Orbit.svg]: Couldn't open file /opt/ros/humble/share/rviz_default_plugins/icons/classes/Orbit.svg, at ./src/rviz_common/load_resource.cpp:55
[rviz_safe-8] [rviz_common:debug] Load pixmap at package://rviz_default_plugins/icons/classes/Orbit.png, at ./src/rviz_common/load_resource.cpp:71
[rviz_safe-8] [rviz_common:debug] Error retrieving file [file:///opt/ros/humble/share/rviz_default_plugins/icons/classes/Orbit.png]: Couldn't open file /opt/ros/humble/share/rviz_default_plugins/icons/classes/Orbit.png, at ./src/rviz_common/load_resource.cpp:55
[rviz_safe-8] [rviz_common:debug] Load pixmap at package://rviz_common/icons/rotate.svg, at ./src/rviz_common/load_resource.cpp:71
[rviz_safe-8] [rviz_common:debug] Load pixmap at package://rviz_common/icons/cursor.svg, at ./src/rviz_common/load_resource.cpp:71
[rviz_safe-8] [rviz_common:debug] Load pixmap at package://rviz_common/icons/rotate_cam.svg, at ./src/rviz_common/load_resource.cpp:71
[rviz_safe-8] [rviz_common:debug] Load pixmap at package://rviz_common/icons/move2d.svg, at ./src/rviz_common/load_resource.cpp:71
[rviz_safe-8] [rviz_common:debug] Load pixmap at package://rviz_common/icons/move_z.svg, at ./src/rviz_common/load_resource.cpp:71
[rviz_safe-8] [rviz_common:debug] Load pixmap at package://rviz_common/icons/zoom.svg, at ./src/rviz_common/load_resource.cpp:71
[rviz_safe-8] [rviz_common:debug] Load pixmap at package://rviz_common/icons/crosshair.svg, at ./src/rviz_common/load_resource.cpp:71
[rviz_safe-8] [rviz_common:debug] Load pixmap at package://rviz_default_plugins/icons/classes/FocusCamera.svg, at ./src/rviz_common/load_resource.cpp:71
[rviz_safe-8] [rviz_common:debug] Load pixmap at package://rviz_default_plugins/icons/classes/Interact.svg, at ./src/rviz_common/load_resource.cpp:71
[rviz_safe-8] [rviz_common:debug] Error retrieving file [file:///opt/ros/humble/share/rviz_default_plugins/icons/classes/Interact.svg]: Couldn't open file /opt/ros/humble/share/rviz_default_plugins/icons/classes/Interact.svg, at ./src/rviz_common/load_resource.cpp:55
[rviz_safe-8] [rviz_common:debug] Load pixmap at package://rviz_default_plugins/icons/classes/Interact.png, at ./src/rviz_common/load_resource.cpp:71
[rviz_safe-8] [rviz_common:debug] Load pixmap at package://rviz_default_plugins/icons/classes/Measure.svg, at ./src/rviz_common/load_resource.cpp:71
[rviz_safe-8] [rviz_common:debug] Load pixmap at package://rviz_default_plugins/icons/classes/MoveCamera.svg, at ./src/rviz_common/load_resource.cpp:71
[rviz_safe-8] [rviz_common:debug] Error retrieving file [file:///opt/ros/humble/share/rviz_default_plugins/icons/classes/MoveCamera.svg]: Couldn't open file /opt/ros/humble/share/rviz_default_plugins/icons/classes/MoveCamera.svg, at ./src/rviz_common/load_resource.cpp:55
[rviz_safe-8] [rviz_common:debug] Load pixmap at package://rviz_default_plugins/icons/classes/MoveCamera.png, at ./src/rviz_common/load_resource.cpp:71
[rviz_safe-8] [rviz_common:debug] Load pixmap at package://rviz_default_plugins/icons/classes/PublishPoint.svg, at ./src/rviz_common/load_resource.cpp:71
[rviz_safe-8] [rviz_common:debug] Load pixmap at package://rviz_default_plugins/icons/classes/Select.svg, at ./src/rviz_common/load_resource.cpp:71
[rviz_safe-8] [rviz_common:debug] Error retrieving file [file:///opt/ros/humble/share/rviz_default_plugins/icons/classes/Select.svg]: Couldn't open file /opt/ros/humble/share/rviz_default_plugins/icons/classes/Select.svg, at ./src/rviz_common/load_resource.cpp:55
[rviz_safe-8] [rviz_common:debug] Load pixmap at package://rviz_default_plugins/icons/classes/Select.png, at ./src/rviz_common/load_resource.cpp:71
[rviz_safe-8] [rviz_common:debug] Load pixmap at package://rviz_default_plugins/icons/classes/SetGoal.svg, at ./src/rviz_common/load_resource.cpp:71
[rviz_safe-8] [rviz_common:debug] Error retrieving file [file:///opt/ros/humble/share/rviz_default_plugins/icons/classes/SetGoal.svg]: Couldn't open file /opt/ros/humble/share/rviz_default_plugins/icons/classes/SetGoal.svg, at ./src/rviz_common/load_resource.cpp:55
[rviz_safe-8] [rviz_common:debug] Load pixmap at package://rviz_default_plugins/icons/classes/SetGoal.png, at ./src/rviz_common/load_resource.cpp:71
[rviz_safe-8] [rviz_common:debug] Load pixmap at package://rviz_default_plugins/icons/classes/SetInitialPose.svg, at ./src/rviz_common/load_resource.cpp:71
[rviz_safe-8] [rviz_common:debug] Error retrieving file [file:///opt/ros/humble/share/rviz_default_plugins/icons/classes/SetInitialPose.svg]: Couldn't open file /opt/ros/humble/share/rviz_default_plugins/icons/classes/SetInitialPose.svg, at ./src/rviz_common/load_resource.cpp:55
[rviz_safe-8] [rviz_common:debug] Load pixmap at package://rviz_default_plugins/icons/classes/SetInitialPose.png, at ./src/rviz_common/load_resource.cpp:71
[rviz_safe-8] [rviz_common:debug] Load pixmap at package://rviz_default_plugins/icons/classes/Map.svg, at ./src/rviz_common/load_resource.cpp:71
[rviz_safe-8] [rviz_common:debug] Error retrieving file [file:///opt/ros/humble/share/rviz_default_plugins/icons/classes/Map.svg]: Couldn't open file /opt/ros/humble/share/rviz_default_plugins/icons/classes/Map.svg, at ./src/rviz_common/load_resource.cpp:55
[rviz_safe-8] [rviz_common:debug] Load pixmap at package://rviz_default_plugins/icons/classes/Map.png, at ./src/rviz_common/load_resource.cpp:71
[rviz_safe-8] [rviz_common:debug] Load pixmap at package://rviz_default_plugins/icons/classes/Grid.svg, at ./src/rviz_common/load_resource.cpp:71
[rviz_safe-8] [rviz_common:debug] Error retrieving file [file:///opt/ros/humble/share/rviz_default_plugins/icons/classes/Grid.svg]: Couldn't open file /opt/ros/humble/share/rviz_default_plugins/icons/classes/Grid.svg, at ./src/rviz_common/load_resource.cpp:55
[ign-2] [1;33m[GUI] [Wrn] [Application.cc:802] [0m[1;33m[QT] file::/Gazebo/GazeboDrawer.qml:242:3: QML Connections: Implicitly defined onFoo properties in Connections are deprecated. Use this syntax instead: function onFoo(<arguments>) { ... }[0m[1;33m[0m
[rviz_safe-8] [rviz_common:debug] Load pixmap at package://rviz_default_plugins/icons/classes/Grid.png, at ./src/rviz_common/load_resource.cpp:71
[rviz_safe-8] [rviz_common:debug] Load pixmap at package://rviz_default_plugins/icons/classes/PointCloud2.svg, at ./src/rviz_common/load_resource.cpp:71
[rviz_safe-8] [rviz_common:debug] Error retrieving file [file:///opt/ros/humble/share/rviz_default_plugins/icons/classes/PointCloud2.svg]: Couldn't open file /opt/ros/humble/share/rviz_default_plugins/icons/classes/PointCloud2.svg, at ./src/rviz_common/load_resource.cpp:55
[rviz_safe-8] [rviz_common:debug] Load pixmap at package://rviz_default_plugins/icons/classes/PointCloud2.png, at ./src/rviz_common/load_resource.cpp:71
[rviz_safe-8] [rviz_common:debug] Load pixmap at package://rviz_default_plugins/icons/classes/Pose.svg, at ./src/rviz_common/load_resource.cpp:71
[rviz_safe-8] [rviz_common:debug] Error retrieving file [file:///opt/ros/humble/share/rviz_default_plugins/icons/classes/Pose.svg]: Couldn't open file /opt/ros/humble/share/rviz_default_plugins/icons/classes/Pose.svg, at ./src/rviz_common/load_resource.cpp:55
[rviz_safe-8] [rviz_common:debug] Load pixmap at package://rviz_default_plugins/icons/classes/Pose.png, at ./src/rviz_common/load_resource.cpp:71
[rviz_safe-8] [rviz_common:debug] Load pixmap at package://rviz_default_plugins/icons/classes/Marker.svg, at ./src/rviz_common/load_resource.cpp:71
[rviz_safe-8] [rviz_common:debug] Error retrieving file [file:///opt/ros/humble/share/rviz_default_plugins/icons/classes/Marker.svg]: Couldn't open file /opt/ros/humble/share/rviz_default_plugins/icons/classes/Marker.svg, at ./src/rviz_common/load_resource.cpp:55
[rviz_safe-8] [rviz_common:debug] Load pixmap at package://rviz_default_plugins/icons/classes/Marker.png, at ./src/rviz_common/load_resource.cpp:71
[rviz_safe-8] [rviz_common:debug] Load pixmap at package://rviz_default_plugins/icons/classes/Path.svg, at ./src/rviz_common/load_resource.cpp:71
[rviz_safe-8] [rviz_common:debug] Error retrieving file [file:///opt/ros/humble/share/rviz_default_plugins/icons/classes/Path.svg]: Couldn't open file /opt/ros/humble/share/rviz_default_plugins/icons/classes/Path.svg, at ./src/rviz_common/load_resource.cpp:55
[rviz_safe-8] [rviz_common:debug] Load pixmap at package://rviz_default_plugins/icons/classes/Path.png, at ./src/rviz_common/load_resource.cpp:71
[rviz_safe-8] [rviz_common:debug] Load pixmap at package://rviz_default_plugins/icons/classes/FlatColor.svg, at ./src/rviz_common/load_resource.cpp:71
[rviz_safe-8] [rviz_common:debug] Error retrieving file [file:///opt/ros/humble/share/rviz_default_plugins/icons/classes/FlatColor.svg]: Couldn't open file /opt/ros/humble/share/rviz_default_plugins/icons/classes/FlatColor.svg, at ./src/rviz_common/load_resource.cpp:55
[rviz_safe-8] [rviz_common:debug] Load pixmap at package://rviz_default_plugins/icons/classes/FlatColor.png, at ./src/rviz_common/load_resource.cpp:71
[rviz_safe-8] [rviz_common:debug] Error retrieving file [file:///opt/ros/humble/share/rviz_default_plugins/icons/classes/FlatColor.png]: Couldn't open file /opt/ros/humble/share/rviz_default_plugins/icons/classes/FlatColor.png, at ./src/rviz_common/load_resource.cpp:55
[rviz_safe-8] [rviz_common:debug] Load pixmap at package://rviz_default_plugins/icons/classes/RGBF32.svg, at ./src/rviz_common/load_resource.cpp:71
[rviz_safe-8] [rviz_common:debug] Error retrieving file [file:///opt/ros/humble/share/rviz_default_plugins/icons/classes/RGBF32.svg]: Couldn't open file /opt/ros/humble/share/rviz_default_plugins/icons/classes/RGBF32.svg, at ./src/rviz_common/load_resource.cpp:55
[rviz_safe-8] [rviz_common:debug] Load pixmap at package://rviz_default_plugins/icons/classes/RGBF32.png, at ./src/rviz_common/load_resource.cpp:71
[rviz_safe-8] [rviz_common:debug] Error retrieving file [file:///opt/ros/humble/share/rviz_default_plugins/icons/classes/RGBF32.png]: Couldn't open file /opt/ros/humble/share/rviz_default_plugins/icons/classes/RGBF32.png, at ./src/rviz_common/load_resource.cpp:55
[rviz_safe-8] [rviz_common:debug] Load pixmap at package://rviz_default_plugins/icons/classes/RGB8.svg, at ./src/rviz_common/load_resource.cpp:71
[rviz_safe-8] [rviz_common:debug] Error retrieving file [file:///opt/ros/humble/share/rviz_default_plugins/icons/classes/RGB8.svg]: Couldn't open file /opt/ros/humble/share/rviz_default_plugins/icons/classes/RGB8.svg, at ./src/rviz_common/load_resource.cpp:55
[parameter_bridge-3] [INFO] [1790453486.207821618] [sentry_gazebo_bridge]: Creating GZ->ROS Bridge: [/clock (ignition.msgs.Clock) -> /clock (rosgraph_msgs/msg/Clock)] (Lazy 0)
[parameter_bridge-3] [INFO] [1790453486.212573439] [sentry_gazebo_bridge]: Creating ROS->GZ Bridge: [/sim/guarded_cmd_vel (geometry_msgs/msg/Twist) -> /model/sentry/cmd_vel (ignition.msgs.Twist)] (Lazy 0)
[parameter_bridge-3] [INFO] [1790453486.216629116] [sentry_gazebo_bridge]: Creating GZ->ROS Bridge: [/model/sentry/odometry (ignition.msgs.Odometry) -> /sim/ground_truth/odometry (nav_msgs/msg/Odometry)] (Lazy 0)
[parameter_bridge-3] [INFO] [1790453486.225737148] [sentry_gazebo_bridge]: Creating GZ->ROS Bridge: [/sentry/lidar/points (ignition.msgs.PointCloudPacked) -> /sim/lidar/native (sensor_msgs/msg/PointCloud2)] (Lazy 0)
[parameter_bridge-3] [INFO] [1790453486.234760355] [sentry_gazebo_bridge]: Passing message from ROS geometry_msgs/msg/Twist to Gazebo gz.msgs.Twist (showing msg only once per type)
[rviz_safe-8] [rviz_common:error] Vertex Program:rviz/glsl120/indexed_8bit_image.vert Fragment Program:rviz/glsl120/indexed_8bit_image.frag GLSL link result : 
[rviz_safe-8] active samplers with a different type refer to the same texture image unit, at ./src/rviz_rendering/ogre_logging.cpp:70
[ign-2] [1;33m[GUI] [Wrn] [Application.cc:802] [0m[1;33m[QT] file::/WorldStats/WorldStats.qml:53:3: QML RowLayout: Binding loop detected for property "x"[0m[1;33m[0m
[ign-2] libEGL warning: Not allowed to force software rendering when API explicitly selects a hardware device.
[hdl_localization_node-13] [INFO] [1790453486.601634673] [sim_ndt]: globalmap received!
[python3-14] Visible simulation windows arranged: gazebo,rviz
[INFO] [python3-14]: process has finished cleanly [pid 67946]
[ign-2] [1;33m[GUI] [Wrn] [Ogre2RenderTarget.cc:574] [0m[1;33mAnti-aliasing level of '[0m[1;33m8[0m[1;33m' [0m[1;33mis not supported; valid FSAA levels are: [0m[1;33m[ 0 4 ][0m[1;33m. Setting to 0[0m[1;33m[0m
[ign-2] [1;32m[Msg] [0m[1;32mReceived world [[0m[1;32m/home/liangys/RM_Sentry_2026/ros2_ws/install_sentry_autonomy/sentry_gazebo/share/sentry_gazebo/worlds/planning.sdf[0m[1;32m] from the GUI.[0m[1;32m[0m
[ign-2] [1;32m[Msg] [0m[1;32mIgnition Gazebo Server v[0m[1;32m6.18.0[0m[1;32m[0m
[ign-2] [1;32m[Msg] [0m[1;32mLoading SDF world file[[0m[1;32m/home/liangys/RM_Sentry_2026/ros2_ws/install_sentry_autonomy/sentry_gazebo/share/sentry_gazebo/worlds/planning.sdf[0m[1;32m].[0m
[ign-2] [1;32m[Msg] [0m[1;32mServing entity system service on [[0m[1;32m/[0m[1;32mentity/system/add[0m[1;32m][0m[1;32m[0m
[ign-2] [1;32m[Msg] [0m[1;32mCreate service on [[0m[1;32m/world/sentry_planning/create[0m[1;32m][0m[1;32m[0m
[ign-2] [1;32m[Msg] [0m[1;32mRemove service on [[0m[1;32m/world/sentry_planning/remove[0m[1;32m][0m[1;32m[0m
[ign-2] [1;32m[Msg] [0m[1;32mPose service on [[0m[1;32m/world/sentry_planning/set_pose[0m[1;32m][0m[1;32m[0m
[ign-2] [1;32m[Msg] [0m[1;32mPose service on [[0m[1;32m/world/sentry_planning/set_pose_vector[0m[1;32m][0m[1;32m[0m
[ign-2] [1;32m[Msg] [0m[1;32mLight configuration service on [[0m[1;32m/world/sentry_planning/light_config[0m[1;32m][0m[1;32m[0m
[ign-2] [1;32m[Msg] [0m[1;32mPhysics service on [[0m[1;32m/world/sentry_planning/set_physics[0m[1;32m][0m[1;32m[0m
[ign-2] [1;32m[Msg] [0m[1;32mSphericalCoordinates service on [[0m[1;32m/world/sentry_planning/set_spherical_coordinates[0m[1;32m][0m[1;32m[0m
[ign-2] [1;32m[Msg] [0m[1;32mEnable collision service on [[0m[1;32m/world/sentry_planning/enable_collision[0m[1;32m][0m[1;32m[0m
[ign-2] [1;32m[Msg] [0m[1;32mDisable collision service on [[0m[1;32m/world/sentry_planning/disable_collision[0m[1;32m][0m[1;32m[0m
[ign-2] [1;32m[Msg] [0m[1;32mMaterial service on [[0m[1;32m/world/sentry_planning/visual_config[0m[1;32m][0m[1;32m[0m
[ign-2] [1;32m[Msg] [0m[1;32mMaterial service on [[0m[1;32m/world/sentry_planning/wheel_slip[0m[1;32m][0m[1;32m[0m
[ign-2] [1;32m[Msg] [0m[1;32mVelocityControl subscribing to twist messages on [[0m[1;32m/model/sentry/cmd_vel[0m[1;32m][0m[1;32m[0m
[ign-2] [1;32m[Msg] [0m[1;32mOdometryPublisher publishing odometry on [[0m[1;32m/model/sentry/odometry[0m[1;32m][0m[1;32m[0m
[ign-2] [1;32m[Msg] [0m[1;32mOdometryPublisher publishing odometry with covariance on [[0m[1;32m/model/sentry/odometry_with_covariance[0m[1;32m][0m[1;32m[0m
[ign-2] [1;32m[Msg] [0m[1;32mOdometryPublisher publishing Pose_V (TF) on [[0m[1;32m/model/sentry/pose[0m[1;32m][0m[1;32m[0m
[ign-2] [1;32m[Msg] [0m[1;32mLoaded level [[0m[1;32m3[0m[1;32m][0m[1;32m[0m
[ign-2] [1;32m[Msg] [0m[1;32mServing world controls on [[0m[1;32m/world/sentry_planning[0m[1;32m/control], [[0m[1;32m/world/sentry_planning[0m[1;32m/control/state] and [[0m[1;32m/world/sentry_planning[0m[1;32m/playback/control][0m[1;32m[0m
[ign-2] [1;32m[Msg] [0m[1;32mServing GUI information on [[0m[1;32m/world/sentry_planning[0m[1;32m/[0m[1;32mgui/info[0m[1;32m][0m[1;32m[0m
[ign-2] [1;32m[Msg] [0m[1;32mWorld [[0m[1;32msentry_planning[0m[1;32m] initialized with [[0m[1;32mfixed_step[0m[1;32m] physics profile.[0m[1;32m[0m
[ign-2] [1;32m[Msg] [0m[1;32mServing world SDF generation service on [[0m[1;32m/world/sentry_planning[0m[1;32m/[0m[1;32mgenerate_world_sdf[0m[1;32m][0m[1;32m[0m
[ign-2] [1;32m[Msg] [0m[1;32mServing world names on [[0m[1;32m/gazebo/worlds[0m[1;32m][0m[1;32m[0m
[ign-2] [1;32m[Msg] [0m[1;32mResource path add service on [[0m[1;32m/gazebo/resource_paths/add[0m[1;32m].[0m[1;32m[0m
[ign-2] [1;32m[Msg] [0m[1;32mResource path get service on [[0m[1;32m/gazebo/resource_paths/get[0m[1;32m].[0m[1;32m[0m
[ign-2] [1;32m[Msg] [0m[1;32mResource path resolve service on [[0m[1;32m/gazebo/resource_paths/resolve[0m[1;32m].[0m[1;32m[0m
[ign-2] [1;32m[Msg] [0m[1;32mResource paths published on [[0m[1;32m/gazebo/resource_paths[0m[1;32m].[0m[1;32m[0m
[ign-2] [1;32m[Msg] [0m[1;32mServer control service on [[0m[1;32m/server_control[0m[1;32m].[0m[1;32m[0m
[ign-2] [1;32m[Msg] [0m[1;32mFound no publishers on /stats, adding root stats topic[0m[1;32m[0m
[ign-2] libEGL warning: Not allowed to force software rendering when API explicitly selects a hardware device.
[hdl_localization_node-13] [INFO] [1790453488.891326516] [sim_ndt]: scan points: raw=1380 downsampled=1112 (leaf=0.05 m)
[hdl_localization_node-13] [INFO] [1790453488.996105718] [sim_ndt]: Metrics -> Error: 0.00142124 (RMSE ~0.0376993 m) | Time: 110 ms | CovTrace: 0.483102 | Converged: True
[hdl_localization_node-13] [INFO] [1790453489.096251864] [sim_ndt]: scan points: raw=1380 downsampled=1112 (leaf=0.05 m)
[hdl_localization_node-13] [INFO] [1790453489.103278238] [sim_ndt]: Metrics -> Error: 0.00132899 (RMSE ~0.0364553 m) | Time: 0 ms | CovTrace: 0.494698 | Converged: True
[hdl_localization_node-13] [INFO] [1790453489.302291451] [sim_ndt]: scan points: raw=1380 downsampled=1112 (leaf=0.05 m)
[hdl_localization_node-13] [INFO] [1790453489.310786718] [sim_ndt]: Metrics -> Error: 0.000899487 (RMSE ~0.0299915 m) | Time: 10 ms | CovTrace: 0.5187 | Converged: True
[cloud_adapter.py-5] [WARN] [1790453489.429065897] [sentry_cloud_adapter]: Dropped lidar frame: no TF at measurement time
[hdl_localization_node-13] [INFO] [1790453489.492350378] [sim_ndt]: scan points: raw=1380 downsampled=1112 (leaf=0.05 m)
[hdl_localization_node-13] [INFO] [1790453489.502800535] [sim_ndt]: Metrics -> Error: 0.000845186 (RMSE ~0.0290721 m) | Time: 10 ms | CovTrace: 0.533636 | Converged: True
[hdl_localization_node-13] [INFO] [1790453489.677016210] [sim_ndt]: scan points: raw=1380 downsampled=1112 (leaf=0.05 m)
[hdl_localization_node-13] [INFO] [1790453489.687824127] [sim_ndt]: Metrics -> Error: 0.000933464 (RMSE ~0.0305526 m) | Time: 0 ms | CovTrace: 0.542625 | Converged: True
[hdl_localization_node-13] [INFO] [1790453489.881038851] [sim_ndt]: scan points: raw=1380 downsampled=1112 (leaf=0.05 m)
[hdl_localization_node-13] [INFO] [1790453489.888585896] [sim_ndt]: Metrics -> Error: 0.000871075 (RMSE ~0.029514 m) | Time: 0 ms | CovTrace: 0.547907 | Converged: True
[hdl_localization_node-13] [INFO] [1790453490.092926955] [sim_ndt]: scan points: raw=1380 downsampled=1112 (leaf=0.05 m)
[hdl_localization_node-13] [INFO] [1790453490.113277084] [sim_ndt]: Metrics -> Error: 0.00089204 (RMSE ~0.029867 m) | Time: 10 ms | CovTrace: 0.550967 | Converged: True
[trajectory_tracking_node-9] [WARN] [1790453490.121295861] [trajectory_tracking]: trajectory tracking stopped: no valid trajectory
[rviz_safe-8] [rviz_common:debug] Load pixmap at package://rviz_default_plugins/icons/classes/RGB8.png, at ./src/rviz_common/load_resource.cpp:71
[rviz_safe-8] [rviz_common:debug] Error retrieving file [file:///opt/ros/humble/share/rviz_default_plugins/icons/classes/RGB8.png]: Couldn't open file /opt/ros/humble/share/rviz_default_plugins/icons/classes/RGB8.png, at ./src/rviz_common/load_resource.cpp:55
[rviz_safe-8] [rviz_common:debug] Load pixmap at package://rviz_default_plugins/icons/classes/AxisColor.svg, at ./src/rviz_common/load_resource.cpp:71
[rviz_safe-8] [rviz_common:debug] Error retrieving file [file:///opt/ros/humble/share/rviz_default_plugins/icons/classes/AxisColor.svg]: Couldn't open file /opt/ros/humble/share/rviz_default_plugins/icons/classes/AxisColor.svg, at ./src/rviz_common/load_resource.cpp:55
[rviz_safe-8] [rviz_common:debug] Load pixmap at package://rviz_default_plugins/icons/classes/AxisColor.png, at ./src/rviz_common/load_resource.cpp:71
[rviz_safe-8] [rviz_common:debug] Error retrieving file [file:///opt/ros/humble/share/rviz_default_plugins/icons/classes/AxisColor.png]: Couldn't open file /opt/ros/humble/share/rviz_default_plugins/icons/classes/AxisColor.png, at ./src/rviz_common/load_resource.cpp:55
[rviz_safe-8] [rviz_common:debug] Load pixmap at package://rviz_default_plugins/icons/classes/Intensity.svg, at ./src/rviz_common/load_resource.cpp:71
[rviz_safe-8] [rviz_common:debug] Error retrieving file [file:///opt/ros/humble/share/rviz_default_plugins/icons/classes/Intensity.svg]: Couldn't open file /opt/ros/humble/share/rviz_default_plugins/icons/classes/Intensity.svg, at ./src/rviz_common/load_resource.cpp:55
[rviz_safe-8] [rviz_common:debug] Load pixmap at package://rviz_default_plugins/icons/classes/Intensity.png, at ./src/rviz_common/load_resource.cpp:71
[rviz_safe-8] [rviz_common:debug] Error retrieving file [file:///opt/ros/humble/share/rviz_default_plugins/icons/classes/Intensity.png]: Couldn't open file /opt/ros/humble/share/rviz_default_plugins/icons/classes/Intensity.png, at ./src/rviz_common/load_resource.cpp:55
[rviz_safe-8] [rviz_common:debug] Load pixmap at package://rviz_default_plugins/icons/classes/XYZ.svg, at ./src/rviz_common/load_resource.cpp:71
[rviz_safe-8] [rviz_common:debug] Error retrieving file [file:///opt/ros/humble/share/rviz_default_plugins/icons/classes/XYZ.svg]: Couldn't open file /opt/ros/humble/share/rviz_default_plugins/icons/classes/XYZ.svg, at ./src/rviz_common/load_resource.cpp:55
[rviz_safe-8] [rviz_common:debug] Load pixmap at package://rviz_default_plugins/icons/classes/XYZ.png, at ./src/rviz_common/load_resource.cpp:71
[rviz_safe-8] [rviz_common:debug] Error retrieving file [file:///opt/ros/humble/share/rviz_default_plugins/icons/classes/XYZ.png]: Couldn't open file /opt/ros/humble/share/rviz_default_plugins/icons/classes/XYZ.png, at ./src/rviz_common/load_resource.cpp:55
[rviz_safe-8] [rviz_common:debug] Load pixmap at package://rviz_common/icons/classes/Displays.svg, at ./src/rviz_common/load_resource.cpp:71
[rviz_safe-8] [rviz_common:debug] Load pixmap at package://rviz_common/icons/close.png, at ./src/rviz_common/load_resource.cpp:71
[rviz_safe-8] [rviz_common:debug] Received a 400 X 400 map @ 0.05m/pix
[rviz_safe-8] , at ./src/rviz_default_plugins/displays/map/map_display.cpp:520
[rviz_safe-8] [rviz_common:info] Trying to create a map of size 400 x 400 using 1 swatches, at ./src/rviz_default_plugins/displays/map/map_display.cpp:399
[hdl_localization_node-13] [INFO] [1790453490.279756820] [sim_ndt]: scan points: raw=1380 downsampled=1112 (leaf=0.05 m)
[hdl_localization_node-13] [INFO] [1790453490.292732825] [sim_ndt]: Metrics -> Error: 0.0008339 (RMSE ~0.0288773 m) | Time: 10 ms | CovTrace: 0.552725 | Converged: True
[hdl_localization_node-13] [INFO] [1790453490.476618800] [sim_ndt]: scan points: raw=1380 downsampled=1112 (leaf=0.05 m)
[hdl_localization_node-13] [INFO] [1790453490.509265432] [sim_ndt]: Metrics -> Error: 0.000840105 (RMSE ~0.0289846 m) | Time: 30 ms | CovTrace: 0.55373 | Converged: True
[hdl_localization_node-13] [INFO] [1790453490.709974721] [sim_ndt]: scan points: raw=1380 downsampled=1112 (leaf=0.05 m)
[hdl_localization_node-13] [INFO] [1790453490.734020566] [sim_ndt]: Metrics -> Error: 0.000824677 (RMSE ~0.0287172 m) | Time: 20 ms | CovTrace: 0.554303 | Converged: True
[hdl_localization_node-13] [INFO] [1790453490.900325703] [sim_ndt]: scan points: raw=1380 downsampled=1112 (leaf=0.05 m)
[hdl_localization_node-13] [INFO] [1790453490.913088225] [sim_ndt]: Metrics -> Error: 0.000862659 (RMSE ~0.0293711 m) | Time: 0 ms | CovTrace: 0.554629 | Converged: True
[hdl_localization_node-13] [INFO] [1790453491.099984098] [sim_ndt]: scan points: raw=1380 downsampled=1112 (leaf=0.05 m)
[hdl_localization_node-13] [INFO] [1790453491.110185513] [sim_ndt]: Metrics -> Error: 0.000814646 (RMSE ~0.028542 m) | Time: 0 ms | CovTrace: 0.554815 | Converged: True
[hdl_localization_node-13] [INFO] [1790453491.287186875] [sim_ndt]: scan points: raw=1380 downsampled=1112 (leaf=0.05 m)
[hdl_localization_node-13] [INFO] [1790453491.309207584] [sim_ndt]: Metrics -> Error: 0.000857121 (RMSE ~0.0292766 m) | Time: 10 ms | CovTrace: 0.554922 | Converged: True
[hdl_localization_node-13] [INFO] [1790453491.488608825] [sim_ndt]: scan points: raw=1380 downsampled=1112 (leaf=0.05 m)
[hdl_localization_node-13] [INFO] [1790453491.505893848] [sim_ndt]: Metrics -> Error: 0.000841186 (RMSE ~0.0290032 m) | Time: 10 ms | CovTrace: 0.554983 | Converged: True
[hdl_localization_node-13] [INFO] [1790453491.686665492] [sim_ndt]: scan points: raw=1380 downsampled=1112 (leaf=0.05 m)
[hdl_localization_node-13] [INFO] [1790453491.704150693] [sim_ndt]: Metrics -> Error: 0.000839246 (RMSE ~0.0289697 m) | Time: 0 ms | CovTrace: 0.555018 | Converged: True
[hdl_localization_node-13] [INFO] [1790453491.888334712] [sim_ndt]: scan points: raw=1380 downsampled=1112 (leaf=0.05 m)
[hdl_localization_node-13] [INFO] [1790453491.906585309] [sim_ndt]: Metrics -> Error: 0.000844718 (RMSE ~0.029064 m) | Time: 10 ms | CovTrace: 0.555038 | Converged: True
[hdl_localization_node-13] [INFO] [1790453492.077472350] [sim_ndt]: scan points: raw=1380 downsampled=1112 (leaf=0.05 m)
[hdl_localization_node-13] [INFO] [1790453492.091595386] [sim_ndt]: Metrics -> Error: 0.000873485 (RMSE ~0.0295548 m) | Time: 10 ms | CovTrace: 0.55505 | Converged: True
[hdl_localization_node-13] [INFO] [1790453492.284607060] [sim_ndt]: scan points: raw=1380 downsampled=1112 (leaf=0.05 m)
[hdl_localization_node-13] [INFO] [1790453492.316789470] [sim_ndt]: Metrics -> Error: 0.000894587 (RMSE ~0.0299096 m) | Time: 20 ms | CovTrace: 0.555058 | Converged: True
[trajectory_tracking_node-9] [WARN] [1790453492.326362003] [trajectory_tracking]: trajectory tracking stopped: no valid trajectory
[hdl_localization_node-13] [INFO] [1790453492.495909994] [sim_ndt]: scan points: raw=1380 downsampled=1112 (leaf=0.05 m)
[hdl_localization_node-13] [INFO] [1790453492.522565526] [sim_ndt]: Metrics -> Error: 0.000880727 (RMSE ~0.029677 m) | Time: 20 ms | CovTrace: 0.555062 | Converged: True
[hdl_localization_node-13] [INFO] [1790453492.688247295] [sim_ndt]: scan points: raw=1380 downsampled=1112 (leaf=0.05 m)
[hdl_localization_node-13] [INFO] [1790453492.704016062] [sim_ndt]: Metrics -> Error: 0.000916297 (RMSE ~0.0302704 m) | Time: 10 ms | CovTrace: 0.555066 | Converged: True
[hdl_localization_node-13] [INFO] [1790453492.884526463] [sim_ndt]: scan points: raw=1380 downsampled=1112 (leaf=0.05 m)
[hdl_localization_node-13] [INFO] [1790453492.891587002] [sim_ndt]: Metrics -> Error: 0.000903696 (RMSE ~0.0300615 m) | Time: 0 ms | CovTrace: 0.555068 | Converged: True
[trajectory_generator_node-7] [INFO] [1790453492.958850359] [trajectory_generation]: FSM accepted manual goal goal=(-3.22, 2.15, 0.02)
[trajectory_generator_node-7] [Manager] start point, (x, y): (-0.92, -4.50)
[trajectory_generator_node-7] [Manager] receive target, (x, y): (-3.22, 2.15)
[hdl_localization_node-13] [INFO] [1790453493.100884711] [sim_ndt]: scan points: raw=1380 downsampled=1112 (leaf=0.05 m)
[hdl_localization_node-13] [INFO] [1790453493.119032900] [sim_ndt]: Metrics -> Error: 0.000962725 (RMSE ~0.0310278 m) | Time: 10 ms | CovTrace: 0.55507 | Converged: True
[hdl_localization_node-13] [WARN] [1790453493.129533037] [sim_ndt]: Point-LIO odometry unavailable or stale for /localization/odometry twist; publishing zero twist
[trajectory_generator_node-7] [Topo]: m_graph before num: 1605
[hdl_localization_node-13] [INFO] [1790453493.291448832] [sim_ndt]: scan points: raw=1380 downsampled=1112 (leaf=0.05 m)
[hdl_localization_node-13] [INFO] [1790453493.309340094] [sim_ndt]: Metrics -> Error: 0.000886656 (RMSE ~0.0297768 m) | Time: 10 ms | CovTrace: 0.555071 | Converged: True
[hdl_localization_node-13] [INFO] [1790453493.491532163] [sim_ndt]: scan points: raw=1380 downsampled=1112 (leaf=0.05 m)
[hdl_localization_node-13] [INFO] [1790453493.501908393] [sim_ndt]: Metrics -> Error: 0.000913107 (RMSE ~0.0302177 m) | Time: 10 ms | CovTrace: 0.555073 | Converged: True
[trajectory_generator_node-7] [Topo]: dijkstra time: 0.021082
[trajectory_generator_node-7] [Topo]: topo search time: 0.594307
[trajectory_generator_node-7] [Topo]: m_graph num: 2544
[trajectory_generator_node-7] [DIAG] origin_path (Dijkstra) size: 3
[trajectory_generator_node-7] [DIAG]   origin[0]: (-0.919, -4.504, 0.015)
[trajectory_generator_node-7] [DIAG]   origin[1]: (-6.269, -0.554, 0.015)
[trajectory_generator_node-7] [DIAG]   origin[2]: (-3.219, 2.146, 0.015)
[trajectory_generator_node-7] [DIAG] lineVisib(start→end DIRECT): false  colli=(-1.52,-2.75)
[trajectory_generator_node-7] [DIAG] direct line: 140 steps, 97 wall cells
[trajectory_generator_node-7] [smoothTopoPath] INPUT size=3
[trajectory_generator_node-7] [smoothTopoPath]   in[0]: (-0.919, -4.504, 0.015)
[trajectory_generator_node-7] [smoothTopoPath]   in[1]: (-6.269, -0.554, 0.015)
[trajectory_generator_node-7] [smoothTopoPath]   in[2]: (-3.219, 2.146, 0.015)
[trajectory_generator_node-7] [smoothTopoPath] lineVisib(start→end): false  colli=(-1.52,-2.75)
[trajectory_generator_node-7] [smoothTopoPath] OUTPUT size=4, iter_count=3
[trajectory_generator_node-7] [smoothTopoPath]   out[0]: (-0.919, -4.504, 0.015)
[trajectory_generator_node-7] [smoothTopoPath]   out[1]: (-6.376, -0.726, 0.015)
[trajectory_generator_node-7] [smoothTopoPath]   out[2]: (-6.073, 0.019, 0.015)
[trajectory_generator_node-7] [smoothTopoPath]   out[3]: (-3.219, 2.146, 0.015)
[trajectory_generator_node-7] [DIAG] optimized_path (smoothTopoPath) size: 4
[trajectory_generator_node-7] [DIAG]   opt[0]: (-0.919, -4.504, 0.015)
[trajectory_generator_node-7] [DIAG]   opt[1]: (-6.376, -0.726, 0.015)
[trajectory_generator_node-7] [DIAG]   opt[2]: (-6.073, 0.019, 0.015)
[trajectory_generator_node-7] [DIAG]   opt[3]: (-3.219, 2.146, 0.015)
[trajectory_generator_node-7] optimized_path size: 4
[trajectory_generator_node-7] [Manager] reference_speed: (0.30)
[trajectory_generator_node-7] [LBFGS] search direction d:  8.16756e-05 -0.000250055  0.000233199 -0.000105738  5.43988e-05   1.2601e-05 -1.51725e-05  1.42619e-05 -1.04295e-05  5.88794e-06 -2.33939e-06  -2.5765e-07  2.48889e-06 -4.60825e-06  5.65761e-06 -2.09628e-06 -1.34001e-05  4.79796e-05 -8.63553e-05  4.12054e-05  0.000154538 -0.000134088 -7.07594e-06  0.000293509  1.27498e-06  5.96672e-05  0.000295221   9.7204e-05 -5.32479e-05 -1.79386e-05  6.51279e-05 -0.000101687  0.000153461 -0.000268315  0.000369804 -1.33361e-05 -3.27366e-05  0.000180257 -0.000200414   1.0541e-05  9.76759e-05 -2.81566e-05  2.38409e-05 -9.67449e-06  2.89272e-06 -1.48953e-06  1.20917e-06 -8.71349e-07  4.56705e-07 -1.06843e-07 -7.42732e-08  2.22637e-08  1.29499e-07  3.58732e-07 -2.53634e-06  5.26751e-06 -1.56004e-05  0.000208121  -0.00016252  0.000250567  0.000259875  0.000152873  0.000346023 -2.18768e-05 -5.29385e-07 -2.45603e-05   9.8575e-05 -0.000195068  0.000231439  -7.2113e-05  3.51679e-05  0.000669485     0.016307  -0.00223083  0.000941457 -0.000282993  0.000191125 -0.000108648  6.28354e-05 -2.25078e-05  6.24831e-06 -1.31578e-06  1.52853e-07  2.34881e-08  1.61036e-08 -4.74679e-08 -9.27242e-08  9.01223e-07 -4.21364e-06   1.7592e-05  -6.7593e-05  0.000253718 -0.000718848   0.00202916   0.00137936  -0.00111168   0.00213982 -0.000750826  0.000741081 -9.10569e-05  2.34476e-05  1.09375e-05  -7.2573e-06  1.20741e-05  6.05958e-06 -3.65141e-05  0.000783798  -0.00116182    0.0281539
[trajectory_generator_node-7] [Smooth Optimize] MINCO reaches max evaluations: Line search reaches the maximum try number, assumptions not satisfied or precision not achievable.
[trajectory_generator_node-7] [Smooth Optimize] MINCO: cost=0.8 total_T=38.993(init 36.558) max_drift=0.128 max_vel=0.4 segs=37
[trajectory_generator_node-7] [Smooth Resample] resample
[trajectory_generator_node-7] [Smooth Resample] 38 -> 20 waypoints, 19 time segs, max_turn=79.6 deg
[trajectory_generator_node-7] [Manager] optimizer generate time: 0.004656
[trajectory_generator_node-7] [Reference] path size : 20
[trajectory_generator_node-7] [Reference] solvePolyMatrix ENTER: N=19, path_size=20, trap_time_size=19
[trajectory_generator_node-7] [Reference]   path[0]=(-0.9190,-4.5040) path[1]=(-1.4111,-4.1641) t[0]=2.897010 state_vel=(0.0021,-0.0008)
[trajectory_generator_node-7] [Reference] banded solve done. b[0]=-0.187382 b[N]=-0.111282 b2[0]=0.120908 b2[N]=-0.012650
[trajectory_generator_node-7] [Reference] solvePolyMatrix EXIT: polyX[0]=[0.011852 -0.093691 0.002090 -0.919000]
[trajectory_generator_node-7] [INFO] [1790453493.590759083] [trajectory_generation]: FSM published 19 trajectory pieces
[hdl_localization_node-13] [INFO] [1790453493.686901146] [sim_ndt]: scan points: raw=1380 downsampled=1112 (leaf=0.05 m)
[hdl_localization_node-13] [INFO] [1790453493.696046681] [sim_ndt]: Metrics -> Error: 0.000912272 (RMSE ~0.0302038 m) | Time: 0 ms | CovTrace: 0.555074 | Converged: True
[hdl_localization_node-13] [INFO] [1790453493.875140839] [sim_ndt]: scan points: raw=1380 downsampled=1106 (leaf=0.05 m)
[hdl_localization_node-13] [INFO] [1790453493.890980183] [sim_ndt]: Metrics -> Error: 0.000987433 (RMSE ~0.0314234 m) | Time: 10 ms | CovTrace: 0.555075 | Converged: True
[hdl_localization_node-13] [INFO] [1790453494.082079186] [sim_ndt]: scan points: raw=1380 downsampled=1080 (leaf=0.05 m)
[hdl_localization_node-13] [INFO] [1790453494.090627408] [sim_ndt]: Metrics -> Error: 0.000824421 (RMSE ~0.0287127 m) | Time: 10 ms | CovTrace: 0.555077 | Converged: True
[hdl_localization_node-13] [INFO] [1790453494.273502177] [sim_ndt]: scan points: raw=1381 downsampled=1043 (leaf=0.05 m)
[hdl_localization_node-13] [INFO] [1790453494.299461930] [sim_ndt]: Metrics -> Error: 0.00090704 (RMSE ~0.0301171 m) | Time: 20 ms | CovTrace: 0.555078 | Converged: True
[hdl_localization_node-13] [INFO] [1790453494.487054038] [sim_ndt]: scan points: raw=1381 downsampled=1053 (leaf=0.05 m)
[hdl_localization_node-13] [INFO] [1790453494.503874320] [sim_ndt]: Metrics -> Error: 0.00105043 (RMSE ~0.0324103 m) | Time: 10 ms | CovTrace: 0.555079 | Converged: True
[hdl_localization_node-13] [INFO] [1790453494.672950727] [sim_ndt]: scan points: raw=1381 downsampled=1071 (leaf=0.05 m)
[hdl_localization_node-13] [INFO] [1790453494.694597454] [sim_ndt]: Metrics -> Error: 0.00104535 (RMSE ~0.0323319 m) | Time: 20 ms | CovTrace: 0.55508 | Converged: True
[hdl_localization_node-13] [INFO] [1790453494.881963137] [sim_ndt]: scan points: raw=1380 downsampled=1118 (leaf=0.05 m)
[hdl_localization_node-13] [INFO] [1790453494.903390599] [sim_ndt]: Metrics -> Error: 0.00093802 (RMSE ~0.0306271 m) | Time: 20 ms | CovTrace: 0.555081 | Converged: True
[hdl_localization_node-13] [INFO] [1790453495.075006565] [sim_ndt]: scan points: raw=1382 downsampled=1028 (leaf=0.05 m)
[hdl_localization_node-13] [INFO] [1790453495.089636757] [sim_ndt]: Metrics -> Error: 0.00105077 (RMSE ~0.0324156 m) | Time: 20 ms | CovTrace: 0.555083 | Converged: True
[hdl_localization_node-13] [INFO] [1790453495.282835399] [sim_ndt]: scan points: raw=1381 downsampled=1107 (leaf=0.05 m)
[hdl_localization_node-13] [INFO] [1790453495.296397937] [sim_ndt]: Metrics -> Error: 0.00128362 (RMSE ~0.0358276 m) | Time: 10 ms | CovTrace: 0.555084 | Converged: True
[hdl_localization_node-13] [INFO] [1790453495.490906047] [sim_ndt]: scan points: raw=1382 downsampled=1106 (leaf=0.05 m)
[hdl_localization_node-13] [INFO] [1790453495.520469400] [sim_ndt]: Metrics -> Error: 0.00152934 (RMSE ~0.0391067 m) | Time: 30 ms | CovTrace: 0.555085 | Converged: True
[hdl_localization_node-13] [INFO] [1790453495.681003871] [sim_ndt]: scan points: raw=1381 downsampled=1099 (leaf=0.05 m)
[hdl_localization_node-13] [INFO] [1790453495.690109200] [sim_ndt]: Metrics -> Error: 0.00161222 (RMSE ~0.0401525 m) | Time: 10 ms | CovTrace: 0.555086 | Converged: True
[hdl_localization_node-13] [INFO] [1790453495.884364984] [sim_ndt]: scan points: raw=1380 downsampled=1150 (leaf=0.05 m)
[hdl_localization_node-13] [INFO] [1790453495.893470419] [sim_ndt]: Metrics -> Error: 0.00145449 (RMSE ~0.0381377 m) | Time: 0 ms | CovTrace: 0.555088 | Converged: True
[hdl_localization_node-13] [INFO] [1790453496.076549362] [sim_ndt]: scan points: raw=1381 downsampled=1091 (leaf=0.05 m)
[hdl_localization_node-13] [INFO] [1790453496.099082678] [sim_ndt]: Metrics -> Error: 0.00140358 (RMSE ~0.0374644 m) | Time: 20 ms | CovTrace: 0.555089 | Converged: True
[hdl_localization_node-13] [INFO] [1790453496.291632858] [sim_ndt]: scan points: raw=1382 downsampled=1128 (leaf=0.05 m)
[hdl_localization_node-13] [INFO] [1790453496.308299608] [sim_ndt]: Metrics -> Error: 0.00139841 (RMSE ~0.0373953 m) | Time: 10 ms | CovTrace: 0.55509 | Converged: True
[hdl_localization_node-13] [INFO] [1790453496.499798924] [sim_ndt]: scan points: raw=1381 downsampled=1131 (leaf=0.05 m)
[hdl_localization_node-13] [INFO] [1790453496.509606445] [sim_ndt]: Metrics -> Error: 0.00137642 (RMSE ~0.0371002 m) | Time: 10 ms | CovTrace: 0.555091 | Converged: True
[hdl_localization_node-13] [INFO] [1790453496.694803535] [sim_ndt]: scan points: raw=1381 downsampled=1173 (leaf=0.05 m)
[hdl_localization_node-13] [INFO] [1790453496.709276298] [sim_ndt]: Metrics -> Error: 0.00139921 (RMSE ~0.0374061 m) | Time: 0 ms | CovTrace: 0.555092 | Converged: True
[hdl_localization_node-13] [INFO] [1790453496.877933516] [sim_ndt]: scan points: raw=1383 downsampled=1171 (leaf=0.05 m)
[hdl_localization_node-13] [INFO] [1790453496.893667763] [sim_ndt]: Metrics -> Error: 0.00139171 (RMSE ~0.0373056 m) | Time: 0 ms | CovTrace: 0.555094 | Converged: True
[hdl_localization_node-13] [INFO] [1790453497.082526577] [sim_ndt]: scan points: raw=1377 downsampled=1151 (leaf=0.05 m)
[hdl_localization_node-13] [INFO] [1790453497.093046152] [sim_ndt]: Metrics -> Error: 0.00059052 (RMSE ~0.0243006 m) | Time: 10 ms | CovTrace: 0.555095 | Converged: True
[hdl_localization_node-13] [INFO] [1790453497.284836494] [sim_ndt]: scan points: raw=1377 downsampled=1103 (leaf=0.05 m)
[hdl_localization_node-13] [INFO] [1790453497.303036723] [sim_ndt]: Metrics -> Error: 0.000601325 (RMSE ~0.0245219 m) | Time: 10 ms | CovTrace: 0.555096 | Converged: True
[hdl_localization_node-13] [INFO] [1790453497.475958079] [sim_ndt]: scan points: raw=1375 downsampled=1101 (leaf=0.05 m)
[hdl_localization_node-13] [INFO] [1790453497.494480524] [sim_ndt]: Metrics -> Error: 0.000523069 (RMSE ~0.0228707 m) | Time: 10 ms | CovTrace: 0.555097 | Converged: True
[hdl_localization_node-13] [INFO] [1790453497.679122856] [sim_ndt]: scan points: raw=1375 downsampled=1121 (leaf=0.05 m)
[hdl_localization_node-13] [INFO] [1790453497.690037088] [sim_ndt]: Metrics -> Error: 0.000504015 (RMSE ~0.0224503 m) | Time: 0 ms | CovTrace: 0.555098 | Converged: True
[hdl_localization_node-13] [INFO] [1790453497.885629886] [sim_ndt]: scan points: raw=1375 downsampled=1151 (leaf=0.05 m)
[hdl_localization_node-13] [INFO] [1790453497.904140921] [sim_ndt]: Metrics -> Error: 0.000514746 (RMSE ~0.022688 m) | Time: 10 ms | CovTrace: 0.5551 | Converged: True
[hdl_localization_node-13] [INFO] [1790453498.079176717] [sim_ndt]: scan points: raw=1376 downsampled=1094 (leaf=0.05 m)
[hdl_localization_node-13] [INFO] [1790453498.123681335] [sim_ndt]: Metrics -> Error: 0.000506716 (RMSE ~0.0225104 m) | Time: 40 ms | CovTrace: 0.555101 | Converged: True
[hdl_localization_node-13] [WARN] [1790453498.125674740] [sim_ndt]: Point-LIO odometry unavailable or stale for /localization/odometry twist; publishing zero twist
[hdl_localization_node-13] [INFO] [1790453498.294818016] [sim_ndt]: scan points: raw=1370 downsampled=1114 (leaf=0.05 m)
[hdl_localization_node-13] [INFO] [1790453498.306339280] [sim_ndt]: Metrics -> Error: 0.000490894 (RMSE ~0.0221561 m) | Time: 0 ms | CovTrace: 0.555102 | Converged: True
[hdl_localization_node-13] [INFO] [1790453498.488547293] [sim_ndt]: scan points: raw=1370 downsampled=1132 (leaf=0.05 m)
[hdl_localization_node-13] [INFO] [1790453498.498998901] [sim_ndt]: Metrics -> Error: 0.000498064 (RMSE ~0.0223173 m) | Time: 10 ms | CovTrace: 0.555103 | Converged: True
[hdl_localization_node-13] [INFO] [1790453498.681486722] [sim_ndt]: scan points: raw=1367 downsampled=1089 (leaf=0.05 m)
[hdl_localization_node-13] [INFO] [1790453498.708005505] [sim_ndt]: Metrics -> Error: 0.000532168 (RMSE ~0.0230688 m) | Time: 30 ms | CovTrace: 0.555104 | Converged: True
[trajectory_tracking_node-9] [WARN] [1790453498.719927528] [trajectory_tracking]: RM_GridMap predicted-path replan requested: collision_samples=0 trajectory_age=5.11
[trajectory_generator_node-7] [Manager REPLAN]  cur position point (X, Y) = (-1.958145, -3.711738), target point (X, Y) = (-3.219000, 2.146000)
[trajectory_generator_node-7] [Manager REPLAN] target_temp (X, Y) = (-3.219000, 2.146000)
[trajectory_generator_node-7] [Manager REPLAN] robot 1.31m from path, full replan
[trajectory_generator_node-7] [Manager] start point, (x, y): (-1.96, -3.71)
[trajectory_generator_node-7] [Manager] receive target, (x, y): (-3.22, 2.15)
[hdl_localization_node-13] [INFO] [1790453498.891187578] [sim_ndt]: scan points: raw=1363 downsampled=1167 (leaf=0.05 m)
[hdl_localization_node-13] [INFO] [1790453498.920226892] [sim_ndt]: Metrics -> Error: 0.000608063 (RMSE ~0.0246589 m) | Time: 20 ms | CovTrace: 0.555106 | Converged: True
[trajectory_generator_node-7] [Topo]: m_graph before num: 1605
[hdl_localization_node-13] [INFO] [1790453499.095583006] [sim_ndt]: scan points: raw=1353 downsampled=1139 (leaf=0.05 m)
[hdl_localization_node-13] [INFO] [1790453499.118301335] [sim_ndt]: Metrics -> Error: 0.000652043 (RMSE ~0.0255351 m) | Time: 10 ms | CovTrace: 0.555107 | Converged: True
[hdl_localization_node-13] [INFO] [1790453499.301105598] [sim_ndt]: scan points: raw=1350 downsampled=1096 (leaf=0.05 m)
[hdl_localization_node-13] [INFO] [1790453499.314829955] [sim_ndt]: Metrics -> Error: 0.000511212 (RMSE ~0.02261 m) | Time: 10 ms | CovTrace: 0.555108 | Converged: True
[trajectory_generator_node-7] [Topo]: dijkstra time: 0.016666
[trajectory_generator_node-7] [Topo]: topo search time: 0.594126
[trajectory_generator_node-7] [Topo]: m_graph num: 2552
[trajectory_generator_node-7] [DIAG] origin_path (Dijkstra) size: 4
[trajectory_generator_node-7] [DIAG]   origin[0]: (-1.958, -3.712, 0.015)
[trajectory_generator_node-7] [DIAG]   origin[1]: (-5.819, -1.204, 0.015)
[trajectory_generator_node-7] [DIAG]   origin[2]: (-5.869, -0.154, 0.015)
[trajectory_generator_node-7] [DIAG]   origin[3]: (-3.219, 2.146, 0.015)
[trajectory_generator_node-7] [DIAG] lineVisib(start→end DIRECT): false  colli=(-2.37,-1.75)
[trajectory_generator_node-7] [DIAG] direct line: 119 steps, 72 wall cells
[trajectory_generator_node-7] [smoothTopoPath] INPUT size=4
[trajectory_generator_node-7] [smoothTopoPath]   in[0]: (-1.958, -3.712, 0.015)
[trajectory_generator_node-7] [smoothTopoPath]   in[1]: (-5.819, -1.204, 0.015)
[trajectory_generator_node-7] [smoothTopoPath]   in[2]: (-5.869, -0.154, 0.015)
[trajectory_generator_node-7] [smoothTopoPath]   in[3]: (-3.219, 2.146, 0.015)
[trajectory_generator_node-7] [smoothTopoPath] lineVisib(start→end): false  colli=(-2.37,-1.75)
[trajectory_generator_node-7] [smoothTopoPath] stuck detected, skipping to topo[3]
[trajectory_generator_node-7] [smoothTopoPath] OUTPUT size=7, iter_count=6
[trajectory_generator_node-7] [smoothTopoPath]   out[0]: (-1.958, -3.712, 0.015)
[trajectory_generator_node-7] [smoothTopoPath]   out[1]: (-6.022, -0.993, 0.015)
[trajectory_generator_node-7] [smoothTopoPath]   out[2]: (-6.098, -0.546, 0.015)
[trajectory_generator_node-7] [smoothTopoPath]   out[3]: (-6.085, 0.038, 0.015)
[trajectory_generator_node-7] [smoothTopoPath]   out[4]: (-5.991, -0.375, 0.015)
[trajectory_generator_node-7] [smoothTopoPath]   out[5]: (-3.219, 2.146, 0.015)
[trajectory_generator_node-7] [smoothTopoPath]   out[6]: (-3.219, 2.146, 0.015)
[trajectory_generator_node-7] [DIAG] optimized_path (smoothTopoPath) size: 7
[trajectory_generator_node-7] [DIAG]   opt[0]: (-1.958, -3.712, 0.015)
[trajectory_generator_node-7] [DIAG]   opt[1]: (-6.022, -0.993, 0.015)
[trajectory_generator_node-7] [DIAG]   opt[2]: (-6.098, -0.546, 0.015)
[trajectory_generator_node-7] [DIAG]   opt[3]: (-6.085, 0.038, 0.015)
[trajectory_generator_node-7] [DIAG]   opt[4]: (-5.991, -0.375, 0.015)
[trajectory_generator_node-7] [DIAG]   opt[5]: (-3.219, 2.146, 0.015)
[trajectory_generator_node-7] [DIAG]   opt[6]: (-3.219, 2.146, 0.015)
[trajectory_generator_node-7] optimized_path size: 7
[trajectory_generator_node-7] [Manager] reference_speed: (0.30)
[trajectory_generator_node-7] [LBFGS] search direction d:  0.000452603 -7.53735e-05 -2.55963e-05  3.80338e-05 -2.74779e-05  1.67131e-05  -1.0874e-05  1.03605e-05 -1.49696e-05  2.41544e-05 -3.38724e-05  2.72565e-05  4.66909e-05 -0.000306047  0.000788469  -0.00140693  0.000794821  0.000531191 -0.000511453   0.00038354  0.000466263   0.00197194    0.0159201    0.0291442   0.00416325  -0.00333912   0.00116693  -0.00027501  0.000630147   -0.0028676    0.0007704  -0.00521841  0.000844667 -0.000474389    7.306e-05  3.20955e-05 -4.26153e-05  2.89363e-05 -1.44381e-05  2.92163e-06   7.7737e-06 -2.14937e-05  4.22362e-05  -7.1697e-05  0.000101555 -9.35961e-05 -5.34672e-05  0.000370838 -0.000678362  0.000451523  -0.00137694 -0.000702328  0.000696489 -0.000141137  -0.00211302    0.0143852    0.0102719 -0.000316291  -0.00308704   0.00156327 -0.000761751  0.000404916  0.000968198  0.000950032  -0.00434002   0.00111636  -0.00136689  0.000423227 -0.000118886  3.11919e-05 -8.56636e-06  2.89342e-06 -1.23692e-06  5.62981e-07 -1.75215e-07 -6.25459e-08  -9.0947e-08  2.53877e-06 -1.40979e-05  6.39407e-05 -0.000184322  0.000633027 -4.39932e-05   0.00080801 -0.000887486   0.00285667   0.00463943   0.00318799   0.00676551  -0.00276504   0.00448535  -0.00131549   0.00194505 -0.000687227  0.000194695  4.28095e-05   0.00010223   0.00124026  -0.00332366    0.0454696
[trajectory_generator_node-7] [Smooth Optimize] MINCO reaches max evaluations: Line search reaches the maximum try number, assumptions not satisfied or precision not achievable.
[trajectory_generator_node-7] [Smooth Optimize] MINCO: cost=4.8 total_T=33.191(init 32.875) max_drift=0.231 max_vel=0.5 segs=34
[trajectory_generator_node-7] [Smooth Resample] resample
[trajectory_generator_node-7] [Smooth Resample] 35 -> 18 waypoints, 17 time segs, max_turn=99.9 deg
[trajectory_generator_node-7] [Manager] optimizer generate time: 0.005235
[trajectory_generator_node-7] [Reference] path size : 18
[trajectory_generator_node-7] [Reference] solvePolyMatrix ENTER: N=17, path_size=18, trap_time_size=17
[trajectory_generator_node-7] [Reference]   path[0]=(-1.9581,-3.7117) path[1]=(-2.4566,-3.3785) t[0]=1.997123 state_vel=(-0.2658,0.1849)
[trajectory_generator_node-7] [Reference] banded solve done. b[0]=0.028066 b[N]=-0.462987 b2[0]=-0.031325 b2[N]=-0.319485
[trajectory_generator_node-7] [Reference] solvePolyMatrix EXIT: polyX[0]=[-0.002969 0.014033 -0.265762 -1.958145]
[trajectory_generator_node-7] [Reference] solvePolyMatrix ENTER: N=17, path_size=18, trap_time_size=17
[trajectory_generator_node-7] [Reference]   path[0]=(-1.9581,-3.7117) path[1]=(-2.4566,-3.3785) t[0]=1.997123 state_vel=(-0.2658,0.1849)
[trajectory_generator_node-7] [Reference] banded solve done. b[0]=0.028066 b[N]=-0.385234 b2[0]=-0.031325 b2[N]=-0.266275
[trajectory_generator_node-7] [Reference] solvePolyMatrix EXIT: polyX[0]=[-0.002969 0.014033 -0.265762 -1.958145]
[trajectory_generator_node-7] [Reference] solvePolyMatrix ENTER: N=17, path_size=18, trap_time_size=17
[trajectory_generator_node-7] [Reference]   path[0]=(-1.9581,-3.7117) path[1]=(-2.4566,-3.3785) t[0]=1.997123 state_vel=(-0.2658,0.1849)
[trajectory_generator_node-7] [Reference] banded solve done. b[0]=0.028066 b[N]=-0.320914 b2[0]=-0.031325 b2[N]=-0.222285
[trajectory_generator_node-7] [Reference] solvePolyMatrix EXIT: polyX[0]=[-0.002969 0.014033 -0.265762 -1.958145]
[trajectory_generator_node-7] [Reference] solvePolyMatrix ENTER: N=17, path_size=18, trap_time_size=17
[trajectory_generator_node-7] [Reference]   path[0]=(-1.9581,-3.7117) path[1]=(-2.4566,-3.3785) t[0]=1.997123 state_vel=(-0.2658,0.1849)
[trajectory_generator_node-7] [Reference] banded solve done. b[0]=0.028066 b[N]=-0.267795 b2[0]=-0.031325 b2[N]=-0.185825
[trajectory_generator_node-7] [Reference] solvePolyMatrix EXIT: polyX[0]=[-0.002969 0.014033 -0.265762 -1.958145]
[trajectory_generator_node-7] [INFO] [1790453499.350618883] [trajectory_generation]: FSM published 17 trajectory pieces
[trajectory_generator_node-7] [A Star] find collision pos: -5.362334 0.196095
[trajectory_generator_node-7] [A Star] find start pos: -5.990552 -0.375430
[trajectory_generator_node-7] [A Star] find collision pos: -5.362334 0.196095
[trajectory_generator_node-7] [A Star] find start pos: -5.990552 -0.375430
[trajectory_generator_node-7] [A Star] find collision pos: -5.362334 0.196095
[trajectory_generator_node-7] [A Star] find start pos: -5.990552 -0.375430
[hdl_localization_node-13] [INFO] [1790453499.476558570] [sim_ndt]: scan points: raw=1343 downsampled=1125 (leaf=0.05 m)
[hdl_localization_node-13] [INFO] [1790453499.489720926] [sim_ndt]: Metrics -> Error: 0.000543034 (RMSE ~0.0233031 m) | Time: 10 ms | CovTrace: 0.555109 | Converged: True
[trajectory_generator_node-7] [A Star] find collision pos: -5.362334 0.196095
[trajectory_generator_node-7] [A Star] find start pos: -5.990552 -0.375430
[hdl_localization_node-13] [INFO] [1790453499.687813648] [sim_ndt]: scan points: raw=1343 downsampled=1146 (leaf=0.05 m)
[hdl_localization_node-13] [INFO] [1790453499.695724661] [sim_ndt]: Metrics -> Error: 0.000558198 (RMSE ~0.0236262 m) | Time: 0 ms | CovTrace: 0.555111 | Converged: True
[trajectory_generator_node-7] [A Star] find collision pos: -5.362334 0.196095
[trajectory_generator_node-7] [A Star] find start pos: -5.990552 -0.375430
[hdl_localization_node-13] [INFO] [1790453499.890270662] [sim_ndt]: scan points: raw=1338 downsampled=1108 (leaf=0.05 m)
[hdl_localization_node-13] [INFO] [1790453499.912873496] [sim_ndt]: Metrics -> Error: 0.000506125 (RMSE ~0.0224972 m) | Time: 20 ms | CovTrace: 0.555112 | Converged: True
[trajectory_generator_node-7] [A Star] find collision pos: -5.362334 0.196095
[trajectory_generator_node-7] [A Star] find start pos: -5.990552 -0.375430
[hdl_localization_node-13] [INFO] [1790453500.078167962] [sim_ndt]: scan points: raw=1336 downsampled=1106 (leaf=0.05 m)
[hdl_localization_node-13] [INFO] [1790453500.086567235] [sim_ndt]: Metrics -> Error: 0.000523837 (RMSE ~0.0228875 m) | Time: 0 ms | CovTrace: 0.555113 | Converged: True
[trajectory_generator_node-7] [A Star] find collision pos: -5.362334 0.196095
[trajectory_generator_node-7] [A Star] find start pos: -5.990552 -0.375430
[hdl_localization_node-13] [INFO] [1790453500.287241349] [sim_ndt]: scan points: raw=1332 downsampled=1066 (leaf=0.05 m)
[hdl_localization_node-13] [INFO] [1790453500.298143213] [sim_ndt]: Metrics -> Error: 0.00062187 (RMSE ~0.0249373 m) | Time: 10 ms | CovTrace: 0.555114 | Converged: True
[trajectory_generator_node-7] [A Star] find collision pos: -5.362334 0.196095
[trajectory_generator_node-7] [A Star] find start pos: -5.990552 -0.375430
[hdl_localization_node-13] [INFO] [1790453500.486561060] [sim_ndt]: scan points: raw=1330 downsampled=1102 (leaf=0.05 m)
[hdl_localization_node-13] [INFO] [1790453500.496324795] [sim_ndt]: Metrics -> Error: 0.000677975 (RMSE ~0.0260379 m) | Time: 0 ms | CovTrace: 0.555115 | Converged: True
[trajectory_generator_node-7] [A Star] find collision pos: -5.362334 0.196095
[trajectory_generator_node-7] [A Star] find start pos: -5.990552 -0.375430
[trajectory_generator_node-7] [Manager REPLAN]  cur position point (X, Y) = (-2.243264, -3.515567), target point (X, Y) = (-3.219000, 2.146000)
[trajectory_generator_node-7] [Manager REPLAN] target_temp (X, Y) = (-3.219000, 2.146000)
[trajectory_generator_node-7] [A Star] find collision pos: -5.362334 0.196095
[trajectory_generator_node-7] [A Star] find start pos: -5.990552 -0.375430
[trajectory_generator_node-7] [Manager REPLAN] start local planning
[hdl_localization_node-13] [INFO] [1790453500.702138974] [sim_ndt]: scan points: raw=1328 downsampled=1034 (leaf=0.05 m)
[hdl_localization_node-13] [INFO] [1790453500.729710888] [sim_ndt]: Metrics -> Error: 0.000596188 (RMSE ~0.024417 m) | Time: 20 ms | CovTrace: 0.555117 | Converged: True
[trajectory_generator_node-7] [Topo Local]: complete sample
[trajectory_generator_node-7] [Topo Local]: sample time: 0.418575
[trajectory_generator_node-7] [Manager Local] local path find! size is 5
[trajectory_generator_node-7] [smoothTopoPath] INPUT size=6
[trajectory_generator_node-7] [smoothTopoPath]   in[0]: (-2.243, -3.516, 0.015)
[trajectory_generator_node-7] [smoothTopoPath]   in[1]: (-6.369, -0.854, 0.015)
[trajectory_generator_node-7] [smoothTopoPath]   in[2]: (-3.769, 2.396, 0.015)
[trajectory_generator_node-7] [smoothTopoPath]   in[3]: (-4.869, 0.696, 0.015)
[trajectory_generator_node-7] [smoothTopoPath]   in[4]: (-3.219, 2.146, 0.015)
[trajectory_generator_node-7] [smoothTopoPath]   in[5]: (-3.219, 2.146, 0.015)
[trajectory_generator_node-7] [smoothTopoPath] lineVisib(start→end): false  colli=(-2.57,-1.65)
[hdl_localization_node-13] [INFO] [1790453500.929451860] [sim_ndt]: scan points: raw=1324 downsampled=1102 (leaf=0.05 m)
[trajectory_generator_node-7] [smoothTopoPath] OUTPUT size=4, iter_count=3
[trajectory_generator_node-7] [smoothTopoPath]   out[0]: (-2.243, -3.516, 0.015)
[trajectory_generator_node-7] [smoothTopoPath]   out[1]: (-6.302, -0.780, 0.015)
[trajectory_generator_node-7] [smoothTopoPath]   out[2]: (-6.105, -0.044, 0.015)
[trajectory_generator_node-7] [smoothTopoPath]   out[3]: (-3.219, 2.146, 0.015)
[trajectory_generator_node-7] [Manager REPLAN] optimized path size is 4
[trajectory_generator_node-7] [LBFGS] search direction d: -0.000887443   0.00025885 -7.49281e-05  7.09818e-06  1.18632e-05  -1.2649e-05   8.5624e-06 -4.37037e-06  1.21378e-06  6.99894e-07 -6.17257e-07 -3.81039e-06  1.76874e-05 -1.75765e-05  0.000105968 -0.000171452  0.000477794 -0.000596741   0.00035845  -0.00013291  0.000266466   7.4832e-06 -3.54341e-05  2.42318e-05 -1.65717e-05  4.93646e-06   3.1936e-05 -0.000138726  0.000340033  -0.00216856  0.000598229 -0.000174469  5.04525e-05 -4.65961e-06  -8.2597e-06  9.05365e-06 -6.77391e-06  4.71919e-06 -3.63611e-06  3.21475e-06 -2.29895e-06 -1.74659e-06  1.47421e-05  1.61006e-05  0.000143331 -0.000355919    0.0002996  0.000149775  0.000320037  -0.00183464 -0.000119696 -9.96073e-05  3.18707e-05 -5.92138e-06 -1.03397e-05  2.11311e-05 -2.30856e-05  -1.1393e-06  0.000168537  0.000308697   0.00266481 -0.000380258  0.000142065 -3.14074e-05  7.79815e-06 -1.79248e-06  7.46941e-07 -4.25293e-07  2.65153e-07 -1.09538e-07 -1.46385e-07  1.04695e-06 -4.26102e-06  1.69613e-05 -4.03006e-05  0.000101717  0.000151414 -0.000122822  0.000221068 -5.72452e-05  7.70641e-06  9.14709e-05 -4.94942e-05  2.42588e-05 -7.79829e-06   6.9891e-07  7.63612e-06 -3.21211e-05  0.000163741 -0.000315401   0.00325416
[trajectory_generator_node-7] [Smooth Optimize] MINCO reaches max evaluations: Line search reaches the maximum try number, assumptions not satisfied or precision not achievable.
[trajectory_generator_node-7] [Smooth Optimize] MINCO: cost=1.4 total_T=30.860(init 30.745) max_drift=0.171 max_vel=0.4 segs=31
[trajectory_generator_node-7] [Smooth Resample] resample
[trajectory_generator_node-7] [Smooth Resample] 32 -> 17 waypoints, 16 time segs, max_turn=70.3 deg
[trajectory_generator_node-7] [Reference] path size : 17
[trajectory_generator_node-7] [Reference] solvePolyMatrix ENTER: N=16, path_size=17, trap_time_size=16
[trajectory_generator_node-7] [Reference]   path[0]=(-2.2433,-3.5156) path[1]=(-2.7450,-3.1774) t[0]=2.045857 state_vel=(-0.1547,0.1099)
[trajectory_generator_node-7] [Reference] banded solve done. b[0]=-0.153366 b[N]=-0.777170 b2[0]=0.093872 b2[N]=-0.366158
[trajectory_generator_node-7] [Reference] solvePolyMatrix EXIT: polyX[0]=[0.015855 -0.076683 -0.154699 -2.243264]
[trajectory_generator_node-7] [Reference] solvePolyMatrix ENTER: N=16, path_size=17, trap_time_size=16
[trajectory_generator_node-7] [Reference]   path[0]=(-2.2433,-3.5156) path[1]=(-2.7450,-3.1774) t[0]=2.045857 state_vel=(-0.1547,0.1099)
[trajectory_generator_node-7] [Reference] banded solve done. b[0]=-0.153366 b[N]=-0.645996 b2[0]=0.093872 b2[N]=-0.304970
[trajectory_generator_node-7] [Reference] solvePolyMatrix EXIT: polyX[0]=[0.015855 -0.076683 -0.154699 -2.243264]
[trajectory_generator_node-7] [Reference] solvePolyMatrix ENTER: N=16, path_size=17, trap_time_size=16
[trajectory_generator_node-7] [Reference]   path[0]=(-2.2433,-3.5156) path[1]=(-2.7450,-3.1774) t[0]=2.045857 state_vel=(-0.1547,0.1099)
[trajectory_generator_node-7] [Reference] banded solve done. b[0]=-0.153366 b[N]=-0.537497 b2[0]=0.093872 b2[N]=-0.254409
[trajectory_generator_node-7] [Reference] solvePolyMatrix EXIT: polyX[0]=[0.015855 -0.076683 -0.154699 -2.243264]
[trajectory_generator_node-7] [Reference] solvePolyMatrix ENTER: N=16, path_size=17, trap_time_size=16
[trajectory_generator_node-7] [Reference]   path[0]=(-2.2433,-3.5156) path[1]=(-2.7450,-3.1774) t[0]=2.045857 state_vel=(-0.1547,0.1099)
[trajectory_generator_node-7] [Reference] banded solve done. b[0]=-0.153366 b[N]=-0.447713 b2[0]=0.093872 b2[N]=-0.212601
[trajectory_generator_node-7] [Reference] solvePolyMatrix EXIT: polyX[0]=[0.015855 -0.076683 -0.154699 -2.243264]
[trajectory_generator_node-7] [Reference] solvePolyMatrix ENTER: N=16, path_size=17, trap_time_size=16
[trajectory_generator_node-7] [Reference]   path[0]=(-2.2433,-3.5156) path[1]=(-2.7450,-3.1774) t[0]=2.045857 state_vel=(-0.1547,0.1099)
[trajectory_generator_node-7] [Reference] banded solve done. b[0]=-0.153366 b[N]=-0.373376 b2[0]=0.093872 b2[N]=-0.178000
[trajectory_generator_node-7] [Reference] solvePolyMatrix EXIT: polyX[0]=[0.015855 -0.076683 -0.154699 -2.243264]
[trajectory_generator_node-7] [Reference] solvePolyMatrix ENTER: N=16, path_size=17, trap_time_size=16
[trajectory_generator_node-7] [Reference]   path[0]=(-2.2433,-3.5156) path[1]=(-2.7450,-3.1774) t[0]=2.045857 state_vel=(-0.1547,0.1099)
[trajectory_generator_node-7] [Reference] banded solve done. b[0]=-0.153366 b[N]=-0.311789 b2[0]=0.093872 b2[N]=-0.149334
[trajectory_generator_node-7] [Reference] solvePolyMatrix EXIT: polyX[0]=[0.015855 -0.076683 -0.154699 -2.243264]
[trajectory_generator_node-7] [INFO] [1790453500.982433667] [trajectory_generation]: FSM published 16 trajectory pieces
[hdl_localization_node-13] [INFO] [1790453500.998370402] [sim_ndt]: Metrics -> Error: 0.000762578 (RMSE ~0.0276148 m) | Time: 40 ms | CovTrace: 0.555118 | Converged: True
[hdl_localization_node-13] [INFO] [1790453501.130622487] [sim_ndt]: scan points: raw=1322 downsampled=1084 (leaf=0.05 m)
[hdl_localization_node-13] [INFO] [1790453501.177551974] [sim_ndt]: Metrics -> Error: 0.000781442 (RMSE ~0.0279543 m) | Time: 40 ms | CovTrace: 0.555119 | Converged: True
[hdl_localization_node-13] [INFO] [1790453501.297938526] [sim_ndt]: scan points: raw=1322 downsampled=1079 (leaf=0.05 m)
[hdl_localization_node-13] [INFO] [1790453501.306837982] [sim_ndt]: Metrics -> Error: 0.000825994 (RMSE ~0.0287401 m) | Time: 0 ms | CovTrace: 0.55512 | Converged: True
[hdl_localization_node-13] [INFO] [1790453501.487043012] [sim_ndt]: scan points: raw=1320 downsampled=1086 (leaf=0.05 m)
[hdl_localization_node-13] [INFO] [1790453501.509012468] [sim_ndt]: Metrics -> Error: 0.000844735 (RMSE ~0.0290643 m) | Time: 20 ms | CovTrace: 0.555121 | Converged: True
[hdl_localization_node-13] [INFO] [1790453501.687990964] [sim_ndt]: scan points: raw=1321 downsampled=1033 (leaf=0.05 m)
[hdl_localization_node-13] [INFO] [1790453501.693171249] [sim_ndt]: Metrics -> Error: 0.000780463 (RMSE ~0.0279368 m) | Time: 0 ms | CovTrace: 0.555123 | Converged: True
[hdl_localization_node-13] [INFO] [1790453501.878406291] [sim_ndt]: scan points: raw=1321 downsampled=1107 (leaf=0.05 m)
[hdl_localization_node-13] [INFO] [1790453501.897178622] [sim_ndt]: Metrics -> Error: 0.000772719 (RMSE ~0.0277978 m) | Time: 10 ms | CovTrace: 0.555124 | Converged: True
[hdl_localization_node-13] [INFO] [1790453502.070003922] [sim_ndt]: scan points: raw=1320 downsampled=1090 (leaf=0.05 m)
[hdl_localization_node-13] [INFO] [1790453502.087212151] [sim_ndt]: Metrics -> Error: 0.000721641 (RMSE ~0.0268634 m) | Time: 20 ms | CovTrace: 0.555125 | Converged: True
[hdl_localization_node-13] [INFO] [1790453502.282315007] [sim_ndt]: scan points: raw=1320 downsampled=1097 (leaf=0.05 m)
[hdl_localization_node-13] [INFO] [1790453502.292435938] [sim_ndt]: Metrics -> Error: 0.000789574 (RMSE ~0.0280994 m) | Time: 10 ms | CovTrace: 0.555126 | Converged: True
[hdl_localization_node-13] [INFO] [1790453502.485862969] [sim_ndt]: scan points: raw=1321 downsampled=1075 (leaf=0.05 m)
[hdl_localization_node-13] [INFO] [1790453502.507764158] [sim_ndt]: Metrics -> Error: 0.00076864 (RMSE ~0.0277244 m) | Time: 10 ms | CovTrace: 0.555127 | Converged: True
[hdl_localization_node-13] [INFO] [1790453502.671711782] [sim_ndt]: scan points: raw=1322 downsampled=1124 (leaf=0.05 m)
[hdl_localization_node-13] [INFO] [1790453502.686905542] [sim_ndt]: Metrics -> Error: 0.00076023 (RMSE ~0.0275723 m) | Time: 0 ms | CovTrace: 0.555129 | Converged: True
[hdl_localization_node-13] [INFO] [1790453502.880087692] [sim_ndt]: scan points: raw=1321 downsampled=1111 (leaf=0.05 m)
[hdl_localization_node-13] [INFO] [1790453502.892460863] [sim_ndt]: Metrics -> Error: 0.000737396 (RMSE ~0.027155 m) | Time: 10 ms | CovTrace: 0.55513 | Converged: True
[hdl_localization_node-13] [INFO] [1790453503.086388470] [sim_ndt]: scan points: raw=1322 downsampled=1038 (leaf=0.05 m)
[hdl_localization_node-13] [INFO] [1790453503.097048933] [sim_ndt]: Metrics -> Error: 0.000727536 (RMSE ~0.0269729 m) | Time: 0 ms | CovTrace: 0.555131 | Converged: True
[hdl_localization_node-13] [INFO] [1790453503.275193837] [sim_ndt]: scan points: raw=1323 downsampled=1089 (leaf=0.05 m)
[hdl_localization_node-13] [INFO] [1790453503.291065954] [sim_ndt]: Metrics -> Error: 0.000749828 (RMSE ~0.027383 m) | Time: 0 ms | CovTrace: 0.555132 | Converged: True
[hdl_localization_node-13] [WARN] [1790453503.301300843] [sim_ndt]: Point-LIO odometry unavailable or stale for /localization/odometry twist; publishing zero twist
[hdl_localization_node-13] [INFO] [1790453503.490689092] [sim_ndt]: scan points: raw=1322 downsampled=1100 (leaf=0.05 m)
[hdl_localization_node-13] [INFO] [1790453503.500843361] [sim_ndt]: Metrics -> Error: 0.000723498 (RMSE ~0.0268979 m) | Time: 10 ms | CovTrace: 0.555133 | Converged: True
[hdl_localization_node-13] [INFO] [1790453503.686848501] [sim_ndt]: scan points: raw=1322 downsampled=1068 (leaf=0.05 m)
[hdl_localization_node-13] [INFO] [1790453503.693755342] [sim_ndt]: Metrics -> Error: 0.000785411 (RMSE ~0.0280252 m) | Time: 0 ms | CovTrace: 0.555135 | Converged: True
[hdl_localization_node-13] [INFO] [1790453503.886578944] [sim_ndt]: scan points: raw=1323 downsampled=1063 (leaf=0.05 m)
[hdl_localization_node-13] [INFO] [1790453503.895916203] [sim_ndt]: Metrics -> Error: 0.000733862 (RMSE ~0.0270899 m) | Time: 0 ms | CovTrace: 0.555136 | Converged: True
[hdl_localization_node-13] [INFO] [1790453504.080132350] [sim_ndt]: scan points: raw=1323 downsampled=1107 (leaf=0.05 m)
[hdl_localization_node-13] [INFO] [1790453504.099030611] [sim_ndt]: Metrics -> Error: 0.000778057 (RMSE ~0.0278937 m) | Time: 10 ms | CovTrace: 0.555137 | Converged: True
[hdl_localization_node-13] [INFO] [1790453504.282077838] [sim_ndt]: scan points: raw=1324 downsampled=1078 (leaf=0.05 m)
[hdl_localization_node-13] [INFO] [1790453504.295715273] [sim_ndt]: Metrics -> Error: 0.000844887 (RMSE ~0.0290669 m) | Time: 0 ms | CovTrace: 0.555138 | Converged: True
[hdl_localization_node-13] [INFO] [1790453504.480927960] [sim_ndt]: scan points: raw=1324 downsampled=1072 (leaf=0.05 m)
[hdl_localization_node-13] [INFO] [1790453504.489947822] [sim_ndt]: Metrics -> Error: 0.000931847 (RMSE ~0.0305262 m) | Time: 0 ms | CovTrace: 0.555139 | Converged: True
[hdl_localization_node-13] [INFO] [1790453504.674285099] [sim_ndt]: scan points: raw=1323 downsampled=1111 (leaf=0.05 m)
[hdl_localization_node-13] [INFO] [1790453504.693772489] [sim_ndt]: Metrics -> Error: 0.000799111 (RMSE ~0.0282686 m) | Time: 10 ms | CovTrace: 0.555141 | Converged: True
[hdl_localization_node-13] [INFO] [1790453504.906799584] [sim_ndt]: scan points: raw=1322 downsampled=1100 (leaf=0.05 m)
[hdl_localization_node-13] [INFO] [1790453504.920268917] [sim_ndt]: Metrics -> Error: 0.000821877 (RMSE ~0.0286684 m) | Time: 20 ms | CovTrace: 0.555142 | Converged: True
[hdl_localization_node-13] [INFO] [1790453505.076477129] [sim_ndt]: scan points: raw=1320 downsampled=1044 (leaf=0.05 m)
[hdl_localization_node-13] [INFO] [1790453505.107612056] [sim_ndt]: Metrics -> Error: 0.000928746 (RMSE ~0.0304753 m) | Time: 30 ms | CovTrace: 0.555143 | Converged: True
[hdl_localization_node-13] [INFO] [1790453505.284693306] [sim_ndt]: scan points: raw=1321 downsampled=1095 (leaf=0.05 m)
[hdl_localization_node-13] [INFO] [1790453505.298843760] [sim_ndt]: Metrics -> Error: 0.000838858 (RMSE ~0.028963 m) | Time: 0 ms | CovTrace: 0.555144 | Converged: True
[hdl_localization_node-13] [INFO] [1790453505.475060395] [sim_ndt]: scan points: raw=1321 downsampled=1101 (leaf=0.05 m)
[hdl_localization_node-13] [INFO] [1790453505.505021006] [sim_ndt]: Metrics -> Error: 0.000882499 (RMSE ~0.0297069 m) | Time: 20 ms | CovTrace: 0.555146 | Converged: True
[hdl_localization_node-13] [INFO] [1790453505.675007964] [sim_ndt]: scan points: raw=1320 downsampled=1034 (leaf=0.05 m)
[hdl_localization_node-13] [INFO] [1790453505.699226398] [sim_ndt]: Metrics -> Error: 0.000853245 (RMSE ~0.0292104 m) | Time: 20 ms | CovTrace: 0.555147 | Converged: True
[hdl_localization_node-13] [INFO] [1790453505.890527513] [sim_ndt]: scan points: raw=1323 downsampled=1085 (leaf=0.05 m)
[hdl_localization_node-13] [INFO] [1790453505.903421160] [sim_ndt]: Metrics -> Error: 0.000848033 (RMSE ~0.029121 m) | Time: 10 ms | CovTrace: 0.555148 | Converged: True
[hdl_localization_node-13] [INFO] [1790453506.090535635] [sim_ndt]: scan points: raw=1321 downsampled=1095 (leaf=0.05 m)
[hdl_localization_node-13] [INFO] [1790453506.110931652] [sim_ndt]: Metrics -> Error: 0.000714723 (RMSE ~0.0267343 m) | Time: 20 ms | CovTrace: 0.555149 | Converged: True
[trajectory_tracking_node-9] [WARN] [1790453506.124413913] [trajectory_tracking]: RM_GridMap predicted-path replan requested: collision_samples=0 trajectory_age=5.11
[trajectory_generator_node-7] [Manager REPLAN]  cur position point (X, Y) = (-3.478497, -2.652158), target point (X, Y) = (-3.219000, 2.146000)
[trajectory_generator_node-7] [Manager REPLAN] target_temp (X, Y) = (-3.219000, 2.146000)
[trajectory_generator_node-7] [Manager REPLAN] robot 1.51m from path, full replan
[trajectory_generator_node-7] [Manager] start point, (x, y): (-3.48, -2.65)
[trajectory_generator_node-7] [Manager] receive target, (x, y): (-3.22, 2.15)
[hdl_localization_node-13] [INFO] [1790453506.293053352] [sim_ndt]: scan points: raw=1322 downsampled=1056 (leaf=0.05 m)
[hdl_localization_node-13] [INFO] [1790453506.309735731] [sim_ndt]: Metrics -> Error: 0.000841062 (RMSE ~0.0290011 m) | Time: 10 ms | CovTrace: 0.55515 | Converged: True
[trajectory_generator_node-7] [Topo]: m_graph before num: 1605
[hdl_localization_node-13] [INFO] [1790453506.496917160] [sim_ndt]: scan points: raw=1323 downsampled=1061 (leaf=0.05 m)
[hdl_localization_node-13] [INFO] [1790453506.520644358] [sim_ndt]: Metrics -> Error: 0.000899993 (RMSE ~0.0299999 m) | Time: 20 ms | CovTrace: 0.555151 | Converged: True
[hdl_localization_node-13] [INFO] [1790453506.694725064] [sim_ndt]: scan points: raw=1323 downsampled=1101 (leaf=0.05 m)
[hdl_localization_node-13] [INFO] [1790453506.718976054] [sim_ndt]: Metrics -> Error: 0.000924705 (RMSE ~0.030409 m) | Time: 10 ms | CovTrace: 0.555153 | Converged: True
[trajectory_generator_node-7] [Topo]: dijkstra time: 0.025615
[trajectory_generator_node-7] [Topo]: topo search time: 0.617529
[trajectory_generator_node-7] [Topo]: m_graph num: 2563
[trajectory_generator_node-7] [DIAG] origin_path (Dijkstra) size: 4
[trajectory_generator_node-7] [DIAG]   origin[0]: (-3.478, -2.652, 0.015)
[trajectory_generator_node-7] [DIAG]   origin[1]: (-5.719, -0.954, 0.051)
[trajectory_generator_node-7] [DIAG]   origin[2]: (-5.919, -0.254, 0.015)
[trajectory_generator_node-7] [DIAG]   origin[3]: (-3.219, 2.146, 0.015)
[trajectory_generator_node-7] [DIAG] lineVisib(start→end DIRECT): false  colli=(-3.42,-1.20)
[trajectory_generator_node-7] [DIAG] direct line: 96 steps, 59 wall cells
[trajectory_generator_node-7] [smoothTopoPath] INPUT size=4
[trajectory_generator_node-7] [smoothTopoPath]   in[0]: (-3.478, -2.652, 0.015)
[trajectory_generator_node-7] [smoothTopoPath]   in[1]: (-5.719, -0.954, 0.051)
[trajectory_generator_node-7] [smoothTopoPath]   in[2]: (-5.919, -0.254, 0.015)
[trajectory_generator_node-7] [smoothTopoPath]   in[3]: (-3.219, 2.146, 0.015)
[trajectory_generator_node-7] [smoothTopoPath] lineVisib(start→end): false  colli=(-3.42,-1.20)
[trajectory_generator_node-7] [smoothTopoPath] OUTPUT size=7, iter_count=6
[trajectory_generator_node-7] [smoothTopoPath]   out[0]: (-3.478, -2.652, 0.015)
[trajectory_generator_node-7] [smoothTopoPath]   out[1]: (-5.949, -1.043, 0.021)
[trajectory_generator_node-7] [smoothTopoPath]   out[2]: (-5.519, -0.920, 0.015)
[trajectory_generator_node-7] [smoothTopoPath]   out[3]: (-5.752, -1.205, 0.092)
[trajectory_generator_node-7] [smoothTopoPath]   out[4]: (-6.074, -0.776, 0.015)
[trajectory_generator_node-7] [smoothTopoPath]   out[5]: (-6.165, -0.123, 0.015)
[trajectory_generator_node-7] [smoothTopoPath]   out[6]: (-3.219, 2.146, 0.015)
[trajectory_generator_node-7] [DIAG] optimized_path (smoothTopoPath) size: 7
[trajectory_generator_node-7] [DIAG]   opt[0]: (-3.478, -2.652, 0.015)
[trajectory_generator_node-7] [DIAG]   opt[1]: (-5.949, -1.043, 0.021)
[trajectory_generator_node-7] [DIAG]   opt[2]: (-5.519, -0.920, 0.015)
[trajectory_generator_node-7] [DIAG]   opt[3]: (-5.752, -1.205, 0.092)
[trajectory_generator_node-7] [DIAG]   opt[4]: (-6.074, -0.776, 0.015)
[trajectory_generator_node-7] [DIAG]   opt[5]: (-6.165, -0.123, 0.015)
[trajectory_generator_node-7] [DIAG]   opt[6]: (-3.219, 2.146, 0.015)
[trajectory_generator_node-7] optimized_path size: 7
[trajectory_generator_node-7] [Manager] reference_speed: (0.30)
[trajectory_generator_node-7] [LBFGS] search direction d: -1.21662e-06    2.477e-06 -1.45992e-06  -1.0887e-06  5.89441e-06 -1.52666e-05  3.01724e-05 -4.00103e-05  2.44333e-05 -0.000107931  -0.00012572  9.98323e-05  5.24548e-05 -9.62032e-05  -0.00026323  0.000171018        4e-05  0.000588827 -0.000486919 -2.70312e-05 -3.74743e-06  4.25101e-06 -2.89008e-07 -7.24172e-06   1.9679e-05 -3.74297e-05  2.17814e-05  5.00184e-05  1.07937e-06 -1.04158e-06  1.34255e-06 -2.11138e-06  3.56271e-06  -5.8174e-06  8.23364e-06 -5.51318e-06 -3.53869e-05  5.56518e-06 -5.11584e-05  0.000439258 -1.36531e-05 -0.000133017  2.58106e-05  -0.00030018  2.68403e-05   0.00044015  0.000643939 -0.000339893  9.96265e-06  -5.6505e-07  -6.0597e-07 -3.18088e-06  1.35537e-05 -3.30591e-05  9.93664e-05 -0.000233223  2.83463e-05 -7.89191e-06  2.35585e-06 -6.18758e-07  5.19342e-08  9.01269e-07 -5.08647e-06  2.35448e-05 -8.93187e-05  0.000266646  0.000380847  0.000136987  0.000181847 -4.25584e-05 -4.40771e-05  0.000281762  4.83382e-05   0.00312792 -6.46515e-05  0.000122081 -4.30856e-05  1.87036e-05 -6.01887e-06  1.37307e-06  2.23153e-06 -1.26956e-05   5.7968e-05 -0.000121995   0.00119618
[trajectory_generator_node-7] [Smooth Optimize] MINCO reaches max evaluations: Line search reaches the maximum try number, assumptions not satisfied or precision not achievable.
[trajectory_generator_node-7] [Smooth Optimize] MINCO: cost=2.3 total_T=27.806(init 27.569) max_drift=0.180 max_vel=0.5 segs=29
[trajectory_generator_node-7] [Smooth Resample] resample
[trajectory_generator_node-7] [Smooth Resample] 30 -> 16 waypoints, 15 time segs, max_turn=169.4 deg
[trajectory_generator_node-7] [Manager] optimizer generate time: 0.008655
[trajectory_generator_node-7] [Reference] path size : 16
[trajectory_generator_node-7] [Reference] solvePolyMatrix ENTER: N=15, path_size=16, trap_time_size=15
[trajectory_generator_node-7] [Reference]   path[0]=(-3.4785,-2.6522) path[1]=(-3.9817,-2.3247) t[0]=2.000704 state_vel=(-0.2362,0.1624)
[trajectory_generator_node-7] [Reference] banded solve done. b[0]=-0.027904 b[N]=-0.783573 b2[0]=0.003272 b2[N]=-0.351005
[trajectory_generator_node-7] [Reference] solvePolyMatrix EXIT: polyX[0]=[0.003148 -0.013952 -0.236221 -3.478497]
[trajectory_generator_node-7] [Reference] solvePolyMatrix ENTER: N=15, path_size=16, trap_time_size=15
[trajectory_generator_node-7] [Reference]   path[0]=(-3.4785,-2.6522) path[1]=(-3.9817,-2.3247) t[0]=2.000704 state_vel=(-0.2362,0.1624)
[trajectory_generator_node-7] [Reference] banded solve done. b[0]=-0.028471 b[N]=-0.651292 b2[0]=0.003618 b2[N]=-0.292453
[trajectory_generator_node-7] [Reference] solvePolyMatrix EXIT: polyX[0]=[0.003290 -0.014235 -0.236221 -3.478497]
[trajectory_generator_node-7] [Reference] solvePolyMatrix ENTER: N=15, path_size=16, trap_time_size=15
[trajectory_generator_node-7] [Reference]   path[0]=(-3.4785,-2.6522) path[1]=(-3.9817,-2.3247) t[0]=2.000704 state_vel=(-0.2362,0.1624)
[trajectory_generator_node-7] [Reference] banded solve done. b[0]=-0.028921 b[N]=-0.541880 b2[0]=0.003893 b2[N]=-0.244078
[trajectory_generator_node-7] [Reference] solvePolyMatrix EXIT: polyX[0]=[0.003402 -0.014461 -0.236221 -3.478497]
[trajectory_generator_node-7] [Reference] solvePolyMatrix ENTER: N=15, path_size=16, trap_time_size=15
[trajectory_generator_node-7] [Reference]   path[0]=(-3.4785,-2.6522) path[1]=(-3.9817,-2.3247) t[0]=2.000704 state_vel=(-0.2362,0.1624)
[trajectory_generator_node-7] [Reference] banded solve done. b[0]=-0.029270 b[N]=-0.451343 b2[0]=0.004103 b2[N]=-0.204082
[trajectory_generator_node-7] [Reference] solvePolyMatrix EXIT: polyX[0]=[0.003490 -0.014635 -0.236221 -3.478497]
[trajectory_generator_node-7] [Reference] solvePolyMatrix ENTER: N=15, path_size=16, trap_time_size=15
[trajectory_generator_node-7] [Reference]   path[0]=(-3.4785,-2.6522) path[1]=(-3.9817,-2.3247) t[0]=2.000704 state_vel=(-0.2362,0.1624)
[trajectory_generator_node-7] [Reference] banded solve done. b[0]=-0.029270 b[N]=-0.376384 b2[0]=0.004103 b2[N]=-0.170981
[trajectory_generator_node-7] [Reference] solvePolyMatrix EXIT: polyX[0]=[0.003490 -0.014635 -0.236221 -3.478497]
[trajectory_generator_node-7] [Reference] solvePolyMatrix ENTER: N=15, path_size=16, trap_time_size=15
[trajectory_generator_node-7] [Reference]   path[0]=(-3.4785,-2.6522) path[1]=(-3.9817,-2.3247) t[0]=2.000704 state_vel=(-0.2362,0.1624)
[trajectory_generator_node-7] [Reference] banded solve done. b[0]=-0.029270 b[N]=-0.314284 b2[0]=0.004103 b2[N]=-0.143558
[trajectory_generator_node-7] [Reference] solvePolyMatrix EXIT: polyX[0]=[0.003490 -0.014635 -0.236221 -3.478497]
[trajectory_generator_node-7] [INFO] [1790453506.789310436] [trajectory_generation]: FSM published 15 trajectory pieces
[hdl_localization_node-13] [INFO] [1790453506.890642884] [sim_ndt]: scan points: raw=1324 downsampled=1034 (leaf=0.05 m)
[hdl_localization_node-13] [INFO] [1790453506.907851950] [sim_ndt]: Metrics -> Error: 0.00114314 (RMSE ~0.0338104 m) | Time: 0 ms | CovTrace: 0.555154 | Converged: True
[hdl_localization_node-13] [INFO] [1790453507.071898529] [sim_ndt]: scan points: raw=1323 downsampled=1099 (leaf=0.05 m)
[hdl_localization_node-13] [INFO] [1790453507.085511723] [sim_ndt]: Metrics -> Error: 0.00170141 (RMSE ~0.0412482 m) | Time: 10 ms | CovTrace: 0.555155 | Converged: True
[hdl_localization_node-13] [INFO] [1790453507.277506201] [sim_ndt]: scan points: raw=1324 downsampled=1086 (leaf=0.05 m)
[hdl_localization_node-13] [INFO] [1790453507.290044233] [sim_ndt]: Metrics -> Error: 0.00161697 (RMSE ~0.0402116 m) | Time: 10 ms | CovTrace: 0.555156 | Converged: True
[hdl_localization_node-13] [INFO] [1790453507.474502602] [sim_ndt]: scan points: raw=1320 downsampled=1090 (leaf=0.05 m)
[hdl_localization_node-13] [INFO] [1790453507.495649710] [sim_ndt]: Metrics -> Error: 0.00161818 (RMSE ~0.0402267 m) | Time: 20 ms | CovTrace: 0.555157 | Converged: True
[hdl_localization_node-13] [INFO] [1790453507.679384622] [sim_ndt]: scan points: raw=1321 downsampled=1001 (leaf=0.05 m)
[hdl_localization_node-13] [INFO] [1790453507.690317697] [sim_ndt]: Metrics -> Error: 0.00160272 (RMSE ~0.040034 m) | Time: 0 ms | CovTrace: 0.555159 | Converged: True
[hdl_localization_node-13] [INFO] [1790453507.879608252] [sim_ndt]: scan points: raw=1321 downsampled=1141 (leaf=0.05 m)
[hdl_localization_node-13] [INFO] [1790453507.888702594] [sim_ndt]: Metrics -> Error: 0.00172464 (RMSE ~0.0415288 m) | Time: 0 ms | CovTrace: 0.55516 | Converged: True
[hdl_localization_node-13] [INFO] [1790453508.076611476] [sim_ndt]: scan points: raw=1320 downsampled=1048 (leaf=0.05 m)
[hdl_localization_node-13] [INFO] [1790453508.086591823] [sim_ndt]: Metrics -> Error: 0.00155381 (RMSE ~0.0394184 m) | Time: 0 ms | CovTrace: 0.555161 | Converged: True
[hdl_localization_node-13] [INFO] [1790453508.278273502] [sim_ndt]: scan points: raw=1320 downsampled=1080 (leaf=0.05 m)
[hdl_localization_node-13] [INFO] [1790453508.292451960] [sim_ndt]: Metrics -> Error: 0.00153717 (RMSE ~0.0392068 m) | Time: 10 ms | CovTrace: 0.555162 | Converged: True
[hdl_localization_node-13] [WARN] [1790453508.296749203] [sim_ndt]: Point-LIO odometry unavailable or stale for /localization/odometry twist; publishing zero twist
[hdl_localization_node-13] [INFO] [1790453508.471537560] [sim_ndt]: scan points: raw=1317 downsampled=1103 (leaf=0.05 m)
[hdl_localization_node-13] [INFO] [1790453508.492812757] [sim_ndt]: Metrics -> Error: 0.00160789 (RMSE ~0.0400986 m) | Time: 10 ms | CovTrace: 0.555163 | Converged: True
[hdl_localization_node-13] [INFO] [1790453508.676565227] [sim_ndt]: scan points: raw=1319 downsampled=1075 (leaf=0.05 m)
[hdl_localization_node-13] [INFO] [1790453508.683403501] [sim_ndt]: Metrics -> Error: 0.00153637 (RMSE ~0.0391966 m) | Time: 0 ms | CovTrace: 0.555165 | Converged: True
[hdl_localization_node-13] [INFO] [1790453508.876520914] [sim_ndt]: scan points: raw=1317 downsampled=1081 (leaf=0.05 m)
[hdl_localization_node-13] [INFO] [1790453508.887503543] [sim_ndt]: Metrics -> Error: 0.0015445 (RMSE ~0.0393001 m) | Time: 10 ms | CovTrace: 0.555166 | Converged: True
[hdl_localization_node-13] [INFO] [1790453509.086465239] [sim_ndt]: scan points: raw=1321 downsampled=1097 (leaf=0.05 m)
[hdl_localization_node-13] [INFO] [1790453509.099708291] [sim_ndt]: Metrics -> Error: 0.00164395 (RMSE ~0.0405456 m) | Time: 0 ms | CovTrace: 0.555167 | Converged: True
[hdl_localization_node-13] [INFO] [1790453509.284399038] [sim_ndt]: scan points: raw=1318 downsampled=1096 (leaf=0.05 m)
[hdl_localization_node-13] [INFO] [1790453509.317678281] [sim_ndt]: Metrics -> Error: 0.00144952 (RMSE ~0.0380726 m) | Time: 20 ms | CovTrace: 0.555168 | Converged: True
[hdl_localization_node-13] [INFO] [1790453509.476115746] [sim_ndt]: scan points: raw=1322 downsampled=1146 (leaf=0.05 m)
[hdl_localization_node-13] [INFO] [1790453509.482604159] [sim_ndt]: Metrics -> Error: 0.000956321 (RMSE ~0.0309244 m) | Time: 0 ms | CovTrace: 0.55517 | Converged: True
[hdl_localization_node-13] [INFO] [1790453509.686476814] [sim_ndt]: scan points: raw=1321 downsampled=1115 (leaf=0.05 m)
[hdl_localization_node-13] [INFO] [1790453509.698078798] [sim_ndt]: Metrics -> Error: 0.000857526 (RMSE ~0.0292835 m) | Time: 10 ms | CovTrace: 0.555171 | Converged: True
[hdl_localization_node-13] [INFO] [1790453509.881370635] [sim_ndt]: scan points: raw=1316 downsampled=1106 (leaf=0.05 m)
[hdl_localization_node-13] [INFO] [1790453509.910223521] [sim_ndt]: Metrics -> Error: 0.000924385 (RMSE ~0.0304037 m) | Time: 30 ms | CovTrace: 0.555172 | Converged: True
[hdl_localization_node-13] [INFO] [1790453510.091946547] [sim_ndt]: scan points: raw=1319 downsampled=1143 (leaf=0.05 m)
[hdl_localization_node-13] [INFO] [1790453510.109679062] [sim_ndt]: Metrics -> Error: 0.000852249 (RMSE ~0.0291933 m) | Time: 20 ms | CovTrace: 0.555173 | Converged: True
[hdl_localization_node-13] [INFO] [1790453510.284830892] [sim_ndt]: scan points: raw=1320 downsampled=1115 (leaf=0.05 m)
[hdl_localization_node-13] [INFO] [1790453510.293502054] [sim_ndt]: Metrics -> Error: 0.000949152 (RMSE ~0.0308083 m) | Time: 10 ms | CovTrace: 0.555174 | Converged: True
[hdl_localization_node-13] [INFO] [1790453510.490938068] [sim_ndt]: scan points: raw=1316 downsampled=1090 (leaf=0.05 m)
[hdl_localization_node-13] [INFO] [1790453510.505274302] [sim_ndt]: Metrics -> Error: 0.00083276 (RMSE ~0.0288576 m) | Time: 10 ms | CovTrace: 0.555176 | Converged: True
[hdl_localization_node-13] [INFO] [1790453510.695916595] [sim_ndt]: scan points: raw=1314 downsampled=1102 (leaf=0.05 m)
[hdl_localization_node-13] [INFO] [1790453510.715060020] [sim_ndt]: Metrics -> Error: 0.000898602 (RMSE ~0.0299767 m) | Time: 10 ms | CovTrace: 0.555177 | Converged: True
[hdl_localization_node-13] [INFO] [1790453510.901205094] [sim_ndt]: scan points: raw=1314 downsampled=1058 (leaf=0.05 m)
[hdl_localization_node-13] [INFO] [1790453510.913087541] [sim_ndt]: Metrics -> Error: 0.000960833 (RMSE ~0.0309973 m) | Time: 10 ms | CovTrace: 0.555178 | Converged: True
[hdl_localization_node-13] [INFO] [1790453511.107096622] [sim_ndt]: scan points: raw=1319 downsampled=1083 (leaf=0.05 m)
[hdl_localization_node-13] [INFO] [1790453511.119580783] [sim_ndt]: Metrics -> Error: 0.00102774 (RMSE ~0.0320584 m) | Time: 0 ms | CovTrace: 0.555179 | Converged: True
[hdl_localization_node-13] [INFO] [1790453511.288215906] [sim_ndt]: scan points: raw=1315 downsampled=1093 (leaf=0.05 m)
[hdl_localization_node-13] [INFO] [1790453511.308602219] [sim_ndt]: Metrics -> Error: 0.00117069 (RMSE ~0.0342153 m) | Time: 20 ms | CovTrace: 0.55518 | Converged: True
[hdl_localization_node-13] [INFO] [1790453511.473284262] [sim_ndt]: scan points: raw=1318 downsampled=1102 (leaf=0.05 m)
[hdl_localization_node-13] [INFO] [1790453511.510169939] [sim_ndt]: Metrics -> Error: 0.000977477 (RMSE ~0.0312646 m) | Time: 30 ms | CovTrace: 0.555182 | Converged: True
[hdl_localization_node-13] [INFO] [1790453511.675731395] [sim_ndt]: scan points: raw=1318 downsampled=1130 (leaf=0.05 m)
[hdl_localization_node-13] [INFO] [1790453511.684010523] [sim_ndt]: Metrics -> Error: 0.00101988 (RMSE ~0.0319355 m) | Time: 0 ms | CovTrace: 0.555183 | Converged: True
[hdl_localization_node-13] [INFO] [1790453511.890558599] [sim_ndt]: scan points: raw=1324 downsampled=1120 (leaf=0.05 m)
[hdl_localization_node-13] [INFO] [1790453511.907680148] [sim_ndt]: Metrics -> Error: 0.00111121 (RMSE ~0.0333348 m) | Time: 10 ms | CovTrace: 0.555184 | Converged: True
[trajectory_tracking_node-9] [WARN] [1790453511.921242567] [trajectory_tracking]: RM_GridMap predicted-path replan requested: collision_samples=0 trajectory_age=5.11
[trajectory_generator_node-7] [Manager REPLAN]  cur position point (X, Y) = (-4.762763, -1.781821), target point (X, Y) = (-3.219000, 2.146000)
[trajectory_generator_node-7] [Manager REPLAN] target_temp (X, Y) = (-3.219000, 2.146000)
[trajectory_generator_node-7] [Manager REPLAN] robot 1.15m from path, full replan
[trajectory_generator_node-7] [Manager] start point, (x, y): (-4.76, -1.78)
[trajectory_generator_node-7] [Manager] receive target, (x, y): (-3.22, 2.15)
[hdl_localization_node-13] [INFO] [1790453512.098987621] [sim_ndt]: scan points: raw=1325 downsampled=1110 (leaf=0.05 m)
[hdl_localization_node-13] [INFO] [1790453512.115087358] [sim_ndt]: Metrics -> Error: 0.00131259 (RMSE ~0.0362297 m) | Time: 10 ms | CovTrace: 0.555185 | Converged: True
[trajectory_generator_node-7] [Topo]: m_graph before num: 1605
[hdl_localization_node-13] [INFO] [1790453512.271502517] [sim_ndt]: scan points: raw=1326 downsampled=1130 (leaf=0.05 m)
[hdl_localization_node-13] [INFO] [1790453512.289353803] [sim_ndt]: Metrics -> Error: 0.00171093 (RMSE ~0.0413634 m) | Time: 20 ms | CovTrace: 0.555186 | Converged: True
[trajectory_generator_node-7] [Topo]: dijkstra time: 0.014049
[trajectory_generator_node-7] [Topo]: topo search time: 0.552432
[trajectory_generator_node-7] [Topo]: m_graph num: 2571
[trajectory_generator_node-7] [DIAG] origin_path (Dijkstra) size: 4
[trajectory_generator_node-7] [DIAG]   origin[0]: (-4.763, -1.782, 0.015)
[trajectory_generator_node-7] [DIAG]   origin[1]: (-5.969, -0.704, 0.015)
[trajectory_generator_node-7] [DIAG]   origin[2]: (-5.769, -0.054, 0.015)
[trajectory_generator_node-7] [DIAG]   origin[3]: (-3.219, 2.146, 0.015)
[trajectory_generator_node-7] [DIAG] lineVisib(start→end DIRECT): false  colli=(-4.32,-0.70)
[trajectory_generator_node-7] [DIAG] direct line: 84 steps, 50 wall cells
[trajectory_generator_node-7] [smoothTopoPath] INPUT size=4
[trajectory_generator_node-7] [smoothTopoPath]   in[0]: (-4.763, -1.782, 0.015)
[trajectory_generator_node-7] [smoothTopoPath]   in[1]: (-5.969, -0.704, 0.015)
[trajectory_generator_node-7] [smoothTopoPath]   in[2]: (-5.769, -0.054, 0.015)
[trajectory_generator_node-7] [smoothTopoPath]   in[3]: (-3.219, 2.146, 0.015)
[trajectory_generator_node-7] [smoothTopoPath] lineVisib(start→end): false  colli=(-4.32,-0.70)
[trajectory_generator_node-7] [smoothTopoPath] OUTPUT size=4, iter_count=3
[trajectory_generator_node-7] [smoothTopoPath]   out[0]: (-4.763, -1.782, 0.015)
[trajectory_generator_node-7] [smoothTopoPath]   out[1]: (-6.151, -0.821, 0.015)
[trajectory_generator_node-7] [smoothTopoPath]   out[2]: (-6.139, -0.290, 0.015)
[trajectory_generator_node-7] [smoothTopoPath]   out[3]: (-3.219, 2.146, 0.015)
[trajectory_generator_node-7] [DIAG] optimized_path (smoothTopoPath) size: 4
[trajectory_generator_node-7] [DIAG]   opt[0]: (-4.763, -1.782, 0.015)
[trajectory_generator_node-7] [DIAG]   opt[1]: (-6.151, -0.821, 0.015)
[trajectory_generator_node-7] [DIAG]   opt[2]: (-6.139, -0.290, 0.015)
[trajectory_generator_node-7] [DIAG]   opt[3]: (-3.219, 2.146, 0.015)
[trajectory_generator_node-7] optimized_path size: 4
[hdl_localization_node-13] [INFO] [1790453512.502538576] [sim_ndt]: scan points: raw=1333 downsampled=1097 (leaf=0.05 m)
[trajectory_generator_node-7] [Manager] reference_speed: (0.30)
[trajectory_generator_node-7] [LBFGS] search direction d:  4.34896e-05  4.96405e-05 -6.55289e-05 -0.000213834  4.09028e-05 -0.000165217 -0.000116272 -8.67291e-05 -0.000297511 -0.000184012 -0.000136918 -7.54096e-05  8.69665e-05 -0.000117409  0.000165304 -0.000218543  0.000152565 -8.98238e-05  -0.00131968 -9.19459e-05   -2.971e-06  3.61075e-05 -0.000413087  1.79677e-05 -0.000141612 -3.47202e-05  0.000112925 -0.000166908  6.95549e-05 -6.18227e-06 -0.000170861  9.28211e-05 -9.98381e-05  0.000168408  -0.00027766   0.00039517  9.67031e-05 -0.000920207  -0.00181536  0.000627073 -0.000198945   0.00021848 -0.000370874  0.000619683  0.000928143  -0.00124889    0.0043556  -0.00187867   0.00201102  -0.00067641  0.000748489  -0.00024506   5.7405e-05  5.71476e-05  -0.00026085   0.00104928  -0.00227251    0.0184449
[trajectory_generator_node-7] [Smooth Optimize] MINCO reaches max evaluations: Line search reaches the maximum try number, assumptions not satisfied or precision not achievable.
[trajectory_generator_node-7] [Smooth Optimize] MINCO: cost=1.7 total_T=20.233(init 19.878) max_drift=0.127 max_vel=0.4 segs=20
[trajectory_generator_node-7] [Smooth Resample] resample
[trajectory_generator_node-7] [Smooth Resample] 21 -> 11 waypoints, 10 time segs, max_turn=52.3 deg
[trajectory_generator_node-7] [Manager] optimizer generate time: 0.008971
[trajectory_generator_node-7] [Reference] path size : 11
[trajectory_generator_node-7] [Reference] solvePolyMatrix ENTER: N=10, path_size=11, trap_time_size=10
[trajectory_generator_node-7] [Reference]   path[0]=(-4.7628,-1.7818) path[1]=(-5.2561,-1.4397) t[0]=1.984337 state_vel=(-0.2909,0.1930)
[trajectory_generator_node-7] [Reference] banded solve done. b[0]=0.077047 b[N]=-0.309381 b2[0]=-0.022130 b2[N]=-0.218182
[trajectory_generator_node-7] [Reference] solvePolyMatrix EXIT: polyX[0]=[-0.008670 0.038524 -0.290905 -4.762763]
[trajectory_generator_node-7] [Reference] solvePolyMatrix ENTER: N=10, path_size=11, trap_time_size=10
[trajectory_generator_node-7] [Reference]   path[0]=(-4.7628,-1.7818) path[1]=(-5.2561,-1.4397) t[0]=1.984337 state_vel=(-0.2909,0.1930)
[trajectory_generator_node-7] [Reference] banded solve done. b[0]=0.077046 b[N]=-0.258206 b2[0]=-0.022130 b2[N]=-0.182164
[trajectory_generator_node-7] [Reference] solvePolyMatrix EXIT: polyX[0]=[-0.008670 0.038523 -0.290905 -4.762763]
[trajectory_generator_node-7] [INFO] [1790453512.515925872] [trajectory_generation]: FSM published 10 trajectory pieces
[hdl_localization_node-13] [INFO] [1790453512.518235828] [sim_ndt]: Metrics -> Error: 0.00182089 (RMSE ~0.0426719 m) | Time: 20 ms | CovTrace: 0.555188 | Converged: True
[hdl_localization_node-13] [INFO] [1790453512.681042785] [sim_ndt]: scan points: raw=1332 downsampled=1120 (leaf=0.05 m)
[hdl_localization_node-13] [INFO] [1790453512.686516178] [sim_ndt]: Metrics -> Error: 0.00185251 (RMSE ~0.0430408 m) | Time: 10 ms | CovTrace: 0.555189 | Converged: True
[hdl_localization_node-13] [INFO] [1790453512.890252816] [sim_ndt]: scan points: raw=1333 downsampled=1127 (leaf=0.05 m)
[hdl_localization_node-13] [INFO] [1790453512.901939842] [sim_ndt]: Metrics -> Error: 0.00191075 (RMSE ~0.0437121 m) | Time: 0 ms | CovTrace: 0.55519 | Converged: True
[hdl_localization_node-13] [INFO] [1790453513.082240396] [sim_ndt]: scan points: raw=1332 downsampled=1139 (leaf=0.05 m)
[hdl_localization_node-13] [INFO] [1790453513.101298296] [sim_ndt]: Metrics -> Error: 0.00187884 (RMSE ~0.0433456 m) | Time: 20 ms | CovTrace: 0.555191 | Converged: True
[hdl_localization_node-13] [INFO] [1790453513.294848630] [sim_ndt]: scan points: raw=1334 downsampled=1112 (leaf=0.05 m)
[hdl_localization_node-13] [INFO] [1790453513.300704022] [sim_ndt]: Metrics -> Error: 0.00192919 (RMSE ~0.0439225 m) | Time: 0 ms | CovTrace: 0.555192 | Converged: True
[hdl_localization_node-13] [WARN] [1790453513.308230294] [sim_ndt]: Point-LIO odometry unavailable or stale for /localization/odometry twist; publishing zero twist
[hdl_localization_node-13] [INFO] [1790453513.509669740] [sim_ndt]: scan points: raw=1335 downsampled=1119 (leaf=0.05 m)
[hdl_localization_node-13] [INFO] [1790453513.517813645] [sim_ndt]: Metrics -> Error: 0.0019836 (RMSE ~0.0445376 m) | Time: 0 ms | CovTrace: 0.555193 | Converged: True
[hdl_localization_node-13] [INFO] [1790453513.680955893] [sim_ndt]: scan points: raw=1336 downsampled=1084 (leaf=0.05 m)
[hdl_localization_node-13] [INFO] [1790453513.689660415] [sim_ndt]: Metrics -> Error: 0.00199109 (RMSE ~0.0446216 m) | Time: 10 ms | CovTrace: 0.555195 | Converged: True
[hdl_localization_node-13] [INFO] [1790453513.895618870] [sim_ndt]: scan points: raw=1337 downsampled=1073 (leaf=0.05 m)
[hdl_localization_node-13] [INFO] [1790453513.906153555] [sim_ndt]: Metrics -> Error: 0.00197149 (RMSE ~0.0444015 m) | Time: 0 ms | CovTrace: 0.555196 | Converged: True
[hdl_localization_node-13] [INFO] [1790453514.076293466] [sim_ndt]: scan points: raw=1337 downsampled=1171 (leaf=0.05 m)
[hdl_localization_node-13] [INFO] [1790453514.092404701] [sim_ndt]: Metrics -> Error: 0.00203329 (RMSE ~0.045092 m) | Time: 10 ms | CovTrace: 0.555197 | Converged: True
[hdl_localization_node-13] [INFO] [1790453514.276705236] [sim_ndt]: scan points: raw=1339 downsampled=1095 (leaf=0.05 m)
[hdl_localization_node-13] [INFO] [1790453514.282514849] [sim_ndt]: Metrics -> Error: 0.00203234 (RMSE ~0.0450815 m) | Time: 0 ms | CovTrace: 0.555198 | Converged: True
[hdl_localization_node-13] [INFO] [1790453514.487432999] [sim_ndt]: scan points: raw=1337 downsampled=1147 (leaf=0.05 m)
[hdl_localization_node-13] [INFO] [1790453514.498607006] [sim_ndt]: Metrics -> Error: 0.00205432 (RMSE ~0.0453246 m) | Time: 0 ms | CovTrace: 0.5552 | Converged: True
[hdl_localization_node-13] [INFO] [1790453514.674807519] [sim_ndt]: scan points: raw=1342 downsampled=1093 (leaf=0.05 m)
[hdl_localization_node-13] [INFO] [1790453514.682155661] [sim_ndt]: Metrics -> Error: 0.00212537 (RMSE ~0.0461017 m) | Time: 0 ms | CovTrace: 0.555201 | Converged: True
[hdl_localization_node-13] [INFO] [1790453514.872460443] [sim_ndt]: scan points: raw=1342 downsampled=1146 (leaf=0.05 m)
[hdl_localization_node-13] [INFO] [1790453514.892844640] [sim_ndt]: Metrics -> Error: 0.00213009 (RMSE ~0.0461529 m) | Time: 20 ms | CovTrace: 0.555202 | Converged: True
[hdl_localization_node-13] [INFO] [1790453515.084104310] [sim_ndt]: scan points: raw=1341 downsampled=1061 (leaf=0.05 m)
[hdl_localization_node-13] [INFO] [1790453515.096709616] [sim_ndt]: Metrics -> Error: 0.0020472 (RMSE ~0.045246 m) | Time: 0 ms | CovTrace: 0.555203 | Converged: True
[hdl_localization_node-13] [INFO] [1790453515.282180130] [sim_ndt]: scan points: raw=1339 downsampled=1113 (leaf=0.05 m)
[hdl_localization_node-13] [INFO] [1790453515.291539651] [sim_ndt]: Metrics -> Error: 0.00202498 (RMSE ~0.0449998 m) | Time: 10 ms | CovTrace: 0.555204 | Converged: True
[hdl_localization_node-13] [INFO] [1790453515.494553131] [sim_ndt]: scan points: raw=1343 downsampled=1073 (leaf=0.05 m)
[hdl_localization_node-13] [INFO] [1790453515.509322154] [sim_ndt]: Metrics -> Error: 0.00181208 (RMSE ~0.0425685 m) | Time: 0 ms | CovTrace: 0.555206 | Converged: True
[hdl_localization_node-13] [INFO] [1790453515.689552506] [sim_ndt]: scan points: raw=1342 downsampled=1108 (leaf=0.05 m)
[hdl_localization_node-13] [INFO] [1790453515.707728999] [sim_ndt]: Metrics -> Error: 0.00186809 (RMSE ~0.0432214 m) | Time: 10 ms | CovTrace: 0.555207 | Converged: True
[hdl_localization_node-13] [INFO] [1790453515.884252674] [sim_ndt]: scan points: raw=1344 downsampled=1090 (leaf=0.05 m)
[hdl_localization_node-13] [INFO] [1790453515.894971066] [sim_ndt]: Metrics -> Error: 0.00192716 (RMSE ~0.0438994 m) | Time: 0 ms | CovTrace: 0.555208 | Converged: True
[hdl_localization_node-13] [INFO] [1790453516.091648435] [sim_ndt]: scan points: raw=1343 downsampled=1047 (leaf=0.05 m)
[hdl_localization_node-13] [INFO] [1790453516.104661454] [sim_ndt]: Metrics -> Error: 0.00187964 (RMSE ~0.0433548 m) | Time: 10 ms | CovTrace: 0.555209 | Converged: True
[hdl_localization_node-13] [INFO] [1790453516.278695511] [sim_ndt]: scan points: raw=1342 downsampled=1144 (leaf=0.05 m)
[hdl_localization_node-13] [INFO] [1790453516.285173912] [sim_ndt]: Metrics -> Error: 0.00198731 (RMSE ~0.0445793 m) | Time: 0 ms | CovTrace: 0.55521 | Converged: True
[hdl_localization_node-13] [INFO] [1790453516.486927973] [sim_ndt]: scan points: raw=1343 downsampled=1151 (leaf=0.05 m)
[hdl_localization_node-13] [INFO] [1790453516.496443753] [sim_ndt]: Metrics -> Error: 0.00212424 (RMSE ~0.0460894 m) | Time: 0 ms | CovTrace: 0.555212 | Converged: True
[hdl_localization_node-13] [INFO] [1790453516.679496438] [sim_ndt]: scan points: raw=1344 downsampled=1116 (leaf=0.05 m)
[hdl_localization_node-13] [INFO] [1790453516.699340814] [sim_ndt]: Metrics -> Error: 0.00210278 (RMSE ~0.0458561 m) | Time: 20 ms | CovTrace: 0.555213 | Converged: True
[hdl_localization_node-13] [INFO] [1790453516.873994017] [sim_ndt]: scan points: raw=1343 downsampled=1125 (leaf=0.05 m)
[hdl_localization_node-13] [INFO] [1790453516.881297247] [sim_ndt]: Metrics -> Error: 0.00206274 (RMSE ~0.0454174 m) | Time: 0 ms | CovTrace: 0.555214 | Converged: True
[hdl_localization_node-13] [INFO] [1790453517.075950492] [sim_ndt]: scan points: raw=1342 downsampled=1048 (leaf=0.05 m)
[hdl_localization_node-13] [INFO] [1790453517.082779350] [sim_ndt]: Metrics -> Error: 0.00234122 (RMSE ~0.0483862 m) | Time: 0 ms | CovTrace: 0.555215 | Converged: True
[hdl_localization_node-13] [INFO] [1790453517.270111131] [sim_ndt]: scan points: raw=1341 downsampled=1081 (leaf=0.05 m)
[hdl_localization_node-13] [INFO] [1790453517.291865111] [sim_ndt]: Metrics -> Error: 0.00265092 (RMSE ~0.0514871 m) | Time: 20 ms | CovTrace: 0.555216 | Converged: True
[hdl_localization_node-13] [INFO] [1790453517.487968697] [sim_ndt]: scan points: raw=1342 downsampled=1112 (leaf=0.05 m)
[hdl_localization_node-13] [INFO] [1790453517.505761866] [sim_ndt]: Metrics -> Error: 0.00274162 (RMSE ~0.0523605 m) | Time: 0 ms | CovTrace: 0.555218 | Converged: True
[hdl_localization_node-13] [INFO] [1790453517.692662387] [sim_ndt]: scan points: raw=1342 downsampled=1106 (leaf=0.05 m)
[hdl_localization_node-13] [INFO] [1790453517.698325799] [sim_ndt]: Metrics -> Error: 0.00298494 (RMSE ~0.0546346 m) | Time: 10 ms | CovTrace: 0.555219 | Converged: True
[trajectory_tracking_node-9] [WARN] [1790453517.706129517] [trajectory_tracking]: RM_GridMap predicted-path replan requested: collision_samples=0 trajectory_age=5.17
[trajectory_generator_node-7] [Manager REPLAN]  cur position point (X, Y) = (-6.044615, -0.887845), target point (X, Y) = (-3.219000, 2.146000)
[trajectory_generator_node-7] [Manager REPLAN] target_temp (X, Y) = (-3.219000, 2.146000)
[trajectory_generator_node-7] [Manager REPLAN] path safe & target unchanged, re-anchoring from cur pos
[trajectory_generator_node-7] [LBFGS] search direction d: -0.000195439 -0.000159769    6.024e-05 -0.000380758  -0.00427362 -0.000791672 -1.25271e-05  1.28206e-05 -3.77588e-06    6.051e-07 -1.91933e-05 -0.000149637  7.12423e-05   0.00455461 -0.000317043 -0.000678068 -3.37501e-05 -0.000214951  -0.00270076 -0.000229976  0.000244823 -0.000227263  0.000167545 -0.000209295  0.000384106 -0.000189534  0.000129207  0.000347193   0.00152346 -0.000476973   0.00200601  3.82592e-05  0.000702178 -3.94211e-05 -2.08479e-05  6.03289e-05 -3.17345e-05  1.41584e-05  2.19494e-06 -4.26617e-06  0.000203788  -0.00042363   0.00674122
[trajectory_generator_node-7] [Smooth Optimize] MINCO reaches max evaluations: Line search reaches the maximum try number, assumptions not satisfied or precision not achievable.
[trajectory_generator_node-7] [Smooth Optimize] MINCO: cost=2.8 total_T=14.734(init 14.685) max_drift=0.200 max_vel=0.5 segs=15
[trajectory_generator_node-7] [Smooth Resample] resample
[trajectory_generator_node-7] [Smooth Resample] 16 -> 9 waypoints, 8 time segs, max_turn=37.1 deg
[trajectory_generator_node-7] [Reference] path size : 9
[trajectory_generator_node-7] [Reference] solvePolyMatrix ENTER: N=8, path_size=9, trap_time_size=8
[trajectory_generator_node-7] [Reference]   path[0]=(-6.0446,-0.8878) path[1]=(-6.0779,-0.2898) t[0]=2.005477 state_vel=(-0.2751,0.2286)
[trajectory_generator_node-7] [Reference] banded solve done. b[0]=0.378059 b[N]=-0.883746 b2[0]=0.142374 b2[N]=-0.244331
[trajectory_generator_node-7] [Reference] solvePolyMatrix EXIT: polyX[0]=[-0.029990 0.189029 -0.275081 -6.044615]
[trajectory_generator_node-7] [Reference] solvePolyMatrix ENTER: N=8, path_size=9, trap_time_size=8
[trajectory_generator_node-7] [Reference]   path[0]=(-6.0446,-0.8878) path[1]=(-6.0779,-0.2898) t[0]=2.206025 state_vel=(-0.2751,0.2286)
[trajectory_generator_node-7] [Reference] banded solve done. b[0]=0.355034 b[N]=-0.733777 b2[0]=0.086922 b2[N]=-0.204516
[trajectory_generator_node-7] [Reference] solvePolyMatrix EXIT: polyX[0]=[-0.027046 0.177517 -0.275081 -6.044615]
[trajectory_generator_node-7] [Reference] solvePolyMatrix ENTER: N=8, path_size=9, trap_time_size=8
[trajectory_generator_node-7] [Reference]   path[0]=(-6.0446,-0.8878) path[1]=(-6.0779,-0.2898) t[0]=2.426628 state_vel=(-0.2751,0.2286)
[trajectory_generator_node-7] [Reference] banded solve done. b[0]=0.332353 b[N]=-0.609802 b2[0]=0.044030 b2[N]=-0.171666
[trajectory_generator_node-7] [Reference] solvePolyMatrix EXIT: polyX[0]=[-0.024096 0.166177 -0.275081 -6.044615]
[trajectory_generator_node-7] [Reference] solvePolyMatrix ENTER: N=8, path_size=9, trap_time_size=8
[trajectory_generator_node-7] [Reference]   path[0]=(-6.0446,-0.8878) path[1]=(-6.0779,-0.2898) t[0]=2.426628 state_vel=(-0.2751,0.2286)
[trajectory_generator_node-7] [Reference] banded solve done. b[0]=0.332346 b[N]=-0.507283 b2[0]=0.044019 b2[N]=-0.144536
[trajectory_generator_node-7] [Reference] solvePolyMatrix EXIT: polyX[0]=[-0.024095 0.166173 -0.275081 -6.044615]
[trajectory_generator_node-7] [Reference] solvePolyMatrix ENTER: N=8, path_size=9, trap_time_size=8
[trajectory_generator_node-7] [Reference]   path[0]=(-6.0446,-0.8878) path[1]=(-6.0779,-0.2898) t[0]=2.426628 state_vel=(-0.2751,0.2286)
[trajectory_generator_node-7] [Reference] banded solve done. b[0]=0.332340 b[N]=-0.422459 b2[0]=0.044010 b2[N]=-0.122088
[trajectory_generator_node-7] [Reference] solvePolyMatrix EXIT: polyX[0]=[-0.024093 0.166170 -0.275081 -6.044615]
[trajectory_generator_node-7] [Reference] solvePolyMatrix ENTER: N=8, path_size=9, trap_time_size=8
[trajectory_generator_node-7] [Reference]   path[0]=(-6.0446,-0.8878) path[1]=(-6.0779,-0.2898) t[0]=2.426628 state_vel=(-0.2751,0.2286)
[trajectory_generator_node-7] [Reference] banded solve done. b[0]=0.332336 b[N]=-0.352238 b2[0]=0.044003 b2[N]=-0.103479
[trajectory_generator_node-7] [Reference] solvePolyMatrix EXIT: polyX[0]=[-0.024092 0.166168 -0.275081 -6.044615]
[trajectory_generator_node-7] [Reference] solvePolyMatrix ENTER: N=8, path_size=9, trap_time_size=8
[trajectory_generator_node-7] [Reference]   path[0]=(-6.0446,-0.8878) path[1]=(-6.0779,-0.2898) t[0]=2.426628 state_vel=(-0.2751,0.2286)
[trajectory_generator_node-7] [Reference] banded solve done. b[0]=0.332332 b[N]=-0.294069 b2[0]=0.043997 b2[N]=-0.088019
[trajectory_generator_node-7] [Reference] solvePolyMatrix EXIT: polyX[0]=[-0.024092 0.166166 -0.275081 -6.044615]
[trajectory_generator_node-7] [INFO] [1790453517.740103335] [trajectory_generation]: FSM published 8 trajectory pieces
[hdl_localization_node-13] [INFO] [1790453517.898477754] [sim_ndt]: scan points: raw=1343 downsampled=1051 (leaf=0.05 m)
[hdl_localization_node-13] [INFO] [1790453517.913030338] [sim_ndt]: Metrics -> Error: 0.00285796 (RMSE ~0.0534598 m) | Time: 10 ms | CovTrace: 0.55522 | Converged: True
[hdl_localization_node-13] [INFO] [1790453518.089193685] [sim_ndt]: scan points: raw=1342 downsampled=1090 (leaf=0.05 m)
[hdl_localization_node-13] [INFO] [1790453518.099259091] [sim_ndt]: Metrics -> Error: 0.00317449 (RMSE ~0.0563426 m) | Time: 0 ms | CovTrace: 0.555221 | Converged: True
[hdl_localization_node-13] [INFO] [1790453518.272658437] [sim_ndt]: scan points: raw=1340 downsampled=1036 (leaf=0.05 m)
[hdl_localization_node-13] [INFO] [1790453518.286918732] [sim_ndt]: Metrics -> Error: 0.003125 (RMSE ~0.0559017 m) | Time: 20 ms | CovTrace: 0.555222 | Converged: True
[hdl_localization_node-13] [INFO] [1790453518.478437243] [sim_ndt]: scan points: raw=1336 downsampled=1072 (leaf=0.05 m)
[hdl_localization_node-13] [INFO] [1790453518.492862921] [sim_ndt]: Metrics -> Error: 0.0028986 (RMSE ~0.0538386 m) | Time: 10 ms | CovTrace: 0.555223 | Converged: True
[hdl_localization_node-13] [WARN] [1790453518.496532056] [sim_ndt]: Point-LIO odometry unavailable or stale for /localization/odometry twist; publishing zero twist
[hdl_localization_node-13] [INFO] [1790453518.671050058] [sim_ndt]: scan points: raw=1337 downsampled=1015 (leaf=0.05 m)
[hdl_localization_node-13] [INFO] [1790453518.701445765] [sim_ndt]: Metrics -> Error: 0.00292728 (RMSE ~0.0541043 m) | Time: 30 ms | CovTrace: 0.555225 | Converged: True
[hdl_localization_node-13] [INFO] [1790453518.891104507] [sim_ndt]: scan points: raw=1335 downsampled=1037 (leaf=0.05 m)
[hdl_localization_node-13] [INFO] [1790453518.900536069] [sim_ndt]: Metrics -> Error: 0.00274474 (RMSE ~0.0523903 m) | Time: 10 ms | CovTrace: 0.555226 | Converged: True
[hdl_localization_node-13] [INFO] [1790453519.077459545] [sim_ndt]: scan points: raw=1333 downsampled=1033 (leaf=0.05 m)
[hdl_localization_node-13] [INFO] [1790453519.091049241] [sim_ndt]: Metrics -> Error: 0.00257164 (RMSE ~0.0507113 m) | Time: 10 ms | CovTrace: 0.555227 | Converged: True
[hdl_localization_node-13] [INFO] [1790453519.269509394] [sim_ndt]: scan points: raw=1333 downsampled=1017 (leaf=0.05 m)
[hdl_localization_node-13] [INFO] [1790453519.274995196] [sim_ndt]: Metrics -> Error: 0.00274887 (RMSE ~0.0524297 m) | Time: 0 ms | CovTrace: 0.555228 | Converged: True
[hdl_localization_node-13] [INFO] [1790453519.474755295] [sim_ndt]: scan points: raw=1332 downsampled=1070 (leaf=0.05 m)
[hdl_localization_node-13] [INFO] [1790453519.487472839] [sim_ndt]: Metrics -> Error: 0.00264566 (RMSE ~0.0514359 m) | Time: 0 ms | CovTrace: 0.55523 | Converged: True
[hdl_localization_node-13] [INFO] [1790453519.692388692] [sim_ndt]: scan points: raw=1331 downsampled=1011 (leaf=0.05 m)
[hdl_localization_node-13] [INFO] [1790453519.701667542] [sim_ndt]: Metrics -> Error: 0.00254821 (RMSE ~0.0504798 m) | Time: 10 ms | CovTrace: 0.555231 | Converged: True
[hdl_localization_node-13] [INFO] [1790453519.878420674] [sim_ndt]: scan points: raw=1330 downsampled=998 (leaf=0.05 m)
[hdl_localization_node-13] [INFO] [1790453519.912523028] [sim_ndt]: Metrics -> Error: 0.00247369 (RMSE ~0.0497362 m) | Time: 30 ms | CovTrace: 0.555232 | Converged: True
[hdl_localization_node-13] [INFO] [1790453520.079930496] [sim_ndt]: scan points: raw=1332 downsampled=1048 (leaf=0.05 m)
[hdl_localization_node-13] [INFO] [1790453520.086377905] [sim_ndt]: Metrics -> Error: 0.00260265 (RMSE ~0.0510162 m) | Time: 10 ms | CovTrace: 0.555233 | Converged: True
[hdl_localization_node-13] [INFO] [1790453520.280709230] [sim_ndt]: scan points: raw=1336 downsampled=1062 (leaf=0.05 m)
[hdl_localization_node-13] [INFO] [1790453520.296412087] [sim_ndt]: Metrics -> Error: 0.00248779 (RMSE ~0.0498777 m) | Time: 10 ms | CovTrace: 0.555234 | Converged: True
[hdl_localization_node-13] [INFO] [1790453520.480809240] [sim_ndt]: scan points: raw=1341 downsampled=1071 (leaf=0.05 m)
[hdl_localization_node-13] [INFO] [1790453520.493640271] [sim_ndt]: Metrics -> Error: 0.00243282 (RMSE ~0.0493237 m) | Time: 10 ms | CovTrace: 0.555236 | Converged: True
[hdl_localization_node-13] [INFO] [1790453520.699590544] [sim_ndt]: scan points: raw=1343 downsampled=1055 (leaf=0.05 m)
[hdl_localization_node-13] [INFO] [1790453520.717470039] [sim_ndt]: Metrics -> Error: 0.00248065 (RMSE ~0.0498061 m) | Time: 10 ms | CovTrace: 0.555237 | Converged: True
[hdl_localization_node-13] [INFO] [1790453520.907345468] [sim_ndt]: scan points: raw=1345 downsampled=1085 (leaf=0.05 m)
[hdl_localization_node-13] [INFO] [1790453520.941475701] [sim_ndt]: Metrics -> Error: 0.00219867 (RMSE ~0.0468899 m) | Time: 20 ms | CovTrace: 0.555238 | Converged: True
[hdl_localization_node-13] [INFO] [1790453521.092806010] [sim_ndt]: scan points: raw=1344 downsampled=1092 (leaf=0.05 m)
[hdl_localization_node-13] [INFO] [1790453521.110604522] [sim_ndt]: Metrics -> Error: 0.00194506 (RMSE ~0.0441028 m) | Time: 10 ms | CovTrace: 0.555239 | Converged: True
[hdl_localization_node-13] [INFO] [1790453521.302463229] [sim_ndt]: scan points: raw=1342 downsampled=1092 (leaf=0.05 m)
[hdl_localization_node-13] [INFO] [1790453521.312044005] [sim_ndt]: Metrics -> Error: 0.00201879 (RMSE ~0.0449309 m) | Time: 10 ms | CovTrace: 0.55524 | Converged: True
[hdl_localization_node-13] [INFO] [1790453521.488008668] [sim_ndt]: scan points: raw=1347 downsampled=1077 (leaf=0.05 m)
[hdl_localization_node-13] [INFO] [1790453521.496237118] [sim_ndt]: Metrics -> Error: 0.0019928 (RMSE ~0.0446408 m) | Time: 0 ms | CovTrace: 0.555242 | Converged: True
[hdl_localization_node-13] [INFO] [1790453521.676477235] [sim_ndt]: scan points: raw=1349 downsampled=1027 (leaf=0.05 m)
[hdl_localization_node-13] [INFO] [1790453521.681918233] [sim_ndt]: Metrics -> Error: 0.0019177 (RMSE ~0.0437915 m) | Time: 10 ms | CovTrace: 0.555243 | Converged: True
[hdl_localization_node-13] [INFO] [1790453521.886965361] [sim_ndt]: scan points: raw=1349 downsampled=1045 (leaf=0.05 m)
[hdl_localization_node-13] [INFO] [1790453521.901326471] [sim_ndt]: Metrics -> Error: 0.00169482 (RMSE ~0.0411682 m) | Time: 10 ms | CovTrace: 0.555244 | Converged: True
[hdl_localization_node-13] [INFO] [1790453522.082185718] [sim_ndt]: scan points: raw=1349 downsampled=1061 (leaf=0.05 m)
[hdl_localization_node-13] [INFO] [1790453522.118673261] [sim_ndt]: Metrics -> Error: 0.00168601 (RMSE ~0.0410611 m) | Time: 30 ms | CovTrace: 0.555245 | Converged: True
[hdl_localization_node-13] [INFO] [1790453522.278636905] [sim_ndt]: scan points: raw=1351 downsampled=1059 (leaf=0.05 m)
[hdl_localization_node-13] [INFO] [1790453522.287658799] [sim_ndt]: Metrics -> Error: 0.0021311 (RMSE ~0.0461639 m) | Time: 0 ms | CovTrace: 0.555246 | Converged: True
[hdl_localization_node-13] [INFO] [1790453522.490325552] [sim_ndt]: scan points: raw=1345 downsampled=1055 (leaf=0.05 m)
[hdl_localization_node-13] [INFO] [1790453522.507525714] [sim_ndt]: Metrics -> Error: 0.0020685 (RMSE ~0.0454808 m) | Time: 10 ms | CovTrace: 0.555248 | Converged: True
[hdl_localization_node-13] [INFO] [1790453522.675823970] [sim_ndt]: scan points: raw=1344 downsampled=1024 (leaf=0.05 m)
[hdl_localization_node-13] [INFO] [1790453522.685447342] [sim_ndt]: Metrics -> Error: 0.00229507 (RMSE ~0.0479069 m) | Time: 0 ms | CovTrace: 0.555249 | Converged: True
[hdl_localization_node-13] [INFO] [1790453522.884523984] [sim_ndt]: scan points: raw=1343 downsampled=1093 (leaf=0.05 m)
[hdl_localization_node-13] [INFO] [1790453522.906535045] [sim_ndt]: Metrics -> Error: 0.00228164 (RMSE ~0.0477666 m) | Time: 10 ms | CovTrace: 0.55525 | Converged: True
[trajectory_tracking_node-9] [WARN] [1790453522.913452064] [trajectory_tracking]: RM_GridMap predicted-path replan requested: collision_samples=0 trajectory_age=5.14
[trajectory_generator_node-7] [Manager REPLAN]  cur position point (X, Y) = (-5.674561, 0.253472), target point (X, Y) = (-3.219000, 2.146000)
[trajectory_generator_node-7] [Manager REPLAN] target_temp (X, Y) = (-3.219000, 2.146000)
[trajectory_generator_node-7] [Manager REPLAN] path safe & target unchanged, re-anchoring from cur pos
[trajectory_generator_node-7] [LBFGS] search direction d:   -0.0021114  -0.00105933   0.00160081  -0.00210971   0.00254471  -0.00300182   0.00324838  -0.00244815 -0.000417947  -0.00122789   0.00366826  -0.00489316   0.00462232  -0.00317855   0.00120865  0.000862752   -0.0027764   0.00109986  -0.00478416  0.000304675 -0.000574201  0.000133107 -2.45682e-05 -1.96982e-05  0.000182886  -0.00083206   0.00157184   -0.0100971
[trajectory_generator_node-7] [Smooth Optimize] MINCO reaches max evaluations: Line search reaches the maximum try number, assumptions not satisfied or precision not achievable.
[trajectory_generator_node-7] [Smooth Optimize] MINCO: cost=0.1 total_T=11.336(init 10.334) max_drift=0.060 max_vel=0.3 segs=10
[trajectory_generator_node-7] [Smooth Resample] resample
[trajectory_generator_node-7] [Smooth Resample] 11 -> 6 waypoints, 5 time segs, max_turn=1.9 deg
[trajectory_generator_node-7] [Reference] path size : 6
[trajectory_generator_node-7] [Reference] solvePolyMatrix ENTER: N=5, path_size=6, trap_time_size=5
[trajectory_generator_node-7] [Reference]   path[0]=(-5.6746,0.2535) path[1]=(-5.2011,0.6179) t[0]=2.351260 state_vel=(0.1731,0.1917)
[trajectory_generator_node-7] [Reference] banded solve done. b[0]=0.028715 b[N]=-0.221955 b2[0]=-0.063920 b2[N]=-0.161286
[trajectory_generator_node-7] [Reference] solvePolyMatrix EXIT: polyX[0]=[-0.000991 0.014357 0.173072 -5.674561]
[trajectory_generator_node-7] [INFO] [1790453522.962002257] [trajectory_generation]: FSM published 5 trajectory pieces
[hdl_localization_node-13] [INFO] [1790453523.083968245] [sim_ndt]: scan points: raw=1340 downsampled=1068 (leaf=0.05 m)
[hdl_localization_node-13] [INFO] [1790453523.092234834] [sim_ndt]: Metrics -> Error: 0.00230558 (RMSE ~0.0480164 m) | Time: 0 ms | CovTrace: 0.555251 | Converged: True
[hdl_localization_node-13] [INFO] [1790453523.289604988] [sim_ndt]: scan points: raw=1343 downsampled=1107 (leaf=0.05 m)
[hdl_localization_node-13] [INFO] [1790453523.307849396] [sim_ndt]: Metrics -> Error: 0.00251665 (RMSE ~0.0501662 m) | Time: 10 ms | CovTrace: 0.555252 | Converged: True
[hdl_localization_node-13] [INFO] [1790453523.492015121] [sim_ndt]: scan points: raw=1339 downsampled=1093 (leaf=0.05 m)
[hdl_localization_node-13] [INFO] [1790453523.501873703] [sim_ndt]: Metrics -> Error: 0.00276314 (RMSE ~0.0525656 m) | Time: 10 ms | CovTrace: 0.555254 | Converged: True
[hdl_localization_node-13] [WARN] [1790453523.505344974] [sim_ndt]: Point-LIO odometry unavailable or stale for /localization/odometry twist; publishing zero twist
[hdl_localization_node-13] [INFO] [1790453523.694540544] [sim_ndt]: scan points: raw=1337 downsampled=1075 (leaf=0.05 m)
[hdl_localization_node-13] [INFO] [1790453523.705310781] [sim_ndt]: Metrics -> Error: 0.00278736 (RMSE ~0.0527955 m) | Time: 10 ms | CovTrace: 0.555255 | Converged: True
[hdl_localization_node-13] [INFO] [1790453523.893888756] [sim_ndt]: scan points: raw=1330 downsampled=1046 (leaf=0.05 m)
[hdl_localization_node-13] [INFO] [1790453523.911492985] [sim_ndt]: Metrics -> Error: 0.0028672 (RMSE ~0.0535463 m) | Time: 10 ms | CovTrace: 0.555256 | Converged: True
[hdl_localization_node-13] [INFO] [1790453524.102084961] [sim_ndt]: scan points: raw=1328 downsampled=1096 (leaf=0.05 m)
[hdl_localization_node-13] [INFO] [1790453524.110856864] [sim_ndt]: Metrics -> Error: 0.00252141 (RMSE ~0.0502137 m) | Time: 10 ms | CovTrace: 0.555257 | Converged: True
[hdl_localization_node-13] [INFO] [1790453524.295807031] [sim_ndt]: scan points: raw=1329 downsampled=1067 (leaf=0.05 m)
[hdl_localization_node-13] [INFO] [1790453524.304800696] [sim_ndt]: Metrics -> Error: 0.00258594 (RMSE ~0.0508521 m) | Time: 0 ms | CovTrace: 0.555258 | Converged: True
[hdl_localization_node-13] [INFO] [1790453524.485848568] [sim_ndt]: scan points: raw=1323 downsampled=1045 (leaf=0.05 m)
[hdl_localization_node-13] [INFO] [1790453524.498778701] [sim_ndt]: Metrics -> Error: 0.00234467 (RMSE ~0.0484218 m) | Time: 0 ms | CovTrace: 0.55526 | Converged: True
[hdl_localization_node-13] [INFO] [1790453524.696485461] [sim_ndt]: scan points: raw=1319 downsampled=1107 (leaf=0.05 m)
[hdl_localization_node-13] [INFO] [1790453524.704819300] [sim_ndt]: Metrics -> Error: 0.002315 (RMSE ~0.0481145 m) | Time: 10 ms | CovTrace: 0.555261 | Converged: True
[hdl_localization_node-13] [INFO] [1790453524.897478651] [sim_ndt]: scan points: raw=1316 downsampled=1022 (leaf=0.05 m)
[hdl_localization_node-13] [INFO] [1790453524.902556154] [sim_ndt]: Metrics -> Error: 0.00227076 (RMSE ~0.0476525 m) | Time: 0 ms | CovTrace: 0.555262 | Converged: True
[hdl_localization_node-13] [INFO] [1790453525.092436520] [sim_ndt]: scan points: raw=1311 downsampled=1035 (leaf=0.05 m)
[hdl_localization_node-13] [INFO] [1790453525.099859343] [sim_ndt]: Metrics -> Error: 0.00227385 (RMSE ~0.0476849 m) | Time: 0 ms | CovTrace: 0.555263 | Converged: True
[hdl_localization_node-13] [INFO] [1790453525.301905307] [sim_ndt]: scan points: raw=1303 downsampled=1028 (leaf=0.05 m)
[hdl_localization_node-13] [INFO] [1790453525.311386738] [sim_ndt]: Metrics -> Error: 0.00238666 (RMSE ~0.0488534 m) | Time: 10 ms | CovTrace: 0.555264 | Converged: True
[hdl_localization_node-13] [INFO] [1790453525.486633827] [sim_ndt]: scan points: raw=1302 downsampled=1013 (leaf=0.05 m)
[hdl_localization_node-13] [INFO] [1790453525.492286481] [sim_ndt]: Metrics -> Error: 0.00207092 (RMSE ~0.0455074 m) | Time: 0 ms | CovTrace: 0.555266 | Converged: True
[hdl_localization_node-13] [INFO] [1790453525.694159027] [sim_ndt]: scan points: raw=1296 downsampled=1094 (leaf=0.05 m)
[hdl_localization_node-13] [INFO] [1790453525.701034952] [sim_ndt]: Metrics -> Error: 0.00213063 (RMSE ~0.0461587 m) | Time: 10 ms | CovTrace: 0.555267 | Converged: True
[hdl_localization_node-13] [INFO] [1790453525.886531645] [sim_ndt]: scan points: raw=1295 downsampled=1065 (leaf=0.05 m)
[hdl_localization_node-13] [INFO] [1790453525.895806110] [sim_ndt]: Metrics -> Error: 0.00190284 (RMSE ~0.0436215 m) | Time: 0 ms | CovTrace: 0.555268 | Converged: True
[hdl_localization_node-13] [INFO] [1790453526.091614155] [sim_ndt]: scan points: raw=1295 downsampled=1017 (leaf=0.05 m)
[hdl_localization_node-13] [INFO] [1790453526.100312289] [sim_ndt]: Metrics -> Error: 0.00176055 (RMSE ~0.0419589 m) | Time: 10 ms | CovTrace: 0.555269 | Converged: True
[hdl_localization_node-13] [INFO] [1790453526.290525150] [sim_ndt]: scan points: raw=1288 downsampled=1048 (leaf=0.05 m)
[hdl_localization_node-13] [INFO] [1790453526.301825095] [sim_ndt]: Metrics -> Error: 0.00207553 (RMSE ~0.045558 m) | Time: 10 ms | CovTrace: 0.55527 | Converged: True
[hdl_localization_node-13] [INFO] [1790453526.496452630] [sim_ndt]: scan points: raw=1287 downsampled=1051 (leaf=0.05 m)
[hdl_localization_node-13] [INFO] [1790453526.519862384] [sim_ndt]: Metrics -> Error: 0.00201349 (RMSE ~0.0448719 m) | Time: 10 ms | CovTrace: 0.555272 | Converged: True
[hdl_localization_node-13] [INFO] [1790453526.693467148] [sim_ndt]: scan points: raw=1289 downsampled=1005 (leaf=0.05 m)
[hdl_localization_node-13] [INFO] [1790453526.706399387] [sim_ndt]: Metrics -> Error: 0.00175195 (RMSE ~0.0418563 m) | Time: 0 ms | CovTrace: 0.555273 | Converged: True
[hdl_localization_node-13] [INFO] [1790453526.888541074] [sim_ndt]: scan points: raw=1291 downsampled=1067 (leaf=0.05 m)
[hdl_localization_node-13] [INFO] [1790453526.900110079] [sim_ndt]: Metrics -> Error: 0.00191812 (RMSE ~0.0437964 m) | Time: 0 ms | CovTrace: 0.555274 | Converged: True
[hdl_localization_node-13] [INFO] [1790453527.086628771] [sim_ndt]: scan points: raw=1291 downsampled=1097 (leaf=0.05 m)
[hdl_localization_node-13] [INFO] [1790453527.101151624] [sim_ndt]: Metrics -> Error: 0.00195852 (RMSE ~0.0442551 m) | Time: 10 ms | CovTrace: 0.555275 | Converged: True
[hdl_localization_node-13] [INFO] [1790453527.302302179] [sim_ndt]: scan points: raw=1291 downsampled=1033 (leaf=0.05 m)
[hdl_localization_node-13] [INFO] [1790453527.319875286] [sim_ndt]: Metrics -> Error: 0.00165331 (RMSE ~0.040661 m) | Time: 10 ms | CovTrace: 0.555277 | Converged: True
[hdl_localization_node-13] [INFO] [1790453527.502999774] [sim_ndt]: scan points: raw=1289 downsampled=1007 (leaf=0.05 m)
[hdl_localization_node-13] [INFO] [1790453527.512510858] [sim_ndt]: Metrics -> Error: 0.00174267 (RMSE ~0.0417453 m) | Time: 10 ms | CovTrace: 0.555278 | Converged: True
[hdl_localization_node-13] [INFO] [1790453527.690443380] [sim_ndt]: scan points: raw=1291 downsampled=1047 (leaf=0.05 m)
[hdl_localization_node-13] [INFO] [1790453527.727297499] [sim_ndt]: Metrics -> Error: 0.00169521 (RMSE ~0.0411729 m) | Time: 30 ms | CovTrace: 0.555279 | Converged: True
[hdl_localization_node-13] [INFO] [1790453527.889036883] [sim_ndt]: scan points: raw=1291 downsampled=1077 (leaf=0.05 m)
[hdl_localization_node-13] [INFO] [1790453527.904817131] [sim_ndt]: Metrics -> Error: 0.00174392 (RMSE ~0.0417602 m) | Time: 10 ms | CovTrace: 0.55528 | Converged: True
[hdl_localization_node-13] [INFO] [1790453528.106111014] [sim_ndt]: scan points: raw=1289 downsampled=1049 (leaf=0.05 m)
[hdl_localization_node-13] [INFO] [1790453528.132583284] [sim_ndt]: Metrics -> Error: 0.00195123 (RMSE ~0.0441727 m) | Time: 20 ms | CovTrace: 0.555281 | Converged: True
[trajectory_tracking_node-9] [WARN] [1790453528.160749592] [trajectory_tracking]: RM_GridMap predicted-path replan requested: collision_samples=0 trajectory_age=5.18
[trajectory_generator_node-7] [Manager REPLAN]  cur position point (X, Y) = (-4.569995, 1.125862), target point (X, Y) = (-3.219000, 2.146000)
[trajectory_generator_node-7] [Manager REPLAN] target_temp (X, Y) = (-3.219000, 2.146000)
[trajectory_generator_node-7] [Manager REPLAN] robot 1.41m from path, full replan
[trajectory_generator_node-7] [Manager] start point, (x, y): (-4.57, 1.13)
[trajectory_generator_node-7] [Manager] receive target, (x, y): (-3.22, 2.15)
[hdl_localization_node-13] [INFO] [1790453528.289946510] [sim_ndt]: scan points: raw=1294 downsampled=1017 (leaf=0.05 m)
[hdl_localization_node-13] [INFO] [1790453528.322739939] [sim_ndt]: Metrics -> Error: 0.00178383 (RMSE ~0.0422354 m) | Time: 30 ms | CovTrace: 0.555283 | Converged: True
[trajectory_generator_node-7] [Topo]: m_graph before num: 1605
[hdl_localization_node-13] [INFO] [1790453528.497910485] [sim_ndt]: scan points: raw=1298 downsampled=1019 (leaf=0.05 m)
[hdl_localization_node-13] [INFO] [1790453528.509718481] [sim_ndt]: Metrics -> Error: 0.0018875 (RMSE ~0.0434454 m) | Time: 0 ms | CovTrace: 0.555284 | Converged: True
[hdl_localization_node-13] [WARN] [1790453528.515760859] [sim_ndt]: Point-LIO odometry unavailable or stale for /localization/odometry twist; publishing zero twist
[hdl_localization_node-13] [INFO] [1790453528.692739346] [sim_ndt]: scan points: raw=1306 downsampled=1060 (leaf=0.05 m)
[hdl_localization_node-13] [INFO] [1790453528.714149500] [sim_ndt]: Metrics -> Error: 0.00186541 (RMSE ~0.0431904 m) | Time: 20 ms | CovTrace: 0.555285 | Converged: True
[trajectory_generator_node-7] [Topo]: dijkstra time: 0.028075
[trajectory_generator_node-7] [Topo]: topo search time: 0.537453
[trajectory_generator_node-7] [Topo]: m_graph num: 2548
[trajectory_generator_node-7] [DIAG] origin_path (Dijkstra) size: 2
[trajectory_generator_node-7] [DIAG]   origin[0]: (-4.570, 1.126, 0.015)
[trajectory_generator_node-7] [DIAG]   origin[1]: (-3.219, 2.146, 0.015)
[trajectory_generator_node-7] [DIAG] lineVisib(start→end DIRECT): TRUE(!!)  colli=(-4.57,1.13)
[trajectory_generator_node-7] [DIAG] direct line: 33 steps, 0 wall cells
[trajectory_generator_node-7] [smoothTopoPath] INPUT size=2
[trajectory_generator_node-7] [smoothTopoPath]   in[0]: (-4.570, 1.126, 0.015)
[trajectory_generator_node-7] [smoothTopoPath]   in[1]: (-3.219, 2.146, 0.015)
[trajectory_generator_node-7] [smoothTopoPath] lineVisib(start→end): TRUE(!)  colli=(0.00,0.00)
[trajectory_generator_node-7] [smoothTopoPath] OUTPUT size=2, iter_count=1
[trajectory_generator_node-7] [smoothTopoPath]   out[0]: (-4.570, 1.126, 0.015)
[trajectory_generator_node-7] [smoothTopoPath]   out[1]: (-3.219, 2.146, 0.015)
[trajectory_generator_node-7] [DIAG] optimized_path (smoothTopoPath) size: 2
[trajectory_generator_node-7] [DIAG]   opt[0]: (-4.570, 1.126, 0.015)
[trajectory_generator_node-7] [DIAG]   opt[1]: (-3.219, 2.146, 0.015)
[trajectory_generator_node-7] optimized_path size: 2
[trajectory_generator_node-7] [Manager] reference_speed: (0.30)
[trajectory_generator_node-7] [LBFGS] search direction d:  0.000133193  9.28034e-05   0.00134235  0.000987665  0.000112932  2.71075e-05  -7.9184e-05 -0.000800579   0.00105615   0.00013685  0.000283637 -7.08171e-05  0.000159619   0.00104299  -0.00139072    0.0583151
[trajectory_generator_node-7] [Smooth Optimize] MINCO reaches max evaluations: Line search reaches the maximum try number, assumptions not satisfied or precision not achievable.
[trajectory_generator_node-7] [Smooth Optimize] MINCO: cost=0.1 total_T=6.832(init 5.643) max_drift=0.043 max_vel=0.3 segs=6
[trajectory_generator_node-7] [Smooth Resample] resample
[trajectory_generator_node-7] [Smooth Resample] 7 -> 4 waypoints, 3 time segs, max_turn=4.8 deg
[trajectory_generator_node-7] [Manager] optimizer generate time: 0.000702
[trajectory_generator_node-7] [Reference] path size : 4
[trajectory_generator_node-7] [Reference] solvePolyMatrix ENTER: N=3, path_size=4, trap_time_size=3
[trajectory_generator_node-7] [Reference]   path[0]=(-4.5700,1.1259) path[1]=(-4.0901,1.4875) t[0]=2.003816 state_vel=(0.2293,0.1902)
[trajectory_generator_node-7] [Reference] banded solve done. b[0]=0.022383 b[N]=-0.155943 b2[0]=-0.023290 b2[N]=-0.092761
[trajectory_generator_node-7] [Reference] solvePolyMatrix EXIT: polyX[0]=[-0.003046 0.011192 0.229298 -4.569995]
[trajectory_generator_node-7] [INFO] [1790453528.720355181] [trajectory_generation]: FSM published 3 trajectory pieces
[hdl_localization_node-13] [INFO] [1790453528.906010248] [sim_ndt]: scan points: raw=1313 downsampled=1024 (leaf=0.05 m)
[hdl_localization_node-13] [INFO] [1790453528.917220471] [sim_ndt]: Metrics -> Error: 0.00164823 (RMSE ~0.0405984 m) | Time: 0 ms | CovTrace: 0.555286 | Converged: True
[hdl_localization_node-13] [INFO] [1790453529.101846468] [sim_ndt]: scan points: raw=1314 downsampled=1082 (leaf=0.05 m)
[hdl_localization_node-13] [INFO] [1790453529.112244963] [sim_ndt]: Metrics -> Error: 0.00172537 (RMSE ~0.0415376 m) | Time: 10 ms | CovTrace: 0.555287 | Converged: True
[hdl_localization_node-13] [INFO] [1790453529.302509185] [sim_ndt]: scan points: raw=1324 downsampled=1032 (leaf=0.05 m)
[hdl_localization_node-13] [INFO] [1790453529.315766314] [sim_ndt]: Metrics -> Error: 0.00171034 (RMSE ~0.0413563 m) | Time: 10 ms | CovTrace: 0.555289 | Converged: True
[hdl_localization_node-13] [INFO] [1790453529.501733269] [sim_ndt]: scan points: raw=1328 downsampled=1090 (leaf=0.05 m)
[hdl_localization_node-13] [INFO] [1790453529.509812313] [sim_ndt]: Metrics -> Error: 0.00178366 (RMSE ~0.0422334 m) | Time: 0 ms | CovTrace: 0.55529 | Converged: True
[hdl_localization_node-13] [INFO] [1790453529.681570064] [sim_ndt]: scan points: raw=1335 downsampled=1055 (leaf=0.05 m)
[hdl_localization_node-13] [INFO] [1790453529.692236939] [sim_ndt]: Metrics -> Error: 0.00153644 (RMSE ~0.0391975 m) | Time: 10 ms | CovTrace: 0.555291 | Converged: True
[hdl_localization_node-13] [INFO] [1790453529.906190669] [sim_ndt]: scan points: raw=1338 downsampled=1066 (leaf=0.05 m)
[hdl_localization_node-13] [INFO] [1790453529.911488614] [sim_ndt]: Metrics -> Error: 0.00187511 (RMSE ~0.0433025 m) | Time: 0 ms | CovTrace: 0.555292 | Converged: True
[hdl_localization_node-13] [INFO] [1790453530.083052779] [sim_ndt]: scan points: raw=1340 downsampled=1044 (leaf=0.05 m)
[hdl_localization_node-13] [INFO] [1790453530.090152563] [sim_ndt]: Metrics -> Error: 0.00177471 (RMSE ~0.0421273 m) | Time: 10 ms | CovTrace: 0.555293 | Converged: True
[hdl_localization_node-13] [INFO] [1790453530.298322155] [sim_ndt]: scan points: raw=1342 downsampled=1086 (leaf=0.05 m)
[hdl_localization_node-13] [INFO] [1790453530.305093648] [sim_ndt]: Metrics -> Error: 0.00194591 (RMSE ~0.0441125 m) | Time: 0 ms | CovTrace: 0.555295 | Converged: True
[hdl_localization_node-13] [INFO] [1790453530.490273089] [sim_ndt]: scan points: raw=1350 downsampled=1018 (leaf=0.05 m)
[hdl_localization_node-13] [INFO] [1790453530.494315495] [sim_ndt]: Metrics -> Error: 0.00205636 (RMSE ~0.0453471 m) | Time: 0 ms | CovTrace: 0.555296 | Converged: True
[hdl_localization_node-13] [INFO] [1790453530.714613034] [sim_ndt]: scan points: raw=1347 downsampled=1085 (leaf=0.05 m)
[hdl_localization_node-13] [INFO] [1790453530.725611955] [sim_ndt]: Metrics -> Error: 0.00183005 (RMSE ~0.0427791 m) | Time: 0 ms | CovTrace: 0.555297 | Converged: True
[hdl_localization_node-13] [INFO] [1790453530.905979586] [sim_ndt]: scan points: raw=1348 downsampled=1132 (leaf=0.05 m)
[hdl_localization_node-13] [INFO] [1790453530.913954296] [sim_ndt]: Metrics -> Error: 0.0017274 (RMSE ~0.041562 m) | Time: 0 ms | CovTrace: 0.555298 | Converged: True
[hdl_localization_node-13] [INFO] [1790453531.111022687] [sim_ndt]: scan points: raw=1355 downsampled=1053 (leaf=0.05 m)
[hdl_localization_node-13] [INFO] [1790453531.121088704] [sim_ndt]: Metrics -> Error: 0.00165525 (RMSE ~0.0406848 m) | Time: 10 ms | CovTrace: 0.555299 | Converged: True
[hdl_localization_node-13] [INFO] [1790453531.298037070] [sim_ndt]: scan points: raw=1356 downsampled=1068 (leaf=0.05 m)
[hdl_localization_node-13] [INFO] [1790453531.312126816] [sim_ndt]: Metrics -> Error: 0.00190364 (RMSE ~0.0436307 m) | Time: 0 ms | CovTrace: 0.555301 | Converged: True
[hdl_localization_node-13] [INFO] [1790453531.485236947] [sim_ndt]: scan points: raw=1358 downsampled=1064 (leaf=0.05 m)
[hdl_localization_node-13] [INFO] [1790453531.494803398] [sim_ndt]: Metrics -> Error: 0.00196736 (RMSE ~0.0443549 m) | Time: 10 ms | CovTrace: 0.555302 | Converged: True
[hdl_localization_node-13] [INFO] [1790453531.680767771] [sim_ndt]: scan points: raw=1356 downsampled=1058 (leaf=0.05 m)
[hdl_localization_node-13] [INFO] [1790453531.688602319] [sim_ndt]: Metrics -> Error: 0.00177604 (RMSE ~0.0421431 m) | Time: 10 ms | CovTrace: 0.555303 | Converged: True
[hdl_localization_node-13] [INFO] [1790453531.892178041] [sim_ndt]: scan points: raw=1360 downsampled=1019 (leaf=0.05 m)
[hdl_localization_node-13] [INFO] [1790453531.908130356] [sim_ndt]: Metrics -> Error: 0.00163155 (RMSE ~0.0403924 m) | Time: 10 ms | CovTrace: 0.555304 | Converged: True
[hdl_localization_node-13] [INFO] [1790453532.085095375] [sim_ndt]: scan points: raw=1361 downsampled=1087 (leaf=0.05 m)
[hdl_localization_node-13] [INFO] [1790453532.091668172] [sim_ndt]: Metrics -> Error: 0.00163166 (RMSE ~0.0403938 m) | Time: 0 ms | CovTrace: 0.555305 | Converged: True
[hdl_localization_node-13] [INFO] [1790453532.287177867] [sim_ndt]: scan points: raw=1360 downsampled=1116 (leaf=0.05 m)
[hdl_localization_node-13] [INFO] [1790453532.295755949] [sim_ndt]: Metrics -> Error: 0.00176946 (RMSE ~0.0420649 m) | Time: 0 ms | CovTrace: 0.555307 | Converged: True
[hdl_localization_node-13] [INFO] [1790453532.490492136] [sim_ndt]: scan points: raw=1358 downsampled=1142 (leaf=0.05 m)
[hdl_localization_node-13] [INFO] [1790453532.501933117] [sim_ndt]: Metrics -> Error: 0.00170652 (RMSE ~0.04131 m) | Time: 0 ms | CovTrace: 0.555308 | Converged: True
[hdl_localization_node-13] [INFO] [1790453532.719291418] [sim_ndt]: scan points: raw=1357 downsampled=1097 (leaf=0.05 m)
[hdl_localization_node-13] [INFO] [1790453532.744896492] [sim_ndt]: Metrics -> Error: 0.00169333 (RMSE ~0.0411501 m) | Time: 10 ms | CovTrace: 0.555309 | Converged: True
[hdl_localization_node-13] [INFO] [1790453532.891195996] [sim_ndt]: scan points: raw=1357 downsampled=1119 (leaf=0.05 m)
[hdl_localization_node-13] [INFO] [1790453532.931620731] [sim_ndt]: Metrics -> Error: 0.00157333 (RMSE ~0.0396652 m) | Time: 40 ms | CovTrace: 0.55531 | Converged: True
[hdl_localization_node-13] [INFO] [1790453533.100201046] [sim_ndt]: scan points: raw=1354 downsampled=1114 (leaf=0.05 m)
[hdl_localization_node-13] [INFO] [1790453533.112089036] [sim_ndt]: Metrics -> Error: 0.00186691 (RMSE ~0.0432078 m) | Time: 10 ms | CovTrace: 0.555312 | Converged: True
[hdl_localization_node-13] [INFO] [1790453533.290610009] [sim_ndt]: scan points: raw=1357 downsampled=1031 (leaf=0.05 m)
[hdl_localization_node-13] [INFO] [1790453533.306766265] [sim_ndt]: Metrics -> Error: 0.001716 (RMSE ~0.0414247 m) | Time: 10 ms | CovTrace: 0.555313 | Converged: True
[hdl_localization_node-13] [INFO] [1790453533.490523453] [sim_ndt]: scan points: raw=1351 downsampled=1055 (leaf=0.05 m)
[hdl_localization_node-13] [INFO] [1790453533.501532550] [sim_ndt]: Metrics -> Error: 0.0016814 (RMSE ~0.0410048 m) | Time: 0 ms | CovTrace: 0.555314 | Converged: True
[hdl_localization_node-13] [INFO] [1790453533.692431314] [sim_ndt]: scan points: raw=1351 downsampled=1107 (leaf=0.05 m)
[hdl_localization_node-13] [INFO] [1790453533.713427218] [sim_ndt]: Metrics -> Error: 0.00168656 (RMSE ~0.0410678 m) | Time: 20 ms | CovTrace: 0.555315 | Converged: True
[hdl_localization_node-13] [WARN] [1790453533.717103646] [sim_ndt]: Point-LIO odometry unavailable or stale for /localization/odometry twist; publishing zero twist
[hdl_localization_node-13] [INFO] [1790453533.887660127] [sim_ndt]: scan points: raw=1351 downsampled=1103 (leaf=0.05 m)
[hdl_localization_node-13] [INFO] [1790453533.897871032] [sim_ndt]: Metrics -> Error: 0.00145538 (RMSE ~0.0381495 m) | Time: 0 ms | CovTrace: 0.555316 | Converged: True
[trajectory_tracking_node-9] [WARN] [1790453533.916841949] [trajectory_tracking]: RM_GridMap predicted-path replan requested: collision_samples=0 trajectory_age=5.19
[trajectory_generator_node-7] [Manager REPLAN]  cur position point (X, Y) = (-3.387819, 2.057974), target point (X, Y) = (-3.219000, 2.146000)
[trajectory_generator_node-7] [Manager REPLAN] target_temp (X, Y) = (-3.219000, 2.146000)
[trajectory_generator_node-7] [Manager REPLAN] path safe & target unchanged, re-anchoring from cur pos
[trajectory_generator_node-7] [Smooth Path] path.size()<3, No need to optimize
[trajectory_generator_node-7] [Smooth Path] path.size()<3, No need to optimize
[trajectory_generator_node-7] [Smooth Resample] resample
[trajectory_generator_node-7] [Smooth Resample] path too short (2 pts), keeping all
[trajectory_generator_node-7] [Reference] path size : 2
[trajectory_generator_node-7] [Reference] path_length: 0.190390
[trajectory_generator_node-7] [Reference] solvePolyMatrix ENTER: N=1, path_size=2, trap_time_size=1
[trajectory_generator_node-7] [Reference]   path[0]=(-3.3878,2.0580) path[1]=(-3.2190,2.1460) t[0]=1.000000 state_vel=(0.2185,0.1490)
[trajectory_generator_node-7] [Reference] banded solve done. b[0]=0.138739 b[N]=-0.575827 b2[0]=-0.067979 b2[N]=-0.230088
[trajectory_generator_node-7] [Reference] solvePolyMatrix EXIT: polyX[0]=[-0.119094 0.069369 0.218544 -3.387819]
[trajectory_generator_node-7] [Reference] solvePolyMatrix ENTER: N=1, path_size=2, trap_time_size=1
[trajectory_generator_node-7] [Reference]   path[0]=(-3.3878,2.0580) path[1]=(-3.2190,2.1460) t[0]=1.100000 state_vel=(0.2185,0.1490)
[trajectory_generator_node-7] [Reference] banded solve done. b[0]=0.042414 b[N]=-0.439767 b2[0]=-0.105449 b2[N]=-0.165522
[trajectory_generator_node-7] [Reference] solvePolyMatrix EXIT: polyX[0]=[-0.073058 0.021207 0.218544 -3.387819]
[trajectory_generator_node-7] [Reference] solvePolyMatrix ENTER: N=1, path_size=2, trap_time_size=1
[trajectory_generator_node-7] [Reference]   path[0]=(-3.3878,2.0580) path[1]=(-3.2190,2.1460) t[0]=1.210000 state_vel=(0.2185,0.1490)
[trajectory_generator_node-7] [Reference] banded solve done. b[0]=-0.030625 b[N]=-0.330605 b2[0]=-0.131936 b2[N]=-0.114401
[trajectory_generator_node-7] [Reference] solvePolyMatrix EXIT: polyX[0]=[-0.041319 -0.015313 0.218544 -3.387819]
[trajectory_generator_node-7] [INFO] [1790453533.937304017] [trajectory_generation]: FSM published 1 trajectory pieces
[hdl_localization_node-13] [INFO] [1790453534.101468530] [sim_ndt]: scan points: raw=1350 downsampled=1050 (leaf=0.05 m)
[hdl_localization_node-13] [INFO] [1790453534.120758520] [sim_ndt]: Metrics -> Error: 0.00156092 (RMSE ~0.0395085 m) | Time: 20 ms | CovTrace: 0.555318 | Converged: True
[hdl_localization_node-13] [INFO] [1790453534.288858798] [sim_ndt]: scan points: raw=1346 downsampled=1098 (leaf=0.05 m)
[hdl_localization_node-13] [INFO] [1790453534.303678016] [sim_ndt]: Metrics -> Error: 0.00165985 (RMSE ~0.0407413 m) | Time: 10 ms | CovTrace: 0.555319 | Converged: True
[hdl_localization_node-13] [INFO] [1790453534.502537829] [sim_ndt]: scan points: raw=1344 downsampled=1042 (leaf=0.05 m)
[hdl_localization_node-13] [INFO] [1790453534.509958030] [sim_ndt]: Metrics -> Error: 0.00177609 (RMSE ~0.0421437 m) | Time: 10 ms | CovTrace: 0.55532 | Converged: True
[hdl_localization_node-13] [INFO] [1790453534.701742592] [sim_ndt]: scan points: raw=1341 downsampled=1079 (leaf=0.05 m)
[hdl_localization_node-13] [INFO] [1790453534.714632422] [sim_ndt]: Metrics -> Error: 0.00153523 (RMSE ~0.039182 m) | Time: 10 ms | CovTrace: 0.555321 | Converged: True
[hdl_localization_node-13] [INFO] [1790453534.899847495] [sim_ndt]: scan points: raw=1344 downsampled=1050 (leaf=0.05 m)
[hdl_localization_node-13] [INFO] [1790453534.923349613] [sim_ndt]: Metrics -> Error: 0.00168555 (RMSE ~0.0410554 m) | Time: 20 ms | CovTrace: 0.555322 | Converged: True
[hdl_localization_node-13] [INFO] [1790453535.147313780] [sim_ndt]: scan points: raw=1343 downsampled=1087 (leaf=0.05 m)
[hdl_localization_node-13] [INFO] [1790453535.194073194] [sim_ndt]: Metrics -> Error: 0.00170185 (RMSE ~0.0412535 m) | Time: 40 ms | CovTrace: 0.555324 | Converged: True
[hdl_localization_node-13] [INFO] [1790453535.294725627] [sim_ndt]: scan points: raw=1343 downsampled=1087 (leaf=0.05 m)
[hdl_localization_node-13] [INFO] [1790453535.302752124] [sim_ndt]: Metrics -> Error: 0.0016651 (RMSE ~0.0408056 m) | Time: 0 ms | CovTrace: 0.555325 | Converged: True
[hdl_localization_node-13] [INFO] [1790453535.522355823] [sim_ndt]: scan points: raw=1343 downsampled=1087 (leaf=0.05 m)
[hdl_localization_node-13] [INFO] [1790453535.553804208] [sim_ndt]: Metrics -> Error: 0.00166504 (RMSE ~0.0408049 m) | Time: 20 ms | CovTrace: 0.555326 | Converged: True
[hdl_localization_node-13] [INFO] [1790453535.699476467] [sim_ndt]: scan points: raw=1343 downsampled=1087 (leaf=0.05 m)
[hdl_localization_node-13] [INFO] [1790453535.709560714] [sim_ndt]: Metrics -> Error: 0.00167577 (RMSE ~0.0409362 m) | Time: 10 ms | CovTrace: 0.555327 | Converged: True
[hdl_localization_node-13] [INFO] [1790453535.921840968] [sim_ndt]: scan points: raw=1343 downsampled=1087 (leaf=0.05 m)
[hdl_localization_node-13] [INFO] [1790453535.961110946] [sim_ndt]: Metrics -> Error: 0.00172587 (RMSE ~0.0415436 m) | Time: 50 ms | CovTrace: 0.555328 | Converged: True
[hdl_localization_node-13] [INFO] [1790453536.089542658] [sim_ndt]: scan points: raw=1343 downsampled=1087 (leaf=0.05 m)
[hdl_localization_node-13] [INFO] [1790453536.103970602] [sim_ndt]: Metrics -> Error: 0.00168003 (RMSE ~0.0409881 m) | Time: 10 ms | CovTrace: 0.55533 | Converged: True
[hdl_localization_node-13] [INFO] [1790453536.306596147] [sim_ndt]: scan points: raw=1343 downsampled=1087 (leaf=0.05 m)
[hdl_localization_node-13] [INFO] [1790453536.321897040] [sim_ndt]: Metrics -> Error: 0.0016909 (RMSE ~0.0411206 m) | Time: 20 ms | CovTrace: 0.555331 | Converged: True
[hdl_localization_node-13] [INFO] [1790453536.490217964] [sim_ndt]: scan points: raw=1343 downsampled=1087 (leaf=0.05 m)
[trajectory_tracking_node-9] [WARN] [1790453536.502699462] [trajectory_tracking]: trajectory tracking stopped: invalid coefficient array length
[hdl_localization_node-13] [INFO] [1790453536.514314140] [sim_ndt]: Metrics -> Error: 0.00174394 (RMSE ~0.0417606 m) | Time: 10 ms | CovTrace: 0.555332 | Converged: True
[hdl_localization_node-13] [INFO] [1790453536.692667769] [sim_ndt]: scan points: raw=1343 downsampled=1087 (leaf=0.05 m)
[hdl_localization_node-13] [INFO] [1790453536.712530152] [sim_ndt]: Metrics -> Error: 0.00169253 (RMSE ~0.0411404 m) | Time: 20 ms | CovTrace: 0.555333 | Converged: True
[hdl_localization_node-13] [INFO] [1790453536.895376999] [sim_ndt]: scan points: raw=1343 downsampled=1087 (leaf=0.05 m)
[hdl_localization_node-13] [INFO] [1790453536.931515454] [sim_ndt]: Metrics -> Error: 0.00181634 (RMSE ~0.0426185 m) | Time: 0 ms | CovTrace: 0.555334 | Converged: True
[hdl_localization_node-13] [INFO] [1790453537.107513814] [sim_ndt]: scan points: raw=1343 downsampled=1087 (leaf=0.05 m)
[hdl_localization_node-13] [INFO] [1790453537.117684962] [sim_ndt]: Metrics -> Error: 0.00175668 (RMSE ~0.0419127 m) | Time: 0 ms | CovTrace: 0.555336 | Converged: True
[trajectory_generator_node-7] [INFO] [1790453537.134665356] [trajectory_generation]: FSM accepted manual goal goal=(-0.92, -4.45, 0.02)
[trajectory_generator_node-7] [Manager] start point, (x, y): (-3.27, 2.15)
[trajectory_generator_node-7] [Manager] receive target, (x, y): (-0.92, -4.45)
[hdl_localization_node-13] [INFO] [1790453537.297277949] [sim_ndt]: scan points: raw=1343 downsampled=1087 (leaf=0.05 m)
[hdl_localization_node-13] [INFO] [1790453537.305673398] [sim_ndt]: Metrics -> Error: 0.00168327 (RMSE ~0.0410276 m) | Time: 0 ms | CovTrace: 0.555337 | Converged: True
[trajectory_generator_node-7] [Topo]: m_graph before num: 1605
[hdl_localization_node-13] [INFO] [1790453537.490501201] [sim_ndt]: scan points: raw=1343 downsampled=1087 (leaf=0.05 m)
[hdl_localization_node-13] [INFO] [1790453537.505494129] [sim_ndt]: Metrics -> Error: 0.0016617 (RMSE ~0.040764 m) | Time: 10 ms | CovTrace: 0.555338 | Converged: True
[trajectory_generator_node-7] [Topo]: dijkstra time: 0.020647
[trajectory_generator_node-7] [Topo]: topo search time: 0.412499
[trajectory_generator_node-7] [Topo]: m_graph num: 2523
[trajectory_generator_node-7] [DIAG] origin_path (Dijkstra) size: 4
[trajectory_generator_node-7] [DIAG]   origin[0]: (-3.269, 2.146, 0.015)
[trajectory_generator_node-7] [DIAG]   origin[1]: (-5.969, -0.304, 0.015)
[trajectory_generator_node-7] [DIAG]   origin[2]: (-5.054, -2.363, 0.015)
[trajectory_generator_node-7] [DIAG]   origin[3]: (-0.919, -4.454, 0.015)
[trajectory_generator_node-7] [DIAG] lineVisib(start→end DIRECT): false  colli=(-3.17,1.90)
[trajectory_generator_node-7] [DIAG] direct line: 140 steps, 97 wall cells
[trajectory_generator_node-7] [smoothTopoPath] INPUT size=4
[trajectory_generator_node-7] [smoothTopoPath]   in[0]: (-3.269, 2.146, 0.015)
[trajectory_generator_node-7] [smoothTopoPath]   in[1]: (-5.969, -0.304, 0.015)
[trajectory_generator_node-7] [smoothTopoPath]   in[2]: (-5.054, -2.363, 0.015)
[trajectory_generator_node-7] [smoothTopoPath]   in[3]: (-0.919, -4.454, 0.015)
[trajectory_generator_node-7] [smoothTopoPath] lineVisib(start→end): false  colli=(-3.17,1.90)
[trajectory_generator_node-7] [smoothTopoPath] OUTPUT size=8, iter_count=7
[trajectory_generator_node-7] [smoothTopoPath]   out[0]: (-3.269, 2.146, 0.015)
[trajectory_generator_node-7] [smoothTopoPath]   out[1]: (-5.507, 0.520, 0.015)
[trajectory_generator_node-7] [smoothTopoPath]   out[2]: (-5.528, 0.096, 0.015)
[trajectory_generator_node-7] [smoothTopoPath]   out[3]: (-3.508, 2.335, 0.015)
[trajectory_generator_node-7] [smoothTopoPath]   out[4]: (-5.530, 0.497, 0.015)
[trajectory_generator_node-7] [smoothTopoPath]   out[5]: (-6.218, -0.217, 0.015)
[trajectory_generator_node-7] [smoothTopoPath]   out[6]: (-4.143, -2.523, 0.015)
[trajectory_generator_node-7] [smoothTopoPath]   out[7]: (-0.919, -4.454, 0.015)
[trajectory_generator_node-7] [DIAG] optimized_path (smoothTopoPath) size: 8
[trajectory_generator_node-7] [DIAG]   opt[0]: (-3.269, 2.146, 0.015)
[trajectory_generator_node-7] [DIAG]   opt[1]: (-5.507, 0.520, 0.015)
[trajectory_generator_node-7] [DIAG]   opt[2]: (-5.528, 0.096, 0.015)
[trajectory_generator_node-7] [DIAG]   opt[3]: (-3.508, 2.335, 0.015)
[trajectory_generator_node-7] [DIAG]   opt[4]: (-5.530, 0.497, 0.015)
[trajectory_generator_node-7] [DIAG]   opt[5]: (-6.218, -0.217, 0.015)
[trajectory_generator_node-7] [DIAG]   opt[6]: (-4.143, -2.523, 0.015)
[trajectory_generator_node-7] [DIAG]   opt[7]: (-0.919, -4.454, 0.015)
[trajectory_generator_node-7] optimized_path size: 8
[trajectory_generator_node-7] [Manager] reference_speed: (0.30)
[trajectory_generator_node-7] [LBFGS] search direction d:  7.59517e-05 -2.07557e-05 -1.34148e-05  1.42653e-05 -8.49768e-06  4.90097e-06 -7.78455e-06  3.73202e-05 -0.000147068 -0.000445356 -0.000299027 -0.000835757 -0.000123257  6.49602e-05 -2.75331e-05  7.40884e-06  7.73979e-06  -3.0464e-05  5.44224e-05 -5.10061e-05  5.43859e-06  1.81791e-05  5.90565e-07 -9.95879e-06  7.93256e-06 -5.13491e-06   4.8859e-06 -9.88734e-06  2.76093e-05 -9.76617e-05 -0.000424209 -8.95663e-06 -0.000729428   0.00163417  0.000143435  -0.00129071  0.000643211  9.50763e-06 -7.00633e-06  5.34301e-06 -2.10902e-06  -1.7464e-06    2.518e-06  3.45081e-07 -2.51297e-06  2.41017e-06 -2.03622e-06  1.98786e-06 -1.99055e-06  0.000121424 -1.71629e-06  0.000153638  -1.7079e-05 -3.70774e-06  0.000109995  0.000159451  9.38127e-06 -1.93645e-05  1.25035e-05 -6.13553e-06  3.51324e-06 -4.22427e-06 -3.82201e-06  9.42189e-05  8.32196e-05 -0.000236242 -0.000212726  0.000111376 -2.82875e-05  1.24598e-06  8.99574e-07  9.38177e-06 -3.22937e-05  5.64938e-05 -5.37425e-05  8.37654e-06  1.58314e-05   2.8122e-06 -1.13932e-05  8.31275e-06 -4.37403e-06  2.19552e-06 -2.71064e-06  8.95665e-06  7.43538e-06 -0.000278123  0.000306488 -0.000255422  0.000109336   0.00179532  0.000508263 -0.000465714 -1.31317e-05  9.21006e-06 -2.18616e-06  9.21664e-07 -2.78755e-06  2.09423e-06  1.69496e-06 -3.58338e-06  2.61089e-06 -1.88191e-06  3.04485e-06 -6.93825e-06  0.000179462  0.000142715  0.000316803  1.68114e-05 -8.10014e-07 -6.96926e-05   0.00103029 -0.000139486  5.94951e-05   -1.496e-05  3.44644e-06  1.12184e-08  -2.1324e-06  7.42361e-06 -2.63588e-05  2.68806e-05  6.97215e-05  0.000243238 -5.04655e-05  6.13112e-05 -1.81282e-05  6.72128e-06 -5.01461e-06  1.00994e-05 -1.53969e-05 -4.31821e-05    0.0001343  0.000348525 -9.39989e-05  3.62368e-05 -9.63617e-06  2.15603e-06  2.55574e-07 -2.25829e-06  7.88467e-06 -2.73685e-05  8.62383e-05 -4.38264e-05   0.00032853 -2.82947e-05  3.07926e-05   7.3967e-05   6.9754e-06  1.00318e-05  1.47954e-05 -6.35147e-06  2.52955e-06 -9.38437e-07  3.67241e-07  2.63989e-06 -9.25925e-07  2.85176e-07 -3.71686e-07  1.31491e-06   -4.054e-06  1.13251e-05 -1.82559e-05  2.86544e-05 -2.51628e-05  6.52564e-05 -0.000151481   0.00105453
[trajectory_generator_node-7] [Smooth Optimize] MINCO reaches max evaluations: Line search reaches the maximum try number, assumptions not satisfied or precision not achievable.
[trajectory_generator_node-7] [Smooth Optimize] MINCO: cost=4.1 total_T=54.851(init 54.596) max_drift=0.188 max_vel=0.4 segs=56
[trajectory_generator_node-7] [Smooth Resample] resample
[trajectory_generator_node-7] [Smooth Resample] 57 -> 29 waypoints, 28 time segs, max_turn=169.0 deg
[trajectory_generator_node-7] [Manager] optimizer generate time: 0.006724
[trajectory_generator_node-7] [Reference] path size : 29
[trajectory_generator_node-7] [Reference] solvePolyMatrix ENTER: N=28, path_size=29, trap_time_size=28
[trajectory_generator_node-7] [Reference]   path[0]=(-3.2690,2.1460) path[1]=(-3.7623,1.7898) t[0]=2.039355 state_vel=(0.0010,0.0039)
[trajectory_generator_node-7] [Reference] banded solve done. b[0]=-0.415700 b[N]=-0.454427 b2[0]=-0.304971 b2[N]=0.254178
[trajectory_generator_node-7] [Reference] solvePolyMatrix EXIT: polyX[0]=[0.043516 -0.207850 0.000997 -3.269000]
[trajectory_generator_node-7] [Reference] solvePolyMatrix ENTER: N=28, path_size=29, trap_time_size=28
[trajectory_generator_node-7] [Reference]   path[0]=(-3.2690,2.1460) path[1]=(-3.7623,1.7898) t[0]=2.243291 state_vel=(0.0010,0.0039)
[trajectory_generator_node-7] [Reference] banded solve done. b[0]=-0.347112 b[N]=-0.378753 b2[0]=-0.255073 b2[N]=0.211624
[trajectory_generator_node-7] [Reference] solvePolyMatrix EXIT: polyX[0]=[0.033469 -0.173556 0.000997 -3.269000]
[trajectory_generator_node-7] [Reference] solvePolyMatrix ENTER: N=28, path_size=29, trap_time_size=28
[trajectory_generator_node-7] [Reference]   path[0]=(-3.2690,2.1460) path[1]=(-3.7623,1.7898) t[0]=2.467620 state_vel=(0.0010,0.0039)
[trajectory_generator_node-7] [Reference] banded solve done. b[0]=-0.290271 b[N]=-0.316120 b2[0]=-0.213680 b2[N]=0.176441
[trajectory_generator_node-7] [Reference] solvePolyMatrix EXIT: polyX[0]=[0.025820 -0.145135 0.000997 -3.269000]
[trajectory_generator_node-7] [Reference] solvePolyMatrix ENTER: N=28, path_size=29, trap_time_size=28
[trajectory_generator_node-7] [Reference]   path[0]=(-3.2690,2.1460) path[1]=(-3.7623,1.7898) t[0]=2.714382 state_vel=(0.0010,0.0039)
[trajectory_generator_node-7] [Reference] banded solve done. b[0]=-0.242821 b[N]=-0.264245 b2[0]=-0.179122 b2[N]=0.147333
[trajectory_generator_node-7] [Reference] solvePolyMatrix EXIT: polyX[0]=[0.019926 -0.121410 0.000997 -3.269000]
[trajectory_generator_node-7] [INFO] [1790453537.571579435] [trajectory_generation]: FSM published 28 trajectory pieces
[hdl_localization_node-13] [INFO] [1790453537.696850746] [sim_ndt]: scan points: raw=1343 downsampled=1087 (leaf=0.05 m)
[hdl_localization_node-13] [INFO] [1790453537.714238301] [sim_ndt]: Metrics -> Error: 0.00161745 (RMSE ~0.0402175 m) | Time: 0 ms | CovTrace: 0.555339 | Converged: True
[hdl_localization_node-13] [INFO] [1790453537.890679317] [sim_ndt]: scan points: raw=1343 downsampled=1069 (leaf=0.05 m)
[hdl_localization_node-13] [INFO] [1790453537.899456654] [sim_ndt]: Metrics -> Error: 0.00180072 (RMSE ~0.0424349 m) | Time: 0 ms | CovTrace: 0.55534 | Converged: True
[hdl_localization_node-13] [INFO] [1790453538.084583931] [sim_ndt]: scan points: raw=1341 downsampled=1021 (leaf=0.05 m)
[hdl_localization_node-13] [INFO] [1790453538.097209478] [sim_ndt]: Metrics -> Error: 0.0016803 (RMSE ~0.0409914 m) | Time: 10 ms | CovTrace: 0.555342 | Converged: True
[hdl_localization_node-13] [INFO] [1790453538.290038694] [sim_ndt]: scan points: raw=1341 downsampled=1051 (leaf=0.05 m)
[hdl_localization_node-13] [INFO] [1790453538.300591027] [sim_ndt]: Metrics -> Error: 0.00154859 (RMSE ~0.0393521 m) | Time: 10 ms | CovTrace: 0.555343 | Converged: True
[hdl_localization_node-13] [INFO] [1790453538.498731669] [sim_ndt]: scan points: raw=1346 downsampled=1060 (leaf=0.05 m)
[hdl_localization_node-13] [INFO] [1790453538.531082138] [sim_ndt]: Metrics -> Error: 0.00162025 (RMSE ~0.0402523 m) | Time: 30 ms | CovTrace: 0.555344 | Converged: True
[hdl_localization_node-13] [INFO] [1790453538.694066402] [sim_ndt]: scan points: raw=1348 downsampled=1078 (leaf=0.05 m)
[hdl_localization_node-13] [INFO] [1790453538.717534347] [sim_ndt]: Metrics -> Error: 0.00168179 (RMSE ~0.0410096 m) | Time: 30 ms | CovTrace: 0.555345 | Converged: True
[hdl_localization_node-13] [WARN] [1790453538.721836818] [sim_ndt]: Point-LIO odometry unavailable or stale for /localization/odometry twist; publishing zero twist
[hdl_localization_node-13] [INFO] [1790453538.893380860] [sim_ndt]: scan points: raw=1350 downsampled=1040 (leaf=0.05 m)
[hdl_localization_node-13] [INFO] [1790453538.910061470] [sim_ndt]: Metrics -> Error: 0.00160702 (RMSE ~0.0400876 m) | Time: 20 ms | CovTrace: 0.555346 | Converged: True
[hdl_localization_node-13] [INFO] [1790453539.091746425] [sim_ndt]: scan points: raw=1353 downsampled=1039 (leaf=0.05 m)
[hdl_localization_node-13] [INFO] [1790453539.099851442] [sim_ndt]: Metrics -> Error: 0.00170494 (RMSE ~0.0412909 m) | Time: 0 ms | CovTrace: 0.555348 | Converged: True
[hdl_localization_node-13] [INFO] [1790453539.288048409] [sim_ndt]: scan points: raw=1355 downsampled=1083 (leaf=0.05 m)
[hdl_localization_node-13] [INFO] [1790453539.294390099] [sim_ndt]: Metrics -> Error: 0.0016857 (RMSE ~0.0410572 m) | Time: 0 ms | CovTrace: 0.555349 | Converged: True
[hdl_localization_node-13] [INFO] [1790453539.486665778] [sim_ndt]: scan points: raw=1354 downsampled=1044 (leaf=0.05 m)
[hdl_localization_node-13] [INFO] [1790453539.502430279] [sim_ndt]: Metrics -> Error: 0.00164229 (RMSE ~0.0405251 m) | Time: 10 ms | CovTrace: 0.55535 | Converged: True
[hdl_localization_node-13] [INFO] [1790453539.696045154] [sim_ndt]: scan points: raw=1361 downsampled=1039 (leaf=0.05 m)
[hdl_localization_node-13] [INFO] [1790453539.706202068] [sim_ndt]: Metrics -> Error: 0.00169436 (RMSE ~0.0411626 m) | Time: 0 ms | CovTrace: 0.555351 | Converged: True
[hdl_localization_node-13] [INFO] [1790453539.888551452] [sim_ndt]: scan points: raw=1357 downsampled=1065 (leaf=0.05 m)
[hdl_localization_node-13] [INFO] [1790453539.899467427] [sim_ndt]: Metrics -> Error: 0.00169429 (RMSE ~0.0411618 m) | Time: 0 ms | CovTrace: 0.555353 | Converged: True
[hdl_localization_node-13] [INFO] [1790453540.090422691] [sim_ndt]: scan points: raw=1359 downsampled=1119 (leaf=0.05 m)
[hdl_localization_node-13] [INFO] [1790453540.120610801] [sim_ndt]: Metrics -> Error: 0.00172627 (RMSE ~0.0415484 m) | Time: 30 ms | CovTrace: 0.555354 | Converged: True
[hdl_localization_node-13] [INFO] [1790453540.283677928] [sim_ndt]: scan points: raw=1361 downsampled=1057 (leaf=0.05 m)
[hdl_localization_node-13] [INFO] [1790453540.292942557] [sim_ndt]: Metrics -> Error: 0.00160945 (RMSE ~0.0401179 m) | Time: 10 ms | CovTrace: 0.555355 | Converged: True
[hdl_localization_node-13] [INFO] [1790453540.491326335] [sim_ndt]: scan points: raw=1360 downsampled=1128 (leaf=0.05 m)
[hdl_localization_node-13] [INFO] [1790453540.497884952] [sim_ndt]: Metrics -> Error: 0.00162557 (RMSE ~0.0403184 m) | Time: 0 ms | CovTrace: 0.555356 | Converged: True
[hdl_localization_node-13] [INFO] [1790453540.700231183] [sim_ndt]: scan points: raw=1357 downsampled=1149 (leaf=0.05 m)
[hdl_localization_node-13] [INFO] [1790453540.719501292] [sim_ndt]: Metrics -> Error: 0.00161898 (RMSE ~0.0402365 m) | Time: 10 ms | CovTrace: 0.555357 | Converged: True
[hdl_localization_node-13] [INFO] [1790453540.900080777] [sim_ndt]: scan points: raw=1358 downsampled=1090 (leaf=0.05 m)
[hdl_localization_node-13] [INFO] [1790453540.911949044] [sim_ndt]: Metrics -> Error: 0.00166497 (RMSE ~0.040804 m) | Time: 10 ms | CovTrace: 0.555359 | Converged: True
[hdl_localization_node-13] [INFO] [1790453541.098275496] [sim_ndt]: scan points: raw=1358 downsampled=1116 (leaf=0.05 m)
[hdl_localization_node-13] [INFO] [1790453541.106954200] [sim_ndt]: Metrics -> Error: 0.00175217 (RMSE ~0.0418589 m) | Time: 0 ms | CovTrace: 0.55536 | Converged: True
[hdl_localization_node-13] [INFO] [1790453541.298008778] [sim_ndt]: scan points: raw=1354 downsampled=1106 (leaf=0.05 m)
[hdl_localization_node-13] [INFO] [1790453541.314607372] [sim_ndt]: Metrics -> Error: 0.00186903 (RMSE ~0.0432322 m) | Time: 0 ms | CovTrace: 0.555361 | Converged: True
[hdl_localization_node-13] [INFO] [1790453541.491521172] [sim_ndt]: scan points: raw=1355 downsampled=1039 (leaf=0.05 m)
[hdl_localization_node-13] [INFO] [1790453541.499488279] [sim_ndt]: Metrics -> Error: 0.00166464 (RMSE ~0.0408 m) | Time: 0 ms | CovTrace: 0.555362 | Converged: True
[hdl_localization_node-13] [INFO] [1790453541.690177617] [sim_ndt]: scan points: raw=1354 downsampled=1112 (leaf=0.05 m)
[hdl_localization_node-13] [INFO] [1790453541.695528109] [sim_ndt]: Metrics -> Error: 0.00163498 (RMSE ~0.0404349 m) | Time: 0 ms | CovTrace: 0.555363 | Converged: True
[hdl_localization_node-13] [INFO] [1790453541.902480704] [sim_ndt]: scan points: raw=1353 downsampled=1085 (leaf=0.05 m)
[hdl_localization_node-13] [INFO] [1790453541.916002570] [sim_ndt]: Metrics -> Error: 0.00151238 (RMSE ~0.0388894 m) | Time: 10 ms | CovTrace: 0.555365 | Converged: True
[hdl_localization_node-13] [INFO] [1790453542.103489677] [sim_ndt]: scan points: raw=1349 downsampled=1077 (leaf=0.05 m)
[hdl_localization_node-13] [INFO] [1790453542.112481678] [sim_ndt]: Metrics -> Error: 0.00155631 (RMSE ~0.0394501 m) | Time: 10 ms | CovTrace: 0.555366 | Converged: True
[hdl_localization_node-13] [INFO] [1790453542.286820971] [sim_ndt]: scan points: raw=1349 downsampled=1083 (leaf=0.05 m)
[hdl_localization_node-13] [INFO] [1790453542.292782217] [sim_ndt]: Metrics -> Error: 0.00159684 (RMSE ~0.0399605 m) | Time: 0 ms | CovTrace: 0.555367 | Converged: True
[hdl_localization_node-13] [INFO] [1790453542.495700414] [sim_ndt]: scan points: raw=1347 downsampled=1099 (leaf=0.05 m)
[hdl_localization_node-13] [INFO] [1790453542.506000274] [sim_ndt]: Metrics -> Error: 0.00143665 (RMSE ~0.0379032 m) | Time: 0 ms | CovTrace: 0.555368 | Converged: True
[hdl_localization_node-13] [INFO] [1790453542.692468922] [sim_ndt]: scan points: raw=1348 downsampled=1058 (leaf=0.05 m)
[hdl_localization_node-13] [INFO] [1790453542.706685919] [sim_ndt]: Metrics -> Error: 0.00170725 (RMSE ~0.0413189 m) | Time: 10 ms | CovTrace: 0.555369 | Converged: True
[trajectory_tracking_node-9] [WARN] [1790453542.723149890] [trajectory_tracking]: RM_GridMap predicted-path replan requested: collision_samples=0 trajectory_age=5.13
[trajectory_generator_node-7] [Manager REPLAN]  cur position point (X, Y) = (-4.237327, 1.477040), target point (X, Y) = (-0.919000, -4.454000)
[trajectory_generator_node-7] [Manager REPLAN] target_temp (X, Y) = (-0.919000, -4.454000)
[trajectory_generator_node-7] [Manager REPLAN] robot 1.13m from path, full replan
[trajectory_generator_node-7] [Manager] start point, (x, y): (-4.24, 1.48)
[trajectory_generator_node-7] [Manager] receive target, (x, y): (-0.92, -4.45)
[hdl_localization_node-13] [INFO] [1790453542.886427383] [sim_ndt]: scan points: raw=1336 downsampled=1066 (leaf=0.05 m)
[hdl_localization_node-13] [INFO] [1790453542.899585551] [sim_ndt]: Metrics -> Error: 0.0017528 (RMSE ~0.0418665 m) | Time: 10 ms | CovTrace: 0.555371 | Converged: True
[trajectory_generator_node-7] [Topo]: m_graph before num: 1603
[hdl_localization_node-13] [INFO] [1790453543.090388968] [sim_ndt]: scan points: raw=1335 downsampled=1113 (leaf=0.05 m)
[hdl_localization_node-13] [INFO] [1790453543.098543221] [sim_ndt]: Metrics -> Error: 0.00173234 (RMSE ~0.0416214 m) | Time: 0 ms | CovTrace: 0.555372 | Converged: True
[trajectory_generator_node-7] [Topo]: dijkstra time: 0.016987
[trajectory_generator_node-7] [Topo]: topo search time: 0.459165
[trajectory_generator_node-7] [Topo]: m_graph num: 2537
[trajectory_generator_node-7] [DIAG] origin_path (Dijkstra) size: 4
[trajectory_generator_node-7] [DIAG]   origin[0]: (-4.237, 1.477, 0.015)
[trajectory_generator_node-7] [DIAG]   origin[1]: (-6.069, -0.454, 0.015)
[trajectory_generator_node-7] [DIAG]   origin[2]: (-3.569, -2.654, 0.015)
[trajectory_generator_node-7] [DIAG]   origin[3]: (-0.919, -4.454, 0.015)
[trajectory_generator_node-7] [DIAG] lineVisib(start→end DIRECT): false  colli=(-3.97,1.05)
[trajectory_generator_node-7] [DIAG] direct line: 135 steps, 60 wall cells
[trajectory_generator_node-7] [smoothTopoPath] INPUT size=4
[trajectory_generator_node-7] [smoothTopoPath]   in[0]: (-4.237, 1.477, 0.015)
[trajectory_generator_node-7] [smoothTopoPath]   in[1]: (-6.069, -0.454, 0.015)
[trajectory_generator_node-7] [smoothTopoPath]   in[2]: (-3.569, -2.654, 0.015)
[trajectory_generator_node-7] [smoothTopoPath]   in[3]: (-0.919, -4.454, 0.015)
[trajectory_generator_node-7] [smoothTopoPath] lineVisib(start→end): false  colli=(-3.97,1.05)
[trajectory_generator_node-7] [smoothTopoPath] OUTPUT size=5, iter_count=4
[trajectory_generator_node-7] [smoothTopoPath]   out[0]: (-4.237, 1.477, 0.015)
[trajectory_generator_node-7] [smoothTopoPath]   out[1]: (-5.556, 0.523, 0.015)
[trajectory_generator_node-7] [smoothTopoPath]   out[2]: (-6.271, -0.404, 0.015)
[trajectory_generator_node-7] [smoothTopoPath]   out[3]: (-3.719, -2.913, 0.015)
[trajectory_generator_node-7] [smoothTopoPath]   out[4]: (-0.919, -4.454, 0.015)
[trajectory_generator_node-7] [DIAG] optimized_path (smoothTopoPath) size: 5
[trajectory_generator_node-7] [DIAG]   opt[0]: (-4.237, 1.477, 0.015)
[trajectory_generator_node-7] [DIAG]   opt[1]: (-5.556, 0.523, 0.015)
[trajectory_generator_node-7] [DIAG]   opt[2]: (-6.271, -0.404, 0.015)
[trajectory_generator_node-7] [DIAG]   opt[3]: (-3.719, -2.913, 0.015)
[trajectory_generator_node-7] [DIAG]   opt[4]: (-0.919, -4.454, 0.015)
[trajectory_generator_node-7] optimized_path size: 5
[trajectory_generator_node-7] [Manager] reference_speed: (0.30)
[trajectory_generator_node-7] [LBFGS] search direction d:  6.18223e-05  -3.9275e-05  2.64375e-05 -1.95271e-05  2.20331e-05  -4.9667e-05 -0.000169223 -1.40682e-05 -0.000410894 -8.81604e-05  0.000441494 -0.000759387  3.25871e-06  -3.3436e-05  1.89187e-05 -1.02586e-05  6.23297e-06 -5.89576e-06  9.01345e-06 -1.40761e-05  0.000998898  1.69164e-05   3.9931e-05 -1.54021e-05  4.30236e-05 -2.57101e-05 -1.50345e-05  0.000529367  0.000123995 -0.000229925  0.000360936  4.01848e-05 -2.35864e-05  1.44095e-05 -1.35809e-05  2.61682e-05  -1.5462e-05  0.000127129 -9.95945e-05  0.000224313  1.86115e-05  0.000291262 -0.000987096 -0.000153947  3.88635e-05 -2.01883e-05  9.84859e-06 -6.18289e-06  6.99641e-06 -1.06835e-05  1.50361e-05   0.00035027    5.446e-05  1.83959e-05  1.14568e-05  4.99962e-05   0.00073719 -0.000288053  0.000630702 -6.50798e-05  9.47966e-05 -0.000163818  0.000224013 -5.23646e-05  1.55238e-05  5.23619e-06 -3.08028e-05   0.00011076 -6.29551e-05   0.00104543 -1.52442e-05  0.000106975  4.55768e-05 -3.33099e-05  3.36397e-05 -1.24628e-05  7.33371e-06 -2.25883e-06 -1.61455e-08  1.32836e-06  -3.5528e-06  7.71341e-06 -1.07443e-05  1.32757e-05 -8.03108e-06   1.4147e-05 -1.48099e-05  3.83875e-05 -4.14146e-05  6.41261e-05  -4.1333e-05  7.97073e-05   -0.0001727   0.00118028
[trajectory_generator_node-7] [Smooth Optimize] MINCO reaches max evaluations: Line search reaches the maximum try number, assumptions not satisfied or precision not achievable.
[trajectory_generator_node-7] [Smooth Optimize] MINCO: cost=2.3 total_T=32.048(init 31.674) max_drift=0.173 max_vel=0.5 segs=32
[trajectory_generator_node-7] [Smooth Resample] resample
[trajectory_generator_node-7] [Smooth Resample] 33 -> 17 waypoints, 16 time segs, max_turn=53.0 deg
[trajectory_generator_node-7] [Manager] optimizer generate time: 0.005202
[trajectory_generator_node-7] [Reference] path size : 17
[trajectory_generator_node-7] [Reference] solvePolyMatrix ENTER: N=16, path_size=17, trap_time_size=16
[trajectory_generator_node-7] [Reference]   path[0]=(-4.2373,1.4770) path[1]=(-4.7242,1.1247) t[0]=2.011893 state_vel=(-0.1747,-0.1254)
[trajectory_generator_node-7] [Reference] banded solve done. b[0]=-0.114390 b[N]=-0.456126 b2[0]=-0.083372 b2[N]=0.232195
[trajectory_generator_node-7] [Reference] solvePolyMatrix EXIT: polyX[0]=[0.011803 -0.057195 -0.174727 -4.237327]
[trajectory_generator_node-7] [Reference] solvePolyMatrix ENTER: N=16, path_size=17, trap_time_size=16
[trajectory_generator_node-7] [Reference]   path[0]=(-4.2373,1.4770) path[1]=(-4.7242,1.1247) t[0]=2.011893 state_vel=(-0.1747,-0.1254)
[trajectory_generator_node-7] [Reference] banded solve done. b[0]=-0.114390 b[N]=-0.380101 b2[0]=-0.083372 b2[N]=0.193566
[trajectory_generator_node-7] [Reference] solvePolyMatrix EXIT: polyX[0]=[0.011803 -0.057195 -0.174727 -4.237327]
[trajectory_generator_node-7] [Reference] solvePolyMatrix ENTER: N=16, path_size=17, trap_time_size=16
[trajectory_generator_node-7] [Reference]   path[0]=(-4.2373,1.4770) path[1]=(-4.7242,1.1247) t[0]=2.011893 state_vel=(-0.1747,-0.1254)
[trajectory_generator_node-7] [Reference] banded solve done. b[0]=-0.114390 b[N]=-0.317182 b2[0]=-0.083372 b2[N]=0.161620
[trajectory_generator_node-7] [Reference] solvePolyMatrix EXIT: polyX[0]=[0.011803 -0.057195 -0.174727 -4.237327]
[trajectory_generator_node-7] [Reference] solvePolyMatrix ENTER: N=16, path_size=17, trap_time_size=16
[trajectory_generator_node-7] [Reference]   path[0]=(-4.2373,1.4770) path[1]=(-4.7242,1.1247) t[0]=2.011893 state_vel=(-0.1747,-0.1254)
[trajectory_generator_node-7] [Reference] banded solve done. b[0]=-0.114390 b[N]=-0.265075 b2[0]=-0.083372 b2[N]=0.135182
[trajectory_generator_node-7] [Reference] solvePolyMatrix EXIT: polyX[0]=[0.011803 -0.057195 -0.174727 -4.237327]
[trajectory_generator_node-7] [INFO] [1790453543.225639339] [trajectory_generation]: FSM published 16 trajectory pieces
[hdl_localization_node-13] [INFO] [1790453543.287640016] [sim_ndt]: scan points: raw=1325 downsampled=1107 (leaf=0.05 m)
[hdl_localization_node-13] [INFO] [1790453543.296788686] [sim_ndt]: Metrics -> Error: 0.00167117 (RMSE ~0.04088 m) | Time: 10 ms | CovTrace: 0.555373 | Converged: True
[hdl_localization_node-13] [INFO] [1790453543.493049569] [sim_ndt]: scan points: raw=1326 downsampled=1114 (leaf=0.05 m)
[hdl_localization_node-13] [INFO] [1790453543.499410416] [sim_ndt]: Metrics -> Error: 0.00167626 (RMSE ~0.0409421 m) | Time: 10 ms | CovTrace: 0.555374 | Converged: True
[hdl_localization_node-13] [INFO] [1790453543.690447401] [sim_ndt]: scan points: raw=1324 downsampled=1028 (leaf=0.05 m)
[hdl_localization_node-13] [INFO] [1790453543.701930258] [sim_ndt]: Metrics -> Error: 0.00180865 (RMSE ~0.0425282 m) | Time: 10 ms | CovTrace: 0.555375 | Converged: True
[hdl_localization_node-13] [INFO] [1790453543.886497929] [sim_ndt]: scan points: raw=1317 downsampled=1048 (leaf=0.05 m)
[hdl_localization_node-13] [INFO] [1790453543.900474255] [sim_ndt]: Metrics -> Error: 0.00178836 (RMSE ~0.0422889 m) | Time: 0 ms | CovTrace: 0.555377 | Converged: True
[hdl_localization_node-13] [WARN] [1790453543.904605890] [sim_ndt]: Point-LIO odometry unavailable or stale for /localization/odometry twist; publishing zero twist
[hdl_localization_node-13] [INFO] [1790453544.099246668] [sim_ndt]: scan points: raw=1313 downsampled=1070 (leaf=0.05 m)
[hdl_localization_node-13] [INFO] [1790453544.105486776] [sim_ndt]: Metrics -> Error: 0.00186314 (RMSE ~0.0431641 m) | Time: 0 ms | CovTrace: 0.555378 | Converged: True
[hdl_localization_node-13] [INFO] [1790453544.295545359] [sim_ndt]: scan points: raw=1308 downsampled=1096 (leaf=0.05 m)
[hdl_localization_node-13] [INFO] [1790453544.306121514] [sim_ndt]: Metrics -> Error: 0.00176655 (RMSE ~0.0420304 m) | Time: 0 ms | CovTrace: 0.555379 | Converged: True
[hdl_localization_node-13] [INFO] [1790453544.491552705] [sim_ndt]: scan points: raw=1306 downsampled=1017 (leaf=0.05 m)
[hdl_localization_node-13] [INFO] [1790453544.510651554] [sim_ndt]: Metrics -> Error: 0.00175117 (RMSE ~0.041847 m) | Time: 10 ms | CovTrace: 0.55538 | Converged: True
[hdl_localization_node-13] [INFO] [1790453544.686155663] [sim_ndt]: scan points: raw=1297 downsampled=1075 (leaf=0.05 m)
[hdl_localization_node-13] [INFO] [1790453544.693539197] [sim_ndt]: Metrics -> Error: 0.0017675 (RMSE ~0.0420416 m) | Time: 0 ms | CovTrace: 0.555382 | Converged: True
[hdl_localization_node-13] [INFO] [1790453544.898868089] [sim_ndt]: scan points: raw=1291 downsampled=1019 (leaf=0.05 m)
[hdl_localization_node-13] [INFO] [1790453544.909532683] [sim_ndt]: Metrics -> Error: 0.00190022 (RMSE ~0.0435915 m) | Time: 10 ms | CovTrace: 0.555383 | Converged: True
[hdl_localization_node-13] [INFO] [1790453545.095005972] [sim_ndt]: scan points: raw=1292 downsampled=1048 (leaf=0.05 m)
[hdl_localization_node-13] [INFO] [1790453545.117579956] [sim_ndt]: Metrics -> Error: 0.00180184 (RMSE ~0.0424481 m) | Time: 20 ms | CovTrace: 0.555384 | Converged: True
[hdl_localization_node-13] [INFO] [1790453545.283413140] [sim_ndt]: scan points: raw=1292 downsampled=1078 (leaf=0.05 m)
[hdl_localization_node-13] [INFO] [1790453545.300365836] [sim_ndt]: Metrics -> Error: 0.00201155 (RMSE ~0.0448503 m) | Time: 10 ms | CovTrace: 0.555385 | Converged: True
[hdl_localization_node-13] [INFO] [1790453545.492690950] [sim_ndt]: scan points: raw=1290 downsampled=1034 (leaf=0.05 m)
[hdl_localization_node-13] [INFO] [1790453545.512005842] [sim_ndt]: Metrics -> Error: 0.00164178 (RMSE ~0.0405189 m) | Time: 20 ms | CovTrace: 0.555386 | Converged: True
[hdl_localization_node-13] [INFO] [1790453545.688889629] [sim_ndt]: scan points: raw=1290 downsampled=984 (leaf=0.05 m)
[hdl_localization_node-13] [INFO] [1790453545.696133280] [sim_ndt]: Metrics -> Error: 0.00170041 (RMSE ~0.041236 m) | Time: 0 ms | CovTrace: 0.555388 | Converged: True
[hdl_localization_node-13] [INFO] [1790453545.896141944] [sim_ndt]: scan points: raw=1290 downsampled=1049 (leaf=0.05 m)
[hdl_localization_node-13] [INFO] [1790453545.904461114] [sim_ndt]: Metrics -> Error: 0.00178946 (RMSE ~0.0423021 m) | Time: 0 ms | CovTrace: 0.555389 | Converged: True
[hdl_localization_node-13] [INFO] [1790453546.085070398] [sim_ndt]: scan points: raw=1292 downsampled=1076 (leaf=0.05 m)
[hdl_localization_node-13] [INFO] [1790453546.094373505] [sim_ndt]: Metrics -> Error: 0.00193438 (RMSE ~0.0439816 m) | Time: 0 ms | CovTrace: 0.55539 | Converged: True
[hdl_localization_node-13] [INFO] [1790453546.295993657] [sim_ndt]: scan points: raw=1292 downsampled=994 (leaf=0.05 m)
[hdl_localization_node-13] [INFO] [1790453546.309817297] [sim_ndt]: Metrics -> Error: 0.00184101 (RMSE ~0.042907 m) | Time: 10 ms | CovTrace: 0.555391 | Converged: True
[hdl_localization_node-13] [INFO] [1790453546.501747981] [sim_ndt]: scan points: raw=1293 downsampled=1042 (leaf=0.05 m)
[hdl_localization_node-13] [INFO] [1790453546.510573620] [sim_ndt]: Metrics -> Error: 0.00165933 (RMSE ~0.0407348 m) | Time: 10 ms | CovTrace: 0.555392 | Converged: True
[hdl_localization_node-13] [INFO] [1790453546.687689084] [sim_ndt]: scan points: raw=1289 downsampled=1069 (leaf=0.05 m)
[hdl_localization_node-13] [INFO] [1790453546.704807699] [sim_ndt]: Metrics -> Error: 0.00195156 (RMSE ~0.0441765 m) | Time: 0 ms | CovTrace: 0.555394 | Converged: True
[hdl_localization_node-13] [INFO] [1790453546.903937625] [sim_ndt]: scan points: raw=1293 downsampled=1021 (leaf=0.05 m)
[hdl_localization_node-13] [INFO] [1790453546.910669325] [sim_ndt]: Metrics -> Error: 0.00180755 (RMSE ~0.0425152 m) | Time: 10 ms | CovTrace: 0.555395 | Converged: True
[hdl_localization_node-13] [INFO] [1790453547.082541947] [sim_ndt]: scan points: raw=1293 downsampled=1021 (leaf=0.05 m)
[hdl_localization_node-13] [INFO] [1790453547.104537194] [sim_ndt]: Metrics -> Error: 0.00199569 (RMSE ~0.0446732 m) | Time: 20 ms | CovTrace: 0.555396 | Converged: True
[hdl_localization_node-13] [INFO] [1790453547.293049492] [sim_ndt]: scan points: raw=1297 downsampled=1101 (leaf=0.05 m)
[hdl_localization_node-13] [INFO] [1790453547.313071045] [sim_ndt]: Metrics -> Error: 0.0018824 (RMSE ~0.0433866 m) | Time: 10 ms | CovTrace: 0.555397 | Converged: True
[hdl_localization_node-13] [INFO] [1790453547.489589222] [sim_ndt]: scan points: raw=1304 downsampled=1017 (leaf=0.05 m)
[hdl_localization_node-13] [INFO] [1790453547.497746587] [sim_ndt]: Metrics -> Error: 0.00216612 (RMSE ~0.0465416 m) | Time: 0 ms | CovTrace: 0.555398 | Converged: True
[hdl_localization_node-13] [INFO] [1790453547.687138916] [sim_ndt]: scan points: raw=1303 downsampled=1049 (leaf=0.05 m)
[hdl_localization_node-13] [INFO] [1790453547.695350339] [sim_ndt]: Metrics -> Error: 0.00190129 (RMSE ~0.0436038 m) | Time: 0 ms | CovTrace: 0.5554 | Converged: True
[hdl_localization_node-13] [INFO] [1790453547.892507139] [sim_ndt]: scan points: raw=1307 downsampled=1070 (leaf=0.05 m)
[hdl_localization_node-13] [INFO] [1790453547.903122137] [sim_ndt]: Metrics -> Error: 0.00197353 (RMSE ~0.0444244 m) | Time: 10 ms | CovTrace: 0.555401 | Converged: True
[hdl_localization_node-13] [INFO] [1790453548.085164654] [sim_ndt]: scan points: raw=1311 downsampled=1067 (leaf=0.05 m)
[hdl_localization_node-13] [INFO] [1790453548.098583373] [sim_ndt]: Metrics -> Error: 0.00189757 (RMSE ~0.0435611 m) | Time: 10 ms | CovTrace: 0.555402 | Converged: True
[hdl_localization_node-13] [INFO] [1790453548.290151140] [sim_ndt]: scan points: raw=1318 downsampled=1038 (leaf=0.05 m)
[hdl_localization_node-13] [INFO] [1790453548.297493629] [sim_ndt]: Metrics -> Error: 0.00188722 (RMSE ~0.0434421 m) | Time: 0 ms | CovTrace: 0.555403 | Converged: True
[trajectory_tracking_node-9] [WARN] [1790453548.305126606] [trajectory_tracking]: RM_GridMap predicted-path replan requested: collision_samples=0 trajectory_age=5.06
[trajectory_generator_node-7] [Manager REPLAN]  cur position point (X, Y) = (-5.422464, 0.620131), target point (X, Y) = (-0.919000, -4.454000)
[trajectory_generator_node-7] [Manager REPLAN] target_temp (X, Y) = (-0.919000, -4.454000)
[trajectory_generator_node-7] [Manager REPLAN] path safe & target unchanged, re-anchoring from cur pos
[trajectory_generator_node-7] [LBFGS] search direction d:  0.000335753 -0.000453391  -0.00278694 -0.000823743 -1.89516e-05   0.00452298 -0.000758537  -0.00030515 -3.61364e-05  3.09468e-05 -1.92801e-05   9.0375e-06 -1.80285e-06 -1.59741e-06 -1.78148e-06  9.79774e-05   7.4445e-05  5.93962e-05 -1.66543e-05  7.19843e-05  0.000220598 -0.000987866 -0.000826143  9.94422e-05 -0.000377541    0.0011457  0.000424968    0.0036173  -0.00100438  -0.00129546 -0.000118511   0.00208854   0.00101776  0.000894561  -7.7145e-05  5.75231e-05 -3.09641e-05  1.38091e-05 -5.96742e-06  7.08539e-06 -1.87417e-05 -1.98457e-05   4.3289e-05  2.39876e-05  1.64907e-05  1.59367e-05  0.000111309   -0.0020211  -0.00101582 -8.67884e-05  0.000192627 -0.000639868  0.000257293 -0.000146013         0.01 -6.11664e-06  0.000177993  9.24725e-06  1.99007e-05  2.85464e-05 -3.06683e-06  8.12296e-06 -4.14367e-06  1.73705e-06 -8.63398e-07  1.03536e-06 -2.28944e-06  3.90498e-06 -1.52486e-06  1.04188e-06  3.00717e-06 -9.35715e-06  2.84163e-05 -3.43798e-05  5.63544e-05 -4.42041e-05  9.63847e-05 -0.000176474   0.00133282
[trajectory_generator_node-7] [Smooth Optimize] MINCO reaches max evaluations: Line search reaches the maximum try number, assumptions not satisfied or precision not achievable.
[trajectory_generator_node-7] [Smooth Optimize] MINCO: cost=2.4 total_T=26.970(init 26.748) max_drift=0.192 max_vel=0.5 segs=27
[trajectory_generator_node-7] [Smooth Resample] resample
[trajectory_generator_node-7] [Smooth Resample] 28 -> 15 waypoints, 14 time segs, max_turn=39.4 deg
[trajectory_generator_node-7] [Reference] path size : 15
[trajectory_generator_node-7] [Reference] solvePolyMatrix ENTER: N=14, path_size=15, trap_time_size=14
[trajectory_generator_node-7] [Reference]   path[0]=(-5.4225,0.6201) path[1]=(-5.7997,0.2141) t[0]=2.002053 state_vel=(-0.2173,-0.1656)
[trajectory_generator_node-7] [Reference] banded solve done. b[0]=0.047259 b[N]=-0.709665 b2[0]=-0.026008 b2[N]=0.390947
[trajectory_generator_node-7] [Reference] solvePolyMatrix EXIT: polyX[0]=[-0.004601 0.023629 -0.217286 -5.422464]
[trajectory_generator_node-7] [Reference] solvePolyMatrix ENTER: N=14, path_size=15, trap_time_size=14
[trajectory_generator_node-7] [Reference]   path[0]=(-5.4225,0.6201) path[1]=(-5.7997,0.2141) t[0]=2.002053 state_vel=(-0.2173,-0.1656)
[trajectory_generator_node-7] [Reference] banded solve done. b[0]=0.047259 b[N]=-0.590316 b2[0]=-0.026008 b2[N]=0.326120
[trajectory_generator_node-7] [Reference] solvePolyMatrix EXIT: polyX[0]=[-0.004601 0.023629 -0.217286 -5.422464]
[trajectory_generator_node-7] [Reference] solvePolyMatrix ENTER: N=14, path_size=15, trap_time_size=14
[trajectory_generator_node-7] [Reference]   path[0]=(-5.4225,0.6201) path[1]=(-5.7997,0.2141) t[0]=2.002053 state_vel=(-0.2173,-0.1656)
[trajectory_generator_node-7] [Reference] banded solve done. b[0]=0.047259 b[N]=-0.491615 b2[0]=-0.026008 b2[N]=0.272461
[trajectory_generator_node-7] [Reference] solvePolyMatrix EXIT: polyX[0]=[-0.004601 0.023629 -0.217286 -5.422464]
[trajectory_generator_node-7] [Reference] solvePolyMatrix ENTER: N=14, path_size=15, trap_time_size=14
[trajectory_generator_node-7] [Reference]   path[0]=(-5.4225,0.6201) path[1]=(-5.7997,0.2141) t[0]=2.002053 state_vel=(-0.2173,-0.1656)
[trajectory_generator_node-7] [Reference] banded solve done. b[0]=0.047259 b[N]=-0.409947 b2[0]=-0.026008 b2[N]=0.228013
[trajectory_generator_node-7] [Reference] solvePolyMatrix EXIT: polyX[0]=[-0.004601 0.023629 -0.217286 -5.422464]
[trajectory_generator_node-7] [Reference] solvePolyMatrix ENTER: N=14, path_size=15, trap_time_size=14
[trajectory_generator_node-7] [Reference]   path[0]=(-5.4225,0.6201) path[1]=(-5.7997,0.2141) t[0]=2.002053 state_vel=(-0.2173,-0.1656)
[trajectory_generator_node-7] [Reference] banded solve done. b[0]=0.047259 b[N]=-0.342328 b2[0]=-0.026008 b2[N]=0.191162
[trajectory_generator_node-7] [Reference] solvePolyMatrix EXIT: polyX[0]=[-0.004601 0.023629 -0.217286 -5.422464]
[trajectory_generator_node-7] [Reference] solvePolyMatrix ENTER: N=14, path_size=15, trap_time_size=14
[trajectory_generator_node-7] [Reference]   path[0]=(-5.4225,0.6201) path[1]=(-5.7997,0.2141) t[0]=2.002053 state_vel=(-0.2173,-0.1656)
[trajectory_generator_node-7] [Reference] banded solve done. b[0]=0.047259 b[N]=-0.286301 b2[0]=-0.026008 b2[N]=0.160580
[trajectory_generator_node-7] [Reference] solvePolyMatrix EXIT: polyX[0]=[-0.004601 0.023629 -0.217286 -5.422464]
[trajectory_generator_node-7] [INFO] [1790453548.346928572] [trajectory_generation]: FSM published 14 trajectory pieces
[hdl_localization_node-13] [INFO] [1790453548.482865548] [sim_ndt]: scan points: raw=1321 downsampled=1044 (leaf=0.05 m)
[hdl_localization_node-13] [INFO] [1790453548.510012094] [sim_ndt]: Metrics -> Error: 0.001856 (RMSE ~0.0430813 m) | Time: 20 ms | CovTrace: 0.555404 | Converged: True
[hdl_localization_node-13] [INFO] [1790453548.692450814] [sim_ndt]: scan points: raw=1323 downsampled=1077 (leaf=0.05 m)
[hdl_localization_node-13] [INFO] [1790453548.703760312] [sim_ndt]: Metrics -> Error: 0.00155475 (RMSE ~0.0394304 m) | Time: 10 ms | CovTrace: 0.555406 | Converged: True
[hdl_localization_node-13] [INFO] [1790453548.888044827] [sim_ndt]: scan points: raw=1329 downsampled=1037 (leaf=0.05 m)
[hdl_localization_node-13] [INFO] [1790453548.902113169] [sim_ndt]: Metrics -> Error: 0.00153464 (RMSE ~0.0391745 m) | Time: 0 ms | CovTrace: 0.555407 | Converged: True
[hdl_localization_node-13] [WARN] [1790453548.908096977] [sim_ndt]: Point-LIO odometry unavailable or stale for /localization/odometry twist; publishing zero twist
[hdl_localization_node-13] [INFO] [1790453549.091412470] [sim_ndt]: scan points: raw=1332 downsampled=1068 (leaf=0.05 m)
[hdl_localization_node-13] [INFO] [1790453549.100995046] [sim_ndt]: Metrics -> Error: 0.00148084 (RMSE ~0.0384817 m) | Time: 10 ms | CovTrace: 0.555408 | Converged: True
[hdl_localization_node-13] [INFO] [1790453549.280345222] [sim_ndt]: scan points: raw=1335 downsampled=1059 (leaf=0.05 m)
[hdl_localization_node-13] [INFO] [1790453549.291192111] [sim_ndt]: Metrics -> Error: 0.00145099 (RMSE ~0.0380919 m) | Time: 10 ms | CovTrace: 0.555409 | Converged: True
[hdl_localization_node-13] [INFO] [1790453549.494517595] [sim_ndt]: scan points: raw=1333 downsampled=1027 (leaf=0.05 m)
[hdl_localization_node-13] [INFO] [1790453549.502214426] [sim_ndt]: Metrics -> Error: 0.00192203 (RMSE ~0.043841 m) | Time: 0 ms | CovTrace: 0.555411 | Converged: True
[hdl_localization_node-13] [INFO] [1790453549.703213392] [sim_ndt]: scan points: raw=1336 downsampled=1038 (leaf=0.05 m)
[hdl_localization_node-13] [INFO] [1790453549.728909086] [sim_ndt]: Metrics -> Error: 0.00258286 (RMSE ~0.0508218 m) | Time: 20 ms | CovTrace: 0.555412 | Converged: True
[hdl_localization_node-13] [INFO] [1790453549.900291497] [sim_ndt]: scan points: raw=1339 downsampled=1033 (leaf=0.05 m)
[hdl_localization_node-13] [INFO] [1790453549.909391593] [sim_ndt]: Metrics -> Error: 0.00226351 (RMSE ~0.0475764 m) | Time: 0 ms | CovTrace: 0.555413 | Converged: True
[hdl_localization_node-13] [INFO] [1790453550.101596208] [sim_ndt]: scan points: raw=1341 downsampled=1081 (leaf=0.05 m)
[hdl_localization_node-13] [INFO] [1790453550.111332691] [sim_ndt]: Metrics -> Error: 0.0021236 (RMSE ~0.0460825 m) | Time: 10 ms | CovTrace: 0.555414 | Converged: True
[hdl_localization_node-13] [INFO] [1790453550.282185485] [sim_ndt]: scan points: raw=1342 downsampled=1092 (leaf=0.05 m)
[hdl_localization_node-13] [INFO] [1790453550.305611213] [sim_ndt]: Metrics -> Error: 0.00222232 (RMSE ~0.0471415 m) | Time: 20 ms | CovTrace: 0.555415 | Converged: True
[hdl_localization_node-13] [INFO] [1790453550.483494646] [sim_ndt]: scan points: raw=1343 downsampled=1051 (leaf=0.05 m)
[hdl_localization_node-13] [INFO] [1790453550.502836126] [sim_ndt]: Metrics -> Error: 0.00220269 (RMSE ~0.0469328 m) | Time: 20 ms | CovTrace: 0.555417 | Converged: True
[hdl_localization_node-13] [INFO] [1790453550.708742287] [sim_ndt]: scan points: raw=1346 downsampled=1032 (leaf=0.05 m)
[hdl_localization_node-13] [INFO] [1790453550.726755941] [sim_ndt]: Metrics -> Error: 0.00216965 (RMSE ~0.0465795 m) | Time: 10 ms | CovTrace: 0.555418 | Converged: True
[hdl_localization_node-13] [INFO] [1790453550.916358970] [sim_ndt]: scan points: raw=1347 downsampled=1033 (leaf=0.05 m)
[hdl_localization_node-13] [INFO] [1790453550.931401903] [sim_ndt]: Metrics -> Error: 0.00197875 (RMSE ~0.0444832 m) | Time: 10 ms | CovTrace: 0.555419 | Converged: True
[hdl_localization_node-13] [INFO] [1790453551.096117722] [sim_ndt]: scan points: raw=1348 downsampled=1098 (leaf=0.05 m)
[hdl_localization_node-13] [INFO] [1790453551.121709912] [sim_ndt]: Metrics -> Error: 0.00197278 (RMSE ~0.0444159 m) | Time: 10 ms | CovTrace: 0.55542 | Converged: True
[hdl_localization_node-13] [INFO] [1790453551.296987319] [sim_ndt]: scan points: raw=1345 downsampled=1081 (leaf=0.05 m)
[hdl_localization_node-13] [INFO] [1790453551.315684510] [sim_ndt]: Metrics -> Error: 0.00224538 (RMSE ~0.0473854 m) | Time: 0 ms | CovTrace: 0.555421 | Converged: True
[hdl_localization_node-13] [INFO] [1790453551.501445940] [sim_ndt]: scan points: raw=1344 downsampled=1040 (leaf=0.05 m)
[hdl_localization_node-13] [INFO] [1790453551.531340730] [sim_ndt]: Metrics -> Error: 0.00229819 (RMSE ~0.0479394 m) | Time: 20 ms | CovTrace: 0.555423 | Converged: True
[hdl_localization_node-13] [INFO] [1790453551.695773538] [sim_ndt]: scan points: raw=1342 downsampled=1074 (leaf=0.05 m)
[hdl_localization_node-13] [INFO] [1790453551.706671066] [sim_ndt]: Metrics -> Error: 0.00267988 (RMSE ~0.0517675 m) | Time: 10 ms | CovTrace: 0.555424 | Converged: True
[hdl_localization_node-13] [INFO] [1790453551.888996012] [sim_ndt]: scan points: raw=1342 downsampled=1090 (leaf=0.05 m)
[hdl_localization_node-13] [INFO] [1790453551.898061409] [sim_ndt]: Metrics -> Error: 0.00274316 (RMSE ~0.0523752 m) | Time: 0 ms | CovTrace: 0.555425 | Converged: True
[hdl_localization_node-13] [INFO] [1790453552.094119794] [sim_ndt]: scan points: raw=1339 downsampled=1071 (leaf=0.05 m)
[hdl_localization_node-13] [INFO] [1790453552.105357553] [sim_ndt]: Metrics -> Error: 0.00275851 (RMSE ~0.0525215 m) | Time: 0 ms | CovTrace: 0.555426 | Converged: True
[hdl_localization_node-13] [INFO] [1790453552.293163686] [sim_ndt]: scan points: raw=1334 downsampled=1046 (leaf=0.05 m)
[hdl_localization_node-13] [INFO] [1790453552.308618948] [sim_ndt]: Metrics -> Error: 0.00298167 (RMSE ~0.0546046 m) | Time: 10 ms | CovTrace: 0.555427 | Converged: True
[hdl_localization_node-13] [INFO] [1790453552.488373133] [sim_ndt]: scan points: raw=1331 downsampled=1045 (leaf=0.05 m)
[hdl_localization_node-13] [INFO] [1790453552.508734810] [sim_ndt]: Metrics -> Error: 0.00303343 (RMSE ~0.0550765 m) | Time: 20 ms | CovTrace: 0.555429 | Converged: True
[hdl_localization_node-13] [INFO] [1790453552.690092802] [sim_ndt]: scan points: raw=1330 downsampled=1034 (leaf=0.05 m)
[hdl_localization_node-13] [INFO] [1790453552.696328925] [sim_ndt]: Metrics -> Error: 0.00307319 (RMSE ~0.0554363 m) | Time: 0 ms | CovTrace: 0.55543 | Converged: True
[hdl_localization_node-13] [INFO] [1790453552.900239027] [sim_ndt]: scan points: raw=1333 downsampled=1013 (leaf=0.05 m)
[hdl_localization_node-13] [INFO] [1790453552.908741006] [sim_ndt]: Metrics -> Error: 0.00319232 (RMSE ~0.0565006 m) | Time: 0 ms | CovTrace: 0.555431 | Converged: True
[hdl_localization_node-13] [INFO] [1790453553.082215020] [sim_ndt]: scan points: raw=1333 downsampled=997 (leaf=0.05 m)
[hdl_localization_node-13] [INFO] [1790453553.090736923] [sim_ndt]: Metrics -> Error: 0.00333039 (RMSE ~0.0577095 m) | Time: 10 ms | CovTrace: 0.555432 | Converged: True
[hdl_localization_node-13] [INFO] [1790453553.288592346] [sim_ndt]: scan points: raw=1333 downsampled=985 (leaf=0.05 m)
[hdl_localization_node-13] [INFO] [1790453553.301500212] [sim_ndt]: Metrics -> Error: 0.00326172 (RMSE ~0.0571115 m) | Time: 0 ms | CovTrace: 0.555434 | Converged: True
[hdl_localization_node-13] [INFO] [1790453553.497592978] [sim_ndt]: scan points: raw=1335 downsampled=1005 (leaf=0.05 m)
[hdl_localization_node-13] [INFO] [1790453553.508233496] [sim_ndt]: Metrics -> Error: 0.00323332 (RMSE ~0.0568623 m) | Time: 0 ms | CovTrace: 0.555435 | Converged: True
[trajectory_tracking_node-9] [WARN] [1790453553.525700713] [trajectory_tracking]: RM_GridMap predicted-path replan requested: collision_samples=0 trajectory_age=5.17
[trajectory_generator_node-7] [Manager REPLAN]  cur position point (X, Y) = (-6.162779, -0.628296), target point (X, Y) = (-0.919000, -4.454000)
[trajectory_generator_node-7] [Manager REPLAN] target_temp (X, Y) = (-0.919000, -4.454000)
[trajectory_generator_node-7] [Manager REPLAN] path safe & target unchanged, re-anchoring from cur pos
[trajectory_generator_node-7] [LBFGS] search direction d:   0.00147213   0.00344575  -0.00487222 -0.000658217  0.000592235 -0.000385797  0.000226726 -0.000144989   0.00011928 -3.95055e-05  0.000156802 -0.000450271 -0.000442882 -4.45728e-06 -0.000830463  0.000823791   0.00548759  -0.00274409 -0.000463965  0.000600434  -0.00221311  -0.00225911  -0.00178315 -0.000601936  -0.00101092  0.000652296 -0.000391485    0.0002572  -0.00021752  0.000234192 -8.75012e-05 -0.000561207 -0.000334122  3.68673e-05 -0.000752142 -0.000186005 -0.000975432  -0.00195932   0.00210894 -0.000588766   0.00093275  -0.00164858    0.0103569 -0.000858456   0.00125428  0.000141984  -7.6401e-06   6.9338e-06 -5.03159e-06    1.989e-05 -6.57424e-05  0.000159388 -0.000229287   0.00026788 -0.000158586  9.71096e-05   6.0897e-05  6.91714e-05 -0.000243652   0.00123493   0.00271274   0.00178312  -0.00448755    0.0281555
[trajectory_generator_node-7] [Smooth Optimize] MINCO reaches max evaluations: Line search reaches the maximum try number, assumptions not satisfied or precision not achievable.
[trajectory_generator_node-7] [Smooth Optimize] MINCO: cost=0.6 total_T=22.354(init 21.801) max_drift=0.085 max_vel=0.4 segs=22
[trajectory_generator_node-7] [Smooth Resample] resample
[trajectory_generator_node-7] [Smooth Resample] 23 -> 12 waypoints, 11 time segs, max_turn=13.1 deg
[trajectory_generator_node-7] [Reference] path size : 12
[trajectory_generator_node-7] [Reference] solvePolyMatrix ENTER: N=11, path_size=12, trap_time_size=11
[trajectory_generator_node-7] [Reference]   path[0]=(-6.1628,-0.6283) path[1]=(-5.7635,-1.0956) t[0]=2.059153 state_vel=(-0.0269,-0.2536)
[trajectory_generator_node-7] [Reference] banded solve done. b[0]=0.352546 b[N]=-0.475356 b2[0]=0.015456 b2[N]=0.249004
[trajectory_generator_node-7] [Reference] solvePolyMatrix EXIT: polyX[0]=[-0.033518 0.176273 -0.026950 -6.162779]
[trajectory_generator_node-7] [Reference] solvePolyMatrix ENTER: N=11, path_size=12, trap_time_size=11
[trajectory_generator_node-7] [Reference]   path[0]=(-6.1628,-0.6283) path[1]=(-5.7635,-1.0956) t[0]=2.265068 state_vel=(-0.0269,-0.2536)
[trajectory_generator_node-7] [Reference] banded solve done. b[0]=0.297463 b[N]=-0.396051 b2[0]=0.045655 b2[N]=0.207555
[trajectory_generator_node-7] [Reference] solvePolyMatrix EXIT: polyX[0]=[-0.026052 0.148731 -0.026950 -6.162779]
[trajectory_generator_node-7] [Reference] solvePolyMatrix ENTER: N=11, path_size=12, trap_time_size=11
[trajectory_generator_node-7] [Reference]   path[0]=(-6.1628,-0.6283) path[1]=(-5.7635,-1.0956) t[0]=2.265068 state_vel=(-0.0269,-0.2536)
[trajectory_generator_node-7] [Reference] banded solve done. b[0]=0.297463 b[N]=-0.330390 b2[0]=0.045655 b2[N]=0.173253
[trajectory_generator_node-7] [Reference] solvePolyMatrix EXIT: polyX[0]=[-0.026052 0.148732 -0.026950 -6.162779]
[trajectory_generator_node-7] [Reference] solvePolyMatrix ENTER: N=11, path_size=12, trap_time_size=11
[trajectory_generator_node-7] [Reference]   path[0]=(-6.1628,-0.6283) path[1]=(-5.7635,-1.0956) t[0]=2.265068 state_vel=(-0.0269,-0.2536)
[trajectory_generator_node-7] [Reference] banded solve done. b[0]=0.297463 b[N]=-0.275991 b2[0]=0.045655 b2[N]=0.144844
[trajectory_generator_node-7] [Reference] solvePolyMatrix EXIT: polyX[0]=[-0.026052 0.148732 -0.026950 -6.162779]
[trajectory_generator_node-7] [INFO] [1790453553.561320195] [trajectory_generation]: FSM published 11 trajectory pieces
[hdl_localization_node-13] [INFO] [1790453553.695474116] [sim_ndt]: scan points: raw=1335 downsampled=1025 (leaf=0.05 m)
[hdl_localization_node-13] [INFO] [1790453553.706241010] [sim_ndt]: Metrics -> Error: 0.00325296 (RMSE ~0.0570348 m) | Time: 10 ms | CovTrace: 0.555436 | Converged: True
[hdl_localization_node-13] [INFO] [1790453553.892745628] [sim_ndt]: scan points: raw=1337 downsampled=1061 (leaf=0.05 m)
[hdl_localization_node-13] [INFO] [1790453553.909976219] [sim_ndt]: Metrics -> Error: 0.00351505 (RMSE ~0.0592879 m) | Time: 0 ms | CovTrace: 0.555437 | Converged: True
[hdl_localization_node-13] [WARN] [1790453553.916518440] [sim_ndt]: Point-LIO odometry unavailable or stale for /localization/odometry twist; publishing zero twist
[hdl_localization_node-13] [INFO] [1790453554.090298913] [sim_ndt]: scan points: raw=1337 downsampled=1083 (leaf=0.05 m)
[hdl_localization_node-13] [INFO] [1790453554.096332887] [sim_ndt]: Metrics -> Error: 0.00350528 (RMSE ~0.0592054 m) | Time: 0 ms | CovTrace: 0.555438 | Converged: True
[hdl_localization_node-13] [INFO] [1790453554.290277515] [sim_ndt]: scan points: raw=1340 downsampled=1030 (leaf=0.05 m)
[hdl_localization_node-13] [INFO] [1790453554.297487973] [sim_ndt]: Metrics -> Error: 0.00351386 (RMSE ~0.0592778 m) | Time: 0 ms | CovTrace: 0.55544 | Converged: True
[hdl_localization_node-13] [INFO] [1790453554.490607199] [sim_ndt]: scan points: raw=1342 downsampled=1078 (leaf=0.05 m)
[hdl_localization_node-13] [INFO] [1790453554.513863014] [sim_ndt]: Metrics -> Error: 0.00340532 (RMSE ~0.0583551 m) | Time: 20 ms | CovTrace: 0.555441 | Converged: True
[hdl_localization_node-13] [INFO] [1790453554.684332391] [sim_ndt]: scan points: raw=1343 downsampled=1073 (leaf=0.05 m)
[hdl_localization_node-13] [INFO] [1790453554.694878409] [sim_ndt]: Metrics -> Error: 0.00355472 (RMSE ~0.0596214 m) | Time: 0 ms | CovTrace: 0.555442 | Converged: True
[hdl_localization_node-13] [INFO] [1790453554.887966722] [sim_ndt]: scan points: raw=1342 downsampled=1082 (leaf=0.05 m)
[hdl_localization_node-13] [INFO] [1790453554.896840797] [sim_ndt]: Metrics -> Error: 0.00319144 (RMSE ~0.0564928 m) | Time: 0 ms | CovTrace: 0.555443 | Converged: True
[hdl_localization_node-13] [INFO] [1790453555.094412503] [sim_ndt]: scan points: raw=1341 downsampled=1073 (leaf=0.05 m)
[hdl_localization_node-13] [INFO] [1790453555.102848897] [sim_ndt]: Metrics -> Error: 0.00348473 (RMSE ~0.0590316 m) | Time: 10 ms | CovTrace: 0.555444 | Converged: True
[hdl_localization_node-13] [INFO] [1790453555.292793882] [sim_ndt]: scan points: raw=1341 downsampled=1099 (leaf=0.05 m)
[hdl_localization_node-13] [INFO] [1790453555.325940178] [sim_ndt]: Metrics -> Error: 0.00344766 (RMSE ~0.0587168 m) | Time: 30 ms | CovTrace: 0.555446 | Converged: True
[hdl_localization_node-13] [INFO] [1790453555.500919029] [sim_ndt]: scan points: raw=1342 downsampled=1116 (leaf=0.05 m)
[hdl_localization_node-13] [INFO] [1790453555.510950234] [sim_ndt]: Metrics -> Error: 0.00345753 (RMSE ~0.0588008 m) | Time: 10 ms | CovTrace: 0.555447 | Converged: True
[hdl_localization_node-13] [INFO] [1790453555.691653924] [sim_ndt]: scan points: raw=1343 downsampled=1063 (leaf=0.05 m)
[hdl_localization_node-13] [INFO] [1790453555.698334429] [sim_ndt]: Metrics -> Error: 0.00328044 (RMSE ~0.0572751 m) | Time: 0 ms | CovTrace: 0.555448 | Converged: True
[hdl_localization_node-13] [INFO] [1790453555.895841134] [sim_ndt]: scan points: raw=1345 downsampled=1121 (leaf=0.05 m)
[hdl_localization_node-13] [INFO] [1790453555.906884975] [sim_ndt]: Metrics -> Error: 0.0030436 (RMSE ~0.0551688 m) | Time: 0 ms | CovTrace: 0.555449 | Converged: True
[hdl_localization_node-13] [INFO] [1790453556.078400137] [sim_ndt]: scan points: raw=1344 downsampled=1164 (leaf=0.05 m)
[hdl_localization_node-13] [INFO] [1790453556.086296093] [sim_ndt]: Metrics -> Error: 0.00289809 (RMSE ~0.0538339 m) | Time: 0 ms | CovTrace: 0.555451 | Converged: True
[hdl_localization_node-13] [INFO] [1790453556.287558396] [sim_ndt]: scan points: raw=1341 downsampled=1111 (leaf=0.05 m)
[hdl_localization_node-13] [INFO] [1790453556.292294453] [sim_ndt]: Metrics -> Error: 0.00258489 (RMSE ~0.0508419 m) | Time: 0 ms | CovTrace: 0.555452 | Converged: True
[hdl_localization_node-13] [INFO] [1790453556.490010967] [sim_ndt]: scan points: raw=1344 downsampled=1128 (leaf=0.05 m)
[hdl_localization_node-13] [INFO] [1790453556.515418240] [sim_ndt]: Metrics -> Error: 0.00252351 (RMSE ~0.0502345 m) | Time: 20 ms | CovTrace: 0.555453 | Converged: True
[hdl_localization_node-13] [INFO] [1790453556.699467831] [sim_ndt]: scan points: raw=1343 downsampled=1183 (leaf=0.05 m)
[hdl_localization_node-13] [INFO] [1790453556.707726821] [sim_ndt]: Metrics -> Error: 0.00249193 (RMSE ~0.0499192 m) | Time: 0 ms | CovTrace: 0.555454 | Converged: True
[hdl_localization_node-13] [INFO] [1790453556.890363392] [sim_ndt]: scan points: raw=1342 downsampled=1138 (leaf=0.05 m)
[hdl_localization_node-13] [INFO] [1790453556.916378608] [sim_ndt]: Metrics -> Error: 0.00245922 (RMSE ~0.0495906 m) | Time: 20 ms | CovTrace: 0.555455 | Converged: True
[hdl_localization_node-13] [INFO] [1790453557.085672610] [sim_ndt]: scan points: raw=1343 downsampled=1095 (leaf=0.05 m)
[hdl_localization_node-13] [INFO] [1790453557.099765636] [sim_ndt]: Metrics -> Error: 0.00250061 (RMSE ~0.0500061 m) | Time: 10 ms | CovTrace: 0.555457 | Converged: True
[hdl_localization_node-13] [INFO] [1790453557.296614188] [sim_ndt]: scan points: raw=1341 downsampled=1133 (leaf=0.05 m)
[hdl_localization_node-13] [INFO] [1790453557.316019183] [sim_ndt]: Metrics -> Error: 0.00218223 (RMSE ~0.0467144 m) | Time: 20 ms | CovTrace: 0.555458 | Converged: True
[hdl_localization_node-13] [INFO] [1790453557.493528733] [sim_ndt]: scan points: raw=1341 downsampled=1055 (leaf=0.05 m)
[hdl_localization_node-13] [INFO] [1790453557.507662813] [sim_ndt]: Metrics -> Error: 0.00208575 (RMSE ~0.04567 m) | Time: 10 ms | CovTrace: 0.555459 | Converged: True
[hdl_localization_node-13] [INFO] [1790453557.691086292] [sim_ndt]: scan points: raw=1342 downsampled=1146 (leaf=0.05 m)
[hdl_localization_node-13] [INFO] [1790453557.703064476] [sim_ndt]: Metrics -> Error: 0.00200191 (RMSE ~0.0447427 m) | Time: 10 ms | CovTrace: 0.55546 | Converged: True
[hdl_localization_node-13] [INFO] [1790453557.896343122] [sim_ndt]: scan points: raw=1338 downsampled=1152 (leaf=0.05 m)
[hdl_localization_node-13] [INFO] [1790453557.913930558] [sim_ndt]: Metrics -> Error: 0.00207624 (RMSE ~0.0455658 m) | Time: 10 ms | CovTrace: 0.555461 | Converged: True
[hdl_localization_node-13] [INFO] [1790453558.082139506] [sim_ndt]: scan points: raw=1338 downsampled=1065 (leaf=0.05 m)
[hdl_localization_node-13] [INFO] [1790453558.095512252] [sim_ndt]: Metrics -> Error: 0.00197393 (RMSE ~0.044429 m) | Time: 10 ms | CovTrace: 0.555463 | Converged: True
[hdl_localization_node-13] [INFO] [1790453558.304005605] [sim_ndt]: scan points: raw=1337 downsampled=1087 (leaf=0.05 m)
[hdl_localization_node-13] [INFO] [1790453558.310784139] [sim_ndt]: Metrics -> Error: 0.00191908 (RMSE ~0.0438073 m) | Time: 10 ms | CovTrace: 0.555464 | Converged: True
[hdl_localization_node-13] [INFO] [1790453558.496527158] [sim_ndt]: scan points: raw=1335 downsampled=1083 (leaf=0.05 m)
[hdl_localization_node-13] [INFO] [1790453558.513043958] [sim_ndt]: Metrics -> Error: 0.00191782 (RMSE ~0.0437929 m) | Time: 10 ms | CovTrace: 0.555465 | Converged: True
[hdl_localization_node-13] [INFO] [1790453558.696164806] [sim_ndt]: scan points: raw=1334 downsampled=1136 (leaf=0.05 m)
[hdl_localization_node-13] [INFO] [1790453558.721202494] [sim_ndt]: Metrics -> Error: 0.00205127 (RMSE ~0.0452909 m) | Time: 20 ms | CovTrace: 0.555466 | Converged: True
[trajectory_tracking_node-9] [WARN] [1790453558.732450355] [trajectory_tracking]: RM_GridMap predicted-path replan requested: collision_samples=0 trajectory_age=5.16
[trajectory_generator_node-7] [Manager REPLAN]  cur position point (X, Y) = (-5.140711, -1.567132), target point (X, Y) = (-0.919000, -4.454000)
[trajectory_generator_node-7] [Manager REPLAN] target_temp (X, Y) = (-0.919000, -4.454000)
[trajectory_generator_node-7] [Manager REPLAN] robot 1.39m from path, full replan
[trajectory_generator_node-7] [Manager] start point, (x, y): (-5.14, -1.57)
[trajectory_generator_node-7] [Manager] receive target, (x, y): (-0.92, -4.45)
[trajectory_generator_node-7] [Topo]: m_graph before num: 1602
[hdl_localization_node-13] [INFO] [1790453558.904530847] [sim_ndt]: scan points: raw=1336 downsampled=1126 (leaf=0.05 m)
[hdl_localization_node-13] [INFO] [1790453558.923209335] [sim_ndt]: Metrics -> Error: 0.00182499 (RMSE ~0.0427199 m) | Time: 20 ms | CovTrace: 0.555467 | Converged: True
[hdl_localization_node-13] [WARN] [1790453558.934538250] [sim_ndt]: Point-LIO odometry unavailable or stale for /localization/odometry twist; publishing zero twist
[hdl_localization_node-13] [INFO] [1790453559.087482087] [sim_ndt]: scan points: raw=1333 downsampled=1117 (leaf=0.05 m)
[hdl_localization_node-13] [INFO] [1790453559.117784922] [sim_ndt]: Metrics -> Error: 0.00188538 (RMSE ~0.0434209 m) | Time: 20 ms | CovTrace: 0.555469 | Converged: True
[trajectory_generator_node-7] [Topo]: dijkstra time: 0.019579
[trajectory_generator_node-7] [Topo]: topo search time: 0.480650
[trajectory_generator_node-7] [Topo]: m_graph num: 2538
[trajectory_generator_node-7] [DIAG] origin_path (Dijkstra) size: 2
[trajectory_generator_node-7] [DIAG]   origin[0]: (-5.141, -1.567, 0.015)
[trajectory_generator_node-7] [DIAG]   origin[1]: (-0.919, -4.454, 0.015)
[trajectory_generator_node-7] [DIAG] lineVisib(start→end DIRECT): TRUE(!!)  colli=(-5.14,-1.57)
[trajectory_generator_node-7] [DIAG] direct line: 102 steps, 0 wall cells
[trajectory_generator_node-7] [smoothTopoPath] INPUT size=2
[trajectory_generator_node-7] [smoothTopoPath]   in[0]: (-5.141, -1.567, 0.015)
[trajectory_generator_node-7] [smoothTopoPath]   in[1]: (-0.919, -4.454, 0.015)
[trajectory_generator_node-7] [smoothTopoPath] lineVisib(start→end): TRUE(!)  colli=(0.00,0.00)
[trajectory_generator_node-7] [smoothTopoPath] OUTPUT size=2, iter_count=1
[trajectory_generator_node-7] [smoothTopoPath]   out[0]: (-5.141, -1.567, 0.015)
[trajectory_generator_node-7] [smoothTopoPath]   out[1]: (-0.919, -4.454, 0.015)
[trajectory_generator_node-7] [DIAG] optimized_path (smoothTopoPath) size: 2
[trajectory_generator_node-7] [DIAG]   opt[0]: (-5.141, -1.567, 0.015)
[trajectory_generator_node-7] [DIAG]   opt[1]: (-0.919, -4.454, 0.015)
[trajectory_generator_node-7] optimized_path size: 2
[trajectory_generator_node-7] [Manager] reference_speed: (0.30)
[trajectory_generator_node-7] [LBFGS] search direction d:  7.50702e-06  -6.3495e-06  9.21713e-07  1.74998e-06 -2.09016e-06  1.81026e-06 -1.00725e-06 -6.88386e-07  3.04164e-06 -5.04249e-06   5.6816e-06 -5.02459e-06  2.22292e-06 -5.55821e-06 -2.17219e-06  2.81228e-06  5.44024e-06 -5.18208e-06  5.14907e-06 -2.89635e-06  5.99192e-07  1.70712e-06 -3.61359e-06  5.13114e-06 -5.75762e-06   5.1326e-06 -3.63743e-06  2.18569e-06 -2.30906e-06 -7.49902e-07  8.83498e-06 -9.60024e-06  0.000574183   0.00021348 -8.11209e-05 -5.29834e-05  7.84455e-05 -4.88518e-05  2.58008e-05 -1.34049e-05  1.92759e-05 -3.67776e-05  8.69449e-05 -0.000157266  0.000222905 -6.69205e-05 -0.000108092  1.65873e-05   0.00389457
[trajectory_generator_node-7] [Smooth Optimize] MINCO reaches max evaluations: Line search reaches the maximum try number, assumptions not satisfied or precision not achievable.
[trajectory_generator_node-7] [Smooth Optimize] MINCO: cost=0.0 total_T=18.151(init 17.048) max_drift=0.003 max_vel=0.3 segs=17
[trajectory_generator_node-7] [Smooth Resample] resample
[trajectory_generator_node-7] [Smooth Resample] 18 -> 10 waypoints, 9 time segs, max_turn=0.1 deg
[trajectory_generator_node-7] [Manager] optimizer generate time: 0.008433
[trajectory_generator_node-7] [Reference] path size : 10
[trajectory_generator_node-7] [Reference] solvePolyMatrix ENTER: N=9, path_size=10, trap_time_size=9
[trajectory_generator_node-7] [Reference]   path[0]=(-5.1407,-1.5671) path[1]=(-4.6453,-1.9051) t[0]=2.207270 state_vel=(0.1833,-0.1579)
[trajectory_generator_node-7] [Reference] banded solve done. b[0]=0.054093 b[N]=-0.163480 b2[0]=0.015303 b2[N]=0.111766
[trajectory_generator_node-7] [Reference] solvePolyMatrix EXIT: polyX[0]=[-0.003814 0.027046 0.183332 -5.140711]
[trajectory_generator_node-7] [INFO] [1790453559.251600372] [trajectory_generation]: FSM published 9 trajectory pieces
[hdl_localization_node-13] [INFO] [1790453559.295087135] [sim_ndt]: scan points: raw=1331 downsampled=1027 (leaf=0.05 m)
[hdl_localization_node-13] [INFO] [1790453559.305058213] [sim_ndt]: Metrics -> Error: 0.00182871 (RMSE ~0.0427634 m) | Time: 10 ms | CovTrace: 0.55547 | Converged: True
[hdl_localization_node-13] [INFO] [1790453559.501580199] [sim_ndt]: scan points: raw=1327 downsampled=1117 (leaf=0.05 m)
[hdl_localization_node-13] [INFO] [1790453559.519718224] [sim_ndt]: Metrics -> Error: 0.00119476 (RMSE ~0.0345653 m) | Time: 10 ms | CovTrace: 0.555471 | Converged: True
[hdl_localization_node-13] [INFO] [1790453559.697980055] [sim_ndt]: scan points: raw=1329 downsampled=1119 (leaf=0.05 m)
[hdl_localization_node-13] [INFO] [1790453559.711136396] [sim_ndt]: Metrics -> Error: 0.00110751 (RMSE ~0.0332793 m) | Time: 10 ms | CovTrace: 0.555472 | Converged: True
[hdl_localization_node-13] [INFO] [1790453559.888894851] [sim_ndt]: scan points: raw=1329 downsampled=1087 (leaf=0.05 m)
[hdl_localization_node-13] [INFO] [1790453559.894547536] [sim_ndt]: Metrics -> Error: 0.00100546 (RMSE ~0.0317089 m) | Time: 0 ms | CovTrace: 0.555474 | Converged: True
[hdl_localization_node-13] [INFO] [1790453560.088741772] [sim_ndt]: scan points: raw=1330 downsampled=1128 (leaf=0.05 m)
[hdl_localization_node-13] [INFO] [1790453560.100044247] [sim_ndt]: Metrics -> Error: 0.00102664 (RMSE ~0.0320413 m) | Time: 10 ms | CovTrace: 0.555475 | Converged: True
[hdl_localization_node-13] [INFO] [1790453560.287330085] [sim_ndt]: scan points: raw=1327 downsampled=1105 (leaf=0.05 m)
[hdl_localization_node-13] [INFO] [1790453560.296158194] [sim_ndt]: Metrics -> Error: 0.00103379 (RMSE ~0.0321525 m) | Time: 0 ms | CovTrace: 0.555476 | Converged: True
[hdl_localization_node-13] [INFO] [1790453560.495537639] [sim_ndt]: scan points: raw=1324 downsampled=1032 (leaf=0.05 m)
[hdl_localization_node-13] [INFO] [1790453560.503481369] [sim_ndt]: Metrics -> Error: 0.00113641 (RMSE ~0.0337107 m) | Time: 10 ms | CovTrace: 0.555477 | Converged: True
[hdl_localization_node-13] [INFO] [1790453560.690989172] [sim_ndt]: scan points: raw=1320 downsampled=1148 (leaf=0.05 m)
[hdl_localization_node-13] [INFO] [1790453560.708794186] [sim_ndt]: Metrics -> Error: 0.0011215 (RMSE ~0.0334889 m) | Time: 10 ms | CovTrace: 0.555479 | Converged: True
[hdl_localization_node-13] [INFO] [1790453560.915700799] [sim_ndt]: scan points: raw=1318 downsampled=1042 (leaf=0.05 m)
[hdl_localization_node-13] [INFO] [1790453560.951621193] [sim_ndt]: Metrics -> Error: 0.00144992 (RMSE ~0.0380778 m) | Time: 30 ms | CovTrace: 0.55548 | Converged: True
[hdl_localization_node-13] [INFO] [1790453561.110672206] [sim_ndt]: scan points: raw=1321 downsampled=1054 (leaf=0.05 m)
[hdl_localization_node-13] [INFO] [1790453561.122777161] [sim_ndt]: Metrics -> Error: 0.00175617 (RMSE ~0.0419067 m) | Time: 10 ms | CovTrace: 0.555481 | Converged: True
[hdl_localization_node-13] [INFO] [1790453561.303937172] [sim_ndt]: scan points: raw=1317 downsampled=1095 (leaf=0.05 m)
[hdl_localization_node-13] [INFO] [1790453561.323479479] [sim_ndt]: Metrics -> Error: 0.00177329 (RMSE ~0.0421105 m) | Time: 20 ms | CovTrace: 0.555482 | Converged: True
[hdl_localization_node-13] [INFO] [1790453561.490898167] [sim_ndt]: scan points: raw=1318 downsampled=1094 (leaf=0.05 m)
[hdl_localization_node-13] [INFO] [1790453561.501558429] [sim_ndt]: Metrics -> Error: 0.00171784 (RMSE ~0.0414468 m) | Time: 0 ms | CovTrace: 0.555483 | Converged: True
[hdl_localization_node-13] [INFO] [1790453561.699765830] [sim_ndt]: scan points: raw=1318 downsampled=1090 (leaf=0.05 m)
[hdl_localization_node-13] [INFO] [1790453561.722161030] [sim_ndt]: Metrics -> Error: 0.0017838 (RMSE ~0.0422351 m) | Time: 20 ms | CovTrace: 0.555484 | Converged: True
[hdl_localization_node-13] [INFO] [1790453561.899094257] [sim_ndt]: scan points: raw=1316 downsampled=1136 (leaf=0.05 m)
[hdl_localization_node-13] [INFO] [1790453561.917463274] [sim_ndt]: Metrics -> Error: 0.00167392 (RMSE ~0.0409136 m) | Time: 10 ms | CovTrace: 0.555486 | Converged: True
[hdl_localization_node-13] [INFO] [1790453562.094473058] [sim_ndt]: scan points: raw=1317 downsampled=1063 (leaf=0.05 m)
[hdl_localization_node-13] [INFO] [1790453562.102489070] [sim_ndt]: Metrics -> Error: 0.00177584 (RMSE ~0.0421407 m) | Time: 10 ms | CovTrace: 0.555487 | Converged: True
[hdl_localization_node-13] [INFO] [1790453562.301043742] [sim_ndt]: scan points: raw=1315 downsampled=1103 (leaf=0.05 m)
[hdl_localization_node-13] [INFO] [1790453562.316297112] [sim_ndt]: Metrics -> Error: 0.00175028 (RMSE ~0.0418364 m) | Time: 0 ms | CovTrace: 0.555488 | Converged: True
[hdl_localization_node-13] [INFO] [1790453562.503410215] [sim_ndt]: scan points: raw=1317 downsampled=1109 (leaf=0.05 m)
[hdl_localization_node-13] [INFO] [1790453562.515209675] [sim_ndt]: Metrics -> Error: 0.00168708 (RMSE ~0.0410741 m) | Time: 10 ms | CovTrace: 0.555489 | Converged: True
[hdl_localization_node-13] [INFO] [1790453562.695199068] [sim_ndt]: scan points: raw=1314 downsampled=1016 (leaf=0.05 m)
[hdl_localization_node-13] [INFO] [1790453562.710385584] [sim_ndt]: Metrics -> Error: 0.00163431 (RMSE ~0.0404266 m) | Time: 20 ms | CovTrace: 0.55549 | Converged: True
[hdl_localization_node-13] [INFO] [1790453562.901851061] [sim_ndt]: scan points: raw=1320 downsampled=1060 (leaf=0.05 m)
[hdl_localization_node-13] [INFO] [1790453562.911343346] [sim_ndt]: Metrics -> Error: 0.00179013 (RMSE ~0.0423099 m) | Time: 0 ms | CovTrace: 0.555492 | Converged: True
[hdl_localization_node-13] [INFO] [1790453563.100570735] [sim_ndt]: scan points: raw=1322 downsampled=1066 (leaf=0.05 m)
[hdl_localization_node-13] [INFO] [1790453563.131128772] [sim_ndt]: Metrics -> Error: 0.00159832 (RMSE ~0.039979 m) | Time: 30 ms | CovTrace: 0.555493 | Converged: True
[hdl_localization_node-13] [INFO] [1790453563.298044744] [sim_ndt]: scan points: raw=1318 downsampled=1087 (leaf=0.05 m)
[hdl_localization_node-13] [INFO] [1790453563.312652901] [sim_ndt]: Metrics -> Error: 0.00175088 (RMSE ~0.0418435 m) | Time: 0 ms | CovTrace: 0.555494 | Converged: True
[hdl_localization_node-13] [INFO] [1790453563.486921042] [sim_ndt]: scan points: raw=1321 downsampled=1103 (leaf=0.05 m)
[hdl_localization_node-13] [INFO] [1790453563.512304339] [sim_ndt]: Metrics -> Error: 0.00165183 (RMSE ~0.0406427 m) | Time: 10 ms | CovTrace: 0.555495 | Converged: True
[hdl_localization_node-13] [INFO] [1790453563.721032006] [sim_ndt]: scan points: raw=1319 downsampled=1077 (leaf=0.05 m)
[hdl_localization_node-13] [INFO] [1790453563.738074510] [sim_ndt]: Metrics -> Error: 0.00172468 (RMSE ~0.0415293 m) | Time: 20 ms | CovTrace: 0.555497 | Converged: True
[hdl_localization_node-13] [INFO] [1790453563.891300010] [sim_ndt]: scan points: raw=1319 downsampled=1127 (leaf=0.05 m)
[hdl_localization_node-13] [INFO] [1790453563.907471388] [sim_ndt]: Metrics -> Error: 0.00167782 (RMSE ~0.0409612 m) | Time: 10 ms | CovTrace: 0.555498 | Converged: True
[hdl_localization_node-13] [INFO] [1790453564.101509279] [sim_ndt]: scan points: raw=1319 downsampled=1069 (leaf=0.05 m)
[hdl_localization_node-13] [INFO] [1790453564.118480586] [sim_ndt]: Metrics -> Error: 0.00173016 (RMSE ~0.0415952 m) | Time: 10 ms | CovTrace: 0.555499 | Converged: True
[hdl_localization_node-13] [WARN] [1790453564.120951792] [sim_ndt]: Point-LIO odometry unavailable or stale for /localization/odometry twist; publishing zero twist
[hdl_localization_node-13] [INFO] [1790453564.291463148] [sim_ndt]: scan points: raw=1316 downsampled=1088 (leaf=0.05 m)
[hdl_localization_node-13] [INFO] [1790453564.297622780] [sim_ndt]: Metrics -> Error: 0.00183224 (RMSE ~0.0428047 m) | Time: 10 ms | CovTrace: 0.5555 | Converged: True
[trajectory_tracking_node-9] [WARN] [1790453564.305637758] [trajectory_tracking]: RM_GridMap predicted-path replan requested: collision_samples=0 trajectory_age=5.03
[trajectory_generator_node-7] [Manager REPLAN]  cur position point (X, Y) = (-3.938169, -2.371286), target point (X, Y) = (-0.919000, -4.454000)
[trajectory_generator_node-7] [Manager REPLAN] target_temp (X, Y) = (-0.919000, -4.454000)
[trajectory_generator_node-7] [Manager REPLAN] robot 1.45m from path, full replan
[trajectory_generator_node-7] [Manager] start point, (x, y): (-3.94, -2.37)
[trajectory_generator_node-7] [Manager] receive target, (x, y): (-0.92, -4.45)
[trajectory_generator_node-7] [Topo]: m_graph before num: 1602
[hdl_localization_node-13] [INFO] [1790453564.486489902] [sim_ndt]: scan points: raw=1321 downsampled=1125 (leaf=0.05 m)
[hdl_localization_node-13] [INFO] [1790453564.499223060] [sim_ndt]: Metrics -> Error: 0.00172982 (RMSE ~0.0415912 m) | Time: 0 ms | CovTrace: 0.555501 | Converged: True
[hdl_localization_node-13] [INFO] [1790453564.705275156] [sim_ndt]: scan points: raw=1321 downsampled=1075 (leaf=0.05 m)
[hdl_localization_node-13] [INFO] [1790453564.716721081] [sim_ndt]: Metrics -> Error: 0.00156739 (RMSE ~0.0395903 m) | Time: 0 ms | CovTrace: 0.555502 | Converged: True
[trajectory_generator_node-7] [Topo]: dijkstra time: 0.022416
[trajectory_generator_node-7] [Topo]: topo search time: 0.463162
[trajectory_generator_node-7] [Topo]: m_graph num: 2546
[trajectory_generator_node-7] [DIAG] origin_path (Dijkstra) size: 2
[trajectory_generator_node-7] [DIAG]   origin[0]: (-3.938, -2.371, 0.015)
[trajectory_generator_node-7] [DIAG]   origin[1]: (-0.919, -4.454, 0.015)
[trajectory_generator_node-7] [DIAG] lineVisib(start→end DIRECT): TRUE(!!)  colli=(-3.94,-2.37)
[trajectory_generator_node-7] [DIAG] direct line: 73 steps, 0 wall cells
[trajectory_generator_node-7] [smoothTopoPath] INPUT size=2
[trajectory_generator_node-7] [smoothTopoPath]   in[0]: (-3.938, -2.371, 0.015)
[trajectory_generator_node-7] [smoothTopoPath]   in[1]: (-0.919, -4.454, 0.015)
[trajectory_generator_node-7] [smoothTopoPath] lineVisib(start→end): TRUE(!)  colli=(0.00,0.00)
[trajectory_generator_node-7] [smoothTopoPath] OUTPUT size=2, iter_count=1
[trajectory_generator_node-7] [smoothTopoPath]   out[0]: (-3.938, -2.371, 0.015)
[trajectory_generator_node-7] [smoothTopoPath]   out[1]: (-0.919, -4.454, 0.015)
[trajectory_generator_node-7] [DIAG] optimized_path (smoothTopoPath) size: 2
[trajectory_generator_node-7] [DIAG]   opt[0]: (-3.938, -2.371, 0.015)
[trajectory_generator_node-7] [DIAG]   opt[1]: (-0.919, -4.454, 0.015)
[trajectory_generator_node-7] optimized_path size: 2
[trajectory_generator_node-7] [Manager] reference_speed: (0.30)
[trajectory_generator_node-7] [Smooth Optimize] MINCO Optimization Success: Success: met stopping criteria (past f decrease less than delta).
[trajectory_generator_node-7] [Smooth Optimize] MINCO: cost=0.0 total_T=12.955(init 12.226) max_drift=0.008 max_vel=0.3 segs=12
[trajectory_generator_node-7] [Smooth Resample] resample
[trajectory_generator_node-7] [Smooth Resample] 13 -> 7 waypoints, 6 time segs, max_turn=1.5 deg
[trajectory_generator_node-7] [Manager] optimizer generate time: 0.001503
[trajectory_generator_node-7] [Reference] path size : 7
[trajectory_generator_node-7] [Reference] solvePolyMatrix ENTER: N=6, path_size=7, trap_time_size=6
[trajectory_generator_node-7] [Reference]   path[0]=(-3.9382,-2.3713) path[1]=(-3.4444,-2.7121) t[0]=1.957096 state_vel=(0.2631,-0.1712)
[trajectory_generator_node-7] [Reference] banded solve done. b[0]=-0.016193 b[N]=-0.198571 b2[0]=-0.007634 b2[N]=0.133844
[trajectory_generator_node-7] [Reference] solvePolyMatrix EXIT: polyX[0]=[0.001318 -0.008096 0.263089 -3.938169]
[trajectory_generator_node-7] [INFO] [1790453564.798308549] [trajectory_generation]: FSM published 6 trajectory pieces
[hdl_localization_node-13] [INFO] [1790453564.893057222] [sim_ndt]: scan points: raw=1324 downsampled=1092 (leaf=0.05 m)
[hdl_localization_node-13] [INFO] [1790453564.901701019] [sim_ndt]: Metrics -> Error: 0.000909207 (RMSE ~0.0301531 m) | Time: 10 ms | CovTrace: 0.555504 | Converged: True
[hdl_localization_node-13] [INFO] [1790453565.094140328] [sim_ndt]: scan points: raw=1321 downsampled=1081 (leaf=0.05 m)
[hdl_localization_node-13] [INFO] [1790453565.106670971] [sim_ndt]: Metrics -> Error: 0.000567139 (RMSE ~0.0238147 m) | Time: 10 ms | CovTrace: 0.555505 | Converged: True
[hdl_localization_node-13] [INFO] [1790453565.303087421] [sim_ndt]: scan points: raw=1320 downsampled=1104 (leaf=0.05 m)
[hdl_localization_node-13] [INFO] [1790453565.312092137] [sim_ndt]: Metrics -> Error: 0.000569317 (RMSE ~0.0238604 m) | Time: 10 ms | CovTrace: 0.555506 | Converged: True
[hdl_localization_node-13] [INFO] [1790453565.491391719] [sim_ndt]: scan points: raw=1323 downsampled=1031 (leaf=0.05 m)
[hdl_localization_node-13] [INFO] [1790453565.505625764] [sim_ndt]: Metrics -> Error: 0.000511699 (RMSE ~0.0226208 m) | Time: 10 ms | CovTrace: 0.555507 | Converged: True
[hdl_localization_node-13] [INFO] [1790453565.688422071] [sim_ndt]: scan points: raw=1323 downsampled=1029 (leaf=0.05 m)
[hdl_localization_node-13] [INFO] [1790453565.713166748] [sim_ndt]: Metrics -> Error: 0.00052226 (RMSE ~0.022853 m) | Time: 10 ms | CovTrace: 0.555509 | Converged: True
[hdl_localization_node-13] [INFO] [1790453565.900107291] [sim_ndt]: scan points: raw=1321 downsampled=1111 (leaf=0.05 m)
[hdl_localization_node-13] [INFO] [1790453565.908407256] [sim_ndt]: Metrics -> Error: 0.000501554 (RMSE ~0.0223954 m) | Time: 0 ms | CovTrace: 0.55551 | Converged: True
[hdl_localization_node-13] [INFO] [1790453566.082664550] [sim_ndt]: scan points: raw=1320 downsampled=1092 (leaf=0.05 m)
[hdl_localization_node-13] [INFO] [1790453566.101472541] [sim_ndt]: Metrics -> Error: 0.000652791 (RMSE ~0.0255498 m) | Time: 10 ms | CovTrace: 0.555511 | Converged: True
[hdl_localization_node-13] [INFO] [1790453566.290829232] [sim_ndt]: scan points: raw=1323 downsampled=1085 (leaf=0.05 m)
[hdl_localization_node-13] [INFO] [1790453566.301557887] [sim_ndt]: Metrics -> Error: 0.000730076 (RMSE ~0.0270199 m) | Time: 10 ms | CovTrace: 0.555512 | Converged: True
[hdl_localization_node-13] [INFO] [1790453566.483596871] [sim_ndt]: scan points: raw=1320 downsampled=1048 (leaf=0.05 m)
[hdl_localization_node-13] [INFO] [1790453566.519375837] [sim_ndt]: Metrics -> Error: 0.000830005 (RMSE ~0.0288098 m) | Time: 40 ms | CovTrace: 0.555513 | Converged: True
[hdl_localization_node-13] [INFO] [1790453566.690425251] [sim_ndt]: scan points: raw=1321 downsampled=1099 (leaf=0.05 m)
[hdl_localization_node-13] [INFO] [1790453566.709592268] [sim_ndt]: Metrics -> Error: 0.000722843 (RMSE ~0.0268857 m) | Time: 10 ms | CovTrace: 0.555515 | Converged: True
[hdl_localization_node-13] [INFO] [1790453566.890175261] [sim_ndt]: scan points: raw=1321 downsampled=1098 (leaf=0.05 m)
[hdl_localization_node-13] [INFO] [1790453566.921398901] [sim_ndt]: Metrics -> Error: 0.000667898 (RMSE ~0.0258437 m) | Time: 30 ms | CovTrace: 0.555516 | Converged: True
[hdl_localization_node-13] [INFO] [1790453567.098303900] [sim_ndt]: scan points: raw=1320 downsampled=1026 (leaf=0.05 m)
[hdl_localization_node-13] [INFO] [1790453567.117009817] [sim_ndt]: Metrics -> Error: 0.000702897 (RMSE ~0.0265122 m) | Time: 10 ms | CovTrace: 0.555517 | Converged: True
[hdl_localization_node-13] [INFO] [1790453567.287046015] [sim_ndt]: scan points: raw=1321 downsampled=1055 (leaf=0.05 m)
[hdl_localization_node-13] [INFO] [1790453567.293893890] [sim_ndt]: Metrics -> Error: 0.000790359 (RMSE ~0.0281133 m) | Time: 0 ms | CovTrace: 0.555518 | Converged: True
[hdl_localization_node-13] [INFO] [1790453567.491973500] [sim_ndt]: scan points: raw=1322 downsampled=1076 (leaf=0.05 m)
[hdl_localization_node-13] [INFO] [1790453567.509331931] [sim_ndt]: Metrics -> Error: 0.000771957 (RMSE ~0.0277841 m) | Time: 20 ms | CovTrace: 0.555519 | Converged: True
[hdl_localization_node-13] [INFO] [1790453567.694532871] [sim_ndt]: scan points: raw=1321 downsampled=1061 (leaf=0.05 m)
[hdl_localization_node-13] [INFO] [1790453567.709370808] [sim_ndt]: Metrics -> Error: 0.000720009 (RMSE ~0.026833 m) | Time: 10 ms | CovTrace: 0.555521 | Converged: True
[hdl_localization_node-13] [INFO] [1790453567.888622172] [sim_ndt]: scan points: raw=1321 downsampled=1029 (leaf=0.05 m)
[hdl_localization_node-13] [INFO] [1790453567.894773284] [sim_ndt]: Metrics -> Error: 0.000797409 (RMSE ~0.0282384 m) | Time: 0 ms | CovTrace: 0.555522 | Converged: True
[hdl_localization_node-13] [INFO] [1790453568.099481063] [sim_ndt]: scan points: raw=1323 downsampled=1065 (leaf=0.05 m)
[hdl_localization_node-13] [INFO] [1790453568.111774411] [sim_ndt]: Metrics -> Error: 0.0007938 (RMSE ~0.0281745 m) | Time: 10 ms | CovTrace: 0.555523 | Converged: True
[hdl_localization_node-13] [INFO] [1790453568.294811583] [sim_ndt]: scan points: raw=1322 downsampled=1064 (leaf=0.05 m)
[hdl_localization_node-13] [INFO] [1790453568.312657674] [sim_ndt]: Metrics -> Error: 0.000821649 (RMSE ~0.0286644 m) | Time: 10 ms | CovTrace: 0.555524 | Converged: True
[hdl_localization_node-13] [INFO] [1790453568.490146041] [sim_ndt]: scan points: raw=1323 downsampled=1029 (leaf=0.05 m)
[hdl_localization_node-13] [INFO] [1790453568.500930512] [sim_ndt]: Metrics -> Error: 0.000929645 (RMSE ~0.0304901 m) | Time: 10 ms | CovTrace: 0.555525 | Converged: True
[hdl_localization_node-13] [INFO] [1790453568.693668504] [sim_ndt]: scan points: raw=1324 downsampled=1108 (leaf=0.05 m)
[hdl_localization_node-13] [INFO] [1790453568.709022157] [sim_ndt]: Metrics -> Error: 0.000789068 (RMSE ~0.0280904 m) | Time: 20 ms | CovTrace: 0.555527 | Converged: True
[hdl_localization_node-13] [INFO] [1790453568.888188630] [sim_ndt]: scan points: raw=1323 downsampled=1037 (leaf=0.05 m)
[hdl_localization_node-13] [INFO] [1790453568.891971365] [sim_ndt]: Metrics -> Error: 0.000638042 (RMSE ~0.0252595 m) | Time: 0 ms | CovTrace: 0.555528 | Converged: True
[hdl_localization_node-13] [INFO] [1790453569.089478625] [sim_ndt]: scan points: raw=1324 downsampled=1082 (leaf=0.05 m)
[hdl_localization_node-13] [INFO] [1790453569.093559824] [sim_ndt]: Metrics -> Error: 0.000648916 (RMSE ~0.0254738 m) | Time: 0 ms | CovTrace: 0.555529 | Converged: True
[hdl_localization_node-13] [INFO] [1790453569.298551755] [sim_ndt]: scan points: raw=1323 downsampled=1067 (leaf=0.05 m)
[hdl_localization_node-13] [INFO] [1790453569.304921575] [sim_ndt]: Metrics -> Error: 0.000624289 (RMSE ~0.0249858 m) | Time: 0 ms | CovTrace: 0.55553 | Converged: True
[hdl_localization_node-13] [WARN] [1790453569.308966755] [sim_ndt]: Point-LIO odometry unavailable or stale for /localization/odometry twist; publishing zero twist
[hdl_localization_node-13] [INFO] [1790453569.489229407] [sim_ndt]: scan points: raw=1323 downsampled=1061 (leaf=0.05 m)
[hdl_localization_node-13] [INFO] [1790453569.502716235] [sim_ndt]: Metrics -> Error: 0.00061926 (RMSE ~0.0248849 m) | Time: 0 ms | CovTrace: 0.555531 | Converged: True
[hdl_localization_node-13] [INFO] [1790453569.691797404] [sim_ndt]: scan points: raw=1323 downsampled=1087 (leaf=0.05 m)
[hdl_localization_node-13] [INFO] [1790453569.706534944] [sim_ndt]: Metrics -> Error: 0.000648858 (RMSE ~0.0254727 m) | Time: 10 ms | CovTrace: 0.555533 | Converged: True
[hdl_localization_node-13] [INFO] [1790453569.890214995] [sim_ndt]: scan points: raw=1321 downsampled=1081 (leaf=0.05 m)
[hdl_localization_node-13] [INFO] [1790453569.897626090] [sim_ndt]: Metrics -> Error: 0.000686162 (RMSE ~0.0261947 m) | Time: 0 ms | CovTrace: 0.555534 | Converged: True
[trajectory_tracking_node-9] [WARN] [1790453569.910506837] [trajectory_tracking]: RM_GridMap predicted-path replan requested: collision_samples=0 trajectory_age=5.11
[trajectory_generator_node-7] [Manager REPLAN]  cur position point (X, Y) = (-2.667559, -3.218907), target point (X, Y) = (-0.919000, -4.454000)
[trajectory_generator_node-7] [Manager REPLAN] target_temp (X, Y) = (-0.919000, -4.454000)
[trajectory_generator_node-7] [Manager REPLAN] robot 1.53m from path, full replan
[trajectory_generator_node-7] [Manager] start point, (x, y): (-2.67, -3.22)
[trajectory_generator_node-7] [Manager] receive target, (x, y): (-0.92, -4.45)
[trajectory_generator_node-7] [Topo]: m_graph before num: 1428
[hdl_localization_node-13] [INFO] [1790453570.094459377] [sim_ndt]: scan points: raw=1322 downsampled=1034 (leaf=0.05 m)
[hdl_localization_node-13] [INFO] [1790453570.108844232] [sim_ndt]: Metrics -> Error: 0.000574311 (RMSE ~0.0239648 m) | Time: 20 ms | CovTrace: 0.555535 | Converged: True
[trajectory_generator_node-7] [Topo]: dijkstra time: 0.013860
[trajectory_generator_node-7] [Topo]: topo search time: 0.327303
[trajectory_generator_node-7] [Topo]: m_graph num: 2241
[trajectory_generator_node-7] [DIAG] origin_path (Dijkstra) size: 2
[trajectory_generator_node-7] [DIAG]   origin[0]: (-2.668, -3.219, 0.015)
[trajectory_generator_node-7] [DIAG]   origin[1]: (-0.919, -4.454, 0.015)
[trajectory_generator_node-7] [DIAG] lineVisib(start→end DIRECT): TRUE(!!)  colli=(-2.67,-3.22)
[trajectory_generator_node-7] [DIAG] direct line: 42 steps, 0 wall cells
[trajectory_generator_node-7] [smoothTopoPath] INPUT size=2
[trajectory_generator_node-7] [smoothTopoPath]   in[0]: (-2.668, -3.219, 0.015)
[trajectory_generator_node-7] [smoothTopoPath]   in[1]: (-0.919, -4.454, 0.015)
[trajectory_generator_node-7] [smoothTopoPath] lineVisib(start→end): TRUE(!)  colli=(0.00,0.00)
[trajectory_generator_node-7] [smoothTopoPath] OUTPUT size=2, iter_count=1
[trajectory_generator_node-7] [smoothTopoPath]   out[0]: (-2.668, -3.219, 0.015)
[trajectory_generator_node-7] [smoothTopoPath]   out[1]: (-0.919, -4.454, 0.015)
[trajectory_generator_node-7] [DIAG] optimized_path (smoothTopoPath) size: 2
[trajectory_generator_node-7] [DIAG]   opt[0]: (-2.668, -3.219, 0.015)
[trajectory_generator_node-7] [DIAG]   opt[1]: (-0.919, -4.454, 0.015)
[trajectory_generator_node-7] optimized_path size: 2
[trajectory_generator_node-7] [Manager] reference_speed: (0.30)
[trajectory_generator_node-7] [Smooth Optimize] MINCO Optimization Success: Success: met stopping criteria (past f decrease less than delta).
[trajectory_generator_node-7] [Smooth Optimize] MINCO: cost=0.0 total_T=7.989(init 7.136) max_drift=0.001 max_vel=0.3 segs=7
[trajectory_generator_node-7] [Smooth Resample] resample
[trajectory_generator_node-7] [Smooth Resample] 8 -> 5 waypoints, 4 time segs, max_turn=0.0 deg
[trajectory_generator_node-7] [Manager] optimizer generate time: 0.002061
[trajectory_generator_node-7] [Reference] path size : 5
[trajectory_generator_node-7] [Reference] solvePolyMatrix ENTER: N=4, path_size=5, trap_time_size=4
[trajectory_generator_node-7] [Reference]   path[0]=(-2.6676,-3.2189) path[1]=(-2.1777,-3.5651) t[0]=1.962721 state_vel=(0.2519,-0.1708)
[trajectory_generator_node-7] [Reference] banded solve done. b[0]=0.002671 b[N]=-0.189671 b2[0]=-0.014739 b2[N]=0.133773
[trajectory_generator_node-7] [Reference] solvePolyMatrix EXIT: polyX[0]=[-0.001284 0.001335 0.251904 -2.667559]
[trajectory_generator_node-7] [INFO] [1790453570.271811156] [trajectory_generation]: FSM published 4 trajectory pieces
[hdl_localization_node-13] [INFO] [1790453570.289243808] [sim_ndt]: scan points: raw=1321 downsampled=1089 (leaf=0.05 m)
[hdl_localization_node-13] [INFO] [1790453570.305118424] [sim_ndt]: Metrics -> Error: 0.000753014 (RMSE ~0.0274411 m) | Time: 10 ms | CovTrace: 0.555536 | Converged: True
[hdl_localization_node-13] [INFO] [1790453570.501909539] [sim_ndt]: scan points: raw=1320 downsampled=1088 (leaf=0.05 m)
[hdl_localization_node-13] [INFO] [1790453570.513574029] [sim_ndt]: Metrics -> Error: 0.00064977 (RMSE ~0.0254906 m) | Time: 0 ms | CovTrace: 0.555538 | Converged: True
[hdl_localization_node-13] [INFO] [1790453570.700500157] [sim_ndt]: scan points: raw=1322 downsampled=1100 (leaf=0.05 m)
[hdl_localization_node-13] [INFO] [1790453570.716776647] [sim_ndt]: Metrics -> Error: 0.000752647 (RMSE ~0.0274344 m) | Time: 10 ms | CovTrace: 0.555539 | Converged: True
[hdl_localization_node-13] [INFO] [1790453570.900578467] [sim_ndt]: scan points: raw=1320 downsampled=1058 (leaf=0.05 m)
[hdl_localization_node-13] [INFO] [1790453570.939311296] [sim_ndt]: Metrics -> Error: 0.000693616 (RMSE ~0.0263366 m) | Time: 30 ms | CovTrace: 0.55554 | Converged: True
[hdl_localization_node-13] [INFO] [1790453571.092808659] [sim_ndt]: scan points: raw=1323 downsampled=1084 (leaf=0.05 m)
[hdl_localization_node-13] [INFO] [1790453571.113686551] [sim_ndt]: Metrics -> Error: 0.000745831 (RMSE ~0.0273099 m) | Time: 20 ms | CovTrace: 0.555541 | Converged: True
[hdl_localization_node-13] [INFO] [1790453571.315533868] [sim_ndt]: scan points: raw=1321 downsampled=1091 (leaf=0.05 m)
[hdl_localization_node-13] [INFO] [1790453571.327939142] [sim_ndt]: Metrics -> Error: 0.000779753 (RMSE ~0.0279241 m) | Time: 0 ms | CovTrace: 0.555542 | Converged: True
[hdl_localization_node-13] [INFO] [1790453571.491191366] [sim_ndt]: scan points: raw=1324 downsampled=1102 (leaf=0.05 m)
[hdl_localization_node-13] [INFO] [1790453571.496709808] [sim_ndt]: Metrics -> Error: 0.000681429 (RMSE ~0.0261042 m) | Time: 0 ms | CovTrace: 0.555544 | Converged: True
[hdl_localization_node-13] [INFO] [1790453571.705860600] [sim_ndt]: scan points: raw=1329 downsampled=1132 (leaf=0.05 m)
[hdl_localization_node-13] [INFO] [1790453571.760060030] [sim_ndt]: Metrics -> Error: 0.000601748 (RMSE ~0.0245306 m) | Time: 50 ms | CovTrace: 0.555545 | Converged: True
[hdl_localization_node-13] [INFO] [1790453571.881701967] [sim_ndt]: scan points: raw=1332 downsampled=1136 (leaf=0.05 m)
[hdl_localization_node-13] [INFO] [1790453571.896014249] [sim_ndt]: Metrics -> Error: 0.000609626 (RMSE ~0.0246906 m) | Time: 10 ms | CovTrace: 0.555546 | Converged: True
[hdl_localization_node-13] [INFO] [1790453572.128658805] [sim_ndt]: scan points: raw=1335 downsampled=1115 (leaf=0.05 m)
[hdl_localization_node-13] [INFO] [1790453572.173084898] [sim_ndt]: Metrics -> Error: 0.000676358 (RMSE ~0.0260069 m) | Time: 20 ms | CovTrace: 0.555547 | Converged: True
[hdl_localization_node-13] [INFO] [1790453572.299725630] [sim_ndt]: scan points: raw=1339 downsampled=1059 (leaf=0.05 m)
[hdl_localization_node-13] [INFO] [1790453572.313949100] [sim_ndt]: Metrics -> Error: 0.000501215 (RMSE ~0.0223878 m) | Time: 10 ms | CovTrace: 0.555548 | Converged: True
[hdl_localization_node-13] [INFO] [1790453572.514394871] [sim_ndt]: scan points: raw=1348 downsampled=1140 (leaf=0.05 m)
[hdl_localization_node-13] [INFO] [1790453572.540092521] [sim_ndt]: Metrics -> Error: 0.000572662 (RMSE ~0.0239304 m) | Time: 10 ms | CovTrace: 0.55555 | Converged: True
[hdl_localization_node-13] [INFO] [1790453572.697564117] [sim_ndt]: scan points: raw=1353 downsampled=1111 (leaf=0.05 m)
[hdl_localization_node-13] [INFO] [1790453572.707315398] [sim_ndt]: Metrics -> Error: 0.000543424 (RMSE ~0.0233115 m) | Time: 0 ms | CovTrace: 0.555551 | Converged: True
[hdl_localization_node-13] [INFO] [1790453572.897539033] [sim_ndt]: scan points: raw=1362 downsampled=1104 (leaf=0.05 m)
[hdl_localization_node-13] [INFO] [1790453572.912879564] [sim_ndt]: Metrics -> Error: 0.000526132 (RMSE ~0.0229376 m) | Time: 0 ms | CovTrace: 0.555552 | Converged: True
[hdl_localization_node-13] [INFO] [1790453573.089986900] [sim_ndt]: scan points: raw=1366 downsampled=1146 (leaf=0.05 m)
[hdl_localization_node-13] [INFO] [1790453573.100683288] [sim_ndt]: Metrics -> Error: 0.000596256 (RMSE ~0.0244184 m) | Time: 10 ms | CovTrace: 0.555553 | Converged: True
[hdl_localization_node-13] [INFO] [1790453573.294823373] [sim_ndt]: scan points: raw=1368 downsampled=1142 (leaf=0.05 m)
[hdl_localization_node-13] [INFO] [1790453573.311450652] [sim_ndt]: Metrics -> Error: 0.000640008 (RMSE ~0.0252984 m) | Time: 0 ms | CovTrace: 0.555554 | Converged: True
[hdl_localization_node-13] [INFO] [1790453573.489061855] [sim_ndt]: scan points: raw=1371 downsampled=1083 (leaf=0.05 m)
[hdl_localization_node-13] [INFO] [1790453573.509508884] [sim_ndt]: Metrics -> Error: 0.00054762 (RMSE ~0.0234013 m) | Time: 10 ms | CovTrace: 0.555556 | Converged: True
[hdl_localization_node-13] [INFO] [1790453573.711185943] [sim_ndt]: scan points: raw=1374 downsampled=1156 (leaf=0.05 m)
[hdl_localization_node-13] [INFO] [1790453573.726788689] [sim_ndt]: Metrics -> Error: 0.000504019 (RMSE ~0.0224504 m) | Time: 10 ms | CovTrace: 0.555557 | Converged: True
[hdl_localization_node-13] [INFO] [1790453573.881987853] [sim_ndt]: scan points: raw=1374 downsampled=1186 (leaf=0.05 m)
[hdl_localization_node-13] [INFO] [1790453573.896867435] [sim_ndt]: Metrics -> Error: 0.000535979 (RMSE ~0.0231512 m) | Time: 10 ms | CovTrace: 0.555558 | Converged: True
[hdl_localization_node-13] [INFO] [1790453574.090286744] [sim_ndt]: scan points: raw=1378 downsampled=1132 (leaf=0.05 m)
[hdl_localization_node-13] [INFO] [1790453574.104570130] [sim_ndt]: Metrics -> Error: 0.000521626 (RMSE ~0.0228391 m) | Time: 10 ms | CovTrace: 0.555559 | Converged: True
[hdl_localization_node-13] [INFO] [1790453574.287210962] [sim_ndt]: scan points: raw=1376 downsampled=1136 (leaf=0.05 m)
[hdl_localization_node-13] [INFO] [1790453574.299084359] [sim_ndt]: Metrics -> Error: 0.000554995 (RMSE ~0.0235583 m) | Time: 0 ms | CovTrace: 0.55556 | Converged: True
[hdl_localization_node-13] [INFO] [1790453574.489523594] [sim_ndt]: scan points: raw=1375 downsampled=1175 (leaf=0.05 m)
[hdl_localization_node-13] [INFO] [1790453574.507885606] [sim_ndt]: Metrics -> Error: 0.0006029 (RMSE ~0.024554 m) | Time: 10 ms | CovTrace: 0.555562 | Converged: True
[hdl_localization_node-13] [WARN] [1790453574.510241980] [sim_ndt]: Point-LIO odometry unavailable or stale for /localization/odometry twist; publishing zero twist
[hdl_localization_node-13] [INFO] [1790453574.691087428] [sim_ndt]: scan points: raw=1379 downsampled=1139 (leaf=0.05 m)
[hdl_localization_node-13] [INFO] [1790453574.734029370] [sim_ndt]: Metrics -> Error: 0.000584968 (RMSE ~0.0241861 m) | Time: 30 ms | CovTrace: 0.555563 | Converged: True
[hdl_localization_node-13] [INFO] [1790453574.893773618] [sim_ndt]: scan points: raw=1384 downsampled=1150 (leaf=0.05 m)
[hdl_localization_node-13] [INFO] [1790453574.900504191] [sim_ndt]: Metrics -> Error: 0.000680492 (RMSE ~0.0260862 m) | Time: 10 ms | CovTrace: 0.555564 | Converged: True
[hdl_localization_node-13] [INFO] [1790453575.102452407] [sim_ndt]: scan points: raw=1383 downsampled=1153 (leaf=0.05 m)
[hdl_localization_node-13] [INFO] [1790453575.111270655] [sim_ndt]: Metrics -> Error: 0.000707319 (RMSE ~0.0265955 m) | Time: 0 ms | CovTrace: 0.555565 | Converged: True
[hdl_localization_node-13] [INFO] [1790453575.288689478] [sim_ndt]: scan points: raw=1384 downsampled=1088 (leaf=0.05 m)
[hdl_localization_node-13] [INFO] [1790453575.298335432] [sim_ndt]: Metrics -> Error: 0.000649088 (RMSE ~0.0254772 m) | Time: 0 ms | CovTrace: 0.555566 | Converged: True
[trajectory_tracking_node-9] [WARN] [1790453575.316858483] [trajectory_tracking]: RM_GridMap predicted-path replan requested: collision_samples=0 trajectory_age=5.04
[trajectory_generator_node-7] [Manager REPLAN]  cur position point (X, Y) = (-1.381083, -4.086885), target point (X, Y) = (-0.919000, -4.454000)
[trajectory_generator_node-7] [Manager REPLAN] target_temp (X, Y) = (-0.919000, -4.454000)
[trajectory_generator_node-7] [Manager REPLAN] path safe & target unchanged, re-anchoring from cur pos
[trajectory_generator_node-7] [Smooth Optimize] MINCO Optimization Success: Success: met stopping criteria (past f decrease less than delta).
[trajectory_generator_node-7] [Smooth Optimize] MINCO: cost=0.0 total_T=3.083(init 1.967) max_drift=0.001 max_vel=0.3 segs=2
[trajectory_generator_node-7] [Smooth Resample] resample
[trajectory_generator_node-7] [Smooth Resample] path too short (3 pts), keeping all
[trajectory_generator_node-7] [Reference] path size : 3
[trajectory_generator_node-7] [Reference] solvePolyMatrix ENTER: N=2, path_size=3, trap_time_size=2
[trajectory_generator_node-7] [Reference]   path[0]=(-1.3811,-4.0869) path[1]=(-1.1455,-4.2723) t[0]=1.083172 state_vel=(0.2506,-0.1721)
[trajectory_generator_node-7] [Reference] banded solve done. b[0]=-0.071466 b[N]=-0.149684 b2[0]=-0.019734 b2[N]=0.113959
[trajectory_generator_node-7] [Reference] solvePolyMatrix EXIT: polyX[0]=[0.004787 -0.035733 0.250599 -1.381083]
[trajectory_generator_node-7] [INFO] [1790453575.340141387] [trajectory_generation]: FSM published 2 trajectory pieces
[hdl_localization_node-13] [INFO] [1790453575.484434116] [sim_ndt]: scan points: raw=1383 downsampled=1175 (leaf=0.05 m)
[hdl_localization_node-13] [INFO] [1790453575.502888434] [sim_ndt]: Metrics -> Error: 0.000727645 (RMSE ~0.0269749 m) | Time: 20 ms | CovTrace: 0.555568 | Converged: True
[hdl_localization_node-13] [INFO] [1790453575.685983448] [sim_ndt]: scan points: raw=1383 downsampled=1133 (leaf=0.05 m)
[hdl_localization_node-13] [INFO] [1790453575.692404925] [sim_ndt]: Metrics -> Error: 0.000744879 (RMSE ~0.0272925 m) | Time: 0 ms | CovTrace: 0.555569 | Converged: True
[hdl_localization_node-13] [INFO] [1790453575.886370217] [sim_ndt]: scan points: raw=1383 downsampled=1101 (leaf=0.05 m)
[hdl_localization_node-13] [INFO] [1790453575.895675839] [sim_ndt]: Metrics -> Error: 0.000658683 (RMSE ~0.0256648 m) | Time: 0 ms | CovTrace: 0.55557 | Converged: True
[hdl_localization_node-13] [INFO] [1790453576.085843564] [sim_ndt]: scan points: raw=1383 downsampled=1053 (leaf=0.05 m)
[hdl_localization_node-13] [INFO] [1790453576.097114800] [sim_ndt]: Metrics -> Error: 0.000756048 (RMSE ~0.0274963 m) | Time: 0 ms | CovTrace: 0.555571 | Converged: True
[hdl_localization_node-13] [INFO] [1790453576.284553296] [sim_ndt]: scan points: raw=1383 downsampled=1137 (leaf=0.05 m)
[hdl_localization_node-13] [INFO] [1790453576.302780310] [sim_ndt]: Metrics -> Error: 0.000752793 (RMSE ~0.0274371 m) | Time: 20 ms | CovTrace: 0.555572 | Converged: True
[hdl_localization_node-13] [INFO] [1790453576.492446324] [sim_ndt]: scan points: raw=1380 downsampled=1168 (leaf=0.05 m)
[hdl_localization_node-13] [INFO] [1790453576.512504510] [sim_ndt]: Metrics -> Error: 0.000836299 (RMSE ~0.0289188 m) | Time: 20 ms | CovTrace: 0.555574 | Converged: True
[hdl_localization_node-13] [INFO] [1790453576.686782297] [sim_ndt]: scan points: raw=1382 downsampled=1072 (leaf=0.05 m)
[hdl_localization_node-13] [INFO] [1790453576.703701567] [sim_ndt]: Metrics -> Error: 0.000916365 (RMSE ~0.0302715 m) | Time: 10 ms | CovTrace: 0.555575 | Converged: True
[hdl_localization_node-13] [INFO] [1790453576.894480468] [sim_ndt]: scan points: raw=1383 downsampled=1127 (leaf=0.05 m)
[hdl_localization_node-13] [INFO] [1790453576.914995885] [sim_ndt]: Metrics -> Error: 0.000782562 (RMSE ~0.0279743 m) | Time: 10 ms | CovTrace: 0.555576 | Converged: True
[hdl_localization_node-13] [INFO] [1790453577.097452336] [sim_ndt]: scan points: raw=1382 downsampled=1068 (leaf=0.05 m)
[hdl_localization_node-13] [INFO] [1790453577.110616952] [sim_ndt]: Metrics -> Error: 0.000693637 (RMSE ~0.026337 m) | Time: 0 ms | CovTrace: 0.555577 | Converged: True
[hdl_localization_node-13] [INFO] [1790453577.292971841] [sim_ndt]: scan points: raw=1381 downsampled=1141 (leaf=0.05 m)
[hdl_localization_node-13] [INFO] [1790453577.306275842] [sim_ndt]: Metrics -> Error: 0.000851104 (RMSE ~0.0291737 m) | Time: 10 ms | CovTrace: 0.555579 | Converged: True
[hdl_localization_node-13] [INFO] [1790453577.493554615] [sim_ndt]: scan points: raw=1383 downsampled=1059 (leaf=0.05 m)
[hdl_localization_node-13] [INFO] [1790453577.516526586] [sim_ndt]: Metrics -> Error: 0.00089056 (RMSE ~0.0298422 m) | Time: 20 ms | CovTrace: 0.55558 | Converged: True
[hdl_localization_node-13] [INFO] [1790453577.689495650] [sim_ndt]: scan points: raw=1381 downsampled=1123 (leaf=0.05 m)
[hdl_localization_node-13] [INFO] [1790453577.697876303] [sim_ndt]: Metrics -> Error: 0.000827725 (RMSE ~0.0287702 m) | Time: 0 ms | CovTrace: 0.555581 | Converged: True
[hdl_localization_node-13] [INFO] [1790453577.886265102] [sim_ndt]: scan points: raw=1381 downsampled=1127 (leaf=0.05 m)
[hdl_localization_node-13] [INFO] [1790453577.896874472] [sim_ndt]: Metrics -> Error: 0.00141952 (RMSE ~0.0376765 m) | Time: 10 ms | CovTrace: 0.555582 | Converged: True
[hdl_localization_node-13] [INFO] [1790453578.120219440] [sim_ndt]: scan points: raw=1381 downsampled=1127 (leaf=0.05 m)
[hdl_localization_node-13] [INFO] [1790453578.134251139] [sim_ndt]: Metrics -> Error: 0.00163001 (RMSE ~0.0403734 m) | Time: 10 ms | CovTrace: 0.555583 | Converged: True
[hdl_localization_node-13] [INFO] [1790453578.301760400] [sim_ndt]: scan points: raw=1381 downsampled=1127 (leaf=0.05 m)
[hdl_localization_node-13] [INFO] [1790453578.316619259] [sim_ndt]: Metrics -> Error: 0.00159522 (RMSE ~0.0399402 m) | Time: 10 ms | CovTrace: 0.555585 | Converged: True
[hdl_localization_node-13] [INFO] [1790453578.496773814] [sim_ndt]: scan points: raw=1381 downsampled=1127 (leaf=0.05 m)
[hdl_localization_node-13] [INFO] [1790453578.509233420] [sim_ndt]: Metrics -> Error: 0.00161948 (RMSE ~0.0402427 m) | Time: 20 ms | CovTrace: 0.555586 | Converged: True
[hdl_localization_node-13] [INFO] [1790453578.696838600] [sim_ndt]: scan points: raw=1381 downsampled=1127 (leaf=0.05 m)
[hdl_localization_node-13] [INFO] [1790453578.704027769] [sim_ndt]: Metrics -> Error: 0.00160374 (RMSE ~0.0400468 m) | Time: 0 ms | CovTrace: 0.555587 | Converged: True
[hdl_localization_node-13] [INFO] [1790453578.890071706] [sim_ndt]: scan points: raw=1381 downsampled=1127 (leaf=0.05 m)
[hdl_localization_node-13] [INFO] [1790453578.896999453] [sim_ndt]: Metrics -> Error: 0.00158801 (RMSE ~0.0398498 m) | Time: 10 ms | CovTrace: 0.555588 | Converged: True
[hdl_localization_node-13] [INFO] [1790453579.090577560] [sim_ndt]: scan points: raw=1381 downsampled=1127 (leaf=0.05 m)
[hdl_localization_node-13] [INFO] [1790453579.102478709] [sim_ndt]: Metrics -> Error: 0.00158123 (RMSE ~0.0397647 m) | Time: 0 ms | CovTrace: 0.555589 | Converged: True
[hdl_localization_node-13] [INFO] [1790453579.302475184] [sim_ndt]: scan points: raw=1381 downsampled=1127 (leaf=0.05 m)
[hdl_localization_node-13] [INFO] [1790453579.312602209] [sim_ndt]: Metrics -> Error: 0.00156435 (RMSE ~0.0395518 m) | Time: 10 ms | CovTrace: 0.555591 | Converged: True
[trajectory_tracking_node-9] [WARN] [1790453579.423651390] [trajectory_tracking]: trajectory tracking stopped: invalid coefficient array length
[hdl_localization_node-13] [INFO] [1790453579.498899007] [sim_ndt]: scan points: raw=1381 downsampled=1127 (leaf=0.05 m)
[hdl_localization_node-13] [INFO] [1790453579.538019135] [sim_ndt]: Metrics -> Error: 0.00151121 (RMSE ~0.0388743 m) | Time: 30 ms | CovTrace: 0.555592 | Converged: True
[hdl_localization_node-13] [WARN] [1790453579.539959564] [sim_ndt]: Point-LIO odometry unavailable or stale for /localization/odometry twist; publishing zero twist
[hdl_localization_node-13] [INFO] [1790453579.703584020] [sim_ndt]: scan points: raw=1381 downsampled=1127 (leaf=0.05 m)
[hdl_localization_node-13] [INFO] [1790453579.720022874] [sim_ndt]: Metrics -> Error: 0.00139467 (RMSE ~0.0373453 m) | Time: 10 ms | CovTrace: 0.555593 | Converged: True
[hdl_localization_node-13] [INFO] [1790453579.885468856] [sim_ndt]: scan points: raw=1381 downsampled=1127 (leaf=0.05 m)
[hdl_localization_node-13] [INFO] [1790453579.907876404] [sim_ndt]: Metrics -> Error: 0.00125764 (RMSE ~0.0354632 m) | Time: 30 ms | CovTrace: 0.555594 | Converged: True
[hdl_localization_node-13] [INFO] [1790453580.104819135] [sim_ndt]: scan points: raw=1381 downsampled=1127 (leaf=0.05 m)
[hdl_localization_node-13] [INFO] [1790453580.111362756] [sim_ndt]: Metrics -> Error: 0.000944215 (RMSE ~0.0307281 m) | Time: 0 ms | CovTrace: 0.555595 | Converged: True
[hdl_localization_node-13] [INFO] [1790453580.302087968] [sim_ndt]: scan points: raw=1381 downsampled=1127 (leaf=0.05 m)
[hdl_localization_node-13] [INFO] [1790453580.320065541] [sim_ndt]: Metrics -> Error: 0.000881895 (RMSE ~0.0296967 m) | Time: 10 ms | CovTrace: 0.555596 | Converged: True
[hdl_localization_node-13] [INFO] [1790453580.495909279] [sim_ndt]: scan points: raw=1381 downsampled=1127 (leaf=0.05 m)
[hdl_localization_node-13] [INFO] [1790453580.507366498] [sim_ndt]: Metrics -> Error: 0.000895599 (RMSE ~0.0299266 m) | Time: 10 ms | CovTrace: 0.555598 | Converged: True
[hdl_localization_node-13] [INFO] [1790453580.678941808] [sim_ndt]: scan points: raw=1381 downsampled=1127 (leaf=0.05 m)
[hdl_localization_node-13] [INFO] [1790453580.685838152] [sim_ndt]: Metrics -> Error: 0.000920848 (RMSE ~0.0303455 m) | Time: 0 ms | CovTrace: 0.555599 | Converged: True
[hdl_localization_node-13] [INFO] [1790453580.907823726] [sim_ndt]: scan points: raw=1381 downsampled=1127 (leaf=0.05 m)
[hdl_localization_node-13] [INFO] [1790453580.930064085] [sim_ndt]: Metrics -> Error: 0.000859179 (RMSE ~0.0293118 m) | Time: 10 ms | CovTrace: 0.5556 | Converged: True
[hdl_localization_node-13] [INFO] [1790453581.092958987] [sim_ndt]: scan points: raw=1381 downsampled=1127 (leaf=0.05 m)
[hdl_localization_node-13] [INFO] [1790453581.113659930] [sim_ndt]: Metrics -> Error: 0.00081151 (RMSE ~0.028487 m) | Time: 20 ms | CovTrace: 0.555601 | Converged: True
[hdl_localization_node-13] [INFO] [1790453581.300051063] [sim_ndt]: scan points: raw=1381 downsampled=1127 (leaf=0.05 m)
[hdl_localization_node-13] [INFO] [1790453581.319077519] [sim_ndt]: Metrics -> Error: 0.000901871 (RMSE ~0.0300312 m) | Time: 10 ms | CovTrace: 0.555603 | Converged: True
[hdl_localization_node-13] [INFO] [1790453581.494043496] [sim_ndt]: scan points: raw=1381 downsampled=1127 (leaf=0.05 m)
[hdl_localization_node-13] [INFO] [1790453581.502523961] [sim_ndt]: Metrics -> Error: 0.000856236 (RMSE ~0.0292615 m) | Time: 10 ms | CovTrace: 0.555604 | Converged: True
[trajectory_tracking_node-9] [WARN] [1790453581.508518280] [trajectory_tracking]: trajectory tracking stopped: no valid trajectory
[hdl_localization_node-13] [INFO] [1790453581.695453385] [sim_ndt]: scan points: raw=1381 downsampled=1127 (leaf=0.05 m)
[hdl_localization_node-13] [INFO] [1790453581.701640402] [sim_ndt]: Metrics -> Error: 0.000881598 (RMSE ~0.0296917 m) | Time: 0 ms | CovTrace: 0.555605 | Converged: True
[hdl_localization_node-13] [INFO] [1790453581.890450588] [sim_ndt]: scan points: raw=1381 downsampled=1127 (leaf=0.05 m)
[hdl_localization_node-13] [INFO] [1790453581.897457416] [sim_ndt]: Metrics -> Error: 0.00087831 (RMSE ~0.0296363 m) | Time: 10 ms | CovTrace: 0.555606 | Converged: True
[hdl_localization_node-13] [INFO] [1790453582.085595670] [sim_ndt]: scan points: raw=1381 downsampled=1127 (leaf=0.05 m)
[hdl_localization_node-13] [INFO] [1790453582.098712722] [sim_ndt]: Metrics -> Error: 0.000874592 (RMSE ~0.0295735 m) | Time: 10 ms | CovTrace: 0.555607 | Converged: True
[hdl_localization_node-13] [INFO] [1790453582.289535886] [sim_ndt]: scan points: raw=1381 downsampled=1127 (leaf=0.05 m)
[hdl_localization_node-13] [INFO] [1790453582.319164413] [sim_ndt]: Metrics -> Error: 0.000872091 (RMSE ~0.0295312 m) | Time: 20 ms | CovTrace: 0.555609 | Converged: True
[hdl_localization_node-13] [INFO] [1790453582.489821709] [sim_ndt]: scan points: raw=1381 downsampled=1127 (leaf=0.05 m)
[hdl_localization_node-13] [INFO] [1790453582.504927399] [sim_ndt]: Metrics -> Error: 0.000852264 (RMSE ~0.0291936 m) | Time: 10 ms | CovTrace: 0.55561 | Converged: True
[hdl_localization_node-13] [INFO] [1790453582.683559254] [sim_ndt]: scan points: raw=1381 downsampled=1127 (leaf=0.05 m)
[hdl_localization_node-13] [INFO] [1790453582.691646770] [sim_ndt]: Metrics -> Error: 0.000878833 (RMSE ~0.0296451 m) | Time: 10 ms | CovTrace: 0.555611 | Converged: True
[hdl_localization_node-13] [INFO] [1790453582.896115590] [sim_ndt]: scan points: raw=1381 downsampled=1127 (leaf=0.05 m)
[hdl_localization_node-13] [INFO] [1790453582.904237781] [sim_ndt]: Metrics -> Error: 0.000872958 (RMSE ~0.0295459 m) | Time: 0 ms | CovTrace: 0.555612 | Converged: True
[hdl_localization_node-13] [INFO] [1790453583.087360455] [sim_ndt]: scan points: raw=1381 downsampled=1127 (leaf=0.05 m)
[hdl_localization_node-13] [INFO] [1790453583.100237986] [sim_ndt]: Metrics -> Error: 0.000869416 (RMSE ~0.0294859 m) | Time: 0 ms | CovTrace: 0.555613 | Converged: True
[hdl_localization_node-13] [INFO] [1790453583.303991840] [sim_ndt]: scan points: raw=1381 downsampled=1127 (leaf=0.05 m)
[hdl_localization_node-13] [INFO] [1790453583.327160916] [sim_ndt]: Metrics -> Error: 0.000891706 (RMSE ~0.0298614 m) | Time: 20 ms | CovTrace: 0.555615 | Converged: True
[hdl_localization_node-13] [INFO] [1790453583.487270660] [sim_ndt]: scan points: raw=1381 downsampled=1127 (leaf=0.05 m)
[hdl_localization_node-13] [INFO] [1790453583.496338181] [sim_ndt]: Metrics -> Error: 0.000847548 (RMSE ~0.0291127 m) | Time: 0 ms | CovTrace: 0.555616 | Converged: True
[hdl_localization_node-13] [INFO] [1790453583.691596725] [sim_ndt]: scan points: raw=1381 downsampled=1127 (leaf=0.05 m)
[hdl_localization_node-13] [INFO] [1790453583.715698484] [sim_ndt]: Metrics -> Error: 0.000908805 (RMSE ~0.0301464 m) | Time: 20 ms | CovTrace: 0.555617 | Converged: True
[trajectory_tracking_node-9] [WARN] [1790453583.728113288] [trajectory_tracking]: trajectory tracking stopped: no valid trajectory
[hdl_localization_node-13] [INFO] [1790453583.881066020] [sim_ndt]: scan points: raw=1381 downsampled=1127 (leaf=0.05 m)
[hdl_localization_node-13] [INFO] [1790453583.889840549] [sim_ndt]: Metrics -> Error: 0.00088913 (RMSE ~0.0298183 m) | Time: 10 ms | CovTrace: 0.555618 | Converged: True
[hdl_localization_node-13] [INFO] [1790453584.094825830] [sim_ndt]: scan points: raw=1381 downsampled=1127 (leaf=0.05 m)
[hdl_localization_node-13] [INFO] [1790453584.110688584] [sim_ndt]: Metrics -> Error: 0.000879307 (RMSE ~0.0296531 m) | Time: 20 ms | CovTrace: 0.555619 | Converged: True
[hdl_localization_node-13] [INFO] [1790453584.301505527] [sim_ndt]: scan points: raw=1381 downsampled=1127 (leaf=0.05 m)
[hdl_localization_node-13] [INFO] [1790453584.307598891] [sim_ndt]: Metrics -> Error: 0.000860284 (RMSE ~0.0293306 m) | Time: 0 ms | CovTrace: 0.555621 | Converged: True
[hdl_localization_node-13] [INFO] [1790453584.486602928] [sim_ndt]: scan points: raw=1381 downsampled=1127 (leaf=0.05 m)
[hdl_localization_node-13] [INFO] [1790453584.504004385] [sim_ndt]: Metrics -> Error: 0.000860222 (RMSE ~0.0293295 m) | Time: 10 ms | CovTrace: 0.555622 | Converged: True
[hdl_localization_node-13] [INFO] [1790453584.684700754] [sim_ndt]: scan points: raw=1381 downsampled=1127 (leaf=0.05 m)
[hdl_localization_node-13] [INFO] [1790453584.692390152] [sim_ndt]: Metrics -> Error: 0.000852181 (RMSE ~0.0291921 m) | Time: 10 ms | CovTrace: 0.555623 | Converged: True
[hdl_localization_node-13] [WARN] [1790453584.694698102] [sim_ndt]: Point-LIO odometry unavailable or stale for /localization/odometry twist; publishing zero twist
[hdl_localization_node-13] [INFO] [1790453584.902509961] [sim_ndt]: scan points: raw=1381 downsampled=1127 (leaf=0.05 m)
[hdl_localization_node-13] [INFO] [1790453584.918562776] [sim_ndt]: Metrics -> Error: 0.000853362 (RMSE ~0.0292124 m) | Time: 20 ms | CovTrace: 0.555624 | Converged: True
[hdl_localization_node-13] [INFO] [1790453585.105718763] [sim_ndt]: scan points: raw=1381 downsampled=1127 (leaf=0.05 m)
[hdl_localization_node-13] [INFO] [1790453585.122283480] [sim_ndt]: Metrics -> Error: 0.000840653 (RMSE ~0.028994 m) | Time: 20 ms | CovTrace: 0.555625 | Converged: True
[hdl_localization_node-13] [INFO] [1790453585.288836647] [sim_ndt]: scan points: raw=1381 downsampled=1127 (leaf=0.05 m)
[hdl_localization_node-13] [INFO] [1790453585.295695908] [sim_ndt]: Metrics -> Error: 0.000859608 (RMSE ~0.0293191 m) | Time: 0 ms | CovTrace: 0.555627 | Converged: True
[hdl_localization_node-13] [INFO] [1790453585.493552990] [sim_ndt]: scan points: raw=1381 downsampled=1127 (leaf=0.05 m)
[hdl_localization_node-13] [INFO] [1790453585.506062461] [sim_ndt]: Metrics -> Error: 0.000845972 (RMSE ~0.0290856 m) | Time: 0 ms | CovTrace: 0.555628 | Converged: True
[hdl_localization_node-13] [INFO] [1790453585.692712189] [sim_ndt]: scan points: raw=1381 downsampled=1127 (leaf=0.05 m)
[hdl_localization_node-13] [INFO] [1790453585.704900366] [sim_ndt]: Metrics -> Error: 0.000886388 (RMSE ~0.0297723 m) | Time: 10 ms | CovTrace: 0.555629 | Converged: True
[hdl_localization_node-13] [INFO] [1790453585.899484986] [sim_ndt]: scan points: raw=1381 downsampled=1127 (leaf=0.05 m)
[hdl_localization_node-13] [INFO] [1790453585.908551585] [sim_ndt]: Metrics -> Error: 0.000845958 (RMSE ~0.0290854 m) | Time: 10 ms | CovTrace: 0.55563 | Converged: True
[trajectory_tracking_node-9] [WARN] [1790453585.915015391] [trajectory_tracking]: trajectory tracking stopped: no valid trajectory
[hdl_localization_node-13] [INFO] [1790453586.095631240] [sim_ndt]: scan points: raw=1381 downsampled=1127 (leaf=0.05 m)
[hdl_localization_node-13] [INFO] [1790453586.109468937] [sim_ndt]: Metrics -> Error: 0.000921753 (RMSE ~0.0303604 m) | Time: 10 ms | CovTrace: 0.555632 | Converged: True
[hdl_localization_node-13] [INFO] [1790453586.292863464] [sim_ndt]: scan points: raw=1381 downsampled=1127 (leaf=0.05 m)
[hdl_localization_node-13] [INFO] [1790453586.312507511] [sim_ndt]: Metrics -> Error: 0.00083009 (RMSE ~0.0288113 m) | Time: 10 ms | CovTrace: 0.555633 | Converged: True
[hdl_localization_node-13] [INFO] [1790453586.506711886] [sim_ndt]: scan points: raw=1381 downsampled=1127 (leaf=0.05 m)
[hdl_localization_node-13] [INFO] [1790453586.513054278] [sim_ndt]: Metrics -> Error: 0.000829447 (RMSE ~0.0288001 m) | Time: 0 ms | CovTrace: 0.555634 | Converged: True
[hdl_localization_node-13] [INFO] [1790453586.693690094] [sim_ndt]: scan points: raw=1381 downsampled=1127 (leaf=0.05 m)
[hdl_localization_node-13] [INFO] [1790453586.710095917] [sim_ndt]: Metrics -> Error: 0.00087713 (RMSE ~0.0296164 m) | Time: 10 ms | CovTrace: 0.555635 | Converged: True
[hdl_localization_node-13] [INFO] [1790453586.895687078] [sim_ndt]: scan points: raw=1381 downsampled=1127 (leaf=0.05 m)
[hdl_localization_node-13] [INFO] [1790453586.906756714] [sim_ndt]: Metrics -> Error: 0.000889326 (RMSE ~0.0298216 m) | Time: 0 ms | CovTrace: 0.555636 | Converged: True
[hdl_localization_node-13] [INFO] [1790453587.086116786] [sim_ndt]: scan points: raw=1381 downsampled=1127 (leaf=0.05 m)
[hdl_localization_node-13] [INFO] [1790453587.090585881] [sim_ndt]: Metrics -> Error: 0.00088567 (RMSE ~0.0297602 m) | Time: 0 ms | CovTrace: 0.555638 | Converged: True
[hdl_localization_node-13] [INFO] [1790453587.290519432] [sim_ndt]: scan points: raw=1381 downsampled=1127 (leaf=0.05 m)
[hdl_localization_node-13] [INFO] [1790453587.315841044] [sim_ndt]: Metrics -> Error: 0.000872141 (RMSE ~0.029532 m) | Time: 20 ms | CovTrace: 0.555639 | Converged: True
[hdl_localization_node-13] [INFO] [1790453587.491409436] [sim_ndt]: scan points: raw=1381 downsampled=1127 (leaf=0.05 m)
[hdl_localization_node-13] [INFO] [1790453587.509820537] [sim_ndt]: Metrics -> Error: 0.000853395 (RMSE ~0.0292129 m) | Time: 20 ms | CovTrace: 0.55564 | Converged: True
[hdl_localization_node-13] [INFO] [1790453587.685200069] [sim_ndt]: scan points: raw=1381 downsampled=1127 (leaf=0.05 m)
[hdl_localization_node-13] [INFO] [1790453587.700068508] [sim_ndt]: Metrics -> Error: 0.000779076 (RMSE ~0.0279119 m) | Time: 20 ms | CovTrace: 0.555641 | Converged: True
[hdl_localization_node-13] [INFO] [1790453587.887320385] [sim_ndt]: scan points: raw=1381 downsampled=1127 (leaf=0.05 m)
[hdl_localization_node-13] [INFO] [1790453587.897378742] [sim_ndt]: Metrics -> Error: 0.000893244 (RMSE ~0.0298872 m) | Time: 10 ms | CovTrace: 0.555642 | Converged: True
[trajectory_tracking_node-9] [WARN] [1790453587.908296090] [trajectory_tracking]: trajectory tracking stopped: no valid trajectory
[hdl_localization_node-13] [INFO] [1790453588.122573586] [sim_ndt]: scan points: raw=1381 downsampled=1127 (leaf=0.05 m)
[hdl_localization_node-13] [INFO] [1790453588.146539116] [sim_ndt]: Metrics -> Error: 0.00089503 (RMSE ~0.0299171 m) | Time: 20 ms | CovTrace: 0.555644 | Converged: True
[hdl_localization_node-13] [INFO] [1790453588.292782608] [sim_ndt]: scan points: raw=1381 downsampled=1127 (leaf=0.05 m)
[hdl_localization_node-13] [INFO] [1790453588.319784880] [sim_ndt]: Metrics -> Error: 0.000899747 (RMSE ~0.0299958 m) | Time: 30 ms | CovTrace: 0.555645 | Converged: True
[hdl_localization_node-13] [INFO] [1790453588.489781127] [sim_ndt]: scan points: raw=1381 downsampled=1127 (leaf=0.05 m)
[hdl_localization_node-13] [INFO] [1790453588.498244028] [sim_ndt]: Metrics -> Error: 0.00080788 (RMSE ~0.0284232 m) | Time: 0 ms | CovTrace: 0.555646 | Converged: True
[hdl_localization_node-13] [INFO] [1790453588.709173132] [sim_ndt]: scan points: raw=1381 downsampled=1127 (leaf=0.05 m)
[hdl_localization_node-13] [INFO] [1790453588.724221859] [sim_ndt]: Metrics -> Error: 0.000917659 (RMSE ~0.0302929 m) | Time: 10 ms | CovTrace: 0.555647 | Converged: True
[hdl_localization_node-13] [INFO] [1790453588.888901553] [sim_ndt]: scan points: raw=1381 downsampled=1127 (leaf=0.05 m)
[hdl_localization_node-13] [INFO] [1790453588.909588552] [sim_ndt]: Metrics -> Error: 0.00093077 (RMSE ~0.0305085 m) | Time: 10 ms | CovTrace: 0.555648 | Converged: True
[hdl_localization_node-13] [INFO] [1790453589.099558561] [sim_ndt]: scan points: raw=1381 downsampled=1127 (leaf=0.05 m)
[hdl_localization_node-13] [INFO] [1790453589.121440651] [sim_ndt]: Metrics -> Error: 0.000816434 (RMSE ~0.0285733 m) | Time: 10 ms | CovTrace: 0.55565 | Converged: True
[hdl_localization_node-13] [INFO] [1790453589.291519841] [sim_ndt]: scan points: raw=1381 downsampled=1127 (leaf=0.05 m)
[hdl_localization_node-13] [INFO] [1790453589.312210683] [sim_ndt]: Metrics -> Error: 0.000941841 (RMSE ~0.0306894 m) | Time: 20 ms | CovTrace: 0.555651 | Converged: True
[hdl_localization_node-13] [INFO] [1790453589.490737504] [sim_ndt]: scan points: raw=1381 downsampled=1127 (leaf=0.05 m)
[hdl_localization_node-13] [INFO] [1790453589.501602536] [sim_ndt]: Metrics -> Error: 0.000859541 (RMSE ~0.0293179 m) | Time: 0 ms | CovTrace: 0.555652 | Converged: True
[hdl_localization_node-13] [INFO] [1790453589.686514007] [sim_ndt]: scan points: raw=1381 downsampled=1127 (leaf=0.05 m)
[hdl_localization_node-13] [INFO] [1790453589.692418372] [sim_ndt]: Metrics -> Error: 0.000872358 (RMSE ~0.0295357 m) | Time: 0 ms | CovTrace: 0.555653 | Converged: True
[hdl_localization_node-13] [WARN] [1790453589.696452675] [sim_ndt]: Point-LIO odometry unavailable or stale for /localization/odometry twist; publishing zero twist
[hdl_localization_node-13] [INFO] [1790453589.906673997] [sim_ndt]: scan points: raw=1381 downsampled=1127 (leaf=0.05 m)
[hdl_localization_node-13] [INFO] [1790453589.922656589] [sim_ndt]: Metrics -> Error: 0.000876943 (RMSE ~0.0296132 m) | Time: 10 ms | CovTrace: 0.555654 | Converged: True
[trajectory_tracking_node-9] [WARN] [1790453589.947441239] [trajectory_tracking]: trajectory tracking stopped: no valid trajectory
[hdl_localization_node-13] [INFO] [1790453590.092247510] [sim_ndt]: scan points: raw=1381 downsampled=1127 (leaf=0.05 m)
[hdl_localization_node-13] [INFO] [1790453590.100337666] [sim_ndt]: Metrics -> Error: 0.000878727 (RMSE ~0.0296433 m) | Time: 10 ms | CovTrace: 0.555656 | Converged: True
[hdl_localization_node-13] [INFO] [1790453590.298636381] [sim_ndt]: scan points: raw=1381 downsampled=1127 (leaf=0.05 m)
[hdl_localization_node-13] [INFO] [1790453590.311490840] [sim_ndt]: Metrics -> Error: 0.000881902 (RMSE ~0.0296968 m) | Time: 0 ms | CovTrace: 0.555657 | Converged: True
[hdl_localization_node-13] [INFO] [1790453590.489489877] [sim_ndt]: scan points: raw=1381 downsampled=1127 (leaf=0.05 m)
[hdl_localization_node-13] [INFO] [1790453590.503215816] [sim_ndt]: Metrics -> Error: 0.000884962 (RMSE ~0.0297483 m) | Time: 0 ms | CovTrace: 0.555658 | Converged: True
[hdl_localization_node-13] [INFO] [1790453590.691503323] [sim_ndt]: scan points: raw=1381 downsampled=1127 (leaf=0.05 m)
[hdl_localization_node-13] [INFO] [1790453590.698967133] [sim_ndt]: Metrics -> Error: 0.000883393 (RMSE ~0.0297219 m) | Time: 0 ms | CovTrace: 0.555659 | Converged: True
[hdl_localization_node-13] [INFO] [1790453590.900590493] [sim_ndt]: scan points: raw=1381 downsampled=1127 (leaf=0.05 m)
[hdl_localization_node-13] [INFO] [1790453590.916743351] [sim_ndt]: Metrics -> Error: 0.00088488 (RMSE ~0.0297469 m) | Time: 10 ms | CovTrace: 0.555661 | Converged: True
[hdl_localization_node-13] [INFO] [1790453591.107552735] [sim_ndt]: scan points: raw=1381 downsampled=1127 (leaf=0.05 m)
[hdl_localization_node-13] [INFO] [1790453591.131835233] [sim_ndt]: Metrics -> Error: 0.00088626 (RMSE ~0.0297701 m) | Time: 10 ms | CovTrace: 0.555662 | Converged: True
[hdl_localization_node-13] [INFO] [1790453591.305306005] [sim_ndt]: scan points: raw=1381 downsampled=1127 (leaf=0.05 m)
[hdl_localization_node-13] [INFO] [1790453591.320463679] [sim_ndt]: Metrics -> Error: 0.000887622 (RMSE ~0.029793 m) | Time: 20 ms | CovTrace: 0.555663 | Converged: True
[hdl_localization_node-13] [INFO] [1790453591.497325795] [sim_ndt]: scan points: raw=1381 downsampled=1127 (leaf=0.05 m)
[hdl_localization_node-13] [INFO] [1790453591.510205200] [sim_ndt]: Metrics -> Error: 0.000889003 (RMSE ~0.0298162 m) | Time: 0 ms | CovTrace: 0.555664 | Converged: True
[hdl_localization_node-13] [INFO] [1790453591.701651978] [sim_ndt]: scan points: raw=1381 downsampled=1127 (leaf=0.05 m)
[hdl_localization_node-13] [INFO] [1790453591.711674407] [sim_ndt]: Metrics -> Error: 0.000890322 (RMSE ~0.0298383 m) | Time: 10 ms | CovTrace: 0.555665 | Converged: True
[hdl_localization_node-13] [INFO] [1790453591.878881361] [sim_ndt]: scan points: raw=1381 downsampled=1127 (leaf=0.05 m)
[hdl_localization_node-13] [INFO] [1790453591.899575085] [sim_ndt]: Metrics -> Error: 0.000891592 (RMSE ~0.0298595 m) | Time: 10 ms | CovTrace: 0.555667 | Converged: True
[hdl_localization_node-13] [INFO] [1790453592.098136906] [sim_ndt]: scan points: raw=1381 downsampled=1127 (leaf=0.05 m)
[hdl_localization_node-13] [INFO] [1790453592.119329810] [sim_ndt]: Metrics -> Error: 0.000892813 (RMSE ~0.02988 m) | Time: 20 ms | CovTrace: 0.555668 | Converged: True
[trajectory_tracking_node-9] [WARN] [1790453592.127301509] [trajectory_tracking]: trajectory tracking stopped: no valid trajectory
[hdl_localization_node-13] [INFO] [1790453592.289897710] [sim_ndt]: scan points: raw=1381 downsampled=1127 (leaf=0.05 m)
[hdl_localization_node-13] [INFO] [1790453592.300531642] [sim_ndt]: Metrics -> Error: 0.000893986 (RMSE ~0.0298996 m) | Time: 10 ms | CovTrace: 0.555669 | Converged: True
[hdl_localization_node-13] [INFO] [1790453592.486571248] [sim_ndt]: scan points: raw=1381 downsampled=1127 (leaf=0.05 m)
[hdl_localization_node-13] [INFO] [1790453592.497483919] [sim_ndt]: Metrics -> Error: 0.000895095 (RMSE ~0.0299181 m) | Time: 10 ms | CovTrace: 0.55567 | Converged: True
[hdl_localization_node-13] [INFO] [1790453592.701154208] [sim_ndt]: scan points: raw=1381 downsampled=1127 (leaf=0.05 m)
[hdl_localization_node-13] [INFO] [1790453592.710013617] [sim_ndt]: Metrics -> Error: 0.000896077 (RMSE ~0.0299345 m) | Time: 10 ms | CovTrace: 0.555671 | Converged: True
[hdl_localization_node-13] [INFO] [1790453592.898005164] [sim_ndt]: scan points: raw=1381 downsampled=1127 (leaf=0.05 m)
[hdl_localization_node-13] [INFO] [1790453592.902446695] [sim_ndt]: Metrics -> Error: 0.000896976 (RMSE ~0.0299496 m) | Time: 0 ms | CovTrace: 0.555673 | Converged: True
[hdl_localization_node-13] [INFO] [1790453593.106473498] [sim_ndt]: scan points: raw=1381 downsampled=1127 (leaf=0.05 m)
[hdl_localization_node-13] [INFO] [1790453593.122760011] [sim_ndt]: Metrics -> Error: 0.000897656 (RMSE ~0.0299609 m) | Time: 10 ms | CovTrace: 0.555674 | Converged: True
[hdl_localization_node-13] [INFO] [1790453593.295136011] [sim_ndt]: scan points: raw=1381 downsampled=1127 (leaf=0.05 m)
[hdl_localization_node-13] [INFO] [1790453593.303167561] [sim_ndt]: Metrics -> Error: 0.000934526 (RMSE ~0.03057 m) | Time: 10 ms | CovTrace: 0.555675 | Converged: True
[hdl_localization_node-13] [INFO] [1790453593.495982421] [sim_ndt]: scan points: raw=1381 downsampled=1127 (leaf=0.05 m)
[hdl_localization_node-13] [INFO] [1790453593.525178172] [sim_ndt]: Metrics -> Error: 0.000900583 (RMSE ~0.0300097 m) | Time: 30 ms | CovTrace: 0.555676 | Converged: True
[hdl_localization_node-13] [INFO] [1790453593.697174291] [sim_ndt]: scan points: raw=1381 downsampled=1127 (leaf=0.05 m)
[hdl_localization_node-13] [INFO] [1790453593.706265873] [sim_ndt]: Metrics -> Error: 0.000960447 (RMSE ~0.0309911 m) | Time: 10 ms | CovTrace: 0.555677 | Converged: True
[hdl_localization_node-13] [INFO] [1790453593.909353622] [sim_ndt]: scan points: raw=1381 downsampled=1127 (leaf=0.05 m)
[hdl_localization_node-13] [INFO] [1790453593.917236770] [sim_ndt]: Metrics -> Error: 0.000913494 (RMSE ~0.0302241 m) | Time: 0 ms | CovTrace: 0.555679 | Converged: True
[hdl_localization_node-13] [INFO] [1790453594.109467332] [sim_ndt]: scan points: raw=1381 downsampled=1127 (leaf=0.05 m)
[hdl_localization_node-13] [INFO] [1790453594.115971543] [sim_ndt]: Metrics -> Error: 0.000869448 (RMSE ~0.0294864 m) | Time: 0 ms | CovTrace: 0.55568 | Converged: True
[hdl_localization_node-13] [INFO] [1790453594.316350869] [sim_ndt]: scan points: raw=1381 downsampled=1127 (leaf=0.05 m)
[hdl_localization_node-13] [INFO] [1790453594.356789771] [sim_ndt]: Metrics -> Error: 0.000777145 (RMSE ~0.0278773 m) | Time: 40 ms | CovTrace: 0.555681 | Converged: True
[trajectory_tracking_node-9] [WARN] [1790453594.367539757] [trajectory_tracking]: trajectory tracking stopped: no valid trajectory
[hdl_localization_node-13] [INFO] [1790453594.503131793] [sim_ndt]: scan points: raw=1381 downsampled=1127 (leaf=0.05 m)
[hdl_localization_node-13] [INFO] [1790453594.518582280] [sim_ndt]: Metrics -> Error: 0.000774084 (RMSE ~0.0278224 m) | Time: 10 ms | CovTrace: 0.555682 | Converged: True
[hdl_localization_node-13] [INFO] [1790453594.698676973] [sim_ndt]: scan points: raw=1381 downsampled=1127 (leaf=0.05 m)
[hdl_localization_node-13] [INFO] [1790453594.708964417] [sim_ndt]: Metrics -> Error: 0.000795495 (RMSE ~0.0282045 m) | Time: 0 ms | CovTrace: 0.555683 | Converged: True
[hdl_localization_node-13] [WARN] [1790453594.717007208] [sim_ndt]: Point-LIO odometry unavailable or stale for /localization/odometry twist; publishing zero twist
[hdl_localization_node-13] [INFO] [1790453594.899460533] [sim_ndt]: scan points: raw=1381 downsampled=1127 (leaf=0.05 m)
[hdl_localization_node-13] [INFO] [1790453594.911695600] [sim_ndt]: Metrics -> Error: 0.000764025 (RMSE ~0.027641 m) | Time: 0 ms | CovTrace: 0.555685 | Converged: True
[hdl_localization_node-13] [INFO] [1790453595.107695149] [sim_ndt]: scan points: raw=1381 downsampled=1127 (leaf=0.05 m)
[hdl_localization_node-13] [INFO] [1790453595.130017543] [sim_ndt]: Metrics -> Error: 0.000808007 (RMSE ~0.0284255 m) | Time: 0 ms | CovTrace: 0.555686 | Converged: True
[hdl_localization_node-13] [INFO] [1790453595.305573518] [sim_ndt]: scan points: raw=1381 downsampled=1127 (leaf=0.05 m)
[hdl_localization_node-13] [INFO] [1790453595.315623936] [sim_ndt]: Metrics -> Error: 0.000793352 (RMSE ~0.0281665 m) | Time: 10 ms | CovTrace: 0.555687 | Converged: True
[hdl_localization_node-13] [INFO] [1790453595.512344101] [sim_ndt]: scan points: raw=1381 downsampled=1127 (leaf=0.05 m)
[hdl_localization_node-13] [INFO] [1790453595.519280163] [sim_ndt]: Metrics -> Error: 0.000826137 (RMSE ~0.0287426 m) | Time: 0 ms | CovTrace: 0.555688 | Converged: True
[hdl_localization_node-13] [INFO] [1790453595.694510074] [sim_ndt]: scan points: raw=1381 downsampled=1127 (leaf=0.05 m)
[hdl_localization_node-13] [INFO] [1790453595.704444671] [sim_ndt]: Metrics -> Error: 0.000799043 (RMSE ~0.0282674 m) | Time: 10 ms | CovTrace: 0.555689 | Converged: True
[hdl_localization_node-13] [INFO] [1790453595.900007380] [sim_ndt]: scan points: raw=1381 downsampled=1127 (leaf=0.05 m)
[hdl_localization_node-13] [INFO] [1790453595.909662129] [sim_ndt]: Metrics -> Error: 0.000902689 (RMSE ~0.0300448 m) | Time: 0 ms | CovTrace: 0.555691 | Converged: True
[hdl_localization_node-13] [INFO] [1790453596.098916183] [sim_ndt]: scan points: raw=1381 downsampled=1127 (leaf=0.05 m)
[hdl_localization_node-13] [INFO] [1790453596.111289296] [sim_ndt]: Metrics -> Error: 0.000790916 (RMSE ~0.0281232 m) | Time: 10 ms | CovTrace: 0.555692 | Converged: True
[hdl_localization_node-13] [INFO] [1790453596.302210797] [sim_ndt]: scan points: raw=1381 downsampled=1127 (leaf=0.05 m)
[hdl_localization_node-13] [INFO] [1790453596.334906574] [sim_ndt]: Metrics -> Error: 0.000821529 (RMSE ~0.0286623 m) | Time: 30 ms | CovTrace: 0.555693 | Converged: True
[hdl_localization_node-13] [INFO] [1790453596.500634867] [sim_ndt]: scan points: raw=1381 downsampled=1127 (leaf=0.05 m)
[hdl_localization_node-13] [INFO] [1790453596.532049217] [sim_ndt]: Metrics -> Error: 0.000831877 (RMSE ~0.0288423 m) | Time: 10 ms | CovTrace: 0.555694 | Converged: True
[trajectory_tracking_node-9] [WARN] [1790453596.546420684] [trajectory_tracking]: trajectory tracking stopped: no valid trajectory
[hdl_localization_node-13] [INFO] [1790453596.691716368] [sim_ndt]: scan points: raw=1381 downsampled=1127 (leaf=0.05 m)
[hdl_localization_node-13] [INFO] [1790453596.699557064] [sim_ndt]: Metrics -> Error: 0.000837188 (RMSE ~0.0289342 m) | Time: 0 ms | CovTrace: 0.555696 | Converged: True
[hdl_localization_node-13] [INFO] [1790453596.907081727] [sim_ndt]: scan points: raw=1381 downsampled=1127 (leaf=0.05 m)
[hdl_localization_node-13] [INFO] [1790453596.919555409] [sim_ndt]: Metrics -> Error: 0.000864275 (RMSE ~0.0293986 m) | Time: 10 ms | CovTrace: 0.555697 | Converged: True
[hdl_localization_node-13] [INFO] [1790453597.096344747] [sim_ndt]: scan points: raw=1381 downsampled=1127 (leaf=0.05 m)
[hdl_localization_node-13] [INFO] [1790453597.103780599] [sim_ndt]: Metrics -> Error: 0.000870309 (RMSE ~0.029501 m) | Time: 10 ms | CovTrace: 0.555698 | Converged: True
[hdl_localization_node-13] [INFO] [1790453597.302034576] [sim_ndt]: scan points: raw=1381 downsampled=1127 (leaf=0.05 m)
[hdl_localization_node-13] [INFO] [1790453597.312133962] [sim_ndt]: Metrics -> Error: 0.000941372 (RMSE ~0.0306818 m) | Time: 10 ms | CovTrace: 0.555699 | Converged: True
[hdl_localization_node-13] [INFO] [1790453597.501726122] [sim_ndt]: scan points: raw=1381 downsampled=1127 (leaf=0.05 m)
[hdl_localization_node-13] [INFO] [1790453597.511312837] [sim_ndt]: Metrics -> Error: 0.000948102 (RMSE ~0.0307913 m) | Time: 0 ms | CovTrace: 0.5557 | Converged: True
[hdl_localization_node-13] [INFO] [1790453597.713777462] [sim_ndt]: scan points: raw=1381 downsampled=1127 (leaf=0.05 m)
[hdl_localization_node-13] [INFO] [1790453597.723726420] [sim_ndt]: Metrics -> Error: 0.00080081 (RMSE ~0.0282986 m) | Time: 10 ms | CovTrace: 0.555702 | Converged: True
[hdl_localization_node-13] [INFO] [1790453597.905635844] [sim_ndt]: scan points: raw=1381 downsampled=1127 (leaf=0.05 m)
[hdl_localization_node-13] [INFO] [1790453597.918439565] [sim_ndt]: Metrics -> Error: 0.000886273 (RMSE ~0.0297703 m) | Time: 10 ms | CovTrace: 0.555703 | Converged: True
[hdl_localization_node-13] [INFO] [1790453598.101569466] [sim_ndt]: scan points: raw=1381 downsampled=1127 (leaf=0.05 m)
[hdl_localization_node-13] [INFO] [1790453598.116438373] [sim_ndt]: Metrics -> Error: 0.000910644 (RMSE ~0.0301769 m) | Time: 10 ms | CovTrace: 0.555704 | Converged: True
[hdl_localization_node-13] [INFO] [1790453598.309303719] [sim_ndt]: scan points: raw=1381 downsampled=1127 (leaf=0.05 m)
[hdl_localization_node-13] [INFO] [1790453598.321817988] [sim_ndt]: Metrics -> Error: 0.000838698 (RMSE ~0.0289603 m) | Time: 0 ms | CovTrace: 0.555705 | Converged: True
[hdl_localization_node-13] [INFO] [1790453598.505579593] [sim_ndt]: scan points: raw=1381 downsampled=1127 (leaf=0.05 m)
[hdl_localization_node-13] [INFO] [1790453598.535306211] [sim_ndt]: Metrics -> Error: 0.000899753 (RMSE ~0.0299959 m) | Time: 30 ms | CovTrace: 0.555706 | Converged: True
[trajectory_tracking_node-9] [WARN] [1790453598.552444851] [trajectory_tracking]: trajectory tracking stopped: no valid trajectory
[hdl_localization_node-13] [INFO] [1790453598.710160516] [sim_ndt]: scan points: raw=1381 downsampled=1127 (leaf=0.05 m)
[hdl_localization_node-13] [INFO] [1790453598.722783843] [sim_ndt]: Metrics -> Error: 0.000908646 (RMSE ~0.0301438 m) | Time: 10 ms | CovTrace: 0.555708 | Converged: True
[hdl_localization_node-13] [INFO] [1790453598.918309468] [sim_ndt]: scan points: raw=1381 downsampled=1127 (leaf=0.05 m)
[hdl_localization_node-13] [INFO] [1790453598.924807908] [sim_ndt]: Metrics -> Error: 0.000914772 (RMSE ~0.0302452 m) | Time: 0 ms | CovTrace: 0.555709 | Converged: True
[hdl_localization_node-13] [INFO] [1790453599.096444827] [sim_ndt]: scan points: raw=1381 downsampled=1127 (leaf=0.05 m)
[hdl_localization_node-13] [INFO] [1790453599.113698674] [sim_ndt]: Metrics -> Error: 0.000913944 (RMSE ~0.0302315 m) | Time: 10 ms | CovTrace: 0.55571 | Converged: True
[hdl_localization_node-13] [INFO] [1790453599.295334973] [sim_ndt]: scan points: raw=1381 downsampled=1127 (leaf=0.05 m)
[hdl_localization_node-13] [INFO] [1790453599.311113816] [sim_ndt]: Metrics -> Error: 0.000894816 (RMSE ~0.0299135 m) | Time: 10 ms | CovTrace: 0.555711 | Converged: True
[hdl_localization_node-13] [INFO] [1790453599.494522080] [sim_ndt]: scan points: raw=1381 downsampled=1127 (leaf=0.05 m)
[hdl_localization_node-13] [INFO] [1790453599.521617185] [sim_ndt]: Metrics -> Error: 0.000933878 (RMSE ~0.0305594 m) | Time: 20 ms | CovTrace: 0.555712 | Converged: True
[hdl_localization_node-13] [INFO] [1790453599.707605101] [sim_ndt]: scan points: raw=1381 downsampled=1127 (leaf=0.05 m)
[hdl_localization_node-13] [INFO] [1790453599.731509680] [sim_ndt]: Metrics -> Error: 0.000920936 (RMSE ~0.0303469 m) | Time: 20 ms | CovTrace: 0.555714 | Converged: True
[hdl_localization_node-13] [WARN] [1790453599.740320318] [sim_ndt]: Point-LIO odometry unavailable or stale for /localization/odometry twist; publishing zero twist
[hdl_localization_node-13] [INFO] [1790453599.905005701] [sim_ndt]: scan points: raw=1381 downsampled=1127 (leaf=0.05 m)
[hdl_localization_node-13] [INFO] [1790453599.941949272] [sim_ndt]: Metrics -> Error: 0.000952917 (RMSE ~0.0308694 m) | Time: 30 ms | CovTrace: 0.555715 | Converged: True
[hdl_localization_node-13] [INFO] [1790453600.106277078] [sim_ndt]: scan points: raw=1381 downsampled=1127 (leaf=0.05 m)
[hdl_localization_node-13] [INFO] [1790453600.119861582] [sim_ndt]: Metrics -> Error: 0.00091161 (RMSE ~0.0301929 m) | Time: 10 ms | CovTrace: 0.555716 | Converged: True
[hdl_localization_node-13] [INFO] [1790453600.305459491] [sim_ndt]: scan points: raw=1381 downsampled=1127 (leaf=0.05 m)
[hdl_localization_node-13] [INFO] [1790453600.319229329] [sim_ndt]: Metrics -> Error: 0.00092491 (RMSE ~0.0304123 m) | Time: 10 ms | CovTrace: 0.555717 | Converged: True
[hdl_localization_node-13] [INFO] [1790453600.503689262] [sim_ndt]: scan points: raw=1381 downsampled=1127 (leaf=0.05 m)
[hdl_localization_node-13] [INFO] [1790453600.511643651] [sim_ndt]: Metrics -> Error: 0.000937216 (RMSE ~0.030614 m) | Time: 0 ms | CovTrace: 0.555718 | Converged: True
[hdl_localization_node-13] [INFO] [1790453600.719840566] [sim_ndt]: scan points: raw=1381 downsampled=1127 (leaf=0.05 m)
[hdl_localization_node-13] [INFO] [1790453600.752527732] [sim_ndt]: Metrics -> Error: 0.000930103 (RMSE ~0.0304976 m) | Time: 20 ms | CovTrace: 0.55572 | Converged: True
[trajectory_tracking_node-9] [WARN] [1790453600.764625553] [trajectory_tracking]: trajectory tracking stopped: no valid trajectory
[hdl_localization_node-13] [INFO] [1790453600.919695532] [sim_ndt]: scan points: raw=1381 downsampled=1127 (leaf=0.05 m)
[hdl_localization_node-13] [INFO] [1790453600.932324166] [sim_ndt]: Metrics -> Error: 0.000900333 (RMSE ~0.0300056 m) | Time: 0 ms | CovTrace: 0.555721 | Converged: True
[hdl_localization_node-13] [INFO] [1790453601.120227879] [sim_ndt]: scan points: raw=1381 downsampled=1127 (leaf=0.05 m)
[hdl_localization_node-13] [INFO] [1790453601.148640159] [sim_ndt]: Metrics -> Error: 0.000842158 (RMSE ~0.02902 m) | Time: 10 ms | CovTrace: 0.555722 | Converged: True
[hdl_localization_node-13] [INFO] [1790453601.314804276] [sim_ndt]: scan points: raw=1381 downsampled=1127 (leaf=0.05 m)
[hdl_localization_node-13] [INFO] [1790453601.333565918] [sim_ndt]: Metrics -> Error: 0.000938278 (RMSE ~0.0306313 m) | Time: 10 ms | CovTrace: 0.555723 | Converged: True
[hdl_localization_node-13] [INFO] [1790453601.498972149] [sim_ndt]: scan points: raw=1381 downsampled=1127 (leaf=0.05 m)
[hdl_localization_node-13] [INFO] [1790453601.508195706] [sim_ndt]: Metrics -> Error: 0.000838055 (RMSE ~0.0289492 m) | Time: 0 ms | CovTrace: 0.555725 | Converged: True
[hdl_localization_node-13] [INFO] [1790453601.718908157] [sim_ndt]: scan points: raw=1381 downsampled=1127 (leaf=0.05 m)
[hdl_localization_node-13] [INFO] [1790453601.724735617] [sim_ndt]: Metrics -> Error: 0.000842321 (RMSE ~0.0290228 m) | Time: 10 ms | CovTrace: 0.555726 | Converged: True
[hdl_localization_node-13] [INFO] [1790453601.902349141] [sim_ndt]: scan points: raw=1381 downsampled=1127 (leaf=0.05 m)
[hdl_localization_node-13] [INFO] [1790453601.914361787] [sim_ndt]: Metrics -> Error: 0.000829954 (RMSE ~0.0288089 m) | Time: 0 ms | CovTrace: 0.555727 | Converged: True
[hdl_localization_node-13] [INFO] [1790453602.098532196] [sim_ndt]: scan points: raw=1381 downsampled=1127 (leaf=0.05 m)
[hdl_localization_node-13] [INFO] [1790453602.116645311] [sim_ndt]: Metrics -> Error: 0.000951069 (RMSE ~0.0308394 m) | Time: 0 ms | CovTrace: 0.555728 | Converged: True
[hdl_localization_node-13] [INFO] [1790453602.302329757] [sim_ndt]: scan points: raw=1381 downsampled=1127 (leaf=0.05 m)
[hdl_localization_node-13] [INFO] [1790453602.311563925] [sim_ndt]: Metrics -> Error: 0.000945531 (RMSE ~0.0307495 m) | Time: 0 ms | CovTrace: 0.555729 | Converged: True
[hdl_localization_node-13] [INFO] [1790453602.511209592] [sim_ndt]: scan points: raw=1381 downsampled=1127 (leaf=0.05 m)
[hdl_localization_node-13] [INFO] [1790453602.520196660] [sim_ndt]: Metrics -> Error: 0.000816128 (RMSE ~0.028568 m) | Time: 0 ms | CovTrace: 0.555731 | Converged: True
[hdl_localization_node-13] [INFO] [1790453602.702749320] [sim_ndt]: scan points: raw=1381 downsampled=1127 (leaf=0.05 m)
[hdl_localization_node-13] [INFO] [1790453602.716827623] [sim_ndt]: Metrics -> Error: 0.000818854 (RMSE ~0.0286156 m) | Time: 10 ms | CovTrace: 0.555732 | Converged: True
[hdl_localization_node-13] [INFO] [1790453602.903433952] [sim_ndt]: scan points: raw=1381 downsampled=1127 (leaf=0.05 m)
[hdl_localization_node-13] [INFO] [1790453602.917446213] [sim_ndt]: Metrics -> Error: 0.000873315 (RMSE ~0.0295519 m) | Time: 10 ms | CovTrace: 0.555733 | Converged: True
[trajectory_tracking_node-9] [WARN] [1790453602.925635818] [trajectory_tracking]: trajectory tracking stopped: no valid trajectory
[hdl_localization_node-13] [INFO] [1790453603.100371422] [sim_ndt]: scan points: raw=1381 downsampled=1127 (leaf=0.05 m)
[hdl_localization_node-13] [INFO] [1790453603.111160991] [sim_ndt]: Metrics -> Error: 0.000876852 (RMSE ~0.0296117 m) | Time: 0 ms | CovTrace: 0.555734 | Converged: True
[hdl_localization_node-13] [INFO] [1790453603.311047257] [sim_ndt]: scan points: raw=1381 downsampled=1127 (leaf=0.05 m)
[hdl_localization_node-13] [INFO] [1790453603.320030795] [sim_ndt]: Metrics -> Error: 0.000853252 (RMSE ~0.0292105 m) | Time: 0 ms | CovTrace: 0.555735 | Converged: True
[hdl_localization_node-13] [INFO] [1790453603.506439611] [sim_ndt]: scan points: raw=1381 downsampled=1127 (leaf=0.05 m)
[hdl_localization_node-13] [INFO] [1790453603.521457181] [sim_ndt]: Metrics -> Error: 0.000901589 (RMSE ~0.0300265 m) | Time: 10 ms | CovTrace: 0.555737 | Converged: True
[hdl_localization_node-13] [INFO] [1790453603.699769183] [sim_ndt]: scan points: raw=1381 downsampled=1127 (leaf=0.05 m)
[hdl_localization_node-13] [INFO] [1790453603.714146665] [sim_ndt]: Metrics -> Error: 0.000820664 (RMSE ~0.0286472 m) | Time: 0 ms | CovTrace: 0.555738 | Converged: True
[hdl_localization_node-13] [INFO] [1790453603.909667606] [sim_ndt]: scan points: raw=1381 downsampled=1127 (leaf=0.05 m)
[hdl_localization_node-13] [INFO] [1790453603.914134534] [sim_ndt]: Metrics -> Error: 0.000876177 (RMSE ~0.0296003 m) | Time: 0 ms | CovTrace: 0.555739 | Converged: True
[hdl_localization_node-13] [INFO] [1790453604.104950101] [sim_ndt]: scan points: raw=1381 downsampled=1127 (leaf=0.05 m)
[hdl_localization_node-13] [INFO] [1790453604.117669981] [sim_ndt]: Metrics -> Error: 0.00084867 (RMSE ~0.0291319 m) | Time: 10 ms | CovTrace: 0.55574 | Converged: True
[hdl_localization_node-13] [INFO] [1790453604.299864749] [sim_ndt]: scan points: raw=1381 downsampled=1127 (leaf=0.05 m)
[hdl_localization_node-13] [INFO] [1790453604.319443169] [sim_ndt]: Metrics -> Error: 0.000861537 (RMSE ~0.029352 m) | Time: 10 ms | CovTrace: 0.555741 | Converged: True
[hdl_localization_node-13] [INFO] [1790453604.491903474] [sim_ndt]: scan points: raw=1381 downsampled=1127 (leaf=0.05 m)
[hdl_localization_node-13] [INFO] [1790453604.524470234] [sim_ndt]: Metrics -> Error: 0.000821208 (RMSE ~0.0286567 m) | Time: 20 ms | CovTrace: 0.555743 | Converged: True
[hdl_localization_node-13] [INFO] [1790453604.699719387] [sim_ndt]: scan points: raw=1381 downsampled=1127 (leaf=0.05 m)
[hdl_localization_node-13] [INFO] [1790453604.704264332] [sim_ndt]: Metrics -> Error: 0.000789164 (RMSE ~0.0280921 m) | Time: 0 ms | CovTrace: 0.555744 | Converged: True
[hdl_localization_node-13] [INFO] [1790453604.905225353] [sim_ndt]: scan points: raw=1381 downsampled=1127 (leaf=0.05 m)
[hdl_localization_node-13] [INFO] [1790453604.921045917] [sim_ndt]: Metrics -> Error: 0.000781934 (RMSE ~0.0279631 m) | Time: 10 ms | CovTrace: 0.555745 | Converged: True
[hdl_localization_node-13] [WARN] [1790453604.924921009] [sim_ndt]: Point-LIO odometry unavailable or stale for /localization/odometry twist; publishing zero twist
[trajectory_tracking_node-9] [WARN] [1790453604.930158098] [trajectory_tracking]: trajectory tracking stopped: no valid trajectory
[hdl_localization_node-13] [INFO] [1790453605.106211011] [sim_ndt]: scan points: raw=1381 downsampled=1127 (leaf=0.05 m)
[hdl_localization_node-13] [INFO] [1790453605.112235241] [sim_ndt]: Metrics -> Error: 0.000963366 (RMSE ~0.0310381 m) | Time: 10 ms | CovTrace: 0.555746 | Converged: True
[hdl_localization_node-13] [INFO] [1790453605.294055940] [sim_ndt]: scan points: raw=1381 downsampled=1127 (leaf=0.05 m)
[hdl_localization_node-13] [INFO] [1790453605.302703316] [sim_ndt]: Metrics -> Error: 0.000894427 (RMSE ~0.029907 m) | Time: 0 ms | CovTrace: 0.555747 | Converged: True
[hdl_localization_node-13] [INFO] [1790453605.508307871] [sim_ndt]: scan points: raw=1381 downsampled=1127 (leaf=0.05 m)
[hdl_localization_node-13] [INFO] [1790453605.512697643] [sim_ndt]: Metrics -> Error: 0.00085812 (RMSE ~0.0292937 m) | Time: 0 ms | CovTrace: 0.555749 | Converged: True
[hdl_localization_node-13] [INFO] [1790453605.704062997] [sim_ndt]: scan points: raw=1381 downsampled=1127 (leaf=0.05 m)
[hdl_localization_node-13] [INFO] [1790453605.715269263] [sim_ndt]: Metrics -> Error: 0.000901312 (RMSE ~0.0300219 m) | Time: 10 ms | CovTrace: 0.55575 | Converged: True
[hdl_localization_node-13] [INFO] [1790453605.898331899] [sim_ndt]: scan points: raw=1381 downsampled=1127 (leaf=0.05 m)
[hdl_localization_node-13] [INFO] [1790453605.918129049] [sim_ndt]: Metrics -> Error: 0.000911747 (RMSE ~0.0301952 m) | Time: 20 ms | CovTrace: 0.555751 | Converged: True
[hdl_localization_node-13] [INFO] [1790453606.105701181] [sim_ndt]: scan points: raw=1381 downsampled=1127 (leaf=0.05 m)
[hdl_localization_node-13] [INFO] [1790453606.111643834] [sim_ndt]: Metrics -> Error: 0.000922416 (RMSE ~0.0303713 m) | Time: 10 ms | CovTrace: 0.555752 | Converged: True
[hdl_localization_node-13] [INFO] [1790453606.309975825] [sim_ndt]: scan points: raw=1381 downsampled=1127 (leaf=0.05 m)
[hdl_localization_node-13] [INFO] [1790453606.324769068] [sim_ndt]: Metrics -> Error: 0.000872821 (RMSE ~0.0295435 m) | Time: 10 ms | CovTrace: 0.555754 | Converged: True
[hdl_localization_node-13] [INFO] [1790453606.514879450] [sim_ndt]: scan points: raw=1381 downsampled=1127 (leaf=0.05 m)
[hdl_localization_node-13] [INFO] [1790453606.521976190] [sim_ndt]: Metrics -> Error: 0.000795724 (RMSE ~0.0282086 m) | Time: 0 ms | CovTrace: 0.555755 | Converged: True
[hdl_localization_node-13] [INFO] [1790453606.701358542] [sim_ndt]: scan points: raw=1381 downsampled=1127 (leaf=0.05 m)
[hdl_localization_node-13] [INFO] [1790453606.707696127] [sim_ndt]: Metrics -> Error: 0.000939786 (RMSE ~0.0306559 m) | Time: 0 ms | CovTrace: 0.555756 | Converged: True
[hdl_localization_node-13] [INFO] [1790453606.898341879] [sim_ndt]: scan points: raw=1381 downsampled=1127 (leaf=0.05 m)
[hdl_localization_node-13] [INFO] [1790453606.934531855] [sim_ndt]: Metrics -> Error: 0.000902115 (RMSE ~0.0300352 m) | Time: 40 ms | CovTrace: 0.555757 | Converged: True
[trajectory_tracking_node-9] [WARN] [1790453606.957396382] [trajectory_tracking]: trajectory tracking stopped: no valid trajectory
[hdl_localization_node-13] [INFO] [1790453607.156226729] [sim_ndt]: scan points: raw=1381 downsampled=1127 (leaf=0.05 m)
[hdl_localization_node-13] [INFO] [1790453607.172231546] [sim_ndt]: Metrics -> Error: 0.000871415 (RMSE ~0.0295197 m) | Time: 10 ms | CovTrace: 0.555758 | Converged: True
[hdl_localization_node-13] [INFO] [1790453607.301092583] [sim_ndt]: scan points: raw=1381 downsampled=1127 (leaf=0.05 m)
[hdl_localization_node-13] [INFO] [1790453607.311610089] [sim_ndt]: Metrics -> Error: 0.000890918 (RMSE ~0.0298483 m) | Time: 0 ms | CovTrace: 0.55576 | Converged: True
[hdl_localization_node-13] [INFO] [1790453607.504846043] [sim_ndt]: scan points: raw=1381 downsampled=1127 (leaf=0.05 m)
[hdl_localization_node-13] [INFO] [1790453607.522367546] [sim_ndt]: Metrics -> Error: 0.000910547 (RMSE ~0.0301753 m) | Time: 10 ms | CovTrace: 0.555761 | Converged: True
[hdl_localization_node-13] [INFO] [1790453607.699496091] [sim_ndt]: scan points: raw=1381 downsampled=1127 (leaf=0.05 m)
[hdl_localization_node-13] [INFO] [1790453607.715416047] [sim_ndt]: Metrics -> Error: 0.000873714 (RMSE ~0.0295586 m) | Time: 0 ms | CovTrace: 0.555762 | Converged: True
[hdl_localization_node-13] [INFO] [1790453607.899084998] [sim_ndt]: scan points: raw=1381 downsampled=1127 (leaf=0.05 m)
[hdl_localization_node-13] [INFO] [1790453607.903670279] [sim_ndt]: Metrics -> Error: 0.000925438 (RMSE ~0.030421 m) | Time: 0 ms | CovTrace: 0.555763 | Converged: True
[hdl_localization_node-13] [INFO] [1790453608.110918542] [sim_ndt]: scan points: raw=1381 downsampled=1127 (leaf=0.05 m)
[hdl_localization_node-13] [INFO] [1790453608.123970793] [sim_ndt]: Metrics -> Error: 0.000917229 (RMSE ~0.0302858 m) | Time: 10 ms | CovTrace: 0.555764 | Converged: True
[hdl_localization_node-13] [INFO] [1790453608.304675757] [sim_ndt]: scan points: raw=1381 downsampled=1127 (leaf=0.05 m)
[hdl_localization_node-13] [INFO] [1790453608.315249718] [sim_ndt]: Metrics -> Error: 0.000923735 (RMSE ~0.030393 m) | Time: 0 ms | CovTrace: 0.555766 | Converged: True
[hdl_localization_node-13] [INFO] [1790453608.493578675] [sim_ndt]: scan points: raw=1381 downsampled=1127 (leaf=0.05 m)
[hdl_localization_node-13] [INFO] [1790453608.501071648] [sim_ndt]: Metrics -> Error: 0.000870235 (RMSE ~0.0294997 m) | Time: 0 ms | CovTrace: 0.555767 | Converged: True
[hdl_localization_node-13] [INFO] [1790453608.704029182] [sim_ndt]: scan points: raw=1381 downsampled=1127 (leaf=0.05 m)
[hdl_localization_node-13] [INFO] [1790453608.710093582] [sim_ndt]: Metrics -> Error: 0.000924853 (RMSE ~0.0304114 m) | Time: 10 ms | CovTrace: 0.555768 | Converged: True
[hdl_localization_node-13] [INFO] [1790453608.906209879] [sim_ndt]: scan points: raw=1381 downsampled=1127 (leaf=0.05 m)
[hdl_localization_node-13] [INFO] [1790453608.913766854] [sim_ndt]: Metrics -> Error: 0.000883776 (RMSE ~0.0297284 m) | Time: 10 ms | CovTrace: 0.555769 | Converged: True
[hdl_localization_node-13] [INFO] [1790453609.108368987] [sim_ndt]: scan points: raw=1381 downsampled=1127 (leaf=0.05 m)
[hdl_localization_node-13] [INFO] [1790453609.120565265] [sim_ndt]: Metrics -> Error: 0.000902586 (RMSE ~0.0300431 m) | Time: 0 ms | CovTrace: 0.55577 | Converged: True
[trajectory_tracking_node-9] [WARN] [1790453609.125902368] [trajectory_tracking]: trajectory tracking stopped: no valid trajectory
[hdl_localization_node-13] [INFO] [1790453609.304673869] [sim_ndt]: scan points: raw=1381 downsampled=1127 (leaf=0.05 m)
[hdl_localization_node-13] [INFO] [1790453609.318925334] [sim_ndt]: Metrics -> Error: 0.000909287 (RMSE ~0.0301544 m) | Time: 10 ms | CovTrace: 0.555772 | Converged: True
[hdl_localization_node-13] [INFO] [1790453609.495103767] [sim_ndt]: scan points: raw=1381 downsampled=1127 (leaf=0.05 m)
[hdl_localization_node-13] [INFO] [1790453609.516640347] [sim_ndt]: Metrics -> Error: 0.000909777 (RMSE ~0.0301625 m) | Time: 20 ms | CovTrace: 0.555773 | Converged: True
[hdl_localization_node-13] [INFO] [1790453609.692455842] [sim_ndt]: scan points: raw=1381 downsampled=1127 (leaf=0.05 m)
[hdl_localization_node-13] [INFO] [1790453609.701430225] [sim_ndt]: Metrics -> Error: 0.000911127 (RMSE ~0.0301849 m) | Time: 0 ms | CovTrace: 0.555774 | Converged: True
[hdl_localization_node-13] [INFO] [1790453609.897335273] [sim_ndt]: scan points: raw=1381 downsampled=1127 (leaf=0.05 m)
[hdl_localization_node-13] [INFO] [1790453609.905685283] [sim_ndt]: Metrics -> Error: 0.00093161 (RMSE ~0.0305223 m) | Time: 10 ms | CovTrace: 0.555775 | Converged: True
[hdl_localization_node-13] [INFO] [1790453610.111587054] [sim_ndt]: scan points: raw=1381 downsampled=1127 (leaf=0.05 m)
[hdl_localization_node-13] [INFO] [1790453610.121200637] [sim_ndt]: Metrics -> Error: 0.000925285 (RMSE ~0.0304185 m) | Time: 0 ms | CovTrace: 0.555776 | Converged: True
[hdl_localization_node-13] [WARN] [1790453610.123363492] [sim_ndt]: Point-LIO odometry unavailable or stale for /localization/odometry twist; publishing zero twist
[hdl_localization_node-13] [INFO] [1790453610.307841448] [sim_ndt]: scan points: raw=1381 downsampled=1127 (leaf=0.05 m)
[hdl_localization_node-13] [INFO] [1790453610.320394885] [sim_ndt]: Metrics -> Error: 0.000917255 (RMSE ~0.0302862 m) | Time: 0 ms | CovTrace: 0.555778 | Converged: True
[hdl_localization_node-13] [INFO] [1790453610.505775410] [sim_ndt]: scan points: raw=1381 downsampled=1127 (leaf=0.05 m)
[hdl_localization_node-13] [INFO] [1790453610.517203167] [sim_ndt]: Metrics -> Error: 0.000912106 (RMSE ~0.0302011 m) | Time: 0 ms | CovTrace: 0.555779 | Converged: True
[hdl_localization_node-13] [INFO] [1790453610.712973196] [sim_ndt]: scan points: raw=1381 downsampled=1127 (leaf=0.05 m)
[hdl_localization_node-13] [INFO] [1790453610.726227067] [sim_ndt]: Metrics -> Error: 0.000933262 (RMSE ~0.0305493 m) | Time: 0 ms | CovTrace: 0.55578 | Converged: True
[hdl_localization_node-13] [INFO] [1790453610.936034655] [sim_ndt]: scan points: raw=1381 downsampled=1127 (leaf=0.05 m)
[hdl_localization_node-13] [INFO] [1790453610.965624509] [sim_ndt]: Metrics -> Error: 0.000923677 (RMSE ~0.0303921 m) | Time: 20 ms | CovTrace: 0.555781 | Converged: True
[hdl_localization_node-13] [INFO] [1790453611.114158031] [sim_ndt]: scan points: raw=1381 downsampled=1127 (leaf=0.05 m)
[hdl_localization_node-13] [INFO] [1790453611.124436709] [sim_ndt]: Metrics -> Error: 0.000918989 (RMSE ~0.0303148 m) | Time: 0 ms | CovTrace: 0.555782 | Converged: True
[trajectory_tracking_node-9] [WARN] [1790453611.129185939] [trajectory_tracking]: trajectory tracking stopped: no valid trajectory
[hdl_localization_node-13] [INFO] [1790453611.322624856] [sim_ndt]: scan points: raw=1381 downsampled=1127 (leaf=0.05 m)
[hdl_localization_node-13] [INFO] [1790453611.344010610] [sim_ndt]: Metrics -> Error: 0.000912774 (RMSE ~0.0302121 m) | Time: 10 ms | CovTrace: 0.555784 | Converged: True
[hdl_localization_node-13] [INFO] [1790453611.501728105] [sim_ndt]: scan points: raw=1381 downsampled=1127 (leaf=0.05 m)
[hdl_localization_node-13] [INFO] [1790453611.513059279] [sim_ndt]: Metrics -> Error: 0.000911717 (RMSE ~0.0301947 m) | Time: 10 ms | CovTrace: 0.555785 | Converged: True
[hdl_localization_node-13] [INFO] [1790453611.702129793] [sim_ndt]: scan points: raw=1381 downsampled=1127 (leaf=0.05 m)
[hdl_localization_node-13] [INFO] [1790453611.710667671] [sim_ndt]: Metrics -> Error: 0.000911652 (RMSE ~0.0301936 m) | Time: 0 ms | CovTrace: 0.555786 | Converged: True
[hdl_localization_node-13] [INFO] [1790453611.901706923] [sim_ndt]: scan points: raw=1381 downsampled=1127 (leaf=0.05 m)
[hdl_localization_node-13] [INFO] [1790453611.912357568] [sim_ndt]: Metrics -> Error: 0.000911184 (RMSE ~0.0301858 m) | Time: 0 ms | CovTrace: 0.555787 | Converged: True
[hdl_localization_node-13] [INFO] [1790453612.111860182] [sim_ndt]: scan points: raw=1381 downsampled=1127 (leaf=0.05 m)
[hdl_localization_node-13] [INFO] [1790453612.125750815] [sim_ndt]: Metrics -> Error: 0.000910721 (RMSE ~0.0301782 m) | Time: 10 ms | CovTrace: 0.555789 | Converged: True
[hdl_localization_node-13] [INFO] [1790453612.299231879] [sim_ndt]: scan points: raw=1381 downsampled=1127 (leaf=0.05 m)
[hdl_localization_node-13] [INFO] [1790453612.319140017] [sim_ndt]: Metrics -> Error: 0.000910201 (RMSE ~0.0301695 m) | Time: 20 ms | CovTrace: 0.55579 | Converged: True
[hdl_localization_node-13] [INFO] [1790453612.505139784] [sim_ndt]: scan points: raw=1381 downsampled=1127 (leaf=0.05 m)
[hdl_localization_node-13] [INFO] [1790453612.524759228] [sim_ndt]: Metrics -> Error: 0.000923233 (RMSE ~0.0303847 m) | Time: 10 ms | CovTrace: 0.555791 | Converged: True
[hdl_localization_node-13] [INFO] [1790453612.700876794] [sim_ndt]: scan points: raw=1381 downsampled=1127 (leaf=0.05 m)
[hdl_localization_node-13] [INFO] [1790453612.710235952] [sim_ndt]: Metrics -> Error: 0.000949533 (RMSE ~0.0308145 m) | Time: 0 ms | CovTrace: 0.555792 | Converged: True
[hdl_localization_node-13] [INFO] [1790453612.895608106] [sim_ndt]: scan points: raw=1381 downsampled=1127 (leaf=0.05 m)
[hdl_localization_node-13] [INFO] [1790453612.914569616] [sim_ndt]: Metrics -> Error: 0.000923347 (RMSE ~0.0303866 m) | Time: 10 ms | CovTrace: 0.555793 | Converged: True
[hdl_localization_node-13] [INFO] [1790453613.120368419] [sim_ndt]: scan points: raw=1381 downsampled=1127 (leaf=0.05 m)
[hdl_localization_node-13] [INFO] [1790453613.138543691] [sim_ndt]: Metrics -> Error: 0.000923776 (RMSE ~0.0303937 m) | Time: 10 ms | CovTrace: 0.555794 | Converged: True
[trajectory_tracking_node-9] [WARN] [1790453613.150669297] [trajectory_tracking]: trajectory tracking stopped: no valid trajectory
[hdl_localization_node-13] [INFO] [1790453613.300780745] [sim_ndt]: scan points: raw=1381 downsampled=1127 (leaf=0.05 m)
[hdl_localization_node-13] [INFO] [1790453613.316625573] [sim_ndt]: Metrics -> Error: 0.000948234 (RMSE ~0.0307934 m) | Time: 10 ms | CovTrace: 0.555796 | Converged: True
[hdl_localization_node-13] [INFO] [1790453613.509547733] [sim_ndt]: scan points: raw=1381 downsampled=1127 (leaf=0.05 m)
[hdl_localization_node-13] [INFO] [1790453613.519890594] [sim_ndt]: Metrics -> Error: 0.000917218 (RMSE ~0.0302856 m) | Time: 0 ms | CovTrace: 0.555797 | Converged: True
[hdl_localization_node-13] [INFO] [1790453613.701829207] [sim_ndt]: scan points: raw=1381 downsampled=1127 (leaf=0.05 m)
[hdl_localization_node-13] [INFO] [1790453613.718338441] [sim_ndt]: Metrics -> Error: 0.000894487 (RMSE ~0.029908 m) | Time: 10 ms | CovTrace: 0.555798 | Converged: True
[hdl_localization_node-13] [INFO] [1790453613.904195767] [sim_ndt]: scan points: raw=1381 downsampled=1127 (leaf=0.05 m)
[hdl_localization_node-13] [INFO] [1790453613.921797682] [sim_ndt]: Metrics -> Error: 0.000922516 (RMSE ~0.0303729 m) | Time: 10 ms | CovTrace: 0.555799 | Converged: True
[hdl_localization_node-13] [INFO] [1790453614.092095768] [sim_ndt]: scan points: raw=1381 downsampled=1127 (leaf=0.05 m)
[hdl_localization_node-13] [INFO] [1790453614.100674658] [sim_ndt]: Metrics -> Error: 0.00097023 (RMSE ~0.0311485 m) | Time: 0 ms | CovTrace: 0.555801 | Converged: True
[hdl_localization_node-13] [INFO] [1790453614.301334817] [sim_ndt]: scan points: raw=1381 downsampled=1127 (leaf=0.05 m)
[hdl_localization_node-13] [INFO] [1790453614.314980709] [sim_ndt]: Metrics -> Error: 0.000879024 (RMSE ~0.0296483 m) | Time: 10 ms | CovTrace: 0.555802 | Converged: True
[hdl_localization_node-13] [INFO] [1790453614.502517077] [sim_ndt]: scan points: raw=1381 downsampled=1127 (leaf=0.05 m)
[hdl_localization_node-13] [INFO] [1790453614.537399716] [sim_ndt]: Metrics -> Error: 0.000875149 (RMSE ~0.0295829 m) | Time: 20 ms | CovTrace: 0.555803 | Converged: True
[hdl_localization_node-13] [INFO] [1790453614.708803904] [sim_ndt]: scan points: raw=1381 downsampled=1127 (leaf=0.05 m)
[hdl_localization_node-13] [INFO] [1790453614.721312025] [sim_ndt]: Metrics -> Error: 0.000867733 (RMSE ~0.0294573 m) | Time: 10 ms | CovTrace: 0.555804 | Converged: True
[hdl_localization_node-13] [INFO] [1790453614.907163295] [sim_ndt]: scan points: raw=1381 downsampled=1127 (leaf=0.05 m)
[hdl_localization_node-13] [INFO] [1790453614.927012749] [sim_ndt]: Metrics -> Error: 0.000865771 (RMSE ~0.029424 m) | Time: 20 ms | CovTrace: 0.555805 | Converged: True
[hdl_localization_node-13] [INFO] [1790453615.092303891] [sim_ndt]: scan points: raw=1381 downsampled=1127 (leaf=0.05 m)
[hdl_localization_node-13] [INFO] [1790453615.101264668] [sim_ndt]: Metrics -> Error: 0.000863663 (RMSE ~0.0293881 m) | Time: 0 ms | CovTrace: 0.555807 | Converged: True
[hdl_localization_node-13] [INFO] [1790453615.301100622] [sim_ndt]: scan points: raw=1381 downsampled=1127 (leaf=0.05 m)
[hdl_localization_node-13] [INFO] [1790453615.307052426] [sim_ndt]: Metrics -> Error: 0.000859901 (RMSE ~0.0293241 m) | Time: 0 ms | CovTrace: 0.555808 | Converged: True
[hdl_localization_node-13] [WARN] [1790453615.311872233] [sim_ndt]: Point-LIO odometry unavailable or stale for /localization/odometry twist; publishing zero twist
[trajectory_tracking_node-9] [WARN] [1790453615.315082083] [trajectory_tracking]: trajectory tracking stopped: no valid trajectory
[hdl_localization_node-13] [INFO] [1790453615.496510226] [sim_ndt]: scan points: raw=1381 downsampled=1127 (leaf=0.05 m)
[hdl_localization_node-13] [INFO] [1790453615.503873110] [sim_ndt]: Metrics -> Error: 0.000849002 (RMSE ~0.0291376 m) | Time: 0 ms | CovTrace: 0.555809 | Converged: True
[hdl_localization_node-13] [INFO] [1790453615.695559118] [sim_ndt]: scan points: raw=1381 downsampled=1127 (leaf=0.05 m)
[hdl_localization_node-13] [INFO] [1790453615.703050377] [sim_ndt]: Metrics -> Error: 0.000844498 (RMSE ~0.0290602 m) | Time: 10 ms | CovTrace: 0.55581 | Converged: True
[hdl_localization_node-13] [INFO] [1790453615.897556763] [sim_ndt]: scan points: raw=1381 downsampled=1127 (leaf=0.05 m)
[hdl_localization_node-13] [INFO] [1790453615.902940930] [sim_ndt]: Metrics -> Error: 0.000839489 (RMSE ~0.0289739 m) | Time: 0 ms | CovTrace: 0.555811 | Converged: True
[hdl_localization_node-13] [INFO] [1790453616.103175182] [sim_ndt]: scan points: raw=1381 downsampled=1127 (leaf=0.05 m)
[hdl_localization_node-13] [INFO] [1790453616.112702808] [sim_ndt]: Metrics -> Error: 0.000835526 (RMSE ~0.0289055 m) | Time: 10 ms | CovTrace: 0.555813 | Converged: True
[hdl_localization_node-13] [INFO] [1790453616.320126178] [sim_ndt]: scan points: raw=1381 downsampled=1127 (leaf=0.05 m)
[hdl_localization_node-13] [INFO] [1790453616.332118407] [sim_ndt]: Metrics -> Error: 0.000831912 (RMSE ~0.0288429 m) | Time: 10 ms | CovTrace: 0.555814 | Converged: True
[hdl_localization_node-13] [INFO] [1790453616.503195590] [sim_ndt]: scan points: raw=1381 downsampled=1127 (leaf=0.05 m)
[hdl_localization_node-13] [INFO] [1790453616.520022352] [sim_ndt]: Metrics -> Error: 0.000827985 (RMSE ~0.0287747 m) | Time: 10 ms | CovTrace: 0.555815 | Converged: True
[hdl_localization_node-13] [INFO] [1790453616.693314207] [sim_ndt]: scan points: raw=1381 downsampled=1127 (leaf=0.05 m)
[hdl_localization_node-13] [INFO] [1790453616.702979516] [sim_ndt]: Metrics -> Error: 0.000828978 (RMSE ~0.028792 m) | Time: 0 ms | CovTrace: 0.555816 | Converged: True
[hdl_localization_node-13] [INFO] [1790453616.911988324] [sim_ndt]: scan points: raw=1381 downsampled=1127 (leaf=0.05 m)
[hdl_localization_node-13] [INFO] [1790453616.930725220] [sim_ndt]: Metrics -> Error: 0.000820051 (RMSE ~0.0286365 m) | Time: 10 ms | CovTrace: 0.555817 | Converged: True
[hdl_localization_node-13] [INFO] [1790453617.115152214] [sim_ndt]: scan points: raw=1381 downsampled=1127 (leaf=0.05 m)
[hdl_localization_node-13] [INFO] [1790453617.126592828] [sim_ndt]: Metrics -> Error: 0.000816432 (RMSE ~0.0285733 m) | Time: 10 ms | CovTrace: 0.555819 | Converged: True
[hdl_localization_node-13] [INFO] [1790453617.328567828] [sim_ndt]: scan points: raw=1381 downsampled=1127 (leaf=0.05 m)
[hdl_localization_node-13] [INFO] [1790453617.365763272] [sim_ndt]: Metrics -> Error: 0.000814608 (RMSE ~0.0285413 m) | Time: 20 ms | CovTrace: 0.55582 | Converged: True
[trajectory_tracking_node-9] [WARN] [1790453617.382624378] [trajectory_tracking]: trajectory tracking stopped: no valid trajectory
[hdl_localization_node-13] [INFO] [1790453617.522799288] [sim_ndt]: scan points: raw=1381 downsampled=1127 (leaf=0.05 m)
[hdl_localization_node-13] [INFO] [1790453617.535755932] [sim_ndt]: Metrics -> Error: 0.000818422 (RMSE ~0.0286081 m) | Time: 10 ms | CovTrace: 0.555821 | Converged: True
[hdl_localization_node-13] [INFO] [1790453617.721087356] [sim_ndt]: scan points: raw=1381 downsampled=1127 (leaf=0.05 m)
[hdl_localization_node-13] [INFO] [1790453617.729833915] [sim_ndt]: Metrics -> Error: 0.00079825 (RMSE ~0.0282533 m) | Time: 0 ms | CovTrace: 0.555822 | Converged: True
[hdl_localization_node-13] [INFO] [1790453617.912100608] [sim_ndt]: scan points: raw=1381 downsampled=1127 (leaf=0.05 m)
[hdl_localization_node-13] [INFO] [1790453617.919375490] [sim_ndt]: Metrics -> Error: 0.000803325 (RMSE ~0.028343 m) | Time: 10 ms | CovTrace: 0.555824 | Converged: True
[hdl_localization_node-13] [INFO] [1790453618.108847142] [sim_ndt]: scan points: raw=1381 downsampled=1127 (leaf=0.05 m)
[hdl_localization_node-13] [INFO] [1790453618.122482185] [sim_ndt]: Metrics -> Error: 0.000797524 (RMSE ~0.0282405 m) | Time: 10 ms | CovTrace: 0.555825 | Converged: True
[hdl_localization_node-13] [INFO] [1790453618.321729364] [sim_ndt]: scan points: raw=1381 downsampled=1127 (leaf=0.05 m)
[hdl_localization_node-13] [INFO] [1790453618.334048188] [sim_ndt]: Metrics -> Error: 0.00078793 (RMSE ~0.0280701 m) | Time: 10 ms | CovTrace: 0.555826 | Converged: True
[hdl_localization_node-13] [INFO] [1790453618.521705568] [sim_ndt]: scan points: raw=1381 downsampled=1127 (leaf=0.05 m)
[hdl_localization_node-13] [INFO] [1790453618.550509546] [sim_ndt]: Metrics -> Error: 0.000795151 (RMSE ~0.0281984 m) | Time: 10 ms | CovTrace: 0.555827 | Converged: True
[hdl_localization_node-13] [INFO] [1790453618.723138236] [sim_ndt]: scan points: raw=1381 downsampled=1127 (leaf=0.05 m)
[hdl_localization_node-13] [INFO] [1790453618.728709576] [sim_ndt]: Metrics -> Error: 0.000785843 (RMSE ~0.0280329 m) | Time: 0 ms | CovTrace: 0.555828 | Converged: True
[hdl_localization_node-13] [INFO] [1790453618.923321193] [sim_ndt]: scan points: raw=1381 downsampled=1127 (leaf=0.05 m)
[hdl_localization_node-13] [INFO] [1790453618.942444647] [sim_ndt]: Metrics -> Error: 0.000792036 (RMSE ~0.0281431 m) | Time: 10 ms | CovTrace: 0.55583 | Converged: True
[hdl_localization_node-13] [INFO] [1790453619.117843885] [sim_ndt]: scan points: raw=1381 downsampled=1127 (leaf=0.05 m)
[hdl_localization_node-13] [INFO] [1790453619.138987576] [sim_ndt]: Metrics -> Error: 0.000759331 (RMSE ~0.027556 m) | Time: 10 ms | CovTrace: 0.555831 | Converged: True
[hdl_localization_node-13] [INFO] [1790453619.321976762] [sim_ndt]: scan points: raw=1381 downsampled=1127 (leaf=0.05 m)
[hdl_localization_node-13] [INFO] [1790453619.342908367] [sim_ndt]: Metrics -> Error: 0.000784715 (RMSE ~0.0280128 m) | Time: 20 ms | CovTrace: 0.555832 | Converged: True
[hdl_localization_node-13] [INFO] [1790453619.512828510] [sim_ndt]: scan points: raw=1381 downsampled=1127 (leaf=0.05 m)
[hdl_localization_node-13] [INFO] [1790453619.532859460] [sim_ndt]: Metrics -> Error: 0.000755924 (RMSE ~0.0274941 m) | Time: 20 ms | CovTrace: 0.555833 | Converged: True
[trajectory_tracking_node-9] [WARN] [1790453619.546911420] [trajectory_tracking]: trajectory tracking stopped: no valid trajectory
[hdl_localization_node-13] [INFO] [1790453619.718963459] [sim_ndt]: scan points: raw=1381 downsampled=1127 (leaf=0.05 m)
[hdl_localization_node-13] [INFO] [1790453619.745645982] [sim_ndt]: Metrics -> Error: 0.000789399 (RMSE ~0.0280963 m) | Time: 20 ms | CovTrace: 0.555834 | Converged: True
[hdl_localization_node-13] [INFO] [1790453619.912725847] [sim_ndt]: scan points: raw=1381 downsampled=1127 (leaf=0.05 m)
[hdl_localization_node-13] [INFO] [1790453619.929869431] [sim_ndt]: Metrics -> Error: 0.000769982 (RMSE ~0.0277485 m) | Time: 20 ms | CovTrace: 0.555836 | Converged: True
[hdl_localization_node-13] [INFO] [1790453620.105044406] [sim_ndt]: scan points: raw=1381 downsampled=1127 (leaf=0.05 m)
[hdl_localization_node-13] [INFO] [1790453620.111075252] [sim_ndt]: Metrics -> Error: 0.000828744 (RMSE ~0.0287879 m) | Time: 0 ms | CovTrace: 0.555837 | Converged: True
[hdl_localization_node-13] [INFO] [1790453620.317242939] [sim_ndt]: scan points: raw=1381 downsampled=1127 (leaf=0.05 m)
[hdl_localization_node-13] [INFO] [1790453620.341148458] [sim_ndt]: Metrics -> Error: 0.000908562 (RMSE ~0.0301424 m) | Time: 30 ms | CovTrace: 0.555838 | Converged: True
[hdl_localization_node-13] [WARN] [1790453620.346742042] [sim_ndt]: Point-LIO odometry unavailable or stale for /localization/odometry twist; publishing zero twist
[hdl_localization_node-13] [INFO] [1790453620.518157828] [sim_ndt]: scan points: raw=1381 downsampled=1127 (leaf=0.05 m)
[hdl_localization_node-13] [INFO] [1790453620.537196714] [sim_ndt]: Metrics -> Error: 0.000791953 (RMSE ~0.0281417 m) | Time: 20 ms | CovTrace: 0.555839 | Converged: True
[hdl_localization_node-13] [INFO] [1790453620.720600196] [sim_ndt]: scan points: raw=1381 downsampled=1127 (leaf=0.05 m)
[hdl_localization_node-13] [INFO] [1790453620.735569169] [sim_ndt]: Metrics -> Error: 0.000829559 (RMSE ~0.0288021 m) | Time: 10 ms | CovTrace: 0.55584 | Converged: True
[hdl_localization_node-13] [INFO] [1790453620.930034939] [sim_ndt]: scan points: raw=1381 downsampled=1127 (leaf=0.05 m)
[hdl_localization_node-13] [INFO] [1790453620.951898231] [sim_ndt]: Metrics -> Error: 0.000898292 (RMSE ~0.0299715 m) | Time: 10 ms | CovTrace: 0.555842 | Converged: True
[hdl_localization_node-13] [INFO] [1790453621.114792404] [sim_ndt]: scan points: raw=1381 downsampled=1127 (leaf=0.05 m)
[hdl_localization_node-13] [INFO] [1790453621.123550742] [sim_ndt]: Metrics -> Error: 0.00085475 (RMSE ~0.0292361 m) | Time: 0 ms | CovTrace: 0.555843 | Converged: True
[hdl_localization_node-13] [INFO] [1790453621.317704309] [sim_ndt]: scan points: raw=1381 downsampled=1127 (leaf=0.05 m)
[hdl_localization_node-13] [INFO] [1790453621.326460723] [sim_ndt]: Metrics -> Error: 0.000900242 (RMSE ~0.030004 m) | Time: 10 ms | CovTrace: 0.555844 | Converged: True
[hdl_localization_node-13] [INFO] [1790453621.517449740] [sim_ndt]: scan points: raw=1381 downsampled=1127 (leaf=0.05 m)
[hdl_localization_node-13] [INFO] [1790453621.525107188] [sim_ndt]: Metrics -> Error: 0.000847948 (RMSE ~0.0291195 m) | Time: 0 ms | CovTrace: 0.555845 | Converged: True
[hdl_localization_node-13] [INFO] [1790453621.716362746] [sim_ndt]: scan points: raw=1381 downsampled=1127 (leaf=0.05 m)
[hdl_localization_node-13] [INFO] [1790453621.729743092] [sim_ndt]: Metrics -> Error: 0.000873444 (RMSE ~0.0295541 m) | Time: 10 ms | CovTrace: 0.555846 | Converged: True
[trajectory_tracking_node-9] [WARN] [1790453621.739127313] [trajectory_tracking]: trajectory tracking stopped: no valid trajectory
[hdl_localization_node-13] [INFO] [1790453621.916236408] [sim_ndt]: scan points: raw=1381 downsampled=1127 (leaf=0.05 m)
[hdl_localization_node-13] [INFO] [1790453621.924602931] [sim_ndt]: Metrics -> Error: 0.000922014 (RMSE ~0.0303647 m) | Time: 0 ms | CovTrace: 0.555848 | Converged: True
[hdl_localization_node-13] [INFO] [1790453622.114340307] [sim_ndt]: scan points: raw=1381 downsampled=1127 (leaf=0.05 m)
[hdl_localization_node-13] [INFO] [1790453622.143277658] [sim_ndt]: Metrics -> Error: 0.000848237 (RMSE ~0.0291245 m) | Time: 20 ms | CovTrace: 0.555849 | Converged: True
[hdl_localization_node-13] [INFO] [1790453622.305102928] [sim_ndt]: scan points: raw=1381 downsampled=1127 (leaf=0.05 m)
[hdl_localization_node-13] [INFO] [1790453622.310562604] [sim_ndt]: Metrics -> Error: 0.000939513 (RMSE ~0.0306515 m) | Time: 0 ms | CovTrace: 0.55585 | Converged: True
[hdl_localization_node-13] [INFO] [1790453622.512791391] [sim_ndt]: scan points: raw=1381 downsampled=1127 (leaf=0.05 m)
[hdl_localization_node-13] [INFO] [1790453622.518003508] [sim_ndt]: Metrics -> Error: 0.000828283 (RMSE ~0.0287799 m) | Time: 0 ms | CovTrace: 0.555851 | Converged: True
[hdl_localization_node-13] [INFO] [1790453622.717624921] [sim_ndt]: scan points: raw=1381 downsampled=1127 (leaf=0.05 m)
[hdl_localization_node-13] [INFO] [1790453622.725224696] [sim_ndt]: Metrics -> Error: 0.000885063 (RMSE ~0.02975 m) | Time: 10 ms | CovTrace: 0.555853 | Converged: True
[hdl_localization_node-13] [INFO] [1790453622.918763850] [sim_ndt]: scan points: raw=1381 downsampled=1127 (leaf=0.05 m)
[hdl_localization_node-13] [INFO] [1790453622.934019722] [sim_ndt]: Metrics -> Error: 0.000891371 (RMSE ~0.0298558 m) | Time: 10 ms | CovTrace: 0.555854 | Converged: True
[hdl_localization_node-13] [INFO] [1790453623.108492099] [sim_ndt]: scan points: raw=1381 downsampled=1127 (leaf=0.05 m)
[hdl_localization_node-13] [INFO] [1790453623.115356208] [sim_ndt]: Metrics -> Error: 0.0008924 (RMSE ~0.0298731 m) | Time: 10 ms | CovTrace: 0.555855 | Converged: True
[hdl_localization_node-13] [INFO] [1790453623.314166612] [sim_ndt]: scan points: raw=1381 downsampled=1127 (leaf=0.05 m)
[hdl_localization_node-13] [INFO] [1790453623.320992049] [sim_ndt]: Metrics -> Error: 0.000899809 (RMSE ~0.0299968 m) | Time: 0 ms | CovTrace: 0.555856 | Converged: True
[hdl_localization_node-13] [INFO] [1790453623.524402291] [sim_ndt]: scan points: raw=1381 downsampled=1127 (leaf=0.05 m)
[hdl_localization_node-13] [INFO] [1790453623.549602952] [sim_ndt]: Metrics -> Error: 0.000901905 (RMSE ~0.0300317 m) | Time: 10 ms | CovTrace: 0.555857 | Converged: True
[hdl_localization_node-13] [INFO] [1790453623.722041922] [sim_ndt]: scan points: raw=1381 downsampled=1127 (leaf=0.05 m)
[hdl_localization_node-13] [INFO] [1790453623.728048550] [sim_ndt]: Metrics -> Error: 0.000904473 (RMSE ~0.0300745 m) | Time: 0 ms | CovTrace: 0.555858 | Converged: True
[hdl_localization_node-13] [INFO] [1790453623.938179693] [sim_ndt]: scan points: raw=1381 downsampled=1127 (leaf=0.05 m)
[hdl_localization_node-13] [INFO] [1790453623.957899623] [sim_ndt]: Metrics -> Error: 0.000928207 (RMSE ~0.0304665 m) | Time: 20 ms | CovTrace: 0.55586 | Converged: True
[trajectory_tracking_node-9] [WARN] [1790453623.976204126] [trajectory_tracking]: trajectory tracking stopped: no valid trajectory
[hdl_localization_node-13] [INFO] [1790453624.120372650] [sim_ndt]: scan points: raw=1381 downsampled=1127 (leaf=0.05 m)
[hdl_localization_node-13] [INFO] [1790453624.135116794] [sim_ndt]: Metrics -> Error: 0.000918074 (RMSE ~0.0302997 m) | Time: 10 ms | CovTrace: 0.555861 | Converged: True
[hdl_localization_node-13] [INFO] [1790453624.326509361] [sim_ndt]: scan points: raw=1381 downsampled=1127 (leaf=0.05 m)
[hdl_localization_node-13] [INFO] [1790453624.357726742] [sim_ndt]: Metrics -> Error: 0.000922416 (RMSE ~0.0303713 m) | Time: 30 ms | CovTrace: 0.555862 | Converged: True
[hdl_localization_node-13] [INFO] [1790453624.522706295] [sim_ndt]: scan points: raw=1381 downsampled=1127 (leaf=0.05 m)
[hdl_localization_node-13] [INFO] [1790453624.536975307] [sim_ndt]: Metrics -> Error: 0.000956667 (RMSE ~0.03093 m) | Time: 0 ms | CovTrace: 0.555863 | Converged: True
[hdl_localization_node-13] [INFO] [1790453624.720806069] [sim_ndt]: scan points: raw=1381 downsampled=1127 (leaf=0.05 m)
[hdl_localization_node-13] [INFO] [1790453624.730540025] [sim_ndt]: Metrics -> Error: 0.000919055 (RMSE ~0.0303159 m) | Time: 10 ms | CovTrace: 0.555865 | Converged: True
[hdl_localization_node-13] [INFO] [1790453624.923829311] [sim_ndt]: scan points: raw=1381 downsampled=1127 (leaf=0.05 m)
[hdl_localization_node-13] [INFO] [1790453624.937881315] [sim_ndt]: Metrics -> Error: 0.000921064 (RMSE ~0.030349 m) | Time: 10 ms | CovTrace: 0.555866 | Converged: True
[hdl_localization_node-13] [INFO] [1790453625.129103157] [sim_ndt]: scan points: raw=1381 downsampled=1127 (leaf=0.05 m)
[hdl_localization_node-13] [INFO] [1790453625.152804645] [sim_ndt]: Metrics -> Error: 0.000961764 (RMSE ~0.0310123 m) | Time: 20 ms | CovTrace: 0.555867 | Converged: True
[hdl_localization_node-13] [INFO] [1790453625.319921218] [sim_ndt]: scan points: raw=1381 downsampled=1127 (leaf=0.05 m)
[hdl_localization_node-13] [INFO] [1790453625.328654242] [sim_ndt]: Metrics -> Error: 0.000900738 (RMSE ~0.0300123 m) | Time: 0 ms | CovTrace: 0.555868 | Converged: True
[hdl_localization_node-13] [INFO] [1790453625.534710493] [sim_ndt]: scan points: raw=1381 downsampled=1127 (leaf=0.05 m)
[hdl_localization_node-13] [INFO] [1790453625.548694585] [sim_ndt]: Metrics -> Error: 0.000949388 (RMSE ~0.0308121 m) | Time: 0 ms | CovTrace: 0.555869 | Converged: True
[hdl_localization_node-13] [WARN] [1790453625.554991659] [sim_ndt]: Point-LIO odometry unavailable or stale for /localization/odometry twist; publishing zero twist
[hdl_localization_node-13] [INFO] [1790453625.712576489] [sim_ndt]: scan points: raw=1381 downsampled=1127 (leaf=0.05 m)
[hdl_localization_node-13] [INFO] [1790453625.725130139] [sim_ndt]: Metrics -> Error: 0.000915194 (RMSE ~0.0302522 m) | Time: 10 ms | CovTrace: 0.555871 | Converged: True
[hdl_localization_node-13] [INFO] [1790453625.914156066] [sim_ndt]: scan points: raw=1381 downsampled=1127 (leaf=0.05 m)
[hdl_localization_node-13] [INFO] [1790453625.926796458] [sim_ndt]: Metrics -> Error: 0.000925933 (RMSE ~0.0304292 m) | Time: 0 ms | CovTrace: 0.555872 | Converged: True
[hdl_localization_node-13] [INFO] [1790453626.115577934] [sim_ndt]: scan points: raw=1381 downsampled=1127 (leaf=0.05 m)
[hdl_localization_node-13] [INFO] [1790453626.133319485] [sim_ndt]: Metrics -> Error: 0.000956518 (RMSE ~0.0309276 m) | Time: 0 ms | CovTrace: 0.555873 | Converged: True
[trajectory_tracking_node-9] [WARN] [1790453626.144875213] [trajectory_tracking]: trajectory tracking stopped: no valid trajectory
[hdl_localization_node-13] [INFO] [1790453626.317763769] [sim_ndt]: scan points: raw=1381 downsampled=1127 (leaf=0.05 m)
[hdl_localization_node-13] [INFO] [1790453626.329377121] [sim_ndt]: Metrics -> Error: 0.000942749 (RMSE ~0.0307042 m) | Time: 10 ms | CovTrace: 0.555874 | Converged: True
[hdl_localization_node-13] [INFO] [1790453626.521253234] [sim_ndt]: scan points: raw=1381 downsampled=1127 (leaf=0.05 m)
[hdl_localization_node-13] [INFO] [1790453626.538452952] [sim_ndt]: Metrics -> Error: 0.000943895 (RMSE ~0.0307229 m) | Time: 20 ms | CovTrace: 0.555875 | Converged: True
[hdl_localization_node-13] [INFO] [1790453626.722678377] [sim_ndt]: scan points: raw=1381 downsampled=1127 (leaf=0.05 m)
[hdl_localization_node-13] [INFO] [1790453626.732123291] [sim_ndt]: Metrics -> Error: 0.000923001 (RMSE ~0.0303809 m) | Time: 10 ms | CovTrace: 0.555877 | Converged: True
[hdl_localization_node-13] [INFO] [1790453626.931967843] [sim_ndt]: scan points: raw=1381 downsampled=1127 (leaf=0.05 m)
[hdl_localization_node-13] [INFO] [1790453626.954628103] [sim_ndt]: Metrics -> Error: 0.000919173 (RMSE ~0.0303179 m) | Time: 20 ms | CovTrace: 0.555878 | Converged: True
[hdl_localization_node-13] [INFO] [1790453627.109705437] [sim_ndt]: scan points: raw=1381 downsampled=1127 (leaf=0.05 m)
[hdl_localization_node-13] [INFO] [1790453627.133704875] [sim_ndt]: Metrics -> Error: 0.000912227 (RMSE ~0.0302031 m) | Time: 10 ms | CovTrace: 0.555879 | Converged: True
[hdl_localization_node-13] [INFO] [1790453627.318454815] [sim_ndt]: scan points: raw=1381 downsampled=1127 (leaf=0.05 m)
[hdl_localization_node-13] [INFO] [1790453627.327098210] [sim_ndt]: Metrics -> Error: 0.000903171 (RMSE ~0.0300528 m) | Time: 10 ms | CovTrace: 0.55588 | Converged: True
[hdl_localization_node-13] [INFO] [1790453627.510064280] [sim_ndt]: scan points: raw=1381 downsampled=1127 (leaf=0.05 m)
[hdl_localization_node-13] [INFO] [1790453627.517737013] [sim_ndt]: Metrics -> Error: 0.000889394 (RMSE ~0.0298227 m) | Time: 10 ms | CovTrace: 0.555881 | Converged: True
[hdl_localization_node-13] [INFO] [1790453627.721363387] [sim_ndt]: scan points: raw=1381 downsampled=1127 (leaf=0.05 m)
[hdl_localization_node-13] [INFO] [1790453627.728189603] [sim_ndt]: Metrics -> Error: 0.00088553 (RMSE ~0.0297579 m) | Time: 0 ms | CovTrace: 0.555883 | Converged: True
[hdl_localization_node-13] [INFO] [1790453627.912332972] [sim_ndt]: scan points: raw=1381 downsampled=1127 (leaf=0.05 m)
[hdl_localization_node-13] [INFO] [1790453627.932509564] [sim_ndt]: Metrics -> Error: 0.000894415 (RMSE ~0.0299068 m) | Time: 10 ms | CovTrace: 0.555884 | Converged: True
[hdl_localization_node-13] [INFO] [1790453628.116602859] [sim_ndt]: scan points: raw=1381 downsampled=1127 (leaf=0.05 m)
[hdl_localization_node-13] [INFO] [1790453628.133898822] [sim_ndt]: Metrics -> Error: 0.000839425 (RMSE ~0.0289728 m) | Time: 10 ms | CovTrace: 0.555885 | Converged: True
[trajectory_tracking_node-9] [WARN] [1790453628.144345345] [trajectory_tracking]: trajectory tracking stopped: no valid trajectory
[hdl_localization_node-13] [INFO] [1790453628.311023471] [sim_ndt]: scan points: raw=1381 downsampled=1127 (leaf=0.05 m)
[hdl_localization_node-13] [INFO] [1790453628.337211640] [sim_ndt]: Metrics -> Error: 0.000936604 (RMSE ~0.030604 m) | Time: 20 ms | CovTrace: 0.555886 | Converged: True
[trajectory_generator_node-7] [INFO] [1790453628.428370913] [trajectory_generation]: FSM accepted manual goal goal=(-3.22, 2.15, 0.02)
[trajectory_generator_node-7] [Manager] start point, (x, y): (-0.92, -4.40)
[trajectory_generator_node-7] [Manager] receive target, (x, y): (-3.22, 2.15)
[hdl_localization_node-13] [INFO] [1790453628.505940251] [sim_ndt]: scan points: raw=1381 downsampled=1127 (leaf=0.05 m)
[hdl_localization_node-13] [INFO] [1790453628.514464880] [sim_ndt]: Metrics -> Error: 0.000887196 (RMSE ~0.0297858 m) | Time: 0 ms | CovTrace: 0.555887 | Converged: True
[trajectory_generator_node-7] [Topo]: m_graph before num: 1605
[hdl_localization_node-13] [INFO] [1790453628.716955597] [sim_ndt]: scan points: raw=1381 downsampled=1127 (leaf=0.05 m)
[hdl_localization_node-13] [INFO] [1790453628.744448373] [sim_ndt]: Metrics -> Error: 0.000930826 (RMSE ~0.0305094 m) | Time: 10 ms | CovTrace: 0.555889 | Converged: True
[trajectory_generator_node-7] [Topo]: dijkstra time: 0.012195
[trajectory_generator_node-7] [Topo]: topo search time: 0.416983
[trajectory_generator_node-7] [Topo]: m_graph num: 2529
[trajectory_generator_node-7] [DIAG] origin_path (Dijkstra) size: 3
[trajectory_generator_node-7] [DIAG]   origin[0]: (-0.919, -4.404, 0.015)
[trajectory_generator_node-7] [DIAG]   origin[1]: (-6.269, -0.554, 0.015)
[trajectory_generator_node-7] [DIAG]   origin[2]: (-3.219, 2.146, 0.015)
[trajectory_generator_node-7] [DIAG] lineVisib(start→end DIRECT): false  colli=(-1.52,-2.75)
[trajectory_generator_node-7] [DIAG] direct line: 138 steps, 98 wall cells
[trajectory_generator_node-7] [smoothTopoPath] INPUT size=3
[trajectory_generator_node-7] [smoothTopoPath]   in[0]: (-0.919, -4.404, 0.015)
[trajectory_generator_node-7] [smoothTopoPath]   in[1]: (-6.269, -0.554, 0.015)
[trajectory_generator_node-7] [smoothTopoPath]   in[2]: (-3.219, 2.146, 0.015)
[trajectory_generator_node-7] [smoothTopoPath] lineVisib(start→end): false  colli=(-1.52,-2.75)
[trajectory_generator_node-7] [smoothTopoPath] OUTPUT size=4, iter_count=3
[trajectory_generator_node-7] [smoothTopoPath]   out[0]: (-0.919, -4.404, 0.015)
[trajectory_generator_node-7] [smoothTopoPath]   out[1]: (-6.373, -0.729, 0.015)
[trajectory_generator_node-7] [smoothTopoPath]   out[2]: (-6.074, 0.018, 0.015)
[trajectory_generator_node-7] [smoothTopoPath]   out[3]: (-3.219, 2.146, 0.015)
[trajectory_generator_node-7] [DIAG] optimized_path (smoothTopoPath) size: 4
[trajectory_generator_node-7] [DIAG]   opt[0]: (-0.919, -4.404, 0.015)
[trajectory_generator_node-7] [DIAG]   opt[1]: (-6.373, -0.729, 0.015)
[trajectory_generator_node-7] [DIAG]   opt[2]: (-6.074, 0.018, 0.015)
[trajectory_generator_node-7] [DIAG]   opt[3]: (-3.219, 2.146, 0.015)
[trajectory_generator_node-7] optimized_path size: 4
[trajectory_generator_node-7] [Manager] reference_speed: (0.30)
[trajectory_generator_node-7] [LBFGS] search direction d: -0.000197323  9.58942e-05  2.23777e-05 -3.73346e-05  4.54474e-05 -4.90712e-05  4.57107e-05 -3.68067e-05   2.5981e-05 -1.58875e-05  7.47457e-06 -5.84787e-07 -5.27579e-06  1.03606e-05 -1.44466e-05  1.71773e-05 -1.89175e-05  1.91884e-05 -3.29648e-06 -0.000101745    0.0003428 -9.52982e-05  0.000319737 -0.000627605   0.00017528  -4.6369e-05  0.000241429 -1.36051e-05  1.93901e-06 -1.20001e-05  2.26729e-05 -2.77335e-05 -2.49033e-05  4.19113e-05 -0.000350243  0.000132974 -6.46173e-05 -1.50931e-05  2.51884e-05 -3.06889e-05  3.31997e-05  -3.1072e-05  2.53364e-05 -1.85337e-05  1.26107e-05 -8.43217e-06  6.16761e-06 -5.73411e-06  7.02811e-06 -9.89553e-06  1.39212e-05 -1.83648e-05  2.31942e-05 -3.12962e-05  4.54929e-05 -7.06625e-05 -0.000609251  0.000318455 -0.000959182  0.000204987 -0.000417769  6.15126e-05 -0.000118176  5.30831e-05 -4.51156e-06 -2.58331e-05  5.51135e-05 -9.44934e-05  0.000410017  -0.00032243    0.0332176  -0.00464302   0.00180269 -0.000404689   0.00010887 -1.89331e-05  7.25312e-06 -2.16583e-06  1.92594e-06  -1.2408e-06  8.63746e-07 -4.70828e-07  1.84738e-07  5.56302e-08 -3.05991e-07  1.58457e-06 -6.78559e-06   3.3451e-05 -0.000136855  0.000547534  -0.00168955   0.00479638   0.00466458  -0.00227608   0.00486223  -0.00203222     0.002609 -0.000813457  0.000468485 -0.000124253  8.13159e-06  0.000117003 -0.000465173   0.00172361  -0.00303176    0.0170807
[trajectory_generator_node-7] [Smooth Optimize] MINCO reaches max evaluations: Line search reaches the maximum try number, assumptions not satisfied or precision not achievable.
[trajectory_generator_node-7] [Smooth Optimize] MINCO: cost=0.7 total_T=38.189(init 36.379) max_drift=0.113 max_vel=0.4 segs=36
[trajectory_generator_node-7] [Smooth Resample] resample
[trajectory_generator_node-7] [Smooth Resample] 37 -> 19 waypoints, 18 time segs, max_turn=83.2 deg
[trajectory_generator_node-7] [Manager] optimizer generate time: 0.004353
[trajectory_generator_node-7] [Reference] path size : 19
[trajectory_generator_node-7] [Reference] solvePolyMatrix ENTER: N=18, path_size=19, trap_time_size=18
[trajectory_generator_node-7] [Reference]   path[0]=(-0.9190,-4.4040) path[1]=(-1.4147,-4.0700) t[0]=2.844009 state_vel=(-0.0002,-0.0012)
[trajectory_generator_node-7] [Reference] banded solve done. b[0]=-0.191399 b[N]=-0.241364 b2[0]=0.130625 b2[N]=-0.177163
[trajectory_generator_node-7] [Reference] solvePolyMatrix EXIT: polyX[0]=[0.012126 -0.095699 -0.000199 -0.919000]
[trajectory_generator_node-7] [INFO] [1790453628.865953717] [trajectory_generation]: FSM published 18 trajectory pieces
[hdl_localization_node-13] [INFO] [1790453628.911976312] [sim_ndt]: scan points: raw=1381 downsampled=1127 (leaf=0.05 m)
[hdl_localization_node-13] [INFO] [1790453628.927870355] [sim_ndt]: Metrics -> Error: 0.000847837 (RMSE ~0.0291176 m) | Time: 10 ms | CovTrace: 0.55589 | Converged: True
[hdl_localization_node-13] [INFO] [1790453629.128816046] [sim_ndt]: scan points: raw=1381 downsampled=1127 (leaf=0.05 m)
[hdl_localization_node-13] [INFO] [1790453629.157598480] [sim_ndt]: Metrics -> Error: 0.000808942 (RMSE ~0.0284419 m) | Time: 10 ms | CovTrace: 0.555891 | Converged: True
[hdl_localization_node-13] [INFO] [1790453629.313977728] [sim_ndt]: scan points: raw=1382 downsampled=1080 (leaf=0.05 m)
[hdl_localization_node-13] [INFO] [1790453629.338837088] [sim_ndt]: Metrics -> Error: 0.00080864 (RMSE ~0.0284366 m) | Time: 20 ms | CovTrace: 0.555892 | Converged: True
[hdl_localization_node-13] [INFO] [1790453629.526475846] [sim_ndt]: scan points: raw=1382 downsampled=1090 (leaf=0.05 m)
[hdl_localization_node-13] [INFO] [1790453629.537968223] [sim_ndt]: Metrics -> Error: 0.000783478 (RMSE ~0.0279907 m) | Time: 10 ms | CovTrace: 0.555893 | Converged: True
[hdl_localization_node-13] [INFO] [1790453629.724373072] [sim_ndt]: scan points: raw=1382 downsampled=1068 (leaf=0.05 m)
[hdl_localization_node-13] [INFO] [1790453629.749347084] [sim_ndt]: Metrics -> Error: 0.000805773 (RMSE ~0.0283861 m) | Time: 10 ms | CovTrace: 0.555895 | Converged: True
[trajectory_generator_node-7] [WARN] [1790453629.822109716] [trajectory_generation]: discarded dynamic cloud without map <- base_link TF: Lookup would require extrapolation into the future.  Requested time 141.600000 but the latest data is at time 141.400000, when looking up transform from frame [base_link] to frame [map]
[cloud_adapter.py-5] [WARN] [1790453630.229558970] [sentry_cloud_adapter]: Dropped lidar frame: no TF at measurement time
[hdl_localization_node-13] [INFO] [1790453631.514349538] [sim_ndt]: scan points: raw=1381 downsampled=1119 (leaf=0.05 m)
[hdl_localization_node-13] [INFO] [1790453631.522749161] [sim_ndt]: Metrics -> Error: 0.000685267 (RMSE ~0.0261776 m) | Time: 0 ms | CovTrace: 0.926652 | Converged: True
[hdl_localization_node-13] [WARN] [1790453631.525799402] [sim_ndt]: Point-LIO odometry unavailable or stale for /localization/odometry twist; publishing zero twist
[hdl_localization_node-13] [INFO] [1790453631.723297086] [sim_ndt]: scan points: raw=1381 downsampled=1119 (leaf=0.05 m)
[hdl_localization_node-13] [INFO] [1790453631.729563099] [sim_ndt]: Metrics -> Error: 0.000782553 (RMSE ~0.0279741 m) | Time: 0 ms | CovTrace: 0.725017 | Converged: True
[trajectory_tracking_node-9] [WARN] [1790453631.748881558] [trajectory_tracking]: trajectory tracking stopped: no valid trajectory
[hdl_localization_node-13] [INFO] [1790453631.916854518] [sim_ndt]: scan points: raw=1381 downsampled=1119 (leaf=0.05 m)
[hdl_localization_node-13] [INFO] [1790453631.926307413] [sim_ndt]: Metrics -> Error: 0.000745863 (RMSE ~0.0273105 m) | Time: 10 ms | CovTrace: 0.638884 | Converged: True
[hdl_localization_node-13] [INFO] [1790453632.120317265] [sim_ndt]: scan points: raw=1381 downsampled=1119 (leaf=0.05 m)
[hdl_localization_node-13] [INFO] [1790453632.130648014] [sim_ndt]: Metrics -> Error: 0.000742328 (RMSE ~0.0272457 m) | Time: 0 ms | CovTrace: 0.599418 | Converged: True
[hdl_localization_node-13] [INFO] [1790453632.312994336] [sim_ndt]: scan points: raw=1381 downsampled=1119 (leaf=0.05 m)
[hdl_localization_node-13] [INFO] [1790453632.332499518] [sim_ndt]: Metrics -> Error: 0.000735632 (RMSE ~0.0271225 m) | Time: 10 ms | CovTrace: 0.579573 | Converged: True
[hdl_localization_node-13] [INFO] [1790453632.518508335] [sim_ndt]: scan points: raw=1381 downsampled=1119 (leaf=0.05 m)
[hdl_localization_node-13] [INFO] [1790453632.529089523] [sim_ndt]: Metrics -> Error: 0.000751149 (RMSE ~0.0274071 m) | Time: 10 ms | CovTrace: 0.569032 | Converged: True
[hdl_localization_node-13] [INFO] [1790453632.717374214] [sim_ndt]: scan points: raw=1381 downsampled=1119 (leaf=0.05 m)
[hdl_localization_node-13] [INFO] [1790453632.727332610] [sim_ndt]: Metrics -> Error: 0.000736053 (RMSE ~0.0271303 m) | Time: 10 ms | CovTrace: 0.563264 | Converged: True
[hdl_localization_node-13] [INFO] [1790453632.925608477] [sim_ndt]: scan points: raw=1381 downsampled=1119 (leaf=0.05 m)
[hdl_localization_node-13] [INFO] [1790453632.935068887] [sim_ndt]: Metrics -> Error: 0.000741176 (RMSE ~0.0272246 m) | Time: 10 ms | CovTrace: 0.560057 | Converged: True
[hdl_localization_node-13] [INFO] [1790453633.113824843] [sim_ndt]: scan points: raw=1381 downsampled=1119 (leaf=0.05 m)
[hdl_localization_node-13] [INFO] [1790453633.123964510] [sim_ndt]: Metrics -> Error: 0.000716251 (RMSE ~0.0267629 m) | Time: 0 ms | CovTrace: 0.558257 | Converged: True
[hdl_localization_node-13] [INFO] [1790453633.307187961] [sim_ndt]: scan points: raw=1381 downsampled=1119 (leaf=0.05 m)
[hdl_localization_node-13] [INFO] [1790453633.315377811] [sim_ndt]: Metrics -> Error: 0.000756439 (RMSE ~0.0275034 m) | Time: 10 ms | CovTrace: 0.557243 | Converged: True
[hdl_localization_node-13] [INFO] [1790453633.450177283] [sim_ndt]: initial pose received!!
[hdl_localization_node-13] [INFO] [1790453633.518782711] [sim_ndt]: scan points: raw=1381 downsampled=1119 (leaf=0.05 m)
[hdl_localization_node-13] [INFO] [1790453633.537564139] [sim_ndt]: Metrics -> Error: 0.00164465 (RMSE ~0.0405543 m) | Time: 20 ms | CovTrace: 0.483103 | Converged: True
[hdl_localization_node-13] [INFO] [1790453633.719499959] [sim_ndt]: scan points: raw=1381 downsampled=1119 (leaf=0.05 m)
[hdl_localization_node-13] [INFO] [1790453633.736582377] [sim_ndt]: Metrics -> Error: 0.0013914 (RMSE ~0.0373015 m) | Time: 10 ms | CovTrace: 0.47831 | Converged: True
[trajectory_tracking_node-9] [WARN] [1790453633.748350743] [trajectory_tracking]: trajectory tracking stopped: no valid trajectory
[hdl_localization_node-13] [INFO] [1790453633.911786351] [sim_ndt]: scan points: raw=1381 downsampled=1119 (leaf=0.05 m)
[hdl_localization_node-13] [INFO] [1790453633.920109656] [sim_ndt]: Metrics -> Error: 0.000766304 (RMSE ~0.0276822 m) | Time: 0 ms | CovTrace: 0.476255 | Converged: True
[hdl_localization_node-13] [INFO] [1790453634.111184158] [sim_ndt]: scan points: raw=1381 downsampled=1119 (leaf=0.05 m)
[hdl_localization_node-13] [INFO] [1790453634.126868443] [sim_ndt]: Metrics -> Error: 0.000806186 (RMSE ~0.0283934 m) | Time: 20 ms | CovTrace: 0.493547 | Converged: True
[hdl_localization_node-13] [INFO] [1790453634.335412128] [sim_ndt]: scan points: raw=1381 downsampled=1119 (leaf=0.05 m)
[hdl_localization_node-13] [INFO] [1790453634.354409670] [sim_ndt]: Metrics -> Error: 0.000746489 (RMSE ~0.0273219 m) | Time: 0 ms | CovTrace: 0.517831 | Converged: True
[hdl_localization_node-13] [INFO] [1790453634.558505555] [sim_ndt]: scan points: raw=1381 downsampled=1119 (leaf=0.05 m)
[hdl_localization_node-13] [INFO] [1790453634.589511054] [sim_ndt]: Metrics -> Error: 0.000794416 (RMSE ~0.0281854 m) | Time: 20 ms | CovTrace: 0.533091 | Converged: True
[hdl_localization_node-13] [INFO] [1790453634.723465647] [sim_ndt]: scan points: raw=1381 downsampled=1119 (leaf=0.05 m)
[hdl_localization_node-13] [INFO] [1790453634.750059310] [sim_ndt]: Metrics -> Error: 0.000748789 (RMSE ~0.027364 m) | Time: 20 ms | CovTrace: 0.5423 | Converged: True
[hdl_localization_node-13] [INFO] [1790453634.918009183] [sim_ndt]: scan points: raw=1381 downsampled=1119 (leaf=0.05 m)
[hdl_localization_node-13] [INFO] [1790453634.927010914] [sim_ndt]: Metrics -> Error: 0.000724678 (RMSE ~0.0269199 m) | Time: 10 ms | CovTrace: 0.547718 | Converged: True
[hdl_localization_node-13] [INFO] [1790453635.119574183] [sim_ndt]: scan points: raw=1381 downsampled=1119 (leaf=0.05 m)
[hdl_localization_node-13] [INFO] [1790453635.133008148] [sim_ndt]: Metrics -> Error: 0.000773547 (RMSE ~0.0278127 m) | Time: 0 ms | CovTrace: 0.550858 | Converged: True
[hdl_localization_node-13] [INFO] [1790453635.320108895] [sim_ndt]: scan points: raw=1381 downsampled=1119 (leaf=0.05 m)
[hdl_localization_node-13] [INFO] [1790453635.334108032] [sim_ndt]: Metrics -> Error: 0.000770087 (RMSE ~0.0277504 m) | Time: 0 ms | CovTrace: 0.552662 | Converged: True
[hdl_localization_node-13] [INFO] [1790453635.516001137] [sim_ndt]: scan points: raw=1381 downsampled=1119 (leaf=0.05 m)
[hdl_localization_node-13] [INFO] [1790453635.524532156] [sim_ndt]: Metrics -> Error: 0.000795843 (RMSE ~0.0282107 m) | Time: 0 ms | CovTrace: 0.553694 | Converged: True
[hdl_localization_node-13] [INFO] [1790453635.711767616] [sim_ndt]: scan points: raw=1381 downsampled=1119 (leaf=0.05 m)
[hdl_localization_node-13] [INFO] [1790453635.739591897] [sim_ndt]: Metrics -> Error: 0.000798057 (RMSE ~0.0282499 m) | Time: 20 ms | CovTrace: 0.554282 | Converged: True
[trajectory_tracking_node-9] [WARN] [1790453635.756447477] [trajectory_tracking]: trajectory tracking stopped: no valid trajectory
[hdl_localization_node-13] [INFO] [1790453635.922281486] [sim_ndt]: scan points: raw=1381 downsampled=1119 (leaf=0.05 m)
[hdl_localization_node-13] [INFO] [1790453635.939996520] [sim_ndt]: Metrics -> Error: 0.000776948 (RMSE ~0.0278738 m) | Time: 0 ms | CovTrace: 0.554618 | Converged: True
[hdl_localization_node-13] [INFO] [1790453636.116824563] [sim_ndt]: scan points: raw=1381 downsampled=1119 (leaf=0.05 m)
[hdl_localization_node-13] [INFO] [1790453636.126331407] [sim_ndt]: Metrics -> Error: 0.000810549 (RMSE ~0.0284701 m) | Time: 10 ms | CovTrace: 0.554809 | Converged: True
[hdl_localization_node-13] [INFO] [1790453636.311866884] [sim_ndt]: scan points: raw=1381 downsampled=1119 (leaf=0.05 m)
[hdl_localization_node-13] [INFO] [1790453636.320413810] [sim_ndt]: Metrics -> Error: 0.000815083 (RMSE ~0.0285497 m) | Time: 0 ms | CovTrace: 0.554918 | Converged: True
[hdl_localization_node-13] [INFO] [1790453636.518314232] [sim_ndt]: scan points: raw=1381 downsampled=1119 (leaf=0.05 m)
[hdl_localization_node-13] [INFO] [1790453636.555605432] [sim_ndt]: Metrics -> Error: 0.000805043 (RMSE ~0.0283733 m) | Time: 30 ms | CovTrace: 0.554981 | Converged: True
[hdl_localization_node-13] [WARN] [1790453636.558775541] [sim_ndt]: Point-LIO odometry unavailable or stale for /localization/odometry twist; publishing zero twist
[hdl_localization_node-13] [INFO] [1790453636.709623273] [sim_ndt]: scan points: raw=1381 downsampled=1119 (leaf=0.05 m)
[hdl_localization_node-13] [INFO] [1790453636.723945592] [sim_ndt]: Metrics -> Error: 0.000806115 (RMSE ~0.0283922 m) | Time: 10 ms | CovTrace: 0.555017 | Converged: True
[hdl_localization_node-13] [INFO] [1790453636.917812340] [sim_ndt]: scan points: raw=1381 downsampled=1119 (leaf=0.05 m)
[hdl_localization_node-13] [INFO] [1790453636.928110028] [sim_ndt]: Metrics -> Error: 0.000797797 (RMSE ~0.0282453 m) | Time: 10 ms | CovTrace: 0.555037 | Converged: True
[hdl_localization_node-13] [INFO] [1790453637.117454330] [sim_ndt]: scan points: raw=1381 downsampled=1119 (leaf=0.05 m)
[hdl_localization_node-13] [INFO] [1790453637.154638081] [sim_ndt]: Metrics -> Error: 0.000798537 (RMSE ~0.0282584 m) | Time: 30 ms | CovTrace: 0.55505 | Converged: True
[hdl_localization_node-13] [INFO] [1790453637.313511579] [sim_ndt]: scan points: raw=1381 downsampled=1119 (leaf=0.05 m)
[hdl_localization_node-13] [INFO] [1790453637.322115124] [sim_ndt]: Metrics -> Error: 0.000803049 (RMSE ~0.0283381 m) | Time: 0 ms | CovTrace: 0.555057 | Converged: True
[hdl_localization_node-13] [INFO] [1790453637.511723375] [sim_ndt]: scan points: raw=1381 downsampled=1119 (leaf=0.05 m)
[hdl_localization_node-13] [INFO] [1790453637.517460700] [sim_ndt]: Metrics -> Error: 0.000777544 (RMSE ~0.0278845 m) | Time: 0 ms | CovTrace: 0.555062 | Converged: True
[hdl_localization_node-13] [INFO] [1790453637.719546280] [sim_ndt]: scan points: raw=1381 downsampled=1119 (leaf=0.05 m)
[hdl_localization_node-13] [INFO] [1790453637.729019457] [sim_ndt]: Metrics -> Error: 0.000789145 (RMSE ~0.0280917 m) | Time: 10 ms | CovTrace: 0.555066 | Converged: True
[hdl_localization_node-13] [INFO] [1790453637.904208467] [sim_ndt]: scan points: raw=1381 downsampled=1119 (leaf=0.05 m)
[hdl_localization_node-13] [INFO] [1790453637.920134360] [sim_ndt]: Metrics -> Error: 0.00079325 (RMSE ~0.0281647 m) | Time: 10 ms | CovTrace: 0.555068 | Converged: True
[trajectory_tracking_node-9] [WARN] [1790453637.930808730] [trajectory_tracking]: trajectory tracking stopped: no valid trajectory
[hdl_localization_node-13] [INFO] [1790453638.124727141] [sim_ndt]: scan points: raw=1381 downsampled=1119 (leaf=0.05 m)
[hdl_localization_node-13] [INFO] [1790453638.151317979] [sim_ndt]: Metrics -> Error: 0.000789494 (RMSE ~0.0280979 m) | Time: 20 ms | CovTrace: 0.55507 | Converged: True
[hdl_localization_node-13] [INFO] [1790453638.322892773] [sim_ndt]: scan points: raw=1381 downsampled=1119 (leaf=0.05 m)
[hdl_localization_node-13] [INFO] [1790453638.332977664] [sim_ndt]: Metrics -> Error: 0.000792607 (RMSE ~0.0281533 m) | Time: 0 ms | CovTrace: 0.555071 | Converged: True
[hdl_localization_node-13] [INFO] [1790453638.517483272] [sim_ndt]: scan points: raw=1381 downsampled=1119 (leaf=0.05 m)
[hdl_localization_node-13] [INFO] [1790453638.528918887] [sim_ndt]: Metrics -> Error: 0.000779499 (RMSE ~0.0279195 m) | Time: 0 ms | CovTrace: 0.555073 | Converged: True
[hdl_localization_node-13] [INFO] [1790453638.709422818] [sim_ndt]: scan points: raw=1381 downsampled=1119 (leaf=0.05 m)
[hdl_localization_node-13] [INFO] [1790453638.715979858] [sim_ndt]: Metrics -> Error: 0.000791259 (RMSE ~0.0281293 m) | Time: 10 ms | CovTrace: 0.555074 | Converged: True
[hdl_localization_node-13] [INFO] [1790453638.913764591] [sim_ndt]: scan points: raw=1381 downsampled=1119 (leaf=0.05 m)
[hdl_localization_node-13] [INFO] [1790453638.933387558] [sim_ndt]: Metrics -> Error: 0.000786185 (RMSE ~0.028039 m) | Time: 10 ms | CovTrace: 0.555075 | Converged: True
[hdl_localization_node-13] [INFO] [1790453639.112327540] [sim_ndt]: scan points: raw=1381 downsampled=1119 (leaf=0.05 m)
[hdl_localization_node-13] [INFO] [1790453639.132226960] [sim_ndt]: Metrics -> Error: 0.000783755 (RMSE ~0.0279956 m) | Time: 10 ms | CovTrace: 0.555077 | Converged: True
[hdl_localization_node-13] [INFO] [1790453639.323746432] [sim_ndt]: scan points: raw=1381 downsampled=1119 (leaf=0.05 m)
[hdl_localization_node-13] [INFO] [1790453639.346884273] [sim_ndt]: Metrics -> Error: 0.000788856 (RMSE ~0.0280866 m) | Time: 10 ms | CovTrace: 0.555078 | Converged: True
[hdl_localization_node-13] [INFO] [1790453639.511889441] [sim_ndt]: scan points: raw=1381 downsampled=1119 (leaf=0.05 m)
[hdl_localization_node-13] [INFO] [1790453639.535296955] [sim_ndt]: Metrics -> Error: 0.000785501 (RMSE ~0.0280268 m) | Time: 20 ms | CovTrace: 0.555079 | Converged: True
[hdl_localization_node-13] [INFO] [1790453639.711021880] [sim_ndt]: scan points: raw=1381 downsampled=1119 (leaf=0.05 m)
[hdl_localization_node-13] [INFO] [1790453639.716807049] [sim_ndt]: Metrics -> Error: 0.000788995 (RMSE ~0.0280891 m) | Time: 0 ms | CovTrace: 0.55508 | Converged: True
[hdl_localization_node-13] [INFO] [1790453639.928989521] [sim_ndt]: scan points: raw=1381 downsampled=1119 (leaf=0.05 m)
[hdl_localization_node-13] [INFO] [1790453639.944583934] [sim_ndt]: Metrics -> Error: 0.000783669 (RMSE ~0.0279941 m) | Time: 10 ms | CovTrace: 0.555081 | Converged: True
[trajectory_tracking_node-9] [WARN] [1790453639.956343714] [trajectory_tracking]: trajectory tracking stopped: no valid trajectory
[hdl_localization_node-13] [INFO] [1790453640.117921815] [sim_ndt]: scan points: raw=1381 downsampled=1119 (leaf=0.05 m)
[hdl_localization_node-13] [INFO] [1790453640.130511244] [sim_ndt]: Metrics -> Error: 0.000785518 (RMSE ~0.0280271 m) | Time: 10 ms | CovTrace: 0.555083 | Converged: True
[hdl_localization_node-13] [INFO] [1790453640.319447477] [sim_ndt]: scan points: raw=1381 downsampled=1119 (leaf=0.05 m)
[hdl_localization_node-13] [INFO] [1790453640.335002316] [sim_ndt]: Metrics -> Error: 0.000784831 (RMSE ~0.0280148 m) | Time: 20 ms | CovTrace: 0.555084 | Converged: True
[hdl_localization_node-13] [INFO] [1790453640.520162802] [sim_ndt]: scan points: raw=1381 downsampled=1119 (leaf=0.05 m)
[hdl_localization_node-13] [INFO] [1790453640.525928034] [sim_ndt]: Metrics -> Error: 0.000786542 (RMSE ~0.0280454 m) | Time: 0 ms | CovTrace: 0.555085 | Converged: True
[hdl_localization_node-13] [INFO] [1790453640.718568765] [sim_ndt]: scan points: raw=1381 downsampled=1119 (leaf=0.05 m)
[hdl_localization_node-13] [INFO] [1790453640.738898801] [sim_ndt]: Metrics -> Error: 0.000785048 (RMSE ~0.0280187 m) | Time: 20 ms | CovTrace: 0.555086 | Converged: True
[hdl_localization_node-13] [INFO] [1790453640.938375036] [sim_ndt]: scan points: raw=1381 downsampled=1119 (leaf=0.05 m)
[hdl_localization_node-13] [INFO] [1790453640.957030863] [sim_ndt]: Metrics -> Error: 0.000791392 (RMSE ~0.0281317 m) | Time: 10 ms | CovTrace: 0.555088 | Converged: True
[hdl_localization_node-13] [INFO] [1790453641.130636867] [sim_ndt]: scan points: raw=1381 downsampled=1119 (leaf=0.05 m)
[hdl_localization_node-13] [INFO] [1790453641.168818442] [sim_ndt]: Metrics -> Error: 0.000777299 (RMSE ~0.0278801 m) | Time: 40 ms | CovTrace: 0.555089 | Converged: True
[hdl_localization_node-13] [INFO] [1790453641.358653407] [sim_ndt]: scan points: raw=1381 downsampled=1119 (leaf=0.05 m)
[hdl_localization_node-13] [INFO] [1790453641.377095848] [sim_ndt]: Metrics -> Error: 0.000775332 (RMSE ~0.0278448 m) | Time: 20 ms | CovTrace: 0.55509 | Converged: True
[hdl_localization_node-13] [INFO] [1790453641.519725673] [sim_ndt]: scan points: raw=1381 downsampled=1119 (leaf=0.05 m)
[hdl_localization_node-13] [INFO] [1790453641.533499308] [sim_ndt]: Metrics -> Error: 0.000781768 (RMSE ~0.0279601 m) | Time: 0 ms | CovTrace: 0.555091 | Converged: True
[hdl_localization_node-13] [INFO] [1790453641.711322002] [sim_ndt]: scan points: raw=1381 downsampled=1119 (leaf=0.05 m)
[hdl_localization_node-13] [INFO] [1790453641.716742861] [sim_ndt]: Metrics -> Error: 0.000789972 (RMSE ~0.0281064 m) | Time: 0 ms | CovTrace: 0.555092 | Converged: True
[hdl_localization_node-13] [WARN] [1790453641.719441808] [sim_ndt]: Point-LIO odometry unavailable or stale for /localization/odometry twist; publishing zero twist
[hdl_localization_node-13] [INFO] [1790453641.916944530] [sim_ndt]: scan points: raw=1381 downsampled=1119 (leaf=0.05 m)
[hdl_localization_node-13] [INFO] [1790453641.948736160] [sim_ndt]: Metrics -> Error: 0.000785825 (RMSE ~0.0280326 m) | Time: 30 ms | CovTrace: 0.555094 | Converged: True
[trajectory_tracking_node-9] [WARN] [1790453641.959650096] [trajectory_tracking]: trajectory tracking stopped: no valid trajectory
[hdl_localization_node-13] [INFO] [1790453642.111722393] [sim_ndt]: scan points: raw=1381 downsampled=1119 (leaf=0.05 m)
[hdl_localization_node-13] [INFO] [1790453642.133559432] [sim_ndt]: Metrics -> Error: 0.000787658 (RMSE ~0.0280653 m) | Time: 10 ms | CovTrace: 0.555095 | Converged: True
[hdl_localization_node-13] [INFO] [1790453642.318584393] [sim_ndt]: scan points: raw=1381 downsampled=1119 (leaf=0.05 m)
[hdl_localization_node-13] [INFO] [1790453642.352202586] [sim_ndt]: Metrics -> Error: 0.000791584 (RMSE ~0.0281351 m) | Time: 20 ms | CovTrace: 0.555096 | Converged: True
[hdl_localization_node-13] [INFO] [1790453642.511108429] [sim_ndt]: scan points: raw=1381 downsampled=1119 (leaf=0.05 m)
[hdl_localization_node-13] [INFO] [1790453642.521022185] [sim_ndt]: Metrics -> Error: 0.00078207 (RMSE ~0.0279655 m) | Time: 10 ms | CovTrace: 0.555097 | Converged: True
[hdl_localization_node-13] [INFO] [1790453642.725411408] [sim_ndt]: scan points: raw=1381 downsampled=1119 (leaf=0.05 m)
[hdl_localization_node-13] [INFO] [1790453642.749232328] [sim_ndt]: Metrics -> Error: 0.000786575 (RMSE ~0.0280459 m) | Time: 20 ms | CovTrace: 0.555098 | Converged: True
[hdl_localization_node-13] [INFO] [1790453642.918967005] [sim_ndt]: scan points: raw=1381 downsampled=1119 (leaf=0.05 m)
[hdl_localization_node-13] [INFO] [1790453642.933082687] [sim_ndt]: Metrics -> Error: 0.000783602 (RMSE ~0.0279929 m) | Time: 10 ms | CovTrace: 0.5551 | Converged: True
[hdl_localization_node-13] [INFO] [1790453643.117079041] [sim_ndt]: scan points: raw=1381 downsampled=1119 (leaf=0.05 m)
[hdl_localization_node-13] [INFO] [1790453643.126123730] [sim_ndt]: Metrics -> Error: 0.000789336 (RMSE ~0.0280951 m) | Time: 10 ms | CovTrace: 0.555101 | Converged: True
[hdl_localization_node-13] [INFO] [1790453643.324331959] [sim_ndt]: scan points: raw=1381 downsampled=1119 (leaf=0.05 m)
[hdl_localization_node-13] [INFO] [1790453643.342090719] [sim_ndt]: Metrics -> Error: 0.000790099 (RMSE ~0.0281087 m) | Time: 0 ms | CovTrace: 0.555102 | Converged: True
[hdl_localization_node-13] [INFO] [1790453643.523070776] [sim_ndt]: scan points: raw=1381 downsampled=1119 (leaf=0.05 m)
[hdl_localization_node-13] [INFO] [1790453643.528152335] [sim_ndt]: Metrics -> Error: 0.000781917 (RMSE ~0.0279628 m) | Time: 0 ms | CovTrace: 0.555103 | Converged: True
[hdl_localization_node-13] [INFO] [1790453643.709321874] [sim_ndt]: scan points: raw=1381 downsampled=1119 (leaf=0.05 m)
[hdl_localization_node-13] [INFO] [1790453643.722284457] [sim_ndt]: Metrics -> Error: 0.000787515 (RMSE ~0.0280627 m) | Time: 10 ms | CovTrace: 0.555104 | Converged: True
[hdl_localization_node-13] [INFO] [1790453643.912773474] [sim_ndt]: scan points: raw=1381 downsampled=1119 (leaf=0.05 m)
[hdl_localization_node-13] [INFO] [1790453643.923946543] [sim_ndt]: Metrics -> Error: 0.000787558 (RMSE ~0.0280635 m) | Time: 0 ms | CovTrace: 0.555106 | Converged: True
[hdl_localization_node-13] [INFO] [1790453644.114604760] [sim_ndt]: scan points: raw=1381 downsampled=1119 (leaf=0.05 m)
[hdl_localization_node-13] [INFO] [1790453644.132022969] [sim_ndt]: Metrics -> Error: 0.000787122 (RMSE ~0.0280557 m) | Time: 10 ms | CovTrace: 0.555107 | Converged: True
[trajectory_tracking_node-9] [WARN] [1790453644.150325793] [trajectory_tracking]: trajectory tracking stopped: no valid trajectory
[hdl_localization_node-13] [INFO] [1790453644.314337966] [sim_ndt]: scan points: raw=1381 downsampled=1119 (leaf=0.05 m)
[hdl_localization_node-13] [INFO] [1790453644.333498322] [sim_ndt]: Metrics -> Error: 0.000788269 (RMSE ~0.0280761 m) | Time: 10 ms | CovTrace: 0.555108 | Converged: True
[hdl_localization_node-13] [INFO] [1790453644.520481947] [sim_ndt]: scan points: raw=1381 downsampled=1119 (leaf=0.05 m)
[hdl_localization_node-13] [INFO] [1790453644.530785078] [sim_ndt]: Metrics -> Error: 0.000780294 (RMSE ~0.0279338 m) | Time: 0 ms | CovTrace: 0.555109 | Converged: True
[hdl_localization_node-13] [INFO] [1790453644.705536055] [sim_ndt]: scan points: raw=1381 downsampled=1119 (leaf=0.05 m)
[hdl_localization_node-13] [INFO] [1790453644.710527091] [sim_ndt]: Metrics -> Error: 0.00078875 (RMSE ~0.0280847 m) | Time: 0 ms | CovTrace: 0.555111 | Converged: True
[hdl_localization_node-13] [INFO] [1790453644.922468373] [sim_ndt]: scan points: raw=1381 downsampled=1119 (leaf=0.05 m)
[hdl_localization_node-13] [INFO] [1790453644.933995161] [sim_ndt]: Metrics -> Error: 0.000781004 (RMSE ~0.0279465 m) | Time: 0 ms | CovTrace: 0.555112 | Converged: True
[hdl_localization_node-13] [INFO] [1790453645.107865636] [sim_ndt]: scan points: raw=1381 downsampled=1119 (leaf=0.05 m)
[hdl_localization_node-13] [INFO] [1790453645.113886824] [sim_ndt]: Metrics -> Error: 0.00078404 (RMSE ~0.0280007 m) | Time: 10 ms | CovTrace: 0.555113 | Converged: True
[hdl_localization_node-13] [INFO] [1790453645.315153404] [sim_ndt]: scan points: raw=1381 downsampled=1119 (leaf=0.05 m)
[hdl_localization_node-13] [INFO] [1790453645.323687602] [sim_ndt]: Metrics -> Error: 0.000786398 (RMSE ~0.0280428 m) | Time: 0 ms | CovTrace: 0.555114 | Converged: True
[hdl_localization_node-13] [INFO] [1790453645.516739833] [sim_ndt]: scan points: raw=1381 downsampled=1119 (leaf=0.05 m)
[hdl_localization_node-13] [INFO] [1790453645.526729416] [sim_ndt]: Metrics -> Error: 0.000785131 (RMSE ~0.0280202 m) | Time: 0 ms | CovTrace: 0.555115 | Converged: True
[hdl_localization_node-13] [INFO] [1790453645.707588930] [sim_ndt]: scan points: raw=1381 downsampled=1119 (leaf=0.05 m)
[hdl_localization_node-13] [INFO] [1790453645.717095394] [sim_ndt]: Metrics -> Error: 0.000782873 (RMSE ~0.0279799 m) | Time: 0 ms | CovTrace: 0.555117 | Converged: True
[hdl_localization_node-13] [INFO] [1790453645.905743500] [sim_ndt]: scan points: raw=1381 downsampled=1119 (leaf=0.05 m)
[hdl_localization_node-13] [INFO] [1790453645.911117971] [sim_ndt]: Metrics -> Error: 0.000786022 (RMSE ~0.0280361 m) | Time: 0 ms | CovTrace: 0.555118 | Converged: True
[hdl_localization_node-13] [INFO] [1790453646.105469047] [sim_ndt]: scan points: raw=1381 downsampled=1119 (leaf=0.05 m)
[hdl_localization_node-13] [INFO] [1790453646.114125208] [sim_ndt]: Metrics -> Error: 0.000778777 (RMSE ~0.0279066 m) | Time: 0 ms | CovTrace: 0.555119 | Converged: True
[hdl_localization_node-13] [INFO] [1790453646.340491930] [sim_ndt]: scan points: raw=1381 downsampled=1119 (leaf=0.05 m)
[hdl_localization_node-13] [INFO] [1790453646.360784862] [sim_ndt]: Metrics -> Error: 0.000785655 (RMSE ~0.0280295 m) | Time: 10 ms | CovTrace: 0.55512 | Converged: True
[trajectory_tracking_node-9] [WARN] [1790453646.375402542] [trajectory_tracking]: trajectory tracking stopped: no valid trajectory
[hdl_localization_node-13] [INFO] [1790453646.537523112] [sim_ndt]: scan points: raw=1381 downsampled=1119 (leaf=0.05 m)
[hdl_localization_node-13] [INFO] [1790453646.567446991] [sim_ndt]: Metrics -> Error: 0.000785501 (RMSE ~0.0280268 m) | Time: 20 ms | CovTrace: 0.555121 | Converged: True
[hdl_localization_node-13] [INFO] [1790453646.725281361] [sim_ndt]: scan points: raw=1381 downsampled=1119 (leaf=0.05 m)
[hdl_localization_node-13] [INFO] [1790453646.734488850] [sim_ndt]: Metrics -> Error: 0.000782253 (RMSE ~0.0279688 m) | Time: 0 ms | CovTrace: 0.555123 | Converged: True
[hdl_localization_node-13] [WARN] [1790453646.737245132] [sim_ndt]: Point-LIO odometry unavailable or stale for /localization/odometry twist; publishing zero twist
[hdl_localization_node-13] [INFO] [1790453646.923445507] [sim_ndt]: scan points: raw=1381 downsampled=1119 (leaf=0.05 m)
[hdl_localization_node-13] [INFO] [1790453646.948194187] [sim_ndt]: Metrics -> Error: 0.00078299 (RMSE ~0.027982 m) | Time: 30 ms | CovTrace: 0.555124 | Converged: True
[hdl_localization_node-13] [INFO] [1790453647.117361625] [sim_ndt]: scan points: raw=1381 downsampled=1119 (leaf=0.05 m)
[hdl_localization_node-13] [INFO] [1790453647.143467387] [sim_ndt]: Metrics -> Error: 0.000785746 (RMSE ~0.0280312 m) | Time: 20 ms | CovTrace: 0.555125 | Converged: True
[hdl_localization_node-13] [INFO] [1790453647.311977283] [sim_ndt]: scan points: raw=1381 downsampled=1119 (leaf=0.05 m)
[hdl_localization_node-13] [INFO] [1790453647.336960155] [sim_ndt]: Metrics -> Error: 0.00078665 (RMSE ~0.0280473 m) | Time: 20 ms | CovTrace: 0.555126 | Converged: True
[hdl_localization_node-13] [INFO] [1790453647.512488143] [sim_ndt]: scan points: raw=1381 downsampled=1119 (leaf=0.05 m)
[hdl_localization_node-13] [INFO] [1790453647.521006649] [sim_ndt]: Metrics -> Error: 0.000779125 (RMSE ~0.0279128 m) | Time: 0 ms | CovTrace: 0.555127 | Converged: True
[hdl_localization_node-13] [INFO] [1790453647.703138272] [sim_ndt]: scan points: raw=1381 downsampled=1119 (leaf=0.05 m)
[hdl_localization_node-13] [INFO] [1790453647.713822187] [sim_ndt]: Metrics -> Error: 0.000783294 (RMSE ~0.0279874 m) | Time: 0 ms | CovTrace: 0.555129 | Converged: True
[hdl_localization_node-13] [INFO] [1790453647.915525150] [sim_ndt]: scan points: raw=1381 downsampled=1119 (leaf=0.05 m)
[hdl_localization_node-13] [INFO] [1790453647.948788157] [sim_ndt]: Metrics -> Error: 0.000783204 (RMSE ~0.0279858 m) | Time: 30 ms | CovTrace: 0.55513 | Converged: True
[hdl_localization_node-13] [INFO] [1790453648.123190251] [sim_ndt]: scan points: raw=1381 downsampled=1119 (leaf=0.05 m)
[hdl_localization_node-13] [INFO] [1790453648.150542189] [sim_ndt]: Metrics -> Error: 0.000788245 (RMSE ~0.0280757 m) | Time: 10 ms | CovTrace: 0.555131 | Converged: True
[hdl_localization_node-13] [INFO] [1790453648.330910331] [sim_ndt]: scan points: raw=1381 downsampled=1119 (leaf=0.05 m)
[hdl_localization_node-13] [INFO] [1790453648.356498281] [sim_ndt]: Metrics -> Error: 0.000787882 (RMSE ~0.0280692 m) | Time: 30 ms | CovTrace: 0.555132 | Converged: True
[trajectory_tracking_node-9] [WARN] [1790453648.373229955] [trajectory_tracking]: trajectory tracking stopped: no valid trajectory
[hdl_localization_node-13] [INFO] [1790453648.526270997] [sim_ndt]: scan points: raw=1381 downsampled=1119 (leaf=0.05 m)
[hdl_localization_node-13] [INFO] [1790453648.540481915] [sim_ndt]: Metrics -> Error: 0.000779661 (RMSE ~0.0279224 m) | Time: 10 ms | CovTrace: 0.555133 | Converged: True
[hdl_localization_node-13] [INFO] [1790453648.725454511] [sim_ndt]: scan points: raw=1381 downsampled=1119 (leaf=0.05 m)
[hdl_localization_node-13] [INFO] [1790453648.762097307] [sim_ndt]: Metrics -> Error: 0.000784293 (RMSE ~0.0280052 m) | Time: 30 ms | CovTrace: 0.555135 | Converged: True
[hdl_localization_node-13] [INFO] [1790453648.918494647] [sim_ndt]: scan points: raw=1381 downsampled=1119 (leaf=0.05 m)
[hdl_localization_node-13] [INFO] [1790453648.928259379] [sim_ndt]: Metrics -> Error: 0.000781256 (RMSE ~0.027951 m) | Time: 10 ms | CovTrace: 0.555136 | Converged: True
[hdl_localization_node-13] [INFO] [1790453649.117041345] [sim_ndt]: scan points: raw=1381 downsampled=1119 (leaf=0.05 m)
[hdl_localization_node-13] [INFO] [1790453649.134131305] [sim_ndt]: Metrics -> Error: 0.000787014 (RMSE ~0.0280538 m) | Time: 20 ms | CovTrace: 0.555137 | Converged: True
[hdl_localization_node-13] [INFO] [1790453649.313113390] [sim_ndt]: scan points: raw=1381 downsampled=1119 (leaf=0.05 m)
[hdl_localization_node-13] [INFO] [1790453649.327830758] [sim_ndt]: Metrics -> Error: 0.000787869 (RMSE ~0.028069 m) | Time: 10 ms | CovTrace: 0.555138 | Converged: True
[hdl_localization_node-13] [INFO] [1790453649.518129047] [sim_ndt]: scan points: raw=1381 downsampled=1119 (leaf=0.05 m)
[hdl_localization_node-13] [INFO] [1790453649.528308547] [sim_ndt]: Metrics -> Error: 0.000790456 (RMSE ~0.028115 m) | Time: 0 ms | CovTrace: 0.555139 | Converged: True
[hdl_localization_node-13] [INFO] [1790453649.711450392] [sim_ndt]: scan points: raw=1381 downsampled=1119 (leaf=0.05 m)
[hdl_localization_node-13] [INFO] [1790453649.719727727] [sim_ndt]: Metrics -> Error: 0.000777538 (RMSE ~0.0278844 m) | Time: 0 ms | CovTrace: 0.555141 | Converged: True
[hdl_localization_node-13] [INFO] [1790453649.921988448] [sim_ndt]: scan points: raw=1381 downsampled=1119 (leaf=0.05 m)
[hdl_localization_node-13] [INFO] [1790453649.936416888] [sim_ndt]: Metrics -> Error: 0.000785021 (RMSE ~0.0280182 m) | Time: 0 ms | CovTrace: 0.555142 | Converged: True
[hdl_localization_node-13] [INFO] [1790453650.111924251] [sim_ndt]: scan points: raw=1381 downsampled=1119 (leaf=0.05 m)
[hdl_localization_node-13] [INFO] [1790453650.122438098] [sim_ndt]: Metrics -> Error: 0.000785096 (RMSE ~0.0280196 m) | Time: 0 ms | CovTrace: 0.555143 | Converged: True
[hdl_localization_node-13] [INFO] [1790453650.325152468] [sim_ndt]: scan points: raw=1381 downsampled=1119 (leaf=0.05 m)
[hdl_localization_node-13] [INFO] [1790453650.347521942] [sim_ndt]: Metrics -> Error: 0.000784417 (RMSE ~0.0280074 m) | Time: 20 ms | CovTrace: 0.555144 | Converged: True
[hdl_localization_node-13] [INFO] [1790453650.507972220] [sim_ndt]: scan points: raw=1381 downsampled=1119 (leaf=0.05 m)
[hdl_localization_node-13] [INFO] [1790453650.520262639] [sim_ndt]: Metrics -> Error: 0.000787046 (RMSE ~0.0280543 m) | Time: 10 ms | CovTrace: 0.555146 | Converged: True
[trajectory_tracking_node-9] [WARN] [1790453650.529654824] [trajectory_tracking]: trajectory tracking stopped: no valid trajectory
[hdl_localization_node-13] [INFO] [1790453650.712077080] [sim_ndt]: scan points: raw=1381 downsampled=1119 (leaf=0.05 m)
[hdl_localization_node-13] [INFO] [1790453650.720002648] [sim_ndt]: Metrics -> Error: 0.000789402 (RMSE ~0.0280963 m) | Time: 0 ms | CovTrace: 0.555147 | Converged: True
[hdl_localization_node-13] [INFO] [1790453650.955781778] [sim_ndt]: scan points: raw=1381 downsampled=1119 (leaf=0.05 m)
[hdl_localization_node-13] [INFO] [1790453650.975192873] [sim_ndt]: Metrics -> Error: 0.000790354 (RMSE ~0.0281132 m) | Time: 10 ms | CovTrace: 0.555148 | Converged: True
[hdl_localization_node-13] [INFO] [1790453651.116008816] [sim_ndt]: scan points: raw=1381 downsampled=1119 (leaf=0.05 m)
[hdl_localization_node-13] [INFO] [1790453651.142416399] [sim_ndt]: Metrics -> Error: 0.000786381 (RMSE ~0.0280425 m) | Time: 20 ms | CovTrace: 0.555149 | Converged: True
[hdl_localization_node-13] [INFO] [1790453651.330007416] [sim_ndt]: scan points: raw=1381 downsampled=1119 (leaf=0.05 m)
[hdl_localization_node-13] [INFO] [1790453651.368180056] [sim_ndt]: Metrics -> Error: 0.000774798 (RMSE ~0.0278352 m) | Time: 20 ms | CovTrace: 0.55515 | Converged: True
[hdl_localization_node-13] [INFO] [1790453651.517384738] [sim_ndt]: scan points: raw=1381 downsampled=1119 (leaf=0.05 m)
[hdl_localization_node-13] [INFO] [1790453651.544248736] [sim_ndt]: Metrics -> Error: 0.000784888 (RMSE ~0.0280159 m) | Time: 20 ms | CovTrace: 0.555151 | Converged: True
[hdl_localization_node-13] [INFO] [1790453651.711589406] [sim_ndt]: scan points: raw=1381 downsampled=1119 (leaf=0.05 m)
[hdl_localization_node-13] [INFO] [1790453651.726122049] [sim_ndt]: Metrics -> Error: 0.000784792 (RMSE ~0.0280141 m) | Time: 10 ms | CovTrace: 0.555153 | Converged: True
[hdl_localization_node-13] [INFO] [1790453651.920085127] [sim_ndt]: scan points: raw=1381 downsampled=1119 (leaf=0.05 m)
[hdl_localization_node-13] [INFO] [1790453651.928795005] [sim_ndt]: Metrics -> Error: 0.000784945 (RMSE ~0.0280169 m) | Time: 0 ms | CovTrace: 0.555154 | Converged: True
[hdl_localization_node-13] [WARN] [1790453651.935546237] [sim_ndt]: Point-LIO odometry unavailable or stale for /localization/odometry twist; publishing zero twist
[hdl_localization_node-13] [INFO] [1790453652.112298258] [sim_ndt]: scan points: raw=1381 downsampled=1119 (leaf=0.05 m)
[hdl_localization_node-13] [INFO] [1790453652.121751797] [sim_ndt]: Metrics -> Error: 0.000782352 (RMSE ~0.0279706 m) | Time: 10 ms | CovTrace: 0.555155 | Converged: True
[hdl_localization_node-13] [INFO] [1790453652.324869951] [sim_ndt]: scan points: raw=1381 downsampled=1119 (leaf=0.05 m)
[hdl_localization_node-13] [INFO] [1790453652.339442941] [sim_ndt]: Metrics -> Error: 0.000787912 (RMSE ~0.0280698 m) | Time: 10 ms | CovTrace: 0.555156 | Converged: True
[hdl_localization_node-13] [INFO] [1790453652.512859323] [sim_ndt]: scan points: raw=1381 downsampled=1119 (leaf=0.05 m)
[hdl_localization_node-13] [INFO] [1790453652.527930970] [sim_ndt]: Metrics -> Error: 0.00078748 (RMSE ~0.0280621 m) | Time: 10 ms | CovTrace: 0.555157 | Converged: True
[trajectory_tracking_node-9] [WARN] [1790453652.537305980] [trajectory_tracking]: trajectory tracking stopped: no valid trajectory
[hdl_localization_node-13] [INFO] [1790453652.724457899] [sim_ndt]: scan points: raw=1381 downsampled=1119 (leaf=0.05 m)
[hdl_localization_node-13] [INFO] [1790453652.734309825] [sim_ndt]: Metrics -> Error: 0.000784156 (RMSE ~0.0280028 m) | Time: 10 ms | CovTrace: 0.555159 | Converged: True
[hdl_localization_node-13] [INFO] [1790453652.908838564] [sim_ndt]: scan points: raw=1381 downsampled=1119 (leaf=0.05 m)
[hdl_localization_node-13] [INFO] [1790453652.913779177] [sim_ndt]: Metrics -> Error: 0.000782777 (RMSE ~0.0279782 m) | Time: 10 ms | CovTrace: 0.55516 | Converged: True
[hdl_localization_node-13] [INFO] [1790453653.114969844] [sim_ndt]: scan points: raw=1381 downsampled=1119 (leaf=0.05 m)
[hdl_localization_node-13] [INFO] [1790453653.121187874] [sim_ndt]: Metrics -> Error: 0.000777537 (RMSE ~0.0278844 m) | Time: 0 ms | CovTrace: 0.555161 | Converged: True
[hdl_localization_node-13] [INFO] [1790453653.331390654] [sim_ndt]: scan points: raw=1381 downsampled=1119 (leaf=0.05 m)
[hdl_localization_node-13] [INFO] [1790453653.348073606] [sim_ndt]: Metrics -> Error: 0.000785764 (RMSE ~0.0280315 m) | Time: 10 ms | CovTrace: 0.555162 | Converged: True
[hdl_localization_node-13] [INFO] [1790453653.516921559] [sim_ndt]: scan points: raw=1381 downsampled=1119 (leaf=0.05 m)
[hdl_localization_node-13] [INFO] [1790453653.534525491] [sim_ndt]: Metrics -> Error: 0.000786065 (RMSE ~0.0280368 m) | Time: 10 ms | CovTrace: 0.555163 | Converged: True
[hdl_localization_node-13] [INFO] [1790453653.713943733] [sim_ndt]: scan points: raw=1381 downsampled=1119 (leaf=0.05 m)
[hdl_localization_node-13] [INFO] [1790453653.719669494] [sim_ndt]: Metrics -> Error: 0.000791463 (RMSE ~0.028133 m) | Time: 0 ms | CovTrace: 0.555165 | Converged: True
[hdl_localization_node-13] [INFO] [1790453653.909765406] [sim_ndt]: scan points: raw=1381 downsampled=1119 (leaf=0.05 m)
[hdl_localization_node-13] [INFO] [1790453653.923322906] [sim_ndt]: Metrics -> Error: 0.000789724 (RMSE ~0.028102 m) | Time: 0 ms | CovTrace: 0.555166 | Converged: True
[hdl_localization_node-13] [INFO] [1790453654.126243818] [sim_ndt]: scan points: raw=1381 downsampled=1119 (leaf=0.05 m)
[hdl_localization_node-13] [INFO] [1790453654.140835842] [sim_ndt]: Metrics -> Error: 0.000777538 (RMSE ~0.0278844 m) | Time: 10 ms | CovTrace: 0.555167 | Converged: True
[hdl_localization_node-13] [INFO] [1790453654.316924520] [sim_ndt]: scan points: raw=1381 downsampled=1119 (leaf=0.05 m)
[hdl_localization_node-13] [INFO] [1790453654.335557517] [sim_ndt]: Metrics -> Error: 0.000776092 (RMSE ~0.0278584 m) | Time: 10 ms | CovTrace: 0.555168 | Converged: True
[hdl_localization_node-13] [INFO] [1790453654.512718822] [sim_ndt]: scan points: raw=1381 downsampled=1119 (leaf=0.05 m)
[hdl_localization_node-13] [INFO] [1790453654.522375416] [sim_ndt]: Metrics -> Error: 0.000780641 (RMSE ~0.02794 m) | Time: 0 ms | CovTrace: 0.55517 | Converged: True
[hdl_localization_node-13] [INFO] [1790453654.713139030] [sim_ndt]: scan points: raw=1381 downsampled=1119 (leaf=0.05 m)
[hdl_localization_node-13] [INFO] [1790453654.728481835] [sim_ndt]: Metrics -> Error: 0.000782768 (RMSE ~0.027978 m) | Time: 10 ms | CovTrace: 0.555171 | Converged: True
[trajectory_tracking_node-9] [WARN] [1790453654.746442567] [trajectory_tracking]: trajectory tracking stopped: no valid trajectory
[hdl_localization_node-13] [INFO] [1790453654.915403705] [sim_ndt]: scan points: raw=1381 downsampled=1119 (leaf=0.05 m)
[hdl_localization_node-13] [INFO] [1790453654.925599140] [sim_ndt]: Metrics -> Error: 0.000787829 (RMSE ~0.0280683 m) | Time: 10 ms | CovTrace: 0.555172 | Converged: True
[hdl_localization_node-13] [INFO] [1790453655.110200393] [sim_ndt]: scan points: raw=1381 downsampled=1119 (leaf=0.05 m)
[hdl_localization_node-13] [INFO] [1790453655.120279507] [sim_ndt]: Metrics -> Error: 0.000790358 (RMSE ~0.0281133 m) | Time: 0 ms | CovTrace: 0.555173 | Converged: True
[hdl_localization_node-13] [INFO] [1790453655.313496849] [sim_ndt]: scan points: raw=1381 downsampled=1119 (leaf=0.05 m)
[hdl_localization_node-13] [INFO] [1790453655.318373470] [sim_ndt]: Metrics -> Error: 0.000789016 (RMSE ~0.0280894 m) | Time: 0 ms | CovTrace: 0.555174 | Converged: True
[hdl_localization_node-13] [INFO] [1790453655.518441367] [sim_ndt]: scan points: raw=1381 downsampled=1119 (leaf=0.05 m)
[hdl_localization_node-13] [INFO] [1790453655.530782687] [sim_ndt]: Metrics -> Error: 0.000789511 (RMSE ~0.0280982 m) | Time: 0 ms | CovTrace: 0.555176 | Converged: True
[hdl_localization_node-13] [INFO] [1790453655.719643082] [sim_ndt]: scan points: raw=1381 downsampled=1119 (leaf=0.05 m)
[hdl_localization_node-13] [INFO] [1790453655.731986028] [sim_ndt]: Metrics -> Error: 0.000789436 (RMSE ~0.0280969 m) | Time: 10 ms | CovTrace: 0.555177 | Converged: True
[hdl_localization_node-13] [INFO] [1790453655.904568872] [sim_ndt]: scan points: raw=1381 downsampled=1119 (leaf=0.05 m)
[hdl_localization_node-13] [INFO] [1790453655.910368780] [sim_ndt]: Metrics -> Error: 0.000792164 (RMSE ~0.0281454 m) | Time: 0 ms | CovTrace: 0.555178 | Converged: True
[hdl_localization_node-13] [INFO] [1790453656.105494932] [sim_ndt]: scan points: raw=1381 downsampled=1119 (leaf=0.05 m)
[hdl_localization_node-13] [INFO] [1790453656.117621253] [sim_ndt]: Metrics -> Error: 0.000794024 (RMSE ~0.0281784 m) | Time: 0 ms | CovTrace: 0.555179 | Converged: True
[hdl_localization_node-13] [INFO] [1790453656.309350192] [sim_ndt]: scan points: raw=1381 downsampled=1119 (leaf=0.05 m)
[hdl_localization_node-13] [INFO] [1790453656.317068593] [sim_ndt]: Metrics -> Error: 0.000795129 (RMSE ~0.028198 m) | Time: 10 ms | CovTrace: 0.55518 | Converged: True
[hdl_localization_node-13] [INFO] [1790453656.514531959] [sim_ndt]: scan points: raw=1381 downsampled=1119 (leaf=0.05 m)
[hdl_localization_node-13] [INFO] [1790453656.520062363] [sim_ndt]: Metrics -> Error: 0.000792952 (RMSE ~0.0281594 m) | Time: 0 ms | CovTrace: 0.555182 | Converged: True
[hdl_localization_node-13] [INFO] [1790453656.717462318] [sim_ndt]: scan points: raw=1381 downsampled=1119 (leaf=0.05 m)
[hdl_localization_node-13] [INFO] [1790453656.724414108] [sim_ndt]: Metrics -> Error: 0.000796267 (RMSE ~0.0282182 m) | Time: 10 ms | CovTrace: 0.555183 | Converged: True
[hdl_localization_node-13] [INFO] [1790453656.921898756] [sim_ndt]: scan points: raw=1381 downsampled=1119 (leaf=0.05 m)
[hdl_localization_node-13] [INFO] [1790453656.945437424] [sim_ndt]: Metrics -> Error: 0.000785008 (RMSE ~0.028018 m) | Time: 10 ms | CovTrace: 0.555184 | Converged: True
[hdl_localization_node-13] [WARN] [1790453656.952058289] [sim_ndt]: Point-LIO odometry unavailable or stale for /localization/odometry twist; publishing zero twist
[trajectory_tracking_node-9] [WARN] [1790453656.957837972] [trajectory_tracking]: trajectory tracking stopped: no valid trajectory
[hdl_localization_node-13] [INFO] [1790453657.105010940] [sim_ndt]: scan points: raw=1381 downsampled=1119 (leaf=0.05 m)
[hdl_localization_node-13] [INFO] [1790453657.113077521] [sim_ndt]: Metrics -> Error: 0.0007934 (RMSE ~0.0281674 m) | Time: 0 ms | CovTrace: 0.555185 | Converged: True
[hdl_localization_node-13] [INFO] [1790453657.313947593] [sim_ndt]: scan points: raw=1381 downsampled=1119 (leaf=0.05 m)
[hdl_localization_node-13] [INFO] [1790453657.329712001] [sim_ndt]: Metrics -> Error: 0.000788543 (RMSE ~0.028081 m) | Time: 10 ms | CovTrace: 0.555186 | Converged: True
[hdl_localization_node-13] [INFO] [1790453657.508229880] [sim_ndt]: scan points: raw=1381 downsampled=1119 (leaf=0.05 m)
[hdl_localization_node-13] [INFO] [1790453657.515648976] [sim_ndt]: Metrics -> Error: 0.000791357 (RMSE ~0.0281311 m) | Time: 10 ms | CovTrace: 0.555188 | Converged: True
[hdl_localization_node-13] [INFO] [1790453657.709578785] [sim_ndt]: scan points: raw=1381 downsampled=1119 (leaf=0.05 m)
[hdl_localization_node-13] [INFO] [1790453657.720600421] [sim_ndt]: Metrics -> Error: 0.000780157 (RMSE ~0.0279313 m) | Time: 10 ms | CovTrace: 0.555189 | Converged: True
[hdl_localization_node-13] [INFO] [1790453657.924418533] [sim_ndt]: scan points: raw=1381 downsampled=1119 (leaf=0.05 m)
[hdl_localization_node-13] [INFO] [1790453657.944737453] [sim_ndt]: Metrics -> Error: 0.00077865 (RMSE ~0.0279043 m) | Time: 0 ms | CovTrace: 0.55519 | Converged: True
[hdl_localization_node-13] [INFO] [1790453658.107482927] [sim_ndt]: scan points: raw=1381 downsampled=1119 (leaf=0.05 m)
[hdl_localization_node-13] [INFO] [1790453658.115558231] [sim_ndt]: Metrics -> Error: 0.000782382 (RMSE ~0.0279711 m) | Time: 10 ms | CovTrace: 0.555191 | Converged: True
[hdl_localization_node-13] [INFO] [1790453658.326272557] [sim_ndt]: scan points: raw=1381 downsampled=1119 (leaf=0.05 m)
[hdl_localization_node-13] [INFO] [1790453658.335265607] [sim_ndt]: Metrics -> Error: 0.000782119 (RMSE ~0.0279664 m) | Time: 0 ms | CovTrace: 0.555192 | Converged: True
[hdl_localization_node-13] [INFO] [1790453658.509458126] [sim_ndt]: scan points: raw=1381 downsampled=1119 (leaf=0.05 m)
[hdl_localization_node-13] [INFO] [1790453658.516979195] [sim_ndt]: Metrics -> Error: 0.000782454 (RMSE ~0.0279724 m) | Time: 0 ms | CovTrace: 0.555194 | Converged: True
[hdl_localization_node-13] [INFO] [1790453658.717576798] [sim_ndt]: scan points: raw=1381 downsampled=1119 (leaf=0.05 m)
[hdl_localization_node-13] [INFO] [1790453658.731422452] [sim_ndt]: Metrics -> Error: 0.000789315 (RMSE ~0.0280947 m) | Time: 10 ms | CovTrace: 0.555195 | Converged: True
[hdl_localization_node-13] [INFO] [1790453658.927458132] [sim_ndt]: scan points: raw=1381 downsampled=1119 (leaf=0.05 m)
[hdl_localization_node-13] [INFO] [1790453658.937278320] [sim_ndt]: Metrics -> Error: 0.0007919 (RMSE ~0.0281407 m) | Time: 10 ms | CovTrace: 0.555196 | Converged: True
[hdl_localization_node-13] [INFO] [1790453659.112469536] [sim_ndt]: scan points: raw=1381 downsampled=1119 (leaf=0.05 m)
[hdl_localization_node-13] [INFO] [1790453659.125775773] [sim_ndt]: Metrics -> Error: 0.000793559 (RMSE ~0.0281702 m) | Time: 10 ms | CovTrace: 0.555197 | Converged: True
[trajectory_tracking_node-9] [WARN] [1790453659.138689913] [trajectory_tracking]: trajectory tracking stopped: no valid trajectory
[hdl_localization_node-13] [INFO] [1790453659.308843297] [sim_ndt]: scan points: raw=1381 downsampled=1119 (leaf=0.05 m)
[hdl_localization_node-13] [INFO] [1790453659.325067599] [sim_ndt]: Metrics -> Error: 0.000781004 (RMSE ~0.0279465 m) | Time: 10 ms | CovTrace: 0.555198 | Converged: True
[hdl_localization_node-13] [INFO] [1790453659.509663250] [sim_ndt]: scan points: raw=1381 downsampled=1119 (leaf=0.05 m)
[hdl_localization_node-13] [INFO] [1790453659.515765765] [sim_ndt]: Metrics -> Error: 0.000788706 (RMSE ~0.0280839 m) | Time: 10 ms | CovTrace: 0.5552 | Converged: True
[hdl_localization_node-13] [INFO] [1790453659.720019176] [sim_ndt]: scan points: raw=1381 downsampled=1119 (leaf=0.05 m)
[hdl_localization_node-13] [INFO] [1790453659.734213005] [sim_ndt]: Metrics -> Error: 0.000787682 (RMSE ~0.0280657 m) | Time: 0 ms | CovTrace: 0.555201 | Converged: True
[hdl_localization_node-13] [INFO] [1790453659.910948369] [sim_ndt]: scan points: raw=1381 downsampled=1119 (leaf=0.05 m)
[hdl_localization_node-13] [INFO] [1790453659.931630518] [sim_ndt]: Metrics -> Error: 0.000791006 (RMSE ~0.0281248 m) | Time: 10 ms | CovTrace: 0.555202 | Converged: True
[hdl_localization_node-13] [INFO] [1790453660.109577313] [sim_ndt]: scan points: raw=1381 downsampled=1119 (leaf=0.05 m)
[hdl_localization_node-13] [INFO] [1790453660.118404871] [sim_ndt]: Metrics -> Error: 0.000783598 (RMSE ~0.0279928 m) | Time: 10 ms | CovTrace: 0.555203 | Converged: True
[hdl_localization_node-13] [INFO] [1790453660.308764331] [sim_ndt]: scan points: raw=1381 downsampled=1119 (leaf=0.05 m)
[hdl_localization_node-13] [INFO] [1790453660.315554799] [sim_ndt]: Metrics -> Error: 0.000786478 (RMSE ~0.0280442 m) | Time: 0 ms | CovTrace: 0.555204 | Converged: True
[hdl_localization_node-13] [INFO] [1790453660.507502764] [sim_ndt]: scan points: raw=1381 downsampled=1119 (leaf=0.05 m)
[hdl_localization_node-13] [INFO] [1790453660.517206524] [sim_ndt]: Metrics -> Error: 0.000792117 (RMSE ~0.0281446 m) | Time: 10 ms | CovTrace: 0.555206 | Converged: True
[hdl_localization_node-13] [INFO] [1790453660.715103812] [sim_ndt]: scan points: raw=1381 downsampled=1119 (leaf=0.05 m)
[hdl_localization_node-13] [INFO] [1790453660.722553841] [sim_ndt]: Metrics -> Error: 0.000778491 (RMSE ~0.0279014 m) | Time: 0 ms | CovTrace: 0.555207 | Converged: True
[hdl_localization_node-13] [INFO] [1790453660.924325195] [sim_ndt]: scan points: raw=1381 downsampled=1119 (leaf=0.05 m)
[hdl_localization_node-13] [INFO] [1790453660.935248977] [sim_ndt]: Metrics -> Error: 0.000799557 (RMSE ~0.0282764 m) | Time: 0 ms | CovTrace: 0.555208 | Converged: True
[hdl_localization_node-13] [INFO] [1790453661.122111448] [sim_ndt]: scan points: raw=1381 downsampled=1119 (leaf=0.05 m)
[hdl_localization_node-13] [INFO] [1790453661.130980043] [sim_ndt]: Metrics -> Error: 0.000791597 (RMSE ~0.0281353 m) | Time: 0 ms | CovTrace: 0.555209 | Converged: True
[trajectory_tracking_node-9] [WARN] [1790453661.141134899] [trajectory_tracking]: trajectory tracking stopped: no valid trajectory
[hdl_localization_node-13] [INFO] [1790453661.318866326] [sim_ndt]: scan points: raw=1381 downsampled=1119 (leaf=0.05 m)
[hdl_localization_node-13] [INFO] [1790453661.332084820] [sim_ndt]: Metrics -> Error: 0.000794621 (RMSE ~0.028189 m) | Time: 10 ms | CovTrace: 0.55521 | Converged: True
[hdl_localization_node-13] [INFO] [1790453661.506881774] [sim_ndt]: scan points: raw=1381 downsampled=1119 (leaf=0.05 m)
[hdl_localization_node-13] [INFO] [1790453661.538990007] [sim_ndt]: Metrics -> Error: 0.00078015 (RMSE ~0.0279312 m) | Time: 30 ms | CovTrace: 0.555212 | Converged: True
[hdl_localization_node-13] [INFO] [1790453661.711498124] [sim_ndt]: scan points: raw=1381 downsampled=1119 (leaf=0.05 m)
[hdl_localization_node-13] [INFO] [1790453661.718493038] [sim_ndt]: Metrics -> Error: 0.000781354 (RMSE ~0.0279527 m) | Time: 0 ms | CovTrace: 0.555213 | Converged: True
[hdl_localization_node-13] [INFO] [1790453661.919468448] [sim_ndt]: scan points: raw=1381 downsampled=1119 (leaf=0.05 m)
[hdl_localization_node-13] [INFO] [1790453661.927317527] [sim_ndt]: Metrics -> Error: 0.000777898 (RMSE ~0.0278908 m) | Time: 0 ms | CovTrace: 0.555214 | Converged: True
[hdl_localization_node-13] [INFO] [1790453662.112178044] [sim_ndt]: scan points: raw=1381 downsampled=1119 (leaf=0.05 m)
[hdl_localization_node-13] [INFO] [1790453662.118217834] [sim_ndt]: Metrics -> Error: 0.000785474 (RMSE ~0.0280263 m) | Time: 0 ms | CovTrace: 0.555215 | Converged: True
[hdl_localization_node-13] [WARN] [1790453662.124695514] [sim_ndt]: Point-LIO odometry unavailable or stale for /localization/odometry twist; publishing zero twist
[hdl_localization_node-13] [INFO] [1790453662.305419969] [sim_ndt]: scan points: raw=1381 downsampled=1119 (leaf=0.05 m)
[hdl_localization_node-13] [INFO] [1790453662.311540804] [sim_ndt]: Metrics -> Error: 0.00079082 (RMSE ~0.0281215 m) | Time: 0 ms | CovTrace: 0.555216 | Converged: True
[hdl_localization_node-13] [INFO] [1790453662.516188869] [sim_ndt]: scan points: raw=1381 downsampled=1119 (leaf=0.05 m)
[hdl_localization_node-13] [INFO] [1790453662.522708266] [sim_ndt]: Metrics -> Error: 0.000773225 (RMSE ~0.0278069 m) | Time: 0 ms | CovTrace: 0.555218 | Converged: True
[hdl_localization_node-13] [INFO] [1790453662.712398625] [sim_ndt]: scan points: raw=1381 downsampled=1119 (leaf=0.05 m)
[hdl_localization_node-13] [INFO] [1790453662.728789487] [sim_ndt]: Metrics -> Error: 0.000780502 (RMSE ~0.0279375 m) | Time: 10 ms | CovTrace: 0.555219 | Converged: True
[hdl_localization_node-13] [INFO] [1790453662.916632491] [sim_ndt]: scan points: raw=1381 downsampled=1119 (leaf=0.05 m)
[hdl_localization_node-13] [INFO] [1790453662.952530522] [sim_ndt]: Metrics -> Error: 0.000784376 (RMSE ~0.0280067 m) | Time: 30 ms | CovTrace: 0.55522 | Converged: True
[hdl_localization_node-13] [INFO] [1790453663.124408543] [sim_ndt]: scan points: raw=1381 downsampled=1119 (leaf=0.05 m)
[hdl_localization_node-13] [INFO] [1790453663.136749056] [sim_ndt]: Metrics -> Error: 0.000781252 (RMSE ~0.0279509 m) | Time: 10 ms | CovTrace: 0.555221 | Converged: True
[trajectory_tracking_node-9] [WARN] [1790453663.161553314] [trajectory_tracking]: trajectory tracking stopped: no valid trajectory
[hdl_localization_node-13] [INFO] [1790453663.325296282] [sim_ndt]: scan points: raw=1381 downsampled=1119 (leaf=0.05 m)
[hdl_localization_node-13] [INFO] [1790453663.332693653] [sim_ndt]: Metrics -> Error: 0.000786364 (RMSE ~0.0280422 m) | Time: 0 ms | CovTrace: 0.555222 | Converged: True
[hdl_localization_node-13] [INFO] [1790453663.525463691] [sim_ndt]: scan points: raw=1381 downsampled=1119 (leaf=0.05 m)
[hdl_localization_node-13] [INFO] [1790453663.551549424] [sim_ndt]: Metrics -> Error: 0.000775181 (RMSE ~0.0278421 m) | Time: 10 ms | CovTrace: 0.555224 | Converged: True
[hdl_localization_node-13] [INFO] [1790453663.735104003] [sim_ndt]: scan points: raw=1381 downsampled=1119 (leaf=0.05 m)
[hdl_localization_node-13] [INFO] [1790453663.758611134] [sim_ndt]: Metrics -> Error: 0.000788297 (RMSE ~0.0280766 m) | Time: 20 ms | CovTrace: 0.555225 | Converged: True
[hdl_localization_node-13] [INFO] [1790453663.947095773] [sim_ndt]: scan points: raw=1381 downsampled=1119 (leaf=0.05 m)
[hdl_localization_node-13] [INFO] [1790453663.967098845] [sim_ndt]: Metrics -> Error: 0.000788603 (RMSE ~0.0280821 m) | Time: 10 ms | CovTrace: 0.555226 | Converged: True
[hdl_localization_node-13] [INFO] [1790453664.113893563] [sim_ndt]: scan points: raw=1381 downsampled=1119 (leaf=0.05 m)
[hdl_localization_node-13] [INFO] [1790453664.124385843] [sim_ndt]: Metrics -> Error: 0.00079417 (RMSE ~0.028181 m) | Time: 10 ms | CovTrace: 0.555227 | Converged: True
[hdl_localization_node-13] [INFO] [1790453664.311872247] [sim_ndt]: scan points: raw=1381 downsampled=1119 (leaf=0.05 m)
[hdl_localization_node-13] [INFO] [1790453664.322916800] [sim_ndt]: Metrics -> Error: 0.00079926 (RMSE ~0.0282712 m) | Time: 0 ms | CovTrace: 0.555228 | Converged: True
[hdl_localization_node-13] [INFO] [1790453664.515575789] [sim_ndt]: scan points: raw=1381 downsampled=1119 (leaf=0.05 m)
[hdl_localization_node-13] [INFO] [1790453664.530550779] [sim_ndt]: Metrics -> Error: 0.000801259 (RMSE ~0.0283065 m) | Time: 10 ms | CovTrace: 0.55523 | Converged: True
[hdl_localization_node-13] [INFO] [1790453664.707392070] [sim_ndt]: scan points: raw=1381 downsampled=1119 (leaf=0.05 m)
[hdl_localization_node-13] [INFO] [1790453664.715829621] [sim_ndt]: Metrics -> Error: 0.000793525 (RMSE ~0.0281696 m) | Time: 0 ms | CovTrace: 0.555231 | Converged: True
[hdl_localization_node-13] [INFO] [1790453664.910207202] [sim_ndt]: scan points: raw=1381 downsampled=1119 (leaf=0.05 m)
[hdl_localization_node-13] [INFO] [1790453664.937906283] [sim_ndt]: Metrics -> Error: 0.000792727 (RMSE ~0.0281554 m) | Time: 20 ms | CovTrace: 0.555232 | Converged: True
[hdl_localization_node-13] [INFO] [1790453665.115214922] [sim_ndt]: scan points: raw=1381 downsampled=1119 (leaf=0.05 m)
[hdl_localization_node-13] [INFO] [1790453665.121009972] [sim_ndt]: Metrics -> Error: 0.000796641 (RMSE ~0.0282248 m) | Time: 0 ms | CovTrace: 0.555233 | Converged: True
[hdl_localization_node-13] [INFO] [1790453665.327896162] [sim_ndt]: scan points: raw=1381 downsampled=1119 (leaf=0.05 m)
[hdl_localization_node-13] [INFO] [1790453665.335996265] [sim_ndt]: Metrics -> Error: 0.000794352 (RMSE ~0.0281843 m) | Time: 0 ms | CovTrace: 0.555234 | Converged: True
[trajectory_tracking_node-9] [WARN] [1790453665.356207893] [trajectory_tracking]: trajectory tracking stopped: no valid trajectory
[hdl_localization_node-13] [INFO] [1790453665.548662182] [sim_ndt]: scan points: raw=1381 downsampled=1119 (leaf=0.05 m)
[hdl_localization_node-13] [INFO] [1790453665.561615072] [sim_ndt]: Metrics -> Error: 0.000776959 (RMSE ~0.027874 m) | Time: 10 ms | CovTrace: 0.555236 | Converged: True
[hdl_localization_node-13] [INFO] [1790453665.717917432] [sim_ndt]: scan points: raw=1381 downsampled=1119 (leaf=0.05 m)
[hdl_localization_node-13] [INFO] [1790453665.723722331] [sim_ndt]: Metrics -> Error: 0.000782265 (RMSE ~0.027969 m) | Time: 0 ms | CovTrace: 0.555237 | Converged: True
[hdl_localization_node-13] [INFO] [1790453665.925446332] [sim_ndt]: scan points: raw=1381 downsampled=1119 (leaf=0.05 m)
[hdl_localization_node-13] [INFO] [1790453665.947578960] [sim_ndt]: Metrics -> Error: 0.000784859 (RMSE ~0.0280153 m) | Time: 20 ms | CovTrace: 0.555238 | Converged: True
[hdl_localization_node-13] [INFO] [1790453666.126376375] [sim_ndt]: scan points: raw=1381 downsampled=1119 (leaf=0.05 m)
[hdl_localization_node-13] [INFO] [1790453666.144333751] [sim_ndt]: Metrics -> Error: 0.000780776 (RMSE ~0.0279424 m) | Time: 10 ms | CovTrace: 0.555239 | Converged: True
[hdl_localization_node-13] [INFO] [1790453666.316354285] [sim_ndt]: scan points: raw=1381 downsampled=1119 (leaf=0.05 m)
[hdl_localization_node-13] [INFO] [1790453666.341680909] [sim_ndt]: Metrics -> Error: 0.000788277 (RMSE ~0.0280763 m) | Time: 10 ms | CovTrace: 0.55524 | Converged: True
[hdl_localization_node-13] [INFO] [1790453666.520085153] [sim_ndt]: scan points: raw=1381 downsampled=1119 (leaf=0.05 m)
[hdl_localization_node-13] [INFO] [1790453666.530632143] [sim_ndt]: Metrics -> Error: 0.000791607 (RMSE ~0.0281355 m) | Time: 10 ms | CovTrace: 0.555242 | Converged: True
[hdl_localization_node-13] [INFO] [1790453666.735204338] [sim_ndt]: scan points: raw=1381 downsampled=1119 (leaf=0.05 m)
[hdl_localization_node-13] [INFO] [1790453666.769702390] [sim_ndt]: Metrics -> Error: 0.000785532 (RMSE ~0.0280273 m) | Time: 30 ms | CovTrace: 0.555243 | Converged: True
[hdl_localization_node-13] [INFO] [1790453666.924418070] [sim_ndt]: scan points: raw=1381 downsampled=1119 (leaf=0.05 m)
[hdl_localization_node-13] [INFO] [1790453666.930543200] [sim_ndt]: Metrics -> Error: 0.000788482 (RMSE ~0.0280799 m) | Time: 0 ms | CovTrace: 0.555244 | Converged: True
[hdl_localization_node-13] [INFO] [1790453667.145142574] [sim_ndt]: scan points: raw=1381 downsampled=1119 (leaf=0.05 m)
[hdl_localization_node-13] [INFO] [1790453667.160672810] [sim_ndt]: Metrics -> Error: 0.000794168 (RMSE ~0.028181 m) | Time: 10 ms | CovTrace: 0.555245 | Converged: True
[hdl_localization_node-13] [WARN] [1790453667.167579569] [sim_ndt]: Point-LIO odometry unavailable or stale for /localization/odometry twist; publishing zero twist
[hdl_localization_node-13] [INFO] [1790453667.319235677] [sim_ndt]: scan points: raw=1381 downsampled=1119 (leaf=0.05 m)
[hdl_localization_node-13] [INFO] [1790453667.332429896] [sim_ndt]: Metrics -> Error: 0.00077845 (RMSE ~0.0279007 m) | Time: 0 ms | CovTrace: 0.555246 | Converged: True
[trajectory_tracking_node-9] [WARN] [1790453667.357303861] [trajectory_tracking]: trajectory tracking stopped: no valid trajectory
[hdl_localization_node-13] [INFO] [1790453667.527343821] [sim_ndt]: scan points: raw=1381 downsampled=1119 (leaf=0.05 m)
[hdl_localization_node-13] [INFO] [1790453667.541366444] [sim_ndt]: Metrics -> Error: 0.000784081 (RMSE ~0.0280014 m) | Time: 0 ms | CovTrace: 0.555248 | Converged: True
[hdl_localization_node-13] [INFO] [1790453667.761589527] [sim_ndt]: scan points: raw=1381 downsampled=1119 (leaf=0.05 m)
[hdl_localization_node-13] [INFO] [1790453667.777608542] [sim_ndt]: Metrics -> Error: 0.000785366 (RMSE ~0.0280244 m) | Time: 10 ms | CovTrace: 0.555249 | Converged: True
[hdl_localization_node-13] [INFO] [1790453667.936560558] [sim_ndt]: scan points: raw=1381 downsampled=1119 (leaf=0.05 m)
[hdl_localization_node-13] [INFO] [1790453667.954049296] [sim_ndt]: Metrics -> Error: 0.000787316 (RMSE ~0.0280592 m) | Time: 10 ms | CovTrace: 0.55525 | Converged: True
[hdl_localization_node-13] [INFO] [1790453668.134497535] [sim_ndt]: scan points: raw=1381 downsampled=1119 (leaf=0.05 m)
[hdl_localization_node-13] [INFO] [1790453668.160319423] [sim_ndt]: Metrics -> Error: 0.000790044 (RMSE ~0.0281077 m) | Time: 10 ms | CovTrace: 0.555251 | Converged: True
[hdl_localization_node-13] [INFO] [1790453668.336146829] [sim_ndt]: scan points: raw=1381 downsampled=1119 (leaf=0.05 m)
[hdl_localization_node-13] [INFO] [1790453668.364540897] [sim_ndt]: Metrics -> Error: 0.0007891 (RMSE ~0.0280909 m) | Time: 30 ms | CovTrace: 0.555252 | Converged: True
[hdl_localization_node-13] [INFO] [1790453668.532382675] [sim_ndt]: scan points: raw=1381 downsampled=1119 (leaf=0.05 m)
[hdl_localization_node-13] [INFO] [1790453668.538103392] [sim_ndt]: Metrics -> Error: 0.000789223 (RMSE ~0.0280931 m) | Time: 10 ms | CovTrace: 0.555254 | Converged: True
[hdl_localization_node-13] [INFO] [1790453668.732004348] [sim_ndt]: scan points: raw=1381 downsampled=1119 (leaf=0.05 m)
[hdl_localization_node-13] [INFO] [1790453668.755985282] [sim_ndt]: Metrics -> Error: 0.000790645 (RMSE ~0.0281184 m) | Time: 20 ms | CovTrace: 0.555255 | Converged: True
[hdl_localization_node-13] [INFO] [1790453668.927125205] [sim_ndt]: scan points: raw=1381 downsampled=1119 (leaf=0.05 m)
[hdl_localization_node-13] [INFO] [1790453668.940730954] [sim_ndt]: Metrics -> Error: 0.000784277 (RMSE ~0.0280049 m) | Time: 10 ms | CovTrace: 0.555256 | Converged: True
[hdl_localization_node-13] [INFO] [1790453669.165324261] [sim_ndt]: scan points: raw=1381 downsampled=1119 (leaf=0.05 m)
[hdl_localization_node-13] [INFO] [1790453669.175122485] [sim_ndt]: Metrics -> Error: 0.00078719 (RMSE ~0.0280569 m) | Time: 0 ms | CovTrace: 0.555257 | Converged: True
[hdl_localization_node-13] [INFO] [1790453669.374728307] [sim_ndt]: scan points: raw=1381 downsampled=1119 (leaf=0.05 m)
[hdl_localization_node-13] [INFO] [1790453669.396192418] [sim_ndt]: Metrics -> Error: 0.000778593 (RMSE ~0.0279033 m) | Time: 20 ms | CovTrace: 0.555258 | Converged: True
[trajectory_tracking_node-9] [WARN] [1790453669.405615372] [trajectory_tracking]: trajectory tracking stopped: no valid trajectory
[hdl_localization_node-13] [INFO] [1790453669.566208377] [sim_ndt]: scan points: raw=1381 downsampled=1119 (leaf=0.05 m)
[hdl_localization_node-13] [INFO] [1790453669.578912421] [sim_ndt]: Metrics -> Error: 0.000780645 (RMSE ~0.02794 m) | Time: 10 ms | CovTrace: 0.55526 | Converged: True
[hdl_localization_node-13] [INFO] [1790453669.747040845] [sim_ndt]: scan points: raw=1381 downsampled=1119 (leaf=0.05 m)
[hdl_localization_node-13] [INFO] [1790453669.762479814] [sim_ndt]: Metrics -> Error: 0.000786739 (RMSE ~0.0280489 m) | Time: 20 ms | CovTrace: 0.555261 | Converged: True
[hdl_localization_node-13] [INFO] [1790453669.936598738] [sim_ndt]: scan points: raw=1381 downsampled=1119 (leaf=0.05 m)
[hdl_localization_node-13] [INFO] [1790453669.962318851] [sim_ndt]: Metrics -> Error: 0.000793325 (RMSE ~0.028166 m) | Time: 10 ms | CovTrace: 0.555262 | Converged: True
[hdl_localization_node-13] [INFO] [1790453670.141701756] [sim_ndt]: scan points: raw=1381 downsampled=1119 (leaf=0.05 m)
[hdl_localization_node-13] [INFO] [1790453670.157359443] [sim_ndt]: Metrics -> Error: 0.000794293 (RMSE ~0.0281832 m) | Time: 10 ms | CovTrace: 0.555263 | Converged: True
[hdl_localization_node-13] [INFO] [1790453670.354781144] [sim_ndt]: scan points: raw=1381 downsampled=1119 (leaf=0.05 m)
[hdl_localization_node-13] [INFO] [1790453670.368265775] [sim_ndt]: Metrics -> Error: 0.000792574 (RMSE ~0.0281527 m) | Time: 0 ms | CovTrace: 0.555264 | Converged: True
[hdl_localization_node-13] [INFO] [1790453670.530090354] [sim_ndt]: scan points: raw=1381 downsampled=1119 (leaf=0.05 m)
[hdl_localization_node-13] [INFO] [1790453670.543591926] [sim_ndt]: Metrics -> Error: 0.0007931 (RMSE ~0.028162 m) | Time: 10 ms | CovTrace: 0.555266 | Converged: True
[hdl_localization_node-13] [INFO] [1790453670.760048545] [sim_ndt]: scan points: raw=1381 downsampled=1119 (leaf=0.05 m)
[hdl_localization_node-13] [INFO] [1790453670.769713574] [sim_ndt]: Metrics -> Error: 0.000793 (RMSE ~0.0281603 m) | Time: 10 ms | CovTrace: 0.555267 | Converged: True
[hdl_localization_node-13] [INFO] [1790453670.957380992] [sim_ndt]: scan points: raw=1381 downsampled=1119 (leaf=0.05 m)
[hdl_localization_node-13] [INFO] [1790453670.997986107] [sim_ndt]: Metrics -> Error: 0.00078856 (RMSE ~0.0280813 m) | Time: 30 ms | CovTrace: 0.555268 | Converged: True
[hdl_localization_node-13] [INFO] [1790453671.168334259] [sim_ndt]: scan points: raw=1381 downsampled=1119 (leaf=0.05 m)
[hdl_localization_node-13] [INFO] [1790453671.178717565] [sim_ndt]: Metrics -> Error: 0.000774348 (RMSE ~0.0278271 m) | Time: 0 ms | CovTrace: 0.555269 | Converged: True
[hdl_localization_node-13] [INFO] [1790453671.347649950] [sim_ndt]: scan points: raw=1381 downsampled=1119 (leaf=0.05 m)
[hdl_localization_node-13] [INFO] [1790453671.370962896] [sim_ndt]: Metrics -> Error: 0.000782737 (RMSE ~0.0279774 m) | Time: 10 ms | CovTrace: 0.55527 | Converged: True
[hdl_localization_node-13] [INFO] [1790453671.560761352] [sim_ndt]: scan points: raw=1381 downsampled=1119 (leaf=0.05 m)
[hdl_localization_node-13] [INFO] [1790453671.581295975] [sim_ndt]: Metrics -> Error: 0.000785576 (RMSE ~0.0280281 m) | Time: 20 ms | CovTrace: 0.555272 | Converged: True
[trajectory_tracking_node-9] [WARN] [1790453671.592537741] [trajectory_tracking]: trajectory tracking stopped: no valid trajectory
[hdl_localization_node-13] [INFO] [1790453671.734359550] [sim_ndt]: scan points: raw=1381 downsampled=1119 (leaf=0.05 m)
[hdl_localization_node-13] [INFO] [1790453671.754178476] [sim_ndt]: Metrics -> Error: 0.000787868 (RMSE ~0.028069 m) | Time: 10 ms | CovTrace: 0.555273 | Converged: True
[hdl_localization_node-13] [INFO] [1790453671.943530565] [sim_ndt]: scan points: raw=1381 downsampled=1119 (leaf=0.05 m)
[hdl_localization_node-13] [INFO] [1790453671.957692243] [sim_ndt]: Metrics -> Error: 0.000786481 (RMSE ~0.0280443 m) | Time: 10 ms | CovTrace: 0.555274 | Converged: True
[hdl_localization_node-13] [INFO] [1790453672.131803559] [sim_ndt]: scan points: raw=1381 downsampled=1119 (leaf=0.05 m)
[hdl_localization_node-13] [INFO] [1790453672.151912824] [sim_ndt]: Metrics -> Error: 0.000791402 (RMSE ~0.0281319 m) | Time: 20 ms | CovTrace: 0.555275 | Converged: True
[hdl_localization_node-13] [INFO] [1790453672.339201599] [sim_ndt]: scan points: raw=1381 downsampled=1119 (leaf=0.05 m)
[hdl_localization_node-13] [INFO] [1790453672.354679892] [sim_ndt]: Metrics -> Error: 0.000791445 (RMSE ~0.0281326 m) | Time: 10 ms | CovTrace: 0.555277 | Converged: True
[hdl_localization_node-13] [WARN] [1790453672.360916273] [sim_ndt]: Point-LIO odometry unavailable or stale for /localization/odometry twist; publishing zero twist
[hdl_localization_node-13] [INFO] [1790453672.543873062] [sim_ndt]: scan points: raw=1381 downsampled=1119 (leaf=0.05 m)
[hdl_localization_node-13] [INFO] [1790453672.571870839] [sim_ndt]: Metrics -> Error: 0.000791932 (RMSE ~0.0281413 m) | Time: 30 ms | CovTrace: 0.555278 | Converged: True
[hdl_localization_node-13] [INFO] [1790453672.730280089] [sim_ndt]: scan points: raw=1381 downsampled=1119 (leaf=0.05 m)
[hdl_localization_node-13] [INFO] [1790453672.743793602] [sim_ndt]: Metrics -> Error: 0.000790043 (RMSE ~0.0281077 m) | Time: 0 ms | CovTrace: 0.555279 | Converged: True
[hdl_localization_node-13] [INFO] [1790453672.946564130] [sim_ndt]: scan points: raw=1381 downsampled=1119 (leaf=0.05 m)
[hdl_localization_node-13] [INFO] [1790453672.959703076] [sim_ndt]: Metrics -> Error: 0.000791172 (RMSE ~0.0281278 m) | Time: 0 ms | CovTrace: 0.55528 | Converged: True
[hdl_localization_node-13] [INFO] [1790453673.133539610] [sim_ndt]: scan points: raw=1381 downsampled=1119 (leaf=0.05 m)
[hdl_localization_node-13] [INFO] [1790453673.147801847] [sim_ndt]: Metrics -> Error: 0.00079132 (RMSE ~0.0281304 m) | Time: 0 ms | CovTrace: 0.555281 | Converged: True
[hdl_localization_node-13] [INFO] [1790453673.336579553] [sim_ndt]: scan points: raw=1381 downsampled=1119 (leaf=0.05 m)
[hdl_localization_node-13] [INFO] [1790453673.341778398] [sim_ndt]: Metrics -> Error: 0.000794035 (RMSE ~0.0281786 m) | Time: 0 ms | CovTrace: 0.555283 | Converged: True
[hdl_localization_node-13] [INFO] [1790453673.549198590] [sim_ndt]: scan points: raw=1381 downsampled=1119 (leaf=0.05 m)
[hdl_localization_node-13] [INFO] [1790453673.572833775] [sim_ndt]: Metrics -> Error: 0.000787426 (RMSE ~0.0280611 m) | Time: 20 ms | CovTrace: 0.555284 | Converged: True
[hdl_localization_node-13] [INFO] [1790453673.748296965] [sim_ndt]: scan points: raw=1381 downsampled=1119 (leaf=0.05 m)
[hdl_localization_node-13] [INFO] [1790453673.769980204] [sim_ndt]: Metrics -> Error: 0.000778525 (RMSE ~0.0279021 m) | Time: 10 ms | CovTrace: 0.555285 | Converged: True
[trajectory_tracking_node-9] [WARN] [1790453673.783170185] [trajectory_tracking]: trajectory tracking stopped: no valid trajectory
[hdl_localization_node-13] [INFO] [1790453673.945963325] [sim_ndt]: scan points: raw=1381 downsampled=1119 (leaf=0.05 m)
[hdl_localization_node-13] [INFO] [1790453673.956787305] [sim_ndt]: Metrics -> Error: 0.000798736 (RMSE ~0.0282619 m) | Time: 10 ms | CovTrace: 0.555286 | Converged: True
[hdl_localization_node-13] [INFO] [1790453674.137673615] [sim_ndt]: scan points: raw=1381 downsampled=1119 (leaf=0.05 m)
[hdl_localization_node-13] [INFO] [1790453674.153526038] [sim_ndt]: Metrics -> Error: 0.000796372 (RMSE ~0.0282201 m) | Time: 0 ms | CovTrace: 0.555287 | Converged: True
[hdl_localization_node-13] [INFO] [1790453674.330369338] [sim_ndt]: scan points: raw=1381 downsampled=1119 (leaf=0.05 m)
[hdl_localization_node-13] [INFO] [1790453674.360583950] [sim_ndt]: Metrics -> Error: 0.000796726 (RMSE ~0.0282263 m) | Time: 20 ms | CovTrace: 0.555289 | Converged: True
[hdl_localization_node-13] [INFO] [1790453674.547770932] [sim_ndt]: scan points: raw=1381 downsampled=1119 (leaf=0.05 m)
[hdl_localization_node-13] [INFO] [1790453674.557991295] [sim_ndt]: Metrics -> Error: 0.000778277 (RMSE ~0.0278976 m) | Time: 10 ms | CovTrace: 0.55529 | Converged: True
[hdl_localization_node-13] [INFO] [1790453674.744211728] [sim_ndt]: scan points: raw=1381 downsampled=1119 (leaf=0.05 m)
[hdl_localization_node-13] [INFO] [1790453674.771565776] [sim_ndt]: Metrics -> Error: 0.00078351 (RMSE ~0.0279912 m) | Time: 20 ms | CovTrace: 0.555291 | Converged: True
[hdl_localization_node-13] [INFO] [1790453674.960904478] [sim_ndt]: scan points: raw=1381 downsampled=1119 (leaf=0.05 m)
[hdl_localization_node-13] [INFO] [1790453674.974927525] [sim_ndt]: Metrics -> Error: 0.000779388 (RMSE ~0.0279175 m) | Time: 10 ms | CovTrace: 0.555292 | Converged: True
[hdl_localization_node-13] [INFO] [1790453675.140486315] [sim_ndt]: scan points: raw=1381 downsampled=1119 (leaf=0.05 m)
[hdl_localization_node-13] [INFO] [1790453675.146480838] [sim_ndt]: Metrics -> Error: 0.000779647 (RMSE ~0.0279222 m) | Time: 10 ms | CovTrace: 0.555293 | Converged: True
[hdl_localization_node-13] [INFO] [1790453675.341849261] [sim_ndt]: scan points: raw=1381 downsampled=1119 (leaf=0.05 m)
[hdl_localization_node-13] [INFO] [1790453675.366241613] [sim_ndt]: Metrics -> Error: 0.000788319 (RMSE ~0.028077 m) | Time: 20 ms | CovTrace: 0.555295 | Converged: True
[hdl_localization_node-13] [INFO] [1790453675.549697831] [sim_ndt]: scan points: raw=1381 downsampled=1119 (leaf=0.05 m)
[hdl_localization_node-13] [INFO] [1790453675.569436309] [sim_ndt]: Metrics -> Error: 0.00078517 (RMSE ~0.0280209 m) | Time: 10 ms | CovTrace: 0.555296 | Converged: True
[hdl_localization_node-13] [INFO] [1790453675.740089818] [sim_ndt]: scan points: raw=1381 downsampled=1119 (leaf=0.05 m)
[hdl_localization_node-13] [INFO] [1790453675.754819650] [sim_ndt]: Metrics -> Error: 0.000782388 (RMSE ~0.0279712 m) | Time: 0 ms | CovTrace: 0.555297 | Converged: True
[hdl_localization_node-13] [INFO] [1790453675.945837085] [sim_ndt]: scan points: raw=1381 downsampled=1119 (leaf=0.05 m)
[hdl_localization_node-13] [INFO] [1790453675.964788028] [sim_ndt]: Metrics -> Error: 0.000787753 (RMSE ~0.0280669 m) | Time: 10 ms | CovTrace: 0.555298 | Converged: True
[trajectory_tracking_node-9] [WARN] [1790453675.979071435] [trajectory_tracking]: trajectory tracking stopped: no valid trajectory
[hdl_localization_node-13] [INFO] [1790453676.136850725] [sim_ndt]: scan points: raw=1381 downsampled=1119 (leaf=0.05 m)
[hdl_localization_node-13] [INFO] [1790453676.153783813] [sim_ndt]: Metrics -> Error: 0.00078908 (RMSE ~0.0280906 m) | Time: 10 ms | CovTrace: 0.555299 | Converged: True
[hdl_localization_node-13] [INFO] [1790453676.350886232] [sim_ndt]: scan points: raw=1381 downsampled=1119 (leaf=0.05 m)
[hdl_localization_node-13] [INFO] [1790453676.358513162] [sim_ndt]: Metrics -> Error: 0.000790798 (RMSE ~0.0281211 m) | Time: 0 ms | CovTrace: 0.555301 | Converged: True
[hdl_localization_node-13] [INFO] [1790453676.535180673] [sim_ndt]: scan points: raw=1381 downsampled=1119 (leaf=0.05 m)
[hdl_localization_node-13] [INFO] [1790453676.556405432] [sim_ndt]: Metrics -> Error: 0.000789076 (RMSE ~0.0280905 m) | Time: 0 ms | CovTrace: 0.555302 | Converged: True
[hdl_localization_node-13] [INFO] [1790453676.755220373] [sim_ndt]: scan points: raw=1381 downsampled=1119 (leaf=0.05 m)
[hdl_localization_node-13] [INFO] [1790453676.762361448] [sim_ndt]: Metrics -> Error: 0.000789271 (RMSE ~0.028094 m) | Time: 0 ms | CovTrace: 0.555303 | Converged: True
[hdl_localization_node-13] [INFO] [1790453676.945514973] [sim_ndt]: scan points: raw=1381 downsampled=1119 (leaf=0.05 m)
[hdl_localization_node-13] [INFO] [1790453676.968187502] [sim_ndt]: Metrics -> Error: 0.000786703 (RMSE ~0.0280482 m) | Time: 0 ms | CovTrace: 0.555304 | Converged: True
[hdl_localization_node-13] [INFO] [1790453677.139107314] [sim_ndt]: scan points: raw=1381 downsampled=1119 (leaf=0.05 m)
[hdl_localization_node-13] [INFO] [1790453677.171120903] [sim_ndt]: Metrics -> Error: 0.000793206 (RMSE ~0.0281639 m) | Time: 20 ms | CovTrace: 0.555305 | Converged: True
[hdl_localization_node-13] [INFO] [1790453677.358459664] [sim_ndt]: scan points: raw=1381 downsampled=1119 (leaf=0.05 m)
[hdl_localization_node-13] [INFO] [1790453677.366000303] [sim_ndt]: Metrics -> Error: 0.000794042 (RMSE ~0.0281788 m) | Time: 0 ms | CovTrace: 0.555307 | Converged: True
[hdl_localization_node-13] [WARN] [1790453677.368992240] [sim_ndt]: Point-LIO odometry unavailable or stale for /localization/odometry twist; publishing zero twist
[hdl_localization_node-13] [INFO] [1790453677.536884523] [sim_ndt]: scan points: raw=1381 downsampled=1119 (leaf=0.05 m)
[hdl_localization_node-13] [INFO] [1790453677.556429799] [sim_ndt]: Metrics -> Error: 0.000785988 (RMSE ~0.0280355 m) | Time: 0 ms | CovTrace: 0.555308 | Converged: True
[hdl_localization_node-13] [INFO] [1790453677.735934699] [sim_ndt]: scan points: raw=1381 downsampled=1119 (leaf=0.05 m)
[hdl_localization_node-13] [INFO] [1790453677.746405575] [sim_ndt]: Metrics -> Error: 0.00079217 (RMSE ~0.0281455 m) | Time: 0 ms | CovTrace: 0.555309 | Converged: True
[hdl_localization_node-13] [INFO] [1790453677.941881581] [sim_ndt]: scan points: raw=1381 downsampled=1119 (leaf=0.05 m)
[hdl_localization_node-13] [INFO] [1790453677.959789778] [sim_ndt]: Metrics -> Error: 0.000790393 (RMSE ~0.0281139 m) | Time: 20 ms | CovTrace: 0.55531 | Converged: True
[hdl_localization_node-13] [INFO] [1790453678.143570914] [sim_ndt]: scan points: raw=1381 downsampled=1119 (leaf=0.05 m)
[hdl_localization_node-13] [INFO] [1790453678.161981074] [sim_ndt]: Metrics -> Error: 0.000790723 (RMSE ~0.0281198 m) | Time: 20 ms | CovTrace: 0.555312 | Converged: True
[trajectory_tracking_node-9] [WARN] [1790453678.175309725] [trajectory_tracking]: trajectory tracking stopped: no valid trajectory
[hdl_localization_node-13] [INFO] [1790453678.335676183] [sim_ndt]: scan points: raw=1381 downsampled=1119 (leaf=0.05 m)
[hdl_localization_node-13] [INFO] [1790453678.360946099] [sim_ndt]: Metrics -> Error: 0.000788234 (RMSE ~0.0280755 m) | Time: 0 ms | CovTrace: 0.555313 | Converged: True
[hdl_localization_node-13] [INFO] [1790453678.546471515] [sim_ndt]: scan points: raw=1381 downsampled=1119 (leaf=0.05 m)
[hdl_localization_node-13] [INFO] [1790453678.551505654] [sim_ndt]: Metrics -> Error: 0.000788435 (RMSE ~0.0280791 m) | Time: 0 ms | CovTrace: 0.555314 | Converged: True
[hdl_localization_node-13] [INFO] [1790453678.730639554] [sim_ndt]: scan points: raw=1381 downsampled=1119 (leaf=0.05 m)
[hdl_localization_node-13] [INFO] [1790453678.751950792] [sim_ndt]: Metrics -> Error: 0.000789477 (RMSE ~0.0280976 m) | Time: 10 ms | CovTrace: 0.555315 | Converged: True
[hdl_localization_node-13] [INFO] [1790453678.948539830] [sim_ndt]: scan points: raw=1381 downsampled=1119 (leaf=0.05 m)
[hdl_localization_node-13] [INFO] [1790453678.960311790] [sim_ndt]: Metrics -> Error: 0.000791932 (RMSE ~0.0281413 m) | Time: 10 ms | CovTrace: 0.555316 | Converged: True
[hdl_localization_node-13] [INFO] [1790453679.139638793] [sim_ndt]: scan points: raw=1381 downsampled=1119 (leaf=0.05 m)
[hdl_localization_node-13] [INFO] [1790453679.157656391] [sim_ndt]: Metrics -> Error: 0.000786643 (RMSE ~0.0280472 m) | Time: 10 ms | CovTrace: 0.555318 | Converged: True
[hdl_localization_node-13] [INFO] [1790453679.330568680] [sim_ndt]: scan points: raw=1381 downsampled=1119 (leaf=0.05 m)
[hdl_localization_node-13] [INFO] [1790453679.350692994] [sim_ndt]: Metrics -> Error: 0.000777651 (RMSE ~0.0278864 m) | Time: 20 ms | CovTrace: 0.555319 | Converged: True
[hdl_localization_node-13] [INFO] [1790453679.552019781] [sim_ndt]: scan points: raw=1381 downsampled=1119 (leaf=0.05 m)
[hdl_localization_node-13] [INFO] [1790453679.558156064] [sim_ndt]: Metrics -> Error: 0.000781886 (RMSE ~0.0279622 m) | Time: 10 ms | CovTrace: 0.55532 | Converged: True
[hdl_localization_node-13] [INFO] [1790453679.745566177] [sim_ndt]: scan points: raw=1381 downsampled=1119 (leaf=0.05 m)
[hdl_localization_node-13] [INFO] [1790453679.751946204] [sim_ndt]: Metrics -> Error: 0.000783961 (RMSE ~0.0279993 m) | Time: 0 ms | CovTrace: 0.555321 | Converged: True
[hdl_localization_node-13] [INFO] [1790453679.937306854] [sim_ndt]: scan points: raw=1381 downsampled=1119 (leaf=0.05 m)
[hdl_localization_node-13] [INFO] [1790453679.974191189] [sim_ndt]: Metrics -> Error: 0.000790989 (RMSE ~0.0281245 m) | Time: 30 ms | CovTrace: 0.555322 | Converged: True
[hdl_localization_node-13] [INFO] [1790453680.131508852] [sim_ndt]: scan points: raw=1381 downsampled=1119 (leaf=0.05 m)
[hdl_localization_node-13] [INFO] [1790453680.143489078] [sim_ndt]: Metrics -> Error: 0.00079219 (RMSE ~0.0281459 m) | Time: 10 ms | CovTrace: 0.555324 | Converged: True
[hdl_localization_node-13] [INFO] [1790453680.335937947] [sim_ndt]: scan points: raw=1381 downsampled=1119 (leaf=0.05 m)
[hdl_localization_node-13] [INFO] [1790453680.366500525] [sim_ndt]: Metrics -> Error: 0.000793606 (RMSE ~0.028171 m) | Time: 20 ms | CovTrace: 0.555325 | Converged: True
[trajectory_tracking_node-9] [WARN] [1790453680.373801349] [trajectory_tracking]: trajectory tracking stopped: no valid trajectory
[hdl_localization_node-13] [INFO] [1790453680.538831959] [sim_ndt]: scan points: raw=1381 downsampled=1119 (leaf=0.05 m)
[hdl_localization_node-13] [INFO] [1790453680.567060372] [sim_ndt]: Metrics -> Error: 0.000794536 (RMSE ~0.0281875 m) | Time: 20 ms | CovTrace: 0.555326 | Converged: True
[hdl_localization_node-13] [INFO] [1790453680.736510122] [sim_ndt]: scan points: raw=1381 downsampled=1119 (leaf=0.05 m)
[hdl_localization_node-13] [INFO] [1790453680.745295515] [sim_ndt]: Metrics -> Error: 0.000795251 (RMSE ~0.0282002 m) | Time: 0 ms | CovTrace: 0.555327 | Converged: True
[hdl_localization_node-13] [INFO] [1790453680.997936496] [sim_ndt]: scan points: raw=1381 downsampled=1119 (leaf=0.05 m)
[hdl_localization_node-13] [INFO] [1790453681.030588575] [sim_ndt]: Metrics -> Error: 0.000799809 (RMSE ~0.0282809 m) | Time: 30 ms | CovTrace: 0.555328 | Converged: True
[hdl_localization_node-13] [INFO] [1790453681.162645129] [sim_ndt]: scan points: raw=1381 downsampled=1119 (leaf=0.05 m)
[hdl_localization_node-13] [INFO] [1790453681.180378184] [sim_ndt]: Metrics -> Error: 0.000798592 (RMSE ~0.0282594 m) | Time: 10 ms | CovTrace: 0.55533 | Converged: True
[hdl_localization_node-13] [INFO] [1790453681.361708335] [sim_ndt]: scan points: raw=1381 downsampled=1119 (leaf=0.05 m)
[hdl_localization_node-13] [INFO] [1790453681.387999314] [sim_ndt]: Metrics -> Error: 0.000791923 (RMSE ~0.0281411 m) | Time: 20 ms | CovTrace: 0.555331 | Converged: True
[hdl_localization_node-13] [INFO] [1790453681.544554615] [sim_ndt]: scan points: raw=1381 downsampled=1119 (leaf=0.05 m)
[hdl_localization_node-13] [INFO] [1790453681.556636398] [sim_ndt]: Metrics -> Error: 0.000788337 (RMSE ~0.0280773 m) | Time: 0 ms | CovTrace: 0.555332 | Converged: True
[hdl_localization_node-13] [INFO] [1790453681.756236671] [sim_ndt]: scan points: raw=1381 downsampled=1119 (leaf=0.05 m)
[hdl_localization_node-13] [INFO] [1790453681.777279453] [sim_ndt]: Metrics -> Error: 0.000795341 (RMSE ~0.0282018 m) | Time: 10 ms | CovTrace: 0.555333 | Converged: True
[hdl_localization_node-13] [INFO] [1790453681.952537543] [sim_ndt]: scan points: raw=1381 downsampled=1119 (leaf=0.05 m)
[hdl_localization_node-13] [INFO] [1790453681.971124980] [sim_ndt]: Metrics -> Error: 0.000775759 (RMSE ~0.0278524 m) | Time: 20 ms | CovTrace: 0.555334 | Converged: True
[hdl_localization_node-13] [INFO] [1790453682.131733512] [sim_ndt]: scan points: raw=1381 downsampled=1119 (leaf=0.05 m)
[hdl_localization_node-13] [INFO] [1790453682.141516180] [sim_ndt]: Metrics -> Error: 0.000783048 (RMSE ~0.027983 m) | Time: 10 ms | CovTrace: 0.555336 | Converged: True
[hdl_localization_node-13] [INFO] [1790453682.344468990] [sim_ndt]: scan points: raw=1381 downsampled=1119 (leaf=0.05 m)
[hdl_localization_node-13] [INFO] [1790453682.385451938] [sim_ndt]: Metrics -> Error: 0.000788648 (RMSE ~0.0280829 m) | Time: 40 ms | CovTrace: 0.555337 | Converged: True
[hdl_localization_node-13] [WARN] [1790453682.393532361] [sim_ndt]: Point-LIO odometry unavailable or stale for /localization/odometry twist; publishing zero twist
[trajectory_tracking_node-9] [WARN] [1790453682.405672696] [trajectory_tracking]: trajectory tracking stopped: no valid trajectory
[hdl_localization_node-13] [INFO] [1790453682.552672754] [sim_ndt]: scan points: raw=1381 downsampled=1119 (leaf=0.05 m)
[hdl_localization_node-13] [INFO] [1790453682.574250533] [sim_ndt]: Metrics -> Error: 0.000787165 (RMSE ~0.0280565 m) | Time: 20 ms | CovTrace: 0.555338 | Converged: True
[hdl_localization_node-13] [INFO] [1790453682.751616161] [sim_ndt]: scan points: raw=1381 downsampled=1119 (leaf=0.05 m)
[hdl_localization_node-13] [INFO] [1790453682.766705644] [sim_ndt]: Metrics -> Error: 0.000787171 (RMSE ~0.0280566 m) | Time: 10 ms | CovTrace: 0.555339 | Converged: True
[hdl_localization_node-13] [INFO] [1790453682.941045673] [sim_ndt]: scan points: raw=1381 downsampled=1119 (leaf=0.05 m)
[hdl_localization_node-13] [INFO] [1790453682.955920061] [sim_ndt]: Metrics -> Error: 0.00079144 (RMSE ~0.0281325 m) | Time: 20 ms | CovTrace: 0.55534 | Converged: True
[hdl_localization_node-13] [INFO] [1790453683.145581620] [sim_ndt]: scan points: raw=1381 downsampled=1119 (leaf=0.05 m)
[hdl_localization_node-13] [INFO] [1790453683.161439645] [sim_ndt]: Metrics -> Error: 0.000783657 (RMSE ~0.0279939 m) | Time: 10 ms | CovTrace: 0.555342 | Converged: True
[hdl_localization_node-13] [INFO] [1790453683.341020614] [sim_ndt]: scan points: raw=1381 downsampled=1119 (leaf=0.05 m)
[hdl_localization_node-13] [INFO] [1790453683.376385602] [sim_ndt]: Metrics -> Error: 0.000789166 (RMSE ~0.0280921 m) | Time: 30 ms | CovTrace: 0.555343 | Converged: True
[hdl_localization_node-13] [INFO] [1790453683.531733286] [sim_ndt]: scan points: raw=1381 downsampled=1119 (leaf=0.05 m)
[hdl_localization_node-13] [INFO] [1790453683.549811565] [sim_ndt]: Metrics -> Error: 0.000787953 (RMSE ~0.0280705 m) | Time: 20 ms | CovTrace: 0.555344 | Converged: True
[hdl_localization_node-13] [INFO] [1790453683.753987209] [sim_ndt]: scan points: raw=1381 downsampled=1119 (leaf=0.05 m)
[hdl_localization_node-13] [INFO] [1790453683.772723191] [sim_ndt]: Metrics -> Error: 0.000784415 (RMSE ~0.0280074 m) | Time: 10 ms | CovTrace: 0.555345 | Converged: True
[hdl_localization_node-13] [INFO] [1790453683.964709291] [sim_ndt]: scan points: raw=1381 downsampled=1119 (leaf=0.05 m)
[hdl_localization_node-13] [INFO] [1790453683.997655408] [sim_ndt]: Metrics -> Error: 0.000778397 (RMSE ~0.0278998 m) | Time: 30 ms | CovTrace: 0.555347 | Converged: True
[hdl_localization_node-13] [INFO] [1790453684.160579608] [sim_ndt]: scan points: raw=1381 downsampled=1119 (leaf=0.05 m)
[hdl_localization_node-13] [INFO] [1790453684.180908623] [sim_ndt]: Metrics -> Error: 0.000780188 (RMSE ~0.0279318 m) | Time: 20 ms | CovTrace: 0.555348 | Converged: True
[hdl_localization_node-13] [INFO] [1790453684.353654395] [sim_ndt]: scan points: raw=1381 downsampled=1119 (leaf=0.05 m)
[hdl_localization_node-13] [INFO] [1790453684.374932768] [sim_ndt]: Metrics -> Error: 0.00078759 (RMSE ~0.028064 m) | Time: 20 ms | CovTrace: 0.555349 | Converged: True
[hdl_localization_node-13] [INFO] [1790453684.540776204] [sim_ndt]: scan points: raw=1381 downsampled=1119 (leaf=0.05 m)
[hdl_localization_node-13] [INFO] [1790453684.549144594] [sim_ndt]: Metrics -> Error: 0.000788103 (RMSE ~0.0280732 m) | Time: 10 ms | CovTrace: 0.55535 | Converged: True
[trajectory_tracking_node-9] [WARN] [1790453684.556895648] [trajectory_tracking]: trajectory tracking stopped: no valid trajectory
[hdl_localization_node-13] [INFO] [1790453684.750102455] [sim_ndt]: scan points: raw=1381 downsampled=1119 (leaf=0.05 m)
[hdl_localization_node-13] [INFO] [1790453684.765757636] [sim_ndt]: Metrics -> Error: 0.000780001 (RMSE ~0.0279285 m) | Time: 10 ms | CovTrace: 0.555351 | Converged: True
[hdl_localization_node-13] [INFO] [1790453684.942359684] [sim_ndt]: scan points: raw=1381 downsampled=1119 (leaf=0.05 m)
[hdl_localization_node-13] [INFO] [1790453684.961802824] [sim_ndt]: Metrics -> Error: 0.000781621 (RMSE ~0.0279575 m) | Time: 10 ms | CovTrace: 0.555353 | Converged: True
[hdl_localization_node-13] [INFO] [1790453685.143846088] [sim_ndt]: scan points: raw=1381 downsampled=1119 (leaf=0.05 m)
[hdl_localization_node-13] [INFO] [1790453685.160780016] [sim_ndt]: Metrics -> Error: 0.00078387 (RMSE ~0.0279977 m) | Time: 20 ms | CovTrace: 0.555354 | Converged: True
[hdl_localization_node-13] [INFO] [1790453685.341650416] [sim_ndt]: scan points: raw=1381 downsampled=1119 (leaf=0.05 m)
[hdl_localization_node-13] [INFO] [1790453685.354362610] [sim_ndt]: Metrics -> Error: 0.000784621 (RMSE ~0.0280111 m) | Time: 0 ms | CovTrace: 0.555355 | Converged: True
[hdl_localization_node-13] [INFO] [1790453685.555061778] [sim_ndt]: scan points: raw=1381 downsampled=1119 (leaf=0.05 m)
[hdl_localization_node-13] [INFO] [1790453685.562149572] [sim_ndt]: Metrics -> Error: 0.000783464 (RMSE ~0.0279904 m) | Time: 0 ms | CovTrace: 0.555356 | Converged: True
[hdl_localization_node-13] [INFO] [1790453685.739620072] [sim_ndt]: scan points: raw=1381 downsampled=1119 (leaf=0.05 m)
[hdl_localization_node-13] [INFO] [1790453685.746341612] [sim_ndt]: Metrics -> Error: 0.000789796 (RMSE ~0.0281033 m) | Time: 0 ms | CovTrace: 0.555357 | Converged: True
[hdl_localization_node-13] [INFO] [1790453685.933118090] [sim_ndt]: scan points: raw=1381 downsampled=1119 (leaf=0.05 m)
[hdl_localization_node-13] [INFO] [1790453685.949063765] [sim_ndt]: Metrics -> Error: 0.000777332 (RMSE ~0.0278807 m) | Time: 20 ms | CovTrace: 0.555359 | Converged: True
[hdl_localization_node-13] [INFO] [1790453686.148120838] [sim_ndt]: scan points: raw=1381 downsampled=1119 (leaf=0.05 m)
[hdl_localization_node-13] [INFO] [1790453686.177112864] [sim_ndt]: Metrics -> Error: 0.000787109 (RMSE ~0.0280555 m) | Time: 30 ms | CovTrace: 0.55536 | Converged: True
[hdl_localization_node-13] [INFO] [1790453686.343539792] [sim_ndt]: scan points: raw=1381 downsampled=1119 (leaf=0.05 m)
[hdl_localization_node-13] [INFO] [1790453686.364311617] [sim_ndt]: Metrics -> Error: 0.000783612 (RMSE ~0.0279931 m) | Time: 20 ms | CovTrace: 0.555361 | Converged: True
[hdl_localization_node-13] [INFO] [1790453686.555305929] [sim_ndt]: scan points: raw=1381 downsampled=1119 (leaf=0.05 m)
[hdl_localization_node-13] [INFO] [1790453686.575134366] [sim_ndt]: Metrics -> Error: 0.000790147 (RMSE ~0.0281096 m) | Time: 10 ms | CovTrace: 0.555362 | Converged: True
[trajectory_tracking_node-9] [WARN] [1790453686.595345476] [trajectory_tracking]: trajectory tracking stopped: no valid trajectory
[hdl_localization_node-13] [INFO] [1790453686.755460155] [sim_ndt]: scan points: raw=1381 downsampled=1119 (leaf=0.05 m)
[hdl_localization_node-13] [INFO] [1790453686.772428864] [sim_ndt]: Metrics -> Error: 0.000790557 (RMSE ~0.0281168 m) | Time: 10 ms | CovTrace: 0.555363 | Converged: True
[hdl_localization_node-13] [INFO] [1790453686.940494357] [sim_ndt]: scan points: raw=1381 downsampled=1119 (leaf=0.05 m)
[hdl_localization_node-13] [INFO] [1790453686.955205000] [sim_ndt]: Metrics -> Error: 0.000781008 (RMSE ~0.0279465 m) | Time: 10 ms | CovTrace: 0.555365 | Converged: True
[hdl_localization_node-13] [INFO] [1790453687.154091324] [sim_ndt]: scan points: raw=1381 downsampled=1119 (leaf=0.05 m)
[hdl_localization_node-13] [INFO] [1790453687.174429874] [sim_ndt]: Metrics -> Error: 0.000784321 (RMSE ~0.0280057 m) | Time: 20 ms | CovTrace: 0.555366 | Converged: True
[hdl_localization_node-13] [INFO] [1790453687.331304909] [sim_ndt]: scan points: raw=1381 downsampled=1119 (leaf=0.05 m)
[hdl_localization_node-13] [INFO] [1790453687.340573974] [sim_ndt]: Metrics -> Error: 0.000781993 (RMSE ~0.0279641 m) | Time: 10 ms | CovTrace: 0.555367 | Converged: True
[hdl_localization_node-13] [INFO] [1790453687.548570052] [sim_ndt]: scan points: raw=1381 downsampled=1119 (leaf=0.05 m)
[hdl_localization_node-13] [INFO] [1790453687.557920767] [sim_ndt]: Metrics -> Error: 0.000785208 (RMSE ~0.0280216 m) | Time: 0 ms | CovTrace: 0.555368 | Converged: True
[hdl_localization_node-13] [WARN] [1790453687.560577872] [sim_ndt]: Point-LIO odometry unavailable or stale for /localization/odometry twist; publishing zero twist
[hdl_localization_node-13] [INFO] [1790453687.746948306] [sim_ndt]: scan points: raw=1381 downsampled=1119 (leaf=0.05 m)
[hdl_localization_node-13] [INFO] [1790453687.760735206] [sim_ndt]: Metrics -> Error: 0.000791223 (RMSE ~0.0281287 m) | Time: 10 ms | CovTrace: 0.555369 | Converged: True
[hdl_localization_node-13] [INFO] [1790453687.937469430] [sim_ndt]: scan points: raw=1381 downsampled=1119 (leaf=0.05 m)
[hdl_localization_node-13] [INFO] [1790453687.959151134] [sim_ndt]: Metrics -> Error: 0.000780826 (RMSE ~0.0279433 m) | Time: 20 ms | CovTrace: 0.555371 | Converged: True
[hdl_localization_node-13] [INFO] [1790453688.129101320] [sim_ndt]: scan points: raw=1381 downsampled=1119 (leaf=0.05 m)
[hdl_localization_node-13] [INFO] [1790453688.139237258] [sim_ndt]: Metrics -> Error: 0.000788044 (RMSE ~0.0280721 m) | Time: 10 ms | CovTrace: 0.555372 | Converged: True
[hdl_localization_node-13] [INFO] [1790453688.353989887] [sim_ndt]: scan points: raw=1381 downsampled=1119 (leaf=0.05 m)
[hdl_localization_node-13] [INFO] [1790453688.361748310] [sim_ndt]: Metrics -> Error: 0.000773972 (RMSE ~0.0278203 m) | Time: 0 ms | CovTrace: 0.555373 | Converged: True
[hdl_localization_node-13] [INFO] [1790453688.543392844] [sim_ndt]: scan points: raw=1381 downsampled=1119 (leaf=0.05 m)
[hdl_localization_node-13] [INFO] [1790453688.560414140] [sim_ndt]: Metrics -> Error: 0.000780231 (RMSE ~0.0279326 m) | Time: 10 ms | CovTrace: 0.555374 | Converged: True
[hdl_localization_node-13] [INFO] [1790453688.742099105] [sim_ndt]: scan points: raw=1381 downsampled=1119 (leaf=0.05 m)
[hdl_localization_node-13] [INFO] [1790453688.762432982] [sim_ndt]: Metrics -> Error: 0.000795387 (RMSE ~0.0282026 m) | Time: 20 ms | CovTrace: 0.555376 | Converged: True
[trajectory_tracking_node-9] [WARN] [1790453688.768363095] [trajectory_tracking]: trajectory tracking stopped: no valid trajectory
[hdl_localization_node-13] [INFO] [1790453688.926029041] [sim_ndt]: scan points: raw=1381 downsampled=1119 (leaf=0.05 m)
[hdl_localization_node-13] [INFO] [1790453688.939143775] [sim_ndt]: Metrics -> Error: 0.000787079 (RMSE ~0.0280549 m) | Time: 0 ms | CovTrace: 0.555377 | Converged: True
[hdl_localization_node-13] [INFO] [1790453689.133321043] [sim_ndt]: scan points: raw=1381 downsampled=1119 (leaf=0.05 m)
[hdl_localization_node-13] [INFO] [1790453689.149172832] [sim_ndt]: Metrics -> Error: 0.000791732 (RMSE ~0.0281377 m) | Time: 10 ms | CovTrace: 0.555378 | Converged: True
[hdl_localization_node-13] [INFO] [1790453689.335844735] [sim_ndt]: scan points: raw=1381 downsampled=1119 (leaf=0.05 m)
[hdl_localization_node-13] [INFO] [1790453689.352511028] [sim_ndt]: Metrics -> Error: 0.00079536 (RMSE ~0.0282021 m) | Time: 0 ms | CovTrace: 0.555379 | Converged: True
[hdl_localization_node-13] [INFO] [1790453689.554163428] [sim_ndt]: scan points: raw=1381 downsampled=1119 (leaf=0.05 m)
[hdl_localization_node-13] [INFO] [1790453689.565657759] [sim_ndt]: Metrics -> Error: 0.00077796 (RMSE ~0.0278919 m) | Time: 10 ms | CovTrace: 0.55538 | Converged: True
[hdl_localization_node-13] [INFO] [1790453689.761184898] [sim_ndt]: scan points: raw=1381 downsampled=1119 (leaf=0.05 m)
[hdl_localization_node-13] [INFO] [1790453689.781876328] [sim_ndt]: Metrics -> Error: 0.000785908 (RMSE ~0.0280341 m) | Time: 20 ms | CovTrace: 0.555382 | Converged: True
[hdl_localization_node-13] [INFO] [1790453689.960808500] [sim_ndt]: scan points: raw=1381 downsampled=1119 (leaf=0.05 m)
[hdl_localization_node-13] [INFO] [1790453689.983724020] [sim_ndt]: Metrics -> Error: 0.000783317 (RMSE ~0.0279878 m) | Time: 10 ms | CovTrace: 0.555383 | Converged: True
[hdl_localization_node-13] [INFO] [1790453690.156344951] [sim_ndt]: scan points: raw=1381 downsampled=1119 (leaf=0.05 m)
[hdl_localization_node-13] [INFO] [1790453690.169565464] [sim_ndt]: Metrics -> Error: 0.000783855 (RMSE ~0.0279974 m) | Time: 10 ms | CovTrace: 0.555384 | Converged: True
[hdl_localization_node-13] [INFO] [1790453690.334680664] [sim_ndt]: scan points: raw=1381 downsampled=1119 (leaf=0.05 m)
[hdl_localization_node-13] [INFO] [1790453690.363111246] [sim_ndt]: Metrics -> Error: 0.000783926 (RMSE ~0.0279987 m) | Time: 20 ms | CovTrace: 0.555385 | Converged: True
[hdl_localization_node-13] [INFO] [1790453690.561474133] [sim_ndt]: scan points: raw=1381 downsampled=1119 (leaf=0.05 m)
[hdl_localization_node-13] [INFO] [1790453690.571936324] [sim_ndt]: Metrics -> Error: 0.000781436 (RMSE ~0.0279542 m) | Time: 10 ms | CovTrace: 0.555386 | Converged: True
[hdl_localization_node-13] [INFO] [1790453690.737736924] [sim_ndt]: scan points: raw=1381 downsampled=1119 (leaf=0.05 m)
[hdl_localization_node-13] [INFO] [1790453690.743991163] [sim_ndt]: Metrics -> Error: 0.000784786 (RMSE ~0.028014 m) | Time: 0 ms | CovTrace: 0.555388 | Converged: True
[hdl_localization_node-13] [INFO] [1790453690.958641538] [sim_ndt]: scan points: raw=1381 downsampled=1119 (leaf=0.05 m)
[hdl_localization_node-13] [INFO] [1790453690.984119198] [sim_ndt]: Metrics -> Error: 0.000793892 (RMSE ~0.0281761 m) | Time: 10 ms | CovTrace: 0.555389 | Converged: True
[trajectory_tracking_node-9] [WARN] [1790453690.997907713] [trajectory_tracking]: trajectory tracking stopped: no valid trajectory
[hdl_localization_node-13] [INFO] [1790453691.154756525] [sim_ndt]: scan points: raw=1381 downsampled=1119 (leaf=0.05 m)
[hdl_localization_node-13] [INFO] [1790453691.180263629] [sim_ndt]: Metrics -> Error: 0.000794503 (RMSE ~0.0281869 m) | Time: 10 ms | CovTrace: 0.55539 | Converged: True
[hdl_localization_node-13] [INFO] [1790453691.361227324] [sim_ndt]: scan points: raw=1381 downsampled=1119 (leaf=0.05 m)
[hdl_localization_node-13] [INFO] [1790453691.374922087] [sim_ndt]: Metrics -> Error: 0.000798531 (RMSE ~0.0282583 m) | Time: 10 ms | CovTrace: 0.555391 | Converged: True
[hdl_localization_node-13] [INFO] [1790453691.531085951] [sim_ndt]: scan points: raw=1381 downsampled=1119 (leaf=0.05 m)
[hdl_localization_node-13] [INFO] [1790453691.545401255] [sim_ndt]: Metrics -> Error: 0.000775964 (RMSE ~0.0278561 m) | Time: 10 ms | CovTrace: 0.555392 | Converged: True
[hdl_localization_node-13] [INFO] [1790453691.744122366] [sim_ndt]: scan points: raw=1381 downsampled=1119 (leaf=0.05 m)
[hdl_localization_node-13] [INFO] [1790453691.765648712] [sim_ndt]: Metrics -> Error: 0.000777884 (RMSE ~0.0278906 m) | Time: 10 ms | CovTrace: 0.555394 | Converged: True
[hdl_localization_node-13] [INFO] [1790453691.972204717] [sim_ndt]: scan points: raw=1381 downsampled=1119 (leaf=0.05 m)
[hdl_localization_node-13] [INFO] [1790453691.983295564] [sim_ndt]: Metrics -> Error: 0.000782815 (RMSE ~0.0279788 m) | Time: 10 ms | CovTrace: 0.555395 | Converged: True
[hdl_localization_node-13] [INFO] [1790453692.140970104] [sim_ndt]: scan points: raw=1381 downsampled=1119 (leaf=0.05 m)
[hdl_localization_node-13] [INFO] [1790453692.151547602] [sim_ndt]: Metrics -> Error: 0.000779021 (RMSE ~0.0279109 m) | Time: 10 ms | CovTrace: 0.555396 | Converged: True
[hdl_localization_node-13] [INFO] [1790453692.354897995] [sim_ndt]: scan points: raw=1381 downsampled=1119 (leaf=0.05 m)
[hdl_localization_node-13] [INFO] [1790453692.380075001] [sim_ndt]: Metrics -> Error: 0.000790549 (RMSE ~0.0281167 m) | Time: 10 ms | CovTrace: 0.555397 | Converged: True
[hdl_localization_node-13] [INFO] [1790453692.534418123] [sim_ndt]: scan points: raw=1381 downsampled=1119 (leaf=0.05 m)
[hdl_localization_node-13] [INFO] [1790453692.579945282] [sim_ndt]: Metrics -> Error: 0.00078505 (RMSE ~0.0280187 m) | Time: 40 ms | CovTrace: 0.555398 | Converged: True
[hdl_localization_node-13] [WARN] [1790453692.588534021] [sim_ndt]: Point-LIO odometry unavailable or stale for /localization/odometry twist; publishing zero twist
[hdl_localization_node-13] [INFO] [1790453692.759044585] [sim_ndt]: scan points: raw=1381 downsampled=1119 (leaf=0.05 m)
[hdl_localization_node-13] [INFO] [1790453692.773223987] [sim_ndt]: Metrics -> Error: 0.000786547 (RMSE ~0.0280455 m) | Time: 0 ms | CovTrace: 0.5554 | Converged: True
[hdl_localization_node-13] [INFO] [1790453692.938538599] [sim_ndt]: scan points: raw=1381 downsampled=1119 (leaf=0.05 m)
[hdl_localization_node-13] [INFO] [1790453692.952084375] [sim_ndt]: Metrics -> Error: 0.000799289 (RMSE ~0.0282717 m) | Time: 0 ms | CovTrace: 0.555401 | Converged: True
[hdl_localization_node-13] [INFO] [1790453693.166412348] [sim_ndt]: scan points: raw=1381 downsampled=1119 (leaf=0.05 m)
[hdl_localization_node-13] [INFO] [1790453693.174366036] [sim_ndt]: Metrics -> Error: 0.000786902 (RMSE ~0.0280518 m) | Time: 0 ms | CovTrace: 0.555402 | Converged: True
[trajectory_tracking_node-9] [WARN] [1790453693.184309380] [trajectory_tracking]: trajectory tracking stopped: no valid trajectory
[hdl_localization_node-13] [INFO] [1790453693.355554976] [sim_ndt]: scan points: raw=1381 downsampled=1119 (leaf=0.05 m)
[hdl_localization_node-13] [INFO] [1790453693.365480855] [sim_ndt]: Metrics -> Error: 0.000800127 (RMSE ~0.0282865 m) | Time: 10 ms | CovTrace: 0.555403 | Converged: True
[hdl_localization_node-13] [INFO] [1790453693.560965259] [sim_ndt]: scan points: raw=1381 downsampled=1119 (leaf=0.05 m)
[hdl_localization_node-13] [INFO] [1790453693.583340423] [sim_ndt]: Metrics -> Error: 0.000805128 (RMSE ~0.0283748 m) | Time: 20 ms | CovTrace: 0.555404 | Converged: True
[hdl_localization_node-13] [INFO] [1790453693.750395793] [sim_ndt]: scan points: raw=1381 downsampled=1119 (leaf=0.05 m)
[hdl_localization_node-13] [INFO] [1790453693.755238724] [sim_ndt]: Metrics -> Error: 0.000802379 (RMSE ~0.0283263 m) | Time: 0 ms | CovTrace: 0.555406 | Converged: True
[hdl_localization_node-13] [INFO] [1790453693.955819031] [sim_ndt]: scan points: raw=1381 downsampled=1119 (leaf=0.05 m)
[hdl_localization_node-13] [INFO] [1790453693.964251742] [sim_ndt]: Metrics -> Error: 0.000782512 (RMSE ~0.0279734 m) | Time: 10 ms | CovTrace: 0.555407 | Converged: True
[hdl_localization_node-13] [INFO] [1790453694.161429581] [sim_ndt]: scan points: raw=1381 downsampled=1119 (leaf=0.05 m)
[hdl_localization_node-13] [INFO] [1790453694.186527687] [sim_ndt]: Metrics -> Error: 0.000796165 (RMSE ~0.0282164 m) | Time: 10 ms | CovTrace: 0.555408 | Converged: True
[hdl_localization_node-13] [INFO] [1790453694.384033490] [sim_ndt]: scan points: raw=1381 downsampled=1119 (leaf=0.05 m)
[hdl_localization_node-13] [INFO] [1790453694.404385942] [sim_ndt]: Metrics -> Error: 0.000795807 (RMSE ~0.02821 m) | Time: 20 ms | CovTrace: 0.555409 | Converged: True
[hdl_localization_node-13] [INFO] [1790453694.572468016] [sim_ndt]: scan points: raw=1381 downsampled=1119 (leaf=0.05 m)
[hdl_localization_node-13] [INFO] [1790453694.583613765] [sim_ndt]: Metrics -> Error: 0.000798721 (RMSE ~0.0282617 m) | Time: 0 ms | CovTrace: 0.555411 | Converged: True
[hdl_localization_node-13] [INFO] [1790453694.758558379] [sim_ndt]: scan points: raw=1381 downsampled=1119 (leaf=0.05 m)
[hdl_localization_node-13] [INFO] [1790453694.784216292] [sim_ndt]: Metrics -> Error: 0.000782151 (RMSE ~0.027967 m) | Time: 10 ms | CovTrace: 0.555412 | Converged: True
[hdl_localization_node-13] [INFO] [1790453694.941067546] [sim_ndt]: scan points: raw=1381 downsampled=1119 (leaf=0.05 m)
[hdl_localization_node-13] [INFO] [1790453694.960689271] [sim_ndt]: Metrics -> Error: 0.000785354 (RMSE ~0.0280242 m) | Time: 10 ms | CovTrace: 0.555413 | Converged: True
[hdl_localization_node-13] [INFO] [1790453695.158106568] [sim_ndt]: scan points: raw=1381 downsampled=1119 (leaf=0.05 m)
[hdl_localization_node-13] [INFO] [1790453695.180817023] [sim_ndt]: Metrics -> Error: 0.000793864 (RMSE ~0.0281756 m) | Time: 10 ms | CovTrace: 0.555414 | Converged: True
[trajectory_tracking_node-9] [WARN] [1790453695.194465402] [trajectory_tracking]: trajectory tracking stopped: no valid trajectory
[hdl_localization_node-13] [INFO] [1790453695.371595539] [sim_ndt]: scan points: raw=1381 downsampled=1119 (leaf=0.05 m)
[hdl_localization_node-13] [INFO] [1790453695.398972653] [sim_ndt]: Metrics -> Error: 0.000792402 (RMSE ~0.0281496 m) | Time: 20 ms | CovTrace: 0.555415 | Converged: True
[hdl_localization_node-13] [INFO] [1790453695.554546645] [sim_ndt]: scan points: raw=1381 downsampled=1119 (leaf=0.05 m)
[hdl_localization_node-13] [INFO] [1790453695.573369906] [sim_ndt]: Metrics -> Error: 0.000788653 (RMSE ~0.028083 m) | Time: 10 ms | CovTrace: 0.555417 | Converged: True
[hdl_localization_node-13] [INFO] [1790453695.756688297] [sim_ndt]: scan points: raw=1381 downsampled=1119 (leaf=0.05 m)
[hdl_localization_node-13] [INFO] [1790453695.780014045] [sim_ndt]: Metrics -> Error: 0.000790628 (RMSE ~0.0281181 m) | Time: 20 ms | CovTrace: 0.555418 | Converged: True
[hdl_localization_node-13] [INFO] [1790453695.952610532] [sim_ndt]: scan points: raw=1381 downsampled=1119 (leaf=0.05 m)
[hdl_localization_node-13] [INFO] [1790453695.963808171] [sim_ndt]: Metrics -> Error: 0.000787504 (RMSE ~0.0280625 m) | Time: 10 ms | CovTrace: 0.555419 | Converged: True
[hdl_localization_node-13] [INFO] [1790453696.181888338] [sim_ndt]: scan points: raw=1381 downsampled=1119 (leaf=0.05 m)
[hdl_localization_node-13] [INFO] [1790453696.221220385] [sim_ndt]: Metrics -> Error: 0.000786122 (RMSE ~0.0280379 m) | Time: 20 ms | CovTrace: 0.55542 | Converged: True
[hdl_localization_node-13] [INFO] [1790453696.378039738] [sim_ndt]: scan points: raw=1381 downsampled=1119 (leaf=0.05 m)
[hdl_localization_node-13] [INFO] [1790453696.389595410] [sim_ndt]: Metrics -> Error: 0.000786115 (RMSE ~0.0280377 m) | Time: 0 ms | CovTrace: 0.555421 | Converged: True
[hdl_localization_node-13] [INFO] [1790453696.553735469] [sim_ndt]: scan points: raw=1381 downsampled=1119 (leaf=0.05 m)
[hdl_localization_node-13] [INFO] [1790453696.564364156] [sim_ndt]: Metrics -> Error: 0.000788759 (RMSE ~0.0280849 m) | Time: 10 ms | CovTrace: 0.555423 | Converged: True
[hdl_localization_node-13] [INFO] [1790453696.759888790] [sim_ndt]: scan points: raw=1381 downsampled=1119 (leaf=0.05 m)
[hdl_localization_node-13] [INFO] [1790453696.776863897] [sim_ndt]: Metrics -> Error: 0.000793426 (RMSE ~0.0281678 m) | Time: 10 ms | CovTrace: 0.555424 | Converged: True
[hdl_localization_node-13] [INFO] [1790453696.968434879] [sim_ndt]: scan points: raw=1381 downsampled=1119 (leaf=0.05 m)
[hdl_localization_node-13] [INFO] [1790453696.999192644] [sim_ndt]: Metrics -> Error: 0.000774459 (RMSE ~0.0278291 m) | Time: 20 ms | CovTrace: 0.555425 | Converged: True
[hdl_localization_node-13] [INFO] [1790453697.158763874] [sim_ndt]: scan points: raw=1381 downsampled=1119 (leaf=0.05 m)
[hdl_localization_node-13] [INFO] [1790453697.175916764] [sim_ndt]: Metrics -> Error: 0.000786642 (RMSE ~0.0280471 m) | Time: 10 ms | CovTrace: 0.555426 | Converged: True
[trajectory_tracking_node-9] [WARN] [1790453697.186831086] [trajectory_tracking]: trajectory tracking stopped: no valid trajectory
[hdl_localization_node-13] [INFO] [1790453697.356781163] [sim_ndt]: scan points: raw=1381 downsampled=1119 (leaf=0.05 m)
[hdl_localization_node-13] [INFO] [1790453697.370294990] [sim_ndt]: Metrics -> Error: 0.000793426 (RMSE ~0.0281678 m) | Time: 0 ms | CovTrace: 0.555427 | Converged: True
[hdl_localization_node-13] [INFO] [1790453697.555218877] [sim_ndt]: scan points: raw=1381 downsampled=1119 (leaf=0.05 m)
[hdl_localization_node-13] [INFO] [1790453697.571650482] [sim_ndt]: Metrics -> Error: 0.000795349 (RMSE ~0.0282019 m) | Time: 10 ms | CovTrace: 0.555429 | Converged: True
[hdl_localization_node-13] [INFO] [1790453697.761296624] [sim_ndt]: scan points: raw=1381 downsampled=1119 (leaf=0.05 m)
[hdl_localization_node-13] [INFO] [1790453697.789065537] [sim_ndt]: Metrics -> Error: 0.000793083 (RMSE ~0.0281617 m) | Time: 20 ms | CovTrace: 0.55543 | Converged: True
[hdl_localization_node-13] [WARN] [1790453697.799413132] [sim_ndt]: Point-LIO odometry unavailable or stale for /localization/odometry twist; publishing zero twist
[hdl_localization_node-13] [INFO] [1790453697.949309996] [sim_ndt]: scan points: raw=1381 downsampled=1119 (leaf=0.05 m)
[hdl_localization_node-13] [INFO] [1790453697.968406153] [sim_ndt]: Metrics -> Error: 0.000793767 (RMSE ~0.0281739 m) | Time: 10 ms | CovTrace: 0.555431 | Converged: True
[hdl_localization_node-13] [INFO] [1790453698.173620231] [sim_ndt]: scan points: raw=1381 downsampled=1119 (leaf=0.05 m)
[hdl_localization_node-13] [INFO] [1790453698.181578754] [sim_ndt]: Metrics -> Error: 0.000799745 (RMSE ~0.0282798 m) | Time: 10 ms | CovTrace: 0.555432 | Converged: True
[hdl_localization_node-13] [INFO] [1790453698.381776996] [sim_ndt]: scan points: raw=1381 downsampled=1119 (leaf=0.05 m)
[hdl_localization_node-13] [INFO] [1790453698.398812627] [sim_ndt]: Metrics -> Error: 0.000794359 (RMSE ~0.0281844 m) | Time: 10 ms | CovTrace: 0.555434 | Converged: True
[hdl_localization_node-13] [INFO] [1790453698.552723689] [sim_ndt]: scan points: raw=1381 downsampled=1119 (leaf=0.05 m)
[hdl_localization_node-13] [INFO] [1790453698.561620560] [sim_ndt]: Metrics -> Error: 0.000799364 (RMSE ~0.028273 m) | Time: 0 ms | CovTrace: 0.555435 | Converged: True
[hdl_localization_node-13] [INFO] [1790453698.759003161] [sim_ndt]: scan points: raw=1381 downsampled=1119 (leaf=0.05 m)
[hdl_localization_node-13] [INFO] [1790453698.770121891] [sim_ndt]: Metrics -> Error: 0.000777185 (RMSE ~0.027878 m) | Time: 10 ms | CovTrace: 0.555436 | Converged: True
[hdl_localization_node-13] [INFO] [1790453698.957102828] [sim_ndt]: scan points: raw=1381 downsampled=1119 (leaf=0.05 m)
[hdl_localization_node-13] [INFO] [1790453698.970685728] [sim_ndt]: Metrics -> Error: 0.000782231 (RMSE ~0.0279684 m) | Time: 20 ms | CovTrace: 0.555437 | Converged: True
[hdl_localization_node-13] [INFO] [1790453699.159818769] [sim_ndt]: scan points: raw=1381 downsampled=1119 (leaf=0.05 m)
[hdl_localization_node-13] [INFO] [1790453699.170892781] [sim_ndt]: Metrics -> Error: 0.000790241 (RMSE ~0.0281112 m) | Time: 0 ms | CovTrace: 0.555438 | Converged: True
[hdl_localization_node-13] [INFO] [1790453699.352584577] [sim_ndt]: scan points: raw=1381 downsampled=1119 (leaf=0.05 m)
[hdl_localization_node-13] [INFO] [1790453699.369816907] [sim_ndt]: Metrics -> Error: 0.000791183 (RMSE ~0.028128 m) | Time: 0 ms | CovTrace: 0.55544 | Converged: True
[trajectory_tracking_node-9] [WARN] [1790453699.380432694] [trajectory_tracking]: trajectory tracking stopped: no valid trajectory
[hdl_localization_node-13] [INFO] [1790453699.583657715] [sim_ndt]: scan points: raw=1381 downsampled=1119 (leaf=0.05 m)
[hdl_localization_node-13] [INFO] [1790453699.594835199] [sim_ndt]: Metrics -> Error: 0.00079234 (RMSE ~0.0281485 m) | Time: 10 ms | CovTrace: 0.555441 | Converged: True
[hdl_localization_node-13] [INFO] [1790453699.771850273] [sim_ndt]: scan points: raw=1381 downsampled=1119 (leaf=0.05 m)
[hdl_localization_node-13] [INFO] [1790453699.797970515] [sim_ndt]: Metrics -> Error: 0.000788581 (RMSE ~0.0280817 m) | Time: 20 ms | CovTrace: 0.555442 | Converged: True
[hdl_localization_node-13] [INFO] [1790453699.972550763] [sim_ndt]: scan points: raw=1381 downsampled=1119 (leaf=0.05 m)
[hdl_localization_node-13] [INFO] [1790453699.979696948] [sim_ndt]: Metrics -> Error: 0.000796932 (RMSE ~0.02823 m) | Time: 0 ms | CovTrace: 0.555443 | Converged: True
[hdl_localization_node-13] [INFO] [1790453700.168443038] [sim_ndt]: scan points: raw=1381 downsampled=1119 (leaf=0.05 m)
[hdl_localization_node-13] [INFO] [1790453700.178245999] [sim_ndt]: Metrics -> Error: 0.000791337 (RMSE ~0.0281307 m) | Time: 0 ms | CovTrace: 0.555445 | Converged: True
[hdl_localization_node-13] [INFO] [1790453700.362151486] [sim_ndt]: scan points: raw=1381 downsampled=1119 (leaf=0.05 m)
[hdl_localization_node-13] [INFO] [1790453700.386706829] [sim_ndt]: Metrics -> Error: 0.000804434 (RMSE ~0.0283626 m) | Time: 20 ms | CovTrace: 0.555446 | Converged: True
[hdl_localization_node-13] [INFO] [1790453700.556677260] [sim_ndt]: scan points: raw=1381 downsampled=1119 (leaf=0.05 m)
[hdl_localization_node-13] [INFO] [1790453700.567028817] [sim_ndt]: Metrics -> Error: 0.000792381 (RMSE ~0.0281493 m) | Time: 10 ms | CovTrace: 0.555447 | Converged: True
[hdl_localization_node-13] [INFO] [1790453700.783621859] [sim_ndt]: scan points: raw=1381 downsampled=1119 (leaf=0.05 m)
[hdl_localization_node-13] [INFO] [1790453700.797664196] [sim_ndt]: Metrics -> Error: 0.000791558 (RMSE ~0.0281346 m) | Time: 10 ms | CovTrace: 0.555448 | Converged: True
[hdl_localization_node-13] [INFO] [1790453700.954418168] [sim_ndt]: scan points: raw=1381 downsampled=1119 (leaf=0.05 m)
[hdl_localization_node-13] [INFO] [1790453700.983075838] [sim_ndt]: Metrics -> Error: 0.000805623 (RMSE ~0.0283835 m) | Time: 30 ms | CovTrace: 0.555449 | Converged: True
[hdl_localization_node-13] [INFO] [1790453701.203235863] [sim_ndt]: scan points: raw=1381 downsampled=1119 (leaf=0.05 m)
[hdl_localization_node-13] [INFO] [1790453701.214054632] [sim_ndt]: Metrics -> Error: 0.000783246 (RMSE ~0.0279865 m) | Time: 10 ms | CovTrace: 0.555451 | Converged: True
[hdl_localization_node-13] [INFO] [1790453701.377818296] [sim_ndt]: scan points: raw=1381 downsampled=1119 (leaf=0.05 m)
[hdl_localization_node-13] [INFO] [1790453701.402494920] [sim_ndt]: Metrics -> Error: 0.000793825 (RMSE ~0.0281749 m) | Time: 20 ms | CovTrace: 0.555452 | Converged: True
[trajectory_tracking_node-9] [WARN] [1790453701.415519654] [trajectory_tracking]: trajectory tracking stopped: no valid trajectory
[hdl_localization_node-13] [INFO] [1790453701.560625208] [sim_ndt]: scan points: raw=1381 downsampled=1119 (leaf=0.05 m)
[hdl_localization_node-13] [INFO] [1790453701.568597759] [sim_ndt]: Metrics -> Error: 0.000788395 (RMSE ~0.0280784 m) | Time: 0 ms | CovTrace: 0.555453 | Converged: True
[hdl_localization_node-13] [INFO] [1790453701.772322918] [sim_ndt]: scan points: raw=1381 downsampled=1119 (leaf=0.05 m)
[hdl_localization_node-13] [INFO] [1790453701.777113722] [sim_ndt]: Metrics -> Error: 0.000796977 (RMSE ~0.0282308 m) | Time: 0 ms | CovTrace: 0.555454 | Converged: True
[hdl_localization_node-13] [INFO] [1790453701.954643178] [sim_ndt]: scan points: raw=1381 downsampled=1119 (leaf=0.05 m)
[hdl_localization_node-13] [INFO] [1790453701.963815017] [sim_ndt]: Metrics -> Error: 0.000800063 (RMSE ~0.0282854 m) | Time: 0 ms | CovTrace: 0.555455 | Converged: True
[hdl_localization_node-13] [INFO] [1790453702.157753456] [sim_ndt]: scan points: raw=1381 downsampled=1119 (leaf=0.05 m)
[hdl_localization_node-13] [INFO] [1790453702.165426678] [sim_ndt]: Metrics -> Error: 0.000781551 (RMSE ~0.0279562 m) | Time: 0 ms | CovTrace: 0.555457 | Converged: True
[hdl_localization_node-13] [INFO] [1790453702.355196649] [sim_ndt]: scan points: raw=1381 downsampled=1119 (leaf=0.05 m)
[hdl_localization_node-13] [INFO] [1790453702.371372514] [sim_ndt]: Metrics -> Error: 0.000789271 (RMSE ~0.028094 m) | Time: 10 ms | CovTrace: 0.555458 | Converged: True
[hdl_localization_node-13] [INFO] [1790453702.553479465] [sim_ndt]: scan points: raw=1381 downsampled=1119 (leaf=0.05 m)
[hdl_localization_node-13] [INFO] [1790453702.566385809] [sim_ndt]: Metrics -> Error: 0.000795554 (RMSE ~0.0282056 m) | Time: 0 ms | CovTrace: 0.555459 | Converged: True
[hdl_localization_node-13] [INFO] [1790453702.743481597] [sim_ndt]: scan points: raw=1381 downsampled=1119 (leaf=0.05 m)
[hdl_localization_node-13] [INFO] [1790453702.753475999] [sim_ndt]: Metrics -> Error: 0.000794775 (RMSE ~0.0281917 m) | Time: 0 ms | CovTrace: 0.55546 | Converged: True
[hdl_localization_node-13] [INFO] [1790453702.973589798] [sim_ndt]: scan points: raw=1381 downsampled=1119 (leaf=0.05 m)
[hdl_localization_node-13] [INFO] [1790453702.983611120] [sim_ndt]: Metrics -> Error: 0.000788111 (RMSE ~0.0280733 m) | Time: 10 ms | CovTrace: 0.555461 | Converged: True
[hdl_localization_node-13] [WARN] [1790453702.986306785] [sim_ndt]: Point-LIO odometry unavailable or stale for /localization/odometry twist; publishing zero twist
[hdl_localization_node-13] [INFO] [1790453703.171600200] [sim_ndt]: scan points: raw=1381 downsampled=1119 (leaf=0.05 m)
[hdl_localization_node-13] [INFO] [1790453703.193457683] [sim_ndt]: Metrics -> Error: 0.000795046 (RMSE ~0.0281966 m) | Time: 20 ms | CovTrace: 0.555463 | Converged: True
[hdl_localization_node-13] [INFO] [1790453703.384628976] [sim_ndt]: scan points: raw=1381 downsampled=1119 (leaf=0.05 m)
[hdl_localization_node-13] [INFO] [1790453703.398184421] [sim_ndt]: Metrics -> Error: 0.000797551 (RMSE ~0.0282409 m) | Time: 10 ms | CovTrace: 0.555464 | Converged: True
[hdl_localization_node-13] [INFO] [1790453703.545456547] [sim_ndt]: scan points: raw=1381 downsampled=1119 (leaf=0.05 m)
[hdl_localization_node-13] [INFO] [1790453703.565133546] [sim_ndt]: Metrics -> Error: 0.000780414 (RMSE ~0.0279359 m) | Time: 20 ms | CovTrace: 0.555465 | Converged: True
[trajectory_tracking_node-9] [WARN] [1790453703.578295761] [trajectory_tracking]: trajectory tracking stopped: no valid trajectory
[hdl_localization_node-13] [INFO] [1790453703.754717910] [sim_ndt]: scan points: raw=1381 downsampled=1119 (leaf=0.05 m)
[hdl_localization_node-13] [INFO] [1790453703.788294012] [sim_ndt]: Metrics -> Error: 0.000789989 (RMSE ~0.0281067 m) | Time: 30 ms | CovTrace: 0.555466 | Converged: True
[hdl_localization_node-13] [INFO] [1790453703.954142574] [sim_ndt]: scan points: raw=1381 downsampled=1119 (leaf=0.05 m)
[hdl_localization_node-13] [INFO] [1790453703.964742991] [sim_ndt]: Metrics -> Error: 0.000788043 (RMSE ~0.0280721 m) | Time: 10 ms | CovTrace: 0.555467 | Converged: True
[hdl_localization_node-13] [INFO] [1790453704.146136789] [sim_ndt]: scan points: raw=1381 downsampled=1119 (leaf=0.05 m)
[hdl_localization_node-13] [INFO] [1790453704.153819802] [sim_ndt]: Metrics -> Error: 0.000784119 (RMSE ~0.0280021 m) | Time: 0 ms | CovTrace: 0.555469 | Converged: True
[hdl_localization_node-13] [INFO] [1790453704.355449569] [sim_ndt]: scan points: raw=1381 downsampled=1119 (leaf=0.05 m)
[hdl_localization_node-13] [INFO] [1790453704.387351723] [sim_ndt]: Metrics -> Error: 0.000784649 (RMSE ~0.0280116 m) | Time: 30 ms | CovTrace: 0.55547 | Converged: True
[hdl_localization_node-13] [INFO] [1790453704.545109465] [sim_ndt]: scan points: raw=1381 downsampled=1119 (leaf=0.05 m)
[hdl_localization_node-13] [INFO] [1790453704.557848819] [sim_ndt]: Metrics -> Error: 0.000780762 (RMSE ~0.0279421 m) | Time: 0 ms | CovTrace: 0.555471 | Converged: True
[hdl_localization_node-13] [INFO] [1790453704.769408722] [sim_ndt]: scan points: raw=1381 downsampled=1119 (leaf=0.05 m)
[hdl_localization_node-13] [INFO] [1790453704.774458713] [sim_ndt]: Metrics -> Error: 0.000780461 (RMSE ~0.0279367 m) | Time: 0 ms | CovTrace: 0.555472 | Converged: True
[hdl_localization_node-13] [INFO] [1790453704.949830971] [sim_ndt]: scan points: raw=1381 downsampled=1119 (leaf=0.05 m)
[hdl_localization_node-13] [INFO] [1790453704.958133234] [sim_ndt]: Metrics -> Error: 0.000783619 (RMSE ~0.0279932 m) | Time: 0 ms | CovTrace: 0.555474 | Converged: True
[hdl_localization_node-13] [INFO] [1790453705.149623336] [sim_ndt]: scan points: raw=1381 downsampled=1119 (leaf=0.05 m)
[hdl_localization_node-13] [INFO] [1790453705.169412076] [sim_ndt]: Metrics -> Error: 0.000782969 (RMSE ~0.0279816 m) | Time: 20 ms | CovTrace: 0.555475 | Converged: True
[hdl_localization_node-13] [INFO] [1790453705.361749351] [sim_ndt]: scan points: raw=1381 downsampled=1119 (leaf=0.05 m)
[hdl_localization_node-13] [INFO] [1790453705.373911704] [sim_ndt]: Metrics -> Error: 0.000782047 (RMSE ~0.0279651 m) | Time: 10 ms | CovTrace: 0.555476 | Converged: True
[hdl_localization_node-13] [INFO] [1790453705.559713452] [sim_ndt]: scan points: raw=1381 downsampled=1119 (leaf=0.05 m)
[hdl_localization_node-13] [INFO] [1790453705.575520942] [sim_ndt]: Metrics -> Error: 0.000777562 (RMSE ~0.0278848 m) | Time: 10 ms | CovTrace: 0.555477 | Converged: True
[trajectory_tracking_node-9] [WARN] [1790453705.585524833] [trajectory_tracking]: trajectory tracking stopped: no valid trajectory
[hdl_localization_node-13] [INFO] [1790453705.751361541] [sim_ndt]: scan points: raw=1381 downsampled=1119 (leaf=0.05 m)
[hdl_localization_node-13] [INFO] [1790453705.760858037] [sim_ndt]: Metrics -> Error: 0.000783705 (RMSE ~0.0279947 m) | Time: 10 ms | CovTrace: 0.555479 | Converged: True
[hdl_localization_node-13] [INFO] [1790453705.948295208] [sim_ndt]: scan points: raw=1381 downsampled=1119 (leaf=0.05 m)
[hdl_localization_node-13] [INFO] [1790453705.963319338] [sim_ndt]: Metrics -> Error: 0.000783876 (RMSE ~0.0279978 m) | Time: 10 ms | CovTrace: 0.55548 | Converged: True
[hdl_localization_node-13] [INFO] [1790453706.165059877] [sim_ndt]: scan points: raw=1381 downsampled=1119 (leaf=0.05 m)
[hdl_localization_node-13] [INFO] [1790453706.179462663] [sim_ndt]: Metrics -> Error: 0.000789231 (RMSE ~0.0280933 m) | Time: 10 ms | CovTrace: 0.555481 | Converged: True
[hdl_localization_node-13] [INFO] [1790453706.353050610] [sim_ndt]: scan points: raw=1381 downsampled=1119 (leaf=0.05 m)
[hdl_localization_node-13] [INFO] [1790453706.359147677] [sim_ndt]: Metrics -> Error: 0.000791857 (RMSE ~0.0281399 m) | Time: 10 ms | CovTrace: 0.555482 | Converged: True
[hdl_localization_node-13] [INFO] [1790453706.564469025] [sim_ndt]: scan points: raw=1381 downsampled=1119 (leaf=0.05 m)
[hdl_localization_node-13] [INFO] [1790453706.573904301] [sim_ndt]: Metrics -> Error: 0.000774389 (RMSE ~0.0278278 m) | Time: 10 ms | CovTrace: 0.555483 | Converged: True
[hdl_localization_node-13] [INFO] [1790453706.760289577] [sim_ndt]: scan points: raw=1381 downsampled=1119 (leaf=0.05 m)
[hdl_localization_node-13] [INFO] [1790453706.780990410] [sim_ndt]: Metrics -> Error: 0.000781198 (RMSE ~0.0279499 m) | Time: 10 ms | CovTrace: 0.555484 | Converged: True
[hdl_localization_node-13] [INFO] [1790453706.965040849] [sim_ndt]: scan points: raw=1381 downsampled=1119 (leaf=0.05 m)
[hdl_localization_node-13] [INFO] [1790453706.987106354] [sim_ndt]: Metrics -> Error: 0.00078291 (RMSE ~0.0279805 m) | Time: 20 ms | CovTrace: 0.555486 | Converged: True
[hdl_localization_node-13] [INFO] [1790453707.178485473] [sim_ndt]: scan points: raw=1381 downsampled=1119 (leaf=0.05 m)
[hdl_localization_node-13] [INFO] [1790453707.184455702] [sim_ndt]: Metrics -> Error: 0.00078532 (RMSE ~0.0280236 m) | Time: 0 ms | CovTrace: 0.555487 | Converged: True
[hdl_localization_node-13] [INFO] [1790453707.356606378] [sim_ndt]: scan points: raw=1381 downsampled=1119 (leaf=0.05 m)
[hdl_localization_node-13] [INFO] [1790453707.365930707] [sim_ndt]: Metrics -> Error: 0.00078304 (RMSE ~0.0279828 m) | Time: 0 ms | CovTrace: 0.555488 | Converged: True
[hdl_localization_node-13] [INFO] [1790453707.558290713] [sim_ndt]: scan points: raw=1381 downsampled=1119 (leaf=0.05 m)
[hdl_localization_node-13] [INFO] [1790453707.573583819] [sim_ndt]: Metrics -> Error: 0.000787874 (RMSE ~0.0280691 m) | Time: 10 ms | CovTrace: 0.555489 | Converged: True
[trajectory_tracking_node-9] [WARN] [1790453707.581103738] [trajectory_tracking]: trajectory tracking stopped: no valid trajectory
[hdl_localization_node-13] [INFO] [1790453707.757747724] [sim_ndt]: scan points: raw=1381 downsampled=1119 (leaf=0.05 m)
[hdl_localization_node-13] [INFO] [1790453707.783116877] [sim_ndt]: Metrics -> Error: 0.000782177 (RMSE ~0.0279674 m) | Time: 30 ms | CovTrace: 0.55549 | Converged: True
[hdl_localization_node-13] [INFO] [1790453707.947075825] [sim_ndt]: scan points: raw=1381 downsampled=1119 (leaf=0.05 m)
[hdl_localization_node-13] [INFO] [1790453707.964740404] [sim_ndt]: Metrics -> Error: 0.000785721 (RMSE ~0.0280307 m) | Time: 20 ms | CovTrace: 0.555492 | Converged: True
[hdl_localization_node-13] [INFO] [1790453708.183088635] [sim_ndt]: scan points: raw=1381 downsampled=1119 (leaf=0.05 m)
[hdl_localization_node-13] [INFO] [1790453708.192161833] [sim_ndt]: Metrics -> Error: 0.000788457 (RMSE ~0.0280795 m) | Time: 10 ms | CovTrace: 0.555493 | Converged: True
[hdl_localization_node-13] [WARN] [1790453708.194466368] [sim_ndt]: Point-LIO odometry unavailable or stale for /localization/odometry twist; publishing zero twist
[hdl_localization_node-13] [INFO] [1790453708.361941205] [sim_ndt]: scan points: raw=1381 downsampled=1119 (leaf=0.05 m)
[hdl_localization_node-13] [INFO] [1790453708.380331534] [sim_ndt]: Metrics -> Error: 0.000790839 (RMSE ~0.0281219 m) | Time: 10 ms | CovTrace: 0.555494 | Converged: True
[hdl_localization_node-13] [INFO] [1790453708.558930828] [sim_ndt]: scan points: raw=1381 downsampled=1119 (leaf=0.05 m)
[hdl_localization_node-13] [INFO] [1790453708.570102597] [sim_ndt]: Metrics -> Error: 0.000787059 (RMSE ~0.0280546 m) | Time: 10 ms | CovTrace: 0.555495 | Converged: True
[hdl_localization_node-13] [INFO] [1790453708.758104005] [sim_ndt]: scan points: raw=1381 downsampled=1119 (leaf=0.05 m)
[hdl_localization_node-13] [INFO] [1790453708.771285947] [sim_ndt]: Metrics -> Error: 0.000785951 (RMSE ~0.0280348 m) | Time: 0 ms | CovTrace: 0.555497 | Converged: True
[hdl_localization_node-13] [INFO] [1790453708.960224019] [sim_ndt]: scan points: raw=1381 downsampled=1119 (leaf=0.05 m)
[hdl_localization_node-13] [INFO] [1790453708.972778030] [sim_ndt]: Metrics -> Error: 0.000788695 (RMSE ~0.0280837 m) | Time: 20 ms | CovTrace: 0.555498 | Converged: True
[hdl_localization_node-13] [INFO] [1790453709.161557402] [sim_ndt]: scan points: raw=1381 downsampled=1119 (leaf=0.05 m)
[hdl_localization_node-13] [INFO] [1790453709.185408125] [sim_ndt]: Metrics -> Error: 0.000788929 (RMSE ~0.0280879 m) | Time: 10 ms | CovTrace: 0.555499 | Converged: True
[hdl_localization_node-13] [INFO] [1790453709.348137879] [sim_ndt]: scan points: raw=1381 downsampled=1119 (leaf=0.05 m)
[hdl_localization_node-13] [INFO] [1790453709.362386091] [sim_ndt]: Metrics -> Error: 0.000778994 (RMSE ~0.0279105 m) | Time: 0 ms | CovTrace: 0.5555 | Converged: True
[hdl_localization_node-13] [INFO] [1790453709.565364041] [sim_ndt]: scan points: raw=1381 downsampled=1119 (leaf=0.05 m)
[hdl_localization_node-13] [INFO] [1790453709.581800280] [sim_ndt]: Metrics -> Error: 0.000788552 (RMSE ~0.0280812 m) | Time: 10 ms | CovTrace: 0.555501 | Converged: True
[trajectory_tracking_node-9] [WARN] [1790453709.602026016] [trajectory_tracking]: trajectory tracking stopped: no valid trajectory
[hdl_localization_node-13] [INFO] [1790453709.762151652] [sim_ndt]: scan points: raw=1381 downsampled=1119 (leaf=0.05 m)
[hdl_localization_node-13] [INFO] [1790453709.772346209] [sim_ndt]: Metrics -> Error: 0.00079182 (RMSE ~0.0281393 m) | Time: 10 ms | CovTrace: 0.555502 | Converged: True
[hdl_localization_node-13] [INFO] [1790453709.953453515] [sim_ndt]: scan points: raw=1381 downsampled=1119 (leaf=0.05 m)
[hdl_localization_node-13] [INFO] [1790453709.971102223] [sim_ndt]: Metrics -> Error: 0.000793259 (RMSE ~0.0281648 m) | Time: 10 ms | CovTrace: 0.555504 | Converged: True
[hdl_localization_node-13] [INFO] [1790453710.146807881] [sim_ndt]: scan points: raw=1381 downsampled=1119 (leaf=0.05 m)
[hdl_localization_node-13] [INFO] [1790453710.157940983] [sim_ndt]: Metrics -> Error: 0.000792395 (RMSE ~0.0281495 m) | Time: 0 ms | CovTrace: 0.555505 | Converged: True
[hdl_localization_node-13] [INFO] [1790453710.357584134] [sim_ndt]: scan points: raw=1381 downsampled=1119 (leaf=0.05 m)
[hdl_localization_node-13] [INFO] [1790453710.363583659] [sim_ndt]: Metrics -> Error: 0.000788444 (RMSE ~0.0280792 m) | Time: 10 ms | CovTrace: 0.555506 | Converged: True
[hdl_localization_node-13] [INFO] [1790453710.552693116] [sim_ndt]: scan points: raw=1381 downsampled=1119 (leaf=0.05 m)
[hdl_localization_node-13] [INFO] [1790453710.574517401] [sim_ndt]: Metrics -> Error: 0.000790578 (RMSE ~0.0281172 m) | Time: 20 ms | CovTrace: 0.555507 | Converged: True
[hdl_localization_node-13] [INFO] [1790453710.776000281] [sim_ndt]: scan points: raw=1381 downsampled=1119 (leaf=0.05 m)
[hdl_localization_node-13] [INFO] [1790453710.800807411] [sim_ndt]: Metrics -> Error: 0.000780242 (RMSE ~0.0279328 m) | Time: 10 ms | CovTrace: 0.555509 | Converged: True
[hdl_localization_node-13] [INFO] [1790453710.984449702] [sim_ndt]: scan points: raw=1381 downsampled=1119 (leaf=0.05 m)
[hdl_localization_node-13] [INFO] [1790453711.010773148] [sim_ndt]: Metrics -> Error: 0.000786164 (RMSE ~0.0280386 m) | Time: 20 ms | CovTrace: 0.55551 | Converged: True
[hdl_localization_node-13] [INFO] [1790453711.181697773] [sim_ndt]: scan points: raw=1381 downsampled=1119 (leaf=0.05 m)
[hdl_localization_node-13] [INFO] [1790453711.212999388] [sim_ndt]: Metrics -> Error: 0.000785677 (RMSE ~0.0280299 m) | Time: 30 ms | CovTrace: 0.555511 | Converged: True
[hdl_localization_node-13] [INFO] [1790453711.379722720] [sim_ndt]: scan points: raw=1381 downsampled=1119 (leaf=0.05 m)
[hdl_localization_node-13] [INFO] [1790453711.397667221] [sim_ndt]: Metrics -> Error: 0.000787738 (RMSE ~0.0280667 m) | Time: 10 ms | CovTrace: 0.555512 | Converged: True
[hdl_localization_node-13] [INFO] [1790453711.565440531] [sim_ndt]: scan points: raw=1381 downsampled=1119 (leaf=0.05 m)
[hdl_localization_node-13] [INFO] [1790453711.582243326] [sim_ndt]: Metrics -> Error: 0.000785989 (RMSE ~0.0280355 m) | Time: 10 ms | CovTrace: 0.555513 | Converged: True
[hdl_localization_node-13] [INFO] [1790453711.758137901] [sim_ndt]: scan points: raw=1381 downsampled=1119 (leaf=0.05 m)
[hdl_localization_node-13] [INFO] [1790453711.777755720] [sim_ndt]: Metrics -> Error: 0.000787087 (RMSE ~0.0280551 m) | Time: 20 ms | CovTrace: 0.555515 | Converged: True
[trajectory_tracking_node-9] [WARN] [1790453711.785435515] [trajectory_tracking]: trajectory tracking stopped: no valid trajectory
[hdl_localization_node-13] [INFO] [1790453711.965940452] [sim_ndt]: scan points: raw=1381 downsampled=1119 (leaf=0.05 m)
[hdl_localization_node-13] [INFO] [1790453711.978777244] [sim_ndt]: Metrics -> Error: 0.00078831 (RMSE ~0.0280769 m) | Time: 10 ms | CovTrace: 0.555516 | Converged: True
[hdl_localization_node-13] [INFO] [1790453712.183592649] [sim_ndt]: scan points: raw=1381 downsampled=1119 (leaf=0.05 m)
[hdl_localization_node-13] [INFO] [1790453712.193581531] [sim_ndt]: Metrics -> Error: 0.000788551 (RMSE ~0.0280811 m) | Time: 10 ms | CovTrace: 0.555517 | Converged: True
[hdl_localization_node-13] [INFO] [1790453712.357056796] [sim_ndt]: scan points: raw=1381 downsampled=1119 (leaf=0.05 m)
[hdl_localization_node-13] [INFO] [1790453712.375918481] [sim_ndt]: Metrics -> Error: 0.000787355 (RMSE ~0.0280598 m) | Time: 0 ms | CovTrace: 0.555518 | Converged: True
[hdl_localization_node-13] [INFO] [1790453712.567970271] [sim_ndt]: scan points: raw=1381 downsampled=1119 (leaf=0.05 m)
[hdl_localization_node-13] [INFO] [1790453712.584107475] [sim_ndt]: Metrics -> Error: 0.000786992 (RMSE ~0.0280534 m) | Time: 0 ms | CovTrace: 0.555519 | Converged: True
[hdl_localization_node-13] [INFO] [1790453712.778353709] [sim_ndt]: scan points: raw=1381 downsampled=1119 (leaf=0.05 m)
[hdl_localization_node-13] [INFO] [1790453712.797209272] [sim_ndt]: Metrics -> Error: 0.000787737 (RMSE ~0.0280667 m) | Time: 10 ms | CovTrace: 0.555521 | Converged: True
[hdl_localization_node-13] [INFO] [1790453712.960235509] [sim_ndt]: scan points: raw=1381 downsampled=1119 (leaf=0.05 m)
[hdl_localization_node-13] [INFO] [1790453712.975407526] [sim_ndt]: Metrics -> Error: 0.000786844 (RMSE ~0.0280507 m) | Time: 10 ms | CovTrace: 0.555522 | Converged: True
[hdl_localization_node-13] [INFO] [1790453713.160954039] [sim_ndt]: scan points: raw=1381 downsampled=1119 (leaf=0.05 m)
[hdl_localization_node-13] [INFO] [1790453713.178226979] [sim_ndt]: Metrics -> Error: 0.000780046 (RMSE ~0.0279293 m) | Time: 10 ms | CovTrace: 0.555523 | Converged: True
[hdl_localization_node-13] [WARN] [1790453713.190476000] [sim_ndt]: Point-LIO odometry unavailable or stale for /localization/odometry twist; publishing zero twist
[hdl_localization_node-13] [INFO] [1790453713.356492757] [sim_ndt]: scan points: raw=1381 downsampled=1119 (leaf=0.05 m)
[hdl_localization_node-13] [INFO] [1790453713.372099514] [sim_ndt]: Metrics -> Error: 0.000778084 (RMSE ~0.0278942 m) | Time: 20 ms | CovTrace: 0.555524 | Converged: True
[hdl_localization_node-13] [INFO] [1790453713.549646884] [sim_ndt]: scan points: raw=1381 downsampled=1119 (leaf=0.05 m)
[hdl_localization_node-13] [INFO] [1790453713.564488150] [sim_ndt]: Metrics -> Error: 0.000784749 (RMSE ~0.0280134 m) | Time: 0 ms | CovTrace: 0.555525 | Converged: True
[hdl_localization_node-13] [INFO] [1790453713.759504240] [sim_ndt]: scan points: raw=1381 downsampled=1119 (leaf=0.05 m)
[hdl_localization_node-13] [INFO] [1790453713.764570695] [sim_ndt]: Metrics -> Error: 0.000785695 (RMSE ~0.0280303 m) | Time: 0 ms | CovTrace: 0.555527 | Converged: True
[trajectory_tracking_node-9] [WARN] [1790453713.777535629] [trajectory_tracking]: trajectory tracking stopped: no valid trajectory
[hdl_localization_node-13] [INFO] [1790453713.955894227] [sim_ndt]: scan points: raw=1381 downsampled=1119 (leaf=0.05 m)
[hdl_localization_node-13] [INFO] [1790453713.970921070] [sim_ndt]: Metrics -> Error: 0.000792407 (RMSE ~0.0281497 m) | Time: 0 ms | CovTrace: 0.555528 | Converged: True
[hdl_localization_node-13] [INFO] [1790453714.163505989] [sim_ndt]: scan points: raw=1381 downsampled=1119 (leaf=0.05 m)
[hdl_localization_node-13] [INFO] [1790453714.179344972] [sim_ndt]: Metrics -> Error: 0.00079549 (RMSE ~0.0282044 m) | Time: 10 ms | CovTrace: 0.555529 | Converged: True
[hdl_localization_node-13] [INFO] [1790453714.359470420] [sim_ndt]: scan points: raw=1381 downsampled=1119 (leaf=0.05 m)
[hdl_localization_node-13] [INFO] [1790453714.368002035] [sim_ndt]: Metrics -> Error: 0.000794847 (RMSE ~0.028193 m) | Time: 0 ms | CovTrace: 0.55553 | Converged: True
[hdl_localization_node-13] [INFO] [1790453714.581360746] [sim_ndt]: scan points: raw=1381 downsampled=1119 (leaf=0.05 m)
[hdl_localization_node-13] [INFO] [1790453714.608085918] [sim_ndt]: Metrics -> Error: 0.000793955 (RMSE ~0.0281772 m) | Time: 10 ms | CovTrace: 0.555531 | Converged: True
[hdl_localization_node-13] [INFO] [1790453714.784482276] [sim_ndt]: scan points: raw=1381 downsampled=1119 (leaf=0.05 m)
[hdl_localization_node-13] [INFO] [1790453714.794877444] [sim_ndt]: Metrics -> Error: 0.000779893 (RMSE ~0.0279266 m) | Time: 10 ms | CovTrace: 0.555533 | Converged: True
[hdl_localization_node-13] [INFO] [1790453714.959788712] [sim_ndt]: scan points: raw=1381 downsampled=1119 (leaf=0.05 m)
[hdl_localization_node-13] [INFO] [1790453714.970416318] [sim_ndt]: Metrics -> Error: 0.000786678 (RMSE ~0.0280478 m) | Time: 0 ms | CovTrace: 0.555534 | Converged: True
[hdl_localization_node-13] [INFO] [1790453715.155324311] [sim_ndt]: scan points: raw=1381 downsampled=1119 (leaf=0.05 m)
[hdl_localization_node-13] [INFO] [1790453715.169946962] [sim_ndt]: Metrics -> Error: 0.000784753 (RMSE ~0.0280134 m) | Time: 0 ms | CovTrace: 0.555535 | Converged: True
[hdl_localization_node-13] [INFO] [1790453715.383762169] [sim_ndt]: scan points: raw=1381 downsampled=1119 (leaf=0.05 m)
[hdl_localization_node-13] [INFO] [1790453715.396063943] [sim_ndt]: Metrics -> Error: 0.000785724 (RMSE ~0.0280308 m) | Time: 10 ms | CovTrace: 0.555536 | Converged: True
[hdl_localization_node-13] [INFO] [1790453715.582352185] [sim_ndt]: scan points: raw=1381 downsampled=1119 (leaf=0.05 m)
[hdl_localization_node-13] [INFO] [1790453715.602708043] [sim_ndt]: Metrics -> Error: 0.000791825 (RMSE ~0.0281394 m) | Time: 10 ms | CovTrace: 0.555538 | Converged: True
[hdl_localization_node-13] [INFO] [1790453715.785280253] [sim_ndt]: scan points: raw=1381 downsampled=1119 (leaf=0.05 m)
[hdl_localization_node-13] [INFO] [1790453715.804023937] [sim_ndt]: Metrics -> Error: 0.000793653 (RMSE ~0.0281718 m) | Time: 10 ms | CovTrace: 0.555539 | Converged: True
[trajectory_tracking_node-9] [WARN] [1790453715.818273155] [trajectory_tracking]: trajectory tracking stopped: no valid trajectory
[hdl_localization_node-13] [INFO] [1790453715.955753296] [sim_ndt]: scan points: raw=1381 downsampled=1119 (leaf=0.05 m)
[hdl_localization_node-13] [INFO] [1790453715.971663767] [sim_ndt]: Metrics -> Error: 0.000774777 (RMSE ~0.0278348 m) | Time: 10 ms | CovTrace: 0.55554 | Converged: True
[hdl_localization_node-13] [INFO] [1790453716.175201042] [sim_ndt]: scan points: raw=1381 downsampled=1119 (leaf=0.05 m)
[hdl_localization_node-13] [INFO] [1790453716.193489971] [sim_ndt]: Metrics -> Error: 0.000780314 (RMSE ~0.0279341 m) | Time: 20 ms | CovTrace: 0.555541 | Converged: True
[hdl_localization_node-13] [INFO] [1790453716.372539669] [sim_ndt]: scan points: raw=1381 downsampled=1119 (leaf=0.05 m)
[hdl_localization_node-13] [INFO] [1790453716.386644911] [sim_ndt]: Metrics -> Error: 0.000781969 (RMSE ~0.0279637 m) | Time: 0 ms | CovTrace: 0.555542 | Converged: True
[hdl_localization_node-13] [INFO] [1790453716.561249417] [sim_ndt]: scan points: raw=1381 downsampled=1119 (leaf=0.05 m)
[hdl_localization_node-13] [INFO] [1790453716.572119012] [sim_ndt]: Metrics -> Error: 0.000787486 (RMSE ~0.0280622 m) | Time: 10 ms | CovTrace: 0.555544 | Converged: True
[hdl_localization_node-13] [INFO] [1790453716.746186318] [sim_ndt]: scan points: raw=1381 downsampled=1119 (leaf=0.05 m)
[hdl_localization_node-13] [INFO] [1790453716.768167779] [sim_ndt]: Metrics -> Error: 0.000787243 (RMSE ~0.0280578 m) | Time: 10 ms | CovTrace: 0.555545 | Converged: True
[hdl_localization_node-13] [INFO] [1790453716.950728031] [sim_ndt]: scan points: raw=1381 downsampled=1119 (leaf=0.05 m)
[hdl_localization_node-13] [INFO] [1790453716.955176306] [sim_ndt]: Metrics -> Error: 0.000784262 (RMSE ~0.0280047 m) | Time: 0 ms | CovTrace: 0.555546 | Converged: True
[hdl_localization_node-13] [INFO] [1790453717.161895121] [sim_ndt]: scan points: raw=1381 downsampled=1119 (leaf=0.05 m)
[hdl_localization_node-13] [INFO] [1790453717.170377364] [sim_ndt]: Metrics -> Error: 0.000783113 (RMSE ~0.0279841 m) | Time: 0 ms | CovTrace: 0.555547 | Converged: True
[hdl_localization_node-13] [INFO] [1790453717.351456007] [sim_ndt]: scan points: raw=1381 downsampled=1119 (leaf=0.05 m)
[hdl_localization_node-13] [INFO] [1790453717.367529339] [sim_ndt]: Metrics -> Error: 0.000789993 (RMSE ~0.0281068 m) | Time: 10 ms | CovTrace: 0.555548 | Converged: True
[hdl_localization_node-13] [INFO] [1790453717.553114643] [sim_ndt]: scan points: raw=1381 downsampled=1119 (leaf=0.05 m)
[hdl_localization_node-13] [INFO] [1790453717.561421887] [sim_ndt]: Metrics -> Error: 0.000784879 (RMSE ~0.0280157 m) | Time: 0 ms | CovTrace: 0.55555 | Converged: True
[hdl_localization_node-13] [INFO] [1790453717.760820643] [sim_ndt]: scan points: raw=1381 downsampled=1119 (leaf=0.05 m)
[hdl_localization_node-13] [INFO] [1790453717.766880854] [sim_ndt]: Metrics -> Error: 0.000793106 (RMSE ~0.0281621 m) | Time: 0 ms | CovTrace: 0.555551 | Converged: True
[hdl_localization_node-13] [INFO] [1790453717.963290329] [sim_ndt]: scan points: raw=1381 downsampled=1119 (leaf=0.05 m)
[hdl_localization_node-13] [INFO] [1790453717.971193786] [sim_ndt]: Metrics -> Error: 0.000800877 (RMSE ~0.0282998 m) | Time: 10 ms | CovTrace: 0.555552 | Converged: True
[trajectory_tracking_node-9] [WARN] [1790453717.979236319] [trajectory_tracking]: trajectory tracking stopped: no valid trajectory
[hdl_localization_node-13] [INFO] [1790453718.167073430] [sim_ndt]: scan points: raw=1381 downsampled=1119 (leaf=0.05 m)
[hdl_localization_node-13] [INFO] [1790453718.180679821] [sim_ndt]: Metrics -> Error: 0.000780319 (RMSE ~0.0279342 m) | Time: 0 ms | CovTrace: 0.555553 | Converged: True
[hdl_localization_node-13] [WARN] [1790453718.187147836] [sim_ndt]: Point-LIO odometry unavailable or stale for /localization/odometry twist; publishing zero twist
[hdl_localization_node-13] [INFO] [1790453718.352829550] [sim_ndt]: scan points: raw=1381 downsampled=1119 (leaf=0.05 m)
[hdl_localization_node-13] [INFO] [1790453718.380248470] [sim_ndt]: Metrics -> Error: 0.000789069 (RMSE ~0.0280904 m) | Time: 20 ms | CovTrace: 0.555554 | Converged: True
[hdl_localization_node-13] [INFO] [1790453718.547049823] [sim_ndt]: scan points: raw=1381 downsampled=1119 (leaf=0.05 m)
[hdl_localization_node-13] [INFO] [1790453718.561226124] [sim_ndt]: Metrics -> Error: 0.000790984 (RMSE ~0.0281244 m) | Time: 0 ms | CovTrace: 0.555556 | Converged: True
[hdl_localization_node-13] [INFO] [1790453718.745449698] [sim_ndt]: scan points: raw=1381 downsampled=1119 (leaf=0.05 m)
[hdl_localization_node-13] [INFO] [1790453718.756224970] [sim_ndt]: Metrics -> Error: 0.000800583 (RMSE ~0.0282946 m) | Time: 10 ms | CovTrace: 0.555557 | Converged: True
[hdl_localization_node-13] [INFO] [1790453718.953676520] [sim_ndt]: scan points: raw=1381 downsampled=1119 (leaf=0.05 m)
[hdl_localization_node-13] [INFO] [1790453718.962436111] [sim_ndt]: Metrics -> Error: 0.000790542 (RMSE ~0.0281166 m) | Time: 10 ms | CovTrace: 0.555558 | Converged: True
[hdl_localization_node-13] [INFO] [1790453719.161598806] [sim_ndt]: scan points: raw=1381 downsampled=1119 (leaf=0.05 m)
[hdl_localization_node-13] [INFO] [1790453719.172688582] [sim_ndt]: Metrics -> Error: 0.000797343 (RMSE ~0.0282373 m) | Time: 0 ms | CovTrace: 0.555559 | Converged: True
[hdl_localization_node-13] [INFO] [1790453719.359514787] [sim_ndt]: scan points: raw=1381 downsampled=1119 (leaf=0.05 m)
[hdl_localization_node-13] [INFO] [1790453719.364326643] [sim_ndt]: Metrics -> Error: 0.000796752 (RMSE ~0.0282268 m) | Time: 0 ms | CovTrace: 0.55556 | Converged: True
[hdl_localization_node-13] [INFO] [1790453719.556091065] [sim_ndt]: scan points: raw=1381 downsampled=1119 (leaf=0.05 m)
[hdl_localization_node-13] [INFO] [1790453719.568037643] [sim_ndt]: Metrics -> Error: 0.000783084 (RMSE ~0.0279836 m) | Time: 10 ms | CovTrace: 0.555562 | Converged: True
[hdl_localization_node-13] [INFO] [1790453719.745484147] [sim_ndt]: scan points: raw=1381 downsampled=1119 (leaf=0.05 m)
[hdl_localization_node-13] [INFO] [1790453719.761309087] [sim_ndt]: Metrics -> Error: 0.000787517 (RMSE ~0.0280627 m) | Time: 10 ms | CovTrace: 0.555563 | Converged: True
[hdl_localization_node-13] [INFO] [1790453719.953391785] [sim_ndt]: scan points: raw=1381 downsampled=1119 (leaf=0.05 m)
[hdl_localization_node-13] [INFO] [1790453719.968910094] [sim_ndt]: Metrics -> Error: 0.000784127 (RMSE ~0.0280023 m) | Time: 10 ms | CovTrace: 0.555564 | Converged: True
[trajectory_tracking_node-9] [WARN] [1790453719.978994251] [trajectory_tracking]: trajectory tracking stopped: no valid trajectory
[hdl_localization_node-13] [INFO] [1790453720.154620691] [sim_ndt]: scan points: raw=1381 downsampled=1119 (leaf=0.05 m)
[hdl_localization_node-13] [INFO] [1790453720.166584648] [sim_ndt]: Metrics -> Error: 0.000784344 (RMSE ~0.0280061 m) | Time: 10 ms | CovTrace: 0.555565 | Converged: True
[hdl_localization_node-13] [INFO] [1790453720.366795473] [sim_ndt]: scan points: raw=1381 downsampled=1119 (leaf=0.05 m)
[hdl_localization_node-13] [INFO] [1790453720.379314930] [sim_ndt]: Metrics -> Error: 0.000784971 (RMSE ~0.0280173 m) | Time: 10 ms | CovTrace: 0.555566 | Converged: True
[hdl_localization_node-13] [INFO] [1790453720.547218403] [sim_ndt]: scan points: raw=1381 downsampled=1119 (leaf=0.05 m)
[hdl_localization_node-13] [INFO] [1790453720.578518610] [sim_ndt]: Metrics -> Error: 0.000790414 (RMSE ~0.0281143 m) | Time: 20 ms | CovTrace: 0.555568 | Converged: True
[hdl_localization_node-13] [INFO] [1790453720.778028673] [sim_ndt]: scan points: raw=1381 downsampled=1119 (leaf=0.05 m)
[hdl_localization_node-13] [INFO] [1790453720.790340598] [sim_ndt]: Metrics -> Error: 0.000787901 (RMSE ~0.0280696 m) | Time: 10 ms | CovTrace: 0.555569 | Converged: True
[hdl_localization_node-13] [INFO] [1790453720.978720369] [sim_ndt]: scan points: raw=1381 downsampled=1119 (leaf=0.05 m)
[hdl_localization_node-13] [INFO] [1790453721.008225090] [sim_ndt]: Metrics -> Error: 0.00078481 (RMSE ~0.0280145 m) | Time: 10 ms | CovTrace: 0.55557 | Converged: True
[hdl_localization_node-13] [INFO] [1790453721.162492925] [sim_ndt]: scan points: raw=1381 downsampled=1119 (leaf=0.05 m)
[hdl_localization_node-13] [INFO] [1790453721.190184620] [sim_ndt]: Metrics -> Error: 0.000789191 (RMSE ~0.0280926 m) | Time: 20 ms | CovTrace: 0.555571 | Converged: True
[hdl_localization_node-13] [INFO] [1790453721.370192850] [sim_ndt]: scan points: raw=1381 downsampled=1119 (leaf=0.05 m)
[hdl_localization_node-13] [INFO] [1790453721.402735081] [sim_ndt]: Metrics -> Error: 0.000787058 (RMSE ~0.0280546 m) | Time: 30 ms | CovTrace: 0.555572 | Converged: True
[hdl_localization_node-13] [INFO] [1790453721.562577950] [sim_ndt]: scan points: raw=1381 downsampled=1119 (leaf=0.05 m)
[hdl_localization_node-13] [INFO] [1790453721.569728872] [sim_ndt]: Metrics -> Error: 0.000794825 (RMSE ~0.0281926 m) | Time: 0 ms | CovTrace: 0.555574 | Converged: True
[hdl_localization_node-13] [INFO] [1790453721.753396158] [sim_ndt]: scan points: raw=1381 downsampled=1119 (leaf=0.05 m)
[hdl_localization_node-13] [INFO] [1790453721.775561925] [sim_ndt]: Metrics -> Error: 0.000785166 (RMSE ~0.0280208 m) | Time: 10 ms | CovTrace: 0.555575 | Converged: True
[hdl_localization_node-13] [INFO] [1790453721.960747120] [sim_ndt]: scan points: raw=1381 downsampled=1119 (leaf=0.05 m)
[hdl_localization_node-13] [INFO] [1790453721.973477857] [sim_ndt]: Metrics -> Error: 0.000788325 (RMSE ~0.0280771 m) | Time: 10 ms | CovTrace: 0.555576 | Converged: True
[trajectory_tracking_node-9] [WARN] [1790453721.983303858] [trajectory_tracking]: trajectory tracking stopped: no valid trajectory
[hdl_localization_node-13] [INFO] [1790453722.151667556] [sim_ndt]: scan points: raw=1381 downsampled=1119 (leaf=0.05 m)
[hdl_localization_node-13] [INFO] [1790453722.159498240] [sim_ndt]: Metrics -> Error: 0.000791568 (RMSE ~0.0281348 m) | Time: 10 ms | CovTrace: 0.555577 | Converged: True
[hdl_localization_node-13] [INFO] [1790453722.370192883] [sim_ndt]: scan points: raw=1381 downsampled=1119 (leaf=0.05 m)
[hdl_localization_node-13] [INFO] [1790453722.377174108] [sim_ndt]: Metrics -> Error: 0.000791719 (RMSE ~0.0281375 m) | Time: 0 ms | CovTrace: 0.555579 | Converged: True
[hdl_localization_node-13] [INFO] [1790453722.555110042] [sim_ndt]: scan points: raw=1381 downsampled=1119 (leaf=0.05 m)
[hdl_localization_node-13] [INFO] [1790453722.572008697] [sim_ndt]: Metrics -> Error: 0.000794189 (RMSE ~0.0281814 m) | Time: 20 ms | CovTrace: 0.55558 | Converged: True
[hdl_localization_node-13] [INFO] [1790453722.754196738] [sim_ndt]: scan points: raw=1381 downsampled=1119 (leaf=0.05 m)
[hdl_localization_node-13] [INFO] [1790453722.764765344] [sim_ndt]: Metrics -> Error: 0.000795912 (RMSE ~0.0282119 m) | Time: 10 ms | CovTrace: 0.555581 | Converged: True
[hdl_localization_node-13] [INFO] [1790453722.953977356] [sim_ndt]: scan points: raw=1381 downsampled=1119 (leaf=0.05 m)
[hdl_localization_node-13] [INFO] [1790453722.961073143] [sim_ndt]: Metrics -> Error: 0.000794132 (RMSE ~0.0281803 m) | Time: 10 ms | CovTrace: 0.555582 | Converged: True
[hdl_localization_node-13] [INFO] [1790453723.150910576] [sim_ndt]: scan points: raw=1381 downsampled=1119 (leaf=0.05 m)
[hdl_localization_node-13] [INFO] [1790453723.161710807] [sim_ndt]: Metrics -> Error: 0.000778856 (RMSE ~0.027908 m) | Time: 0 ms | CovTrace: 0.555583 | Converged: True
[hdl_localization_node-13] [INFO] [1790453723.366322661] [sim_ndt]: scan points: raw=1381 downsampled=1119 (leaf=0.05 m)
[hdl_localization_node-13] [INFO] [1790453723.376330030] [sim_ndt]: Metrics -> Error: 0.000783369 (RMSE ~0.0279887 m) | Time: 10 ms | CovTrace: 0.555585 | Converged: True
[hdl_localization_node-13] [WARN] [1790453723.381490495] [sim_ndt]: Point-LIO odometry unavailable or stale for /localization/odometry twist; publishing zero twist
[hdl_localization_node-13] [INFO] [1790453723.558175765] [sim_ndt]: scan points: raw=1381 downsampled=1119 (leaf=0.05 m)
[hdl_localization_node-13] [INFO] [1790453723.577639214] [sim_ndt]: Metrics -> Error: 0.000778429 (RMSE ~0.0279003 m) | Time: 10 ms | CovTrace: 0.555586 | Converged: True
[hdl_localization_node-13] [INFO] [1790453723.751409870] [sim_ndt]: scan points: raw=1381 downsampled=1119 (leaf=0.05 m)
[hdl_localization_node-13] [INFO] [1790453723.761150344] [sim_ndt]: Metrics -> Error: 0.000780779 (RMSE ~0.0279424 m) | Time: 0 ms | CovTrace: 0.555587 | Converged: True
[hdl_localization_node-13] [INFO] [1790453723.959128033] [sim_ndt]: scan points: raw=1381 downsampled=1119 (leaf=0.05 m)
[hdl_localization_node-13] [INFO] [1790453723.974014948] [sim_ndt]: Metrics -> Error: 0.000786383 (RMSE ~0.0280425 m) | Time: 10 ms | CovTrace: 0.555588 | Converged: True
[trajectory_tracking_node-9] [WARN] [1790453723.984718752] [trajectory_tracking]: trajectory tracking stopped: no valid trajectory
[hdl_localization_node-13] [INFO] [1790453724.144308635] [sim_ndt]: scan points: raw=1381 downsampled=1119 (leaf=0.05 m)
[hdl_localization_node-13] [INFO] [1790453724.170447923] [sim_ndt]: Metrics -> Error: 0.000787934 (RMSE ~0.0280702 m) | Time: 20 ms | CovTrace: 0.555589 | Converged: True
[hdl_localization_node-13] [INFO] [1790453724.355881998] [sim_ndt]: scan points: raw=1381 downsampled=1119 (leaf=0.05 m)
[hdl_localization_node-13] [INFO] [1790453724.373427993] [sim_ndt]: Metrics -> Error: 0.000789144 (RMSE ~0.0280917 m) | Time: 20 ms | CovTrace: 0.555591 | Converged: True
[hdl_localization_node-13] [INFO] [1790453724.571499557] [sim_ndt]: scan points: raw=1381 downsampled=1119 (leaf=0.05 m)
[hdl_localization_node-13] [INFO] [1790453724.592355915] [sim_ndt]: Metrics -> Error: 0.000781238 (RMSE ~0.0279506 m) | Time: 10 ms | CovTrace: 0.555592 | Converged: True
[hdl_localization_node-13] [INFO] [1790453724.752449516] [sim_ndt]: scan points: raw=1381 downsampled=1119 (leaf=0.05 m)
[hdl_localization_node-13] [INFO] [1790453724.781463489] [sim_ndt]: Metrics -> Error: 0.000787498 (RMSE ~0.0280624 m) | Time: 30 ms | CovTrace: 0.555593 | Converged: True
[hdl_localization_node-13] [INFO] [1790453724.973235730] [sim_ndt]: scan points: raw=1381 downsampled=1119 (leaf=0.05 m)
[hdl_localization_node-13] [INFO] [1790453724.978121544] [sim_ndt]: Metrics -> Error: 0.000785954 (RMSE ~0.0280349 m) | Time: 0 ms | CovTrace: 0.555594 | Converged: True
[hdl_localization_node-13] [INFO] [1790453725.159099028] [sim_ndt]: scan points: raw=1381 downsampled=1119 (leaf=0.05 m)
[hdl_localization_node-13] [INFO] [1790453725.186898832] [sim_ndt]: Metrics -> Error: 0.000781687 (RMSE ~0.0279587 m) | Time: 20 ms | CovTrace: 0.555595 | Converged: True
[hdl_localization_node-13] [INFO] [1790453725.368085171] [sim_ndt]: scan points: raw=1381 downsampled=1119 (leaf=0.05 m)
[hdl_localization_node-13] [INFO] [1790453725.406328432] [sim_ndt]: Metrics -> Error: 0.000785718 (RMSE ~0.0280307 m) | Time: 40 ms | CovTrace: 0.555597 | Converged: True
[hdl_localization_node-13] [INFO] [1790453725.557984947] [sim_ndt]: scan points: raw=1381 downsampled=1119 (leaf=0.05 m)
[hdl_localization_node-13] [INFO] [1790453725.572383210] [sim_ndt]: Metrics -> Error: 0.00078318 (RMSE ~0.0279854 m) | Time: 0 ms | CovTrace: 0.555598 | Converged: True
[hdl_localization_node-13] [INFO] [1790453725.745434444] [sim_ndt]: scan points: raw=1381 downsampled=1119 (leaf=0.05 m)
[hdl_localization_node-13] [INFO] [1790453725.757816855] [sim_ndt]: Metrics -> Error: 0.000792409 (RMSE ~0.0281498 m) | Time: 10 ms | CovTrace: 0.555599 | Converged: True
[hdl_localization_node-13] [INFO] [1790453725.948532417] [sim_ndt]: scan points: raw=1381 downsampled=1119 (leaf=0.05 m)
[hdl_localization_node-13] [INFO] [1790453725.963470117] [sim_ndt]: Metrics -> Error: 0.000777633 (RMSE ~0.0278861 m) | Time: 10 ms | CovTrace: 0.5556 | Converged: True
[hdl_localization_node-13] [INFO] [1790453726.165082715] [sim_ndt]: scan points: raw=1381 downsampled=1119 (leaf=0.05 m)
[hdl_localization_node-13] [INFO] [1790453726.185050588] [sim_ndt]: Metrics -> Error: 0.000785618 (RMSE ~0.0280289 m) | Time: 20 ms | CovTrace: 0.555601 | Converged: True
[trajectory_tracking_node-9] [WARN] [1790453726.201013041] [trajectory_tracking]: trajectory tracking stopped: no valid trajectory
[hdl_localization_node-13] [INFO] [1790453726.362370406] [sim_ndt]: scan points: raw=1381 downsampled=1119 (leaf=0.05 m)
[hdl_localization_node-13] [INFO] [1790453726.372763892] [sim_ndt]: Metrics -> Error: 0.000783518 (RMSE ~0.0279914 m) | Time: 10 ms | CovTrace: 0.555603 | Converged: True
[hdl_localization_node-13] [INFO] [1790453726.560621628] [sim_ndt]: scan points: raw=1381 downsampled=1119 (leaf=0.05 m)
[hdl_localization_node-13] [INFO] [1790453726.568936938] [sim_ndt]: Metrics -> Error: 0.000784004 (RMSE ~0.0280001 m) | Time: 10 ms | CovTrace: 0.555604 | Converged: True
[hdl_localization_node-13] [INFO] [1790453726.765455817] [sim_ndt]: scan points: raw=1381 downsampled=1119 (leaf=0.05 m)
[hdl_localization_node-13] [INFO] [1790453726.779354041] [sim_ndt]: Metrics -> Error: 0.000784043 (RMSE ~0.0280008 m) | Time: 0 ms | CovTrace: 0.555605 | Converged: True
[hdl_localization_node-13] [INFO] [1790453726.960100465] [sim_ndt]: scan points: raw=1381 downsampled=1119 (leaf=0.05 m)
[hdl_localization_node-13] [INFO] [1790453726.974235138] [sim_ndt]: Metrics -> Error: 0.000780205 (RMSE ~0.0279322 m) | Time: 10 ms | CovTrace: 0.555606 | Converged: True
[hdl_localization_node-13] [INFO] [1790453727.145087721] [sim_ndt]: scan points: raw=1381 downsampled=1119 (leaf=0.05 m)
[hdl_localization_node-13] [INFO] [1790453727.157742337] [sim_ndt]: Metrics -> Error: 0.000782609 (RMSE ~0.0279752 m) | Time: 10 ms | CovTrace: 0.555607 | Converged: True
[hdl_localization_node-13] [INFO] [1790453727.350505835] [sim_ndt]: scan points: raw=1381 downsampled=1119 (leaf=0.05 m)
[hdl_localization_node-13] [INFO] [1790453727.359895645] [sim_ndt]: Metrics -> Error: 0.00078735 (RMSE ~0.0280598 m) | Time: 10 ms | CovTrace: 0.555609 | Converged: True
[hdl_localization_node-13] [INFO] [1790453727.556248961] [sim_ndt]: scan points: raw=1381 downsampled=1119 (leaf=0.05 m)
[hdl_localization_node-13] [INFO] [1790453727.568666315] [sim_ndt]: Metrics -> Error: 0.00078346 (RMSE ~0.0279903 m) | Time: 0 ms | CovTrace: 0.55561 | Converged: True
[hdl_localization_node-13] [INFO] [1790453727.756437439] [sim_ndt]: scan points: raw=1381 downsampled=1119 (leaf=0.05 m)
[hdl_localization_node-13] [INFO] [1790453727.776424932] [sim_ndt]: Metrics -> Error: 0.000788927 (RMSE ~0.0280878 m) | Time: 10 ms | CovTrace: 0.555611 | Converged: True
[hdl_localization_node-13] [INFO] [1790453727.946019496] [sim_ndt]: scan points: raw=1381 downsampled=1119 (leaf=0.05 m)
[hdl_localization_node-13] [INFO] [1790453727.960371752] [sim_ndt]: Metrics -> Error: 0.000785506 (RMSE ~0.0280269 m) | Time: 10 ms | CovTrace: 0.555612 | Converged: True
[hdl_localization_node-13] [INFO] [1790453728.158663594] [sim_ndt]: scan points: raw=1381 downsampled=1119 (leaf=0.05 m)
[hdl_localization_node-13] [INFO] [1790453728.172979832] [sim_ndt]: Metrics -> Error: 0.000788531 (RMSE ~0.0280808 m) | Time: 10 ms | CovTrace: 0.555613 | Converged: True
[hdl_localization_node-13] [INFO] [1790453728.363283419] [sim_ndt]: scan points: raw=1381 downsampled=1119 (leaf=0.05 m)
[hdl_localization_node-13] [INFO] [1790453728.374727238] [sim_ndt]: Metrics -> Error: 0.000793742 (RMSE ~0.0281734 m) | Time: 10 ms | CovTrace: 0.555615 | Converged: True
[hdl_localization_node-13] [WARN] [1790453728.383041346] [sim_ndt]: Point-LIO odometry unavailable or stale for /localization/odometry twist; publishing zero twist
[trajectory_tracking_node-9] [WARN] [1790453728.386744612] [trajectory_tracking]: trajectory tracking stopped: no valid trajectory
[hdl_localization_node-13] [INFO] [1790453728.553450839] [sim_ndt]: scan points: raw=1381 downsampled=1119 (leaf=0.05 m)
[hdl_localization_node-13] [INFO] [1790453728.569994245] [sim_ndt]: Metrics -> Error: 0.000793901 (RMSE ~0.0281763 m) | Time: 10 ms | CovTrace: 0.555616 | Converged: True
[hdl_localization_node-13] [INFO] [1790453728.761941465] [sim_ndt]: scan points: raw=1381 downsampled=1119 (leaf=0.05 m)
[hdl_localization_node-13] [INFO] [1790453728.791579424] [sim_ndt]: Metrics -> Error: 0.000782375 (RMSE ~0.027971 m) | Time: 20 ms | CovTrace: 0.555617 | Converged: True
[hdl_localization_node-13] [INFO] [1790453728.963263891] [sim_ndt]: scan points: raw=1381 downsampled=1119 (leaf=0.05 m)
[hdl_localization_node-13] [INFO] [1790453728.975402725] [sim_ndt]: Metrics -> Error: 0.000781673 (RMSE ~0.0279584 m) | Time: 10 ms | CovTrace: 0.555618 | Converged: True
[hdl_localization_node-13] [INFO] [1790453729.157838130] [sim_ndt]: scan points: raw=1381 downsampled=1119 (leaf=0.05 m)
[hdl_localization_node-13] [INFO] [1790453729.165885851] [sim_ndt]: Metrics -> Error: 0.000778824 (RMSE ~0.0279074 m) | Time: 0 ms | CovTrace: 0.555619 | Converged: True
[hdl_localization_node-13] [INFO] [1790453729.363351747] [sim_ndt]: scan points: raw=1381 downsampled=1119 (leaf=0.05 m)
[hdl_localization_node-13] [INFO] [1790453729.374413496] [sim_ndt]: Metrics -> Error: 0.000781938 (RMSE ~0.0279631 m) | Time: 10 ms | CovTrace: 0.555621 | Converged: True
[hdl_localization_node-13] [INFO] [1790453729.562884922] [sim_ndt]: scan points: raw=1381 downsampled=1119 (leaf=0.05 m)
[hdl_localization_node-13] [INFO] [1790453729.589633213] [sim_ndt]: Metrics -> Error: 0.000786129 (RMSE ~0.028038 m) | Time: 20 ms | CovTrace: 0.555622 | Converged: True
[hdl_localization_node-13] [INFO] [1790453729.769824827] [sim_ndt]: scan points: raw=1381 downsampled=1119 (leaf=0.05 m)
[hdl_localization_node-13] [INFO] [1790453729.790193694] [sim_ndt]: Metrics -> Error: 0.000788802 (RMSE ~0.0280856 m) | Time: 10 ms | CovTrace: 0.555623 | Converged: True
[hdl_localization_node-13] [INFO] [1790453729.969087668] [sim_ndt]: scan points: raw=1381 downsampled=1119 (leaf=0.05 m)
[hdl_localization_node-13] [INFO] [1790453729.978724441] [sim_ndt]: Metrics -> Error: 0.000785438 (RMSE ~0.0280257 m) | Time: 0 ms | CovTrace: 0.555624 | Converged: True
[hdl_localization_node-13] [INFO] [1790453730.147520606] [sim_ndt]: scan points: raw=1381 downsampled=1119 (leaf=0.05 m)
[hdl_localization_node-13] [INFO] [1790453730.155341902] [sim_ndt]: Metrics -> Error: 0.000776083 (RMSE ~0.0278583 m) | Time: 0 ms | CovTrace: 0.555625 | Converged: True
[hdl_localization_node-13] [INFO] [1790453730.345916736] [sim_ndt]: scan points: raw=1381 downsampled=1119 (leaf=0.05 m)
[hdl_localization_node-13] [INFO] [1790453730.363194862] [sim_ndt]: Metrics -> Error: 0.000781683 (RMSE ~0.0279586 m) | Time: 20 ms | CovTrace: 0.555627 | Converged: True
[hdl_localization_node-13] [INFO] [1790453730.563810370] [sim_ndt]: scan points: raw=1381 downsampled=1119 (leaf=0.05 m)
[hdl_localization_node-13] [INFO] [1790453730.576939201] [sim_ndt]: Metrics -> Error: 0.000781982 (RMSE ~0.0279639 m) | Time: 10 ms | CovTrace: 0.555628 | Converged: True
[trajectory_tracking_node-9] [WARN] [1790453730.591924065] [trajectory_tracking]: trajectory tracking stopped: no valid trajectory
[hdl_localization_node-13] [INFO] [1790453730.760095569] [sim_ndt]: scan points: raw=1381 downsampled=1119 (leaf=0.05 m)
[hdl_localization_node-13] [INFO] [1790453730.774168264] [sim_ndt]: Metrics -> Error: 0.000782147 (RMSE ~0.0279669 m) | Time: 10 ms | CovTrace: 0.555629 | Converged: True
[hdl_localization_node-13] [INFO] [1790453730.991380312] [sim_ndt]: scan points: raw=1381 downsampled=1119 (leaf=0.05 m)
[hdl_localization_node-13] [INFO] [1790453731.014169368] [sim_ndt]: Metrics -> Error: 0.000784462 (RMSE ~0.0280083 m) | Time: 10 ms | CovTrace: 0.55563 | Converged: True
[hdl_localization_node-13] [INFO] [1790453731.179415287] [sim_ndt]: scan points: raw=1381 downsampled=1119 (leaf=0.05 m)
[hdl_localization_node-13] [INFO] [1790453731.191451531] [sim_ndt]: Metrics -> Error: 0.000786475 (RMSE ~0.0280442 m) | Time: 0 ms | CovTrace: 0.555632 | Converged: True
[hdl_localization_node-13] [INFO] [1790453731.377286858] [sim_ndt]: scan points: raw=1381 downsampled=1119 (leaf=0.05 m)
[hdl_localization_node-13] [INFO] [1790453731.401875862] [sim_ndt]: Metrics -> Error: 0.000784153 (RMSE ~0.0280027 m) | Time: 10 ms | CovTrace: 0.555633 | Converged: True
[hdl_localization_node-13] [INFO] [1790453731.565824815] [sim_ndt]: scan points: raw=1381 downsampled=1119 (leaf=0.05 m)
[hdl_localization_node-13] [INFO] [1790453731.581658252] [sim_ndt]: Metrics -> Error: 0.000794373 (RMSE ~0.0281846 m) | Time: 20 ms | CovTrace: 0.555634 | Converged: True
[hdl_localization_node-13] [INFO] [1790453731.761191179] [sim_ndt]: scan points: raw=1381 downsampled=1119 (leaf=0.05 m)
[hdl_localization_node-13] [INFO] [1790453731.771939071] [sim_ndt]: Metrics -> Error: 0.000788254 (RMSE ~0.0280759 m) | Time: 0 ms | CovTrace: 0.555635 | Converged: True
[hdl_localization_node-13] [INFO] [1790453731.943337749] [sim_ndt]: scan points: raw=1381 downsampled=1119 (leaf=0.05 m)
[hdl_localization_node-13] [INFO] [1790453731.949385023] [sim_ndt]: Metrics -> Error: 0.000789165 (RMSE ~0.0280921 m) | Time: 0 ms | CovTrace: 0.555636 | Converged: True
[hdl_localization_node-13] [INFO] [1790453732.147608555] [sim_ndt]: scan points: raw=1381 downsampled=1119 (leaf=0.05 m)
[hdl_localization_node-13] [INFO] [1790453732.173143991] [sim_ndt]: Metrics -> Error: 0.000794082 (RMSE ~0.0281795 m) | Time: 20 ms | CovTrace: 0.555638 | Converged: True
[hdl_localization_node-13] [INFO] [1790453732.368818347] [sim_ndt]: scan points: raw=1381 downsampled=1119 (leaf=0.05 m)
[hdl_localization_node-13] [INFO] [1790453732.389930662] [sim_ndt]: Metrics -> Error: 0.000785273 (RMSE ~0.0280227 m) | Time: 20 ms | CovTrace: 0.555639 | Converged: True
[hdl_localization_node-13] [INFO] [1790453732.551672795] [sim_ndt]: scan points: raw=1381 downsampled=1119 (leaf=0.05 m)
[hdl_localization_node-13] [INFO] [1790453732.556756341] [sim_ndt]: Metrics -> Error: 0.000786655 (RMSE ~0.0280474 m) | Time: 0 ms | CovTrace: 0.55564 | Converged: True
[hdl_localization_node-13] [INFO] [1790453732.763218720] [sim_ndt]: scan points: raw=1381 downsampled=1119 (leaf=0.05 m)
[hdl_localization_node-13] [INFO] [1790453732.786558878] [sim_ndt]: Metrics -> Error: 0.000785095 (RMSE ~0.0280195 m) | Time: 20 ms | CovTrace: 0.555641 | Converged: True
[trajectory_tracking_node-9] [WARN] [1790453732.793979946] [trajectory_tracking]: trajectory tracking stopped: no valid trajectory
[hdl_localization_node-13] [INFO] [1790453732.964616334] [sim_ndt]: scan points: raw=1381 downsampled=1119 (leaf=0.05 m)
[hdl_localization_node-13] [INFO] [1790453732.973201937] [sim_ndt]: Metrics -> Error: 0.000789191 (RMSE ~0.0280925 m) | Time: 10 ms | CovTrace: 0.555642 | Converged: True
[hdl_localization_node-13] [INFO] [1790453733.160439043] [sim_ndt]: scan points: raw=1381 downsampled=1119 (leaf=0.05 m)
[hdl_localization_node-13] [INFO] [1790453733.171524578] [sim_ndt]: Metrics -> Error: 0.000791141 (RMSE ~0.0281272 m) | Time: 0 ms | CovTrace: 0.555644 | Converged: True
[hdl_localization_node-13] [INFO] [1790453733.349483496] [sim_ndt]: scan points: raw=1381 downsampled=1119 (leaf=0.05 m)
[hdl_localization_node-13] [INFO] [1790453733.372752019] [sim_ndt]: Metrics -> Error: 0.000792112 (RMSE ~0.0281445 m) | Time: 10 ms | CovTrace: 0.555645 | Converged: True
[hdl_localization_node-13] [WARN] [1790453733.377145515] [sim_ndt]: Point-LIO odometry unavailable or stale for /localization/odometry twist; publishing zero twist
[hdl_localization_node-13] [INFO] [1790453733.549663383] [sim_ndt]: scan points: raw=1381 downsampled=1119 (leaf=0.05 m)
[hdl_localization_node-13] [INFO] [1790453733.570868586] [sim_ndt]: Metrics -> Error: 0.000789829 (RMSE ~0.0281039 m) | Time: 10 ms | CovTrace: 0.555646 | Converged: True
[hdl_localization_node-13] [INFO] [1790453733.767535245] [sim_ndt]: scan points: raw=1381 downsampled=1119 (leaf=0.05 m)
[hdl_localization_node-13] [INFO] [1790453733.774612298] [sim_ndt]: Metrics -> Error: 0.000782147 (RMSE ~0.0279669 m) | Time: 0 ms | CovTrace: 0.555647 | Converged: True
[hdl_localization_node-13] [INFO] [1790453733.954470302] [sim_ndt]: scan points: raw=1381 downsampled=1119 (leaf=0.05 m)
[hdl_localization_node-13] [INFO] [1790453733.969329064] [sim_ndt]: Metrics -> Error: 0.000784241 (RMSE ~0.0280043 m) | Time: 10 ms | CovTrace: 0.555648 | Converged: True
[hdl_localization_node-13] [INFO] [1790453734.148414939] [sim_ndt]: scan points: raw=1381 downsampled=1119 (leaf=0.05 m)
[hdl_localization_node-13] [INFO] [1790453734.159244033] [sim_ndt]: Metrics -> Error: 0.000784416 (RMSE ~0.0280074 m) | Time: 10 ms | CovTrace: 0.55565 | Converged: True
[hdl_localization_node-13] [INFO] [1790453734.354664930] [sim_ndt]: scan points: raw=1381 downsampled=1119 (leaf=0.05 m)
[hdl_localization_node-13] [INFO] [1790453734.371327464] [sim_ndt]: Metrics -> Error: 0.000781163 (RMSE ~0.0279493 m) | Time: 10 ms | CovTrace: 0.555651 | Converged: True
[hdl_localization_node-13] [INFO] [1790453734.558702682] [sim_ndt]: scan points: raw=1381 downsampled=1119 (leaf=0.05 m)
[hdl_localization_node-13] [INFO] [1790453734.564971348] [sim_ndt]: Metrics -> Error: 0.000789774 (RMSE ~0.0281029 m) | Time: 0 ms | CovTrace: 0.555652 | Converged: True
[hdl_localization_node-13] [INFO] [1790453734.762571782] [sim_ndt]: scan points: raw=1381 downsampled=1119 (leaf=0.05 m)
[hdl_localization_node-13] [INFO] [1790453734.772535019] [sim_ndt]: Metrics -> Error: 0.000787682 (RMSE ~0.0280657 m) | Time: 10 ms | CovTrace: 0.555653 | Converged: True
[hdl_localization_node-13] [INFO] [1790453734.954527070] [sim_ndt]: scan points: raw=1381 downsampled=1119 (leaf=0.05 m)
[hdl_localization_node-13] [INFO] [1790453734.975056337] [sim_ndt]: Metrics -> Error: 0.000777205 (RMSE ~0.0278784 m) | Time: 20 ms | CovTrace: 0.555654 | Converged: True
[trajectory_tracking_node-9] [WARN] [1790453734.989633462] [trajectory_tracking]: trajectory tracking stopped: no valid trajectory
[hdl_localization_node-13] [INFO] [1790453735.143868325] [sim_ndt]: scan points: raw=1381 downsampled=1119 (leaf=0.05 m)
[hdl_localization_node-13] [INFO] [1790453735.154620095] [sim_ndt]: Metrics -> Error: 0.000782812 (RMSE ~0.0279788 m) | Time: 10 ms | CovTrace: 0.555656 | Converged: True
[hdl_localization_node-13] [INFO] [1790453735.358197805] [sim_ndt]: scan points: raw=1381 downsampled=1119 (leaf=0.05 m)
[hdl_localization_node-13] [INFO] [1790453735.362629020] [sim_ndt]: Metrics -> Error: 0.000784066 (RMSE ~0.0280012 m) | Time: 0 ms | CovTrace: 0.555657 | Converged: True
[hdl_localization_node-13] [INFO] [1790453735.552370450] [sim_ndt]: scan points: raw=1381 downsampled=1119 (leaf=0.05 m)
[hdl_localization_node-13] [INFO] [1790453735.570116239] [sim_ndt]: Metrics -> Error: 0.000781325 (RMSE ~0.0279522 m) | Time: 10 ms | CovTrace: 0.555658 | Converged: True
[hdl_localization_node-13] [INFO] [1790453735.751970781] [sim_ndt]: scan points: raw=1381 downsampled=1119 (leaf=0.05 m)
[hdl_localization_node-13] [INFO] [1790453735.763542207] [sim_ndt]: Metrics -> Error: 0.000783033 (RMSE ~0.0279827 m) | Time: 10 ms | CovTrace: 0.555659 | Converged: True
[hdl_localization_node-13] [INFO] [1790453735.972463352] [sim_ndt]: scan points: raw=1381 downsampled=1119 (leaf=0.05 m)
[hdl_localization_node-13] [INFO] [1790453735.987591220] [sim_ndt]: Metrics -> Error: 0.00078432 (RMSE ~0.0280057 m) | Time: 10 ms | CovTrace: 0.555661 | Converged: True
[hdl_localization_node-13] [INFO] [1790453736.163064926] [sim_ndt]: scan points: raw=1381 downsampled=1119 (leaf=0.05 m)
[hdl_localization_node-13] [INFO] [1790453736.175813406] [sim_ndt]: Metrics -> Error: 0.000780663 (RMSE ~0.0279403 m) | Time: 10 ms | CovTrace: 0.555662 | Converged: True
[hdl_localization_node-13] [INFO] [1790453736.368814726] [sim_ndt]: scan points: raw=1381 downsampled=1119 (leaf=0.05 m)
[hdl_localization_node-13] [INFO] [1790453736.375057351] [sim_ndt]: Metrics -> Error: 0.000789719 (RMSE ~0.0281019 m) | Time: 0 ms | CovTrace: 0.555663 | Converged: True
[hdl_localization_node-13] [INFO] [1790453736.558945884] [sim_ndt]: scan points: raw=1381 downsampled=1119 (leaf=0.05 m)
[hdl_localization_node-13] [INFO] [1790453736.579623591] [sim_ndt]: Metrics -> Error: 0.000791655 (RMSE ~0.0281364 m) | Time: 10 ms | CovTrace: 0.555664 | Converged: True
[hdl_localization_node-13] [INFO] [1790453736.765358347] [sim_ndt]: scan points: raw=1381 downsampled=1119 (leaf=0.05 m)
[hdl_localization_node-13] [INFO] [1790453736.778734105] [sim_ndt]: Metrics -> Error: 0.000789053 (RMSE ~0.0280901 m) | Time: 10 ms | CovTrace: 0.555665 | Converged: True
[hdl_localization_node-13] [INFO] [1790453736.955480509] [sim_ndt]: scan points: raw=1381 downsampled=1119 (leaf=0.05 m)
[hdl_localization_node-13] [INFO] [1790453736.980886783] [sim_ndt]: Metrics -> Error: 0.000782242 (RMSE ~0.0279686 m) | Time: 30 ms | CovTrace: 0.555667 | Converged: True
[trajectory_tracking_node-9] [WARN] [1790453736.990299844] [trajectory_tracking]: trajectory tracking stopped: no valid trajectory
[hdl_localization_node-13] [INFO] [1790453737.168743992] [sim_ndt]: scan points: raw=1381 downsampled=1119 (leaf=0.05 m)
[hdl_localization_node-13] [INFO] [1790453737.184562752] [sim_ndt]: Metrics -> Error: 0.000791414 (RMSE ~0.0281321 m) | Time: 10 ms | CovTrace: 0.555668 | Converged: True
[hdl_localization_node-13] [INFO] [1790453737.374296861] [sim_ndt]: scan points: raw=1381 downsampled=1119 (leaf=0.05 m)
[hdl_localization_node-13] [INFO] [1790453737.390335729] [sim_ndt]: Metrics -> Error: 0.000791884 (RMSE ~0.0281404 m) | Time: 10 ms | CovTrace: 0.555669 | Converged: True
[hdl_localization_node-13] [INFO] [1790453737.555429595] [sim_ndt]: scan points: raw=1381 downsampled=1119 (leaf=0.05 m)
[hdl_localization_node-13] [INFO] [1790453737.567108369] [sim_ndt]: Metrics -> Error: 0.000791348 (RMSE ~0.0281309 m) | Time: 10 ms | CovTrace: 0.55567 | Converged: True
[hdl_localization_node-13] [INFO] [1790453737.754494905] [sim_ndt]: scan points: raw=1381 downsampled=1119 (leaf=0.05 m)
[hdl_localization_node-13] [INFO] [1790453737.768650584] [sim_ndt]: Metrics -> Error: 0.000783515 (RMSE ~0.0279913 m) | Time: 0 ms | CovTrace: 0.555671 | Converged: True
[hdl_localization_node-13] [INFO] [1790453737.952735124] [sim_ndt]: scan points: raw=1381 downsampled=1119 (leaf=0.05 m)
[hdl_localization_node-13] [INFO] [1790453737.962964987] [sim_ndt]: Metrics -> Error: 0.000783133 (RMSE ~0.0279845 m) | Time: 10 ms | CovTrace: 0.555673 | Converged: True
[hdl_localization_node-13] [INFO] [1790453738.154904276] [sim_ndt]: scan points: raw=1381 downsampled=1119 (leaf=0.05 m)
[hdl_localization_node-13] [INFO] [1790453738.166345086] [sim_ndt]: Metrics -> Error: 0.000790361 (RMSE ~0.0281134 m) | Time: 10 ms | CovTrace: 0.555674 | Converged: True
[hdl_localization_node-13] [INFO] [1790453738.357300434] [sim_ndt]: scan points: raw=1381 downsampled=1119 (leaf=0.05 m)
[hdl_localization_node-13] [INFO] [1790453738.374738322] [sim_ndt]: Metrics -> Error: 0.00079007 (RMSE ~0.0281082 m) | Time: 10 ms | CovTrace: 0.555675 | Converged: True
[hdl_localization_node-13] [WARN] [1790453738.378325174] [sim_ndt]: Point-LIO odometry unavailable or stale for /localization/odometry twist; publishing zero twist
[hdl_localization_node-13] [INFO] [1790453738.561725712] [sim_ndt]: scan points: raw=1381 downsampled=1119 (leaf=0.05 m)
[hdl_localization_node-13] [INFO] [1790453738.573678041] [sim_ndt]: Metrics -> Error: 0.00079237 (RMSE ~0.0281491 m) | Time: 10 ms | CovTrace: 0.555676 | Converged: True
[hdl_localization_node-13] [INFO] [1790453738.753250714] [sim_ndt]: scan points: raw=1381 downsampled=1119 (leaf=0.05 m)
[hdl_localization_node-13] [INFO] [1790453738.764940072] [sim_ndt]: Metrics -> Error: 0.000787195 (RMSE ~0.028057 m) | Time: 10 ms | CovTrace: 0.555677 | Converged: True
[hdl_localization_node-13] [INFO] [1790453738.952011632] [sim_ndt]: scan points: raw=1381 downsampled=1119 (leaf=0.05 m)
[hdl_localization_node-13] [INFO] [1790453738.971892307] [sim_ndt]: Metrics -> Error: 0.000783651 (RMSE ~0.0279938 m) | Time: 10 ms | CovTrace: 0.555679 | Converged: True
[hdl_localization_node-13] [INFO] [1790453739.150474731] [sim_ndt]: scan points: raw=1381 downsampled=1119 (leaf=0.05 m)
[hdl_localization_node-13] [INFO] [1790453739.164528421] [sim_ndt]: Metrics -> Error: 0.000790645 (RMSE ~0.0281184 m) | Time: 10 ms | CovTrace: 0.55568 | Converged: True
[trajectory_tracking_node-9] [WARN] [1790453739.179395403] [trajectory_tracking]: trajectory tracking stopped: no valid trajectory
[hdl_localization_node-13] [INFO] [1790453739.357449824] [sim_ndt]: scan points: raw=1381 downsampled=1119 (leaf=0.05 m)
[hdl_localization_node-13] [INFO] [1790453739.364743489] [sim_ndt]: Metrics -> Error: 0.000784804 (RMSE ~0.0280144 m) | Time: 10 ms | CovTrace: 0.555681 | Converged: True
[hdl_localization_node-13] [INFO] [1790453739.547097128] [sim_ndt]: scan points: raw=1381 downsampled=1119 (leaf=0.05 m)
[hdl_localization_node-13] [INFO] [1790453739.558128522] [sim_ndt]: Metrics -> Error: 0.000785632 (RMSE ~0.0280291 m) | Time: 0 ms | CovTrace: 0.555682 | Converged: True
[hdl_localization_node-13] [INFO] [1790453739.756602921] [sim_ndt]: scan points: raw=1381 downsampled=1119 (leaf=0.05 m)
[hdl_localization_node-13] [INFO] [1790453739.771660660] [sim_ndt]: Metrics -> Error: 0.000785132 (RMSE ~0.0280202 m) | Time: 10 ms | CovTrace: 0.555683 | Converged: True
[hdl_localization_node-13] [INFO] [1790453739.963309060] [sim_ndt]: scan points: raw=1381 downsampled=1119 (leaf=0.05 m)
[hdl_localization_node-13] [INFO] [1790453739.986186868] [sim_ndt]: Metrics -> Error: 0.000797135 (RMSE ~0.0282336 m) | Time: 20 ms | CovTrace: 0.555685 | Converged: True
[hdl_localization_node-13] [INFO] [1790453740.154232518] [sim_ndt]: scan points: raw=1381 downsampled=1119 (leaf=0.05 m)
[hdl_localization_node-13] [INFO] [1790453740.172095088] [sim_ndt]: Metrics -> Error: 0.000792273 (RMSE ~0.0281473 m) | Time: 10 ms | CovTrace: 0.555686 | Converged: True
[hdl_localization_node-13] [INFO] [1790453740.360841850] [sim_ndt]: scan points: raw=1381 downsampled=1119 (leaf=0.05 m)
[hdl_localization_node-13] [INFO] [1790453740.373127404] [sim_ndt]: Metrics -> Error: 0.00077985 (RMSE ~0.0279258 m) | Time: 10 ms | CovTrace: 0.555687 | Converged: True
[hdl_localization_node-13] [INFO] [1790453740.542716013] [sim_ndt]: scan points: raw=1381 downsampled=1119 (leaf=0.05 m)
[hdl_localization_node-13] [INFO] [1790453740.572535887] [sim_ndt]: Metrics -> Error: 0.000778179 (RMSE ~0.0278959 m) | Time: 20 ms | CovTrace: 0.555688 | Converged: True
[hdl_localization_node-13] [INFO] [1790453740.758432444] [sim_ndt]: scan points: raw=1381 downsampled=1119 (leaf=0.05 m)
[hdl_localization_node-13] [INFO] [1790453740.785863149] [sim_ndt]: Metrics -> Error: 0.000786948 (RMSE ~0.0280526 m) | Time: 20 ms | CovTrace: 0.55569 | Converged: True
[hdl_localization_node-13] [INFO] [1790453740.983272501] [sim_ndt]: scan points: raw=1381 downsampled=1119 (leaf=0.05 m)
[hdl_localization_node-13] [INFO] [1790453741.004758139] [sim_ndt]: Metrics -> Error: 0.000782214 (RMSE ~0.0279681 m) | Time: 10 ms | CovTrace: 0.555691 | Converged: True
[hdl_localization_node-13] [INFO] [1790453741.175153521] [sim_ndt]: scan points: raw=1381 downsampled=1119 (leaf=0.05 m)
[hdl_localization_node-13] [INFO] [1790453741.197175179] [sim_ndt]: Metrics -> Error: 0.000791652 (RMSE ~0.0281363 m) | Time: 20 ms | CovTrace: 0.555692 | Converged: True
[trajectory_tracking_node-9] [WARN] [1790453741.211487914] [trajectory_tracking]: trajectory tracking stopped: no valid trajectory
[hdl_localization_node-13] [INFO] [1790453741.358679574] [sim_ndt]: scan points: raw=1381 downsampled=1119 (leaf=0.05 m)
[hdl_localization_node-13] [INFO] [1790453741.382483471] [sim_ndt]: Metrics -> Error: 0.000787594 (RMSE ~0.0280641 m) | Time: 20 ms | CovTrace: 0.555693 | Converged: True
[hdl_localization_node-13] [INFO] [1790453741.562299129] [sim_ndt]: scan points: raw=1381 downsampled=1119 (leaf=0.05 m)
[hdl_localization_node-13] [INFO] [1790453741.571650445] [sim_ndt]: Metrics -> Error: 0.00079154 (RMSE ~0.0281343 m) | Time: 10 ms | CovTrace: 0.555694 | Converged: True
[hdl_localization_node-13] [INFO] [1790453741.758897091] [sim_ndt]: scan points: raw=1381 downsampled=1119 (leaf=0.05 m)
[hdl_localization_node-13] [INFO] [1790453741.779074935] [sim_ndt]: Metrics -> Error: 0.000778331 (RMSE ~0.0278986 m) | Time: 10 ms | CovTrace: 0.555696 | Converged: True
[hdl_localization_node-13] [INFO] [1790453741.962969414] [sim_ndt]: scan points: raw=1381 downsampled=1119 (leaf=0.05 m)
[hdl_localization_node-13] [INFO] [1790453741.985783393] [sim_ndt]: Metrics -> Error: 0.000785632 (RMSE ~0.0280291 m) | Time: 20 ms | CovTrace: 0.555697 | Converged: True
[hdl_localization_node-13] [INFO] [1790453742.143938445] [sim_ndt]: scan points: raw=1381 downsampled=1119 (leaf=0.05 m)
[hdl_localization_node-13] [INFO] [1790453742.160144188] [sim_ndt]: Metrics -> Error: 0.000781371 (RMSE ~0.027953 m) | Time: 20 ms | CovTrace: 0.555698 | Converged: True
[hdl_localization_node-13] [INFO] [1790453742.353480598] [sim_ndt]: scan points: raw=1381 downsampled=1119 (leaf=0.05 m)
[hdl_localization_node-13] [INFO] [1790453742.361591101] [sim_ndt]: Metrics -> Error: 0.000787652 (RMSE ~0.0280651 m) | Time: 10 ms | CovTrace: 0.555699 | Converged: True
[hdl_localization_node-13] [INFO] [1790453742.560027619] [sim_ndt]: scan points: raw=1381 downsampled=1119 (leaf=0.05 m)
[hdl_localization_node-13] [INFO] [1790453742.582085867] [sim_ndt]: Metrics -> Error: 0.000775283 (RMSE ~0.0278439 m) | Time: 20 ms | CovTrace: 0.5557 | Converged: True
[hdl_localization_node-13] [INFO] [1790453742.763086412] [sim_ndt]: scan points: raw=1381 downsampled=1119 (leaf=0.05 m)
[hdl_localization_node-13] [INFO] [1790453742.775593519] [sim_ndt]: Metrics -> Error: 0.000785428 (RMSE ~0.0280255 m) | Time: 10 ms | CovTrace: 0.555702 | Converged: True
[hdl_localization_node-13] [INFO] [1790453742.963198478] [sim_ndt]: scan points: raw=1381 downsampled=1119 (leaf=0.05 m)
[hdl_localization_node-13] [INFO] [1790453742.974916920] [sim_ndt]: Metrics -> Error: 0.000785001 (RMSE ~0.0280179 m) | Time: 0 ms | CovTrace: 0.555703 | Converged: True
[hdl_localization_node-13] [INFO] [1790453743.150090317] [sim_ndt]: scan points: raw=1381 downsampled=1119 (leaf=0.05 m)
[hdl_localization_node-13] [INFO] [1790453743.160851388] [sim_ndt]: Metrics -> Error: 0.000791554 (RMSE ~0.0281346 m) | Time: 10 ms | CovTrace: 0.555704 | Converged: True
[hdl_localization_node-13] [INFO] [1790453743.356720621] [sim_ndt]: scan points: raw=1381 downsampled=1119 (leaf=0.05 m)
[hdl_localization_node-13] [INFO] [1790453743.381278109] [sim_ndt]: Metrics -> Error: 0.00077393 (RMSE ~0.0278196 m) | Time: 20 ms | CovTrace: 0.555705 | Converged: True
[hdl_localization_node-13] [WARN] [1790453743.386801131] [sim_ndt]: Point-LIO odometry unavailable or stale for /localization/odometry twist; publishing zero twist
[trajectory_tracking_node-9] [WARN] [1790453743.392878308] [trajectory_tracking]: trajectory tracking stopped: no valid trajectory
[hdl_localization_node-13] [INFO] [1790453743.559140640] [sim_ndt]: scan points: raw=1381 downsampled=1119 (leaf=0.05 m)
[hdl_localization_node-13] [INFO] [1790453743.577380763] [sim_ndt]: Metrics -> Error: 0.000785172 (RMSE ~0.0280209 m) | Time: 10 ms | CovTrace: 0.555706 | Converged: True
[hdl_localization_node-13] [INFO] [1790453743.754481407] [sim_ndt]: scan points: raw=1381 downsampled=1119 (leaf=0.05 m)
[hdl_localization_node-13] [INFO] [1790453743.760830785] [sim_ndt]: Metrics -> Error: 0.000787071 (RMSE ~0.0280548 m) | Time: 10 ms | CovTrace: 0.555708 | Converged: True
[hdl_localization_node-13] [INFO] [1790453743.953321623] [sim_ndt]: scan points: raw=1381 downsampled=1119 (leaf=0.05 m)
[hdl_localization_node-13] [INFO] [1790453743.963759586] [sim_ndt]: Metrics -> Error: 0.000790025 (RMSE ~0.0281074 m) | Time: 10 ms | CovTrace: 0.555709 | Converged: True
[hdl_localization_node-13] [INFO] [1790453744.172885325] [sim_ndt]: scan points: raw=1381 downsampled=1119 (leaf=0.05 m)
[hdl_localization_node-13] [INFO] [1790453744.189951890] [sim_ndt]: Metrics -> Error: 0.000789028 (RMSE ~0.0280896 m) | Time: 10 ms | CovTrace: 0.55571 | Converged: True
[hdl_localization_node-13] [INFO] [1790453744.353611641] [sim_ndt]: scan points: raw=1381 downsampled=1119 (leaf=0.05 m)
[hdl_localization_node-13] [INFO] [1790453744.363769364] [sim_ndt]: Metrics -> Error: 0.000786243 (RMSE ~0.02804 m) | Time: 10 ms | CovTrace: 0.555711 | Converged: True
[hdl_localization_node-13] [INFO] [1790453744.553868098] [sim_ndt]: scan points: raw=1381 downsampled=1119 (leaf=0.05 m)
[hdl_localization_node-13] [INFO] [1790453744.591116723] [sim_ndt]: Metrics -> Error: 0.000788761 (RMSE ~0.0280849 m) | Time: 30 ms | CovTrace: 0.555712 | Converged: True
[hdl_localization_node-13] [INFO] [1790453744.794772676] [sim_ndt]: scan points: raw=1381 downsampled=1119 (leaf=0.05 m)
[hdl_localization_node-13] [INFO] [1790453744.812075898] [sim_ndt]: Metrics -> Error: 0.000783715 (RMSE ~0.0279949 m) | Time: 20 ms | CovTrace: 0.555714 | Converged: True
[hdl_localization_node-13] [INFO] [1790453744.971919446] [sim_ndt]: scan points: raw=1381 downsampled=1119 (leaf=0.05 m)
[hdl_localization_node-13] [INFO] [1790453744.980753589] [sim_ndt]: Metrics -> Error: 0.000789269 (RMSE ~0.0280939 m) | Time: 10 ms | CovTrace: 0.555715 | Converged: True
[hdl_localization_node-13] [INFO] [1790453745.153645929] [sim_ndt]: scan points: raw=1381 downsampled=1119 (leaf=0.05 m)
[hdl_localization_node-13] [INFO] [1790453745.174072379] [sim_ndt]: Metrics -> Error: 0.000792047 (RMSE ~0.0281433 m) | Time: 20 ms | CovTrace: 0.555716 | Converged: True
[hdl_localization_node-13] [INFO] [1790453745.364637582] [sim_ndt]: scan points: raw=1381 downsampled=1119 (leaf=0.05 m)
[hdl_localization_node-13] [INFO] [1790453745.382129291] [sim_ndt]: Metrics -> Error: 0.000791899 (RMSE ~0.0281407 m) | Time: 10 ms | CovTrace: 0.555717 | Converged: True
[hdl_localization_node-13] [INFO] [1790453745.583702605] [sim_ndt]: scan points: raw=1381 downsampled=1119 (leaf=0.05 m)
[hdl_localization_node-13] [INFO] [1790453745.590801618] [sim_ndt]: Metrics -> Error: 0.000788266 (RMSE ~0.0280761 m) | Time: 0 ms | CovTrace: 0.555718 | Converged: True
[trajectory_tracking_node-9] [WARN] [1790453745.596527345] [trajectory_tracking]: trajectory tracking stopped: no valid trajectory
[hdl_localization_node-13] [INFO] [1790453745.791842209] [sim_ndt]: scan points: raw=1381 downsampled=1119 (leaf=0.05 m)
[hdl_localization_node-13] [INFO] [1790453745.808615007] [sim_ndt]: Metrics -> Error: 0.000786963 (RMSE ~0.0280529 m) | Time: 0 ms | CovTrace: 0.55572 | Converged: True
[hdl_localization_node-13] [INFO] [1790453745.966737169] [sim_ndt]: scan points: raw=1381 downsampled=1119 (leaf=0.05 m)
[hdl_localization_node-13] [INFO] [1790453745.980261621] [sim_ndt]: Metrics -> Error: 0.000789622 (RMSE ~0.0281002 m) | Time: 0 ms | CovTrace: 0.555721 | Converged: True
[hdl_localization_node-13] [INFO] [1790453746.175134955] [sim_ndt]: scan points: raw=1381 downsampled=1119 (leaf=0.05 m)
[hdl_localization_node-13] [INFO] [1790453746.190059289] [sim_ndt]: Metrics -> Error: 0.000785998 (RMSE ~0.0280357 m) | Time: 10 ms | CovTrace: 0.555722 | Converged: True
[hdl_localization_node-13] [INFO] [1790453746.368221649] [sim_ndt]: scan points: raw=1381 downsampled=1119 (leaf=0.05 m)
[hdl_localization_node-13] [INFO] [1790453746.386978275] [sim_ndt]: Metrics -> Error: 0.00078696 (RMSE ~0.0280528 m) | Time: 10 ms | CovTrace: 0.555723 | Converged: True
[hdl_localization_node-13] [INFO] [1790453746.575533633] [sim_ndt]: scan points: raw=1381 downsampled=1119 (leaf=0.05 m)
[hdl_localization_node-13] [INFO] [1790453746.591039969] [sim_ndt]: Metrics -> Error: 0.000775629 (RMSE ~0.0278501 m) | Time: 10 ms | CovTrace: 0.555725 | Converged: True
[hdl_localization_node-13] [INFO] [1790453746.772491020] [sim_ndt]: scan points: raw=1381 downsampled=1119 (leaf=0.05 m)
[hdl_localization_node-13] [INFO] [1790453746.790738895] [sim_ndt]: Metrics -> Error: 0.000783536 (RMSE ~0.0279917 m) | Time: 10 ms | CovTrace: 0.555726 | Converged: True
[hdl_localization_node-13] [INFO] [1790453746.978443017] [sim_ndt]: scan points: raw=1381 downsampled=1119 (leaf=0.05 m)
[hdl_localization_node-13] [INFO] [1790453746.991605931] [sim_ndt]: Metrics -> Error: 0.000782526 (RMSE ~0.0279737 m) | Time: 10 ms | CovTrace: 0.555727 | Converged: True
[hdl_localization_node-13] [INFO] [1790453747.186880272] [sim_ndt]: scan points: raw=1381 downsampled=1119 (leaf=0.05 m)
[hdl_localization_node-13] [INFO] [1790453747.203351553] [sim_ndt]: Metrics -> Error: 0.000786518 (RMSE ~0.0280449 m) | Time: 10 ms | CovTrace: 0.555728 | Converged: True
[hdl_localization_node-13] [INFO] [1790453747.370801088] [sim_ndt]: scan points: raw=1381 downsampled=1119 (leaf=0.05 m)
[hdl_localization_node-13] [INFO] [1790453747.384359707] [sim_ndt]: Metrics -> Error: 0.000791157 (RMSE ~0.0281275 m) | Time: 0 ms | CovTrace: 0.555729 | Converged: True
[hdl_localization_node-13] [INFO] [1790453747.576993321] [sim_ndt]: scan points: raw=1381 downsampled=1119 (leaf=0.05 m)
[hdl_localization_node-13] [INFO] [1790453747.595696681] [sim_ndt]: Metrics -> Error: 0.00078657 (RMSE ~0.0280458 m) | Time: 10 ms | CovTrace: 0.555731 | Converged: True
[trajectory_tracking_node-9] [WARN] [1790453747.611089133] [trajectory_tracking]: trajectory tracking stopped: no valid trajectory
[hdl_localization_node-13] [INFO] [1790453747.774557353] [sim_ndt]: scan points: raw=1381 downsampled=1119 (leaf=0.05 m)
[hdl_localization_node-13] [INFO] [1790453747.796086651] [sim_ndt]: Metrics -> Error: 0.000789453 (RMSE ~0.0280972 m) | Time: 20 ms | CovTrace: 0.555732 | Converged: True
[hdl_localization_node-13] [INFO] [1790453747.971828616] [sim_ndt]: scan points: raw=1381 downsampled=1119 (leaf=0.05 m)
[hdl_localization_node-13] [INFO] [1790453747.989313134] [sim_ndt]: Metrics -> Error: 0.000789011 (RMSE ~0.0280893 m) | Time: 0 ms | CovTrace: 0.555733 | Converged: True
[hdl_localization_node-13] [INFO] [1790453748.160503041] [sim_ndt]: scan points: raw=1381 downsampled=1119 (leaf=0.05 m)
[hdl_localization_node-13] [INFO] [1790453748.174134805] [sim_ndt]: Metrics -> Error: 0.000789127 (RMSE ~0.0280914 m) | Time: 0 ms | CovTrace: 0.555734 | Converged: True
[hdl_localization_node-13] [INFO] [1790453748.380307167] [sim_ndt]: scan points: raw=1381 downsampled=1119 (leaf=0.05 m)
[hdl_localization_node-13] [INFO] [1790453748.400458613] [sim_ndt]: Metrics -> Error: 0.000775072 (RMSE ~0.0278401 m) | Time: 20 ms | CovTrace: 0.555735 | Converged: True
[hdl_localization_node-13] [WARN] [1790453748.405898952] [sim_ndt]: Point-LIO odometry unavailable or stale for /localization/odometry twist; publishing zero twist
[hdl_localization_node-13] [INFO] [1790453748.574535711] [sim_ndt]: scan points: raw=1381 downsampled=1119 (leaf=0.05 m)
[hdl_localization_node-13] [INFO] [1790453748.602522702] [sim_ndt]: Metrics -> Error: 0.000781587 (RMSE ~0.0279569 m) | Time: 20 ms | CovTrace: 0.555737 | Converged: True
[hdl_localization_node-13] [INFO] [1790453748.768138988] [sim_ndt]: scan points: raw=1381 downsampled=1119 (leaf=0.05 m)
[hdl_localization_node-13] [INFO] [1790453748.776387840] [sim_ndt]: Metrics -> Error: 0.00077809 (RMSE ~0.0278943 m) | Time: 10 ms | CovTrace: 0.555738 | Converged: True
[hdl_localization_node-13] [INFO] [1790453748.999455568] [sim_ndt]: scan points: raw=1381 downsampled=1119 (leaf=0.05 m)
[hdl_localization_node-13] [INFO] [1790453749.018293685] [sim_ndt]: Metrics -> Error: 0.000782988 (RMSE ~0.0279819 m) | Time: 20 ms | CovTrace: 0.555739 | Converged: True
[hdl_localization_node-13] [INFO] [1790453749.174521739] [sim_ndt]: scan points: raw=1381 downsampled=1119 (leaf=0.05 m)
[hdl_localization_node-13] [INFO] [1790453749.196122153] [sim_ndt]: Metrics -> Error: 0.000787099 (RMSE ~0.0280553 m) | Time: 20 ms | CovTrace: 0.55574 | Converged: True
[hdl_localization_node-13] [INFO] [1790453749.381408515] [sim_ndt]: scan points: raw=1381 downsampled=1119 (leaf=0.05 m)
[hdl_localization_node-13] [INFO] [1790453749.403300125] [sim_ndt]: Metrics -> Error: 0.000785741 (RMSE ~0.0280311 m) | Time: 20 ms | CovTrace: 0.555741 | Converged: True
[hdl_localization_node-13] [INFO] [1790453749.591718744] [sim_ndt]: scan points: raw=1381 downsampled=1119 (leaf=0.05 m)
[hdl_localization_node-13] [INFO] [1790453749.601780457] [sim_ndt]: Metrics -> Error: 0.000784029 (RMSE ~0.0280005 m) | Time: 10 ms | CovTrace: 0.555743 | Converged: True
[trajectory_tracking_node-9] [WARN] [1790453749.622519628] [trajectory_tracking]: trajectory tracking stopped: no valid trajectory
[hdl_localization_node-13] [INFO] [1790453749.777864550] [sim_ndt]: scan points: raw=1381 downsampled=1119 (leaf=0.05 m)
[hdl_localization_node-13] [INFO] [1790453749.788196628] [sim_ndt]: Metrics -> Error: 0.00078945 (RMSE ~0.0280971 m) | Time: 0 ms | CovTrace: 0.555744 | Converged: True
[hdl_localization_node-13] [INFO] [1790453749.980520550] [sim_ndt]: scan points: raw=1381 downsampled=1119 (leaf=0.05 m)
[hdl_localization_node-13] [INFO] [1790453749.999361691] [sim_ndt]: Metrics -> Error: 0.000783304 (RMSE ~0.0279876 m) | Time: 10 ms | CovTrace: 0.555745 | Converged: True
[hdl_localization_node-13] [INFO] [1790453750.189022286] [sim_ndt]: scan points: raw=1381 downsampled=1119 (leaf=0.05 m)
[hdl_localization_node-13] [INFO] [1790453750.196128505] [sim_ndt]: Metrics -> Error: 0.000787034 (RMSE ~0.0280541 m) | Time: 0 ms | CovTrace: 0.555746 | Converged: True
[hdl_localization_node-13] [INFO] [1790453750.380351671] [sim_ndt]: scan points: raw=1381 downsampled=1119 (leaf=0.05 m)
[hdl_localization_node-13] [INFO] [1790453750.395463030] [sim_ndt]: Metrics -> Error: 0.000786735 (RMSE ~0.0280488 m) | Time: 10 ms | CovTrace: 0.555747 | Converged: True
[hdl_localization_node-13] [INFO] [1790453750.578125028] [sim_ndt]: scan points: raw=1381 downsampled=1119 (leaf=0.05 m)
[hdl_localization_node-13] [INFO] [1790453750.592144620] [sim_ndt]: Metrics -> Error: 0.000789798 (RMSE ~0.0281033 m) | Time: 10 ms | CovTrace: 0.555749 | Converged: True
[hdl_localization_node-13] [INFO] [1790453750.779481292] [sim_ndt]: scan points: raw=1381 downsampled=1119 (leaf=0.05 m)
[hdl_localization_node-13] [INFO] [1790453750.788354484] [sim_ndt]: Metrics -> Error: 0.000779608 (RMSE ~0.0279215 m) | Time: 10 ms | CovTrace: 0.55575 | Converged: True
[hdl_localization_node-13] [INFO] [1790453750.990356346] [sim_ndt]: scan points: raw=1381 downsampled=1119 (leaf=0.05 m)
[hdl_localization_node-13] [INFO] [1790453751.007607479] [sim_ndt]: Metrics -> Error: 0.000790356 (RMSE ~0.0281133 m) | Time: 10 ms | CovTrace: 0.555751 | Converged: True
[hdl_localization_node-13] [INFO] [1790453751.188178246] [sim_ndt]: scan points: raw=1381 downsampled=1119 (leaf=0.05 m)
[hdl_localization_node-13] [INFO] [1790453751.214391895] [sim_ndt]: Metrics -> Error: 0.000792766 (RMSE ~0.0281561 m) | Time: 30 ms | CovTrace: 0.555752 | Converged: True
[hdl_localization_node-13] [INFO] [1790453751.406347035] [sim_ndt]: scan points: raw=1381 downsampled=1119 (leaf=0.05 m)
[hdl_localization_node-13] [INFO] [1790453751.428297820] [sim_ndt]: Metrics -> Error: 0.000791917 (RMSE ~0.028141 m) | Time: 10 ms | CovTrace: 0.555754 | Converged: True
[hdl_localization_node-13] [INFO] [1790453751.576705361] [sim_ndt]: scan points: raw=1381 downsampled=1119 (leaf=0.05 m)
[hdl_localization_node-13] [INFO] [1790453751.586051162] [sim_ndt]: Metrics -> Error: 0.000779316 (RMSE ~0.0279162 m) | Time: 0 ms | CovTrace: 0.555755 | Converged: True
[hdl_localization_node-13] [INFO] [1790453751.785473014] [sim_ndt]: scan points: raw=1381 downsampled=1119 (leaf=0.05 m)
[hdl_localization_node-13] [INFO] [1790453751.799688344] [sim_ndt]: Metrics -> Error: 0.000791658 (RMSE ~0.0281364 m) | Time: 10 ms | CovTrace: 0.555756 | Converged: True
[trajectory_tracking_node-9] [WARN] [1790453751.805521690] [trajectory_tracking]: trajectory tracking stopped: no valid trajectory
[hdl_localization_node-13] [INFO] [1790453751.971459236] [sim_ndt]: scan points: raw=1381 downsampled=1119 (leaf=0.05 m)
[hdl_localization_node-13] [INFO] [1790453751.991175382] [sim_ndt]: Metrics -> Error: 0.000791209 (RMSE ~0.0281284 m) | Time: 20 ms | CovTrace: 0.555757 | Converged: True
[hdl_localization_node-13] [INFO] [1790453752.173631138] [sim_ndt]: scan points: raw=1381 downsampled=1119 (leaf=0.05 m)
[hdl_localization_node-13] [INFO] [1790453752.192281996] [sim_ndt]: Metrics -> Error: 0.000786362 (RMSE ~0.0280421 m) | Time: 20 ms | CovTrace: 0.555758 | Converged: True
[hdl_localization_node-13] [INFO] [1790453752.388513075] [sim_ndt]: scan points: raw=1381 downsampled=1119 (leaf=0.05 m)
[hdl_localization_node-13] [INFO] [1790453752.419485585] [sim_ndt]: Metrics -> Error: 0.000788276 (RMSE ~0.0280763 m) | Time: 20 ms | CovTrace: 0.55576 | Converged: True
[hdl_localization_node-13] [INFO] [1790453752.576222523] [sim_ndt]: scan points: raw=1381 downsampled=1119 (leaf=0.05 m)
[hdl_localization_node-13] [INFO] [1790453752.584177714] [sim_ndt]: Metrics -> Error: 0.000780121 (RMSE ~0.0279307 m) | Time: 0 ms | CovTrace: 0.555761 | Converged: True
[hdl_localization_node-13] [INFO] [1790453752.786587448] [sim_ndt]: scan points: raw=1381 downsampled=1119 (leaf=0.05 m)
[hdl_localization_node-13] [INFO] [1790453752.795547176] [sim_ndt]: Metrics -> Error: 0.000783181 (RMSE ~0.0279854 m) | Time: 0 ms | CovTrace: 0.555762 | Converged: True
[hdl_localization_node-13] [INFO] [1790453752.988625396] [sim_ndt]: scan points: raw=1381 downsampled=1119 (leaf=0.05 m)
[hdl_localization_node-13] [INFO] [1790453753.010045436] [sim_ndt]: Metrics -> Error: 0.000788568 (RMSE ~0.0280814 m) | Time: 20 ms | CovTrace: 0.555763 | Converged: True
[hdl_localization_node-13] [INFO] [1790453753.175100548] [sim_ndt]: scan points: raw=1381 downsampled=1119 (leaf=0.05 m)
[hdl_localization_node-13] [INFO] [1790453753.191722918] [sim_ndt]: Metrics -> Error: 0.000786749 (RMSE ~0.028049 m) | Time: 0 ms | CovTrace: 0.555764 | Converged: True
[hdl_localization_node-13] [INFO] [1790453753.377718625] [sim_ndt]: scan points: raw=1381 downsampled=1119 (leaf=0.05 m)
[hdl_localization_node-13] [INFO] [1790453753.388330627] [sim_ndt]: Metrics -> Error: 0.000782752 (RMSE ~0.0279777 m) | Time: 10 ms | CovTrace: 0.555766 | Converged: True
[hdl_localization_node-13] [INFO] [1790453753.578564295] [sim_ndt]: scan points: raw=1381 downsampled=1119 (leaf=0.05 m)
[hdl_localization_node-13] [INFO] [1790453753.586808832] [sim_ndt]: Metrics -> Error: 0.000785825 (RMSE ~0.0280326 m) | Time: 0 ms | CovTrace: 0.555767 | Converged: True
[hdl_localization_node-13] [WARN] [1790453753.590978198] [sim_ndt]: Point-LIO odometry unavailable or stale for /localization/odometry twist; publishing zero twist
[hdl_localization_node-13] [INFO] [1790453753.779448133] [sim_ndt]: scan points: raw=1381 downsampled=1119 (leaf=0.05 m)
[hdl_localization_node-13] [INFO] [1790453753.786887685] [sim_ndt]: Metrics -> Error: 0.00079269 (RMSE ~0.0281548 m) | Time: 0 ms | CovTrace: 0.555768 | Converged: True
[hdl_localization_node-13] [INFO] [1790453753.984486014] [sim_ndt]: scan points: raw=1381 downsampled=1119 (leaf=0.05 m)
[hdl_localization_node-13] [INFO] [1790453754.011875347] [sim_ndt]: Metrics -> Error: 0.00077942 (RMSE ~0.0279181 m) | Time: 30 ms | CovTrace: 0.555769 | Converged: True
[trajectory_tracking_node-9] [WARN] [1790453754.022026413] [trajectory_tracking]: trajectory tracking stopped: no valid trajectory
[hdl_localization_node-13] [INFO] [1790453754.190814724] [sim_ndt]: scan points: raw=1381 downsampled=1119 (leaf=0.05 m)
[hdl_localization_node-13] [INFO] [1790453754.199068393] [sim_ndt]: Metrics -> Error: 0.000785662 (RMSE ~0.0280297 m) | Time: 10 ms | CovTrace: 0.55577 | Converged: True
[hdl_localization_node-13] [INFO] [1790453754.384691890] [sim_ndt]: scan points: raw=1381 downsampled=1119 (leaf=0.05 m)
[hdl_localization_node-13] [INFO] [1790453754.398735119] [sim_ndt]: Metrics -> Error: 0.000781799 (RMSE ~0.0279607 m) | Time: 10 ms | CovTrace: 0.555772 | Converged: True
[hdl_localization_node-13] [INFO] [1790453754.581900068] [sim_ndt]: scan points: raw=1381 downsampled=1119 (leaf=0.05 m)
[hdl_localization_node-13] [INFO] [1790453754.594781752] [sim_ndt]: Metrics -> Error: 0.000783336 (RMSE ~0.0279881 m) | Time: 10 ms | CovTrace: 0.555773 | Converged: True
[hdl_localization_node-13] [INFO] [1790453754.775768857] [sim_ndt]: scan points: raw=1381 downsampled=1119 (leaf=0.05 m)
[hdl_localization_node-13] [INFO] [1790453754.795816978] [sim_ndt]: Metrics -> Error: 0.00078913 (RMSE ~0.0280915 m) | Time: 10 ms | CovTrace: 0.555774 | Converged: True
[hdl_localization_node-13] [INFO] [1790453754.966599380] [sim_ndt]: scan points: raw=1381 downsampled=1119 (leaf=0.05 m)
[hdl_localization_node-13] [INFO] [1790453754.972037211] [sim_ndt]: Metrics -> Error: 0.000789174 (RMSE ~0.0280922 m) | Time: 0 ms | CovTrace: 0.555775 | Converged: True
[hdl_localization_node-13] [INFO] [1790453755.189871899] [sim_ndt]: scan points: raw=1381 downsampled=1119 (leaf=0.05 m)
[hdl_localization_node-13] [INFO] [1790453755.199248150] [sim_ndt]: Metrics -> Error: 0.000779137 (RMSE ~0.027913 m) | Time: 10 ms | CovTrace: 0.555776 | Converged: True
[hdl_localization_node-13] [INFO] [1790453755.390204076] [sim_ndt]: scan points: raw=1381 downsampled=1119 (leaf=0.05 m)
[hdl_localization_node-13] [INFO] [1790453755.405832647] [sim_ndt]: Metrics -> Error: 0.000778022 (RMSE ~0.027893 m) | Time: 10 ms | CovTrace: 0.555778 | Converged: True
[hdl_localization_node-13] [INFO] [1790453755.577061306] [sim_ndt]: scan points: raw=1381 downsampled=1119 (leaf=0.05 m)
[hdl_localization_node-13] [INFO] [1790453755.581585345] [sim_ndt]: Metrics -> Error: 0.000783582 (RMSE ~0.0279925 m) | Time: 0 ms | CovTrace: 0.555779 | Converged: True
[hdl_localization_node-13] [INFO] [1790453755.779032977] [sim_ndt]: scan points: raw=1381 downsampled=1119 (leaf=0.05 m)
[hdl_localization_node-13] [INFO] [1790453755.796982474] [sim_ndt]: Metrics -> Error: 0.000784682 (RMSE ~0.0280122 m) | Time: 10 ms | CovTrace: 0.55578 | Converged: True
[hdl_localization_node-13] [INFO] [1790453755.970389465] [sim_ndt]: scan points: raw=1381 downsampled=1119 (leaf=0.05 m)
[hdl_localization_node-13] [INFO] [1790453755.975211191] [sim_ndt]: Metrics -> Error: 0.000783051 (RMSE ~0.027983 m) | Time: 0 ms | CovTrace: 0.555781 | Converged: True
[hdl_localization_node-13] [INFO] [1790453756.181581214] [sim_ndt]: scan points: raw=1381 downsampled=1119 (leaf=0.05 m)
[hdl_localization_node-13] [INFO] [1790453756.196950763] [sim_ndt]: Metrics -> Error: 0.000781008 (RMSE ~0.0279465 m) | Time: 10 ms | CovTrace: 0.555782 | Converged: True
[trajectory_tracking_node-9] [WARN] [1790453756.207840911] [trajectory_tracking]: trajectory tracking stopped: no valid trajectory
[hdl_localization_node-13] [INFO] [1790453756.374464464] [sim_ndt]: scan points: raw=1381 downsampled=1119 (leaf=0.05 m)
[hdl_localization_node-13] [INFO] [1790453756.395812857] [sim_ndt]: Metrics -> Error: 0.000785201 (RMSE ~0.0280214 m) | Time: 10 ms | CovTrace: 0.555784 | Converged: True
[hdl_localization_node-13] [INFO] [1790453756.587274182] [sim_ndt]: scan points: raw=1381 downsampled=1119 (leaf=0.05 m)
[hdl_localization_node-13] [INFO] [1790453756.605913268] [sim_ndt]: Metrics -> Error: 0.000787201 (RMSE ~0.0280571 m) | Time: 20 ms | CovTrace: 0.555785 | Converged: True
[hdl_localization_node-13] [INFO] [1790453756.774215933] [sim_ndt]: scan points: raw=1381 downsampled=1119 (leaf=0.05 m)
[hdl_localization_node-13] [INFO] [1790453756.789992205] [sim_ndt]: Metrics -> Error: 0.000790971 (RMSE ~0.0281242 m) | Time: 10 ms | CovTrace: 0.555786 | Converged: True
[hdl_localization_node-13] [INFO] [1790453756.982608834] [sim_ndt]: scan points: raw=1381 downsampled=1119 (leaf=0.05 m)
[hdl_localization_node-13] [INFO] [1790453756.990891745] [sim_ndt]: Metrics -> Error: 0.000787047 (RMSE ~0.0280544 m) | Time: 10 ms | CovTrace: 0.555787 | Converged: True
[hdl_localization_node-13] [INFO] [1790453757.181462942] [sim_ndt]: scan points: raw=1381 downsampled=1119 (leaf=0.05 m)
[hdl_localization_node-13] [INFO] [1790453757.192692712] [sim_ndt]: Metrics -> Error: 0.00078886 (RMSE ~0.0280866 m) | Time: 10 ms | CovTrace: 0.555789 | Converged: True
[hdl_localization_node-13] [INFO] [1790453757.383263874] [sim_ndt]: scan points: raw=1381 downsampled=1119 (leaf=0.05 m)
[hdl_localization_node-13] [INFO] [1790453757.396971710] [sim_ndt]: Metrics -> Error: 0.000784554 (RMSE ~0.0280099 m) | Time: 10 ms | CovTrace: 0.55579 | Converged: True
[hdl_localization_node-13] [INFO] [1790453757.590294132] [sim_ndt]: scan points: raw=1381 downsampled=1119 (leaf=0.05 m)
[hdl_localization_node-13] [INFO] [1790453757.609161755] [sim_ndt]: Metrics -> Error: 0.000789313 (RMSE ~0.0280947 m) | Time: 20 ms | CovTrace: 0.555791 | Converged: True
[hdl_localization_node-13] [INFO] [1790453757.779456964] [sim_ndt]: scan points: raw=1381 downsampled=1119 (leaf=0.05 m)
[hdl_localization_node-13] [INFO] [1790453757.791621351] [sim_ndt]: Metrics -> Error: 0.000790359 (RMSE ~0.0281133 m) | Time: 10 ms | CovTrace: 0.555792 | Converged: True
[hdl_localization_node-13] [INFO] [1790453757.981261500] [sim_ndt]: scan points: raw=1381 downsampled=1119 (leaf=0.05 m)
[hdl_localization_node-13] [INFO] [1790453757.989543421] [sim_ndt]: Metrics -> Error: 0.000789994 (RMSE ~0.0281068 m) | Time: 0 ms | CovTrace: 0.555793 | Converged: True
[hdl_localization_node-13] [INFO] [1790453758.202316532] [sim_ndt]: scan points: raw=1381 downsampled=1119 (leaf=0.05 m)
[hdl_localization_node-13] [INFO] [1790453758.211333558] [sim_ndt]: Metrics -> Error: 0.000792336 (RMSE ~0.0281485 m) | Time: 10 ms | CovTrace: 0.555794 | Converged: True
[trajectory_tracking_node-9] [WARN] [1790453758.217762453] [trajectory_tracking]: trajectory tracking stopped: no valid trajectory
[hdl_localization_node-13] [INFO] [1790453758.382649601] [sim_ndt]: scan points: raw=1381 downsampled=1119 (leaf=0.05 m)
[hdl_localization_node-13] [INFO] [1790453758.391521340] [sim_ndt]: Metrics -> Error: 0.000793912 (RMSE ~0.0281765 m) | Time: 0 ms | CovTrace: 0.555796 | Converged: True
[hdl_localization_node-13] [INFO] [1790453758.598225836] [sim_ndt]: scan points: raw=1381 downsampled=1119 (leaf=0.05 m)
[hdl_localization_node-13] [INFO] [1790453758.609608025] [sim_ndt]: Metrics -> Error: 0.000793022 (RMSE ~0.0281607 m) | Time: 0 ms | CovTrace: 0.555797 | Converged: True
[hdl_localization_node-13] [WARN] [1790453758.612271176] [sim_ndt]: Point-LIO odometry unavailable or stale for /localization/odometry twist; publishing zero twist
[hdl_localization_node-13] [INFO] [1790453758.770554669] [sim_ndt]: scan points: raw=1381 downsampled=1119 (leaf=0.05 m)
[hdl_localization_node-13] [INFO] [1790453758.776936504] [sim_ndt]: Metrics -> Error: 0.00079372 (RMSE ~0.028173 m) | Time: 0 ms | CovTrace: 0.555798 | Converged: True
[hdl_localization_node-13] [INFO] [1790453758.985218789] [sim_ndt]: scan points: raw=1381 downsampled=1119 (leaf=0.05 m)
[hdl_localization_node-13] [INFO] [1790453758.991752839] [sim_ndt]: Metrics -> Error: 0.000797248 (RMSE ~0.0282356 m) | Time: 0 ms | CovTrace: 0.555799 | Converged: True
[hdl_localization_node-13] [INFO] [1790453759.184115460] [sim_ndt]: scan points: raw=1381 downsampled=1119 (leaf=0.05 m)
[hdl_localization_node-13] [INFO] [1790453759.193360622] [sim_ndt]: Metrics -> Error: 0.000800182 (RMSE ~0.0282875 m) | Time: 0 ms | CovTrace: 0.555801 | Converged: True
[hdl_localization_node-13] [INFO] [1790453759.372268334] [sim_ndt]: scan points: raw=1381 downsampled=1119 (leaf=0.05 m)
[hdl_localization_node-13] [INFO] [1790453759.390546164] [sim_ndt]: Metrics -> Error: 0.000801573 (RMSE ~0.0283121 m) | Time: 20 ms | CovTrace: 0.555802 | Converged: True
[hdl_localization_node-13] [INFO] [1790453759.580242705] [sim_ndt]: scan points: raw=1381 downsampled=1119 (leaf=0.05 m)
[hdl_localization_node-13] [INFO] [1790453759.589086137] [sim_ndt]: Metrics -> Error: 0.000782347 (RMSE ~0.0279705 m) | Time: 10 ms | CovTrace: 0.555803 | Converged: True
[hdl_localization_node-13] [INFO] [1790453759.776516064] [sim_ndt]: scan points: raw=1381 downsampled=1119 (leaf=0.05 m)
[hdl_localization_node-13] [INFO] [1790453759.786891287] [sim_ndt]: Metrics -> Error: 0.000789342 (RMSE ~0.0280952 m) | Time: 0 ms | CovTrace: 0.555804 | Converged: True
[hdl_localization_node-13] [INFO] [1790453759.992578529] [sim_ndt]: scan points: raw=1381 downsampled=1119 (leaf=0.05 m)
[hdl_localization_node-13] [INFO] [1790453760.002534531] [sim_ndt]: Metrics -> Error: 0.000786299 (RMSE ~0.028041 m) | Time: 10 ms | CovTrace: 0.555805 | Converged: True
[hdl_localization_node-13] [INFO] [1790453760.178186629] [sim_ndt]: scan points: raw=1381 downsampled=1119 (leaf=0.05 m)
[hdl_localization_node-13] [INFO] [1790453760.189553372] [sim_ndt]: Metrics -> Error: 0.000783213 (RMSE ~0.0279859 m) | Time: 10 ms | CovTrace: 0.555807 | Converged: True
[hdl_localization_node-13] [INFO] [1790453760.393473132] [sim_ndt]: scan points: raw=1381 downsampled=1119 (leaf=0.05 m)
[hdl_localization_node-13] [INFO] [1790453760.431108742] [sim_ndt]: Metrics -> Error: 0.000790661 (RMSE ~0.0281187 m) | Time: 30 ms | CovTrace: 0.555808 | Converged: True
[trajectory_tracking_node-9] [WARN] [1790453760.444857206] [trajectory_tracking]: trajectory tracking stopped: no valid trajectory
[hdl_localization_node-13] [INFO] [1790453760.571446681] [sim_ndt]: scan points: raw=1381 downsampled=1119 (leaf=0.05 m)
[hdl_localization_node-13] [INFO] [1790453760.593795365] [sim_ndt]: Metrics -> Error: 0.000791285 (RMSE ~0.0281298 m) | Time: 20 ms | CovTrace: 0.555809 | Converged: True
[hdl_localization_node-13] [INFO] [1790453760.795622302] [sim_ndt]: scan points: raw=1381 downsampled=1119 (leaf=0.05 m)
[hdl_localization_node-13] [INFO] [1790453760.808249001] [sim_ndt]: Metrics -> Error: 0.000795119 (RMSE ~0.0281979 m) | Time: 20 ms | CovTrace: 0.55581 | Converged: True
[hdl_localization_node-13] [INFO] [1790453761.011480858] [sim_ndt]: scan points: raw=1381 downsampled=1119 (leaf=0.05 m)
[hdl_localization_node-13] [INFO] [1790453761.026951742] [sim_ndt]: Metrics -> Error: 0.000793687 (RMSE ~0.0281725 m) | Time: 10 ms | CovTrace: 0.555812 | Converged: True
[hdl_localization_node-13] [INFO] [1790453761.193813486] [sim_ndt]: scan points: raw=1381 downsampled=1119 (leaf=0.05 m)
[hdl_localization_node-13] [INFO] [1790453761.201820740] [sim_ndt]: Metrics -> Error: 0.000801308 (RMSE ~0.0283074 m) | Time: 10 ms | CovTrace: 0.555813 | Converged: True
[hdl_localization_node-13] [INFO] [1790453761.410138972] [sim_ndt]: scan points: raw=1381 downsampled=1119 (leaf=0.05 m)
[hdl_localization_node-13] [INFO] [1790453761.442585035] [sim_ndt]: Metrics -> Error: 0.000795869 (RMSE ~0.0282112 m) | Time: 30 ms | CovTrace: 0.555814 | Converged: True
[hdl_localization_node-13] [INFO] [1790453761.576083587] [sim_ndt]: scan points: raw=1381 downsampled=1119 (leaf=0.05 m)
[hdl_localization_node-13] [INFO] [1790453761.585191067] [sim_ndt]: Metrics -> Error: 0.000801886 (RMSE ~0.0283176 m) | Time: 0 ms | CovTrace: 0.555815 | Converged: True
[hdl_localization_node-13] [INFO] [1790453761.774930858] [sim_ndt]: scan points: raw=1381 downsampled=1119 (leaf=0.05 m)
[hdl_localization_node-13] [INFO] [1790453761.790752065] [sim_ndt]: Metrics -> Error: 0.000795477 (RMSE ~0.0282042 m) | Time: 10 ms | CovTrace: 0.555816 | Converged: True
[hdl_localization_node-13] [INFO] [1790453761.990209246] [sim_ndt]: scan points: raw=1381 downsampled=1119 (leaf=0.05 m)
[hdl_localization_node-13] [INFO] [1790453762.001894632] [sim_ndt]: Metrics -> Error: 0.000786952 (RMSE ~0.0280527 m) | Time: 10 ms | CovTrace: 0.555818 | Converged: True
[hdl_localization_node-13] [INFO] [1790453762.177769968] [sim_ndt]: scan points: raw=1381 downsampled=1119 (leaf=0.05 m)
[hdl_localization_node-13] [INFO] [1790453762.190808398] [sim_ndt]: Metrics -> Error: 0.000790801 (RMSE ~0.0281212 m) | Time: 0 ms | CovTrace: 0.555819 | Converged: True
[hdl_localization_node-13] [INFO] [1790453762.378113896] [sim_ndt]: scan points: raw=1381 downsampled=1119 (leaf=0.05 m)
[hdl_localization_node-13] [INFO] [1790453762.394643808] [sim_ndt]: Metrics -> Error: 0.000792609 (RMSE ~0.0281533 m) | Time: 10 ms | CovTrace: 0.55582 | Converged: True
[hdl_localization_node-13] [INFO] [1790453762.587548838] [sim_ndt]: scan points: raw=1381 downsampled=1119 (leaf=0.05 m)
[hdl_localization_node-13] [INFO] [1790453762.599207432] [sim_ndt]: Metrics -> Error: 0.000789145 (RMSE ~0.0280917 m) | Time: 10 ms | CovTrace: 0.555821 | Converged: True
[trajectory_tracking_node-9] [WARN] [1790453762.608690309] [trajectory_tracking]: trajectory tracking stopped: no valid trajectory
[hdl_localization_node-13] [INFO] [1790453762.776105909] [sim_ndt]: scan points: raw=1381 downsampled=1119 (leaf=0.05 m)
[hdl_localization_node-13] [INFO] [1790453762.787083641] [sim_ndt]: Metrics -> Error: 0.000791564 (RMSE ~0.0281347 m) | Time: 0 ms | CovTrace: 0.555822 | Converged: True
[hdl_localization_node-13] [INFO] [1790453762.972110306] [sim_ndt]: scan points: raw=1381 downsampled=1119 (leaf=0.05 m)
[hdl_localization_node-13] [INFO] [1790453762.993261643] [sim_ndt]: Metrics -> Error: 0.000792342 (RMSE ~0.0281486 m) | Time: 20 ms | CovTrace: 0.555824 | Converged: True
[hdl_localization_node-13] [INFO] [1790453763.182585848] [sim_ndt]: scan points: raw=1381 downsampled=1119 (leaf=0.05 m)
[hdl_localization_node-13] [INFO] [1790453763.200555933] [sim_ndt]: Metrics -> Error: 0.000792649 (RMSE ~0.028154 m) | Time: 10 ms | CovTrace: 0.555825 | Converged: True
[hdl_localization_node-13] [INFO] [1790453763.370909868] [sim_ndt]: scan points: raw=1381 downsampled=1119 (leaf=0.05 m)
[hdl_localization_node-13] [INFO] [1790453763.380972651] [sim_ndt]: Metrics -> Error: 0.000793031 (RMSE ~0.0281608 m) | Time: 10 ms | CovTrace: 0.555826 | Converged: True
[hdl_localization_node-13] [INFO] [1790453763.572553411] [sim_ndt]: scan points: raw=1381 downsampled=1119 (leaf=0.05 m)
[hdl_localization_node-13] [INFO] [1790453763.588278797] [sim_ndt]: Metrics -> Error: 0.000775669 (RMSE ~0.0278508 m) | Time: 10 ms | CovTrace: 0.555827 | Converged: True
[hdl_localization_node-13] [INFO] [1790453763.779474477] [sim_ndt]: scan points: raw=1381 downsampled=1119 (leaf=0.05 m)
[hdl_localization_node-13] [INFO] [1790453763.790195688] [sim_ndt]: Metrics -> Error: 0.000793215 (RMSE ~0.0281641 m) | Time: 10 ms | CovTrace: 0.555828 | Converged: True
[hdl_localization_node-13] [WARN] [1790453763.792155216] [sim_ndt]: Point-LIO odometry unavailable or stale for /localization/odometry twist; publishing zero twist
[hdl_localization_node-13] [INFO] [1790453763.977969057] [sim_ndt]: scan points: raw=1381 downsampled=1119 (leaf=0.05 m)
[hdl_localization_node-13] [INFO] [1790453763.987707934] [sim_ndt]: Metrics -> Error: 0.000772742 (RMSE ~0.0277982 m) | Time: 0 ms | CovTrace: 0.55583 | Converged: True
[hdl_localization_node-13] [INFO] [1790453764.176670929] [sim_ndt]: scan points: raw=1381 downsampled=1119 (leaf=0.05 m)
[hdl_localization_node-13] [INFO] [1790453764.181646396] [sim_ndt]: Metrics -> Error: 0.000786271 (RMSE ~0.0280405 m) | Time: 0 ms | CovTrace: 0.555831 | Converged: True
[hdl_localization_node-13] [INFO] [1790453764.383887731] [sim_ndt]: scan points: raw=1381 downsampled=1119 (leaf=0.05 m)
[hdl_localization_node-13] [INFO] [1790453764.394095780] [sim_ndt]: Metrics -> Error: 0.000783052 (RMSE ~0.0279831 m) | Time: 0 ms | CovTrace: 0.555832 | Converged: True
[hdl_localization_node-13] [INFO] [1790453764.591559133] [sim_ndt]: scan points: raw=1381 downsampled=1119 (leaf=0.05 m)
[hdl_localization_node-13] [INFO] [1790453764.602148021] [sim_ndt]: Metrics -> Error: 0.000781446 (RMSE ~0.0279544 m) | Time: 0 ms | CovTrace: 0.555833 | Converged: True
[hdl_localization_node-13] [INFO] [1790453764.796395244] [sim_ndt]: scan points: raw=1381 downsampled=1119 (leaf=0.05 m)
[hdl_localization_node-13] [INFO] [1790453764.812983081] [sim_ndt]: Metrics -> Error: 0.000785279 (RMSE ~0.0280228 m) | Time: 20 ms | CovTrace: 0.555834 | Converged: True
[trajectory_tracking_node-9] [WARN] [1790453764.820470489] [trajectory_tracking]: trajectory tracking stopped: no valid trajectory
[hdl_localization_node-13] [INFO] [1790453764.992873160] [sim_ndt]: scan points: raw=1381 downsampled=1119 (leaf=0.05 m)
[hdl_localization_node-13] [INFO] [1790453765.005208442] [sim_ndt]: Metrics -> Error: 0.000784922 (RMSE ~0.0280165 m) | Time: 0 ms | CovTrace: 0.555836 | Converged: True
[hdl_localization_node-13] [INFO] [1790453765.188752398] [sim_ndt]: scan points: raw=1381 downsampled=1119 (leaf=0.05 m)
[hdl_localization_node-13] [INFO] [1790453765.195723764] [sim_ndt]: Metrics -> Error: 0.000789667 (RMSE ~0.028101 m) | Time: 0 ms | CovTrace: 0.555837 | Converged: True
[hdl_localization_node-13] [INFO] [1790453765.390351690] [sim_ndt]: scan points: raw=1381 downsampled=1119 (leaf=0.05 m)
[hdl_localization_node-13] [INFO] [1790453765.403319192] [sim_ndt]: Metrics -> Error: 0.000792287 (RMSE ~0.0281476 m) | Time: 0 ms | CovTrace: 0.555838 | Converged: True
[hdl_localization_node-13] [INFO] [1790453765.606761332] [sim_ndt]: scan points: raw=1381 downsampled=1119 (leaf=0.05 m)
[hdl_localization_node-13] [INFO] [1790453765.613464416] [sim_ndt]: Metrics -> Error: 0.000774028 (RMSE ~0.0278214 m) | Time: 0 ms | CovTrace: 0.555839 | Converged: True
[hdl_localization_node-13] [INFO] [1790453765.789702675] [sim_ndt]: scan points: raw=1381 downsampled=1119 (leaf=0.05 m)
[hdl_localization_node-13] [INFO] [1790453765.803779452] [sim_ndt]: Metrics -> Error: 0.000781404 (RMSE ~0.0279536 m) | Time: 10 ms | CovTrace: 0.55584 | Converged: True
[hdl_localization_node-13] [INFO] [1790453765.992314388] [sim_ndt]: scan points: raw=1381 downsampled=1119 (leaf=0.05 m)
[hdl_localization_node-13] [INFO] [1790453766.010344618] [sim_ndt]: Metrics -> Error: 0.000786915 (RMSE ~0.028052 m) | Time: 10 ms | CovTrace: 0.555842 | Converged: True
[hdl_localization_node-13] [INFO] [1790453766.192794448] [sim_ndt]: scan points: raw=1381 downsampled=1119 (leaf=0.05 m)
[hdl_localization_node-13] [INFO] [1790453766.206428200] [sim_ndt]: Metrics -> Error: 0.000785494 (RMSE ~0.0280267 m) | Time: 10 ms | CovTrace: 0.555843 | Converged: True
[hdl_localization_node-13] [INFO] [1790453766.381326579] [sim_ndt]: scan points: raw=1381 downsampled=1119 (leaf=0.05 m)
[hdl_localization_node-13] [INFO] [1790453766.390957428] [sim_ndt]: Metrics -> Error: 0.00078188 (RMSE ~0.0279621 m) | Time: 10 ms | CovTrace: 0.555844 | Converged: True
[hdl_localization_node-13] [INFO] [1790453766.602441116] [sim_ndt]: scan points: raw=1381 downsampled=1119 (leaf=0.05 m)
[hdl_localization_node-13] [INFO] [1790453766.611962284] [sim_ndt]: Metrics -> Error: 0.000789086 (RMSE ~0.0280907 m) | Time: 10 ms | CovTrace: 0.555845 | Converged: True
[hdl_localization_node-13] [INFO] [1790453766.793903466] [sim_ndt]: scan points: raw=1381 downsampled=1119 (leaf=0.05 m)
[hdl_localization_node-13] [INFO] [1790453766.812147050] [sim_ndt]: Metrics -> Error: 0.000778356 (RMSE ~0.027899 m) | Time: 20 ms | CovTrace: 0.555846 | Converged: True
[trajectory_tracking_node-9] [WARN] [1790453766.824198606] [trajectory_tracking]: trajectory tracking stopped: no valid trajectory
[hdl_localization_node-13] [INFO] [1790453766.994109522] [sim_ndt]: scan points: raw=1381 downsampled=1119 (leaf=0.05 m)
[hdl_localization_node-13] [INFO] [1790453767.011772921] [sim_ndt]: Metrics -> Error: 0.000786408 (RMSE ~0.028043 m) | Time: 10 ms | CovTrace: 0.555848 | Converged: True
[hdl_localization_node-13] [INFO] [1790453767.193046605] [sim_ndt]: scan points: raw=1381 downsampled=1119 (leaf=0.05 m)
[hdl_localization_node-13] [INFO] [1790453767.202205496] [sim_ndt]: Metrics -> Error: 0.000787001 (RMSE ~0.0280535 m) | Time: 10 ms | CovTrace: 0.555849 | Converged: True
[hdl_localization_node-13] [INFO] [1790453767.392852879] [sim_ndt]: scan points: raw=1381 downsampled=1119 (leaf=0.05 m)
[hdl_localization_node-13] [INFO] [1790453767.405637880] [sim_ndt]: Metrics -> Error: 0.000787667 (RMSE ~0.0280654 m) | Time: 10 ms | CovTrace: 0.55585 | Converged: True
[hdl_localization_node-13] [INFO] [1790453767.598704503] [sim_ndt]: scan points: raw=1381 downsampled=1119 (leaf=0.05 m)
[hdl_localization_node-13] [INFO] [1790453767.608396911] [sim_ndt]: Metrics -> Error: 0.000788027 (RMSE ~0.0280718 m) | Time: 0 ms | CovTrace: 0.555851 | Converged: True
[hdl_localization_node-13] [INFO] [1790453767.789349640] [sim_ndt]: scan points: raw=1381 downsampled=1119 (leaf=0.05 m)
[hdl_localization_node-13] [INFO] [1790453767.800965375] [sim_ndt]: Metrics -> Error: 0.000792667 (RMSE ~0.0281543 m) | Time: 0 ms | CovTrace: 0.555853 | Converged: True
[hdl_localization_node-13] [INFO] [1790453767.989542930] [sim_ndt]: scan points: raw=1381 downsampled=1119 (leaf=0.05 m)
[hdl_localization_node-13] [INFO] [1790453768.026004025] [sim_ndt]: Metrics -> Error: 0.000793942 (RMSE ~0.028177 m) | Time: 20 ms | CovTrace: 0.555854 | Converged: True
[hdl_localization_node-13] [INFO] [1790453768.193576459] [sim_ndt]: scan points: raw=1381 downsampled=1119 (leaf=0.05 m)
[hdl_localization_node-13] [INFO] [1790453768.205843587] [sim_ndt]: Metrics -> Error: 0.000792369 (RMSE ~0.028149 m) | Time: 10 ms | CovTrace: 0.555855 | Converged: True
[hdl_localization_node-13] [INFO] [1790453768.392849657] [sim_ndt]: scan points: raw=1381 downsampled=1119 (leaf=0.05 m)
[hdl_localization_node-13] [INFO] [1790453768.410326924] [sim_ndt]: Metrics -> Error: 0.000792387 (RMSE ~0.0281494 m) | Time: 10 ms | CovTrace: 0.555856 | Converged: True
[hdl_localization_node-13] [INFO] [1790453768.594598531] [sim_ndt]: scan points: raw=1381 downsampled=1119 (leaf=0.05 m)
[hdl_localization_node-13] [INFO] [1790453768.609558814] [sim_ndt]: Metrics -> Error: 0.000786006 (RMSE ~0.0280358 m) | Time: 10 ms | CovTrace: 0.555857 | Converged: True
[hdl_localization_node-13] [INFO] [1790453768.791204903] [sim_ndt]: scan points: raw=1381 downsampled=1119 (leaf=0.05 m)
[hdl_localization_node-13] [INFO] [1790453768.803303308] [sim_ndt]: Metrics -> Error: 0.00079314 (RMSE ~0.0281627 m) | Time: 10 ms | CovTrace: 0.555859 | Converged: True
[hdl_localization_node-13] [WARN] [1790453768.811033007] [sim_ndt]: Point-LIO odometry unavailable or stale for /localization/odometry twist; publishing zero twist
[hdl_localization_node-13] [INFO] [1790453768.985559265] [sim_ndt]: scan points: raw=1381 downsampled=1119 (leaf=0.05 m)
[hdl_localization_node-13] [INFO] [1790453768.994771166] [sim_ndt]: Metrics -> Error: 0.000794897 (RMSE ~0.0281939 m) | Time: 10 ms | CovTrace: 0.55586 | Converged: True
[trajectory_tracking_node-9] [WARN] [1790453769.003829247] [trajectory_tracking]: trajectory tracking stopped: no valid trajectory
[hdl_localization_node-13] [INFO] [1790453769.190419469] [sim_ndt]: scan points: raw=1381 downsampled=1119 (leaf=0.05 m)
[hdl_localization_node-13] [INFO] [1790453769.197845498] [sim_ndt]: Metrics -> Error: 0.000778704 (RMSE ~0.0279053 m) | Time: 0 ms | CovTrace: 0.555861 | Converged: True
[hdl_localization_node-13] [INFO] [1790453769.394437275] [sim_ndt]: scan points: raw=1381 downsampled=1119 (leaf=0.05 m)
[hdl_localization_node-13] [INFO] [1790453769.415326819] [sim_ndt]: Metrics -> Error: 0.000786417 (RMSE ~0.0280431 m) | Time: 20 ms | CovTrace: 0.555862 | Converged: True
[hdl_localization_node-13] [INFO] [1790453769.586706318] [sim_ndt]: scan points: raw=1381 downsampled=1119 (leaf=0.05 m)
[hdl_localization_node-13] [INFO] [1790453769.606869592] [sim_ndt]: Metrics -> Error: 0.000787896 (RMSE ~0.0280695 m) | Time: 10 ms | CovTrace: 0.555863 | Converged: True
[hdl_localization_node-13] [INFO] [1790453769.787529314] [sim_ndt]: scan points: raw=1381 downsampled=1119 (leaf=0.05 m)
[hdl_localization_node-13] [INFO] [1790453769.797018069] [sim_ndt]: Metrics -> Error: 0.000784539 (RMSE ~0.0280096 m) | Time: 0 ms | CovTrace: 0.555865 | Converged: True
[hdl_localization_node-13] [INFO] [1790453770.000665023] [sim_ndt]: scan points: raw=1381 downsampled=1119 (leaf=0.05 m)
[hdl_localization_node-13] [INFO] [1790453770.012142906] [sim_ndt]: Metrics -> Error: 0.000789036 (RMSE ~0.0280898 m) | Time: 10 ms | CovTrace: 0.555866 | Converged: True
[hdl_localization_node-13] [INFO] [1790453770.189510632] [sim_ndt]: scan points: raw=1381 downsampled=1119 (leaf=0.05 m)
[hdl_localization_node-13] [INFO] [1790453770.194455875] [sim_ndt]: Metrics -> Error: 0.000784345 (RMSE ~0.0280062 m) | Time: 0 ms | CovTrace: 0.555867 | Converged: True
[hdl_localization_node-13] [INFO] [1790453770.393262436] [sim_ndt]: scan points: raw=1381 downsampled=1119 (leaf=0.05 m)
[hdl_localization_node-13] [INFO] [1790453770.404107446] [sim_ndt]: Metrics -> Error: 0.000784719 (RMSE ~0.0280128 m) | Time: 10 ms | CovTrace: 0.555868 | Converged: True
[hdl_localization_node-13] [INFO] [1790453770.599392652] [sim_ndt]: scan points: raw=1381 downsampled=1119 (leaf=0.05 m)
[hdl_localization_node-13] [INFO] [1790453770.612232808] [sim_ndt]: Metrics -> Error: 0.000790723 (RMSE ~0.0281198 m) | Time: 10 ms | CovTrace: 0.555869 | Converged: True
[hdl_localization_node-13] [INFO] [1790453770.788512475] [sim_ndt]: scan points: raw=1381 downsampled=1119 (leaf=0.05 m)
[hdl_localization_node-13] [INFO] [1790453770.796699123] [sim_ndt]: Metrics -> Error: 0.000789844 (RMSE ~0.0281042 m) | Time: 0 ms | CovTrace: 0.555871 | Converged: True
[hdl_localization_node-13] [INFO] [1790453771.004126175] [sim_ndt]: scan points: raw=1381 downsampled=1119 (leaf=0.05 m)
[hdl_localization_node-13] [INFO] [1790453771.035359665] [sim_ndt]: Metrics -> Error: 0.000792426 (RMSE ~0.0281501 m) | Time: 20 ms | CovTrace: 0.555872 | Converged: True
[trajectory_tracking_node-9] [WARN] [1790453771.060160675] [trajectory_tracking]: trajectory tracking stopped: no valid trajectory
[hdl_localization_node-13] [INFO] [1790453771.217115456] [sim_ndt]: scan points: raw=1381 downsampled=1119 (leaf=0.05 m)
[hdl_localization_node-13] [INFO] [1790453771.229682443] [sim_ndt]: Metrics -> Error: 0.000780108 (RMSE ~0.0279304 m) | Time: 10 ms | CovTrace: 0.555873 | Converged: True
[hdl_localization_node-13] [INFO] [1790453771.420778154] [sim_ndt]: scan points: raw=1381 downsampled=1119 (leaf=0.05 m)
[hdl_localization_node-13] [INFO] [1790453771.447055221] [sim_ndt]: Metrics -> Error: 0.000783675 (RMSE ~0.0279942 m) | Time: 20 ms | CovTrace: 0.555874 | Converged: True
[hdl_localization_node-13] [INFO] [1790453771.594043156] [sim_ndt]: scan points: raw=1381 downsampled=1119 (leaf=0.05 m)
[hdl_localization_node-13] [INFO] [1790453771.623425415] [sim_ndt]: Metrics -> Error: 0.000780616 (RMSE ~0.0279395 m) | Time: 30 ms | CovTrace: 0.555875 | Converged: True
[hdl_localization_node-13] [INFO] [1790453771.789906349] [sim_ndt]: scan points: raw=1381 downsampled=1119 (leaf=0.05 m)
[hdl_localization_node-13] [INFO] [1790453771.797622987] [sim_ndt]: Metrics -> Error: 0.000784704 (RMSE ~0.0280126 m) | Time: 10 ms | CovTrace: 0.555877 | Converged: True
[hdl_localization_node-13] [INFO] [1790453771.990710715] [sim_ndt]: scan points: raw=1381 downsampled=1119 (leaf=0.05 m)
[hdl_localization_node-13] [INFO] [1790453771.997802354] [sim_ndt]: Metrics -> Error: 0.000782531 (RMSE ~0.0279738 m) | Time: 0 ms | CovTrace: 0.555878 | Converged: True
[hdl_localization_node-13] [INFO] [1790453772.191013254] [sim_ndt]: scan points: raw=1381 downsampled=1119 (leaf=0.05 m)
[hdl_localization_node-13] [INFO] [1790453772.227418199] [sim_ndt]: Metrics -> Error: 0.00078325 (RMSE ~0.0279866 m) | Time: 30 ms | CovTrace: 0.555879 | Converged: True
[hdl_localization_node-13] [INFO] [1790453772.397167517] [sim_ndt]: scan points: raw=1381 downsampled=1119 (leaf=0.05 m)
[hdl_localization_node-13] [INFO] [1790453772.404880895] [sim_ndt]: Metrics -> Error: 0.000785221 (RMSE ~0.0280218 m) | Time: 0 ms | CovTrace: 0.55588 | Converged: True
[hdl_localization_node-13] [INFO] [1790453772.589014985] [sim_ndt]: scan points: raw=1381 downsampled=1119 (leaf=0.05 m)
[hdl_localization_node-13] [INFO] [1790453772.602234476] [sim_ndt]: Metrics -> Error: 0.00079059 (RMSE ~0.0281174 m) | Time: 0 ms | CovTrace: 0.555881 | Converged: True
[hdl_localization_node-13] [INFO] [1790453772.807324642] [sim_ndt]: scan points: raw=1381 downsampled=1119 (leaf=0.05 m)
[hdl_localization_node-13] [INFO] [1790453772.828853528] [sim_ndt]: Metrics -> Error: 0.000792735 (RMSE ~0.0281556 m) | Time: 30 ms | CovTrace: 0.555883 | Converged: True
[hdl_localization_node-13] [INFO] [1790453772.992125105] [sim_ndt]: scan points: raw=1381 downsampled=1119 (leaf=0.05 m)
[hdl_localization_node-13] [INFO] [1790453772.997615005] [sim_ndt]: Metrics -> Error: 0.000795746 (RMSE ~0.028209 m) | Time: 0 ms | CovTrace: 0.555884 | Converged: True
[hdl_localization_node-13] [INFO] [1790453773.192971012] [sim_ndt]: scan points: raw=1381 downsampled=1119 (leaf=0.05 m)
[hdl_localization_node-13] [INFO] [1790453773.206232657] [sim_ndt]: Metrics -> Error: 0.000774857 (RMSE ~0.0278363 m) | Time: 10 ms | CovTrace: 0.555885 | Converged: True
[trajectory_tracking_node-9] [WARN] [1790453773.217230529] [trajectory_tracking]: trajectory tracking stopped: no valid trajectory
[hdl_localization_node-13] [INFO] [1790453773.385844353] [sim_ndt]: scan points: raw=1381 downsampled=1119 (leaf=0.05 m)
[hdl_localization_node-13] [INFO] [1790453773.397544383] [sim_ndt]: Metrics -> Error: 0.000777157 (RMSE ~0.0278775 m) | Time: 10 ms | CovTrace: 0.555886 | Converged: True
[hdl_localization_node-13] [INFO] [1790453773.593596487] [sim_ndt]: scan points: raw=1381 downsampled=1119 (leaf=0.05 m)
[hdl_localization_node-13] [INFO] [1790453773.606423828] [sim_ndt]: Metrics -> Error: 0.000783291 (RMSE ~0.0279873 m) | Time: 10 ms | CovTrace: 0.555887 | Converged: True
[hdl_localization_node-13] [INFO] [1790453773.788469612] [sim_ndt]: scan points: raw=1381 downsampled=1119 (leaf=0.05 m)
[hdl_localization_node-13] [INFO] [1790453773.796857503] [sim_ndt]: Metrics -> Error: 0.000781381 (RMSE ~0.0279532 m) | Time: 10 ms | CovTrace: 0.555889 | Converged: True
[hdl_localization_node-13] [INFO] [1790453773.992549281] [sim_ndt]: scan points: raw=1381 downsampled=1119 (leaf=0.05 m)
[hdl_localization_node-13] [INFO] [1790453774.005773195] [sim_ndt]: Metrics -> Error: 0.000779833 (RMSE ~0.0279255 m) | Time: 0 ms | CovTrace: 0.55589 | Converged: True
[hdl_localization_node-13] [WARN] [1790453774.012251751] [sim_ndt]: Point-LIO odometry unavailable or stale for /localization/odometry twist; publishing zero twist
[hdl_localization_node-13] [INFO] [1790453774.193755257] [sim_ndt]: scan points: raw=1381 downsampled=1119 (leaf=0.05 m)
[hdl_localization_node-13] [INFO] [1790453774.206849807] [sim_ndt]: Metrics -> Error: 0.000783537 (RMSE ~0.0279917 m) | Time: 10 ms | CovTrace: 0.555891 | Converged: True
[hdl_localization_node-13] [INFO] [1790453774.393621062] [sim_ndt]: scan points: raw=1381 downsampled=1119 (leaf=0.05 m)
[hdl_localization_node-13] [INFO] [1790453774.414674061] [sim_ndt]: Metrics -> Error: 0.000785972 (RMSE ~0.0280352 m) | Time: 20 ms | CovTrace: 0.555892 | Converged: True
[hdl_localization_node-13] [INFO] [1790453774.594439756] [sim_ndt]: scan points: raw=1381 downsampled=1119 (leaf=0.05 m)
[hdl_localization_node-13] [INFO] [1790453774.603882672] [sim_ndt]: Metrics -> Error: 0.000783432 (RMSE ~0.0279898 m) | Time: 0 ms | CovTrace: 0.555893 | Converged: True
[hdl_localization_node-13] [INFO] [1790453774.793850776] [sim_ndt]: scan points: raw=1381 downsampled=1119 (leaf=0.05 m)
[hdl_localization_node-13] [INFO] [1790453774.819383533] [sim_ndt]: Metrics -> Error: 0.000791512 (RMSE ~0.0281338 m) | Time: 20 ms | CovTrace: 0.555895 | Converged: True
[hdl_localization_node-13] [INFO] [1790453774.992219356] [sim_ndt]: scan points: raw=1381 downsampled=1119 (leaf=0.05 m)
[hdl_localization_node-13] [INFO] [1790453775.010824979] [sim_ndt]: Metrics -> Error: 0.000793374 (RMSE ~0.0281669 m) | Time: 10 ms | CovTrace: 0.555896 | Converged: True
[hdl_localization_node-13] [INFO] [1790453775.194456762] [sim_ndt]: scan points: raw=1381 downsampled=1119 (leaf=0.05 m)
[hdl_localization_node-13] [INFO] [1790453775.202546457] [sim_ndt]: Metrics -> Error: 0.00079242 (RMSE ~0.02815 m) | Time: 0 ms | CovTrace: 0.555897 | Converged: True
[trajectory_tracking_node-9] [WARN] [1790453775.210882439] [trajectory_tracking]: trajectory tracking stopped: no valid trajectory
[hdl_localization_node-13] [INFO] [1790453775.393085511] [sim_ndt]: scan points: raw=1381 downsampled=1119 (leaf=0.05 m)
[hdl_localization_node-13] [INFO] [1790453775.401290370] [sim_ndt]: Metrics -> Error: 0.000791346 (RMSE ~0.0281309 m) | Time: 10 ms | CovTrace: 0.555898 | Converged: True
[hdl_localization_node-13] [INFO] [1790453775.596548861] [sim_ndt]: scan points: raw=1381 downsampled=1119 (leaf=0.05 m)
[hdl_localization_node-13] [INFO] [1790453775.606288094] [sim_ndt]: Metrics -> Error: 0.000791873 (RMSE ~0.0281402 m) | Time: 10 ms | CovTrace: 0.5559 | Converged: True
[hdl_localization_node-13] [INFO] [1790453775.792186173] [sim_ndt]: scan points: raw=1381 downsampled=1119 (leaf=0.05 m)
[hdl_localization_node-13] [INFO] [1790453775.810774084] [sim_ndt]: Metrics -> Error: 0.000795738 (RMSE ~0.0282088 m) | Time: 10 ms | CovTrace: 0.555901 | Converged: True
[hdl_localization_node-13] [INFO] [1790453775.985560959] [sim_ndt]: scan points: raw=1381 downsampled=1119 (leaf=0.05 m)
[hdl_localization_node-13] [INFO] [1790453775.993834704] [sim_ndt]: Metrics -> Error: 0.000798642 (RMSE ~0.0282602 m) | Time: 10 ms | CovTrace: 0.555902 | Converged: True
[hdl_localization_node-13] [INFO] [1790453776.186509007] [sim_ndt]: scan points: raw=1381 downsampled=1119 (leaf=0.05 m)
[hdl_localization_node-13] [INFO] [1790453776.198242471] [sim_ndt]: Metrics -> Error: 0.000801079 (RMSE ~0.0283033 m) | Time: 10 ms | CovTrace: 0.555903 | Converged: True
[hdl_localization_node-13] [INFO] [1790453776.394388075] [sim_ndt]: scan points: raw=1381 downsampled=1119 (leaf=0.05 m)
[hdl_localization_node-13] [INFO] [1790453776.411527181] [sim_ndt]: Metrics -> Error: 0.00080326 (RMSE ~0.0283418 m) | Time: 10 ms | CovTrace: 0.555904 | Converged: True
[hdl_localization_node-13] [INFO] [1790453776.593336120] [sim_ndt]: scan points: raw=1381 downsampled=1119 (leaf=0.05 m)
[hdl_localization_node-13] [INFO] [1790453776.607832885] [sim_ndt]: Metrics -> Error: 0.000806401 (RMSE ~0.0283972 m) | Time: 10 ms | CovTrace: 0.555906 | Converged: True
[hdl_localization_node-13] [INFO] [1790453776.785334013] [sim_ndt]: scan points: raw=1381 downsampled=1119 (leaf=0.05 m)
[hdl_localization_node-13] [INFO] [1790453776.793397609] [sim_ndt]: Metrics -> Error: 0.000784024 (RMSE ~0.0280004 m) | Time: 10 ms | CovTrace: 0.555907 | Converged: True
[hdl_localization_node-13] [INFO] [1790453776.990881011] [sim_ndt]: scan points: raw=1381 downsampled=1119 (leaf=0.05 m)
[hdl_localization_node-13] [INFO] [1790453777.005048067] [sim_ndt]: Metrics -> Error: 0.000788683 (RMSE ~0.0280835 m) | Time: 10 ms | CovTrace: 0.555908 | Converged: True
[hdl_localization_node-13] [INFO] [1790453777.197309782] [sim_ndt]: scan points: raw=1381 downsampled=1119 (leaf=0.05 m)
[hdl_localization_node-13] [INFO] [1790453777.224867011] [sim_ndt]: Metrics -> Error: 0.000784867 (RMSE ~0.0280155 m) | Time: 20 ms | CovTrace: 0.555909 | Converged: True
[trajectory_tracking_node-9] [WARN] [1790453777.242543366] [trajectory_tracking]: trajectory tracking stopped: no valid trajectory
[hdl_localization_node-13] [INFO] [1790453777.400603634] [sim_ndt]: scan points: raw=1381 downsampled=1119 (leaf=0.05 m)
[hdl_localization_node-13] [INFO] [1790453777.406011553] [sim_ndt]: Metrics -> Error: 0.000790065 (RMSE ~0.0281081 m) | Time: 0 ms | CovTrace: 0.55591 | Converged: True
[hdl_localization_node-13] [INFO] [1790453777.600138110] [sim_ndt]: scan points: raw=1381 downsampled=1119 (leaf=0.05 m)
[hdl_localization_node-13] [INFO] [1790453777.610278793] [sim_ndt]: Metrics -> Error: 0.000783453 (RMSE ~0.0279902 m) | Time: 0 ms | CovTrace: 0.555912 | Converged: True
[hdl_localization_node-13] [INFO] [1790453777.790940348] [sim_ndt]: scan points: raw=1381 downsampled=1119 (leaf=0.05 m)
[hdl_localization_node-13] [INFO] [1790453777.804897973] [sim_ndt]: Metrics -> Error: 0.000790113 (RMSE ~0.028109 m) | Time: 0 ms | CovTrace: 0.555913 | Converged: True
[hdl_localization_node-13] [INFO] [1790453777.993599657] [sim_ndt]: scan points: raw=1381 downsampled=1119 (leaf=0.05 m)
[hdl_localization_node-13] [INFO] [1790453778.005217273] [sim_ndt]: Metrics -> Error: 0.000795886 (RMSE ~0.0282115 m) | Time: 10 ms | CovTrace: 0.555914 | Converged: True
[hdl_localization_node-13] [INFO] [1790453778.194871445] [sim_ndt]: scan points: raw=1381 downsampled=1119 (leaf=0.05 m)
[hdl_localization_node-13] [INFO] [1790453778.225718091] [sim_ndt]: Metrics -> Error: 0.000798024 (RMSE ~0.0282493 m) | Time: 20 ms | CovTrace: 0.555915 | Converged: True
[hdl_localization_node-13] [INFO] [1790453778.392046853] [sim_ndt]: scan points: raw=1381 downsampled=1119 (leaf=0.05 m)
[hdl_localization_node-13] [INFO] [1790453778.398381908] [sim_ndt]: Metrics -> Error: 0.000792168 (RMSE ~0.0281455 m) | Time: 0 ms | CovTrace: 0.555916 | Converged: True
[hdl_localization_node-13] [INFO] [1790453778.588667822] [sim_ndt]: scan points: raw=1381 downsampled=1119 (leaf=0.05 m)
[hdl_localization_node-13] [INFO] [1790453778.598135932] [sim_ndt]: Metrics -> Error: 0.000800445 (RMSE ~0.0282921 m) | Time: 0 ms | CovTrace: 0.555918 | Converged: True
[hdl_localization_node-13] [INFO] [1790453778.791567970] [sim_ndt]: scan points: raw=1381 downsampled=1119 (leaf=0.05 m)
[hdl_localization_node-13] [INFO] [1790453778.809924376] [sim_ndt]: Metrics -> Error: 0.000800803 (RMSE ~0.0282985 m) | Time: 10 ms | CovTrace: 0.555919 | Converged: True
[hdl_localization_node-13] [INFO] [1790453778.995983967] [sim_ndt]: scan points: raw=1381 downsampled=1119 (leaf=0.05 m)
[hdl_localization_node-13] [INFO] [1790453779.011422979] [sim_ndt]: Metrics -> Error: 0.000778319 (RMSE ~0.0278984 m) | Time: 0 ms | CovTrace: 0.55592 | Converged: True
[hdl_localization_node-13] [WARN] [1790453779.021858135] [sim_ndt]: Point-LIO odometry unavailable or stale for /localization/odometry twist; publishing zero twist
[hdl_localization_node-13] [INFO] [1790453779.199722352] [sim_ndt]: scan points: raw=1381 downsampled=1119 (leaf=0.05 m)
[hdl_localization_node-13] [INFO] [1790453779.208220024] [sim_ndt]: Metrics -> Error: 0.000778417 (RMSE ~0.0279001 m) | Time: 0 ms | CovTrace: 0.555921 | Converged: True
[hdl_localization_node-13] [INFO] [1790453779.389704627] [sim_ndt]: scan points: raw=1381 downsampled=1119 (leaf=0.05 m)
[hdl_localization_node-13] [INFO] [1790453779.401079576] [sim_ndt]: Metrics -> Error: 0.000777389 (RMSE ~0.0278817 m) | Time: 0 ms | CovTrace: 0.555922 | Converged: True
[trajectory_tracking_node-9] [WARN] [1790453779.413563980] [trajectory_tracking]: trajectory tracking stopped: no valid trajectory
[hdl_localization_node-13] [INFO] [1790453779.584428183] [sim_ndt]: scan points: raw=1381 downsampled=1119 (leaf=0.05 m)
[hdl_localization_node-13] [INFO] [1790453779.605073945] [sim_ndt]: Metrics -> Error: 0.000785648 (RMSE ~0.0280294 m) | Time: 20 ms | CovTrace: 0.555924 | Converged: True
[hdl_localization_node-13] [INFO] [1790453779.795519465] [sim_ndt]: scan points: raw=1381 downsampled=1119 (leaf=0.05 m)
[hdl_localization_node-13] [INFO] [1790453779.811146887] [sim_ndt]: Metrics -> Error: 0.00077805 (RMSE ~0.0278936 m) | Time: 10 ms | CovTrace: 0.555925 | Converged: True
[hdl_localization_node-13] [INFO] [1790453779.988283530] [sim_ndt]: scan points: raw=1381 downsampled=1119 (leaf=0.05 m)
[hdl_localization_node-13] [INFO] [1790453780.008183118] [sim_ndt]: Metrics -> Error: 0.000781079 (RMSE ~0.0279478 m) | Time: 10 ms | CovTrace: 0.555926 | Converged: True
[hdl_localization_node-13] [INFO] [1790453780.196723038] [sim_ndt]: scan points: raw=1381 downsampled=1119 (leaf=0.05 m)
[hdl_localization_node-13] [INFO] [1790453780.208009713] [sim_ndt]: Metrics -> Error: 0.000784579 (RMSE ~0.0280103 m) | Time: 0 ms | CovTrace: 0.555927 | Converged: True
[hdl_localization_node-13] [INFO] [1790453780.390568057] [sim_ndt]: scan points: raw=1381 downsampled=1119 (leaf=0.05 m)
[hdl_localization_node-13] [INFO] [1790453780.398650532] [sim_ndt]: Metrics -> Error: 0.000779553 (RMSE ~0.0279205 m) | Time: 0 ms | CovTrace: 0.555928 | Converged: True
[hdl_localization_node-13] [INFO] [1790453780.592749295] [sim_ndt]: scan points: raw=1381 downsampled=1119 (leaf=0.05 m)
[hdl_localization_node-13] [INFO] [1790453780.597356587] [sim_ndt]: Metrics -> Error: 0.000788785 (RMSE ~0.0280853 m) | Time: 0 ms | CovTrace: 0.55593 | Converged: True
[hdl_localization_node-13] [INFO] [1790453780.797827197] [sim_ndt]: scan points: raw=1381 downsampled=1119 (leaf=0.05 m)
[hdl_localization_node-13] [INFO] [1790453780.811820924] [sim_ndt]: Metrics -> Error: 0.000785295 (RMSE ~0.0280231 m) | Time: 0 ms | CovTrace: 0.555931 | Converged: True
[hdl_localization_node-13] [INFO] [1790453781.025165233] [sim_ndt]: scan points: raw=1381 downsampled=1119 (leaf=0.05 m)
[hdl_localization_node-13] [INFO] [1790453781.060371842] [sim_ndt]: Metrics -> Error: 0.000782564 (RMSE ~0.0279743 m) | Time: 20 ms | CovTrace: 0.555932 | Converged: True
[hdl_localization_node-13] [INFO] [1790453781.210470421] [sim_ndt]: scan points: raw=1381 downsampled=1119 (leaf=0.05 m)
[hdl_localization_node-13] [INFO] [1790453781.220995843] [sim_ndt]: Metrics -> Error: 0.000782991 (RMSE ~0.027982 m) | Time: 0 ms | CovTrace: 0.555933 | Converged: True
[hdl_localization_node-13] [INFO] [1790453781.406739993] [sim_ndt]: scan points: raw=1381 downsampled=1119 (leaf=0.05 m)
[hdl_localization_node-13] [INFO] [1790453781.434811517] [sim_ndt]: Metrics -> Error: 0.000791313 (RMSE ~0.0281303 m) | Time: 20 ms | CovTrace: 0.555934 | Converged: True
[trajectory_tracking_node-9] [WARN] [1790453781.445239691] [trajectory_tracking]: trajectory tracking stopped: no valid trajectory
[hdl_localization_node-13] [INFO] [1790453781.591874058] [sim_ndt]: scan points: raw=1381 downsampled=1119 (leaf=0.05 m)
[hdl_localization_node-13] [INFO] [1790453781.606943493] [sim_ndt]: Metrics -> Error: 0.000789636 (RMSE ~0.0281005 m) | Time: 10 ms | CovTrace: 0.555936 | Converged: True
[hdl_localization_node-13] [INFO] [1790453781.792455335] [sim_ndt]: scan points: raw=1381 downsampled=1119 (leaf=0.05 m)
[hdl_localization_node-13] [INFO] [1790453781.806005734] [sim_ndt]: Metrics -> Error: 0.000788431 (RMSE ~0.028079 m) | Time: 0 ms | CovTrace: 0.555937 | Converged: True
[hdl_localization_node-13] [INFO] [1790453781.995839143] [sim_ndt]: scan points: raw=1381 downsampled=1119 (leaf=0.05 m)
[hdl_localization_node-13] [INFO] [1790453782.004322184] [sim_ndt]: Metrics -> Error: 0.000788827 (RMSE ~0.0280861 m) | Time: 10 ms | CovTrace: 0.555938 | Converged: True
[hdl_localization_node-13] [INFO] [1790453782.187305243] [sim_ndt]: scan points: raw=1381 downsampled=1119 (leaf=0.05 m)
[hdl_localization_node-13] [INFO] [1790453782.193459999] [sim_ndt]: Metrics -> Error: 0.000790037 (RMSE ~0.0281076 m) | Time: 0 ms | CovTrace: 0.555939 | Converged: True
[hdl_localization_node-13] [INFO] [1790453782.385817997] [sim_ndt]: scan points: raw=1381 downsampled=1119 (leaf=0.05 m)
[hdl_localization_node-13] [INFO] [1790453782.402327217] [sim_ndt]: Metrics -> Error: 0.00078592 (RMSE ~0.0280343 m) | Time: 20 ms | CovTrace: 0.555941 | Converged: True
[hdl_localization_node-13] [INFO] [1790453782.591075912] [sim_ndt]: scan points: raw=1381 downsampled=1119 (leaf=0.05 m)
[hdl_localization_node-13] [INFO] [1790453782.597212097] [sim_ndt]: Metrics -> Error: 0.000787807 (RMSE ~0.0280679 m) | Time: 0 ms | CovTrace: 0.555942 | Converged: True
[hdl_localization_node-13] [INFO] [1790453782.795957469] [sim_ndt]: scan points: raw=1381 downsampled=1119 (leaf=0.05 m)
[hdl_localization_node-13] [INFO] [1790453782.815139174] [sim_ndt]: Metrics -> Error: 0.000793355 (RMSE ~0.0281666 m) | Time: 20 ms | CovTrace: 0.555943 | Converged: True
[hdl_localization_node-13] [INFO] [1790453782.987032102] [sim_ndt]: scan points: raw=1381 downsampled=1119 (leaf=0.05 m)
[hdl_localization_node-13] [INFO] [1790453782.993879395] [sim_ndt]: Metrics -> Error: 0.000794077 (RMSE ~0.0281794 m) | Time: 0 ms | CovTrace: 0.555944 | Converged: True
[hdl_localization_node-13] [INFO] [1790453783.197607848] [sim_ndt]: scan points: raw=1381 downsampled=1119 (leaf=0.05 m)
[hdl_localization_node-13] [INFO] [1790453783.205227539] [sim_ndt]: Metrics -> Error: 0.000794772 (RMSE ~0.0281917 m) | Time: 0 ms | CovTrace: 0.555945 | Converged: True
[hdl_localization_node-13] [INFO] [1790453783.391476156] [sim_ndt]: scan points: raw=1381 downsampled=1119 (leaf=0.05 m)
[hdl_localization_node-13] [INFO] [1790453783.402751089] [sim_ndt]: Metrics -> Error: 0.000776189 (RMSE ~0.0278602 m) | Time: 10 ms | CovTrace: 0.555947 | Converged: True
[hdl_localization_node-13] [INFO] [1790453783.584861349] [sim_ndt]: scan points: raw=1381 downsampled=1119 (leaf=0.05 m)
[hdl_localization_node-13] [INFO] [1790453783.591246902] [sim_ndt]: Metrics -> Error: 0.000782466 (RMSE ~0.0279726 m) | Time: 0 ms | CovTrace: 0.555948 | Converged: True
[trajectory_tracking_node-9] [WARN] [1790453783.599830614] [trajectory_tracking]: trajectory tracking stopped: no valid trajectory
[hdl_localization_node-13] [INFO] [1790453783.789387834] [sim_ndt]: scan points: raw=1381 downsampled=1119 (leaf=0.05 m)
[hdl_localization_node-13] [INFO] [1790453783.796439069] [sim_ndt]: Metrics -> Error: 0.00078253 (RMSE ~0.0279737 m) | Time: 0 ms | CovTrace: 0.555949 | Converged: True
[hdl_localization_node-13] [INFO] [1790453783.992166503] [sim_ndt]: scan points: raw=1381 downsampled=1119 (leaf=0.05 m)
[hdl_localization_node-13] [INFO] [1790453783.996726065] [sim_ndt]: Metrics -> Error: 0.000787511 (RMSE ~0.0280626 m) | Time: 0 ms | CovTrace: 0.55595 | Converged: True
[hdl_localization_node-13] [INFO] [1790453784.189016239] [sim_ndt]: scan points: raw=1381 downsampled=1119 (leaf=0.05 m)
[hdl_localization_node-13] [INFO] [1790453784.205077759] [sim_ndt]: Metrics -> Error: 0.000793437 (RMSE ~0.028168 m) | Time: 10 ms | CovTrace: 0.555951 | Converged: True
[hdl_localization_node-13] [WARN] [1790453784.210025220] [sim_ndt]: Point-LIO odometry unavailable or stale for /localization/odometry twist; publishing zero twist
[hdl_localization_node-13] [INFO] [1790453784.390562314] [sim_ndt]: scan points: raw=1381 downsampled=1119 (leaf=0.05 m)
[hdl_localization_node-13] [INFO] [1790453784.409949625] [sim_ndt]: Metrics -> Error: 0.000782286 (RMSE ~0.0279694 m) | Time: 10 ms | CovTrace: 0.555953 | Converged: True
[hdl_localization_node-13] [INFO] [1790453784.593966461] [sim_ndt]: scan points: raw=1381 downsampled=1119 (leaf=0.05 m)
[hdl_localization_node-13] [INFO] [1790453784.607062359] [sim_ndt]: Metrics -> Error: 0.00078613 (RMSE ~0.028038 m) | Time: 10 ms | CovTrace: 0.555954 | Converged: True
[hdl_localization_node-13] [INFO] [1790453784.795475799] [sim_ndt]: scan points: raw=1381 downsampled=1119 (leaf=0.05 m)
[hdl_localization_node-13] [INFO] [1790453784.802617518] [sim_ndt]: Metrics -> Error: 0.000785937 (RMSE ~0.0280346 m) | Time: 10 ms | CovTrace: 0.555955 | Converged: True
[hdl_localization_node-13] [INFO] [1790453784.990578206] [sim_ndt]: scan points: raw=1381 downsampled=1119 (leaf=0.05 m)
[hdl_localization_node-13] [INFO] [1790453785.004649363] [sim_ndt]: Metrics -> Error: 0.000787148 (RMSE ~0.0280562 m) | Time: 10 ms | CovTrace: 0.555956 | Converged: True
[hdl_localization_node-13] [INFO] [1790453785.194444560] [sim_ndt]: scan points: raw=1381 downsampled=1119 (leaf=0.05 m)
[hdl_localization_node-13] [INFO] [1790453785.207775183] [sim_ndt]: Metrics -> Error: 0.000784654 (RMSE ~0.0280117 m) | Time: 0 ms | CovTrace: 0.555957 | Converged: True
[hdl_localization_node-13] [INFO] [1790453785.403492368] [sim_ndt]: scan points: raw=1381 downsampled=1119 (leaf=0.05 m)
[hdl_localization_node-13] [INFO] [1790453785.409317460] [sim_ndt]: Metrics -> Error: 0.000787733 (RMSE ~0.0280666 m) | Time: 0 ms | CovTrace: 0.555959 | Converged: True
[hdl_localization_node-13] [INFO] [1790453785.586960591] [sim_ndt]: scan points: raw=1381 downsampled=1119 (leaf=0.05 m)
[hdl_localization_node-13] [INFO] [1790453785.603978330] [sim_ndt]: Metrics -> Error: 0.000776504 (RMSE ~0.0278658 m) | Time: 10 ms | CovTrace: 0.55596 | Converged: True
[trajectory_tracking_node-9] [WARN] [1790453785.611666793] [trajectory_tracking]: trajectory tracking stopped: no valid trajectory
[hdl_localization_node-13] [INFO] [1790453785.794156924] [sim_ndt]: scan points: raw=1381 downsampled=1119 (leaf=0.05 m)
[hdl_localization_node-13] [INFO] [1790453785.814119346] [sim_ndt]: Metrics -> Error: 0.000785943 (RMSE ~0.0280347 m) | Time: 20 ms | CovTrace: 0.555961 | Converged: True
[hdl_localization_node-13] [INFO] [1790453785.992882469] [sim_ndt]: scan points: raw=1381 downsampled=1119 (leaf=0.05 m)
[hdl_localization_node-13] [INFO] [1790453786.005319551] [sim_ndt]: Metrics -> Error: 0.000785901 (RMSE ~0.0280339 m) | Time: 10 ms | CovTrace: 0.555962 | Converged: True
[hdl_localization_node-13] [INFO] [1790453786.188974171] [sim_ndt]: scan points: raw=1381 downsampled=1119 (leaf=0.05 m)
[hdl_localization_node-13] [INFO] [1790453786.206653777] [sim_ndt]: Metrics -> Error: 0.000790681 (RMSE ~0.0281191 m) | Time: 10 ms | CovTrace: 0.555963 | Converged: True
[hdl_localization_node-13] [INFO] [1790453786.396278500] [sim_ndt]: scan points: raw=1381 downsampled=1119 (leaf=0.05 m)
[hdl_localization_node-13] [INFO] [1790453786.413815107] [sim_ndt]: Metrics -> Error: 0.000783322 (RMSE ~0.0279879 m) | Time: 10 ms | CovTrace: 0.555965 | Converged: True
[hdl_localization_node-13] [INFO] [1790453786.607672656] [sim_ndt]: scan points: raw=1381 downsampled=1119 (leaf=0.05 m)
[hdl_localization_node-13] [INFO] [1790453786.619987439] [sim_ndt]: Metrics -> Error: 0.000785343 (RMSE ~0.028024 m) | Time: 10 ms | CovTrace: 0.555966 | Converged: True
[hdl_localization_node-13] [INFO] [1790453786.793671293] [sim_ndt]: scan points: raw=1381 downsampled=1119 (leaf=0.05 m)
[hdl_localization_node-13] [INFO] [1790453786.805911798] [sim_ndt]: Metrics -> Error: 0.000786211 (RMSE ~0.0280395 m) | Time: 10 ms | CovTrace: 0.555967 | Converged: True
[hdl_localization_node-13] [INFO] [1790453786.988719699] [sim_ndt]: scan points: raw=1381 downsampled=1119 (leaf=0.05 m)
[hdl_localization_node-13] [INFO] [1790453787.002313695] [sim_ndt]: Metrics -> Error: 0.000783166 (RMSE ~0.0279851 m) | Time: 20 ms | CovTrace: 0.555968 | Converged: True
[hdl_localization_node-13] [INFO] [1790453787.187460697] [sim_ndt]: scan points: raw=1381 downsampled=1119 (leaf=0.05 m)
[hdl_localization_node-13] [INFO] [1790453787.201627020] [sim_ndt]: Metrics -> Error: 0.000786535 (RMSE ~0.0280452 m) | Time: 0 ms | CovTrace: 0.55597 | Converged: True
[hdl_localization_node-13] [INFO] [1790453787.394458932] [sim_ndt]: scan points: raw=1381 downsampled=1119 (leaf=0.05 m)
[hdl_localization_node-13] [INFO] [1790453787.399470213] [sim_ndt]: Metrics -> Error: 0.000784307 (RMSE ~0.0280055 m) | Time: 0 ms | CovTrace: 0.555971 | Converged: True
[hdl_localization_node-13] [INFO] [1790453787.592452809] [sim_ndt]: scan points: raw=1381 downsampled=1119 (leaf=0.05 m)
[hdl_localization_node-13] [INFO] [1790453787.609829743] [sim_ndt]: Metrics -> Error: 0.000786843 (RMSE ~0.0280507 m) | Time: 10 ms | CovTrace: 0.555972 | Converged: True
[trajectory_tracking_node-9] [WARN] [1790453787.613694263] [trajectory_tracking]: trajectory tracking stopped: no valid trajectory
[hdl_localization_node-13] [INFO] [1790453787.792867580] [sim_ndt]: scan points: raw=1381 downsampled=1119 (leaf=0.05 m)
[hdl_localization_node-13] [INFO] [1790453787.803556876] [sim_ndt]: Metrics -> Error: 0.000787482 (RMSE ~0.0280621 m) | Time: 10 ms | CovTrace: 0.555973 | Converged: True
[hdl_localization_node-13] [INFO] [1790453787.986590018] [sim_ndt]: scan points: raw=1381 downsampled=1119 (leaf=0.05 m)
[hdl_localization_node-13] [INFO] [1790453787.992093403] [sim_ndt]: Metrics -> Error: 0.000779012 (RMSE ~0.0279108 m) | Time: 0 ms | CovTrace: 0.555974 | Converged: True
[hdl_localization_node-13] [INFO] [1790453788.189569198] [sim_ndt]: scan points: raw=1381 downsampled=1119 (leaf=0.05 m)
[hdl_localization_node-13] [INFO] [1790453788.199037189] [sim_ndt]: Metrics -> Error: 0.000786002 (RMSE ~0.0280357 m) | Time: 0 ms | CovTrace: 0.555976 | Converged: True
[hdl_localization_node-13] [INFO] [1790453788.412203126] [sim_ndt]: scan points: raw=1381 downsampled=1119 (leaf=0.05 m)
[hdl_localization_node-13] [INFO] [1790453788.422307768] [sim_ndt]: Metrics -> Error: 0.000792566 (RMSE ~0.0281525 m) | Time: 10 ms | CovTrace: 0.555977 | Converged: True
[hdl_localization_node-13] [INFO] [1790453788.616865803] [sim_ndt]: scan points: raw=1381 downsampled=1119 (leaf=0.05 m)
[hdl_localization_node-13] [INFO] [1790453788.624303324] [sim_ndt]: Metrics -> Error: 0.00078325 (RMSE ~0.0279866 m) | Time: 10 ms | CovTrace: 0.555978 | Converged: True
[hdl_localization_node-13] [INFO] [1790453788.799285518] [sim_ndt]: scan points: raw=1381 downsampled=1119 (leaf=0.05 m)
[hdl_localization_node-13] [INFO] [1790453788.808524296] [sim_ndt]: Metrics -> Error: 0.000786667 (RMSE ~0.0280476 m) | Time: 0 ms | CovTrace: 0.555979 | Converged: True
[hdl_localization_node-13] [INFO] [1790453788.996691322] [sim_ndt]: scan points: raw=1381 downsampled=1119 (leaf=0.05 m)
[hdl_localization_node-13] [INFO] [1790453789.013007052] [sim_ndt]: Metrics -> Error: 0.000785881 (RMSE ~0.0280336 m) | Time: 10 ms | CovTrace: 0.55598 | Converged: True
[hdl_localization_node-13] [INFO] [1790453789.194854768] [sim_ndt]: scan points: raw=1381 downsampled=1119 (leaf=0.05 m)
[hdl_localization_node-13] [INFO] [1790453789.209193962] [sim_ndt]: Metrics -> Error: 0.000782393 (RMSE ~0.0279713 m) | Time: 10 ms | CovTrace: 0.555982 | Converged: True
[hdl_localization_node-13] [WARN] [1790453789.213865613] [sim_ndt]: Point-LIO odometry unavailable or stale for /localization/odometry twist; publishing zero twist
[hdl_localization_node-13] [INFO] [1790453789.414508535] [sim_ndt]: scan points: raw=1381 downsampled=1119 (leaf=0.05 m)
[hdl_localization_node-13] [INFO] [1790453789.425285632] [sim_ndt]: Metrics -> Error: 0.000783288 (RMSE ~0.0279873 m) | Time: 10 ms | CovTrace: 0.555983 | Converged: True
[hdl_localization_node-13] [INFO] [1790453789.588160736] [sim_ndt]: scan points: raw=1381 downsampled=1119 (leaf=0.05 m)
[hdl_localization_node-13] [INFO] [1790453789.592650064] [sim_ndt]: Metrics -> Error: 0.000784193 (RMSE ~0.0280034 m) | Time: 0 ms | CovTrace: 0.555984 | Converged: True
[hdl_localization_node-13] [INFO] [1790453789.797985610] [sim_ndt]: scan points: raw=1381 downsampled=1119 (leaf=0.05 m)
[hdl_localization_node-13] [INFO] [1790453789.811638478] [sim_ndt]: Metrics -> Error: 0.000785805 (RMSE ~0.0280322 m) | Time: 10 ms | CovTrace: 0.555985 | Converged: True
[trajectory_tracking_node-9] [WARN] [1790453789.824436518] [trajectory_tracking]: trajectory tracking stopped: no valid trajectory
[hdl_localization_node-13] [INFO] [1790453789.998488180] [sim_ndt]: scan points: raw=1381 downsampled=1119 (leaf=0.05 m)
[hdl_localization_node-13] [INFO] [1790453790.008677820] [sim_ndt]: Metrics -> Error: 0.000779287 (RMSE ~0.0279157 m) | Time: 10 ms | CovTrace: 0.555986 | Converged: True
[hdl_localization_node-13] [INFO] [1790453790.189027008] [sim_ndt]: scan points: raw=1381 downsampled=1119 (leaf=0.05 m)
[hdl_localization_node-13] [INFO] [1790453790.193408103] [sim_ndt]: Metrics -> Error: 0.000783303 (RMSE ~0.0279876 m) | Time: 0 ms | CovTrace: 0.555988 | Converged: True
[hdl_localization_node-13] [INFO] [1790453790.393444406] [sim_ndt]: scan points: raw=1381 downsampled=1119 (leaf=0.05 m)
[hdl_localization_node-13] [INFO] [1790453790.401065968] [sim_ndt]: Metrics -> Error: 0.000789566 (RMSE ~0.0280992 m) | Time: 0 ms | CovTrace: 0.555989 | Converged: True
[hdl_localization_node-13] [INFO] [1790453790.594746952] [sim_ndt]: scan points: raw=1381 downsampled=1119 (leaf=0.05 m)
[hdl_localization_node-13] [INFO] [1790453790.619773349] [sim_ndt]: Metrics -> Error: 0.000791072 (RMSE ~0.028126 m) | Time: 20 ms | CovTrace: 0.55599 | Converged: True
[hdl_localization_node-13] [INFO] [1790453790.803412940] [sim_ndt]: scan points: raw=1381 downsampled=1119 (leaf=0.05 m)
[hdl_localization_node-13] [INFO] [1790453790.824990627] [sim_ndt]: Metrics -> Error: 0.000776886 (RMSE ~0.0278727 m) | Time: 10 ms | CovTrace: 0.555991 | Converged: True
[hdl_localization_node-13] [INFO] [1790453791.025888239] [sim_ndt]: scan points: raw=1381 downsampled=1119 (leaf=0.05 m)
[hdl_localization_node-13] [INFO] [1790453791.053774704] [sim_ndt]: Metrics -> Error: 0.000784087 (RMSE ~0.0280015 m) | Time: 20 ms | CovTrace: 0.555993 | Converged: True
[hdl_localization_node-13] [INFO] [1790453791.225190602] [sim_ndt]: scan points: raw=1381 downsampled=1119 (leaf=0.05 m)
[hdl_localization_node-13] [INFO] [1790453791.244917343] [sim_ndt]: Metrics -> Error: 0.000784506 (RMSE ~0.028009 m) | Time: 10 ms | CovTrace: 0.555994 | Converged: True
[hdl_localization_node-13] [INFO] [1790453791.392247473] [sim_ndt]: scan points: raw=1381 downsampled=1119 (leaf=0.05 m)
[hdl_localization_node-13] [INFO] [1790453791.413872698] [sim_ndt]: Metrics -> Error: 0.000776724 (RMSE ~0.0278698 m) | Time: 0 ms | CovTrace: 0.555995 | Converged: True
[hdl_localization_node-13] [INFO] [1790453791.584359513] [sim_ndt]: scan points: raw=1381 downsampled=1119 (leaf=0.05 m)
[hdl_localization_node-13] [INFO] [1790453791.592294816] [sim_ndt]: Metrics -> Error: 0.000783078 (RMSE ~0.0279835 m) | Time: 0 ms | CovTrace: 0.555996 | Converged: True
[hdl_localization_node-13] [INFO] [1790453791.792566613] [sim_ndt]: scan points: raw=1381 downsampled=1119 (leaf=0.05 m)
[hdl_localization_node-13] [INFO] [1790453791.809062170] [sim_ndt]: Metrics -> Error: 0.000794902 (RMSE ~0.028194 m) | Time: 10 ms | CovTrace: 0.555997 | Converged: True
[trajectory_tracking_node-9] [WARN] [1790453791.818977180] [trajectory_tracking]: trajectory tracking stopped: no valid trajectory
[hdl_localization_node-13] [INFO] [1790453792.007100524] [sim_ndt]: scan points: raw=1381 downsampled=1119 (leaf=0.05 m)
[hdl_localization_node-13] [INFO] [1790453792.019971138] [sim_ndt]: Metrics -> Error: 0.000780404 (RMSE ~0.0279357 m) | Time: 10 ms | CovTrace: 0.555999 | Converged: True
[hdl_localization_node-13] [INFO] [1790453792.191363211] [sim_ndt]: scan points: raw=1381 downsampled=1119 (leaf=0.05 m)
[hdl_localization_node-13] [INFO] [1790453792.196505037] [sim_ndt]: Metrics -> Error: 0.000781475 (RMSE ~0.0279549 m) | Time: 0 ms | CovTrace: 0.556 | Converged: True
[hdl_localization_node-13] [INFO] [1790453792.386041858] [sim_ndt]: scan points: raw=1381 downsampled=1119 (leaf=0.05 m)
[hdl_localization_node-13] [INFO] [1790453792.398465173] [sim_ndt]: Metrics -> Error: 0.000782564 (RMSE ~0.0279744 m) | Time: 0 ms | CovTrace: 0.556001 | Converged: True
[hdl_localization_node-13] [INFO] [1790453792.589503841] [sim_ndt]: scan points: raw=1381 downsampled=1119 (leaf=0.05 m)
[hdl_localization_node-13] [INFO] [1790453792.605235944] [sim_ndt]: Metrics -> Error: 0.00078995 (RMSE ~0.028106 m) | Time: 0 ms | CovTrace: 0.556002 | Converged: True
[hdl_localization_node-13] [INFO] [1790453792.785462116] [sim_ndt]: scan points: raw=1381 downsampled=1119 (leaf=0.05 m)
[hdl_localization_node-13] [INFO] [1790453792.792169104] [sim_ndt]: Metrics -> Error: 0.000787464 (RMSE ~0.0280618 m) | Time: 0 ms | CovTrace: 0.556003 | Converged: True
[hdl_localization_node-13] [INFO] [1790453792.997301254] [sim_ndt]: scan points: raw=1381 downsampled=1119 (leaf=0.05 m)
[hdl_localization_node-13] [INFO] [1790453793.008852978] [sim_ndt]: Metrics -> Error: 0.000784917 (RMSE ~0.0280164 m) | Time: 0 ms | CovTrace: 0.556005 | Converged: True
[hdl_localization_node-13] [INFO] [1790453793.198576373] [sim_ndt]: scan points: raw=1381 downsampled=1119 (leaf=0.05 m)
[hdl_localization_node-13] [INFO] [1790453793.215393037] [sim_ndt]: Metrics -> Error: 0.000790443 (RMSE ~0.0281148 m) | Time: 10 ms | CovTrace: 0.556006 | Converged: True
[hdl_localization_node-13] [INFO] [1790453793.387747432] [sim_ndt]: scan points: raw=1381 downsampled=1119 (leaf=0.05 m)
[hdl_localization_node-13] [INFO] [1790453793.414282860] [sim_ndt]: Metrics -> Error: 0.000789673 (RMSE ~0.0281011 m) | Time: 30 ms | CovTrace: 0.556007 | Converged: True
[hdl_localization_node-13] [INFO] [1790453793.585506388] [sim_ndt]: scan points: raw=1381 downsampled=1119 (leaf=0.05 m)
[hdl_localization_node-13] [INFO] [1790453793.595101366] [sim_ndt]: Metrics -> Error: 0.000777434 (RMSE ~0.0278825 m) | Time: 10 ms | CovTrace: 0.556008 | Converged: True
[hdl_localization_node-13] [INFO] [1790453793.787589926] [sim_ndt]: scan points: raw=1381 downsampled=1119 (leaf=0.05 m)
[hdl_localization_node-13] [INFO] [1790453793.802058040] [sim_ndt]: Metrics -> Error: 0.000782131 (RMSE ~0.0279666 m) | Time: 0 ms | CovTrace: 0.556009 | Converged: True
[hdl_localization_node-13] [INFO] [1790453793.995044566] [sim_ndt]: scan points: raw=1381 downsampled=1119 (leaf=0.05 m)
[hdl_localization_node-13] [INFO] [1790453794.010112063] [sim_ndt]: Metrics -> Error: 0.000779037 (RMSE ~0.0279112 m) | Time: 10 ms | CovTrace: 0.556011 | Converged: True
[trajectory_tracking_node-9] [WARN] [1790453794.024425702] [trajectory_tracking]: trajectory tracking stopped: no valid trajectory
[hdl_localization_node-13] [INFO] [1790453794.195547459] [sim_ndt]: scan points: raw=1381 downsampled=1119 (leaf=0.05 m)
[hdl_localization_node-13] [INFO] [1790453794.208176128] [sim_ndt]: Metrics -> Error: 0.000778085 (RMSE ~0.0278942 m) | Time: 10 ms | CovTrace: 0.556012 | Converged: True
[hdl_localization_node-13] [WARN] [1790453794.212483062] [sim_ndt]: Point-LIO odometry unavailable or stale for /localization/odometry twist; publishing zero twist
[hdl_localization_node-13] [INFO] [1790453794.385555744] [sim_ndt]: scan points: raw=1381 downsampled=1119 (leaf=0.05 m)
[hdl_localization_node-13] [INFO] [1790453794.399675519] [sim_ndt]: Metrics -> Error: 0.000781278 (RMSE ~0.0279514 m) | Time: 10 ms | CovTrace: 0.556013 | Converged: True
[hdl_localization_node-13] [INFO] [1790453794.593794662] [sim_ndt]: scan points: raw=1381 downsampled=1119 (leaf=0.05 m)
[hdl_localization_node-13] [INFO] [1790453794.610059416] [sim_ndt]: Metrics -> Error: 0.000786787 (RMSE ~0.0280497 m) | Time: 0 ms | CovTrace: 0.556014 | Converged: True
[hdl_localization_node-13] [INFO] [1790453794.787957130] [sim_ndt]: scan points: raw=1381 downsampled=1119 (leaf=0.05 m)
[hdl_localization_node-13] [INFO] [1790453794.796294542] [sim_ndt]: Metrics -> Error: 0.000785006 (RMSE ~0.028018 m) | Time: 0 ms | CovTrace: 0.556015 | Converged: True
[hdl_localization_node-13] [INFO] [1790453794.990728585] [sim_ndt]: scan points: raw=1381 downsampled=1119 (leaf=0.05 m)
[hdl_localization_node-13] [INFO] [1790453794.995336210] [sim_ndt]: Metrics -> Error: 0.000782239 (RMSE ~0.0279685 m) | Time: 0 ms | CovTrace: 0.556017 | Converged: True
[hdl_localization_node-13] [INFO] [1790453795.192923945] [sim_ndt]: scan points: raw=1381 downsampled=1119 (leaf=0.05 m)
[hdl_localization_node-13] [INFO] [1790453795.201864993] [sim_ndt]: Metrics -> Error: 0.000785421 (RMSE ~0.0280254 m) | Time: 10 ms | CovTrace: 0.556018 | Converged: True
[hdl_localization_node-13] [INFO] [1790453795.388841989] [sim_ndt]: scan points: raw=1381 downsampled=1119 (leaf=0.05 m)
[hdl_localization_node-13] [INFO] [1790453795.402300341] [sim_ndt]: Metrics -> Error: 0.000791032 (RMSE ~0.0281253 m) | Time: 0 ms | CovTrace: 0.556019 | Converged: True
[hdl_localization_node-13] [INFO] [1790453795.590588026] [sim_ndt]: scan points: raw=1381 downsampled=1119 (leaf=0.05 m)
[hdl_localization_node-13] [INFO] [1790453795.595025212] [sim_ndt]: Metrics -> Error: 0.000780835 (RMSE ~0.0279434 m) | Time: 0 ms | CovTrace: 0.55602 | Converged: True
[hdl_localization_node-13] [INFO] [1790453795.796858141] [sim_ndt]: scan points: raw=1381 downsampled=1119 (leaf=0.05 m)
[hdl_localization_node-13] [INFO] [1790453795.807234426] [sim_ndt]: Metrics -> Error: 0.00079818 (RMSE ~0.0282521 m) | Time: 0 ms | CovTrace: 0.556021 | Converged: True
[hdl_localization_node-13] [INFO] [1790453795.987995322] [sim_ndt]: scan points: raw=1381 downsampled=1119 (leaf=0.05 m)
[hdl_localization_node-13] [INFO] [1790453795.993526866] [sim_ndt]: Metrics -> Error: 0.000783288 (RMSE ~0.0279873 m) | Time: 0 ms | CovTrace: 0.556023 | Converged: True
[hdl_localization_node-13] [INFO] [1790453796.183586226] [sim_ndt]: scan points: raw=1381 downsampled=1119 (leaf=0.05 m)
[hdl_localization_node-13] [INFO] [1790453796.195083770] [sim_ndt]: Metrics -> Error: 0.000789674 (RMSE ~0.0281011 m) | Time: 10 ms | CovTrace: 0.556024 | Converged: True
[trajectory_tracking_node-9] [WARN] [1790453796.201938272] [trajectory_tracking]: trajectory tracking stopped: no valid trajectory
[hdl_localization_node-13] [INFO] [1790453796.403385197] [sim_ndt]: scan points: raw=1381 downsampled=1119 (leaf=0.05 m)
[hdl_localization_node-13] [INFO] [1790453796.419115373] [sim_ndt]: Metrics -> Error: 0.000792269 (RMSE ~0.0281473 m) | Time: 10 ms | CovTrace: 0.556025 | Converged: True
[hdl_localization_node-13] [INFO] [1790453796.590617853] [sim_ndt]: scan points: raw=1381 downsampled=1119 (leaf=0.05 m)
[hdl_localization_node-13] [INFO] [1790453796.596281822] [sim_ndt]: Metrics -> Error: 0.00078303 (RMSE ~0.0279827 m) | Time: 0 ms | CovTrace: 0.556026 | Converged: True
[hdl_localization_node-13] [INFO] [1790453796.802204250] [sim_ndt]: scan points: raw=1381 downsampled=1119 (leaf=0.05 m)
[hdl_localization_node-13] [INFO] [1790453796.807073941] [sim_ndt]: Metrics -> Error: 0.000789441 (RMSE ~0.028097 m) | Time: 0 ms | CovTrace: 0.556027 | Converged: True
[hdl_localization_node-13] [INFO] [1790453796.983706218] [sim_ndt]: scan points: raw=1381 downsampled=1119 (leaf=0.05 m)
[hdl_localization_node-13] [INFO] [1790453796.990923593] [sim_ndt]: Metrics -> Error: 0.000792771 (RMSE ~0.0281562 m) | Time: 10 ms | CovTrace: 0.556029 | Converged: True
[hdl_localization_node-13] [INFO] [1790453797.191551575] [sim_ndt]: scan points: raw=1381 downsampled=1119 (leaf=0.05 m)
[hdl_localization_node-13] [INFO] [1790453797.197032167] [sim_ndt]: Metrics -> Error: 0.000794823 (RMSE ~0.0281926 m) | Time: 0 ms | CovTrace: 0.55603 | Converged: True
[hdl_localization_node-13] [INFO] [1790453797.395649391] [sim_ndt]: scan points: raw=1381 downsampled=1119 (leaf=0.05 m)
[hdl_localization_node-13] [INFO] [1790453797.400397869] [sim_ndt]: Metrics -> Error: 0.000779416 (RMSE ~0.027918 m) | Time: 0 ms | CovTrace: 0.556031 | Converged: True
[hdl_localization_node-13] [INFO] [1790453797.592703919] [sim_ndt]: scan points: raw=1381 downsampled=1119 (leaf=0.05 m)
[hdl_localization_node-13] [INFO] [1790453797.606322064] [sim_ndt]: Metrics -> Error: 0.000787393 (RMSE ~0.0280605 m) | Time: 10 ms | CovTrace: 0.556032 | Converged: True
[hdl_localization_node-13] [INFO] [1790453797.790025520] [sim_ndt]: scan points: raw=1381 downsampled=1119 (leaf=0.05 m)
[hdl_localization_node-13] [INFO] [1790453797.794819512] [sim_ndt]: Metrics -> Error: 0.000789641 (RMSE ~0.0281005 m) | Time: 0 ms | CovTrace: 0.556034 | Converged: True
[hdl_localization_node-13] [INFO] [1790453798.002560660] [sim_ndt]: scan points: raw=1381 downsampled=1119 (leaf=0.05 m)
[hdl_localization_node-13] [INFO] [1790453798.011417797] [sim_ndt]: Metrics -> Error: 0.000787111 (RMSE ~0.0280555 m) | Time: 0 ms | CovTrace: 0.556035 | Converged: True
[hdl_localization_node-13] [INFO] [1790453798.187949029] [sim_ndt]: scan points: raw=1381 downsampled=1119 (leaf=0.05 m)
[hdl_localization_node-13] [INFO] [1790453798.195857105] [sim_ndt]: Metrics -> Error: 0.00078962 (RMSE ~0.0281002 m) | Time: 10 ms | CovTrace: 0.556036 | Converged: True
[trajectory_tracking_node-9] [WARN] [1790453798.203461209] [trajectory_tracking]: trajectory tracking stopped: no valid trajectory
[hdl_localization_node-13] [INFO] [1790453798.389356762] [sim_ndt]: scan points: raw=1381 downsampled=1119 (leaf=0.05 m)
[hdl_localization_node-13] [INFO] [1790453798.398766737] [sim_ndt]: Metrics -> Error: 0.000788124 (RMSE ~0.0280735 m) | Time: 0 ms | CovTrace: 0.556037 | Converged: True
[hdl_localization_node-13] [INFO] [1790453798.597371286] [sim_ndt]: scan points: raw=1381 downsampled=1119 (leaf=0.05 m)
[hdl_localization_node-13] [INFO] [1790453798.607343797] [sim_ndt]: Metrics -> Error: 0.000786109 (RMSE ~0.0280376 m) | Time: 0 ms | CovTrace: 0.556038 | Converged: True
[hdl_localization_node-13] [INFO] [1790453798.801993715] [sim_ndt]: scan points: raw=1381 downsampled=1119 (leaf=0.05 m)
[hdl_localization_node-13] [INFO] [1790453798.817997588] [sim_ndt]: Metrics -> Error: 0.000787179 (RMSE ~0.0280567 m) | Time: 10 ms | CovTrace: 0.55604 | Converged: True
[hdl_localization_node-13] [INFO] [1790453798.987395838] [sim_ndt]: scan points: raw=1381 downsampled=1119 (leaf=0.05 m)
[hdl_localization_node-13] [INFO] [1790453798.992258866] [sim_ndt]: Metrics -> Error: 0.0007875 (RMSE ~0.0280624 m) | Time: 0 ms | CovTrace: 0.556041 | Converged: True
[hdl_localization_node-13] [INFO] [1790453799.191392605] [sim_ndt]: scan points: raw=1381 downsampled=1119 (leaf=0.05 m)
[hdl_localization_node-13] [INFO] [1790453799.195924089] [sim_ndt]: Metrics -> Error: 0.000787438 (RMSE ~0.0280613 m) | Time: 0 ms | CovTrace: 0.556042 | Converged: True
[hdl_localization_node-13] [INFO] [1790453799.388883472] [sim_ndt]: scan points: raw=1381 downsampled=1119 (leaf=0.05 m)
[hdl_localization_node-13] [INFO] [1790453799.398080019] [sim_ndt]: Metrics -> Error: 0.000787747 (RMSE ~0.0280668 m) | Time: 0 ms | CovTrace: 0.556043 | Converged: True
[hdl_localization_node-13] [WARN] [1790453799.400714307] [sim_ndt]: Point-LIO odometry unavailable or stale for /localization/odometry twist; publishing zero twist
[hdl_localization_node-13] [INFO] [1790453799.612568319] [sim_ndt]: scan points: raw=1381 downsampled=1119 (leaf=0.05 m)
[hdl_localization_node-13] [INFO] [1790453799.619873535] [sim_ndt]: Metrics -> Error: 0.000783716 (RMSE ~0.0279949 m) | Time: 0 ms | CovTrace: 0.556044 | Converged: True
[hdl_localization_node-13] [INFO] [1790453799.803336701] [sim_ndt]: scan points: raw=1381 downsampled=1119 (leaf=0.05 m)
[hdl_localization_node-13] [INFO] [1790453799.809056046] [sim_ndt]: Metrics -> Error: 0.000782557 (RMSE ~0.0279742 m) | Time: 0 ms | CovTrace: 0.556046 | Converged: True
[hdl_localization_node-13] [INFO] [1790453800.002663783] [sim_ndt]: scan points: raw=1381 downsampled=1119 (leaf=0.05 m)
[hdl_localization_node-13] [INFO] [1790453800.027780437] [sim_ndt]: Metrics -> Error: 0.000785265 (RMSE ~0.0280226 m) | Time: 20 ms | CovTrace: 0.556047 | Converged: True
[hdl_localization_node-13] [INFO] [1790453800.192520093] [sim_ndt]: scan points: raw=1381 downsampled=1119 (leaf=0.05 m)
[hdl_localization_node-13] [INFO] [1790453800.204888025] [sim_ndt]: Metrics -> Error: 0.000789006 (RMSE ~0.0280893 m) | Time: 10 ms | CovTrace: 0.556048 | Converged: True
[trajectory_tracking_node-9] [WARN] [1790453800.213623646] [trajectory_tracking]: trajectory tracking stopped: no valid trajectory
[hdl_localization_node-13] [INFO] [1790453800.391642725] [sim_ndt]: scan points: raw=1381 downsampled=1119 (leaf=0.05 m)
[hdl_localization_node-13] [INFO] [1790453800.400054454] [sim_ndt]: Metrics -> Error: 0.000785828 (RMSE ~0.0280326 m) | Time: 0 ms | CovTrace: 0.556049 | Converged: True
[hdl_localization_node-13] [INFO] [1790453800.595890105] [sim_ndt]: scan points: raw=1381 downsampled=1119 (leaf=0.05 m)
[hdl_localization_node-13] [INFO] [1790453800.606520321] [sim_ndt]: Metrics -> Error: 0.000790987 (RMSE ~0.0281245 m) | Time: 0 ms | CovTrace: 0.55605 | Converged: True
[hdl_localization_node-13] [INFO] [1790453800.790932808] [sim_ndt]: scan points: raw=1381 downsampled=1119 (leaf=0.05 m)
[hdl_localization_node-13] [INFO] [1790453800.801352426] [sim_ndt]: Metrics -> Error: 0.000790913 (RMSE ~0.0281232 m) | Time: 10 ms | CovTrace: 0.556052 | Converged: True
[hdl_localization_node-13] [INFO] [1790453801.020605100] [sim_ndt]: scan points: raw=1381 downsampled=1119 (leaf=0.05 m)
[hdl_localization_node-13] [INFO] [1790453801.034492696] [sim_ndt]: Metrics -> Error: 0.000782284 (RMSE ~0.0279693 m) | Time: 20 ms | CovTrace: 0.556053 | Converged: True
[hdl_localization_node-13] [INFO] [1790453801.210994944] [sim_ndt]: scan points: raw=1381 downsampled=1119 (leaf=0.05 m)
[hdl_localization_node-13] [INFO] [1790453801.232367319] [sim_ndt]: Metrics -> Error: 0.000797405 (RMSE ~0.0282384 m) | Time: 10 ms | CovTrace: 0.556054 | Converged: True
[hdl_localization_node-13] [INFO] [1790453801.407401965] [sim_ndt]: scan points: raw=1381 downsampled=1119 (leaf=0.05 m)
[hdl_localization_node-13] [INFO] [1790453801.432552589] [sim_ndt]: Metrics -> Error: 0.000798325 (RMSE ~0.0282546 m) | Time: 20 ms | CovTrace: 0.556055 | Converged: True
[hdl_localization_node-13] [INFO] [1790453801.591780295] [sim_ndt]: scan points: raw=1381 downsampled=1119 (leaf=0.05 m)
[hdl_localization_node-13] [INFO] [1790453801.603687546] [sim_ndt]: Metrics -> Error: 0.000793177 (RMSE ~0.0281634 m) | Time: 0 ms | CovTrace: 0.556056 | Converged: True
[hdl_localization_node-13] [INFO] [1790453801.785408153] [sim_ndt]: scan points: raw=1381 downsampled=1119 (leaf=0.05 m)
[hdl_localization_node-13] [INFO] [1790453801.797966542] [sim_ndt]: Metrics -> Error: 0.000789629 (RMSE ~0.0281003 m) | Time: 10 ms | CovTrace: 0.556058 | Converged: True
[hdl_localization_node-13] [INFO] [1790453801.995304287] [sim_ndt]: scan points: raw=1381 downsampled=1119 (leaf=0.05 m)
[hdl_localization_node-13] [INFO] [1790453802.011187809] [sim_ndt]: Metrics -> Error: 0.000780321 (RMSE ~0.0279342 m) | Time: 10 ms | CovTrace: 0.556059 | Converged: True
[hdl_localization_node-13] [INFO] [1790453802.191830868] [sim_ndt]: scan points: raw=1381 downsampled=1119 (leaf=0.05 m)
[hdl_localization_node-13] [INFO] [1790453802.206683347] [sim_ndt]: Metrics -> Error: 0.000787108 (RMSE ~0.0280554 m) | Time: 0 ms | CovTrace: 0.55606 | Converged: True
[trajectory_tracking_node-9] [WARN] [1790453802.222787267] [trajectory_tracking]: trajectory tracking stopped: no valid trajectory
[hdl_localization_node-13] [INFO] [1790453802.396683110] [sim_ndt]: scan points: raw=1381 downsampled=1119 (leaf=0.05 m)
[hdl_localization_node-13] [INFO] [1790453802.403450777] [sim_ndt]: Metrics -> Error: 0.000796051 (RMSE ~0.0282144 m) | Time: 10 ms | CovTrace: 0.556061 | Converged: True
[hdl_localization_node-13] [INFO] [1790453802.589442005] [sim_ndt]: scan points: raw=1381 downsampled=1119 (leaf=0.05 m)
[hdl_localization_node-13] [INFO] [1790453802.614265576] [sim_ndt]: Metrics -> Error: 0.000780802 (RMSE ~0.0279428 m) | Time: 20 ms | CovTrace: 0.556063 | Converged: True
[hdl_localization_node-13] [INFO] [1790453802.787565923] [sim_ndt]: scan points: raw=1381 downsampled=1119 (leaf=0.05 m)
[hdl_localization_node-13] [INFO] [1790453802.799460977] [sim_ndt]: Metrics -> Error: 0.000780602 (RMSE ~0.0279393 m) | Time: 10 ms | CovTrace: 0.556064 | Converged: True
[hdl_localization_node-13] [INFO] [1790453802.990430139] [sim_ndt]: scan points: raw=1381 downsampled=1119 (leaf=0.05 m)
[hdl_localization_node-13] [INFO] [1790453803.006242991] [sim_ndt]: Metrics -> Error: 0.000789336 (RMSE ~0.0280951 m) | Time: 0 ms | CovTrace: 0.556065 | Converged: True
[hdl_localization_node-13] [INFO] [1790453803.187861825] [sim_ndt]: scan points: raw=1381 downsampled=1119 (leaf=0.05 m)
[hdl_localization_node-13] [INFO] [1790453803.198345998] [sim_ndt]: Metrics -> Error: 0.000784582 (RMSE ~0.0280104 m) | Time: 0 ms | CovTrace: 0.556066 | Converged: True
[hdl_localization_node-13] [INFO] [1790453803.399958046] [sim_ndt]: scan points: raw=1381 downsampled=1119 (leaf=0.05 m)
[hdl_localization_node-13] [INFO] [1790453803.406233767] [sim_ndt]: Metrics -> Error: 0.000786251 (RMSE ~0.0280402 m) | Time: 0 ms | CovTrace: 0.556067 | Converged: True
[hdl_localization_node-13] [INFO] [1790453803.591823392] [sim_ndt]: scan points: raw=1381 downsampled=1119 (leaf=0.05 m)
[hdl_localization_node-13] [INFO] [1790453803.601527384] [sim_ndt]: Metrics -> Error: 0.000786993 (RMSE ~0.0280534 m) | Time: 10 ms | CovTrace: 0.556069 | Converged: True
[hdl_localization_node-13] [INFO] [1790453803.790453586] [sim_ndt]: scan points: raw=1381 downsampled=1119 (leaf=0.05 m)
[hdl_localization_node-13] [INFO] [1790453803.796248135] [sim_ndt]: Metrics -> Error: 0.000784989 (RMSE ~0.0280177 m) | Time: 0 ms | CovTrace: 0.55607 | Converged: True
[hdl_localization_node-13] [INFO] [1790453803.982564758] [sim_ndt]: scan points: raw=1381 downsampled=1119 (leaf=0.05 m)
[hdl_localization_node-13] [INFO] [1790453803.994059975] [sim_ndt]: Metrics -> Error: 0.000787257 (RMSE ~0.0280581 m) | Time: 10 ms | CovTrace: 0.556071 | Converged: True
[hdl_localization_node-13] [INFO] [1790453804.198483453] [sim_ndt]: scan points: raw=1381 downsampled=1119 (leaf=0.05 m)
[hdl_localization_node-13] [INFO] [1790453804.211406425] [sim_ndt]: Metrics -> Error: 0.000784612 (RMSE ~0.0280109 m) | Time: 0 ms | CovTrace: 0.556072 | Converged: True
[trajectory_tracking_node-9] [WARN] [1790453804.220221768] [trajectory_tracking]: trajectory tracking stopped: no valid trajectory
[hdl_localization_node-13] [INFO] [1790453804.391527996] [sim_ndt]: scan points: raw=1381 downsampled=1119 (leaf=0.05 m)
[hdl_localization_node-13] [INFO] [1790453804.404489705] [sim_ndt]: Metrics -> Error: 0.000789786 (RMSE ~0.0281031 m) | Time: 10 ms | CovTrace: 0.556073 | Converged: True
[hdl_localization_node-13] [WARN] [1790453804.407553216] [sim_ndt]: Point-LIO odometry unavailable or stale for /localization/odometry twist; publishing zero twist
[hdl_localization_node-13] [INFO] [1790453804.588162014] [sim_ndt]: scan points: raw=1381 downsampled=1119 (leaf=0.05 m)
[hdl_localization_node-13] [INFO] [1790453804.599297032] [sim_ndt]: Metrics -> Error: 0.00078718 (RMSE ~0.0280567 m) | Time: 0 ms | CovTrace: 0.556075 | Converged: True
[hdl_localization_node-13] [INFO] [1790453804.802009915] [sim_ndt]: scan points: raw=1381 downsampled=1119 (leaf=0.05 m)
[hdl_localization_node-13] [INFO] [1790453804.812409404] [sim_ndt]: Metrics -> Error: 0.000783095 (RMSE ~0.0279838 m) | Time: 10 ms | CovTrace: 0.556076 | Converged: True
[hdl_localization_node-13] [INFO] [1790453804.984010893] [sim_ndt]: scan points: raw=1381 downsampled=1119 (leaf=0.05 m)
[hdl_localization_node-13] [INFO] [1790453805.015319337] [sim_ndt]: Metrics -> Error: 0.000792036 (RMSE ~0.0281431 m) | Time: 30 ms | CovTrace: 0.556077 | Converged: True
[hdl_localization_node-13] [INFO] [1790453805.198432227] [sim_ndt]: scan points: raw=1381 downsampled=1119 (leaf=0.05 m)
[hdl_localization_node-13] [INFO] [1790453805.216634053] [sim_ndt]: Metrics -> Error: 0.000779999 (RMSE ~0.0279285 m) | Time: 20 ms | CovTrace: 0.556078 | Converged: True
[hdl_localization_node-13] [INFO] [1790453805.395216870] [sim_ndt]: scan points: raw=1381 downsampled=1119 (leaf=0.05 m)
[hdl_localization_node-13] [INFO] [1790453805.407963737] [sim_ndt]: Metrics -> Error: 0.000776755 (RMSE ~0.0278703 m) | Time: 10 ms | CovTrace: 0.556079 | Converged: True
[hdl_localization_node-13] [INFO] [1790453805.586908485] [sim_ndt]: scan points: raw=1381 downsampled=1119 (leaf=0.05 m)
[hdl_localization_node-13] [INFO] [1790453805.595127789] [sim_ndt]: Metrics -> Error: 0.000797216 (RMSE ~0.028235 m) | Time: 10 ms | CovTrace: 0.556081 | Converged: True
[hdl_localization_node-13] [INFO] [1790453805.808409107] [sim_ndt]: scan points: raw=1381 downsampled=1119 (leaf=0.05 m)
[hdl_localization_node-13] [INFO] [1790453805.824482144] [sim_ndt]: Metrics -> Error: 0.000797174 (RMSE ~0.0282343 m) | Time: 10 ms | CovTrace: 0.556082 | Converged: True
[hdl_localization_node-13] [INFO] [1790453805.981653087] [sim_ndt]: scan points: raw=1381 downsampled=1119 (leaf=0.05 m)
[hdl_localization_node-13] [INFO] [1790453805.991600100] [sim_ndt]: Metrics -> Error: 0.000781651 (RMSE ~0.027958 m) | Time: 0 ms | CovTrace: 0.556083 | Converged: True
[hdl_localization_node-13] [INFO] [1790453806.181335886] [sim_ndt]: scan points: raw=1381 downsampled=1119 (leaf=0.05 m)
[hdl_localization_node-13] [INFO] [1790453806.190713822] [sim_ndt]: Metrics -> Error: 0.000780913 (RMSE ~0.0279448 m) | Time: 10 ms | CovTrace: 0.556084 | Converged: True
[hdl_localization_node-13] [INFO] [1790453806.396135384] [sim_ndt]: scan points: raw=1381 downsampled=1119 (leaf=0.05 m)
[hdl_localization_node-13] [INFO] [1790453806.400844162] [sim_ndt]: Metrics -> Error: 0.000785573 (RMSE ~0.0280281 m) | Time: 10 ms | CovTrace: 0.556085 | Converged: True
[trajectory_tracking_node-9] [WARN] [1790453806.404935747] [trajectory_tracking]: trajectory tracking stopped: no valid trajectory
[hdl_localization_node-13] [INFO] [1790453806.589518507] [sim_ndt]: scan points: raw=1381 downsampled=1119 (leaf=0.05 m)
[hdl_localization_node-13] [INFO] [1790453806.594829588] [sim_ndt]: Metrics -> Error: 0.000779697 (RMSE ~0.0279231 m) | Time: 0 ms | CovTrace: 0.556087 | Converged: True
[hdl_localization_node-13] [INFO] [1790453806.790044391] [sim_ndt]: scan points: raw=1381 downsampled=1119 (leaf=0.05 m)
[hdl_localization_node-13] [INFO] [1790453806.794591122] [sim_ndt]: Metrics -> Error: 0.00078559 (RMSE ~0.0280284 m) | Time: 0 ms | CovTrace: 0.556088 | Converged: True
[hdl_localization_node-13] [INFO] [1790453806.987595844] [sim_ndt]: scan points: raw=1381 downsampled=1119 (leaf=0.05 m)
[hdl_localization_node-13] [INFO] [1790453806.999485031] [sim_ndt]: Metrics -> Error: 0.000792528 (RMSE ~0.0281519 m) | Time: 0 ms | CovTrace: 0.556089 | Converged: True
[hdl_localization_node-13] [INFO] [1790453807.199651197] [sim_ndt]: scan points: raw=1381 downsampled=1119 (leaf=0.05 m)
[hdl_localization_node-13] [INFO] [1790453807.218754868] [sim_ndt]: Metrics -> Error: 0.000793428 (RMSE ~0.0281678 m) | Time: 20 ms | CovTrace: 0.55609 | Converged: True
[hdl_localization_node-13] [INFO] [1790453807.401563444] [sim_ndt]: scan points: raw=1381 downsampled=1119 (leaf=0.05 m)
[hdl_localization_node-13] [INFO] [1790453807.415724057] [sim_ndt]: Metrics -> Error: 0.000801893 (RMSE ~0.0283177 m) | Time: 10 ms | CovTrace: 0.556091 | Converged: True
[hdl_localization_node-13] [INFO] [1790453807.592383678] [sim_ndt]: scan points: raw=1381 downsampled=1119 (leaf=0.05 m)
[hdl_localization_node-13] [INFO] [1790453807.618932259] [sim_ndt]: Metrics -> Error: 0.000777888 (RMSE ~0.0278906 m) | Time: 20 ms | CovTrace: 0.556093 | Converged: True
[hdl_localization_node-13] [INFO] [1790453807.794440468] [sim_ndt]: scan points: raw=1381 downsampled=1119 (leaf=0.05 m)
[hdl_localization_node-13] [INFO] [1790453807.811533855] [sim_ndt]: Metrics -> Error: 0.000784194 (RMSE ~0.0280035 m) | Time: 20 ms | CovTrace: 0.556094 | Converged: True
[hdl_localization_node-13] [INFO] [1790453808.000959599] [sim_ndt]: scan points: raw=1381 downsampled=1119 (leaf=0.05 m)
[hdl_localization_node-13] [INFO] [1790453808.013182190] [sim_ndt]: Metrics -> Error: 0.000793551 (RMSE ~0.02817 m) | Time: 10 ms | CovTrace: 0.556095 | Converged: True
[hdl_localization_node-13] [INFO] [1790453808.184747481] [sim_ndt]: scan points: raw=1381 downsampled=1119 (leaf=0.05 m)
[hdl_localization_node-13] [INFO] [1790453808.195325503] [sim_ndt]: Metrics -> Error: 0.000792 (RMSE ~0.0281425 m) | Time: 10 ms | CovTrace: 0.556096 | Converged: True
[hdl_localization_node-13] [INFO] [1790453808.390478113] [sim_ndt]: scan points: raw=1381 downsampled=1119 (leaf=0.05 m)
[hdl_localization_node-13] [INFO] [1790453808.400457440] [sim_ndt]: Metrics -> Error: 0.000798615 (RMSE ~0.0282598 m) | Time: 0 ms | CovTrace: 0.556097 | Converged: True
[trajectory_tracking_node-9] [WARN] [1790453808.408719532] [trajectory_tracking]: trajectory tracking stopped: no valid trajectory
[hdl_localization_node-13] [INFO] [1790453808.585896962] [sim_ndt]: scan points: raw=1381 downsampled=1119 (leaf=0.05 m)
[hdl_localization_node-13] [INFO] [1790453808.604592977] [sim_ndt]: Metrics -> Error: 0.000805251 (RMSE ~0.0283769 m) | Time: 20 ms | CovTrace: 0.556099 | Converged: True
[hdl_localization_node-13] [INFO] [1790453808.791520565] [sim_ndt]: scan points: raw=1381 downsampled=1119 (leaf=0.05 m)
[hdl_localization_node-13] [INFO] [1790453808.811262104] [sim_ndt]: Metrics -> Error: 0.000800269 (RMSE ~0.028289 m) | Time: 20 ms | CovTrace: 0.5561 | Converged: True
[hdl_localization_node-13] [INFO] [1790453808.988508393] [sim_ndt]: scan points: raw=1381 downsampled=1119 (leaf=0.05 m)
[hdl_localization_node-13] [INFO] [1790453809.019401929] [sim_ndt]: Metrics -> Error: 0.000803509 (RMSE ~0.0283462 m) | Time: 20 ms | CovTrace: 0.556101 | Converged: True
[hdl_localization_node-13] [INFO] [1790453809.205067941] [sim_ndt]: scan points: raw=1381 downsampled=1119 (leaf=0.05 m)
[hdl_localization_node-13] [INFO] [1790453809.212369339] [sim_ndt]: Metrics -> Error: 0.000789569 (RMSE ~0.0280993 m) | Time: 10 ms | CovTrace: 0.556102 | Converged: True
[hdl_localization_node-13] [INFO] [1790453809.396610250] [sim_ndt]: scan points: raw=1381 downsampled=1119 (leaf=0.05 m)
[hdl_localization_node-13] [INFO] [1790453809.411248271] [sim_ndt]: Metrics -> Error: 0.000797137 (RMSE ~0.0282336 m) | Time: 0 ms | CovTrace: 0.556103 | Converged: True
[hdl_localization_node-13] [WARN] [1790453809.413893774] [sim_ndt]: Point-LIO odometry unavailable or stale for /localization/odometry twist; publishing zero twist
[hdl_localization_node-13] [INFO] [1790453809.585505434] [sim_ndt]: scan points: raw=1381 downsampled=1119 (leaf=0.05 m)
[hdl_localization_node-13] [INFO] [1790453809.614738786] [sim_ndt]: Metrics -> Error: 0.000797115 (RMSE ~0.0282332 m) | Time: 30 ms | CovTrace: 0.556105 | Converged: True
[hdl_localization_node-13] [INFO] [1790453809.790735632] [sim_ndt]: scan points: raw=1381 downsampled=1119 (leaf=0.05 m)
[hdl_localization_node-13] [INFO] [1790453809.795525662] [sim_ndt]: Metrics -> Error: 0.000808792 (RMSE ~0.0284393 m) | Time: 0 ms | CovTrace: 0.556106 | Converged: True
[hdl_localization_node-13] [INFO] [1790453809.988111150] [sim_ndt]: scan points: raw=1381 downsampled=1119 (leaf=0.05 m)
[hdl_localization_node-13] [INFO] [1790453809.992767812] [sim_ndt]: Metrics -> Error: 0.000799312 (RMSE ~0.0282721 m) | Time: 0 ms | CovTrace: 0.556107 | Converged: True
[hdl_localization_node-13] [INFO] [1790453810.196080519] [sim_ndt]: scan points: raw=1381 downsampled=1119 (leaf=0.05 m)
[hdl_localization_node-13] [INFO] [1790453810.202838752] [sim_ndt]: Metrics -> Error: 0.000784825 (RMSE ~0.0280147 m) | Time: 10 ms | CovTrace: 0.556108 | Converged: True
[hdl_localization_node-13] [INFO] [1790453810.387447130] [sim_ndt]: scan points: raw=1381 downsampled=1119 (leaf=0.05 m)
[hdl_localization_node-13] [INFO] [1790453810.394442963] [sim_ndt]: Metrics -> Error: 0.000797994 (RMSE ~0.0282488 m) | Time: 0 ms | CovTrace: 0.556109 | Converged: True
[hdl_localization_node-13] [INFO] [1790453810.596923742] [sim_ndt]: scan points: raw=1381 downsampled=1119 (leaf=0.05 m)
[hdl_localization_node-13] [INFO] [1790453810.604271589] [sim_ndt]: Metrics -> Error: 0.000797637 (RMSE ~0.0282425 m) | Time: 0 ms | CovTrace: 0.556111 | Converged: True
[trajectory_tracking_node-9] [WARN] [1790453810.610635528] [trajectory_tracking]: trajectory tracking stopped: no valid trajectory
[hdl_localization_node-13] [INFO] [1790453810.791505492] [sim_ndt]: scan points: raw=1381 downsampled=1119 (leaf=0.05 m)
[hdl_localization_node-13] [INFO] [1790453810.799775401] [sim_ndt]: Metrics -> Error: 0.0008013 (RMSE ~0.0283073 m) | Time: 0 ms | CovTrace: 0.556112 | Converged: True
[hdl_localization_node-13] [INFO] [1790453811.008754208] [sim_ndt]: scan points: raw=1381 downsampled=1119 (leaf=0.05 m)
[hdl_localization_node-13] [INFO] [1790453811.030958264] [sim_ndt]: Metrics -> Error: 0.000798406 (RMSE ~0.0282561 m) | Time: 20 ms | CovTrace: 0.556113 | Converged: True
[hdl_localization_node-13] [INFO] [1790453811.209657977] [sim_ndt]: scan points: raw=1381 downsampled=1119 (leaf=0.05 m)
[hdl_localization_node-13] [INFO] [1790453811.219170288] [sim_ndt]: Metrics -> Error: 0.000781014 (RMSE ~0.0279466 m) | Time: 0 ms | CovTrace: 0.556114 | Converged: True
[hdl_localization_node-13] [INFO] [1790453811.427130996] [sim_ndt]: scan points: raw=1381 downsampled=1119 (leaf=0.05 m)
[hdl_localization_node-13] [INFO] [1790453811.459169572] [sim_ndt]: Metrics -> Error: 0.000783796 (RMSE ~0.0279964 m) | Time: 30 ms | CovTrace: 0.556115 | Converged: True
[hdl_localization_node-13] [INFO] [1790453811.594764091] [sim_ndt]: scan points: raw=1381 downsampled=1119 (leaf=0.05 m)
[hdl_localization_node-13] [INFO] [1790453811.602571959] [sim_ndt]: Metrics -> Error: 0.000781824 (RMSE ~0.0279611 m) | Time: 0 ms | CovTrace: 0.556117 | Converged: True
[hdl_localization_node-13] [INFO] [1790453811.789095182] [sim_ndt]: scan points: raw=1381 downsampled=1119 (leaf=0.05 m)
[hdl_localization_node-13] [INFO] [1790453811.796330308] [sim_ndt]: Metrics -> Error: 0.000790068 (RMSE ~0.0281082 m) | Time: 10 ms | CovTrace: 0.556118 | Converged: True
[hdl_localization_node-13] [INFO] [1790453811.999249543] [sim_ndt]: scan points: raw=1381 downsampled=1119 (leaf=0.05 m)
[hdl_localization_node-13] [INFO] [1790453812.013344183] [sim_ndt]: Metrics -> Error: 0.000780361 (RMSE ~0.0279349 m) | Time: 10 ms | CovTrace: 0.556119 | Converged: True
[hdl_localization_node-13] [INFO] [1790453812.194500173] [sim_ndt]: scan points: raw=1381 downsampled=1119 (leaf=0.05 m)
[hdl_localization_node-13] [INFO] [1790453812.214429535] [sim_ndt]: Metrics -> Error: 0.000786099 (RMSE ~0.0280374 m) | Time: 10 ms | CovTrace: 0.55612 | Converged: True
[hdl_localization_node-13] [INFO] [1790453812.388817522] [sim_ndt]: scan points: raw=1381 downsampled=1119 (leaf=0.05 m)
[hdl_localization_node-13] [INFO] [1790453812.398396316] [sim_ndt]: Metrics -> Error: 0.000792392 (RMSE ~0.0281495 m) | Time: 10 ms | CovTrace: 0.556122 | Converged: True
[hdl_localization_node-13] [INFO] [1790453812.588793454] [sim_ndt]: scan points: raw=1381 downsampled=1119 (leaf=0.05 m)
[hdl_localization_node-13] [INFO] [1790453812.595017351] [sim_ndt]: Metrics -> Error: 0.000781953 (RMSE ~0.0279634 m) | Time: 0 ms | CovTrace: 0.556123 | Converged: True
[hdl_localization_node-13] [INFO] [1790453812.792982988] [sim_ndt]: scan points: raw=1381 downsampled=1119 (leaf=0.05 m)
[hdl_localization_node-13] [INFO] [1790453812.805964208] [sim_ndt]: Metrics -> Error: 0.000782038 (RMSE ~0.0279649 m) | Time: 10 ms | CovTrace: 0.556124 | Converged: True
[trajectory_tracking_node-9] [WARN] [1790453812.814477253] [trajectory_tracking]: trajectory tracking stopped: no valid trajectory
[hdl_localization_node-13] [INFO] [1790453812.999506636] [sim_ndt]: scan points: raw=1381 downsampled=1119 (leaf=0.05 m)
[hdl_localization_node-13] [INFO] [1790453813.015165703] [sim_ndt]: Metrics -> Error: 0.000787899 (RMSE ~0.0280695 m) | Time: 20 ms | CovTrace: 0.556125 | Converged: True
[hdl_localization_node-13] [INFO] [1790453813.199683255] [sim_ndt]: scan points: raw=1381 downsampled=1119 (leaf=0.05 m)
[hdl_localization_node-13] [INFO] [1790453813.204675357] [sim_ndt]: Metrics -> Error: 0.000786326 (RMSE ~0.0280415 m) | Time: 0 ms | CovTrace: 0.556126 | Converged: True
[hdl_localization_node-13] [INFO] [1790453813.411775165] [sim_ndt]: scan points: raw=1381 downsampled=1119 (leaf=0.05 m)
[hdl_localization_node-13] [INFO] [1790453813.446549200] [sim_ndt]: Metrics -> Error: 0.000788127 (RMSE ~0.0280736 m) | Time: 30 ms | CovTrace: 0.556128 | Converged: True
[hdl_localization_node-13] [INFO] [1790453813.590817466] [sim_ndt]: scan points: raw=1381 downsampled=1119 (leaf=0.05 m)
[hdl_localization_node-13] [INFO] [1790453813.617649629] [sim_ndt]: Metrics -> Error: 0.000789699 (RMSE ~0.0281016 m) | Time: 20 ms | CovTrace: 0.556129 | Converged: True
[hdl_localization_node-13] [INFO] [1790453813.787316966] [sim_ndt]: scan points: raw=1381 downsampled=1119 (leaf=0.05 m)
[hdl_localization_node-13] [INFO] [1790453813.804494144] [sim_ndt]: Metrics -> Error: 0.000786645 (RMSE ~0.0280472 m) | Time: 10 ms | CovTrace: 0.55613 | Converged: True
[hdl_localization_node-13] [INFO] [1790453813.992770662] [sim_ndt]: scan points: raw=1381 downsampled=1119 (leaf=0.05 m)
[hdl_localization_node-13] [INFO] [1790453814.003334488] [sim_ndt]: Metrics -> Error: 0.000788411 (RMSE ~0.0280787 m) | Time: 10 ms | CovTrace: 0.556131 | Converged: True
[hdl_localization_node-13] [INFO] [1790453814.198643298] [sim_ndt]: scan points: raw=1381 downsampled=1119 (leaf=0.05 m)
[hdl_localization_node-13] [INFO] [1790453814.207474725] [sim_ndt]: Metrics -> Error: 0.000791162 (RMSE ~0.0281276 m) | Time: 0 ms | CovTrace: 0.556132 | Converged: True
[hdl_localization_node-13] [INFO] [1790453814.384111858] [sim_ndt]: scan points: raw=1381 downsampled=1119 (leaf=0.05 m)
[hdl_localization_node-13] [INFO] [1790453814.412398854] [sim_ndt]: Metrics -> Error: 0.00078868 (RMSE ~0.0280834 m) | Time: 30 ms | CovTrace: 0.556134 | Converged: True
[hdl_localization_node-13] [WARN] [1790453814.423286272] [sim_ndt]: Point-LIO odometry unavailable or stale for /localization/odometry twist; publishing zero twist
[hdl_localization_node-13] [INFO] [1790453814.592139109] [sim_ndt]: scan points: raw=1381 downsampled=1119 (leaf=0.05 m)
[hdl_localization_node-13] [INFO] [1790453814.604651236] [sim_ndt]: Metrics -> Error: 0.000794944 (RMSE ~0.0281947 m) | Time: 10 ms | CovTrace: 0.556135 | Converged: True
[hdl_localization_node-13] [INFO] [1790453814.787391234] [sim_ndt]: scan points: raw=1381 downsampled=1119 (leaf=0.05 m)
[hdl_localization_node-13] [INFO] [1790453814.801611339] [sim_ndt]: Metrics -> Error: 0.00078259 (RMSE ~0.0279748 m) | Time: 10 ms | CovTrace: 0.556136 | Converged: True
[trajectory_tracking_node-9] [WARN] [1790453814.809496976] [trajectory_tracking]: trajectory tracking stopped: no valid trajectory
[hdl_localization_node-13] [INFO] [1790453814.979732827] [sim_ndt]: scan points: raw=1381 downsampled=1119 (leaf=0.05 m)
[hdl_localization_node-13] [INFO] [1790453814.990010489] [sim_ndt]: Metrics -> Error: 0.000781854 (RMSE ~0.0279616 m) | Time: 0 ms | CovTrace: 0.556137 | Converged: True
[hdl_localization_node-13] [INFO] [1790453815.191387988] [sim_ndt]: scan points: raw=1381 downsampled=1119 (leaf=0.05 m)
[hdl_localization_node-13] [INFO] [1790453815.199393272] [sim_ndt]: Metrics -> Error: 0.000789471 (RMSE ~0.0280975 m) | Time: 0 ms | CovTrace: 0.556138 | Converged: True
[hdl_localization_node-13] [INFO] [1790453815.396509374] [sim_ndt]: scan points: raw=1381 downsampled=1119 (leaf=0.05 m)
[hdl_localization_node-13] [INFO] [1790453815.406360699] [sim_ndt]: Metrics -> Error: 0.000790439 (RMSE ~0.0281147 m) | Time: 10 ms | CovTrace: 0.55614 | Converged: True
[hdl_localization_node-13] [INFO] [1790453815.592448856] [sim_ndt]: scan points: raw=1381 downsampled=1119 (leaf=0.05 m)
[hdl_localization_node-13] [INFO] [1790453815.607252317] [sim_ndt]: Metrics -> Error: 0.000778683 (RMSE ~0.0279049 m) | Time: 10 ms | CovTrace: 0.556141 | Converged: True
[hdl_localization_node-13] [INFO] [1790453815.801609596] [sim_ndt]: scan points: raw=1381 downsampled=1119 (leaf=0.05 m)
[hdl_localization_node-13] [INFO] [1790453815.822529118] [sim_ndt]: Metrics -> Error: 0.000791228 (RMSE ~0.0281288 m) | Time: 10 ms | CovTrace: 0.556142 | Converged: True
[hdl_localization_node-13] [INFO] [1790453816.015529373] [sim_ndt]: scan points: raw=1381 downsampled=1119 (leaf=0.05 m)
[hdl_localization_node-13] [INFO] [1790453816.032847997] [sim_ndt]: Metrics -> Error: 0.000780614 (RMSE ~0.0279395 m) | Time: 10 ms | CovTrace: 0.556143 | Converged: True
[hdl_localization_node-13] [INFO] [1790453816.186938857] [sim_ndt]: scan points: raw=1381 downsampled=1119 (leaf=0.05 m)
[hdl_localization_node-13] [INFO] [1790453816.196592497] [sim_ndt]: Metrics -> Error: 0.00077886 (RMSE ~0.0279081 m) | Time: 10 ms | CovTrace: 0.556144 | Converged: True
[hdl_localization_node-13] [INFO] [1790453816.401518110] [sim_ndt]: scan points: raw=1381 downsampled=1119 (leaf=0.05 m)
[hdl_localization_node-13] [INFO] [1790453816.432664324] [sim_ndt]: Metrics -> Error: 0.000791145 (RMSE ~0.0281273 m) | Time: 20 ms | CovTrace: 0.556146 | Converged: True
[hdl_localization_node-13] [INFO] [1790453816.615892535] [sim_ndt]: scan points: raw=1381 downsampled=1119 (leaf=0.05 m)
[hdl_localization_node-13] [INFO] [1790453816.638494026] [sim_ndt]: Metrics -> Error: 0.000787152 (RMSE ~0.0280562 m) | Time: 20 ms | CovTrace: 0.556147 | Converged: True
[hdl_localization_node-13] [INFO] [1790453816.808548100] [sim_ndt]: scan points: raw=1381 downsampled=1119 (leaf=0.05 m)
[hdl_localization_node-13] [INFO] [1790453816.832347758] [sim_ndt]: Metrics -> Error: 0.000785956 (RMSE ~0.0280349 m) | Time: 10 ms | CovTrace: 0.556148 | Converged: True
[trajectory_tracking_node-9] [WARN] [1790453816.838127087] [trajectory_tracking]: trajectory tracking stopped: no valid trajectory
[hdl_localization_node-13] [INFO] [1790453817.007842307] [sim_ndt]: scan points: raw=1381 downsampled=1119 (leaf=0.05 m)
[hdl_localization_node-13] [INFO] [1790453817.016440420] [sim_ndt]: Metrics -> Error: 0.000791907 (RMSE ~0.0281408 m) | Time: 10 ms | CovTrace: 0.556149 | Converged: True
