[INFO] [launch]: All log files can be found below /home/liangys/.ros/log/2026-09-26-14-48-38-053036-ubuntu64-oc-50626
[INFO] [launch]: Default logging verbosity is set to INFO
[INFO] [ign-1]: process started with pid [50680]
[INFO] [parameter_bridge-2]: process started with pid [50682]
[INFO] [sim_adapter.py-3]: process started with pid [50684]
[INFO] [cloud_adapter.py-4]: process started with pid [50686]
[INFO] [map_display.py-5]: process started with pid [50688]
[INFO] [trajectory_generator_node-6]: process started with pid [50690]
[INFO] [rviz_safe-7]: process started with pid [50692]
[INFO] [trajectory_tracking_node-8]: process started with pid [50694]
[INFO] [hit_bridge-9]: process started with pid [50696]
[INFO] [autonomy_guard.py-10]: process started with pid [50698]
[INFO] [python3-11]: process started with pid [50700]
[trajectory_tracking_node-8] [SentryRobotInterface] Loading task file: "/home/liangys/RM_Sentry_2026/ros2_ws/install_sentry_autonomy/trajectory_tracking/share/trajectory_tracking/cfg/task.info"
[trajectory_tracking_node-8] x_init:   5 8 0 0
[trajectory_tracking_node-8] 
[trajectory_tracking_node-8]  #### Multiple-Shooting SQP Settings:
[trajectory_tracking_node-8]  #### =============================================================================
[trajectory_tracking_node-8]  #### 'sqpIteration'...........................................................8
[trajectory_tracking_node-8]  #### 'deltaTol'...........................................................1e-06
[trajectory_tracking_node-8]  #### 'alpha_decay'..........................................................0.5 (default)
[trajectory_tracking_node-8]  #### 'alpha_min'.........................................................0.0001 (default)
[trajectory_tracking_node-8]  #### 'gamma_c'............................................................1e-06 (default)
[trajectory_tracking_node-8]  #### 'g_max'..............................................................1e+06 (default)
[trajectory_tracking_node-8]  #### 'g_min'..............................................................1e-06
[trajectory_tracking_node-8]  #### 'armijoFactor'......................................................0.0001 (default)
[trajectory_tracking_node-8]  #### 'costTol'...........................................................0.0001
[trajectory_tracking_node-8]  #### 'dt'...................................................................0.1
[trajectory_tracking_node-8]  #### 'useFeedbackPolicy'......................................................1
[trajectory_tracking_node-8]  #### 'createValueFunction'....................................................0 (default)
[trajectory_tracking_node-8]  #### 'integratorType'.......................................................RK2
[trajectory_tracking_node-8]  #### 'inequalityConstraintMu'...............................................0.1
[trajectory_tracking_node-8]  #### 'inequalityConstraintDelta'............................................0.2
[trajectory_tracking_node-8]  #### 'projectStateInputEqualityConstraints'...................................1
[trajectory_tracking_node-8]  #### 'extractProjectionMultiplier'............................................0 (default)
[trajectory_tracking_node-8]  #### 'printSolverStatus'......................................................0
[trajectory_tracking_node-8]  #### 'printSolverStatistics'..................................................0
[trajectory_tracking_node-8]  #### 'printLinesearch'........................................................0
[trajectory_tracking_node-8]  #### 'enableLogging'..........................................................1 (default)
[trajectory_tracking_node-8]  #### 'logSize'.............................................................1000 (default)
[trajectory_tracking_node-8]  #### 'logFilePath'.........................................../tmp/ocs2/sqp_log/ (default)
[trajectory_tracking_node-8]  #### 'nThreads'...............................................................2
[trajectory_tracking_node-8]  #### 'threadPriority'........................................................50
[trajectory_tracking_node-8] 
[trajectory_tracking_node-8]  #### HPIPM Settings:
[trajectory_tracking_node-8]  #### =============================================================================
[trajectory_tracking_node-8]  #### 'mode'...................................................................1 (default)
[trajectory_tracking_node-8]  #### 'iter_max'..............................................................30 (default)
[trajectory_tracking_node-8]  #### 'alpha_min'..........................................................1e-12 (default)
[trajectory_tracking_node-8]  #### 'mu0'...................................................................10 (default)
[trajectory_tracking_node-8]  #### 'tol_stat'...........................................................1e-06 (default)
[trajectory_tracking_node-8]  #### 'tol_eq'.............................................................1e-08 (default)
[trajectory_tracking_node-8]  #### 'tol_ineq'...........................................................1e-08 (default)
[trajectory_tracking_node-8]  #### 'tol_comp'...........................................................1e-08 (default)
[trajectory_tracking_node-8]  #### 'reg_prim'...........................................................1e-12 (default)
[trajectory_tracking_node-8]  #### 'warm_start'.............................................................0 (default)
[trajectory_tracking_node-8]  #### 'pred_corr'..............................................................1 (default)
[trajectory_tracking_node-8]  #### 'ric_alg'................................................................0 (default)
[trajectory_tracking_node-8]  #### =============================================================================
[trajectory_tracking_node-8]  #### =============================================================================
[trajectory_tracking_node-8] 
[trajectory_tracking_node-8]  #### MPC Settings:
[trajectory_tracking_node-8]  #### =============================================================================
[trajectory_tracking_node-8]  #### 'timeHorizon'............................................................2
[trajectory_tracking_node-8]  #### 'solutionTimeWindow'.....................................................2
[trajectory_tracking_node-8]  #### 'coldStart'..............................................................0
[trajectory_tracking_node-8]  #### 'debugPrint'.............................................................0
[trajectory_tracking_node-8]  #### 'mpcDesiredFrequency'..................................................100
[trajectory_tracking_node-8]  #### 'mrtDesiredFrequency'..................................................400
[trajectory_tracking_node-8]  #### =============================================================================
[trajectory_tracking_node-8] 
[trajectory_tracking_node-8]  #### Rollout Settings: 
[trajectory_tracking_node-8]  #### =============================================================================
[trajectory_tracking_node-8]  #### 'AbsTolODE'..........................................................1e-05
[trajectory_tracking_node-8]  #### 'RelTolODE'..........................................................0.001
[trajectory_tracking_node-8]  #### 'maxNumStepsPerSecond'...............................................10000
[trajectory_tracking_node-8]  #### 'timeStep'............................................................0.02
[trajectory_tracking_node-8]  #### 'integratorType'.....................................................ODE45 (default)
[trajectory_tracking_node-8]  #### 'checkNumericalStability'................................................1
[trajectory_tracking_node-8]  #### 'reconstructInputTrajectory'.............................................1 (default)
[trajectory_tracking_node-8]  #### 'rootFindingAlgorithm'...................................................0 (default)
[trajectory_tracking_node-8]  #### 'maxSingleEventIterations'..............................................10 (default)
[trajectory_tracking_node-8]  #### 'useTrajectorySpreadingController'.......................................0 (default)
[trajectory_tracking_node-8]  #### =============================================================================
[trajectory_tracking_node-8] WARNING: Loaded at least one default value in matrix: "Q"
[trajectory_tracking_node-8] WARNING: Loaded at least one default value in matrix: "R"
[trajectory_tracking_node-8] WARNING: Loaded at least one default value in matrix: "Q_final"
[trajectory_tracking_node-8] Q:  
[trajectory_tracking_node-8] 150   0   0   0
[trajectory_tracking_node-8]   0 150   0   0
[trajectory_tracking_node-8]   0   0  60   0
[trajectory_tracking_node-8]   0   0   0  80
[trajectory_tracking_node-8] R:  
[trajectory_tracking_node-8]  1.5    0
[trajectory_tracking_node-8]    0 0.15
[trajectory_tracking_node-8] Qf: 
[trajectory_tracking_node-8] 150   0   0   0
[trajectory_tracking_node-8]   0 150   0   0
[trajectory_tracking_node-8]   0   0  60   0
[trajectory_tracking_node-8]   0   0   0  80
[trajectory_tracking_node-8] m_height_bias: 0.0152941 m_height_interval: 1.5 m_height_threshold: 0.08 height_sencond_high_threshold: 0.2
[trajectory_generator_node-6] [Manager Init] map/file_path: 
[trajectory_generator_node-6] [Manager Init] map/occ_file_path: /home/liangys/RM_Sentry_2026/ros2_ws/install_sentry_autonomy/trajectory_generation/share/trajectory_generation/map/occfinal.png
[trajectory_generator_node-6] [Manager Init] map/bev_file_path: /home/liangys/RM_Sentry_2026/ros2_ws/install_sentry_autonomy/trajectory_generation/share/trajectory_generation/map/bevfinal.png
[trajectory_generator_node-6] [Manager Init] map/distance_map_file_path: /home/liangys/RM_Sentry_2026/ros2_ws/install_sentry_autonomy/trajectory_generation/share/trajectory_generation/map/occtopo.png
[trajectory_generator_node-6] m_height_bias: 0.0152941 m_height_interval: 1.5 m_height_threshold: 0.08 height_sencond_high_threshold: 0.2
[trajectory_tracking_node-8] map swell done
[trajectory_tracking_node-8] second_heights_points: 10
[trajectory_tracking_node-8] [Map Build] bev build done
[trajectory_tracking_node-8] xmax: 0.781 xmin: -0.719 ymax: -3.154 ymin: -5.354
[trajectory_tracking_node-8] R.rows 400 R.cols 400
[trajectory_tracking_node-8] start topo sample map
[trajectory_tracking_node-8] [GridMap] topo_sample_map size: 185
[trajectory_tracking_node-8] [GridMap] topo_keypoint size: 1603
[trajectory_generator_node-6] map swell done
[trajectory_generator_node-6] second_heights_points: 0
[trajectory_generator_node-6] [Map Build] bev build done
[trajectory_generator_node-6] R.rows 400 R.cols 400
[trajectory_generator_node-6] start topo sample map
[trajectory_generator_node-6] [GridMap] topo_sample_map size: 185
[trajectory_generator_node-6] [GridMap] topo_keypoint size: 1603
[rviz_safe-7] [rviz_common:debug] Load pixmap at package://rviz_common/images/splash_overlay.png, at ./src/rviz_common/load_resource.cpp:71
[rviz_safe-7] [rviz_common:debug] Available Renderers(1): OpenGL Rendering Subsystem, at ./src/rviz_rendering/render_system.cpp:301
[rviz_safe-7] [rviz_common:info] Stereo is NOT SUPPORTED, at ./src/rviz_rendering/render_system.cpp:543
[rviz_safe-7] [rviz_common:info] OpenGl version: 4.5 (GLSL 4.5), at ./src/rviz_rendering/render_system.cpp:284
[rviz_safe-7] [rviz_common:debug] Load pixmap at package://rviz_common/icons/plus.png, at ./src/rviz_common/load_resource.cpp:71
[rviz_safe-7] [rviz_common:debug] Load pixmap at package://rviz_common/icons/minus.png, at ./src/rviz_common/load_resource.cpp:71
[rviz_safe-7] [rviz_common:info] Stereo is NOT SUPPORTED, at ./src/rviz_rendering/render_system.cpp:543
[rviz_safe-7] [rviz_common:debug] Load pixmap at package://rviz_default_plugins/icons/classes/TF.svg, at ./src/rviz_common/load_resource.cpp:71
[rviz_safe-7] [rviz_common:debug] Error retrieving file [file:///opt/ros/humble/share/rviz_default_plugins/icons/classes/TF.svg]: Couldn't open file /opt/ros/humble/share/rviz_default_plugins/icons/classes/TF.svg, at ./src/rviz_common/load_resource.cpp:55
[rviz_safe-7] [rviz_common:debug] Load pixmap at package://rviz_default_plugins/icons/classes/TF.png, at ./src/rviz_common/load_resource.cpp:71
[rviz_safe-7] [rviz_common:debug] Load pixmap at package://rviz_common/icons/classes/Identity.svg, at ./src/rviz_common/load_resource.cpp:71
[rviz_safe-7] [rviz_common:debug] Error retrieving file [file:///opt/ros/humble/share/rviz_common/icons/classes/Identity.svg]: Couldn't open file /opt/ros/humble/share/rviz_common/icons/classes/Identity.svg, at ./src/rviz_common/load_resource.cpp:55
[rviz_safe-7] [rviz_common:debug] Load pixmap at package://rviz_common/icons/classes/Identity.png, at ./src/rviz_common/load_resource.cpp:71
[rviz_safe-7] [rviz_common:debug] Error retrieving file [file:///opt/ros/humble/share/rviz_common/icons/classes/Identity.png]: Couldn't open file /opt/ros/humble/share/rviz_common/icons/classes/Identity.png, at ./src/rviz_common/load_resource.cpp:55
[rviz_safe-7] [rviz_common:debug] Load pixmap at package://rviz_common/icons/default_class_icon.png, at ./src/rviz_common/load_resource.cpp:71
[rviz_safe-7] [rviz_common:debug] Load pixmap at package://rviz_common/icons/options.png, at ./src/rviz_common/load_resource.cpp:71
[rviz_safe-7] [rviz_common:debug] Load pixmap at package://rviz_common/icons/ok.png, at ./src/rviz_common/load_resource.cpp:71
[rviz_safe-7] [rviz_common:debug] Load pixmap at package://rviz_common/icons/warning.png, at ./src/rviz_common/load_resource.cpp:71
[rviz_safe-7] [rviz_common:debug] Load pixmap at package://rviz_common/icons/error.png, at ./src/rviz_common/load_resource.cpp:71
[rviz_safe-7] [rviz_common:debug] Load pixmap at package://rviz_default_plugins/icons/classes/Orbit.svg, at ./src/rviz_common/load_resource.cpp:71
[rviz_safe-7] [rviz_common:debug] Error retrieving file [file:///opt/ros/humble/share/rviz_default_plugins/icons/classes/Orbit.svg]: Couldn't open file /opt/ros/humble/share/rviz_default_plugins/icons/classes/Orbit.svg, at ./src/rviz_common/load_resource.cpp:55
[rviz_safe-7] [rviz_common:debug] Load pixmap at package://rviz_default_plugins/icons/classes/Orbit.png, at ./src/rviz_common/load_resource.cpp:71
[rviz_safe-7] [rviz_common:debug] Error retrieving file [file:///opt/ros/humble/share/rviz_default_plugins/icons/classes/Orbit.png]: Couldn't open file /opt/ros/humble/share/rviz_default_plugins/icons/classes/Orbit.png, at ./src/rviz_common/load_resource.cpp:55
[rviz_safe-7] [rviz_common:debug] Load pixmap at package://rviz_common/icons/rotate.svg, at ./src/rviz_common/load_resource.cpp:71
[rviz_safe-7] [rviz_common:debug] Load pixmap at package://rviz_common/icons/cursor.svg, at ./src/rviz_common/load_resource.cpp:71
[rviz_safe-7] [rviz_common:debug] Load pixmap at package://rviz_common/icons/rotate_cam.svg, at ./src/rviz_common/load_resource.cpp:71
[rviz_safe-7] [rviz_common:debug] Load pixmap at package://rviz_common/icons/move2d.svg, at ./src/rviz_common/load_resource.cpp:71
[rviz_safe-7] [rviz_common:debug] Load pixmap at package://rviz_common/icons/move_z.svg, at ./src/rviz_common/load_resource.cpp:71
[rviz_safe-7] [rviz_common:debug] Load pixmap at package://rviz_common/icons/zoom.svg, at ./src/rviz_common/load_resource.cpp:71
[sim_adapter.py-3] [INFO] [1790448518.832597419] [sentry_sim_adapter]: Ideal planar simulator: 0.5 s wall-time watchdog, 50 Hz feedback
[rviz_safe-7] [rviz_common:debug] Load pixmap at package://rviz_common/icons/crosshair.svg, at ./src/rviz_common/load_resource.cpp:71
[rviz_safe-7] [rviz_common:debug] Load pixmap at package://rviz_default_plugins/icons/classes/FocusCamera.svg, at ./src/rviz_common/load_resource.cpp:71
[rviz_safe-7] [rviz_common:debug] Load pixmap at package://rviz_default_plugins/icons/classes/Interact.svg, at ./src/rviz_common/load_resource.cpp:71
[rviz_safe-7] [rviz_common:debug] Error retrieving file [file:///opt/ros/humble/share/rviz_default_plugins/icons/classes/Interact.svg]: Couldn't open file /opt/ros/humble/share/rviz_default_plugins/icons/classes/Interact.svg, at ./src/rviz_common/load_resource.cpp:55
[rviz_safe-7] [rviz_common:debug] Load pixmap at package://rviz_default_plugins/icons/classes/Interact.png, at ./src/rviz_common/load_resource.cpp:71
[rviz_safe-7] [rviz_common:debug] Load pixmap at package://rviz_default_plugins/icons/classes/Measure.svg, at ./src/rviz_common/load_resource.cpp:71
[rviz_safe-7] [rviz_common:debug] Load pixmap at package://rviz_default_plugins/icons/classes/MoveCamera.svg, at ./src/rviz_common/load_resource.cpp:71
[rviz_safe-7] [rviz_common:debug] Error retrieving file [file:///opt/ros/humble/share/rviz_default_plugins/icons/classes/MoveCamera.svg]: Couldn't open file /opt/ros/humble/share/rviz_default_plugins/icons/classes/MoveCamera.svg, at ./src/rviz_common/load_resource.cpp:55
[rviz_safe-7] [rviz_common:debug] Load pixmap at package://rviz_default_plugins/icons/classes/MoveCamera.png, at ./src/rviz_common/load_resource.cpp:71
[rviz_safe-7] [rviz_common:debug] Load pixmap at package://rviz_default_plugins/icons/classes/PublishPoint.svg, at ./src/rviz_common/load_resource.cpp:71
[rviz_safe-7] [rviz_common:debug] Load pixmap at package://rviz_default_plugins/icons/classes/Select.svg, at ./src/rviz_common/load_resource.cpp:71
[rviz_safe-7] [rviz_common:debug] Error retrieving file [file:///opt/ros/humble/share/rviz_default_plugins/icons/classes/Select.svg]: Couldn't open file /opt/ros/humble/share/rviz_default_plugins/icons/classes/Select.svg, at ./src/rviz_common/load_resource.cpp:55
[rviz_safe-7] [rviz_common:debug] Load pixmap at package://rviz_default_plugins/icons/classes/Select.png, at ./src/rviz_common/load_resource.cpp:71
[rviz_safe-7] [rviz_common:debug] Load pixmap at package://rviz_default_plugins/icons/classes/SetGoal.svg, at ./src/rviz_common/load_resource.cpp:71
[rviz_safe-7] [rviz_common:debug] Error retrieving file [file:///opt/ros/humble/share/rviz_default_plugins/icons/classes/SetGoal.svg]: Couldn't open file /opt/ros/humble/share/rviz_default_plugins/icons/classes/SetGoal.svg, at ./src/rviz_common/load_resource.cpp:55
[rviz_safe-7] [rviz_common:debug] Load pixmap at package://rviz_default_plugins/icons/classes/SetGoal.png, at ./src/rviz_common/load_resource.cpp:71
[rviz_safe-7] [rviz_common:debug] Load pixmap at package://rviz_default_plugins/icons/classes/SetInitialPose.svg, at ./src/rviz_common/load_resource.cpp:71
[rviz_safe-7] [rviz_common:debug] Error retrieving file [file:///opt/ros/humble/share/rviz_default_plugins/icons/classes/SetInitialPose.svg]: Couldn't open file /opt/ros/humble/share/rviz_default_plugins/icons/classes/SetInitialPose.svg, at ./src/rviz_common/load_resource.cpp:55
[rviz_safe-7] [rviz_common:debug] Load pixmap at package://rviz_default_plugins/icons/classes/SetInitialPose.png, at ./src/rviz_common/load_resource.cpp:71
[rviz_safe-7] [rviz_common:debug] Load pixmap at package://rviz_default_plugins/icons/classes/Map.svg, at ./src/rviz_common/load_resource.cpp:71
[rviz_safe-7] [rviz_common:debug] Error retrieving file [file:///opt/ros/humble/share/rviz_default_plugins/icons/classes/Map.svg]: Couldn't open file /opt/ros/humble/share/rviz_default_plugins/icons/classes/Map.svg, at ./src/rviz_common/load_resource.cpp:55
[rviz_safe-7] [rviz_common:debug] Load pixmap at package://rviz_default_plugins/icons/classes/Map.png, at ./src/rviz_common/load_resource.cpp:71
[rviz_safe-7] [rviz_common:debug] Load pixmap at package://rviz_default_plugins/icons/classes/Grid.svg, at ./src/rviz_common/load_resource.cpp:71
[rviz_safe-7] [rviz_common:debug] Error retrieving file [file:///opt/ros/humble/share/rviz_default_plugins/icons/classes/Grid.svg]: Couldn't open file /opt/ros/humble/share/rviz_default_plugins/icons/classes/Grid.svg, at ./src/rviz_common/load_resource.cpp:55
[rviz_safe-7] [rviz_common:debug] Load pixmap at package://rviz_default_plugins/icons/classes/Grid.png, at ./src/rviz_common/load_resource.cpp:71
[rviz_safe-7] [rviz_common:debug] Load pixmap at package://rviz_default_plugins/icons/classes/PointCloud2.svg, at ./src/rviz_common/load_resource.cpp:71
[rviz_safe-7] [rviz_common:debug] Error retrieving file [file:///opt/ros/humble/share/rviz_default_plugins/icons/classes/PointCloud2.svg]: Couldn't open file /opt/ros/humble/share/rviz_default_plugins/icons/classes/PointCloud2.svg, at ./src/rviz_common/load_resource.cpp:55
[rviz_safe-7] [rviz_common:debug] Load pixmap at package://rviz_default_plugins/icons/classes/PointCloud2.png, at ./src/rviz_common/load_resource.cpp:71
[rviz_safe-7] [rviz_common:debug] Load pixmap at package://rviz_default_plugins/icons/classes/Pose.svg, at ./src/rviz_common/load_resource.cpp:71
[rviz_safe-7] [rviz_common:debug] Error retrieving file [file:///opt/ros/humble/share/rviz_default_plugins/icons/classes/Pose.svg]: Couldn't open file /opt/ros/humble/share/rviz_default_plugins/icons/classes/Pose.svg, at ./src/rviz_common/load_resource.cpp:55
[rviz_safe-7] [rviz_common:debug] Load pixmap at package://rviz_default_plugins/icons/classes/Pose.png, at ./src/rviz_common/load_resource.cpp:71
[rviz_safe-7] [rviz_common:debug] Load pixmap at package://rviz_default_plugins/icons/classes/Marker.svg, at ./src/rviz_common/load_resource.cpp:71
[rviz_safe-7] [rviz_common:debug] Error retrieving file [file:///opt/ros/humble/share/rviz_default_plugins/icons/classes/Marker.svg]: Couldn't open file /opt/ros/humble/share/rviz_default_plugins/icons/classes/Marker.svg, at ./src/rviz_common/load_resource.cpp:55
[rviz_safe-7] [rviz_common:debug] Load pixmap at package://rviz_default_plugins/icons/classes/Marker.png, at ./src/rviz_common/load_resource.cpp:71
[rviz_safe-7] [rviz_common:debug] Load pixmap at package://rviz_default_plugins/icons/classes/Path.svg, at ./src/rviz_common/load_resource.cpp:71
[rviz_safe-7] [rviz_common:debug] Error retrieving file [file:///opt/ros/humble/share/rviz_default_plugins/icons/classes/Path.svg]: Couldn't open file /opt/ros/humble/share/rviz_default_plugins/icons/classes/Path.svg, at ./src/rviz_common/load_resource.cpp:55
[rviz_safe-7] [rviz_common:debug] Load pixmap at package://rviz_default_plugins/icons/classes/Path.png, at ./src/rviz_common/load_resource.cpp:71
[rviz_safe-7] [rviz_common:debug] Load pixmap at package://rviz_default_plugins/icons/classes/RGB8.svg, at ./src/rviz_common/load_resource.cpp:71
[rviz_safe-7] [rviz_common:debug] Error retrieving file [file:///opt/ros/humble/share/rviz_default_plugins/icons/classes/RGB8.svg]: Couldn't open file /opt/ros/humble/share/rviz_default_plugins/icons/classes/RGB8.svg, at ./src/rviz_common/load_resource.cpp:55
[rviz_safe-7] [rviz_common:debug] Load pixmap at package://rviz_default_plugins/icons/classes/RGB8.png, at ./src/rviz_common/load_resource.cpp:71
[rviz_safe-7] [rviz_common:debug] Error retrieving file [file:///opt/ros/humble/share/rviz_default_plugins/icons/classes/RGB8.png]: Couldn't open file /opt/ros/humble/share/rviz_default_plugins/icons/classes/RGB8.png, at ./src/rviz_common/load_resource.cpp:55
[rviz_safe-7] [rviz_common:debug] Load pixmap at package://rviz_default_plugins/icons/classes/XYZ.svg, at ./src/rviz_common/load_resource.cpp:71
[rviz_safe-7] [rviz_common:debug] Error retrieving file [file:///opt/ros/humble/share/rviz_default_plugins/icons/classes/XYZ.svg]: Couldn't open file /opt/ros/humble/share/rviz_default_plugins/icons/classes/XYZ.svg, at ./src/rviz_common/load_resource.cpp:55
[rviz_safe-7] [rviz_common:debug] Load pixmap at package://rviz_default_plugins/icons/classes/XYZ.png, at ./src/rviz_common/load_resource.cpp:71
[rviz_safe-7] [rviz_common:debug] Error retrieving file [file:///opt/ros/humble/share/rviz_default_plugins/icons/classes/XYZ.png]: Couldn't open file /opt/ros/humble/share/rviz_default_plugins/icons/classes/XYZ.png, at ./src/rviz_common/load_resource.cpp:55
[rviz_safe-7] [rviz_common:debug] Load pixmap at package://rviz_default_plugins/icons/classes/FlatColor.svg, at ./src/rviz_common/load_resource.cpp:71
[rviz_safe-7] [rviz_common:debug] Error retrieving file [file:///opt/ros/humble/share/rviz_default_plugins/icons/classes/FlatColor.svg]: Couldn't open file /opt/ros/humble/share/rviz_default_plugins/icons/classes/FlatColor.svg, at ./src/rviz_common/load_resource.cpp:55
[ign-1] [1;33m[GUI] [Wrn] [Application.cc:802] [0m[1;33m[QT] file::/Gazebo/GazeboDrawer.qml:242:3: QML Connections: Implicitly defined onFoo properties in Connections are deprecated. Use this syntax instead: function onFoo(<arguments>) { ... }[0m[1;33m[0m
[rviz_safe-7] [rviz_common:error] Vertex Program:rviz/glsl120/indexed_8bit_image.vert Fragment Program:rviz/glsl120/indexed_8bit_image.frag GLSL link result : 
[rviz_safe-7] active samplers with a different type refer to the same texture image unit, at ./src/rviz_rendering/ogre_logging.cpp:70
[ign-1] [1;33m[GUI] [Wrn] [Application.cc:802] [0m[1;33m[QT] file::/WorldStats/WorldStats.qml:53:3: QML RowLayout: Binding loop detected for property "x"[0m[1;33m[0m
[parameter_bridge-2] [INFO] [1790448519.230940695] [sentry_gazebo_bridge]: Creating GZ->ROS Bridge: [/clock (ignition.msgs.Clock) -> /clock (rosgraph_msgs/msg/Clock)] (Lazy 0)
[parameter_bridge-2] [INFO] [1790448519.232355278] [sentry_gazebo_bridge]: Creating ROS->GZ Bridge: [/sim/guarded_cmd_vel (geometry_msgs/msg/Twist) -> /model/sentry/cmd_vel (ignition.msgs.Twist)] (Lazy 0)
[parameter_bridge-2] [INFO] [1790448519.236565843] [sentry_gazebo_bridge]: Creating GZ->ROS Bridge: [/model/sentry/odometry (ignition.msgs.Odometry) -> /sim/ground_truth/odometry (nav_msgs/msg/Odometry)] (Lazy 0)
[parameter_bridge-2] [INFO] [1790448519.238638590] [sentry_gazebo_bridge]: Creating GZ->ROS Bridge: [/sentry/lidar/points (ignition.msgs.PointCloudPacked) -> /sim/lidar/native (sensor_msgs/msg/PointCloud2)] (Lazy 0)
[parameter_bridge-2] [INFO] [1790448519.239796972] [sentry_gazebo_bridge]: Passing message from ROS geometry_msgs/msg/Twist to Gazebo gz.msgs.Twist (showing msg only once per type)
[ign-1] libEGL warning: Not allowed to force software rendering when API explicitly selects a hardware device.
[python3-11] Visible simulation windows arranged: gazebo,rviz
[INFO] [python3-11]: process has finished cleanly [pid 50700]
[ign-1] [1;33m[GUI] [Wrn] [Ogre2RenderTarget.cc:574] [0m[1;33mAnti-aliasing level of '[0m[1;33m8[0m[1;33m' [0m[1;33mis not supported; valid FSAA levels are: [0m[1;33m[ 0 4 ][0m[1;33m. Setting to 0[0m[1;33m[0m
[ign-1] [1;32m[Msg] [0m[1;32mReceived world [[0m[1;32m/home/liangys/RM_Sentry_2026/ros2_ws/install_sentry_autonomy/sentry_gazebo/share/sentry_gazebo/worlds/planning.sdf[0m[1;32m] from the GUI.[0m[1;32m[0m
[ign-1] [1;32m[Msg] [0m[1;32mIgnition Gazebo Server v[0m[1;32m6.18.0[0m[1;32m[0m
[ign-1] [1;32m[Msg] [0m[1;32mLoading SDF world file[[0m[1;32m/home/liangys/RM_Sentry_2026/ros2_ws/install_sentry_autonomy/sentry_gazebo/share/sentry_gazebo/worlds/planning.sdf[0m[1;32m].[0m
[ign-1] [1;32m[Msg] [0m[1;32mServing entity system service on [[0m[1;32m/[0m[1;32mentity/system/add[0m[1;32m][0m[1;32m[0m
[ign-1] [1;32m[Msg] [0m[1;32mCreate service on [[0m[1;32m/world/sentry_planning/create[0m[1;32m][0m[1;32m[0m
[ign-1] [1;32m[Msg] [0m[1;32mRemove service on [[0m[1;32m/world/sentry_planning/remove[0m[1;32m][0m[1;32m[0m
[ign-1] [1;32m[Msg] [0m[1;32mPose service on [[0m[1;32m/world/sentry_planning/set_pose[0m[1;32m][0m[1;32m[0m
[ign-1] [1;32m[Msg] [0m[1;32mPose service on [[0m[1;32m/world/sentry_planning/set_pose_vector[0m[1;32m][0m[1;32m[0m
[ign-1] [1;32m[Msg] [0m[1;32mLight configuration service on [[0m[1;32m/world/sentry_planning/light_config[0m[1;32m][0m[1;32m[0m
[ign-1] [1;32m[Msg] [0m[1;32mPhysics service on [[0m[1;32m/world/sentry_planning/set_physics[0m[1;32m][0m[1;32m[0m
[ign-1] [1;32m[Msg] [0m[1;32mSphericalCoordinates service on [[0m[1;32m/world/sentry_planning/set_spherical_coordinates[0m[1;32m][0m[1;32m[0m
[ign-1] [1;32m[Msg] [0m[1;32mEnable collision service on [[0m[1;32m/world/sentry_planning/enable_collision[0m[1;32m][0m[1;32m[0m
[ign-1] [1;32m[Msg] [0m[1;32mDisable collision service on [[0m[1;32m/world/sentry_planning/disable_collision[0m[1;32m][0m[1;32m[0m
[ign-1] [1;32m[Msg] [0m[1;32mMaterial service on [[0m[1;32m/world/sentry_planning/visual_config[0m[1;32m][0m[1;32m[0m
[ign-1] [1;32m[Msg] [0m[1;32mMaterial service on [[0m[1;32m/world/sentry_planning/wheel_slip[0m[1;32m][0m[1;32m[0m
[ign-1] [1;32m[Msg] [0m[1;32mVelocityControl subscribing to twist messages on [[0m[1;32m/model/sentry/cmd_vel[0m[1;32m][0m[1;32m[0m
[ign-1] [1;32m[Msg] [0m[1;32mOdometryPublisher publishing odometry on [[0m[1;32m/model/sentry/odometry[0m[1;32m][0m[1;32m[0m
[ign-1] [1;32m[Msg] [0m[1;32mOdometryPublisher publishing odometry with covariance on [[0m[1;32m/model/sentry/odometry_with_covariance[0m[1;32m][0m[1;32m[0m
[ign-1] [1;32m[Msg] [0m[1;32mOdometryPublisher publishing Pose_V (TF) on [[0m[1;32m/model/sentry/pose[0m[1;32m][0m[1;32m[0m
[ign-1] [1;32m[Msg] [0m[1;32mLoaded level [[0m[1;32m3[0m[1;32m][0m[1;32m[0m
[ign-1] [1;32m[Msg] [0m[1;32mServing world controls on [[0m[1;32m/world/sentry_planning[0m[1;32m/control], [[0m[1;32m/world/sentry_planning[0m[1;32m/control/state] and [[0m[1;32m/world/sentry_planning[0m[1;32m/playback/control][0m[1;32m[0m
[ign-1] [1;32m[Msg] [0m[1;32mServing GUI information on [[0m[1;32m/world/sentry_planning[0m[1;32m/[0m[1;32mgui/info[0m[1;32m][0m[1;32m[0m
[ign-1] [1;32m[Msg] [0m[1;32mWorld [[0m[1;32msentry_planning[0m[1;32m] initialized with [[0m[1;32mfixed_step[0m[1;32m] physics profile.[0m[1;32m[0m
[ign-1] [1;32m[Msg] [0m[1;32mServing world SDF generation service on [[0m[1;32m/world/sentry_planning[0m[1;32m/[0m[1;32mgenerate_world_sdf[0m[1;32m][0m[1;32m[0m
[ign-1] [1;32m[Msg] [0m[1;32mServing world names on [[0m[1;32m/gazebo/worlds[0m[1;32m][0m[1;32m[0m
[ign-1] [1;32m[Msg] [0m[1;32mResource path add service on [[0m[1;32m/gazebo/resource_paths/add[0m[1;32m].[0m[1;32m[0m
[ign-1] [1;32m[Msg] [0m[1;32mResource path get service on [[0m[1;32m/gazebo/resource_paths/get[0m[1;32m].[0m[1;32m[0m
[ign-1] [1;32m[Msg] [0m[1;32mResource path resolve service on [[0m[1;32m/gazebo/resource_paths/resolve[0m[1;32m].[0m[1;32m[0m
[ign-1] [1;32m[Msg] [0m[1;32mResource paths published on [[0m[1;32m/gazebo/resource_paths[0m[1;32m].[0m[1;32m[0m
[ign-1] [1;32m[Msg] [0m[1;32mServer control service on [[0m[1;32m/server_control[0m[1;32m].[0m[1;32m[0m
[ign-1] [1;32m[Msg] [0m[1;32mFound no publishers on /stats, adding root stats topic[0m[1;32m[0m
[ign-1] libEGL warning: Not allowed to force software rendering when API explicitly selects a hardware device.
[trajectory_tracking_node-8] [WARN] [1790448522.957510290] [trajectory_tracking]: trajectory tracking stopped: no valid trajectory
[rviz_safe-7] [rviz_common:debug] Load pixmap at package://rviz_default_plugins/icons/classes/FlatColor.png, at ./src/rviz_common/load_resource.cpp:71
[rviz_safe-7] [rviz_common:debug] Error retrieving file [file:///opt/ros/humble/share/rviz_default_plugins/icons/classes/FlatColor.png]: Couldn't open file /opt/ros/humble/share/rviz_default_plugins/icons/classes/FlatColor.png, at ./src/rviz_common/load_resource.cpp:55
[rviz_safe-7] [rviz_common:debug] Load pixmap at package://rviz_default_plugins/icons/classes/Intensity.svg, at ./src/rviz_common/load_resource.cpp:71
[rviz_safe-7] [rviz_common:debug] Error retrieving file [file:///opt/ros/humble/share/rviz_default_plugins/icons/classes/Intensity.svg]: Couldn't open file /opt/ros/humble/share/rviz_default_plugins/icons/classes/Intensity.svg, at ./src/rviz_common/load_resource.cpp:55
[rviz_safe-7] [rviz_common:debug] Load pixmap at package://rviz_default_plugins/icons/classes/Intensity.png, at ./src/rviz_common/load_resource.cpp:71
[rviz_safe-7] [rviz_common:debug] Error retrieving file [file:///opt/ros/humble/share/rviz_default_plugins/icons/classes/Intensity.png]: Couldn't open file /opt/ros/humble/share/rviz_default_plugins/icons/classes/Intensity.png, at ./src/rviz_common/load_resource.cpp:55
[rviz_safe-7] [rviz_common:debug] Load pixmap at package://rviz_default_plugins/icons/classes/AxisColor.svg, at ./src/rviz_common/load_resource.cpp:71
[rviz_safe-7] [rviz_common:debug] Error retrieving file [file:///opt/ros/humble/share/rviz_default_plugins/icons/classes/AxisColor.svg]: Couldn't open file /opt/ros/humble/share/rviz_default_plugins/icons/classes/AxisColor.svg, at ./src/rviz_common/load_resource.cpp:55
[rviz_safe-7] [rviz_common:debug] Load pixmap at package://rviz_default_plugins/icons/classes/AxisColor.png, at ./src/rviz_common/load_resource.cpp:71
[rviz_safe-7] [rviz_common:debug] Error retrieving file [file:///opt/ros/humble/share/rviz_default_plugins/icons/classes/AxisColor.png]: Couldn't open file /opt/ros/humble/share/rviz_default_plugins/icons/classes/AxisColor.png, at ./src/rviz_common/load_resource.cpp:55
[rviz_safe-7] [rviz_common:debug] Load pixmap at package://rviz_default_plugins/icons/classes/RGBF32.svg, at ./src/rviz_common/load_resource.cpp:71
[rviz_safe-7] [rviz_common:debug] Error retrieving file [file:///opt/ros/humble/share/rviz_default_plugins/icons/classes/RGBF32.svg]: Couldn't open file /opt/ros/humble/share/rviz_default_plugins/icons/classes/RGBF32.svg, at ./src/rviz_common/load_resource.cpp:55
[rviz_safe-7] [rviz_common:debug] Load pixmap at package://rviz_default_plugins/icons/classes/RGBF32.png, at ./src/rviz_common/load_resource.cpp:71
[rviz_safe-7] [rviz_common:debug] Error retrieving file [file:///opt/ros/humble/share/rviz_default_plugins/icons/classes/RGBF32.png]: Couldn't open file /opt/ros/humble/share/rviz_default_plugins/icons/classes/RGBF32.png, at ./src/rviz_common/load_resource.cpp:55
[rviz_safe-7] [rviz_common:debug] Load pixmap at package://rviz_common/icons/classes/Displays.svg, at ./src/rviz_common/load_resource.cpp:71
[rviz_safe-7] [rviz_common:debug] Load pixmap at package://rviz_common/icons/close.png, at ./src/rviz_common/load_resource.cpp:71
[rviz_safe-7] [rviz_common:debug] Received a 400 X 400 map @ 0.05m/pix
[rviz_safe-7] , at ./src/rviz_default_plugins/displays/map/map_display.cpp:520
[rviz_safe-7] [rviz_common:info] Trying to create a map of size 400 x 400 using 1 swatches, at ./src/rviz_default_plugins/displays/map/map_display.cpp:399
[trajectory_generator_node-6] [INFO] [1790448524.469391888] [trajectory_generation]: FSM accepted manual goal goal=(-0.92, -4.45, 0.02)
[trajectory_generator_node-6] [Manager] start point, (x, y): (-3.22, 2.15)
[trajectory_generator_node-6] [Manager] receive target, (x, y): (-0.92, -4.45)
[trajectory_generator_node-6] [Topo]: m_graph before num: 1605
[trajectory_generator_node-6] [Topo]: dijkstra time: 0.019927
[trajectory_generator_node-6] [Topo]: topo search time: 0.427100
[trajectory_generator_node-6] [Topo]: m_graph num: 2536
[trajectory_generator_node-6] [DIAG] origin_path (Dijkstra) size: 3
[trajectory_generator_node-6] [DIAG]   origin[0]: (-3.219, 2.146, 0.015)
[trajectory_generator_node-6] [DIAG]   origin[1]: (-6.269, -0.554, 0.015)
[trajectory_generator_node-6] [DIAG]   origin[2]: (-0.919, -4.454, 0.015)
[trajectory_generator_node-6] [DIAG] lineVisib(start→end DIRECT): false  colli=(-3.17,1.95)
[trajectory_generator_node-6] [DIAG] direct line: 139 steps, 98 wall cells
[trajectory_generator_node-6] [smoothTopoPath] INPUT size=3
[trajectory_generator_node-6] [smoothTopoPath]   in[0]: (-3.219, 2.146, 0.015)
[trajectory_generator_node-6] [smoothTopoPath]   in[1]: (-6.269, -0.554, 0.015)
[trajectory_generator_node-6] [smoothTopoPath]   in[2]: (-0.919, -4.454, 0.015)
[trajectory_generator_node-6] [smoothTopoPath] lineVisib(start→end): false  colli=(-3.17,1.95)
[trajectory_generator_node-6] [smoothTopoPath] OUTPUT size=4, iter_count=3
[trajectory_generator_node-6] [smoothTopoPath]   out[0]: (-3.219, 2.146, 0.015)
[trajectory_generator_node-6] [smoothTopoPath]   out[1]: (-5.514, 0.515, 0.015)
[trajectory_generator_node-6] [smoothTopoPath]   out[2]: (-6.376, -0.538, 0.015)
[trajectory_generator_node-6] [smoothTopoPath]   out[3]: (-0.919, -4.454, 0.015)
[trajectory_generator_node-6] [DIAG] optimized_path (smoothTopoPath) size: 4
[trajectory_generator_node-6] [DIAG]   opt[0]: (-3.219, 2.146, 0.015)
[trajectory_generator_node-6] [DIAG]   opt[1]: (-5.514, 0.515, 0.015)
[trajectory_generator_node-6] [DIAG]   opt[2]: (-6.376, -0.538, 0.015)
[trajectory_generator_node-6] [DIAG]   opt[3]: (-0.919, -4.454, 0.015)
[trajectory_generator_node-6] optimized_path size: 4
[trajectory_generator_node-6] [Manager] reference_speed: (0.30)
[trajectory_generator_node-6] [LBFGS] search direction d:  0.000282137  -0.00204802  0.000502564 -0.000391651  0.000250588 -0.000135414  5.64463e-05 -5.99398e-06 -1.20236e-05 -0.000102454 -2.38173e-05 -9.46522e-05  0.000916975  0.000646115 -0.000131882  0.000666432  0.000282806  0.000174756 -0.000125484  7.76103e-05 -4.22819e-05  2.08225e-05 -8.98882e-06  2.49213e-06  1.97482e-06 -7.04044e-06  1.53305e-05  -3.0036e-05  5.48635e-05 -9.24353e-05  0.000139839 -0.000181333  0.000177744 -7.83013e-05 -0.000260667  0.000514351  0.000916538   0.00057385 -0.000375903  0.000209264  -9.5234e-05  2.74001e-05  1.50599e-05 -2.01209e-05 -6.68212e-05 -1.48666e-05 -0.000900024  0.000706553   0.00140556  2.58001e-05 -0.000602771   0.00129438 -5.12201e-05  3.42904e-05 -3.23893e-05  3.27091e-05 -2.82219e-05  2.03561e-05 -1.22828e-05  5.29636e-06  1.18226e-06 -8.92799e-06  2.05041e-05 -3.88642e-05  6.61014e-05 -0.000100254  0.000130095 -0.000127547  5.61884e-05  0.000187085    0.0173895  -0.00202639   0.00110641 -0.000283976  9.36257e-05 -1.96799e-05 -3.16124e-05  0.000158201 -0.000502646   0.00159117  -0.00104489    0.0226724  0.000376863   0.00642888     0.002758 -0.000283245   0.00105678 -0.000385038   0.00040874 -0.000143283  4.88985e-05 -1.48138e-05  4.78883e-06  -1.6435e-06  4.81146e-07     2.13e-07  -9.3584e-07  2.03205e-06 -4.03166e-06  8.93559e-06 -2.30374e-05  7.47194e-05 -0.000243471  0.000858356  -0.00173428   0.00995598
[trajectory_generator_node-6] [Smooth Optimize] MINCO reaches max evaluations: Line search reaches the maximum try number, assumptions not satisfied or precision not achievable.
[trajectory_generator_node-6] [Smooth Optimize] MINCO: cost=2.0 total_T=36.736(init 36.219) max_drift=0.184 max_vel=0.5 segs=36
[trajectory_generator_node-6] [Smooth Resample] resample
[trajectory_generator_node-6] [Smooth Resample] 37 -> 19 waypoints, 18 time segs, max_turn=82.4 deg
[trajectory_generator_node-6] [Manager] optimizer generate time: 0.005380
[trajectory_generator_node-6] [Reference] path size : 19
[trajectory_generator_node-6] [Reference] solvePolyMatrix ENTER: N=18, path_size=19, trap_time_size=18
[trajectory_generator_node-6] [Reference]   path[0]=(-3.2190,2.1460) path[1]=(-3.7159,1.8014) t[0]=2.064850 state_vel=(0.0000,0.0000)
[trajectory_generator_node-6] [Reference] banded solve done. b[0]=-0.405307 b[N]=-0.358137 b2[0]=-0.276804 b2[N]=0.257036
[trajectory_generator_node-6] [Reference] solvePolyMatrix EXIT: polyX[0]=[0.041706 -0.202654 0.000000 -3.219000]
[trajectory_generator_node-6] [Reference] solvePolyMatrix ENTER: N=18, path_size=19, trap_time_size=18
[trajectory_generator_node-6] [Reference]   path[0]=(-3.2190,2.1460) path[1]=(-3.7159,1.8014) t[0]=2.271335 state_vel=(0.0000,0.0000)
[trajectory_generator_node-6] [Reference] banded solve done. b[0]=-0.337747 b[N]=-0.298558 b2[0]=-0.230687 b2[N]=0.214276
[trajectory_generator_node-6] [Reference] solvePolyMatrix EXIT: polyX[0]=[0.031947 -0.168873 0.000000 -3.219000]
[trajectory_generator_node-6] [Reference] solvePolyMatrix ENTER: N=18, path_size=19, trap_time_size=18
[trajectory_generator_node-6] [Reference]   path[0]=(-3.2190,2.1460) path[1]=(-3.7159,1.8014) t[0]=2.498469 state_vel=(0.0000,0.0000)
[trajectory_generator_node-6] [Reference] banded solve done. b[0]=-0.281848 b[N]=-0.249263 b2[0]=-0.192535 b2[N]=0.178897
[trajectory_generator_node-6] [Reference] solvePolyMatrix EXIT: polyX[0]=[0.024546 -0.140924 0.000000 -3.219000]
[trajectory_generator_node-6] [INFO] [1790448524.932141751] [trajectory_generation]: FSM published 18 trajectory pieces
[trajectory_tracking_node-8] [WARN] [1790448529.946972548] [trajectory_tracking]: RM_GridMap predicted-path replan requested: collision_samples=0 trajectory_age=5.01
[trajectory_generator_node-6] [Manager REPLAN]  cur position point (X, Y) = (-4.242047, 1.453989), target point (X, Y) = (-0.919000, -4.454000)
[trajectory_generator_node-6] [Manager REPLAN] target_temp (X, Y) = (-0.919000, -4.454000)
[trajectory_generator_node-6] [Manager REPLAN] robot 1.24m from path, full replan
[trajectory_generator_node-6] [Manager] start point, (x, y): (-4.24, 1.45)
[trajectory_generator_node-6] [Manager] receive target, (x, y): (-0.92, -4.45)
[trajectory_generator_node-6] [Topo]: m_graph before num: 1603
[trajectory_generator_node-6] [Topo]: dijkstra time: 0.029257
[trajectory_generator_node-6] [Topo]: topo search time: 0.522827
[trajectory_generator_node-6] [Topo]: m_graph num: 2547
[trajectory_generator_node-6] [DIAG] origin_path (Dijkstra) size: 4
[trajectory_generator_node-6] [DIAG]   origin[0]: (-4.242, 1.454, 0.015)
[trajectory_generator_node-6] [DIAG]   origin[1]: (-6.069, -0.454, 0.015)
[trajectory_generator_node-6] [DIAG]   origin[2]: (-3.769, -2.504, 0.015)
[trajectory_generator_node-6] [DIAG]   origin[3]: (-0.919, -4.454, 0.015)
[trajectory_generator_node-6] [DIAG] lineVisib(start→end DIRECT): false  colli=(-4.02,1.05)
[trajectory_generator_node-6] [DIAG] direct line: 135 steps, 59 wall cells
[trajectory_generator_node-6] [smoothTopoPath] INPUT size=4
[trajectory_generator_node-6] [smoothTopoPath]   in[0]: (-4.242, 1.454, 0.015)
[trajectory_generator_node-6] [smoothTopoPath]   in[1]: (-6.069, -0.454, 0.015)
[trajectory_generator_node-6] [smoothTopoPath]   in[2]: (-3.769, -2.504, 0.015)
[trajectory_generator_node-6] [smoothTopoPath]   in[3]: (-0.919, -4.454, 0.015)
[trajectory_generator_node-6] [smoothTopoPath] lineVisib(start→end): false  colli=(-4.02,1.05)
[trajectory_generator_node-6] [smoothTopoPath] OUTPUT size=5, iter_count=4
[trajectory_generator_node-6] [smoothTopoPath]   out[0]: (-4.242, 1.454, 0.015)
[trajectory_generator_node-6] [smoothTopoPath]   out[1]: (-5.565, 0.506, 0.015)
[trajectory_generator_node-6] [smoothTopoPath]   out[2]: (-6.271, -0.405, 0.015)
[trajectory_generator_node-6] [smoothTopoPath]   out[3]: (-3.754, -2.876, 0.015)
[trajectory_generator_node-6] [smoothTopoPath]   out[4]: (-0.919, -4.454, 0.015)
[trajectory_generator_node-6] [DIAG] optimized_path (smoothTopoPath) size: 5
[trajectory_generator_node-6] [DIAG]   opt[0]: (-4.242, 1.454, 0.015)
[trajectory_generator_node-6] [DIAG]   opt[1]: (-5.565, 0.506, 0.015)
[trajectory_generator_node-6] [DIAG]   opt[2]: (-6.271, -0.405, 0.015)
[trajectory_generator_node-6] [DIAG]   opt[3]: (-3.754, -2.876, 0.015)
[trajectory_generator_node-6] [DIAG]   opt[4]: (-0.919, -4.454, 0.015)
[trajectory_generator_node-6] optimized_path size: 5
[trajectory_generator_node-6] [Manager] reference_speed: (0.30)
[trajectory_generator_node-6] [LBFGS] search direction d: -3.10036e-05  4.66154e-05  -5.7493e-05  4.54368e-05  2.31918e-05 -0.000198482 -0.000188437 -8.38452e-05  0.000295458  4.76216e-05 -0.000156893  0.000249595  0.000256061  -0.00010103 -4.65848e-06  3.18309e-05 -2.56766e-05  1.76817e-05 -2.50591e-05  4.68774e-05  -0.00025851  0.000222828 -5.18171e-05  0.000240502 -0.000489998   0.00246195 -0.000611438  0.000156877  -0.00115925   0.00147891  -0.00221562 -3.54805e-06  4.12433e-05 -7.53718e-05  6.71462e-05  5.64189e-05 -0.000250699 -0.000483856 -0.000309953  0.000382338  0.000223427 -0.000347807  0.000368777  -0.00034725  5.53618e-05   6.4525e-05 -7.90841e-05  4.99316e-05 -1.87279e-05  3.87984e-06 -1.16208e-05   5.0572e-05  4.15291e-05  0.000147643 -0.000104646 -0.000106175 -0.000665532  0.000246806 -0.000717638  0.000803753 -0.000915065   0.00123082   0.00313212 -0.000799908  0.000135404  0.000372922  -0.00131559   0.00430108  -0.00243901    0.0328507  -0.00133637   0.00231849   0.00206566  -0.00124383   0.00130723 -0.000498744  0.000348048 -0.000145482  3.80941e-05  2.34431e-05  -0.00011524   0.00027347 -0.000382956  0.000523514 -0.000348502  0.000246682 -0.000196676  0.000443359  -0.00076644   0.00156726  -0.00119485   0.00257745  -0.00680084    0.0473082
[trajectory_generator_node-6] [Smooth Optimize] MINCO reaches max evaluations: Line search reaches the maximum try number, assumptions not satisfied or precision not achievable.
[trajectory_generator_node-6] [Smooth Optimize] MINCO: cost=2.0 total_T=32.817(init 31.638) max_drift=0.155 max_vel=0.4 segs=32
[trajectory_generator_node-6] [Smooth Resample] resample
[trajectory_generator_node-6] [Smooth Resample] 33 -> 17 waypoints, 16 time segs, max_turn=51.1 deg
[trajectory_generator_node-6] [Manager] optimizer generate time: 0.006040
[trajectory_generator_node-6] [Reference] path size : 17
[trajectory_generator_node-6] [Reference] solvePolyMatrix ENTER: N=16, path_size=17, trap_time_size=16
[trajectory_generator_node-6] [Reference]   path[0]=(-4.2420,1.4540) path[1]=(-4.7303,1.1043) t[0]=2.024232 state_vel=(-0.2169,-0.1543)
[trajectory_generator_node-6] [Reference] banded solve done. b[0]=-0.040404 b[N]=-0.317701 b2[0]=-0.029968 b2[N]=0.160930
[trajectory_generator_node-6] [Reference] solvePolyMatrix EXIT: polyX[0]=[0.004046 -0.020202 -0.216893 -4.242047]
[trajectory_generator_node-6] [Reference] solvePolyMatrix ENTER: N=16, path_size=17, trap_time_size=16
[trajectory_generator_node-6] [Reference]   path[0]=(-4.2420,1.4540) path[1]=(-4.7303,1.1043) t[0]=2.024232 state_vel=(-0.2169,-0.1543)
[trajectory_generator_node-6] [Reference] banded solve done. b[0]=-0.040404 b[N]=-0.265545 b2[0]=-0.029968 b2[N]=0.134625
[trajectory_generator_node-6] [Reference] solvePolyMatrix EXIT: polyX[0]=[0.004046 -0.020202 -0.216893 -4.242047]
[trajectory_generator_node-6] [INFO] [1790448530.490720062] [trajectory_generation]: FSM published 16 trajectory pieces
[trajectory_tracking_node-8] [WARN] [1790448535.507855143] [trajectory_tracking]: RM_GridMap predicted-path replan requested: collision_samples=0 trajectory_age=5.01
[trajectory_generator_node-6] [Manager REPLAN]  cur position point (X, Y) = (-5.422678, 0.613308), target point (X, Y) = (-0.919000, -4.454000)
[trajectory_generator_node-6] [Manager REPLAN] target_temp (X, Y) = (-0.919000, -4.454000)
[trajectory_generator_node-6] [Manager REPLAN] path safe & target unchanged, re-anchoring from cur pos
[trajectory_generator_node-6] [LBFGS] search direction d:  0.000294205   0.00280562 -0.000461455 -0.000143234  2.66098e-05 -0.000392365  1.50723e-05  0.000863795 -4.35117e-05  3.16127e-05 -1.56514e-05  5.48574e-06  -3.2653e-07 -1.11499e-06 -2.64131e-06   0.00016746  0.000110719  4.34771e-05 -1.19458e-05  4.53187e-05  0.000294908  -0.00018291   0.00080743  5.04382e-05  5.84068e-06  0.000172847  7.06489e-05  -0.00021976  -0.00213816 -4.02667e-05  9.05886e-05    -0.000172   0.00033347   0.00231785 -0.000103042  5.45676e-05 -2.19805e-05  6.76342e-06 -1.91569e-06  4.81639e-06  -1.5657e-05   0.00010858  0.000123604  5.92469e-05  8.55118e-06 -2.54276e-06  0.000385127  0.000186498    0.0010877  5.44954e-05 -9.84169e-07 -0.000109377  0.000242166 -0.000122161   0.00620694  6.21371e-06   0.00018709  2.96355e-05 -4.42777e-06  3.34329e-05 -1.05007e-05  1.09419e-05   -4.911e-06  1.89788e-06 -9.40516e-07  1.34839e-06 -3.25952e-06  6.06928e-06  5.04069e-07  5.67687e-07  2.56366e-06 -9.63631e-06  3.39518e-05 -3.71633e-05  6.25821e-05 -3.92812e-05  8.33139e-05  -0.00017978   0.00127253
[trajectory_generator_node-6] [Smooth Optimize] MINCO reaches max evaluations: Line search reaches the maximum try number, assumptions not satisfied or precision not achievable.
[trajectory_generator_node-6] [Smooth Optimize] MINCO: cost=2.5 total_T=26.991(init 26.730) max_drift=0.196 max_vel=0.5 segs=27
[trajectory_generator_node-6] [Smooth Resample] resample
[trajectory_generator_node-6] [Smooth Resample] 28 -> 15 waypoints, 14 time segs, max_turn=39.6 deg
[trajectory_generator_node-6] [Reference] path size : 15
[trajectory_generator_node-6] [Reference] solvePolyMatrix ENTER: N=14, path_size=15, trap_time_size=14
[trajectory_generator_node-6] [Reference]   path[0]=(-5.4227,0.6133) path[1]=(-5.8008,0.2217) t[0]=2.001647 state_vel=(-0.2254,-0.1760)
[trajectory_generator_node-6] [Reference] banded solve done. b[0]=0.059090 b[N]=-0.710162 b2[0]=0.003891 b2[N]=0.400283
[trajectory_generator_node-6] [Reference] solvePolyMatrix EXIT: polyX[0]=[-0.005648 0.029545 -0.225436 -5.422678]
[trajectory_generator_node-6] [Reference] solvePolyMatrix ENTER: N=14, path_size=15, trap_time_size=14
[trajectory_generator_node-6] [Reference]   path[0]=(-5.4227,0.6133) path[1]=(-5.8008,0.2217) t[0]=2.001647 state_vel=(-0.2254,-0.1760)
[trajectory_generator_node-6] [Reference] banded solve done. b[0]=0.059090 b[N]=-0.590618 b2[0]=0.003891 b2[N]=0.333890
[trajectory_generator_node-6] [Reference] solvePolyMatrix EXIT: polyX[0]=[-0.005648 0.029545 -0.225436 -5.422678]
[trajectory_generator_node-6] [Reference] solvePolyMatrix ENTER: N=14, path_size=15, trap_time_size=14
[trajectory_generator_node-6] [Reference]   path[0]=(-5.4227,0.6133) path[1]=(-5.8008,0.2217) t[0]=2.001647 state_vel=(-0.2254,-0.1760)
[trajectory_generator_node-6] [Reference] banded solve done. b[0]=0.059090 b[N]=-0.491769 b2[0]=0.003891 b2[N]=0.278934
[trajectory_generator_node-6] [Reference] solvePolyMatrix EXIT: polyX[0]=[-0.005648 0.029545 -0.225436 -5.422678]
[trajectory_generator_node-6] [Reference] solvePolyMatrix ENTER: N=14, path_size=15, trap_time_size=14
[trajectory_generator_node-6] [Reference]   path[0]=(-5.4227,0.6133) path[1]=(-5.8008,0.2217) t[0]=2.001647 state_vel=(-0.2254,-0.1760)
[trajectory_generator_node-6] [Reference] banded solve done. b[0]=0.059090 b[N]=-0.409988 b2[0]=0.003891 b2[N]=0.233411
[trajectory_generator_node-6] [Reference] solvePolyMatrix EXIT: polyX[0]=[-0.005648 0.029545 -0.225436 -5.422678]
[trajectory_generator_node-6] [Reference] solvePolyMatrix ENTER: N=14, path_size=15, trap_time_size=14
[trajectory_generator_node-6] [Reference]   path[0]=(-5.4227,0.6133) path[1]=(-5.8008,0.2217) t[0]=2.001647 state_vel=(-0.2254,-0.1760)
[trajectory_generator_node-6] [Reference] banded solve done. b[0]=0.059090 b[N]=-0.342285 b2[0]=0.003891 b2[N]=0.195669
[trajectory_generator_node-6] [Reference] solvePolyMatrix EXIT: polyX[0]=[-0.005648 0.029545 -0.225436 -5.422678]
[trajectory_generator_node-6] [Reference] solvePolyMatrix ENTER: N=14, path_size=15, trap_time_size=14
[trajectory_generator_node-6] [Reference]   path[0]=(-5.4227,0.6133) path[1]=(-5.8008,0.2217) t[0]=2.001647 state_vel=(-0.2254,-0.1760)
[trajectory_generator_node-6] [Reference] banded solve done. b[0]=0.059090 b[N]=-0.286196 b2[0]=0.003891 b2[N]=0.164347
[trajectory_generator_node-6] [Reference] solvePolyMatrix EXIT: polyX[0]=[-0.005648 0.029545 -0.225436 -5.422678]
[trajectory_generator_node-6] [INFO] [1790448535.573410763] [trajectory_generation]: FSM published 14 trajectory pieces
[trajectory_tracking_node-8] [WARN] [1790448540.599615859] [trajectory_tracking]: RM_GridMap predicted-path replan requested: collision_samples=0 trajectory_age=5.02
[trajectory_generator_node-6] [Manager REPLAN]  cur position point (X, Y) = (-6.101411, -0.586656), target point (X, Y) = (-0.919000, -4.454000)
[trajectory_generator_node-6] [Manager REPLAN] target_temp (X, Y) = (-0.919000, -4.454000)
[trajectory_generator_node-6] [Manager REPLAN] path safe & target unchanged, re-anchoring from cur pos
[trajectory_generator_node-6] [LBFGS] search direction d:  -0.00332816 -0.000447628   0.00230233 -0.000378448  -9.6165e-05  0.000120256 -8.29548e-05  8.14197e-05 -0.000145741  0.000259094  0.000399626 -0.000629213  0.000174555  -0.00118893  0.000375776  0.000954914  -0.00507565   0.00190881   0.00204268  -0.00231074    0.0082179   0.00413278  9.86463e-05  -0.00157379    0.0011392 -0.000346082 -3.03008e-06  6.65609e-05 -3.74751e-05  -2.1186e-06  3.38423e-05 -0.000913103 -0.000167793  -0.00101376 -6.37353e-05 -0.000883692  -0.00134977  0.000372838  -0.00210983  -0.00112233    0.0011434  -0.00459201   -0.0101373   0.00143844  -0.00164693 -0.000704339  0.000148202 -6.11432e-05  2.64812e-05 -4.47497e-05  0.000120454 -0.000282598   0.00030682  -0.00034547  0.000189938 -7.56802e-05 -0.000156005  0.000126795 -2.35924e-06 -0.000600644  0.000651798  -0.00207015   0.00838667   -0.0611571
[trajectory_generator_node-6] [Smooth Optimize] MINCO reaches max evaluations: Line search reaches the maximum try number, assumptions not satisfied or precision not achievable.
[trajectory_generator_node-6] [Smooth Optimize] MINCO: cost=0.8 total_T=22.378(init 21.743) max_drift=0.104 max_vel=0.4 segs=22
[trajectory_generator_node-6] [Smooth Resample] resample
[trajectory_generator_node-6] [Smooth Resample] 23 -> 12 waypoints, 11 time segs, max_turn=19.4 deg
[trajectory_generator_node-6] [Reference] path size : 12
[trajectory_generator_node-6] [Reference] solvePolyMatrix ENTER: N=11, path_size=12, trap_time_size=11
[trajectory_generator_node-6] [Reference]   path[0]=(-6.1014,-0.5867) path[1]=(-5.7256,-1.0952) t[0]=2.093175 state_vel=(0.0388,-0.2437)
[trajectory_generator_node-6] [Reference] banded solve done. b[0]=0.202843 b[N]=-0.298930 b2[0]=-0.040590 b2[N]=0.151924
[trajectory_generator_node-6] [Reference] solvePolyMatrix EXIT: polyX[0]=[-0.016338 0.101421 0.038828 -6.101411]
[trajectory_generator_node-6] [INFO] [1790448540.613421858] [trajectory_generation]: FSM published 11 trajectory pieces
[trajectory_tracking_node-8] [WARN] [1790448545.652419017] [trajectory_tracking]: RM_GridMap predicted-path replan requested: collision_samples=0 trajectory_age=5.03
[trajectory_generator_node-6] [Manager REPLAN]  cur position point (X, Y) = (-5.029337, -1.607625), target point (X, Y) = (-0.919000, -4.454000)
[trajectory_generator_node-6] [Manager REPLAN] target_temp (X, Y) = (-0.919000, -4.454000)
[trajectory_generator_node-6] [Manager REPLAN] robot 1.48m from path, full replan
[trajectory_generator_node-6] [Manager] start point, (x, y): (-5.03, -1.61)
[trajectory_generator_node-6] [Manager] receive target, (x, y): (-0.92, -4.45)
[trajectory_generator_node-6] [Topo]: m_graph before num: 1602
[trajectory_generator_node-6] [Topo]: dijkstra time: 0.014452
[trajectory_generator_node-6] [Topo]: topo search time: 0.421206
[trajectory_generator_node-6] [Topo]: m_graph num: 2553
[trajectory_generator_node-6] [DIAG] origin_path (Dijkstra) size: 2
[trajectory_generator_node-6] [DIAG]   origin[0]: (-5.029, -1.608, 0.015)
[trajectory_generator_node-6] [DIAG]   origin[1]: (-0.919, -4.454, 0.015)
[trajectory_generator_node-6] [DIAG] lineVisib(start→end DIRECT): TRUE(!!)  colli=(-5.03,-1.61)
[trajectory_generator_node-6] [DIAG] direct line: 99 steps, 0 wall cells
[trajectory_generator_node-6] [smoothTopoPath] INPUT size=2
[trajectory_generator_node-6] [smoothTopoPath]   in[0]: (-5.029, -1.608, 0.015)
[trajectory_generator_node-6] [smoothTopoPath]   in[1]: (-0.919, -4.454, 0.015)
[trajectory_generator_node-6] [smoothTopoPath] lineVisib(start→end): TRUE(!)  colli=(0.00,0.00)
[trajectory_generator_node-6] [smoothTopoPath] OUTPUT size=2, iter_count=1
[trajectory_generator_node-6] [smoothTopoPath]   out[0]: (-5.029, -1.608, 0.015)
[trajectory_generator_node-6] [smoothTopoPath]   out[1]: (-0.919, -4.454, 0.015)
[trajectory_generator_node-6] [DIAG] optimized_path (smoothTopoPath) size: 2
[trajectory_generator_node-6] [DIAG]   opt[0]: (-5.029, -1.608, 0.015)
[trajectory_generator_node-6] [DIAG]   opt[1]: (-0.919, -4.454, 0.015)
[trajectory_generator_node-6] optimized_path size: 2
[trajectory_generator_node-6] [Manager] reference_speed: (0.30)
[trajectory_generator_node-6] [Smooth Optimize] MINCO Optimization Success: Success: met stopping criteria (past f decrease less than delta).
[trajectory_generator_node-6] [Smooth Optimize] MINCO: cost=0.0 total_T=18.252(init 16.666) max_drift=0.003 max_vel=0.3 segs=17
[trajectory_generator_node-6] [Smooth Resample] resample
[trajectory_generator_node-6] [Smooth Resample] 18 -> 10 waypoints, 9 time segs, max_turn=0.2 deg
[trajectory_generator_node-6] [Manager] optimizer generate time: 0.001850
[trajectory_generator_node-6] [Reference] path size : 10
[trajectory_generator_node-6] [Reference] solvePolyMatrix ENTER: N=9, path_size=10, trap_time_size=9
[trajectory_generator_node-6] [Reference]   path[0]=(-5.0293,-1.6076) path[1]=(-4.5354,-1.9483) t[0]=2.157172 state_vel=(0.2009,-0.1947)
[trajectory_generator_node-6] [Reference] banded solve done. b[0]=0.036501 b[N]=-0.071427 b2[0]=0.066214 b2[N]=0.049566
[trajectory_generator_node-6] [Reference] solvePolyMatrix EXIT: polyX[0]=[-0.002419 0.018250 0.200862 -5.029337]
[trajectory_generator_node-6] [INFO] [1790448546.100186678] [trajectory_generation]: FSM published 9 trajectory pieces
[trajectory_tracking_node-8] [WARN] [1790448551.119338002] [trajectory_tracking]: RM_GridMap predicted-path replan requested: collision_samples=0 trajectory_age=5.02
[trajectory_generator_node-6] [Manager REPLAN]  cur position point (X, Y) = (-3.822787, -2.424183), target point (X, Y) = (-0.919000, -4.454000)
[trajectory_generator_node-6] [Manager REPLAN] target_temp (X, Y) = (-0.919000, -4.454000)
[trajectory_generator_node-6] [Manager REPLAN] robot 1.46m from path, full replan
[trajectory_generator_node-6] [Manager] start point, (x, y): (-3.82, -2.42)
[trajectory_generator_node-6] [Manager] receive target, (x, y): (-0.92, -4.45)
[trajectory_generator_node-6] [Topo]: m_graph before num: 1602
[trajectory_generator_node-6] [Topo]: dijkstra time: 0.043325
[trajectory_generator_node-6] [Topo]: topo search time: 0.488768
[trajectory_generator_node-6] [Topo]: m_graph num: 2554
[trajectory_generator_node-6] [DIAG] origin_path (Dijkstra) size: 2
[trajectory_generator_node-6] [DIAG]   origin[0]: (-3.823, -2.424, 0.015)
[trajectory_generator_node-6] [DIAG]   origin[1]: (-0.919, -4.454, 0.015)
[trajectory_generator_node-6] [DIAG] lineVisib(start→end DIRECT): TRUE(!!)  colli=(-3.82,-2.42)
[trajectory_generator_node-6] [DIAG] direct line: 70 steps, 0 wall cells
[trajectory_generator_node-6] [smoothTopoPath] INPUT size=2
[trajectory_generator_node-6] [smoothTopoPath]   in[0]: (-3.823, -2.424, 0.015)
[trajectory_generator_node-6] [smoothTopoPath]   in[1]: (-0.919, -4.454, 0.015)
[trajectory_generator_node-6] [smoothTopoPath] lineVisib(start→end): TRUE(!)  colli=(0.00,0.00)
[trajectory_generator_node-6] [smoothTopoPath] OUTPUT size=2, iter_count=1
[trajectory_generator_node-6] [smoothTopoPath]   out[0]: (-3.823, -2.424, 0.015)
[trajectory_generator_node-6] [smoothTopoPath]   out[1]: (-0.919, -4.454, 0.015)
[trajectory_generator_node-6] [DIAG] optimized_path (smoothTopoPath) size: 2
[trajectory_generator_node-6] [DIAG]   opt[0]: (-3.823, -2.424, 0.015)
[trajectory_generator_node-6] [DIAG]   opt[1]: (-0.919, -4.454, 0.015)
[trajectory_generator_node-6] optimized_path size: 2
[trajectory_generator_node-6] [Manager] reference_speed: (0.30)
[trajectory_generator_node-6] [Smooth Optimize] MINCO Optimization Success: Success: met stopping criteria (past f decrease less than delta).
[trajectory_generator_node-6] [Smooth Optimize] MINCO: cost=0.0 total_T=13.006(init 11.810) max_drift=0.001 max_vel=0.3 segs=12
[trajectory_generator_node-6] [Smooth Resample] resample
[trajectory_generator_node-6] [Smooth Resample] 13 -> 7 waypoints, 6 time segs, max_turn=0.0 deg
[trajectory_generator_node-6] [Manager] optimizer generate time: 0.002405
[trajectory_generator_node-6] [Reference] path size : 7
[trajectory_generator_node-6] [Reference] solvePolyMatrix ENTER: N=6, path_size=7, trap_time_size=6
[trajectory_generator_node-6] [Reference]   path[0]=(-3.8228,-2.4242) path[1]=(-3.3311,-2.7681) t[0]=2.009320 state_vel=(0.2474,-0.1656)
[trajectory_generator_node-6] [Reference] banded solve done. b[0]=-0.005277 b[N]=-0.132572 b2[0]=-0.009226 b2[N]=0.092663
[trajectory_generator_node-6] [Reference] solvePolyMatrix EXIT: polyX[0]=[0.000646 -0.002638 0.247415 -3.822787]
[trajectory_generator_node-6] [INFO] [1790448551.629056812] [trajectory_generation]: FSM published 6 trajectory pieces
[trajectory_tracking_node-8] [WARN] [1790448556.652284710] [trajectory_tracking]: RM_GridMap predicted-path replan requested: collision_samples=0 trajectory_age=5.02
[trajectory_generator_node-6] [Manager REPLAN]  cur position point (X, Y) = (-2.589274, -3.255319), target point (X, Y) = (-0.919000, -4.454000)
[trajectory_generator_node-6] [Manager REPLAN] target_temp (X, Y) = (-0.919000, -4.454000)
[trajectory_generator_node-6] [Manager REPLAN] robot 1.49m from path, full replan
[trajectory_generator_node-6] [Manager] start point, (x, y): (-2.59, -3.26)
[trajectory_generator_node-6] [Manager] receive target, (x, y): (-0.92, -4.45)
[trajectory_generator_node-6] [Topo]: m_graph before num: 1417
[trajectory_generator_node-6] [Topo]: dijkstra time: 0.010293
[trajectory_generator_node-6] [Topo]: topo search time: 0.456628
[trajectory_generator_node-6] [Topo]: m_graph num: 2213
[trajectory_generator_node-6] [DIAG] origin_path (Dijkstra) size: 2
[trajectory_generator_node-6] [DIAG]   origin[0]: (-2.589, -3.255, 0.015)
[trajectory_generator_node-6] [DIAG]   origin[1]: (-0.919, -4.454, 0.015)
[trajectory_generator_node-6] [DIAG] lineVisib(start→end DIRECT): TRUE(!!)  colli=(-2.59,-3.26)
[trajectory_generator_node-6] [DIAG] direct line: 41 steps, 0 wall cells
[trajectory_generator_node-6] [smoothTopoPath] INPUT size=2
[trajectory_generator_node-6] [smoothTopoPath]   in[0]: (-2.589, -3.255, 0.015)
[trajectory_generator_node-6] [smoothTopoPath]   in[1]: (-0.919, -4.454, 0.015)
[trajectory_generator_node-6] [smoothTopoPath] lineVisib(start→end): TRUE(!)  colli=(0.00,0.00)
[trajectory_generator_node-6] [smoothTopoPath] OUTPUT size=2, iter_count=1
[trajectory_generator_node-6] [smoothTopoPath]   out[0]: (-2.589, -3.255, 0.015)
[trajectory_generator_node-6] [smoothTopoPath]   out[1]: (-0.919, -4.454, 0.015)
[trajectory_generator_node-6] [DIAG] optimized_path (smoothTopoPath) size: 2
[trajectory_generator_node-6] [DIAG]   opt[0]: (-2.589, -3.255, 0.015)
[trajectory_generator_node-6] [DIAG]   opt[1]: (-0.919, -4.454, 0.015)
[trajectory_generator_node-6] optimized_path size: 2
[trajectory_generator_node-6] [Manager] reference_speed: (0.30)
[trajectory_generator_node-6] [Smooth Optimize] MINCO Optimization Success: Success: met stopping criteria (past f decrease less than delta).
[trajectory_generator_node-6] [Smooth Optimize] MINCO: cost=0.0 total_T=8.220(init 6.853) max_drift=0.001 max_vel=0.3 segs=7
[trajectory_generator_node-6] [Smooth Resample] resample
[trajectory_generator_node-6] [Smooth Resample] 8 -> 5 waypoints, 4 time segs, max_turn=0.0 deg
[trajectory_generator_node-6] [Manager] optimizer generate time: 0.000749
[trajectory_generator_node-6] [Reference] path size : 5
[trajectory_generator_node-6] [Reference] solvePolyMatrix ENTER: N=4, path_size=5, trap_time_size=4
[trajectory_generator_node-6] [Reference]   path[0]=(-2.5893,-3.2553) path[1]=(-2.1017,-3.6055) t[0]=2.073624 state_vel=(0.2472,-0.1681)
[trajectory_generator_node-6] [Reference] banded solve done. b[0]=-0.027584 b[N]=-0.130416 b2[0]=0.003706 b2[N]=0.093403
[trajectory_generator_node-6] [Reference] solvePolyMatrix EXIT: polyX[0]=[0.003833 -0.013792 0.247228 -2.589274]
[trajectory_generator_node-6] [INFO] [1790448557.116486827] [trajectory_generation]: FSM published 4 trajectory pieces
[trajectory_tracking_node-8] [WARN] [1790448562.142266012] [trajectory_tracking]: RM_GridMap predicted-path replan requested: collision_samples=0 trajectory_age=5.01
[trajectory_generator_node-6] [Manager REPLAN]  cur position point (X, Y) = (-1.355492, -4.104496), target point (X, Y) = (-0.919000, -4.454000)
[trajectory_generator_node-6] [Manager REPLAN] target_temp (X, Y) = (-0.919000, -4.454000)
[trajectory_generator_node-6] [Manager REPLAN] path safe & target unchanged, re-anchoring from cur pos
[trajectory_generator_node-6] [Smooth Optimize] MINCO Optimization Success: Success: met stopping criteria (past f decrease less than delta).
[trajectory_generator_node-6] [Smooth Optimize] MINCO: cost=0.0 total_T=3.217(init 1.864) max_drift=0.001 max_vel=0.3 segs=2
[trajectory_generator_node-6] [Smooth Resample] resample
[trajectory_generator_node-6] [Smooth Resample] path too short (3 pts), keeping all
[trajectory_generator_node-6] [Reference] path size : 3
[trajectory_generator_node-6] [Reference] solvePolyMatrix ENTER: N=2, path_size=3, trap_time_size=2
[trajectory_generator_node-6] [Reference]   path[0]=(-1.3555,-4.1045) path[1]=(-1.1201,-4.2923) t[0]=1.217157 state_vel=(0.2244,-0.1576)
[trajectory_generator_node-6] [Reference] banded solve done. b[0]=-0.059532 b[N]=-0.134025 b2[0]=-0.011135 b2[N]=0.101858
[trajectory_generator_node-6] [Reference] solvePolyMatrix EXIT: polyX[0]=[0.003547 -0.029766 0.224353 -1.355492]
[trajectory_generator_node-6] [INFO] [1790448562.144715112] [trajectory_generation]: FSM published 2 trajectory pieces
[trajectory_tracking_node-8] [WARN] [1790448564.954111841] [trajectory_tracking]: trajectory tracking stopped: invalid coefficient array length
[trajectory_tracking_node-8] [WARN] [1790448566.952045691] [trajectory_tracking]: trajectory tracking stopped: no valid trajectory
[trajectory_tracking_node-8] [WARN] [1790448568.959169132] [trajectory_tracking]: trajectory tracking stopped: no valid trajectory
[trajectory_tracking_node-8] [WARN] [1790448570.957311647] [trajectory_tracking]: trajectory tracking stopped: no valid trajectory
[trajectory_tracking_node-8] [WARN] [1790448572.958698843] [trajectory_tracking]: trajectory tracking stopped: no valid trajectory
[trajectory_tracking_node-8] [WARN] [1790448574.959182977] [trajectory_tracking]: trajectory tracking stopped: no valid trajectory
[trajectory_tracking_node-8] [WARN] [1790448577.029945578] [trajectory_tracking]: trajectory tracking stopped: no valid trajectory
[trajectory_tracking_node-8] [WARN] [1790448579.039817516] [trajectory_tracking]: trajectory tracking stopped: no valid trajectory
[trajectory_tracking_node-8] [WARN] [1790448581.042392350] [trajectory_tracking]: trajectory tracking stopped: no valid trajectory
[trajectory_tracking_node-8] [WARN] [1790448583.130226040] [trajectory_tracking]: trajectory tracking stopped: no valid trajectory
[trajectory_generator_node-6] [INFO] [1790448583.889903029] [trajectory_generation]: FSM accepted manual goal goal=(-3.22, 2.15, 0.02)
[trajectory_generator_node-6] [Manager] start point, (x, y): (-0.92, -4.45)
[trajectory_generator_node-6] [Manager] receive target, (x, y): (-3.22, 2.15)
[trajectory_generator_node-6] [Topo]: m_graph before num: 1605
[trajectory_generator_node-6] [Topo]: dijkstra time: 0.015506
[trajectory_generator_node-6] [Topo]: topo search time: 0.429651
[trajectory_generator_node-6] [Topo]: m_graph num: 2553
[trajectory_generator_node-6] [DIAG] origin_path (Dijkstra) size: 3
[trajectory_generator_node-6] [DIAG]   origin[0]: (-0.919, -4.454, 0.015)
[trajectory_generator_node-6] [DIAG]   origin[1]: (-6.269, -0.554, 0.015)
[trajectory_generator_node-6] [DIAG]   origin[2]: (-3.219, 2.146, 0.015)
[trajectory_generator_node-6] [DIAG] lineVisib(start→end DIRECT): false  colli=(-1.52,-2.75)
[trajectory_generator_node-6] [DIAG] direct line: 139 steps, 98 wall cells
[trajectory_generator_node-6] [smoothTopoPath] INPUT size=3
[trajectory_generator_node-6] [smoothTopoPath]   in[0]: (-0.919, -4.454, 0.015)
[trajectory_generator_node-6] [smoothTopoPath]   in[1]: (-6.269, -0.554, 0.015)
[trajectory_generator_node-6] [smoothTopoPath]   in[2]: (-3.219, 2.146, 0.015)
[trajectory_generator_node-6] [smoothTopoPath] lineVisib(start→end): false  colli=(-1.52,-2.75)
[trajectory_generator_node-6] [smoothTopoPath] OUTPUT size=4, iter_count=3
[trajectory_generator_node-6] [smoothTopoPath]   out[0]: (-0.919, -4.454, 0.015)
[trajectory_generator_node-6] [smoothTopoPath]   out[1]: (-6.374, -0.727, 0.015)
[trajectory_generator_node-6] [smoothTopoPath]   out[2]: (-6.073, 0.018, 0.015)
[trajectory_generator_node-6] [smoothTopoPath]   out[3]: (-3.219, 2.146, 0.015)
[trajectory_generator_node-6] [DIAG] optimized_path (smoothTopoPath) size: 4
[trajectory_generator_node-6] [DIAG]   opt[0]: (-0.919, -4.454, 0.015)
[trajectory_generator_node-6] [DIAG]   opt[1]: (-6.374, -0.727, 0.015)
[trajectory_generator_node-6] [DIAG]   opt[2]: (-6.073, 0.018, 0.015)
[trajectory_generator_node-6] [DIAG]   opt[3]: (-3.219, 2.146, 0.015)
[trajectory_generator_node-6] [Manager] reference_speed: (0.30)
[trajectory_generator_node-6] optimized_path size: 4
[trajectory_generator_node-6] [LBFGS] search direction d: -0.000130079  0.000395384 -0.000205583 -3.42286e-05  0.000131416 -0.000142127  0.000108761 -6.91499e-05  3.80828e-05 -1.76209e-05  4.71639e-06  4.74339e-06 -1.42591e-05  2.56937e-05 -3.75721e-05  4.20989e-05 -2.19822e-05 -4.70228e-05   0.00017482 -0.000322135  0.000417389 -0.000117527 -0.000246515  -5.7301e-05  9.07054e-05 -0.000346209  3.25411e-05 -0.000232079   0.00013927 -6.16148e-05 -5.01318e-07  8.30769e-05 -0.000205309  0.000116839 -0.000178849  0.000589032  7.33031e-05  -0.00024766  0.000111771  2.59993e-05  -0.00011797  0.000117854 -8.66529e-05  5.30236e-05 -2.80847e-05  1.30125e-05 -5.28146e-06  2.07367e-06 -1.44458e-06  2.38094e-06  -4.3989e-06  6.81334e-06 -7.55286e-06  1.81673e-06   1.8967e-05  -6.7124e-05  0.000159084  0.000181708 -0.000325652 -9.84133e-05  0.000106378 -0.000154583  0.000119769 -0.000188421  0.000143326  -6.7347e-05 -3.14316e-05  0.000124065 -0.000128047  0.000105492  2.68979e-05  0.000528114    0.0526067  -0.00687421   0.00275135 -0.000545916  0.000149516 -3.04932e-05  1.34544e-05  -5.1357e-06   3.6833e-06 -2.04216e-06  1.09353e-06  -3.3874e-07 -1.55863e-07   4.8316e-07  -5.9197e-07  1.62427e-06 -8.34975e-06  5.08716e-05 -0.000231791  0.000975321  -0.00284805    0.0083892   0.00645327  -0.00291219   0.00782179  -0.00310222   0.00447023  -0.00124744  0.000650783 -0.000140142  3.24301e-05  3.06471e-05  -4.3604e-05  0.000378168   0.00165793   0.00112624      0.10296
[trajectory_generator_node-6] [Smooth Optimize] MINCO reaches max evaluations: Line search reaches the maximum try number, assumptions not satisfied or precision not achievable.
[trajectory_generator_node-6] [Smooth Optimize] MINCO: cost=0.7 total_T=39.391(init 36.522) max_drift=0.104 max_vel=0.4 segs=37
[trajectory_generator_node-6] [Smooth Resample] resample
[trajectory_generator_node-6] [Smooth Resample] 38 -> 20 waypoints, 19 time segs, max_turn=82.5 deg
[trajectory_generator_node-6] [Manager] optimizer generate time: 0.018988
[trajectory_generator_node-6] [Reference] path size : 20
[trajectory_generator_node-6] [Reference] solvePolyMatrix ENTER: N=19, path_size=20, trap_time_size=19
[trajectory_generator_node-6] [Reference]   path[0]=(-0.9190,-4.4540) path[1]=(-1.4107,-4.1181) t[0]=2.847697 state_vel=(0.0000,0.0000)
[trajectory_generator_node-6] [Reference] banded solve done. b[0]=-0.189249 b[N]=-0.091369 b2[0]=0.128508 b2[N]=0.011785
[trajectory_generator_node-6] [Reference] solvePolyMatrix EXIT: polyX[0]=[0.011938 -0.094624 -0.000000 -0.919000]
[trajectory_generator_node-6] [INFO] [1790448584.354936409] [trajectory_generation]: FSM published 19 trajectory pieces
[trajectory_tracking_node-8] [WARN] [1790448589.383220511] [trajectory_tracking]: RM_GridMap predicted-path replan requested: collision_samples=0 trajectory_age=5.02
[trajectory_generator_node-6] [Manager REPLAN]  cur position point (X, Y) = (-1.922308, -3.732393), target point (X, Y) = (-3.219000, 2.146000)
[trajectory_generator_node-6] [Manager REPLAN] target_temp (X, Y) = (-3.219000, 2.146000)
[trajectory_generator_node-6] [Manager REPLAN] robot 1.24m from path, full replan
[trajectory_generator_node-6] [Manager] start point, (x, y): (-1.92, -3.73)
[trajectory_generator_node-6] [Manager] receive target, (x, y): (-3.22, 2.15)
[trajectory_generator_node-6] [Topo]: m_graph before num: 1605
[trajectory_generator_node-6] [Topo]: dijkstra time: 0.020190
[trajectory_generator_node-6] [Topo]: topo search time: 0.494642
[trajectory_generator_node-6] [Topo]: m_graph num: 2529
[trajectory_generator_node-6] [DIAG] origin_path (Dijkstra) size: 4
[trajectory_generator_node-6] [DIAG]   origin[0]: (-1.922, -3.732, 0.015)
[trajectory_generator_node-6] [DIAG]   origin[1]: (-5.719, -0.954, 0.051)
[trajectory_generator_node-6] [DIAG]   origin[2]: (-5.919, -0.254, 0.015)
[trajectory_generator_node-6] [DIAG]   origin[3]: (-3.219, 2.146, 0.015)
[trajectory_generator_node-6] [DIAG] lineVisib(start→end DIRECT): false  colli=(-2.37,-1.75)
[trajectory_generator_node-6] [DIAG] direct line: 120 steps, 72 wall cells
[trajectory_generator_node-6] [smoothTopoPath] INPUT size=4
[trajectory_generator_node-6] [smoothTopoPath]   in[0]: (-1.922, -3.732, 0.015)
[trajectory_generator_node-6] [smoothTopoPath]   in[1]: (-5.719, -0.954, 0.051)
[trajectory_generator_node-6] [smoothTopoPath]   in[2]: (-5.919, -0.254, 0.015)
[trajectory_generator_node-6] [smoothTopoPath]   in[3]: (-3.219, 2.146, 0.015)
[trajectory_generator_node-6] [smoothTopoPath] lineVisib(start→end): false  colli=(-2.37,-1.75)
[trajectory_generator_node-6] [smoothTopoPath] OUTPUT size=7, iter_count=6
[trajectory_generator_node-6] [smoothTopoPath]   out[0]: (-1.922, -3.732, 0.015)
[trajectory_generator_node-6] [smoothTopoPath]   out[1]: (-5.942, -1.048, 0.021)
[trajectory_generator_node-6] [smoothTopoPath]   out[2]: (-5.515, -0.913, 0.015)
[trajectory_generator_node-6] [smoothTopoPath]   out[3]: (-5.743, -1.206, 0.092)
[trajectory_generator_node-6] [smoothTopoPath]   out[4]: (-6.073, -0.783, 0.015)
[trajectory_generator_node-6] [smoothTopoPath]   out[5]: (-6.166, -0.124, 0.015)
[trajectory_generator_node-6] [smoothTopoPath]   out[6]: (-3.219, 2.146, 0.015)
[trajectory_generator_node-6] [DIAG] optimized_path (smoothTopoPath) size: 7
[trajectory_generator_node-6] [DIAG]   opt[0]: (-1.922, -3.732, 0.015)
[trajectory_generator_node-6] [DIAG]   opt[1]: (-5.942, -1.048, 0.021)
[trajectory_generator_node-6] [DIAG]   opt[2]: (-5.515, -0.913, 0.015)
[trajectory_generator_node-6] [DIAG]   opt[3]: (-5.743, -1.206, 0.092)
[trajectory_generator_node-6] [DIAG]   opt[4]: (-6.073, -0.783, 0.015)
[trajectory_generator_node-6] [DIAG]   opt[5]: (-6.166, -0.124, 0.015)
[trajectory_generator_node-6] [DIAG]   opt[6]: (-3.219, 2.146, 0.015)
[trajectory_generator_node-6] optimized_path size: 7
[trajectory_generator_node-6] [Manager] reference_speed: (0.30)
[trajectory_generator_node-6] [LBFGS] search direction d:  9.39823e-06 -9.85427e-06  7.23033e-06 -4.18595e-06  2.58141e-06 -2.43748e-06  3.00635e-06  -2.8312e-06 -1.37185e-06  1.64895e-05 -5.37828e-05  0.000122419 -0.000202577  0.000208397 -0.000123256  0.000598877   0.00052743   0.00219791 -0.000543995  -0.00125486  -0.00272987  0.000275421  0.000664029  -0.00015793 -0.000665794 -0.000319219  -3.7863e-05  1.85832e-05 -4.98402e-05  0.000119665 -0.000209758  0.000223347   0.00107695  0.000530693  1.26404e-05  -1.7692e-05  1.34914e-05 -7.07636e-06   2.5552e-06  4.26388e-08 -2.09921e-06  5.11884e-06 -1.07183e-05  2.07182e-05 -3.67083e-05  5.85229e-05 -7.83136e-05  6.09784e-05  0.000157744  -0.00102863 -0.000398408 -0.000994843  0.000393128 -0.000902349 -2.86547e-06  0.000282051   0.00170192 -0.000816038 -0.000633566 -0.000233032 -1.89469e-05  -7.4599e-05  8.78775e-05 -4.58065e-05 -2.34268e-05  9.16469e-05  -0.00103545  0.000324428 -6.40898e-05  2.19213e-05 -6.11846e-06  1.60975e-06 -3.59091e-07  1.61284e-08  7.50743e-08  3.61699e-08 -7.74713e-07  4.04687e-06 -1.71525e-05  6.88689e-05 -0.000255287  0.000915964  -0.00230767   0.00654781   0.00521873    0.0077073    0.0102863   0.00074136  0.000146491  0.000134864  -0.00167285      0.00904  -0.00153916   0.00516185  -0.00155981     0.001139 -0.000356365  7.62504e-05  0.000109812 -0.000495088   0.00185353  -0.00347873    0.0230579
[trajectory_generator_node-6] [Smooth Optimize] MINCO reaches max evaluations: Line search reaches the maximum try number, assumptions not satisfied or precision not achievable.
[trajectory_generator_node-6] [Smooth Optimize] MINCO: cost=1.8 total_T=35.630(init 34.139) max_drift=0.141 max_vel=0.4 segs=35
[trajectory_generator_node-6] [Smooth Resample] resample
[trajectory_generator_node-6] [Smooth Resample] 36 -> 19 waypoints, 18 time segs, max_turn=160.4 deg
[trajectory_generator_node-6] [Manager] optimizer generate time: 0.008489
[trajectory_generator_node-6] [Reference] path size : 19
[trajectory_generator_node-6] [Reference] solvePolyMatrix ENTER: N=18, path_size=19, trap_time_size=18
[trajectory_generator_node-6] [Reference]   path[0]=(-1.9223,-3.7324) path[1]=(-2.4214,-3.3994) t[0]=1.999092 state_vel=(-0.2465,0.1729)
[trajectory_generator_node-6] [Reference] banded solve done. b[0]=-0.005466 b[N]=-0.248940 b2[0]=-0.011029 b2[N]=-0.137863
[trajectory_generator_node-6] [Reference] solvePolyMatrix EXIT: polyX[0]=[0.000588 -0.002733 -0.246547 -1.922308]
[trajectory_generator_node-6] [Reference] solvePolyMatrix ENTER: N=18, path_size=19, trap_time_size=18
[trajectory_generator_node-6] [Reference]   path[0]=(-1.9223,-3.7324) path[1]=(-2.4214,-3.3994) t[0]=1.999092 state_vel=(-0.2465,0.1729)
[trajectory_generator_node-6] [Reference] banded solve done. b[0]=-0.005456 b[N]=-0.248938 b2[0]=-0.011036 b2[N]=-0.137866
[trajectory_generator_node-6] [Reference] solvePolyMatrix EXIT: polyX[0]=[0.000585 -0.002728 -0.246547 -1.922308]
[trajectory_generator_node-6] [Reference] solvePolyMatrix ENTER: N=18, path_size=19, trap_time_size=18
[trajectory_generator_node-6] [Reference]   path[0]=(-1.9223,-3.7324) path[1]=(-2.4214,-3.3994) t[0]=1.999092 state_vel=(-0.2465,0.1729)
[trajectory_generator_node-6] [Reference] banded solve done. b[0]=-0.005448 b[N]=-0.248936 b2[0]=-0.011042 b2[N]=-0.137868
[trajectory_generator_node-6] [Reference] solvePolyMatrix EXIT: polyX[0]=[0.000583 -0.002724 -0.246547 -1.922308]
[trajectory_generator_node-6] [Reference] solvePolyMatrix ENTER: N=18, path_size=19, trap_time_size=18
[trajectory_generator_node-6] [Reference]   path[0]=(-1.9223,-3.7324) path[1]=(-2.4214,-3.3994) t[0]=1.999092 state_vel=(-0.2465,0.1729)
[trajectory_generator_node-6] [Reference] banded solve done. b[0]=-0.005441 b[N]=-0.248937 b2[0]=-0.011047 b2[N]=-0.137868
[trajectory_generator_node-6] [Reference] solvePolyMatrix EXIT: polyX[0]=[0.000581 -0.002721 -0.246547 -1.922308]
[trajectory_generator_node-6] [INFO] [1790448589.894991279] [trajectory_generation]: FSM published 18 trajectory pieces
[trajectory_tracking_node-8] [WARN] [1790448594.952543948] [trajectory_tracking]: RM_GridMap predicted-path replan requested: collision_samples=0 trajectory_age=5.02
[trajectory_generator_node-6] [Manager REPLAN]  cur position point (X, Y) = (-3.165609, -2.871803), target point (X, Y) = (-3.219000, 2.146000)
[trajectory_generator_node-6] [Manager REPLAN] target_temp (X, Y) = (-3.219000, 2.146000)
[trajectory_generator_node-6] [Manager REPLAN] robot 1.51m from path, full replan
[trajectory_generator_node-6] [Manager] start point, (x, y): (-3.17, -2.87)
[trajectory_generator_node-6] [Manager] receive target, (x, y): (-3.22, 2.15)
[trajectory_generator_node-6] [Topo]: m_graph before num: 1605
[trajectory_generator_node-6] [Topo]: dijkstra time: 0.012323
[trajectory_generator_node-6] [Topo]: topo search time: 0.374743
[trajectory_generator_node-6] [Topo]: m_graph num: 2533
[trajectory_generator_node-6] [DIAG] origin_path (Dijkstra) size: 4
[trajectory_generator_node-6] [DIAG]   origin[0]: (-3.166, -2.872, 0.015)
[trajectory_generator_node-6] [DIAG]   origin[1]: (-5.969, -0.704, 0.015)
[trajectory_generator_node-6] [DIAG]   origin[2]: (-5.769, -0.054, 0.015)
[trajectory_generator_node-6] [DIAG]   origin[3]: (-3.219, 2.146, 0.015)
[trajectory_generator_node-6] [DIAG] lineVisib(start→end DIRECT): false  colli=(-3.17,-1.35)
[trajectory_generator_node-6] [DIAG] direct line: 100 steps, 62 wall cells
[trajectory_generator_node-6] [smoothTopoPath] INPUT size=4
[trajectory_generator_node-6] [smoothTopoPath]   in[0]: (-3.166, -2.872, 0.015)
[trajectory_generator_node-6] [smoothTopoPath]   in[1]: (-5.969, -0.704, 0.015)
[trajectory_generator_node-6] [smoothTopoPath]   in[2]: (-5.769, -0.054, 0.015)
[trajectory_generator_node-6] [smoothTopoPath]   in[3]: (-3.219, 2.146, 0.015)
[trajectory_generator_node-6] [smoothTopoPath] lineVisib(start→end): false  colli=(-3.17,-1.35)
[trajectory_generator_node-6] [smoothTopoPath] OUTPUT size=4, iter_count=3
[trajectory_generator_node-6] [smoothTopoPath]   out[0]: (-3.166, -2.872, 0.015)
[trajectory_generator_node-6] [smoothTopoPath]   out[1]: (-6.141, -0.891, 0.015)
[trajectory_generator_node-6] [smoothTopoPath]   out[2]: (-6.155, -0.315, 0.015)
[trajectory_generator_node-6] [smoothTopoPath]   out[3]: (-3.219, 2.146, 0.015)
[trajectory_generator_node-6] [DIAG] optimized_path (smoothTopoPath) size: 4
[trajectory_generator_node-6] [DIAG]   opt[0]: (-3.166, -2.872, 0.015)
[trajectory_generator_node-6] [DIAG]   opt[1]: (-6.141, -0.891, 0.015)
[trajectory_generator_node-6] [DIAG]   opt[2]: (-6.155, -0.315, 0.015)
[trajectory_generator_node-6] [DIAG]   opt[3]: (-3.219, 2.146, 0.015)
[trajectory_generator_node-6] optimized_path size: 4
[trajectory_generator_node-6] [Manager] reference_speed: (0.30)
[trajectory_generator_node-6] [LBFGS] search direction d:   2.4691e-05  -4.6171e-05  4.59179e-05 -4.34956e-05  4.32673e-05 -2.58657e-05 -5.46445e-05   0.00026389 -0.000621506   0.00090415 -0.000789833  0.000292409  0.000596112 -0.000160853 -8.40256e-05   0.00265549    0.0118198   0.00240245 -3.00482e-05  -9.4431e-05  0.000396714 -0.000978608   0.00181834  -0.00405994   0.00244455  -0.00622679  3.61453e-05 -4.09312e-05  3.98524e-05 -4.17889e-05  4.77795e-05 -3.98932e-05 -2.87639e-05   0.00024526 -0.000706504   0.00132409   -0.0016099  0.000699388   0.00220449  0.000236201 -0.000669671   0.00110696    0.0126793  -0.00099021   0.00020817 -0.000639543   0.00134952  -0.00171083    0.0013205  -0.00333329  0.000182581  -0.00502922  0.000339656 -9.61756e-05   2.8266e-05 -7.43156e-06  1.35189e-06  3.03551e-06 -1.43102e-05  6.14411e-05  -0.00022189  0.000837694  -0.00215266   0.00586978    0.0151388   -0.0157763     0.050868  -0.00459324    0.0190031   0.00139457  -0.00178369   0.00274456  -0.00125236   0.00050092 -3.41452e-05   0.00117481   0.00484541  -0.00771633     0.228881
[trajectory_generator_node-6] [Smooth Optimize] MINCO reaches max evaluations: Line search reaches the maximum try number, assumptions not satisfied or precision not achievable.
[trajectory_generator_node-6] [Smooth Optimize] MINCO: cost=2.9 total_T=27.792(init 26.519) max_drift=0.165 max_vel=0.4 segs=27
[trajectory_generator_node-6] [Smooth Resample] resample
[trajectory_generator_node-6] [Smooth Resample] 28 -> 15 waypoints, 14 time segs, max_turn=59.2 deg
[trajectory_generator_node-6] [Manager] optimizer generate time: 0.004640
[trajectory_generator_node-6] [Reference] path size : 15
[trajectory_generator_node-6] [Reference] solvePolyMatrix ENTER: N=14, path_size=15, trap_time_size=14
[trajectory_generator_node-6] [Reference]   path[0]=(-3.1656,-2.8718) path[1]=(-3.6652,-2.5394) t[0]=2.000971 state_vel=(-0.2473,0.1678)
[trajectory_generator_node-6] [Reference] banded solve done. b[0]=-0.003953 b[N]=-0.172681 b2[0]=-0.002899 b2[N]=-0.027653
[trajectory_generator_node-6] [Reference] solvePolyMatrix EXIT: polyX[0]=[0.000398 -0.001976 -0.247316 -3.165609]
[trajectory_generator_node-6] [INFO] [1790448595.357889772] [trajectory_generation]: FSM published 14 trajectory pieces
[trajectory_tracking_node-8] [WARN] [1790448600.376925777] [trajectory_tracking]: RM_GridMap predicted-path replan requested: collision_samples=0 trajectory_age=5.01
[trajectory_generator_node-6] [Manager REPLAN]  cur position point (X, Y) = (-4.404141, -2.020060), target point (X, Y) = (-3.219000, 2.146000)
[trajectory_generator_node-6] [Manager REPLAN] target_temp (X, Y) = (-3.219000, 2.146000)
[trajectory_generator_node-6] [Manager REPLAN] robot 1.50m from path, full replan
[trajectory_generator_node-6] [Manager] start point, (x, y): (-4.40, -2.02)
[trajectory_generator_node-6] [Manager] receive target, (x, y): (-3.22, 2.15)
[trajectory_generator_node-6] [Topo]: m_graph before num: 1605
[trajectory_generator_node-6] [Topo]: dijkstra time: 0.016859
[trajectory_generator_node-6] [Topo]: topo search time: 0.389052
[trajectory_generator_node-6] [Topo]: m_graph num: 2537
[trajectory_generator_node-6] [DIAG] origin_path (Dijkstra) size: 4
[trajectory_generator_node-6] [DIAG]   origin[0]: (-4.404, -2.020, 0.015)
[trajectory_generator_node-6] [DIAG]   origin[1]: (-5.969, -0.704, 0.015)
[trajectory_generator_node-6] [DIAG]   origin[2]: (-5.769, -0.054, 0.015)
[trajectory_generator_node-6] [DIAG]   origin[3]: (-3.219, 2.146, 0.015)
[trajectory_generator_node-6] [DIAG] lineVisib(start→end DIRECT): false  colli=(-4.07,-0.85)
[trajectory_generator_node-6] [DIAG] direct line: 86 steps, 51 wall cells
[trajectory_generator_node-6] [smoothTopoPath] INPUT size=4
[trajectory_generator_node-6] [smoothTopoPath]   in[0]: (-4.404, -2.020, 0.015)
[trajectory_generator_node-6] [smoothTopoPath]   in[1]: (-5.969, -0.704, 0.015)
[trajectory_generator_node-6] [smoothTopoPath]   in[2]: (-5.769, -0.054, 0.015)
[trajectory_generator_node-6] [smoothTopoPath]   in[3]: (-3.219, 2.146, 0.015)
[trajectory_generator_node-6] [smoothTopoPath] lineVisib(start→end): false  colli=(-4.07,-0.85)
[trajectory_generator_node-6] [smoothTopoPath] OUTPUT size=4, iter_count=3
[trajectory_generator_node-6] [smoothTopoPath]   out[0]: (-4.404, -2.020, 0.015)
[trajectory_generator_node-6] [smoothTopoPath]   out[1]: (-6.143, -0.829, 0.015)
[trajectory_generator_node-6] [smoothTopoPath]   out[2]: (-6.144, -0.297, 0.015)
[trajectory_generator_node-6] [smoothTopoPath]   out[3]: (-3.219, 2.146, 0.015)
[trajectory_generator_node-6] [DIAG] optimized_path (smoothTopoPath) size: 4
[trajectory_generator_node-6] [DIAG]   opt[0]: (-4.404, -2.020, 0.015)
[trajectory_generator_node-6] [DIAG]   opt[1]: (-6.143, -0.829, 0.015)
[trajectory_generator_node-6] [DIAG]   opt[2]: (-6.144, -0.297, 0.015)
[trajectory_generator_node-6] [DIAG]   opt[3]: (-3.219, 2.146, 0.015)
[trajectory_generator_node-6] optimized_path size: 4
[trajectory_generator_node-6] [Manager] reference_speed: (0.30)
[trajectory_generator_node-6] [LBFGS] search direction d: -2.81974e-05 -9.34747e-06   7.5436e-05 -0.000198603   0.00153966 -0.000248571   0.00107484   -0.0110506  0.000261515   0.00058022  0.000342103 -0.000246652  7.74421e-05 -0.000366305  0.000310068 -0.000249719  0.000166223  -7.6257e-06   0.00043424   0.00268003   -0.0045975 -1.37074e-05 -9.14468e-06  6.61198e-05 -0.000139999   0.00506663  0.000522118 -0.000233367 -1.25969e-05  0.000802646  0.000917447  5.00823e-05   0.00141405 -0.000803563 -0.000256399  0.000340923 -0.000388741  0.000455146 -0.000610977  0.000106835  -0.00242941  -0.00237933  0.000155584 -3.21229e-05 -2.38159e-05  7.28967e-05  0.000127352 -0.000347151   0.00204532    0.0060639  -0.00581655    0.0167198   -0.0026886    0.0091482  -0.00114309  0.000600267  0.000233969 -0.000192901  8.94028e-05  -4.2889e-05  0.000945627   0.00104995   0.00578358      0.10121
[trajectory_generator_node-6] [Smooth Optimize] MINCO reaches max evaluations: Line search reaches the maximum try number, assumptions not satisfied or precision not achievable.
[trajectory_generator_node-6] [Smooth Optimize] MINCO: cost=2.3 total_T=22.541(init 21.432) max_drift=0.147 max_vel=0.4 segs=22
[trajectory_generator_node-6] [Smooth Resample] resample
[trajectory_generator_node-6] [Smooth Resample] 23 -> 12 waypoints, 11 time segs, max_turn=50.9 deg
[trajectory_generator_node-6] [Manager] optimizer generate time: 0.002403
[trajectory_generator_node-6] [Reference] path size : 12
[trajectory_generator_node-6] [Reference] solvePolyMatrix ENTER: N=11, path_size=12, trap_time_size=11
[trajectory_generator_node-6] [Reference]   path[0]=(-4.4041,-2.0201) path[1]=(-4.8994,-1.6815) t[0]=2.001140 state_vel=(-0.2472,0.1673)
[trajectory_generator_node-6] [Reference] banded solve done. b[0]=-0.003043 b[N]=-0.216608 b2[0]=0.002256 b2[N]=-0.132470
[trajectory_generator_node-6] [Reference] solvePolyMatrix EXIT: polyX[0]=[0.000676 -0.001521 -0.247165 -4.404141]
[trajectory_generator_node-6] [INFO] [1790448600.789899279] [trajectory_generation]: FSM published 11 trajectory pieces
[trajectory_tracking_node-8] [WARN] [1790448605.824420966] [trajectory_tracking]: RM_GridMap predicted-path replan requested: collision_samples=0 trajectory_age=5.01
[trajectory_generator_node-6] [Manager REPLAN]  cur position point (X, Y) = (-5.644942, -1.188973), target point (X, Y) = (-3.219000, 2.146000)
[trajectory_generator_node-6] [Manager REPLAN] target_temp (X, Y) = (-3.219000, 2.146000)
[trajectory_generator_node-6] [Manager REPLAN] path safe & target unchanged, re-anchoring from cur pos
[trajectory_generator_node-6] [LBFGS] search direction d:  0.000910377  0.000272894  0.000436199  -1.4741e-05   -0.0012422  -0.00119802  -0.00101591  -0.00057474  0.000381396 -0.000281074  0.000261538 -0.000313057  0.000294286 -0.000577401  -0.00207666 -0.000488038 -0.000948542 -0.000365392 -8.08231e-05  -0.00217272  -0.00185885 -0.000242194 -0.000543292  0.000368593 -0.000299543  0.000328169 -0.000457303   0.00066766  -0.00179394  -0.00168937  -0.00397467   0.00486322 -0.000558096  -0.00109209   0.00573978  -0.00401735   0.00495226  -0.00169256   0.00201938 -0.000670355  0.000158185  0.000157543 -0.000691836   0.00257799  -0.00531861    0.0396057
[trajectory_generator_node-6] [Smooth Optimize] MINCO reaches max evaluations: Line search reaches the maximum try number, assumptions not satisfied or precision not achievable.
[trajectory_generator_node-6] [Smooth Optimize] MINCO: cost=2.3 total_T=16.303(init 15.888) max_drift=0.131 max_vel=0.4 segs=16
[trajectory_generator_node-6] [Smooth Resample] resample
[trajectory_generator_node-6] [Smooth Resample] 17 -> 9 waypoints, 8 time segs, max_turn=41.2 deg
[trajectory_generator_node-6] [Reference] path size : 9
[trajectory_generator_node-6] [Reference] solvePolyMatrix ENTER: N=8, path_size=9, trap_time_size=8
[trajectory_generator_node-6] [Reference]   path[0]=(-5.6449,-1.1890) path[1]=(-6.0467,-0.6579) t[0]=2.006603 state_vel=(-0.2601,0.1647)
[trajectory_generator_node-6] [Reference] banded solve done. b[0]=0.039285 b[N]=-0.299947 b2[0]=0.212575 b2[N]=-0.214057
[trajectory_generator_node-6] [Reference] solvePolyMatrix EXIT: polyX[0]=[0.005091 0.019643 -0.260146 -5.644942]
[trajectory_generator_node-6] [Reference] solvePolyMatrix ENTER: N=8, path_size=9, trap_time_size=8
[trajectory_generator_node-6] [Reference]   path[0]=(-5.6449,-1.1890) path[1]=(-6.0467,-0.6579) t[0]=2.006603 state_vel=(-0.2601,0.1647)
[trajectory_generator_node-6] [Reference] banded solve done. b[0]=0.039276 b[N]=-0.250356 b2[0]=0.212564 b2[N]=-0.178706
[trajectory_generator_node-6] [Reference] solvePolyMatrix EXIT: polyX[0]=[0.005094 0.019638 -0.260146 -5.644942]
[trajectory_generator_node-6] [INFO] [1790448605.861706741] [trajectory_generation]: FSM published 8 trajectory pieces
[trajectory_tracking_node-8] [WARN] [1790448610.882154697] [trajectory_tracking]: RM_GridMap predicted-path replan requested: collision_samples=0 trajectory_age=5.02
[trajectory_generator_node-6] [Manager REPLAN]  cur position point (X, Y) = (-5.821158, 0.087535), target point (X, Y) = (-3.219000, 2.146000)
[trajectory_generator_node-6] [Manager REPLAN] target_temp (X, Y) = (-3.219000, 2.146000)
[trajectory_generator_node-6] [Manager REPLAN] path safe & target unchanged, re-anchoring from cur pos
[trajectory_generator_node-6] [LBFGS] search direction d: -0.000227982  0.000242394 -0.000387381  0.000111748  5.06764e-05 -0.000100401  7.94242e-05  -5.5001e-05  5.69549e-05 -0.000163216 -0.000254391 -1.84223e-05  5.21126e-05 -4.44174e-05  5.27844e-05 -3.75403e-05 -2.36435e-05   0.00013634  1.12846e-05 -0.000161603 -0.000325555  0.000230877 -8.08446e-05  4.56096e-05 -1.58604e-05  5.17229e-06  3.54864e-06 -2.25312e-05  9.33606e-05 -0.000209647    0.0015816
[trajectory_generator_node-6] [Smooth Optimize] MINCO reaches max evaluations: Line search reaches the maximum try number, assumptions not satisfied or precision not achievable.
[trajectory_generator_node-6] [Smooth Optimize] MINCO: cost=0.2 total_T=11.911(init 11.060) max_drift=0.080 max_vel=0.4 segs=11
[trajectory_generator_node-6] [Smooth Resample] resample
[trajectory_generator_node-6] [Smooth Resample] 12 -> 7 waypoints, 6 time segs, max_turn=10.2 deg
[trajectory_generator_node-6] [Reference] path size : 7
[trajectory_generator_node-6] [Reference] solvePolyMatrix ENTER: N=6, path_size=7, trap_time_size=6
[trajectory_generator_node-6] [Reference]   path[0]=(-5.8212,0.0875) path[1]=(-5.3509,0.5000) t[0]=2.008789 state_vel=(0.2468,0.3143)
[trajectory_generator_node-6] [Reference] banded solve done. b[0]=-0.023806 b[N]=-0.198426 b2[0]=-0.168065 b2[N]=-0.089167
[trajectory_generator_node-6] [Reference] solvePolyMatrix EXIT: polyX[0]=[0.002787 -0.011903 0.246765 -5.821158]
[trajectory_generator_node-6] [INFO] [1790448610.896682369] [trajectory_generation]: FSM published 6 trajectory pieces
[trajectory_tracking_node-8] [WARN] [1790448615.923393056] [trajectory_tracking]: RM_GridMap predicted-path replan requested: collision_samples=0 trajectory_age=5.02
[trajectory_generator_node-6] [Manager REPLAN]  cur position point (X, Y) = (-4.657099, 1.037460), target point (X, Y) = (-3.219000, 2.146000)
[trajectory_generator_node-6] [Manager REPLAN] target_temp (X, Y) = (-3.219000, 2.146000)
[trajectory_generator_node-6] [Manager REPLAN] robot 1.50m from path, full replan
[trajectory_generator_node-6] [Manager] start point, (x, y): (-4.66, 1.04)
[trajectory_generator_node-6] [Manager] receive target, (x, y): (-3.22, 2.15)
[trajectory_generator_node-6] [Topo]: m_graph before num: 1605
[trajectory_generator_node-6] [Topo]: dijkstra time: 0.016693
[trajectory_generator_node-6] [Topo]: topo search time: 0.480144
[trajectory_generator_node-6] [Topo]: m_graph num: 2540
[trajectory_generator_node-6] [DIAG] origin_path (Dijkstra) size: 2
[trajectory_generator_node-6] [DIAG]   origin[0]: (-4.657, 1.037, 0.015)
[trajectory_generator_node-6] [DIAG]   origin[1]: (-3.219, 2.146, 0.015)
[trajectory_generator_node-6] [DIAG] lineVisib(start→end DIRECT): TRUE(!!)  colli=(-4.66,1.04)
[trajectory_generator_node-6] [DIAG] direct line: 36 steps, 0 wall cells
[trajectory_generator_node-6] [smoothTopoPath] INPUT size=2
[trajectory_generator_node-6] [smoothTopoPath]   in[0]: (-4.657, 1.037, 0.015)
[trajectory_generator_node-6] [smoothTopoPath]   in[1]: (-3.219, 2.146, 0.015)
[trajectory_generator_node-6] [smoothTopoPath] lineVisib(start→end): TRUE(!)  colli=(0.00,0.00)
[trajectory_generator_node-6] [smoothTopoPath] OUTPUT size=2, iter_count=1
[trajectory_generator_node-6] [smoothTopoPath]   out[0]: (-4.657, 1.037, 0.015)
[trajectory_generator_node-6] [smoothTopoPath]   out[1]: (-3.219, 2.146, 0.015)
[trajectory_generator_node-6] [DIAG] optimized_path (smoothTopoPath) size: 2
[trajectory_generator_node-6] [DIAG]   opt[0]: (-4.657, 1.037, 0.015)
[trajectory_generator_node-6] [DIAG]   opt[1]: (-3.219, 2.146, 0.015)
[trajectory_generator_node-6] optimized_path size: 2
[trajectory_generator_node-6] [Manager] reference_speed: (0.30)
[trajectory_generator_node-6] [LBFGS] search direction d: -2.85289e-05    0.0002635 -0.000223101 -0.000383908 -8.58273e-06  6.70022e-06 -0.000272111  9.07099e-06 -0.000511052 -2.22522e-05  0.000166355 -0.000529736   0.00144144   -0.0028076   0.00509093   -0.0180169
[trajectory_generator_node-6] [Smooth Optimize] MINCO reaches max evaluations: Line search reaches the maximum try number, assumptions not satisfied or precision not achievable.
[trajectory_generator_node-6] [Smooth Optimize] MINCO: cost=0.0 total_T=6.926(init 6.053) max_drift=0.035 max_vel=0.3 segs=6
[trajectory_generator_node-6] [Smooth Resample] resample
[trajectory_generator_node-6] [Smooth Resample] 7 -> 4 waypoints, 3 time segs, max_turn=2.8 deg
[trajectory_generator_node-6] [Manager] optimizer generate time: 0.002029
[trajectory_generator_node-6] [Reference] path size : 4
[trajectory_generator_node-6] [Reference] solvePolyMatrix ENTER: N=3, path_size=4, trap_time_size=3
[trajectory_generator_node-6] [Reference]   path[0]=(-4.6571,1.0375) path[1]=(-4.1808,1.4041) t[0]=2.010717 state_vel=(0.2278,0.1876)
[trajectory_generator_node-6] [Reference] banded solve done. b[0]=0.023048 b[N]=-0.193524 b2[0]=-0.009718 b2[N]=-0.133692
[trajectory_generator_node-6] [Reference] solvePolyMatrix EXIT: polyX[0]=[-0.003478 0.011524 0.227756 -4.657099]
[trajectory_generator_node-6] [INFO] [1790448616.422700061] [trajectory_generation]: FSM published 3 trajectory pieces
[trajectory_tracking_node-8] [WARN] [1790448621.457590642] [trajectory_tracking]: RM_GridMap predicted-path replan requested: collision_samples=0 trajectory_age=5.02
[trajectory_generator_node-6] [Manager REPLAN]  cur position point (X, Y) = (-3.499849, 1.982493), target point (X, Y) = (-3.219000, 2.146000)
[trajectory_generator_node-6] [Manager REPLAN] target_temp (X, Y) = (-3.219000, 2.146000)
[trajectory_generator_node-6] [Manager REPLAN] path safe & target unchanged, re-anchoring from cur pos
[trajectory_generator_node-6] [Smooth Path] path.size()<3, No need to optimize
[trajectory_generator_node-6] [Smooth Path] path.size()<3, No need to optimize
[trajectory_generator_node-6] [Smooth Resample] resample
[trajectory_generator_node-6] [Smooth Resample] path too short (2 pts), keeping all
[trajectory_generator_node-6] [Reference] path size : 2
[trajectory_generator_node-6] [Reference] path_length: 0.324978
[trajectory_generator_node-6] [Reference] solvePolyMatrix ENTER: N=1, path_size=2, trap_time_size=1
[trajectory_generator_node-6] [Reference]   path[0]=(-3.4998,1.9825) path[1]=(-3.2190,2.1460) t[0]=1.000000 state_vel=(0.2090,0.1555)
[trajectory_generator_node-6] [Reference] banded solve done. b[0]=0.848935 b[N]=-1.267016 b2[0]=0.359019 b2[N]=-0.670031
[trajectory_generator_node-6] [Reference] solvePolyMatrix EXIT: polyX[0]=[-0.352659 0.424468 0.209040 -3.499849]
[trajectory_generator_node-6] [Reference] solvePolyMatrix ENTER: N=1, path_size=2, trap_time_size=1
[trajectory_generator_node-6] [Reference]   path[0]=(-3.4998,1.9825) path[1]=(-3.2190,2.1460) t[0]=1.100000 state_vel=(0.2090,0.1555)
[trajectory_generator_node-6] [Reference] banded solve done. b[0]=0.632495 b[N]=-1.012568 b2[0]=0.245303 b2[N]=-0.528041
[trajectory_generator_node-6] [Reference] solvePolyMatrix EXIT: polyX[0]=[-0.249252 0.316248 0.209040 -3.499849]
[trajectory_generator_node-6] [Reference] solvePolyMatrix ENTER: N=1, path_size=2, trap_time_size=1
[trajectory_generator_node-6] [Reference]   path[0]=(-3.4998,1.9825) path[1]=(-3.2190,2.1460) t[0]=1.210000 state_vel=(0.2090,0.1555)
[trajectory_generator_node-6] [Reference] banded solve done. b[0]=0.459901 b[N]=-0.805422 b2[0]=0.155996 b2[N]=-0.413031
[trajectory_generator_node-6] [Reference] solvePolyMatrix EXIT: polyX[0]=[-0.174287 0.229951 0.209040 -3.499849]
[trajectory_generator_node-6] [Reference] solvePolyMatrix ENTER: N=1, path_size=2, trap_time_size=1
[trajectory_generator_node-6] [Reference]   path[0]=(-3.4998,1.9825) path[1]=(-3.2190,2.1460) t[0]=1.331000 state_vel=(0.2090,0.1555)
[trajectory_generator_node-6] [Reference] banded solve done. b[0]=0.322973 b[N]=-0.637083 b2[0]=0.086437 b2[N]=-0.320105
[trajectory_generator_node-6] [Reference] solvePolyMatrix EXIT: polyX[0]=[-0.120217 0.161486 0.209040 -3.499849]
[trajectory_generator_node-6] [Reference] solvePolyMatrix ENTER: N=1, path_size=2, trap_time_size=1
[trajectory_generator_node-6] [Reference]   path[0]=(-3.4998,1.9825) path[1]=(-3.2190,2.1460) t[0]=1.464100 state_vel=(0.2090,0.1555)
[trajectory_generator_node-6] [Reference] banded solve done. b[0]=0.215001 b[N]=-0.500555 b2[0]=0.032813 b2[N]=-0.245238
[trajectory_generator_node-6] [Reference] solvePolyMatrix EXIT: polyX[0]=[-0.081456 0.107500 0.209040 -3.499849]
[trajectory_generator_node-6] [Reference] solvePolyMatrix ENTER: N=1, path_size=2, trap_time_size=1
[trajectory_generator_node-6] [Reference]   path[0]=(-3.4998,1.9825) path[1]=(-3.2190,2.1460) t[0]=1.610510 state_vel=(0.2090,0.1555)
[trajectory_generator_node-6] [Reference] banded solve done. b[0]=0.130487 b[N]=-0.390082 b2[0]=-0.007993 b2[N]=-0.185120
[trajectory_generator_node-6] [Reference] solvePolyMatrix EXIT: polyX[0]=[-0.053872 0.065244 0.209040 -3.499849]
[trajectory_generator_node-6] [Reference] solvePolyMatrix ENTER: N=1, path_size=2, trap_time_size=1
[trajectory_generator_node-6] [Reference]   path[0]=(-3.4998,1.9825) path[1]=(-3.2190,2.1460) t[0]=1.771561 state_vel=(0.2090,0.1555)
[trajectory_generator_node-6] [Reference] banded solve done. b[0]=0.064933 b[N]=-0.300928 b2[0]=-0.038526 b2[N]=-0.137032
[trajectory_generator_node-6] [Reference] solvePolyMatrix EXIT: polyX[0]=[-0.034420 0.032466 0.209040 -3.499849]
[trajectory_generator_node-6] [INFO] [1790448621.486325756] [trajectory_generation]: FSM published 1 trajectory pieces
[trajectory_tracking_node-8] [WARN] [1790448623.141395727] [trajectory_tracking]: trajectory tracking stopped: invalid coefficient array length
[trajectory_tracking_node-8] [WARN] [1790448625.225947693] [trajectory_tracking]: trajectory tracking stopped: no valid trajectory
[trajectory_generator_node-6] [INFO] [1790448626.340429635] [trajectory_generation]: FSM accepted manual goal goal=(-3.22, 2.15, 0.02)
[trajectory_generator_node-6] [Manager] start point, (x, y): (-0.92, -4.45)
[trajectory_generator_node-6] [Manager] receive target, (x, y): (-3.22, 2.15)
[trajectory_generator_node-6] [Topo]: m_graph before num: 1605
[trajectory_generator_node-6] [Topo]: dijkstra time: 0.017387
[trajectory_generator_node-6] [Topo]: topo search time: 0.811813
[trajectory_generator_node-6] [Topo]: m_graph num: 2530
[trajectory_generator_node-6] [DIAG] origin_path (Dijkstra) size: 3
[trajectory_generator_node-6] [DIAG]   origin[0]: (-0.919, -4.454, 0.015)
[trajectory_generator_node-6] [DIAG]   origin[1]: (-6.269, -0.554, 0.015)
[trajectory_generator_node-6] [DIAG]   origin[2]: (-3.219, 2.146, 0.015)
[trajectory_generator_node-6] [DIAG] lineVisib(start→end DIRECT): false  colli=(-1.52,-2.75)
[trajectory_generator_node-6] [DIAG] direct line: 139 steps, 98 wall cells
[trajectory_generator_node-6] [smoothTopoPath] INPUT size=3
[trajectory_generator_node-6] [smoothTopoPath]   in[0]: (-0.919, -4.454, 0.015)
[trajectory_generator_node-6] [smoothTopoPath]   in[1]: (-6.269, -0.554, 0.015)
[trajectory_generator_node-6] [smoothTopoPath]   in[2]: (-3.219, 2.146, 0.015)
[trajectory_generator_node-6] [smoothTopoPath] lineVisib(start→end): false  colli=(-1.52,-2.75)
[trajectory_generator_node-6] [smoothTopoPath] OUTPUT size=4, iter_count=3
[trajectory_generator_node-6] [smoothTopoPath]   out[0]: (-0.919, -4.454, 0.015)
[trajectory_generator_node-6] [smoothTopoPath]   out[1]: (-6.374, -0.727, 0.015)
[trajectory_generator_node-6] [smoothTopoPath]   out[2]: (-6.073, 0.018, 0.015)
[trajectory_generator_node-6] [smoothTopoPath]   out[3]: (-3.219, 2.146, 0.015)
[trajectory_generator_node-6] [DIAG] optimized_path (smoothTopoPath) size: 4
[trajectory_generator_node-6] [DIAG]   opt[0]: (-0.919, -4.454, 0.015)
[trajectory_generator_node-6] [DIAG]   opt[1]: (-6.374, -0.727, 0.015)
[trajectory_generator_node-6] [DIAG]   opt[2]: (-6.073, 0.018, 0.015)
[trajectory_generator_node-6] [DIAG]   opt[3]: (-3.219, 2.146, 0.015)
[trajectory_generator_node-6] optimized_path size: 4
[trajectory_generator_node-6] [Manager] reference_speed: (0.30)
[trajectory_generator_node-6] [LBFGS] search direction d: -0.000130079  0.000395384 -0.000205583 -3.42286e-05  0.000131416 -0.000142127  0.000108761 -6.91499e-05  3.80828e-05 -1.76209e-05  4.71639e-06  4.74339e-06 -1.42591e-05  2.56937e-05 -3.75721e-05  4.20989e-05 -2.19822e-05 -4.70228e-05   0.00017482 -0.000322135  0.000417389 -0.000117527 -0.000246515  -5.7301e-05  9.07054e-05 -0.000346209  3.25411e-05 -0.000232079   0.00013927 -6.16148e-05 -5.01318e-07  8.30769e-05 -0.000205309  0.000116839 -0.000178849  0.000589032  7.33031e-05  -0.00024766  0.000111771  2.59993e-05  -0.00011797  0.000117854 -8.66529e-05  5.30236e-05 -2.80847e-05  1.30125e-05 -5.28146e-06  2.07367e-06 -1.44458e-06  2.38094e-06  -4.3989e-06  6.81334e-06 -7.55286e-06  1.81673e-06   1.8967e-05  -6.7124e-05  0.000159084  0.000181708 -0.000325652 -9.84133e-05  0.000106378 -0.000154583  0.000119769 -0.000188421  0.000143326  -6.7347e-05 -3.14316e-05  0.000124065 -0.000128047  0.000105492  2.68979e-05  0.000528114    0.0526067  -0.00687421   0.00275135 -0.000545916  0.000149516 -3.04932e-05  1.34544e-05  -5.1357e-06   3.6833e-06 -2.04216e-06  1.09353e-06  -3.3874e-07 -1.55863e-07   4.8316e-07  -5.9197e-07  1.62427e-06 -8.34975e-06  5.08716e-05 -0.000231791  0.000975321  -0.00284805    0.0083892   0.00645327  -0.00291219   0.00782179  -0.00310222   0.00447023  -0.00124744  0.000650783 -0.000140142  3.24301e-05  3.06471e-05  -4.3604e-05  0.000378168   0.00165793   0.00112624      0.10296
[trajectory_generator_node-6] [Smooth Optimize] MINCO reaches max evaluations: Line search reaches the maximum try number, assumptions not satisfied or precision not achievable.
[trajectory_generator_node-6] [Smooth Optimize] MINCO: cost=0.7 total_T=39.391(init 36.522) max_drift=0.104 max_vel=0.4 segs=37
[trajectory_generator_node-6] [Smooth Resample] resample
[trajectory_generator_node-6] [Smooth Resample] 38 -> 20 waypoints, 19 time segs, max_turn=82.5 deg
[trajectory_generator_node-6] [Manager] optimizer generate time: 0.005473
[trajectory_generator_node-6] [Reference] path size : 20
[trajectory_generator_node-6] [Reference] solvePolyMatrix ENTER: N=19, path_size=20, trap_time_size=19
[trajectory_generator_node-6] [Reference]   path[0]=(-0.9190,-4.4540) path[1]=(-1.4107,-4.1181) t[0]=2.847697 state_vel=(0.0000,0.0000)
[trajectory_generator_node-6] [Reference] banded solve done. b[0]=-0.189249 b[N]=-0.091369 b2[0]=0.128508 b2[N]=0.011785
[trajectory_generator_node-6] [Reference] solvePolyMatrix EXIT: polyX[0]=[0.011938 -0.094624 -0.000000 -0.919000]
[trajectory_generator_node-6] [INFO] [1790448627.167160080] [trajectory_generation]: FSM published 19 trajectory pieces
[trajectory_tracking_node-8] [WARN] [1790448632.186477430] [trajectory_tracking]: RM_GridMap predicted-path replan requested: collision_samples=0 trajectory_age=5.01
[trajectory_generator_node-6] [Manager REPLAN]  cur position point (X, Y) = (-1.919844, -3.734048), target point (X, Y) = (-3.219000, 2.146000)
[trajectory_generator_node-6] [Manager REPLAN] target_temp (X, Y) = (-3.219000, 2.146000)
[trajectory_generator_node-6] [Manager REPLAN] robot 1.23m from path, full replan
[trajectory_generator_node-6] [Manager] start point, (x, y): (-1.92, -3.73)
[trajectory_generator_node-6] [Manager] receive target, (x, y): (-3.22, 2.15)
[trajectory_generator_node-6] [Topo]: m_graph before num: 1605
[trajectory_generator_node-6] [Topo]: dijkstra time: 0.013086
[trajectory_generator_node-6] [Topo]: topo search time: 0.440824
[trajectory_generator_node-6] [Topo]: m_graph num: 2537
[trajectory_generator_node-6] [DIAG] origin_path (Dijkstra) size: 4
[trajectory_generator_node-6] [DIAG]   origin[0]: (-1.920, -3.734, 0.015)
[trajectory_generator_node-6] [DIAG]   origin[1]: (-5.719, -0.954, 0.051)
[trajectory_generator_node-6] [DIAG]   origin[2]: (-5.919, -0.254, 0.015)
[trajectory_generator_node-6] [DIAG]   origin[3]: (-3.219, 2.146, 0.015)
[trajectory_generator_node-6] [DIAG] lineVisib(start→end DIRECT): false  colli=(-2.37,-1.75)
[trajectory_generator_node-6] [DIAG] direct line: 120 steps, 72 wall cells
[trajectory_generator_node-6] [smoothTopoPath] INPUT size=4
[trajectory_generator_node-6] [smoothTopoPath]   in[0]: (-1.920, -3.734, 0.015)
[trajectory_generator_node-6] [smoothTopoPath]   in[1]: (-5.719, -0.954, 0.051)
[trajectory_generator_node-6] [smoothTopoPath]   in[2]: (-5.919, -0.254, 0.015)
[trajectory_generator_node-6] [smoothTopoPath]   in[3]: (-3.219, 2.146, 0.015)
[trajectory_generator_node-6] [smoothTopoPath] lineVisib(start→end): false  colli=(-2.37,-1.75)
[trajectory_generator_node-6] [smoothTopoPath] OUTPUT size=7, iter_count=6
[trajectory_generator_node-6] [smoothTopoPath]   out[0]: (-1.920, -3.734, 0.015)
[trajectory_generator_node-6] [smoothTopoPath]   out[1]: (-5.942, -1.048, 0.021)
[trajectory_generator_node-6] [smoothTopoPath]   out[2]: (-5.515, -0.913, 0.015)
[trajectory_generator_node-6] [smoothTopoPath]   out[3]: (-5.743, -1.206, 0.092)
[trajectory_generator_node-6] [smoothTopoPath]   out[4]: (-6.073, -0.783, 0.015)
[trajectory_generator_node-6] [smoothTopoPath]   out[5]: (-6.166, -0.124, 0.015)
[trajectory_generator_node-6] [smoothTopoPath]   out[6]: (-3.219, 2.146, 0.015)
[trajectory_generator_node-6] [DIAG] optimized_path (smoothTopoPath) size: 7
[trajectory_generator_node-6] [DIAG]   opt[0]: (-1.920, -3.734, 0.015)
[trajectory_generator_node-6] [DIAG]   opt[1]: (-5.942, -1.048, 0.021)
[trajectory_generator_node-6] [DIAG]   opt[2]: (-5.515, -0.913, 0.015)
[trajectory_generator_node-6] [DIAG]   opt[3]: (-5.743, -1.206, 0.092)
[trajectory_generator_node-6] [DIAG]   opt[4]: (-6.073, -0.783, 0.015)
[trajectory_generator_node-6] [DIAG]   opt[5]: (-6.166, -0.124, 0.015)
[trajectory_generator_node-6] [DIAG]   opt[6]: (-3.219, 2.146, 0.015)
[trajectory_generator_node-6] [Manager] reference_speed: (0.30)
[trajectory_generator_node-6] optimized_path size: 7
[trajectory_generator_node-6] [LBFGS] search direction d:  2.81278e-05 -4.48938e-06 -1.15701e-06  1.54076e-06 -8.49606e-07   1.1643e-07  9.08198e-07 -3.12995e-06  8.34436e-06 -1.94975e-05  3.89277e-05 -5.76356e-05  2.08662e-05  0.000229759 -0.000644215  0.000104183  -0.00212587  -0.00170682    0.0024708 -0.000223073 -8.80614e-06 -0.000160385  0.000214064  0.000677966  0.000799649   0.00101858  8.31601e-05 -1.46407e-05  1.94197e-05   -4.355e-05  3.70051e-05  0.000111398 -0.000291635   0.00132634  5.52869e-05 -8.27617e-06 -2.71578e-06  3.22833e-06 -1.76746e-06  6.14709e-07  6.92201e-08 -3.55877e-07 -7.79028e-08  2.49841e-06  -9.9878e-06  2.84468e-05 -6.82452e-05  0.000155917 -0.000449376   0.00136569   0.00236017  0.000867959  0.000893953 -0.000176983  2.23192e-05  0.000110532 -0.000129291   0.00103732  0.000857247  0.000317818  0.000207795 -1.64914e-06 -4.60143e-05  8.66109e-06  7.02272e-05 -0.000135942 -0.000299561  2.57489e-05 -1.76231e-05  6.31213e-06 -1.82559e-06  4.97951e-07 -1.09458e-07 -7.10855e-09  7.11766e-08 -1.38866e-07  1.13099e-07  6.39212e-07 -4.80432e-06  2.24079e-05 -8.57362e-05  0.000304603 -0.000747682   0.00216026   0.00165292   0.00255851   0.00353865  0.000292073  1.30135e-05  0.000109932 -0.000617595   0.00306167   -0.0004957   0.00177065 -0.000472604  0.000400571 -0.000124773  2.79325e-05  3.93087e-05 -0.000174564  0.000644382   -0.0011346   0.00779566
[trajectory_generator_node-6] [Smooth Optimize] MINCO reaches max evaluations: Line search reaches the maximum try number, assumptions not satisfied or precision not achievable.
[trajectory_generator_node-6] [Smooth Optimize] MINCO: cost=1.9 total_T=34.266(init 34.159) max_drift=0.137 max_vel=0.5 segs=35
[trajectory_generator_node-6] [Smooth Resample] resample
[trajectory_generator_node-6] [Smooth Resample] 36 -> 19 waypoints, 18 time segs, max_turn=160.0 deg
[trajectory_generator_node-6] [Manager] optimizer generate time: 0.006900
[trajectory_generator_node-6] [Reference] path size : 19
[trajectory_generator_node-6] [Reference] solvePolyMatrix ENTER: N=18, path_size=19, trap_time_size=18
[trajectory_generator_node-6] [Reference]   path[0]=(-1.9198,-3.7340) path[1]=(-2.4189,-3.4010) t[0]=1.999950 state_vel=(-0.2465,0.1728)
[trajectory_generator_node-6] [Reference] banded solve done. b[0]=-0.005365 b[N]=-0.622441 b2[0]=-0.010951 b2[N]=-0.359758
[trajectory_generator_node-6] [Reference] solvePolyMatrix EXIT: polyX[0]=[0.000569 -0.002683 -0.246457 -1.919844]
[trajectory_generator_node-6] [Reference] solvePolyMatrix ENTER: N=18, path_size=19, trap_time_size=18
[trajectory_generator_node-6] [Reference]   path[0]=(-1.9198,-3.7340) path[1]=(-2.4189,-3.4010) t[0]=1.999950 state_vel=(-0.2465,0.1728)
[trajectory_generator_node-6] [Reference] banded solve done. b[0]=-0.005356 b[N]=-0.517828 b2[0]=-0.010959 b2[N]=-0.299605
[trajectory_generator_node-6] [Reference] solvePolyMatrix EXIT: polyX[0]=[0.000567 -0.002678 -0.246457 -1.919844]
[trajectory_generator_node-6] [Reference] solvePolyMatrix ENTER: N=18, path_size=19, trap_time_size=18
[trajectory_generator_node-6] [Reference]   path[0]=(-1.9198,-3.7340) path[1]=(-2.4189,-3.4010) t[0]=1.999950 state_vel=(-0.2465,0.1728)
[trajectory_generator_node-6] [Reference] banded solve done. b[0]=-0.005348 b[N]=-0.431283 b2[0]=-0.010965 b2[N]=-0.249877
[trajectory_generator_node-6] [Reference] solvePolyMatrix EXIT: polyX[0]=[0.000565 -0.002674 -0.246457 -1.919844]
[trajectory_generator_node-6] [Reference] solvePolyMatrix ENTER: N=18, path_size=19, trap_time_size=18
[trajectory_generator_node-6] [Reference]   path[0]=(-1.9198,-3.7340) path[1]=(-2.4189,-3.4010) t[0]=1.999950 state_vel=(-0.2465,0.1728)
[trajectory_generator_node-6] [Reference] banded solve done. b[0]=-0.005342 b[N]=-0.359646 b2[0]=-0.010969 b2[N]=-0.208738
[trajectory_generator_node-6] [Reference] solvePolyMatrix EXIT: polyX[0]=[0.000563 -0.002671 -0.246457 -1.919844]
[trajectory_generator_node-6] [Reference] solvePolyMatrix ENTER: N=18, path_size=19, trap_time_size=18
[trajectory_generator_node-6] [Reference]   path[0]=(-1.9198,-3.7340) path[1]=(-2.4189,-3.4010) t[0]=1.999950 state_vel=(-0.2465,0.1728)
[trajectory_generator_node-6] [Reference] banded solve done. b[0]=-0.005338 b[N]=-0.300317 b2[0]=-0.010973 b2[N]=-0.174677
[trajectory_generator_node-6] [Reference] solvePolyMatrix EXIT: polyX[0]=[0.000562 -0.002669 -0.246457 -1.919844]
[trajectory_generator_node-6] [INFO] [1790448632.647051897] [trajectory_generation]: FSM published 18 trajectory pieces
[trajectory_tracking_node-8] [WARN] [1790448637.674238911] [trajectory_tracking]: RM_GridMap predicted-path replan requested: collision_samples=0 trajectory_age=5.01
[trajectory_generator_node-6] [Manager REPLAN]  cur position point (X, Y) = (-3.157906, -2.876769), target point (X, Y) = (-3.219000, 2.146000)
[trajectory_generator_node-6] [Manager REPLAN] target_temp (X, Y) = (-3.219000, 2.146000)
[trajectory_generator_node-6] [Manager REPLAN] robot 1.51m from path, full replan
[trajectory_generator_node-6] [Manager] start point, (x, y): (-3.16, -2.88)
[trajectory_generator_node-6] [Manager] receive target, (x, y): (-3.22, 2.15)
[trajectory_generator_node-6] [Topo]: m_graph before num: 1605
[trajectory_generator_node-6] [Topo]: dijkstra time: 0.028384
[trajectory_generator_node-6] [Topo]: topo search time: 0.566047
[trajectory_generator_node-6] [Topo]: m_graph num: 2537
[trajectory_generator_node-6] [DIAG] origin_path (Dijkstra) size: 4
[trajectory_generator_node-6] [DIAG]   origin[0]: (-3.158, -2.877, 0.015)
[trajectory_generator_node-6] [DIAG]   origin[1]: (-5.719, -0.954, 0.051)
[trajectory_generator_node-6] [DIAG]   origin[2]: (-5.919, -0.254, 0.015)
[trajectory_generator_node-6] [DIAG]   origin[3]: (-3.219, 2.146, 0.015)
[trajectory_generator_node-6] [DIAG] lineVisib(start→end DIRECT): false  colli=(-3.17,-1.35)
[trajectory_generator_node-6] [DIAG] direct line: 100 steps, 62 wall cells
[trajectory_generator_node-6] [smoothTopoPath] INPUT size=4
[trajectory_generator_node-6] [smoothTopoPath]   in[0]: (-3.158, -2.877, 0.015)
[trajectory_generator_node-6] [smoothTopoPath]   in[1]: (-5.719, -0.954, 0.051)
[trajectory_generator_node-6] [smoothTopoPath]   in[2]: (-5.919, -0.254, 0.015)
[trajectory_generator_node-6] [smoothTopoPath]   in[3]: (-3.219, 2.146, 0.015)
[trajectory_generator_node-6] [smoothTopoPath] lineVisib(start→end): false  colli=(-3.17,-1.35)
[trajectory_generator_node-6] [smoothTopoPath] OUTPUT size=7, iter_count=6
[trajectory_generator_node-6] [smoothTopoPath]   out[0]: (-3.158, -2.877, 0.015)
[trajectory_generator_node-6] [smoothTopoPath]   out[1]: (-5.947, -1.045, 0.021)
[trajectory_generator_node-6] [smoothTopoPath]   out[2]: (-5.518, -0.918, 0.015)
[trajectory_generator_node-6] [smoothTopoPath]   out[3]: (-5.750, -1.205, 0.092)
[trajectory_generator_node-6] [smoothTopoPath]   out[4]: (-6.073, -0.778, 0.015)
[trajectory_generator_node-6] [smoothTopoPath]   out[5]: (-6.165, -0.123, 0.015)
[trajectory_generator_node-6] [smoothTopoPath]   out[6]: (-3.219, 2.146, 0.015)
[trajectory_generator_node-6] [DIAG] optimized_path (smoothTopoPath) size: 7
[trajectory_generator_node-6] [DIAG]   opt[0]: (-3.158, -2.877, 0.015)
[trajectory_generator_node-6] [DIAG]   opt[1]: (-5.947, -1.045, 0.021)
[trajectory_generator_node-6] [DIAG]   opt[2]: (-5.518, -0.918, 0.015)
[trajectory_generator_node-6] [DIAG]   opt[3]: (-5.750, -1.205, 0.092)
[trajectory_generator_node-6] [DIAG]   opt[4]: (-6.073, -0.778, 0.015)
[trajectory_generator_node-6] [DIAG]   opt[5]: (-6.165, -0.123, 0.015)
[trajectory_generator_node-6] [DIAG]   opt[6]: (-3.219, 2.146, 0.015)
[trajectory_generator_node-6] optimized_path size: 7
[trajectory_generator_node-6] [Manager] reference_speed: (0.30)
[trajectory_generator_node-6] [LBFGS] search direction d:  0.000102875  -4.3794e-05  4.73182e-05 -7.61272e-05  0.000115196 -0.000150664  0.000184687 -0.000323711  0.000955464  -0.00196416  0.000152388  -0.00644404   -0.0113585   0.00666097  -0.00205454  -0.00196095   0.00116783    0.0015004  -0.00424369   0.00475802  0.000513309  4.02313e-05   6.6344e-05 -8.24024e-05  0.000118617 -0.000266797  0.000845171  -0.00645136  0.000288244  8.35905e-05 -3.15294e-05  2.66332e-05 -3.44794e-05  4.27819e-05 -4.49332e-05  3.49987e-05 -2.44687e-05  0.000140332  -0.00107941    0.0045706   0.00523474   0.00714219   0.00170643  -0.00204958 -5.99401e-05    0.0013307   0.00265004  -0.00653796   0.00349569 -7.70767e-05   0.00148178 -0.000600008  0.000147163  1.27846e-05 -5.31156e-05  0.000144627   0.00329319   0.00316983 -0.000195188  5.19317e-05 -1.39239e-05  2.72226e-06  -4.5902e-06  2.84268e-05 -0.000141272  0.000568418   -0.0021347   0.00550825   -0.0156492   -0.0125377   -0.0192523    -0.024634  -0.00141404  -0.00122265   0.00030143   0.00318269   -0.0197909    0.0037059   -0.0116175   0.00376998  -0.00250293  0.000786581  -0.00017593 -0.000218122   0.00108849  -0.00423782   0.00828322   -0.0549864
[trajectory_generator_node-6] [Smooth Optimize] MINCO reaches max evaluations: Line search reaches the maximum try number, assumptions not satisfied or precision not achievable.
[trajectory_generator_node-6] [Smooth Optimize] MINCO: cost=1.7 total_T=31.703(init 29.122) max_drift=0.137 max_vel=0.4 segs=30
[trajectory_generator_node-6] [Smooth Resample] resample
[trajectory_generator_node-6] [Smooth Resample] 31 -> 16 waypoints, 15 time segs, max_turn=136.1 deg
[trajectory_generator_node-6] [Manager] optimizer generate time: 0.007775
[trajectory_generator_node-6] [Reference] path size : 16
[trajectory_generator_node-6] [Reference] solvePolyMatrix ENTER: N=15, path_size=16, trap_time_size=15
[trajectory_generator_node-6] [Reference]   path[0]=(-3.1579,-2.8768) path[1]=(-3.6594,-2.5475) t[0]=2.002948 state_vel=(-0.2473,0.1678)
[trajectory_generator_node-6] [Reference] banded solve done. b[0]=-0.005604 b[N]=-0.215252 b2[0]=-0.005906 b2[N]=-0.158592
[trajectory_generator_node-6] [Reference] solvePolyMatrix EXIT: polyX[0]=[0.000643 -0.002802 -0.247340 -3.157906]
[trajectory_generator_node-6] [INFO] [1790448638.262030005] [trajectory_generation]: FSM published 15 trajectory pieces
[trajectory_tracking_node-8] [WARN] [1790448643.286111682] [trajectory_tracking]: RM_GridMap predicted-path replan requested: collision_samples=0 trajectory_age=5.02
[trajectory_generator_node-6] [Manager REPLAN]  cur position point (X, Y) = (-4.406575, -2.030279), target point (X, Y) = (-3.219000, 2.146000)
[trajectory_generator_node-6] [Manager REPLAN] target_temp (X, Y) = (-3.219000, 2.146000)
[trajectory_generator_node-6] [Manager REPLAN] robot 1.51m from path, full replan
[trajectory_generator_node-6] [Manager] start point, (x, y): (-4.41, -2.03)
[trajectory_generator_node-6] [Manager] receive target, (x, y): (-3.22, 2.15)
[trajectory_generator_node-6] [Topo]: m_graph before num: 1605
[trajectory_generator_node-6] [Topo]: dijkstra time: 0.013992
[trajectory_generator_node-6] [Topo]: topo search time: 0.463696
[trajectory_generator_node-6] [Topo]: m_graph num: 2541
[trajectory_generator_node-6] [DIAG] origin_path (Dijkstra) size: 4
[trajectory_generator_node-6] [DIAG]   origin[0]: (-4.407, -2.030, 0.015)
[trajectory_generator_node-6] [DIAG]   origin[1]: (-5.919, -0.604, 0.015)
[trajectory_generator_node-6] [DIAG]   origin[2]: (-5.769, -0.054, 0.015)
[trajectory_generator_node-6] [DIAG]   origin[3]: (-3.219, 2.146, 0.015)
[trajectory_generator_node-6] [DIAG] lineVisib(start→end DIRECT): false  colli=(-4.07,-0.85)
[trajectory_generator_node-6] [DIAG] direct line: 86 steps, 50 wall cells
[trajectory_generator_node-6] [smoothTopoPath] INPUT size=4
[trajectory_generator_node-6] [smoothTopoPath]   in[0]: (-4.407, -2.030, 0.015)
[trajectory_generator_node-6] [smoothTopoPath]   in[1]: (-5.919, -0.604, 0.015)
[trajectory_generator_node-6] [smoothTopoPath]   in[2]: (-5.769, -0.054, 0.015)
[trajectory_generator_node-6] [smoothTopoPath]   in[3]: (-3.219, 2.146, 0.015)
[trajectory_generator_node-6] [smoothTopoPath] lineVisib(start→end): false  colli=(-4.07,-0.85)
[trajectory_generator_node-6] [smoothTopoPath] OUTPUT size=10, iter_count=9
[trajectory_generator_node-6] [smoothTopoPath]   out[0]: (-4.407, -2.030, 0.015)
[trajectory_generator_node-6] [smoothTopoPath]   out[1]: (-5.740, -1.185, 0.015)
[trajectory_generator_node-6] [smoothTopoPath]   out[2]: (-6.196, -0.632, 0.015)
[trajectory_generator_node-6] [smoothTopoPath]   out[3]: (-5.779, -0.785, 0.015)
[trajectory_generator_node-6] [smoothTopoPath]   out[4]: (-6.168, -0.701, 0.015)
[trajectory_generator_node-6] [smoothTopoPath]   out[5]: (-5.720, -0.753, 0.015)
[trajectory_generator_node-6] [smoothTopoPath]   out[6]: (-6.124, -0.762, 0.015)
[trajectory_generator_node-6] [smoothTopoPath]   out[7]: (-6.114, -0.305, 0.015)
[trajectory_generator_node-6] [smoothTopoPath]   out[8]: (-5.764, 0.346, 0.015)
[trajectory_generator_node-6] [smoothTopoPath]   out[9]: (-3.219, 2.146, 0.015)
[trajectory_generator_node-6] [DIAG] optimized_path (smoothTopoPath) size: 10
[trajectory_generator_node-6] [DIAG]   opt[0]: (-4.407, -2.030, 0.015)
[trajectory_generator_node-6] [DIAG]   opt[1]: (-5.740, -1.185, 0.015)
[trajectory_generator_node-6] [DIAG]   opt[2]: (-6.196, -0.632, 0.015)
[trajectory_generator_node-6] [DIAG]   opt[3]: (-5.779, -0.785, 0.015)
[trajectory_generator_node-6] [DIAG]   opt[4]: (-6.168, -0.701, 0.015)
[trajectory_generator_node-6] [DIAG]   opt[5]: (-5.720, -0.753, 0.015)
[trajectory_generator_node-6] [DIAG]   opt[6]: (-6.124, -0.762, 0.015)
[trajectory_generator_node-6] [DIAG]   opt[7]: (-6.114, -0.305, 0.015)
[trajectory_generator_node-6] [DIAG]   opt[8]: (-5.764, 0.346, 0.015)
[trajectory_generator_node-6] [DIAG]   opt[9]: (-3.219, 2.146, 0.015)
[trajectory_generator_node-6] optimized_path size: 10
[trajectory_generator_node-6] [Manager] reference_speed: (0.30)
[trajectory_generator_node-6] [LBFGS] search direction d:  5.47281e-05 -0.000108581  0.000132181 -0.000121515  0.000165297 -0.000175844   0.00193282  0.000501744   0.00203449 -0.000538919  5.06671e-05   0.00317344  -3.5138e-05   0.00176114  0.000364427  0.000113036   -0.0064905   0.00153337  -0.00061576  0.000138465   3.7998e-05 -0.000153994  0.000310261 -0.000509719  0.000509284   -0.0011544  -0.00269882 -0.000267291  0.000184959 -0.000210673  0.000170508  0.000216732 -0.000222447  -0.00199805   0.00192992  -0.00100277   0.00267851   0.00406025 -0.000263089 -0.000988737   0.00489094  0.000320893  0.000523157   0.00181289   0.00150452 -0.000455333  6.87115e-05  6.37406e-05 -0.000155409  0.000383609 -0.000979558   0.00219136  -0.00199955  -0.00178699 -1.18771e-05 -8.00001e-06  3.94405e-05 -0.000108958  0.000348658 -0.000436699 -0.000565906   0.00429513    0.0184103    0.0160455  0.000748555    0.0149193   0.00937694  0.000921202  -0.00227228   0.00662384 -0.000480656   0.00278094 -0.000818326  0.000258888 -6.28812e-05  2.53375e-05  -2.5143e-05  6.47556e-05 -0.000145906  0.000987357  -0.00190502    0.0319194
[trajectory_generator_node-6] [Smooth Optimize] MINCO reaches max evaluations: Line search reaches the maximum try number, assumptions not satisfied or precision not achievable.
[trajectory_generator_node-6] [Smooth Optimize] MINCO: cost=3.3 total_T=27.464(init 25.534) max_drift=0.186 max_vel=0.5 segs=28
[trajectory_generator_node-6] [Smooth Resample] resample
[trajectory_generator_node-6] [Smooth Resample] 29 -> 15 waypoints, 14 time segs, max_turn=174.3 deg
[trajectory_generator_node-6] [Manager] optimizer generate time: 0.011101
[trajectory_generator_node-6] [Reference] path size : 15
[trajectory_generator_node-6] [Reference] solvePolyMatrix ENTER: N=14, path_size=15, trap_time_size=14
[trajectory_generator_node-6] [Reference]   path[0]=(-4.4066,-2.0303) path[1]=(-4.9130,-1.7103) t[0]=1.999563 state_vel=(-0.2504,0.1668)
[trajectory_generator_node-6] [Reference] banded solve done. b[0]=-0.004376 b[N]=-0.260613 b2[0]=-0.012237 b2[N]=-0.165754
[trajectory_generator_node-6] [Reference] solvePolyMatrix EXIT: polyX[0]=[0.000377 -0.002188 -0.250396 -4.406575]
[trajectory_generator_node-6] [Reference] solvePolyMatrix ENTER: N=14, path_size=15, trap_time_size=14
[trajectory_generator_node-6] [Reference]   path[0]=(-4.4066,-2.0303) path[1]=(-4.9130,-1.7103) t[0]=1.999563 state_vel=(-0.2504,0.1668)
[trajectory_generator_node-6] [Reference] banded solve done. b[0]=-0.004385 b[N]=-0.260598 b2[0]=-0.012114 b2[N]=-0.165729
[trajectory_generator_node-6] [Reference] solvePolyMatrix EXIT: polyX[0]=[0.000379 -0.002192 -0.250396 -4.406575]
[trajectory_generator_node-6] [INFO] [1790448643.778238735] [trajectory_generation]: FSM published 14 trajectory pieces
[trajectory_tracking_node-8] [WARN] [1790448648.814765062] [trajectory_tracking]: RM_GridMap predicted-path replan requested: collision_samples=0 trajectory_age=5.02
[trajectory_generator_node-6] [Manager REPLAN]  cur position point (X, Y) = (-5.656034, -1.225716), target point (X, Y) = (-3.219000, 2.146000)
[trajectory_generator_node-6] [Manager REPLAN] target_temp (X, Y) = (-3.219000, 2.146000)
[trajectory_generator_node-6] [Manager REPLAN] path safe & target unchanged, re-anchoring from cur pos
[trajectory_generator_node-6] [LBFGS] search direction d: -0.000638751 -0.000500151 -0.000175434 -0.000818382  0.000283716  0.000844849  9.20873e-05  0.000524927 -0.000668787 -0.000700804 -0.000298188  0.000530856 -0.000353486  7.48496e-05 -5.52123e-06 -1.51795e-05  3.32241e-05 -5.95954e-05  8.55508e-05 -5.01467e-05  0.000469469   0.00102305  0.000766658  -0.00126444    0.0010992   0.00027771 -1.12649e-05 -0.000750833 -0.000720519  0.000524049   -0.0013191  0.000344282  0.000392683  0.000938908  -0.00029715  0.000153526 -4.06151e-05 -3.43805e-06  2.82576e-05 -6.93895e-05  0.000167259  -0.00036381 -0.000178598   0.00125887 -0.000128602 -4.25637e-05  0.000514898   0.00214695   0.00190506  5.80416e-05   0.00188385   0.00114007  0.000148033 -0.000277741   0.00111008  -5.3591e-05  0.000320291 -9.64963e-05  3.53668e-05 -9.72927e-06  1.23374e-06  2.07175e-06   -2.136e-07 -1.50873e-05  0.000127155 -0.000251021   0.00401299
[trajectory_generator_node-6] [Smooth Optimize] MINCO reaches max evaluations: Line search reaches the maximum try number, assumptions not satisfied or precision not achievable.
[trajectory_generator_node-6] [Smooth Optimize] MINCO: cost=3.9 total_T=20.695(init 20.544) max_drift=0.193 max_vel=0.5 segs=23
[trajectory_generator_node-6] [Smooth Resample] resample
[trajectory_generator_node-6] [Smooth Resample] 24 -> 13 waypoints, 12 time segs, max_turn=176.7 deg
[trajectory_generator_node-6] [Reference] path size : 13
[trajectory_generator_node-6] [Reference] solvePolyMatrix ENTER: N=12, path_size=13, trap_time_size=12
[trajectory_generator_node-6] [Reference]   path[0]=(-5.6560,-1.2257) path[1]=(-6.0867,-0.7619) t[0]=1.999212 state_vel=(-0.2399,0.1775)
[trajectory_generator_node-6] [Reference] banded solve done. b[0]=-0.169429 b[N]=-0.943286 b2[0]=0.276616 b2[N]=-0.252504
[trajectory_generator_node-6] [Reference] solvePolyMatrix EXIT: polyX[0]=[0.048498 -0.084715 -0.239887 -5.656034]
[trajectory_generator_node-6] [Reference] solvePolyMatrix ENTER: N=12, path_size=13, trap_time_size=12
[trajectory_generator_node-6] [Reference]   path[0]=(-5.6560,-1.2257) path[1]=(-6.0867,-0.7619) t[0]=2.199134 state_vel=(-0.2399,0.1775)
[trajectory_generator_node-6] [Reference] banded solve done. b[0]=-0.104799 b[N]=-0.783563 b2[0]=0.202471 b2[N]=-0.210829
[trajectory_generator_node-6] [Reference] solvePolyMatrix EXIT: polyX[0]=[0.032938 -0.052399 -0.239887 -5.656034]
[trajectory_generator_node-6] [Reference] solvePolyMatrix ENTER: N=12, path_size=13, trap_time_size=12
[trajectory_generator_node-6] [Reference]   path[0]=(-5.6560,-1.2257) path[1]=(-6.0867,-0.7619) t[0]=2.419047 state_vel=(-0.2399,0.1775)
[trajectory_generator_node-6] [Reference] banded solve done. b[0]=-0.054616 b[N]=-0.651489 b2[0]=0.143853 b2[N]=-0.176443
[trajectory_generator_node-6] [Reference] solvePolyMatrix EXIT: polyX[0]=[0.021861 -0.027308 -0.239887 -5.656034]
[trajectory_generator_node-6] [Reference] solvePolyMatrix ENTER: N=12, path_size=13, trap_time_size=12
[trajectory_generator_node-6] [Reference]   path[0]=(-5.6560,-1.2257) path[1]=(-6.0867,-0.7619) t[0]=2.660952 state_vel=(-0.2399,0.1775)
[trajectory_generator_node-6] [Reference] banded solve done. b[0]=-0.016051 b[N]=-0.542233 b2[0]=0.097547 b2[N]=-0.148046
[trajectory_generator_node-6] [Reference] solvePolyMatrix EXIT: polyX[0]=[0.014039 -0.008026 -0.239887 -5.656034]
[trajectory_generator_node-6] [Reference] solvePolyMatrix ENTER: N=12, path_size=13, trap_time_size=12
[trajectory_generator_node-6] [Reference]   path[0]=(-5.6560,-1.2257) path[1]=(-6.0867,-0.7619) t[0]=2.660952 state_vel=(-0.2399,0.1775)
[trajectory_generator_node-6] [Reference] banded solve done. b[0]=-0.016051 b[N]=-0.451807 b2[0]=0.097547 b2[N]=-0.124564
[trajectory_generator_node-6] [Reference] solvePolyMatrix EXIT: polyX[0]=[0.014039 -0.008026 -0.239887 -5.656034]
[trajectory_generator_node-6] [Reference] solvePolyMatrix ENTER: N=12, path_size=13, trap_time_size=12
[trajectory_generator_node-6] [Reference]   path[0]=(-5.6560,-1.2257) path[1]=(-6.0867,-0.7619) t[0]=2.660952 state_vel=(-0.2399,0.1775)
[trajectory_generator_node-6] [Reference] banded solve done. b[0]=-0.016051 b[N]=-0.376923 b2[0]=0.097547 b2[N]=-0.105118
[trajectory_generator_node-6] [Reference] solvePolyMatrix EXIT: polyX[0]=[0.014039 -0.008026 -0.239887 -5.656034]
[trajectory_generator_node-6] [Reference] solvePolyMatrix ENTER: N=12, path_size=13, trap_time_size=12
[trajectory_generator_node-6] [Reference]   path[0]=(-5.6560,-1.2257) path[1]=(-6.0867,-0.7619) t[0]=2.660952 state_vel=(-0.2399,0.1775)
[trajectory_generator_node-6] [Reference] banded solve done. b[0]=-0.016051 b[N]=-0.314869 b2[0]=0.097547 b2[N]=-0.088985
[trajectory_generator_node-6] [Reference] solvePolyMatrix EXIT: polyX[0]=[0.014039 -0.008026 -0.239887 -5.656034]
[trajectory_generator_node-6] [INFO] [1790448648.860276249] [trajectory_generation]: FSM published 12 trajectory pieces
[trajectory_tracking_node-8] [WARN] [1790448653.904769676] [trajectory_tracking]: RM_GridMap predicted-path replan requested: collision_samples=0 trajectory_age=5.02
[trajectory_generator_node-6] [Manager REPLAN]  cur position point (X, Y) = (-5.988280, -0.821841), target point (X, Y) = (-3.219000, 2.146000)
[trajectory_generator_node-6] [Manager REPLAN] target_temp (X, Y) = (-3.219000, 2.146000)
[trajectory_generator_node-6] [Manager REPLAN] path safe & target unchanged, re-anchoring from cur pos
[trajectory_generator_node-6] [LBFGS] search direction d: -0.000744665  0.000122943 -0.000282444    0.0012048   0.00146585 -0.000120198  2.53582e-05  3.19022e-05 -8.91383e-05  0.000171387 -0.000285481  0.000354117  -0.00502835 -0.000171335   0.00406474  0.000333672 -0.000152739  -0.00173971  -0.00117102  -0.00013859  2.53155e-05  3.13117e-05 -8.75834e-05  0.000194777 -0.000424739   0.00088206   0.00312372  0.000183612    0.0190086  -0.00285705    0.0145523 -0.000444475   0.00264566 -0.000819981  0.000265096 -6.86774e-05  2.29145e-05 -1.12679e-05  4.12089e-05 -7.28585e-05  0.000970786 -0.000940192     0.033537
[trajectory_generator_node-6] [Smooth Optimize] MINCO reaches max evaluations: Line search reaches the maximum try number, assumptions not satisfied or precision not achievable.
[trajectory_generator_node-6] [Smooth Optimize] MINCO: cost=1.9 total_T=16.563(init 14.563) max_drift=0.148 max_vel=0.4 segs=15
[trajectory_generator_node-6] [Smooth Resample] resample
[trajectory_generator_node-6] [Smooth Resample] 16 -> 9 waypoints, 8 time segs, max_turn=37.3 deg
[trajectory_generator_node-6] [Reference] path size : 9
[trajectory_generator_node-6] [Reference] solvePolyMatrix ENTER: N=8, path_size=9, trap_time_size=8
[trajectory_generator_node-6] [Reference]   path[0]=(-5.9883,-0.8218) path[1]=(-6.0816,-0.3003) t[0]=2.524707 state_vel=(-0.1120,0.0688)
[trajectory_generator_node-6] [Reference] banded solve done. b[0]=0.055814 b[N]=-0.226541 b2[0]=0.174896 b2[N]=-0.045887
[trajectory_generator_node-6] [Reference] solvePolyMatrix EXIT: polyX[0]=[0.000713 0.027907 -0.111984 -5.988280]
[trajectory_generator_node-6] [INFO] [1790448653.920438423] [trajectory_generation]: FSM published 8 trajectory pieces
[trajectory_tracking_node-8] [WARN] [1790448658.958362716] [trajectory_tracking]: RM_GridMap predicted-path replan requested: collision_samples=0 trajectory_age=5.03
[trajectory_generator_node-6] [Manager REPLAN]  cur position point (X, Y) = (-5.755191, 0.294476), target point (X, Y) = (-3.219000, 2.146000)
[trajectory_generator_node-6] [Manager REPLAN] target_temp (X, Y) = (-3.219000, 2.146000)
[trajectory_generator_node-6] [Manager REPLAN] path safe & target unchanged, re-anchoring from cur pos
[trajectory_generator_node-6] [LBFGS] search direction d:  -0.00019642  3.55177e-05 -6.24087e-05   0.00010207 -0.000129397  0.000134993 -7.21078e-05 -0.000137765  0.000102228  0.000226169 -0.000127078  0.000153368 -0.000154933  0.000120917 -6.84247e-05  3.52684e-05 -9.56821e-05  8.16103e-05 -0.000172105  5.44784e-05 -2.25613e-05  3.55493e-06  5.89053e-07 -1.58031e-05  4.77617e-05 -0.000158562  0.000304857  -0.00147591
[trajectory_generator_node-6] [Smooth Optimize] MINCO reaches max evaluations: Line search reaches the maximum try number, assumptions not satisfied or precision not achievable.
[trajectory_generator_node-6] [Smooth Optimize] MINCO: cost=0.0 total_T=10.983(init 10.467) max_drift=0.024 max_vel=0.3 segs=10
[trajectory_generator_node-6] [Smooth Resample] resample
[trajectory_generator_node-6] [Smooth Resample] 11 -> 6 waypoints, 5 time segs, max_turn=0.2 deg
[trajectory_generator_node-6] [Reference] path size : 6
[trajectory_generator_node-6] [Reference] solvePolyMatrix ENTER: N=5, path_size=6, trap_time_size=5
[trajectory_generator_node-6] [Reference]   path[0]=(-5.7552,0.2945) path[1]=(-5.2716,0.6493) t[0]=2.044735 state_vel=(0.1936,0.2109)
[trajectory_generator_node-6] [Reference] banded solve done. b[0]=0.071006 b[N]=-0.244704 b2[0]=-0.064140 b2[N]=-0.177562
[trajectory_generator_node-6] [Reference] solvePolyMatrix EXIT: polyX[0]=[-0.007099 0.035503 0.193605 -5.755191]
[trajectory_generator_node-6] [INFO] [1790448658.995436545] [trajectory_generation]: FSM published 5 trajectory pieces
[trajectory_tracking_node-8] [WARN] [1790448664.008706441] [trajectory_tracking]: RM_GridMap predicted-path replan requested: collision_samples=0 trajectory_age=5.01
[trajectory_generator_node-6] [Manager REPLAN]  cur position point (X, Y) = (-4.568911, 1.185355), target point (X, Y) = (-3.219000, 2.146000)
[trajectory_generator_node-6] [Manager REPLAN] target_temp (X, Y) = (-3.219000, 2.146000)
[trajectory_generator_node-6] [Manager REPLAN] robot 1.48m from path, full replan
[trajectory_generator_node-6] [Manager] start point, (x, y): (-4.57, 1.19)
[trajectory_generator_node-6] [Manager] receive target, (x, y): (-3.22, 2.15)
[trajectory_generator_node-6] [Topo]: m_graph before num: 1605
[trajectory_generator_node-6] [Topo]: dijkstra time: 0.029195
[trajectory_generator_node-6] [Topo]: topo search time: 0.530964
[trajectory_generator_node-6] [Topo]: m_graph num: 2542
[trajectory_generator_node-6] [DIAG] origin_path (Dijkstra) size: 2
[trajectory_generator_node-6] [DIAG]   origin[0]: (-4.569, 1.185, 0.015)
[trajectory_generator_node-6] [DIAG]   origin[1]: (-3.219, 2.146, 0.015)
[trajectory_generator_node-6] [DIAG] lineVisib(start→end DIRECT): TRUE(!!)  colli=(-4.57,1.19)
[trajectory_generator_node-6] [DIAG] direct line: 33 steps, 0 wall cells
[trajectory_generator_node-6] [smoothTopoPath] INPUT size=2
[trajectory_generator_node-6] [smoothTopoPath]   in[0]: (-4.569, 1.185, 0.015)
[trajectory_generator_node-6] [smoothTopoPath]   in[1]: (-3.219, 2.146, 0.015)
[trajectory_generator_node-6] [smoothTopoPath] lineVisib(start→end): TRUE(!)  colli=(0.00,0.00)
[trajectory_generator_node-6] [smoothTopoPath] OUTPUT size=2, iter_count=1
[trajectory_generator_node-6] [smoothTopoPath]   out[0]: (-4.569, 1.185, 0.015)
[trajectory_generator_node-6] [smoothTopoPath]   out[1]: (-3.219, 2.146, 0.015)
[trajectory_generator_node-6] [DIAG] optimized_path (smoothTopoPath) size: 2
[trajectory_generator_node-6] [DIAG]   opt[0]: (-4.569, 1.185, 0.015)
[trajectory_generator_node-6] [DIAG]   opt[1]: (-3.219, 2.146, 0.015)
[trajectory_generator_node-6] [Manager] reference_speed: (0.30)
[trajectory_generator_node-6] optimized_path size: 2
[trajectory_generator_node-6] [LBFGS] search direction d:  0.000314503  0.000202875  -0.00110758 -0.000472674  0.000715773  0.000509758   0.00026429  0.000373333 -0.000517652   0.00064562   0.00111354 -0.000821388   0.00535472   0.00666719    0.0359573     0.744351
[trajectory_generator_node-6] [Smooth Optimize] MINCO reaches max evaluations: Line search reaches the maximum try number, assumptions not satisfied or precision not achievable.
[trajectory_generator_node-6] [Smooth Optimize] MINCO: cost=0.0 total_T=7.124(init 5.523) max_drift=0.042 max_vel=0.3 segs=6
[trajectory_generator_node-6] [Smooth Resample] resample
[trajectory_generator_node-6] [Smooth Resample] 7 -> 4 waypoints, 3 time segs, max_turn=4.0 deg
[trajectory_generator_node-6] [Manager] optimizer generate time: 0.008051
[trajectory_generator_node-6] [Reference] path size : 4
[trajectory_generator_node-6] [Reference] solvePolyMatrix ENTER: N=3, path_size=4, trap_time_size=3
[trajectory_generator_node-6] [Reference]   path[0]=(-4.5689,1.1854) path[1]=(-4.0795,1.5330) t[0]=2.001199 state_vel=(0.2391,0.1803)
[trajectory_generator_node-6] [Reference] banded solve done. b[0]=0.008716 b[N]=-0.103920 b2[0]=-0.019243 b2[N]=-0.057407
[trajectory_generator_node-6] [Reference] solvePolyMatrix EXIT: polyX[0]=[-0.000825 0.004358 0.239128 -4.568911]
[trajectory_generator_node-6] [INFO] [1790448664.567020428] [trajectory_generation]: FSM published 3 trajectory pieces
[trajectory_tracking_node-8] [WARN] [1790448669.588158450] [trajectory_tracking]: RM_GridMap predicted-path replan requested: collision_samples=0 trajectory_age=5.01
[trajectory_generator_node-6] [Manager REPLAN]  cur position point (X, Y) = (-3.442437, 2.039614), target point (X, Y) = (-3.219000, 2.146000)
[trajectory_generator_node-6] [Manager REPLAN] target_temp (X, Y) = (-3.219000, 2.146000)
[trajectory_generator_node-6] [Manager REPLAN] path safe & target unchanged, re-anchoring from cur pos
[trajectory_generator_node-6] [Smooth Path] path.size()<3, No need to optimize
[trajectory_generator_node-6] [Smooth Path] path.size()<3, No need to optimize
[trajectory_generator_node-6] [Smooth Resample] resample
[trajectory_generator_node-6] [Smooth Resample] path too short (2 pts), keeping all
[trajectory_generator_node-6] [Reference] path size : 2
[trajectory_generator_node-6] [Reference] path_length: 0.247471
[trajectory_generator_node-6] [Reference] solvePolyMatrix ENTER: N=1, path_size=2, trap_time_size=1
[trajectory_generator_node-6] [Reference]   path[0]=(-3.4424,2.0396) path[1]=(-3.2190,2.1460) t[0]=1.000000 state_vel=(0.1606,0.1077)
[trajectory_generator_node-6] [Reference] banded solve done. b[0]=0.698339 b[N]=-1.019480 b2[0]=0.207692 b2[N]=-0.423006
[trajectory_generator_node-6] [Reference] solvePolyMatrix EXIT: polyX[0]=[-0.286303 0.349170 0.160570 -3.442437]
[trajectory_generator_node-6] [Reference] solvePolyMatrix ENTER: N=1, path_size=2, trap_time_size=1
[trajectory_generator_node-6] [Reference]   path[0]=(-3.4424,2.0396) path[1]=(-3.2190,2.1460) t[0]=1.100000 state_vel=(0.1606,0.1077)
[trajectory_generator_node-6] [Reference] banded solve done. b[0]=0.524059 b[N]=-0.816005 b2[0]=0.136058 b2[N]=-0.331797
[trajectory_generator_node-6] [Reference] solvePolyMatrix EXIT: polyX[0]=[-0.203040 0.262029 0.160570 -3.442437]
[trajectory_generator_node-6] [Reference] solvePolyMatrix ENTER: N=1, path_size=2, trap_time_size=1
[trajectory_generator_node-6] [Reference]   path[0]=(-3.4424,2.0396) path[1]=(-3.2190,2.1460) t[0]=1.210000 state_vel=(0.1606,0.1077)
[trajectory_generator_node-6] [Reference] banded solve done. b[0]=0.384851 b[N]=-0.650256 b2[0]=0.080091 b2[N]=-0.258036
[trajectory_generator_node-6] [Reference] solvePolyMatrix EXIT: polyX[0]=[-0.142577 0.192425 0.160570 -3.442437]
[trajectory_generator_node-6] [Reference] solvePolyMatrix ENTER: N=1, path_size=2, trap_time_size=1
[trajectory_generator_node-6] [Reference]   path[0]=(-3.4424,2.0396) path[1]=(-3.2190,2.1460) t[0]=1.331000 state_vel=(0.1606,0.1077)
[trajectory_generator_node-6] [Reference] banded solve done. b[0]=0.274190 b[N]=-0.515468 b2[0]=0.036778 b2[N]=-0.198546
[trajectory_generator_node-6] [Reference] solvePolyMatrix EXIT: polyX[0]=[-0.098880 0.137095 0.160570 -3.442437]
[trajectory_generator_node-6] [Reference] solvePolyMatrix ENTER: N=1, path_size=2, trap_time_size=1
[trajectory_generator_node-6] [Reference]   path[0]=(-3.4424,2.0396) path[1]=(-3.2190,2.1460) t[0]=1.464100 state_vel=(0.1606,0.1077)
[trajectory_generator_node-6] [Reference] banded solve done. b[0]=0.186723 b[N]=-0.406066 b2[0]=0.003657 b2[N]=-0.150719
[trajectory_generator_node-6] [Reference] solvePolyMatrix EXIT: polyX[0]=[-0.067480 0.093361 0.160570 -3.442437]
[trajectory_generator_node-6] [Reference] solvePolyMatrix ENTER: N=1, path_size=2, trap_time_size=1
[trajectory_generator_node-6] [Reference]   path[0]=(-3.4424,2.0396) path[1]=(-3.2190,2.1460) t[0]=1.610510 state_vel=(0.1606,0.1077)
[trajectory_generator_node-6] [Reference] banded solve done. b[0]=0.118061 b[N]=-0.317464 b2[0]=-0.021286 b2[N]=-0.112407
[trajectory_generator_node-6] [Reference] solvePolyMatrix EXIT: polyX[0]=[-0.045071 0.059031 0.160570 -3.442437]
[trajectory_generator_node-6] [INFO] [1790448669.605670584] [trajectory_generation]: FSM published 1 trajectory pieces
[trajectory_tracking_node-8] [WARN] [1790448670.991991013] [trajectory_tracking]: trajectory tracking stopped: invalid coefficient array length
[trajectory_tracking_node-8] [WARN] [1790448673.089652410] [trajectory_tracking]: trajectory tracking stopped: no valid trajectory
[trajectory_generator_node-6] [INFO] [1790448674.317273044] [trajectory_generation]: FSM accepted manual goal goal=(-3.22, 2.15, 0.02)
[trajectory_generator_node-6] [Manager] start point, (x, y): (-0.92, -4.45)
[trajectory_generator_node-6] [Manager] receive target, (x, y): (-3.22, 2.15)
[trajectory_generator_node-6] [Topo]: m_graph before num: 1605
[trajectory_generator_node-6] [Topo]: dijkstra time: 0.018303
[trajectory_generator_node-6] [Topo]: topo search time: 0.409976
[trajectory_generator_node-6] [Topo]: m_graph num: 2541
[trajectory_generator_node-6] [DIAG] origin_path (Dijkstra) size: 3
[trajectory_generator_node-6] [DIAG]   origin[0]: (-0.919, -4.454, 0.015)
[trajectory_generator_node-6] [DIAG]   origin[1]: (-6.269, -0.554, 0.015)
[trajectory_generator_node-6] [DIAG]   origin[2]: (-3.219, 2.146, 0.015)
[trajectory_generator_node-6] [DIAG] lineVisib(start→end DIRECT): false  colli=(-1.52,-2.75)
[trajectory_generator_node-6] [DIAG] direct line: 139 steps, 98 wall cells
[trajectory_generator_node-6] [smoothTopoPath] INPUT size=3
[trajectory_generator_node-6] [smoothTopoPath]   in[0]: (-0.919, -4.454, 0.015)
[trajectory_generator_node-6] [smoothTopoPath]   in[1]: (-6.269, -0.554, 0.015)
[trajectory_generator_node-6] [smoothTopoPath]   in[2]: (-3.219, 2.146, 0.015)
[trajectory_generator_node-6] [smoothTopoPath] lineVisib(start→end): false  colli=(-1.52,-2.75)
[trajectory_generator_node-6] [smoothTopoPath] OUTPUT size=4, iter_count=3
[trajectory_generator_node-6] [smoothTopoPath]   out[0]: (-0.919, -4.454, 0.015)
[trajectory_generator_node-6] [smoothTopoPath]   out[1]: (-6.374, -0.727, 0.015)
[trajectory_generator_node-6] [smoothTopoPath]   out[2]: (-6.073, 0.018, 0.015)
[trajectory_generator_node-6] [smoothTopoPath]   out[3]: (-3.219, 2.146, 0.015)
[trajectory_generator_node-6] [DIAG] optimized_path (smoothTopoPath) size: 4
[trajectory_generator_node-6] [DIAG]   opt[0]: (-0.919, -4.454, 0.015)
[trajectory_generator_node-6] [DIAG]   opt[1]: (-6.374, -0.727, 0.015)
[trajectory_generator_node-6] [DIAG]   opt[2]: (-6.073, 0.018, 0.015)
[trajectory_generator_node-6] [DIAG]   opt[3]: (-3.219, 2.146, 0.015)
[trajectory_generator_node-6] optimized_path size: 4
[trajectory_generator_node-6] [Manager] reference_speed: (0.30)
[trajectory_generator_node-6] [LBFGS] search direction d: -0.000130079  0.000395384 -0.000205583 -3.42286e-05  0.000131416 -0.000142127  0.000108761 -6.91499e-05  3.80828e-05 -1.76209e-05  4.71639e-06  4.74339e-06 -1.42591e-05  2.56937e-05 -3.75721e-05  4.20989e-05 -2.19822e-05 -4.70228e-05   0.00017482 -0.000322135  0.000417389 -0.000117527 -0.000246515  -5.7301e-05  9.07054e-05 -0.000346209  3.25411e-05 -0.000232079   0.00013927 -6.16148e-05 -5.01318e-07  8.30769e-05 -0.000205309  0.000116839 -0.000178849  0.000589032  7.33031e-05  -0.00024766  0.000111771  2.59993e-05  -0.00011797  0.000117854 -8.66529e-05  5.30236e-05 -2.80847e-05  1.30125e-05 -5.28146e-06  2.07367e-06 -1.44458e-06  2.38094e-06  -4.3989e-06  6.81334e-06 -7.55286e-06  1.81673e-06   1.8967e-05  -6.7124e-05  0.000159084  0.000181708 -0.000325652 -9.84133e-05  0.000106378 -0.000154583  0.000119769 -0.000188421  0.000143326  -6.7347e-05 -3.14316e-05  0.000124065 -0.000128047  0.000105492  2.68979e-05  0.000528114    0.0526067  -0.00687421   0.00275135 -0.000545916  0.000149516 -3.04932e-05  1.34544e-05  -5.1357e-06   3.6833e-06 -2.04216e-06  1.09353e-06  -3.3874e-07 -1.55863e-07   4.8316e-07  -5.9197e-07  1.62427e-06 -8.34975e-06  5.08716e-05 -0.000231791  0.000975321  -0.00284805    0.0083892   0.00645327  -0.00291219   0.00782179  -0.00310222   0.00447023  -0.00124744  0.000650783 -0.000140142  3.24301e-05  3.06471e-05  -4.3604e-05  0.000378168   0.00165793   0.00112624      0.10296
[trajectory_generator_node-6] [Smooth Optimize] MINCO reaches max evaluations: Line search reaches the maximum try number, assumptions not satisfied or precision not achievable.
[trajectory_generator_node-6] [Smooth Optimize] MINCO: cost=0.7 total_T=39.391(init 36.522) max_drift=0.104 max_vel=0.4 segs=37
[trajectory_generator_node-6] [Smooth Resample] resample
[trajectory_generator_node-6] [Smooth Resample] 38 -> 20 waypoints, 19 time segs, max_turn=82.5 deg
[trajectory_generator_node-6] [Manager] optimizer generate time: 0.004672
[trajectory_generator_node-6] [Reference] path size : 20
[trajectory_generator_node-6] [Reference] solvePolyMatrix ENTER: N=19, path_size=20, trap_time_size=19
[trajectory_generator_node-6] [Reference]   path[0]=(-0.9190,-4.4540) path[1]=(-1.4107,-4.1181) t[0]=2.847697 state_vel=(0.0000,0.0000)
[trajectory_generator_node-6] [Reference] banded solve done. b[0]=-0.189249 b[N]=-0.091369 b2[0]=0.128508 b2[N]=0.011785
[trajectory_generator_node-6] [Reference] solvePolyMatrix EXIT: polyX[0]=[0.011938 -0.094624 -0.000000 -0.919000]
[trajectory_generator_node-6] [INFO] [1790448674.764144710] [trajectory_generation]: FSM published 19 trajectory pieces
[trajectory_tracking_node-8] [WARN] [1790448679.791454651] [trajectory_tracking]: RM_GridMap predicted-path replan requested: collision_samples=0 trajectory_age=5.01
[trajectory_generator_node-6] [Manager REPLAN]  cur position point (X, Y) = (-1.920191, -3.734087), target point (X, Y) = (-3.219000, 2.146000)
[trajectory_generator_node-6] [Manager REPLAN] target_temp (X, Y) = (-3.219000, 2.146000)
[trajectory_generator_node-6] [Manager REPLAN] robot 1.23m from path, full replan
[trajectory_generator_node-6] [Manager] start point, (x, y): (-1.92, -3.73)
[trajectory_generator_node-6] [Manager] receive target, (x, y): (-3.22, 2.15)
[trajectory_generator_node-6] [Topo]: m_graph before num: 1605
[trajectory_generator_node-6] [Topo]: dijkstra time: 0.012447
[trajectory_generator_node-6] [Topo]: topo search time: 0.698377
[trajectory_generator_node-6] [Topo]: m_graph num: 2548
[trajectory_generator_node-6] [DIAG] origin_path (Dijkstra) size: 4
[trajectory_generator_node-6] [DIAG]   origin[0]: (-1.920, -3.734, 0.015)
[trajectory_generator_node-6] [DIAG]   origin[1]: (-5.719, -1.304, 0.015)
[trajectory_generator_node-6] [DIAG]   origin[2]: (-5.919, -0.254, 0.015)
[trajectory_generator_node-6] [DIAG]   origin[3]: (-3.219, 2.146, 0.015)
[trajectory_generator_node-6] [DIAG] lineVisib(start→end DIRECT): false  colli=(-2.37,-1.75)
[trajectory_generator_node-6] [DIAG] direct line: 120 steps, 72 wall cells
[trajectory_generator_node-6] [smoothTopoPath] INPUT size=4
[trajectory_generator_node-6] [smoothTopoPath]   in[0]: (-1.920, -3.734, 0.015)
[trajectory_generator_node-6] [smoothTopoPath]   in[1]: (-5.719, -1.304, 0.015)
[trajectory_generator_node-6] [smoothTopoPath]   in[2]: (-5.919, -0.254, 0.015)
[trajectory_generator_node-6] [smoothTopoPath]   in[3]: (-3.219, 2.146, 0.015)
[trajectory_generator_node-6] [smoothTopoPath] lineVisib(start→end): false  colli=(-2.37,-1.75)
[trajectory_generator_node-6] [smoothTopoPath] OUTPUT size=5, iter_count=4
[trajectory_generator_node-6] [smoothTopoPath]   out[0]: (-1.920, -3.734, 0.015)
[trajectory_generator_node-6] [smoothTopoPath]   out[1]: (-6.004, -1.002, 0.015)
[trajectory_generator_node-6] [smoothTopoPath]   out[2]: (-6.089, -0.560, 0.015)
[trajectory_generator_node-6] [smoothTopoPath]   out[3]: (-6.138, -0.065, 0.015)
[trajectory_generator_node-6] [smoothTopoPath]   out[4]: (-3.219, 2.146, 0.015)
[trajectory_generator_node-6] [DIAG] optimized_path (smoothTopoPath) size: 5
[trajectory_generator_node-6] [DIAG]   opt[0]: (-1.920, -3.734, 0.015)
[trajectory_generator_node-6] [DIAG]   opt[1]: (-6.004, -1.002, 0.015)
[trajectory_generator_node-6] [DIAG]   opt[2]: (-6.089, -0.560, 0.015)
[trajectory_generator_node-6] [DIAG]   opt[3]: (-6.138, -0.065, 0.015)
[trajectory_generator_node-6] [DIAG]   opt[4]: (-3.219, 2.146, 0.015)
[trajectory_generator_node-6] optimized_path size: 5
[trajectory_generator_node-6] [Manager] reference_speed: (0.30)
[trajectory_generator_node-6] [LBFGS] search direction d:  5.82756e-06  3.15298e-06 -3.70471e-06  2.08603e-06 -8.56273e-07   4.2084e-07 -4.81396e-07  6.59582e-07 -4.77307e-07 -8.11587e-07  4.14524e-06 -9.43179e-06  1.17031e-05  3.71979e-06 -2.26898e-05 -1.61207e-05 -0.000522067  0.000292352 -1.15161e-05 -6.71111e-05  0.000161061 -0.000833564 -0.000158953  8.12917e-05  4.14142e-05 -0.000123042  0.000168177 -0.000182902  5.12273e-05  0.000324794  0.000736187  1.74575e-05  4.82603e-06 -7.08916e-06  3.96533e-06  -1.2724e-06  1.99708e-08  4.05546e-07 -7.61391e-07   1.8001e-06 -4.36719e-06  9.07524e-06 -1.44182e-05   1.1652e-05  2.11313e-05 -7.63721e-05  5.38153e-05 -0.000195562  -0.00037937  3.93925e-05  0.000194221  0.000286834  -0.00104961  3.85755e-05  8.28083e-06  2.74907e-05 -9.60583e-05  0.000131317 -3.60693e-05 -0.000141417 -9.25533e-05  0.000388944  3.88907e-05 -1.30622e-05  3.64732e-06 -9.66321e-07  2.34162e-07 -4.39947e-08  -1.2434e-08  3.35909e-08 -3.36284e-08 -3.14484e-08  3.38623e-07 -1.57884e-06  5.93126e-06  -2.1397e-05  5.31937e-05 -0.000133946  7.38965e-05   -0.0011362   0.00150653  -0.00629877   0.00108818  -0.00185704  0.000212288 -0.000110989  -1.0714e-05  4.61586e-06 -8.48533e-06 -4.04417e-05  0.000116326 -0.000968171   0.00225791   -0.0298972
[trajectory_generator_node-6] [Smooth Optimize] MINCO reaches max evaluations: Line search reaches the maximum try number, assumptions not satisfied or precision not achievable.
[trajectory_generator_node-6] [Smooth Optimize] MINCO: cost=0.9 total_T=33.099(init 31.543) max_drift=0.139 max_vel=0.3 segs=32
[trajectory_generator_node-6] [Smooth Resample] resample
[trajectory_generator_node-6] [Smooth Resample] 33 -> 17 waypoints, 16 time segs, max_turn=44.4 deg
[trajectory_generator_node-6] [Manager] optimizer generate time: 0.006605
[trajectory_generator_node-6] [Reference] path size : 17
[trajectory_generator_node-6] [Reference] solvePolyMatrix ENTER: N=16, path_size=17, trap_time_size=16
[trajectory_generator_node-6] [Reference]   path[0]=(-1.9202,-3.7341) path[1]=(-2.4191,-3.4008) t[0]=1.998696 state_vel=(-0.2466,0.1728)
[trajectory_generator_node-6] [Reference] banded solve done. b[0]=-0.005297 b[N]=-0.155631 b2[0]=-0.010472 b2[N]=-0.096470
[trajectory_generator_node-6] [Reference] solvePolyMatrix EXIT: polyX[0]=[0.000581 -0.002649 -0.246629 -1.920191]
[trajectory_generator_node-6] [INFO] [1790448680.521115912] [trajectory_generation]: FSM published 16 trajectory pieces
[trajectory_tracking_node-8] [WARN] [1790448685.600606696] [trajectory_tracking]: RM_GridMap predicted-path replan requested: collision_samples=0 trajectory_age=5.02
[trajectory_generator_node-6] [Manager REPLAN]  cur position point (X, Y) = (-3.166190, -2.870853), target point (X, Y) = (-3.219000, 2.146000)
[trajectory_generator_node-6] [Manager REPLAN] target_temp (X, Y) = (-3.219000, 2.146000)
[trajectory_generator_node-6] [Manager REPLAN] robot 1.52m from path, full replan
[trajectory_generator_node-6] [Manager] start point, (x, y): (-3.17, -2.87)
[trajectory_generator_node-6] [Manager] receive target, (x, y): (-3.22, 2.15)
[trajectory_generator_node-6] [Topo]: m_graph before num: 1605
[trajectory_generator_node-6] [Topo]: dijkstra time: 0.022774
[trajectory_generator_node-6] [Topo]: topo search time: 0.615330
[trajectory_generator_node-6] [Topo]: m_graph num: 2553
[trajectory_generator_node-6] [DIAG] origin_path (Dijkstra) size: 4
[trajectory_generator_node-6] [DIAG]   origin[0]: (-3.166, -2.871, 0.015)
[trajectory_generator_node-6] [DIAG]   origin[1]: (-5.969, -0.704, 0.015)
[trajectory_generator_node-6] [DIAG]   origin[2]: (-5.769, -0.054, 0.015)
[trajectory_generator_node-6] [DIAG]   origin[3]: (-3.219, 2.146, 0.015)
[trajectory_generator_node-6] [DIAG] lineVisib(start→end DIRECT): false  colli=(-3.17,-1.35)
[trajectory_generator_node-6] [DIAG] direct line: 100 steps, 62 wall cells
[trajectory_generator_node-6] [smoothTopoPath] INPUT size=4
[trajectory_generator_node-6] [smoothTopoPath]   in[0]: (-3.166, -2.871, 0.015)
[trajectory_generator_node-6] [smoothTopoPath]   in[1]: (-5.969, -0.704, 0.015)
[trajectory_generator_node-6] [smoothTopoPath]   in[2]: (-5.769, -0.054, 0.015)
[trajectory_generator_node-6] [smoothTopoPath]   in[3]: (-3.219, 2.146, 0.015)
[trajectory_generator_node-6] [smoothTopoPath] lineVisib(start→end): false  colli=(-3.17,-1.35)
[trajectory_generator_node-6] [smoothTopoPath] OUTPUT size=4, iter_count=3
[trajectory_generator_node-6] [smoothTopoPath]   out[0]: (-3.166, -2.871, 0.015)
[trajectory_generator_node-6] [smoothTopoPath]   out[1]: (-6.141, -0.891, 0.015)
[trajectory_generator_node-6] [smoothTopoPath]   out[2]: (-6.155, -0.315, 0.015)
[trajectory_generator_node-6] [smoothTopoPath]   out[3]: (-3.219, 2.146, 0.015)
[trajectory_generator_node-6] [DIAG] optimized_path (smoothTopoPath) size: 4
[trajectory_generator_node-6] [DIAG]   opt[0]: (-3.166, -2.871, 0.015)
[trajectory_generator_node-6] [DIAG]   opt[1]: (-6.141, -0.891, 0.015)
[trajectory_generator_node-6] [DIAG]   opt[2]: (-6.155, -0.315, 0.015)
[trajectory_generator_node-6] [DIAG]   opt[3]: (-3.219, 2.146, 0.015)
[trajectory_generator_node-6] [Manager] reference_speed: (0.30)
[trajectory_generator_node-6] optimized_path size: 4
[trajectory_generator_node-6] [LBFGS] search direction d: -9.91824e-05  1.87581e-05 -1.24875e-06   7.4182e-06 -2.73645e-05  6.15522e-05 -0.000110452  0.000154334 -0.000102545 -0.000337467   0.00133614   -0.0022859   0.00292687  0.000207863 -6.80698e-05   0.00364319   0.00229803  0.000443124  0.000293713 -9.36418e-05 -3.38074e-05   0.00016141 -0.000436449   0.00278687  -0.00371489 -0.000824028 -6.38802e-05  1.15688e-05 -1.36116e-06   7.8156e-06 -2.57415e-05  5.84838e-05 -0.000111984    0.0001819 -0.000214571 -3.19803e-05  0.000978173  -0.00274812   0.00553261  0.000779097   0.00222209   0.00291287   0.00199514  0.000381447  -0.00066709  0.000731242 -0.000613516   0.00109555  -0.00258928   0.00318892  -0.00429393   0.00129289  8.19744e-05 -2.27364e-05  6.36212e-06 -1.35862e-06  -1.5292e-07  1.20926e-06 -3.61041e-06  1.32415e-05 -4.83774e-05  0.000183893 -0.000491863   0.00129139   0.00338797  -0.00364952    0.0118704  -0.00108205   0.00462307  0.000154092 -0.000341818   0.00057203 -0.000238795  4.07542e-05  0.000111797  0.000127932   0.00137011  -0.00180118    0.0551083
[trajectory_generator_node-6] [Smooth Optimize] MINCO reaches max evaluations: Line search reaches the maximum try number, assumptions not satisfied or precision not achievable.
[trajectory_generator_node-6] [Smooth Optimize] MINCO: cost=3.0 total_T=27.051(init 26.513) max_drift=0.161 max_vel=0.4 segs=27
[trajectory_generator_node-6] [Smooth Resample] resample
[trajectory_generator_node-6] [Smooth Resample] 28 -> 15 waypoints, 14 time segs, max_turn=59.0 deg
[trajectory_generator_node-6] [Manager] optimizer generate time: 0.003321
[trajectory_generator_node-6] [Reference] path size : 15
[trajectory_generator_node-6] [Reference] solvePolyMatrix ENTER: N=14, path_size=15, trap_time_size=14
[trajectory_generator_node-6] [Reference]   path[0]=(-3.1662,-2.8709) path[1]=(-3.6657,-2.5384) t[0]=2.000518 state_vel=(-0.2470,0.1681)
[trajectory_generator_node-6] [Reference] banded solve done. b[0]=-0.004465 b[N]=-0.534054 b2[0]=-0.003329 b2[N]=-0.196509
[trajectory_generator_node-6] [Reference] solvePolyMatrix EXIT: polyX[0]=[0.000449 -0.002233 -0.247011 -3.166190]
[trajectory_generator_node-6] [Reference] solvePolyMatrix ENTER: N=14, path_size=15, trap_time_size=14
[trajectory_generator_node-6] [Reference]   path[0]=(-3.1662,-2.8709) path[1]=(-3.6657,-2.5384) t[0]=2.000518 state_vel=(-0.2470,0.1681)
[trajectory_generator_node-6] [Reference] banded solve done. b[0]=-0.004465 b[N]=-0.444538 b2[0]=-0.003329 b2[N]=-0.165026
[trajectory_generator_node-6] [Reference] solvePolyMatrix EXIT: polyX[0]=[0.000449 -0.002233 -0.247011 -3.166190]
[trajectory_generator_node-6] [Reference] solvePolyMatrix ENTER: N=14, path_size=15, trap_time_size=14
[trajectory_generator_node-6] [Reference]   path[0]=(-3.1662,-2.8709) path[1]=(-3.6657,-2.5384) t[0]=2.000518 state_vel=(-0.2470,0.1681)
[trajectory_generator_node-6] [Reference] banded solve done. b[0]=-0.004465 b[N]=-0.370517 b2[0]=-0.003329 b2[N]=-0.139014
[trajectory_generator_node-6] [Reference] solvePolyMatrix EXIT: polyX[0]=[0.000449 -0.002233 -0.247011 -3.166190]
[trajectory_generator_node-6] [Reference] solvePolyMatrix ENTER: N=14, path_size=15, trap_time_size=14
[trajectory_generator_node-6] [Reference]   path[0]=(-3.1662,-2.8709) path[1]=(-3.6657,-2.5384) t[0]=2.000518 state_vel=(-0.2470,0.1681)
[trajectory_generator_node-6] [Reference] banded solve done. b[0]=-0.004465 b[N]=-0.309270 b2[0]=-0.003329 b2[N]=-0.117490
[trajectory_generator_node-6] [Reference] solvePolyMatrix EXIT: polyX[0]=[0.000449 -0.002233 -0.247011 -3.166190]
[trajectory_generator_node-6] [INFO] [1790448686.246931375] [trajectory_generation]: FSM published 14 trajectory pieces
[trajectory_tracking_node-8] [WARN] [1790448691.273377725] [trajectory_tracking]: RM_GridMap predicted-path replan requested: collision_samples=0 trajectory_age=5.01
[trajectory_generator_node-6] [Manager REPLAN]  cur position point (X, Y) = (-4.408039, -2.018046), target point (X, Y) = (-3.219000, 2.146000)
[trajectory_generator_node-6] [Manager REPLAN] target_temp (X, Y) = (-3.219000, 2.146000)
[trajectory_generator_node-6] [Manager REPLAN] robot 1.51m from path, full replan
[trajectory_generator_node-6] [Manager] start point, (x, y): (-4.41, -2.02)
[trajectory_generator_node-6] [Manager] receive target, (x, y): (-3.22, 2.15)
[trajectory_generator_node-6] [Topo]: m_graph before num: 1605
[trajectory_generator_node-6] [Topo]: dijkstra time: 0.038777
[trajectory_generator_node-6] [Topo]: topo search time: 0.483496
[trajectory_generator_node-6] [Topo]: m_graph num: 2542
[trajectory_generator_node-6] [DIAG] origin_path (Dijkstra) size: 4
[trajectory_generator_node-6] [DIAG]   origin[0]: (-4.408, -2.018, 0.015)
[trajectory_generator_node-6] [DIAG]   origin[1]: (-5.919, -0.604, 0.015)
[trajectory_generator_node-6] [DIAG]   origin[2]: (-5.769, -0.054, 0.015)
[trajectory_generator_node-6] [DIAG]   origin[3]: (-3.219, 2.146, 0.015)
[trajectory_generator_node-6] [DIAG] lineVisib(start→end DIRECT): false  colli=(-4.07,-0.85)
[trajectory_generator_node-6] [DIAG] direct line: 86 steps, 51 wall cells
[trajectory_generator_node-6] [smoothTopoPath] INPUT size=4
[trajectory_generator_node-6] [smoothTopoPath]   in[0]: (-4.408, -2.018, 0.015)
[trajectory_generator_node-6] [smoothTopoPath]   in[1]: (-5.919, -0.604, 0.015)
[trajectory_generator_node-6] [smoothTopoPath]   in[2]: (-5.769, -0.054, 0.015)
[trajectory_generator_node-6] [smoothTopoPath]   in[3]: (-3.219, 2.146, 0.015)
[trajectory_generator_node-6] [smoothTopoPath] lineVisib(start→end): false  colli=(-4.07,-0.85)
[trajectory_generator_node-6] [smoothTopoPath] OUTPUT size=10, iter_count=9
[trajectory_generator_node-6] [smoothTopoPath]   out[0]: (-4.408, -2.018, 0.015)
[trajectory_generator_node-6] [smoothTopoPath]   out[1]: (-5.745, -1.178, 0.015)
[trajectory_generator_node-6] [smoothTopoPath]   out[2]: (-6.196, -0.631, 0.015)
[trajectory_generator_node-6] [smoothTopoPath]   out[3]: (-5.780, -0.785, 0.015)
[trajectory_generator_node-6] [smoothTopoPath]   out[4]: (-6.169, -0.700, 0.015)
[trajectory_generator_node-6] [smoothTopoPath]   out[5]: (-5.721, -0.754, 0.015)
[trajectory_generator_node-6] [smoothTopoPath]   out[6]: (-6.125, -0.761, 0.015)
[trajectory_generator_node-6] [smoothTopoPath]   out[7]: (-6.114, -0.305, 0.015)
[trajectory_generator_node-6] [smoothTopoPath]   out[8]: (-5.764, 0.346, 0.015)
[trajectory_generator_node-6] [smoothTopoPath]   out[9]: (-3.219, 2.146, 0.015)
[trajectory_generator_node-6] [DIAG] optimized_path (smoothTopoPath) size: 10
[trajectory_generator_node-6] [DIAG]   opt[0]: (-4.408, -2.018, 0.015)
[trajectory_generator_node-6] [DIAG]   opt[1]: (-5.745, -1.178, 0.015)
[trajectory_generator_node-6] [DIAG]   opt[2]: (-6.196, -0.631, 0.015)
[trajectory_generator_node-6] [DIAG]   opt[3]: (-5.780, -0.785, 0.015)
[trajectory_generator_node-6] [DIAG]   opt[4]: (-6.169, -0.700, 0.015)
[trajectory_generator_node-6] [DIAG]   opt[5]: (-5.721, -0.754, 0.015)
[trajectory_generator_node-6] [DIAG]   opt[6]: (-6.125, -0.761, 0.015)
[trajectory_generator_node-6] [DIAG]   opt[7]: (-6.114, -0.305, 0.015)
[trajectory_generator_node-6] [DIAG]   opt[8]: (-5.764, 0.346, 0.015)
[trajectory_generator_node-6] [DIAG]   opt[9]: (-3.219, 2.146, 0.015)
[trajectory_generator_node-6] optimized_path size: 10
[trajectory_generator_node-6] [Manager] reference_speed: (0.30)
[trajectory_generator_node-6] [LBFGS] search direction d: -3.68086e-05  8.62131e-06 -1.29383e-05  3.98669e-05 -5.98843e-05  -0.00216839   0.00095777 -0.000297885  -0.00210009  0.000683245  0.000687132    0.0012095  -0.00026565  9.17488e-05   0.00012434  0.000342414 -0.000508314  0.000497364 -0.000156202  3.28843e-05    2.715e-05 -7.56698e-05  0.000132111 -0.000188144   0.00016136  6.43197e-05  -0.00106522 -0.000131873  0.000124938 -0.000215506  0.000419977 -0.000799237 -0.000365235  -0.00386029 -0.000345223   0.00306462  -0.00194929  -0.00290388  -0.00119131    0.0016158 -0.000532917  0.000475394  0.000350693  -0.00084109  0.000396178  -0.00023727  8.52072e-05 -6.18322e-06 -5.16567e-05  0.000135852 -0.000299978  0.000595012  -0.00075279  -0.00106381  1.44307e-05 -8.35451e-06  1.50056e-05 -3.63269e-05  0.000101565 -0.000150265  0.000150587  0.000610266   0.00343353   0.00385799  0.000143449   0.00234683   0.00120076    0.0001759  -0.00035074   0.00190383 -0.000114954  0.000410017 -0.000128277  3.54014e-05 -8.62461e-06  5.17948e-06 -7.88686e-06  1.45998e-05 -3.05677e-05  0.000168497 -0.000309039   0.00560035
[trajectory_generator_node-6] [Smooth Optimize] MINCO reaches max evaluations: Line search reaches the maximum try number, assumptions not satisfied or precision not achievable.
[trajectory_generator_node-6] [Smooth Optimize] MINCO: cost=3.6 total_T=26.076(init 25.527) max_drift=0.185 max_vel=0.5 segs=28
[trajectory_generator_node-6] [Smooth Resample] resample
[trajectory_generator_node-6] [Smooth Resample] 29 -> 15 waypoints, 14 time segs, max_turn=176.3 deg
[trajectory_generator_node-6] [Manager] optimizer generate time: 0.009846
[trajectory_generator_node-6] [Reference] path size : 15
[trajectory_generator_node-6] [Reference] solvePolyMatrix ENTER: N=14, path_size=15, trap_time_size=14
[trajectory_generator_node-6] [Reference]   path[0]=(-4.4080,-2.0180) path[1]=(-4.9164,-1.6990) t[0]=2.000107 state_vel=(-0.2476,0.1676)
[trajectory_generator_node-6] [Reference] banded solve done. b[0]=-0.010728 b[N]=-0.482469 b2[0]=-0.014164 b2[N]=-0.317997
[trajectory_generator_node-6] [Reference] solvePolyMatrix EXIT: polyX[0]=[0.001046 -0.005364 -0.247605 -4.408039]
[trajectory_generator_node-6] [Reference] solvePolyMatrix ENTER: N=14, path_size=15, trap_time_size=14
[trajectory_generator_node-6] [Reference]   path[0]=(-4.4080,-2.0180) path[1]=(-4.9164,-1.6990) t[0]=2.000107 state_vel=(-0.2476,0.1676)
[trajectory_generator_node-6] [Reference] banded solve done. b[0]=-0.010710 b[N]=-0.401828 b2[0]=-0.014087 b2[N]=-0.264952
[trajectory_generator_node-6] [Reference] solvePolyMatrix EXIT: polyX[0]=[0.001042 -0.005355 -0.247605 -4.408039]
[trajectory_generator_node-6] [Reference] solvePolyMatrix ENTER: N=14, path_size=15, trap_time_size=14
[trajectory_generator_node-6] [Reference]   path[0]=(-4.4080,-2.0180) path[1]=(-4.9164,-1.6990) t[0]=2.000107 state_vel=(-0.2476,0.1676)
[trajectory_generator_node-6] [Reference] banded solve done. b[0]=-0.010702 b[N]=-0.335085 b2[0]=-0.014007 b2[N]=-0.221030
[trajectory_generator_node-6] [Reference] solvePolyMatrix EXIT: polyX[0]=[0.001040 -0.005351 -0.247605 -4.408039]
[trajectory_generator_node-6] [Reference] solvePolyMatrix ENTER: N=14, path_size=15, trap_time_size=14
[trajectory_generator_node-6] [Reference]   path[0]=(-4.4080,-2.0180) path[1]=(-4.9164,-1.6990) t[0]=2.000107 state_vel=(-0.2476,0.1676)
[trajectory_generator_node-6] [Reference] banded solve done. b[0]=-0.010702 b[N]=-0.279829 b2[0]=-0.013926 b2[N]=-0.184671
[trajectory_generator_node-6] [Reference] solvePolyMatrix EXIT: polyX[0]=[0.001040 -0.005351 -0.247605 -4.408039]
[trajectory_generator_node-6] [INFO] [1790448691.796983395] [trajectory_generation]: FSM published 14 trajectory pieces
[trajectory_tracking_node-8] [WARN] [1790448696.825706636] [trajectory_tracking]: RM_GridMap predicted-path replan requested: collision_samples=0 trajectory_age=5.01
[trajectory_generator_node-6] [Manager REPLAN]  cur position point (X, Y) = (-5.655622, -1.217072), target point (X, Y) = (-3.219000, 2.146000)
[trajectory_generator_node-6] [Manager REPLAN] target_temp (X, Y) = (-3.219000, 2.146000)
[trajectory_generator_node-6] [Manager REPLAN] path safe & target unchanged, re-anchoring from cur pos
[trajectory_generator_node-6] [LBFGS] search direction d: -0.000358319  -0.00162299  -0.00084313  0.000474727  0.000183885  0.000867202  0.000725405  0.000190601  0.000455072 -0.000387013 -0.000329422  0.000630466 -0.000914105   0.00023571 -1.58338e-05 -4.63765e-05  9.91187e-05 -0.000197713  0.000355223 -0.000478667   0.00232019 -0.000569634  0.000233282  -0.00287357   0.00382325  -0.00037945  -0.00110779 -0.000654606 -0.000735298   0.00157343  -0.00295815  -0.00106414 -0.000736373   0.00016099 -0.000764537    0.0002967 -4.59159e-05 -2.99494e-05  6.93791e-05 -0.000175577  0.000489941  -0.00119108 -2.77601e-05 -0.000443193 -0.000571857 -5.82598e-05   0.00191333   0.00879957   0.00794314  0.000396674   0.00733473   0.00451164  0.000527674  -0.00110656   0.00470308 -0.000216487   0.00135693   -0.0004348  0.000154879 -4.20435e-05  5.44122e-06  1.00352e-05 -1.16978e-05 -2.33348e-05  0.000427557 -0.000891502    0.0160478
[trajectory_generator_node-6] [Smooth Optimize] MINCO reaches max evaluations: Line search reaches the maximum try number, assumptions not satisfied or precision not achievable.
[trajectory_generator_node-6] [Smooth Optimize] MINCO: cost=3.7 total_T=20.734(init 20.525) max_drift=0.184 max_vel=0.5 segs=23
[trajectory_generator_node-6] [Smooth Resample] resample
[trajectory_generator_node-6] [Smooth Resample] 24 -> 13 waypoints, 12 time segs, max_turn=174.7 deg
[trajectory_generator_node-6] [Reference] path size : 13
[trajectory_generator_node-6] [Reference] solvePolyMatrix ENTER: N=12, path_size=13, trap_time_size=12
[trajectory_generator_node-6] [Reference]   path[0]=(-5.6556,-1.2171) path[1]=(-6.0909,-0.7600) t[0]=1.999126 state_vel=(-0.2399,0.1785)
[trajectory_generator_node-6] [Reference] banded solve done. b[0]=-0.179838 b[N]=-0.943133 b2[0]=0.274760 b2[N]=-0.237064
[trajectory_generator_node-6] [Reference] solvePolyMatrix EXIT: polyX[0]=[0.050520 -0.089919 -0.239880 -5.655622]
[trajectory_generator_node-6] [Reference] solvePolyMatrix ENTER: N=12, path_size=13, trap_time_size=12
[trajectory_generator_node-6] [Reference]   path[0]=(-5.6556,-1.2171) path[1]=(-6.0909,-0.7600) t[0]=2.199039 state_vel=(-0.2399,0.1785)
[trajectory_generator_node-6] [Reference] banded solve done. b[0]=-0.113379 b[N]=-0.783429 b2[0]=0.200773 b2[N]=-0.198036
[trajectory_generator_node-6] [Reference] solvePolyMatrix EXIT: polyX[0]=[0.034452 -0.056689 -0.239880 -5.655622]
[trajectory_generator_node-6] [Reference] solvePolyMatrix ENTER: N=12, path_size=13, trap_time_size=12
[trajectory_generator_node-6] [Reference]   path[0]=(-5.6556,-1.2171) path[1]=(-6.0909,-0.7600) t[0]=2.418943 state_vel=(-0.2399,0.1785)
[trajectory_generator_node-6] [Reference] banded solve done. b[0]=-0.061690 b[N]=-0.651375 b2[0]=0.142304 b2[N]=-0.165844
[trajectory_generator_node-6] [Reference] solvePolyMatrix EXIT: polyX[0]=[0.022994 -0.030845 -0.239880 -5.655622]
[trajectory_generator_node-6] [Reference] solvePolyMatrix ENTER: N=12, path_size=13, trap_time_size=12
[trajectory_generator_node-6] [Reference]   path[0]=(-5.6556,-1.2171) path[1]=(-6.0909,-0.7600) t[0]=2.660837 state_vel=(-0.2399,0.1785)
[trajectory_generator_node-6] [Reference] banded solve done. b[0]=-0.021882 b[N]=-0.542136 b2[0]=0.096135 b2[N]=-0.139264
[trajectory_generator_node-6] [Reference] solvePolyMatrix EXIT: polyX[0]=[0.014887 -0.010941 -0.239880 -5.655622]
[trajectory_generator_node-6] [Reference] solvePolyMatrix ENTER: N=12, path_size=13, trap_time_size=12
[trajectory_generator_node-6] [Reference]   path[0]=(-5.6556,-1.2171) path[1]=(-6.0909,-0.7600) t[0]=2.660837 state_vel=(-0.2399,0.1785)
[trajectory_generator_node-6] [Reference] banded solve done. b[0]=-0.021882 b[N]=-0.451726 b2[0]=0.096135 b2[N]=-0.117288
[trajectory_generator_node-6] [Reference] solvePolyMatrix EXIT: polyX[0]=[0.014887 -0.010941 -0.239880 -5.655622]
[trajectory_generator_node-6] [Reference] solvePolyMatrix ENTER: N=12, path_size=13, trap_time_size=12
[trajectory_generator_node-6] [Reference]   path[0]=(-5.6556,-1.2171) path[1]=(-6.0909,-0.7600) t[0]=2.660837 state_vel=(-0.2399,0.1785)
[trajectory_generator_node-6] [Reference] banded solve done. b[0]=-0.021882 b[N]=-0.376856 b2[0]=0.096135 b2[N]=-0.099090
[trajectory_generator_node-6] [Reference] solvePolyMatrix EXIT: polyX[0]=[0.014887 -0.010941 -0.239880 -5.655622]
[trajectory_generator_node-6] [Reference] solvePolyMatrix ENTER: N=12, path_size=13, trap_time_size=12
[trajectory_generator_node-6] [Reference]   path[0]=(-5.6556,-1.2171) path[1]=(-6.0909,-0.7600) t[0]=2.660837 state_vel=(-0.2399,0.1785)
[trajectory_generator_node-6] [Reference] banded solve done. b[0]=-0.021882 b[N]=-0.314816 b2[0]=0.096135 b2[N]=-0.083992
[trajectory_generator_node-6] [Reference] solvePolyMatrix EXIT: polyX[0]=[0.014887 -0.010941 -0.239880 -5.655622]
[trajectory_generator_node-6] [INFO] [1790448696.855495012] [trajectory_generation]: FSM published 12 trajectory pieces
[trajectory_tracking_node-8] [WARN] [1790448701.880823776] [trajectory_tracking]: RM_GridMap predicted-path replan requested: collision_samples=0 trajectory_age=5.01
[trajectory_generator_node-6] [Manager REPLAN]  cur position point (X, Y) = (-5.975273, -0.826502), target point (X, Y) = (-3.219000, 2.146000)
[trajectory_generator_node-6] [Manager REPLAN] target_temp (X, Y) = (-3.219000, 2.146000)
[trajectory_generator_node-6] [Manager REPLAN] path safe & target unchanged, re-anchoring from cur pos
[trajectory_generator_node-6] [LBFGS] search direction d:   0.00314879  0.000134033 -0.000500105 -3.95044e-05 -0.000825453  4.16254e-06  4.82629e-05  1.75559e-06 -7.99451e-05  0.000175722 -0.000318107  0.000618292  -0.00202455   0.00361067  -0.00586507   0.00058664 -0.000952615   0.00110365  0.000389909  -4.6277e-05  8.40289e-05 -1.65172e-05 -6.00747e-05  5.25278e-05  0.000178988 -0.000755089   0.00160608   0.00303371    -0.049751   0.00698146   -0.0296642    0.0015154  -0.00634527   0.00197906 -0.000649594  0.000169104 -4.04872e-05  2.74128e-06 -4.27175e-05  0.000184663  -0.00230957   0.00357428   -0.0819726
[trajectory_generator_node-6] [Smooth Optimize] MINCO reaches max evaluations: Line search reaches the maximum try number, assumptions not satisfied or precision not achievable.
[trajectory_generator_node-6] [Smooth Optimize] MINCO: cost=1.8 total_T=17.490(init 14.588) max_drift=0.132 max_vel=0.3 segs=15
[trajectory_generator_node-6] [Smooth Resample] resample
[trajectory_generator_node-6] [Smooth Resample] 16 -> 9 waypoints, 8 time segs, max_turn=38.3 deg
[trajectory_generator_node-6] [Reference] path size : 9
[trajectory_generator_node-6] [Reference] solvePolyMatrix ENTER: N=8, path_size=9, trap_time_size=8
[trajectory_generator_node-6] [Reference]   path[0]=(-5.9753,-0.8265) path[1]=(-6.0828,-0.3036) t[0]=2.858074 state_vel=(-0.0752,0.0557)
[trajectory_generator_node-6] [Reference] banded solve done. b[0]=0.005002 b[N]=-0.112436 b2[0]=0.137887 b2[N]=-0.017607
[trajectory_generator_node-6] [Reference] solvePolyMatrix EXIT: polyX[0]=[0.003728 0.002501 -0.075232 -5.975273]
[trajectory_generator_node-6] [INFO] [1790448701.890564140] [trajectory_generation]: FSM published 8 trajectory pieces
[trajectory_tracking_node-8] [WARN] [1790448706.910374667] [trajectory_tracking]: RM_GridMap predicted-path replan requested: collision_samples=0 trajectory_age=5.01
[trajectory_generator_node-6] [Manager REPLAN]  cur position point (X, Y) = (-5.843578, 0.194672), target point (X, Y) = (-3.219000, 2.146000)
[trajectory_generator_node-6] [Manager REPLAN] target_temp (X, Y) = (-3.219000, 2.146000)
[trajectory_generator_node-6] [Manager REPLAN] path safe & target unchanged, re-anchoring from cur pos
[trajectory_generator_node-6] [LBFGS] search direction d: -9.80556e-06  1.55538e-05 -1.78645e-05  2.41449e-05 -3.25473e-05  4.06497e-05 -4.20713e-05  2.53052e-05   1.2046e-05 -9.31735e-05  1.77961e-05 -2.46947e-05  2.44189e-06  3.23972e-06 -9.64354e-06   1.7913e-05 -2.92238e-05  4.12062e-05 -5.16504e-05 -0.000135261  0.000223048 -6.63435e-05  7.22921e-06 -4.87046e-07  5.36615e-07 -1.58199e-06  7.53523e-06  -3.0446e-05  0.000162535 -0.000455789   0.00362243
[trajectory_generator_node-6] [Smooth Optimize] MINCO reaches max evaluations: Line search reaches the maximum try number, assumptions not satisfied or precision not achievable.
[trajectory_generator_node-6] [Smooth Optimize] MINCO: cost=0.1 total_T=11.963(init 10.902) max_drift=0.037 max_vel=0.3 segs=11
[trajectory_generator_node-6] [Smooth Resample] resample
[trajectory_generator_node-6] [Smooth Resample] 12 -> 7 waypoints, 6 time segs, max_turn=10.8 deg
[trajectory_generator_node-6] [Reference] path size : 7
[trajectory_generator_node-6] [Reference] solvePolyMatrix ENTER: N=6, path_size=7, trap_time_size=6
[trajectory_generator_node-6] [Reference]   path[0]=(-5.8436,0.1947) path[1]=(-5.3627,0.5540) t[0]=2.038711 state_vel=(0.1676,0.2189)
[trajectory_generator_node-6] [Reference] banded solve done. b[0]=0.113928 b[N]=-0.161285 b2[0]=-0.073058 b2[N]=-0.056968
[trajectory_generator_node-6] [Reference] solvePolyMatrix EXIT: polyX[0]=[-0.011531 0.056964 0.167646 -5.843578]
[trajectory_generator_node-6] [INFO] [1790448706.931811543] [trajectory_generation]: FSM published 6 trajectory pieces
[trajectory_tracking_node-8] [WARN] [1790448711.979088857] [trajectory_tracking]: RM_GridMap predicted-path replan requested: collision_samples=0 trajectory_age=5.03
[trajectory_generator_node-6] [Manager REPLAN]  cur position point (X, Y) = (-4.662172, 1.099203), target point (X, Y) = (-3.219000, 2.146000)
[trajectory_generator_node-6] [Manager REPLAN] target_temp (X, Y) = (-3.219000, 2.146000)
[trajectory_generator_node-6] [Manager REPLAN] robot 1.49m from path, full replan
[trajectory_generator_node-6] [Manager] start point, (x, y): (-4.66, 1.10)
[trajectory_generator_node-6] [Manager] receive target, (x, y): (-3.22, 2.15)
[trajectory_generator_node-6] [Topo]: m_graph before num: 1605
[trajectory_generator_node-6] [Topo]: dijkstra time: 0.016224
[trajectory_generator_node-6] [Topo]: topo search time: 0.383767
[trajectory_generator_node-6] [Topo]: m_graph num: 2556
[trajectory_generator_node-6] [DIAG] origin_path (Dijkstra) size: 2
[trajectory_generator_node-6] [DIAG]   origin[0]: (-4.662, 1.099, 0.015)
[trajectory_generator_node-6] [DIAG]   origin[1]: (-3.219, 2.146, 0.015)
[trajectory_generator_node-6] [DIAG] lineVisib(start→end DIRECT): TRUE(!!)  colli=(-4.66,1.10)
[trajectory_generator_node-6] [DIAG] direct line: 35 steps, 0 wall cells
[trajectory_generator_node-6] [smoothTopoPath] INPUT size=2
[trajectory_generator_node-6] [smoothTopoPath]   in[0]: (-4.662, 1.099, 0.015)
[trajectory_generator_node-6] [smoothTopoPath]   in[1]: (-3.219, 2.146, 0.015)
[trajectory_generator_node-6] [smoothTopoPath] lineVisib(start→end): TRUE(!)  colli=(0.00,0.00)
[trajectory_generator_node-6] [smoothTopoPath] OUTPUT size=2, iter_count=1
[trajectory_generator_node-6] [smoothTopoPath]   out[0]: (-4.662, 1.099, 0.015)
[trajectory_generator_node-6] [smoothTopoPath]   out[1]: (-3.219, 2.146, 0.015)
[trajectory_generator_node-6] [DIAG] optimized_path (smoothTopoPath) size: 2
[trajectory_generator_node-6] [DIAG]   opt[0]: (-4.662, 1.099, 0.015)
[trajectory_generator_node-6] [DIAG]   opt[1]: (-3.219, 2.146, 0.015)
[trajectory_generator_node-6] optimized_path size: 2
[trajectory_generator_node-6] [Manager] reference_speed: (0.30)
[trajectory_generator_node-6] [LBFGS] search direction d: -0.000192935  0.000147373 -8.15336e-05  4.54827e-05  0.000134805  -8.7227e-06  0.000114273 -0.000291106  0.000248885  0.000370115  2.44565e-05 -1.00812e-05 -8.33662e-08   3.7904e-05 -0.000100301  0.000896659
[trajectory_generator_node-6] [Smooth Optimize] MINCO reaches max evaluations: Line search reaches the maximum try number, assumptions not satisfied or precision not achievable.
[trajectory_generator_node-6] [Smooth Optimize] MINCO: cost=0.0 total_T=6.932(init 5.943) max_drift=0.033 max_vel=0.3 segs=6
[trajectory_generator_node-6] [Smooth Resample] resample
[trajectory_generator_node-6] [Smooth Resample] 7 -> 4 waypoints, 3 time segs, max_turn=1.5 deg
[trajectory_generator_node-6] [Manager] optimizer generate time: 0.000643
[trajectory_generator_node-6] [Reference] path size : 4
[trajectory_generator_node-6] [Reference] solvePolyMatrix ENTER: N=3, path_size=4, trap_time_size=3
[trajectory_generator_node-6] [Reference]   path[0]=(-4.6622,1.0992) path[1]=(-4.1758,1.4523) t[0]=2.013594 state_vel=(0.2312,0.1773)
[trajectory_generator_node-6] [Reference] banded solve done. b[0]=0.021390 b[N]=-0.177142 b2[0]=-0.003920 b2[N]=-0.120223
[trajectory_generator_node-6] [Reference] solvePolyMatrix EXIT: polyX[0]=[-0.002754 0.010695 0.231186 -4.662172]
[trajectory_generator_node-6] [INFO] [1790448712.383236013] [trajectory_generation]: FSM published 3 trajectory pieces
[trajectory_tracking_node-8] [WARN] [1790448717.401953080] [trajectory_tracking]: RM_GridMap predicted-path replan requested: collision_samples=0 trajectory_age=5.02
[trajectory_generator_node-6] [Manager REPLAN]  cur position point (X, Y) = (-3.488066, 1.995397), target point (X, Y) = (-3.219000, 2.146000)
[trajectory_generator_node-6] [Manager REPLAN] target_temp (X, Y) = (-3.219000, 2.146000)
[trajectory_generator_node-6] [Manager REPLAN] path safe & target unchanged, re-anchoring from cur pos
[trajectory_generator_node-6] [Smooth Path] path.size()<3, No need to optimize
[trajectory_generator_node-6] [Smooth Path] path.size()<3, No need to optimize
[trajectory_generator_node-6] [Smooth Resample] resample
[trajectory_generator_node-6] [Smooth Resample] path too short (2 pts), keeping all
[trajectory_generator_node-6] [Reference] path size : 2
[trajectory_generator_node-6] [Reference] path_length: 0.308347
[trajectory_generator_node-6] [Reference] solvePolyMatrix ENTER: N=1, path_size=2, trap_time_size=1
[trajectory_generator_node-6] [Reference]   path[0]=(-3.4881,1.9954) path[1]=(-3.2190,2.1460) t[0]=1.000000 state_vel=(0.2011,0.1439)
[trajectory_generator_node-6] [Reference] banded solve done. b[0]=0.810016 b[N]=-1.212206 b2[0]=0.327855 b2[N]=-0.615736
[trajectory_generator_node-6] [Reference] solvePolyMatrix EXIT: polyX[0]=[-0.337037 0.405008 0.201095 -3.488066]
[trajectory_generator_node-6] [Reference] solvePolyMatrix ENTER: N=1, path_size=2, trap_time_size=1
[trajectory_generator_node-6] [Reference]   path[0]=(-3.4881,1.9954) path[1]=(-3.2190,2.1460) t[0]=1.100000 state_vel=(0.2011,0.1439)
[trajectory_generator_node-6] [Reference] banded solve done. b[0]=0.602957 b[N]=-0.968584 b2[0]=0.223371 b2[N]=-0.485081
[trajectory_generator_node-6] [Reference] solvePolyMatrix EXIT: polyX[0]=[-0.238112 0.301478 0.201095 -3.488066]
[trajectory_generator_node-6] [Reference] solvePolyMatrix ENTER: N=1, path_size=2, trap_time_size=1
[trajectory_generator_node-6] [Reference]   path[0]=(-3.4881,1.9954) path[1]=(-3.2190,2.1460) t[0]=1.210000 state_vel=(0.2011,0.1439)
[trajectory_generator_node-6] [Reference] banded solve done. b[0]=0.437877 b[N]=-0.770266 b2[0]=0.141346 b2[N]=-0.379265
[trajectory_generator_node-6] [Reference] solvePolyMatrix EXIT: polyX[0]=[-0.166411 0.218939 0.201095 -3.488066]
[trajectory_generator_node-6] [Reference] solvePolyMatrix ENTER: N=1, path_size=2, trap_time_size=1
[trajectory_generator_node-6] [Reference]   path[0]=(-3.4881,1.9954) path[1]=(-3.2190,2.1460) t[0]=1.331000 state_vel=(0.2011,0.1439)
[trajectory_generator_node-6] [Reference] banded solve done. b[0]=0.306942 b[N]=-0.609113 b2[0]=0.077490 b2[N]=-0.293779
[trajectory_generator_node-6] [Reference] solvePolyMatrix EXIT: polyX[0]=[-0.114708 0.153471 0.201095 -3.488066]
[trajectory_generator_node-6] [Reference] solvePolyMatrix ENTER: N=1, path_size=2, trap_time_size=1
[trajectory_generator_node-6] [Reference]   path[0]=(-3.4881,1.9954) path[1]=(-3.2190,2.1460) t[0]=1.464100 state_vel=(0.2011,0.1439)
[trajectory_generator_node-6] [Reference] banded solve done. b[0]=0.203725 b[N]=-0.478426 b2[0]=0.028291 b2[N]=-0.224917
[trajectory_generator_node-6] [Reference] solvePolyMatrix EXIT: polyX[0]=[-0.077653 0.101863 0.201095 -3.488066]
[trajectory_generator_node-6] [Reference] solvePolyMatrix ENTER: N=1, path_size=2, trap_time_size=1
[trajectory_generator_node-6] [Reference]   path[0]=(-3.4881,1.9954) path[1]=(-3.2190,2.1460) t[0]=1.610510 state_vel=(0.2011,0.1439)
[trajectory_generator_node-6] [Reference] banded solve done. b[0]=0.122963 b[N]=-0.372691 b2[0]=-0.009119 b2[N]=-0.169632
[trajectory_generator_node-6] [Reference] solvePolyMatrix EXIT: polyX[0]=[-0.051294 0.061481 0.201095 -3.488066]
[trajectory_generator_node-6] [Reference] solvePolyMatrix ENTER: N=1, path_size=2, trap_time_size=1
[trajectory_generator_node-6] [Reference]   path[0]=(-3.4881,1.9954) path[1]=(-3.2190,2.1460) t[0]=1.771561 state_vel=(0.2011,0.1439)
[trajectory_generator_node-6] [Reference] banded solve done. b[0]=0.060345 b[N]=-0.287370 b2[0]=-0.037082 b2[N]=-0.125419
[trajectory_generator_node-6] [Reference] solvePolyMatrix EXIT: polyX[0]=[-0.032713 0.030172 0.201095 -3.488066]
[trajectory_generator_node-6] [INFO] [1790448717.426161590] [trajectory_generation]: FSM published 1 trajectory pieces
[trajectory_tracking_node-8] [WARN] [1790448719.053767316] [trajectory_tracking]: trajectory tracking stopped: invalid coefficient array length
[trajectory_tracking_node-8] [WARN] [1790448721.151190140] [trajectory_tracking]: trajectory tracking stopped: no valid trajectory
[trajectory_generator_node-6] [INFO] [1790448722.307147958] [trajectory_generation]: FSM accepted manual goal goal=(-0.92, -4.45, 0.02)
[trajectory_generator_node-6] [Manager] start point, (x, y): (-3.22, 2.15)
[trajectory_generator_node-6] [Manager] receive target, (x, y): (-0.92, -4.45)
[trajectory_generator_node-6] [Topo]: m_graph before num: 1605
[trajectory_generator_node-6] [Topo]: dijkstra time: 0.028372
[trajectory_generator_node-6] [Topo]: topo search time: 0.550360
[trajectory_generator_node-6] [Topo]: m_graph num: 2544
[trajectory_generator_node-6] [DIAG] origin_path (Dijkstra) size: 3
[trajectory_generator_node-6] [DIAG]   origin[0]: (-3.219, 2.146, 0.015)
[trajectory_generator_node-6] [DIAG]   origin[1]: (-6.269, -0.554, 0.015)
[trajectory_generator_node-6] [DIAG]   origin[2]: (-0.919, -4.454, 0.015)
[trajectory_generator_node-6] [DIAG] lineVisib(start→end DIRECT): false  colli=(-3.17,1.95)
[trajectory_generator_node-6] [DIAG] direct line: 139 steps, 98 wall cells
[trajectory_generator_node-6] [smoothTopoPath] INPUT size=3
[trajectory_generator_node-6] [smoothTopoPath]   in[0]: (-3.219, 2.146, 0.015)
[trajectory_generator_node-6] [smoothTopoPath]   in[1]: (-6.269, -0.554, 0.015)
[trajectory_generator_node-6] [smoothTopoPath]   in[2]: (-0.919, -4.454, 0.015)
[trajectory_generator_node-6] [smoothTopoPath] lineVisib(start→end): false  colli=(-3.17,1.95)
[trajectory_generator_node-6] [smoothTopoPath] OUTPUT size=4, iter_count=3
[trajectory_generator_node-6] [smoothTopoPath]   out[0]: (-3.219, 2.146, 0.015)
[trajectory_generator_node-6] [smoothTopoPath]   out[1]: (-5.514, 0.515, 0.015)
[trajectory_generator_node-6] [smoothTopoPath]   out[2]: (-6.376, -0.538, 0.015)
[trajectory_generator_node-6] [smoothTopoPath]   out[3]: (-0.919, -4.454, 0.015)
[trajectory_generator_node-6] [DIAG] optimized_path (smoothTopoPath) size: 4
[trajectory_generator_node-6] [DIAG]   opt[0]: (-3.219, 2.146, 0.015)
[trajectory_generator_node-6] [DIAG]   opt[1]: (-5.514, 0.515, 0.015)
[trajectory_generator_node-6] [DIAG]   opt[2]: (-6.376, -0.538, 0.015)
[trajectory_generator_node-6] [DIAG]   opt[3]: (-0.919, -4.454, 0.015)
[trajectory_generator_node-6] optimized_path size: 4
[trajectory_generator_node-6] [Manager] reference_speed: (0.30)
[trajectory_generator_node-6] [LBFGS] search direction d:  0.000282137  -0.00204802  0.000502564 -0.000391651  0.000250588 -0.000135414  5.64463e-05 -5.99398e-06 -1.20236e-05 -0.000102454 -2.38173e-05 -9.46522e-05  0.000916975  0.000646115 -0.000131882  0.000666432  0.000282806  0.000174756 -0.000125484  7.76103e-05 -4.22819e-05  2.08225e-05 -8.98882e-06  2.49213e-06  1.97482e-06 -7.04044e-06  1.53305e-05  -3.0036e-05  5.48635e-05 -9.24353e-05  0.000139839 -0.000181333  0.000177744 -7.83013e-05 -0.000260667  0.000514351  0.000916538   0.00057385 -0.000375903  0.000209264  -9.5234e-05  2.74001e-05  1.50599e-05 -2.01209e-05 -6.68212e-05 -1.48666e-05 -0.000900024  0.000706553   0.00140556  2.58001e-05 -0.000602771   0.00129438 -5.12201e-05  3.42904e-05 -3.23893e-05  3.27091e-05 -2.82219e-05  2.03561e-05 -1.22828e-05  5.29636e-06  1.18226e-06 -8.92799e-06  2.05041e-05 -3.88642e-05  6.61014e-05 -0.000100254  0.000130095 -0.000127547  5.61884e-05  0.000187085    0.0173895  -0.00202639   0.00110641 -0.000283976  9.36257e-05 -1.96799e-05 -3.16124e-05  0.000158201 -0.000502646   0.00159117  -0.00104489    0.0226724  0.000376863   0.00642888     0.002758 -0.000283245   0.00105678 -0.000385038   0.00040874 -0.000143283  4.88985e-05 -1.48138e-05  4.78883e-06  -1.6435e-06  4.81146e-07     2.13e-07  -9.3584e-07  2.03205e-06 -4.03166e-06  8.93559e-06 -2.30374e-05  7.47194e-05 -0.000243471  0.000858356  -0.00173428   0.00995598
[trajectory_generator_node-6] [Smooth Optimize] MINCO reaches max evaluations: Line search reaches the maximum try number, assumptions not satisfied or precision not achievable.
[trajectory_generator_node-6] [Smooth Optimize] MINCO: cost=2.0 total_T=36.736(init 36.219) max_drift=0.184 max_vel=0.5 segs=36
[trajectory_generator_node-6] [Smooth Resample] resample
[trajectory_generator_node-6] [Smooth Resample] 37 -> 19 waypoints, 18 time segs, max_turn=82.4 deg
[trajectory_generator_node-6] [Manager] optimizer generate time: 0.005381
[trajectory_generator_node-6] [Reference] path size : 19
[trajectory_generator_node-6] [Reference] solvePolyMatrix ENTER: N=18, path_size=19, trap_time_size=18
[trajectory_generator_node-6] [Reference]   path[0]=(-3.2190,2.1460) path[1]=(-3.7159,1.8014) t[0]=2.064850 state_vel=(0.0000,0.0000)
[trajectory_generator_node-6] [Reference] banded solve done. b[0]=-0.405307 b[N]=-0.358137 b2[0]=-0.276804 b2[N]=0.257036
[trajectory_generator_node-6] [Reference] solvePolyMatrix EXIT: polyX[0]=[0.041706 -0.202654 0.000000 -3.219000]
[trajectory_generator_node-6] [Reference] solvePolyMatrix ENTER: N=18, path_size=19, trap_time_size=18
[trajectory_generator_node-6] [Reference]   path[0]=(-3.2190,2.1460) path[1]=(-3.7159,1.8014) t[0]=2.271335 state_vel=(0.0000,0.0000)
[trajectory_generator_node-6] [Reference] banded solve done. b[0]=-0.337747 b[N]=-0.298558 b2[0]=-0.230687 b2[N]=0.214276
[trajectory_generator_node-6] [Reference] solvePolyMatrix EXIT: polyX[0]=[0.031947 -0.168873 0.000000 -3.219000]
[trajectory_generator_node-6] [Reference] solvePolyMatrix ENTER: N=18, path_size=19, trap_time_size=18
[trajectory_generator_node-6] [Reference]   path[0]=(-3.2190,2.1460) path[1]=(-3.7159,1.8014) t[0]=2.498469 state_vel=(0.0000,0.0000)
[trajectory_generator_node-6] [Reference] banded solve done. b[0]=-0.281848 b[N]=-0.249263 b2[0]=-0.192535 b2[N]=0.178897
[trajectory_generator_node-6] [Reference] solvePolyMatrix EXIT: polyX[0]=[0.024546 -0.140924 0.000000 -3.219000]
[trajectory_generator_node-6] [INFO] [1790448722.877381354] [trajectory_generation]: FSM published 18 trajectory pieces
[trajectory_tracking_node-8] [WARN] [1790448727.910608779] [trajectory_tracking]: RM_GridMap predicted-path replan requested: collision_samples=0 trajectory_age=5.02
[trajectory_generator_node-6] [Manager REPLAN]  cur position point (X, Y) = (-4.246138, 1.450973), target point (X, Y) = (-0.919000, -4.454000)
[trajectory_generator_node-6] [Manager REPLAN] target_temp (X, Y) = (-0.919000, -4.454000)
[trajectory_generator_node-6] [Manager REPLAN] robot 1.24m from path, full replan
[trajectory_generator_node-6] [Manager] start point, (x, y): (-4.25, 1.45)
[trajectory_generator_node-6] [Manager] receive target, (x, y): (-0.92, -4.45)
[trajectory_generator_node-6] [Topo]: m_graph before num: 1602
[trajectory_generator_node-6] [Topo]: dijkstra time: 0.012809
[trajectory_generator_node-6] [Topo]: topo search time: 0.476434
[trajectory_generator_node-6] [Topo]: m_graph num: 2523
[trajectory_generator_node-6] [DIAG] origin_path (Dijkstra) size: 4
[trajectory_generator_node-6] [DIAG]   origin[0]: (-4.246, 1.451, 0.015)
[trajectory_generator_node-6] [DIAG]   origin[1]: (-6.069, -0.404, 0.015)
[trajectory_generator_node-6] [DIAG]   origin[2]: (-4.769, -1.804, 0.015)
[trajectory_generator_node-6] [DIAG]   origin[3]: (-0.919, -4.454, 0.015)
[trajectory_generator_node-6] [DIAG] lineVisib(start→end DIRECT): false  colli=(-4.02,1.05)
[trajectory_generator_node-6] [DIAG] direct line: 135 steps, 59 wall cells
[trajectory_generator_node-6] [smoothTopoPath] INPUT size=4
[trajectory_generator_node-6] [smoothTopoPath]   in[0]: (-4.246, 1.451, 0.015)
[trajectory_generator_node-6] [smoothTopoPath]   in[1]: (-6.069, -0.404, 0.015)
[trajectory_generator_node-6] [smoothTopoPath]   in[2]: (-4.769, -1.804, 0.015)
[trajectory_generator_node-6] [smoothTopoPath]   in[3]: (-0.919, -4.454, 0.015)
[trajectory_generator_node-6] [smoothTopoPath] lineVisib(start→end): false  colli=(-4.02,1.05)
[trajectory_generator_node-6] [smoothTopoPath] OUTPUT size=5, iter_count=4
[trajectory_generator_node-6] [smoothTopoPath]   out[0]: (-4.246, 1.451, 0.015)
[trajectory_generator_node-6] [smoothTopoPath]   out[1]: (-5.652, 0.449, 0.015)
[trajectory_generator_node-6] [smoothTopoPath]   out[2]: (-6.252, -0.421, 0.015)
[trajectory_generator_node-6] [smoothTopoPath]   out[3]: (-3.724, -2.886, 0.015)
[trajectory_generator_node-6] [smoothTopoPath]   out[4]: (-0.919, -4.454, 0.015)
[trajectory_generator_node-6] [DIAG] optimized_path (smoothTopoPath) size: 5
[trajectory_generator_node-6] [DIAG]   opt[0]: (-4.246, 1.451, 0.015)
[trajectory_generator_node-6] [DIAG]   opt[1]: (-5.652, 0.449, 0.015)
[trajectory_generator_node-6] [DIAG]   opt[2]: (-6.252, -0.421, 0.015)
[trajectory_generator_node-6] [DIAG]   opt[3]: (-3.724, -2.886, 0.015)
[trajectory_generator_node-6] [DIAG]   opt[4]: (-0.919, -4.454, 0.015)
[trajectory_generator_node-6] optimized_path size: 5
[trajectory_generator_node-6] [Manager] reference_speed: (0.30)
[trajectory_generator_node-6] [LBFGS] search direction d:  -0.00014757    4.872e-05  2.50985e-05 -4.74117e-05 -2.99546e-05  9.16421e-05   0.00086334 -1.74301e-05   0.00342748  0.000492016   0.00212728 -3.89624e-05   -0.0008176  0.000141294  1.01345e-05 -3.10858e-05  1.93585e-05 -6.92087e-06  8.37013e-07 -3.46124e-06 -4.54523e-05 -1.52467e-06 -1.67825e-05  0.000109652 -0.000337786 -0.000583337  0.000558626 -0.000880607 -0.000237052  0.000367193  -0.00379556 -9.66029e-05  1.98136e-05  3.19699e-05 -3.77483e-06 -0.000160892  0.000253509   0.00378701 -0.000108232   0.00452562 -0.000829959  -0.00192094 -0.000477073   0.00026936 -0.000271209  4.58491e-05  3.24517e-05 -3.43001e-05  1.78971e-05  -6.4672e-06  2.92522e-06 -0.000114224  1.62354e-05 -4.72255e-06 -4.55068e-06 -1.47528e-05 -0.000246748   0.00026168   0.00127684  2.10317e-06  -0.00015266    0.0021685   0.00157247 -0.000400398  5.56995e-05  0.000234904  -0.00079983   0.00241734  -0.00107205    0.0241542  -0.00071859   0.00108593  0.000765639  -0.00040242  0.000551612 -0.000161609  0.000148412 -7.08172e-05  1.99619e-05  5.93229e-06 -3.60532e-05  8.30376e-05 -0.000119503   0.00015792 -0.000101478  2.99962e-05  4.45534e-05 -5.59557e-05 -2.42695e-05  0.000267481  -0.00030721    0.0010265  -0.00361958    0.0272721
[trajectory_generator_node-6] [Smooth Optimize] MINCO reaches max evaluations: Line search reaches the maximum try number, assumptions not satisfied or precision not achievable.
[trajectory_generator_node-6] [Smooth Optimize] MINCO: cost=2.1 total_T=31.873(init 31.563) max_drift=0.156 max_vel=0.5 segs=32
[trajectory_generator_node-6] [Smooth Resample] resample
[trajectory_generator_node-6] [Smooth Resample] 33 -> 17 waypoints, 16 time segs, max_turn=47.1 deg
[trajectory_generator_node-6] [Manager] optimizer generate time: 0.005579
[trajectory_generator_node-6] [Reference] path size : 17
[trajectory_generator_node-6] [Reference] solvePolyMatrix ENTER: N=16, path_size=17, trap_time_size=16
[trajectory_generator_node-6] [Reference]   path[0]=(-4.2461,1.4510) path[1]=(-4.7352,1.1023) t[0]=2.002620 state_vel=(-0.2178,-0.1549)
[trajectory_generator_node-6] [Reference] banded solve done. b[0]=-0.046264 b[N]=-0.501878 b2[0]=-0.029995 b2[N]=0.264566
[trajectory_generator_node-6] [Reference] solvePolyMatrix EXIT: polyX[0]=[0.004956 -0.023132 -0.217778 -4.246138]
[trajectory_generator_node-6] [Reference] solvePolyMatrix ENTER: N=16, path_size=17, trap_time_size=16
[trajectory_generator_node-6] [Reference]   path[0]=(-4.2461,1.4510) path[1]=(-4.7352,1.1023) t[0]=2.002620 state_vel=(-0.2178,-0.1549)
[trajectory_generator_node-6] [Reference] banded solve done. b[0]=-0.046264 b[N]=-0.418095 b2[0]=-0.029995 b2[N]=0.220608
[trajectory_generator_node-6] [Reference] solvePolyMatrix EXIT: polyX[0]=[0.004956 -0.023132 -0.217778 -4.246138]
[trajectory_generator_node-6] [Reference] solvePolyMatrix ENTER: N=16, path_size=17, trap_time_size=16
[trajectory_generator_node-6] [Reference]   path[0]=(-4.2461,1.4510) path[1]=(-4.7352,1.1023) t[0]=2.002620 state_vel=(-0.2178,-0.1549)
[trajectory_generator_node-6] [Reference] banded solve done. b[0]=-0.046264 b[N]=-0.348760 b2[0]=-0.029995 b2[N]=0.184242
[trajectory_generator_node-6] [Reference] solvePolyMatrix EXIT: polyX[0]=[0.004956 -0.023132 -0.217778 -4.246138]
[trajectory_generator_node-6] [Reference] solvePolyMatrix ENTER: N=16, path_size=17, trap_time_size=16
[trajectory_generator_node-6] [Reference]   path[0]=(-4.2461,1.4510) path[1]=(-4.7352,1.1023) t[0]=2.002620 state_vel=(-0.2178,-0.1549)
[trajectory_generator_node-6] [Reference] banded solve done. b[0]=-0.046264 b[N]=-0.291345 b2[0]=-0.029995 b2[N]=0.154134
[trajectory_generator_node-6] [Reference] solvePolyMatrix EXIT: polyX[0]=[0.004956 -0.023132 -0.217778 -4.246138]
[trajectory_generator_node-6] [INFO] [1790448728.416544379] [trajectory_generation]: FSM published 16 trajectory pieces
[trajectory_tracking_node-8] [WARN] [1790448733.438125344] [trajectory_tracking]: RM_GridMap predicted-path replan requested: collision_samples=0 trajectory_age=5.01
[trajectory_generator_node-6] [Manager REPLAN]  cur position point (X, Y) = (-5.441127, 0.620649), target point (X, Y) = (-0.919000, -4.454000)
[trajectory_generator_node-6] [Manager REPLAN] target_temp (X, Y) = (-0.919000, -4.454000)
[trajectory_generator_node-6] [Manager REPLAN] path safe & target unchanged, re-anchoring from cur pos
[trajectory_generator_node-6] [LBFGS] search direction d:  0.000641092  0.000893386  -0.00054409  0.000918188  0.000506451  0.000711696 -0.000834047 -0.000143287  -0.00014352  7.32927e-05 -3.71558e-05  2.41803e-05 -2.41742e-05  3.20917e-05 -4.36088e-05  4.16327e-05 -9.99451e-05 -1.85451e-05 -0.000170013 -0.000158814 -0.000343841  0.000533045  -0.00130723  0.000604969  -0.00110061   0.00240555 -0.000691669 -0.000164598 -0.000871828  0.000871184  0.000210514  0.000633846  -0.00291996  -0.00101642   2.5534e-05  5.54276e-05 -6.46951e-05  5.17627e-05 -4.24614e-05  4.51132e-05 -5.64472e-05  0.000123178  -0.00010604 -7.20464e-05 -0.000250754 -0.000307415  -0.00160092    0.0011192  0.000307923 -0.000254735  0.000534254  -0.00128057   0.00217237 -0.000834772    0.0104997  -0.00014813    0.0010161  0.000549224 -0.000371786  0.000366061  -0.00016077  0.000102081 -4.00211e-05  1.18995e-05 -5.00855e-07 -9.24107e-06  2.26429e-05 -2.94305e-05  9.14775e-05 -5.90688e-05  6.71823e-05 -0.000103097  0.000223956 -0.000302463  0.000512069 -0.000337838  0.000732728  -0.00161372    0.0108647
[trajectory_generator_node-6] [Smooth Optimize] MINCO reaches max evaluations: Line search reaches the maximum try number, assumptions not satisfied or precision not achievable.
[trajectory_generator_node-6] [Smooth Optimize] MINCO: cost=2.2 total_T=27.501(init 26.634) max_drift=0.187 max_vel=0.4 segs=27
[trajectory_generator_node-6] [Smooth Resample] resample
[trajectory_generator_node-6] [Smooth Resample] 28 -> 15 waypoints, 14 time segs, max_turn=42.6 deg
[trajectory_generator_node-6] [Reference] path size : 15
[trajectory_generator_node-6] [Reference] solvePolyMatrix ENTER: N=14, path_size=15, trap_time_size=14
[trajectory_generator_node-6] [Reference]   path[0]=(-5.4411,0.6206) path[1]=(-5.7990,0.2218) t[0]=2.037279 state_vel=(-0.2322,-0.1672)
[trajectory_generator_node-6] [Reference] banded solve done. b[0]=0.092793 b[N]=-0.497877 b2[0]=-0.023678 b2[N]=0.289903
[trajectory_generator_node-6] [Reference] solvePolyMatrix EXIT: polyX[0]=[-0.009142 0.046397 -0.232233 -5.441127]
[trajectory_generator_node-6] [Reference] solvePolyMatrix ENTER: N=14, path_size=15, trap_time_size=14
[trajectory_generator_node-6] [Reference]   path[0]=(-5.4411,0.6206) path[1]=(-5.7990,0.2218) t[0]=2.037279 state_vel=(-0.2322,-0.1672)
[trajectory_generator_node-6] [Reference] banded solve done. b[0]=0.092793 b[N]=-0.414640 b2[0]=-0.023678 b2[N]=0.242590
[trajectory_generator_node-6] [Reference] solvePolyMatrix EXIT: polyX[0]=[-0.009142 0.046397 -0.232233 -5.441127]
[trajectory_generator_node-6] [Reference] solvePolyMatrix ENTER: N=14, path_size=15, trap_time_size=14
[trajectory_generator_node-6] [Reference]   path[0]=(-5.4411,0.6206) path[1]=(-5.7990,0.2218) t[0]=2.037279 state_vel=(-0.2322,-0.1672)
[trajectory_generator_node-6] [Reference] banded solve done. b[0]=0.092793 b[N]=-0.345832 b2[0]=-0.023678 b2[N]=0.203402
[trajectory_generator_node-6] [Reference] solvePolyMatrix EXIT: polyX[0]=[-0.009142 0.046397 -0.232233 -5.441127]
[trajectory_generator_node-6] [Reference] solvePolyMatrix ENTER: N=14, path_size=15, trap_time_size=14
[trajectory_generator_node-6] [Reference]   path[0]=(-5.4411,0.6206) path[1]=(-5.7990,0.2218) t[0]=2.037279 state_vel=(-0.2322,-0.1672)
[trajectory_generator_node-6] [Reference] banded solve done. b[0]=0.092793 b[N]=-0.288912 b2[0]=-0.023678 b2[N]=0.170910
[trajectory_generator_node-6] [Reference] solvePolyMatrix EXIT: polyX[0]=[-0.009142 0.046397 -0.232233 -5.441127]
[trajectory_generator_node-6] [INFO] [1790448733.484947474] [trajectory_generation]: FSM published 14 trajectory pieces
[trajectory_tracking_node-8] [WARN] [1790448738.511412042] [trajectory_tracking]: RM_GridMap predicted-path replan requested: collision_samples=0 trajectory_age=5.01
[trajectory_generator_node-6] [Manager REPLAN]  cur position point (X, Y) = (-6.111288, -0.530217), target point (X, Y) = (-0.919000, -4.454000)
[trajectory_generator_node-6] [Manager REPLAN] target_temp (X, Y) = (-0.919000, -4.454000)
[trajectory_generator_node-6] [Manager REPLAN] path safe & target unchanged, re-anchoring from cur pos
[trajectory_generator_node-6] [LBFGS] search direction d: -0.000192727 -0.000516613  0.000479763  -0.00011283  2.30756e-05  4.91662e-06 -8.06282e-06  4.46096e-06  -1.2988e-06  2.53384e-07  8.35984e-06  5.01238e-06 -6.02562e-06 -5.22606e-05  5.90291e-05  -0.00011616  8.06132e-05  -4.0012e-05  0.000105461 -6.27831e-05 -0.000243512  0.000345009  0.000548259 -0.000221802  0.000330867 -0.000149921  5.89082e-05 -1.96885e-05  4.74095e-06  -1.1276e-06  3.07434e-06  4.63345e-06  1.67872e-05 -1.82182e-05 -3.38658e-05 -2.83321e-05  5.24547e-05 -5.21894e-06  6.67996e-05 -1.11538e-05 -1.73176e-05   0.00020088  0.000608387 -0.000146535  0.000138615 -5.38407e-05  3.23831e-05 -1.07483e-05  2.06274e-06  2.04335e-07 -1.06203e-06    2.019e-06  2.53321e-06  3.29082e-05 -1.89614e-05  2.71618e-05 -4.46827e-05  9.46569e-05  -0.00011514  0.000188303 -0.000120745  0.000242492 -0.000585561   0.00384809
[trajectory_generator_node-6] [Smooth Optimize] MINCO reaches max evaluations: Line search reaches the maximum try number, assumptions not satisfied or precision not achievable.
[trajectory_generator_node-6] [Smooth Optimize] MINCO: cost=1.0 total_T=22.002(init 21.886) max_drift=0.122 max_vel=0.4 segs=22
[trajectory_generator_node-6] [Smooth Resample] resample
[trajectory_generator_node-6] [Smooth Resample] 23 -> 12 waypoints, 11 time segs, max_turn=23.1 deg
[trajectory_generator_node-6] [Reference] path size : 12
[trajectory_generator_node-6] [Reference] solvePolyMatrix ENTER: N=11, path_size=12, trap_time_size=11
[trajectory_generator_node-6] [Reference]   path[0]=(-6.1113,-0.5302) path[1]=(-5.7710,-1.0381) t[0]=2.055713 state_vel=(0.0080,-0.2502)
[trajectory_generator_node-6] [Reference] banded solve done. b[0]=0.218761 b[N]=-0.477083 b2[0]=-0.036503 b2[N]=0.244540
[trajectory_generator_node-6] [Reference] solvePolyMatrix EXIT: polyX[0]=[-0.015923 0.109381 0.007955 -6.111288]
[trajectory_generator_node-6] [Reference] solvePolyMatrix ENTER: N=11, path_size=12, trap_time_size=11
[trajectory_generator_node-6] [Reference]   path[0]=(-6.1113,-0.5302) path[1]=(-5.7710,-1.0381) t[0]=2.055713 state_vel=(0.0080,-0.2502)
[trajectory_generator_node-6] [Reference] banded solve done. b[0]=0.218761 b[N]=-0.397603 b2[0]=-0.036503 b2[N]=0.203700
[trajectory_generator_node-6] [Reference] solvePolyMatrix EXIT: polyX[0]=[-0.015923 0.109381 0.007955 -6.111288]
[trajectory_generator_node-6] [Reference] solvePolyMatrix ENTER: N=11, path_size=12, trap_time_size=11
[trajectory_generator_node-6] [Reference]   path[0]=(-6.1113,-0.5302) path[1]=(-5.7710,-1.0381) t[0]=2.055713 state_vel=(0.0080,-0.2502)
[trajectory_generator_node-6] [Reference] banded solve done. b[0]=0.218762 b[N]=-0.331814 b2[0]=-0.036503 b2[N]=0.169931
[trajectory_generator_node-6] [Reference] solvePolyMatrix EXIT: polyX[0]=[-0.015923 0.109381 0.007955 -6.111288]
[trajectory_generator_node-6] [Reference] solvePolyMatrix ENTER: N=11, path_size=12, trap_time_size=11
[trajectory_generator_node-6] [Reference]   path[0]=(-6.1113,-0.5302) path[1]=(-5.7710,-1.0381) t[0]=2.055713 state_vel=(0.0080,-0.2502)
[trajectory_generator_node-6] [Reference] banded solve done. b[0]=0.218762 b[N]=-0.277322 b2[0]=-0.036504 b2[N]=0.141991
[trajectory_generator_node-6] [Reference] solvePolyMatrix EXIT: polyX[0]=[-0.015923 0.109381 0.007955 -6.111288]
[trajectory_generator_node-6] [INFO] [1790448738.524793200] [trajectory_generation]: FSM published 11 trajectory pieces
[trajectory_tracking_node-8] [WARN] [1790448743.549621629] [trajectory_tracking]: RM_GridMap predicted-path replan requested: collision_samples=0 trajectory_age=5.02
[trajectory_generator_node-6] [Manager REPLAN]  cur position point (X, Y) = (-5.032507, -1.569451), target point (X, Y) = (-0.919000, -4.454000)
[trajectory_generator_node-6] [Manager REPLAN] target_temp (X, Y) = (-0.919000, -4.454000)
[trajectory_generator_node-6] [Manager REPLAN] robot 1.50m from path, full replan
[trajectory_generator_node-6] [Manager] start point, (x, y): (-5.03, -1.57)
[trajectory_generator_node-6] [Manager] receive target, (x, y): (-0.92, -4.45)
[trajectory_generator_node-6] [Topo]: m_graph before num: 1602
[trajectory_generator_node-6] [Topo]: dijkstra time: 0.049710
[trajectory_generator_node-6] [Topo]: topo search time: 0.416692
[trajectory_generator_node-6] [Topo]: m_graph num: 2539
[trajectory_generator_node-6] [DIAG] origin_path (Dijkstra) size: 2
[trajectory_generator_node-6] [DIAG]   origin[0]: (-5.033, -1.569, 0.015)
[trajectory_generator_node-6] [DIAG]   origin[1]: (-0.919, -4.454, 0.015)
[trajectory_generator_node-6] [DIAG] lineVisib(start→end DIRECT): TRUE(!!)  colli=(-5.03,-1.57)
[trajectory_generator_node-6] [DIAG] direct line: 100 steps, 0 wall cells
[trajectory_generator_node-6] [smoothTopoPath] INPUT size=2
[trajectory_generator_node-6] [smoothTopoPath]   in[0]: (-5.033, -1.569, 0.015)
[trajectory_generator_node-6] [smoothTopoPath]   in[1]: (-0.919, -4.454, 0.015)
[trajectory_generator_node-6] [smoothTopoPath] lineVisib(start→end): TRUE(!)  colli=(0.00,0.00)
[trajectory_generator_node-6] [smoothTopoPath] OUTPUT size=2, iter_count=1
[trajectory_generator_node-6] [smoothTopoPath]   out[0]: (-5.033, -1.569, 0.015)
[trajectory_generator_node-6] [smoothTopoPath]   out[1]: (-0.919, -4.454, 0.015)
[trajectory_generator_node-6] [DIAG] optimized_path (smoothTopoPath) size: 2
[trajectory_generator_node-6] [DIAG]   opt[0]: (-5.033, -1.569, 0.015)
[trajectory_generator_node-6] [DIAG]   opt[1]: (-0.919, -4.454, 0.015)
[trajectory_generator_node-6] optimized_path size: 2
[trajectory_generator_node-6] [Manager] reference_speed: (0.30)
[trajectory_generator_node-6] [Smooth Optimize] MINCO Optimization Success: Success: met stopping criteria (past f decrease less than delta).
[trajectory_generator_node-6] [Smooth Optimize] MINCO: cost=0.0 total_T=18.159(init 16.747) max_drift=0.004 max_vel=0.3 segs=17
[trajectory_generator_node-6] [Smooth Resample] resample
[trajectory_generator_node-6] [Smooth Resample] 18 -> 10 waypoints, 9 time segs, max_turn=0.2 deg
[trajectory_generator_node-6] [Manager] optimizer generate time: 0.001931
[trajectory_generator_node-6] [Reference] path size : 10
[trajectory_generator_node-6] [Reference] solvePolyMatrix ENTER: N=9, path_size=10, trap_time_size=9
[trajectory_generator_node-6] [Reference]   path[0]=(-5.0325,-1.5695) path[1]=(-4.5399,-1.9133) t[0]=2.155192 state_vel=(0.2000,-0.1990)
[trajectory_generator_node-6] [Reference] banded solve done. b[0]=0.037269 b[N]=-0.085958 b2[0]=0.070657 b2[N]=0.060287
[trajectory_generator_node-6] [Reference] solvePolyMatrix EXIT: polyX[0]=[-0.002504 0.018635 0.200021 -5.032507]
[trajectory_generator_node-6] [INFO] [1790448743.984783387] [trajectory_generation]: FSM published 9 trajectory pieces
[trajectory_tracking_node-8] [WARN] [1790448749.008317322] [trajectory_tracking]: RM_GridMap predicted-path replan requested: collision_samples=0 trajectory_age=5.01
[trajectory_generator_node-6] [Manager REPLAN]  cur position point (X, Y) = (-3.830733, -2.395829), target point (X, Y) = (-0.919000, -4.454000)
[trajectory_generator_node-6] [Manager REPLAN] target_temp (X, Y) = (-0.919000, -4.454000)
[trajectory_generator_node-6] [Manager REPLAN] robot 1.46m from path, full replan
[trajectory_generator_node-6] [Manager] start point, (x, y): (-3.83, -2.40)
[trajectory_generator_node-6] [Manager] receive target, (x, y): (-0.92, -4.45)
[trajectory_generator_node-6] [Topo]: m_graph before num: 1602
[trajectory_generator_node-6] [Topo]: dijkstra time: 0.012995
[trajectory_generator_node-6] [Topo]: topo search time: 0.419422
[trajectory_generator_node-6] [Topo]: m_graph num: 2541
[trajectory_generator_node-6] [DIAG] origin_path (Dijkstra) size: 2
[trajectory_generator_node-6] [DIAG]   origin[0]: (-3.831, -2.396, 0.015)
[trajectory_generator_node-6] [DIAG]   origin[1]: (-0.919, -4.454, 0.015)
[trajectory_generator_node-6] [DIAG] lineVisib(start→end DIRECT): TRUE(!!)  colli=(-3.83,-2.40)
[trajectory_generator_node-6] [DIAG] direct line: 71 steps, 0 wall cells
[trajectory_generator_node-6] [smoothTopoPath] INPUT size=2
[trajectory_generator_node-6] [smoothTopoPath]   in[0]: (-3.831, -2.396, 0.015)
[trajectory_generator_node-6] [smoothTopoPath]   in[1]: (-0.919, -4.454, 0.015)
[trajectory_generator_node-6] [smoothTopoPath] lineVisib(start→end): TRUE(!)  colli=(0.00,0.00)
[trajectory_generator_node-6] [smoothTopoPath] OUTPUT size=2, iter_count=1
[trajectory_generator_node-6] [smoothTopoPath]   out[0]: (-3.831, -2.396, 0.015)
[trajectory_generator_node-6] [smoothTopoPath]   out[1]: (-0.919, -4.454, 0.015)
[trajectory_generator_node-6] [DIAG] optimized_path (smoothTopoPath) size: 2
[trajectory_generator_node-6] [DIAG]   opt[0]: (-3.831, -2.396, 0.015)
[trajectory_generator_node-6] [DIAG]   opt[1]: (-0.919, -4.454, 0.015)
[trajectory_generator_node-6] optimized_path size: 2
[trajectory_generator_node-6] [Manager] reference_speed: (0.30)
[trajectory_generator_node-6] [Smooth Optimize] MINCO Optimization Success: Success: met stopping criteria (past f decrease less than delta).
[trajectory_generator_node-6] [Smooth Optimize] MINCO: cost=0.0 total_T=13.013(init 11.886) max_drift=0.000 max_vel=0.3 segs=12
[trajectory_generator_node-6] [Smooth Resample] resample
[trajectory_generator_node-6] [Smooth Resample] 13 -> 7 waypoints, 6 time segs, max_turn=0.0 deg
[trajectory_generator_node-6] [Manager] optimizer generate time: 0.004488
[trajectory_generator_node-6] [Reference] path size : 7
[trajectory_generator_node-6] [Reference] solvePolyMatrix ENTER: N=6, path_size=7, trap_time_size=6
[trajectory_generator_node-6] [Reference]   path[0]=(-3.8307,-2.3958) path[1]=(-3.3406,-2.7422) t[0]=2.009658 state_vel=(0.2461,-0.1663)
[trajectory_generator_node-6] [Reference] banded solve done. b[0]=-0.004388 b[N]=-0.142821 b2[0]=-0.010019 b2[N]=0.100991
[trajectory_generator_node-6] [Reference] solvePolyMatrix EXIT: polyX[0]=[0.000552 -0.002194 0.246058 -3.830733]
[trajectory_generator_node-6] [INFO] [1790448749.447266148] [trajectory_generation]: FSM published 6 trajectory pieces
[trajectory_tracking_node-8] [WARN] [1790448754.483872274] [trajectory_tracking]: RM_GridMap predicted-path replan requested: collision_samples=0 trajectory_age=5.02
[trajectory_generator_node-6] [Manager REPLAN]  cur position point (X, Y) = (-2.594854, -3.238347), target point (X, Y) = (-0.919000, -4.454000)
[trajectory_generator_node-6] [Manager REPLAN] target_temp (X, Y) = (-0.919000, -4.454000)
[trajectory_generator_node-6] [Manager REPLAN] robot 1.50m from path, full replan
[trajectory_generator_node-6] [Manager] start point, (x, y): (-2.59, -3.24)
[trajectory_generator_node-6] [Manager] receive target, (x, y): (-0.92, -4.45)
[trajectory_generator_node-6] [Topo]: m_graph before num: 1421
[trajectory_generator_node-6] [Topo]: dijkstra time: 0.013164
[trajectory_generator_node-6] [Topo]: topo search time: 0.312123
[trajectory_generator_node-6] [Topo]: m_graph num: 2237
[trajectory_generator_node-6] [DIAG] origin_path (Dijkstra) size: 2
[trajectory_generator_node-6] [DIAG]   origin[0]: (-2.595, -3.238, 0.015)
[trajectory_generator_node-6] [DIAG]   origin[1]: (-0.919, -4.454, 0.015)
[trajectory_generator_node-6] [DIAG] lineVisib(start→end DIRECT): TRUE(!!)  colli=(-2.59,-3.24)
[trajectory_generator_node-6] [DIAG] direct line: 41 steps, 0 wall cells
[trajectory_generator_node-6] [smoothTopoPath] INPUT size=2
[trajectory_generator_node-6] [smoothTopoPath]   in[0]: (-2.595, -3.238, 0.015)
[trajectory_generator_node-6] [smoothTopoPath]   in[1]: (-0.919, -4.454, 0.015)
[trajectory_generator_node-6] [smoothTopoPath] lineVisib(start→end): TRUE(!)  colli=(0.00,0.00)
[trajectory_generator_node-6] [smoothTopoPath] OUTPUT size=2, iter_count=1
[trajectory_generator_node-6] [smoothTopoPath]   out[0]: (-2.595, -3.238, 0.015)
[trajectory_generator_node-6] [smoothTopoPath]   out[1]: (-0.919, -4.454, 0.015)
[trajectory_generator_node-6] [DIAG] optimized_path (smoothTopoPath) size: 2
[trajectory_generator_node-6] [DIAG]   opt[0]: (-2.595, -3.238, 0.015)
[trajectory_generator_node-6] [DIAG]   opt[1]: (-0.919, -4.454, 0.015)
[trajectory_generator_node-6] optimized_path size: 2
[trajectory_generator_node-6] [Manager] reference_speed: (0.30)
[trajectory_generator_node-6] [Smooth Optimize] MINCO Optimization Success: Success: met stopping criteria (past f decrease less than delta).
[trajectory_generator_node-6] [Smooth Optimize] MINCO: cost=0.0 total_T=8.027(init 6.901) max_drift=0.001 max_vel=0.3 segs=7
[trajectory_generator_node-6] [Smooth Resample] resample
[trajectory_generator_node-6] [Smooth Resample] 8 -> 5 waypoints, 4 time segs, max_turn=0.1 deg
[trajectory_generator_node-6] [Manager] optimizer generate time: 0.001409
[trajectory_generator_node-6] [Reference] path size : 5
[trajectory_generator_node-6] [Reference] solvePolyMatrix ENTER: N=4, path_size=5, trap_time_size=4
[trajectory_generator_node-6] [Reference]   path[0]=(-2.5949,-3.2383) path[1]=(-2.1094,-3.5908) t[0]=1.982922 state_vel=(0.2450,-0.1686)
[trajectory_generator_node-6] [Reference] banded solve done. b[0]=0.004934 b[N]=-0.128377 b2[0]=-0.020079 b2[N]=0.092930
[trajectory_generator_node-6] [Reference] solvePolyMatrix EXIT: polyX[0]=[-0.001300 0.002467 0.245014 -2.594854]
[trajectory_generator_node-6] [INFO] [1790448754.833063457] [trajectory_generation]: FSM published 4 trajectory pieces
[trajectory_tracking_node-8] [WARN] [1790448759.865237532] [trajectory_tracking]: RM_GridMap predicted-path replan requested: collision_samples=0 trajectory_age=5.02
[trajectory_generator_node-6] [Manager REPLAN]  cur position point (X, Y) = (-1.342767, -4.109492), target point (X, Y) = (-0.919000, -4.454000)
[trajectory_generator_node-6] [Manager REPLAN] target_temp (X, Y) = (-0.919000, -4.454000)
[trajectory_generator_node-6] [Manager REPLAN] path safe & target unchanged, re-anchoring from cur pos
[trajectory_generator_node-6] [Smooth Optimize] MINCO Optimization STOP: Success: reached convergence (g_epsilon).
[trajectory_generator_node-6] [Smooth Optimize] MINCO: cost=0.0 total_T=3.036(init 1.820) max_drift=0.000 max_vel=0.9 segs=2
[trajectory_generator_node-6] [Smooth Resample] resample
[trajectory_generator_node-6] [Smooth Resample] path too short (3 pts), keeping all
[trajectory_generator_node-6] [Reference] path size : 3
[trajectory_generator_node-6] [Reference] solvePolyMatrix ENTER: N=2, path_size=3, trap_time_size=2
[trajectory_generator_node-6] [Reference]   path[0]=(-1.3428,-4.1095) path[1]=(-1.1098,-4.2985) t[0]=1.035834 state_vel=(0.2382,-0.1695)
[trajectory_generator_node-6] [Reference] banded solve done. b[0]=0.011209 b[N]=-0.093487 b2[0]=-0.085298 b2[N]=0.068959
[trajectory_generator_node-6] [Reference] solvePolyMatrix EXIT: polyX[0]=[-0.017758 0.005604 0.238198 -1.342767]
[trajectory_generator_node-6] [INFO] [1790448759.878548411] [trajectory_generation]: FSM published 2 trajectory pieces
[trajectory_tracking_node-8] [WARN] [1790448762.482603169] [trajectory_tracking]: trajectory tracking stopped: invalid coefficient array length
[trajectory_tracking_node-8] [WARN] [1790448764.569909261] [trajectory_tracking]: trajectory tracking stopped: no valid trajectory
[trajectory_generator_node-6] [INFO] [1790448765.549986535] [trajectory_generation]: FSM accepted manual goal goal=(-0.92, -4.45, 0.02)
[trajectory_generator_node-6] [Manager] start point, (x, y): (-3.22, 2.15)
[trajectory_generator_node-6] [Manager] receive target, (x, y): (-0.92, -4.45)
[trajectory_generator_node-6] [Topo]: m_graph before num: 1605
[trajectory_generator_node-6] [Topo]: dijkstra time: 0.022530
[trajectory_generator_node-6] [Topo]: topo search time: 0.507418
[trajectory_generator_node-6] [Topo]: m_graph num: 2553
[trajectory_generator_node-6] [DIAG] origin_path (Dijkstra) size: 3
[trajectory_generator_node-6] [DIAG]   origin[0]: (-3.219, 2.146, 0.015)
[trajectory_generator_node-6] [DIAG]   origin[1]: (-6.269, -0.554, 0.015)
[trajectory_generator_node-6] [DIAG]   origin[2]: (-0.919, -4.454, 0.015)
[trajectory_generator_node-6] [DIAG] lineVisib(start→end DIRECT): false  colli=(-3.17,1.95)
[trajectory_generator_node-6] [DIAG] direct line: 139 steps, 98 wall cells
[trajectory_generator_node-6] [smoothTopoPath] INPUT size=3
[trajectory_generator_node-6] [smoothTopoPath]   in[0]: (-3.219, 2.146, 0.015)
[trajectory_generator_node-6] [smoothTopoPath]   in[1]: (-6.269, -0.554, 0.015)
[trajectory_generator_node-6] [smoothTopoPath]   in[2]: (-0.919, -4.454, 0.015)
[trajectory_generator_node-6] [smoothTopoPath] lineVisib(start→end): false  colli=(-3.17,1.95)
[trajectory_generator_node-6] [smoothTopoPath] OUTPUT size=4, iter_count=3
[trajectory_generator_node-6] [smoothTopoPath]   out[0]: (-3.219, 2.146, 0.015)
[trajectory_generator_node-6] [smoothTopoPath]   out[1]: (-5.514, 0.515, 0.015)
[trajectory_generator_node-6] [smoothTopoPath]   out[2]: (-6.376, -0.538, 0.015)
[trajectory_generator_node-6] [smoothTopoPath]   out[3]: (-0.919, -4.454, 0.015)
[trajectory_generator_node-6] [DIAG] optimized_path (smoothTopoPath) size: 4
[trajectory_generator_node-6] [DIAG]   opt[0]: (-3.219, 2.146, 0.015)
[trajectory_generator_node-6] [DIAG]   opt[1]: (-5.514, 0.515, 0.015)
[trajectory_generator_node-6] [DIAG]   opt[2]: (-6.376, -0.538, 0.015)
[trajectory_generator_node-6] [DIAG]   opt[3]: (-0.919, -4.454, 0.015)
[trajectory_generator_node-6] optimized_path size: 4
[trajectory_generator_node-6] [Manager] reference_speed: (0.30)
[trajectory_generator_node-6] [LBFGS] search direction d:  0.000282137  -0.00204802  0.000502564 -0.000391651  0.000250588 -0.000135414  5.64463e-05 -5.99398e-06 -1.20236e-05 -0.000102454 -2.38173e-05 -9.46522e-05  0.000916975  0.000646115 -0.000131882  0.000666432  0.000282806  0.000174756 -0.000125484  7.76103e-05 -4.22819e-05  2.08225e-05 -8.98882e-06  2.49213e-06  1.97482e-06 -7.04044e-06  1.53305e-05  -3.0036e-05  5.48635e-05 -9.24353e-05  0.000139839 -0.000181333  0.000177744 -7.83013e-05 -0.000260667  0.000514351  0.000916538   0.00057385 -0.000375903  0.000209264  -9.5234e-05  2.74001e-05  1.50599e-05 -2.01209e-05 -6.68212e-05 -1.48666e-05 -0.000900024  0.000706553   0.00140556  2.58001e-05 -0.000602771   0.00129438 -5.12201e-05  3.42904e-05 -3.23893e-05  3.27091e-05 -2.82219e-05  2.03561e-05 -1.22828e-05  5.29636e-06  1.18226e-06 -8.92799e-06  2.05041e-05 -3.88642e-05  6.61014e-05 -0.000100254  0.000130095 -0.000127547  5.61884e-05  0.000187085    0.0173895  -0.00202639   0.00110641 -0.000283976  9.36257e-05 -1.96799e-05 -3.16124e-05  0.000158201 -0.000502646   0.00159117  -0.00104489    0.0226724  0.000376863   0.00642888     0.002758 -0.000283245   0.00105678 -0.000385038   0.00040874 -0.000143283  4.88985e-05 -1.48138e-05  4.78883e-06  -1.6435e-06  4.81146e-07     2.13e-07  -9.3584e-07  2.03205e-06 -4.03166e-06  8.93559e-06 -2.30374e-05  7.47194e-05 -0.000243471  0.000858356  -0.00173428   0.00995598
[trajectory_generator_node-6] [Smooth Optimize] MINCO reaches max evaluations: Line search reaches the maximum try number, assumptions not satisfied or precision not achievable.
[trajectory_generator_node-6] [Smooth Optimize] MINCO: cost=2.0 total_T=36.736(init 36.219) max_drift=0.184 max_vel=0.5 segs=36
[trajectory_generator_node-6] [Smooth Resample] resample
[trajectory_generator_node-6] [Smooth Resample] 37 -> 19 waypoints, 18 time segs, max_turn=82.4 deg
[trajectory_generator_node-6] [Manager] optimizer generate time: 0.004813
[trajectory_generator_node-6] [Reference] path size : 19
[trajectory_generator_node-6] [Reference] solvePolyMatrix ENTER: N=18, path_size=19, trap_time_size=18
[trajectory_generator_node-6] [Reference]   path[0]=(-3.2190,2.1460) path[1]=(-3.7159,1.8014) t[0]=2.064850 state_vel=(0.0000,0.0000)
[trajectory_generator_node-6] [Reference] banded solve done. b[0]=-0.405307 b[N]=-0.358137 b2[0]=-0.276804 b2[N]=0.257036
[trajectory_generator_node-6] [Reference] solvePolyMatrix EXIT: polyX[0]=[0.041706 -0.202654 0.000000 -3.219000]
[trajectory_generator_node-6] [Reference] solvePolyMatrix ENTER: N=18, path_size=19, trap_time_size=18
[trajectory_generator_node-6] [Reference]   path[0]=(-3.2190,2.1460) path[1]=(-3.7159,1.8014) t[0]=2.271335 state_vel=(0.0000,0.0000)
[trajectory_generator_node-6] [Reference] banded solve done. b[0]=-0.337747 b[N]=-0.298558 b2[0]=-0.230687 b2[N]=0.214276
[trajectory_generator_node-6] [Reference] solvePolyMatrix EXIT: polyX[0]=[0.031947 -0.168873 0.000000 -3.219000]
[trajectory_generator_node-6] [Reference] solvePolyMatrix ENTER: N=18, path_size=19, trap_time_size=18
[trajectory_generator_node-6] [Reference]   path[0]=(-3.2190,2.1460) path[1]=(-3.7159,1.8014) t[0]=2.498469 state_vel=(0.0000,0.0000)
[trajectory_generator_node-6] [Reference] banded solve done. b[0]=-0.281848 b[N]=-0.249263 b2[0]=-0.192535 b2[N]=0.178897
[trajectory_generator_node-6] [Reference] solvePolyMatrix EXIT: polyX[0]=[0.024546 -0.140924 0.000000 -3.219000]
[trajectory_generator_node-6] [INFO] [1790448766.093438909] [trajectory_generation]: FSM published 18 trajectory pieces
[trajectory_tracking_node-8] [WARN] [1790448771.144031353] [trajectory_tracking]: RM_GridMap predicted-path replan requested: collision_samples=0 trajectory_age=5.02
[trajectory_generator_node-6] [Manager REPLAN]  cur position point (X, Y) = (-4.246370, 1.451018), target point (X, Y) = (-0.919000, -4.454000)
[trajectory_generator_node-6] [Manager REPLAN] target_temp (X, Y) = (-0.919000, -4.454000)
[trajectory_generator_node-6] [Manager REPLAN] robot 1.24m from path, full replan
[trajectory_generator_node-6] [Manager] start point, (x, y): (-4.25, 1.45)
[trajectory_generator_node-6] [Manager] receive target, (x, y): (-0.92, -4.45)
[trajectory_generator_node-6] [Topo]: m_graph before num: 1602
[trajectory_generator_node-6] [Topo]: dijkstra time: 0.019151
[trajectory_generator_node-6] [Topo]: topo search time: 0.406002
[trajectory_generator_node-6] [Topo]: m_graph num: 2517
[trajectory_generator_node-6] [DIAG] origin_path (Dijkstra) size: 4
[trajectory_generator_node-6] [DIAG]   origin[0]: (-4.246, 1.451, 0.015)
[trajectory_generator_node-6] [DIAG]   origin[1]: (-6.069, -0.454, 0.015)
[trajectory_generator_node-6] [DIAG]   origin[2]: (-3.769, -2.504, 0.015)
[trajectory_generator_node-6] [DIAG]   origin[3]: (-0.919, -4.454, 0.015)
[trajectory_generator_node-6] [DIAG] lineVisib(start→end DIRECT): false  colli=(-4.02,1.05)
[trajectory_generator_node-6] [DIAG] direct line: 135 steps, 59 wall cells
[trajectory_generator_node-6] [smoothTopoPath] INPUT size=4
[trajectory_generator_node-6] [smoothTopoPath]   in[0]: (-4.246, 1.451, 0.015)
[trajectory_generator_node-6] [smoothTopoPath]   in[1]: (-6.069, -0.454, 0.015)
[trajectory_generator_node-6] [smoothTopoPath]   in[2]: (-3.769, -2.504, 0.015)
[trajectory_generator_node-6] [smoothTopoPath]   in[3]: (-0.919, -4.454, 0.015)
[trajectory_generator_node-6] [smoothTopoPath] lineVisib(start→end): false  colli=(-4.02,1.05)
[trajectory_generator_node-6] [smoothTopoPath] OUTPUT size=5, iter_count=4
[trajectory_generator_node-6] [smoothTopoPath]   out[0]: (-4.246, 1.451, 0.015)
[trajectory_generator_node-6] [smoothTopoPath]   out[1]: (-5.569, 0.502, 0.015)
[trajectory_generator_node-6] [smoothTopoPath]   out[2]: (-6.271, -0.405, 0.015)
[trajectory_generator_node-6] [smoothTopoPath]   out[3]: (-3.754, -2.876, 0.015)
[trajectory_generator_node-6] [smoothTopoPath]   out[4]: (-0.919, -4.454, 0.015)
[trajectory_generator_node-6] [DIAG] optimized_path (smoothTopoPath) size: 5
[trajectory_generator_node-6] [DIAG]   opt[0]: (-4.246, 1.451, 0.015)
[trajectory_generator_node-6] [DIAG]   opt[1]: (-5.569, 0.502, 0.015)
[trajectory_generator_node-6] [DIAG]   opt[2]: (-6.271, -0.405, 0.015)
[trajectory_generator_node-6] [DIAG]   opt[3]: (-3.754, -2.876, 0.015)
[trajectory_generator_node-6] [DIAG]   opt[4]: (-0.919, -4.454, 0.015)
[trajectory_generator_node-6] [Manager] reference_speed: (0.30)
[trajectory_generator_node-6] optimized_path size: 5
[trajectory_generator_node-6] [LBFGS] search direction d: -0.000164504  5.27171e-06  7.46673e-05 -0.000118784  0.000124219 -0.000157258 -6.83561e-05  -7.5948e-05   0.00281539 -2.27463e-05  0.000326038  -0.00059311 -0.000805101  3.52449e-05  8.78459e-05 -7.89927e-05  3.90154e-05 -6.56433e-06 -1.04194e-05   1.5844e-05  0.000149316 -1.06586e-05  0.000106458  1.53887e-06  4.44608e-05  -0.00116747  0.000359819 -0.000718287   0.00108297  -0.00100577  -0.00352582 -0.000154076  8.45716e-06   8.7714e-05 -0.000152392  0.000185708 -0.000182009 -0.000466855 -0.000121446   0.00430972   2.8109e-05 -0.000411032  0.000471226 -2.14947e-05 -4.88276e-05 -9.20183e-05  9.16236e-05 -4.40303e-05  2.73846e-06  1.89517e-05 -1.82212e-05 -6.54147e-05  2.68314e-05  8.03891e-05  8.79204e-05 -3.25571e-06  0.000560917 -0.000137189  0.000946605 -0.000872675  0.000619619   0.00212855   0.00294499 -0.000757603  0.000127589  0.000368784  -0.00129374   0.00423682  -0.00235608     0.039488  -0.00144186   0.00179186   0.00203297  -0.00117235    0.0012141 -0.000469976  0.000335133 -0.000141057  3.48857e-05  2.22636e-05 -0.000102071  0.000236809 -0.000332234  0.000433039 -0.000283837  0.000194618 -0.000110884  0.000303728 -0.000624405   0.00141669  -0.00117206   0.00256149  -0.00692736    0.0486933
[trajectory_generator_node-6] [Smooth Optimize] MINCO reaches max evaluations: Line search reaches the maximum try number, assumptions not satisfied or precision not achievable.
[trajectory_generator_node-6] [Smooth Optimize] MINCO: cost=2.1 total_T=32.053(init 31.631) max_drift=0.152 max_vel=0.5 segs=32
[trajectory_generator_node-6] [Smooth Resample] resample
[trajectory_generator_node-6] [Smooth Resample] 33 -> 17 waypoints, 16 time segs, max_turn=50.4 deg
[trajectory_generator_node-6] [Manager] optimizer generate time: 0.007670
[trajectory_generator_node-6] [Reference] path size : 17
[trajectory_generator_node-6] [Reference] solvePolyMatrix ENTER: N=16, path_size=17, trap_time_size=16
[trajectory_generator_node-6] [Reference]   path[0]=(-4.2464,1.4510) path[1]=(-4.7344,1.1011) t[0]=2.006257 state_vel=(-0.2180,-0.1551)
[trajectory_generator_node-6] [Reference] banded solve done. b[0]=-0.042691 b[N]=-0.457308 b2[0]=-0.031366 b2[N]=0.238051
[trajectory_generator_node-6] [Reference] solvePolyMatrix EXIT: polyX[0]=[0.004362 -0.021346 -0.218011 -4.246370]
[trajectory_generator_node-6] [Reference] solvePolyMatrix ENTER: N=16, path_size=17, trap_time_size=16
[trajectory_generator_node-6] [Reference]   path[0]=(-4.2464,1.4510) path[1]=(-4.7344,1.1011) t[0]=2.006257 state_vel=(-0.2180,-0.1551)
[trajectory_generator_node-6] [Reference] banded solve done. b[0]=-0.042691 b[N]=-0.381276 b2[0]=-0.031366 b2[N]=0.198624
[trajectory_generator_node-6] [Reference] solvePolyMatrix EXIT: polyX[0]=[0.004362 -0.021346 -0.218011 -4.246370]
[trajectory_generator_node-6] [Reference] solvePolyMatrix ENTER: N=16, path_size=17, trap_time_size=16
[trajectory_generator_node-6] [Reference]   path[0]=(-4.2464,1.4510) path[1]=(-4.7344,1.1011) t[0]=2.006257 state_vel=(-0.2180,-0.1551)
[trajectory_generator_node-6] [Reference] banded solve done. b[0]=-0.042691 b[N]=-0.318341 b2[0]=-0.031366 b2[N]=0.166004
[trajectory_generator_node-6] [Reference] solvePolyMatrix EXIT: polyX[0]=[0.004362 -0.021346 -0.218011 -4.246370]
[trajectory_generator_node-6] [Reference] solvePolyMatrix ENTER: N=16, path_size=17, trap_time_size=16
[trajectory_generator_node-6] [Reference]   path[0]=(-4.2464,1.4510) path[1]=(-4.7344,1.1011) t[0]=2.006257 state_vel=(-0.2180,-0.1551)
[trajectory_generator_node-6] [Reference] banded solve done. b[0]=-0.042691 b[N]=-0.266209 b2[0]=-0.031366 b2[N]=0.138993
[trajectory_generator_node-6] [Reference] solvePolyMatrix EXIT: polyX[0]=[0.004362 -0.021346 -0.218011 -4.246370]
[trajectory_generator_node-6] [INFO] [1790448771.574511412] [trajectory_generation]: FSM published 16 trajectory pieces
[trajectory_tracking_node-8] [WARN] [1790448776.606448092] [trajectory_tracking]: RM_GridMap predicted-path replan requested: collision_samples=0 trajectory_age=5.02
[trajectory_generator_node-6] [Manager REPLAN]  cur position point (X, Y) = (-5.427371, 0.613950), target point (X, Y) = (-0.919000, -4.454000)
[trajectory_generator_node-6] [Manager REPLAN] target_temp (X, Y) = (-0.919000, -4.454000)
[trajectory_generator_node-6] [Manager REPLAN] path safe & target unchanged, re-anchoring from cur pos
[trajectory_generator_node-6] [LBFGS] search direction d:   0.00010401  0.000422789 -0.000897385  3.70989e-05  1.31929e-05   0.00140016   -0.0012841  0.000109442  -2.8449e-05  1.89999e-05  -9.3697e-06  3.37083e-06 -1.46693e-07 -9.48608e-07  -1.0275e-06 -6.67376e-06  3.09581e-06 -1.29122e-06  -7.6522e-06  2.74953e-05  -5.5308e-05 -0.000401057 -0.000456411 -2.96605e-05  2.41419e-05    5.506e-05  2.69683e-05  -0.00109203  -0.00183093  2.54713e-05  2.28522e-05  0.000761164  -0.00087535  0.000572038 -6.23291e-05  3.09804e-05 -1.23109e-05  3.84178e-06 -1.06195e-06  2.77346e-06 -9.13445e-06 -3.73573e-05 -1.65971e-05 -1.70406e-06   4.9364e-06 -9.40658e-07 -0.000183183  -0.00128995 -0.000346165  9.82478e-06 -1.71153e-05 -3.39578e-05  0.000155157 -7.19938e-05   0.00393502  1.21891e-07   0.00011072  1.88428e-05 -3.84527e-06  1.87866e-05 -4.95759e-06  5.01353e-06 -2.38567e-06  9.34376e-07 -5.11002e-07  8.20019e-07 -2.01138e-06  3.75242e-06  4.98814e-07  2.56357e-07  1.69955e-06 -6.10588e-06  2.03845e-05 -2.24318e-05  3.61246e-05 -2.30003e-05  4.80537e-05 -0.000108475  0.000767158
[trajectory_generator_node-6] [Smooth Optimize] MINCO reaches max evaluations: Line search reaches the maximum try number, assumptions not satisfied or precision not achievable.
[trajectory_generator_node-6] [Smooth Optimize] MINCO: cost=2.4 total_T=26.987(init 26.725) max_drift=0.191 max_vel=0.5 segs=27
[trajectory_generator_node-6] [Smooth Resample] resample
[trajectory_generator_node-6] [Smooth Resample] 28 -> 15 waypoints, 14 time segs, max_turn=39.8 deg
[trajectory_generator_node-6] [Reference] path size : 15
[trajectory_generator_node-6] [Reference] solvePolyMatrix ENTER: N=14, path_size=15, trap_time_size=14
[trajectory_generator_node-6] [Reference]   path[0]=(-5.4274,0.6140) path[1]=(-5.7968,0.2253) t[0]=2.001798 state_vel=(-0.2240,-0.1749)
[trajectory_generator_node-6] [Reference] banded solve done. b[0]=0.067096 b[N]=-0.711010 b2[0]=0.005649 b2[N]=0.400660
[trajectory_generator_node-6] [Reference] solvePolyMatrix EXIT: polyX[0]=[-0.006919 0.033548 -0.223966 -5.427371]
[trajectory_generator_node-6] [Reference] solvePolyMatrix ENTER: N=14, path_size=15, trap_time_size=14
[trajectory_generator_node-6] [Reference]   path[0]=(-5.4274,0.6140) path[1]=(-5.7968,0.2253) t[0]=2.001798 state_vel=(-0.2240,-0.1749)
[trajectory_generator_node-6] [Reference] banded solve done. b[0]=0.067096 b[N]=-0.591310 b2[0]=0.005649 b2[N]=0.334237
[trajectory_generator_node-6] [Reference] solvePolyMatrix EXIT: polyX[0]=[-0.006919 0.033548 -0.223966 -5.427371]
[trajectory_generator_node-6] [Reference] solvePolyMatrix ENTER: N=14, path_size=15, trap_time_size=14
[trajectory_generator_node-6] [Reference]   path[0]=(-5.4274,0.6140) path[1]=(-5.7968,0.2253) t[0]=2.001798 state_vel=(-0.2240,-0.1749)
[trajectory_generator_node-6] [Reference] banded solve done. b[0]=0.067096 b[N]=-0.492334 b2[0]=0.005649 b2[N]=0.279255
[trajectory_generator_node-6] [Reference] solvePolyMatrix EXIT: polyX[0]=[-0.006919 0.033548 -0.223966 -5.427371]
[trajectory_generator_node-6] [Reference] solvePolyMatrix ENTER: N=14, path_size=15, trap_time_size=14
[trajectory_generator_node-6] [Reference]   path[0]=(-5.4274,0.6140) path[1]=(-5.7968,0.2253) t[0]=2.001798 state_vel=(-0.2240,-0.1749)
[trajectory_generator_node-6] [Reference] banded solve done. b[0]=0.067096 b[N]=-0.410449 b2[0]=0.005649 b2[N]=0.233708
[trajectory_generator_node-6] [Reference] solvePolyMatrix EXIT: polyX[0]=[-0.006919 0.033548 -0.223966 -5.427371]
[trajectory_generator_node-6] [Reference] solvePolyMatrix ENTER: N=14, path_size=15, trap_time_size=14
[trajectory_generator_node-6] [Reference]   path[0]=(-5.4274,0.6140) path[1]=(-5.7968,0.2253) t[0]=2.001798 state_vel=(-0.2240,-0.1749)
[trajectory_generator_node-6] [Reference] banded solve done. b[0]=0.067096 b[N]=-0.342661 b2[0]=0.005649 b2[N]=0.195945
[trajectory_generator_node-6] [Reference] solvePolyMatrix EXIT: polyX[0]=[-0.006919 0.033548 -0.223966 -5.427371]
[trajectory_generator_node-6] [Reference] solvePolyMatrix ENTER: N=14, path_size=15, trap_time_size=14
[trajectory_generator_node-6] [Reference]   path[0]=(-5.4274,0.6140) path[1]=(-5.7968,0.2253) t[0]=2.001798 state_vel=(-0.2240,-0.1749)
[trajectory_generator_node-6] [Reference] banded solve done. b[0]=0.067096 b[N]=-0.286504 b2[0]=0.005649 b2[N]=0.164604
[trajectory_generator_node-6] [Reference] solvePolyMatrix EXIT: polyX[0]=[-0.006919 0.033548 -0.223966 -5.427371]
[trajectory_generator_node-6] [INFO] [1790448776.624409164] [trajectory_generation]: FSM published 14 trajectory pieces
[trajectory_tracking_node-8] [WARN] [1790448781.666759413] [trajectory_tracking]: RM_GridMap predicted-path replan requested: collision_samples=0 trajectory_age=5.03
[trajectory_generator_node-6] [Manager REPLAN]  cur position point (X, Y) = (-6.100804, -0.593924), target point (X, Y) = (-0.919000, -4.454000)
[trajectory_generator_node-6] [Manager REPLAN] target_temp (X, Y) = (-0.919000, -4.454000)
[trajectory_generator_node-6] [Manager REPLAN] path safe & target unchanged, re-anchoring from cur pos
[trajectory_generator_node-6] [LBFGS] search direction d:   0.00203216  -0.00213783  0.000117322  0.000628007 -0.000580186  0.000314135 -0.000114429  2.54105e-05 -3.40781e-05  0.000111745   0.00014528  -0.00373199  -0.00247876 -0.000465931  0.000869231 -0.000233697 -0.000867459  0.000214285  0.000111322   0.00106484  1.64576e-05  -0.00113148   0.00130355 -5.34486e-05 -0.000297848  0.000445075 -0.000389738  0.000269667 -0.000179375  0.000146573 -0.000165123  7.43592e-05  -0.00472868  -0.00520244  0.000102117 -0.000857064 -0.000131228 -3.08166e-05  -8.0803e-05 -0.000142885 -0.000450404  -0.00056446   0.00201426 -0.000167146   0.00023672  0.000218363 -4.21807e-05  2.00705e-06  1.17089e-05 -4.27939e-06 -1.68559e-05  6.20483e-05  -6.4196e-05  8.53653e-05 -5.30705e-05  3.95378e-05  1.00741e-05 -3.01956e-05  3.18217e-05  9.55402e-05  -6.6226e-05  0.000329487  -0.00150195    0.0116535
[trajectory_generator_node-6] [Smooth Optimize] MINCO reaches max evaluations: Line search reaches the maximum try number, assumptions not satisfied or precision not achievable.
[trajectory_generator_node-6] [Smooth Optimize] MINCO: cost=0.7 total_T=22.496(init 21.724) max_drift=0.096 max_vel=0.3 segs=22
[trajectory_generator_node-6] [Smooth Resample] resample
[trajectory_generator_node-6] [Smooth Resample] 23 -> 12 waypoints, 11 time segs, max_turn=17.7 deg
[trajectory_generator_node-6] [Reference] path size : 12
[trajectory_generator_node-6] [Reference] solvePolyMatrix ENTER: N=11, path_size=12, trap_time_size=11
[trajectory_generator_node-6] [Reference]   path[0]=(-6.1008,-0.5939) path[1]=(-5.7140,-1.0981) t[0]=2.109469 state_vel=(0.0417,-0.2455)
[trajectory_generator_node-6] [Reference] banded solve done. b[0]=0.208398 b[N]=-0.271252 b2[0]=-0.029674 b2[N]=0.137365
[trajectory_generator_node-6] [Reference] solvePolyMatrix EXIT: polyX[0]=[-0.017562 0.104199 0.041720 -6.100804]
[trajectory_generator_node-6] [INFO] [1790448781.703775062] [trajectory_generation]: FSM published 11 trajectory pieces
[trajectory_tracking_node-8] [WARN] [1790448786.726029158] [trajectory_tracking]: RM_GridMap predicted-path replan requested: collision_samples=0 trajectory_age=5.01
[trajectory_generator_node-6] [Manager REPLAN]  cur position point (X, Y) = (-5.035378, -1.605667), target point (X, Y) = (-0.919000, -4.454000)
[trajectory_generator_node-6] [Manager REPLAN] target_temp (X, Y) = (-0.919000, -4.454000)
[trajectory_generator_node-6] [Manager REPLAN] robot 1.47m from path, full replan
[trajectory_generator_node-6] [Manager] start point, (x, y): (-5.04, -1.61)
[trajectory_generator_node-6] [Manager] receive target, (x, y): (-0.92, -4.45)
[trajectory_generator_node-6] [Topo]: m_graph before num: 1602
[trajectory_generator_node-6] [Topo]: dijkstra time: 0.019214
[trajectory_generator_node-6] [Topo]: topo search time: 0.844209
[trajectory_generator_node-6] [Topo]: m_graph num: 2548
[trajectory_generator_node-6] [DIAG] origin_path (Dijkstra) size: 2
[trajectory_generator_node-6] [DIAG]   origin[0]: (-5.035, -1.606, 0.015)
[trajectory_generator_node-6] [DIAG]   origin[1]: (-0.919, -4.454, 0.015)
[trajectory_generator_node-6] [DIAG] lineVisib(start→end DIRECT): TRUE(!!)  colli=(-5.04,-1.61)
[trajectory_generator_node-6] [DIAG] direct line: 100 steps, 0 wall cells
[trajectory_generator_node-6] [smoothTopoPath] INPUT size=2
[trajectory_generator_node-6] [smoothTopoPath]   in[0]: (-5.035, -1.606, 0.015)
[trajectory_generator_node-6] [smoothTopoPath]   in[1]: (-0.919, -4.454, 0.015)
[trajectory_generator_node-6] [smoothTopoPath] lineVisib(start→end): TRUE(!)  colli=(0.00,0.00)
[trajectory_generator_node-6] [smoothTopoPath] OUTPUT size=2, iter_count=1
[trajectory_generator_node-6] [smoothTopoPath]   out[0]: (-5.035, -1.606, 0.015)
[trajectory_generator_node-6] [smoothTopoPath]   out[1]: (-0.919, -4.454, 0.015)
[trajectory_generator_node-6] [DIAG] optimized_path (smoothTopoPath) size: 2
[trajectory_generator_node-6] [DIAG]   opt[0]: (-5.035, -1.606, 0.015)
[trajectory_generator_node-6] [DIAG]   opt[1]: (-0.919, -4.454, 0.015)
[trajectory_generator_node-6] optimized_path size: 2
[trajectory_generator_node-6] [Manager] reference_speed: (0.30)
[trajectory_generator_node-6] [Smooth Optimize] MINCO Optimization Success: Success: met stopping criteria (past f decrease less than delta).
[trajectory_generator_node-6] [Smooth Optimize] MINCO: cost=0.0 total_T=18.126(init 16.686) max_drift=0.004 max_vel=0.3 segs=17
[trajectory_generator_node-6] [Smooth Resample] resample
[trajectory_generator_node-6] [Smooth Resample] 18 -> 10 waypoints, 9 time segs, max_turn=0.3 deg
[trajectory_generator_node-6] [Manager] optimizer generate time: 0.003809
[trajectory_generator_node-6] [Reference] path size : 10
[trajectory_generator_node-6] [Reference] solvePolyMatrix ENTER: N=9, path_size=10, trap_time_size=9
[trajectory_generator_node-6] [Reference]   path[0]=(-5.0354,-1.6057) path[1]=(-4.5414,-1.9460) t[0]=2.099202 state_vel=(0.2036,-0.1956)
[trajectory_generator_node-6] [Reference] banded solve done. b[0]=0.047155 b[N]=-0.070675 b2[0]=0.059924 b2[N]=0.049069
[trajectory_generator_node-6] [Reference] solvePolyMatrix EXIT: polyX[0]=[-0.004022 0.023577 0.203564 -5.035378]
[trajectory_generator_node-6] [INFO] [1790448787.615016533] [trajectory_generation]: FSM published 9 trajectory pieces
[trajectory_tracking_node-8] [WARN] [1790448792.645722015] [trajectory_tracking]: RM_GridMap predicted-path replan requested: collision_samples=0 trajectory_age=5.02
[trajectory_generator_node-6] [Manager REPLAN]  cur position point (X, Y) = (-3.815643, -2.441239), target point (X, Y) = (-0.919000, -4.454000)
[trajectory_generator_node-6] [Manager REPLAN] target_temp (X, Y) = (-0.919000, -4.454000)
[trajectory_generator_node-6] [Manager REPLAN] robot 1.48m from path, full replan
[trajectory_generator_node-6] [Manager] start point, (x, y): (-3.82, -2.44)
[trajectory_generator_node-6] [Manager] receive target, (x, y): (-0.92, -4.45)
[trajectory_generator_node-6] [Topo]: m_graph before num: 1602
[trajectory_generator_node-6] [Topo]: dijkstra time: 0.026853
[trajectory_generator_node-6] [Topo]: topo search time: 0.492555
[trajectory_generator_node-6] [Topo]: m_graph num: 2541
[trajectory_generator_node-6] [DIAG] origin_path (Dijkstra) size: 2
[trajectory_generator_node-6] [DIAG]   origin[0]: (-3.816, -2.441, 0.015)
[trajectory_generator_node-6] [DIAG]   origin[1]: (-0.919, -4.454, 0.015)
[trajectory_generator_node-6] [DIAG] lineVisib(start→end DIRECT): TRUE(!!)  colli=(-3.82,-2.44)
[trajectory_generator_node-6] [DIAG] direct line: 70 steps, 0 wall cells
[trajectory_generator_node-6] [smoothTopoPath] INPUT size=2
[trajectory_generator_node-6] [smoothTopoPath]   in[0]: (-3.816, -2.441, 0.015)
[trajectory_generator_node-6] [smoothTopoPath]   in[1]: (-0.919, -4.454, 0.015)
[trajectory_generator_node-6] [smoothTopoPath] lineVisib(start→end): TRUE(!)  colli=(0.00,0.00)
[trajectory_generator_node-6] [smoothTopoPath] OUTPUT size=2, iter_count=1
[trajectory_generator_node-6] [smoothTopoPath]   out[0]: (-3.816, -2.441, 0.015)
[trajectory_generator_node-6] [smoothTopoPath]   out[1]: (-0.919, -4.454, 0.015)
[trajectory_generator_node-6] [DIAG] optimized_path (smoothTopoPath) size: 2
[trajectory_generator_node-6] [DIAG]   opt[0]: (-3.816, -2.441, 0.015)
[trajectory_generator_node-6] [DIAG]   opt[1]: (-0.919, -4.454, 0.015)
[trajectory_generator_node-6] optimized_path size: 2
[trajectory_generator_node-6] [Manager] reference_speed: (0.30)
[trajectory_generator_node-6] [Smooth Optimize] MINCO Optimization Success: Success: met stopping criteria (past f decrease less than delta).
[trajectory_generator_node-6] [Smooth Optimize] MINCO: cost=0.0 total_T=13.032(init 11.758) max_drift=0.001 max_vel=0.3 segs=12
[trajectory_generator_node-6] [Smooth Resample] resample
[trajectory_generator_node-6] [Smooth Resample] 13 -> 7 waypoints, 6 time segs, max_turn=0.0 deg
[trajectory_generator_node-6] [Manager] optimizer generate time: 0.010231
[trajectory_generator_node-6] [Reference] path size : 7
[trajectory_generator_node-6] [Reference] solvePolyMatrix ENTER: N=6, path_size=7, trap_time_size=6
[trajectory_generator_node-6] [Reference]   path[0]=(-3.8156,-2.4412) path[1]=(-3.3229,-2.7838) t[0]=2.006789 state_vel=(0.2495,-0.1634)
[trajectory_generator_node-6] [Reference] banded solve done. b[0]=-0.007270 b[N]=-0.122384 b2[0]=-0.012458 b2[N]=0.085026
[trajectory_generator_node-6] [Reference] solvePolyMatrix EXIT: polyX[0]=[0.000823 -0.003635 0.249510 -3.815643]
[trajectory_generator_node-6] [INFO] [1790448793.176998768] [trajectory_generation]: FSM published 6 trajectory pieces
[trajectory_tracking_node-8] [WARN] [1790448798.199044424] [trajectory_tracking]: RM_GridMap predicted-path replan requested: collision_samples=0 trajectory_age=5.01
[trajectory_generator_node-6] [Manager REPLAN]  cur position point (X, Y) = (-2.578714, -3.268940), target point (X, Y) = (-0.919000, -4.454000)
[trajectory_generator_node-6] [Manager REPLAN] target_temp (X, Y) = (-0.919000, -4.454000)
[trajectory_generator_node-6] [Manager REPLAN] robot 1.49m from path, full replan
[trajectory_generator_node-6] [Manager] start point, (x, y): (-2.58, -3.27)
[trajectory_generator_node-6] [Manager] receive target, (x, y): (-0.92, -4.45)
[trajectory_generator_node-6] [Topo]: m_graph before num: 1414
[trajectory_generator_node-6] [Topo]: dijkstra time: 0.013034
[trajectory_generator_node-6] [Topo]: topo search time: 0.310783
[trajectory_generator_node-6] [Topo]: m_graph num: 2221
[trajectory_generator_node-6] [DIAG] origin_path (Dijkstra) size: 2
[trajectory_generator_node-6] [DIAG]   origin[0]: (-2.579, -3.269, 0.015)
[trajectory_generator_node-6] [DIAG]   origin[1]: (-0.919, -4.454, 0.015)
[trajectory_generator_node-6] [DIAG] lineVisib(start→end DIRECT): TRUE(!!)  colli=(-2.58,-3.27)
[trajectory_generator_node-6] [DIAG] direct line: 40 steps, 0 wall cells
[trajectory_generator_node-6] [smoothTopoPath] INPUT size=2
[trajectory_generator_node-6] [smoothTopoPath]   in[0]: (-2.579, -3.269, 0.015)
[trajectory_generator_node-6] [smoothTopoPath]   in[1]: (-0.919, -4.454, 0.015)
[trajectory_generator_node-6] [smoothTopoPath] lineVisib(start→end): TRUE(!)  colli=(0.00,0.00)
[trajectory_generator_node-6] [smoothTopoPath] OUTPUT size=2, iter_count=1
[trajectory_generator_node-6] [smoothTopoPath]   out[0]: (-2.579, -3.269, 0.015)
[trajectory_generator_node-6] [smoothTopoPath]   out[1]: (-0.919, -4.454, 0.015)
[trajectory_generator_node-6] [DIAG] optimized_path (smoothTopoPath) size: 2
[trajectory_generator_node-6] [DIAG]   opt[0]: (-2.579, -3.269, 0.015)
[trajectory_generator_node-6] [DIAG]   opt[1]: (-0.919, -4.454, 0.015)
[trajectory_generator_node-6] [Manager] reference_speed: (0.30)
[trajectory_generator_node-6] optimized_path size: 2
[trajectory_generator_node-6] [Smooth Optimize] MINCO Optimization Success: Success: met stopping criteria (past f decrease less than delta).
[trajectory_generator_node-6] [Smooth Optimize] MINCO: cost=0.0 total_T=8.219(init 6.798) max_drift=0.001 max_vel=0.3 segs=7
[trajectory_generator_node-6] [Smooth Resample] resample
[trajectory_generator_node-6] [Smooth Resample] 8 -> 5 waypoints, 4 time segs, max_turn=0.0 deg
[trajectory_generator_node-6] [Manager] optimizer generate time: 0.002022
[trajectory_generator_node-6] [Reference] path size : 5
[trajectory_generator_node-6] [Reference] solvePolyMatrix ENTER: N=4, path_size=5, trap_time_size=4
[trajectory_generator_node-6] [Reference]   path[0]=(-2.5787,-3.2689) path[1]=(-2.0906,-3.6178) t[0]=1.983317 state_vel=(0.2468,-0.1669)
[trajectory_generator_node-6] [Reference] banded solve done. b[0]=-0.003363 b[N]=-0.120037 b2[0]=-0.014302 b2[N]=0.085524
[trajectory_generator_node-6] [Reference] solvePolyMatrix EXIT: polyX[0]=[0.000685 -0.001681 0.246772 -2.578714]
[trajectory_generator_node-6] [INFO] [1790448798.532536583] [trajectory_generation]: FSM published 4 trajectory pieces
[trajectory_tracking_node-8] [WARN] [1790448803.541312337] [trajectory_tracking]: RM_GridMap predicted-path replan requested: collision_samples=0 trajectory_age=5.01
[trajectory_generator_node-6] [Manager REPLAN]  cur position point (X, Y) = (-1.332992, -4.121579), target point (X, Y) = (-0.919000, -4.454000)
[trajectory_generator_node-6] [Manager REPLAN] target_temp (X, Y) = (-0.919000, -4.454000)
[trajectory_generator_node-6] [Manager REPLAN] path safe & target unchanged, re-anchoring from cur pos
[trajectory_generator_node-6] [Smooth Optimize] MINCO Optimization STOP: Success: reached convergence (g_epsilon).
[trajectory_generator_node-6] [Smooth Optimize] MINCO: cost=0.0 total_T=3.150(init 1.770) max_drift=0.000 max_vel=0.3 segs=2
[trajectory_generator_node-6] [Smooth Resample] resample
[trajectory_generator_node-6] [Smooth Resample] path too short (3 pts), keeping all
[trajectory_generator_node-6] [Reference] path size : 3
[trajectory_generator_node-6] [Reference] solvePolyMatrix ENTER: N=2, path_size=3, trap_time_size=2
[trajectory_generator_node-6] [Reference]   path[0]=(-1.3330,-4.1216) path[1]=(-1.0989,-4.3093) t[0]=1.150154 state_vel=(0.2156,-0.1510)
[trajectory_generator_node-6] [Reference] banded solve done. b[0]=0.008226 b[N]=-0.095235 b2[0]=-0.070256 b2[N]=0.070008
[trajectory_generator_node-6] [Reference] solvePolyMatrix EXIT: polyX[0]=[-0.012699 0.004113 0.215582 -1.332992]
[trajectory_generator_node-6] [INFO] [1790448803.557151078] [trajectory_generation]: FSM published 2 trajectory pieces
[trajectory_tracking_node-8] [WARN] [1790448806.232966457] [trajectory_tracking]: trajectory tracking stopped: invalid coefficient array length
[trajectory_tracking_node-8] [WARN] [1790448808.329390251] [trajectory_tracking]: trajectory tracking stopped: no valid trajectory
[trajectory_generator_node-6] [INFO] [1790448809.588614103] [trajectory_generation]: FSM accepted manual goal goal=(-0.92, -4.45, 0.02)
[trajectory_generator_node-6] [Manager] start point, (x, y): (-3.22, 2.15)
[trajectory_generator_node-6] [Manager] receive target, (x, y): (-0.92, -4.45)
[trajectory_generator_node-6] [Topo]: m_graph before num: 1605
[trajectory_generator_node-6] [Topo]: dijkstra time: 0.021448
[trajectory_generator_node-6] [Topo]: topo search time: 0.475733
[trajectory_generator_node-6] [Topo]: m_graph num: 2541
[trajectory_generator_node-6] [DIAG] origin_path (Dijkstra) size: 3
[trajectory_generator_node-6] [DIAG]   origin[0]: (-3.219, 2.146, 0.015)
[trajectory_generator_node-6] [DIAG]   origin[1]: (-6.269, -0.554, 0.015)
[trajectory_generator_node-6] [DIAG]   origin[2]: (-0.919, -4.454, 0.015)
[trajectory_generator_node-6] [DIAG] lineVisib(start→end DIRECT): false  colli=(-3.17,1.95)
[trajectory_generator_node-6] [DIAG] direct line: 139 steps, 98 wall cells
[trajectory_generator_node-6] [smoothTopoPath] INPUT size=3
[trajectory_generator_node-6] [smoothTopoPath]   in[0]: (-3.219, 2.146, 0.015)
[trajectory_generator_node-6] [smoothTopoPath]   in[1]: (-6.269, -0.554, 0.015)
[trajectory_generator_node-6] [smoothTopoPath]   in[2]: (-0.919, -4.454, 0.015)
[trajectory_generator_node-6] [smoothTopoPath] lineVisib(start→end): false  colli=(-3.17,1.95)
[trajectory_generator_node-6] [smoothTopoPath] OUTPUT size=4, iter_count=3
[trajectory_generator_node-6] [smoothTopoPath]   out[0]: (-3.219, 2.146, 0.015)
[trajectory_generator_node-6] [smoothTopoPath]   out[1]: (-5.514, 0.515, 0.015)
[trajectory_generator_node-6] [smoothTopoPath]   out[2]: (-6.376, -0.538, 0.015)
[trajectory_generator_node-6] [smoothTopoPath]   out[3]: (-0.919, -4.454, 0.015)
[trajectory_generator_node-6] [DIAG] optimized_path (smoothTopoPath) size: 4
[trajectory_generator_node-6] [DIAG]   opt[0]: (-3.219, 2.146, 0.015)
[trajectory_generator_node-6] [DIAG]   opt[1]: (-5.514, 0.515, 0.015)
[trajectory_generator_node-6] [DIAG]   opt[2]: (-6.376, -0.538, 0.015)
[trajectory_generator_node-6] [DIAG]   opt[3]: (-0.919, -4.454, 0.015)
[trajectory_generator_node-6] optimized_path size: 4
[trajectory_generator_node-6] [Manager] reference_speed: (0.30)
[trajectory_generator_node-6] [LBFGS] search direction d:  0.000282137  -0.00204802  0.000502564 -0.000391651  0.000250588 -0.000135414  5.64463e-05 -5.99398e-06 -1.20236e-05 -0.000102454 -2.38173e-05 -9.46522e-05  0.000916975  0.000646115 -0.000131882  0.000666432  0.000282806  0.000174756 -0.000125484  7.76103e-05 -4.22819e-05  2.08225e-05 -8.98882e-06  2.49213e-06  1.97482e-06 -7.04044e-06  1.53305e-05  -3.0036e-05  5.48635e-05 -9.24353e-05  0.000139839 -0.000181333  0.000177744 -7.83013e-05 -0.000260667  0.000514351  0.000916538   0.00057385 -0.000375903  0.000209264  -9.5234e-05  2.74001e-05  1.50599e-05 -2.01209e-05 -6.68212e-05 -1.48666e-05 -0.000900024  0.000706553   0.00140556  2.58001e-05 -0.000602771   0.00129438 -5.12201e-05  3.42904e-05 -3.23893e-05  3.27091e-05 -2.82219e-05  2.03561e-05 -1.22828e-05  5.29636e-06  1.18226e-06 -8.92799e-06  2.05041e-05 -3.88642e-05  6.61014e-05 -0.000100254  0.000130095 -0.000127547  5.61884e-05  0.000187085    0.0173895  -0.00202639   0.00110641 -0.000283976  9.36257e-05 -1.96799e-05 -3.16124e-05  0.000158201 -0.000502646   0.00159117  -0.00104489    0.0226724  0.000376863   0.00642888     0.002758 -0.000283245   0.00105678 -0.000385038   0.00040874 -0.000143283  4.88985e-05 -1.48138e-05  4.78883e-06  -1.6435e-06  4.81146e-07     2.13e-07  -9.3584e-07  2.03205e-06 -4.03166e-06  8.93559e-06 -2.30374e-05  7.47194e-05 -0.000243471  0.000858356  -0.00173428   0.00995598
[trajectory_generator_node-6] [Smooth Optimize] MINCO reaches max evaluations: Line search reaches the maximum try number, assumptions not satisfied or precision not achievable.
[trajectory_generator_node-6] [Smooth Optimize] MINCO: cost=2.0 total_T=36.736(init 36.219) max_drift=0.184 max_vel=0.5 segs=36
[trajectory_generator_node-6] [Smooth Resample] resample
[trajectory_generator_node-6] [Smooth Resample] 37 -> 19 waypoints, 18 time segs, max_turn=82.4 deg
[trajectory_generator_node-6] [Manager] optimizer generate time: 0.009548
[trajectory_generator_node-6] [Reference] path size : 19
[trajectory_generator_node-6] [Reference] solvePolyMatrix ENTER: N=18, path_size=19, trap_time_size=18
[trajectory_generator_node-6] [Reference]   path[0]=(-3.2190,2.1460) path[1]=(-3.7159,1.8014) t[0]=2.064850 state_vel=(0.0000,0.0000)
[trajectory_generator_node-6] [Reference] banded solve done. b[0]=-0.405307 b[N]=-0.358137 b2[0]=-0.276804 b2[N]=0.257036
[trajectory_generator_node-6] [Reference] solvePolyMatrix EXIT: polyX[0]=[0.041706 -0.202654 0.000000 -3.219000]
[trajectory_generator_node-6] [Reference] solvePolyMatrix ENTER: N=18, path_size=19, trap_time_size=18
[trajectory_generator_node-6] [Reference]   path[0]=(-3.2190,2.1460) path[1]=(-3.7159,1.8014) t[0]=2.271335 state_vel=(0.0000,0.0000)
[trajectory_generator_node-6] [Reference] banded solve done. b[0]=-0.337747 b[N]=-0.298558 b2[0]=-0.230687 b2[N]=0.214276
[trajectory_generator_node-6] [Reference] solvePolyMatrix EXIT: polyX[0]=[0.031947 -0.168873 0.000000 -3.219000]
[trajectory_generator_node-6] [Reference] solvePolyMatrix ENTER: N=18, path_size=19, trap_time_size=18
[trajectory_generator_node-6] [Reference]   path[0]=(-3.2190,2.1460) path[1]=(-3.7159,1.8014) t[0]=2.498469 state_vel=(0.0000,0.0000)
[trajectory_generator_node-6] [Reference] banded solve done. b[0]=-0.281848 b[N]=-0.249263 b2[0]=-0.192535 b2[N]=0.178897
[trajectory_generator_node-6] [Reference] solvePolyMatrix EXIT: polyX[0]=[0.024546 -0.140924 0.000000 -3.219000]
[trajectory_generator_node-6] [INFO] [1790448810.113233401] [trajectory_generation]: FSM published 18 trajectory pieces
[trajectory_tracking_node-8] [WARN] [1790448815.149333960] [trajectory_tracking]: RM_GridMap predicted-path replan requested: collision_samples=0 trajectory_age=5.02
[trajectory_generator_node-6] [Manager REPLAN]  cur position point (X, Y) = (-4.248496, 1.449164), target point (X, Y) = (-0.919000, -4.454000)
[trajectory_generator_node-6] [Manager REPLAN] target_temp (X, Y) = (-0.919000, -4.454000)
[trajectory_generator_node-6] [Manager REPLAN] robot 1.24m from path, full replan
[trajectory_generator_node-6] [Manager] start point, (x, y): (-4.25, 1.45)
[trajectory_generator_node-6] [Manager] receive target, (x, y): (-0.92, -4.45)
[trajectory_generator_node-6] [Topo]: m_graph before num: 1602
[trajectory_generator_node-6] [Topo]: dijkstra time: 0.015233
[trajectory_generator_node-6] [Topo]: topo search time: 0.456352
[trajectory_generator_node-6] [Topo]: m_graph num: 2528
[trajectory_generator_node-6] [DIAG] origin_path (Dijkstra) size: 4
[trajectory_generator_node-6] [DIAG]   origin[0]: (-4.248, 1.449, 0.015)
[trajectory_generator_node-6] [DIAG]   origin[1]: (-6.069, -0.454, 0.015)
[trajectory_generator_node-6] [DIAG]   origin[2]: (-3.569, -2.654, 0.015)
[trajectory_generator_node-6] [DIAG]   origin[3]: (-0.919, -4.454, 0.015)
[trajectory_generator_node-6] [DIAG] lineVisib(start→end DIRECT): false  colli=(-4.02,1.05)
[trajectory_generator_node-6] [DIAG] direct line: 135 steps, 59 wall cells
[trajectory_generator_node-6] [smoothTopoPath] INPUT size=4
[trajectory_generator_node-6] [smoothTopoPath]   in[0]: (-4.248, 1.449, 0.015)
[trajectory_generator_node-6] [smoothTopoPath]   in[1]: (-6.069, -0.454, 0.015)
[trajectory_generator_node-6] [smoothTopoPath]   in[2]: (-3.569, -2.654, 0.015)
[trajectory_generator_node-6] [smoothTopoPath]   in[3]: (-0.919, -4.454, 0.015)
[trajectory_generator_node-6] [smoothTopoPath] lineVisib(start→end): false  colli=(-4.02,1.05)
[trajectory_generator_node-6] [smoothTopoPath] OUTPUT size=5, iter_count=4
[trajectory_generator_node-6] [smoothTopoPath]   out[0]: (-4.248, 1.449, 0.015)
[trajectory_generator_node-6] [smoothTopoPath]   out[1]: (-5.571, 0.500, 0.015)
[trajectory_generator_node-6] [smoothTopoPath]   out[2]: (-6.303, -0.360, 0.015)
[trajectory_generator_node-6] [smoothTopoPath]   out[3]: (-6.038, -0.875, 0.015)
[trajectory_generator_node-6] [smoothTopoPath]   out[4]: (-0.919, -4.454, 0.015)
[trajectory_generator_node-6] [DIAG] optimized_path (smoothTopoPath) size: 5
[trajectory_generator_node-6] [DIAG]   opt[0]: (-4.248, 1.449, 0.015)
[trajectory_generator_node-6] [DIAG]   opt[1]: (-5.571, 0.500, 0.015)
[trajectory_generator_node-6] [DIAG]   opt[2]: (-6.303, -0.360, 0.015)
[trajectory_generator_node-6] [DIAG]   opt[3]: (-6.038, -0.875, 0.015)
[trajectory_generator_node-6] [DIAG]   opt[4]: (-0.919, -4.454, 0.015)
[trajectory_generator_node-6] optimized_path size: 5
[trajectory_generator_node-6] [Manager] reference_speed: (0.30)
[trajectory_generator_node-6] [LBFGS] search direction d:  0.000214579 -9.80289e-05  0.000138702 -0.000204826  0.000164187   0.00020203 -0.000793231 -0.000644371  0.000772951  0.000701869 -0.000377312   0.00263516  5.25871e-05 -0.000122772  0.000162476 -0.000146555  0.000107417 -6.81066e-05   3.4957e-05 -5.67599e-06 -2.71785e-05  7.57793e-05 -0.000158656  0.000302978 -0.000544599  0.000920701  -0.00144487   0.00206495   -0.0025836    0.0026929  -0.00145871  0.000373604 -0.000232774  0.000226493  -0.00024226  0.000194966  0.000121234 -0.000760975     -0.00105  0.000213671  0.000252494 -1.47406e-05   0.00266646  0.000462922  4.39422e-05 -2.99305e-07 -1.25811e-05  1.31344e-05 -1.19485e-05  1.23608e-05 -1.72855e-05  3.06359e-05 -5.90739e-05  0.000113997 -0.000213327  0.000381468 -0.000644041   0.00101034  -0.00144379   0.00180637  -0.00188278   0.00101987   0.00332228  -0.00085507  0.000146023  0.000423606  -0.00149789   0.00478864  -0.00243659     0.018346  -0.00190547   0.00239377   0.00185705  -0.00112111  0.000714199 -0.000332026  0.000173498 -6.05345e-05  1.53274e-05 -2.06117e-06  -3.5008e-07 -3.11832e-07  2.28716e-06 -5.49565e-06  1.10036e-05 -1.88099e-05  3.32648e-05 -4.06178e-05  5.71224e-05  6.34856e-05 -0.000387419   0.00229774  -0.00623459    0.0451166
[trajectory_generator_node-6] [Smooth Optimize] MINCO reaches max evaluations: Line search reaches the maximum try number, assumptions not satisfied or precision not achievable.
[trajectory_generator_node-6] [Smooth Optimize] MINCO: cost=1.3 total_T=32.573(init 31.822) max_drift=0.152 max_vel=0.4 segs=32
[trajectory_generator_node-6] [Smooth Resample] resample
[trajectory_generator_node-6] [Smooth Resample] 33 -> 17 waypoints, 16 time segs, max_turn=58.5 deg
[trajectory_generator_node-6] [Manager] optimizer generate time: 0.006042
[trajectory_generator_node-6] [Reference] path size : 17
[trajectory_generator_node-6] [Reference] solvePolyMatrix ENTER: N=16, path_size=17, trap_time_size=16
[trajectory_generator_node-6] [Reference]   path[0]=(-4.2485,1.4492) path[1]=(-4.7363,1.0998) t[0]=2.019744 state_vel=(-0.2174,-0.1547)
[trajectory_generator_node-6] [Reference] banded solve done. b[0]=-0.040911 b[N]=-0.305548 b2[0]=-0.029248 b2[N]=0.213627
[trajectory_generator_node-6] [Reference] solvePolyMatrix EXIT: polyX[0]=[0.004225 -0.020456 -0.217448 -4.248496]
[trajectory_generator_node-6] [Reference] solvePolyMatrix ENTER: N=16, path_size=17, trap_time_size=16
[trajectory_generator_node-6] [Reference]   path[0]=(-4.2485,1.4492) path[1]=(-4.7363,1.0998) t[0]=2.019744 state_vel=(-0.2174,-0.1547)
[trajectory_generator_node-6] [Reference] banded solve done. b[0]=-0.040911 b[N]=-0.255057 b2[0]=-0.029248 b2[N]=0.178326
[trajectory_generator_node-6] [Reference] solvePolyMatrix EXIT: polyX[0]=[0.004225 -0.020456 -0.217448 -4.248496]
[trajectory_generator_node-6] [INFO] [1790448815.635666861] [trajectory_generation]: FSM published 16 trajectory pieces
[trajectory_tracking_node-8] [WARN] [1790448820.681640921] [trajectory_tracking]: RM_GridMap predicted-path replan requested: collision_samples=0 trajectory_age=5.02
[trajectory_generator_node-6] [Manager REPLAN]  cur position point (X, Y) = (-5.430020, 0.613689), target point (X, Y) = (-0.919000, -4.454000)
[trajectory_generator_node-6] [Manager REPLAN] target_temp (X, Y) = (-0.919000, -4.454000)
[trajectory_generator_node-6] [Manager REPLAN] path safe & target unchanged, re-anchoring from cur pos
[trajectory_generator_node-6] [LBFGS] search direction d: -0.000657013 -0.000132878  0.000334543   0.00239134  0.000591306 -0.000271781  0.000362857 -0.000122077  0.000188084 -0.000123532  7.26934e-05 -3.83076e-05  1.84091e-05 -8.21423e-06  3.49653e-06 -1.14597e-06 -1.48922e-06  7.87259e-06   -2.401e-05  6.02237e-05 -0.000131525  0.000251969 -0.000361564  0.000491497 -0.000198248  -0.00165814 -0.000983906   7.7403e-05  0.000840693   0.00536156 -0.000460539 -0.000293247 -0.000239193  0.000510191 -4.68207e-05  3.58868e-05 -2.37501e-05  1.45134e-05 -8.09945e-06  4.20672e-06 -2.15785e-06  9.76085e-07   6.5013e-07 -4.97411e-06  1.63563e-05 -4.27087e-05  9.54618e-05 -0.000183739  0.000349005 -0.000351199  0.000142123    0.0011585    0.0154831  -0.00517123    0.0538919   0.00208539    0.0147804  0.000610423 -0.000873055   0.00115448 -0.000627296      0.00036 -0.000140385  4.46493e-05 -1.31822e-05  3.94172e-06 -1.21239e-06  3.09149e-07   2.1242e-07 -9.54686e-07  2.68097e-06 -7.15271e-06  2.19889e-05 -7.08979e-05  0.000268265 -0.000936628   0.00356349  -0.00822045    0.0526384
[trajectory_generator_node-6] [Smooth Optimize] MINCO reaches max evaluations: Line search reaches the maximum try number, assumptions not satisfied or precision not achievable.
[trajectory_generator_node-6] [Smooth Optimize] MINCO: cost=1.4 total_T=27.992(init 26.926) max_drift=0.187 max_vel=0.4 segs=27
[trajectory_generator_node-6] [Smooth Resample] resample
[trajectory_generator_node-6] [Smooth Resample] 28 -> 15 waypoints, 14 time segs, max_turn=47.8 deg
[trajectory_generator_node-6] [Reference] path size : 15
[trajectory_generator_node-6] [Reference] solvePolyMatrix ENTER: N=14, path_size=15, trap_time_size=14
[trajectory_generator_node-6] [Reference]   path[0]=(-5.4300,0.6137) path[1]=(-5.7899,0.2401) t[0]=2.058324 state_vel=(-0.2284,-0.1746)
[trajectory_generator_node-6] [Reference] banded solve done. b[0]=0.076697 b[N]=-0.390723 b2[0]=-0.009983 b2[N]=0.273163
[trajectory_generator_node-6] [Reference] solvePolyMatrix EXIT: polyX[0]=[-0.005977 0.038348 -0.228431 -5.430020]
[trajectory_generator_node-6] [Reference] solvePolyMatrix ENTER: N=14, path_size=15, trap_time_size=14
[trajectory_generator_node-6] [Reference]   path[0]=(-5.4300,0.6137) path[1]=(-5.7899,0.2401) t[0]=2.058324 state_vel=(-0.2284,-0.1746)
[trajectory_generator_node-6] [Reference] banded solve done. b[0]=0.076697 b[N]=-0.326003 b2[0]=-0.009983 b2[N]=0.227916
[trajectory_generator_node-6] [Reference] solvePolyMatrix EXIT: polyX[0]=[-0.005977 0.038348 -0.228431 -5.430020]
[trajectory_generator_node-6] [Reference] solvePolyMatrix ENTER: N=14, path_size=15, trap_time_size=14
[trajectory_generator_node-6] [Reference]   path[0]=(-5.4300,0.6137) path[1]=(-5.7899,0.2401) t[0]=2.058324 state_vel=(-0.2284,-0.1746)
[trajectory_generator_node-6] [Reference] banded solve done. b[0]=0.076697 b[N]=-0.272476 b2[0]=-0.009983 b2[N]=0.190494
[trajectory_generator_node-6] [Reference] solvePolyMatrix EXIT: polyX[0]=[-0.005977 0.038348 -0.228431 -5.430020]
[trajectory_generator_node-6] [INFO] [1790448820.704022426] [trajectory_generation]: FSM published 14 trajectory pieces
[trajectory_tracking_node-8] [WARN] [1790448825.768501929] [trajectory_tracking]: RM_GridMap predicted-path replan requested: collision_samples=0 trajectory_age=5.02
[trajectory_generator_node-6] [Manager REPLAN]  cur position point (X, Y) = (-6.116142, -0.399201), target point (X, Y) = (-0.919000, -4.454000)
[trajectory_generator_node-6] [Manager REPLAN] target_temp (X, Y) = (-0.919000, -4.454000)
[trajectory_generator_node-6] [Manager REPLAN] path safe & target unchanged, re-anchoring from cur pos
[trajectory_generator_node-6] [LBFGS] search direction d:  9.61276e-06 -4.69086e-05 -5.19021e-05  0.000182241 -0.000178437   0.00010362 -1.24519e-05  -4.8943e-05  7.13669e-05 -6.81715e-05  5.59223e-05 -4.65266e-05  4.59922e-05 -5.45529e-05   6.4794e-05 -5.99531e-05  1.96004e-05 -0.000195005 -0.000141958  0.000129011  0.000113025  2.27426e-07  4.27953e-05  3.91431e-05 -9.02108e-05  5.05813e-05 -3.15656e-05  4.55847e-05 -6.67222e-05  7.53015e-05 -6.81124e-05  5.03286e-05 -2.81144e-05  4.91341e-06  1.88742e-05 -4.48663e-05  7.16056e-05 -8.08267e-05 -0.000454481  3.14035e-05 -5.65345e-05 -8.91476e-05   0.00115314  0.000517505 -0.000230049  1.38952e-05  0.000108298 -1.83211e-05 -3.57569e-06  6.22503e-06 -3.16267e-06  1.98073e-06 -1.19889e-06  9.77787e-07 -2.56917e-07 -2.71061e-06  1.32951e-05 -4.45343e-05  0.000124127 -0.000271731   0.00047202 -1.10585e-05 -0.000851383    0.0086388
[trajectory_generator_node-6] [Smooth Optimize] MINCO reaches max evaluations: Line search reaches the maximum try number, assumptions not satisfied or precision not achievable.
[trajectory_generator_node-6] [Smooth Optimize] MINCO: cost=0.1 total_T=22.961(init 22.353) max_drift=0.036 max_vel=0.3 segs=22
[trajectory_generator_node-6] [Smooth Resample] resample
[trajectory_generator_node-6] [Smooth Resample] 23 -> 12 waypoints, 11 time segs, max_turn=38.9 deg
[trajectory_generator_node-6] [Reference] path size : 12
[trajectory_generator_node-6] [Reference] solvePolyMatrix ENTER: N=11, path_size=12, trap_time_size=11
[trajectory_generator_node-6] [Reference]   path[0]=(-6.1161,-0.3992) path[1]=(-5.9491,-0.9487) t[0]=2.029523 state_vel=(-0.0525,-0.2665)
[trajectory_generator_node-6] [Reference] banded solve done. b[0]=0.152344 b[N]=-0.242027 b2[0]=-0.054051 b2[N]=0.169116
[trajectory_generator_node-6] [Reference] solvePolyMatrix EXIT: polyX[0]=[-0.004806 0.076172 -0.052475 -6.116142]
[trajectory_generator_node-6] [INFO] [1790448825.797146038] [trajectory_generation]: FSM published 11 trajectory pieces
[trajectory_tracking_node-8] [WARN] [1790448830.827731890] [trajectory_tracking]: RM_GridMap predicted-path replan requested: collision_samples=0 trajectory_age=5.01
[trajectory_generator_node-6] [Manager REPLAN]  cur position point (X, Y) = (-5.180955, -1.464907), target point (X, Y) = (-0.919000, -4.454000)
[trajectory_generator_node-6] [Manager REPLAN] target_temp (X, Y) = (-0.919000, -4.454000)
[trajectory_generator_node-6] [Manager REPLAN] robot 1.04m from path, full replan
[trajectory_generator_node-6] [Manager] start point, (x, y): (-5.18, -1.46)
[trajectory_generator_node-6] [Manager] receive target, (x, y): (-0.92, -4.45)
[trajectory_generator_node-6] [Topo]: m_graph before num: 1602
[trajectory_generator_node-6] [Topo]: dijkstra time: 0.023085
[trajectory_generator_node-6] [Topo]: topo search time: 0.405660
[trajectory_generator_node-6] [Topo]: m_graph num: 2532
[trajectory_generator_node-6] [DIAG] origin_path (Dijkstra) size: 2
[trajectory_generator_node-6] [DIAG]   origin[0]: (-5.181, -1.465, 0.015)
[trajectory_generator_node-6] [DIAG]   origin[1]: (-0.919, -4.454, 0.015)
[trajectory_generator_node-6] [DIAG] lineVisib(start→end DIRECT): TRUE(!!)  colli=(-5.18,-1.46)
[trajectory_generator_node-6] [DIAG] direct line: 104 steps, 0 wall cells
[trajectory_generator_node-6] [smoothTopoPath] INPUT size=2
[trajectory_generator_node-6] [smoothTopoPath]   in[0]: (-5.181, -1.465, 0.015)
[trajectory_generator_node-6] [smoothTopoPath]   in[1]: (-0.919, -4.454, 0.015)
[trajectory_generator_node-6] [smoothTopoPath] lineVisib(start→end): TRUE(!)  colli=(0.00,0.00)
[trajectory_generator_node-6] [smoothTopoPath] OUTPUT size=2, iter_count=1
[trajectory_generator_node-6] [smoothTopoPath]   out[0]: (-5.181, -1.465, 0.015)
[trajectory_generator_node-6] [smoothTopoPath]   out[1]: (-0.919, -4.454, 0.015)
[trajectory_generator_node-6] [DIAG] optimized_path (smoothTopoPath) size: 2
[trajectory_generator_node-6] [DIAG]   opt[0]: (-5.181, -1.465, 0.015)
[trajectory_generator_node-6] [DIAG]   opt[1]: (-0.919, -4.454, 0.015)
[trajectory_generator_node-6] optimized_path size: 2
[trajectory_generator_node-6] [Manager] reference_speed: (0.30)
[trajectory_generator_node-6] [Smooth Optimize] MINCO Optimization Success: Success: met stopping criteria (past f decrease less than delta).
[trajectory_generator_node-6] [Smooth Optimize] MINCO: cost=0.0 total_T=18.031(init 17.352) max_drift=0.000 max_vel=0.3 segs=17
[trajectory_generator_node-6] [Smooth Resample] resample
[trajectory_generator_node-6] [Smooth Resample] 18 -> 10 waypoints, 9 time segs, max_turn=0.0 deg
[trajectory_generator_node-6] [Manager] optimizer generate time: 0.004664
[trajectory_generator_node-6] [Reference] path size : 10
[trajectory_generator_node-6] [Reference] solvePolyMatrix ENTER: N=9, path_size=10, trap_time_size=9
[trajectory_generator_node-6] [Reference]   path[0]=(-5.1810,-1.4649) path[1]=(-4.6898,-1.8096) t[0]=2.023525 state_vel=(0.2403,-0.1680)
[trajectory_generator_node-6] [Reference] banded solve done. b[0]=0.002467 b[N]=-0.247827 b2[0]=-0.002757 b2[N]=0.173771
[trajectory_generator_node-6] [Reference] solvePolyMatrix EXIT: polyX[0]=[-0.000007 0.001234 0.240263 -5.180955]
[trajectory_generator_node-6] [INFO] [1790448831.270631259] [trajectory_generation]: FSM published 9 trajectory pieces
[trajectory_tracking_node-8] [WARN] [1790448836.287631150] [trajectory_tracking]: RM_GridMap predicted-path replan requested: collision_samples=0 trajectory_age=5.01
[trajectory_generator_node-6] [Manager REPLAN]  cur position point (X, Y) = (-3.943551, -2.310675), target point (X, Y) = (-0.919000, -4.454000)
[trajectory_generator_node-6] [Manager REPLAN] target_temp (X, Y) = (-0.919000, -4.454000)
[trajectory_generator_node-6] [Manager REPLAN] robot 1.50m from path, full replan
[trajectory_generator_node-6] [Manager] start point, (x, y): (-3.94, -2.31)
[trajectory_generator_node-6] [Manager] receive target, (x, y): (-0.92, -4.45)
[trajectory_generator_node-6] [Topo]: m_graph before num: 1602
[trajectory_generator_node-6] [Topo]: dijkstra time: 0.023132
[trajectory_generator_node-6] [Topo]: topo search time: 0.400662
[trajectory_generator_node-6] [Topo]: m_graph num: 2540
[trajectory_generator_node-6] [DIAG] origin_path (Dijkstra) size: 2
[trajectory_generator_node-6] [DIAG]   origin[0]: (-3.944, -2.311, 0.015)
[trajectory_generator_node-6] [DIAG]   origin[1]: (-0.919, -4.454, 0.015)
[trajectory_generator_node-6] [DIAG] lineVisib(start→end DIRECT): TRUE(!!)  colli=(-3.94,-2.31)
[trajectory_generator_node-6] [DIAG] direct line: 74 steps, 0 wall cells
[trajectory_generator_node-6] [smoothTopoPath] INPUT size=2
[trajectory_generator_node-6] [smoothTopoPath]   in[0]: (-3.944, -2.311, 0.015)
[trajectory_generator_node-6] [smoothTopoPath]   in[1]: (-0.919, -4.454, 0.015)
[trajectory_generator_node-6] [smoothTopoPath] lineVisib(start→end): TRUE(!)  colli=(0.00,0.00)
[trajectory_generator_node-6] [smoothTopoPath] OUTPUT size=2, iter_count=1
[trajectory_generator_node-6] [smoothTopoPath]   out[0]: (-3.944, -2.311, 0.015)
[trajectory_generator_node-6] [smoothTopoPath]   out[1]: (-0.919, -4.454, 0.015)
[trajectory_generator_node-6] [DIAG] optimized_path (smoothTopoPath) size: 2
[trajectory_generator_node-6] [DIAG]   opt[0]: (-3.944, -2.311, 0.015)
[trajectory_generator_node-6] [DIAG]   opt[1]: (-0.919, -4.454, 0.015)
[trajectory_generator_node-6] optimized_path size: 2
[trajectory_generator_node-6] [Manager] reference_speed: (0.30)
[trajectory_generator_node-6] [Smooth Optimize] MINCO Optimization Success: Success: met stopping criteria (past f decrease less than delta).
[trajectory_generator_node-6] [Smooth Optimize] MINCO: cost=0.0 total_T=13.016(init 12.357) max_drift=0.001 max_vel=0.3 segs=12
[trajectory_generator_node-6] [Smooth Resample] resample
[trajectory_generator_node-6] [Smooth Resample] 13 -> 7 waypoints, 6 time segs, max_turn=0.1 deg
[trajectory_generator_node-6] [Manager] optimizer generate time: 0.009674
[trajectory_generator_node-6] [Reference] path size : 7
[trajectory_generator_node-6] [Reference] solvePolyMatrix ENTER: N=6, path_size=7, trap_time_size=6
[trajectory_generator_node-6] [Reference]   path[0]=(-3.9436,-2.3107) path[1]=(-3.4541,-2.6577) t[0]=2.006374 state_vel=(0.2452,-0.1678)
[trajectory_generator_node-6] [Reference] banded solve done. b[0]=-0.003067 b[N]=-0.205855 b2[0]=-0.008392 b2[N]=0.145723
[trajectory_generator_node-6] [Reference] solvePolyMatrix EXIT: polyX[0]=[0.000447 -0.001533 0.245240 -3.943551]
[trajectory_generator_node-6] [INFO] [1790448836.731595343] [trajectory_generation]: FSM published 6 trajectory pieces
[trajectory_tracking_node-8] [WARN] [1790448841.769691853] [trajectory_tracking]: RM_GridMap predicted-path replan requested: collision_samples=0 trajectory_age=5.02
[trajectory_generator_node-6] [Manager REPLAN]  cur position point (X, Y) = (-2.711762, -3.154092), target point (X, Y) = (-0.919000, -4.454000)
[trajectory_generator_node-6] [Manager REPLAN] target_temp (X, Y) = (-0.919000, -4.454000)
[trajectory_generator_node-6] [Manager REPLAN] robot 1.49m from path, full replan
[trajectory_generator_node-6] [Manager] start point, (x, y): (-2.71, -3.15)
[trajectory_generator_node-6] [Manager] receive target, (x, y): (-0.92, -4.45)
[trajectory_generator_node-6] [Topo]: m_graph before num: 1443
[trajectory_generator_node-6] [Topo]: dijkstra time: 0.013635
[trajectory_generator_node-6] [Topo]: topo search time: 0.317490
[trajectory_generator_node-6] [Topo]: m_graph num: 2272
[trajectory_generator_node-6] [DIAG] origin_path (Dijkstra) size: 2
[trajectory_generator_node-6] [DIAG]   origin[0]: (-2.712, -3.154, 0.015)
[trajectory_generator_node-6] [DIAG]   origin[1]: (-0.919, -4.454, 0.015)
[trajectory_generator_node-6] [DIAG] lineVisib(start→end DIRECT): TRUE(!!)  colli=(-2.71,-3.15)
[trajectory_generator_node-6] [DIAG] direct line: 44 steps, 0 wall cells
[trajectory_generator_node-6] [smoothTopoPath] INPUT size=2
[trajectory_generator_node-6] [smoothTopoPath]   in[0]: (-2.712, -3.154, 0.015)
[trajectory_generator_node-6] [smoothTopoPath]   in[1]: (-0.919, -4.454, 0.015)
[trajectory_generator_node-6] [smoothTopoPath] lineVisib(start→end): TRUE(!)  colli=(0.00,0.00)
[trajectory_generator_node-6] [smoothTopoPath] OUTPUT size=2, iter_count=1
[trajectory_generator_node-6] [smoothTopoPath]   out[0]: (-2.712, -3.154, 0.015)
[trajectory_generator_node-6] [smoothTopoPath]   out[1]: (-0.919, -4.454, 0.015)
[trajectory_generator_node-6] [DIAG] optimized_path (smoothTopoPath) size: 2
[trajectory_generator_node-6] [DIAG]   opt[0]: (-2.712, -3.154, 0.015)
[trajectory_generator_node-6] [DIAG]   opt[1]: (-0.919, -4.454, 0.015)
[trajectory_generator_node-6] optimized_path size: 2
[trajectory_generator_node-6] [Manager] reference_speed: (0.30)
[trajectory_generator_node-6] [Smooth Optimize] MINCO Optimization Success: Success: met stopping criteria (past f decrease less than delta).
[trajectory_generator_node-6] [Smooth Optimize] MINCO: cost=0.0 total_T=8.152(init 7.381) max_drift=0.001 max_vel=0.3 segs=7
[trajectory_generator_node-6] [Smooth Resample] resample
[trajectory_generator_node-6] [Smooth Resample] 8 -> 5 waypoints, 4 time segs, max_turn=0.0 deg
[trajectory_generator_node-6] [Manager] optimizer generate time: 0.002066
[trajectory_generator_node-6] [Reference] path size : 5
[trajectory_generator_node-6] [Reference] solvePolyMatrix ENTER: N=4, path_size=5, trap_time_size=4
[trajectory_generator_node-6] [Reference]   path[0]=(-2.7118,-3.1541) path[1]=(-2.2261,-3.5064) t[0]=2.087646 state_vel=(0.2429,-0.1677)
[trajectory_generator_node-6] [Reference] banded solve done. b[0]=-0.023251 b[N]=-0.260714 b2[0]=0.002673 b2[N]=0.188916
[trajectory_generator_node-6] [Reference] solvePolyMatrix EXIT: polyX[0]=[0.003225 -0.011626 0.242854 -2.711762]
[trajectory_generator_node-6] [INFO] [1790448842.100315243] [trajectory_generation]: FSM published 4 trajectory pieces
[trajectory_tracking_node-8] [WARN] [1790448847.136339728] [trajectory_tracking]: RM_GridMap predicted-path replan requested: collision_samples=0 trajectory_age=5.02
[trajectory_generator_node-6] [Manager REPLAN]  cur position point (X, Y) = (-1.495238, -4.000679), target point (X, Y) = (-0.919000, -4.454000)
[trajectory_generator_node-6] [Manager REPLAN] target_temp (X, Y) = (-0.919000, -4.454000)
[trajectory_generator_node-6] [Manager REPLAN] path safe & target unchanged, re-anchoring from cur pos
[trajectory_generator_node-6] [Smooth Optimize] MINCO Optimization STOP: Success: reached convergence (g_epsilon).
[trajectory_generator_node-6] [Smooth Optimize] MINCO: cost=0.0 total_T=3.035(init 2.444) max_drift=0.000 max_vel=0.4 segs=2
[trajectory_generator_node-6] [Smooth Resample] resample
[trajectory_generator_node-6] [Smooth Resample] path too short (3 pts), keeping all
[trajectory_generator_node-6] [Reference] path size : 3
[trajectory_generator_node-6] [Reference] solvePolyMatrix ENTER: N=2, path_size=3, trap_time_size=2
[trajectory_generator_node-6] [Reference]   path[0]=(-1.4952,-4.0007) path[1]=(-1.2593,-4.1860) t[0]=1.035307 state_vel=(0.2374,-0.1685)
[trajectory_generator_node-6] [Reference] banded solve done. b[0]=-0.048604 b[N]=-0.276336 b2[0]=-0.019371 b2[N]=0.212073
[trajectory_generator_node-6] [Reference] solvePolyMatrix EXIT: polyX[0]=[0.014624 -0.024302 0.237389 -1.495238]
[trajectory_generator_node-6] [INFO] [1790448847.147989681] [trajectory_generation]: FSM published 2 trajectory pieces
[trajectory_tracking_node-8] [WARN] [1790448850.193536315] [trajectory_tracking]: trajectory tracking stopped: invalid coefficient array length
[trajectory_tracking_node-8] [WARN] [1790448852.310570016] [trajectory_tracking]: trajectory tracking stopped: no valid trajectory
[trajectory_generator_node-6] [INFO] [1790448853.462442430] [trajectory_generation]: FSM accepted manual goal goal=(-3.22, 2.15, 0.02)
[trajectory_generator_node-6] [Manager] start point, (x, y): (-1.42, -4.15)
[trajectory_generator_node-6] [Manager] receive target, (x, y): (-3.22, 2.15)
[trajectory_generator_node-6] [Topo]: m_graph before num: 1605
[trajectory_generator_node-6] [Topo]: dijkstra time: 0.018215
[trajectory_generator_node-6] [Topo]: topo search time: 0.446008
[trajectory_generator_node-6] [Topo]: m_graph num: 2555
[trajectory_generator_node-6] [DIAG] origin_path (Dijkstra) size: 3
[trajectory_generator_node-6] [DIAG]   origin[0]: (-1.419, -4.154, 0.015)
[trajectory_generator_node-6] [DIAG]   origin[1]: (-6.269, -0.554, 0.015)
[trajectory_generator_node-6] [DIAG]   origin[2]: (-3.219, 2.146, 0.015)
[trajectory_generator_node-6] [DIAG] lineVisib(start→end DIRECT): false  colli=(-1.87,-2.55)
[trajectory_generator_node-6] [DIAG] direct line: 131 steps, 81 wall cells
[trajectory_generator_node-6] [smoothTopoPath] INPUT size=3
[trajectory_generator_node-6] [smoothTopoPath]   in[0]: (-1.419, -4.154, 0.015)
[trajectory_generator_node-6] [smoothTopoPath]   in[1]: (-6.269, -0.554, 0.015)
[trajectory_generator_node-6] [smoothTopoPath]   in[2]: (-3.219, 2.146, 0.015)
[trajectory_generator_node-6] [smoothTopoPath] lineVisib(start→end): false  colli=(-1.87,-2.55)
[trajectory_generator_node-6] [smoothTopoPath] OUTPUT size=4, iter_count=3
[trajectory_generator_node-6] [smoothTopoPath]   out[0]: (-1.419, -4.154, 0.015)
[trajectory_generator_node-6] [smoothTopoPath]   out[1]: (-6.377, -0.726, 0.015)
[trajectory_generator_node-6] [smoothTopoPath]   out[2]: (-6.073, 0.019, 0.015)
[trajectory_generator_node-6] [smoothTopoPath]   out[3]: (-3.219, 2.146, 0.015)
[trajectory_generator_node-6] [DIAG] optimized_path (smoothTopoPath) size: 4
[trajectory_generator_node-6] [DIAG]   opt[0]: (-1.419, -4.154, 0.015)
[trajectory_generator_node-6] [DIAG]   opt[1]: (-6.377, -0.726, 0.015)
[trajectory_generator_node-6] [DIAG]   opt[2]: (-6.073, 0.019, 0.015)
[trajectory_generator_node-6] [DIAG]   opt[3]: (-3.219, 2.146, 0.015)
[trajectory_generator_node-6] optimized_path size: 4
[trajectory_generator_node-6] [Manager] reference_speed: (0.30)
[trajectory_generator_node-6] [LBFGS] search direction d: -0.000210199 -0.000356111  3.37296e-05 -1.21239e-05 -5.80313e-06  1.17928e-05 -1.01054e-05  5.91645e-06 -2.47078e-06  2.87039e-07  1.27845e-06 -2.93836e-06  4.72193e-06 -4.88017e-06 -1.38227e-06  1.92571e-05 -3.63564e-05 -2.34691e-05  0.000210937 -7.85782e-05  0.000207132 -0.000400584   0.00021362  0.000404427  0.000392209  9.39213e-05 -6.71316e-05  1.74199e-05  3.47389e-06 -4.02447e-06  7.41091e-06 -6.16082e-05 -0.000140332   0.00134645 -1.68078e-05 -0.000156738 -0.000132742  4.72588e-05  3.10002e-06 -1.33062e-05   9.4779e-06  -4.8567e-06  1.94903e-06 -5.12199e-07  -5.8854e-08   1.7818e-07 -3.43882e-10 -5.05815e-07  1.24254e-06 -1.09543e-06 -3.29922e-06  1.56638e-05 -4.22732e-05  0.000300113  0.000275734 -0.000199542 -0.000376969  0.000839386  0.000262904 -5.72608e-05  5.22001e-06  5.32036e-06  2.26133e-05 -6.70737e-05  6.58756e-05  9.03014e-05  2.55382e-05   0.00120306     0.014578  -0.00196894  0.000928888 -0.000245012   8.2685e-05 -2.20775e-05  5.02453e-06 -6.26518e-07 -1.19983e-07  1.37451e-07 -2.70166e-08 -5.78703e-08  4.49627e-08  4.23265e-07  -2.8741e-06  1.43032e-05 -5.98603e-05  0.000236572 -0.000687993   0.00194936   0.00136729 -0.000985486   0.00205072 -0.000728477  0.000747219 -0.000123638  4.73849e-05 -3.60343e-07 -1.75423e-06  7.20705e-06 -1.28415e-06 -1.49593e-05  0.000618832 -0.000946493    0.0262028
[trajectory_generator_node-6] [Smooth Optimize] MINCO reaches max evaluations: Line search reaches the maximum try number, assumptions not satisfied or precision not achievable.
[trajectory_generator_node-6] [Smooth Optimize] MINCO: cost=0.8 total_T=37.059(init 34.544) max_drift=0.121 max_vel=0.4 segs=35
[trajectory_generator_node-6] [Smooth Resample] resample
[trajectory_generator_node-6] [Smooth Resample] 36 -> 19 waypoints, 18 time segs, max_turn=80.6 deg
[trajectory_generator_node-6] [Manager] optimizer generate time: 0.007322
[trajectory_generator_node-6] [Reference] path size : 19
[trajectory_generator_node-6] [Reference] solvePolyMatrix ENTER: N=18, path_size=19, trap_time_size=18
[trajectory_generator_node-6] [Reference]   path[0]=(-1.4190,-4.1540) path[1]=(-1.8986,-3.7966) t[0]=2.881552 state_vel=(0.0000,0.0000)
[trajectory_generator_node-6] [Reference] banded solve done. b[0]=-0.173760 b[N]=-0.103647 b2[0]=0.140743 b2[N]=-0.004473
[trajectory_generator_node-6] [Reference] solvePolyMatrix EXIT: polyX[0]=[0.010107 -0.086880 0.000000 -1.419000]
[trajectory_generator_node-6] [INFO] [1790448853.935784191] [trajectory_generation]: FSM published 18 trajectory pieces
[trajectory_tracking_node-8] [WARN] [1790448858.968343613] [trajectory_tracking]: RM_GridMap predicted-path replan requested: collision_samples=0 trajectory_age=5.01
[trajectory_generator_node-6] [Manager REPLAN]  cur position point (X, Y) = (-2.422622, -3.427440), target point (X, Y) = (-3.219000, 2.146000)
[trajectory_generator_node-6] [Manager REPLAN] target_temp (X, Y) = (-3.219000, 2.146000)
[trajectory_generator_node-6] [Manager REPLAN] robot 1.24m from path, full replan
[trajectory_generator_node-6] [Manager] start point, (x, y): (-2.42, -3.43)
[trajectory_generator_node-6] [Manager] receive target, (x, y): (-3.22, 2.15)
[trajectory_generator_node-6] [Topo]: m_graph before num: 1605
[trajectory_generator_node-6] [Topo]: dijkstra time: 0.022375
[trajectory_generator_node-6] [Topo]: topo search time: 0.516075
[trajectory_generator_node-6] [Topo]: m_graph num: 2541
[trajectory_generator_node-6] [DIAG] origin_path (Dijkstra) size: 4
[trajectory_generator_node-6] [DIAG]   origin[0]: (-2.423, -3.427, 0.015)
[trajectory_generator_node-6] [DIAG]   origin[1]: (-5.719, -0.954, 0.051)
[trajectory_generator_node-6] [DIAG]   origin[2]: (-5.919, -0.254, 0.015)
[trajectory_generator_node-6] [DIAG]   origin[3]: (-3.219, 2.146, 0.015)
[trajectory_generator_node-6] [DIAG] lineVisib(start→end DIRECT): false  colli=(-2.67,-1.60)
[trajectory_generator_node-6] [DIAG] direct line: 112 steps, 68 wall cells
[trajectory_generator_node-6] [smoothTopoPath] INPUT size=4
[trajectory_generator_node-6] [smoothTopoPath]   in[0]: (-2.423, -3.427, 0.015)
[trajectory_generator_node-6] [smoothTopoPath]   in[1]: (-5.719, -0.954, 0.051)
[trajectory_generator_node-6] [smoothTopoPath]   in[2]: (-5.919, -0.254, 0.015)
[trajectory_generator_node-6] [smoothTopoPath]   in[3]: (-3.219, 2.146, 0.015)
[trajectory_generator_node-6] [smoothTopoPath] lineVisib(start→end): false  colli=(-2.67,-1.60)
[trajectory_generator_node-6] [smoothTopoPath] OUTPUT size=7, iter_count=6
[trajectory_generator_node-6] [smoothTopoPath]   out[0]: (-2.423, -3.427, 0.015)
[trajectory_generator_node-6] [smoothTopoPath]   out[1]: (-5.945, -1.046, 0.021)
[trajectory_generator_node-6] [smoothTopoPath]   out[2]: (-5.517, -0.917, 0.015)
[trajectory_generator_node-6] [smoothTopoPath]   out[3]: (-5.748, -1.206, 0.092)
[trajectory_generator_node-6] [smoothTopoPath]   out[4]: (-6.073, -0.779, 0.015)
[trajectory_generator_node-6] [smoothTopoPath]   out[5]: (-6.165, -0.123, 0.015)
[trajectory_generator_node-6] [smoothTopoPath]   out[6]: (-3.219, 2.146, 0.015)
[trajectory_generator_node-6] [DIAG] optimized_path (smoothTopoPath) size: 7
[trajectory_generator_node-6] [DIAG]   opt[0]: (-2.423, -3.427, 0.015)
[trajectory_generator_node-6] [DIAG]   opt[1]: (-5.945, -1.046, 0.021)
[trajectory_generator_node-6] [DIAG]   opt[2]: (-5.517, -0.917, 0.015)
[trajectory_generator_node-6] [DIAG]   opt[3]: (-5.748, -1.206, 0.092)
[trajectory_generator_node-6] [DIAG]   opt[4]: (-6.073, -0.779, 0.015)
[trajectory_generator_node-6] [DIAG]   opt[5]: (-6.165, -0.123, 0.015)
[trajectory_generator_node-6] [DIAG]   opt[6]: (-3.219, 2.146, 0.015)
[trajectory_generator_node-6] optimized_path size: 7
[trajectory_generator_node-6] [Manager] reference_speed: (0.30)
[trajectory_generator_node-6] [LBFGS] search direction d: -1.61144e-05 -7.29413e-07  4.45505e-06 -4.11243e-06  2.78727e-06 -2.92388e-07 -5.94271e-06  2.10288e-05 -5.17341e-05  9.66694e-05 -0.000113868 -1.72646e-05  3.24196e-05   0.00236932   0.00165722    0.0026003  -0.00399502  0.000359818  -0.00149261 -0.000221372   0.00122313   0.00214905  0.000403417 -0.000124884 -2.93706e-05 -2.34042e-05 -3.06081e-05  0.000108233 -0.000170216  0.000118115  -0.00395149  -0.00129959   1.0469e-05  1.61145e-06 -5.15905e-06  6.81365e-06 -9.41628e-06  1.40325e-05 -2.07896e-05   2.8629e-05 -3.34424e-05  2.31509e-05  3.76438e-05 -0.000262441     0.001012  -0.00335768  -0.00283476 -0.000579216 -0.000298657 -0.000432473  0.000171216  -0.00108947  0.000375931   0.00392692  -0.00102345 -0.000394963 -0.000373432  0.000102588  1.08799e-05   1.6515e-05 -0.000130062  0.000267911   0.00389919  -0.00088685  0.000128345 -3.60664e-05  1.00862e-05 -2.61125e-06  8.08763e-07 -3.34837e-07 -1.51224e-07  2.18449e-06 -1.04128e-05  4.56917e-05 -0.000176834  0.000656444  -0.00166581   0.00451174   0.00335332   0.00788952    0.0080664   0.00042386  0.000237435  3.84007e-05  -0.00116606   0.00657931  -0.00102813   0.00421054  -0.00106557   0.00091629 -0.000268787   5.8879e-05  7.04789e-05 -0.000331378    0.0012926  -0.00249919    0.0157755
[trajectory_generator_node-6] [Smooth Optimize] MINCO reaches max evaluations: Line search reaches the maximum try number, assumptions not satisfied or precision not achievable.
[trajectory_generator_node-6] [Smooth Optimize] MINCO: cost=1.8 total_T=35.498(init 32.253) max_drift=0.135 max_vel=0.4 segs=33
[trajectory_generator_node-6] [Smooth Resample] resample
[trajectory_generator_node-6] [Smooth Resample] 34 -> 18 waypoints, 17 time segs, max_turn=164.3 deg
[trajectory_generator_node-6] [Manager] optimizer generate time: 0.006028
[trajectory_generator_node-6] [Reference] path size : 18
[trajectory_generator_node-6] [Reference] solvePolyMatrix ENTER: N=17, path_size=18, trap_time_size=17
[trajectory_generator_node-6] [Reference]   path[0]=(-2.4226,-3.4274) path[1]=(-2.9196,-3.0915) t[0]=2.007521 state_vel=(-0.2464,0.1666)
[trajectory_generator_node-6] [Reference] banded solve done. b[0]=-0.001540 b[N]=-0.264347 b2[0]=0.001091 b2[N]=-0.159478
[trajectory_generator_node-6] [Reference] solvePolyMatrix EXIT: polyX[0]=[0.000111 -0.000770 -0.246448 -2.422622]
[trajectory_generator_node-6] [Reference] solvePolyMatrix ENTER: N=17, path_size=18, trap_time_size=17
[trajectory_generator_node-6] [Reference]   path[0]=(-2.4226,-3.4274) path[1]=(-2.9196,-3.0915) t[0]=2.007521 state_vel=(-0.2464,0.1666)
[trajectory_generator_node-6] [Reference] banded solve done. b[0]=-0.001581 b[N]=-0.264348 b2[0]=0.001121 b2[N]=-0.159478
[trajectory_generator_node-6] [Reference] solvePolyMatrix EXIT: polyX[0]=[0.000121 -0.000790 -0.246448 -2.422622]
[trajectory_generator_node-6] [INFO] [1790448859.524609690] [trajectory_generation]: FSM published 17 trajectory pieces
[trajectory_tracking_node-8] [WARN] [1790448864.565455195] [trajectory_tracking]: RM_GridMap predicted-path replan requested: collision_samples=0 trajectory_age=5.02
[trajectory_generator_node-6] [Manager REPLAN]  cur position point (X, Y) = (-3.657298, -2.563399), target point (X, Y) = (-3.219000, 2.146000)
[trajectory_generator_node-6] [Manager REPLAN] target_temp (X, Y) = (-3.219000, 2.146000)
[trajectory_generator_node-6] [Manager REPLAN] robot 1.51m from path, full replan
[trajectory_generator_node-6] [Manager] start point, (x, y): (-3.66, -2.56)
[trajectory_generator_node-6] [Manager] receive target, (x, y): (-3.22, 2.15)
[trajectory_generator_node-6] [Topo]: m_graph before num: 1605
[trajectory_generator_node-6] [Topo]: dijkstra time: 0.015610
[trajectory_generator_node-6] [Topo]: topo search time: 0.383710
[trajectory_generator_node-6] [Topo]: m_graph num: 2547
[trajectory_generator_node-6] [DIAG] origin_path (Dijkstra) size: 4
[trajectory_generator_node-6] [DIAG]   origin[0]: (-3.657, -2.563, 0.015)
[trajectory_generator_node-6] [DIAG]   origin[1]: (-5.969, -0.704, 0.015)
[trajectory_generator_node-6] [DIAG]   origin[2]: (-5.769, -0.054, 0.015)
[trajectory_generator_node-6] [DIAG]   origin[3]: (-3.219, 2.146, 0.015)
[trajectory_generator_node-6] [DIAG] lineVisib(start→end DIRECT): false  colli=(-3.52,-1.15)
[trajectory_generator_node-6] [DIAG] direct line: 94 steps, 58 wall cells
[trajectory_generator_node-6] [smoothTopoPath] INPUT size=4
[trajectory_generator_node-6] [smoothTopoPath]   in[0]: (-3.657, -2.563, 0.015)
[trajectory_generator_node-6] [smoothTopoPath]   in[1]: (-5.969, -0.704, 0.015)
[trajectory_generator_node-6] [smoothTopoPath]   in[2]: (-5.769, -0.054, 0.015)
[trajectory_generator_node-6] [smoothTopoPath]   in[3]: (-3.219, 2.146, 0.015)
[trajectory_generator_node-6] [smoothTopoPath] lineVisib(start→end): false  colli=(-3.52,-1.15)
[trajectory_generator_node-6] [smoothTopoPath] OUTPUT size=4, iter_count=3
[trajectory_generator_node-6] [smoothTopoPath]   out[0]: (-3.657, -2.563, 0.015)
[trajectory_generator_node-6] [smoothTopoPath]   out[1]: (-6.146, -0.887, 0.015)
[trajectory_generator_node-6] [smoothTopoPath]   out[2]: (-6.153, -0.312, 0.015)
[trajectory_generator_node-6] [smoothTopoPath]   out[3]: (-3.219, 2.146, 0.015)
[trajectory_generator_node-6] [DIAG] optimized_path (smoothTopoPath) size: 4
[trajectory_generator_node-6] [DIAG]   opt[0]: (-3.657, -2.563, 0.015)
[trajectory_generator_node-6] [DIAG]   opt[1]: (-6.146, -0.887, 0.015)
[trajectory_generator_node-6] [DIAG]   opt[2]: (-6.153, -0.312, 0.015)
[trajectory_generator_node-6] [DIAG]   opt[3]: (-3.219, 2.146, 0.015)
[trajectory_generator_node-6] optimized_path size: 4
[trajectory_generator_node-6] [Manager] reference_speed: (0.30)
[trajectory_generator_node-6] [LBFGS] search direction d: -7.22408e-05   3.0309e-05 -2.06205e-05  1.76544e-05 -1.30072e-06 -7.09017e-05   0.00029906 -0.000893712   0.00184471   -0.0026214   0.00306035   -0.0004433   0.00108082  -0.00392543   0.00518298  0.000711411  0.000625532 -0.000216132 -4.38578e-05  0.000239499 -0.000379896   0.00304495  -0.00132069  -0.00674823 -0.000129785  4.69045e-05 -2.34789e-05  1.67344e-05 -5.66841e-06 -4.32948e-05  0.000206427 -0.000650009   0.00147902  -0.00258211   0.00413605 -0.000773366 -0.000922957   0.00141951    0.0028509 -0.000973706 -0.000479326  0.000814438 -0.000845349   0.00113371  -0.00185394  -0.00100504 -0.000782332   -0.0107263 -8.77683e-06   2.7361e-06 -7.52955e-07  1.88732e-07 -3.07102e-07  2.78906e-06 -1.60524e-05  7.02509e-05 -0.000197933  0.000617901   0.00102901  -0.00145312   0.00389607 -0.000158093   0.00138373  0.000416425 -0.000310846  0.000321048 -0.000110572  6.38798e-06  5.12618e-05 -2.07648e-05  0.000462519  -0.00124676    0.0182042
[trajectory_generator_node-6] [Smooth Optimize] MINCO reaches max evaluations: Line search reaches the maximum try number, assumptions not satisfied or precision not achievable.
[trajectory_generator_node-6] [Smooth Optimize] MINCO: cost=2.6 total_T=24.768(init 24.650) max_drift=0.183 max_vel=0.5 segs=25
[trajectory_generator_node-6] [Smooth Resample] resample
[trajectory_generator_node-6] [Smooth Resample] 26 -> 14 waypoints, 13 time segs, max_turn=60.7 deg
[trajectory_generator_node-6] [Manager] optimizer generate time: 0.006141
[trajectory_generator_node-6] [Reference] path size : 14
[trajectory_generator_node-6] [Reference] solvePolyMatrix ENTER: N=13, path_size=14, trap_time_size=13
[trajectory_generator_node-6] [Reference]   path[0]=(-3.6573,-2.5634) path[1]=(-4.1550,-2.2283) t[0]=1.999966 state_vel=(-0.2472,0.1706)
[trajectory_generator_node-6] [Reference] banded solve done. b[0]=-0.003458 b[N]=-0.824755 b2[0]=-0.005730 b2[N]=-0.272509
[trajectory_generator_node-6] [Reference] solvePolyMatrix EXIT: polyX[0]=[0.000458 -0.001729 -0.247232 -3.657298]
[trajectory_generator_node-6] [Reference] solvePolyMatrix ENTER: N=13, path_size=14, trap_time_size=13
[trajectory_generator_node-6] [Reference]   path[0]=(-3.6573,-2.5634) path[1]=(-4.1550,-2.2283) t[0]=1.999966 state_vel=(-0.2472,0.1706)
[trajectory_generator_node-6] [Reference] banded solve done. b[0]=-0.003458 b[N]=-0.684968 b2[0]=-0.005730 b2[N]=-0.227824
[trajectory_generator_node-6] [Reference] solvePolyMatrix EXIT: polyX[0]=[0.000458 -0.001729 -0.247232 -3.657298]
[trajectory_generator_node-6] [Reference] solvePolyMatrix ENTER: N=13, path_size=14, trap_time_size=13
[trajectory_generator_node-6] [Reference]   path[0]=(-3.6573,-2.5634) path[1]=(-4.1550,-2.2283) t[0]=1.999966 state_vel=(-0.2472,0.1706)
[trajectory_generator_node-6] [Reference] banded solve done. b[0]=-0.003458 b[N]=-0.569406 b2[0]=-0.005730 b2[N]=-0.190935
[trajectory_generator_node-6] [Reference] solvePolyMatrix EXIT: polyX[0]=[0.000458 -0.001729 -0.247232 -3.657298]
[trajectory_generator_node-6] [Reference] solvePolyMatrix ENTER: N=13, path_size=14, trap_time_size=13
[trajectory_generator_node-6] [Reference]   path[0]=(-3.6573,-2.5634) path[1]=(-4.1550,-2.2283) t[0]=1.999966 state_vel=(-0.2472,0.1706)
[trajectory_generator_node-6] [Reference] banded solve done. b[0]=-0.003458 b[N]=-0.473830 b2[0]=-0.005730 b2[N]=-0.160449
[trajectory_generator_node-6] [Reference] solvePolyMatrix EXIT: polyX[0]=[0.000458 -0.001729 -0.247232 -3.657298]
[trajectory_generator_node-6] [Reference] solvePolyMatrix ENTER: N=13, path_size=14, trap_time_size=13
[trajectory_generator_node-6] [Reference]   path[0]=(-3.6573,-2.5634) path[1]=(-4.1550,-2.2283) t[0]=1.999966 state_vel=(-0.2472,0.1706)
[trajectory_generator_node-6] [Reference] banded solve done. b[0]=-0.003458 b[N]=-0.394745 b2[0]=-0.005730 b2[N]=-0.135218
[trajectory_generator_node-6] [Reference] solvePolyMatrix EXIT: polyX[0]=[0.000458 -0.001729 -0.247232 -3.657298]
[trajectory_generator_node-6] [Reference] solvePolyMatrix ENTER: N=13, path_size=14, trap_time_size=13
[trajectory_generator_node-6] [Reference]   path[0]=(-3.6573,-2.5634) path[1]=(-4.1550,-2.2283) t[0]=1.999966 state_vel=(-0.2472,0.1706)
[trajectory_generator_node-6] [Reference] banded solve done. b[0]=-0.003458 b[N]=-0.329269 b2[0]=-0.005730 b2[N]=-0.114304
[trajectory_generator_node-6] [Reference] solvePolyMatrix EXIT: polyX[0]=[0.000458 -0.001729 -0.247232 -3.657298]
[trajectory_generator_node-6] [INFO] [1790448864.973456081] [trajectory_generation]: FSM published 13 trajectory pieces
[trajectory_tracking_node-8] [WARN] [1790448869.983720681] [trajectory_tracking]: RM_GridMap predicted-path replan requested: collision_samples=0 trajectory_age=5.01
[trajectory_generator_node-6] [Manager REPLAN]  cur position point (X, Y) = (-4.892310, -1.711396), target point (X, Y) = (-3.219000, 2.146000)
[trajectory_generator_node-6] [Manager REPLAN] target_temp (X, Y) = (-3.219000, 2.146000)
[trajectory_generator_node-6] [Manager REPLAN] robot 1.50m from path, full replan
[trajectory_generator_node-6] [Manager] start point, (x, y): (-4.89, -1.71)
[trajectory_generator_node-6] [Manager] receive target, (x, y): (-3.22, 2.15)
[trajectory_generator_node-6] [Topo]: m_graph before num: 1605
[trajectory_generator_node-6] [Topo]: dijkstra time: 0.015752
[trajectory_generator_node-6] [Topo]: topo search time: 0.483638
[trajectory_generator_node-6] [Topo]: m_graph num: 2548
[trajectory_generator_node-6] [DIAG] origin_path (Dijkstra) size: 4
[trajectory_generator_node-6] [DIAG]   origin[0]: (-4.892, -1.711, 0.015)
[trajectory_generator_node-6] [DIAG]   origin[1]: (-5.969, -0.704, 0.015)
[trajectory_generator_node-6] [DIAG]   origin[2]: (-5.769, -0.054, 0.015)
[trajectory_generator_node-6] [DIAG]   origin[3]: (-3.219, 2.146, 0.015)
[trajectory_generator_node-6] [DIAG] lineVisib(start→end DIRECT): false  colli=(-4.42,-0.65)
[trajectory_generator_node-6] [DIAG] direct line: 84 steps, 48 wall cells
[trajectory_generator_node-6] [smoothTopoPath] INPUT size=4
[trajectory_generator_node-6] [smoothTopoPath]   in[0]: (-4.892, -1.711, 0.015)
[trajectory_generator_node-6] [smoothTopoPath]   in[1]: (-5.969, -0.704, 0.015)
[trajectory_generator_node-6] [smoothTopoPath]   in[2]: (-5.769, -0.054, 0.015)
[trajectory_generator_node-6] [smoothTopoPath]   in[3]: (-3.219, 2.146, 0.015)
[trajectory_generator_node-6] [smoothTopoPath] lineVisib(start→end): false  colli=(-4.42,-0.65)
[trajectory_generator_node-6] [smoothTopoPath] OUTPUT size=4, iter_count=3
[trajectory_generator_node-6] [smoothTopoPath]   out[0]: (-4.892, -1.711, 0.015)
[trajectory_generator_node-6] [smoothTopoPath]   out[1]: (-6.157, -0.815, 0.015)
[trajectory_generator_node-6] [smoothTopoPath]   out[2]: (-6.136, -0.285, 0.015)
[trajectory_generator_node-6] [smoothTopoPath]   out[3]: (-3.219, 2.146, 0.015)
[trajectory_generator_node-6] [DIAG] optimized_path (smoothTopoPath) size: 4
[trajectory_generator_node-6] [DIAG]   opt[0]: (-4.892, -1.711, 0.015)
[trajectory_generator_node-6] [DIAG]   opt[1]: (-6.157, -0.815, 0.015)
[trajectory_generator_node-6] [DIAG]   opt[2]: (-6.136, -0.285, 0.015)
[trajectory_generator_node-6] [DIAG]   opt[3]: (-3.219, 2.146, 0.015)
[trajectory_generator_node-6] optimized_path size: 4
[trajectory_generator_node-6] [Manager] reference_speed: (0.30)
[trajectory_generator_node-6] [LBFGS] search direction d:  3.47313e-06 -7.36613e-06  1.59225e-05  2.38342e-06  7.92135e-05 -8.77895e-05   0.00028853  8.48488e-06  0.000380834  0.000413378 -7.44583e-05  2.63606e-06 -2.74108e-07 -4.01233e-07  8.59127e-07 -1.98136e-06 -4.70303e-05  2.94647e-05  0.000369547 -1.58898e-05 -6.87061e-06  -2.8844e-05  3.70141e-06  0.000109472 -0.000173426   0.00015126  0.000116339 -0.000535523  -0.00135057 -5.87144e-05  3.13466e-05 -2.93269e-05  2.02445e-05 -2.56534e-05  5.42565e-05 -7.93179e-05  4.22807e-05  0.000136976  1.28773e-05 -2.93027e-06  2.07942e-06 -3.13716e-06  2.02451e-05  7.09142e-05 -7.33461e-05  0.000320383 -2.09734e-05  0.000100083 -3.15093e-06 -2.69127e-06  9.99792e-06 -5.45327e-06  2.57567e-06 -8.94029e-07   5.1271e-06  2.36097e-05 -2.72851e-05   0.00126077
[trajectory_generator_node-6] [Smooth Optimize] MINCO reaches max evaluations: Line search reaches the maximum try number, assumptions not satisfied or precision not achievable.
[trajectory_generator_node-6] [Smooth Optimize] MINCO: cost=2.7 total_T=19.543(init 19.506) max_drift=0.160 max_vel=0.5 segs=20
[trajectory_generator_node-6] [Smooth Resample] resample
[trajectory_generator_node-6] [Smooth Resample] 21 -> 11 waypoints, 10 time segs, max_turn=53.8 deg
[trajectory_generator_node-6] [Manager] optimizer generate time: 0.004014
[trajectory_generator_node-6] [Reference] path size : 11
[trajectory_generator_node-6] [Reference] solvePolyMatrix ENTER: N=10, path_size=11, trap_time_size=10
[trajectory_generator_node-6] [Reference]   path[0]=(-4.8923,-1.7114) path[1]=(-5.3825,-1.3649) t[0]=2.000273 state_vel=(-0.2427,0.1600)
[trajectory_generator_node-6] [Reference] banded solve done. b[0]=0.001465 b[N]=-0.529975 b2[0]=0.027302 b2[N]=-0.365918
[trajectory_generator_node-6] [Reference] solvePolyMatrix EXIT: polyX[0]=[-0.000941 0.000733 -0.242740 -4.892310]
[trajectory_generator_node-6] [Reference] solvePolyMatrix ENTER: N=10, path_size=11, trap_time_size=10
[trajectory_generator_node-6] [Reference]   path[0]=(-4.8923,-1.7114) path[1]=(-5.3825,-1.3649) t[0]=2.000273 state_vel=(-0.2427,0.1600)
[trajectory_generator_node-6] [Reference] banded solve done. b[0]=0.001465 b[N]=-0.441097 b2[0]=0.027301 b2[N]=-0.304696
[trajectory_generator_node-6] [Reference] solvePolyMatrix EXIT: polyX[0]=[-0.000941 0.000732 -0.242740 -4.892310]
[trajectory_generator_node-6] [Reference] solvePolyMatrix ENTER: N=10, path_size=11, trap_time_size=10
[trajectory_generator_node-6] [Reference]   path[0]=(-4.8923,-1.7114) path[1]=(-5.3825,-1.3649) t[0]=2.000273 state_vel=(-0.2427,0.1600)
[trajectory_generator_node-6] [Reference] banded solve done. b[0]=0.001464 b[N]=-0.367553 b2[0]=0.027301 b2[N]=-0.254063
[trajectory_generator_node-6] [Reference] solvePolyMatrix EXIT: polyX[0]=[-0.000941 0.000732 -0.242740 -4.892310]
[trajectory_generator_node-6] [Reference] solvePolyMatrix ENTER: N=10, path_size=11, trap_time_size=10
[trajectory_generator_node-6] [Reference]   path[0]=(-4.8923,-1.7114) path[1]=(-5.3825,-1.3649) t[0]=2.000273 state_vel=(-0.2427,0.1600)
[trajectory_generator_node-6] [Reference] banded solve done. b[0]=0.001464 b[N]=-0.306663 b2[0]=0.027300 b2[N]=-0.212162
[trajectory_generator_node-6] [Reference] solvePolyMatrix EXIT: polyX[0]=[-0.000941 0.000732 -0.242740 -4.892310]
[trajectory_generator_node-6] [Reference] solvePolyMatrix ENTER: N=10, path_size=11, trap_time_size=10
[trajectory_generator_node-6] [Reference]   path[0]=(-4.8923,-1.7114) path[1]=(-5.3825,-1.3649) t[0]=2.000273 state_vel=(-0.2427,0.1600)
[trajectory_generator_node-6] [Reference] banded solve done. b[0]=0.001464 b[N]=-0.256217 b2[0]=0.027300 b2[N]=-0.177460
[trajectory_generator_node-6] [Reference] solvePolyMatrix EXIT: polyX[0]=[-0.000941 0.000732 -0.242740 -4.892310]
[trajectory_generator_node-6] [INFO] [1790448870.501329940] [trajectory_generation]: FSM published 10 trajectory pieces
[trajectory_tracking_node-8] [WARN] [1790448875.526521606] [trajectory_tracking]: RM_GridMap predicted-path replan requested: collision_samples=0 trajectory_age=5.01
[trajectory_generator_node-6] [Manager REPLAN]  cur position point (X, Y) = (-6.058433, -0.830625), target point (X, Y) = (-3.219000, 2.146000)
[trajectory_generator_node-6] [Manager REPLAN] target_temp (X, Y) = (-3.219000, 2.146000)
[trajectory_generator_node-6] [Manager REPLAN] path safe & target unchanged, re-anchoring from cur pos
[trajectory_generator_node-6] [LBFGS] search direction d:  0.000342234 -3.05563e-05 -6.46304e-05  0.000925714 -0.000394945  -0.00182335  0.000955031 -0.000456385  0.000338685 -0.000492114  0.000775223 -0.000267003  0.000181059  -0.00106055  5.06013e-05  8.84676e-05  0.000957495 -0.000463085 -0.000177361  0.000965072 -0.000594781  0.000478996 -0.000569609  0.000793013  -0.00126374 -2.13675e-05   0.00626531   -0.0042436   0.00875191  -0.00183586   0.00561222 -0.000801067  0.000361238  0.000186428 -0.000183446  0.000183627 -0.000427439   0.00144151  -0.00276722    0.0145617
[trajectory_generator_node-6] [Smooth Optimize] MINCO reaches max evaluations: Line search reaches the maximum try number, assumptions not satisfied or precision not achievable.
[trajectory_generator_node-6] [Smooth Optimize] MINCO: cost=2.1 total_T=15.058(init 14.426) max_drift=0.143 max_vel=0.4 segs=14
[trajectory_generator_node-6] [Smooth Resample] resample
[trajectory_generator_node-6] [Smooth Resample] 15 -> 8 waypoints, 7 time segs, max_turn=36.7 deg
[trajectory_generator_node-6] [Reference] path size : 8
[trajectory_generator_node-6] [Reference] solvePolyMatrix ENTER: N=7, path_size=8, trap_time_size=7
[trajectory_generator_node-6] [Reference]   path[0]=(-6.0584,-0.8306) path[1]=(-6.0797,-0.2951) t[0]=1.981657 state_vel=(-0.1530,0.2360)
[trajectory_generator_node-6] [Reference] banded solve done. b[0]=0.182638 b[N]=-0.253895 b2[0]=0.064426 b2[N]=-0.190153
[trajectory_generator_node-6] [Reference] solvePolyMatrix EXIT: polyX[0]=[-0.009857 0.091319 -0.152998 -6.058433]
[trajectory_generator_node-6] [INFO] [1790448875.564444023] [trajectory_generation]: FSM published 7 trajectory pieces
[trajectory_tracking_node-8] [WARN] [1790448880.591288468] [trajectory_tracking]: RM_GridMap predicted-path replan requested: collision_samples=0 trajectory_age=5.03
[trajectory_generator_node-6] [Manager REPLAN]  cur position point (X, Y) = (-5.456750, 0.400663), target point (X, Y) = (-3.219000, 2.146000)
[trajectory_generator_node-6] [Manager REPLAN] target_temp (X, Y) = (-3.219000, 2.146000)
[trajectory_generator_node-6] [Manager REPLAN] path safe & target unchanged, re-anchoring from cur pos
[trajectory_generator_node-6] [LBFGS] search direction d:  -0.00054312 -3.79394e-05 -0.000196559  0.000423135 -0.000381977 -0.000272997   -0.0010762   -0.0020046   0.00771551  0.000937094 -0.000750816  0.000399017 -0.000119833  0.000717425  -0.00109852  -0.00102308     4.91e-05 -0.000496064 -0.000297801  8.65772e-05 -0.000218235  0.000861795  -0.00377768    0.0075072   -0.0400555
[trajectory_generator_node-6] [Smooth Optimize] MINCO reaches max evaluations: Line search reaches the maximum try number, assumptions not satisfied or precision not achievable.
[trajectory_generator_node-6] [Smooth Optimize] MINCO: cost=0.0 total_T=9.931(init 9.460) max_drift=0.026 max_vel=0.3 segs=9
[trajectory_generator_node-6] [Smooth Resample] resample
[trajectory_generator_node-6] [Smooth Resample] 10 -> 6 waypoints, 5 time segs, max_turn=5.9 deg
[trajectory_generator_node-6] [Reference] path size : 6
[trajectory_generator_node-6] [Reference] solvePolyMatrix ENTER: N=5, path_size=6, trap_time_size=5
[trajectory_generator_node-6] [Reference]   path[0]=(-5.4567,0.4007) path[1]=(-4.9838,0.7697) t[0]=1.985989 state_vel=(0.2710,0.1730)
[trajectory_generator_node-6] [Reference] banded solve done. b[0]=-0.055958 b[N]=-0.287395 b2[0]=0.022984 b2[N]=-0.178217
[trajectory_generator_node-6] [Reference] solvePolyMatrix EXIT: polyX[0]=[0.005746 -0.027979 0.271044 -5.456750]
[trajectory_generator_node-6] [INFO] [1790448880.598551337] [trajectory_generation]: FSM published 5 trajectory pieces
[trajectory_tracking_node-8] [WARN] [1790448885.612307830] [trajectory_tracking]: RM_GridMap predicted-path replan requested: collision_samples=0 trajectory_age=5.01
[trajectory_generator_node-6] [Manager REPLAN]  cur position point (X, Y) = (-4.280890, 1.349436), target point (X, Y) = (-3.219000, 2.146000)
[trajectory_generator_node-6] [Manager REPLAN] target_temp (X, Y) = (-3.219000, 2.146000)
[trajectory_generator_node-6] [Manager REPLAN] robot 1.33m from path, full replan
[trajectory_generator_node-6] [Manager] start point, (x, y): (-4.28, 1.35)
[trajectory_generator_node-6] [Manager] receive target, (x, y): (-3.22, 2.15)
[trajectory_generator_node-6] [Topo]: m_graph before num: 1605
[trajectory_generator_node-6] [Topo]: dijkstra time: 0.016924
[trajectory_generator_node-6] [Topo]: topo search time: 0.471183
[trajectory_generator_node-6] [Topo]: m_graph num: 2549
[trajectory_generator_node-6] [DIAG] origin_path (Dijkstra) size: 2
[trajectory_generator_node-6] [DIAG]   origin[0]: (-4.281, 1.349, 0.015)
[trajectory_generator_node-6] [DIAG]   origin[1]: (-3.219, 2.146, 0.015)
[trajectory_generator_node-6] [DIAG] lineVisib(start→end DIRECT): TRUE(!!)  colli=(-4.28,1.35)
[trajectory_generator_node-6] [DIAG] direct line: 26 steps, 0 wall cells
[trajectory_generator_node-6] [smoothTopoPath] INPUT size=2
[trajectory_generator_node-6] [smoothTopoPath]   in[0]: (-4.281, 1.349, 0.015)
[trajectory_generator_node-6] [smoothTopoPath]   in[1]: (-3.219, 2.146, 0.015)
[trajectory_generator_node-6] [smoothTopoPath] lineVisib(start→end): TRUE(!)  colli=(0.00,0.00)
[trajectory_generator_node-6] [smoothTopoPath] OUTPUT size=2, iter_count=1
[trajectory_generator_node-6] [smoothTopoPath]   out[0]: (-4.281, 1.349, 0.015)
[trajectory_generator_node-6] [smoothTopoPath]   out[1]: (-3.219, 2.146, 0.015)
[trajectory_generator_node-6] [DIAG] optimized_path (smoothTopoPath) size: 2
[trajectory_generator_node-6] [DIAG]   opt[0]: (-4.281, 1.349, 0.015)
[trajectory_generator_node-6] [DIAG]   opt[1]: (-3.219, 2.146, 0.015)
[trajectory_generator_node-6] optimized_path size: 2
[trajectory_generator_node-6] [Manager] reference_speed: (0.30)
[trajectory_generator_node-6] [LBFGS] search direction d: -2.94044e-05  7.09015e-05  1.66492e-05  2.63832e-05  4.90595e-05  2.77981e-05  -0.00175106   0.00109256  -0.00106142   0.00206736
[trajectory_generator_node-6] [Smooth Optimize] MINCO reaches max evaluations: Line search reaches the maximum try number, assumptions not satisfied or precision not achievable.
[trajectory_generator_node-6] [Smooth Optimize] MINCO: cost=0.0 total_T=4.969(init 4.425) max_drift=0.026 max_vel=0.3 segs=4
[trajectory_generator_node-6] [Smooth Resample] resample
[trajectory_generator_node-6] [Smooth Resample] 5 -> 3 waypoints, 2 time segs, max_turn=0.2 deg
[trajectory_generator_node-6] [Manager] optimizer generate time: 0.000477
[trajectory_generator_node-6] [Reference] path size : 3
[trajectory_generator_node-6] [Reference] solvePolyMatrix ENTER: N=2, path_size=3, trap_time_size=2
[trajectory_generator_node-6] [Reference]   path[0]=(-4.2809,1.3494) path[1]=(-3.8010,1.7112) t[0]=2.074158 state_vel=(0.2429,0.1954)
[trajectory_generator_node-6] [Reference] banded solve done. b[0]=-0.047201 b[N]=-0.238904 b2[0]=-0.055113 b2[N]=-0.180373
[trajectory_generator_node-6] [Reference] solvePolyMatrix EXIT: polyX[0]=[0.008704 -0.023600 0.242896 -4.280890]
[trajectory_generator_node-6] [INFO] [1790448886.118685242] [trajectory_generation]: FSM published 2 trajectory pieces
[trajectory_tracking_node-8] [WARN] [1790448891.040939882] [trajectory_tracking]: trajectory tracking stopped: invalid coefficient array length
[trajectory_tracking_node-8] [WARN] [1790448893.122527851] [trajectory_tracking]: trajectory tracking stopped: no valid trajectory
[trajectory_generator_node-6] [INFO] [1790448894.220029789] [trajectory_generation]: FSM accepted manual goal goal=(-3.22, 2.15, 0.02)
[trajectory_generator_node-6] [Manager] start point, (x, y): (-1.42, -4.15)
[trajectory_generator_node-6] [Manager] receive target, (x, y): (-3.22, 2.15)
[trajectory_generator_node-6] [Topo]: m_graph before num: 1605
[trajectory_generator_node-6] [Topo]: dijkstra time: 0.018789
[trajectory_generator_node-6] [Topo]: topo search time: 0.411085
[trajectory_generator_node-6] [Topo]: m_graph num: 2549
[trajectory_generator_node-6] [DIAG] origin_path (Dijkstra) size: 3
[trajectory_generator_node-6] [DIAG]   origin[0]: (-1.419, -4.154, 0.015)
[trajectory_generator_node-6] [DIAG]   origin[1]: (-6.269, -0.554, 0.015)
[trajectory_generator_node-6] [DIAG]   origin[2]: (-3.219, 2.146, 0.015)
[trajectory_generator_node-6] [DIAG] lineVisib(start→end DIRECT): false  colli=(-1.87,-2.55)
[trajectory_generator_node-6] [DIAG] direct line: 131 steps, 81 wall cells
[trajectory_generator_node-6] [smoothTopoPath] INPUT size=3
[trajectory_generator_node-6] [smoothTopoPath]   in[0]: (-1.419, -4.154, 0.015)
[trajectory_generator_node-6] [smoothTopoPath]   in[1]: (-6.269, -0.554, 0.015)
[trajectory_generator_node-6] [smoothTopoPath]   in[2]: (-3.219, 2.146, 0.015)
[trajectory_generator_node-6] [smoothTopoPath] lineVisib(start→end): false  colli=(-1.87,-2.55)
[trajectory_generator_node-6] [smoothTopoPath] OUTPUT size=4, iter_count=3
[trajectory_generator_node-6] [smoothTopoPath]   out[0]: (-1.419, -4.154, 0.015)
[trajectory_generator_node-6] [smoothTopoPath]   out[1]: (-6.377, -0.726, 0.015)
[trajectory_generator_node-6] [smoothTopoPath]   out[2]: (-6.073, 0.019, 0.015)
[trajectory_generator_node-6] [smoothTopoPath]   out[3]: (-3.219, 2.146, 0.015)
[trajectory_generator_node-6] [DIAG] optimized_path (smoothTopoPath) size: 4
[trajectory_generator_node-6] [DIAG]   opt[0]: (-1.419, -4.154, 0.015)
[trajectory_generator_node-6] [DIAG]   opt[1]: (-6.377, -0.726, 0.015)
[trajectory_generator_node-6] [DIAG]   opt[2]: (-6.073, 0.019, 0.015)
[trajectory_generator_node-6] [DIAG]   opt[3]: (-3.219, 2.146, 0.015)
[trajectory_generator_node-6] optimized_path size: 4
[trajectory_generator_node-6] [Manager] reference_speed: (0.30)
[trajectory_generator_node-6] [LBFGS] search direction d: -0.000210199 -0.000356111  3.37296e-05 -1.21239e-05 -5.80313e-06  1.17928e-05 -1.01054e-05  5.91645e-06 -2.47078e-06  2.87039e-07  1.27845e-06 -2.93836e-06  4.72193e-06 -4.88017e-06 -1.38227e-06  1.92571e-05 -3.63564e-05 -2.34691e-05  0.000210937 -7.85782e-05  0.000207132 -0.000400584   0.00021362  0.000404427  0.000392209  9.39213e-05 -6.71316e-05  1.74199e-05  3.47389e-06 -4.02447e-06  7.41091e-06 -6.16082e-05 -0.000140332   0.00134645 -1.68078e-05 -0.000156738 -0.000132742  4.72588e-05  3.10002e-06 -1.33062e-05   9.4779e-06  -4.8567e-06  1.94903e-06 -5.12199e-07  -5.8854e-08   1.7818e-07 -3.43882e-10 -5.05815e-07  1.24254e-06 -1.09543e-06 -3.29922e-06  1.56638e-05 -4.22732e-05  0.000300113  0.000275734 -0.000199542 -0.000376969  0.000839386  0.000262904 -5.72608e-05  5.22001e-06  5.32036e-06  2.26133e-05 -6.70737e-05  6.58756e-05  9.03014e-05  2.55382e-05   0.00120306     0.014578  -0.00196894  0.000928888 -0.000245012   8.2685e-05 -2.20775e-05  5.02453e-06 -6.26518e-07 -1.19983e-07  1.37451e-07 -2.70166e-08 -5.78703e-08  4.49627e-08  4.23265e-07  -2.8741e-06  1.43032e-05 -5.98603e-05  0.000236572 -0.000687993   0.00194936   0.00136729 -0.000985486   0.00205072 -0.000728477  0.000747219 -0.000123638  4.73849e-05 -3.60343e-07 -1.75423e-06  7.20705e-06 -1.28415e-06 -1.49593e-05  0.000618832 -0.000946493    0.0262028
[trajectory_generator_node-6] [Smooth Optimize] MINCO reaches max evaluations: Line search reaches the maximum try number, assumptions not satisfied or precision not achievable.
[trajectory_generator_node-6] [Smooth Optimize] MINCO: cost=0.8 total_T=37.059(init 34.544) max_drift=0.121 max_vel=0.4 segs=35
[trajectory_generator_node-6] [Smooth Resample] resample
[trajectory_generator_node-6] [Smooth Resample] 36 -> 19 waypoints, 18 time segs, max_turn=80.6 deg
[trajectory_generator_node-6] [Manager] optimizer generate time: 0.009003
[trajectory_generator_node-6] [Reference] path size : 19
[trajectory_generator_node-6] [Reference] solvePolyMatrix ENTER: N=18, path_size=19, trap_time_size=18
[trajectory_generator_node-6] [Reference]   path[0]=(-1.4190,-4.1540) path[1]=(-1.8986,-3.7966) t[0]=2.881552 state_vel=(0.0000,0.0000)
[trajectory_generator_node-6] [Reference] banded solve done. b[0]=-0.173760 b[N]=-0.103647 b2[0]=0.140743 b2[N]=-0.004473
[trajectory_generator_node-6] [Reference] solvePolyMatrix EXIT: polyX[0]=[0.010107 -0.086880 0.000000 -1.419000]
[trajectory_generator_node-6] [INFO] [1790448894.674080139] [trajectory_generation]: FSM published 18 trajectory pieces
[trajectory_tracking_node-8] [WARN] [1790448899.714538255] [trajectory_tracking]: RM_GridMap predicted-path replan requested: collision_samples=0 trajectory_age=5.02
[trajectory_generator_node-6] [Manager REPLAN]  cur position point (X, Y) = (-2.422721, -3.427499), target point (X, Y) = (-3.219000, 2.146000)
[trajectory_generator_node-6] [Manager REPLAN] target_temp (X, Y) = (-3.219000, 2.146000)
[trajectory_generator_node-6] [Manager REPLAN] robot 1.24m from path, full replan
[trajectory_generator_node-6] [Manager] start point, (x, y): (-2.42, -3.43)
[trajectory_generator_node-6] [Manager] receive target, (x, y): (-3.22, 2.15)
[trajectory_generator_node-6] [Topo]: m_graph before num: 1605
[trajectory_generator_node-6] [Topo]: dijkstra time: 0.014449
[trajectory_generator_node-6] [Topo]: topo search time: 0.411305
[trajectory_generator_node-6] [Topo]: m_graph num: 2558
[trajectory_generator_node-6] [DIAG] origin_path (Dijkstra) size: 4
[trajectory_generator_node-6] [DIAG]   origin[0]: (-2.423, -3.427, 0.015)
[trajectory_generator_node-6] [DIAG]   origin[1]: (-5.969, -0.704, 0.015)
[trajectory_generator_node-6] [DIAG]   origin[2]: (-5.769, -0.054, 0.015)
[trajectory_generator_node-6] [DIAG]   origin[3]: (-3.219, 2.146, 0.015)
[trajectory_generator_node-6] [DIAG] lineVisib(start→end DIRECT): false  colli=(-2.67,-1.60)
[trajectory_generator_node-6] [DIAG] direct line: 112 steps, 68 wall cells
[trajectory_generator_node-6] [smoothTopoPath] INPUT size=4
[trajectory_generator_node-6] [smoothTopoPath]   in[0]: (-2.423, -3.427, 0.015)
[trajectory_generator_node-6] [smoothTopoPath]   in[1]: (-5.969, -0.704, 0.015)
[trajectory_generator_node-6] [smoothTopoPath]   in[2]: (-5.769, -0.054, 0.015)
[trajectory_generator_node-6] [smoothTopoPath]   in[3]: (-3.219, 2.146, 0.015)
[trajectory_generator_node-6] [smoothTopoPath] lineVisib(start→end): false  colli=(-2.67,-1.60)
[trajectory_generator_node-6] [smoothTopoPath] OUTPUT size=4, iter_count=3
[trajectory_generator_node-6] [smoothTopoPath]   out[0]: (-2.423, -3.427, 0.015)
[trajectory_generator_node-6] [smoothTopoPath]   out[1]: (-6.139, -0.892, 0.015)
[trajectory_generator_node-6] [smoothTopoPath]   out[2]: (-6.156, -0.316, 0.015)
[trajectory_generator_node-6] [smoothTopoPath]   out[3]: (-3.219, 2.146, 0.015)
[trajectory_generator_node-6] [DIAG] optimized_path (smoothTopoPath) size: 4
[trajectory_generator_node-6] [DIAG]   opt[0]: (-2.423, -3.427, 0.015)
[trajectory_generator_node-6] [DIAG]   opt[1]: (-6.139, -0.892, 0.015)
[trajectory_generator_node-6] [DIAG]   opt[2]: (-6.156, -0.316, 0.015)
[trajectory_generator_node-6] [DIAG]   opt[3]: (-3.219, 2.146, 0.015)
[trajectory_generator_node-6] optimized_path size: 4
[trajectory_generator_node-6] [Manager] reference_speed: (0.30)
[trajectory_generator_node-6] [LBFGS] search direction d:  1.08904e-05  -2.1548e-06 -1.16066e-07  5.15816e-07  -5.5911e-07  8.01043e-07 -1.55561e-06  3.23647e-06 -6.33622e-06  1.05723e-05 -1.12299e-05 -1.17541e-05  0.000114253 -0.000302663  0.000454665 -0.000549619  -0.00122374  0.000376248 -0.000440883  -0.00372868 -0.000962153  1.23956e-05  3.32449e-06  9.22723e-06  -2.9058e-05  5.21835e-05 -0.000574018   0.00038339   0.00244604 -2.03435e-05  4.32523e-06 -1.21993e-07  -5.4973e-07  2.81672e-07  2.15363e-07 -9.84598e-07   2.3698e-06 -4.85734e-06  8.56347e-06 -1.09952e-05 -7.27833e-08  6.19449e-05 -0.000202456  0.000415612 -0.000813286  -0.00144461  0.000853664 -0.000706507  -0.00321907  2.76345e-05  0.000302133 -0.000232106  0.000148145 -0.000181913  0.000361826  2.75164e-05  0.000399778 -0.000441246  2.48244e-05 -7.45648e-06  2.36091e-06  -6.7033e-07   1.6231e-07 -1.66596e-08 -2.40806e-08  2.07015e-08  8.55185e-08 -5.87339e-07  2.50307e-06 -8.78635e-06  3.01269e-05 -6.53036e-05  0.000229701  0.000414969 -0.000515393   0.00150186 -2.73528e-05  0.000648289  8.86831e-06 -5.05214e-05  9.07577e-05 -4.39045e-05  1.98554e-05  -3.9579e-06  9.10211e-06  0.000190952 -0.000456259    0.0072092
[trajectory_generator_node-6] [Smooth Optimize] MINCO reaches max evaluations: Line search reaches the maximum try number, assumptions not satisfied or precision not achievable.
[trajectory_generator_node-6] [Smooth Optimize] MINCO: cost=2.7 total_T=29.711(init 29.663) max_drift=0.190 max_vel=0.5 segs=30
[trajectory_generator_node-6] [Smooth Resample] resample
[trajectory_generator_node-6] [Smooth Resample] 31 -> 16 waypoints, 15 time segs, max_turn=51.0 deg
[trajectory_generator_node-6] [Manager] optimizer generate time: 0.010393
[trajectory_generator_node-6] [Reference] path size : 16
[trajectory_generator_node-6] [Reference] solvePolyMatrix ENTER: N=15, path_size=16, trap_time_size=15
[trajectory_generator_node-6] [Reference]   path[0]=(-2.4227,-3.4275) path[1]=(-2.9184,-3.0893) t[0]=2.000105 state_vel=(-0.2464,0.1664)
[trajectory_generator_node-6] [Reference] banded solve done. b[0]=-0.002601 b[N]=-0.493195 b2[0]=0.004626 b2[N]=-0.344529
[trajectory_generator_node-6] [Reference] solvePolyMatrix EXIT: polyX[0]=[0.000279 -0.001300 -0.246361 -2.422721]
[trajectory_generator_node-6] [Reference] solvePolyMatrix ENTER: N=15, path_size=16, trap_time_size=15
[trajectory_generator_node-6] [Reference]   path[0]=(-2.4227,-3.4275) path[1]=(-2.9184,-3.0893) t[0]=2.000105 state_vel=(-0.2464,0.1664)
[trajectory_generator_node-6] [Reference] banded solve done. b[0]=-0.002601 b[N]=-0.410628 b2[0]=0.004626 b2[N]=-0.286985
[trajectory_generator_node-6] [Reference] solvePolyMatrix EXIT: polyX[0]=[0.000279 -0.001300 -0.246361 -2.422721]
[trajectory_generator_node-6] [Reference] solvePolyMatrix ENTER: N=15, path_size=16, trap_time_size=15
[trajectory_generator_node-6] [Reference]   path[0]=(-2.4227,-3.4275) path[1]=(-2.9184,-3.0893) t[0]=2.000105 state_vel=(-0.2464,0.1664)
[trajectory_generator_node-6] [Reference] banded solve done. b[0]=-0.002601 b[N]=-0.342302 b2[0]=0.004626 b2[N]=-0.239391
[trajectory_generator_node-6] [Reference] solvePolyMatrix EXIT: polyX[0]=[0.000279 -0.001300 -0.246361 -2.422721]
[trajectory_generator_node-6] [Reference] solvePolyMatrix ENTER: N=15, path_size=16, trap_time_size=15
[trajectory_generator_node-6] [Reference]   path[0]=(-2.4227,-3.4275) path[1]=(-2.9184,-3.0893) t[0]=2.000105 state_vel=(-0.2464,0.1664)
[trajectory_generator_node-6] [Reference] banded solve done. b[0]=-0.002601 b[N]=-0.285727 b2[0]=0.004626 b2[N]=-0.200001
[trajectory_generator_node-6] [Reference] solvePolyMatrix EXIT: polyX[0]=[0.000279 -0.001300 -0.246361 -2.422721]
[trajectory_generator_node-6] [INFO] [1790448900.165374969] [trajectory_generation]: FSM published 15 trajectory pieces
[trajectory_tracking_node-8] [WARN] [1790448905.189238051] [trajectory_tracking]: RM_GridMap predicted-path replan requested: collision_samples=0 trajectory_age=5.01
[trajectory_generator_node-6] [Manager REPLAN]  cur position point (X, Y) = (-3.652983, -2.559007), target point (X, Y) = (-3.219000, 2.146000)
[trajectory_generator_node-6] [Manager REPLAN] target_temp (X, Y) = (-3.219000, 2.146000)
[trajectory_generator_node-6] [Manager REPLAN] robot 1.51m from path, full replan
[trajectory_generator_node-6] [Manager] start point, (x, y): (-3.65, -2.56)
[trajectory_generator_node-6] [Manager] receive target, (x, y): (-3.22, 2.15)
[trajectory_generator_node-6] [Topo]: m_graph before num: 1605
[trajectory_generator_node-6] [Topo]: dijkstra time: 0.012938
[trajectory_generator_node-6] [Topo]: topo search time: 0.485895
[trajectory_generator_node-6] [Topo]: m_graph num: 2551
[trajectory_generator_node-6] [DIAG] origin_path (Dijkstra) size: 4
[trajectory_generator_node-6] [DIAG]   origin[0]: (-3.653, -2.559, 0.015)
[trajectory_generator_node-6] [DIAG]   origin[1]: (-5.969, -0.704, 0.015)
[trajectory_generator_node-6] [DIAG]   origin[2]: (-5.769, -0.054, 0.015)
[trajectory_generator_node-6] [DIAG]   origin[3]: (-3.219, 2.146, 0.015)
[trajectory_generator_node-6] [DIAG] lineVisib(start→end DIRECT): false  colli=(-3.52,-1.15)
[trajectory_generator_node-6] [DIAG] direct line: 94 steps, 57 wall cells
[trajectory_generator_node-6] [smoothTopoPath] INPUT size=4
[trajectory_generator_node-6] [smoothTopoPath]   in[0]: (-3.653, -2.559, 0.015)
[trajectory_generator_node-6] [smoothTopoPath]   in[1]: (-5.969, -0.704, 0.015)
[trajectory_generator_node-6] [smoothTopoPath]   in[2]: (-5.769, -0.054, 0.015)
[trajectory_generator_node-6] [smoothTopoPath]   in[3]: (-3.219, 2.146, 0.015)
[trajectory_generator_node-6] [smoothTopoPath] lineVisib(start→end): false  colli=(-3.52,-1.15)
[trajectory_generator_node-6] [smoothTopoPath] OUTPUT size=4, iter_count=3
[trajectory_generator_node-6] [smoothTopoPath]   out[0]: (-3.653, -2.559, 0.015)
[trajectory_generator_node-6] [smoothTopoPath]   out[1]: (-6.145, -0.887, 0.015)
[trajectory_generator_node-6] [smoothTopoPath]   out[2]: (-6.154, -0.312, 0.015)
[trajectory_generator_node-6] [smoothTopoPath]   out[3]: (-3.219, 2.146, 0.015)
[trajectory_generator_node-6] [DIAG] optimized_path (smoothTopoPath) size: 4
[trajectory_generator_node-6] [DIAG]   opt[0]: (-3.653, -2.559, 0.015)
[trajectory_generator_node-6] [DIAG]   opt[1]: (-6.145, -0.887, 0.015)
[trajectory_generator_node-6] [DIAG]   opt[2]: (-6.154, -0.312, 0.015)
[trajectory_generator_node-6] [DIAG]   opt[3]: (-3.219, 2.146, 0.015)
[trajectory_generator_node-6] optimized_path size: 4
[trajectory_generator_node-6] [Manager] reference_speed: (0.30)
[trajectory_generator_node-6] [LBFGS] search direction d:  4.04504e-06 -6.20509e-07   6.0133e-07 -2.34205e-06  5.69091e-06  -1.0228e-05  1.14029e-05  6.52677e-06 -4.78058e-05  8.30109e-05  -0.00010746   0.00020756 -0.000574404  -0.00117072 -0.000279099 -0.000386805  2.91124e-05 -1.09177e-05  1.05012e-05 -2.00331e-05  4.34461e-05  3.83109e-05  0.000340431  -0.00156032  5.87327e-06  -6.0144e-07  2.44588e-08 -1.38496e-06  4.10489e-06 -8.10707e-06  1.11666e-05 -3.83234e-06 -2.22526e-05  6.88374e-05 -0.000167444  -0.00070475 -0.000574462  0.000750982  -0.00240724  0.000104535  0.000103441 -5.91428e-05  2.65249e-05 -3.55055e-05  9.43731e-05 -0.000309307  0.000221291  0.000308333  4.73662e-07 -2.74228e-08  2.64891e-08    2.655e-08 -2.62165e-07  1.26522e-06 -4.81594e-06  1.73904e-05 -3.99626e-05  0.000137513  0.000239327 -0.000299088  0.000828737 -3.60307e-05  0.000349043  2.00699e-05 -3.53184e-05   5.3097e-05 -2.46447e-05  1.03652e-05 -3.12815e-06   9.1876e-06  8.92436e-05 -0.000247618   0.00403053
[trajectory_generator_node-6] [Smooth Optimize] MINCO reaches max evaluations: Line search reaches the maximum try number, assumptions not satisfied or precision not achievable.
[trajectory_generator_node-6] [Smooth Optimize] MINCO: cost=2.6 total_T=24.777(init 24.653) max_drift=0.185 max_vel=0.5 segs=25
[trajectory_generator_node-6] [Smooth Resample] resample
[trajectory_generator_node-6] [Smooth Resample] 26 -> 14 waypoints, 13 time segs, max_turn=61.2 deg
[trajectory_generator_node-6] [Manager] optimizer generate time: 0.006054
[trajectory_generator_node-6] [Reference] path size : 14
[trajectory_generator_node-6] [Reference] solvePolyMatrix ENTER: N=13, path_size=14, trap_time_size=13
[trajectory_generator_node-6] [Reference]   path[0]=(-3.6530,-2.5590) path[1]=(-4.1514,-2.2249) t[0]=2.000014 state_vel=(-0.2464,0.1711)
[trajectory_generator_node-6] [Reference] banded solve done. b[0]=-0.005419 b[N]=-0.842095 b2[0]=-0.007430 b2[N]=-0.308917
[trajectory_generator_node-6] [Reference] solvePolyMatrix EXIT: polyX[0]=[0.000667 -0.002709 -0.246449 -3.652983]
[trajectory_generator_node-6] [Reference] solvePolyMatrix ENTER: N=13, path_size=14, trap_time_size=13
[trajectory_generator_node-6] [Reference]   path[0]=(-3.6530,-2.5590) path[1]=(-4.1514,-2.2249) t[0]=2.000014 state_vel=(-0.2464,0.1711)
[trajectory_generator_node-6] [Reference] banded solve done. b[0]=-0.005419 b[N]=-0.699339 b2[0]=-0.007430 b2[N]=-0.257974
[trajectory_generator_node-6] [Reference] solvePolyMatrix EXIT: polyX[0]=[0.000667 -0.002709 -0.246449 -3.652983]
[trajectory_generator_node-6] [Reference] solvePolyMatrix ENTER: N=13, path_size=14, trap_time_size=13
[trajectory_generator_node-6] [Reference]   path[0]=(-3.6530,-2.5590) path[1]=(-4.1514,-2.2249) t[0]=2.000014 state_vel=(-0.2464,0.1711)
[trajectory_generator_node-6] [Reference] banded solve done. b[0]=-0.005419 b[N]=-0.581316 b2[0]=-0.007430 b2[N]=-0.215902
[trajectory_generator_node-6] [Reference] solvePolyMatrix EXIT: polyX[0]=[0.000667 -0.002709 -0.246449 -3.652983]
[trajectory_generator_node-6] [Reference] solvePolyMatrix ENTER: N=13, path_size=14, trap_time_size=13
[trajectory_generator_node-6] [Reference]   path[0]=(-3.6530,-2.5590) path[1]=(-4.1514,-2.2249) t[0]=2.000014 state_vel=(-0.2464,0.1711)
[trajectory_generator_node-6] [Reference] banded solve done. b[0]=-0.005419 b[N]=-0.483699 b2[0]=-0.007430 b2[N]=-0.181122
[trajectory_generator_node-6] [Reference] solvePolyMatrix EXIT: polyX[0]=[0.000667 -0.002709 -0.246449 -3.652983]
[trajectory_generator_node-6] [Reference] solvePolyMatrix ENTER: N=13, path_size=14, trap_time_size=13
[trajectory_generator_node-6] [Reference]   path[0]=(-3.6530,-2.5590) path[1]=(-4.1514,-2.2249) t[0]=2.000014 state_vel=(-0.2464,0.1711)
[trajectory_generator_node-6] [Reference] banded solve done. b[0]=-0.005419 b[N]=-0.402922 b2[0]=-0.007430 b2[N]=-0.152334
[trajectory_generator_node-6] [Reference] solvePolyMatrix EXIT: polyX[0]=[0.000667 -0.002709 -0.246449 -3.652983]
[trajectory_generator_node-6] [Reference] solvePolyMatrix ENTER: N=13, path_size=14, trap_time_size=13
[trajectory_generator_node-6] [Reference]   path[0]=(-3.6530,-2.5590) path[1]=(-4.1514,-2.2249) t[0]=2.000014 state_vel=(-0.2464,0.1711)
[trajectory_generator_node-6] [Reference] banded solve done. b[0]=-0.005419 b[N]=-0.336043 b2[0]=-0.007430 b2[N]=-0.128474
[trajectory_generator_node-6] [Reference] solvePolyMatrix EXIT: polyX[0]=[0.000667 -0.002709 -0.246449 -3.652983]
[trajectory_generator_node-6] [Reference] solvePolyMatrix ENTER: N=13, path_size=14, trap_time_size=13
[trajectory_generator_node-6] [Reference]   path[0]=(-3.6530,-2.5590) path[1]=(-4.1514,-2.2249) t[0]=2.000014 state_vel=(-0.2464,0.1711)
[trajectory_generator_node-6] [Reference] banded solve done. b[0]=-0.005419 b[N]=-0.280634 b2[0]=-0.007430 b2[N]=-0.108666
[trajectory_generator_node-6] [Reference] solvePolyMatrix EXIT: polyX[0]=[0.000667 -0.002709 -0.246449 -3.652983]
[trajectory_generator_node-6] [INFO] [1790448905.695184111] [trajectory_generation]: FSM published 13 trajectory pieces
[trajectory_tracking_node-8] [WARN] [1790448910.715155340] [trajectory_tracking]: RM_GridMap predicted-path replan requested: collision_samples=0 trajectory_age=5.01
[trajectory_generator_node-6] [Manager REPLAN]  cur position point (X, Y) = (-4.887298, -1.711620), target point (X, Y) = (-3.219000, 2.146000)
[trajectory_generator_node-6] [Manager REPLAN] target_temp (X, Y) = (-3.219000, 2.146000)
[trajectory_generator_node-6] [Manager REPLAN] robot 1.50m from path, full replan
[trajectory_generator_node-6] [Manager] start point, (x, y): (-4.89, -1.71)
[trajectory_generator_node-6] [Manager] receive target, (x, y): (-3.22, 2.15)
[trajectory_generator_node-6] [Topo]: m_graph before num: 1605
[trajectory_generator_node-6] [Topo]: dijkstra time: 0.027547
[trajectory_generator_node-6] [Topo]: topo search time: 0.431728
[trajectory_generator_node-6] [Topo]: m_graph num: 2540
[trajectory_generator_node-6] [DIAG] origin_path (Dijkstra) size: 4
[trajectory_generator_node-6] [DIAG]   origin[0]: (-4.887, -1.712, 0.015)
[trajectory_generator_node-6] [DIAG]   origin[1]: (-5.719, -0.954, 0.051)
[trajectory_generator_node-6] [DIAG]   origin[2]: (-5.919, -0.254, 0.015)
[trajectory_generator_node-6] [DIAG]   origin[3]: (-3.219, 2.146, 0.015)
[trajectory_generator_node-6] [DIAG] lineVisib(start→end DIRECT): false  colli=(-4.42,-0.65)
[trajectory_generator_node-6] [DIAG] direct line: 84 steps, 48 wall cells
[trajectory_generator_node-6] [smoothTopoPath] INPUT size=4
[trajectory_generator_node-6] [smoothTopoPath]   in[0]: (-4.887, -1.712, 0.015)
[trajectory_generator_node-6] [smoothTopoPath]   in[1]: (-5.719, -0.954, 0.051)
[trajectory_generator_node-6] [smoothTopoPath]   in[2]: (-5.919, -0.254, 0.015)
[trajectory_generator_node-6] [smoothTopoPath]   in[3]: (-3.219, 2.146, 0.015)
[trajectory_generator_node-6] [smoothTopoPath] lineVisib(start→end): false  colli=(-4.42,-0.65)
[trajectory_generator_node-6] [smoothTopoPath] OUTPUT size=9, iter_count=8
[trajectory_generator_node-6] [smoothTopoPath]   out[0]: (-4.887, -1.712, 0.015)
[trajectory_generator_node-6] [smoothTopoPath]   out[1]: (-5.993, -0.966, 0.015)
[trajectory_generator_node-6] [smoothTopoPath]   out[2]: (-5.569, -0.981, 0.015)
[trajectory_generator_node-6] [smoothTopoPath]   out[3]: (-5.960, -1.033, 0.021)
[trajectory_generator_node-6] [smoothTopoPath]   out[4]: (-5.527, -0.932, 0.015)
[trajectory_generator_node-6] [smoothTopoPath]   out[5]: (-5.770, -1.204, 0.092)
[trajectory_generator_node-6] [smoothTopoPath]   out[6]: (-6.074, -0.764, 0.015)
[trajectory_generator_node-6] [smoothTopoPath]   out[7]: (-6.164, -0.121, 0.015)
[trajectory_generator_node-6] [smoothTopoPath]   out[8]: (-3.219, 2.146, 0.015)
[trajectory_generator_node-6] [DIAG] optimized_path (smoothTopoPath) size: 9
[trajectory_generator_node-6] [DIAG]   opt[0]: (-4.887, -1.712, 0.015)
[trajectory_generator_node-6] [DIAG]   opt[1]: (-5.993, -0.966, 0.015)
[trajectory_generator_node-6] [DIAG]   opt[2]: (-5.569, -0.981, 0.015)
[trajectory_generator_node-6] [DIAG]   opt[3]: (-5.960, -1.033, 0.021)
[trajectory_generator_node-6] [DIAG]   opt[4]: (-5.527, -0.932, 0.015)
[trajectory_generator_node-6] [DIAG]   opt[5]: (-5.770, -1.204, 0.092)
[trajectory_generator_node-6] [DIAG]   opt[6]: (-6.074, -0.764, 0.015)
[trajectory_generator_node-6] [DIAG]   opt[7]: (-6.164, -0.121, 0.015)
[trajectory_generator_node-6] [DIAG]   opt[8]: (-3.219, 2.146, 0.015)
[trajectory_generator_node-6] optimized_path size: 9
[trajectory_generator_node-6] [Manager] reference_speed: (0.30)
[trajectory_generator_node-6] [LBFGS] search direction d: -0.000418439  0.000250887  9.97074e-05  0.000728628  0.000254726   0.00160043  0.000576888  -0.00146937   0.00246913 -0.000322489 -0.000642576  4.49375e-05 -0.000156785 -0.000466723 -2.17283e-05 -0.000726343  3.89802e-05  2.58778e-05 -2.63253e-05 -7.30759e-07  3.54412e-05 -5.49342e-05 -1.84806e-07  0.000140271  -0.00033409  9.90181e-05 -0.000139033   0.00026884  0.000544895  0.000871712  -0.00120497 -0.000667445 -0.000777094  -0.00109204 -7.87579e-05  -0.00036539   2.2285e-05   6.2952e-05 -0.000733193 -3.78515e-05 -0.000111257 -0.000247801 -1.51101e-05 -3.89361e-05  4.33696e-05 -1.07983e-05 -3.62371e-05  6.35565e-05  0.000134719  0.000121469  3.63196e-05   0.00066083  -0.00161611   0.00643426   0.00243437   0.00941969    0.0114497    0.0052195   0.00596041   0.00675107  0.000462917  0.000352115 -8.03629e-05 -0.000686152   0.00458704 -0.000846332   0.00271289  -0.00089624  0.000595501 -0.000190468  3.92785e-05  6.62686e-05 -0.000295582   0.00109088  -0.00204956    0.0138676
[trajectory_generator_node-6] [Smooth Optimize] MINCO reaches max evaluations: Line search reaches the maximum try number, assumptions not satisfied or precision not achievable.
[trajectory_generator_node-6] [Smooth Optimize] MINCO: cost=2.3 total_T=25.027(init 24.064) max_drift=0.139 max_vel=0.5 segs=26
[trajectory_generator_node-6] [Smooth Resample] resample
[trajectory_generator_node-6] [Smooth Resample] 27 -> 14 waypoints, 13 time segs, max_turn=164.9 deg
[trajectory_generator_node-6] [Manager] optimizer generate time: 0.004737
[trajectory_generator_node-6] [Reference] path size : 14
[trajectory_generator_node-6] [Reference] solvePolyMatrix ENTER: N=13, path_size=14, trap_time_size=13
[trajectory_generator_node-6] [Reference]   path[0]=(-4.8873,-1.7116) path[1]=(-5.3845,-1.3752) t[0]=2.010460 state_vel=(-0.2436,0.1599)
[trajectory_generator_node-6] [Reference] banded solve done. b[0]=0.060857 b[N]=-0.304606 b2[0]=-0.019703 b2[N]=-0.222169
[trajectory_generator_node-6] [Reference] solvePolyMatrix EXIT: polyX[0]=[-0.016046 0.030428 -0.243607 -4.887298]
[trajectory_generator_node-6] [Reference] solvePolyMatrix ENTER: N=13, path_size=14, trap_time_size=13
[trajectory_generator_node-6] [Reference]   path[0]=(-4.8873,-1.7116) path[1]=(-5.3845,-1.3752) t[0]=2.211506 state_vel=(-0.2436,0.1599)
[trajectory_generator_node-6] [Reference] banded solve done. b[0]=0.085000 b[N]=-0.254210 b2[0]=-0.039064 b2[N]=-0.185396
[trajectory_generator_node-6] [Reference] solvePolyMatrix EXIT: polyX[0]=[-0.015374 0.042500 -0.243607 -4.887298]
[trajectory_generator_node-6] [Reference] solvePolyMatrix ENTER: N=13, path_size=14, trap_time_size=13
[trajectory_generator_node-6] [Reference]   path[0]=(-4.8873,-1.7116) path[1]=(-5.3845,-1.3752) t[0]=2.432656 state_vel=(-0.2436,0.1599)
[trajectory_generator_node-6] [Reference] banded solve done. b[0]=0.101798 b[N]=-0.254207 b2[0]=-0.052995 b2[N]=-0.185389
[trajectory_generator_node-6] [Reference] solvePolyMatrix EXIT: polyX[0]=[-0.014293 0.050899 -0.243607 -4.887298]
[trajectory_generator_node-6] [Reference] solvePolyMatrix ENTER: N=13, path_size=14, trap_time_size=13
[trajectory_generator_node-6] [Reference]   path[0]=(-4.8873,-1.7116) path[1]=(-5.3845,-1.3752) t[0]=2.675922 state_vel=(-0.2436,0.1599)
[trajectory_generator_node-6] [Reference] banded solve done. b[0]=0.112877 b[N]=-0.254207 b2[0]=-0.062773 b2[N]=-0.185390
[trajectory_generator_node-6] [Reference] solvePolyMatrix EXIT: polyX[0]=[-0.013017 0.056438 -0.243607 -4.887298]
[trajectory_generator_node-6] [INFO] [1790448911.160000911] [trajectory_generation]: FSM published 13 trajectory pieces
[trajectory_tracking_node-8] [WARN] [1790448916.188638847] [trajectory_tracking]: RM_GridMap predicted-path replan requested: collision_samples=0 trajectory_age=5.01
[trajectory_generator_node-6] [Manager REPLAN]  cur position point (X, Y) = (-5.859482, -1.068997), target point (X, Y) = (-3.219000, 2.146000)
[trajectory_generator_node-6] [Manager REPLAN] target_temp (X, Y) = (-3.219000, 2.146000)
[trajectory_generator_node-6] [Manager REPLAN] path safe & target unchanged, re-anchoring from cur pos
[trajectory_generator_node-6] [LBFGS] search direction d:  0.000826938 -0.000263695 -0.000317292   0.00077365  0.000153505 -0.000229848  0.000605399 -0.000411926  0.000337687  -0.00124466 -4.86396e-06  1.21396e-05 -7.90938e-06  1.75728e-06  7.25446e-06  5.60704e-06  0.000114724  -0.00176881 -0.000738912  0.000195664 -0.000307065  0.000459573  8.86002e-05   0.00204217     0.002046  0.000130137 -0.000454407   0.00260716  9.79059e-08  9.12771e-06 -1.00489e-05  1.81495e-05 -4.63655e-05  4.05387e-05  5.20023e-05  -0.00013967    0.0160668   0.00535492   0.00209342  -0.00132804   0.00120223  -0.00138254   0.00966949 -0.000351905   0.00210364 -0.000362784  4.73788e-05  3.54508e-05 -1.88736e-05  7.48152e-07   3.1399e-05 -0.000138564  0.000793914   -0.0018664    0.0238706
[trajectory_generator_node-6] [Smooth Optimize] MINCO reaches max evaluations: Line search reaches the maximum try number, assumptions not satisfied or precision not achievable.
[trajectory_generator_node-6] [Smooth Optimize] MINCO: cost=1.6 total_T=19.217(init 17.869) max_drift=0.158 max_vel=0.4 segs=19
[trajectory_generator_node-6] [Smooth Resample] resample
[trajectory_generator_node-6] [Smooth Resample] 20 -> 11 waypoints, 10 time segs, max_turn=164.7 deg
[trajectory_generator_node-6] [Reference] path size : 11
[trajectory_generator_node-6] [Reference] solvePolyMatrix ENTER: N=10, path_size=11, trap_time_size=10
[trajectory_generator_node-6] [Reference]   path[0]=(-5.8595,-1.0690) path[1]=(-5.7181,-1.1418) t[0]=2.167192 state_vel=(-0.0780,0.0723)
[trajectory_generator_node-6] [Reference] banded solve done. b[0]=0.387390 b[N]=-0.403037 b2[0]=-0.271853 b2[N]=-0.176238
[trajectory_generator_node-6] [Reference] solvePolyMatrix EXIT: polyX[0]=[-0.058888 0.193695 -0.077952 -5.859482]
[trajectory_generator_node-6] [Reference] solvePolyMatrix ENTER: N=10, path_size=11, trap_time_size=10
[trajectory_generator_node-6] [Reference]   path[0]=(-5.8595,-1.0690) path[1]=(-5.7181,-1.1418) t[0]=2.383911 state_vel=(-0.0780,0.0723)
[trajectory_generator_node-6] [Reference] banded solve done. b[0]=0.330296 b[N]=-0.336306 b2[0]=-0.235077 b2[N]=-0.147809
[trajectory_generator_node-6] [Reference] solvePolyMatrix EXIT: polyX[0]=[-0.045123 0.165148 -0.077952 -5.859482]
[trajectory_generator_node-6] [Reference] solvePolyMatrix ENTER: N=10, path_size=11, trap_time_size=10
[trajectory_generator_node-6] [Reference]   path[0]=(-5.8595,-1.0690) path[1]=(-5.7181,-1.1418) t[0]=2.622302 state_vel=(-0.0780,0.0723)
[trajectory_generator_node-6] [Reference] banded solve done. b[0]=0.282169 b[N]=-0.281094 b2[0]=-0.203798 b2[N]=-0.124322
[trajectory_generator_node-6] [Reference] solvePolyMatrix EXIT: polyX[0]=[-0.034625 0.141085 -0.077952 -5.859482]
[trajectory_generator_node-6] [INFO] [1790448916.213236147] [trajectory_generation]: FSM published 10 trajectory pieces
[trajectory_tracking_node-8] [WARN] [1790448921.248159740] [trajectory_tracking]: RM_GridMap predicted-path replan requested: collision_samples=0 trajectory_age=5.02
[trajectory_generator_node-6] [Manager REPLAN]  cur position point (X, Y) = (-6.085936, -0.741351), target point (X, Y) = (-3.219000, 2.146000)
[trajectory_generator_node-6] [Manager REPLAN] target_temp (X, Y) = (-3.219000, 2.146000)
[trajectory_generator_node-6] [Manager REPLAN] path safe & target unchanged, re-anchoring from cur pos
[trajectory_generator_node-6] [LBFGS] search direction d: -7.91625e-05   0.00029811 -8.44111e-05 -7.44964e-06   1.6298e-05 -3.39835e-07   5.9748e-05 -2.01954e-05 -7.75489e-05  0.000162674 -0.000206972  0.000225232  0.000796564 -0.000152265  0.000277306 -0.000237498 -3.51608e-05  0.000368414 -8.93609e-05   0.00011537 -8.36897e-05  9.29501e-06  7.02075e-05 -0.000111437  0.000161227 -0.000413028    0.0005193 -0.000872894   0.00366554 -0.000807507   0.00195962 -0.000402535   0.00037407 -9.50983e-05  1.87631e-05  4.37593e-05  -0.00019247  0.000730851  -0.00128646   0.00729638
[trajectory_generator_node-6] [Smooth Optimize] MINCO reaches max evaluations: Line search reaches the maximum try number, assumptions not satisfied or precision not achievable.
[trajectory_generator_node-6] [Smooth Optimize] MINCO: cost=1.0 total_T=15.346(init 14.435) max_drift=0.123 max_vel=0.4 segs=14
[trajectory_generator_node-6] [Smooth Resample] resample
[trajectory_generator_node-6] [Smooth Resample] 15 -> 8 waypoints, 7 time segs, max_turn=32.3 deg
[trajectory_generator_node-6] [Reference] path size : 8
[trajectory_generator_node-6] [Reference] solvePolyMatrix ENTER: N=7, path_size=8, trap_time_size=7
[trajectory_generator_node-6] [Reference]   path[0]=(-6.0859,-0.7414) path[1]=(-6.0735,-0.2324) t[0]=1.974410 state_vel=(-0.0942,0.2325)
[trajectory_generator_node-6] [Reference] banded solve done. b[0]=0.123567 b[N]=-0.242430 b2[0]=0.051162 b2[N]=-0.181970
[trajectory_generator_node-6] [Reference] solvePolyMatrix EXIT: polyX[0]=[-0.005510 0.061783 -0.094184 -6.085936]
[trajectory_generator_node-6] [INFO] [1790448921.280118594] [trajectory_generation]: FSM published 7 trajectory pieces
[trajectory_tracking_node-8] [WARN] [1790448926.310068093] [trajectory_tracking]: RM_GridMap predicted-path replan requested: collision_samples=0 trajectory_age=5.02
[trajectory_generator_node-6] [Manager REPLAN]  cur position point (X, Y) = (-5.531672, 0.413174), target point (X, Y) = (-3.219000, 2.146000)
[trajectory_generator_node-6] [Manager REPLAN] target_temp (X, Y) = (-3.219000, 2.146000)
[trajectory_generator_node-6] [Manager REPLAN] path safe & target unchanged, re-anchoring from cur pos
[trajectory_generator_node-6] [LBFGS] search direction d:  1.34206e-05 -5.39805e-07 -3.47836e-06   4.0987e-06  -4.2217e-06  1.19461e-05 -6.31921e-05 -1.32602e-05  0.000418053    3.623e-05  2.05898e-05 -3.82736e-05  3.99266e-05 -2.04242e-05 -5.59917e-05  0.000243781 -0.000204049  0.000220752  0.000180331 -3.96889e-05  1.56734e-05  2.23304e-06   1.3067e-05  6.45379e-06  2.54718e-05  0.000125991 -0.000369079   0.00725359
[trajectory_generator_node-6] [Smooth Optimize] MINCO reaches max evaluations: Line search reaches the maximum try number, assumptions not satisfied or precision not achievable.
[trajectory_generator_node-6] [Smooth Optimize] MINCO: cost=0.1 total_T=10.939(init 9.633) max_drift=0.044 max_vel=0.3 segs=10
[trajectory_generator_node-6] [Smooth Resample] resample
[trajectory_generator_node-6] [Smooth Resample] 11 -> 6 waypoints, 5 time segs, max_turn=4.4 deg
[trajectory_generator_node-6] [Reference] path size : 6
[trajectory_generator_node-6] [Reference] solvePolyMatrix ENTER: N=5, path_size=6, trap_time_size=5
[trajectory_generator_node-6] [Reference]   path[0]=(-5.5317,0.4132) path[1]=(-5.0518,0.7732) t[0]=2.020579 state_vel=(0.2361,0.1581)
[trajectory_generator_node-6] [Reference] banded solve done. b[0]=0.001486 b[N]=-0.140064 b2[0]=0.033453 b2[N]=-0.084426
[trajectory_generator_node-6] [Reference] solvePolyMatrix EXIT: polyX[0]=[-0.000024 0.000743 0.236080 -5.531672]
[trajectory_generator_node-6] [INFO] [1790448926.318236768] [trajectory_generation]: FSM published 5 trajectory pieces
[trajectory_tracking_node-8] [WARN] [1790448931.366623547] [trajectory_tracking]: RM_GridMap predicted-path replan requested: collision_samples=0 trajectory_age=5.02
[trajectory_generator_node-6] [Manager REPLAN]  cur position point (X, Y) = (-4.343235, 1.332392), target point (X, Y) = (-3.219000, 2.146000)
[trajectory_generator_node-6] [Manager REPLAN] target_temp (X, Y) = (-3.219000, 2.146000)
[trajectory_generator_node-6] [Manager REPLAN] robot 1.39m from path, full replan
[trajectory_generator_node-6] [Manager] start point, (x, y): (-4.34, 1.33)
[trajectory_generator_node-6] [Manager] receive target, (x, y): (-3.22, 2.15)
[trajectory_generator_node-6] [Topo]: m_graph before num: 1605
[trajectory_generator_node-6] [Topo]: dijkstra time: 0.015887
[trajectory_generator_node-6] [Topo]: topo search time: 0.440371
[trajectory_generator_node-6] [Topo]: m_graph num: 2543
[trajectory_generator_node-6] [DIAG] origin_path (Dijkstra) size: 2
[trajectory_generator_node-6] [DIAG]   origin[0]: (-4.343, 1.332, 0.015)
[trajectory_generator_node-6] [DIAG]   origin[1]: (-3.219, 2.146, 0.015)
[trajectory_generator_node-6] [DIAG] lineVisib(start→end DIRECT): TRUE(!!)  colli=(-4.34,1.33)
[trajectory_generator_node-6] [DIAG] direct line: 27 steps, 0 wall cells
[trajectory_generator_node-6] [smoothTopoPath] INPUT size=2
[trajectory_generator_node-6] [smoothTopoPath]   in[0]: (-4.343, 1.332, 0.015)
[trajectory_generator_node-6] [smoothTopoPath]   in[1]: (-3.219, 2.146, 0.015)
[trajectory_generator_node-6] [smoothTopoPath] lineVisib(start→end): TRUE(!)  colli=(0.00,0.00)
[trajectory_generator_node-6] [smoothTopoPath] OUTPUT size=2, iter_count=1
[trajectory_generator_node-6] [smoothTopoPath]   out[0]: (-4.343, 1.332, 0.015)
[trajectory_generator_node-6] [smoothTopoPath]   out[1]: (-3.219, 2.146, 0.015)
[trajectory_generator_node-6] [DIAG] optimized_path (smoothTopoPath) size: 2
[trajectory_generator_node-6] [DIAG]   opt[0]: (-4.343, 1.332, 0.015)
[trajectory_generator_node-6] [DIAG]   opt[1]: (-3.219, 2.146, 0.015)
[trajectory_generator_node-6] optimized_path size: 2
[trajectory_generator_node-6] [Manager] reference_speed: (0.30)
[trajectory_generator_node-6] [LBFGS] search direction d:  4.43139e-06 -1.45544e-05  6.64892e-06  -3.5958e-05 -2.18455e-05 -2.60894e-05   9.4253e-06 -6.04077e-05  0.000203232  1.15727e-05  1.61414e-05  5.50452e-06   0.00554083
[trajectory_generator_node-6] [Smooth Optimize] MINCO reaches max evaluations: Line search reaches the maximum try number, assumptions not satisfied or precision not achievable.
[trajectory_generator_node-6] [Smooth Optimize] MINCO: cost=0.0 total_T=5.972(init 4.626) max_drift=0.044 max_vel=0.3 segs=5
[trajectory_generator_node-6] [Smooth Resample] resample
[trajectory_generator_node-6] [Smooth Resample] 6 -> 4 waypoints, 3 time segs, max_turn=16.5 deg
[trajectory_generator_node-6] [Manager] optimizer generate time: 0.000631
[trajectory_generator_node-6] [Reference] path size : 4
[trajectory_generator_node-6] [Reference] solvePolyMatrix ENTER: N=3, path_size=4, trap_time_size=3
[trajectory_generator_node-6] [Reference]   path[0]=(-4.3432,1.3324) path[1]=(-3.8570,1.6836) t[0]=1.965477 state_vel=(0.2446,0.1902)
[trajectory_generator_node-6] [Reference] banded solve done. b[0]=0.003072 b[N]=-0.100293 b2[0]=-0.043023 b2[N]=0.002395
[trajectory_generator_node-6] [Reference] solvePolyMatrix EXIT: polyX[0]=[-0.000065 0.001536 0.244618 -4.343235]
[trajectory_generator_node-6] [INFO] [1790448931.838028776] [trajectory_generation]: FSM published 3 trajectory pieces
[trajectory_tracking_node-8] [WARN] [1790448937.176511508] [trajectory_tracking]: trajectory tracking stopped: invalid coefficient array length
[trajectory_tracking_node-8] [WARN] [1790448939.266888736] [trajectory_tracking]: trajectory tracking stopped: no valid trajectory
[trajectory_generator_node-6] [INFO] [1790448940.529562042] [trajectory_generation]: FSM accepted manual goal goal=(-3.22, 2.15, 0.02)
[trajectory_generator_node-6] [Manager] start point, (x, y): (-1.42, -4.15)
[trajectory_generator_node-6] [Manager] receive target, (x, y): (-3.22, 2.15)
[trajectory_generator_node-6] [Topo]: m_graph before num: 1605
[trajectory_generator_node-6] [Topo]: dijkstra time: 0.041809
[trajectory_generator_node-6] [Topo]: topo search time: 0.432987
[trajectory_generator_node-6] [Topo]: m_graph num: 2528
[trajectory_generator_node-6] [DIAG] origin_path (Dijkstra) size: 4
[trajectory_generator_node-6] [DIAG]   origin[0]: (-1.419, -4.154, 0.015)
[trajectory_generator_node-6] [DIAG]   origin[1]: (-5.500, -1.800, 0.015)
[trajectory_generator_node-6] [DIAG]   origin[2]: (-5.919, -0.254, 0.015)
[trajectory_generator_node-6] [DIAG]   origin[3]: (-3.219, 2.146, 0.015)
[trajectory_generator_node-6] [DIAG] lineVisib(start→end DIRECT): false  colli=(-1.87,-2.55)
[trajectory_generator_node-6] [DIAG] direct line: 131 steps, 81 wall cells
[trajectory_generator_node-6] [smoothTopoPath] INPUT size=4
[trajectory_generator_node-6] [smoothTopoPath]   in[0]: (-1.419, -4.154, 0.015)
[trajectory_generator_node-6] [smoothTopoPath]   in[1]: (-5.500, -1.800, 0.015)
[trajectory_generator_node-6] [smoothTopoPath]   in[2]: (-5.919, -0.254, 0.015)
[trajectory_generator_node-6] [smoothTopoPath]   in[3]: (-3.219, 2.146, 0.015)
[trajectory_generator_node-6] [smoothTopoPath] lineVisib(start→end): false  colli=(-1.87,-2.55)
[trajectory_generator_node-6] [smoothTopoPath] OUTPUT size=5, iter_count=4
[trajectory_generator_node-6] [smoothTopoPath]   out[0]: (-1.419, -4.154, 0.015)
[trajectory_generator_node-6] [smoothTopoPath]   out[1]: (-5.944, -1.073, 0.104)
[trajectory_generator_node-6] [smoothTopoPath]   out[2]: (-6.060, -0.612, 0.015)
[trajectory_generator_node-6] [smoothTopoPath]   out[3]: (-6.155, -0.096, 0.015)
[trajectory_generator_node-6] [smoothTopoPath]   out[4]: (-3.219, 2.146, 0.015)
[trajectory_generator_node-6] [DIAG] optimized_path (smoothTopoPath) size: 5
[trajectory_generator_node-6] [DIAG]   opt[0]: (-1.419, -4.154, 0.015)
[trajectory_generator_node-6] [DIAG]   opt[1]: (-5.944, -1.073, 0.104)
[trajectory_generator_node-6] [DIAG]   opt[2]: (-6.060, -0.612, 0.015)
[trajectory_generator_node-6] [DIAG]   opt[3]: (-6.155, -0.096, 0.015)
[trajectory_generator_node-6] [DIAG]   opt[4]: (-3.219, 2.146, 0.015)
[trajectory_generator_node-6] optimized_path size: 5
[trajectory_generator_node-6] [Manager] reference_speed: (0.30)
[trajectory_generator_node-6] [LBFGS] search direction d:  -0.00158621   0.00049949 -0.000649771  0.000374688 -0.000285475   0.00020373 -0.000132369  7.80182e-05  -4.1129e-05   1.7603e-05 -2.66997e-06  -6.8593e-06  1.19293e-05 -1.25456e-05  1.35157e-05 -3.47304e-05  7.50703e-05  -6.6554e-05 -0.000414855     0.002909  0.000294618  0.000423146  -0.00122153 -0.000205958  -0.00157174  0.000202979  -0.00023249  0.000265848 -0.000318952  0.000386077 -0.000495025  0.000412134  -0.00167081  0.000967248 -0.000110001 -0.000303511 -0.000248679   0.00019457 -0.000133665   8.5252e-05 -5.26484e-05  3.20721e-05 -1.99651e-05  1.31711e-05 -8.51808e-06  2.57251e-06  7.06689e-06  -1.5988e-05   2.4111e-06  4.56349e-05 -7.62147e-05 -0.000158476   0.00226278 -0.000116822   0.00152123  0.000312533   0.00100205   -0.0022989  0.000319527 -0.000246636  0.000245471 -0.000302954  0.000336139 -0.000242274  0.000668119  -0.00146932    0.0200126   -0.0028647   0.00133249 -0.000383307  0.000140332 -3.25394e-05  3.02427e-06  4.17678e-06 -3.77414e-06  2.52718e-06 -1.36124e-06  6.65196e-07 -6.48831e-07  2.61021e-06 -1.11494e-05  4.32609e-05 -0.000118797  0.000331774 -1.32319e-05  0.000645316  -0.00109903   0.00539774  -0.00100902  0.000852162  0.000214335 -0.000170452  0.000110427 -4.66325e-05  1.98454e-05  3.76958e-05 -0.000212755   0.00113385  -0.00238685    0.0251627
[trajectory_generator_node-6] [Smooth Optimize] MINCO reaches max evaluations: Line search reaches the maximum try number, assumptions not satisfied or precision not achievable.
[trajectory_generator_node-6] [Smooth Optimize] MINCO: cost=1.7 total_T=35.217(init 33.701) max_drift=0.159 max_vel=0.4 segs=34
[trajectory_generator_node-6] [Smooth Resample] resample
[trajectory_generator_node-6] [Smooth Resample] 35 -> 18 waypoints, 17 time segs, max_turn=41.2 deg
[trajectory_generator_node-6] [Manager] optimizer generate time: 0.009717
[trajectory_generator_node-6] [Reference] path size : 18
[trajectory_generator_node-6] [Reference] solvePolyMatrix ENTER: N=17, path_size=18, trap_time_size=17
[trajectory_generator_node-6] [Reference]   path[0]=(-1.4190,-4.1540) path[1]=(-1.8983,-3.7998) t[0]=2.587053 state_vel=(0.0000,0.0000)
[trajectory_generator_node-6] [Reference] banded solve done. b[0]=-0.223977 b[N]=-0.212652 b2[0]=0.178588 b2[N]=-0.145678
[trajectory_generator_node-6] [Reference] solvePolyMatrix EXIT: polyX[0]=[0.015607 -0.111988 0.000000 -1.419000]
[trajectory_generator_node-6] [INFO] [1790448940.991521576] [trajectory_generation]: FSM published 17 trajectory pieces
[trajectory_tracking_node-8] [WARN] [1790448946.035350377] [trajectory_tracking]: RM_GridMap predicted-path replan requested: collision_samples=0 trajectory_age=5.02
[trajectory_generator_node-6] [Manager REPLAN]  cur position point (X, Y) = (-2.508477, -3.378713), target point (X, Y) = (-3.219000, 2.146000)
[trajectory_generator_node-6] [Manager REPLAN] target_temp (X, Y) = (-3.219000, 2.146000)
[trajectory_generator_node-6] [Manager REPLAN] robot 1.34m from path, full replan
[trajectory_generator_node-6] [Manager] start point, (x, y): (-2.51, -3.38)
[trajectory_generator_node-6] [Manager] receive target, (x, y): (-3.22, 2.15)
[trajectory_generator_node-6] [Topo]: m_graph before num: 1605
[trajectory_generator_node-6] [Topo]: dijkstra time: 0.020197
[trajectory_generator_node-6] [Topo]: topo search time: 0.428738
[trajectory_generator_node-6] [Topo]: m_graph num: 2541
[trajectory_generator_node-6] [DIAG] origin_path (Dijkstra) size: 4
[trajectory_generator_node-6] [DIAG]   origin[0]: (-2.508, -3.379, 0.015)
[trajectory_generator_node-6] [DIAG]   origin[1]: (-5.969, -0.704, 0.015)
[trajectory_generator_node-6] [DIAG]   origin[2]: (-5.769, -0.054, 0.015)
[trajectory_generator_node-6] [DIAG]   origin[3]: (-3.219, 2.146, 0.015)
[trajectory_generator_node-6] [DIAG] lineVisib(start→end DIRECT): false  colli=(-2.77,-1.55)
[trajectory_generator_node-6] [DIAG] direct line: 111 steps, 67 wall cells
[trajectory_generator_node-6] [smoothTopoPath] INPUT size=4
[trajectory_generator_node-6] [smoothTopoPath]   in[0]: (-2.508, -3.379, 0.015)
[trajectory_generator_node-6] [smoothTopoPath]   in[1]: (-5.969, -0.704, 0.015)
[trajectory_generator_node-6] [smoothTopoPath]   in[2]: (-5.769, -0.054, 0.015)
[trajectory_generator_node-6] [smoothTopoPath]   in[3]: (-3.219, 2.146, 0.015)
[trajectory_generator_node-6] [smoothTopoPath] lineVisib(start→end): false  colli=(-2.77,-1.55)
[trajectory_generator_node-6] [smoothTopoPath] OUTPUT size=4, iter_count=3
[trajectory_generator_node-6] [smoothTopoPath]   out[0]: (-2.508, -3.379, 0.015)
[trajectory_generator_node-6] [smoothTopoPath]   out[1]: (-6.140, -0.892, 0.015)
[trajectory_generator_node-6] [smoothTopoPath]   out[2]: (-6.156, -0.316, 0.015)
[trajectory_generator_node-6] [smoothTopoPath]   out[3]: (-3.219, 2.146, 0.015)
[trajectory_generator_node-6] [DIAG] optimized_path (smoothTopoPath) size: 4
[trajectory_generator_node-6] [DIAG]   opt[0]: (-2.508, -3.379, 0.015)
[trajectory_generator_node-6] [DIAG]   opt[1]: (-6.140, -0.892, 0.015)
[trajectory_generator_node-6] [DIAG]   opt[2]: (-6.156, -0.316, 0.015)
[trajectory_generator_node-6] [DIAG]   opt[3]: (-3.219, 2.146, 0.015)
[trajectory_generator_node-6] [Manager] reference_speed: (0.30)
[trajectory_generator_node-6] optimized_path size: 4
[trajectory_generator_node-6] [LBFGS] search direction d: -2.14876e-05  6.84624e-06 -1.91493e-06  5.55985e-07 -7.52475e-07   1.6278e-06 -2.75354e-06  2.90938e-06  1.85353e-06 -2.14801e-05  7.35747e-05 -0.000166743 -0.000424816  0.000218827 -0.000773219  2.88524e-05 -0.000163379 -0.000279509  -0.00184024  -0.00195632  0.000677159   0.00128843  -0.00116316  0.000855961 -0.000524942  -0.00021051  -0.00102446  -0.00617656  2.92917e-06  1.63162e-05 -1.60904e-05   1.0622e-05 -7.45158e-06  9.05134e-06 -1.63256e-05  3.00736e-05 -4.87847e-05  6.13727e-05 -3.56864e-05 -7.70754e-05  -0.00100747  0.000174858    -0.001302  0.000828346 -9.14545e-06 -0.000267571  -0.00153971 -3.23218e-05  6.50653e-05  0.000505158  -0.00039325   0.00048558 -0.000510132  0.000211242 -0.000907393  -0.00637518  0.000581628 -0.000167998   4.9352e-05 -1.30551e-05  3.39202e-06 -1.03492e-06  6.71861e-07 -1.12255e-06  2.89394e-06 -9.40779e-06  3.62054e-05 -0.000142914  0.000584576  -0.00223345   0.00303215     0.017185   -0.0164752    0.0556182   -0.0205002    0.0335176  -0.00819723   0.00582081 -0.000743698 -0.000485753   0.00102561  -0.00317539    0.0109109    -0.020068     0.118485
[trajectory_generator_node-6] [Smooth Optimize] MINCO reaches max evaluations: Line search reaches the maximum try number, assumptions not satisfied or precision not achievable.
[trajectory_generator_node-6] [Smooth Optimize] MINCO: cost=2.6 total_T=29.428(init 29.175) max_drift=0.136 max_vel=0.4 segs=29
[trajectory_generator_node-6] [Smooth Resample] resample
[trajectory_generator_node-6] [Smooth Resample] 30 -> 16 waypoints, 15 time segs, max_turn=44.4 deg
[trajectory_generator_node-6] [Manager] optimizer generate time: 0.008309
[trajectory_generator_node-6] [Reference] path size : 16
[trajectory_generator_node-6] [Reference] solvePolyMatrix ENTER: N=15, path_size=16, trap_time_size=15
[trajectory_generator_node-6] [Reference]   path[0]=(-2.5085,-3.3787) path[1]=(-3.0035,-3.0397) t[0]=2.000454 state_vel=(-0.2472,0.1675)
[trajectory_generator_node-6] [Reference] banded solve done. b[0]=-0.000366 b[N]=-0.487569 b2[0]=0.003456 b2[N]=-0.300129
[trajectory_generator_node-6] [Reference] solvePolyMatrix EXIT: polyX[0]=[0.000038 -0.000183 -0.247248 -2.508477]
[trajectory_generator_node-6] [Reference] solvePolyMatrix ENTER: N=15, path_size=16, trap_time_size=15
[trajectory_generator_node-6] [Reference]   path[0]=(-2.5085,-3.3787) path[1]=(-3.0035,-3.0397) t[0]=2.000454 state_vel=(-0.2472,0.1675)
[trajectory_generator_node-6] [Reference] banded solve done. b[0]=-0.000366 b[N]=-0.405967 b2[0]=0.003456 b2[N]=-0.250214
[trajectory_generator_node-6] [Reference] solvePolyMatrix EXIT: polyX[0]=[0.000038 -0.000183 -0.247248 -2.508477]
[trajectory_generator_node-6] [Reference] solvePolyMatrix ENTER: N=15, path_size=16, trap_time_size=15
[trajectory_generator_node-6] [Reference]   path[0]=(-2.5085,-3.3787) path[1]=(-3.0035,-3.0397) t[0]=2.000454 state_vel=(-0.2472,0.1675)
[trajectory_generator_node-6] [Reference] banded solve done. b[0]=-0.000366 b[N]=-0.338450 b2[0]=0.003456 b2[N]=-0.208951
[trajectory_generator_node-6] [Reference] solvePolyMatrix EXIT: polyX[0]=[0.000038 -0.000183 -0.247248 -2.508477]
[trajectory_generator_node-6] [Reference] solvePolyMatrix ENTER: N=15, path_size=16, trap_time_size=15
[trajectory_generator_node-6] [Reference]   path[0]=(-2.5085,-3.3787) path[1]=(-3.0035,-3.0397) t[0]=2.000454 state_vel=(-0.2472,0.1675)
[trajectory_generator_node-6] [Reference] banded solve done. b[0]=-0.000366 b[N]=-0.282553 b2[0]=0.003456 b2[N]=-0.174813
[trajectory_generator_node-6] [Reference] solvePolyMatrix EXIT: polyX[0]=[0.000038 -0.000183 -0.247248 -2.508477]
[trajectory_generator_node-6] [INFO] [1790448946.504735046] [trajectory_generation]: FSM published 15 trajectory pieces
[trajectory_tracking_node-8] [WARN] [1790448951.530731715] [trajectory_tracking]: RM_GridMap predicted-path replan requested: collision_samples=0 trajectory_age=5.02
[trajectory_generator_node-6] [Manager REPLAN]  cur position point (X, Y) = (-3.739756, -2.506225), target point (X, Y) = (-3.219000, 2.146000)
[trajectory_generator_node-6] [Manager REPLAN] target_temp (X, Y) = (-3.219000, 2.146000)
[trajectory_generator_node-6] [Manager REPLAN] robot 1.51m from path, full replan
[trajectory_generator_node-6] [Manager] start point, (x, y): (-3.74, -2.51)
[trajectory_generator_node-6] [Manager] receive target, (x, y): (-3.22, 2.15)
[trajectory_generator_node-6] [Topo]: m_graph before num: 1605
[trajectory_generator_node-6] [Topo]: dijkstra time: 0.014869
[trajectory_generator_node-6] [Topo]: topo search time: 0.544565
[trajectory_generator_node-6] [Topo]: m_graph num: 2563
[trajectory_generator_node-6] [DIAG] origin_path (Dijkstra) size: 4
[trajectory_generator_node-6] [DIAG]   origin[0]: (-3.740, -2.506, 0.015)
[trajectory_generator_node-6] [DIAG]   origin[1]: (-5.969, -0.704, 0.015)
[trajectory_generator_node-6] [DIAG]   origin[2]: (-5.769, -0.054, 0.015)
[trajectory_generator_node-6] [DIAG]   origin[3]: (-3.219, 2.146, 0.015)
[trajectory_generator_node-6] [DIAG] lineVisib(start→end DIRECT): false  colli=(-3.57,-1.10)
[trajectory_generator_node-6] [DIAG] direct line: 93 steps, 57 wall cells
[trajectory_generator_node-6] [smoothTopoPath] INPUT size=4
[trajectory_generator_node-6] [smoothTopoPath]   in[0]: (-3.740, -2.506, 0.015)
[trajectory_generator_node-6] [smoothTopoPath]   in[1]: (-5.969, -0.704, 0.015)
[trajectory_generator_node-6] [smoothTopoPath]   in[2]: (-5.769, -0.054, 0.015)
[trajectory_generator_node-6] [smoothTopoPath]   in[3]: (-3.219, 2.146, 0.015)
[trajectory_generator_node-6] [smoothTopoPath] lineVisib(start→end): false  colli=(-3.57,-1.10)
[trajectory_generator_node-6] [smoothTopoPath] OUTPUT size=4, iter_count=3
[trajectory_generator_node-6] [smoothTopoPath]   out[0]: (-3.740, -2.506, 0.015)
[trajectory_generator_node-6] [smoothTopoPath]   out[1]: (-6.147, -0.886, 0.015)
[trajectory_generator_node-6] [smoothTopoPath]   out[2]: (-6.153, -0.311, 0.015)
[trajectory_generator_node-6] [smoothTopoPath]   out[3]: (-3.219, 2.146, 0.015)
[trajectory_generator_node-6] [DIAG] optimized_path (smoothTopoPath) size: 4
[trajectory_generator_node-6] [DIAG]   opt[0]: (-3.740, -2.506, 0.015)
[trajectory_generator_node-6] [DIAG]   opt[1]: (-6.147, -0.886, 0.015)
[trajectory_generator_node-6] [DIAG]   opt[2]: (-6.153, -0.311, 0.015)
[trajectory_generator_node-6] [DIAG]   opt[3]: (-3.219, 2.146, 0.015)
[trajectory_generator_node-6] optimized_path size: 4
[trajectory_generator_node-6] [Manager] reference_speed: (0.30)
[trajectory_generator_node-6] [LBFGS] search direction d: -4.70672e-05   2.3274e-05 -1.30374e-05  6.31366e-06 -5.39704e-07 -7.41315e-06  2.04454e-05  -5.6402e-05  0.000109187 -8.62143e-05 -0.000297158 -4.06748e-05  0.000657936   0.00187776 -0.000848367  0.000664438 -0.000723078  0.000496916  -0.00037191  0.000372014 -0.000489358 -0.000738463 -0.000414345 -5.95629e-05  3.01076e-05 -1.91782e-05  1.56213e-05 -1.87068e-05  2.78448e-05 -4.28153e-05  4.76611e-05 -3.06046e-05  -2.4585e-05 -0.000545379  0.000208963  0.000626115   0.00169959 -0.000119381 -0.000393704 -0.000403989  0.000370658  -0.00035853   0.00040539 -0.000510362   0.00285145 -0.000258771 -1.25958e-05   3.0258e-06 -8.84616e-07  -1.0886e-07  1.08671e-06 -3.70415e-06  1.27089e-05 -4.80256e-05  0.000173795 -0.000288178 -0.000831008     0.001015  -0.00299406   0.00125693  -0.00198456  0.000507389  -0.00037648  4.00578e-05  4.67262e-05  -8.7999e-05  0.000223357 -0.000728432   0.00132818  -0.00799743
[trajectory_generator_node-6] [Smooth Optimize] MINCO reaches max evaluations: Line search reaches the maximum try number, assumptions not satisfied or precision not achievable.
[trajectory_generator_node-6] [Smooth Optimize] MINCO: cost=2.2 total_T=24.575(init 24.151) max_drift=0.132 max_vel=0.4 segs=24
[trajectory_generator_node-6] [Smooth Resample] resample
[trajectory_generator_node-6] [Smooth Resample] 25 -> 13 waypoints, 12 time segs, max_turn=55.3 deg
[trajectory_generator_node-6] [Manager] optimizer generate time: 0.003626
[trajectory_generator_node-6] [Reference] path size : 13
[trajectory_generator_node-6] [Reference] solvePolyMatrix ENTER: N=12, path_size=13, trap_time_size=12
[trajectory_generator_node-6] [Reference]   path[0]=(-3.7398,-2.5062) path[1]=(-4.2377,-2.1714) t[0]=2.000267 state_vel=(-0.2458,0.1713)
[trajectory_generator_node-6] [Reference] banded solve done. b[0]=-0.005634 b[N]=-0.279560 b2[0]=-0.006736 b2[N]=-0.211387
[trajectory_generator_node-6] [Reference] solvePolyMatrix EXIT: polyX[0]=[0.000639 -0.002817 -0.245845 -3.739756]
[trajectory_generator_node-6] [Reference] solvePolyMatrix ENTER: N=12, path_size=13, trap_time_size=12
[trajectory_generator_node-6] [Reference]   path[0]=(-3.7398,-2.5062) path[1]=(-4.2377,-2.1714) t[0]=2.000267 state_vel=(-0.2458,0.1713)
[trajectory_generator_node-6] [Reference] banded solve done. b[0]=-0.005634 b[N]=-0.233424 b2[0]=-0.006736 b2[N]=-0.176560
[trajectory_generator_node-6] [Reference] solvePolyMatrix EXIT: polyX[0]=[0.000639 -0.002817 -0.245845 -3.739756]
[trajectory_generator_node-6] [INFO] [1790448952.102521937] [trajectory_generation]: FSM published 12 trajectory pieces
[trajectory_tracking_node-8] [WARN] [1790448957.132763435] [trajectory_tracking]: RM_GridMap predicted-path replan requested: collision_samples=0 trajectory_age=5.02
[trajectory_generator_node-6] [Manager REPLAN]  cur position point (X, Y) = (-4.977943, -1.651538), target point (X, Y) = (-3.219000, 2.146000)
[trajectory_generator_node-6] [Manager REPLAN] target_temp (X, Y) = (-3.219000, 2.146000)
[trajectory_generator_node-6] [Manager REPLAN] robot 1.40m from path, full replan
[trajectory_generator_node-6] [Manager] start point, (x, y): (-4.98, -1.65)
[trajectory_generator_node-6] [Manager] receive target, (x, y): (-3.22, 2.15)
[trajectory_generator_node-6] [Topo]: m_graph before num: 1605
[trajectory_generator_node-6] [Topo]: dijkstra time: 0.017472
[trajectory_generator_node-6] [Topo]: topo search time: 0.603595
[trajectory_generator_node-6] [Topo]: m_graph num: 2562
[trajectory_generator_node-6] [DIAG] origin_path (Dijkstra) size: 4
[trajectory_generator_node-6] [DIAG]   origin[0]: (-4.978, -1.652, 0.015)
[trajectory_generator_node-6] [DIAG]   origin[1]: (-5.969, -0.704, 0.015)
[trajectory_generator_node-6] [DIAG]   origin[2]: (-5.769, -0.054, 0.015)
[trajectory_generator_node-6] [DIAG]   origin[3]: (-3.219, 2.146, 0.015)
[trajectory_generator_node-6] [DIAG] lineVisib(start→end DIRECT): false  colli=(-4.52,-0.60)
[trajectory_generator_node-6] [DIAG] direct line: 83 steps, 47 wall cells
[trajectory_generator_node-6] [smoothTopoPath] INPUT size=4
[trajectory_generator_node-6] [smoothTopoPath]   in[0]: (-4.978, -1.652, 0.015)
[trajectory_generator_node-6] [smoothTopoPath]   in[1]: (-5.969, -0.704, 0.015)
[trajectory_generator_node-6] [smoothTopoPath]   in[2]: (-5.769, -0.054, 0.015)
[trajectory_generator_node-6] [smoothTopoPath]   in[3]: (-3.219, 2.146, 0.015)
[trajectory_generator_node-6] [smoothTopoPath] lineVisib(start→end): false  colli=(-4.52,-0.60)
[trajectory_generator_node-6] [smoothTopoPath] OUTPUT size=4, iter_count=3
[trajectory_generator_node-6] [smoothTopoPath]   out[0]: (-4.978, -1.652, 0.015)
[trajectory_generator_node-6] [smoothTopoPath]   out[1]: (-6.160, -0.812, 0.015)
[trajectory_generator_node-6] [smoothTopoPath]   out[2]: (-6.134, -0.283, 0.015)
[trajectory_generator_node-6] [smoothTopoPath]   out[3]: (-3.219, 2.146, 0.015)
[trajectory_generator_node-6] [DIAG] optimized_path (smoothTopoPath) size: 4
[trajectory_generator_node-6] [DIAG]   opt[0]: (-4.978, -1.652, 0.015)
[trajectory_generator_node-6] [DIAG]   opt[1]: (-6.160, -0.812, 0.015)
[trajectory_generator_node-6] [DIAG]   opt[2]: (-6.134, -0.283, 0.015)
[trajectory_generator_node-6] [DIAG]   opt[3]: (-3.219, 2.146, 0.015)
[trajectory_generator_node-6] optimized_path size: 4
[trajectory_generator_node-6] [Manager] reference_speed: (0.30)
[trajectory_generator_node-6] [LBFGS] search direction d:  -0.00034913  0.000385101 -0.000150445  0.000609532  -0.00160793 -0.000938073  4.44973e-05  0.000348224  -0.00412945  -0.00401975   0.00230116  -0.00130608  0.000494304 -0.000212264    0.0003729 -0.000966766   0.00156967  -0.00415969  7.65117e-05  0.000153428  0.000425046   0.00046572   -0.0019448  -0.00024892  9.13275e-05  0.000354561  -0.00401073 -0.000155924 -0.000660755  0.000368872 -0.000158724 -4.21697e-05  0.000308764 -0.000737594   0.00174256  -0.00443412  0.000960181 -0.000198586  0.000339731  -0.00043623   0.00129586   0.00384318  -0.00321499    0.0081261  -0.00412493   0.00668112  -0.00166487   0.00258295 -0.000888409  0.000280137  2.88988e-05 -0.000471355   0.00194249  -0.00409676    0.0270257
[trajectory_generator_node-6] [Smooth Optimize] MINCO reaches max evaluations: Line search reaches the maximum try number, assumptions not satisfied or precision not achievable.
[trajectory_generator_node-6] [Smooth Optimize] MINCO: cost=1.9 total_T=19.162(init 19.099) max_drift=0.126 max_vel=0.5 segs=19
[trajectory_generator_node-6] [Smooth Resample] resample
[trajectory_generator_node-6] [Smooth Resample] 20 -> 11 waypoints, 10 time segs, max_turn=46.2 deg
[trajectory_generator_node-6] [Manager] optimizer generate time: 0.003942
[trajectory_generator_node-6] [Reference] path size : 11
[trajectory_generator_node-6] [Reference] solvePolyMatrix ENTER: N=10, path_size=11, trap_time_size=10
[trajectory_generator_node-6] [Reference]   path[0]=(-4.9779,-1.6515) path[1]=(-5.4683,-1.3052) t[0]=2.000966 state_vel=(-0.2400,0.1589)
[trajectory_generator_node-6] [Reference] banded solve done. b[0]=0.004352 b[N]=-0.623679 b2[0]=0.030886 b2[N]=-0.371480
[trajectory_generator_node-6] [Reference] solvePolyMatrix EXIT: polyX[0]=[-0.002356 0.002176 -0.239973 -4.977943]
[trajectory_generator_node-6] [Reference] solvePolyMatrix ENTER: N=10, path_size=11, trap_time_size=10
[trajectory_generator_node-6] [Reference]   path[0]=(-4.9779,-1.6515) path[1]=(-5.4683,-1.3052) t[0]=2.000966 state_vel=(-0.2400,0.1589)
[trajectory_generator_node-6] [Reference] banded solve done. b[0]=0.004352 b[N]=-0.518732 b2[0]=0.030885 b2[N]=-0.309340
[trajectory_generator_node-6] [Reference] solvePolyMatrix EXIT: polyX[0]=[-0.002356 0.002176 -0.239973 -4.977943]
[trajectory_generator_node-6] [Reference] solvePolyMatrix ENTER: N=10, path_size=11, trap_time_size=10
[trajectory_generator_node-6] [Reference]   path[0]=(-4.9779,-1.6515) path[1]=(-5.4683,-1.3052) t[0]=2.000966 state_vel=(-0.2400,0.1589)
[trajectory_generator_node-6] [Reference] banded solve done. b[0]=0.004351 b[N]=-0.431911 b2[0]=0.030885 b2[N]=-0.257974
[trajectory_generator_node-6] [Reference] solvePolyMatrix EXIT: polyX[0]=[-0.002355 0.002176 -0.239973 -4.977943]
[trajectory_generator_node-6] [Reference] solvePolyMatrix ENTER: N=10, path_size=11, trap_time_size=10
[trajectory_generator_node-6] [Reference]   path[0]=(-4.9779,-1.6515) path[1]=(-5.4683,-1.3052) t[0]=2.000966 state_vel=(-0.2400,0.1589)
[trajectory_generator_node-6] [Reference] banded solve done. b[0]=0.004351 b[N]=-0.360049 b2[0]=0.030884 b2[N]=-0.215486
[trajectory_generator_node-6] [Reference] solvePolyMatrix EXIT: polyX[0]=[-0.002355 0.002175 -0.239973 -4.977943]
[trajectory_generator_node-6] [Reference] solvePolyMatrix ENTER: N=10, path_size=11, trap_time_size=10
[trajectory_generator_node-6] [Reference]   path[0]=(-4.9779,-1.6515) path[1]=(-5.4683,-1.3052) t[0]=2.000966 state_vel=(-0.2400,0.1589)
[trajectory_generator_node-6] [Reference] banded solve done. b[0]=0.004351 b[N]=-0.300533 b2[0]=0.030884 b2[N]=-0.180314
[trajectory_generator_node-6] [Reference] solvePolyMatrix EXIT: polyX[0]=[-0.002355 0.002175 -0.239973 -4.977943]
[trajectory_generator_node-6] [Reference] solvePolyMatrix ENTER: N=10, path_size=11, trap_time_size=10
[trajectory_generator_node-6] [Reference]   path[0]=(-4.9779,-1.6515) path[1]=(-5.4683,-1.3052) t[0]=2.000966 state_vel=(-0.2400,0.1589)
[trajectory_generator_node-6] [Reference] banded solve done. b[0]=0.004351 b[N]=-0.251208 b2[0]=0.030883 b2[N]=-0.151170
[trajectory_generator_node-6] [Reference] solvePolyMatrix EXIT: polyX[0]=[-0.002355 0.002175 -0.239973 -4.977943]
[trajectory_generator_node-6] [INFO] [1790448957.771936084] [trajectory_generation]: FSM published 10 trajectory pieces
[trajectory_tracking_node-8] [WARN] [1790448962.811289546] [trajectory_tracking]: RM_GridMap predicted-path replan requested: collision_samples=0 trajectory_age=5.02
[trajectory_generator_node-6] [Manager REPLAN]  cur position point (X, Y) = (-6.089463, -0.744831), target point (X, Y) = (-3.219000, 2.146000)
[trajectory_generator_node-6] [Manager REPLAN] target_temp (X, Y) = (-3.219000, 2.146000)
[trajectory_generator_node-6] [Manager REPLAN] path safe & target unchanged, re-anchoring from cur pos
[trajectory_generator_node-6] [LBFGS] search direction d:   0.00123904 -0.000241952   0.00113527  -0.00401723   0.00099765 -0.000668855  0.000233981  8.08704e-05 -0.000176031  0.000152167 -0.000143228  -0.00227026 -4.91177e-07  -0.00106884  0.000326931  0.000794061   0.00423501 -0.000646311 -3.05875e-05  2.06541e-05  1.16669e-06 -3.65764e-06 -1.12275e-05  2.71398e-05   0.00320716  0.000190586   0.00241834  -0.00264187   0.00713803  -0.00449125   0.00670832  -0.00207216   0.00301602  -0.00102149  0.000297209  0.000123365 -0.000777375   0.00297435  -0.00586518    0.0403962
[trajectory_generator_node-6] [Smooth Optimize] MINCO reaches max evaluations: Line search reaches the maximum try number, assumptions not satisfied or precision not achievable.
[trajectory_generator_node-6] [Smooth Optimize] MINCO: cost=1.8 total_T=15.025(init 14.080) max_drift=0.130 max_vel=0.4 segs=14
[trajectory_generator_node-6] [Smooth Resample] resample
[trajectory_generator_node-6] [Smooth Resample] 15 -> 8 waypoints, 7 time segs, max_turn=34.5 deg
[trajectory_generator_node-6] [Reference] path size : 8
[trajectory_generator_node-6] [Reference] solvePolyMatrix ENTER: N=7, path_size=8, trap_time_size=7
[trajectory_generator_node-6] [Reference]   path[0]=(-6.0895,-0.7448) path[1]=(-6.0751,-0.2841) t[0]=1.887933 state_vel=(-0.0964,0.2536)
[trajectory_generator_node-6] [Reference] banded solve done. b[0]=0.112972 b[N]=-0.201027 b2[0]=-0.043926 b2[N]=-0.144341
[trajectory_generator_node-6] [Reference] solvePolyMatrix EXIT: polyX[0]=[-0.000731 0.056486 -0.096428 -6.089463]
[trajectory_generator_node-6] [INFO] [1790448962.829750829] [trajectory_generation]: FSM published 7 trajectory pieces
[trajectory_tracking_node-8] [WARN] [1790448967.858378751] [trajectory_tracking]: RM_GridMap predicted-path replan requested: collision_samples=0 trajectory_age=5.02
[trajectory_generator_node-6] [Manager REPLAN]  cur position point (X, Y) = (-5.360229, 0.456742), target point (X, Y) = (-3.219000, 2.146000)
[trajectory_generator_node-6] [Manager REPLAN] target_temp (X, Y) = (-3.219000, 2.146000)
[trajectory_generator_node-6] [Manager REPLAN] robot 1.07m from path, full replan
[trajectory_generator_node-6] [Manager] start point, (x, y): (-5.36, 0.46)
[trajectory_generator_node-6] [Manager] receive target, (x, y): (-3.22, 2.15)
[trajectory_generator_node-6] [Topo]: m_graph before num: 1605
[trajectory_generator_node-6] [Topo]: dijkstra time: 0.023221
[trajectory_generator_node-6] [Topo]: topo search time: 0.366006
[trajectory_generator_node-6] [Topo]: m_graph num: 2524
[trajectory_generator_node-6] [DIAG] origin_path (Dijkstra) size: 2
[trajectory_generator_node-6] [DIAG]   origin[0]: (-5.360, 0.457, 0.015)
[trajectory_generator_node-6] [DIAG]   origin[1]: (-3.219, 2.146, 0.015)
[trajectory_generator_node-6] [DIAG] lineVisib(start→end DIRECT): TRUE(!!)  colli=(-5.36,0.46)
[trajectory_generator_node-6] [DIAG] direct line: 54 steps, 0 wall cells
[trajectory_generator_node-6] [smoothTopoPath] INPUT size=2
[trajectory_generator_node-6] [smoothTopoPath]   in[0]: (-5.360, 0.457, 0.015)
[trajectory_generator_node-6] [smoothTopoPath]   in[1]: (-3.219, 2.146, 0.015)
[trajectory_generator_node-6] [smoothTopoPath] lineVisib(start→end): TRUE(!)  colli=(0.00,0.00)
[trajectory_generator_node-6] [smoothTopoPath] OUTPUT size=2, iter_count=1
[trajectory_generator_node-6] [smoothTopoPath]   out[0]: (-5.360, 0.457, 0.015)
[trajectory_generator_node-6] [smoothTopoPath]   out[1]: (-3.219, 2.146, 0.015)
[trajectory_generator_node-6] [DIAG] optimized_path (smoothTopoPath) size: 2
[trajectory_generator_node-6] [DIAG]   opt[0]: (-5.360, 0.457, 0.015)
[trajectory_generator_node-6] [DIAG]   opt[1]: (-3.219, 2.146, 0.015)
[trajectory_generator_node-6] optimized_path size: 2
[trajectory_generator_node-6] [Manager] reference_speed: (0.30)
[trajectory_generator_node-6] [LBFGS] search direction d:  0.000616463 -8.05078e-05  -0.00019916  0.000325327 -0.000441226  0.000389613 -0.000537621  -0.00037315  0.000357086 -1.41109e-05 -0.000188058   0.00018709 -1.29139e-05 -0.000631442  -0.00061458 -0.000351837   0.00388786   0.00455743  -0.00212855   0.00167846  -0.00333297    0.0086215   -0.0113496    0.0113556    0.0343013
[trajectory_generator_node-6] [Smooth Optimize] MINCO reaches max evaluations: Line search reaches the maximum try number, assumptions not satisfied or precision not achievable.
[trajectory_generator_node-6] [Smooth Optimize] MINCO: cost=0.0 total_T=10.040(init 9.091) max_drift=0.035 max_vel=0.3 segs=9
[trajectory_generator_node-6] [Smooth Resample] resample
[trajectory_generator_node-6] [Smooth Resample] 10 -> 6 waypoints, 5 time segs, max_turn=9.2 deg
[trajectory_generator_node-6] [Manager] optimizer generate time: 0.001770
[trajectory_generator_node-6] [Reference] path size : 6
[trajectory_generator_node-6] [Reference] solvePolyMatrix ENTER: N=5, path_size=6, trap_time_size=5
[trajectory_generator_node-6] [Reference]   path[0]=(-5.3602,0.4567) path[1]=(-4.8901,0.8297) t[0]=2.102836 state_vel=(0.2564,0.1307)
[trajectory_generator_node-6] [Reference] banded solve done. b[0]=-0.060535 b[N]=-0.200921 b2[0]=0.071828 b2[N]=-0.096929
[trajectory_generator_node-6] [Reference] solvePolyMatrix EXIT: polyX[0]=[0.006977 -0.030268 0.256379 -5.360229]
[trajectory_generator_node-6] [INFO] [1790448968.240618642] [trajectory_generation]: FSM published 5 trajectory pieces
[trajectory_tracking_node-8] [WARN] [1790448973.264474034] [trajectory_tracking]: RM_GridMap predicted-path replan requested: collision_samples=0 trajectory_age=5.01
[trajectory_generator_node-6] [Manager REPLAN]  cur position point (X, Y) = (-4.218472, 1.381358), target point (X, Y) = (-3.219000, 2.146000)
[trajectory_generator_node-6] [Manager REPLAN] target_temp (X, Y) = (-3.219000, 2.146000)
[trajectory_generator_node-6] [Manager REPLAN] robot 1.26m from path, full replan
[trajectory_generator_node-6] [Manager] start point, (x, y): (-4.22, 1.38)
[trajectory_generator_node-6] [Manager] receive target, (x, y): (-3.22, 2.15)
[trajectory_generator_node-6] [Topo]: m_graph before num: 1605
[trajectory_generator_node-6] [Topo]: dijkstra time: 0.017701
[trajectory_generator_node-6] [Topo]: topo search time: 0.408896
[trajectory_generator_node-6] [Topo]: m_graph num: 2553
[trajectory_generator_node-6] [DIAG] origin_path (Dijkstra) size: 2
[trajectory_generator_node-6] [DIAG]   origin[0]: (-4.218, 1.381, 0.015)
[trajectory_generator_node-6] [DIAG]   origin[1]: (-3.219, 2.146, 0.015)
[trajectory_generator_node-6] [DIAG] lineVisib(start→end DIRECT): TRUE(!!)  colli=(-4.22,1.38)
[trajectory_generator_node-6] [DIAG] direct line: 25 steps, 0 wall cells
[trajectory_generator_node-6] [smoothTopoPath] INPUT size=2
[trajectory_generator_node-6] [smoothTopoPath]   in[0]: (-4.218, 1.381, 0.015)
[trajectory_generator_node-6] [smoothTopoPath]   in[1]: (-3.219, 2.146, 0.015)
[trajectory_generator_node-6] [smoothTopoPath] lineVisib(start→end): TRUE(!)  colli=(0.00,0.00)
[trajectory_generator_node-6] [smoothTopoPath] OUTPUT size=2, iter_count=1
[trajectory_generator_node-6] [smoothTopoPath]   out[0]: (-4.218, 1.381, 0.015)
[trajectory_generator_node-6] [smoothTopoPath]   out[1]: (-3.219, 2.146, 0.015)
[trajectory_generator_node-6] [DIAG] optimized_path (smoothTopoPath) size: 2
[trajectory_generator_node-6] [DIAG]   opt[0]: (-4.218, 1.381, 0.015)
[trajectory_generator_node-6] [DIAG]   opt[1]: (-3.219, 2.146, 0.015)
[trajectory_generator_node-6] [Manager] reference_speed: (0.30)
[trajectory_generator_node-6] [LBFGS] search direction d: -0.000453781  8.40883e-05   0.00040431 -0.000110979  0.000113859  0.000510837   -0.0003162   0.00101839  -0.00238862    0.0137321
[trajectory_generator_node-6] [Smooth Optimize] MINCO reaches max evaluations: Line search reaches the maximum try number, assumptions not satisfied or precision not achievable.
[trajectory_generator_node-6] [Smooth Optimize] MINCO: cost=0.0 total_T=4.915(init 4.195) max_drift=0.033 max_vel=0.3 segs=4
[trajectory_generator_node-6] [Smooth Resample] resample
[trajectory_generator_node-6] [Smooth Resample] 5 -> 3 waypoints, 2 time segs, max_turn=1.6 deg
[trajectory_generator_node-6] [Manager] optimizer generate time: 0.000727
[trajectory_generator_node-6] [Reference] path size : 3
[trajectory_generator_node-6] [Reference] solvePolyMatrix ENTER: N=2, path_size=3, trap_time_size=2
[trajectory_generator_node-6] [Reference]   path[0]=(-4.2185,1.3814) path[1]=(-3.7461,1.7538) t[0]=2.034873 state_vel=(0.2335,0.1905)
[trajectory_generator_node-6] [Reference] banded solve done. b[0]=-0.019479 b[N]=-0.208049 b2[0]=-0.021243 b2[N]=-0.151973
[trajectory_generator_node-6] [Reference] solvePolyMatrix EXIT: polyX[0]=[0.004460 -0.009740 0.233507 -4.218472]
[trajectory_generator_node-6] optimized_path size: 2
[trajectory_generator_node-6] [INFO] [1790448973.682910377] [trajectory_generation]: FSM published 2 trajectory pieces
[trajectory_tracking_node-8] [WARN] [1790448978.413634719] [trajectory_tracking]: trajectory tracking stopped: invalid coefficient array length
[trajectory_tracking_node-8] [WARN] [1790448980.503669281] [trajectory_tracking]: trajectory tracking stopped: no valid trajectory
[trajectory_generator_node-6] [INFO] [1790448981.626751823] [trajectory_generation]: FSM accepted manual goal goal=(-3.72, 2.10, 0.02)
[trajectory_generator_node-6] [Manager] start point, (x, y): (-1.92, -3.80)
[trajectory_generator_node-6] [Manager] receive target, (x, y): (-3.72, 2.10)
[trajectory_generator_node-6] [Topo]: m_graph before num: 1605
[trajectory_generator_node-6] [Topo]: dijkstra time: 0.020984
[trajectory_generator_node-6] [Topo]: topo search time: 0.391632
[trajectory_generator_node-6] [Topo]: m_graph num: 2532
[trajectory_generator_node-6] [DIAG] origin_path (Dijkstra) size: 4
[trajectory_generator_node-6] [DIAG]   origin[0]: (-1.919, -3.804, 0.015)
[trajectory_generator_node-6] [DIAG]   origin[1]: (-4.119, -2.254, 0.015)
[trajectory_generator_node-6] [DIAG]   origin[2]: (-6.069, -0.454, 0.015)
[trajectory_generator_node-6] [DIAG]   origin[3]: (-3.719, 2.096, 0.015)
[trajectory_generator_node-6] [DIAG] lineVisib(start→end DIRECT): false  colli=(-2.57,-1.65)
[trajectory_generator_node-6] [DIAG] direct line: 123 steps, 64 wall cells
[trajectory_generator_node-6] [smoothTopoPath] INPUT size=4
[trajectory_generator_node-6] [smoothTopoPath]   in[0]: (-1.919, -3.804, 0.015)
[trajectory_generator_node-6] [smoothTopoPath]   in[1]: (-4.119, -2.254, 0.015)
[trajectory_generator_node-6] [smoothTopoPath]   in[2]: (-6.069, -0.454, 0.015)
[trajectory_generator_node-6] [smoothTopoPath]   in[3]: (-3.719, 2.096, 0.015)
[trajectory_generator_node-6] [smoothTopoPath] lineVisib(start→end): false  colli=(-2.57,-1.65)
[trajectory_generator_node-6] [smoothTopoPath] OUTPUT size=4, iter_count=3
[trajectory_generator_node-6] [smoothTopoPath]   out[0]: (-1.919, -3.804, 0.015)
[trajectory_generator_node-6] [smoothTopoPath]   out[1]: (-5.701, -1.201, 0.015)
[trajectory_generator_node-6] [smoothTopoPath]   out[2]: (-6.254, -0.433, 0.015)
[trajectory_generator_node-6] [smoothTopoPath]   out[3]: (-3.719, 2.096, 0.015)
[trajectory_generator_node-6] [DIAG] optimized_path (smoothTopoPath) size: 4
[trajectory_generator_node-6] [DIAG]   opt[0]: (-1.919, -3.804, 0.015)
[trajectory_generator_node-6] [DIAG]   opt[1]: (-5.701, -1.201, 0.015)
[trajectory_generator_node-6] [DIAG]   opt[2]: (-6.254, -0.433, 0.015)
[trajectory_generator_node-6] [DIAG]   opt[3]: (-3.719, 2.096, 0.015)
[trajectory_generator_node-6] optimized_path size: 4
[trajectory_generator_node-6] [Manager] reference_speed: (0.30)
[trajectory_generator_node-6] [LBFGS] search direction d:  -0.00155489  -0.00015879  0.000352445 -0.000285393  0.000178752 -9.87702e-05  4.99406e-05 -2.31071e-05  8.75092e-06   3.0189e-07 -9.73483e-06   2.5559e-05 -5.54881e-05  9.56253e-05 -0.000119227   0.00062229  0.000626036   0.00129749 -0.000445861 -0.000157388  0.000796158   0.00121593  0.000220623 -5.77686e-05  6.46822e-05 -6.18557e-05  -5.1931e-06  0.000239834 -0.000682999  0.000726871 -0.000180468 -0.000113845  0.000156596 -0.000118868    7.342e-05 -4.07872e-05  2.19639e-05 -1.38327e-05  1.48371e-05 -2.75821e-05  6.17131e-05 -0.000138321  0.000281577 -0.000520332   0.00161164 -0.000937858  0.000206601 -0.000346893 -0.000440075  0.000427289  0.000685591 -0.000172252 -0.000133493  0.000142037 -0.000116229  2.43442e-05  0.000225082 -0.000675115   0.00625717 -0.000891964  0.000368448 -0.000100884  3.41053e-05 -1.36377e-05  6.90667e-06 -3.64263e-06  2.00157e-06 -1.21122e-06  1.15013e-06 -2.02832e-06  4.94167e-06 -1.06696e-05  1.83075e-05  2.78424e-05 -0.000193997  0.000580983    0.0002349  -0.00012675   0.00625433 -0.000513557  0.000428952 -0.000142198  6.23804e-05  2.10248e-06 -8.22734e-05  0.000313799 -0.000643045   0.00344264
[trajectory_generator_node-6] [Smooth Optimize] MINCO reaches max evaluations: Line search reaches the maximum try number, assumptions not satisfied or precision not achievable.
[trajectory_generator_node-6] [Smooth Optimize] MINCO: cost=1.9 total_T=30.464(init 30.145) max_drift=0.198 max_vel=0.5 segs=30
[trajectory_generator_node-6] [Smooth Resample] resample
[trajectory_generator_node-6] [Smooth Resample] 31 -> 16 waypoints, 15 time segs, max_turn=53.5 deg
[trajectory_generator_node-6] [Manager] optimizer generate time: 0.003369
[trajectory_generator_node-6] [Reference] path size : 16
[trajectory_generator_node-6] [Reference] solvePolyMatrix ENTER: N=15, path_size=16, trap_time_size=15
[trajectory_generator_node-6] [Reference]   path[0]=(-1.9190,-3.8040) path[1]=(-2.4162,-3.4584) t[0]=2.093465 state_vel=(0.0000,0.0000)
[trajectory_generator_node-6] [Reference] banded solve done. b[0]=-0.391352 b[N]=-0.297565 b2[0]=0.273620 b2[N]=-0.300459
[trajectory_generator_node-6] [Reference] solvePolyMatrix EXIT: polyX[0]=[0.039279 -0.195676 0.000000 -1.919000]
[trajectory_generator_node-6] [Reference] solvePolyMatrix ENTER: N=15, path_size=16, trap_time_size=15
[trajectory_generator_node-6] [Reference]   path[0]=(-1.9190,-3.8040) path[1]=(-2.4162,-3.4584) t[0]=2.302811 state_vel=(0.0000,0.0000)
[trajectory_generator_node-6] [Reference] banded solve done. b[0]=-0.326204 b[N]=-0.247948 b2[0]=0.228049 b2[N]=-0.250785
[trajectory_generator_node-6] [Reference] solvePolyMatrix EXIT: polyX[0]=[0.030113 -0.163102 -0.000000 -1.919000]
[trajectory_generator_node-6] [Reference] solvePolyMatrix ENTER: N=15, path_size=16, trap_time_size=15
[trajectory_generator_node-6] [Reference]   path[0]=(-1.9190,-3.8040) path[1]=(-2.4162,-3.4584) t[0]=2.533092 state_vel=(0.0000,0.0000)
[trajectory_generator_node-6] [Reference] banded solve done. b[0]=-0.272302 b[N]=-0.206903 b2[0]=0.190344 b2[N]=-0.209665
[trajectory_generator_node-6] [Reference] solvePolyMatrix EXIT: polyX[0]=[0.023160 -0.136151 -0.000000 -1.919000]
[trajectory_generator_node-6] [INFO] [1790448982.036875630] [trajectory_generation]: FSM published 15 trajectory pieces
[trajectory_tracking_node-8] [WARN] [1790448987.069212115] [trajectory_tracking]: RM_GridMap predicted-path replan requested: collision_samples=0 trajectory_age=5.02
[trajectory_generator_node-6] [Manager REPLAN]  cur position point (X, Y) = (-2.915537, -3.086893), target point (X, Y) = (-3.719000, 2.096000)
[trajectory_generator_node-6] [Manager REPLAN] target_temp (X, Y) = (-3.719000, 2.096000)
[trajectory_generator_node-6] [Manager REPLAN] robot 1.23m from path, full replan
[trajectory_generator_node-6] [Manager] start point, (x, y): (-2.92, -3.09)
[trajectory_generator_node-6] [Manager] receive target, (x, y): (-3.72, 2.10)
[trajectory_generator_node-6] [Topo]: m_graph before num: 1605
[trajectory_generator_node-6] [Topo]: dijkstra time: 0.020887
[trajectory_generator_node-6] [Topo]: topo search time: 0.676581
[trajectory_generator_node-6] [Topo]: m_graph num: 2538
[trajectory_generator_node-6] [DIAG] origin_path (Dijkstra) size: 4
[trajectory_generator_node-6] [DIAG]   origin[0]: (-2.916, -3.087, 0.015)
[trajectory_generator_node-6] [DIAG]   origin[1]: (-5.969, -0.704, 0.015)
[trajectory_generator_node-6] [DIAG]   origin[2]: (-5.769, -0.054, 0.015)
[trajectory_generator_node-6] [DIAG]   origin[3]: (-3.719, 2.096, 0.015)
[trajectory_generator_node-6] [DIAG] lineVisib(start→end DIRECT): false  colli=(-3.17,-1.35)
[trajectory_generator_node-6] [DIAG] direct line: 104 steps, 54 wall cells
[trajectory_generator_node-6] [smoothTopoPath] INPUT size=4
[trajectory_generator_node-6] [smoothTopoPath]   in[0]: (-2.916, -3.087, 0.015)
[trajectory_generator_node-6] [smoothTopoPath]   in[1]: (-5.969, -0.704, 0.015)
[trajectory_generator_node-6] [smoothTopoPath]   in[2]: (-5.769, -0.054, 0.015)
[trajectory_generator_node-6] [smoothTopoPath]   in[3]: (-3.719, 2.096, 0.015)
[trajectory_generator_node-6] [smoothTopoPath] lineVisib(start→end): false  colli=(-3.17,-1.35)
[trajectory_generator_node-6] [smoothTopoPath] OUTPUT size=4, iter_count=3
[trajectory_generator_node-6] [smoothTopoPath]   out[0]: (-2.916, -3.087, 0.015)
[trajectory_generator_node-6] [smoothTopoPath]   out[1]: (-6.142, -0.890, 0.015)
[trajectory_generator_node-6] [smoothTopoPath]   out[2]: (-6.155, -0.315, 0.015)
[trajectory_generator_node-6] [smoothTopoPath]   out[3]: (-3.719, 2.096, 0.015)
[trajectory_generator_node-6] [DIAG] optimized_path (smoothTopoPath) size: 4
[trajectory_generator_node-6] [DIAG]   opt[0]: (-2.916, -3.087, 0.015)
[trajectory_generator_node-6] [DIAG]   opt[1]: (-6.142, -0.890, 0.015)
[trajectory_generator_node-6] [DIAG]   opt[2]: (-6.155, -0.315, 0.015)
[trajectory_generator_node-6] [DIAG]   opt[3]: (-3.719, 2.096, 0.015)
[trajectory_generator_node-6] [Manager] reference_speed: (0.30)
[trajectory_generator_node-6] optimized_path size: 4
[trajectory_generator_node-6] [LBFGS] search direction d:  1.69292e-05  2.92616e-06 -6.02998e-06  4.30224e-06 -2.49617e-06  1.79884e-06 -2.33065e-06  4.21937e-06 -7.29155e-06   9.1891e-06 -1.58183e-06 -1.89915e-05   4.0856e-05 -6.48481e-05  5.40967e-05   -0.0001509  2.21978e-05 -0.000317882  2.00953e-05  4.85228e-05 -2.98534e-05  2.15169e-05 -1.30986e-05 -1.82717e-05  7.95462e-05 -9.47138e-06 -1.87367e-06  3.55141e-06 -2.38622e-06  1.02185e-06  9.33556e-08 -1.32785e-06  3.22663e-06 -6.11583e-06  8.91878e-06  -6.3454e-06 -7.75577e-06  3.89185e-05  -0.00010706  0.000177321 -0.000115039  0.000264253 -0.000519991 -0.000172661  1.34728e-05 -2.14286e-05  2.14489e-05 -1.40008e-05 -1.74187e-05  7.83871e-05  9.61469e-05 -2.52932e-05  7.80062e-06 -1.97059e-06  3.91254e-07 -1.57629e-08 -3.19902e-08 -6.20956e-08  4.74597e-07  -1.9292e-06  7.05704e-06 -1.61055e-05  5.70417e-05  0.000106924 -0.000135994  0.000370226  1.25834e-05  0.000194798 -2.81799e-05  1.52662e-05 -1.09627e-06  2.93057e-06 -1.54424e-05   5.7856e-05  -0.00011251  0.000646397
[trajectory_generator_node-6] [Smooth Optimize] MINCO reaches max evaluations: Line search reaches the maximum try number, assumptions not satisfied or precision not achievable.
[trajectory_generator_node-6] [Smooth Optimize] MINCO: cost=2.2 total_T=26.372(init 26.329) max_drift=0.197 max_vel=0.5 segs=26
[trajectory_generator_node-6] [Smooth Resample] resample
[trajectory_generator_node-6] [Smooth Resample] 27 -> 14 waypoints, 13 time segs, max_turn=51.5 deg
[trajectory_generator_node-6] [Manager] optimizer generate time: 0.004645
[trajectory_generator_node-6] [Reference] path size : 14
[trajectory_generator_node-6] [Reference] solvePolyMatrix ENTER: N=13, path_size=14, trap_time_size=13
[trajectory_generator_node-6] [Reference]   path[0]=(-2.9155,-3.0869) path[1]=(-3.4127,-2.7486) t[0]=2.001665 state_vel=(-0.2140,0.1490)
[trajectory_generator_node-6] [Reference] banded solve done. b[0]=-0.059844 b[N]=-0.315994 b2[0]=0.034869 b2[N]=-0.315236
[trajectory_generator_node-6] [Reference] solvePolyMatrix EXIT: polyX[0]=[0.006385 -0.029922 -0.214047 -2.915537]
[trajectory_generator_node-6] [Reference] solvePolyMatrix ENTER: N=13, path_size=14, trap_time_size=13
[trajectory_generator_node-6] [Reference]   path[0]=(-2.9155,-3.0869) path[1]=(-3.4127,-2.7486) t[0]=2.001665 state_vel=(-0.2140,0.1490)
[trajectory_generator_node-6] [Reference] banded solve done. b[0]=-0.059844 b[N]=-0.263133 b2[0]=0.034869 b2[N]=-0.262808
[trajectory_generator_node-6] [Reference] solvePolyMatrix EXIT: polyX[0]=[0.006385 -0.029922 -0.214047 -2.915537]
[trajectory_generator_node-6] [Reference] solvePolyMatrix ENTER: N=13, path_size=14, trap_time_size=13
[trajectory_generator_node-6] [Reference]   path[0]=(-2.9155,-3.0869) path[1]=(-3.4127,-2.7486) t[0]=2.001665 state_vel=(-0.2140,0.1490)
[trajectory_generator_node-6] [Reference] banded solve done. b[0]=-0.059844 b[N]=-0.219411 b2[0]=0.034869 b2[N]=-0.219425
[trajectory_generator_node-6] [Reference] solvePolyMatrix EXIT: polyX[0]=[0.006385 -0.029922 -0.214047 -2.915537]
[trajectory_generator_node-6] [INFO] [1790448987.785282161] [trajectory_generation]: FSM published 13 trajectory pieces
[trajectory_tracking_node-8] [WARN] [1790448992.808795671] [trajectory_tracking]: RM_GridMap predicted-path replan requested: collision_samples=0 trajectory_age=5.01
[trajectory_generator_node-6] [Manager REPLAN]  cur position point (X, Y) = (-4.150700, -2.217783), target point (X, Y) = (-3.719000, 2.096000)
[trajectory_generator_node-6] [Manager REPLAN] target_temp (X, Y) = (-3.719000, 2.096000)
[trajectory_generator_node-6] [Manager REPLAN] robot 1.51m from path, full replan
[trajectory_generator_node-6] [Manager] start point, (x, y): (-4.15, -2.22)
[trajectory_generator_node-6] [Manager] receive target, (x, y): (-3.72, 2.10)
[trajectory_generator_node-6] [Topo]: m_graph before num: 1605
[trajectory_generator_node-6] [Topo]: dijkstra time: 0.018099
[trajectory_generator_node-6] [Topo]: topo search time: 0.455080
[trajectory_generator_node-6] [Topo]: m_graph num: 2546
[trajectory_generator_node-6] [DIAG] origin_path (Dijkstra) size: 4
[trajectory_generator_node-6] [DIAG]   origin[0]: (-4.151, -2.218, 0.015)
[trajectory_generator_node-6] [DIAG]   origin[1]: (-5.969, -0.704, 0.015)
[trajectory_generator_node-6] [DIAG]   origin[2]: (-5.769, -0.054, 0.015)
[trajectory_generator_node-6] [DIAG]   origin[3]: (-3.719, 2.096, 0.015)
[trajectory_generator_node-6] [DIAG] lineVisib(start→end DIRECT): false  colli=(-4.02,-0.90)
[trajectory_generator_node-6] [DIAG] direct line: 86 steps, 41 wall cells
[trajectory_generator_node-6] [smoothTopoPath] INPUT size=4
[trajectory_generator_node-6] [smoothTopoPath]   in[0]: (-4.151, -2.218, 0.015)
[trajectory_generator_node-6] [smoothTopoPath]   in[1]: (-5.969, -0.704, 0.015)
[trajectory_generator_node-6] [smoothTopoPath]   in[2]: (-5.769, -0.054, 0.015)
[trajectory_generator_node-6] [smoothTopoPath]   in[3]: (-3.719, 2.096, 0.015)
[trajectory_generator_node-6] [smoothTopoPath] lineVisib(start→end): false  colli=(-4.02,-0.90)
[trajectory_generator_node-6] [smoothTopoPath] OUTPUT size=4, iter_count=3
[trajectory_generator_node-6] [smoothTopoPath]   out[0]: (-4.151, -2.218, 0.015)
[trajectory_generator_node-6] [smoothTopoPath]   out[1]: (-6.151, -0.883, 0.015)
[trajectory_generator_node-6] [smoothTopoPath]   out[2]: (-6.152, -0.309, 0.015)
[trajectory_generator_node-6] [smoothTopoPath]   out[3]: (-3.719, 2.096, 0.015)
[trajectory_generator_node-6] [DIAG] optimized_path (smoothTopoPath) size: 4
[trajectory_generator_node-6] [DIAG]   opt[0]: (-4.151, -2.218, 0.015)
[trajectory_generator_node-6] [DIAG]   opt[1]: (-6.151, -0.883, 0.015)
[trajectory_generator_node-6] [DIAG]   opt[2]: (-6.152, -0.309, 0.015)
[trajectory_generator_node-6] [DIAG]   opt[3]: (-3.719, 2.096, 0.015)
[trajectory_generator_node-6] optimized_path size: 4
[trajectory_generator_node-6] [Manager] reference_speed: (0.30)
[trajectory_generator_node-6] [LBFGS] search direction d:  0.000244472 -9.13483e-05  2.33944e-05  9.40557e-05 -0.000443368   0.00140232  -0.00298449   0.00435873   -0.0127907  0.000199627  0.000567471   0.00638706   -0.0109785   0.00233592  4.22371e-05 -6.12221e-05 -0.000265144   0.00120145  -0.00340691   0.00722764  0.000313084 -0.000111187  3.71726e-05  4.95513e-05 -0.000292286  0.000977511  -0.00229591   0.00414826  -0.00988749  0.000621773   0.00030968   0.00874195   -0.0116914  0.000825898  -0.00223048   0.00099417  -0.00074984   0.00143279  -0.00349122   0.00720663  6.01017e-06  -6.0349e-07 -2.32478e-06  9.48662e-06 -2.51977e-05  7.51853e-05 -0.000113344  0.000508167  0.000972674  -0.00095225   0.00508433  0.000139067    0.0018068 -0.000469546   0.00032976 -0.000148388  0.000127365 -0.000218932    0.0005689 -0.000805144   0.00492481
[trajectory_generator_node-6] [Smooth Optimize] MINCO reaches max evaluations: Line search reaches the maximum try number, assumptions not satisfied or precision not achievable.
[trajectory_generator_node-6] [Smooth Optimize] MINCO: cost=1.9 total_T=21.748(init 21.305) max_drift=0.191 max_vel=0.4 segs=21
[trajectory_generator_node-6] [Smooth Resample] resample
[trajectory_generator_node-6] [Smooth Resample] 22 -> 12 waypoints, 11 time segs, max_turn=63.4 deg
[trajectory_generator_node-6] [Manager] optimizer generate time: 0.005673
[trajectory_generator_node-6] [Reference] path size : 12
[trajectory_generator_node-6] [Reference] solvePolyMatrix ENTER: N=11, path_size=12, trap_time_size=11
[trajectory_generator_node-6] [Reference]   path[0]=(-4.1507,-2.2178) path[1]=(-4.6497,-1.8846) t[0]=2.000180 state_vel=(-0.2464,0.1708)
[trajectory_generator_node-6] [Reference] banded solve done. b[0]=-0.002874 b[N]=-0.363189 b2[0]=-0.005778 b2[N]=-0.359382
[trajectory_generator_node-6] [Reference] solvePolyMatrix EXIT: polyX[0]=[-0.000053 -0.001437 -0.246380 -4.150700]
[trajectory_generator_node-6] [Reference] solvePolyMatrix ENTER: N=11, path_size=12, trap_time_size=11
[trajectory_generator_node-6] [Reference]   path[0]=(-4.1507,-2.2178) path[1]=(-4.6497,-1.8846) t[0]=2.000180 state_vel=(-0.2464,0.1708)
[trajectory_generator_node-6] [Reference] banded solve done. b[0]=-0.002874 b[N]=-0.302770 b2[0]=-0.005778 b2[N]=-0.299613
[trajectory_generator_node-6] [Reference] solvePolyMatrix EXIT: polyX[0]=[-0.000053 -0.001437 -0.246380 -4.150700]
[trajectory_generator_node-6] [Reference] solvePolyMatrix ENTER: N=11, path_size=12, trap_time_size=11
[trajectory_generator_node-6] [Reference]   path[0]=(-4.1507,-2.2178) path[1]=(-4.6497,-1.8846) t[0]=2.000180 state_vel=(-0.2464,0.1708)
[trajectory_generator_node-6] [Reference] banded solve done. b[0]=-0.002874 b[N]=-0.252794 b2[0]=-0.005778 b2[N]=-0.250173
[trajectory_generator_node-6] [Reference] solvePolyMatrix EXIT: polyX[0]=[-0.000053 -0.001437 -0.246380 -4.150700]
[trajectory_generator_node-6] [Reference] solvePolyMatrix ENTER: N=11, path_size=12, trap_time_size=11
[trajectory_generator_node-6] [Reference]   path[0]=(-4.1507,-2.2178) path[1]=(-4.6497,-1.8846) t[0]=2.000180 state_vel=(-0.2464,0.1708)
[trajectory_generator_node-6] [Reference] banded solve done. b[0]=-0.002874 b[N]=-0.211426 b2[0]=-0.005778 b2[N]=-0.209248
[trajectory_generator_node-6] [Reference] solvePolyMatrix EXIT: polyX[0]=[-0.000053 -0.001437 -0.246380 -4.150700]
[trajectory_generator_node-6] [INFO] [1790448993.296679562] [trajectory_generation]: FSM published 11 trajectory pieces
[trajectory_tracking_node-8] [WARN] [1790448998.331059933] [trajectory_tracking]: RM_GridMap predicted-path replan requested: collision_samples=0 trajectory_age=5.03
[trajectory_generator_node-6] [Manager REPLAN]  cur position point (X, Y) = (-5.367871, -1.382693), target point (X, Y) = (-3.719000, 2.096000)
[trajectory_generator_node-6] [Manager REPLAN] target_temp (X, Y) = (-3.719000, 2.096000)
[trajectory_generator_node-6] [Manager REPLAN] path safe & target unchanged, re-anchoring from cur pos
[trajectory_generator_node-6] [LBFGS] search direction d:  2.88462e-05  0.000157116  0.000624266 -0.000304199  0.000304202 -0.000744696 -0.000336305 -1.83716e-05 -2.75474e-07  7.76444e-07 -1.82026e-06  3.73544e-06 -6.31073e-06  6.71589e-06  1.10024e-06 -0.000131865  0.000173792  0.000350417 -0.000275063 -0.000873011  0.000175856  0.000393242  0.000452156   6.1875e-06  -1.6713e-06 -1.38354e-06   3.9136e-06 -6.50479e-06  6.83039e-06  9.18565e-07  5.47467e-06  5.75949e-06 -1.53324e-05  2.74321e-06 -4.00102e-06 -6.70502e-05  -7.2107e-06  9.91982e-06 -3.68262e-06  3.28322e-06 -1.13408e-06  4.23256e-07 -8.73908e-07  4.14502e-06 -1.50068e-05  0.000112147
[trajectory_generator_node-6] [Smooth Optimize] MINCO reaches max evaluations: Line search reaches the maximum try number, assumptions not satisfied or precision not achievable.
[trajectory_generator_node-6] [Smooth Optimize] MINCO: cost=2.4 total_T=15.657(init 15.596) max_drift=0.135 max_vel=0.5 segs=16
[trajectory_generator_node-6] [Smooth Resample] resample
[trajectory_generator_node-6] [Smooth Resample] 17 -> 9 waypoints, 8 time segs, max_turn=56.1 deg
[trajectory_generator_node-6] [Reference] path size : 9
[trajectory_generator_node-6] [Reference] solvePolyMatrix ENTER: N=8, path_size=9, trap_time_size=8
[trajectory_generator_node-6] [Reference]   path[0]=(-5.3679,-1.3827) path[1]=(-5.8152,-0.9884) t[0]=2.003487 state_vel=(-0.2444,0.1668)
[trajectory_generator_node-6] [Reference] banded solve done. b[0]=0.042701 b[N]=-0.402948 b2[0]=0.031866 b2[N]=-0.399437
[trajectory_generator_node-6] [Reference] solvePolyMatrix EXIT: polyX[0]=[-0.005397 0.021351 -0.244368 -5.367871]
[trajectory_generator_node-6] [Reference] solvePolyMatrix ENTER: N=8, path_size=9, trap_time_size=8
[trajectory_generator_node-6] [Reference]   path[0]=(-5.3679,-1.3827) path[1]=(-5.8152,-0.9884) t[0]=2.003487 state_vel=(-0.2444,0.1668)
[trajectory_generator_node-6] [Reference] banded solve done. b[0]=0.042692 b[N]=-0.335568 b2[0]=0.031858 b2[N]=-0.332777
[trajectory_generator_node-6] [Reference] solvePolyMatrix EXIT: polyX[0]=[-0.005395 0.021346 -0.244368 -5.367871]
[trajectory_generator_node-6] [Reference] solvePolyMatrix ENTER: N=8, path_size=9, trap_time_size=8
[trajectory_generator_node-6] [Reference]   path[0]=(-5.3679,-1.3827) path[1]=(-5.8152,-0.9884) t[0]=2.003487 state_vel=(-0.2444,0.1668)
[trajectory_generator_node-6] [Reference] banded solve done. b[0]=0.042685 b[N]=-0.279822 b2[0]=0.031851 b2[N]=-0.277619
[trajectory_generator_node-6] [Reference] solvePolyMatrix EXIT: polyX[0]=[-0.005393 0.021343 -0.244368 -5.367871]
[trajectory_generator_node-6] [Reference] solvePolyMatrix ENTER: N=8, path_size=9, trap_time_size=8
[trajectory_generator_node-6] [Reference]   path[0]=(-5.3679,-1.3827) path[1]=(-5.8152,-0.9884) t[0]=2.003487 state_vel=(-0.2444,0.1668)
[trajectory_generator_node-6] [Reference] banded solve done. b[0]=0.042680 b[N]=-0.233672 b2[0]=0.031846 b2[N]=-0.231947
[trajectory_generator_node-6] [Reference] solvePolyMatrix EXIT: polyX[0]=[-0.005392 0.021340 -0.244368 -5.367871]
[trajectory_generator_node-6] [INFO] [1790448998.358178940] [trajectory_generation]: FSM published 8 trajectory pieces
[trajectory_tracking_node-8] [WARN] [1790449003.386953678] [trajectory_tracking]: RM_GridMap predicted-path replan requested: collision_samples=0 trajectory_age=5.02
[trajectory_generator_node-6] [Manager REPLAN]  cur position point (X, Y) = (-6.005304, -0.131903), target point (X, Y) = (-3.719000, 2.096000)
[trajectory_generator_node-6] [Manager REPLAN] target_temp (X, Y) = (-3.719000, 2.096000)
[trajectory_generator_node-6] [Manager REPLAN] path safe & target unchanged, re-anchoring from cur pos
[trajectory_generator_node-6] [LBFGS] search direction d:  5.04492e-05 -0.000684012 -0.000772292 -0.000191157   0.00017479  7.15869e-05 -0.000379213   0.00047069  0.000417503  -0.00126848  6.94865e-05 -0.000707549  0.000181804  0.000477804 -0.000179979  0.000155311 -0.000297278  0.000335041  0.000514989  -0.00122425    0.0193591  0.000756461    -0.011931   0.00690782  -0.00432303  0.000823918   0.00135053  -0.00461163   0.00734114   0.00130513    -0.130998
[trajectory_generator_node-6] [Smooth Optimize] MINCO reaches max evaluations: Line search reaches the maximum try number, assumptions not satisfied or precision not achievable.
[trajectory_generator_node-6] [Smooth Optimize] MINCO: cost=0.3 total_T=11.834(init 10.641) max_drift=0.082 max_vel=0.4 segs=11
[trajectory_generator_node-6] [Smooth Resample] resample
[trajectory_generator_node-6] [Smooth Resample] 12 -> 7 waypoints, 6 time segs, max_turn=15.7 deg
[trajectory_generator_node-6] [Reference] path size : 7
[trajectory_generator_node-6] [Reference] solvePolyMatrix ENTER: N=6, path_size=7, trap_time_size=6
[trajectory_generator_node-6] [Reference]   path[0]=(-6.0053,-0.1319) path[1]=(-5.6341,0.3447) t[0]=1.861386 state_vel=(0.1743,0.3258)
[trajectory_generator_node-6] [Reference] banded solve done. b[0]=0.024468 b[N]=-0.039111 b2[0]=-0.086649 b2[N]=-0.037508
[trajectory_generator_node-6] [Reference] solvePolyMatrix EXIT: polyX[0]=[0.000688 0.012234 0.174266 -6.005304]
[trajectory_generator_node-6] [INFO] [1790449003.432266011] [trajectory_generation]: FSM published 6 trajectory pieces
[trajectory_tracking_node-8] [WARN] [1790449008.464159000] [trajectory_tracking]: RM_GridMap predicted-path replan requested: collision_samples=0 trajectory_age=5.03
[trajectory_generator_node-6] [Manager REPLAN]  cur position point (X, Y) = (-4.895445, 0.956349), target point (X, Y) = (-3.719000, 2.096000)
[trajectory_generator_node-6] [Manager REPLAN] target_temp (X, Y) = (-3.719000, 2.096000)
[trajectory_generator_node-6] [Manager REPLAN] robot 1.55m from path, full replan
[trajectory_generator_node-6] [Manager] start point, (x, y): (-4.90, 0.96)
[trajectory_generator_node-6] [Manager] receive target, (x, y): (-3.72, 2.10)
[trajectory_generator_node-6] [Topo]: m_graph before num: 1605
[trajectory_generator_node-6] [Topo]: dijkstra time: 0.020195
[trajectory_generator_node-6] [Topo]: topo search time: 0.602118
[trajectory_generator_node-6] [Topo]: m_graph num: 2549
[trajectory_generator_node-6] [DIAG] origin_path (Dijkstra) size: 2
[trajectory_generator_node-6] [DIAG]   origin[0]: (-4.895, 0.956, 0.015)
[trajectory_generator_node-6] [DIAG]   origin[1]: (-3.719, 2.096, 0.015)
[trajectory_generator_node-6] [DIAG] lineVisib(start→end DIRECT): TRUE(!!)  colli=(-4.90,0.96)
[trajectory_generator_node-6] [DIAG] direct line: 32 steps, 0 wall cells
[trajectory_generator_node-6] [smoothTopoPath] INPUT size=2
[trajectory_generator_node-6] [smoothTopoPath]   in[0]: (-4.895, 0.956, 0.015)
[trajectory_generator_node-6] [smoothTopoPath]   in[1]: (-3.719, 2.096, 0.015)
[trajectory_generator_node-6] [smoothTopoPath] lineVisib(start→end): TRUE(!)  colli=(0.00,0.00)
[trajectory_generator_node-6] [smoothTopoPath] OUTPUT size=2, iter_count=1
[trajectory_generator_node-6] [smoothTopoPath]   out[0]: (-4.895, 0.956, 0.015)
[trajectory_generator_node-6] [smoothTopoPath]   out[1]: (-3.719, 2.096, 0.015)
[trajectory_generator_node-6] [DIAG] optimized_path (smoothTopoPath) size: 2
[trajectory_generator_node-6] [DIAG]   opt[0]: (-4.895, 0.956, 0.015)
[trajectory_generator_node-6] [DIAG]   opt[1]: (-3.719, 2.096, 0.015)
[trajectory_generator_node-6] [Manager] reference_speed: (0.30)
[trajectory_generator_node-6] optimized_path size: 2
[trajectory_generator_node-6] [Smooth Optimize] MINCO reached max iterations (200)
[trajectory_generator_node-6] [Smooth Optimize] MINCO: cost=0.0 total_T=5.971(init 5.460) max_drift=0.005 max_vel=0.3 segs=5
[trajectory_generator_node-6] [Smooth Resample] resample
[trajectory_generator_node-6] [Smooth Resample] 6 -> 4 waypoints, 3 time segs, max_turn=0.2 deg
[trajectory_generator_node-6] [Manager] optimizer generate time: 0.003407
[trajectory_generator_node-6] [Reference] path size : 4
[trajectory_generator_node-6] [Reference] solvePolyMatrix ENTER: N=3, path_size=4, trap_time_size=3
[trajectory_generator_node-6] [Reference]   path[0]=(-4.8954,0.9563) path[1]=(-4.4623,1.3743) t[0]=2.029631 state_vel=(0.2011,0.2114)
[trajectory_generator_node-6] [Reference] banded solve done. b[0]=0.021079 b[N]=-0.248131 b2[0]=-0.010155 b2[N]=-0.239047
[trajectory_generator_node-6] [Reference] solvePolyMatrix EXIT: polyX[0]=[-0.002209 0.010540 0.201126 -4.895445]
[trajectory_generator_node-6] [INFO] [1790449009.097192315] [trajectory_generation]: FSM published 3 trajectory pieces
[trajectory_tracking_node-8] [WARN] [1790449014.111243242] [trajectory_tracking]: RM_GridMap predicted-path replan requested: collision_samples=0 trajectory_age=5.01
[trajectory_generator_node-6] [Manager REPLAN]  cur position point (X, Y) = (-3.850343, 1.995920), target point (X, Y) = (-3.719000, 2.096000)
[trajectory_generator_node-6] [Manager REPLAN] target_temp (X, Y) = (-3.719000, 2.096000)
[trajectory_generator_node-6] [Manager REPLAN] path safe & target unchanged, re-anchoring from cur pos
[trajectory_generator_node-6] [Smooth Path] path.size()<3, No need to optimize
[trajectory_generator_node-6] [Smooth Path] path.size()<3, No need to optimize
[trajectory_generator_node-6] [Smooth Resample] resample
[trajectory_generator_node-6] [Smooth Resample] path too short (2 pts), keeping all
[trajectory_generator_node-6] [Reference] path size : 2
[trajectory_generator_node-6] [Reference] path_length: 0.165127
[trajectory_generator_node-6] [Reference] solvePolyMatrix ENTER: N=1, path_size=2, trap_time_size=1
[trajectory_generator_node-6] [Reference]   path[0]=(-3.8503,1.9959) path[1]=(-3.7190,2.0960) t[0]=1.000000 state_vel=(0.1482,0.1434)
[trajectory_generator_node-6] [Reference] banded solve done. b[0]=0.195365 b[N]=-0.491711 b2[0]=0.026778 b2[N]=-0.313629
[trajectory_generator_node-6] [Reference] solvePolyMatrix EXIT: polyX[0]=[-0.114513 0.097683 0.148173 -3.850343]
[trajectory_generator_node-6] [Reference] solvePolyMatrix ENTER: N=1, path_size=2, trap_time_size=1
[trajectory_generator_node-6] [Reference]   path[0]=(-3.8503,1.9959) path[1]=(-3.7190,2.0960) t[0]=1.100000 state_vel=(0.1482,0.1434)
[trajectory_generator_node-6] [Reference] banded solve done. b[0]=0.112476 b[N]=-0.381882 b2[0]=-0.025283 b2[N]=-0.235491
[trajectory_generator_node-6] [Reference] solvePolyMatrix EXIT: polyX[0]=[-0.074903 0.056238 0.148173 -3.850343]
[trajectory_generator_node-6] [Reference] solvePolyMatrix ENTER: N=1, path_size=2, trap_time_size=1
[trajectory_generator_node-6] [Reference]   path[0]=(-3.8503,1.9959) path[1]=(-3.7190,2.0960) t[0]=1.210000 state_vel=(0.1482,0.1434)
[trajectory_generator_node-6] [Reference] banded solve done. b[0]=0.048426 b[N]=-0.293340 b2[0]=-0.063998 b2[N]=-0.173069
[trajectory_generator_node-6] [Reference] solvePolyMatrix EXIT: polyX[0]=[-0.047075 0.024213 0.148173 -3.850343]
[trajectory_generator_node-6] [INFO] [1790449014.127970158] [trajectory_generation]: FSM published 1 trajectory pieces
[trajectory_tracking_node-8] [WARN] [1790449015.074825125] [trajectory_tracking]: trajectory tracking stopped: invalid coefficient array length
[trajectory_tracking_node-8] [WARN] [1790449017.180681361] [trajectory_tracking]: trajectory tracking stopped: no valid trajectory
[trajectory_generator_node-6] [INFO] [1790449018.330034875] [trajectory_generation]: FSM accepted manual goal goal=(-3.72, 2.10, 0.02)
[trajectory_generator_node-6] [Manager] start point, (x, y): (-1.92, -3.80)
[trajectory_generator_node-6] [Manager] receive target, (x, y): (-3.72, 2.10)
[trajectory_generator_node-6] [Topo]: m_graph before num: 1605
[trajectory_generator_node-6] [Topo]: dijkstra time: 0.016895
[trajectory_generator_node-6] [Topo]: topo search time: 0.392305
[trajectory_generator_node-6] [Topo]: m_graph num: 2539
[trajectory_generator_node-6] [DIAG] origin_path (Dijkstra) size: 4
[trajectory_generator_node-6] [DIAG]   origin[0]: (-1.919, -3.804, 0.015)
[trajectory_generator_node-6] [DIAG]   origin[1]: (-5.319, -1.704, 0.015)
[trajectory_generator_node-6] [DIAG]   origin[2]: (-5.969, -0.304, 0.015)
[trajectory_generator_node-6] [DIAG]   origin[3]: (-3.719, 2.096, 0.015)
[trajectory_generator_node-6] [DIAG] lineVisib(start→end DIRECT): false  colli=(-2.57,-1.65)
[trajectory_generator_node-6] [DIAG] direct line: 123 steps, 64 wall cells
[trajectory_generator_node-6] [smoothTopoPath] INPUT size=4
[trajectory_generator_node-6] [smoothTopoPath]   in[0]: (-1.919, -3.804, 0.015)
[trajectory_generator_node-6] [smoothTopoPath]   in[1]: (-5.319, -1.704, 0.015)
[trajectory_generator_node-6] [smoothTopoPath]   in[2]: (-5.969, -0.304, 0.015)
[trajectory_generator_node-6] [smoothTopoPath]   in[3]: (-3.719, 2.096, 0.015)
[trajectory_generator_node-6] [smoothTopoPath] lineVisib(start→end): false  colli=(-2.57,-1.65)
[trajectory_generator_node-6] [smoothTopoPath] OUTPUT size=4, iter_count=3
[trajectory_generator_node-6] [smoothTopoPath]   out[0]: (-1.919, -3.804, 0.015)
[trajectory_generator_node-6] [smoothTopoPath]   out[1]: (-5.903, -1.079, 0.033)
[trajectory_generator_node-6] [smoothTopoPath]   out[2]: (-6.235, -0.279, 0.015)
[trajectory_generator_node-6] [smoothTopoPath]   out[3]: (-3.719, 2.096, 0.015)
[trajectory_generator_node-6] [DIAG] optimized_path (smoothTopoPath) size: 4
[trajectory_generator_node-6] [DIAG]   opt[0]: (-1.919, -3.804, 0.015)
[trajectory_generator_node-6] [DIAG]   opt[1]: (-5.903, -1.079, 0.033)
[trajectory_generator_node-6] [DIAG]   opt[2]: (-6.235, -0.279, 0.015)
[trajectory_generator_node-6] [DIAG]   opt[3]: (-3.719, 2.096, 0.015)
[trajectory_generator_node-6] optimized_path size: 4
[trajectory_generator_node-6] [Manager] reference_speed: (0.30)
[trajectory_generator_node-6] [LBFGS] search direction d:   0.00671162  -0.00242605   0.00103165 -0.000383772  0.000107056 -9.74519e-06 -1.50815e-05  1.61751e-05 -1.32362e-05  1.46783e-05 -2.71231e-05  6.02485e-05 -0.000127898  0.000243471 -0.000377514  0.000480359  0.000520186   0.00115088  9.99344e-05  -0.00015625  0.000974488 -0.000384192 -0.000393976  0.000219439  6.38436e-05 -0.000452794   0.00100024   -0.0017755   0.00275081  -0.00434658  -0.00390052   0.00215956  -0.00104104  0.000466417 -0.000183648  6.06766e-05 -1.42134e-05  7.39651e-07 -1.19884e-06  1.03165e-05 -3.13524e-05  7.45933e-05 -0.000156717  0.000297404 -0.000474837  0.000613774  -2.8517e-05   0.00124449 -0.000398806 -0.000389853   0.00204575   0.00276895 -0.000883994 -0.000122803  0.000228893 -0.000492958  0.000965103   -0.0016799   0.00259505  -0.00409555  -0.00425541   0.00059034 -0.000125553  1.86971e-06  2.12754e-05 -1.25585e-05  5.73023e-06 -1.86764e-06  3.20513e-07  1.47117e-07 -1.20727e-07 -3.86028e-07  2.79468e-06 -1.07561e-05  3.45857e-05 -0.000105579  3.13351e-07  3.02369e-05 -0.000831696 -0.000314695  -0.00168416  0.000365258 -0.000368721  0.000121321 -5.26457e-05   3.8113e-05 -3.49525e-05  3.00865e-05 -4.75368e-06  0.000634224  -0.00534497
[trajectory_generator_node-6] [Smooth Optimize] MINCO reaches max evaluations: Line search reaches the maximum try number, assumptions not satisfied or precision not achievable.
[trajectory_generator_node-6] [Smooth Optimize] MINCO: cost=1.8 total_T=31.278(init 30.480) max_drift=0.198 max_vel=0.4 segs=31
[trajectory_generator_node-6] [Smooth Resample] resample
[trajectory_generator_node-6] [Smooth Resample] 32 -> 17 waypoints, 16 time segs, max_turn=41.8 deg
[trajectory_generator_node-6] [Manager] optimizer generate time: 0.005165
[trajectory_generator_node-6] [Reference] path size : 17
[trajectory_generator_node-6] [Reference] solvePolyMatrix ENTER: N=16, path_size=17, trap_time_size=16
[trajectory_generator_node-6] [Reference]   path[0]=(-1.9190,-3.8040) path[1]=(-2.4050,-3.4736) t[0]=2.218234 state_vel=(0.0000,0.0000)
[trajectory_generator_node-6] [Reference] banded solve done. b[0]=-0.330544 b[N]=-0.485378 b2[0]=0.224017 b2[N]=-0.457673
[trajectory_generator_node-6] [Reference] solvePolyMatrix EXIT: polyX[0]=[0.029977 -0.165272 -0.000000 -1.919000]
[trajectory_generator_node-6] [Reference] solvePolyMatrix ENTER: N=16, path_size=17, trap_time_size=16
[trajectory_generator_node-6] [Reference]   path[0]=(-1.9190,-3.8040) path[1]=(-2.4050,-3.4736) t[0]=2.440058 state_vel=(0.0000,0.0000)
[trajectory_generator_node-6] [Reference] banded solve done. b[0]=-0.275812 b[N]=-0.404351 b2[0]=0.186943 b2[N]=-0.381158
[trajectory_generator_node-6] [Reference] solvePolyMatrix EXIT: polyX[0]=[0.023062 -0.137906 0.000000 -1.919000]
[trajectory_generator_node-6] [Reference] solvePolyMatrix ENTER: N=16, path_size=17, trap_time_size=16
[trajectory_generator_node-6] [Reference]   path[0]=(-1.9190,-3.8040) path[1]=(-2.4050,-3.4736) t[0]=2.440058 state_vel=(0.0000,0.0000)
[trajectory_generator_node-6] [Reference] banded solve done. b[0]=-0.275812 b[N]=-0.337412 b2[0]=0.186943 b2[N]=-0.317954
[trajectory_generator_node-6] [Reference] solvePolyMatrix EXIT: polyX[0]=[0.023062 -0.137906 0.000000 -1.919000]
[trajectory_generator_node-6] [Reference] solvePolyMatrix ENTER: N=16, path_size=17, trap_time_size=16
[trajectory_generator_node-6] [Reference]   path[0]=(-1.9190,-3.8040) path[1]=(-2.4050,-3.4736) t[0]=2.440058 state_vel=(0.0000,0.0000)
[trajectory_generator_node-6] [Reference] banded solve done. b[0]=-0.275812 b[N]=-0.282070 b2[0]=0.186943 b2[N]=-0.265707
[trajectory_generator_node-6] [Reference] solvePolyMatrix EXIT: polyX[0]=[0.023062 -0.137906 -0.000000 -1.919000]
[trajectory_generator_node-6] [Reference] solvePolyMatrix ENTER: N=16, path_size=17, trap_time_size=16
[trajectory_generator_node-6] [Reference]   path[0]=(-1.9190,-3.8040) path[1]=(-2.4050,-3.4736) t[0]=2.440058 state_vel=(0.0000,0.0000)
[trajectory_generator_node-6] [Reference] banded solve done. b[0]=-0.275812 b[N]=-0.236276 b2[0]=0.186943 b2[N]=-0.222480
[trajectory_generator_node-6] [Reference] solvePolyMatrix EXIT: polyX[0]=[0.023062 -0.137906 -0.000000 -1.919000]
[trajectory_generator_node-6] [INFO] [1790449018.760688517] [trajectory_generation]: FSM published 16 trajectory pieces
[trajectory_tracking_node-8] [WARN] [1790449023.802253005] [trajectory_tracking]: RM_GridMap predicted-path replan requested: collision_samples=0 trajectory_age=5.02
[trajectory_generator_node-6] [Manager REPLAN]  cur position point (X, Y) = (-2.984651, -3.043413), target point (X, Y) = (-3.719000, 2.096000)
[trajectory_generator_node-6] [Manager REPLAN] target_temp (X, Y) = (-3.719000, 2.096000)
[trajectory_generator_node-6] [Manager REPLAN] robot 1.31m from path, full replan
[trajectory_generator_node-6] [Manager] start point, (x, y): (-2.98, -3.04)
[trajectory_generator_node-6] [Manager] receive target, (x, y): (-3.72, 2.10)
[trajectory_generator_node-6] [Topo]: m_graph before num: 1605
[trajectory_generator_node-6] [Topo]: dijkstra time: 0.022050
[trajectory_generator_node-6] [Topo]: topo search time: 0.492303
[trajectory_generator_node-6] [Topo]: m_graph num: 2549
[trajectory_generator_node-6] [DIAG] origin_path (Dijkstra) size: 4
[trajectory_generator_node-6] [DIAG]   origin[0]: (-2.985, -3.043, 0.015)
[trajectory_generator_node-6] [DIAG]   origin[1]: (-5.969, -0.704, 0.015)
[trajectory_generator_node-6] [DIAG]   origin[2]: (-5.769, -0.054, 0.015)
[trajectory_generator_node-6] [DIAG]   origin[3]: (-3.719, 2.096, 0.015)
[trajectory_generator_node-6] [DIAG] lineVisib(start→end DIRECT): false  colli=(-3.22,-1.30)
[trajectory_generator_node-6] [DIAG] direct line: 103 steps, 54 wall cells
[trajectory_generator_node-6] [smoothTopoPath] INPUT size=4
[trajectory_generator_node-6] [smoothTopoPath]   in[0]: (-2.985, -3.043, 0.015)
[trajectory_generator_node-6] [smoothTopoPath]   in[1]: (-5.969, -0.704, 0.015)
[trajectory_generator_node-6] [smoothTopoPath]   in[2]: (-5.769, -0.054, 0.015)
[trajectory_generator_node-6] [smoothTopoPath]   in[3]: (-3.719, 2.096, 0.015)
[trajectory_generator_node-6] [smoothTopoPath] lineVisib(start→end): false  colli=(-3.22,-1.30)
[trajectory_generator_node-6] [smoothTopoPath] OUTPUT size=4, iter_count=3
[trajectory_generator_node-6] [smoothTopoPath]   out[0]: (-2.985, -3.043, 0.015)
[trajectory_generator_node-6] [smoothTopoPath]   out[1]: (-6.142, -0.890, 0.015)
[trajectory_generator_node-6] [smoothTopoPath]   out[2]: (-6.155, -0.314, 0.015)
[trajectory_generator_node-6] [smoothTopoPath]   out[3]: (-3.719, 2.096, 0.015)
[trajectory_generator_node-6] [DIAG] optimized_path (smoothTopoPath) size: 4
[trajectory_generator_node-6] [DIAG]   opt[0]: (-2.985, -3.043, 0.015)
[trajectory_generator_node-6] [DIAG]   opt[1]: (-6.142, -0.890, 0.015)
[trajectory_generator_node-6] [DIAG]   opt[2]: (-6.155, -0.314, 0.015)
[trajectory_generator_node-6] [DIAG]   opt[3]: (-3.719, 2.096, 0.015)
[trajectory_generator_node-6] optimized_path size: 4
[trajectory_generator_node-6] [Manager] reference_speed: (0.30)
[trajectory_generator_node-6] [LBFGS] search direction d: -2.66331e-05 -3.86939e-05  4.64474e-05 -3.46322e-05  2.23706e-05 -1.70802e-05  2.11068e-05 -3.60007e-05  6.13645e-05 -8.53688e-05  -5.4019e-05   0.00021219 -0.000543192  -0.00011011  -1.6892e-05 -0.000206118  -0.00152647  0.000203628  0.000250708 -0.000306143   0.00036695 -0.000501527  0.000573236 -0.000183413  -0.00155764  2.64081e-05  7.36523e-06 -1.43046e-05  1.14921e-05  -6.4304e-06   1.1301e-06  5.98679e-06 -1.84338e-05  4.02554e-05 -6.80511e-05 -0.000174734   0.00030617 -0.000995577   0.00145904 -0.000367989  -0.00123343  -0.00328084   0.00147545 -0.000303418 -0.000200673  0.000510793 -0.000684375  0.000707558 -0.000268278  -0.00148867   0.00141855 -0.000399525  0.000119637  -3.2471e-05  9.03106e-06 -3.00745e-06    1.974e-06 -3.87325e-06  1.33412e-05 -5.09836e-05  0.000190611 -0.000659214   0.00088933   0.00552031  -0.00543323    0.0209866  -0.00315587   0.00881359  -0.00152967   0.00232708 -0.000762947  0.000452372 -0.000842276   0.00295172  -0.00693724    0.0459358
[trajectory_generator_node-6] [Smooth Optimize] MINCO reaches max evaluations: Line search reaches the maximum try number, assumptions not satisfied or precision not achievable.
[trajectory_generator_node-6] [Smooth Optimize] MINCO: cost=1.8 total_T=27.067(init 25.925) max_drift=0.131 max_vel=0.4 segs=26
[trajectory_generator_node-6] [Smooth Resample] resample
[trajectory_generator_node-6] [Smooth Resample] 27 -> 14 waypoints, 13 time segs, max_turn=46.0 deg
[trajectory_generator_node-6] [Manager] optimizer generate time: 0.008648
[trajectory_generator_node-6] [Reference] path size : 14
[trajectory_generator_node-6] [Reference] solvePolyMatrix ENTER: N=13, path_size=14, trap_time_size=13
[trajectory_generator_node-6] [Reference]   path[0]=(-2.9847,-3.0434) path[1]=(-3.4804,-2.7054) t[0]=2.012734 state_vel=(-0.2358,0.1645)
[trajectory_generator_node-6] [Reference] banded solve done. b[0]=-0.017478 b[N]=-0.180864 b2[0]=0.005398 b2[N]=-0.180979
[trajectory_generator_node-6] [Reference] solvePolyMatrix EXIT: polyX[0]=[0.001738 -0.008739 -0.235767 -2.984651]
[trajectory_generator_node-6] [INFO] [1790449024.325036244] [trajectory_generation]: FSM published 13 trajectory pieces
[trajectory_tracking_node-8] [WARN] [1790449029.353653722] [trajectory_tracking]: RM_GridMap predicted-path replan requested: collision_samples=0 trajectory_age=5.02
[trajectory_generator_node-6] [Manager REPLAN]  cur position point (X, Y) = (-4.216586, -2.174657), target point (X, Y) = (-3.719000, 2.096000)
[trajectory_generator_node-6] [Manager REPLAN] target_temp (X, Y) = (-3.719000, 2.096000)
[trajectory_generator_node-6] [Manager REPLAN] robot 1.51m from path, full replan
[trajectory_generator_node-6] [Manager] start point, (x, y): (-4.22, -2.17)
[trajectory_generator_node-6] [Manager] receive target, (x, y): (-3.72, 2.10)
[trajectory_generator_node-6] [Topo]: m_graph before num: 1605
[trajectory_generator_node-6] [Topo]: dijkstra time: 0.014966
[trajectory_generator_node-6] [Topo]: topo search time: 0.498188
[trajectory_generator_node-6] [Topo]: m_graph num: 2547
[trajectory_generator_node-6] [DIAG] origin_path (Dijkstra) size: 4
[trajectory_generator_node-6] [DIAG]   origin[0]: (-4.217, -2.175, 0.015)
[trajectory_generator_node-6] [DIAG]   origin[1]: (-5.969, -0.704, 0.015)
[trajectory_generator_node-6] [DIAG]   origin[2]: (-5.769, -0.054, 0.015)
[trajectory_generator_node-6] [DIAG]   origin[3]: (-3.719, 2.096, 0.015)
[trajectory_generator_node-6] [DIAG] lineVisib(start→end DIRECT): false  colli=(-4.07,-0.85)
[trajectory_generator_node-6] [DIAG] direct line: 85 steps, 39 wall cells
[trajectory_generator_node-6] [smoothTopoPath] INPUT size=4
[trajectory_generator_node-6] [smoothTopoPath]   in[0]: (-4.217, -2.175, 0.015)
[trajectory_generator_node-6] [smoothTopoPath]   in[1]: (-5.969, -0.704, 0.015)
[trajectory_generator_node-6] [smoothTopoPath]   in[2]: (-5.769, -0.054, 0.015)
[trajectory_generator_node-6] [smoothTopoPath]   in[3]: (-3.719, 2.096, 0.015)
[trajectory_generator_node-6] [smoothTopoPath] lineVisib(start→end): false  colli=(-4.07,-0.85)
[trajectory_generator_node-6] [smoothTopoPath] OUTPUT size=4, iter_count=3
[trajectory_generator_node-6] [smoothTopoPath]   out[0]: (-4.217, -2.175, 0.015)
[trajectory_generator_node-6] [smoothTopoPath]   out[1]: (-6.141, -0.830, 0.015)
[trajectory_generator_node-6] [smoothTopoPath]   out[2]: (-6.144, -0.298, 0.015)
[trajectory_generator_node-6] [smoothTopoPath]   out[3]: (-3.719, 2.096, 0.015)
[trajectory_generator_node-6] [DIAG] optimized_path (smoothTopoPath) size: 4
[trajectory_generator_node-6] [DIAG]   opt[0]: (-4.217, -2.175, 0.015)
[trajectory_generator_node-6] [DIAG]   opt[1]: (-6.141, -0.830, 0.015)
[trajectory_generator_node-6] [DIAG]   opt[2]: (-6.144, -0.298, 0.015)
[trajectory_generator_node-6] [DIAG]   opt[3]: (-3.719, 2.096, 0.015)
[trajectory_generator_node-6] optimized_path size: 4
[trajectory_generator_node-6] [Manager] reference_speed: (0.30)
[trajectory_generator_node-6] [LBFGS] search direction d:  3.01702e-05 -1.76559e-05 -2.20115e-06  4.70333e-05 -0.000128745  0.000878083 -0.000313924  0.000294037  -0.00116739  -0.00052731  0.000649595  0.000226248 -0.000467729  -0.00033637  0.000342267 -0.000308911  0.000174642  0.000189658 -0.000912061   0.00341176  1.98728e-05  1.04467e-06 -3.14161e-05  7.90841e-05 -0.000153362    0.0018155 -0.000373838  0.000383091   0.00156536  -0.00231611  0.000625573  0.000309611 -0.000433614  0.000102891 -5.23928e-05 -5.57051e-05  6.41728e-05  0.000207885 -0.000883053   0.00334269 -1.32088e-06  4.76386e-07 -1.08204e-06  3.32405e-06 -6.91729e-06 -1.24297e-05  3.81334e-05 -8.84138e-05 -0.000454235  0.000416434  -0.00155254  0.000382843 -0.000633468  0.000188708 -0.000191494   7.8097e-05 -4.29584e-05  6.66232e-05 -0.000233572  0.000718782  -0.00475399
[trajectory_generator_node-6] [Smooth Optimize] MINCO reaches max evaluations: Line search reaches the maximum try number, assumptions not satisfied or precision not achievable.
[trajectory_generator_node-6] [Smooth Optimize] MINCO: cost=1.6 total_T=22.155(init 20.823) max_drift=0.097 max_vel=0.3 segs=21
[trajectory_generator_node-6] [Smooth Resample] resample
[trajectory_generator_node-6] [Smooth Resample] 22 -> 12 waypoints, 11 time segs, max_turn=55.5 deg
[trajectory_generator_node-6] [Manager] optimizer generate time: 0.002493
[trajectory_generator_node-6] [Reference] path size : 12
[trajectory_generator_node-6] [Reference] solvePolyMatrix ENTER: N=11, path_size=12, trap_time_size=11
[trajectory_generator_node-6] [Reference]   path[0]=(-4.2166,-2.1747) path[1]=(-4.7082,-1.8308) t[0]=2.000187 state_vel=(-0.2462,0.1710)
[trajectory_generator_node-6] [Reference] banded solve done. b[0]=0.001605 b[N]=-0.133657 b2[0]=-0.000771 b2[N]=-0.130870
[trajectory_generator_node-6] [Reference] solvePolyMatrix EXIT: polyX[0]=[-0.000290 0.000803 -0.246232 -4.216586]
[trajectory_generator_node-6] [INFO] [1790449029.871472021] [trajectory_generation]: FSM published 11 trajectory pieces
[trajectory_tracking_node-8] [WARN] [1790449034.906097945] [trajectory_tracking]: RM_GridMap predicted-path replan requested: collision_samples=0 trajectory_age=5.03
[trajectory_generator_node-6] [Manager REPLAN]  cur position point (X, Y) = (-5.425154, -1.335651), target point (X, Y) = (-3.719000, 2.096000)
[trajectory_generator_node-6] [Manager REPLAN] target_temp (X, Y) = (-3.719000, 2.096000)
[trajectory_generator_node-6] [Manager REPLAN] path safe & target unchanged, re-anchoring from cur pos
[trajectory_generator_node-6] [LBFGS] search direction d:   0.00107685   0.00190839   0.00036109 -6.52284e-05  1.30484e-05  6.93397e-06  -0.00107019  -0.00103743 -9.94102e-05  6.34648e-05  1.76488e-05 -0.000105416  0.000153222 -0.000189673  -0.00170104  -0.00060039   -0.0022595 -0.000416558 -0.000334171   -8.984e-05  0.000136379  0.000169568 -0.000208137 -0.000146956  6.97547e-05  2.16541e-05 -0.000108524   0.00015672  -0.00019585  -0.00165225  -0.00122935   0.00189185   0.00287419  0.000352512  0.000925999   0.00713167  -0.00146836   0.00122545 -0.000447603  0.000233639 -6.01697e-05 -6.94812e-05  0.000241014 -6.23734e-05  -0.00361138    0.0330433
[trajectory_generator_node-6] [Smooth Optimize] MINCO reaches max evaluations: Line search reaches the maximum try number, assumptions not satisfied or precision not achievable.
[trajectory_generator_node-6] [Smooth Optimize] MINCO: cost=2.6 total_T=15.661(init 15.420) max_drift=0.168 max_vel=0.4 segs=16
[trajectory_generator_node-6] [Smooth Resample] resample
[trajectory_generator_node-6] [Smooth Resample] 17 -> 9 waypoints, 8 time segs, max_turn=57.6 deg
[trajectory_generator_node-6] [Reference] path size : 9
[trajectory_generator_node-6] [Reference] solvePolyMatrix ENTER: N=8, path_size=9, trap_time_size=8
[trajectory_generator_node-6] [Reference]   path[0]=(-5.4252,-1.3357) path[1]=(-5.8563,-0.9363) t[0]=2.005261 state_vel=(-0.2495,0.1577)
[trajectory_generator_node-6] [Reference] banded solve done. b[0]=0.056756 b[N]=-0.406288 b2[0]=0.073576 b2[N]=-0.400655
[trajectory_generator_node-6] [Reference] solvePolyMatrix EXIT: polyX[0]=[-0.005577 0.028378 -0.249466 -5.425154]
[trajectory_generator_node-6] [Reference] solvePolyMatrix ENTER: N=8, path_size=9, trap_time_size=8
[trajectory_generator_node-6] [Reference]   path[0]=(-5.4252,-1.3357) path[1]=(-5.8563,-0.9363) t[0]=2.005261 state_vel=(-0.2495,0.1577)
[trajectory_generator_node-6] [Reference] banded solve done. b[0]=0.056747 b[N]=-0.338468 b2[0]=0.073566 b2[N]=-0.333746
[trajectory_generator_node-6] [Reference] solvePolyMatrix EXIT: polyX[0]=[-0.005575 0.028373 -0.249466 -5.425154]
[trajectory_generator_node-6] [Reference] solvePolyMatrix ENTER: N=8, path_size=9, trap_time_size=8
[trajectory_generator_node-6] [Reference]   path[0]=(-5.4252,-1.3357) path[1]=(-5.8563,-0.9363) t[0]=2.005261 state_vel=(-0.2495,0.1577)
[trajectory_generator_node-6] [Reference] banded solve done. b[0]=0.056739 b[N]=-0.282361 b2[0]=0.073559 b2[N]=-0.278396
[trajectory_generator_node-6] [Reference] solvePolyMatrix EXIT: polyX[0]=[-0.005573 0.028370 -0.249466 -5.425154]
[trajectory_generator_node-6] [Reference] solvePolyMatrix ENTER: N=8, path_size=9, trap_time_size=8
[trajectory_generator_node-6] [Reference]   path[0]=(-5.4252,-1.3357) path[1]=(-5.8563,-0.9363) t[0]=2.005261 state_vel=(-0.2495,0.1577)
[trajectory_generator_node-6] [Reference] banded solve done. b[0]=0.056733 b[N]=-0.235913 b2[0]=0.073553 b2[N]=-0.232576
[trajectory_generator_node-6] [Reference] solvePolyMatrix EXIT: polyX[0]=[-0.005571 0.028367 -0.249466 -5.425154]
[trajectory_generator_node-6] [INFO] [1790449034.922227249] [trajectory_generation]: FSM published 8 trajectory pieces
[trajectory_tracking_node-8] [WARN] [1790449039.953647264] [trajectory_tracking]: RM_GridMap predicted-path replan requested: collision_samples=0 trajectory_age=5.02
[trajectory_generator_node-6] [Manager REPLAN]  cur position point (X, Y) = (-6.029784, -0.180031), target point (X, Y) = (-3.719000, 2.096000)
[trajectory_generator_node-6] [Manager REPLAN] target_temp (X, Y) = (-3.719000, 2.096000)
[trajectory_generator_node-6] [Manager REPLAN] path safe & target unchanged, re-anchoring from cur pos
[trajectory_generator_node-6] [LBFGS] search direction d:  2.72104e-05  0.000173046 -7.57701e-05  0.000104185 -2.13736e-05 -5.50527e-05  0.000136903 -0.000166958   0.00015016 -6.62257e-05  3.96766e-05  0.000191326  1.33392e-05  4.93764e-06 -9.07065e-06 -1.01557e-05  5.06187e-05 -6.03534e-05   4.9385e-05 -4.57961e-06  0.000858631   0.00160867  -0.00294898    0.0017647   -0.0011604 -6.57291e-05  0.000840298  -0.00198179   0.00317305  -0.00421353  -0.00268365
[trajectory_generator_node-6] [Smooth Optimize] MINCO reaches max evaluations: Line search reaches the maximum try number, assumptions not satisfied or precision not achievable.
[trajectory_generator_node-6] [Smooth Optimize] MINCO: cost=0.5 total_T=12.046(init 10.812) max_drift=0.096 max_vel=0.4 segs=11
[trajectory_generator_node-6] [Smooth Resample] resample
[trajectory_generator_node-6] [Smooth Resample] 12 -> 7 waypoints, 6 time segs, max_turn=17.1 deg
[trajectory_generator_node-6] [Reference] path size : 7
[trajectory_generator_node-6] [Reference] solvePolyMatrix ENTER: N=6, path_size=7, trap_time_size=6
[trajectory_generator_node-6] [Reference]   path[0]=(-6.0298,-0.1800) path[1]=(-5.6639,0.3072) t[0]=1.946952 state_vel=(0.1557,0.3244)
[trajectory_generator_node-6] [Reference] banded solve done. b[0]=0.032628 b[N]=-0.086624 b2[0]=-0.090114 b2[N]=-0.084645
[trajectory_generator_node-6] [Reference] solvePolyMatrix EXIT: polyX[0]=[0.000113 0.016314 0.155715 -6.029784]
[trajectory_generator_node-6] [INFO] [1790449039.970045367] [trajectory_generation]: FSM published 6 trajectory pieces
[trajectory_tracking_node-8] [WARN] [1790449044.986689012] [trajectory_tracking]: RM_GridMap predicted-path replan requested: collision_samples=0 trajectory_age=5.01
[trajectory_generator_node-6] [Manager REPLAN]  cur position point (X, Y) = (-4.961807, 0.876901), target point (X, Y) = (-3.719000, 2.096000)
[trajectory_generator_node-6] [Manager REPLAN] target_temp (X, Y) = (-3.719000, 2.096000)
[trajectory_generator_node-6] [Manager REPLAN] robot 1.50m from path, full replan
[trajectory_generator_node-6] [Manager] start point, (x, y): (-4.96, 0.88)
[trajectory_generator_node-6] [Manager] receive target, (x, y): (-3.72, 2.10)
[trajectory_generator_node-6] [Topo]: m_graph before num: 1605
[trajectory_generator_node-6] [Topo]: dijkstra time: 0.019235
[trajectory_generator_node-6] [Topo]: topo search time: 0.454062
[trajectory_generator_node-6] [Topo]: m_graph num: 2538
[trajectory_generator_node-6] [DIAG] origin_path (Dijkstra) size: 2
[trajectory_generator_node-6] [DIAG]   origin[0]: (-4.962, 0.877, 0.015)
[trajectory_generator_node-6] [DIAG]   origin[1]: (-3.719, 2.096, 0.015)
[trajectory_generator_node-6] [DIAG] lineVisib(start→end DIRECT): TRUE(!!)  colli=(-4.96,0.88)
[trajectory_generator_node-6] [DIAG] direct line: 34 steps, 0 wall cells
[trajectory_generator_node-6] [smoothTopoPath] INPUT size=2
[trajectory_generator_node-6] [smoothTopoPath]   in[0]: (-4.962, 0.877, 0.015)
[trajectory_generator_node-6] [smoothTopoPath]   in[1]: (-3.719, 2.096, 0.015)
[trajectory_generator_node-6] [smoothTopoPath] lineVisib(start→end): TRUE(!)  colli=(0.00,0.00)
[trajectory_generator_node-6] [smoothTopoPath] OUTPUT size=2, iter_count=1
[trajectory_generator_node-6] [smoothTopoPath]   out[0]: (-4.962, 0.877, 0.015)
[trajectory_generator_node-6] [smoothTopoPath]   out[1]: (-3.719, 2.096, 0.015)
[trajectory_generator_node-6] [DIAG] optimized_path (smoothTopoPath) size: 2
[trajectory_generator_node-6] [DIAG]   opt[0]: (-4.962, 0.877, 0.015)
[trajectory_generator_node-6] [DIAG]   opt[1]: (-3.719, 2.096, 0.015)
[trajectory_generator_node-6] optimized_path size: 2
[trajectory_generator_node-6] [Manager] reference_speed: (0.30)
[trajectory_generator_node-6] [Smooth Optimize] MINCO Optimization Success: Success: met stopping criteria (past f decrease less than delta).
[trajectory_generator_node-6] [Smooth Optimize] MINCO: cost=0.0 total_T=7.095(init 5.803) max_drift=0.001 max_vel=0.3 segs=6
[trajectory_generator_node-6] [Smooth Resample] resample
[trajectory_generator_node-6] [Smooth Resample] 7 -> 4 waypoints, 3 time segs, max_turn=0.1 deg
[trajectory_generator_node-6] [Manager] optimizer generate time: 0.000707
[trajectory_generator_node-6] [Reference] path size : 4
[trajectory_generator_node-6] [Reference] solvePolyMatrix ENTER: N=3, path_size=4, trap_time_size=3
[trajectory_generator_node-6] [Reference]   path[0]=(-4.9618,0.8769) path[1]=(-4.5331,1.2969) t[0]=2.164842 state_vel=(0.1981,0.2061)
[trajectory_generator_node-6] [Reference] banded solve done. b[0]=-0.015621 b[N]=-0.111142 b2[0]=-0.034915 b2[N]=-0.108219
[trajectory_generator_node-6] [Reference] solvePolyMatrix EXIT: polyX[0]=[0.003588 -0.007811 0.198132 -4.961807]
[trajectory_generator_node-6] [INFO] [1790449045.457331237] [trajectory_generation]: FSM published 3 trajectory pieces
[trajectory_tracking_node-8] [WARN] [1790449050.480210236] [trajectory_tracking]: RM_GridMap predicted-path replan requested: collision_samples=0 trajectory_age=5.02
[trajectory_generator_node-6] [Manager REPLAN]  cur position point (X, Y) = (-3.943265, 1.903952), target point (X, Y) = (-3.719000, 2.096000)
[trajectory_generator_node-6] [Manager REPLAN] target_temp (X, Y) = (-3.719000, 2.096000)
[trajectory_generator_node-6] [Manager REPLAN] path safe & target unchanged, re-anchoring from cur pos
[trajectory_generator_node-6] [Smooth Path] path.size()<3, No need to optimize
[trajectory_generator_node-6] [Smooth Path] path.size()<3, No need to optimize
[trajectory_generator_node-6] [Smooth Resample] resample
[trajectory_generator_node-6] [Smooth Resample] path too short (2 pts), keeping all
[trajectory_generator_node-6] [Reference] path size : 2
[trajectory_generator_node-6] [Reference] path_length: 0.295258
[trajectory_generator_node-6] [Reference] solvePolyMatrix ENTER: N=1, path_size=2, trap_time_size=1
[trajectory_generator_node-6] [Reference]   path[0]=(-3.9433,1.9040) path[1]=(-3.7190,2.0960) t[0]=1.000000 state_vel=(0.1598,0.1585)
[trajectory_generator_node-6] [Reference] banded solve done. b[0]=0.706573 b[N]=-1.026082 b2[0]=0.518463 b2[N]=-0.835376
[trajectory_generator_node-6] [Reference] solvePolyMatrix EXIT: polyX[0]=[-0.288776 0.353287 0.159754 -3.943265]
[trajectory_generator_node-6] [Reference] solvePolyMatrix ENTER: N=1, path_size=2, trap_time_size=1
[trajectory_generator_node-6] [Reference]   path[0]=(-3.9433,1.9040) path[1]=(-3.7190,2.0960) t[0]=1.100000 state_vel=(0.1598,0.1585)
[trajectory_generator_node-6] [Reference] banded solve done. b[0]=0.531134 b[N]=-0.821596 b2[0]=0.376100 b2[N]=-0.664202
[trajectory_generator_node-6] [Reference] solvePolyMatrix EXIT: polyX[0]=[-0.204959 0.265567 0.159754 -3.943265]
[trajectory_generator_node-6] [Reference] solvePolyMatrix ENTER: N=1, path_size=2, trap_time_size=1
[trajectory_generator_node-6] [Reference]   path[0]=(-3.9433,1.9040) path[1]=(-3.7190,2.0960) t[0]=1.210000 state_vel=(0.1598,0.1585)
[trajectory_generator_node-6] [Reference] banded solve done. b[0]=0.390943 b[N]=-0.655000 b2[0]=0.263206 b2[N]=-0.525117
[trajectory_generator_node-6] [Reference] solvePolyMatrix EXIT: polyX[0]=[-0.144069 0.195472 0.159754 -3.943265]
[trajectory_generator_node-6] [Reference] solvePolyMatrix ENTER: N=1, path_size=2, trap_time_size=1
[trajectory_generator_node-6] [Reference]   path[0]=(-3.9433,1.9040) path[1]=(-3.7190,2.0960) t[0]=1.331000 state_vel=(0.1598,0.1585)
[trajectory_generator_node-6] [Reference] banded solve done. b[0]=0.279448 b[N]=-0.519499 b2[0]=0.174235 b2[N]=-0.412336
[trajectory_generator_node-6] [Reference] solvePolyMatrix EXIT: polyX[0]=[-0.100043 0.139724 0.159754 -3.943265]
[trajectory_generator_node-6] [Reference] solvePolyMatrix ENTER: N=1, path_size=2, trap_time_size=1
[trajectory_generator_node-6] [Reference]   path[0]=(-3.9433,1.9040) path[1]=(-3.7190,2.0960) t[0]=1.464100 state_vel=(0.1598,0.1585)
[trajectory_generator_node-6] [Reference] banded solve done. b[0]=0.191271 b[N]=-0.409499 b2[0]=0.104640 b2[N]=-0.321095
[trajectory_generator_node-6] [Reference] solvePolyMatrix EXIT: polyX[0]=[-0.068389 0.095635 0.159754 -3.943265]
[trajectory_generator_node-6] [Reference] solvePolyMatrix ENTER: N=1, path_size=2, trap_time_size=1
[trajectory_generator_node-6] [Reference]   path[0]=(-3.9433,1.9040) path[1]=(-3.7190,2.0960) t[0]=1.610510 state_vel=(0.1598,0.1585)
[trajectory_generator_node-6] [Reference] banded solve done. b[0]=0.122004 b[N]=-0.320394 b2[0]=0.050702 b2[N]=-0.247479
[trajectory_generator_node-6] [Reference] solvePolyMatrix EXIT: polyX[0]=[-0.045782 0.061002 0.159754 -3.943265]
[trajectory_generator_node-6] [Reference] solvePolyMatrix ENTER: N=1, path_size=2, trap_time_size=1
[trajectory_generator_node-6] [Reference]   path[0]=(-3.9433,1.9040) path[1]=(-3.7190,2.0960) t[0]=1.771561 state_vel=(0.1598,0.1585)
[trajectory_generator_node-6] [Reference] banded solve done. b[0]=0.068038 b[N]=-0.248392 b2[0]=0.009377 b2[N]=-0.188266
[trajectory_generator_node-6] [Reference] solvePolyMatrix EXIT: polyX[0]=[-0.029769 0.034019 0.159754 -3.943265]
[trajectory_generator_node-6] [INFO] [1790449050.491012603] [trajectory_generation]: FSM published 1 trajectory pieces
[trajectory_tracking_node-8] [WARN] [1790449052.076825638] [trajectory_tracking]: trajectory tracking stopped: invalid coefficient array length
[trajectory_tracking_node-8] [WARN] [1790449054.170397907] [trajectory_tracking]: trajectory tracking stopped: no valid trajectory
[trajectory_generator_node-6] [INFO] [1790449055.409948870] [trajectory_generation]: FSM accepted manual goal goal=(-3.72, 2.10, 0.02)
[trajectory_generator_node-6] [Manager] start point, (x, y): (-1.92, -3.80)
[trajectory_generator_node-6] [Manager] receive target, (x, y): (-3.72, 2.10)
[trajectory_generator_node-6] [Topo]: m_graph before num: 1605
[trajectory_generator_node-6] [Topo]: dijkstra time: 0.013941
[trajectory_generator_node-6] [Topo]: topo search time: 0.367080
[trajectory_generator_node-6] [Topo]: m_graph num: 2544
[trajectory_generator_node-6] [DIAG] origin_path (Dijkstra) size: 4
[trajectory_generator_node-6] [DIAG]   origin[0]: (-1.919, -3.804, 0.015)
[trajectory_generator_node-6] [DIAG]   origin[1]: (-4.019, -2.304, 0.015)
[trajectory_generator_node-6] [DIAG]   origin[2]: (-6.069, -0.454, 0.015)
[trajectory_generator_node-6] [DIAG]   origin[3]: (-3.719, 2.096, 0.015)
[trajectory_generator_node-6] [DIAG] lineVisib(start→end DIRECT): false  colli=(-2.57,-1.65)
[trajectory_generator_node-6] [DIAG] direct line: 123 steps, 64 wall cells
[trajectory_generator_node-6] [smoothTopoPath] INPUT size=4
[trajectory_generator_node-6] [smoothTopoPath]   in[0]: (-1.919, -3.804, 0.015)
[trajectory_generator_node-6] [smoothTopoPath]   in[1]: (-4.019, -2.304, 0.015)
[trajectory_generator_node-6] [smoothTopoPath]   in[2]: (-6.069, -0.454, 0.015)
[trajectory_generator_node-6] [smoothTopoPath]   in[3]: (-3.719, 2.096, 0.015)
[trajectory_generator_node-6] [smoothTopoPath] lineVisib(start→end): false  colli=(-2.57,-1.65)
[trajectory_generator_node-6] [smoothTopoPath] OUTPUT size=4, iter_count=3
[trajectory_generator_node-6] [smoothTopoPath]   out[0]: (-1.919, -3.804, 0.015)
[trajectory_generator_node-6] [smoothTopoPath]   out[1]: (-5.690, -1.199, 0.015)
[trajectory_generator_node-6] [smoothTopoPath]   out[2]: (-6.253, -0.436, 0.015)
[trajectory_generator_node-6] [smoothTopoPath]   out[3]: (-3.719, 2.096, 0.015)
[trajectory_generator_node-6] [DIAG] optimized_path (smoothTopoPath) size: 4
[trajectory_generator_node-6] [DIAG]   opt[0]: (-1.919, -3.804, 0.015)
[trajectory_generator_node-6] [DIAG]   opt[1]: (-5.690, -1.199, 0.015)
[trajectory_generator_node-6] [DIAG]   opt[2]: (-6.253, -0.436, 0.015)
[trajectory_generator_node-6] [DIAG]   opt[3]: (-3.719, 2.096, 0.015)
[trajectory_generator_node-6] optimized_path size: 4
[trajectory_generator_node-6] [Manager] reference_speed: (0.30)
[trajectory_generator_node-6] [LBFGS] search direction d:  -0.00119654   0.00050264 -0.000255987  0.000113941 -4.25765e-05  1.26798e-05  -2.0908e-06 -9.72223e-07  1.63622e-06 -1.88439e-06  2.60504e-06 -4.88955e-06  1.10726e-05 -1.75083e-05  1.12992e-06  0.000128848  -0.00150146 -0.000912044   -0.0024297   -0.0010401  0.000328121  -0.00292251  0.000127324  6.57181e-05 -8.34151e-05  0.000104978 -0.000158085  0.000228424 -0.000310205  0.000938228 -0.000662069  0.000378857 -0.000196249  9.17613e-05 -3.97234e-05  1.62778e-05 -6.72526e-06   3.5231e-06 -3.40729e-06  5.59015e-06 -1.13711e-05  2.50057e-05 -4.75514e-05  6.18813e-05 -0.000824039 -0.000545948 -0.000219008  -0.00737433  -0.00125765  0.000201345  -0.00163338  0.000184901 -0.000187529  8.14376e-05  1.99026e-05 -0.000118277  0.000209416 -0.000300983     0.004295 -0.000577906  0.000225653 -4.73135e-05   6.5275e-06  1.48161e-06  -1.6949e-06   9.4217e-07 -4.17569e-07  1.72528e-07 -7.25372e-08 -1.13547e-08  3.12671e-07 -6.47523e-07  7.44957e-07  2.51758e-05 -0.000117545  0.000371734 -0.000334409    0.0124465  6.90126e-05  0.000705457 -8.52189e-05  5.02236e-05  -3.0818e-06  1.02477e-05 -5.48339e-05  0.000210334 -0.000430803   0.00239261
[trajectory_generator_node-6] [Smooth Optimize] MINCO reaches max evaluations: Line search reaches the maximum try number, assumptions not satisfied or precision not achievable.
[trajectory_generator_node-6] [Smooth Optimize] MINCO: cost=2.5 total_T=30.285(init 30.129) max_drift=0.196 max_vel=0.5 segs=30
[trajectory_generator_node-6] [Smooth Resample] resample
[trajectory_generator_node-6] [Smooth Resample] 31 -> 16 waypoints, 15 time segs, max_turn=58.8 deg
[trajectory_generator_node-6] [Manager] optimizer generate time: 0.005273
[trajectory_generator_node-6] [Reference] path size : 16
[trajectory_generator_node-6] [Reference] solvePolyMatrix ENTER: N=15, path_size=16, trap_time_size=15
[trajectory_generator_node-6] [Reference]   path[0]=(-1.9190,-3.8040) path[1]=(-2.4193,-3.4554) t[0]=2.031573 state_vel=(0.0000,0.0000)
[trajectory_generator_node-6] [Reference] banded solve done. b[0]=-0.421996 b[N]=-0.310073 b2[0]=0.295446 b2[N]=-0.312689
[trajectory_generator_node-6] [Reference] solvePolyMatrix EXIT: polyX[0]=[0.044193 -0.210998 0.000000 -1.919000]
[trajectory_generator_node-6] [Reference] solvePolyMatrix ENTER: N=15, path_size=16, trap_time_size=15
[trajectory_generator_node-6] [Reference]   path[0]=(-1.9190,-3.8040) path[1]=(-2.4193,-3.4554) t[0]=2.234730 state_vel=(0.0000,0.0000)
[trajectory_generator_node-6] [Reference] banded solve done. b[0]=-0.351582 b[N]=-0.258200 b2[0]=0.246127 b2[N]=-0.260715
[trajectory_generator_node-6] [Reference] solvePolyMatrix EXIT: polyX[0]=[0.033835 -0.175791 0.000000 -1.919000]
[trajectory_generator_node-6] [Reference] solvePolyMatrix ENTER: N=15, path_size=16, trap_time_size=15
[trajectory_generator_node-6] [Reference]   path[0]=(-1.9190,-3.8040) path[1]=(-2.4193,-3.4554) t[0]=2.458203 state_vel=(0.0000,0.0000)
[trajectory_generator_node-6] [Reference] banded solve done. b[0]=-0.293324 b[N]=-0.215297 b2[0]=0.205321 b2[N]=-0.217705
[trajectory_generator_node-6] [Reference] solvePolyMatrix EXIT: polyX[0]=[0.025982 -0.146662 0.000000 -1.919000]
[trajectory_generator_node-6] [Reference] solvePolyMatrix ENTER: N=15, path_size=16, trap_time_size=15
[trajectory_generator_node-6] [Reference]   path[0]=(-1.9190,-3.8040) path[1]=(-2.4193,-3.4554) t[0]=2.704023 state_vel=(0.0000,0.0000)
[trajectory_generator_node-6] [Reference] banded solve done. b[0]=-0.245090 b[N]=-0.215297 b2[0]=0.171536 b2[N]=-0.217705
[trajectory_generator_node-6] [Reference] solvePolyMatrix EXIT: polyX[0]=[0.020015 -0.122545 0.000000 -1.919000]
[trajectory_generator_node-6] [INFO] [1790449055.818904313] [trajectory_generation]: FSM published 15 trajectory pieces
[trajectory_tracking_node-8] [WARN] [1790449060.856199368] [trajectory_tracking]: RM_GridMap predicted-path replan requested: collision_samples=0 trajectory_age=5.02
[trajectory_generator_node-6] [Manager REPLAN]  cur position point (X, Y) = (-2.830953, -3.143387), target point (X, Y) = (-3.719000, 2.096000)
[trajectory_generator_node-6] [Manager REPLAN] target_temp (X, Y) = (-3.719000, 2.096000)
[trajectory_generator_node-6] [Manager REPLAN] robot 1.13m from path, full replan
[trajectory_generator_node-6] [Manager] start point, (x, y): (-2.83, -3.14)
[trajectory_generator_node-6] [Manager] receive target, (x, y): (-3.72, 2.10)
[trajectory_generator_node-6] [Topo]: m_graph before num: 1605
[trajectory_generator_node-6] [Topo]: dijkstra time: 0.021503
[trajectory_generator_node-6] [Topo]: topo search time: 0.400088
[trajectory_generator_node-6] [Topo]: m_graph num: 2554
[trajectory_generator_node-6] [DIAG] origin_path (Dijkstra) size: 4
[trajectory_generator_node-6] [DIAG]   origin[0]: (-2.831, -3.143, 0.015)
[trajectory_generator_node-6] [DIAG]   origin[1]: (-5.719, -0.954, 0.051)
[trajectory_generator_node-6] [DIAG]   origin[2]: (-5.919, -0.254, 0.015)
[trajectory_generator_node-6] [DIAG]   origin[3]: (-3.719, 2.096, 0.015)
[trajectory_generator_node-6] [DIAG] lineVisib(start→end DIRECT): false  colli=(-3.12,-1.35)
[trajectory_generator_node-6] [DIAG] direct line: 106 steps, 55 wall cells
[trajectory_generator_node-6] [smoothTopoPath] INPUT size=4
[trajectory_generator_node-6] [smoothTopoPath]   in[0]: (-2.831, -3.143, 0.015)
[trajectory_generator_node-6] [smoothTopoPath]   in[1]: (-5.719, -0.954, 0.051)
[trajectory_generator_node-6] [smoothTopoPath]   in[2]: (-5.919, -0.254, 0.015)
[trajectory_generator_node-6] [smoothTopoPath]   in[3]: (-3.719, 2.096, 0.015)
[trajectory_generator_node-6] [smoothTopoPath] lineVisib(start→end): false  colli=(-3.12,-1.35)
[trajectory_generator_node-6] [smoothTopoPath] OUTPUT size=7, iter_count=6
[trajectory_generator_node-6] [smoothTopoPath]   out[0]: (-2.831, -3.143, 0.015)
[trajectory_generator_node-6] [smoothTopoPath]   out[1]: (-5.947, -1.044, 0.021)
[trajectory_generator_node-6] [smoothTopoPath]   out[2]: (-5.518, -0.918, 0.015)
[trajectory_generator_node-6] [smoothTopoPath]   out[3]: (-5.750, -1.205, 0.092)
[trajectory_generator_node-6] [smoothTopoPath]   out[4]: (-6.074, -0.778, 0.015)
[trajectory_generator_node-6] [smoothTopoPath]   out[5]: (-6.169, -0.122, 0.015)
[trajectory_generator_node-6] [smoothTopoPath]   out[6]: (-3.719, 2.096, 0.015)
[trajectory_generator_node-6] [DIAG] optimized_path (smoothTopoPath) size: 7
[trajectory_generator_node-6] [DIAG]   opt[0]: (-2.831, -3.143, 0.015)
[trajectory_generator_node-6] [DIAG]   opt[1]: (-5.947, -1.044, 0.021)
[trajectory_generator_node-6] [DIAG]   opt[2]: (-5.518, -0.918, 0.015)
[trajectory_generator_node-6] [DIAG]   opt[3]: (-5.750, -1.205, 0.092)
[trajectory_generator_node-6] [DIAG]   opt[4]: (-6.074, -0.778, 0.015)
[trajectory_generator_node-6] [DIAG]   opt[5]: (-6.169, -0.122, 0.015)
[trajectory_generator_node-6] [DIAG]   opt[6]: (-3.719, 2.096, 0.015)
[trajectory_generator_node-6] optimized_path size: 7
[trajectory_generator_node-6] [Manager] reference_speed: (0.30)
[trajectory_generator_node-6] [LBFGS] search direction d:  -0.00113191  0.000258296 -3.65939e-05 -1.22812e-05  1.35121e-05 -1.47315e-05   3.2288e-05 -8.58378e-05  0.000214988 -0.000467799   0.00051471   0.00301586  -0.00534308  -0.00738751  -0.00204952  0.000625199 -6.66398e-05  0.000955791   0.00151424  0.000731123 -0.000454029   0.00172668 -0.000405757  0.000168838  -4.8255e-05  2.51609e-05 -0.000234202   0.00100261  -0.00305995  0.000729308 -0.000174438   2.7368e-05  7.37093e-06  -5.2258e-06 -1.17485e-05   5.1632e-05 -0.000137282  0.000302629 -0.000581236  0.000969779   -0.0010166    0.0049528  -0.00108618   0.00102541  0.000235721 -0.000828276   0.00231594   0.00233621   0.00131165 -0.000341957 -7.10496e-05 -0.000402715  0.000155123 -2.32866e-05  3.07065e-06 -0.000201425  0.000903923  -0.00276898    0.0200086  -0.00475409   0.00146659 -0.000374794  8.94345e-05 -1.24688e-05 -2.96958e-05  0.000134352 -0.000473707   0.00156992  -0.00320917   0.00242628    0.0120919    0.0607472    0.0367615 -0.000157582  -0.00356857     0.007911  -0.00874571    0.0337034  -0.00590069    0.0107857  -0.00341542   0.00118053 -0.000399348  0.000486399  -0.00156383   0.00565574   -0.0121808    0.0707468
[trajectory_generator_node-6] [Smooth Optimize] MINCO reaches max evaluations: Line search reaches the maximum try number, assumptions not satisfied or precision not achievable.
[trajectory_generator_node-6] [Smooth Optimize] MINCO: cost=1.4 total_T=30.656(init 29.306) max_drift=0.171 max_vel=0.4 segs=30
[trajectory_generator_node-6] [Smooth Resample] resample
[trajectory_generator_node-6] [Smooth Resample] 31 -> 16 waypoints, 15 time segs, max_turn=165.0 deg
[trajectory_generator_node-6] [Manager] optimizer generate time: 0.005003
[trajectory_generator_node-6] [Reference] path size : 16
[trajectory_generator_node-6] [Reference] solvePolyMatrix ENTER: N=15, path_size=16, trap_time_size=15
[trajectory_generator_node-6] [Reference]   path[0]=(-2.8310,-3.1434) path[1]=(-3.3286,-2.8083) t[0]=2.085094 state_vel=(-0.1828,0.1274)
[trajectory_generator_node-6] [Reference] banded solve done. b[0]=-0.088500 b[N]=-0.223385 b2[0]=0.052506 b2[N]=-0.203166
[trajectory_generator_node-6] [Reference] solvePolyMatrix EXIT: polyX[0]=[0.008364 -0.044250 -0.182757 -2.830953]
[trajectory_generator_node-6] [Reference] solvePolyMatrix ENTER: N=15, path_size=16, trap_time_size=15
[trajectory_generator_node-6] [Reference]   path[0]=(-2.8310,-3.1434) path[1]=(-3.3286,-2.8083) t[0]=2.085094 state_vel=(-0.1828,0.1274)
[trajectory_generator_node-6] [Reference] banded solve done. b[0]=-0.088360 b[N]=-0.223394 b2[0]=0.052394 b2[N]=-0.203151
[trajectory_generator_node-6] [Reference] solvePolyMatrix EXIT: polyX[0]=[0.008331 -0.044180 -0.182757 -2.830953]
[trajectory_generator_node-6] [Reference] solvePolyMatrix ENTER: N=15, path_size=16, trap_time_size=15
[trajectory_generator_node-6] [Reference]   path[0]=(-2.8310,-3.1434) path[1]=(-3.3286,-2.8083) t[0]=2.085094 state_vel=(-0.1828,0.1274)
[trajectory_generator_node-6] [Reference] banded solve done. b[0]=-0.088249 b[N]=-0.223401 b2[0]=0.052304 b2[N]=-0.203140
[trajectory_generator_node-6] [Reference] solvePolyMatrix EXIT: polyX[0]=[0.008304 -0.044125 -0.182757 -2.830953]
[trajectory_generator_node-6] [INFO] [1790449061.277730308] [trajectory_generation]: FSM published 15 trajectory pieces
[trajectory_tracking_node-8] [WARN] [1790449066.307464047] [trajectory_tracking]: RM_GridMap predicted-path replan requested: collision_samples=0 trajectory_age=5.01
[trajectory_generator_node-6] [Manager REPLAN]  cur position point (X, Y) = (-4.039857, -2.299739), target point (X, Y) = (-3.719000, 2.096000)
[trajectory_generator_node-6] [Manager REPLAN] target_temp (X, Y) = (-3.719000, 2.096000)
[trajectory_generator_node-6] [Manager REPLAN] robot 1.47m from path, full replan
[trajectory_generator_node-6] [Manager] start point, (x, y): (-4.04, -2.30)
[trajectory_generator_node-6] [Manager] receive target, (x, y): (-3.72, 2.10)
[trajectory_generator_node-6] [Topo]: m_graph before num: 1605
[trajectory_generator_node-6] [Topo]: dijkstra time: 0.021992
[trajectory_generator_node-6] [Topo]: topo search time: 0.477166
[trajectory_generator_node-6] [Topo]: m_graph num: 2541
[trajectory_generator_node-6] [DIAG] origin_path (Dijkstra) size: 4
[trajectory_generator_node-6] [DIAG]   origin[0]: (-4.040, -2.300, 0.015)
[trajectory_generator_node-6] [DIAG]   origin[1]: (-5.969, -0.704, 0.015)
[trajectory_generator_node-6] [DIAG]   origin[2]: (-5.769, -0.054, 0.015)
[trajectory_generator_node-6] [DIAG]   origin[3]: (-3.719, 2.096, 0.015)
[trajectory_generator_node-6] [DIAG] lineVisib(start→end DIRECT): false  colli=(-3.92,-0.95)
[trajectory_generator_node-6] [DIAG] direct line: 88 steps, 41 wall cells
[trajectory_generator_node-6] [smoothTopoPath] INPUT size=4
[trajectory_generator_node-6] [smoothTopoPath]   in[0]: (-4.040, -2.300, 0.015)
[trajectory_generator_node-6] [smoothTopoPath]   in[1]: (-5.969, -0.704, 0.015)
[trajectory_generator_node-6] [smoothTopoPath]   in[2]: (-5.769, -0.054, 0.015)
[trajectory_generator_node-6] [smoothTopoPath]   in[3]: (-3.719, 2.096, 0.015)
[trajectory_generator_node-6] [smoothTopoPath] lineVisib(start→end): false  colli=(-3.92,-0.95)
[trajectory_generator_node-6] [smoothTopoPath] OUTPUT size=4, iter_count=3
[trajectory_generator_node-6] [smoothTopoPath]   out[0]: (-4.040, -2.300, 0.015)
[trajectory_generator_node-6] [smoothTopoPath]   out[1]: (-6.139, -0.832, 0.015)
[trajectory_generator_node-6] [smoothTopoPath]   out[2]: (-6.146, -0.299, 0.015)
[trajectory_generator_node-6] [smoothTopoPath]   out[3]: (-3.719, 2.096, 0.015)
[trajectory_generator_node-6] [DIAG] optimized_path (smoothTopoPath) size: 4
[trajectory_generator_node-6] [DIAG]   opt[0]: (-4.040, -2.300, 0.015)
[trajectory_generator_node-6] [DIAG]   opt[1]: (-6.139, -0.832, 0.015)
[trajectory_generator_node-6] [DIAG]   opt[2]: (-6.146, -0.299, 0.015)
[trajectory_generator_node-6] [DIAG]   opt[3]: (-3.719, 2.096, 0.015)
[trajectory_generator_node-6] optimized_path size: 4
[trajectory_generator_node-6] [Manager] reference_speed: (0.30)
[trajectory_generator_node-6] [LBFGS] search direction d: -8.00404e-06  3.79632e-06  -3.1101e-06  7.36089e-06 -1.90145e-05  2.72243e-05 -0.000168555  8.50311e-05 -0.000196465  0.000347017  -2.7434e-05  8.65241e-05 -0.000196142 -0.000316292 -0.000326464  0.000211904  -0.00016857  0.000187083 -0.000245165  0.000490492  -0.00146978  1.02397e-05  -2.1555e-06  1.06461e-06  1.84538e-06 -1.15234e-05  1.37074e-05 -0.000304936 -7.18716e-06 -0.000143735  1.22722e-05 -0.000105239  0.000211108 -0.000138259   1.9441e-05 -0.000234452  0.000142428 -0.000134853   0.00017641 -0.000245457  0.000492766  -0.00146364  0.000114708 -3.27727e-05  1.02501e-05 -5.51574e-06  1.37425e-05 -2.42134e-05  0.000139444 -0.000337434  0.000599722   0.00114684  -0.00131505   0.00648324  -0.00223876    0.0022434 -0.000955046  0.000638907 -0.000217945  5.07069e-05  -3.0444e-05  0.000606094  -0.00380211    0.0305189
[trajectory_generator_node-6] [Smooth Optimize] MINCO reaches max evaluations: Line search reaches the maximum try number, assumptions not satisfied or precision not achievable.
[trajectory_generator_node-6] [Smooth Optimize] MINCO: cost=1.3 total_T=22.551(init 21.502) max_drift=0.139 max_vel=0.4 segs=22
[trajectory_generator_node-6] [Smooth Resample] resample
[trajectory_generator_node-6] [Smooth Resample] 23 -> 12 waypoints, 11 time segs, max_turn=41.7 deg
[trajectory_generator_node-6] [Manager] optimizer generate time: 0.002530
[trajectory_generator_node-6] [Reference] path size : 12
[trajectory_generator_node-6] [Reference] solvePolyMatrix ENTER: N=11, path_size=12, trap_time_size=11
[trajectory_generator_node-6] [Reference]   path[0]=(-4.0399,-2.2997) path[1]=(-4.5316,-1.9560) t[0]=2.002303 state_vel=(-0.2455,0.1685)
[trajectory_generator_node-6] [Reference] banded solve done. b[0]=0.001269 b[N]=-0.177081 b2[0]=0.005919 b2[N]=-0.174753
[trajectory_generator_node-6] [Reference] solvePolyMatrix EXIT: polyX[0]=[-0.000341 0.000634 -0.245501 -4.039857]
[trajectory_generator_node-6] [INFO] [1790449066.820439017] [trajectory_generation]: FSM published 11 trajectory pieces
[trajectory_tracking_node-8] [WARN] [1790449071.856126329] [trajectory_tracking]: RM_GridMap predicted-path replan requested: collision_samples=0 trajectory_age=5.03
[trajectory_generator_node-6] [Manager REPLAN]  cur position point (X, Y) = (-5.248530, -1.440086), target point (X, Y) = (-3.719000, 2.096000)
[trajectory_generator_node-6] [Manager REPLAN] target_temp (X, Y) = (-3.719000, 2.096000)
[trajectory_generator_node-6] [Manager REPLAN] robot 1.08m from path, full replan
[trajectory_generator_node-6] [Manager] start point, (x, y): (-5.25, -1.44)
[trajectory_generator_node-6] [Manager] receive target, (x, y): (-3.72, 2.10)
[trajectory_generator_node-6] [Topo]: m_graph before num: 1605
[trajectory_generator_node-6] [Topo]: dijkstra time: 0.028701
[trajectory_generator_node-6] [Topo]: topo search time: 0.552472
[trajectory_generator_node-6] [Topo]: m_graph num: 2539
[trajectory_generator_node-6] [DIAG] origin_path (Dijkstra) size: 4
[trajectory_generator_node-6] [DIAG]   origin[0]: (-5.249, -1.440, 0.015)
[trajectory_generator_node-6] [DIAG]   origin[1]: (-5.719, -0.954, 0.051)
[trajectory_generator_node-6] [DIAG]   origin[2]: (-5.919, -0.254, 0.015)
[trajectory_generator_node-6] [DIAG]   origin[3]: (-3.719, 2.096, 0.015)
[trajectory_generator_node-6] [DIAG] lineVisib(start→end DIRECT): false  colli=(-4.97,-0.75)
[trajectory_generator_node-6] [DIAG] direct line: 77 steps, 18 wall cells
[trajectory_generator_node-6] [smoothTopoPath] INPUT size=4
[trajectory_generator_node-6] [smoothTopoPath]   in[0]: (-5.249, -1.440, 0.015)
[trajectory_generator_node-6] [smoothTopoPath]   in[1]: (-5.719, -0.954, 0.051)
[trajectory_generator_node-6] [smoothTopoPath]   in[2]: (-5.919, -0.254, 0.015)
[trajectory_generator_node-6] [smoothTopoPath]   in[3]: (-3.719, 2.096, 0.015)
[trajectory_generator_node-6] [smoothTopoPath] lineVisib(start→end): false  colli=(-4.97,-0.75)
[trajectory_generator_node-6] [smoothTopoPath] stuck detected, skipping to topo[2]
[trajectory_generator_node-6] [smoothTopoPath] stuck detected, skipping to topo[3]
[trajectory_generator_node-6] [smoothTopoPath] OUTPUT size=8, iter_count=7
[trajectory_generator_node-6] [smoothTopoPath]   out[0]: (-5.249, -1.440, 0.015)
[trajectory_generator_node-6] [smoothTopoPath]   out[1]: (-6.011, -0.945, 0.015)
[trajectory_generator_node-6] [smoothTopoPath]   out[2]: (-5.590, -0.999, 0.015)
[trajectory_generator_node-6] [smoothTopoPath]   out[3]: (-5.919, -0.254, 0.015)
[trajectory_generator_node-6] [smoothTopoPath]   out[4]: (-6.104, -0.012, 0.015)
[trajectory_generator_node-6] [smoothTopoPath]   out[5]: (-6.090, -0.437, 0.015)
[trajectory_generator_node-6] [smoothTopoPath]   out[6]: (-3.719, 2.096, 0.015)
[trajectory_generator_node-6] [smoothTopoPath]   out[7]: (-3.719, 2.096, 0.015)
[trajectory_generator_node-6] [DIAG] optimized_path (smoothTopoPath) size: 8
[trajectory_generator_node-6] [DIAG]   opt[0]: (-5.249, -1.440, 0.015)
[trajectory_generator_node-6] [DIAG]   opt[1]: (-6.011, -0.945, 0.015)
[trajectory_generator_node-6] [DIAG]   opt[2]: (-5.590, -0.999, 0.015)
[trajectory_generator_node-6] [DIAG]   opt[3]: (-5.919, -0.254, 0.015)
[trajectory_generator_node-6] [DIAG]   opt[4]: (-6.104, -0.012, 0.015)
[trajectory_generator_node-6] [DIAG]   opt[5]: (-6.090, -0.437, 0.015)
[trajectory_generator_node-6] [DIAG]   opt[6]: (-3.719, 2.096, 0.015)
[trajectory_generator_node-6] [DIAG]   opt[7]: (-3.719, 2.096, 0.015)
[trajectory_generator_node-6] [Manager] reference_speed: (0.30)
[trajectory_generator_node-6] optimized_path size: 8
[trajectory_generator_node-6] [LBFGS] search direction d:     1.96e-05  1.75598e-05  7.40084e-05 -0.000540049 -0.000264998 -7.96981e-05 -0.000179784  3.60518e-05 -0.000343036  -0.00181332 -7.38081e-05  0.000598834 -1.09585e-05  8.62244e-05 -2.16298e-05  6.16919e-06 -4.51632e-06  -3.7847e-06  4.91686e-05 -0.000205964 -4.24205e-05 -3.64216e-05  5.98059e-05 -0.000104076  0.000861599  -0.00131749 -0.000484428  0.000869922 -0.000620162   -0.0071594 -8.58283e-05   0.00039219 -0.000105695  3.07528e-05  1.21026e-05  -5.7916e-06  6.55908e-07 -7.52891e-06  5.47538e-05 -0.000221497   0.00019278  -0.00029099  0.000971007   0.00106997   0.00025526  0.000390211 -0.000262923  0.000709836   0.00262736   0.00106866  6.87048e-05 -0.000190203    0.0003459 -9.42858e-05  7.56495e-05 -1.52709e-05  7.62679e-06 -3.59353e-05  0.000140342 -0.000328212   0.00202037
[trajectory_generator_node-6] [Smooth Optimize] MINCO reaches max evaluations: Line search reaches the maximum try number, assumptions not satisfied or precision not achievable.
[trajectory_generator_node-6] [Smooth Optimize] MINCO: cost=5.7 total_T=19.999(init 19.700) max_drift=0.214 max_vel=0.5 segs=21
[trajectory_generator_node-6] [Smooth Resample] resample
[trajectory_generator_node-6] [Smooth Resample] 22 -> 12 waypoints, 11 time segs, max_turn=166.2 deg
[trajectory_generator_node-6] [Manager] optimizer generate time: 0.003945
[trajectory_generator_node-6] [Reference] path size : 12
[trajectory_generator_node-6] [Reference] solvePolyMatrix ENTER: N=11, path_size=12, trap_time_size=11
[trajectory_generator_node-6] [Reference]   path[0]=(-5.2485,-1.4401) path[1]=(-5.7758,-1.1239) t[0]=1.998450 state_vel=(-0.2400,0.1669)
[trajectory_generator_node-6] [Reference] banded solve done. b[0]=-0.179405 b[N]=-0.497548 b2[0]=0.066471 b2[N]=-0.530916
[trajectory_generator_node-6] [Reference] solvePolyMatrix EXIT: polyX[0]=[0.038913 -0.089703 -0.239967 -5.248530]
[trajectory_generator_node-6] [Reference] solvePolyMatrix ENTER: N=11, path_size=12, trap_time_size=11
[trajectory_generator_node-6] [Reference]   path[0]=(-5.2485,-1.4401) path[1]=(-5.7758,-1.1239) t[0]=1.998450 state_vel=(-0.2400,0.1669)
[trajectory_generator_node-6] [Reference] banded solve done. b[0]=-0.176337 b[N]=-0.413838 b2[0]=0.061980 b2[N]=-0.441737
[trajectory_generator_node-6] [Reference] solvePolyMatrix EXIT: polyX[0]=[0.038146 -0.088168 -0.239967 -5.248530]
[trajectory_generator_node-6] [Reference] solvePolyMatrix ENTER: N=11, path_size=12, trap_time_size=11
[trajectory_generator_node-6] [Reference]   path[0]=(-5.2485,-1.4401) path[1]=(-5.7758,-1.1239) t[0]=1.998450 state_vel=(-0.2400,0.1669)
[trajectory_generator_node-6] [Reference] banded solve done. b[0]=-0.173579 b[N]=-0.344625 b2[0]=0.058026 b2[N]=-0.367996
[trajectory_generator_node-6] [Reference] solvePolyMatrix EXIT: polyX[0]=[0.037456 -0.086790 -0.239967 -5.248530]
[trajectory_generator_node-6] [Reference] solvePolyMatrix ENTER: N=11, path_size=12, trap_time_size=11
[trajectory_generator_node-6] [Reference]   path[0]=(-5.2485,-1.4401) path[1]=(-5.7758,-1.1239) t[0]=1.998450 state_vel=(-0.2400,0.1669)
[trajectory_generator_node-6] [Reference] banded solve done. b[0]=-0.173366 b[N]=-0.287368 b2[0]=0.058715 b2[N]=-0.306988
[trajectory_generator_node-6] [Reference] solvePolyMatrix EXIT: polyX[0]=[0.037402 -0.086683 -0.239967 -5.248530]
[trajectory_generator_node-6] [Reference] solvePolyMatrix ENTER: N=11, path_size=12, trap_time_size=11
[trajectory_generator_node-6] [Reference]   path[0]=(-5.2485,-1.4401) path[1]=(-5.7758,-1.1239) t[0]=1.998450 state_vel=(-0.2400,0.1669)
[trajectory_generator_node-6] [Reference] banded solve done. b[0]=-0.173154 b[N]=-0.239974 b2[0]=0.059267 b2[N]=-0.256481
[trajectory_generator_node-6] [Reference] solvePolyMatrix EXIT: polyX[0]=[0.037349 -0.086577 -0.239967 -5.248530]
[trajectory_generator_node-6] [Reference] solvePolyMatrix ENTER: N=11, path_size=12, trap_time_size=11
[trajectory_generator_node-6] [Reference]   path[0]=(-5.2485,-1.4401) path[1]=(-5.7758,-1.1239) t[0]=1.998450 state_vel=(-0.2400,0.1669)
[trajectory_generator_node-6] [Reference] banded solve done. b[0]=-0.173154 b[N]=-0.200807 b2[0]=0.059267 b2[N]=-0.214636
[trajectory_generator_node-6] [Reference] solvePolyMatrix EXIT: polyX[0]=[0.037349 -0.086577 -0.239967 -5.248530]
[trajectory_generator_node-6] [INFO] [1790449072.440284736] [trajectory_generation]: FSM published 11 trajectory pieces
[trajectory_generator_node-6] [A Star] find collision pos: -5.841646 -0.429265
[trajectory_generator_node-6] [A Star] find start pos: -5.590247 -0.998877
[trajectory_generator_node-6] [A Star] find collision pos: -5.841646 -0.429265
[trajectory_generator_node-6] [A Star] find start pos: -5.590247 -0.998877
[trajectory_generator_node-6] [A Star] find collision pos: -5.841646 -0.429265
[trajectory_generator_node-6] [A Star] find start pos: -5.590247 -0.998877
[trajectory_generator_node-6] [A Star] find collision pos: -5.841646 -0.429265
[trajectory_generator_node-6] [A Star] find start pos: -5.590247 -0.998877
[trajectory_generator_node-6] [A Star] find collision pos: -5.841646 -0.429265
[trajectory_generator_node-6] [A Star] find start pos: -5.590247 -0.998877
[trajectory_generator_node-6] [A Star] find collision pos: -5.841646 -0.429265
[trajectory_generator_node-6] [A Star] find start pos: -5.590247 -0.998877
[trajectory_generator_node-6] [A Star] find collision pos: -5.841646 -0.429265
[trajectory_generator_node-6] [A Star] find start pos: -5.590247 -0.998877
[trajectory_generator_node-6] [A Star] find collision pos: -5.841646 -0.429265
[trajectory_generator_node-6] [A Star] find start pos: -5.590247 -0.998877
[trajectory_generator_node-6] [A Star] find collision pos: -5.841646 -0.429265
[trajectory_generator_node-6] [A Star] find start pos: -5.590247 -0.998877
[trajectory_generator_node-6] [Manager REPLAN]  cur position point (X, Y) = (-5.587624, -1.226850), target point (X, Y) = (-3.719000, 2.096000)
[trajectory_generator_node-6] [Manager REPLAN] target_temp (X, Y) = (-3.719000, 2.096000)
[trajectory_generator_node-6] [A Star] find collision pos: -5.841646 -0.429265
[trajectory_generator_node-6] [A Star] find start pos: -5.590247 -0.998877
[trajectory_generator_node-6] [Manager REPLAN] start local planning
[trajectory_generator_node-6] [Topo Local]: complete sample
[trajectory_generator_node-6] [Topo Local]: sample time: 0.186895
[trajectory_generator_node-6] [Manager Local] local path find! size is 3
[trajectory_generator_node-6] [smoothTopoPath] INPUT size=7
[trajectory_generator_node-6] [smoothTopoPath]   in[0]: (-5.588, -1.227, 0.015)
[trajectory_generator_node-6] [smoothTopoPath]   in[1]: (-5.919, -0.604, 0.015)
[trajectory_generator_node-6] [smoothTopoPath]   in[2]: (-5.919, -0.254, 0.015)
[trajectory_generator_node-6] [smoothTopoPath]   in[3]: (-6.104, -0.012, 0.015)
[trajectory_generator_node-6] [smoothTopoPath]   in[4]: (-6.090, -0.437, 0.015)
[trajectory_generator_node-6] [smoothTopoPath]   in[5]: (-3.719, 2.096, 0.015)
[trajectory_generator_node-6] [smoothTopoPath]   in[6]: (-3.719, 2.096, 0.015)
[trajectory_generator_node-6] [smoothTopoPath] lineVisib(start→end): false  colli=(-5.42,-0.95)
[trajectory_generator_node-6] [smoothTopoPath] OUTPUT size=3, iter_count=2
[trajectory_generator_node-6] [smoothTopoPath]   out[0]: (-5.588, -1.227, 0.015)
[trajectory_generator_node-6] [smoothTopoPath]   out[1]: (-6.290, -0.498, 0.015)
[trajectory_generator_node-6] [smoothTopoPath]   out[2]: (-3.719, 2.096, 0.015)
[trajectory_generator_node-6] [Manager REPLAN] optimized path size is 3
[trajectory_generator_node-6] [LBFGS] search direction d:  -0.00369989 -0.000428774  -0.00143323   0.00192584 -0.000773349  -0.00308072  -0.00188837  7.36637e-05   -0.0040029   0.00165178  0.000190753 -0.000585578 -0.000994394   0.00414265    -0.021559   0.00297291  0.000970902    0.0030866   0.00615037  -0.00231301  -0.00524816  -0.00225995 -0.000796452 -0.000277989  0.000225301  0.000319073 -0.000332865  -0.00123549   0.00431497   -0.0218133     0.016087   -0.0103695    0.0203937     0.018867  -0.00566156    0.0345493   -0.0142584   0.00995637  -0.00359283   0.00179971 -0.000404424  -0.00057368   0.00210283  -0.00187924   -0.0172468     0.182152
[trajectory_generator_node-6] [Smooth Optimize] MINCO reaches max evaluations: Line search reaches the maximum try number, assumptions not satisfied or precision not achievable.
[trajectory_generator_node-6] [Smooth Optimize] MINCO: cost=1.5 total_T=15.478(init 15.283) max_drift=0.150 max_vel=0.5 segs=16
[trajectory_generator_node-6] [Smooth Resample] resample
[trajectory_generator_node-6] [Smooth Resample] 17 -> 9 waypoints, 8 time segs, max_turn=41.2 deg
[trajectory_generator_node-6] [Reference] path size : 9
[trajectory_generator_node-6] [Reference] solvePolyMatrix ENTER: N=8, path_size=9, trap_time_size=8
[trajectory_generator_node-6] [Reference]   path[0]=(-5.5876,-1.2268) path[1]=(-6.0455,-0.8119) t[0]=2.007225 state_vel=(-0.2322,0.1316)
[trajectory_generator_node-6] [Reference] banded solve done. b[0]=-0.060472 b[N]=-0.395187 b2[0]=0.143022 b2[N]=-0.399354
[trajectory_generator_node-6] [Reference] solvePolyMatrix EXIT: polyX[0]=[0.016069 -0.030236 -0.232181 -5.587624]
[trajectory_generator_node-6] [Reference] solvePolyMatrix ENTER: N=8, path_size=9, trap_time_size=8
[trajectory_generator_node-6] [Reference]   path[0]=(-5.5876,-1.2268) path[1]=(-6.0455,-0.8119) t[0]=2.007225 state_vel=(-0.2322,0.1316)
[trajectory_generator_node-6] [Reference] banded solve done. b[0]=-0.060482 b[N]=-0.329149 b2[0]=0.143012 b2[N]=-0.332719
[trajectory_generator_node-6] [Reference] solvePolyMatrix EXIT: polyX[0]=[0.016072 -0.030241 -0.232181 -5.587624]
[trajectory_generator_node-6] [Reference] solvePolyMatrix ENTER: N=8, path_size=9, trap_time_size=8
[trajectory_generator_node-6] [Reference]   path[0]=(-5.5876,-1.2268) path[1]=(-6.0455,-0.8119) t[0]=2.007225 state_vel=(-0.2322,0.1316)
[trajectory_generator_node-6] [Reference] banded solve done. b[0]=-0.060490 b[N]=-0.274526 b2[0]=0.143004 b2[N]=-0.277596
[trajectory_generator_node-6] [Reference] solvePolyMatrix EXIT: polyX[0]=[0.016074 -0.030245 -0.232181 -5.587624]
[trajectory_generator_node-6] [Reference] solvePolyMatrix ENTER: N=8, path_size=9, trap_time_size=8
[trajectory_generator_node-6] [Reference]   path[0]=(-5.5876,-1.2268) path[1]=(-6.0455,-0.8119) t[0]=2.007225 state_vel=(-0.2322,0.1316)
[trajectory_generator_node-6] [Reference] banded solve done. b[0]=-0.060496 b[N]=-0.229315 b2[0]=0.142998 b2[N]=-0.231965
[trajectory_generator_node-6] [Reference] solvePolyMatrix EXIT: polyX[0]=[0.016075 -0.030248 -0.232181 -5.587624]
[trajectory_generator_node-6] [INFO] [1790449073.749929955] [trajectory_generation]: FSM published 8 trajectory pieces
[trajectory_tracking_node-8] [WARN] [1790449078.767644216] [trajectory_tracking]: RM_GridMap predicted-path replan requested: collision_samples=0 trajectory_age=5.01
[trajectory_generator_node-6] [Manager REPLAN]  cur position point (X, Y) = (-5.966306, -0.106973), target point (X, Y) = (-3.719000, 2.096000)
[trajectory_generator_node-6] [Manager REPLAN] target_temp (X, Y) = (-3.719000, 2.096000)
[trajectory_generator_node-6] [Manager REPLAN] path safe & target unchanged, re-anchoring from cur pos
[trajectory_generator_node-6] [LBFGS] search direction d: -0.000224151  6.14989e-05  3.20258e-07  3.74244e-05 -8.56848e-05  7.81052e-05 -5.49385e-05  6.83192e-05 -9.28382e-05 -0.000224863  2.44654e-05  -8.9082e-05  9.17016e-05 -2.60655e-05  1.41821e-05 -2.54981e-05  6.30099e-05 -9.30086e-05  -0.00133771  0.000486558  0.000330817 -4.78971e-05  4.62788e-05  8.03557e-05 -0.000391651   0.00145343  -0.00283227     0.014481
[trajectory_generator_node-6] [Smooth Optimize] MINCO reaches max evaluations: Line search reaches the maximum try number, assumptions not satisfied or precision not achievable.
[trajectory_generator_node-6] [Smooth Optimize] MINCO: cost=0.3 total_T=10.921(init 10.490) max_drift=0.087 max_vel=0.3 segs=10
[trajectory_generator_node-6] [Smooth Resample] resample
[trajectory_generator_node-6] [Smooth Resample] 11 -> 6 waypoints, 5 time segs, max_turn=16.7 deg
[trajectory_generator_node-6] [Reference] path size : 6
[trajectory_generator_node-6] [Reference] solvePolyMatrix ENTER: N=5, path_size=6, trap_time_size=5
[trajectory_generator_node-6] [Reference]   path[0]=(-5.9663,-0.1070) path[1]=(-5.5992,0.3750) t[0]=1.967685 state_vel=(0.1670,0.3003)
[trajectory_generator_node-6] [Reference] banded solve done. b[0]=0.004260 b[N]=-0.214867 b2[0]=-0.060746 b2[N]=-0.213421
[trajectory_generator_node-6] [Reference] solvePolyMatrix EXIT: polyX[0]=[0.003967 0.002130 0.167034 -5.966306]
[trajectory_generator_node-6] [INFO] [1790449078.780162832] [trajectory_generation]: FSM published 5 trajectory pieces
[trajectory_tracking_node-8] [WARN] [1790449083.809993019] [trajectory_tracking]: RM_GridMap predicted-path replan requested: collision_samples=0 trajectory_age=5.02
[trajectory_generator_node-6] [Manager REPLAN]  cur position point (X, Y) = (-4.877431, 0.966060), target point (X, Y) = (-3.719000, 2.096000)
[trajectory_generator_node-6] [Manager REPLAN] target_temp (X, Y) = (-3.719000, 2.096000)
[trajectory_generator_node-6] [Manager REPLAN] robot 1.53m from path, full replan
[trajectory_generator_node-6] [Manager] start point, (x, y): (-4.88, 0.97)
[trajectory_generator_node-6] [Manager] receive target, (x, y): (-3.72, 2.10)
[trajectory_generator_node-6] [Topo]: m_graph before num: 1605
[trajectory_generator_node-6] [Topo]: dijkstra time: 0.021736
[trajectory_generator_node-6] [Topo]: topo search time: 0.497046
[trajectory_generator_node-6] [Topo]: m_graph num: 2536
[trajectory_generator_node-6] [DIAG] origin_path (Dijkstra) size: 2
[trajectory_generator_node-6] [DIAG]   origin[0]: (-4.877, 0.966, 0.015)
[trajectory_generator_node-6] [DIAG]   origin[1]: (-3.719, 2.096, 0.015)
[trajectory_generator_node-6] [DIAG] lineVisib(start→end DIRECT): TRUE(!!)  colli=(-4.88,0.97)
[trajectory_generator_node-6] [DIAG] direct line: 32 steps, 0 wall cells
[trajectory_generator_node-6] [smoothTopoPath] INPUT size=2
[trajectory_generator_node-6] [smoothTopoPath]   in[0]: (-4.877, 0.966, 0.015)
[trajectory_generator_node-6] [smoothTopoPath]   in[1]: (-3.719, 2.096, 0.015)
[trajectory_generator_node-6] [smoothTopoPath] lineVisib(start→end): TRUE(!)  colli=(0.00,0.00)
[trajectory_generator_node-6] [smoothTopoPath] OUTPUT size=2, iter_count=1
[trajectory_generator_node-6] [smoothTopoPath]   out[0]: (-4.877, 0.966, 0.015)
[trajectory_generator_node-6] [smoothTopoPath]   out[1]: (-3.719, 2.096, 0.015)
[trajectory_generator_node-6] [DIAG] optimized_path (smoothTopoPath) size: 2
[trajectory_generator_node-6] [DIAG]   opt[0]: (-4.877, 0.966, 0.015)
[trajectory_generator_node-6] [DIAG]   opt[1]: (-3.719, 2.096, 0.015)
[trajectory_generator_node-6] optimized_path size: 2
[trajectory_generator_node-6] [Manager] reference_speed: (0.30)
[trajectory_generator_node-6] [Smooth Optimize] MINCO Optimization Success: Success: met stopping criteria (past f decrease less than delta).
[trajectory_generator_node-6] [Smooth Optimize] MINCO: cost=0.0 total_T=6.008(init 5.394) max_drift=0.001 max_vel=0.3 segs=5
[trajectory_generator_node-6] [Smooth Resample] resample
[trajectory_generator_node-6] [Smooth Resample] 6 -> 4 waypoints, 3 time segs, max_turn=0.0 deg
[trajectory_generator_node-6] [Manager] optimizer generate time: 0.000542
[trajectory_generator_node-6] [Reference] path size : 4
[trajectory_generator_node-6] [Reference] solvePolyMatrix ENTER: N=3, path_size=4, trap_time_size=3
[trajectory_generator_node-6] [Reference]   path[0]=(-4.8774,0.9661) path[1]=(-4.4475,1.3850) t[0]=2.096546 state_vel=(0.2050,0.2164)
[trajectory_generator_node-6] [Reference] banded solve done. b[0]=-0.009000 b[N]=-0.221973 b2[0]=-0.036633 b2[N]=-0.215485
[trajectory_generator_node-6] [Reference] solvePolyMatrix EXIT: polyX[0]=[0.002159 -0.004500 0.205015 -4.877431]
[trajectory_generator_node-6] [INFO] [1790449084.319888809] [trajectory_generation]: FSM published 3 trajectory pieces
[trajectory_tracking_node-8] [WARN] [1790449089.349623792] [trajectory_tracking]: RM_GridMap predicted-path replan requested: collision_samples=0 trajectory_age=5.01
[trajectory_generator_node-6] [Manager REPLAN]  cur position point (X, Y) = (-3.848313, 1.999069), target point (X, Y) = (-3.719000, 2.096000)
[trajectory_generator_node-6] [Manager REPLAN] target_temp (X, Y) = (-3.719000, 2.096000)
[trajectory_generator_node-6] [Manager REPLAN] path safe & target unchanged, re-anchoring from cur pos
[trajectory_generator_node-6] [Smooth Path] path.size()<3, No need to optimize
[trajectory_generator_node-6] [Smooth Path] path.size()<3, No need to optimize
[trajectory_generator_node-6] [Smooth Resample] resample
[trajectory_generator_node-6] [Smooth Resample] path too short (2 pts), keeping all
[trajectory_generator_node-6] [Reference] path size : 2
[trajectory_generator_node-6] [Reference] path_length: 0.161609
[trajectory_generator_node-6] [Reference] solvePolyMatrix ENTER: N=1, path_size=2, trap_time_size=1
[trajectory_generator_node-6] [Reference]   path[0]=(-3.8483,1.9991) path[1]=(-3.7190,2.0960) t[0]=1.000000 state_vel=(0.1427,0.1407)
[trajectory_generator_node-6] [Reference] banded solve done. b[0]=0.205158 b[N]=-0.490518 b2[0]=0.018658 b2[N]=-0.300121
[trajectory_generator_node-6] [Reference] solvePolyMatrix EXIT: polyX[0]=[-0.115946 0.102579 0.142680 -3.848313]
[trajectory_generator_node-6] [Reference] solvePolyMatrix ENTER: N=1, path_size=2, trap_time_size=1
[trajectory_generator_node-6] [Reference]   path[0]=(-3.8483,1.9991) path[1]=(-3.7190,2.0960) t[0]=1.100000 state_vel=(0.1427,0.1407)
[trajectory_generator_node-6] [Reference] banded solve done. b[0]=0.122385 b[N]=-0.381803 b2[0]=-0.031104 b2[N]=-0.224773
[trajectory_generator_node-6] [Reference] solvePolyMatrix EXIT: polyX[0]=[-0.076392 0.061193 0.142680 -3.848313]
[trajectory_generator_node-6] [Reference] solvePolyMatrix ENTER: N=1, path_size=2, trap_time_size=1
[trajectory_generator_node-6] [Reference]   path[0]=(-3.8483,1.9991) path[1]=(-3.7190,2.0960) t[0]=1.210000 state_vel=(0.1427,0.1407)
[trajectory_generator_node-6] [Reference] banded solve done. b[0]=0.058266 b[N]=-0.294100 b2[0]=-0.067999 b2[N]=-0.164616
[trajectory_generator_node-6] [Reference] solvePolyMatrix EXIT: polyX[0]=[-0.048535 0.029133 0.142680 -3.848313]
[trajectory_generator_node-6] [INFO] [1790449089.368769985] [trajectory_generation]: FSM published 1 trajectory pieces
[trajectory_tracking_node-8] [WARN] [1790449090.354277839] [trajectory_tracking]: trajectory tracking stopped: invalid coefficient array length
[trajectory_tracking_node-8] [WARN] [1790449092.451430988] [trajectory_tracking]: trajectory tracking stopped: no valid trajectory
[trajectory_generator_node-6] [INFO] [1790449093.600115749] [trajectory_generation]: FSM accepted manual goal goal=(-4.72, 1.10, 0.02)
[trajectory_generator_node-6] [Manager] start point, (x, y): (-2.92, -3.10)
[trajectory_generator_node-6] [Manager] receive target, (x, y): (-4.72, 1.10)
[trajectory_generator_node-6] [Topo]: m_graph before num: 1605
[trajectory_generator_node-6] [Topo]: dijkstra time: 0.023290
[trajectory_generator_node-6] [Topo]: topo search time: 0.409698
[trajectory_generator_node-6] [Topo]: m_graph num: 2549
[trajectory_generator_node-6] [DIAG] origin_path (Dijkstra) size: 4
[trajectory_generator_node-6] [DIAG]   origin[0]: (-2.919, -3.104, 0.015)
[trajectory_generator_node-6] [DIAG]   origin[1]: (-5.919, -0.604, 0.015)
[trajectory_generator_node-6] [DIAG]   origin[2]: (-5.769, -0.054, 0.015)
[trajectory_generator_node-6] [DIAG]   origin[3]: (-4.719, 1.096, 0.015)
[trajectory_generator_node-6] [DIAG] lineVisib(start→end DIRECT): false  colli=(-3.82,-1.00)
[trajectory_generator_node-6] [DIAG] direct line: 91 steps, 29 wall cells
[trajectory_generator_node-6] [smoothTopoPath] INPUT size=4
[trajectory_generator_node-6] [smoothTopoPath]   in[0]: (-2.919, -3.104, 0.015)
[trajectory_generator_node-6] [smoothTopoPath]   in[1]: (-5.919, -0.604, 0.015)
[trajectory_generator_node-6] [smoothTopoPath]   in[2]: (-5.769, -0.054, 0.015)
[trajectory_generator_node-6] [smoothTopoPath]   in[3]: (-4.719, 1.096, 0.015)
[trajectory_generator_node-6] [smoothTopoPath] lineVisib(start→end): false  colli=(-3.82,-1.00)
[trajectory_generator_node-6] [smoothTopoPath] stuck detected, skipping to topo[1]
[trajectory_generator_node-6] [smoothTopoPath] OUTPUT size=6, iter_count=5
[trajectory_generator_node-6] [smoothTopoPath]   out[0]: (-2.919, -3.104, 0.015)
[trajectory_generator_node-6] [smoothTopoPath]   out[1]: (-5.685, -1.190, 0.015)
[trajectory_generator_node-6] [smoothTopoPath]   out[2]: (-5.262, -1.151, 0.015)
[trajectory_generator_node-6] [smoothTopoPath]   out[3]: (-5.919, -0.604, 0.015)
[trajectory_generator_node-6] [smoothTopoPath]   out[4]: (-6.182, -0.429, 0.015)
[trajectory_generator_node-6] [smoothTopoPath]   out[5]: (-4.719, 1.096, 0.015)
[trajectory_generator_node-6] [DIAG] optimized_path (smoothTopoPath) size: 6
[trajectory_generator_node-6] [DIAG]   opt[0]: (-2.919, -3.104, 0.015)
[trajectory_generator_node-6] [DIAG]   opt[1]: (-5.685, -1.190, 0.015)
[trajectory_generator_node-6] [DIAG]   opt[2]: (-5.262, -1.151, 0.015)
[trajectory_generator_node-6] [DIAG]   opt[3]: (-5.919, -0.604, 0.015)
[trajectory_generator_node-6] [DIAG]   opt[4]: (-6.182, -0.429, 0.015)
[trajectory_generator_node-6] [DIAG]   opt[5]: (-4.719, 1.096, 0.015)
[trajectory_generator_node-6] optimized_path size: 6
[trajectory_generator_node-6] [Manager] reference_speed: (0.30)
[trajectory_generator_node-6] [LBFGS] search direction d: -0.000389851  0.000135137 -5.21628e-05  8.18359e-06  1.34878e-05  -2.5331e-05  3.64455e-05 -5.56034e-05  0.000100728 -0.000198538  0.000635338 -0.000103749   0.00145346   0.00223096   0.00472408   0.00437931  -0.00194515   0.00154156  -0.00447969  -0.00121841  0.000768314 -0.000266624  0.000581868  0.000270077 -9.40099e-05  3.71272e-05 -7.78092e-06 -5.18185e-06  9.69573e-06 -1.05331e-05  1.01416e-05 -1.40983e-05  3.54328e-05 -0.000154617   0.00459366   0.00367514  -0.00577063   0.00412261  0.000554062  -0.00239666   0.00104186   0.00411899  0.000643293  -0.00229294 -5.83189e-05  0.000135295   0.00220859 -0.000310706  0.000119573 -2.83384e-05  7.71542e-06 -4.03533e-06  8.59794e-06  -2.6093e-05  9.25714e-05 -0.000211602  0.000877877  0.000689786  0.000368223  0.000901154 -0.000109688  0.000369043 -6.04243e-05    0.0115636 -9.83665e-05   0.00030012 -4.70557e-06  2.35617e-05 -0.000287941   0.00277709
[trajectory_generator_node-6] [Smooth Optimize] MINCO reaches max evaluations: Line search reaches the maximum try number, assumptions not satisfied or precision not achievable.
[trajectory_generator_node-6] [Smooth Optimize] MINCO: cost=4.2 total_T=22.817(init 22.304) max_drift=0.191 max_vel=0.5 segs=24
[trajectory_generator_node-6] [Smooth Resample] resample
[trajectory_generator_node-6] [Smooth Resample] 25 -> 13 waypoints, 12 time segs, max_turn=63.8 deg
[trajectory_generator_node-6] [Manager] optimizer generate time: 0.005699
[trajectory_generator_node-6] [Reference] path size : 13
[trajectory_generator_node-6] [Reference] solvePolyMatrix ENTER: N=12, path_size=13, trap_time_size=12
[trajectory_generator_node-6] [Reference]   path[0]=(-2.9190,-3.1040) path[1]=(-3.4192,-2.7578) t[0]=2.047251 state_vel=(0.0000,0.0000)
[trajectory_generator_node-6] [Reference] banded solve done. b[0]=-0.415807 b[N]=-0.395030 b2[0]=0.287506 b2[N]=-0.468406
[trajectory_generator_node-6] [Reference] solvePolyMatrix EXIT: polyX[0]=[0.043259 -0.207904 -0.000000 -2.919000]
[trajectory_generator_node-6] [Reference] solvePolyMatrix ENTER: N=12, path_size=13, trap_time_size=12
[trajectory_generator_node-6] [Reference]   path[0]=(-2.9190,-3.1040) path[1]=(-3.4192,-2.7578) t[0]=2.251976 state_vel=(0.0000,0.0000)
[trajectory_generator_node-6] [Reference] banded solve done. b[0]=-0.346535 b[N]=-0.328122 b2[0]=0.239574 b2[N]=-0.388892
[trajectory_generator_node-6] [Reference] solvePolyMatrix EXIT: polyX[0]=[0.033143 -0.173267 0.000000 -2.919000]
[trajectory_generator_node-6] [Reference] solvePolyMatrix ENTER: N=12, path_size=13, trap_time_size=12
[trajectory_generator_node-6] [Reference]   path[0]=(-2.9190,-3.1040) path[1]=(-3.4192,-2.7578) t[0]=2.477174 state_vel=(0.0000,0.0000)
[trajectory_generator_node-6] [Reference] banded solve done. b[0]=-0.289215 b[N]=-0.272864 b2[0]=0.199915 b2[N]=-0.323145
[trajectory_generator_node-6] [Reference] solvePolyMatrix EXIT: polyX[0]=[0.025471 -0.144607 0.000000 -2.919000]
[trajectory_generator_node-6] [Reference] solvePolyMatrix ENTER: N=12, path_size=13, trap_time_size=12
[trajectory_generator_node-6] [Reference]   path[0]=(-2.9190,-3.1040) path[1]=(-3.4192,-2.7578) t[0]=2.724891 state_vel=(0.0000,0.0000)
[trajectory_generator_node-6] [Reference] banded solve done. b[0]=-0.241752 b[N]=-0.227205 b2[0]=0.167078 b2[N]=-0.268758
[trajectory_generator_node-6] [Reference] solvePolyMatrix EXIT: polyX[0]=[0.019638 -0.120876 0.000000 -2.919000]
[trajectory_generator_node-6] [Reference] solvePolyMatrix ENTER: N=12, path_size=13, trap_time_size=12
[trajectory_generator_node-6] [Reference]   path[0]=(-2.9190,-3.1040) path[1]=(-3.4192,-2.7578) t[0]=2.724891 state_vel=(0.0000,0.0000)
[trajectory_generator_node-6] [Reference] banded solve done. b[0]=-0.241752 b[N]=-0.189453 b2[0]=0.167078 b2[N]=-0.223751
[trajectory_generator_node-6] [Reference] solvePolyMatrix EXIT: polyX[0]=[0.019638 -0.120876 0.000000 -2.919000]
[trajectory_generator_node-6] [INFO] [1790449094.055332201] [trajectory_generation]: FSM published 12 trajectory pieces
[trajectory_generator_node-6] [A Star] find collision pos: -5.590537 -0.877719
[trajectory_generator_node-6] [A Star] find start pos: -5.262075 -1.151438
[trajectory_generator_node-6] [Manager REPLAN]  cur position point (X, Y) = (-2.919000, -3.104000), target point (X, Y) = (-4.719000, 1.096000)
[trajectory_generator_node-6] [Manager REPLAN] target_temp (X, Y) = (-4.719000, 1.096000)
[trajectory_generator_node-6] [A Star] find collision pos: -5.590537 -0.877719
[trajectory_generator_node-6] [A Star] find start pos: -5.262075 -1.151438
[trajectory_generator_node-6] [Manager REPLAN] start local planning
[trajectory_generator_node-6] [Topo Local]: complete sample
[trajectory_generator_node-6] [Topo Local]: sample time: 0.110070
[trajectory_generator_node-6] [Manager Local] local path find! size is 3
[trajectory_generator_node-6] [smoothTopoPath] INPUT size=5
[trajectory_generator_node-6] [smoothTopoPath]   in[0]: (-2.919, -3.104, 0.015)
[trajectory_generator_node-6] [smoothTopoPath]   in[1]: (-5.619, -1.504, 0.015)
[trajectory_generator_node-6] [smoothTopoPath]   in[2]: (-5.919, -0.604, 0.015)
[trajectory_generator_node-6] [smoothTopoPath]   in[3]: (-6.182, -0.429, 0.015)
[trajectory_generator_node-6] [smoothTopoPath]   in[4]: (-4.719, 1.096, 0.015)
[trajectory_generator_node-6] [smoothTopoPath] lineVisib(start→end): false  colli=(-3.82,-1.00)
[trajectory_generator_node-6] [smoothTopoPath] OUTPUT size=9, iter_count=8
[trajectory_generator_node-6] [smoothTopoPath]   out[0]: (-2.919, -3.104, 0.015)
[trajectory_generator_node-6] [smoothTopoPath]   out[1]: (-6.077, -0.931, 0.015)
[trajectory_generator_node-6] [smoothTopoPath]   out[2]: (-6.162, -0.031, 0.015)
[trajectory_generator_node-6] [smoothTopoPath]   out[3]: (-6.447, -0.404, 0.015)
[trajectory_generator_node-6] [smoothTopoPath]   out[4]: (-6.136, -0.692, 0.015)
[trajectory_generator_node-6] [smoothTopoPath]   out[5]: (-6.069, 0.104, 0.015)
[trajectory_generator_node-6] [smoothTopoPath]   out[6]: (-5.851, -0.439, 0.015)
[trajectory_generator_node-6] [smoothTopoPath]   out[7]: (-6.101, -0.096, 0.015)
[trajectory_generator_node-6] [smoothTopoPath]   out[8]: (-4.719, 1.096, 0.015)
[trajectory_generator_node-6] [Manager REPLAN] optimized path size is 9
[trajectory_generator_node-6] [LBFGS] search direction d:  -1.1867e-05  6.42652e-05 -6.76596e-05  4.13926e-05  -1.9607e-05  7.76954e-06 -2.26454e-06 -4.85878e-07  3.00201e-06 -8.36123e-06  2.64364e-05 -6.35406e-05  8.04132e-05   0.00112132  0.000391586  -0.00051944 -0.000622068  -0.00108253  3.81536e-05  -0.00065585  6.99563e-05  0.000202882  0.000484229 -0.000444949 -0.000630586 -0.000236564  0.000870587 -9.45369e-05  9.80171e-05 -9.97426e-05  8.16909e-06 -4.42387e-05  4.65923e-05   -2.856e-05  1.36804e-05 -5.79649e-06  2.55877e-06 -1.69254e-06   1.7139e-06 -1.56065e-06  4.62762e-06 -1.70095e-05  2.49761e-05  0.000419526  3.74119e-05 -0.000113661  0.000172468  0.000575966  2.20179e-05  0.000214551  0.000410532  0.000242662   0.00122566  0.000806286   -0.0017362  8.70632e-05  0.000127657 -0.000870793  0.000145144 -0.000119967   0.00212924 -0.000301856  0.000116914 -2.82617e-05  6.15597e-06 -7.89916e-07  -1.1893e-07  1.30208e-08  5.06947e-07 -1.93846e-06  6.23734e-06  -1.8522e-05   2.3384e-05  2.32149e-05 -5.73384e-05  0.000224925  0.000612942  2.74964e-05  0.000421439  0.000208167   0.00188173  0.000549504  0.000494725  0.000190883  0.000203919   0.00522435 -0.000106227  0.000259574  2.06597e-05 -0.000265028   0.00245154
[trajectory_generator_node-6] [Smooth Optimize] MINCO reaches max evaluations: Line search reaches the maximum try number, assumptions not satisfied or precision not achievable.
[trajectory_generator_node-6] [Smooth Optimize] MINCO: cost=5.9 total_T=28.551(init 28.251) max_drift=0.197 max_vel=0.5 segs=31
[trajectory_generator_node-6] [Smooth Resample] resample
[trajectory_generator_node-6] [Smooth Resample] 32 -> 17 waypoints, 16 time segs, max_turn=162.6 deg
[trajectory_generator_node-6] [Reference] path size : 17
[trajectory_generator_node-6] [Reference] solvePolyMatrix ENTER: N=16, path_size=17, trap_time_size=16
[trajectory_generator_node-6] [Reference]   path[0]=(-2.9190,-3.1040) path[1]=(-3.4199,-2.7593) t[0]=2.036250 state_vel=(0.0000,0.0000)
[trajectory_generator_node-6] [Reference] banded solve done. b[0]=-0.420353 b[N]=-0.636132 b2[0]=0.289376 b2[N]=-0.542510
[trajectory_generator_node-6] [Reference] solvePolyMatrix EXIT: polyX[0]=[0.043891 -0.210177 0.000000 -2.919000]
[trajectory_generator_node-6] [Reference] solvePolyMatrix ENTER: N=16, path_size=17, trap_time_size=16
[trajectory_generator_node-6] [Reference]   path[0]=(-2.9190,-3.1040) path[1]=(-3.4199,-2.7593) t[0]=2.239875 state_vel=(0.0000,0.0000)
[trajectory_generator_node-6] [Reference] banded solve done. b[0]=-0.350210 b[N]=-0.525729 b2[0]=0.241088 b2[N]=-0.448356
[trajectory_generator_node-6] [Reference] solvePolyMatrix EXIT: polyX[0]=[0.033603 -0.175105 -0.000000 -2.919000]
[trajectory_generator_node-6] [Reference] solvePolyMatrix ENTER: N=16, path_size=17, trap_time_size=16
[trajectory_generator_node-6] [Reference]   path[0]=(-2.9190,-3.1040) path[1]=(-3.4199,-2.7593) t[0]=2.463863 state_vel=(0.0000,0.0000)
[trajectory_generator_node-6] [Reference] banded solve done. b[0]=-0.292177 b[N]=-0.437064 b2[0]=0.201137 b2[N]=-0.371430
[trajectory_generator_node-6] [Reference] solvePolyMatrix EXIT: polyX[0]=[0.025804 -0.146088 0.000000 -2.919000]
[trajectory_generator_node-6] [Reference] solvePolyMatrix ENTER: N=16, path_size=17, trap_time_size=16
[trajectory_generator_node-6] [Reference]   path[0]=(-2.9190,-3.1040) path[1]=(-3.4199,-2.7593) t[0]=2.710249 state_vel=(0.0000,0.0000)
[trajectory_generator_node-6] [Reference] banded solve done. b[0]=-0.244131 b[N]=-0.363768 b2[0]=0.168061 b2[N]=-0.307916
[trajectory_generator_node-6] [Reference] solvePolyMatrix EXIT: polyX[0]=[0.019878 -0.122065 0.000000 -2.919000]
[trajectory_generator_node-6] [Reference] solvePolyMatrix ENTER: N=16, path_size=17, trap_time_size=16
[trajectory_generator_node-6] [Reference]   path[0]=(-2.9190,-3.1040) path[1]=(-3.4199,-2.7593) t[0]=2.710249 state_vel=(0.0000,0.0000)
[trajectory_generator_node-6] [Reference] banded solve done. b[0]=-0.244131 b[N]=-0.303152 b2[0]=0.168061 b2[N]=-0.255464
[trajectory_generator_node-6] [Reference] solvePolyMatrix EXIT: polyX[0]=[0.019878 -0.122065 0.000000 -2.919000]
[trajectory_generator_node-6] [Reference] solvePolyMatrix ENTER: N=16, path_size=17, trap_time_size=16
[trajectory_generator_node-6] [Reference]   path[0]=(-2.9190,-3.1040) path[1]=(-3.4199,-2.7593) t[0]=2.710249 state_vel=(0.0000,0.0000)
[trajectory_generator_node-6] [Reference] banded solve done. b[0]=-0.244131 b[N]=-0.252986 b2[0]=0.168061 b2[N]=-0.212129
[trajectory_generator_node-6] [Reference] solvePolyMatrix EXIT: polyX[0]=[0.019878 -0.122065 0.000000 -2.919000]
[trajectory_generator_node-6] [INFO] [1790449094.201986157] [trajectory_generation]: FSM published 16 trajectory pieces
[trajectory_tracking_node-8] [WARN] [1790449099.241143897] [trajectory_tracking]: RM_GridMap predicted-path replan requested: collision_samples=0 trajectory_age=5.02
[trajectory_generator_node-6] [Manager REPLAN]  cur position point (X, Y) = (-3.832589, -2.447763), target point (X, Y) = (-4.719000, 1.096000)
[trajectory_generator_node-6] [Manager REPLAN] target_temp (X, Y) = (-4.719000, 1.096000)
[trajectory_generator_node-6] [Manager REPLAN] robot 1.12m from path, full replan
[trajectory_generator_node-6] [Manager] start point, (x, y): (-3.83, -2.45)
[trajectory_generator_node-6] [Manager] receive target, (x, y): (-4.72, 1.10)
[trajectory_generator_node-6] [Topo]: m_graph before num: 1602
[trajectory_generator_node-6] [Topo]: dijkstra time: 0.015567
[trajectory_generator_node-6] [Topo]: topo search time: 0.502962
[trajectory_generator_node-6] [Topo]: m_graph num: 2547
[trajectory_generator_node-6] [DIAG] origin_path (Dijkstra) size: 4
[trajectory_generator_node-6] [DIAG]   origin[0]: (-3.833, -2.448, 0.015)
[trajectory_generator_node-6] [DIAG]   origin[1]: (-5.969, -0.704, 0.015)
[trajectory_generator_node-6] [DIAG]   origin[2]: (-5.769, -0.054, 0.015)
[trajectory_generator_node-6] [DIAG]   origin[3]: (-4.719, 1.096, 0.015)
[trajectory_generator_node-6] [DIAG] lineVisib(start→end DIRECT): false  colli=(-4.27,-0.75)
[trajectory_generator_node-6] [DIAG] direct line: 73 steps, 21 wall cells
[trajectory_generator_node-6] [smoothTopoPath] INPUT size=4
[trajectory_generator_node-6] [smoothTopoPath]   in[0]: (-3.833, -2.448, 0.015)
[trajectory_generator_node-6] [smoothTopoPath]   in[1]: (-5.969, -0.704, 0.015)
[trajectory_generator_node-6] [smoothTopoPath]   in[2]: (-5.769, -0.054, 0.015)
[trajectory_generator_node-6] [smoothTopoPath]   in[3]: (-4.719, 1.096, 0.015)
[trajectory_generator_node-6] [smoothTopoPath] lineVisib(start→end): false  colli=(-4.27,-0.75)
[trajectory_generator_node-6] [smoothTopoPath] OUTPUT size=4, iter_count=3
[trajectory_generator_node-6] [smoothTopoPath]   out[0]: (-3.833, -2.448, 0.015)
[trajectory_generator_node-6] [smoothTopoPath]   out[1]: (-6.148, -0.885, 0.015)
[trajectory_generator_node-6] [smoothTopoPath]   out[2]: (-6.153, -0.311, 0.015)
[trajectory_generator_node-6] [smoothTopoPath]   out[3]: (-4.719, 1.096, 0.015)
[trajectory_generator_node-6] [DIAG] optimized_path (smoothTopoPath) size: 4
[trajectory_generator_node-6] [DIAG]   opt[0]: (-3.833, -2.448, 0.015)
[trajectory_generator_node-6] [DIAG]   opt[1]: (-6.148, -0.885, 0.015)
[trajectory_generator_node-6] [DIAG]   opt[2]: (-6.153, -0.311, 0.015)
[trajectory_generator_node-6] [DIAG]   opt[3]: (-4.719, 1.096, 0.015)
[trajectory_generator_node-6] optimized_path size: 4
[trajectory_generator_node-6] [Manager] reference_speed: (0.30)
[trajectory_generator_node-6] [LBFGS] search direction d:   0.00119089 -0.000320287  3.90848e-05  4.51629e-05 -4.20927e-05 -1.86405e-05  0.000159953 -0.000322979  0.000267799   0.00012178  0.000480034  -0.00012859  -0.00108629 -4.24249e-05 -0.000162628 -0.000501738    0.0040878 -0.000737482  0.000214121 -5.06154e-05  5.06239e-06  6.99757e-06 -4.64276e-05  0.000182543 -0.000429364  0.000572668 -0.000165187 -0.000350988 -7.86752e-05 -0.000139328 -0.000396926 -0.000920251 -0.000553051   0.00409237   -0.0066384   0.00157472 -0.000487517  0.000125772 -3.83234e-05  3.39929e-05 -9.46927e-05  0.000176562 -0.000521858  -0.00177607  -0.00115773   0.00151279  -0.00801517   0.00331211  -0.00275022  -0.00058624   0.00447645   -0.0419567
[trajectory_generator_node-6] [Smooth Optimize] MINCO reaches max evaluations: Line search reaches the maximum try number, assumptions not satisfied or precision not achievable.
[trajectory_generator_node-6] [Smooth Optimize] MINCO: cost=1.3 total_T=18.985(init 17.769) max_drift=0.147 max_vel=0.4 segs=18
[trajectory_generator_node-6] [Smooth Resample] resample
[trajectory_generator_node-6] [Smooth Resample] 19 -> 10 waypoints, 9 time segs, max_turn=48.1 deg
[trajectory_generator_node-6] [Manager] optimizer generate time: 0.002779
[trajectory_generator_node-6] [Reference] path size : 10
[trajectory_generator_node-6] [Reference] solvePolyMatrix ENTER: N=9, path_size=10, trap_time_size=9
[trajectory_generator_node-6] [Reference]   path[0]=(-3.8326,-2.4478) path[1]=(-4.3289,-2.1130) t[0]=2.097793 state_vel=(-0.1868,0.1309)
[trajectory_generator_node-6] [Reference] banded solve done. b[0]=-0.076927 b[N]=-0.141312 b2[0]=0.044613 b2[N]=-0.176032
[trajectory_generator_node-6] [Reference] solvePolyMatrix EXIT: polyX[0]=[0.007020 -0.038463 -0.186799 -3.832589]
[trajectory_generator_node-6] [INFO] [1790449099.779628229] [trajectory_generation]: FSM published 9 trajectory pieces
[trajectory_tracking_node-8] [WARN] [1790449104.821486629] [trajectory_tracking]: RM_GridMap predicted-path replan requested: collision_samples=0 trajectory_age=5.02
[trajectory_generator_node-6] [Manager REPLAN]  cur position point (X, Y) = (-5.037859, -1.610488), target point (X, Y) = (-4.719000, 1.096000)
[trajectory_generator_node-6] [Manager REPLAN] target_temp (X, Y) = (-4.719000, 1.096000)
[trajectory_generator_node-6] [Manager REPLAN] robot 1.33m from path, full replan
[trajectory_generator_node-6] [Manager] start point, (x, y): (-5.04, -1.61)
[trajectory_generator_node-6] [Manager] receive target, (x, y): (-4.72, 1.10)
[trajectory_generator_node-6] [Topo]: m_graph before num: 1602
[trajectory_generator_node-6] [Topo]: dijkstra time: 0.015042
[trajectory_generator_node-6] [Topo]: topo search time: 0.401484
[trajectory_generator_node-6] [Topo]: m_graph num: 2540
[trajectory_generator_node-6] [DIAG] origin_path (Dijkstra) size: 4
[trajectory_generator_node-6] [DIAG]   origin[0]: (-5.038, -1.610, 0.015)
[trajectory_generator_node-6] [DIAG]   origin[1]: (-5.919, -0.604, 0.015)
[trajectory_generator_node-6] [DIAG]   origin[2]: (-5.769, -0.054, 0.015)
[trajectory_generator_node-6] [DIAG]   origin[3]: (-4.719, 1.096, 0.015)
[trajectory_generator_node-6] [DIAG] lineVisib(start→end DIRECT): false  colli=(-4.92,-0.70)
[trajectory_generator_node-6] [DIAG] direct line: 54 steps, 14 wall cells
[trajectory_generator_node-6] [smoothTopoPath] INPUT size=4
[trajectory_generator_node-6] [smoothTopoPath]   in[0]: (-5.038, -1.610, 0.015)
[trajectory_generator_node-6] [smoothTopoPath]   in[1]: (-5.919, -0.604, 0.015)
[trajectory_generator_node-6] [smoothTopoPath]   in[2]: (-5.769, -0.054, 0.015)
[trajectory_generator_node-6] [smoothTopoPath]   in[3]: (-4.719, 1.096, 0.015)
[trajectory_generator_node-6] [smoothTopoPath] lineVisib(start→end): false  colli=(-4.92,-0.70)
[trajectory_generator_node-6] [smoothTopoPath] OUTPUT size=4, iter_count=3
[trajectory_generator_node-6] [smoothTopoPath]   out[0]: (-5.038, -1.610, 0.015)
[trajectory_generator_node-6] [smoothTopoPath]   out[1]: (-5.955, -1.018, 0.015)
[trajectory_generator_node-6] [smoothTopoPath]   out[2]: (-6.190, -0.471, 0.015)
[trajectory_generator_node-6] [smoothTopoPath]   out[3]: (-4.719, 1.096, 0.015)
[trajectory_generator_node-6] [DIAG] optimized_path (smoothTopoPath) size: 4
[trajectory_generator_node-6] [DIAG]   opt[0]: (-5.038, -1.610, 0.015)
[trajectory_generator_node-6] [DIAG]   opt[1]: (-5.955, -1.018, 0.015)
[trajectory_generator_node-6] [DIAG]   opt[2]: (-6.190, -0.471, 0.015)
[trajectory_generator_node-6] [DIAG]   opt[3]: (-4.719, 1.096, 0.015)
[trajectory_generator_node-6] optimized_path size: 4
[trajectory_generator_node-6] [Manager] reference_speed: (0.30)
[trajectory_generator_node-6] [LBFGS] search direction d: -4.26418e-05  3.76698e-05 -6.09976e-05   0.00345086   0.00270051   9.5732e-05  0.000175334  -0.00145992  0.000311981   0.00118369   0.00171382  0.000389336  0.000109411 -3.58539e-06 -7.39123e-05   0.00396559 -6.86986e-05   0.00019302  0.000251498  -0.00176013  0.000366927  0.000846183   0.00112621  0.000570421   0.00141885 -0.000422837  0.000217966 -0.000670685   0.00340312   -0.0015208   0.00104531   0.00514894   -0.0025828   0.00237545  0.000897192   -0.0065753    0.0568118
[trajectory_generator_node-6] [Smooth Optimize] MINCO reaches max evaluations: Line search reaches the maximum try number, assumptions not satisfied or precision not achievable.
[trajectory_generator_node-6] [Smooth Optimize] MINCO: cost=1.4 total_T=13.420(init 12.598) max_drift=0.140 max_vel=0.4 segs=13
[trajectory_generator_node-6] [Smooth Resample] resample
[trajectory_generator_node-6] [Smooth Resample] 14 -> 8 waypoints, 7 time segs, max_turn=47.4 deg
[trajectory_generator_node-6] [Manager] optimizer generate time: 0.002038
[trajectory_generator_node-6] [Reference] path size : 8
[trajectory_generator_node-6] [Reference] solvePolyMatrix ENTER: N=7, path_size=8, trap_time_size=7
[trajectory_generator_node-6] [Reference]   path[0]=(-5.0379,-1.6105) path[1]=(-5.5419,-1.2849) t[0]=2.011539 state_vel=(-0.2378,0.1599)
[trajectory_generator_node-6] [Reference] banded solve done. b[0]=-0.016887 b[N]=-0.176608 b2[0]=-0.006566 b2[N]=-0.197982
[trajectory_generator_node-6] [Reference] solvePolyMatrix EXIT: polyX[0]=[0.001029 -0.008443 -0.237759 -5.037859]
[trajectory_generator_node-6] [INFO] [1790449105.255875125] [trajectory_generation]: FSM published 7 trajectory pieces
[trajectory_tracking_node-8] [WARN] [1790449110.275297720] [trajectory_tracking]: RM_GridMap predicted-path replan requested: collision_samples=0 trajectory_age=5.01
[trajectory_generator_node-6] [Manager REPLAN]  cur position point (X, Y) = (-6.110212, -0.711738), target point (X, Y) = (-4.719000, 1.096000)
[trajectory_generator_node-6] [Manager REPLAN] target_temp (X, Y) = (-4.719000, 1.096000)
[trajectory_generator_node-6] [Manager REPLAN] path safe & target unchanged, re-anchoring from cur pos
[trajectory_generator_node-6] [Manager] start point, (x, y): (-6.11, -0.71)
[trajectory_generator_node-6] [Manager] receive target, (x, y): (-4.72, 1.10)
[trajectory_generator_node-6] [Topo]: m_graph before num: 1602
[trajectory_generator_node-6] [Topo]: dijkstra time: 0.019310
[trajectory_generator_node-6] [Topo]: topo search time: 0.510843
[trajectory_generator_node-6] [Topo]: m_graph num: 2529
[trajectory_generator_node-6] [DIAG] origin_path (Dijkstra) size: 3
[trajectory_generator_node-6] [DIAG]   origin[0]: (-6.110, -0.712, 0.015)
[trajectory_generator_node-6] [DIAG]   origin[1]: (-5.769, -0.154, 0.015)
[trajectory_generator_node-6] [DIAG]   origin[2]: (-4.719, 1.096, 0.015)
[trajectory_generator_node-6] [DIAG] lineVisib(start→end DIRECT): false  colli=(-5.92,-0.45)
[trajectory_generator_node-6] [DIAG] direct line: 45 steps, 11 wall cells
[trajectory_generator_node-6] [smoothTopoPath] INPUT size=3
[trajectory_generator_node-6] [smoothTopoPath]   in[0]: (-6.110, -0.712, 0.015)
[trajectory_generator_node-6] [smoothTopoPath]   in[1]: (-5.769, -0.154, 0.015)
[trajectory_generator_node-6] [smoothTopoPath]   in[2]: (-4.719, 1.096, 0.015)
[trajectory_generator_node-6] [smoothTopoPath] lineVisib(start→end): false  colli=(-5.92,-0.45)
[trajectory_generator_node-6] [smoothTopoPath] OUTPUT size=3, iter_count=2
[trajectory_generator_node-6] [smoothTopoPath]   out[0]: (-6.110, -0.712, 0.015)
[trajectory_generator_node-6] [smoothTopoPath]   out[1]: (-6.183, -0.257, 0.015)
[trajectory_generator_node-6] [smoothTopoPath]   out[2]: (-4.719, 1.096, 0.015)
[trajectory_generator_node-6] [DIAG] optimized_path (smoothTopoPath) size: 3
[trajectory_generator_node-6] [DIAG]   opt[0]: (-6.110, -0.712, 0.015)
[trajectory_generator_node-6] [DIAG]   opt[1]: (-6.183, -0.257, 0.015)
[trajectory_generator_node-6] [DIAG]   opt[2]: (-4.719, 1.096, 0.015)
[trajectory_generator_node-6] optimized_path size: 3
[trajectory_generator_node-6] [Manager] reference_speed: (0.30)
[trajectory_generator_node-6] [LBFGS] search direction d:  0.000224683 -0.000177745 -0.000327432 -1.03954e-06 -0.000233917  0.000647024  0.000875299  0.000356755  1.83877e-05 -0.000221035  0.000722085 -0.000215022  0.000560407   0.00103034   0.00476715  -0.00434882    0.0385108  -0.00241236   0.00710581  7.31389e-05  -0.00281581    0.0315379
[trajectory_generator_node-6] [Smooth Optimize] MINCO reaches max evaluations: Line search reaches the maximum try number, assumptions not satisfied or precision not achievable.
[trajectory_generator_node-6] [Smooth Optimize] MINCO: cost=1.0 total_T=9.968(init 8.064) max_drift=0.124 max_vel=0.3 segs=8
[trajectory_generator_node-6] [Smooth Resample] resample
[trajectory_generator_node-6] [Smooth Resample] 9 -> 5 waypoints, 4 time segs, max_turn=28.7 deg
[trajectory_generator_node-6] [Manager] optimizer generate time: 0.000917
[trajectory_generator_node-6] [Reference] path size : 5
[trajectory_generator_node-6] [Reference] solvePolyMatrix ENTER: N=4, path_size=5, trap_time_size=4
[trajectory_generator_node-6] [Reference]   path[0]=(-6.1102,-0.7117) path[1]=(-6.0689,-0.2638) t[0]=1.914540 state_vel=(-0.0746,0.2385)
[trajectory_generator_node-6] [Reference] banded solve done. b[0]=0.140140 b[N]=-0.165665 b2[0]=0.005185 b2[N]=-0.174845
[trajectory_generator_node-6] [Reference] solvePolyMatrix EXIT: polyX[0]=[-0.010353 0.070070 -0.074648 -6.110212]
[trajectory_generator_node-6] [INFO] [1790449110.795301728] [trajectory_generation]: FSM published 4 trajectory pieces
[trajectory_tracking_node-8] [WARN] [1790449115.804865026] [trajectory_tracking]: RM_GridMap predicted-path replan requested: collision_samples=0 trajectory_age=5.01
[trajectory_generator_node-6] [Manager REPLAN]  cur position point (X, Y) = (-5.631051, 0.347739), target point (X, Y) = (-4.719000, 1.096000)
[trajectory_generator_node-6] [Manager REPLAN] target_temp (X, Y) = (-4.719000, 1.096000)
[trajectory_generator_node-6] [Manager REPLAN] path safe & target unchanged, re-anchoring from cur pos
[trajectory_generator_node-6] [LBFGS] search direction d:  0.00101592 0.000513461  0.00109923 0.000144319  0.00090202 0.000123541   0.0105913  -0.0147661   0.0225742  -0.0404666
[trajectory_generator_node-6] [Smooth Optimize] MINCO reaches max evaluations: Line search reaches the maximum try number, assumptions not satisfied or precision not achievable.
[trajectory_generator_node-6] [Smooth Optimize] MINCO: cost=0.0 total_T=5.018(init 3.932) max_drift=0.004 max_vel=0.3 segs=4
[trajectory_generator_node-6] [Smooth Resample] resample
[trajectory_generator_node-6] [Smooth Resample] 5 -> 3 waypoints, 2 time segs, max_turn=0.0 deg
[trajectory_generator_node-6] [Reference] path size : 3
[trajectory_generator_node-6] [Reference] solvePolyMatrix ENTER: N=2, path_size=3, trap_time_size=2
[trajectory_generator_node-6] [Reference]   path[0]=(-5.6311,0.3477) path[1]=(-5.1664,0.7291) t[0]=2.125439 state_vel=(0.2140,0.1734)
[trajectory_generator_node-6] [Reference] banded solve done. b[0]=0.002109 b[N]=-0.164842 b2[0]=0.005300 b2[N]=-0.134684
[trajectory_generator_node-6] [Reference] solvePolyMatrix EXIT: polyX[0]=[0.000528 0.001055 0.213974 -5.631051]
[trajectory_generator_node-6] [INFO] [1790449115.829443523] [trajectory_generation]: FSM published 2 trajectory pieces
[trajectory_tracking_node-8] [WARN] [1790449120.534077304] [trajectory_tracking]: trajectory tracking stopped: invalid coefficient array length
[trajectory_tracking_node-8] [WARN] [1790449122.654208483] [trajectory_tracking]: trajectory tracking stopped: no valid trajectory
[trajectory_generator_node-6] [INFO] [1790449123.923211209] [trajectory_generation]: FSM accepted manual goal goal=(-4.72, 1.10, 0.02)
[trajectory_generator_node-6] [Manager] start point, (x, y): (-2.92, -3.10)
[trajectory_generator_node-6] [Manager] receive target, (x, y): (-4.72, 1.10)
[trajectory_generator_node-6] [Topo]: m_graph before num: 1605
[trajectory_generator_node-6] [Topo]: dijkstra time: 0.013845
[trajectory_generator_node-6] [Topo]: topo search time: 0.456940
[trajectory_generator_node-6] [Topo]: m_graph num: 2547
[trajectory_generator_node-6] [DIAG] origin_path (Dijkstra) size: 4
[trajectory_generator_node-6] [DIAG]   origin[0]: (-2.919, -3.104, 0.015)
[trajectory_generator_node-6] [DIAG]   origin[1]: (-5.919, -0.604, 0.015)
[trajectory_generator_node-6] [DIAG]   origin[2]: (-5.769, -0.054, 0.015)
[trajectory_generator_node-6] [DIAG]   origin[3]: (-4.719, 1.096, 0.015)
[trajectory_generator_node-6] [DIAG] lineVisib(start→end DIRECT): false  colli=(-3.82,-1.00)
[trajectory_generator_node-6] [DIAG] direct line: 91 steps, 29 wall cells
[trajectory_generator_node-6] [smoothTopoPath] INPUT size=4
[trajectory_generator_node-6] [smoothTopoPath]   in[0]: (-2.919, -3.104, 0.015)
[trajectory_generator_node-6] [smoothTopoPath]   in[1]: (-5.919, -0.604, 0.015)
[trajectory_generator_node-6] [smoothTopoPath]   in[2]: (-5.769, -0.054, 0.015)
[trajectory_generator_node-6] [smoothTopoPath]   in[3]: (-4.719, 1.096, 0.015)
[trajectory_generator_node-6] [smoothTopoPath] lineVisib(start→end): false  colli=(-3.82,-1.00)
[trajectory_generator_node-6] [smoothTopoPath] stuck detected, skipping to topo[1]
[trajectory_generator_node-6] [smoothTopoPath] OUTPUT size=6, iter_count=5
[trajectory_generator_node-6] [smoothTopoPath]   out[0]: (-2.919, -3.104, 0.015)
[trajectory_generator_node-6] [smoothTopoPath]   out[1]: (-5.685, -1.190, 0.015)
[trajectory_generator_node-6] [smoothTopoPath]   out[2]: (-5.262, -1.151, 0.015)
[trajectory_generator_node-6] [smoothTopoPath]   out[3]: (-5.919, -0.604, 0.015)
[trajectory_generator_node-6] [smoothTopoPath]   out[4]: (-6.182, -0.429, 0.015)
[trajectory_generator_node-6] [smoothTopoPath]   out[5]: (-4.719, 1.096, 0.015)
[trajectory_generator_node-6] [DIAG] optimized_path (smoothTopoPath) size: 6
[trajectory_generator_node-6] [DIAG]   opt[0]: (-2.919, -3.104, 0.015)
[trajectory_generator_node-6] [DIAG]   opt[1]: (-5.685, -1.190, 0.015)
[trajectory_generator_node-6] [DIAG]   opt[2]: (-5.262, -1.151, 0.015)
[trajectory_generator_node-6] [DIAG]   opt[3]: (-5.919, -0.604, 0.015)
[trajectory_generator_node-6] [DIAG]   opt[4]: (-6.182, -0.429, 0.015)
[trajectory_generator_node-6] [DIAG]   opt[5]: (-4.719, 1.096, 0.015)
[trajectory_generator_node-6] optimized_path size: 6
[trajectory_generator_node-6] [Manager] reference_speed: (0.30)
[trajectory_generator_node-6] [LBFGS] search direction d: -0.000389851  0.000135137 -5.21628e-05  8.18359e-06  1.34878e-05  -2.5331e-05  3.64455e-05 -5.56034e-05  0.000100728 -0.000198538  0.000635338 -0.000103749   0.00145346   0.00223096   0.00472408   0.00437931  -0.00194515   0.00154156  -0.00447969  -0.00121841  0.000768314 -0.000266624  0.000581868  0.000270077 -9.40099e-05  3.71272e-05 -7.78092e-06 -5.18185e-06  9.69573e-06 -1.05331e-05  1.01416e-05 -1.40983e-05  3.54328e-05 -0.000154617   0.00459366   0.00367514  -0.00577063   0.00412261  0.000554062  -0.00239666   0.00104186   0.00411899  0.000643293  -0.00229294 -5.83189e-05  0.000135295   0.00220859 -0.000310706  0.000119573 -2.83384e-05  7.71542e-06 -4.03533e-06  8.59794e-06  -2.6093e-05  9.25714e-05 -0.000211602  0.000877877  0.000689786  0.000368223  0.000901154 -0.000109688  0.000369043 -6.04243e-05    0.0115636 -9.83665e-05   0.00030012 -4.70557e-06  2.35617e-05 -0.000287941   0.00277709
[trajectory_generator_node-6] [Smooth Optimize] MINCO reaches max evaluations: Line search reaches the maximum try number, assumptions not satisfied or precision not achievable.
[trajectory_generator_node-6] [Smooth Optimize] MINCO: cost=4.2 total_T=22.817(init 22.304) max_drift=0.191 max_vel=0.5 segs=24
[trajectory_generator_node-6] [Smooth Resample] resample
[trajectory_generator_node-6] [Smooth Resample] 25 -> 13 waypoints, 12 time segs, max_turn=63.8 deg
[trajectory_generator_node-6] [Manager] optimizer generate time: 0.007128
[trajectory_generator_node-6] [Reference] path size : 13
[trajectory_generator_node-6] [Reference] solvePolyMatrix ENTER: N=12, path_size=13, trap_time_size=12
[trajectory_generator_node-6] [Reference]   path[0]=(-2.9190,-3.1040) path[1]=(-3.4192,-2.7578) t[0]=2.047251 state_vel=(0.0000,0.0000)
[trajectory_generator_node-6] [Reference] banded solve done. b[0]=-0.415807 b[N]=-0.395030 b2[0]=0.287506 b2[N]=-0.468406
[trajectory_generator_node-6] [Reference] solvePolyMatrix EXIT: polyX[0]=[0.043259 -0.207904 -0.000000 -2.919000]
[trajectory_generator_node-6] [Reference] solvePolyMatrix ENTER: N=12, path_size=13, trap_time_size=12
[trajectory_generator_node-6] [Reference]   path[0]=(-2.9190,-3.1040) path[1]=(-3.4192,-2.7578) t[0]=2.251976 state_vel=(0.0000,0.0000)
[trajectory_generator_node-6] [Reference] banded solve done. b[0]=-0.346535 b[N]=-0.328122 b2[0]=0.239574 b2[N]=-0.388892
[trajectory_generator_node-6] [Reference] solvePolyMatrix EXIT: polyX[0]=[0.033143 -0.173267 0.000000 -2.919000]
[trajectory_generator_node-6] [Reference] solvePolyMatrix ENTER: N=12, path_size=13, trap_time_size=12
[trajectory_generator_node-6] [Reference]   path[0]=(-2.9190,-3.1040) path[1]=(-3.4192,-2.7578) t[0]=2.477174 state_vel=(0.0000,0.0000)
[trajectory_generator_node-6] [Reference] banded solve done. b[0]=-0.289215 b[N]=-0.272864 b2[0]=0.199915 b2[N]=-0.323145
[trajectory_generator_node-6] [Reference] solvePolyMatrix EXIT: polyX[0]=[0.025471 -0.144607 0.000000 -2.919000]
[trajectory_generator_node-6] [Reference] solvePolyMatrix ENTER: N=12, path_size=13, trap_time_size=12
[trajectory_generator_node-6] [Reference]   path[0]=(-2.9190,-3.1040) path[1]=(-3.4192,-2.7578) t[0]=2.724891 state_vel=(0.0000,0.0000)
[trajectory_generator_node-6] [Reference] banded solve done. b[0]=-0.241752 b[N]=-0.227205 b2[0]=0.167078 b2[N]=-0.268758
[trajectory_generator_node-6] [Reference] solvePolyMatrix EXIT: polyX[0]=[0.019638 -0.120876 0.000000 -2.919000]
[trajectory_generator_node-6] [Reference] solvePolyMatrix ENTER: N=12, path_size=13, trap_time_size=12
[trajectory_generator_node-6] [Reference]   path[0]=(-2.9190,-3.1040) path[1]=(-3.4192,-2.7578) t[0]=2.724891 state_vel=(0.0000,0.0000)
[trajectory_generator_node-6] [Reference] banded solve done. b[0]=-0.241752 b[N]=-0.189453 b2[0]=0.167078 b2[N]=-0.223751
[trajectory_generator_node-6] [Reference] solvePolyMatrix EXIT: polyX[0]=[0.019638 -0.120876 0.000000 -2.919000]
[trajectory_generator_node-6] [INFO] [1790449124.399789379] [trajectory_generation]: FSM published 12 trajectory pieces
[trajectory_generator_node-6] [A Star] find collision pos: -5.590537 -0.877719
[trajectory_generator_node-6] [A Star] find start pos: -5.262075 -1.151438
[trajectory_generator_node-6] [Manager REPLAN]  cur position point (X, Y) = (-2.919000, -3.104000), target point (X, Y) = (-4.719000, 1.096000)
[trajectory_generator_node-6] [Manager REPLAN] target_temp (X, Y) = (-4.719000, 1.096000)
[trajectory_generator_node-6] [A Star] find collision pos: -5.590537 -0.877719
[trajectory_generator_node-6] [A Star] find start pos: -5.262075 -1.151438
[trajectory_generator_node-6] [Manager REPLAN] start local planning
[trajectory_generator_node-6] [Topo Local]: complete sample
[trajectory_generator_node-6] [Topo Local]: sample time: 0.155879
[trajectory_generator_node-6] [Manager Local] local path find! size is 3
[trajectory_generator_node-6] [smoothTopoPath] INPUT size=5
[trajectory_generator_node-6] [smoothTopoPath]   in[0]: (-2.919, -3.104, 0.015)
[trajectory_generator_node-6] [smoothTopoPath]   in[1]: (-3.119, -3.304, 0.015)
[trajectory_generator_node-6] [smoothTopoPath]   in[2]: (-5.919, -0.604, 0.015)
[trajectory_generator_node-6] [smoothTopoPath]   in[3]: (-6.182, -0.429, 0.015)
[trajectory_generator_node-6] [smoothTopoPath]   in[4]: (-4.719, 1.096, 0.015)
[trajectory_generator_node-6] [smoothTopoPath] lineVisib(start→end): false  colli=(-3.82,-1.00)
[trajectory_generator_node-6] [smoothTopoPath] OUTPUT size=4, iter_count=3
[trajectory_generator_node-6] [smoothTopoPath]   out[0]: (-2.919, -3.104, 0.015)
[trajectory_generator_node-6] [smoothTopoPath]   out[1]: (-5.720, -1.211, 0.015)
[trajectory_generator_node-6] [smoothTopoPath]   out[2]: (-6.296, -0.334, 0.015)
[trajectory_generator_node-6] [smoothTopoPath]   out[3]: (-4.719, 1.096, 0.015)
[trajectory_generator_node-6] [Manager REPLAN] optimized path size is 4
[trajectory_generator_node-6] [LBFGS] search direction d:  0.000520475 -5.17437e-05 -0.000108024  0.000158532 -0.000146303  0.000110222 -7.11903e-05  3.46925e-05   3.4525e-06 -4.51486e-05  8.11111e-05  0.000847731   0.00014325 -0.000630901  0.000287223 -0.000116793  0.000340491  -0.00033695 -0.000264766  0.000277452  0.000204335 -0.000352669  3.65125e-05  7.04631e-05 -0.000103186  9.34483e-05 -6.85042e-05  4.46826e-05 -2.94681e-05  2.53425e-05 -2.52531e-05  1.09171e-05  0.000963168 -9.26822e-06 -0.000248155   0.00104639  -0.00022529  0.000614814  0.000251063  -0.00140753  8.73532e-05  0.000288964    0.0172423  -0.00247163  0.000984364 -0.000233175  5.81993e-05 -7.11106e-06 -4.90788e-07 -4.60261e-07  1.08381e-05 -3.42688e-05  0.000100231 -1.32276e-05 -4.37433e-05 -1.63217e-05   0.00251007  0.000479354    0.0200391  -0.00136506    0.0013306  0.000429977  -0.00234494    0.0204238
[trajectory_generator_node-6] [Smooth Optimize] MINCO reaches max evaluations: Line search reaches the maximum try number, assumptions not satisfied or precision not achievable.
[trajectory_generator_node-6] [Smooth Optimize] MINCO: cost=1.6 total_T=23.490(init 21.683) max_drift=0.182 max_vel=0.4 segs=22
[trajectory_generator_node-6] [Smooth Resample] resample
[trajectory_generator_node-6] [Smooth Resample] 23 -> 12 waypoints, 11 time segs, max_turn=49.2 deg
[trajectory_generator_node-6] [Reference] path size : 12
[trajectory_generator_node-6] [Reference] solvePolyMatrix ENTER: N=11, path_size=12, trap_time_size=11
[trajectory_generator_node-6] [Reference]   path[0]=(-2.9190,-3.1040) path[1]=(-3.4206,-2.7651) t[0]=2.479235 state_vel=(0.0000,0.0000)
[trajectory_generator_node-6] [Reference] banded solve done. b[0]=-0.268728 b[N]=-0.235317 b2[0]=0.181574 b2[N]=-0.243689
[trajectory_generator_node-6] [Reference] solvePolyMatrix EXIT: polyX[0]=[0.021283 -0.134364 -0.000000 -2.919000]
[trajectory_generator_node-6] [INFO] [1790449124.571371857] [trajectory_generation]: FSM published 11 trajectory pieces
[trajectory_tracking_node-8] [WARN] [1790449129.594154314] [trajectory_tracking]: RM_GridMap predicted-path replan requested: collision_samples=0 trajectory_age=5.01
[trajectory_generator_node-6] [Manager REPLAN]  cur position point (X, Y) = (-4.029646, -2.322507), target point (X, Y) = (-4.719000, 1.096000)
[trajectory_generator_node-6] [Manager REPLAN] target_temp (X, Y) = (-4.719000, 1.096000)
[trajectory_generator_node-6] [Manager REPLAN] robot 1.36m from path, full replan
[trajectory_generator_node-6] [Manager] start point, (x, y): (-4.03, -2.32)
[trajectory_generator_node-6] [Manager] receive target, (x, y): (-4.72, 1.10)
[trajectory_generator_node-6] [Topo]: m_graph before num: 1602
[trajectory_generator_node-6] [Topo]: dijkstra time: 0.011091
[trajectory_generator_node-6] [Topo]: topo search time: 0.421939
[trajectory_generator_node-6] [Topo]: m_graph num: 2561
[trajectory_generator_node-6] [DIAG] origin_path (Dijkstra) size: 4
[trajectory_generator_node-6] [DIAG]   origin[0]: (-4.030, -2.323, 0.015)
[trajectory_generator_node-6] [DIAG]   origin[1]: (-5.919, -0.604, 0.015)
[trajectory_generator_node-6] [DIAG]   origin[2]: (-5.769, -0.054, 0.015)
[trajectory_generator_node-6] [DIAG]   origin[3]: (-4.719, 1.096, 0.015)
[trajectory_generator_node-6] [DIAG] lineVisib(start→end DIRECT): false  colli=(-4.37,-0.70)
[trajectory_generator_node-6] [DIAG] direct line: 69 steps, 18 wall cells
[trajectory_generator_node-6] [smoothTopoPath] INPUT size=4
[trajectory_generator_node-6] [smoothTopoPath]   in[0]: (-4.030, -2.323, 0.015)
[trajectory_generator_node-6] [smoothTopoPath]   in[1]: (-5.919, -0.604, 0.015)
[trajectory_generator_node-6] [smoothTopoPath]   in[2]: (-5.769, -0.054, 0.015)
[trajectory_generator_node-6] [smoothTopoPath]   in[3]: (-4.719, 1.096, 0.015)
[trajectory_generator_node-6] [smoothTopoPath] lineVisib(start→end): false  colli=(-4.37,-0.70)
[trajectory_generator_node-6] [smoothTopoPath] stuck detected, skipping to topo[1]
[trajectory_generator_node-6] [smoothTopoPath] OUTPUT size=6, iter_count=5
[trajectory_generator_node-6] [smoothTopoPath]   out[0]: (-4.030, -2.323, 0.015)
[trajectory_generator_node-6] [smoothTopoPath]   out[1]: (-5.711, -1.199, 0.015)
[trajectory_generator_node-6] [smoothTopoPath]   out[2]: (-5.287, -1.179, 0.015)
[trajectory_generator_node-6] [smoothTopoPath]   out[3]: (-5.919, -0.604, 0.015)
[trajectory_generator_node-6] [smoothTopoPath]   out[4]: (-6.182, -0.429, 0.015)
[trajectory_generator_node-6] [smoothTopoPath]   out[5]: (-4.719, 1.096, 0.015)
[trajectory_generator_node-6] [DIAG] optimized_path (smoothTopoPath) size: 6
[trajectory_generator_node-6] [DIAG]   opt[0]: (-4.030, -2.323, 0.015)
[trajectory_generator_node-6] [DIAG]   opt[1]: (-5.711, -1.199, 0.015)
[trajectory_generator_node-6] [DIAG]   opt[2]: (-5.287, -1.179, 0.015)
[trajectory_generator_node-6] [DIAG]   opt[3]: (-5.919, -0.604, 0.015)
[trajectory_generator_node-6] [DIAG]   opt[4]: (-6.182, -0.429, 0.015)
[trajectory_generator_node-6] [DIAG]   opt[5]: (-4.719, 1.096, 0.015)
[trajectory_generator_node-6] optimized_path size: 6
[trajectory_generator_node-6] [Manager] reference_speed: (0.30)
[trajectory_generator_node-6] [LBFGS] search direction d: -2.53156e-05 -2.01407e-05  0.000106655 -0.000278022  0.000452716  0.000153223  -0.00135829   0.00155215   3.2554e-05   0.00116764  0.000238901  0.000458446 -0.000203928  0.000232137  -0.00230526   -0.0011802  -0.00061537  2.33836e-05 -1.01392e-05  7.28533e-05 -0.000195102  0.000404057 -0.000657838  0.000606374  0.000413177  0.000590731  0.000658416 -0.000253152  -0.00056046  0.000403849 -0.000408631  0.000580542 -0.000563811 -0.000550971 -0.000229452 -0.000376058  0.000249196 -6.55448e-05  4.82033e-06  2.40948e-05   0.00022115  -0.00249658   0.00836087    0.0200821    0.0128239  -0.00391758   0.00481356 -0.000132326    0.0013418   0.00150936  -0.00144405   0.00167677  0.000165184  -0.00205121    0.0210756
[trajectory_generator_node-6] [Smooth Optimize] MINCO reaches max evaluations: Line search reaches the maximum try number, assumptions not satisfied or precision not achievable.
[trajectory_generator_node-6] [Smooth Optimize] MINCO: cost=2.5 total_T=19.509(init 18.333) max_drift=0.179 max_vel=0.4 segs=19
[trajectory_generator_node-6] [Smooth Resample] resample
[trajectory_generator_node-6] [Smooth Resample] 20 -> 11 waypoints, 10 time segs, max_turn=125.2 deg
[trajectory_generator_node-6] [Manager] optimizer generate time: 0.006213
[trajectory_generator_node-6] [Reference] path size : 11
[trajectory_generator_node-6] [Reference] solvePolyMatrix ENTER: N=10, path_size=11, trap_time_size=10
[trajectory_generator_node-6] [Reference]   path[0]=(-4.0296,-2.3225) path[1]=(-4.5293,-1.9881) t[0]=2.002987 state_vel=(-0.2437,0.1670)
[trajectory_generator_node-6] [Reference] banded solve done. b[0]=-0.026785 b[N]=-0.325484 b2[0]=0.006068 b2[N]=-0.336033
[trajectory_generator_node-6] [Reference] solvePolyMatrix EXIT: polyX[0]=[0.005253 -0.013392 -0.243710 -4.029646]
[trajectory_generator_node-6] [Reference] solvePolyMatrix ENTER: N=10, path_size=11, trap_time_size=10
[trajectory_generator_node-6] [Reference]   path[0]=(-4.0296,-2.3225) path[1]=(-4.5293,-1.9881) t[0]=2.002987 state_vel=(-0.2437,0.1670)
[trajectory_generator_node-6] [Reference] banded solve done. b[0]=-0.034387 b[N]=-0.272959 b2[0]=0.011923 b2[N]=-0.280002
[trajectory_generator_node-6] [Reference] solvePolyMatrix EXIT: polyX[0]=[0.007151 -0.017194 -0.243710 -4.029646]
[trajectory_generator_node-6] [Reference] solvePolyMatrix ENTER: N=10, path_size=11, trap_time_size=10
[trajectory_generator_node-6] [Reference]   path[0]=(-4.0296,-2.3225) path[1]=(-4.5293,-1.9881) t[0]=2.002987 state_vel=(-0.2437,0.1670)
[trajectory_generator_node-6] [Reference] banded solve done. b[0]=-0.040363 b[N]=-0.229428 b2[0]=0.016598 b2[N]=-0.233666
[trajectory_generator_node-6] [Reference] solvePolyMatrix EXIT: polyX[0]=[0.008643 -0.020181 -0.243710 -4.029646]
[trajectory_generator_node-6] [INFO] [1790449130.032605349] [trajectory_generation]: FSM published 10 trajectory pieces
[trajectory_tracking_node-8] [WARN] [1790449135.056019642] [trajectory_tracking]: RM_GridMap predicted-path replan requested: collision_samples=0 trajectory_age=5.01
[trajectory_generator_node-6] [Manager REPLAN]  cur position point (X, Y) = (-5.168245, -1.555347), target point (X, Y) = (-4.719000, 1.096000)
[trajectory_generator_node-6] [Manager REPLAN] target_temp (X, Y) = (-4.719000, 1.096000)
[trajectory_generator_node-6] [Manager REPLAN] path safe & target unchanged, re-anchoring from cur pos
[trajectory_generator_node-6] [LBFGS] search direction d:     0.002674   0.00128961  0.000590887  5.58451e-05 -1.62514e-05  0.000139818  -0.00275372  5.98081e-05 -0.000146586   0.00181726  -0.00168405  0.000781977 -0.000330776 -0.000743283   0.00508316  0.000265996  0.000517901  -0.00227301  1.89603e-05 -1.49339e-05   0.00109122  -0.00112745   0.00123675  1.15985e-05  0.000354797   0.00105551  4.90211e-06  0.000423417  0.000594262 -0.000481986  0.000661984   8.0425e-06 -0.000570118   0.00633045
[trajectory_generator_node-6] [Smooth Optimize] MINCO reaches max evaluations: Line search reaches the maximum try number, assumptions not satisfied or precision not achievable.
[trajectory_generator_node-6] [Smooth Optimize] MINCO: cost=2.1 total_T=12.166(init 12.030) max_drift=0.143 max_vel=0.5 segs=12
[trajectory_generator_node-6] [Smooth Resample] resample
[trajectory_generator_node-6] [Smooth Resample] 13 -> 7 waypoints, 6 time segs, max_turn=42.0 deg
[trajectory_generator_node-6] [Reference] path size : 7
[trajectory_generator_node-6] [Reference] solvePolyMatrix ENTER: N=6, path_size=7, trap_time_size=6
[trajectory_generator_node-6] [Reference]   path[0]=(-5.1682,-1.5553) path[1]=(-5.5409,-1.1543) t[0]=2.005571 state_vel=(-0.2718,0.1565)
[trajectory_generator_node-6] [Reference] banded solve done. b[0]=0.194417 b[N]=-0.317724 b2[0]=0.035171 b2[N]=-0.382548
[trajectory_generator_node-6] [Reference] solvePolyMatrix EXIT: polyX[0]=[-0.027074 0.097209 -0.271847 -5.168245]
[trajectory_generator_node-6] [Reference] solvePolyMatrix ENTER: N=6, path_size=7, trap_time_size=6
[trajectory_generator_node-6] [Reference]   path[0]=(-5.1682,-1.5553) path[1]=(-5.5409,-1.1543) t[0]=2.005571 state_vel=(-0.2718,0.1565)
[trajectory_generator_node-6] [Reference] banded solve done. b[0]=0.194250 b[N]=-0.265204 b2[0]=0.035144 b2[N]=-0.320125
[trajectory_generator_node-6] [Reference] solvePolyMatrix EXIT: polyX[0]=[-0.027033 0.097125 -0.271847 -5.168245]
[trajectory_generator_node-6] [Reference] solvePolyMatrix ENTER: N=6, path_size=7, trap_time_size=6
[trajectory_generator_node-6] [Reference]   path[0]=(-5.1682,-1.5553) path[1]=(-5.5409,-1.1543) t[0]=2.005571 state_vel=(-0.2718,0.1565)
[trajectory_generator_node-6] [Reference] banded solve done. b[0]=0.194116 b[N]=-0.221753 b2[0]=0.035136 b2[N]=-0.268352
[trajectory_generator_node-6] [Reference] solvePolyMatrix EXIT: polyX[0]=[-0.026999 0.097058 -0.271847 -5.168245]
[trajectory_generator_node-6] [INFO] [1790449135.061567178] [trajectory_generation]: FSM published 6 trajectory pieces
[trajectory_tracking_node-8] [WARN] [1790449140.073226585] [trajectory_tracking]: RM_GridMap predicted-path replan requested: collision_samples=0 trajectory_age=5.01
[trajectory_generator_node-6] [Manager REPLAN]  cur position point (X, Y) = (-6.105254, -0.462507), target point (X, Y) = (-4.719000, 1.096000)
[trajectory_generator_node-6] [Manager REPLAN] target_temp (X, Y) = (-4.719000, 1.096000)
[trajectory_generator_node-6] [Manager REPLAN] path safe & target unchanged, re-anchoring from cur pos
[trajectory_generator_node-6] [LBFGS] search direction d: -0.000140898  0.000736144  -0.00020783  0.000364994  -0.00017743  0.000763174 -0.000624069  0.000652764 -0.000360476 -0.000208311 -3.79503e-05  0.000755696    0.0115012 -0.000868184 -0.000793918   0.00117162  0.000285392  -0.00217912    0.0203959
[trajectory_generator_node-6] [Smooth Optimize] MINCO reaches max evaluations: Line search reaches the maximum try number, assumptions not satisfied or precision not achievable.
[trajectory_generator_node-6] [Smooth Optimize] MINCO: cost=1.4 total_T=8.473(init 6.953) max_drift=0.159 max_vel=0.4 segs=7
[trajectory_generator_node-6] [Smooth Resample] resample
[trajectory_generator_node-6] [Smooth Resample] 8 -> 5 waypoints, 4 time segs, max_turn=23.8 deg
[trajectory_generator_node-6] [Reference] path size : 5
[trajectory_generator_node-6] [Reference] solvePolyMatrix ENTER: N=4, path_size=5, trap_time_size=4
[trajectory_generator_node-6] [Reference]   path[0]=(-6.1053,-0.4625) path[1]=(-5.8241,0.0934) t[0]=2.525965 state_vel=(-0.0157,0.1820)
[trajectory_generator_node-6] [Reference] banded solve done. b[0]=0.122713 b[N]=-0.113750 b2[0]=0.062807 b2[N]=-0.144942
[trajectory_generator_node-6] [Reference] solvePolyMatrix EXIT: polyX[0]=[-0.004388 0.061356 -0.015692 -6.105254]
[trajectory_generator_node-6] [INFO] [1790449140.115803955] [trajectory_generation]: FSM published 4 trajectory pieces
[trajectory_tracking_node-8] [WARN] [1790449145.155393562] [trajectory_tracking]: RM_GridMap predicted-path replan requested: collision_samples=0 trajectory_age=5.03
[trajectory_generator_node-6] [Manager REPLAN]  cur position point (X, Y) = (-5.188095, 0.629959), target point (X, Y) = (-4.719000, 1.096000)
[trajectory_generator_node-6] [Manager REPLAN] target_temp (X, Y) = (-4.719000, 1.096000)
[trajectory_generator_node-6] [Manager REPLAN] path safe & target unchanged, re-anchoring from cur pos
[trajectory_generator_node-6] [Smooth Optimize] MINCO Optimization Success: Success: met stopping criteria (past f decrease less than delta).
[trajectory_generator_node-6] [Smooth Optimize] MINCO: cost=0.0 total_T=3.031(init 2.204) max_drift=0.000 max_vel=0.3 segs=2
[trajectory_generator_node-6] [Smooth Resample] resample
[trajectory_generator_node-6] [Smooth Resample] path too short (3 pts), keeping all
[trajectory_generator_node-6] [Reference] path size : 3
[trajectory_generator_node-6] [Reference] solvePolyMatrix ENTER: N=2, path_size=3, trap_time_size=2
[trajectory_generator_node-6] [Reference]   path[0]=(-5.1881,0.6300) path[1]=(-4.9755,0.8412) t[0]=1.031220 state_vel=(0.2192,0.1963)
[trajectory_generator_node-6] [Reference] banded solve done. b[0]=-0.033327 b[N]=-0.187668 b2[0]=0.036812 b2[N]=-0.179151
[trajectory_generator_node-6] [Reference] solvePolyMatrix EXIT: polyX[0]=[0.003856 -0.016664 0.219206 -5.188095]
[trajectory_generator_node-6] [INFO] [1790449145.172415432] [trajectory_generation]: FSM published 2 trajectory pieces
[trajectory_tracking_node-8] [WARN] [1790449148.034430426] [trajectory_tracking]: trajectory tracking stopped: invalid coefficient array length
[trajectory_tracking_node-8] [WARN] [1790449150.129462200] [trajectory_tracking]: trajectory tracking stopped: no valid trajectory
[trajectory_generator_node-6] [INFO] [1790449151.280662358] [trajectory_generation]: FSM accepted manual goal goal=(-4.72, 1.10, 0.02)
[trajectory_generator_node-6] [Manager] start point, (x, y): (-2.92, -3.10)
[trajectory_generator_node-6] [Manager] receive target, (x, y): (-4.72, 1.10)
[trajectory_generator_node-6] [Topo]: m_graph before num: 1605
[trajectory_generator_node-6] [Topo]: dijkstra time: 0.012938
[trajectory_generator_node-6] [Topo]: topo search time: 0.417659
[trajectory_generator_node-6] [Topo]: m_graph num: 2531
[trajectory_generator_node-6] [DIAG] origin_path (Dijkstra) size: 4
[trajectory_generator_node-6] [DIAG]   origin[0]: (-2.919, -3.104, 0.015)
[trajectory_generator_node-6] [DIAG]   origin[1]: (-5.969, -0.704, 0.015)
[trajectory_generator_node-6] [DIAG]   origin[2]: (-5.769, -0.054, 0.015)
[trajectory_generator_node-6] [DIAG]   origin[3]: (-4.719, 1.096, 0.015)
[trajectory_generator_node-6] [DIAG] lineVisib(start→end DIRECT): false  colli=(-3.82,-1.00)
[trajectory_generator_node-6] [DIAG] direct line: 91 steps, 29 wall cells
[trajectory_generator_node-6] [smoothTopoPath] INPUT size=4
[trajectory_generator_node-6] [smoothTopoPath]   in[0]: (-2.919, -3.104, 0.015)
[trajectory_generator_node-6] [smoothTopoPath]   in[1]: (-5.969, -0.704, 0.015)
[trajectory_generator_node-6] [smoothTopoPath]   in[2]: (-5.769, -0.054, 0.015)
[trajectory_generator_node-6] [smoothTopoPath]   in[3]: (-4.719, 1.096, 0.015)
[trajectory_generator_node-6] [smoothTopoPath] lineVisib(start→end): false  colli=(-3.82,-1.00)
[trajectory_generator_node-6] [smoothTopoPath] OUTPUT size=4, iter_count=3
[trajectory_generator_node-6] [smoothTopoPath]   out[0]: (-2.919, -3.104, 0.015)
[trajectory_generator_node-6] [smoothTopoPath]   out[1]: (-6.143, -0.890, 0.015)
[trajectory_generator_node-6] [smoothTopoPath]   out[2]: (-6.155, -0.314, 0.015)
[trajectory_generator_node-6] [smoothTopoPath]   out[3]: (-4.719, 1.096, 0.015)
[trajectory_generator_node-6] [DIAG] optimized_path (smoothTopoPath) size: 4
[trajectory_generator_node-6] [DIAG]   opt[0]: (-2.919, -3.104, 0.015)
[trajectory_generator_node-6] [DIAG]   opt[1]: (-6.143, -0.890, 0.015)
[trajectory_generator_node-6] [DIAG]   opt[2]: (-6.155, -0.314, 0.015)
[trajectory_generator_node-6] [DIAG]   opt[3]: (-4.719, 1.096, 0.015)
[trajectory_generator_node-6] optimized_path size: 4
[trajectory_generator_node-6] [Manager] reference_speed: (0.30)
[trajectory_generator_node-6] [LBFGS] search direction d: -0.000397914  0.000258805 -0.000178934  8.76971e-05  -3.0912e-05  6.69359e-06 -1.29424e-06  6.90145e-06 -2.14899e-05  4.19587e-05 -5.22841e-05  4.23096e-05 -2.23144e-05 -3.42639e-05 -0.000350083  3.34605e-05  0.000171855  -0.00091674 -0.000237692  0.000128553 -0.000281343  0.000273548 -0.000178073  0.000123376 -6.08889e-05  2.18396e-05 -4.20324e-06 -3.25569e-06  9.43448e-06 -2.04914e-05  3.93398e-05 -6.04411e-05  7.47485e-05 -5.86433e-05 -7.06243e-05 -0.000935583 -0.000141258 -0.000318379  -0.00086056 -5.71372e-06  0.000119328 -0.000351374   0.00562396 -0.000791625  0.000304635 -7.29955e-05  1.61544e-05 -2.61658e-06  2.36262e-07 -4.44855e-07  2.40398e-06 -9.40114e-06  3.42835e-05 -8.09447e-05  0.000274287  0.000476407 -0.000660102   0.00320735   2.4405e-05  0.000899979 -0.000110194  0.000178532 -0.000908177   0.00722435
[trajectory_generator_node-6] [Smooth Optimize] MINCO reaches max evaluations: Line search reaches the maximum try number, assumptions not satisfied or precision not achievable.
[trajectory_generator_node-6] [Smooth Optimize] MINCO: cost=2.2 total_T=21.786(init 21.635) max_drift=0.197 max_vel=0.5 segs=22
[trajectory_generator_node-6] [Smooth Resample] resample
[trajectory_generator_node-6] [Smooth Resample] 23 -> 12 waypoints, 11 time segs, max_turn=52.1 deg
[trajectory_generator_node-6] [Manager] optimizer generate time: 0.003901
[trajectory_generator_node-6] [Reference] path size : 12
[trajectory_generator_node-6] [Reference] solvePolyMatrix ENTER: N=11, path_size=12, trap_time_size=11
[trajectory_generator_node-6] [Reference]   path[0]=(-2.9190,-3.1040) path[1]=(-3.4213,-2.7590) t[0]=2.049983 state_vel=(0.0000,0.0000)
[trajectory_generator_node-6] [Reference] banded solve done. b[0]=-0.416149 b[N]=-0.376130 b2[0]=0.285879 b2[N]=-0.414310
[trajectory_generator_node-6] [Reference] solvePolyMatrix EXIT: polyX[0]=[0.043193 -0.208075 0.000000 -2.919000]
[trajectory_generator_node-6] [Reference] solvePolyMatrix ENTER: N=11, path_size=12, trap_time_size=11
[trajectory_generator_node-6] [Reference]   path[0]=(-2.9190,-3.1040) path[1]=(-3.4213,-2.7590) t[0]=2.254981 state_vel=(0.0000,0.0000)
[trajectory_generator_node-6] [Reference] banded solve done. b[0]=-0.346743 b[N]=-0.311688 b2[0]=0.238204 b2[N]=-0.343007
[trajectory_generator_node-6] [Reference] solvePolyMatrix EXIT: polyX[0]=[0.033076 -0.173371 0.000000 -2.919000]
[trajectory_generator_node-6] [Reference] solvePolyMatrix ENTER: N=11, path_size=12, trap_time_size=11
[trajectory_generator_node-6] [Reference]   path[0]=(-2.9190,-3.1040) path[1]=(-3.4213,-2.7590) t[0]=2.480479 state_vel=(0.0000,0.0000)
[trajectory_generator_node-6] [Reference] banded solve done. b[0]=-0.289317 b[N]=-0.258522 b2[0]=0.198758 b2[N]=-0.284126
[trajectory_generator_node-6] [Reference] solvePolyMatrix EXIT: polyX[0]=[0.025406 -0.144658 0.000000 -2.919000]
[trajectory_generator_node-6] [Reference] solvePolyMatrix ENTER: N=11, path_size=12, trap_time_size=11
[trajectory_generator_node-6] [Reference]   path[0]=(-2.9190,-3.1040) path[1]=(-3.4213,-2.7590) t[0]=2.728527 state_vel=(0.0000,0.0000)
[trajectory_generator_node-6] [Reference] banded solve done. b[0]=-0.241771 b[N]=-0.214643 b2[0]=0.166098 b2[N]=-0.235492
[trajectory_generator_node-6] [Reference] solvePolyMatrix EXIT: polyX[0]=[0.019576 -0.120886 0.000000 -2.919000]
[trajectory_generator_node-6] [INFO] [1790449151.716880421] [trajectory_generation]: FSM published 11 trajectory pieces
[trajectory_tracking_node-8] [WARN] [1790449156.750020916] [trajectory_tracking]: RM_GridMap predicted-path replan requested: collision_samples=0 trajectory_age=5.02
[trajectory_generator_node-6] [Manager REPLAN]  cur position point (X, Y) = (-3.828191, -2.453936), target point (X, Y) = (-4.719000, 1.096000)
[trajectory_generator_node-6] [Manager REPLAN] target_temp (X, Y) = (-4.719000, 1.096000)
[trajectory_generator_node-6] [Manager REPLAN] robot 1.12m from path, full replan
[trajectory_generator_node-6] [Manager] start point, (x, y): (-3.83, -2.45)
[trajectory_generator_node-6] [Manager] receive target, (x, y): (-4.72, 1.10)
[trajectory_generator_node-6] [Topo]: m_graph before num: 1602
[trajectory_generator_node-6] [Topo]: dijkstra time: 0.022771
[trajectory_generator_node-6] [Topo]: topo search time: 0.908081
[trajectory_generator_node-6] [Topo]: m_graph num: 2544
[trajectory_generator_node-6] [DIAG] origin_path (Dijkstra) size: 4
[trajectory_generator_node-6] [DIAG]   origin[0]: (-3.828, -2.454, 0.015)
[trajectory_generator_node-6] [DIAG]   origin[1]: (-5.919, -0.604, 0.015)
[trajectory_generator_node-6] [DIAG]   origin[2]: (-5.769, -0.054, 0.015)
[trajectory_generator_node-6] [DIAG]   origin[3]: (-4.719, 1.096, 0.015)
[trajectory_generator_node-6] [DIAG] lineVisib(start→end DIRECT): false  colli=(-4.22,-0.80)
[trajectory_generator_node-6] [DIAG] direct line: 73 steps, 21 wall cells
[trajectory_generator_node-6] [smoothTopoPath] INPUT size=4
[trajectory_generator_node-6] [smoothTopoPath]   in[0]: (-3.828, -2.454, 0.015)
[trajectory_generator_node-6] [smoothTopoPath]   in[1]: (-5.919, -0.604, 0.015)
[trajectory_generator_node-6] [smoothTopoPath]   in[2]: (-5.769, -0.054, 0.015)
[trajectory_generator_node-6] [smoothTopoPath]   in[3]: (-4.719, 1.096, 0.015)
[trajectory_generator_node-6] [smoothTopoPath] lineVisib(start→end): false  colli=(-4.22,-0.80)
[trajectory_generator_node-6] [smoothTopoPath] stuck detected, skipping to topo[1]
[trajectory_generator_node-6] [smoothTopoPath] OUTPUT size=6, iter_count=5
[trajectory_generator_node-6] [smoothTopoPath]   out[0]: (-3.828, -2.454, 0.015)
[trajectory_generator_node-6] [smoothTopoPath]   out[1]: (-5.712, -1.188, 0.015)
[trajectory_generator_node-6] [smoothTopoPath]   out[2]: (-5.289, -1.162, 0.015)
[trajectory_generator_node-6] [smoothTopoPath]   out[3]: (-5.919, -0.604, 0.015)
[trajectory_generator_node-6] [smoothTopoPath]   out[4]: (-6.182, -0.429, 0.015)
[trajectory_generator_node-6] [smoothTopoPath]   out[5]: (-4.719, 1.096, 0.015)
[trajectory_generator_node-6] [DIAG] optimized_path (smoothTopoPath) size: 6
[trajectory_generator_node-6] [DIAG]   opt[0]: (-3.828, -2.454, 0.015)
[trajectory_generator_node-6] [DIAG]   opt[1]: (-5.712, -1.188, 0.015)
[trajectory_generator_node-6] [DIAG]   opt[2]: (-5.289, -1.162, 0.015)
[trajectory_generator_node-6] [DIAG]   opt[3]: (-5.919, -0.604, 0.015)
[trajectory_generator_node-6] [DIAG]   opt[4]: (-6.182, -0.429, 0.015)
[trajectory_generator_node-6] [DIAG]   opt[5]: (-4.719, 1.096, 0.015)
[trajectory_generator_node-6] optimized_path size: 6
[trajectory_generator_node-6] [Manager] reference_speed: (0.30)
[trajectory_generator_node-6] [LBFGS] search direction d: -0.000271467 -9.12375e-05   0.00024973 -0.000403816  0.000680595  -0.00134601   0.00576824  -0.00676298   0.00360892  0.000380872 -0.000802673   0.00594256 -0.000801229  0.000764586  6.48236e-05   0.00148703  -0.00377354   0.00085765  -0.00365447  0.000124204   8.1471e-05 -0.000143006  0.000140662 -9.12064e-05  0.000113383  -0.00139029   0.00195641   0.00148278  7.90938e-05  0.000734216  -0.00756149  -0.00203766   0.00115639  -0.00045614 -0.000329037  -0.00272661  0.000387136   -0.0035359   0.00997177  -0.00242552   0.00085425 -0.000576356   0.00128076  -0.00260892   0.00463025   0.00753878    0.0311434    0.0208574  -0.00541524   0.00245895  3.04139e-05 -0.000396572    0.0070653  -0.00305997   0.00206061   0.00154904  -0.00761195    0.0618172
[trajectory_generator_node-6] [Smooth Optimize] MINCO reaches max evaluations: Line search reaches the maximum try number, assumptions not satisfied or precision not achievable.
[trajectory_generator_node-6] [Smooth Optimize] MINCO: cost=2.6 total_T=19.548(init 19.021) max_drift=0.179 max_vel=0.5 segs=20
[trajectory_generator_node-6] [Smooth Resample] resample
[trajectory_generator_node-6] [Smooth Resample] 21 -> 11 waypoints, 10 time segs, max_turn=66.4 deg
[trajectory_generator_node-6] [Manager] optimizer generate time: 0.004094
[trajectory_generator_node-6] [Reference] path size : 11
[trajectory_generator_node-6] [Reference] solvePolyMatrix ENTER: N=10, path_size=11, trap_time_size=10
[trajectory_generator_node-6] [Reference]   path[0]=(-3.8282,-2.4539) path[1]=(-4.3270,-2.1190) t[0]=2.024389 state_vel=(-0.1852,0.1298)
[trajectory_generator_node-6] [Reference] banded solve done. b[0]=-0.105127 b[N]=-0.297425 b2[0]=0.058043 b2[N]=-0.363803
[trajectory_generator_node-6] [Reference] solvePolyMatrix EXIT: polyX[0]=[0.011025 -0.052563 -0.185196 -3.828191]
[trajectory_generator_node-6] [Reference] solvePolyMatrix ENTER: N=10, path_size=11, trap_time_size=10
[trajectory_generator_node-6] [Reference]   path[0]=(-3.8282,-2.4539) path[1]=(-4.3270,-2.1190) t[0]=2.024389 state_vel=(-0.1852,0.1298)
[trajectory_generator_node-6] [Reference] banded solve done. b[0]=-0.105869 b[N]=-0.248727 b2[0]=0.058894 b2[N]=-0.305162
[trajectory_generator_node-6] [Reference] solvePolyMatrix EXIT: polyX[0]=[0.011208 -0.052934 -0.185196 -3.828191]
[trajectory_generator_node-6] [Reference] solvePolyMatrix ENTER: N=10, path_size=11, trap_time_size=10
[trajectory_generator_node-6] [Reference]   path[0]=(-3.8282,-2.4539) path[1]=(-4.3270,-2.1190) t[0]=2.024389 state_vel=(-0.1852,0.1298)
[trajectory_generator_node-6] [Reference] banded solve done. b[0]=-0.105869 b[N]=-0.208377 b2[0]=0.058894 b2[N]=-0.256283
[trajectory_generator_node-6] [Reference] solvePolyMatrix EXIT: polyX[0]=[0.011209 -0.052935 -0.185196 -3.828191]
[trajectory_generator_node-6] [INFO] [1790449157.696410733] [trajectory_generation]: FSM published 10 trajectory pieces
[trajectory_tracking_node-8] [WARN] [1790449162.721119767] [trajectory_tracking]: RM_GridMap predicted-path replan requested: collision_samples=0 trajectory_age=5.02
[trajectory_generator_node-6] [Manager REPLAN]  cur position point (X, Y) = (-5.069487, -1.615020), target point (X, Y) = (-4.719000, 1.096000)
[trajectory_generator_node-6] [Manager REPLAN] target_temp (X, Y) = (-4.719000, 1.096000)
[trajectory_generator_node-6] [Manager REPLAN] path safe & target unchanged, re-anchoring from cur pos
[trajectory_generator_node-6] [LBFGS] search direction d:  0.000131974 -0.000213892   0.00104413 -0.000553862   0.00832031   0.00312888   0.00068906   0.00109835  0.000777144   0.00141975 -0.000420763  0.000682801   0.00496037  0.000177172 -0.000893707   0.00205108    0.0045301  -0.00036156  0.000797593 -0.000579735  -0.00482708 -0.000336823 -1.90797e-05  -2.3485e-05  0.000297969  0.000187471  0.000310205  9.43844e-05  -0.00879144  4.26529e-05  2.06643e-05 -1.62382e-05  3.07528e-06 -9.24923e-05
[trajectory_generator_node-6] [Smooth Optimize] MINCO reaches max evaluations: Line search reaches the maximum try number, assumptions not satisfied or precision not achievable.
[trajectory_generator_node-6] [Smooth Optimize] MINCO: cost=3.1 total_T=12.538(init 12.135) max_drift=0.171 max_vel=0.5 segs=12
[trajectory_generator_node-6] [Smooth Resample] resample
[trajectory_generator_node-6] [Smooth Resample] 13 -> 7 waypoints, 6 time segs, max_turn=56.8 deg
[trajectory_generator_node-6] [Reference] path size : 7
[trajectory_generator_node-6] [Reference] solvePolyMatrix ENTER: N=6, path_size=7, trap_time_size=6
[trajectory_generator_node-6] [Reference]   path[0]=(-5.0695,-1.6150) path[1]=(-5.4698,-1.2127) t[0]=2.006706 state_vel=(-0.2502,0.1548)
[trajectory_generator_node-6] [Reference] banded solve done. b[0]=0.126964 b[N]=-0.279728 b2[0]=0.061327 b2[N]=-0.300865
[trajectory_generator_node-6] [Reference] solvePolyMatrix EXIT: polyX[0]=[-0.019034 0.063482 -0.250213 -5.069487]
[trajectory_generator_node-6] [Reference] solvePolyMatrix ENTER: N=6, path_size=7, trap_time_size=6
[trajectory_generator_node-6] [Reference]   path[0]=(-5.0695,-1.6150) path[1]=(-5.4698,-1.2127) t[0]=2.006706 state_vel=(-0.2502,0.1548)
[trajectory_generator_node-6] [Reference] banded solve done. b[0]=0.126803 b[N]=-0.233462 b2[0]=0.061278 b2[N]=-0.252452
[trajectory_generator_node-6] [Reference] solvePolyMatrix EXIT: polyX[0]=[-0.018994 0.063402 -0.250213 -5.069487]
[trajectory_generator_node-6] [INFO] [1790449162.757690109] [trajectory_generation]: FSM published 6 trajectory pieces
[trajectory_tracking_node-8] [WARN] [1790449167.783592020] [trajectory_tracking]: RM_GridMap predicted-path replan requested: collision_samples=0 trajectory_age=5.01
[trajectory_generator_node-6] [Manager REPLAN]  cur position point (X, Y) = (-6.111011, -0.625959), target point (X, Y) = (-4.719000, 1.096000)
[trajectory_generator_node-6] [Manager REPLAN] target_temp (X, Y) = (-4.719000, 1.096000)
[trajectory_generator_node-6] [Manager REPLAN] path safe & target unchanged, re-anchoring from cur pos
[trajectory_generator_node-6] [LBFGS] search direction d: -0.000115783 -1.80152e-06  -0.00401154 -0.000255869   0.00335172   0.00670329  -0.00021435 -0.000129876  0.000288715  -0.00407257 -0.000392852   0.00125872   0.00450746   0.00146632  -0.00358993  -0.00130496    0.0110297  -0.00657448   0.00603771  0.000608541   -0.0112944     0.104297
[trajectory_generator_node-6] [Smooth Optimize] MINCO reaches max evaluations: Line search reaches the maximum try number, assumptions not satisfied or precision not achievable.
[trajectory_generator_node-6] [Smooth Optimize] MINCO: cost=1.6 total_T=8.531(init 7.618) max_drift=0.165 max_vel=0.4 segs=8
[trajectory_generator_node-6] [Smooth Resample] resample
[trajectory_generator_node-6] [Smooth Resample] 9 -> 5 waypoints, 4 time segs, max_turn=29.1 deg
[trajectory_generator_node-6] [Reference] path size : 5
[trajectory_generator_node-6] [Reference] solvePolyMatrix ENTER: N=4, path_size=5, trap_time_size=4
[trajectory_generator_node-6] [Reference]   path[0]=(-6.1110,-0.6260) path[1]=(-6.0508,-0.2353) t[0]=1.847410 state_vel=(-0.0813,0.1892)
[trajectory_generator_node-6] [Reference] banded solve done. b[0]=0.125028 b[N]=-0.161422 b2[0]=-0.011725 b2[N]=-0.214571
[trajectory_generator_node-6] [Reference] solvePolyMatrix EXIT: polyX[0]=[-0.000475 0.062514 -0.081259 -6.111011]
[trajectory_generator_node-6] [INFO] [1790449167.790001771] [trajectory_generation]: FSM published 4 trajectory pieces
[trajectory_tracking_node-8] [WARN] [1790449172.819293944] [trajectory_tracking]: RM_GridMap predicted-path replan requested: collision_samples=0 trajectory_age=5.01
[trajectory_generator_node-6] [Manager REPLAN]  cur position point (X, Y) = (-5.280995, 0.592526), target point (X, Y) = (-4.719000, 1.096000)
[trajectory_generator_node-6] [Manager REPLAN] target_temp (X, Y) = (-4.719000, 1.096000)
[trajectory_generator_node-6] [Manager REPLAN] path safe & target unchanged, re-anchoring from cur pos
[trajectory_generator_node-6] [Smooth Optimize] MINCO Optimization STOP: Success: reached convergence (g_epsilon).
[trajectory_generator_node-6] [Smooth Optimize] MINCO: cost=0.0 total_T=5.154(init 2.515) max_drift=0.000 max_vel=26.3 segs=3
[trajectory_generator_node-6] [Smooth Resample] resample
[trajectory_generator_node-6] [Smooth Resample] path too short (4 pts), keeping all
[trajectory_generator_node-6] [Reference] path size : 4
[trajectory_generator_node-6] [Reference] solvePolyMatrix ENTER: N=3, path_size=4, trap_time_size=3
[trajectory_generator_node-6] [Reference]   path[0]=(-5.2810,0.5925) path[1]=(-5.0572,0.7925) t[0]=1.153520 state_vel=(0.2287,0.1503)
[trajectory_generator_node-6] [Reference] banded solve done. b[0]=-0.056608 b[N]=-0.085163 b2[0]=0.105416 b2[N]=-0.080561
[trajectory_generator_node-6] [Reference] solvePolyMatrix EXIT: polyX[0]=[-0.001556 -0.028304 0.228745 -5.280995]
[trajectory_generator_node-6] [INFO] [1790449172.833009441] [trajectory_generation]: FSM published 3 trajectory pieces
[trajectory_tracking_node-8] [WARN] [1790449177.036968886] [trajectory_tracking]: trajectory tracking stopped: invalid coefficient array length
[trajectory_tracking_node-8] [WARN] [1790449179.053880603] [trajectory_tracking]: trajectory tracking stopped: no valid trajectory
[trajectory_tracking_node-8] [WARN] [1790449181.054461909] [trajectory_tracking]: trajectory tracking stopped: no valid trajectory
[trajectory_tracking_node-8] [WARN] [1790449183.054879113] [trajectory_tracking]: trajectory tracking stopped: no valid trajectory
[trajectory_tracking_node-8] [WARN] [1790449185.064967088] [trajectory_tracking]: trajectory tracking stopped: no valid trajectory
[trajectory_tracking_node-8] [WARN] [1790449187.058937920] [trajectory_tracking]: trajectory tracking stopped: no valid trajectory
[trajectory_tracking_node-8] [WARN] [1790449189.073335549] [trajectory_tracking]: trajectory tracking stopped: no valid trajectory
[trajectory_tracking_node-8] [WARN] [1790449191.073690663] [trajectory_tracking]: trajectory tracking stopped: no valid trajectory
[trajectory_tracking_node-8] [WARN] [1790449193.076526338] [trajectory_tracking]: trajectory tracking stopped: no valid trajectory
[trajectory_tracking_node-8] [WARN] [1790449195.070339273] [trajectory_tracking]: trajectory tracking stopped: no valid trajectory
[trajectory_tracking_node-8] [WARN] [1790449197.077514684] [trajectory_tracking]: trajectory tracking stopped: no valid trajectory
[trajectory_tracking_node-8] [WARN] [1790449199.085175788] [trajectory_tracking]: trajectory tracking stopped: no valid trajectory
[WARNING] [launch]: user interrupted with ctrl-c (SIGINT)
[hit_bridge-9] [INFO] [1790449199.951902645] [rclcpp]: signal_handler(SIGINT/SIGTERM)
[parameter_bridge-2] [INFO] [1790449199.952001196] [rclcpp]: signal_handler(SIGINT/SIGTERM)
[trajectory_generator_node-6] [INFO] [1790449199.954305597] [rclcpp]: signal_handler(SIGINT/SIGTERM)
[INFO] [autonomy_guard.py-10]: sending signal 'SIGINT' to process[autonomy_guard.py-10]
[INFO] [hit_bridge-9]: sending signal 'SIGINT' to process[hit_bridge-9]
[INFO] [trajectory_tracking_node-8]: sending signal 'SIGINT' to process[trajectory_tracking_node-8]
[INFO] [rviz_safe-7]: sending signal 'SIGINT' to process[rviz_safe-7]
[INFO] [trajectory_generator_node-6]: sending signal 'SIGINT' to process[trajectory_generator_node-6]
[INFO] [map_display.py-5]: sending signal 'SIGINT' to process[map_display.py-5]
[ERROR] [hit_bridge-9]: process has died [pid 50696, exit code -2, cmd '/home/liangys/RM_Sentry_2026/ros2_ws/install_sentry_autonomy/trajectory_tracking/lib/trajectory_tracking/hit_bridge --ros-args --params-file /tmp/launch_params_z0gy2c7t'].
[INFO] [cloud_adapter.py-4]: sending signal 'SIGINT' to process[cloud_adapter.py-4]
[INFO] [sim_adapter.py-3]: sending signal 'SIGINT' to process[sim_adapter.py-3]
[INFO] [parameter_bridge-2]: sending signal 'SIGINT' to process[parameter_bridge-2]
[INFO] [ign-1]: sending signal 'SIGINT' to process[ign-1]
[trajectory_tracking_node-8] [INFO] [1790449199.959087932] [rclcpp]: signal_handler(SIGINT/SIGTERM)
[trajectory_tracking_node-8] [INFO] [1790449200.000169660] [rclcpp]: signal_handler(SIGINT/SIGTERM)
[ERROR] [map_display.py-5]: process has died [pid 50688, exit code -2, cmd '/home/liangys/RM_Sentry_2026/ros2_ws/install_sentry_autonomy/sentry_gazebo/lib/sentry_gazebo/map_display.py --ros-args --params-file /tmp/launch_params_a7hbekug'].
[ERROR] [cloud_adapter.py-4]: process has died [pid 50686, exit code -2, cmd '/home/liangys/RM_Sentry_2026/ros2_ws/install_sentry_autonomy/sentry_gazebo/lib/sentry_gazebo/cloud_adapter.py --ros-args --params-file /tmp/launch_params_905795nu'].
[ERROR] [sim_adapter.py-3]: process has died [pid 50684, exit code -2, cmd '/home/liangys/RM_Sentry_2026/ros2_ws/install_sentry_autonomy/sentry_gazebo/lib/sentry_gazebo/sim_adapter.py --ros-args --params-file /tmp/launch_params_eme_f6qi'].
[autonomy_guard.py-10] Traceback (most recent call last):
[autonomy_guard.py-10]   File "/home/liangys/RM_Sentry_2026/ros2_ws/install_sentry_autonomy/sentry_gazebo/lib/sentry_gazebo/autonomy_guard.py", line 277, in <module>
[autonomy_guard.py-10]     main()
[autonomy_guard.py-10]   File "/home/liangys/RM_Sentry_2026/ros2_ws/install_sentry_autonomy/sentry_gazebo/lib/sentry_gazebo/autonomy_guard.py", line 273, in main
[autonomy_guard.py-10]     node.destroy_node()
[autonomy_guard.py-10]   File "/opt/ros/humble/local/lib/python3.10/dist-packages/rclpy/node.py", line 1687, in destroy_node
[autonomy_guard.py-10]     self.destroy_subscription(self._subscriptions[0])
[autonomy_guard.py-10]   File "/opt/ros/humble/local/lib/python3.10/dist-packages/rclpy/node.py", line 1583, in destroy_subscription
[autonomy_guard.py-10]     subscription.destroy()
[autonomy_guard.py-10]   File "/opt/ros/humble/local/lib/python3.10/dist-packages/rclpy/subscription.py", line 80, in destroy
[autonomy_guard.py-10]     self.handle.destroy_when_not_in_use()
[autonomy_guard.py-10] KeyboardInterrupt
[parameter_bridge-2] [INFO] [1790449200.059657580] [rclcpp]: signal_handler(SIGINT/SIGTERM)
[ERROR] [trajectory_generator_node-6]: process has died [pid 50690, exit code -2, cmd '/home/liangys/RM_Sentry_2026/ros2_ws/install_sentry_autonomy/trajectory_generation/lib/trajectory_generation/trajectory_generator_node --ros-args -r __node:=trajectory_generation --params-file /home/liangys/RM_Sentry_2026/ros2_ws/install_sentry_autonomy/trajectory_generation/share/trajectory_generation/config/global_planning.yaml --params-file /home/liangys/RM_Sentry_2026/ros2_ws/install_sentry_autonomy/trajectory_generation/share/trajectory_generation/config/map_metadata.yaml --params-file /home/liangys/RM_Sentry_2026/ros2_ws/install_sentry_autonomy/sentry_gazebo/share/sentry_gazebo/config/autonomy.yaml --params-file /tmp/launch_params_5ocg96v_'].
[INFO] [parameter_bridge-2]: process has finished cleanly [pid 50682]
[ERROR] [autonomy_guard.py-10]: process has died [pid 50698, exit code -2, cmd '/home/liangys/RM_Sentry_2026/ros2_ws/install_sentry_autonomy/sentry_gazebo/lib/sentry_gazebo/autonomy_guard.py --ros-args --params-file /tmp/launch_params_ivad6od0'].
[INFO] [trajectory_tracking_node-8]: process has finished cleanly [pid 50694]
[INFO] [rviz_safe-7]: process has finished cleanly [pid 50692]
[ign-1] [1;32m[Msg] [0m[1;32mFo[1;32m[Msg] [0m[1;32mIgnition Gazebo GUI    v[0m[1;32m6.18.0[0m[1;32m[0m
[ign-1] [1;32m[GUI] [0m[1;32m[Msg] [0m[1;32mLoading config [[0m[1;32m/home/liangys/RM_Sentry_2026/ros2_ws/install_sentry_autonomy/sentry_gazebo/share/sentry_gazebo/config/autonomy-gui.config[0m[1;32m][0m[1;32m[0m
[ign-1] [1;32m[GUI] [0m[1;32m[Msg] [0m[1;32mAdded plugin [[0m[1;32mRM Sentry - Basic Navigation[0m[1;32m] to main window[0m[1;32m[0m
[ign-1] [1;32m[GUI] [0m[1;32m[Msg] [0m[1;32mLoaded plugin [[0m[1;32mMinimalScene[0m[1;32m] from path [[0m[1;32m/usr/lib/x86_64-linux-gnu/ign-gui-6/plugins/libMinimalScene.so[0m[1;32m][0m[1;32m[0m
[ign-1] [1;32m[GUI] [0m[1;32m[Msg] [0m[1;32mAdded plugin [[0m[1;32mScene Manager[0m[1;32m] to main window[0m[1;32m[0m
[ign-1] [1;32m[GUI] [0m[1;32m[Msg] [0m[1;32mLoaded plugin [[0m[1;32mGzSceneManager[0m[1;32m] from path [[0m[1;32m/usr/lib/x86_64-linux-gnu/ign-gazebo-6/plugins/gui/libGzSceneManager.so[0m[1;32m][0m[1;32m[0m
[ign-1] [1;32m[GUI] [0m[1;32m[Msg] [0m[1;32mCamera view controller topic advertised on [[0m[1;32m/gui/camera/view_control[0m[1;32m][0m[1;32m[0m
[ign-1] [1;32m[GUI] [0m[1;32m[Msg] [0m[1;32mCamera reference visual topic advertised on [[0m[1;32m/gui/camera/view_control/reference_visual[0m[1;32m][0m[1;32m[0m
[ign-1] [1;32m[GUI] [0m[1;32m[Msg] [0m[1;32mCamera view control sensitivity advertised on [[0m[1;32m/gui/camera/view_control/sensitivity[0m[1;32m][0m[1;32m[0m
[ign-1] [1;32m[GUI] [0m[1;32m[Msg] [0m[1;32mAdded plugin [[0m[1;32mInteractive view control[0m[1;32m] to main window[0m[1;32m[0m
[ign-1] [1;32m[GUI] [0m[1;32m[Msg] [0m[1;32mLoaded plugin [[0m[1;32mInteractiveViewControl[0m[1;32m] from path [[0m[1;32m/usr/lib/x86_64-linux-gnu/ign-gui-6/plugins/libInteractiveViewControl.so[0m[1;32m][0m[1;32m[0m
[ign-1] [1;32m[GUI] [0m[1;32m[Msg] [0m[1;32mUsing world control service [[0m[1;32m/world/sentry_planning/control[0m[1;32m][0m[1;32m[0m
[ign-1] [1;32m[GUI] [0m[1;32m[Msg] [0m[1;32mListening to stats on [[0m[1;32m/world/sentry_planning/stats[0m[1;32m][0m[1;32m[0m
[ign-1] [1;32m[GUI] [0m[1;32m[Msg] [0m[1;32mAdded plugin [[0m[1;32mWorld control[0m[1;32m] to main window[0m[1;32m[0m
[ign-1] [1;32m[GUI] [0m[1;32m[Msg] [0m[1;32mLoaded plugin [[0m[1;32mWorldControl[0m[1;32m] from path [[0m[1;32m/usr/lib/x86_64-linux-gnu/ign-gui-6/plugins/libWorldControl.so[0m[1;32m][0m[1;32m[0m
[ign-1] [1;32m[GUI] [0m[1;32m[Msg] [0m[1;32mListening to stats on [[0m[1;32m/world/sentry_planning/stats[0m[1;32m][0m[1;32m[0m
[ign-1] [1;32m[GUI] [0m[1;32m[Msg] [0m[1;32mAdded plugin [[0m[1;32mWorld stats[0m[1;32m] to main window[0m[1;32m[0m
[ign-1] [1;32m[GUI] [0m[1;32m[Msg] [0m[1;32mLoaded plugin [[0m[1;32mWorldStats[0m[1;32m] from path [[0m[1;32m/usr/lib/x86_64-linux-gnu/ign-gui-6/plugins/libWorldStats.so[0m[1;32m][0m[1;32m[0m
[ign-1] [1;32m[GUI] [0m[1;32m[Msg] [0m[1;32mUsing server control service [[0m[1;32m/server_control[0m[1;32m][0m[1;32m[0m
[ign-1] [1;32m[GUI] [0m[1;32m[Msg] [0m[1;32mLoading plugin [[0m[1;32mignition-rendering-ogre2[0m[1;32m][0m[1;32m[0m
[ign-1] [1;32m[GUI] [0m[1;32m[Msg] [0m[1;32mLoading plugin [[0m[1;32mignition-rendering-ogre2[0m[1;32m][0m[1;32m[0m
[ign-1] [1;32m[GUI] [0m[1;32m[Msg] [0m[1;32mLoading plugin [[0m[1;32mignition-rendering-ogre2[0m[1;32m][0m[1;32m[0m
[ign-1] [1;32m[GUI] [0m[1;32m[Msg] [0m[1;32mLoading plugin [[0m[1;32mignition-rendering-ogre2[0m[1;32m][0m[1;32m[0m
[ign-1] und no publishers on /clock, adding root clock topic[0m[1;32m[0m
[ign-1] [1;32m[Msg] [0m[1;32mServing scene information on [[0m[1;32m/world/sentry_planning[0m[1;32m/[0m[1;32mscene/info[0m[1;32m][0m[1;32m[0m
[ign-1] [1;32m[Msg] [0m[1;32mServing graph information on [[0m[1;32m/world/sentry_planning[0m[1;32m/[0m[1;32mscene/graph[0m[1;32m][0m[1;32m[0m
[ign-1] [1;32m[Msg] [0m[1;32mServing full state on [[0m[1;32m/world/sentry_planning[0m[1;32m/[0m[1;32mstate[0m[1;32m][0m[1;32m[0m
[ign-1] [1;32m[Msg] [0m[1;32mServing full state (async) on [[0m[1;32m/world/sentry_planning[0m[1;32m/[0m[1;32mstate_async[0m[1;32m][0m[1;32m[0m
[ign-1] [1;32m[Msg] [0m[1;32mPublishing scene information on [[0m[1;32m/world/sentry_planning/scene/info[0m[1;32m][0m[1;32m[0m
[ign-1] [1;32m[Msg] [0m[1;32mPublishing entity deletions on [[0m[1;32m/world/sentry_planning/scene/deletion[0m[1;32m][0m[1;32m[0m
[ign-1] [1;32m[Msg] [0m[1;32mLoading plugin [[0m[1;32mignition-rendering-ogre2[0m[1;32m][0m[1;32m[0m
[ign-1] [1;32m[Msg] [0m[1;32mPublishing state changes on [[0m[1;32m/world/sentry_planning/state[0m[1;32m][0m[1;32m[0m
[ign-1] [1;32m[Msg] [0m[1;32mPublishing pose messages on [[0m[1;32m/world/sentry_planning[0m[1;32m/[0m[1;32mpose/info[0m[1;32m][0m[1;32m[0m
[ign-1] [1;32m[Msg] [0m[1;32mPublishing dynamic pose messages on [[0m[1;32m/world/sentry_planning[0m[1;32m/[0m[1;32mdynamic_pose/info[0m[1;32m][0m[1;32m[0m
[ign-1] /usr/lib/ruby/ignition/cmdgazebo6.rb:183:in `kill': No such process (Errno::ESRCH)
[ign-1] 	from /usr/lib/ruby/ignition/cmdgazebo6.rb:183:in `killProcess'
[ign-1] 	from /usr/lib/ruby/ignition/cmdgazebo6.rb:509:in `handle_signal'
[ign-1] 	from /usr/lib/ruby/ignition/cmdgazebo6.rb:514:in `block in execute'
[ign-1] 	from /usr/lib/ruby/ignition/cmdgazebo6.rb:524:in `wait2'
[ign-1] 	from /usr/lib/ruby/ignition/cmdgazebo6.rb:524:in `execute'
[ign-1] 	from /usr/bin/ign:301:in `<main>'
[ERROR] [ign-1]: process has died [pid 50680, exit code 1, cmd 'ign gazebo -r -v 3 /home/liangys/RM_Sentry_2026/ros2_ws/install_sentry_autonomy/sentry_gazebo/share/sentry_gazebo/worlds/planning.sdf --gui-config /home/liangys/RM_Sentry_2026/ros2_ws/install_sentry_autonomy/sentry_gazebo/share/sentry_gazebo/config/autonomy-gui.config'].
