[INFO] [launch]: All log files can be found below /home/liangys/.ros/log/2026-09-26-14-13-50-400854-ubuntu64-oc-44938
[INFO] [launch]: Default logging verbosity is set to INFO
[INFO] [ign-1]: process started with pid [44992]
[INFO] [parameter_bridge-2]: process started with pid [44994]
[INFO] [sim_adapter.py-3]: process started with pid [44996]
[INFO] [cloud_adapter.py-4]: process started with pid [44998]
[INFO] [map_display.py-5]: process started with pid [45000]
[INFO] [trajectory_generator_node-6]: process started with pid [45002]
[INFO] [rviz_safe-7]: process started with pid [45004]
[INFO] [trajectory_tracking_node-8]: process started with pid [45006]
[INFO] [hit_bridge-9]: process started with pid [45008]
[INFO] [autonomy_guard.py-10]: process started with pid [45010]
[trajectory_tracking_node-8] [SentryRobotInterface] Loading task file: "/home/liangys/RM_Sentry_2026/ros2_ws/install_sentry_autonomy/trajectory_tracking/share/trajectory_tracking/cfg/task.info"
[trajectory_tracking_node-8] x_init:   5 8 0 0
[trajectory_tracking_node-8] 
[trajectory_tracking_node-8]  #### Multiple-Shooting SQP Settings:
[trajectory_tracking_node-8]  #### =============================================================================
[trajectory_tracking_node-8]  #### 'sqpIteration'...........................................................8
[trajectory_tracking_node-8]  #### 'deltaTol'...........................................................1e-06
[trajectory_tracking_node-8]  #### 'alpha_decay'..........................................................0.5 (default)
[trajectory_tracking_node-8]  #### 'alpha_min'.........................................................0.0001 (default)
[trajectory_tracking_node-8]  #### 'gamma_c'............................................................1e-06 (default)
[trajectory_tracking_node-8]  #### 'g_max'..............................................................1e+06 (default)
[trajectory_tracking_node-8]  #### 'g_min'..............................................................1e-06
[trajectory_tracking_node-8]  #### 'armijoFactor'......................................................0.0001 (default)
[trajectory_tracking_node-8]  #### 'costTol'...........................................................0.0001
[trajectory_tracking_node-8]  #### 'dt'...................................................................0.1
[trajectory_tracking_node-8]  #### 'useFeedbackPolicy'......................................................1
[trajectory_tracking_node-8]  #### 'createValueFunction'....................................................0 (default)
[trajectory_tracking_node-8]  #### 'integratorType'.......................................................RK2
[trajectory_tracking_node-8]  #### 'inequalityConstraintMu'...............................................0.1
[trajectory_tracking_node-8]  #### 'inequalityConstraintDelta'............................................0.2
[trajectory_tracking_node-8]  #### 'projectStateInputEqualityConstraints'...................................1
[trajectory_tracking_node-8]  #### 'extractProjectionMultiplier'............................................0 (default)
[trajectory_tracking_node-8]  #### 'printSolverStatus'......................................................0
[trajectory_tracking_node-8]  #### 'printSolverStatistics'..................................................0
[trajectory_tracking_node-8]  #### 'printLinesearch'........................................................0
[trajectory_tracking_node-8]  #### 'enableLogging'..........................................................1 (default)
[trajectory_tracking_node-8]  #### 'logSize'.............................................................1000 (default)
[trajectory_tracking_node-8]  #### 'logFilePath'.........................................../tmp/ocs2/sqp_log/ (default)
[trajectory_tracking_node-8]  #### 'nThreads'...............................................................2
[trajectory_tracking_node-8]  #### 'threadPriority'........................................................50
[trajectory_tracking_node-8] 
[trajectory_tracking_node-8]  #### HPIPM Settings:
[trajectory_tracking_node-8]  #### =============================================================================
[trajectory_tracking_node-8]  #### 'mode'...................................................................1 (default)
[trajectory_tracking_node-8]  #### 'iter_max'..............................................................30 (default)
[trajectory_tracking_node-8]  #### 'alpha_min'..........................................................1e-12 (default)
[trajectory_tracking_node-8]  #### 'mu0'...................................................................10 (default)
[trajectory_tracking_node-8]  #### 'tol_stat'...........................................................1e-06 (default)
[trajectory_tracking_node-8]  #### 'tol_eq'.............................................................1e-08 (default)
[trajectory_tracking_node-8]  #### 'tol_ineq'...........................................................1e-08 (default)
[trajectory_tracking_node-8]  #### 'tol_comp'...........................................................1e-08 (default)
[trajectory_tracking_node-8]  #### 'reg_prim'...........................................................1e-12 (default)
[trajectory_tracking_node-8]  #### 'warm_start'.............................................................0 (default)
[trajectory_tracking_node-8]  #### 'pred_corr'..............................................................1 (default)
[trajectory_tracking_node-8]  #### 'ric_alg'................................................................0 (default)
[trajectory_tracking_node-8]  #### =============================================================================
[trajectory_tracking_node-8]  #### =============================================================================
[trajectory_tracking_node-8] 
[trajectory_tracking_node-8]  #### MPC Settings:
[trajectory_tracking_node-8]  #### =============================================================================
[trajectory_tracking_node-8]  #### 'timeHorizon'............................................................2
[trajectory_tracking_node-8]  #### 'solutionTimeWindow'.....................................................2
[trajectory_tracking_node-8]  #### 'coldStart'..............................................................0
[trajectory_tracking_node-8]  #### 'debugPrint'.............................................................0
[trajectory_tracking_node-8]  #### 'mpcDesiredFrequency'..................................................100
[trajectory_tracking_node-8]  #### 'mrtDesiredFrequency'..................................................400
[trajectory_tracking_node-8]  #### =============================================================================
[trajectory_tracking_node-8] 
[trajectory_tracking_node-8]  #### Rollout Settings: 
[trajectory_tracking_node-8]  #### =============================================================================
[trajectory_tracking_node-8]  #### 'AbsTolODE'..........................................................1e-05
[trajectory_tracking_node-8]  #### 'RelTolODE'..........................................................0.001
[trajectory_tracking_node-8]  #### 'maxNumStepsPerSecond'...............................................10000
[trajectory_tracking_node-8]  #### 'timeStep'............................................................0.02
[trajectory_tracking_node-8]  #### 'integratorType'.....................................................ODE45 (default)
[trajectory_tracking_node-8]  #### 'checkNumericalStability'................................................1
[trajectory_tracking_node-8]  #### 'reconstructInputTrajectory'.............................................1 (default)
[trajectory_tracking_node-8]  #### 'rootFindingAlgorithm'...................................................0 (default)
[trajectory_tracking_node-8]  #### 'maxSingleEventIterations'..............................................10 (default)
[trajectory_tracking_node-8]  #### 'useTrajectorySpreadingController'.......................................0 (default)
[trajectory_tracking_node-8]  #### =============================================================================
[trajectory_tracking_node-8] WARNING: Loaded at least one default value in matrix: "Q"
[trajectory_tracking_node-8] WARNING: Loaded at least one default value in matrix: "R"
[trajectory_tracking_node-8] WARNING: Loaded at least one default value in matrix: "Q_final"
[trajectory_tracking_node-8] Q:  
[trajectory_tracking_node-8] 150   0   0   0
[trajectory_tracking_node-8]   0 150   0   0
[trajectory_tracking_node-8]   0   0  60   0
[trajectory_tracking_node-8]   0   0   0  80
[trajectory_tracking_node-8] R:  
[trajectory_tracking_node-8]  1.5    0
[trajectory_tracking_node-8]    0 0.15
[trajectory_tracking_node-8] Qf: 
[trajectory_tracking_node-8] 150   0   0   0
[trajectory_tracking_node-8]   0 150   0   0
[trajectory_tracking_node-8]   0   0  60   0
[trajectory_tracking_node-8]   0   0   0  80
[trajectory_tracking_node-8] m_height_bias: 0.0152941 m_height_interval: 1.5 m_height_threshold: 0.08 height_sencond_high_threshold: 0.2
[trajectory_generator_node-6] [Manager Init] map/file_path: 
[trajectory_generator_node-6] [Manager Init] map/occ_file_path: /home/liangys/RM_Sentry_2026/ros2_ws/install_sentry_autonomy/trajectory_generation/share/trajectory_generation/map/occfinal.png
[trajectory_generator_node-6] [Manager Init] map/bev_file_path: /home/liangys/RM_Sentry_2026/ros2_ws/install_sentry_autonomy/trajectory_generation/share/trajectory_generation/map/bevfinal.png
[trajectory_generator_node-6] [Manager Init] map/distance_map_file_path: /home/liangys/RM_Sentry_2026/ros2_ws/install_sentry_autonomy/trajectory_generation/share/trajectory_generation/map/occtopo.png
[trajectory_generator_node-6] m_height_bias: 0.0152941 m_height_interval: 1.5 m_height_threshold: 0.08 height_sencond_high_threshold: 0.2
[trajectory_generator_node-6] map swell done
[trajectory_generator_node-6] second_heights_points: 10
[trajectory_generator_node-6] xmax: 0.781 xmin: -0.719 ymax: -3.154 ymin: -5.354
[trajectory_generator_node-6] [Map Build] bev build done
[trajectory_generator_node-6] R.rows 400 R.cols 400
[trajectory_generator_node-6] start topo sample map
[trajectory_generator_node-6] [GridMap] topo_sample_map size: 185
[trajectory_generator_node-6] [GridMap] topo_keypoint size: 1603
[trajectory_tracking_node-8] map swell done
[trajectory_tracking_node-8] second_heights_points: 10
[trajectory_tracking_node-8] xmax: 0.781 xmin: -0.719 ymax: -3.154 ymin: -5.354
[trajectory_tracking_node-8] [Map Build] bev build done
[trajectory_tracking_node-8] R.rows 400 R.cols 400
[trajectory_tracking_node-8] start topo sample map
[trajectory_tracking_node-8] [GridMap] topo_sample_map size: 185
[trajectory_tracking_node-8] [GridMap] topo_keypoint size: 1603
[ign-1] [1;33m[GUI] [Wrn] [Application.cc:802] [0m[1;33m[QT] file::/Gazebo/GazeboDrawer.qml:242:3: QML Connections: Implicitly defined onFoo properties in Connections are deprecated. Use this syntax instead: function onFoo(<arguments>) { ... }[0m[1;33m[0m
[sim_adapter.py-3] [INFO] [1790446431.378758749] [sentry_sim_adapter]: Ideal planar simulator: 0.5 s wall-time watchdog, 50 Hz feedback
[rviz_safe-7] [rviz_common:debug] Load pixmap at package://rviz_common/images/splash_overlay.png, at ./src/rviz_common/load_resource.cpp:71
[rviz_safe-7] [rviz_common:debug] Available Renderers(1): OpenGL Rendering Subsystem, at ./src/rviz_rendering/render_system.cpp:301
[rviz_safe-7] [rviz_common:info] Stereo is NOT SUPPORTED, at ./src/rviz_rendering/render_system.cpp:543
[rviz_safe-7] [rviz_common:info] OpenGl version: 4.5 (GLSL 4.5), at ./src/rviz_rendering/render_system.cpp:284
[rviz_safe-7] [rviz_common:debug] Load pixmap at package://rviz_common/icons/plus.png, at ./src/rviz_common/load_resource.cpp:71
[rviz_safe-7] [rviz_common:debug] Load pixmap at package://rviz_common/icons/minus.png, at ./src/rviz_common/load_resource.cpp:71
[rviz_safe-7] [rviz_common:info] Stereo is NOT SUPPORTED, at ./src/rviz_rendering/render_system.cpp:543
[rviz_safe-7] [rviz_common:debug] Load pixmap at package://rviz_default_plugins/icons/classes/TF.svg, at ./src/rviz_common/load_resource.cpp:71
[rviz_safe-7] [rviz_common:debug] Error retrieving file [file:///opt/ros/humble/share/rviz_default_plugins/icons/classes/TF.svg]: Couldn't open file /opt/ros/humble/share/rviz_default_plugins/icons/classes/TF.svg, at ./src/rviz_common/load_resource.cpp:55
[rviz_safe-7] [rviz_common:debug] Load pixmap at package://rviz_default_plugins/icons/classes/TF.png, at ./src/rviz_common/load_resource.cpp:71
[rviz_safe-7] [rviz_common:debug] Load pixmap at package://rviz_common/icons/classes/Identity.svg, at ./src/rviz_common/load_resource.cpp:71
[rviz_safe-7] [rviz_common:debug] Error retrieving file [file:///opt/ros/humble/share/rviz_common/icons/classes/Identity.svg]: Couldn't open file /opt/ros/humble/share/rviz_common/icons/classes/Identity.svg, at ./src/rviz_common/load_resource.cpp:55
[rviz_safe-7] [rviz_common:debug] Load pixmap at package://rviz_common/icons/classes/Identity.png, at ./src/rviz_common/load_resource.cpp:71
[rviz_safe-7] [rviz_common:debug] Error retrieving file [file:///opt/ros/humble/share/rviz_common/icons/classes/Identity.png]: Couldn't open file /opt/ros/humble/share/rviz_common/icons/classes/Identity.png, at ./src/rviz_common/load_resource.cpp:55
[rviz_safe-7] [rviz_common:debug] Load pixmap at package://rviz_common/icons/default_class_icon.png, at ./src/rviz_common/load_resource.cpp:71
[rviz_safe-7] [rviz_common:debug] Load pixmap at package://rviz_common/icons/options.png, at ./src/rviz_common/load_resource.cpp:71
[rviz_safe-7] [rviz_common:debug] Load pixmap at package://rviz_common/icons/ok.png, at ./src/rviz_common/load_resource.cpp:71
[rviz_safe-7] [rviz_common:debug] Load pixmap at package://rviz_common/icons/warning.png, at ./src/rviz_common/load_resource.cpp:71
[rviz_safe-7] [rviz_common:debug] Load pixmap at package://rviz_common/icons/error.png, at ./src/rviz_common/load_resource.cpp:71
[rviz_safe-7] [rviz_common:debug] Load pixmap at package://rviz_default_plugins/icons/classes/Orbit.svg, at ./src/rviz_common/load_resource.cpp:71
[rviz_safe-7] [rviz_common:debug] Error retrieving file [file:///opt/ros/humble/share/rviz_default_plugins/icons/classes/Orbit.svg]: Couldn't open file /opt/ros/humble/share/rviz_default_plugins/icons/classes/Orbit.svg, at ./src/rviz_common/load_resource.cpp:55
[rviz_safe-7] [rviz_common:debug] Load pixmap at package://rviz_default_plugins/icons/classes/Orbit.png, at ./src/rviz_common/load_resource.cpp:71
[rviz_safe-7] [rviz_common:debug] Error retrieving file [file:///opt/ros/humble/share/rviz_default_plugins/icons/classes/Orbit.png]: Couldn't open file /opt/ros/humble/share/rviz_default_plugins/icons/classes/Orbit.png, at ./src/rviz_common/load_resource.cpp:55
[rviz_safe-7] [rviz_common:debug] Load pixmap at package://rviz_common/icons/rotate.svg, at ./src/rviz_common/load_resource.cpp:71
[rviz_safe-7] [rviz_common:debug] Load pixmap at package://rviz_common/icons/cursor.svg, at ./src/rviz_common/load_resource.cpp:71
[rviz_safe-7] [rviz_common:debug] Load pixmap at package://rviz_common/icons/rotate_cam.svg, at ./src/rviz_common/load_resource.cpp:71
[rviz_safe-7] [rviz_common:debug] Load pixmap at package://rviz_common/icons/move2d.svg, at ./src/rviz_common/load_resource.cpp:71
[rviz_safe-7] [rviz_common:debug] Load pixmap at package://rviz_common/icons/move_z.svg, at ./src/rviz_common/load_resource.cpp:71
[rviz_safe-7] [rviz_common:debug] Load pixmap at package://rviz_common/icons/zoom.svg, at ./src/rviz_common/load_resource.cpp:71
[rviz_safe-7] [rviz_common:debug] Load pixmap at package://rviz_common/icons/crosshair.svg, at ./src/rviz_common/load_resource.cpp:71
[rviz_safe-7] [rviz_common:debug] Load pixmap at package://rviz_default_plugins/icons/classes/FocusCamera.svg, at ./src/rviz_common/load_resource.cpp:71
[rviz_safe-7] [rviz_common:debug] Load pixmap at package://rviz_default_plugins/icons/classes/Interact.svg, at ./src/rviz_common/load_resource.cpp:71
[rviz_safe-7] [rviz_common:debug] Error retrieving file [file:///opt/ros/humble/share/rviz_default_plugins/icons/classes/Interact.svg]: Couldn't open file /opt/ros/humble/share/rviz_default_plugins/icons/classes/Interact.svg, at ./src/rviz_common/load_resource.cpp:55
[rviz_safe-7] [rviz_common:debug] Load pixmap at package://rviz_default_plugins/icons/classes/Interact.png, at ./src/rviz_common/load_resource.cpp:71
[rviz_safe-7] [rviz_common:debug] Load pixmap at package://rviz_default_plugins/icons/classes/Measure.svg, at ./src/rviz_common/load_resource.cpp:71
[rviz_safe-7] [rviz_common:debug] Load pixmap at package://rviz_default_plugins/icons/classes/MoveCamera.svg, at ./src/rviz_common/load_resource.cpp:71
[rviz_safe-7] [rviz_common:debug] Error retrieving file [file:///opt/ros/humble/share/rviz_default_plugins/icons/classes/MoveCamera.svg]: Couldn't open file /opt/ros/humble/share/rviz_default_plugins/icons/classes/MoveCamera.svg, at ./src/rviz_common/load_resource.cpp:55
[rviz_safe-7] [rviz_common:debug] Load pixmap at package://rviz_default_plugins/icons/classes/MoveCamera.png, at ./src/rviz_common/load_resource.cpp:71
[rviz_safe-7] [rviz_common:debug] Load pixmap at package://rviz_default_plugins/icons/classes/PublishPoint.svg, at ./src/rviz_common/load_resource.cpp:71
[rviz_safe-7] [rviz_common:debug] Load pixmap at package://rviz_default_plugins/icons/classes/Select.svg, at ./src/rviz_common/load_resource.cpp:71
[rviz_safe-7] [rviz_common:debug] Error retrieving file [file:///opt/ros/humble/share/rviz_default_plugins/icons/classes/Select.svg]: Couldn't open file /opt/ros/humble/share/rviz_default_plugins/icons/classes/Select.svg, at ./src/rviz_common/load_resource.cpp:55
[rviz_safe-7] [rviz_common:debug] Load pixmap at package://rviz_default_plugins/icons/classes/Select.png, at ./src/rviz_common/load_resource.cpp:71
[rviz_safe-7] [rviz_common:debug] Load pixmap at package://rviz_default_plugins/icons/classes/SetGoal.svg, at ./src/rviz_common/load_resource.cpp:71
[rviz_safe-7] [rviz_common:debug] Error retrieving file [file:///opt/ros/humble/share/rviz_default_plugins/icons/classes/SetGoal.svg]: Couldn't open file /opt/ros/humble/share/rviz_default_plugins/icons/classes/SetGoal.svg, at ./src/rviz_common/load_resource.cpp:55
[rviz_safe-7] [rviz_common:debug] Load pixmap at package://rviz_default_plugins/icons/classes/SetGoal.png, at ./src/rviz_common/load_resource.cpp:71
[rviz_safe-7] [rviz_common:debug] Load pixmap at package://rviz_default_plugins/icons/classes/SetInitialPose.svg, at ./src/rviz_common/load_resource.cpp:71
[rviz_safe-7] [rviz_common:debug] Error retrieving file [file:///opt/ros/humble/share/rviz_default_plugins/icons/classes/SetInitialPose.svg]: Couldn't open file /opt/ros/humble/share/rviz_default_plugins/icons/classes/SetInitialPose.svg, at ./src/rviz_common/load_resource.cpp:55
[rviz_safe-7] [rviz_common:debug] Load pixmap at package://rviz_default_plugins/icons/classes/SetInitialPose.png, at ./src/rviz_common/load_resource.cpp:71
[rviz_safe-7] [rviz_common:debug] Load pixmap at package://rviz_default_plugins/icons/classes/Map.svg, at ./src/rviz_common/load_resource.cpp:71
[rviz_safe-7] [rviz_common:debug] Error retrieving file [file:///opt/ros/humble/share/rviz_default_plugins/icons/classes/Map.svg]: Couldn't open file /opt/ros/humble/share/rviz_default_plugins/icons/classes/Map.svg, at ./src/rviz_common/load_resource.cpp:55
[rviz_safe-7] [rviz_common:debug] Load pixmap at package://rviz_default_plugins/icons/classes/Map.png, at ./src/rviz_common/load_resource.cpp:71
[rviz_safe-7] [rviz_common:debug] Load pixmap at package://rviz_default_plugins/icons/classes/Grid.svg, at ./src/rviz_common/load_resource.cpp:71
[rviz_safe-7] [rviz_common:debug] Error retrieving file [file:///opt/ros/humble/share/rviz_default_plugins/icons/classes/Grid.svg]: Couldn't open file /opt/ros/humble/share/rviz_default_plugins/icons/classes/Grid.svg, at ./src/rviz_common/load_resource.cpp:55
[rviz_safe-7] [rviz_common:debug] Load pixmap at package://rviz_default_plugins/icons/classes/Grid.png, at ./src/rviz_common/load_resource.cpp:71
[rviz_safe-7] [rviz_common:debug] Load pixmap at package://rviz_default_plugins/icons/classes/PointCloud2.svg, at ./src/rviz_common/load_resource.cpp:71
[rviz_safe-7] [rviz_common:debug] Error retrieving file [file:///opt/ros/humble/share/rviz_default_plugins/icons/classes/PointCloud2.svg]: Couldn't open file /opt/ros/humble/share/rviz_default_plugins/icons/classes/PointCloud2.svg, at ./src/rviz_common/load_resource.cpp:55
[rviz_safe-7] [rviz_common:debug] Load pixmap at package://rviz_default_plugins/icons/classes/PointCloud2.png, at ./src/rviz_common/load_resource.cpp:71
[rviz_safe-7] [rviz_common:debug] Load pixmap at package://rviz_default_plugins/icons/classes/Pose.svg, at ./src/rviz_common/load_resource.cpp:71
[rviz_safe-7] [rviz_common:debug] Error retrieving file [file:///opt/ros/humble/share/rviz_default_plugins/icons/classes/Pose.svg]: Couldn't open file /opt/ros/humble/share/rviz_default_plugins/icons/classes/Pose.svg, at ./src/rviz_common/load_resource.cpp:55
[rviz_safe-7] [rviz_common:debug] Load pixmap at package://rviz_default_plugins/icons/classes/Pose.png, at ./src/rviz_common/load_resource.cpp:71
[rviz_safe-7] [rviz_common:debug] Load pixmap at package://rviz_default_plugins/icons/classes/Marker.svg, at ./src/rviz_common/load_resource.cpp:71
[rviz_safe-7] [rviz_common:debug] Error retrieving file [file:///opt/ros/humble/share/rviz_default_plugins/icons/classes/Marker.svg]: Couldn't open file /opt/ros/humble/share/rviz_default_plugins/icons/classes/Marker.svg, at ./src/rviz_common/load_resource.cpp:55
[rviz_safe-7] [rviz_common:debug] Load pixmap at package://rviz_default_plugins/icons/classes/Marker.png, at ./src/rviz_common/load_resource.cpp:71
[rviz_safe-7] [rviz_common:debug] Load pixmap at package://rviz_default_plugins/icons/classes/RGBF32.svg, at ./src/rviz_common/load_resource.cpp:71
[rviz_safe-7] [rviz_common:debug] Error retrieving file [file:///opt/ros/humble/share/rviz_default_plugins/icons/classes/RGBF32.svg]: Couldn't open file /opt/ros/humble/share/rviz_default_plugins/icons/classes/RGBF32.svg, at ./src/rviz_common/load_resource.cpp:55
[rviz_safe-7] [rviz_common:debug] Load pixmap at package://rviz_default_plugins/icons/classes/RGBF32.png, at ./src/rviz_common/load_resource.cpp:71
[rviz_safe-7] [rviz_common:debug] Error retrieving file [file:///opt/ros/humble/share/rviz_default_plugins/icons/classes/RGBF32.png]: Couldn't open file /opt/ros/humble/share/rviz_default_plugins/icons/classes/RGBF32.png, at ./src/rviz_common/load_resource.cpp:55
[rviz_safe-7] [rviz_common:debug] Load pixmap at package://rviz_default_plugins/icons/classes/XYZ.svg, at ./src/rviz_common/load_resource.cpp:71
[rviz_safe-7] [rviz_common:debug] Error retrieving file [file:///opt/ros/humble/share/rviz_default_plugins/icons/classes/XYZ.svg]: Couldn't open file /opt/ros/humble/share/rviz_default_plugins/icons/classes/XYZ.svg, at ./src/rviz_common/load_resource.cpp:55
[rviz_safe-7] [rviz_common:debug] Load pixmap at package://rviz_default_plugins/icons/classes/XYZ.png, at ./src/rviz_common/load_resource.cpp:71
[rviz_safe-7] [rviz_common:debug] Error retrieving file [file:///opt/ros/humble/share/rviz_default_plugins/icons/classes/XYZ.png]: Couldn't open file /opt/ros/humble/share/rviz_default_plugins/icons/classes/XYZ.png, at ./src/rviz_common/load_resource.cpp:55
[rviz_safe-7] [rviz_common:debug] Load pixmap at package://rviz_default_plugins/icons/classes/RGB8.svg, at ./src/rviz_common/load_resource.cpp:71
[rviz_safe-7] [rviz_common:debug] Error retrieving file [file:///opt/ros/humble/share/rviz_default_plugins/icons/classes/RGB8.svg]: Couldn't open file /opt/ros/humble/share/rviz_default_plugins/icons/classes/RGB8.svg, at ./src/rviz_common/load_resource.cpp:55
[rviz_safe-7] [rviz_common:debug] Load pixmap at package://rviz_default_plugins/icons/classes/RGB8.png, at ./src/rviz_common/load_resource.cpp:71
[rviz_safe-7] [rviz_common:debug] Error retrieving file [file:///opt/ros/humble/share/rviz_default_plugins/icons/classes/RGB8.png]: Couldn't open file /opt/ros/humble/share/rviz_default_plugins/icons/classes/RGB8.png, at ./src/rviz_common/load_resource.cpp:55
[rviz_safe-7] [rviz_common:debug] Load pixmap at package://rviz_default_plugins/icons/classes/FlatColor.svg, at ./src/rviz_common/load_resource.cpp:71
[ign-1] [1;33m[GUI] [Wrn] [Application.cc:802] [0m[1;33m[QT] file::/WorldStats/WorldStats.qml:53:3: QML RowLayout: Binding loop detected for property "x"[0m[1;33m[0m
[parameter_bridge-2] [INFO] [1790446431.648792579] [sentry_gazebo_bridge]: Creating GZ->ROS Bridge: [/clock (ignition.msgs.Clock) -> /clock (rosgraph_msgs/msg/Clock)] (Lazy 0)
[rviz_safe-7] [rviz_common:error] Vertex Program:rviz/glsl120/indexed_8bit_image.vert Fragment Program:rviz/glsl120/indexed_8bit_image.frag GLSL link result : 
[rviz_safe-7] active samplers with a different type refer to the same texture image unit, at ./src/rviz_rendering/ogre_logging.cpp:70
[parameter_bridge-2] [INFO] [1790446431.651318598] [sentry_gazebo_bridge]: Creating ROS->GZ Bridge: [/sim/guarded_cmd_vel (geometry_msgs/msg/Twist) -> /model/sentry/cmd_vel (ignition.msgs.Twist)] (Lazy 0)
[parameter_bridge-2] [INFO] [1790446431.655119231] [sentry_gazebo_bridge]: Creating GZ->ROS Bridge: [/model/sentry/odometry (ignition.msgs.Odometry) -> /sim/ground_truth/odometry (nav_msgs/msg/Odometry)] (Lazy 0)
[parameter_bridge-2] [INFO] [1790446431.659116470] [sentry_gazebo_bridge]: Creating GZ->ROS Bridge: [/sentry/lidar/points (ignition.msgs.PointCloudPacked) -> /sim/lidar/native (sensor_msgs/msg/PointCloud2)] (Lazy 0)
[ign-1] libEGL warning: Not allowed to force software rendering when API explicitly selects a hardware device.
[rviz_safe-7] [rviz_common:debug] Error retrieving file [file:///opt/ros/humble/share/rviz_default_plugins/icons/classes/FlatColor.svg]: Couldn't open file /opt/ros/humble/share/rviz_default_plugins/icons/classes/FlatColor.svg, at ./src/rviz_common/load_resource.cpp:55
[rviz_safe-7] [rviz_common:debug] Load pixmap at package://rviz_default_plugins/icons/classes/FlatColor.png, at ./src/rviz_common/load_resource.cpp:71
[rviz_safe-7] [rviz_common:debug] Error retrieving file [file:///opt/ros/humble/share/rviz_default_plugins/icons/classes/FlatColor.png]: Couldn't open file /opt/ros/humble/share/rviz_default_plugins/icons/classes/FlatColor.png, at ./src/rviz_common/load_resource.cpp:55
[rviz_safe-7] [rviz_common:debug] Load pixmap at package://rviz_default_plugins/icons/classes/AxisColor.svg, at ./src/rviz_common/load_resource.cpp:71
[rviz_safe-7] [rviz_common:debug] Error retrieving file [file:///opt/ros/humble/share/rviz_default_plugins/icons/classes/AxisColor.svg]: Couldn't open file /opt/ros/humble/share/rviz_default_plugins/icons/classes/AxisColor.svg, at ./src/rviz_common/load_resource.cpp:55
[rviz_safe-7] [rviz_common:debug] Load pixmap at package://rviz_default_plugins/icons/classes/AxisColor.png, at ./src/rviz_common/load_resource.cpp:71
[rviz_safe-7] [rviz_common:debug] Error retrieving file [file:///opt/ros/humble/share/rviz_default_plugins/icons/classes/AxisColor.png]: Couldn't open file /opt/ros/humble/share/rviz_default_plugins/icons/classes/AxisColor.png, at ./src/rviz_common/load_resource.cpp:55
[rviz_safe-7] [rviz_common:debug] Load pixmap at package://rviz_default_plugins/icons/classes/Intensity.svg, at ./src/rviz_common/load_resource.cpp:71
[rviz_safe-7] [rviz_common:debug] Error retrieving file [file:///opt/ros/humble/share/rviz_default_plugins/icons/classes/Intensity.svg]: Couldn't open file /opt/ros/humble/share/rviz_default_plugins/icons/classes/Intensity.svg, at ./src/rviz_common/load_resource.cpp:55
[rviz_safe-7] [rviz_common:debug] Load pixmap at package://rviz_default_plugins/icons/classes/Intensity.png, at ./src/rviz_common/load_resource.cpp:71
[rviz_safe-7] [rviz_common:debug] Error retrieving file [file:///opt/ros/humble/share/rviz_default_plugins/icons/classes/Intensity.png]: Couldn't open file /opt/ros/humble/share/rviz_default_plugins/icons/classes/Intensity.png, at ./src/rviz_common/load_resource.cpp:55
[rviz_safe-7] [rviz_common:debug] Load pixmap at package://rviz_common/icons/classes/Displays.svg, at ./src/rviz_common/load_resource.cpp:71
[rviz_safe-7] [rviz_common:debug] Load pixmap at package://rviz_common/icons/close.png, at ./src/rviz_common/load_resource.cpp:71
[rviz_safe-7] [rviz_common:debug] Error transforming from frame 'map' to frame 'base_link' with fixed frame 'map': "map" passed to get_latest_common_time does not exist. , at ./src/rviz_default_plugins/displays/tf/tf_display.cpp:523
[rviz_safe-7] [rviz_common:debug] Error transforming from frame 'map' to frame 'lidar_link' with fixed frame 'map': "map" passed to get_latest_common_time does not exist. , at ./src/rviz_default_plugins/displays/tf/tf_display.cpp:523
[rviz_safe-7] [rviz_common:debug] Received a 400 X 400 map @ 0.05m/pix
[rviz_safe-7] , at ./src/rviz_default_plugins/displays/map/map_display.cpp:520
[rviz_safe-7] [rviz_common:info] Trying to create a map of size 400 x 400 using 1 swatches, at ./src/rviz_default_plugins/displays/map/map_display.cpp:399
[rviz_safe-7] [rviz_common:debug] Error transforming from frame 'map' to frame 'base_link' with fixed frame 'map': "map" passed to get_latest_common_time does not exist. , at ./src/rviz_default_plugins/displays/tf/tf_display.cpp:523
[rviz_safe-7] [rviz_common:debug] Error transforming from frame 'map' to frame 'lidar_link' with fixed frame 'map': "map" passed to get_latest_common_time does not exist. , at ./src/rviz_default_plugins/displays/tf/tf_display.cpp:523
[rviz_safe-7] [rviz_common:debug] Error transforming from frame 'map' to frame 'base_link' with fixed frame 'map': "map" passed to get_latest_common_time does not exist. , at ./src/rviz_default_plugins/displays/tf/tf_display.cpp:523
[rviz_safe-7] [rviz_common:debug] Error transforming from frame 'map' to frame 'lidar_link' with fixed frame 'map': "map" passed to get_latest_common_time does not exist. , at ./src/rviz_default_plugins/displays/tf/tf_display.cpp:523
[ign-1] [1;33m[GUI] [Wrn] [Ogre2RenderTarget.cc:574] [0m[1;33mAnti-aliasing level of '[0m[1;33m8[0m[1;33m' [0m[1;33mis not supported; valid FSAA levels are: [0m[1;33m[ 0 4 ][0m[1;33m. Setting to 0[0m[1;33m[0m
[ign-1] [1;32m[Msg] [0m[1;32mReceived world [[0m[1;32m/home/liangys/RM_Sentry_2026/ros2_ws/install_sentry_autonomy/sentry_gazebo/share/sentry_gazebo/worlds/planning.sdf[0m[1;32m] from the GUI.[0m[1;32m[0m
[ign-1] [1;32m[Msg] [0m[1;32mIgnition Gazebo Server v[0m[1;32m6.18.0[0m[1;32m[0m
[ign-1] [1;32m[Msg] [0m[1;32mLoading SDF world file[[0m[1;32m/home/liangys/RM_Sentry_2026/ros2_ws/install_sentry_autonomy/sentry_gazebo/share/sentry_gazebo/worlds/planning.sdf[0m[1;32m].[0m
[ign-1] [1;32m[Msg] [0m[1;32mServing entity system service on [[0m[1;32m/[0m[1;32mentity/system/add[0m[1;32m][0m[1;32m[0m
[ign-1] [1;32m[Msg] [0m[1;32mCreate service on [[0m[1;32m/world/sentry_planning/create[0m[1;32m][0m[1;32m[0m
[ign-1] [1;32m[Msg] [0m[1;32mRemove service on [[0m[1;32m/world/sentry_planning/remove[0m[1;32m][0m[1;32m[0m
[ign-1] [1;32m[Msg] [0m[1;32mPose service on [[0m[1;32m/world/sentry_planning/set_pose[0m[1;32m][0m[1;32m[0m
[ign-1] [1;32m[Msg] [0m[1;32mPose service on [[0m[1;32m/world/sentry_planning/set_pose_vector[0m[1;32m][0m[1;32m[0m
[ign-1] [1;32m[Msg] [0m[1;32mLight configuration service on [[0m[1;32m/world/sentry_planning/light_config[0m[1;32m][0m[1;32m[0m
[ign-1] [1;32m[Msg] [0m[1;32mPhysics service on [[0m[1;32m/world/sentry_planning/set_physics[0m[1;32m][0m[1;32m[0m
[ign-1] [1;32m[Msg] [0m[1;32mSphericalCoordinates service on [[0m[1;32m/world/sentry_planning/set_spherical_coordinates[0m[1;32m][0m[1;32m[0m
[ign-1] [1;32m[Msg] [0m[1;32mEnable collision service on [[0m[1;32m/world/sentry_planning/enable_collision[0m[1;32m][0m[1;32m[0m
[ign-1] [1;32m[Msg] [0m[1;32mDisable collision service on [[0m[1;32m/world/sentry_planning/disable_collision[0m[1;32m][0m[1;32m[0m
[ign-1] [1;32m[Msg] [0m[1;32mMaterial service on [[0m[1;32m/world/sentry_planning/visual_config[0m[1;32m][0m[1;32m[0m
[ign-1] [1;32m[Msg] [0m[1;32mMaterial service on [[0m[1;32m/world/sentry_planning/wheel_slip[0m[1;32m][0m[1;32m[0m
[ign-1] [1;32m[Msg] [0m[1;32mVelocityControl subscribing to twist messages on [[0m[1;32m/model/sentry/cmd_vel[0m[1;32m][0m[1;32m[0m
[ign-1] [1;32m[Msg] [0m[1;32mOdometryPublisher publishing odometry on [[0m[1;32m/model/sentry/odometry[0m[1;32m][0m[1;32m[0m
[ign-1] [1;32m[Msg] [0m[1;32mOdometryPublisher publishing odometry with covariance on [[0m[1;32m/model/sentry/odometry_with_covariance[0m[1;32m][0m[1;32m[0m
[ign-1] [1;32m[Msg] [0m[1;32mOdometryPublisher publishing Pose_V (TF) on [[0m[1;32m/model/sentry/pose[0m[1;32m][0m[1;32m[0m
[ign-1] [1;32m[Msg] [0m[1;32mLoaded level [[0m[1;32m3[0m[1;32m][0m[1;32m[0m
[ign-1] [1;32m[Msg] [0m[1;32mServing world controls on [[0m[1;32m/world/sentry_planning[0m[1;32m/control], [[0m[1;32m/world/sentry_planning[0m[1;32m/control/state] and [[0m[1;32m/world/sentry_planning[0m[1;32m/playback/control][0m[1;32m[0m
[ign-1] [1;32m[Msg] [0m[1;32mServing GUI information on [[0m[1;32m/world/sentry_planning[0m[1;32m/[0m[1;32mgui/info[0m[1;32m][0m[1;32m[0m
[ign-1] [1;32m[Msg] [0m[1;32mWorld [[0m[1;32msentry_planning[0m[1;32m] initialized with [[0m[1;32mfixed_step[0m[1;32m] physics profile.[0m[1;32m[0m
[ign-1] [1;32m[Msg] [0m[1;32mServing world SDF generation service on [[0m[1;32m/world/sentry_planning[0m[1;32m/[0m[1;32mgenerate_world_sdf[0m[1;32m][0m[1;32m[0m
[ign-1] [1;32m[Msg] [0m[1;32mServing world names on [[0m[1;32m/gazebo/worlds[0m[1;32m][0m[1;32m[0m
[ign-1] [1;32m[Msg] [0m[1;32mResource path add service on [[0m[1;32m/gazebo/resource_paths/add[0m[1;32m].[0m[1;32m[0m
[ign-1] [1;32m[Msg] [0m[1;32mResource path get service on [[0m[1;32m/gazebo/resource_paths/get[0m[1;32m].[0m[1;32m[0m
[ign-1] [1;32m[Msg] [0m[1;32mResource path resolve service on [[0m[1;32m/gazebo/resource_paths/resolve[0m[1;32m].[0m[1;32m[0m
[ign-1] [1;32m[Msg] [0m[1;32mResource paths published on [[0m[1;32m/gazebo/resource_paths[0m[1;32m].[0m[1;32m[0m
[ign-1] [1;32m[Msg] [0m[1;32mServer control service on [[0m[1;32m/server_control[0m[1;32m].[0m[1;32m[0m
[ign-1] [1;32m[Msg] [0m[1;32mFound no publishers on /stats, adding root stats topic[0m[1;32m[0m
[ign-1] libEGL warning: Not allowed to force software rendering when API explicitly selects a hardware device.
[rviz_safe-7] [rviz_common:debug] Error transforming from frame 'map' to frame 'base_link' with fixed frame 'map': "map" passed to get_latest_common_time does not exist. , at ./src/rviz_default_plugins/displays/tf/tf_display.cpp:523
[rviz_safe-7] [rviz_common:debug] Error transforming from frame 'map' to frame 'lidar_link' with fixed frame 'map': "map" passed to get_latest_common_time does not exist. , at ./src/rviz_default_plugins/displays/tf/tf_display.cpp:523
[rviz_safe-7] [rviz_common:debug] Error transforming from frame 'map' to frame 'base_link' with fixed frame 'map': "map" passed to get_latest_common_time does not exist. , at ./src/rviz_default_plugins/displays/tf/tf_display.cpp:523
[rviz_safe-7] [rviz_common:debug] Error transforming from frame 'map' to frame 'lidar_link' with fixed frame 'map': "map" passed to get_latest_common_time does not exist. , at ./src/rviz_default_plugins/displays/tf/tf_display.cpp:523
[rviz_safe-7] [rviz_common:debug] Error transforming from frame 'map' to frame 'base_link' with fixed frame 'map': "map" passed to get_latest_common_time does not exist. , at ./src/rviz_default_plugins/displays/tf/tf_display.cpp:523
[rviz_safe-7] [rviz_common:debug] Error transforming from frame 'map' to frame 'lidar_link' with fixed frame 'map': "map" passed to get_latest_common_time does not exist. , at ./src/rviz_default_plugins/displays/tf/tf_display.cpp:523
[rviz_safe-7] [rviz_common:debug] Error transforming from frame 'map' to frame 'base_link' with fixed frame 'map': "map" passed to get_latest_common_time does not exist. , at ./src/rviz_default_plugins/displays/tf/tf_display.cpp:523
[rviz_safe-7] [rviz_common:debug] Error transforming from frame 'map' to frame 'lidar_link' with fixed frame 'map': "map" passed to get_latest_common_time does not exist. , at ./src/rviz_default_plugins/displays/tf/tf_display.cpp:523
[rviz_safe-7] [rviz_common:debug] Error transforming from frame 'map' to frame 'base_link' with fixed frame 'map': "map" passed to get_latest_common_time does not exist. , at ./src/rviz_default_plugins/displays/tf/tf_display.cpp:523
[rviz_safe-7] [rviz_common:debug] Error transforming from frame 'map' to frame 'lidar_link' with fixed frame 'map': "map" passed to get_latest_common_time does not exist. , at ./src/rviz_default_plugins/displays/tf/tf_display.cpp:523
[rviz_safe-7] [rviz_common:debug] Error transforming from frame 'map' to frame 'base_link' with fixed frame 'map': "map" passed to get_latest_common_time does not exist. , at ./src/rviz_default_plugins/displays/tf/tf_display.cpp:523
[rviz_safe-7] [rviz_common:debug] Error transforming from frame 'map' to frame 'lidar_link' with fixed frame 'map': "map" passed to get_latest_common_time does not exist. , at ./src/rviz_default_plugins/displays/tf/tf_display.cpp:523
[rviz_safe-7] [rviz_common:debug] Error transforming from frame 'map' to frame 'base_link' with fixed frame 'map': "map" passed to get_latest_common_time does not exist. , at ./src/rviz_default_plugins/displays/tf/tf_display.cpp:523
[rviz_safe-7] [rviz_common:debug] Error transforming from frame 'map' to frame 'lidar_link' with fixed frame 'map': "map" passed to get_latest_common_time does not exist. , at ./src/rviz_default_plugins/displays/tf/tf_display.cpp:523
[rviz_safe-7] [rviz_common:debug] Error transforming from frame 'map' to frame 'base_link' with fixed frame 'map': "map" passed to get_latest_common_time does not exist. , at ./src/rviz_default_plugins/displays/tf/tf_display.cpp:523
[rviz_safe-7] [rviz_common:debug] Error transforming from frame 'map' to frame 'lidar_link' with fixed frame 'map': "map" passed to get_latest_common_time does not exist. , at ./src/rviz_default_plugins/displays/tf/tf_display.cpp:523
[rviz_safe-7] [rviz_common:debug] Error transforming from frame 'map' to frame 'base_link' with fixed frame 'map': "map" passed to get_latest_common_time does not exist. , at ./src/rviz_default_plugins/displays/tf/tf_display.cpp:523
[rviz_safe-7] [rviz_common:debug] Error transforming from frame 'map' to frame 'lidar_link' with fixed frame 'map': "map" passed to get_latest_common_time does not exist. , at ./src/rviz_default_plugins/displays/tf/tf_display.cpp:523
[rviz_safe-7] [rviz_common:debug] Error transforming from frame 'map' to frame 'base_link' with fixed frame 'map': "map" passed to get_latest_common_time does not exist. , at ./src/rviz_default_plugins/displays/tf/tf_display.cpp:523
[rviz_safe-7] [rviz_common:debug] Error transforming from frame 'map' to frame 'lidar_link' with fixed frame 'map': "map" passed to get_latest_common_time does not exist. , at ./src/rviz_default_plugins/displays/tf/tf_display.cpp:523
[rviz_safe-7] [rviz_common:debug] Error transforming from frame 'map' to frame 'base_link' with fixed frame 'map': "map" passed to get_latest_common_time does not exist. , at ./src/rviz_default_plugins/displays/tf/tf_display.cpp:523
[rviz_safe-7] [rviz_common:debug] Error transforming from frame 'map' to frame 'lidar_link' with fixed frame 'map': "map" passed to get_latest_common_time does not exist. , at ./src/rviz_default_plugins/displays/tf/tf_display.cpp:523
[rviz_safe-7] [rviz_common:debug] Error transforming from frame 'map' to frame 'base_link' with fixed frame 'map': "map" passed to get_latest_common_time does not exist. , at ./src/rviz_default_plugins/displays/tf/tf_display.cpp:523
[rviz_safe-7] [rviz_common:debug] Error transforming from frame 'map' to frame 'lidar_link' with fixed frame 'map': "map" passed to get_latest_common_time does not exist. , at ./src/rviz_default_plugins/displays/tf/tf_display.cpp:523
[rviz_safe-7] [rviz_common:debug] Error transforming from frame 'map' to frame 'base_link' with fixed frame 'map': "map" passed to get_latest_common_time does not exist. , at ./src/rviz_default_plugins/displays/tf/tf_display.cpp:523
[rviz_safe-7] [rviz_common:debug] Error transforming from frame 'map' to frame 'lidar_link' with fixed frame 'map': "map" passed to get_latest_common_time does not exist. , at ./src/rviz_default_plugins/displays/tf/tf_display.cpp:523
[rviz_safe-7] [rviz_common:debug] Error transforming from frame 'map' to frame 'base_link' with fixed frame 'map': "map" passed to get_latest_common_time does not exist. , at ./src/rviz_default_plugins/displays/tf/tf_display.cpp:523
[rviz_safe-7] [rviz_common:debug] Error transforming from frame 'map' to frame 'lidar_link' with fixed frame 'map': "map" passed to get_latest_common_time does not exist. , at ./src/rviz_default_plugins/displays/tf/tf_display.cpp:523
[rviz_safe-7] [rviz_common:debug] Error transforming from frame 'map' to frame 'base_link' with fixed frame 'map': "map" passed to get_latest_common_time does not exist. , at ./src/rviz_default_plugins/displays/tf/tf_display.cpp:523
[rviz_safe-7] [rviz_common:debug] Error transforming from frame 'map' to frame 'lidar_link' with fixed frame 'map': "map" passed to get_latest_common_time does not exist. , at ./src/rviz_default_plugins/displays/tf/tf_display.cpp:523
[rviz_safe-7] [rviz_common:debug] Error transforming from frame 'map' to frame 'base_link' with fixed frame 'map': "map" passed to get_latest_common_time does not exist. , at ./src/rviz_default_plugins/displays/tf/tf_display.cpp:523
[rviz_safe-7] [rviz_common:debug] Error transforming from frame 'map' to frame 'lidar_link' with fixed frame 'map': "map" passed to get_latest_common_time does not exist. , at ./src/rviz_default_plugins/displays/tf/tf_display.cpp:523
[rviz_safe-7] [rviz_common:debug] Error transforming from frame 'map' to frame 'base_link' with fixed frame 'map': "map" passed to get_latest_common_time does not exist. , at ./src/rviz_default_plugins/displays/tf/tf_display.cpp:523
[rviz_safe-7] [rviz_common:debug] Error transforming from frame 'map' to frame 'lidar_link' with fixed frame 'map': "map" passed to get_latest_common_time does not exist. , at ./src/rviz_default_plugins/displays/tf/tf_display.cpp:523
[rviz_safe-7] [rviz_common:debug] Error transforming from frame 'map' to frame 'base_link' with fixed frame 'map': "map" passed to get_latest_common_time does not exist. , at ./src/rviz_default_plugins/displays/tf/tf_display.cpp:523
[rviz_safe-7] [rviz_common:debug] Error transforming from frame 'map' to frame 'lidar_link' with fixed frame 'map': "map" passed to get_latest_common_time does not exist. , at ./src/rviz_default_plugins/displays/tf/tf_display.cpp:523
[rviz_safe-7] [rviz_common:debug] Error transforming from frame 'map' to frame 'base_link' with fixed frame 'map': "map" passed to get_latest_common_time does not exist. , at ./src/rviz_default_plugins/displays/tf/tf_display.cpp:523
[cloud_adapter.py-4] [WARN] [1790446433.706754431] [sentry_cloud_adapter]: Dropped lidar frame: no TF at measurement time
[parameter_bridge-2] [INFO] [1790446434.186787925] [sentry_gazebo_bridge]: Passing message from ROS geometry_msgs/msg/Twist to Gazebo gz.msgs.Twist (showing msg only once per type)
[trajectory_tracking_node-8] [WARN] [1790446435.131400639] [trajectory_tracking]: trajectory tracking stopped: no valid trajectory
[rviz_safe-7] [rviz_common:debug] Error transforming from frame 'map' to frame 'lidar_link' with fixed frame 'map': "map" passed to get_latest_common_time does not exist. , at ./src/rviz_default_plugins/displays/tf/tf_display.cpp:523
[rviz_safe-7] [rviz_common:debug] Error transforming from frame 'map' to frame 'base_link' with fixed frame 'map': "map" passed to get_latest_common_time does not exist. , at ./src/rviz_default_plugins/displays/tf/tf_display.cpp:523
[rviz_safe-7] [rviz_common:debug] Error transforming from frame 'map' to frame 'lidar_link' with fixed frame 'map': "map" passed to get_latest_common_time does not exist. , at ./src/rviz_default_plugins/displays/tf/tf_display.cpp:523
[rviz_safe-7] [rviz_common:debug] Error transforming from frame 'map' to frame 'base_link' with fixed frame 'map': "map" passed to get_latest_common_time does not exist. , at ./src/rviz_default_plugins/displays/tf/tf_display.cpp:523
[rviz_safe-7] [rviz_common:debug] Error transforming from frame 'map' to frame 'lidar_link' with fixed frame 'map': "map" passed to get_latest_common_time does not exist. , at ./src/rviz_default_plugins/displays/tf/tf_display.cpp:523
[rviz_safe-7] [rviz_common:debug] Error transforming from frame 'map' to frame 'base_link' with fixed frame 'map': "map" passed to get_latest_common_time does not exist. , at ./src/rviz_default_plugins/displays/tf/tf_display.cpp:523
[rviz_safe-7] [rviz_common:debug] Error transforming from frame 'map' to frame 'lidar_link' with fixed frame 'map': "map" passed to get_latest_common_time does not exist. , at ./src/rviz_default_plugins/displays/tf/tf_display.cpp:523
[rviz_safe-7] [rviz_common:debug] Error transforming from frame 'map' to frame 'base_link' with fixed frame 'map': "map" passed to get_latest_common_time does not exist. , at ./src/rviz_default_plugins/displays/tf/tf_display.cpp:523
[rviz_safe-7] [rviz_common:debug] Error transforming from frame 'map' to frame 'lidar_link' with fixed frame 'map': "map" passed to get_latest_common_time does not exist. , at ./src/rviz_default_plugins/displays/tf/tf_display.cpp:523
[rviz_safe-7] [rviz_common:debug] Error transforming from frame 'map' to frame 'base_link' with fixed frame 'map': "map" passed to get_latest_common_time does not exist. , at ./src/rviz_default_plugins/displays/tf/tf_display.cpp:523
[rviz_safe-7] [rviz_common:debug] Error transforming from frame 'map' to frame 'lidar_link' with fixed frame 'map': "map" passed to get_latest_common_time does not exist. , at ./src/rviz_default_plugins/displays/tf/tf_display.cpp:523
[trajectory_tracking_node-8] [WARN] [1790446437.215541133] [trajectory_tracking]: trajectory tracking stopped: no valid trajectory
[trajectory_generator_node-6] [INFO] [1790446438.346396592] [trajectory_generation]: FSM accepted manual goal goal=(-2.72, 1.95, 0.02)
[trajectory_generator_node-6] [Manager] start point, (x, y): (-0.92, -4.45)
[trajectory_generator_node-6] [Manager] receive target, (x, y): (-2.72, 1.95)
[trajectory_generator_node-6] [Topo]: m_graph before num: 1605
[trajectory_generator_node-6] [Topo]: dijkstra time: 0.020538
[trajectory_generator_node-6] [Topo]: topo search time: 0.095279
[trajectory_generator_node-6] [Topo]: m_graph num: 2575
[trajectory_generator_node-6] [DIAG] origin_path (Dijkstra) size: 5
[trajectory_generator_node-6] [DIAG]   origin[0]: (-0.919, -4.454, 0.015)
[trajectory_generator_node-6] [DIAG]   origin[1]: (-5.019, -1.604, 0.015)
[trajectory_generator_node-6] [DIAG]   origin[2]: (-3.769, 2.396, 0.015)
[trajectory_generator_node-6] [DIAG]   origin[3]: (-1.719, 1.946, 0.015)
[trajectory_generator_node-6] [DIAG]   origin[4]: (-2.719, 1.946, 0.015)
[trajectory_generator_node-6] [DIAG] lineVisib(start→end DIRECT): false  colli=(-1.42,-2.65)
[trajectory_generator_node-6] [DIAG] direct line: 132 steps, 92 wall cells
[trajectory_generator_node-6] [smoothTopoPath] INPUT size=5
[trajectory_generator_node-6] [smoothTopoPath]   in[0]: (-0.919, -4.454, 0.015)
[trajectory_generator_node-6] [smoothTopoPath]   in[1]: (-5.019, -1.604, 0.015)
[trajectory_generator_node-6] [smoothTopoPath]   in[2]: (-3.769, 2.396, 0.015)
[trajectory_generator_node-6] [smoothTopoPath]   in[3]: (-1.719, 1.946, 0.015)
[trajectory_generator_node-6] [smoothTopoPath]   in[4]: (-2.719, 1.946, 0.015)
[trajectory_generator_node-6] [smoothTopoPath] lineVisib(start→end): false  colli=(-1.42,-2.65)
[trajectory_generator_node-6] [smoothTopoPath] stuck detected, skipping to topo[4]
[trajectory_generator_node-6] [smoothTopoPath] OUTPUT size=8, iter_count=7
[trajectory_generator_node-6] [smoothTopoPath]   out[0]: (-0.919, -4.454, 0.015)
[trajectory_generator_node-6] [smoothTopoPath]   out[1]: (-4.840, -0.515, 0.015)
[trajectory_generator_node-6] [smoothTopoPath]   out[2]: (-3.299, 2.232, 0.015)
[trajectory_generator_node-6] [smoothTopoPath]   out[3]: (-2.168, 2.139, 0.015)
[trajectory_generator_node-6] [smoothTopoPath]   out[4]: (-2.555, 2.131, 0.015)
[trajectory_generator_node-6] [smoothTopoPath]   out[5]: (-2.134, 2.182, 0.015)
[trajectory_generator_node-6] [smoothTopoPath]   out[6]: (-2.719, 1.946, 0.015)
[trajectory_generator_node-6] [smoothTopoPath]   out[7]: (-2.719, 1.946, 0.015)
[trajectory_generator_node-6] [DIAG] optimized_path (smoothTopoPath) size: 8
[trajectory_generator_node-6] [DIAG]   opt[0]: (-0.919, -4.454, 0.015)
[trajectory_generator_node-6] [DIAG]   opt[1]: (-4.840, -0.515, 0.015)
[trajectory_generator_node-6] [DIAG]   opt[2]: (-3.299, 2.232, 0.015)
[trajectory_generator_node-6] [DIAG]   opt[3]: (-2.168, 2.139, 0.015)
[trajectory_generator_node-6] [DIAG]   opt[4]: (-2.555, 2.131, 0.015)
[trajectory_generator_node-6] [DIAG]   opt[5]: (-2.134, 2.182, 0.015)
[trajectory_generator_node-6] [DIAG]   opt[6]: (-2.719, 1.946, 0.015)
[trajectory_generator_node-6] [DIAG]   opt[7]: (-2.719, 1.946, 0.015)
[trajectory_generator_node-6] optimized_path size: 8
[trajectory_generator_node-6] [Manager] reference_speed: (0.30)
[trajectory_generator_node-6] [LBFGS] search direction d:  9.72701e-05  0.000608948 -0.000696394  0.000665139 -0.000514308  0.000335708 -0.000190591  9.36582e-05 -3.40051e-05 -5.19217e-06  3.76614e-05 -6.98701e-05  9.76316e-05 -0.000107128  9.35274e-05 -7.12418e-05  7.33323e-05  -0.00138255  5.54627e-05  0.000880797  -0.00238778  -0.00116952  -0.00335438  0.000871564  0.000706052  0.000139905  0.000229411  -0.00162901   0.00265262  -0.00378945   0.00457604  -0.00446943   0.00335193  -0.00154223   0.00269553   0.00481006  -0.00959312 -9.77561e-05 -0.000611596  0.000699358 -0.000667821  0.000516077 -0.000336315  0.000190085  -9.2338e-05  3.27507e-05   3.8762e-06 -2.72491e-05  3.47301e-05 -2.85764e-06 -0.000119359  0.000391869 -0.000848976   0.00151406  -0.00106218 -0.000809162  0.000417181   -0.0125796 -0.000699474  -0.00401588  8.45706e-05  0.000603718 -0.000222752   0.00024136  0.000943791  -0.00122748   0.00125223  -7.1353e-05  0.000838976  -0.00315361  0.000339528 -9.03712e-05 -0.000576974    0.0011445    0.0949257   -0.0136295   0.00530209  -0.00123535  0.000291593 -3.80125e-05  -4.8564e-06  1.04745e-05 -6.30001e-06  2.76882e-06 -1.03731e-06  4.51902e-06  -2.6217e-05   0.00012151 -0.000482646   0.00182703  -0.00540776    0.0171756  0.000873029      0.44301   0.00494741    0.0185574  -0.00311384 -0.000564884    0.0032259  -0.00293366   0.00399927  -0.00412859    0.0100312    0.0092992 -0.000346503  -0.00807744    0.0416481    0.0970421    0.0827994   0.00438845     0.101734     0.434675
[trajectory_generator_node-6] [Smooth Optimize] MINCO reaches max evaluations: Line search reaches the maximum try number, assumptions not satisfied or precision not achievable.
[trajectory_generator_node-6] [Smooth Optimize] MINCO: cost=5.0 total_T=41.286(init 35.954) max_drift=0.249 max_vel=0.4 segs=38
[trajectory_generator_node-6] [Smooth Resample] resample
[trajectory_generator_node-6] [Smooth Resample] 39 -> 20 waypoints, 19 time segs, max_turn=178.3 deg
[trajectory_generator_node-6] [Manager] optimizer generate time: 0.006639
[trajectory_generator_node-6] [Reference] path size : 20
[trajectory_generator_node-6] [Reference] solvePolyMatrix ENTER: N=19, path_size=20, trap_time_size=19
[trajectory_generator_node-6] [Reference]   path[0]=(-0.9190,-4.4540) path[1]=(-1.3430,-4.0281) t[0]=2.604165 state_vel=(0.0000,0.0000)
[trajectory_generator_node-6] [Reference] banded solve done. b[0]=-0.201982 b[N]=0.262278 b2[0]=0.202887 b2[N]=0.066101
[trajectory_generator_node-6] [Reference] solvePolyMatrix EXIT: polyX[0]=[0.014775 -0.100991 0.000000 -0.919000]
[trajectory_generator_node-6] [Reference] solvePolyMatrix ENTER: N=19, path_size=20, trap_time_size=19
[trajectory_generator_node-6] [Reference]   path[0]=(-0.9190,-4.4540) path[1]=(-1.3430,-4.0281) t[0]=2.604165 state_vel=(0.0000,0.0000)
[trajectory_generator_node-6] [Reference] banded solve done. b[0]=-0.201982 b[N]=0.216780 b2[0]=0.202887 b2[N]=0.054673
[trajectory_generator_node-6] [Reference] solvePolyMatrix EXIT: polyX[0]=[0.014775 -0.100991 0.000000 -0.919000]
[trajectory_generator_node-6] [INFO] [1790446438.461027109] [trajectory_generation]: FSM published 19 trajectory pieces
[trajectory_tracking_node-8] [WARN] [1790446443.487442279] [trajectory_tracking]: RM_GridMap predicted-path replan requested: collision_samples=0 trajectory_age=5.01
[trajectory_generator_node-6] [Manager REPLAN]  cur position point (X, Y) = (-1.836395, -3.506206), target point (X, Y) = (-2.719000, 1.946000)
[trajectory_generator_node-6] [Manager REPLAN] target_temp (X, Y) = (-2.719000, 1.946000)
[trajectory_generator_node-6] [Manager REPLAN] robot 1.32m from path, full replan
[trajectory_generator_node-6] [Manager] start point, (x, y): (-1.84, -3.51)
[trajectory_generator_node-6] [Manager] receive target, (x, y): (-2.72, 1.95)
[trajectory_generator_node-6] [Topo]: m_graph before num: 1605
[trajectory_generator_node-6] [Topo]: dijkstra time: 0.026321
[trajectory_generator_node-6] [Topo]: topo search time: 0.175510
[trajectory_generator_node-6] [Topo]: m_graph num: 2579
[trajectory_generator_node-6] [DIAG] origin_path (Dijkstra) size: 5
[trajectory_generator_node-6] [DIAG]   origin[0]: (-1.836, -3.506, 0.015)
[trajectory_generator_node-6] [DIAG]   origin[1]: (-4.840, -0.175, 0.015)
[trajectory_generator_node-6] [DIAG]   origin[2]: (-3.769, 2.396, 0.015)
[trajectory_generator_node-6] [DIAG]   origin[3]: (-1.719, 1.946, 0.015)
[trajectory_generator_node-6] [DIAG]   origin[4]: (-2.719, 1.946, 0.015)
[trajectory_generator_node-6] [DIAG] lineVisib(start→end DIRECT): false  colli=(-2.12,-1.70)
[trajectory_generator_node-6] [DIAG] direct line: 110 steps, 71 wall cells
[trajectory_generator_node-6] [smoothTopoPath] INPUT size=5
[trajectory_generator_node-6] [smoothTopoPath]   in[0]: (-1.836, -3.506, 0.015)
[trajectory_generator_node-6] [smoothTopoPath]   in[1]: (-4.840, -0.175, 0.015)
[trajectory_generator_node-6] [smoothTopoPath]   in[2]: (-3.769, 2.396, 0.015)
[trajectory_generator_node-6] [smoothTopoPath]   in[3]: (-1.719, 1.946, 0.015)
[trajectory_generator_node-6] [smoothTopoPath]   in[4]: (-2.719, 1.946, 0.015)
[trajectory_generator_node-6] [smoothTopoPath] lineVisib(start→end): false  colli=(-2.12,-1.70)
[trajectory_generator_node-6] [smoothTopoPath] stuck detected, skipping to topo[1]
[trajectory_generator_node-6] [smoothTopoPath] stuck detected, skipping to topo[4]
[trajectory_generator_node-6] [smoothTopoPath] OUTPUT size=9, iter_count=10
[trajectory_generator_node-6] [smoothTopoPath]   out[0]: (-1.836, -3.506, 0.015)
[trajectory_generator_node-6] [smoothTopoPath]   out[1]: (-4.817, -0.202, 0.015)
[trajectory_generator_node-6] [smoothTopoPath]   out[2]: (-4.544, -0.245, 0.015)
[trajectory_generator_node-6] [smoothTopoPath]   out[3]: (-4.706, 0.148, 0.015)
[trajectory_generator_node-6] [smoothTopoPath]   out[4]: (-3.063, 2.394, 0.015)
[trajectory_generator_node-6] [smoothTopoPath]   out[5]: (-2.121, 2.207, 0.015)
[trajectory_generator_node-6] [smoothTopoPath]   out[6]: (-2.558, 2.127, 0.015)
[trajectory_generator_node-6] [smoothTopoPath]   out[7]: (-2.719, 1.946, 0.015)
[trajectory_generator_node-6] [smoothTopoPath]   out[8]: (-2.719, 1.946, 0.015)
[trajectory_generator_node-6] [DIAG] optimized_path (smoothTopoPath) size: 9
[trajectory_generator_node-6] [DIAG]   opt[0]: (-1.836, -3.506, 0.015)
[trajectory_generator_node-6] [DIAG]   opt[1]: (-4.817, -0.202, 0.015)
[trajectory_generator_node-6] [DIAG]   opt[2]: (-4.544, -0.245, 0.015)
[trajectory_generator_node-6] [DIAG]   opt[3]: (-4.706, 0.148, 0.015)
[trajectory_generator_node-6] [DIAG]   opt[4]: (-3.063, 2.394, 0.015)
[trajectory_generator_node-6] [DIAG]   opt[5]: (-2.121, 2.207, 0.015)
[trajectory_generator_node-6] [DIAG]   opt[6]: (-2.558, 2.127, 0.015)
[trajectory_generator_node-6] [DIAG]   opt[7]: (-2.719, 1.946, 0.015)
[trajectory_generator_node-6] [DIAG]   opt[8]: (-2.719, 1.946, 0.015)
[trajectory_generator_node-6] optimized_path size: 9
[trajectory_generator_node-6] [Manager] reference_speed: (0.30)
[trajectory_generator_node-6] [LBFGS] search direction d:  0.000238058 -8.57897e-05  3.29141e-05 -1.09325e-05  2.71472e-06 -1.17628e-06  4.53038e-06 -1.59536e-05  4.55537e-05 -9.36137e-05  0.000135086 -8.57337e-05  -0.00084701 -0.000489852  0.000235231 -0.000449218  7.98023e-05 -0.000346137 -0.000799086  0.000153449  0.000820802  8.90076e-05  0.000419906  3.02909e-05  0.000606962  -0.00118067   0.00135487 -0.000868835  -0.00155481   0.00195029    0.0060652  0.000370855 -0.000134317  5.19763e-05 -1.81458e-05  6.69152e-06 -7.41309e-06   1.9442e-05 -5.21863e-05  0.000132875 -0.000282382  0.000479902  0.000299362  0.000201545  0.000275842  0.000278195  -0.00108875 -0.000233762 -0.000226771 -0.000928166  0.000717032  0.000916718  0.000296131  0.000374051 -2.97833e-05 -0.000687573   0.00125877  -0.00170432   0.00229174 -0.000338328  -0.00533497  0.000124324  0.000100439 -2.26574e-05  5.99948e-06 -9.58325e-07 -1.34276e-07  4.74138e-07 -9.35383e-07  2.02464e-06 -4.79743e-06  1.51149e-05 -6.85762e-05  0.000259789 -0.000469183    0.0021774  0.000694418    0.0112872  5.04832e-06   0.00108115  0.000165201 -0.000315498  0.000557934  -0.00031176  0.000309013 -9.54628e-05  5.11853e-05    2.612e-05  0.000463797 -0.000313372 -4.74387e-05   0.00112306   0.00544435    0.0202913
[trajectory_generator_node-6] [Smooth Optimize] MINCO reaches max evaluations: Line search reaches the maximum try number, assumptions not satisfied or precision not achievable.
[trajectory_generator_node-6] [Smooth Optimize] MINCO: cost=5.3 total_T=31.191(init 30.395) max_drift=0.288 max_vel=0.5 segs=32
[trajectory_generator_node-6] [Smooth Resample] resample
[trajectory_generator_node-6] [Smooth Resample] 33 -> 17 waypoints, 16 time segs, max_turn=136.3 deg
[trajectory_generator_node-6] [Manager] optimizer generate time: 0.018419
[trajectory_generator_node-6] [Reference] path size : 17
[trajectory_generator_node-6] [Reference] solvePolyMatrix ENTER: N=16, path_size=17, trap_time_size=16
[trajectory_generator_node-6] [Reference]   path[0]=(-1.8364,-3.5062) path[1]=(-2.2380,-3.0604) t[0]=2.000439 state_vel=(-0.2107,0.2080)
[trajectory_generator_node-6] [Reference] banded solve done. b[0]=0.017222 b[N]=0.656075 b2[0]=0.025798 b2[N]=0.261025
[trajectory_generator_node-6] [Reference] solvePolyMatrix EXIT: polyX[0]=[-0.001833 0.008611 -0.210670 -1.836395]
[trajectory_generator_node-6] [Reference] solvePolyMatrix ENTER: N=16, path_size=17, trap_time_size=16
[trajectory_generator_node-6] [Reference]   path[0]=(-1.8364,-3.5062) path[1]=(-2.2380,-3.0604) t[0]=2.000439 state_vel=(-0.2107,0.2080)
[trajectory_generator_node-6] [Reference] banded solve done. b[0]=0.017222 b[N]=0.542604 b2[0]=0.025798 b2[N]=0.216678
[trajectory_generator_node-6] [Reference] solvePolyMatrix EXIT: polyX[0]=[-0.001833 0.008611 -0.210670 -1.836395]
[trajectory_generator_node-6] [Reference] solvePolyMatrix ENTER: N=16, path_size=17, trap_time_size=16
[trajectory_generator_node-6] [Reference]   path[0]=(-1.8364,-3.5062) path[1]=(-2.2380,-3.0604) t[0]=2.000439 state_vel=(-0.2107,0.2080)
[trajectory_generator_node-6] [Reference] banded solve done. b[0]=0.017222 b[N]=0.448840 b2[0]=0.025798 b2[N]=0.179972
[trajectory_generator_node-6] [Reference] solvePolyMatrix EXIT: polyX[0]=[-0.001833 0.008611 -0.210670 -1.836395]
[trajectory_generator_node-6] [Reference] solvePolyMatrix ENTER: N=16, path_size=17, trap_time_size=16
[trajectory_generator_node-6] [Reference]   path[0]=(-1.8364,-3.5062) path[1]=(-2.2380,-3.0604) t[0]=2.000439 state_vel=(-0.2107,0.2080)
[trajectory_generator_node-6] [Reference] banded solve done. b[0]=0.017222 b[N]=0.371355 b2[0]=0.025798 b2[N]=0.149583
[trajectory_generator_node-6] [Reference] solvePolyMatrix EXIT: polyX[0]=[-0.001833 0.008611 -0.210670 -1.836395]
[trajectory_generator_node-6] [Reference] solvePolyMatrix ENTER: N=16, path_size=17, trap_time_size=16
[trajectory_generator_node-6] [Reference]   path[0]=(-1.8364,-3.5062) path[1]=(-2.2380,-3.0604) t[0]=2.000439 state_vel=(-0.2107,0.2080)
[trajectory_generator_node-6] [Reference] banded solve done. b[0]=0.017222 b[N]=0.307317 b2[0]=0.025798 b2[N]=0.124414
[trajectory_generator_node-6] [Reference] solvePolyMatrix EXIT: polyX[0]=[-0.001833 0.008611 -0.210670 -1.836395]
[trajectory_generator_node-6] [INFO] [1790446443.722646655] [trajectory_generation]: FSM published 16 trajectory pieces
[trajectory_tracking_node-8] [WARN] [1790446448.749297225] [trajectory_tracking]: RM_GridMap predicted-path replan requested: collision_samples=0 trajectory_age=5.01
[trajectory_generator_node-6] [Manager REPLAN]  cur position point (X, Y) = (-2.848153, -2.398267), target point (X, Y) = (-2.719000, 1.946000)
[trajectory_generator_node-6] [Manager REPLAN] target_temp (X, Y) = (-2.719000, 1.946000)
[trajectory_generator_node-6] [Manager REPLAN] robot 1.50m from path, full replan
[trajectory_generator_node-6] [Manager] start point, (x, y): (-2.85, -2.40)
[trajectory_generator_node-6] [Manager] receive target, (x, y): (-2.72, 1.95)
[trajectory_generator_node-6] [Topo]: m_graph before num: 1605
[trajectory_generator_node-6] [Topo]: dijkstra time: 0.016905
[trajectory_generator_node-6] [Topo]: topo search time: 0.098787
[trajectory_generator_node-6] [Topo]: m_graph num: 2594
[trajectory_generator_node-6] [DIAG] origin_path (Dijkstra) size: 5
[trajectory_generator_node-6] [DIAG]   origin[0]: (-2.848, -2.398, 0.015)
[trajectory_generator_node-6] [DIAG]   origin[1]: (-4.840, -0.175, 0.015)
[trajectory_generator_node-6] [DIAG]   origin[2]: (-3.769, 2.396, 0.015)
[trajectory_generator_node-6] [DIAG]   origin[3]: (-1.719, 1.946, 0.015)
[trajectory_generator_node-6] [DIAG]   origin[4]: (-2.719, 1.946, 0.015)
[trajectory_generator_node-6] [DIAG] lineVisib(start→end DIRECT): false  colli=(-2.82,-1.35)
[trajectory_generator_node-6] [DIAG] direct line: 86 steps, 64 wall cells
[trajectory_generator_node-6] [smoothTopoPath] INPUT size=5
[trajectory_generator_node-6] [smoothTopoPath]   in[0]: (-2.848, -2.398, 0.015)
[trajectory_generator_node-6] [smoothTopoPath]   in[1]: (-4.840, -0.175, 0.015)
[trajectory_generator_node-6] [smoothTopoPath]   in[2]: (-3.769, 2.396, 0.015)
[trajectory_generator_node-6] [smoothTopoPath]   in[3]: (-1.719, 1.946, 0.015)
[trajectory_generator_node-6] [smoothTopoPath]   in[4]: (-2.719, 1.946, 0.015)
[trajectory_generator_node-6] [smoothTopoPath] lineVisib(start→end): false  colli=(-2.82,-1.35)
[trajectory_generator_node-6] [smoothTopoPath] stuck detected, skipping to topo[1]
[trajectory_generator_node-6] [smoothTopoPath] stuck detected, skipping to topo[4]
[trajectory_generator_node-6] [smoothTopoPath] OUTPUT size=9, iter_count=10
[trajectory_generator_node-6] [smoothTopoPath]   out[0]: (-2.848, -2.398, 0.015)
[trajectory_generator_node-6] [smoothTopoPath]   out[1]: (-4.817, -0.201, 0.015)
[trajectory_generator_node-6] [smoothTopoPath]   out[2]: (-4.544, -0.245, 0.015)
[trajectory_generator_node-6] [smoothTopoPath]   out[3]: (-4.706, 0.148, 0.015)
[trajectory_generator_node-6] [smoothTopoPath]   out[4]: (-3.063, 2.394, 0.015)
[trajectory_generator_node-6] [smoothTopoPath]   out[5]: (-2.121, 2.207, 0.015)
[trajectory_generator_node-6] [smoothTopoPath]   out[6]: (-2.558, 2.127, 0.015)
[trajectory_generator_node-6] [smoothTopoPath]   out[7]: (-2.719, 1.946, 0.015)
[trajectory_generator_node-6] [smoothTopoPath]   out[8]: (-2.719, 1.946, 0.015)
[trajectory_generator_node-6] [DIAG] optimized_path (smoothTopoPath) size: 9
[trajectory_generator_node-6] [DIAG]   opt[0]: (-2.848, -2.398, 0.015)
[trajectory_generator_node-6] [DIAG]   opt[1]: (-4.817, -0.201, 0.015)
[trajectory_generator_node-6] [DIAG]   opt[2]: (-4.544, -0.245, 0.015)
[trajectory_generator_node-6] [DIAG]   opt[3]: (-4.706, 0.148, 0.015)
[trajectory_generator_node-6] [DIAG]   opt[4]: (-3.063, 2.394, 0.015)
[trajectory_generator_node-6] [DIAG]   opt[5]: (-2.121, 2.207, 0.015)
[trajectory_generator_node-6] [DIAG]   opt[6]: (-2.558, 2.127, 0.015)
[trajectory_generator_node-6] [DIAG]   opt[7]: (-2.719, 1.946, 0.015)
[trajectory_generator_node-6] [DIAG]   opt[8]: (-2.719, 1.946, 0.015)
[trajectory_generator_node-6] optimized_path size: 9
[trajectory_generator_node-6] [Manager] reference_speed: (0.30)
[trajectory_generator_node-6] [LBFGS] search direction d: -6.59546e-06  1.63213e-06  6.46363e-07 -2.24375e-06  4.95954e-06 -9.76106e-06   0.00113699 -9.49873e-05  7.36103e-05   0.00019588  0.000257813  0.000531223 -0.000102621 -0.000229751  1.51929e-05  0.000213076  7.67735e-06 -2.37068e-05 -1.39851e-06  9.81171e-05 -0.000191061  0.000245883 -0.000249138  0.000301411 -0.000273259  0.000924013  1.85807e-05  -6.0718e-06  1.03293e-06  2.40908e-06 -4.14528e-06  3.01154e-06   0.00230337  -3.8546e-05 -0.000494654  0.000774253  0.000740352  0.000220309 -0.000173564 -0.000169237 -2.80031e-05  8.53482e-05 -3.01787e-06 -2.03743e-05 -3.10396e-06 -0.000118891  0.000230526 -0.000332126  0.000454036 -0.000302829 -0.000556911 -0.000598518  1.11615e-05 -3.02961e-06  7.91627e-07 -2.28497e-07  5.74365e-07 -4.81594e-06  2.16342e-05 -4.46299e-05  0.000203918  6.46384e-05  0.000982298 -2.47125e-06  0.000102955  1.55562e-05 -2.87331e-05  5.02552e-05 -2.84115e-05  2.89848e-05 -9.59647e-06  6.01045e-06 -1.02855e-06  4.02903e-05 -1.69869e-05 -3.45695e-05  0.000118307  0.000557948   0.00189505
[trajectory_generator_node-6] [Smooth Optimize] MINCO reaches max evaluations: Line search reaches the maximum try number, assumptions not satisfied or precision not achievable.
[trajectory_generator_node-6] [Smooth Optimize] MINCO: cost=5.3 total_T=26.113(init 25.399) max_drift=0.289 max_vel=0.5 segs=27
[trajectory_generator_node-6] [Smooth Resample] resample
[trajectory_generator_node-6] [Smooth Resample] 28 -> 15 waypoints, 14 time segs, max_turn=160.8 deg
[trajectory_generator_node-6] [Manager] optimizer generate time: 0.006210
[trajectory_generator_node-6] [Reference] path size : 15
[trajectory_generator_node-6] [Reference] solvePolyMatrix ENTER: N=14, path_size=15, trap_time_size=14
[trajectory_generator_node-6] [Reference]   path[0]=(-2.8482,-2.3983) path[1]=(-3.2487,-1.9512) t[0]=2.000325 state_vel=(-0.1980,0.2174)
[trajectory_generator_node-6] [Reference] banded solve done. b[0]=-0.001979 b[N]=0.564067 b2[0]=0.011332 b2[N]=1.044303
[trajectory_generator_node-6] [Reference] solvePolyMatrix EXIT: polyX[0]=[-0.000073 -0.000989 -0.197951 -2.848153]
[trajectory_generator_node-6] [Reference] solvePolyMatrix ENTER: N=14, path_size=15, trap_time_size=14
[trajectory_generator_node-6] [Reference]   path[0]=(-2.8482,-2.3983) path[1]=(-3.2487,-1.9512) t[0]=2.000325 state_vel=(-0.1980,0.2174)
[trajectory_generator_node-6] [Reference] banded solve done. b[0]=-0.001979 b[N]=0.465967 b2[0]=0.011331 b2[N]=0.862826
[trajectory_generator_node-6] [Reference] solvePolyMatrix EXIT: polyX[0]=[-0.000073 -0.000989 -0.197951 -2.848153]
[trajectory_generator_node-6] [Reference] solvePolyMatrix ENTER: N=14, path_size=15, trap_time_size=14
[trajectory_generator_node-6] [Reference]   path[0]=(-2.8482,-2.3983) path[1]=(-3.2487,-1.9512) t[0]=2.000325 state_vel=(-0.1980,0.2174)
[trajectory_generator_node-6] [Reference] banded solve done. b[0]=-0.001979 b[N]=0.384897 b2[0]=0.011331 b2[N]=0.712846
[trajectory_generator_node-6] [Reference] solvePolyMatrix EXIT: polyX[0]=[-0.000073 -0.000989 -0.197951 -2.848153]
[trajectory_generator_node-6] [Reference] solvePolyMatrix ENTER: N=14, path_size=15, trap_time_size=14
[trajectory_generator_node-6] [Reference]   path[0]=(-2.8482,-2.3983) path[1]=(-3.2487,-1.9512) t[0]=2.000325 state_vel=(-0.1980,0.2174)
[trajectory_generator_node-6] [Reference] banded solve done. b[0]=-0.001979 b[N]=0.317901 b2[0]=0.011331 b2[N]=0.588899
[trajectory_generator_node-6] [Reference] solvePolyMatrix EXIT: polyX[0]=[-0.000073 -0.000990 -0.197951 -2.848153]
[trajectory_generator_node-6] [Reference] solvePolyMatrix ENTER: N=14, path_size=15, trap_time_size=14
[trajectory_generator_node-6] [Reference]   path[0]=(-2.8482,-2.3983) path[1]=(-3.2487,-1.9512) t[0]=2.000325 state_vel=(-0.1980,0.2174)
[trajectory_generator_node-6] [Reference] banded solve done. b[0]=-0.001979 b[N]=0.257896 b2[0]=0.011331 b2[N]=0.488736
[trajectory_generator_node-6] [Reference] solvePolyMatrix EXIT: polyX[0]=[-0.000073 -0.000990 -0.197951 -2.848153]
[trajectory_generator_node-6] [Reference] solvePolyMatrix ENTER: N=14, path_size=15, trap_time_size=14
[trajectory_generator_node-6] [Reference]   path[0]=(-2.8482,-2.3983) path[1]=(-3.2487,-1.9512) t[0]=2.000325 state_vel=(-0.1980,0.2174)
[trajectory_generator_node-6] [Reference] banded solve done. b[0]=-0.001979 b[N]=0.208631 b2[0]=0.011331 b2[N]=0.405801
[trajectory_generator_node-6] [Reference] solvePolyMatrix EXIT: polyX[0]=[-0.000073 -0.000990 -0.197951 -2.848153]
[trajectory_generator_node-6] [Reference] solvePolyMatrix ENTER: N=14, path_size=15, trap_time_size=14
[trajectory_generator_node-6] [Reference]   path[0]=(-2.8482,-2.3983) path[1]=(-3.2487,-1.9512) t[0]=2.000325 state_vel=(-0.1980,0.2174)
[trajectory_generator_node-6] [Reference] banded solve done. b[0]=-0.001979 b[N]=0.168224 b2[0]=0.011331 b2[N]=0.337113
[trajectory_generator_node-6] [Reference] solvePolyMatrix EXIT: polyX[0]=[-0.000073 -0.000990 -0.197951 -2.848153]
[trajectory_generator_node-6] [Reference] solvePolyMatrix ENTER: N=14, path_size=15, trap_time_size=14
[trajectory_generator_node-6] [Reference]   path[0]=(-2.8482,-2.3983) path[1]=(-3.2487,-1.9512) t[0]=2.000325 state_vel=(-0.1980,0.2174)
[trajectory_generator_node-6] [Reference] banded solve done. b[0]=-0.001979 b[N]=0.135124 b2[0]=0.011331 b2[N]=0.280211
[trajectory_generator_node-6] [Reference] solvePolyMatrix EXIT: polyX[0]=[-0.000073 -0.000990 -0.197951 -2.848153]
[trajectory_generator_node-6] [INFO] [1790446448.875616695] [trajectory_generation]: FSM published 14 trajectory pieces
[trajectory_tracking_node-8] [WARN] [1790446453.907961269] [trajectory_tracking]: RM_GridMap predicted-path replan requested: collision_samples=0 trajectory_age=5.02
[trajectory_generator_node-6] [Manager REPLAN]  cur position point (X, Y) = (-3.847751, -1.308430), target point (X, Y) = (-2.719000, 1.946000)
[trajectory_generator_node-6] [Manager REPLAN] target_temp (X, Y) = (-2.719000, 1.946000)
[trajectory_generator_node-6] [Manager REPLAN] robot 1.27m from path, full replan
[trajectory_generator_node-6] [Manager] start point, (x, y): (-3.85, -1.31)
[trajectory_generator_node-6] [Manager] receive target, (x, y): (-2.72, 1.95)
[trajectory_generator_node-6] [Topo]: m_graph before num: 1605
[trajectory_generator_node-6] [Topo]: dijkstra time: 0.010169
[trajectory_generator_node-6] [Topo]: topo search time: 0.103318
[trajectory_generator_node-6] [Topo]: m_graph num: 2580
[trajectory_generator_node-6] [DIAG] origin_path (Dijkstra) size: 5
[trajectory_generator_node-6] [DIAG]   origin[0]: (-3.848, -1.308, 0.015)
[trajectory_generator_node-6] [DIAG]   origin[1]: (-4.840, -0.175, 0.015)
[trajectory_generator_node-6] [DIAG]   origin[2]: (-3.769, 2.396, 0.015)
[trajectory_generator_node-6] [DIAG]   origin[3]: (-3.848, 1.692, 0.015)
[trajectory_generator_node-6] [DIAG]   origin[4]: (-2.719, 1.946, 0.015)
[trajectory_generator_node-6] [DIAG] lineVisib(start→end DIRECT): false  colli=(-3.67,-0.85)
[trajectory_generator_node-6] [DIAG] direct line: 68 steps, 58 wall cells
[trajectory_generator_node-6] [smoothTopoPath] INPUT size=5
[trajectory_generator_node-6] [smoothTopoPath]   in[0]: (-3.848, -1.308, 0.015)
[trajectory_generator_node-6] [smoothTopoPath]   in[1]: (-4.840, -0.175, 0.015)
[trajectory_generator_node-6] [smoothTopoPath]   in[2]: (-3.769, 2.396, 0.015)
[trajectory_generator_node-6] [smoothTopoPath]   in[3]: (-3.848, 1.692, 0.015)
[trajectory_generator_node-6] [smoothTopoPath]   in[4]: (-2.719, 1.946, 0.015)
[trajectory_generator_node-6] [smoothTopoPath] lineVisib(start→end): false  colli=(-3.67,-0.85)
[trajectory_generator_node-6] [smoothTopoPath] stuck detected, skipping to topo[1]
[trajectory_generator_node-6] [smoothTopoPath] stuck detected, skipping to topo[4]
[trajectory_generator_node-6] [smoothTopoPath] OUTPUT size=11, iter_count=12
[trajectory_generator_node-6] [smoothTopoPath]   out[0]: (-3.848, -1.308, 0.015)
[trajectory_generator_node-6] [smoothTopoPath]   out[1]: (-4.803, -0.218, 0.015)
[trajectory_generator_node-6] [smoothTopoPath]   out[2]: (-4.544, -0.245, 0.015)
[trajectory_generator_node-6] [smoothTopoPath]   out[3]: (-4.706, 0.148, 0.015)
[trajectory_generator_node-6] [smoothTopoPath]   out[4]: (-3.336, 2.061, 0.015)
[trajectory_generator_node-6] [smoothTopoPath]   out[5]: (-3.243, 1.624, 0.015)
[trajectory_generator_node-6] [smoothTopoPath]   out[6]: (-3.757, 2.000, 0.015)
[trajectory_generator_node-6] [smoothTopoPath]   out[7]: (-3.011, 2.162, 0.015)
[trajectory_generator_node-6] [smoothTopoPath]   out[8]: (-3.362, 1.924, 0.015)
[trajectory_generator_node-6] [smoothTopoPath]   out[9]: (-2.719, 1.946, 0.015)
[trajectory_generator_node-6] [smoothTopoPath]   out[10]: (-2.719, 1.946, 0.015)
[trajectory_generator_node-6] [DIAG] optimized_path (smoothTopoPath) size: 11
[trajectory_generator_node-6] [DIAG]   opt[0]: (-3.848, -1.308, 0.015)
[trajectory_generator_node-6] [DIAG]   opt[1]: (-4.803, -0.218, 0.015)
[trajectory_generator_node-6] [DIAG]   opt[2]: (-4.544, -0.245, 0.015)
[trajectory_generator_node-6] [DIAG]   opt[3]: (-4.706, 0.148, 0.015)
[trajectory_generator_node-6] [DIAG]   opt[4]: (-3.336, 2.061, 0.015)
[trajectory_generator_node-6] [DIAG]   opt[5]: (-3.243, 1.624, 0.015)
[trajectory_generator_node-6] [DIAG]   opt[6]: (-3.757, 2.000, 0.015)
[trajectory_generator_node-6] [DIAG]   opt[7]: (-3.011, 2.162, 0.015)
[trajectory_generator_node-6] [DIAG]   opt[8]: (-3.362, 1.924, 0.015)
[trajectory_generator_node-6] [DIAG]   opt[9]: (-2.719, 1.946, 0.015)
[trajectory_generator_node-6] [DIAG]   opt[10]: (-2.719, 1.946, 0.015)
[trajectory_generator_node-6] optimized_path size: 11
[trajectory_generator_node-6] [Manager] reference_speed: (0.30)
[trajectory_generator_node-6] [LBFGS] search direction d:   0.00119219  -0.00283911   0.00157001  -0.00105168  6.31632e-05 -0.000228585   0.00129859   0.00131799 -0.000722613 -0.000129661   0.00180516    0.0018665  -0.00145703  0.000605341  0.000319655   -0.0031784   0.00456507  -0.00214925 -0.000265745   0.00374312  -0.00793035   0.00130478   0.00780715   0.00275747  -0.00260877   0.00132152  -0.00109267   0.00297207 -0.000185801  -0.00381584 -0.000344255   0.00142985  -0.00033142   0.00068093 -0.000628206  0.000591205 -0.000891684   0.00330831  -0.00287941  -0.00386335   0.00919316   0.00499254  -0.00899098   0.00773446   -0.0034004   0.00166281 -0.000778163  -0.00103555 -0.000285444  0.000964601  -0.00153851   0.00669599    0.0022287    0.0369844  4.95442e-05   0.00301126  9.10902e-05 -0.000508836   0.00116305 -0.000848083   0.00135349  -0.00205085   0.00559417   0.00667967   0.00226009  0.000345542   0.00337921   0.00110083    0.0133451    0.0163554   0.00551001    0.0199862    0.0744126
[trajectory_generator_node-6] [Smooth Optimize] MINCO reaches max evaluations: Line search reaches the maximum try number, assumptions not satisfied or precision not achievable.
[trajectory_generator_node-6] [Smooth Optimize] MINCO: cost=5.9 total_T=23.563(init 21.757) max_drift=0.285 max_vel=0.5 segs=25
[trajectory_generator_node-6] [Smooth Resample] resample
[trajectory_generator_node-6] [Smooth Resample] 26 -> 14 waypoints, 13 time segs, max_turn=161.4 deg
[trajectory_generator_node-6] [Manager] optimizer generate time: 0.015274
[trajectory_generator_node-6] [Reference] path size : 14
[trajectory_generator_node-6] [Reference] solvePolyMatrix ENTER: N=13, path_size=14, trap_time_size=13
[trajectory_generator_node-6] [Reference]   path[0]=(-3.8478,-1.3084) path[1]=(-4.2502,-0.8849) t[0]=2.003009 state_vel=(-0.2000,0.2246)
[trajectory_generator_node-6] [Reference] banded solve done. b[0]=0.030092 b[N]=-0.462118 b2[0]=0.008170 b2[N]=0.530912
[trajectory_generator_node-6] [Reference] solvePolyMatrix EXIT: polyX[0]=[-0.007746 0.015046 -0.199984 -3.847751]
[trajectory_generator_node-6] [Reference] solvePolyMatrix ENTER: N=13, path_size=14, trap_time_size=13
[trajectory_generator_node-6] [Reference]   path[0]=(-3.8478,-1.3084) path[1]=(-4.2502,-0.8849) t[0]=2.003009 state_vel=(-0.2000,0.2246)
[trajectory_generator_node-6] [Reference] banded solve done. b[0]=0.030082 b[N]=-0.381911 b2[0]=0.008150 b2[N]=0.438773
[trajectory_generator_node-6] [Reference] solvePolyMatrix EXIT: polyX[0]=[-0.007744 0.015041 -0.199984 -3.847751]
[trajectory_generator_node-6] [Reference] solvePolyMatrix ENTER: N=13, path_size=14, trap_time_size=13
[trajectory_generator_node-6] [Reference]   path[0]=(-3.8478,-1.3084) path[1]=(-4.2502,-0.8849) t[0]=2.003009 state_vel=(-0.2000,0.2246)
[trajectory_generator_node-6] [Reference] banded solve done. b[0]=0.030085 b[N]=-0.315639 b2[0]=0.008148 b2[N]=0.362602
[trajectory_generator_node-6] [Reference] solvePolyMatrix EXIT: polyX[0]=[-0.007745 0.015042 -0.199984 -3.847751]
[trajectory_generator_node-6] [Reference] solvePolyMatrix ENTER: N=13, path_size=14, trap_time_size=13
[trajectory_generator_node-6] [Reference]   path[0]=(-3.8478,-1.3084) path[1]=(-4.2502,-0.8849) t[0]=2.003009 state_vel=(-0.2000,0.2246)
[trajectory_generator_node-6] [Reference] banded solve done. b[0]=0.030087 b[N]=-0.260868 b2[0]=0.008147 b2[N]=0.299652
[trajectory_generator_node-6] [Reference] solvePolyMatrix EXIT: polyX[0]=[-0.007745 0.015044 -0.199984 -3.847751]
[trajectory_generator_node-6] [Reference] solvePolyMatrix ENTER: N=13, path_size=14, trap_time_size=13
[trajectory_generator_node-6] [Reference]   path[0]=(-3.8478,-1.3084) path[1]=(-4.2502,-0.8849) t[0]=2.003009 state_vel=(-0.2000,0.2246)
[trajectory_generator_node-6] [Reference] banded solve done. b[0]=0.030087 b[N]=-0.214152 b2[0]=0.008147 b2[N]=0.249208
[trajectory_generator_node-6] [Reference] solvePolyMatrix EXIT: polyX[0]=[-0.007745 0.015044 -0.199984 -3.847751]
[trajectory_generator_node-6] [INFO] [1790446454.050556922] [trajectory_generation]: FSM published 13 trajectory pieces
[trajectory_tracking_node-8] [WARN] [1790446459.092519914] [trajectory_tracking]: RM_GridMap predicted-path replan requested: collision_samples=0 trajectory_age=5.03
[trajectory_generator_node-6] [Manager REPLAN]  cur position point (X, Y) = (-4.731342, -0.284069), target point (X, Y) = (-2.719000, 1.946000)
[trajectory_generator_node-6] [Manager REPLAN] target_temp (X, Y) = (-2.719000, 1.946000)
[trajectory_generator_node-6] [Manager REPLAN] path safe & target unchanged, re-anchoring from cur pos
[trajectory_generator_node-6] [LBFGS] search direction d: -6.58753e-06  0.000207293   0.00079458  5.02101e-06  9.88059e-05 -0.000601422  0.000780283  0.000176618  0.000173786 -0.000382413   0.00052681  -0.00070693   0.00150554   -0.0016521    0.0012187  -0.00166985 -0.000206222   0.00173429 -0.000433289   0.00124095 -0.000775809 -1.36418e-05   0.00119586 -0.000259803  -0.00116794 -0.000208212 -0.000560202   0.00114068   -0.0012007  0.000366404   -0.0013722  -0.00064483  0.000302862  0.000522893  0.000270212  0.000145336      0.00233  6.45001e-05     0.192075   0.00851673    0.0155336  -0.00288486  0.000394934   0.00118617  -0.00116139   0.00233775  -0.00516721    0.0144977     0.015342   0.00206175   0.00724571   0.00809379  -0.00107278    0.0310357       0.0431   0.00876996    0.0512565     0.332708
[trajectory_generator_node-6] [Smooth Optimize] MINCO reaches max evaluations: Line search reaches the maximum try number, assumptions not satisfied or precision not achievable.
[trajectory_generator_node-6] [Smooth Optimize] MINCO: cost=3.1 total_T=22.062(init 17.102) max_drift=0.231 max_vel=0.4 segs=20
[trajectory_generator_node-6] [Smooth Resample] resample
[trajectory_generator_node-6] [Smooth Resample] 21 -> 11 waypoints, 10 time segs, max_turn=166.6 deg
[trajectory_generator_node-6] [Reference] path size : 11
[trajectory_generator_node-6] [Reference] solvePolyMatrix ENTER: N=10, path_size=11, trap_time_size=10
[trajectory_generator_node-6] [Reference]   path[0]=(-4.7313,-0.2841) path[1]=(-4.7299,0.2056) t[0]=3.095880 state_vel=(0.0015,0.2982)
[trajectory_generator_node-6] [Reference] banded solve done. b[0]=-0.052395 b[N]=-0.284809 b2[0]=-0.182604 b2[N]=-0.039635
[trajectory_generator_node-6] [Reference] solvePolyMatrix EXIT: polyX[0]=[0.008357 -0.026197 0.001472 -4.731342]
[trajectory_generator_node-6] [Reference] solvePolyMatrix ENTER: N=10, path_size=11, trap_time_size=10
[trajectory_generator_node-6] [Reference]   path[0]=(-4.7313,-0.2841) path[1]=(-4.7299,0.2056) t[0]=3.095880 state_vel=(0.0015,0.2982)
[trajectory_generator_node-6] [Reference] banded solve done. b[0]=-0.052008 b[N]=-0.235377 b2[0]=-0.182189 b2[N]=-0.032754
[trajectory_generator_node-6] [Reference] solvePolyMatrix EXIT: polyX[0]=[0.008295 -0.026004 0.001472 -4.731342]
[trajectory_generator_node-6] [Reference] solvePolyMatrix ENTER: N=10, path_size=11, trap_time_size=10
[trajectory_generator_node-6] [Reference]   path[0]=(-4.7313,-0.2841) path[1]=(-4.7299,0.2056) t[0]=3.095880 state_vel=(0.0015,0.2982)
[trajectory_generator_node-6] [Reference] banded solve done. b[0]=-0.051695 b[N]=-0.194525 b2[0]=-0.181858 b2[N]=-0.027067
[trajectory_generator_node-6] [Reference] solvePolyMatrix EXIT: polyX[0]=[0.008244 -0.025847 0.001472 -4.731342]
[trajectory_generator_node-6] [INFO] [1790446459.119503864] [trajectory_generation]: FSM published 10 trajectory pieces
[trajectory_tracking_node-8] [WARN] [1790446464.148684481] [trajectory_tracking]: RM_GridMap predicted-path replan requested: collision_samples=0 trajectory_age=5.02
[trajectory_generator_node-6] [Manager REPLAN]  cur position point (X, Y) = (-4.455802, 0.663888), target point (X, Y) = (-2.719000, 1.946000)
[trajectory_generator_node-6] [Manager REPLAN] target_temp (X, Y) = (-2.719000, 1.946000)
[trajectory_generator_node-6] [Manager REPLAN] path safe & target unchanged, re-anchoring from cur pos
[trajectory_generator_node-6] [LBFGS] search direction d: -0.000259887 -0.000146066  -0.00039285 -0.000168173 -0.000554027 -0.000729007  0.000892527  2.48263e-05  0.000124359  -0.00186054   0.00167909    0.0018161 -0.000243486   0.00227035    0.0051419  0.000408987 -0.000113789   0.00110318 -0.000271944 -0.000116452   0.00178443  0.000451808 -1.71602e-05  0.000811792  9.95843e-05 -2.09157e-05  0.000172945  -0.00045057   0.00324176   0.00126399  4.92156e-05   0.00221125  -0.00150246   0.00331425  -0.00728838    0.0218714    0.0262897   0.00772184  0.000713437    0.0124911   0.00483246    0.0517585    0.0623943    0.0204441    0.0837449     0.298435
[trajectory_generator_node-6] [Smooth Optimize] MINCO reaches max evaluations: Line search reaches the maximum try number, assumptions not satisfied or precision not achievable.
[trajectory_generator_node-6] [Smooth Optimize] MINCO: cost=1.2 total_T=17.857(init 13.481) max_drift=0.161 max_vel=0.3 segs=16
[trajectory_generator_node-6] [Smooth Resample] resample
[trajectory_generator_node-6] [Smooth Resample] 17 -> 9 waypoints, 8 time segs, max_turn=162.1 deg
[trajectory_generator_node-6] [Reference] path size : 9
[trajectory_generator_node-6] [Reference] solvePolyMatrix ENTER: N=8, path_size=9, trap_time_size=8
[trajectory_generator_node-6] [Reference]   path[0]=(-4.4558,0.6639) path[1]=(-4.0960,1.1474) t[0]=2.023076 state_vel=(0.1734,0.2420)
[trajectory_generator_node-6] [Reference] banded solve done. b[0]=0.006729 b[N]=-0.244356 b2[0]=0.015805 b2[N]=-0.035440
[trajectory_generator_node-6] [Reference] solvePolyMatrix EXIT: polyX[0]=[-0.000573 0.003365 0.173385 -4.455802]
[trajectory_generator_node-6] [Reference] solvePolyMatrix ENTER: N=8, path_size=9, trap_time_size=8
[trajectory_generator_node-6] [Reference]   path[0]=(-4.4558,0.6639) path[1]=(-4.0960,1.1474) t[0]=2.023076 state_vel=(0.1734,0.2420)
[trajectory_generator_node-6] [Reference] banded solve done. b[0]=0.013841 b[N]=-0.201945 b2[0]=0.022439 b2[N]=-0.029287
[trajectory_generator_node-6] [Reference] solvePolyMatrix EXIT: polyX[0]=[-0.002331 0.006920 0.173385 -4.455802]
[trajectory_generator_node-6] [Reference] solvePolyMatrix ENTER: N=8, path_size=9, trap_time_size=8
[trajectory_generator_node-6] [Reference]   path[0]=(-4.4558,0.6639) path[1]=(-4.0960,1.1474) t[0]=2.023076 state_vel=(0.1734,0.2420)
[trajectory_generator_node-6] [Reference] banded solve done. b[0]=0.019567 b[N]=-0.198614 b2[0]=0.027604 b2[N]=-0.028923
[trajectory_generator_node-6] [Reference] solvePolyMatrix EXIT: polyX[0]=[-0.003746 0.009784 0.173385 -4.455802]
[trajectory_generator_node-6] [INFO] [1790446464.156168064] [trajectory_generation]: FSM published 8 trajectory pieces
[trajectory_tracking_node-8] [WARN] [1790446469.192964536] [trajectory_tracking]: RM_GridMap predicted-path replan requested: collision_samples=0 trajectory_age=5.01
[trajectory_generator_node-6] [Manager REPLAN]  cur position point (X, Y) = (-3.618852, 1.773637), target point (X, Y) = (-2.719000, 1.946000)
[trajectory_generator_node-6] [Manager REPLAN] target_temp (X, Y) = (-2.719000, 1.946000)
[trajectory_generator_node-6] [Manager REPLAN] path safe & target unchanged, re-anchoring from cur pos
[trajectory_generator_node-6] [LBFGS] search direction d: -0.000885745  0.000681438  0.000581737  -0.00135675 -0.000685469  -0.00123206   0.00059549  0.000308016 -0.000703838 -0.000248984  -0.00390036    0.0275049     0.005163    0.0285379    0.0330967     0.101815
[trajectory_generator_node-6] [Smooth Optimize] MINCO reaches max evaluations: Line search reaches the maximum try number, assumptions not satisfied or precision not achievable.
[trajectory_generator_node-6] [Smooth Optimize] MINCO: cost=0.5 total_T=8.428(init 4.827) max_drift=0.139 max_vel=0.4 segs=6
[trajectory_generator_node-6] [Smooth Resample] resample
[trajectory_generator_node-6] [Smooth Resample] 7 -> 4 waypoints, 3 time segs, max_turn=174.3 deg
[trajectory_generator_node-6] [Reference] path size : 4
[trajectory_generator_node-6] [Reference] solvePolyMatrix ENTER: N=3, path_size=4, trap_time_size=3
[trajectory_generator_node-6] [Reference]   path[0]=(-3.6189,1.7736) path[1]=(-3.1285,2.1142) t[0]=2.842447 state_vel=(0.1712,0.2364)
[trajectory_generator_node-6] [Reference] banded solve done. b[0]=0.150843 b[N]=-0.253624 b2[0]=-0.045665 b2[N]=-0.047175
[trajectory_generator_node-6] [Reference] solvePolyMatrix EXIT: polyX[0]=[-0.026369 0.075422 0.171166 -3.618852]
[trajectory_generator_node-6] [INFO] [1790446469.225005785] [trajectory_generation]: FSM published 3 trajectory pieces
[trajectory_tracking_node-8] [WARN] [1790446474.243686410] [trajectory_tracking]: RM_GridMap predicted-path replan requested: collision_samples=0 trajectory_age=5.01
[trajectory_generator_node-6] [Manager REPLAN]  cur position point (X, Y) = (-3.189944, 2.104443), target point (X, Y) = (-2.719000, 1.946000)
[trajectory_generator_node-6] [Manager REPLAN] target_temp (X, Y) = (-2.719000, 1.946000)
[trajectory_generator_node-6] [Manager REPLAN] path safe & target unchanged, re-anchoring from cur pos
[trajectory_generator_node-6] [LBFGS] search direction d:  0.000143038 -4.37615e-05  0.000103682 -2.41825e-05     0.260759     0.136847     0.273426
[trajectory_generator_node-6] [Smooth Optimize] MINCO reaches max evaluations: Line search reaches the maximum try number, assumptions not satisfied or precision not achievable.
[trajectory_generator_node-6] [Smooth Optimize] MINCO: cost=0.4 total_T=6.000(init 2.696) max_drift=0.139 max_vel=0.1 segs=3
[trajectory_generator_node-6] [Smooth Resample] resample
[trajectory_generator_node-6] [Smooth Resample] path too short (4 pts), keeping all
[trajectory_generator_node-6] [Reference] path size : 4
[trajectory_generator_node-6] [Reference] solvePolyMatrix ENTER: N=3, path_size=4, trap_time_size=3
[trajectory_generator_node-6] [Reference]   path[0]=(-3.1899,2.1044) path[1]=(-3.3291,1.9467) t[0]=2.000000 state_vel=(-0.0004,0.0002)
[trajectory_generator_node-6] [Reference] banded solve done. b[0]=-0.190971 b[N]=-0.308856 b2[0]=-0.218216 b2[N]=0.171261
[trajectory_generator_node-6] [Reference] solvePolyMatrix EXIT: polyX[0]=[0.030438 -0.095485 -0.000354 -3.189944]
[trajectory_generator_node-6] [Reference] solvePolyMatrix ENTER: N=3, path_size=4, trap_time_size=3
[trajectory_generator_node-6] [Reference]   path[0]=(-3.1899,2.1044) path[1]=(-3.3291,1.9467) t[0]=2.000000 state_vel=(-0.0004,0.0002)
[trajectory_generator_node-6] [Reference] banded solve done. b[0]=-0.183234 b[N]=-0.253142 b2[0]=-0.209354 b2[N]=0.143942
[trajectory_generator_node-6] [Reference] solvePolyMatrix EXIT: polyX[0]=[0.028503 -0.091617 -0.000354 -3.189944]
[trajectory_generator_node-6] [INFO] [1790446474.267460862] [trajectory_generation]: FSM published 3 trajectory pieces
[trajectory_tracking_node-8] [WARN] [1790446479.282542200] [trajectory_tracking]: RM_GridMap predicted-path replan requested: collision_samples=0 trajectory_age=5.01
[trajectory_generator_node-6] [Manager REPLAN]  cur position point (X, Y) = (-3.293190, 1.998978), target point (X, Y) = (-2.719000, 1.946000)
[trajectory_generator_node-6] [Manager REPLAN] target_temp (X, Y) = (-2.719000, 1.946000)
[trajectory_generator_node-6] [Manager REPLAN] path safe & target unchanged, re-anchoring from cur pos
[trajectory_generator_node-6] [Smooth Optimize] MINCO Optimization Success: Success: met stopping criteria (past f decrease less than delta).
[trajectory_generator_node-6] [Smooth Optimize] MINCO: cost=0.3 total_T=4.000(init 1.922) max_drift=0.124 max_vel=0.0 segs=2
[trajectory_generator_node-6] [Smooth Resample] resample
[trajectory_generator_node-6] [Smooth Resample] path too short (3 pts), keeping all
[trajectory_generator_node-6] [Reference] path size : 3
[trajectory_generator_node-6] [Reference] solvePolyMatrix ENTER: N=2, path_size=3, trap_time_size=2
[trajectory_generator_node-6] [Reference]   path[0]=(-3.2932,1.9990) path[1]=(-3.0585,2.0778) t[0]=2.000000 state_vel=(-0.0019,-0.0024)
[trajectory_generator_node-6] [Reference] banded solve done. b[0]=0.140072 b[N]=-0.293465 b2[0]=0.142403 b2[N]=0.178499
[trajectory_generator_node-6] [Reference] solvePolyMatrix EXIT: polyX[0]=[-0.005201 0.070036 -0.001930 -3.293190]
[trajectory_generator_node-6] [INFO] [1790446479.302613999] [trajectory_generation]: FSM published 2 trajectory pieces
[trajectory_tracking_node-8] [WARN] [1790446483.273452351] [trajectory_tracking]: trajectory tracking stopped: invalid coefficient array length
[trajectory_tracking_node-8] [WARN] [1790446485.286998756] [trajectory_tracking]: trajectory tracking stopped: no valid trajectory
[trajectory_tracking_node-8] [WARN] [1790446487.300178564] [trajectory_tracking]: trajectory tracking stopped: no valid trajectory
[trajectory_tracking_node-8] [WARN] [1790446489.300914671] [trajectory_tracking]: trajectory tracking stopped: no valid trajectory
[trajectory_tracking_node-8] [WARN] [1790446491.299855221] [trajectory_tracking]: trajectory tracking stopped: no valid trajectory
[trajectory_tracking_node-8] [WARN] [1790446493.300606622] [trajectory_tracking]: trajectory tracking stopped: no valid trajectory
[trajectory_tracking_node-8] [WARN] [1790446495.299440632] [trajectory_tracking]: trajectory tracking stopped: no valid trajectory
[trajectory_tracking_node-8] [WARN] [1790446497.311133001] [trajectory_tracking]: trajectory tracking stopped: no valid trajectory
[trajectory_tracking_node-8] [WARN] [1790446499.308894613] [trajectory_tracking]: trajectory tracking stopped: no valid trajectory
[trajectory_tracking_node-8] [WARN] [1790446501.309619463] [trajectory_tracking]: trajectory tracking stopped: no valid trajectory
[trajectory_tracking_node-8] [WARN] [1790446503.310233980] [trajectory_tracking]: trajectory tracking stopped: no valid trajectory
[trajectory_tracking_node-8] [WARN] [1790446505.311941548] [trajectory_tracking]: trajectory tracking stopped: no valid trajectory
[trajectory_tracking_node-8] [WARN] [1790446507.312125085] [trajectory_tracking]: trajectory tracking stopped: no valid trajectory
[trajectory_tracking_node-8] [WARN] [1790446509.309268908] [trajectory_tracking]: trajectory tracking stopped: no valid trajectory
[trajectory_tracking_node-8] [WARN] [1790446511.309573363] [trajectory_tracking]: trajectory tracking stopped: no valid trajectory
[trajectory_tracking_node-8] [WARN] [1790446513.309437886] [trajectory_tracking]: trajectory tracking stopped: no valid trajectory
[trajectory_tracking_node-8] [WARN] [1790446515.308066166] [trajectory_tracking]: trajectory tracking stopped: no valid trajectory
[trajectory_tracking_node-8] [WARN] [1790446517.315490123] [trajectory_tracking]: trajectory tracking stopped: no valid trajectory
[trajectory_tracking_node-8] [WARN] [1790446519.307436823] [trajectory_tracking]: trajectory tracking stopped: no valid trajectory
[trajectory_tracking_node-8] [WARN] [1790446521.319603192] [trajectory_tracking]: trajectory tracking stopped: no valid trajectory
[trajectory_tracking_node-8] [WARN] [1790446523.310598992] [trajectory_tracking]: trajectory tracking stopped: no valid trajectory
[trajectory_tracking_node-8] [WARN] [1790446525.328890449] [trajectory_tracking]: trajectory tracking stopped: no valid trajectory
[trajectory_tracking_node-8] [WARN] [1790446527.328055525] [trajectory_tracking]: trajectory tracking stopped: no valid trajectory
[trajectory_tracking_node-8] [WARN] [1790446529.328139777] [trajectory_tracking]: trajectory tracking stopped: no valid trajectory
[trajectory_tracking_node-8] [WARN] [1790446531.329864133] [trajectory_tracking]: trajectory tracking stopped: no valid trajectory
[trajectory_tracking_node-8] [WARN] [1790446533.334056168] [trajectory_tracking]: trajectory tracking stopped: no valid trajectory
[trajectory_tracking_node-8] [WARN] [1790446535.325616690] [trajectory_tracking]: trajectory tracking stopped: no valid trajectory
[trajectory_tracking_node-8] [WARN] [1790446537.329777821] [trajectory_tracking]: trajectory tracking stopped: no valid trajectory
[trajectory_tracking_node-8] [WARN] [1790446539.330888250] [trajectory_tracking]: trajectory tracking stopped: no valid trajectory
[trajectory_tracking_node-8] [WARN] [1790446541.325393608] [trajectory_tracking]: trajectory tracking stopped: no valid trajectory
[trajectory_tracking_node-8] [WARN] [1790446543.325049745] [trajectory_tracking]: trajectory tracking stopped: no valid trajectory
[trajectory_tracking_node-8] [WARN] [1790446545.326778278] [trajectory_tracking]: trajectory tracking stopped: no valid trajectory
[trajectory_tracking_node-8] [WARN] [1790446547.329530800] [trajectory_tracking]: trajectory tracking stopped: no valid trajectory
[trajectory_tracking_node-8] [WARN] [1790446549.422114324] [trajectory_tracking]: trajectory tracking stopped: no valid trajectory
[trajectory_generator_node-6] [INFO] [1790446550.001628228] [trajectory_generation]: FSM accepted manual goal goal=(-2.72, 1.95, 0.02)
[trajectory_generator_node-6] [Manager] start point, (x, y): (-0.92, -4.45)
[trajectory_generator_node-6] [Manager] receive target, (x, y): (-2.72, 1.95)
[trajectory_generator_node-6] [Topo]: m_graph before num: 1605
[trajectory_generator_node-6] [Topo]: dijkstra time: 0.013401
[trajectory_generator_node-6] [Topo]: topo search time: 0.093705
[trajectory_generator_node-6] [Topo]: m_graph num: 2571
[trajectory_generator_node-6] [DIAG] origin_path (Dijkstra) size: 5
[trajectory_generator_node-6] [DIAG]   origin[0]: (-0.919, -4.454, 0.015)
[trajectory_generator_node-6] [DIAG]   origin[1]: (-5.019, -1.604, 0.015)
[trajectory_generator_node-6] [DIAG]   origin[2]: (-3.769, 2.396, 0.015)
[trajectory_generator_node-6] [DIAG]   origin[3]: (-1.719, 1.946, 0.015)
[trajectory_generator_node-6] [DIAG]   origin[4]: (-2.719, 1.946, 0.015)
[trajectory_generator_node-6] [DIAG] lineVisib(start→end DIRECT): false  colli=(-1.42,-2.65)
[trajectory_generator_node-6] [DIAG] direct line: 132 steps, 92 wall cells
[trajectory_generator_node-6] [smoothTopoPath] INPUT size=5
[trajectory_generator_node-6] [smoothTopoPath]   in[0]: (-0.919, -4.454, 0.015)
[trajectory_generator_node-6] [smoothTopoPath]   in[1]: (-5.019, -1.604, 0.015)
[trajectory_generator_node-6] [smoothTopoPath]   in[2]: (-3.769, 2.396, 0.015)
[trajectory_generator_node-6] [smoothTopoPath]   in[3]: (-1.719, 1.946, 0.015)
[trajectory_generator_node-6] [smoothTopoPath]   in[4]: (-2.719, 1.946, 0.015)
[trajectory_generator_node-6] [smoothTopoPath] lineVisib(start→end): false  colli=(-1.42,-2.65)
[trajectory_generator_node-6] [smoothTopoPath] stuck detected, skipping to topo[4]
[trajectory_generator_node-6] [smoothTopoPath] OUTPUT size=8, iter_count=7
[trajectory_generator_node-6] [smoothTopoPath]   out[0]: (-0.919, -4.454, 0.015)
[trajectory_generator_node-6] [smoothTopoPath]   out[1]: (-4.840, -0.515, 0.015)
[trajectory_generator_node-6] [smoothTopoPath]   out[2]: (-3.299, 2.232, 0.015)
[trajectory_generator_node-6] [smoothTopoPath]   out[3]: (-2.168, 2.139, 0.015)
[trajectory_generator_node-6] [smoothTopoPath]   out[4]: (-2.555, 2.131, 0.015)
[trajectory_generator_node-6] [smoothTopoPath]   out[5]: (-2.134, 2.182, 0.015)
[trajectory_generator_node-6] [smoothTopoPath]   out[6]: (-2.719, 1.946, 0.015)
[trajectory_generator_node-6] [smoothTopoPath]   out[7]: (-2.719, 1.946, 0.015)
[trajectory_generator_node-6] [DIAG] optimized_path (smoothTopoPath) size: 8
[trajectory_generator_node-6] [DIAG]   opt[0]: (-0.919, -4.454, 0.015)
[trajectory_generator_node-6] [DIAG]   opt[1]: (-4.840, -0.515, 0.015)
[trajectory_generator_node-6] [DIAG]   opt[2]: (-3.299, 2.232, 0.015)
[trajectory_generator_node-6] [DIAG]   opt[3]: (-2.168, 2.139, 0.015)
[trajectory_generator_node-6] [DIAG]   opt[4]: (-2.555, 2.131, 0.015)
[trajectory_generator_node-6] [DIAG]   opt[5]: (-2.134, 2.182, 0.015)
[trajectory_generator_node-6] [DIAG]   opt[6]: (-2.719, 1.946, 0.015)
[trajectory_generator_node-6] [DIAG]   opt[7]: (-2.719, 1.946, 0.015)
[trajectory_generator_node-6] optimized_path size: 8
[trajectory_generator_node-6] [Manager] reference_speed: (0.30)
[trajectory_generator_node-6] [LBFGS] search direction d:  9.72701e-05  0.000608948 -0.000696394  0.000665139 -0.000514308  0.000335708 -0.000190591  9.36582e-05 -3.40051e-05 -5.19217e-06  3.76614e-05 -6.98701e-05  9.76316e-05 -0.000107128  9.35274e-05 -7.12418e-05  7.33323e-05  -0.00138255  5.54627e-05  0.000880797  -0.00238778  -0.00116952  -0.00335438  0.000871564  0.000706052  0.000139905  0.000229411  -0.00162901   0.00265262  -0.00378945   0.00457604  -0.00446943   0.00335193  -0.00154223   0.00269553   0.00481006  -0.00959312 -9.77561e-05 -0.000611596  0.000699358 -0.000667821  0.000516077 -0.000336315  0.000190085  -9.2338e-05  3.27507e-05   3.8762e-06 -2.72491e-05  3.47301e-05 -2.85764e-06 -0.000119359  0.000391869 -0.000848976   0.00151406  -0.00106218 -0.000809162  0.000417181   -0.0125796 -0.000699474  -0.00401588  8.45706e-05  0.000603718 -0.000222752   0.00024136  0.000943791  -0.00122748   0.00125223  -7.1353e-05  0.000838976  -0.00315361  0.000339528 -9.03712e-05 -0.000576974    0.0011445    0.0949257   -0.0136295   0.00530209  -0.00123535  0.000291593 -3.80125e-05  -4.8564e-06  1.04745e-05 -6.30001e-06  2.76882e-06 -1.03731e-06  4.51902e-06  -2.6217e-05   0.00012151 -0.000482646   0.00182703  -0.00540776    0.0171756  0.000873029      0.44301   0.00494741    0.0185574  -0.00311384 -0.000564884    0.0032259  -0.00293366   0.00399927  -0.00412859    0.0100312    0.0092992 -0.000346503  -0.00807744    0.0416481    0.0970421    0.0827994   0.00438845     0.101734     0.434675
[trajectory_generator_node-6] [Smooth Optimize] MINCO reaches max evaluations: Line search reaches the maximum try number, assumptions not satisfied or precision not achievable.
[trajectory_generator_node-6] [Smooth Optimize] MINCO: cost=5.0 total_T=41.286(init 35.954) max_drift=0.249 max_vel=0.4 segs=38
[trajectory_generator_node-6] [Smooth Resample] resample
[trajectory_generator_node-6] [Smooth Resample] 39 -> 20 waypoints, 19 time segs, max_turn=178.3 deg
[trajectory_generator_node-6] [Manager] optimizer generate time: 0.006607
[trajectory_generator_node-6] [Reference] path size : 20
[trajectory_generator_node-6] [Reference] solvePolyMatrix ENTER: N=19, path_size=20, trap_time_size=19
[trajectory_generator_node-6] [Reference]   path[0]=(-0.9190,-4.4540) path[1]=(-1.3430,-4.0281) t[0]=2.604165 state_vel=(0.0000,0.0000)
[trajectory_generator_node-6] [Reference] banded solve done. b[0]=-0.201982 b[N]=0.262278 b2[0]=0.202887 b2[N]=0.066101
[trajectory_generator_node-6] [Reference] solvePolyMatrix EXIT: polyX[0]=[0.014775 -0.100991 0.000000 -0.919000]
[trajectory_generator_node-6] [Reference] solvePolyMatrix ENTER: N=19, path_size=20, trap_time_size=19
[trajectory_generator_node-6] [Reference]   path[0]=(-0.9190,-4.4540) path[1]=(-1.3430,-4.0281) t[0]=2.604165 state_vel=(0.0000,0.0000)
[trajectory_generator_node-6] [Reference] banded solve done. b[0]=-0.201982 b[N]=0.216780 b2[0]=0.202887 b2[N]=0.054673
[trajectory_generator_node-6] [Reference] solvePolyMatrix EXIT: polyX[0]=[0.014775 -0.100991 0.000000 -0.919000]
[trajectory_generator_node-6] [INFO] [1790446550.124200295] [trajectory_generation]: FSM published 19 trajectory pieces
[trajectory_tracking_node-8] [WARN] [1790446555.143841024] [trajectory_tracking]: RM_GridMap predicted-path replan requested: collision_samples=0 trajectory_age=5.01
[trajectory_generator_node-6] [Manager REPLAN]  cur position point (X, Y) = (-1.837146, -3.506082), target point (X, Y) = (-2.719000, 1.946000)
[trajectory_generator_node-6] [Manager REPLAN] target_temp (X, Y) = (-2.719000, 1.946000)
[trajectory_generator_node-6] [Manager REPLAN] robot 1.32m from path, full replan
[trajectory_generator_node-6] [Manager] start point, (x, y): (-1.84, -3.51)
[trajectory_generator_node-6] [Manager] receive target, (x, y): (-2.72, 1.95)
[trajectory_generator_node-6] [Topo]: m_graph before num: 1605
[trajectory_generator_node-6] [Topo]: dijkstra time: 0.013785
[trajectory_generator_node-6] [Topo]: topo search time: 0.185954
[trajectory_generator_node-6] [Topo]: m_graph num: 2586
[trajectory_generator_node-6] [DIAG] origin_path (Dijkstra) size: 5
[trajectory_generator_node-6] [DIAG]   origin[0]: (-1.837, -3.506, 0.015)
[trajectory_generator_node-6] [DIAG]   origin[1]: (-4.840, -0.175, 0.015)
[trajectory_generator_node-6] [DIAG]   origin[2]: (-3.769, 2.396, 0.015)
[trajectory_generator_node-6] [DIAG]   origin[3]: (-1.719, 1.946, 0.015)
[trajectory_generator_node-6] [DIAG]   origin[4]: (-2.719, 1.946, 0.015)
[trajectory_generator_node-6] [DIAG] lineVisib(start→end DIRECT): false  colli=(-2.12,-1.70)
[trajectory_generator_node-6] [DIAG] direct line: 110 steps, 71 wall cells
[trajectory_generator_node-6] [smoothTopoPath] INPUT size=5
[trajectory_generator_node-6] [smoothTopoPath]   in[0]: (-1.837, -3.506, 0.015)
[trajectory_generator_node-6] [smoothTopoPath]   in[1]: (-4.840, -0.175, 0.015)
[trajectory_generator_node-6] [smoothTopoPath]   in[2]: (-3.769, 2.396, 0.015)
[trajectory_generator_node-6] [smoothTopoPath]   in[3]: (-1.719, 1.946, 0.015)
[trajectory_generator_node-6] [smoothTopoPath]   in[4]: (-2.719, 1.946, 0.015)
[trajectory_generator_node-6] [smoothTopoPath] lineVisib(start→end): false  colli=(-2.12,-1.70)
[trajectory_generator_node-6] [smoothTopoPath] stuck detected, skipping to topo[1]
[trajectory_generator_node-6] [smoothTopoPath] stuck detected, skipping to topo[4]
[trajectory_generator_node-6] [smoothTopoPath] OUTPUT size=9, iter_count=10
[trajectory_generator_node-6] [smoothTopoPath]   out[0]: (-1.837, -3.506, 0.015)
[trajectory_generator_node-6] [smoothTopoPath]   out[1]: (-4.817, -0.201, 0.015)
[trajectory_generator_node-6] [smoothTopoPath]   out[2]: (-4.544, -0.245, 0.015)
[trajectory_generator_node-6] [smoothTopoPath]   out[3]: (-4.706, 0.148, 0.015)
[trajectory_generator_node-6] [smoothTopoPath]   out[4]: (-3.063, 2.394, 0.015)
[trajectory_generator_node-6] [smoothTopoPath]   out[5]: (-2.121, 2.207, 0.015)
[trajectory_generator_node-6] [smoothTopoPath]   out[6]: (-2.558, 2.127, 0.015)
[trajectory_generator_node-6] [smoothTopoPath]   out[7]: (-2.719, 1.946, 0.015)
[trajectory_generator_node-6] [smoothTopoPath]   out[8]: (-2.719, 1.946, 0.015)
[trajectory_generator_node-6] [DIAG] optimized_path (smoothTopoPath) size: 9
[trajectory_generator_node-6] [DIAG]   opt[0]: (-1.837, -3.506, 0.015)
[trajectory_generator_node-6] [DIAG]   opt[1]: (-4.817, -0.201, 0.015)
[trajectory_generator_node-6] [DIAG]   opt[2]: (-4.544, -0.245, 0.015)
[trajectory_generator_node-6] [DIAG]   opt[3]: (-4.706, 0.148, 0.015)
[trajectory_generator_node-6] [DIAG]   opt[4]: (-3.063, 2.394, 0.015)
[trajectory_generator_node-6] [DIAG]   opt[5]: (-2.121, 2.207, 0.015)
[trajectory_generator_node-6] [DIAG]   opt[6]: (-2.558, 2.127, 0.015)
[trajectory_generator_node-6] [DIAG]   opt[7]: (-2.719, 1.946, 0.015)
[trajectory_generator_node-6] [DIAG]   opt[8]: (-2.719, 1.946, 0.015)
[trajectory_generator_node-6] optimized_path size: 9
[trajectory_generator_node-6] [Manager] reference_speed: (0.30)
[trajectory_generator_node-6] [LBFGS] search direction d:  2.59602e-05 -9.18346e-06  3.46619e-06 -1.29899e-06  8.73182e-07 -1.64591e-06  3.94287e-06 -9.15503e-06  2.03798e-05  -3.9743e-05  6.26043e-05 -7.45695e-05 -9.87773e-05 -0.000220879  7.96678e-06  0.000204892  0.000479351 -0.000163859 -0.000361545 -8.57939e-05  0.000326842  6.16884e-05   6.4953e-05  3.97826e-05  7.03981e-05  -0.00014171  0.000177965 -0.000160615  7.57076e-05 -3.97127e-05  0.000667296  3.50834e-05 -1.25109e-05  4.85852e-06 -2.10023e-06   1.9058e-06 -3.72876e-06  8.34564e-06 -1.82195e-05  3.86038e-05 -7.21157e-05  0.000105303  4.48807e-05 -0.000151168 -0.000106833  0.000153149  0.000655113  0.000517902  2.42737e-05 -0.000117501  6.19479e-05 -9.84446e-05 -2.18773e-05 -0.000118542 -4.59368e-05 -8.42917e-05  0.000168677 -0.000248894  0.000360408  -0.00034237 -0.000305378  0.000163562  8.62383e-06 -1.82888e-06  4.97063e-07 -6.74653e-08 -4.49369e-08  1.09842e-07 -1.99651e-07  3.42026e-07   -5.283e-07  1.14044e-06  -5.5277e-06  2.42908e-05 -4.93308e-05  0.000222794  5.83755e-05   0.00319646 -1.24416e-05  0.000106034  2.51581e-05 -3.70796e-05  6.24443e-05 -3.45468e-05  3.48856e-05 -1.13692e-05  6.70793e-06  1.04604e-06  5.06156e-05 -2.66719e-05 -1.92569e-05  0.000145109  0.000636375   0.00226947
[trajectory_generator_node-6] [Smooth Optimize] MINCO reaches max evaluations: Line search reaches the maximum try number, assumptions not satisfied or precision not achievable.
[trajectory_generator_node-6] [Smooth Optimize] MINCO: cost=5.3 total_T=31.167(init 30.399) max_drift=0.289 max_vel=0.5 segs=32
[trajectory_generator_node-6] [Smooth Resample] resample
[trajectory_generator_node-6] [Smooth Resample] 33 -> 17 waypoints, 16 time segs, max_turn=137.3 deg
[trajectory_generator_node-6] [Manager] optimizer generate time: 0.007832
[trajectory_generator_node-6] [Reference] path size : 17
[trajectory_generator_node-6] [Reference] solvePolyMatrix ENTER: N=16, path_size=17, trap_time_size=16
[trajectory_generator_node-6] [Reference]   path[0]=(-1.8371,-3.5061) path[1]=(-2.2386,-3.0600) t[0]=2.000265 state_vel=(-0.2114,0.2089)
[trajectory_generator_node-6] [Reference] banded solve done. b[0]=0.018760 b[N]=0.667380 b2[0]=0.024599 b2[N]=0.284878
[trajectory_generator_node-6] [Reference] solvePolyMatrix EXIT: polyX[0]=[-0.002006 0.009380 -0.211417 -1.837146]
[trajectory_generator_node-6] [Reference] solvePolyMatrix ENTER: N=16, path_size=17, trap_time_size=16
[trajectory_generator_node-6] [Reference]   path[0]=(-1.8371,-3.5061) path[1]=(-2.2386,-3.0600) t[0]=2.000265 state_vel=(-0.2114,0.2089)
[trajectory_generator_node-6] [Reference] banded solve done. b[0]=0.018760 b[N]=0.551957 b2[0]=0.024599 b2[N]=0.236401
[trajectory_generator_node-6] [Reference] solvePolyMatrix EXIT: polyX[0]=[-0.002006 0.009380 -0.211417 -1.837146]
[trajectory_generator_node-6] [Reference] solvePolyMatrix ENTER: N=16, path_size=17, trap_time_size=16
[trajectory_generator_node-6] [Reference]   path[0]=(-1.8371,-3.5061) path[1]=(-2.2386,-3.0600) t[0]=2.000265 state_vel=(-0.2114,0.2089)
[trajectory_generator_node-6] [Reference] banded solve done. b[0]=0.018760 b[N]=0.456579 b2[0]=0.024599 b2[N]=0.196280
[trajectory_generator_node-6] [Reference] solvePolyMatrix EXIT: polyX[0]=[-0.002006 0.009380 -0.211417 -1.837146]
[trajectory_generator_node-6] [Reference] solvePolyMatrix ENTER: N=16, path_size=17, trap_time_size=16
[trajectory_generator_node-6] [Reference]   path[0]=(-1.8371,-3.5061) path[1]=(-2.2386,-3.0600) t[0]=2.000265 state_vel=(-0.2114,0.2089)
[trajectory_generator_node-6] [Reference] banded solve done. b[0]=0.018760 b[N]=0.377759 b2[0]=0.024599 b2[N]=0.163067
[trajectory_generator_node-6] [Reference] solvePolyMatrix EXIT: polyX[0]=[-0.002006 0.009380 -0.211417 -1.837146]
[trajectory_generator_node-6] [Reference] solvePolyMatrix ENTER: N=16, path_size=17, trap_time_size=16
[trajectory_generator_node-6] [Reference]   path[0]=(-1.8371,-3.5061) path[1]=(-2.2386,-3.0600) t[0]=2.000265 state_vel=(-0.2114,0.2089)
[trajectory_generator_node-6] [Reference] banded solve done. b[0]=0.018760 b[N]=0.312618 b2[0]=0.024599 b2[N]=0.135564
[trajectory_generator_node-6] [Reference] solvePolyMatrix EXIT: polyX[0]=[-0.002006 0.009380 -0.211417 -1.837146]
[trajectory_generator_node-6] [INFO] [1790446555.383522829] [trajectory_generation]: FSM published 16 trajectory pieces
[trajectory_tracking_node-8] [WARN] [1790446560.419428763] [trajectory_tracking]: RM_GridMap predicted-path replan requested: collision_samples=0 trajectory_age=5.02
[trajectory_generator_node-6] [Manager REPLAN]  cur position point (X, Y) = (-2.850715, -2.395816), target point (X, Y) = (-2.719000, 1.946000)
[trajectory_generator_node-6] [Manager REPLAN] target_temp (X, Y) = (-2.719000, 1.946000)
[trajectory_generator_node-6] [Manager REPLAN] robot 1.50m from path, full replan
[trajectory_generator_node-6] [Manager] start point, (x, y): (-2.85, -2.40)
[trajectory_generator_node-6] [Manager] receive target, (x, y): (-2.72, 1.95)
[trajectory_generator_node-6] [Topo]: m_graph before num: 1605
[trajectory_generator_node-6] [Topo]: dijkstra time: 0.011652
[trajectory_generator_node-6] [Topo]: topo search time: 0.124381
[trajectory_generator_node-6] [Topo]: m_graph num: 2571
[trajectory_generator_node-6] [DIAG] origin_path (Dijkstra) size: 5
[trajectory_generator_node-6] [DIAG]   origin[0]: (-2.851, -2.396, 0.015)
[trajectory_generator_node-6] [DIAG]   origin[1]: (-4.840, -0.175, 0.015)
[trajectory_generator_node-6] [DIAG]   origin[2]: (-3.769, 2.396, 0.015)
[trajectory_generator_node-6] [DIAG]   origin[3]: (-1.719, 1.946, 0.015)
[trajectory_generator_node-6] [DIAG]   origin[4]: (-2.719, 1.946, 0.015)
[trajectory_generator_node-6] [DIAG] lineVisib(start→end DIRECT): false  colli=(-2.82,-1.35)
[trajectory_generator_node-6] [DIAG] direct line: 86 steps, 64 wall cells
[trajectory_generator_node-6] [smoothTopoPath] INPUT size=5
[trajectory_generator_node-6] [smoothTopoPath]   in[0]: (-2.851, -2.396, 0.015)
[trajectory_generator_node-6] [smoothTopoPath]   in[1]: (-4.840, -0.175, 0.015)
[trajectory_generator_node-6] [smoothTopoPath]   in[2]: (-3.769, 2.396, 0.015)
[trajectory_generator_node-6] [smoothTopoPath]   in[3]: (-1.719, 1.946, 0.015)
[trajectory_generator_node-6] [smoothTopoPath]   in[4]: (-2.719, 1.946, 0.015)
[trajectory_generator_node-6] [smoothTopoPath] lineVisib(start→end): false  colli=(-2.82,-1.35)
[trajectory_generator_node-6] [smoothTopoPath] stuck detected, skipping to topo[1]
[trajectory_generator_node-6] [smoothTopoPath] stuck detected, skipping to topo[4]
[trajectory_generator_node-6] [smoothTopoPath] OUTPUT size=9, iter_count=10
[trajectory_generator_node-6] [smoothTopoPath]   out[0]: (-2.851, -2.396, 0.015)
[trajectory_generator_node-6] [smoothTopoPath]   out[1]: (-4.819, -0.199, 0.015)
[trajectory_generator_node-6] [smoothTopoPath]   out[2]: (-4.544, -0.245, 0.015)
[trajectory_generator_node-6] [smoothTopoPath]   out[3]: (-4.706, 0.148, 0.015)
[trajectory_generator_node-6] [smoothTopoPath]   out[4]: (-3.063, 2.394, 0.015)
[trajectory_generator_node-6] [smoothTopoPath]   out[5]: (-2.121, 2.207, 0.015)
[trajectory_generator_node-6] [smoothTopoPath]   out[6]: (-2.558, 2.127, 0.015)
[trajectory_generator_node-6] [smoothTopoPath]   out[7]: (-2.719, 1.946, 0.015)
[trajectory_generator_node-6] [smoothTopoPath]   out[8]: (-2.719, 1.946, 0.015)
[trajectory_generator_node-6] [DIAG] optimized_path (smoothTopoPath) size: 9
[trajectory_generator_node-6] [DIAG]   opt[0]: (-2.851, -2.396, 0.015)
[trajectory_generator_node-6] [DIAG]   opt[1]: (-4.819, -0.199, 0.015)
[trajectory_generator_node-6] [DIAG]   opt[2]: (-4.544, -0.245, 0.015)
[trajectory_generator_node-6] [DIAG]   opt[3]: (-4.706, 0.148, 0.015)
[trajectory_generator_node-6] [DIAG]   opt[4]: (-3.063, 2.394, 0.015)
[trajectory_generator_node-6] [DIAG]   opt[5]: (-2.121, 2.207, 0.015)
[trajectory_generator_node-6] [DIAG]   opt[6]: (-2.558, 2.127, 0.015)
[trajectory_generator_node-6] [DIAG]   opt[7]: (-2.719, 1.946, 0.015)
[trajectory_generator_node-6] [DIAG]   opt[8]: (-2.719, 1.946, 0.015)
[trajectory_generator_node-6] [Manager] reference_speed: (0.30)
[trajectory_generator_node-6] optimized_path size: 9
[trajectory_generator_node-6] [LBFGS] search direction d: -7.33555e-06   3.6235e-08  3.08139e-06 -4.32682e-06  5.37147e-06 -5.79475e-06 -0.000107837  3.66153e-05 -0.000234847  1.05823e-05  0.000244802  0.000294189 -4.27874e-05  -0.00132019  4.01528e-05  0.000132256 -1.35991e-06 -0.000116542 -3.50694e-05  0.000100656 -0.000215338  0.000293042 -0.000290291  3.72654e-05  0.000113502   0.00115388  2.36467e-05 -5.45296e-06 -1.50555e-06  8.12409e-06 -1.32722e-05 -4.28532e-07 -0.000272397  -1.2745e-05  0.000327953  0.000489095  -0.00295405  0.000637688  0.000180863  0.000762553  0.000233753  6.58844e-05  4.27314e-05  3.87564e-05  6.42732e-06 -9.75615e-05  0.000215921 -0.000359164  0.000646967  -0.00100378 -3.81571e-05  0.000475329  2.35702e-05 -6.56942e-06  1.79403e-06 -2.77996e-07  4.22788e-08 -6.64431e-06  3.71404e-05 -7.68916e-05  0.000382793  0.000126209  -0.00528085  9.58472e-06  0.000202372  4.62234e-05 -6.82966e-05  0.000117473 -6.61001e-05   5.9315e-05 -2.12097e-05  9.78095e-06  1.14467e-06  9.08691e-05 -5.11188e-05 -0.000114744  0.000194448   0.00102031   0.00357575
[trajectory_generator_node-6] [Smooth Optimize] MINCO reaches max evaluations: Line search reaches the maximum try number, assumptions not satisfied or precision not achievable.
[trajectory_generator_node-6] [Smooth Optimize] MINCO: cost=5.3 total_T=26.308(init 25.426) max_drift=0.289 max_vel=0.5 segs=27
[trajectory_generator_node-6] [Smooth Resample] resample
[trajectory_generator_node-6] [Smooth Resample] 28 -> 15 waypoints, 14 time segs, max_turn=161.2 deg
[trajectory_generator_node-6] [Manager] optimizer generate time: 0.007576
[trajectory_generator_node-6] [Reference] path size : 15
[trajectory_generator_node-6] [Reference] solvePolyMatrix ENTER: N=14, path_size=15, trap_time_size=14
[trajectory_generator_node-6] [Reference]   path[0]=(-2.8507,-2.3958) path[1]=(-3.2511,-1.9489) t[0]=2.000523 state_vel=(-0.1980,0.2174)
[trajectory_generator_node-6] [Reference] banded solve done. b[0]=-0.001669 b[N]=0.587527 b2[0]=0.011083 b2[N]=0.959755
[trajectory_generator_node-6] [Reference] solvePolyMatrix EXIT: polyX[0]=[-0.000123 -0.000834 -0.197997 -2.850715]
[trajectory_generator_node-6] [Reference] solvePolyMatrix ENTER: N=14, path_size=15, trap_time_size=14
[trajectory_generator_node-6] [Reference]   path[0]=(-2.8507,-2.3958) path[1]=(-3.2511,-1.9489) t[0]=2.000523 state_vel=(-0.1980,0.2174)
[trajectory_generator_node-6] [Reference] banded solve done. b[0]=-0.001669 b[N]=0.485360 b2[0]=0.011083 b2[N]=0.792953
[trajectory_generator_node-6] [Reference] solvePolyMatrix EXIT: polyX[0]=[-0.000123 -0.000834 -0.197997 -2.850715]
[trajectory_generator_node-6] [Reference] solvePolyMatrix ENTER: N=14, path_size=15, trap_time_size=14
[trajectory_generator_node-6] [Reference]   path[0]=(-2.8507,-2.3958) path[1]=(-3.2511,-1.9489) t[0]=2.000523 state_vel=(-0.1980,0.2174)
[trajectory_generator_node-6] [Reference] banded solve done. b[0]=-0.001669 b[N]=0.400929 b2[0]=0.011083 b2[N]=0.655100
[trajectory_generator_node-6] [Reference] solvePolyMatrix EXIT: polyX[0]=[-0.000123 -0.000834 -0.197997 -2.850715]
[trajectory_generator_node-6] [Reference] solvePolyMatrix ENTER: N=14, path_size=15, trap_time_size=14
[trajectory_generator_node-6] [Reference]   path[0]=(-2.8507,-2.3958) path[1]=(-3.2511,-1.9489) t[0]=2.000523 state_vel=(-0.1980,0.2174)
[trajectory_generator_node-6] [Reference] banded solve done. b[0]=-0.001669 b[N]=0.331714 b2[0]=0.011083 b2[N]=0.542100
[trajectory_generator_node-6] [Reference] solvePolyMatrix EXIT: polyX[0]=[-0.000123 -0.000834 -0.197997 -2.850715]
[trajectory_generator_node-6] [Reference] solvePolyMatrix ENTER: N=14, path_size=15, trap_time_size=14
[trajectory_generator_node-6] [Reference]   path[0]=(-2.8507,-2.3958) path[1]=(-3.2511,-1.9489) t[0]=2.000523 state_vel=(-0.1980,0.2174)
[trajectory_generator_node-6] [Reference] banded solve done. b[0]=-0.001669 b[N]=0.269665 b2[0]=0.011083 b2[N]=0.450098
[trajectory_generator_node-6] [Reference] solvePolyMatrix EXIT: polyX[0]=[-0.000123 -0.000834 -0.197997 -2.850715]
[trajectory_generator_node-6] [Reference] solvePolyMatrix ENTER: N=14, path_size=15, trap_time_size=14
[trajectory_generator_node-6] [Reference]   path[0]=(-2.8507,-2.3958) path[1]=(-3.2511,-1.9489) t[0]=2.000523 state_vel=(-0.1980,0.2174)
[trajectory_generator_node-6] [Reference] banded solve done. b[0]=-0.001669 b[N]=0.218680 b2[0]=0.011083 b2[N]=0.373905
[trajectory_generator_node-6] [Reference] solvePolyMatrix EXIT: polyX[0]=[-0.000123 -0.000834 -0.197997 -2.850715]
[trajectory_generator_node-6] [Reference] solvePolyMatrix ENTER: N=14, path_size=15, trap_time_size=14
[trajectory_generator_node-6] [Reference]   path[0]=(-2.8507,-2.3958) path[1]=(-3.2511,-1.9489) t[0]=2.000523 state_vel=(-0.1980,0.2174)
[trajectory_generator_node-6] [Reference] banded solve done. b[0]=-0.001669 b[N]=0.176825 b2[0]=0.011083 b2[N]=0.310789
[trajectory_generator_node-6] [Reference] solvePolyMatrix EXIT: polyX[0]=[-0.000123 -0.000834 -0.197997 -2.850715]
[trajectory_generator_node-6] [Reference] solvePolyMatrix ENTER: N=14, path_size=15, trap_time_size=14
[trajectory_generator_node-6] [Reference]   path[0]=(-2.8507,-2.3958) path[1]=(-3.2511,-1.9489) t[0]=2.000523 state_vel=(-0.1980,0.2174)
[trajectory_generator_node-6] [Reference] banded solve done. b[0]=-0.001669 b[N]=0.142501 b2[0]=0.011083 b2[N]=0.258489
[trajectory_generator_node-6] [Reference] solvePolyMatrix EXIT: polyX[0]=[-0.000123 -0.000834 -0.197997 -2.850715]
[trajectory_generator_node-6] [INFO] [1790446560.562745728] [trajectory_generation]: FSM published 14 trajectory pieces
[trajectory_tracking_node-8] [WARN] [1790446565.585295110] [trajectory_tracking]: RM_GridMap predicted-path replan requested: collision_samples=0 trajectory_age=5.01
[trajectory_generator_node-6] [Manager REPLAN]  cur position point (X, Y) = (-3.851499, -1.303038), target point (X, Y) = (-2.719000, 1.946000)
[trajectory_generator_node-6] [Manager REPLAN] target_temp (X, Y) = (-2.719000, 1.946000)
[trajectory_generator_node-6] [Manager REPLAN] robot 1.26m from path, full replan
[trajectory_generator_node-6] [Manager] start point, (x, y): (-3.85, -1.30)
[trajectory_generator_node-6] [Manager] receive target, (x, y): (-2.72, 1.95)
[trajectory_generator_node-6] [Topo]: m_graph before num: 1605
[trajectory_generator_node-6] [Topo]: dijkstra time: 0.010993
[trajectory_generator_node-6] [Topo]: topo search time: 0.108010
[trajectory_generator_node-6] [Topo]: m_graph num: 2558
[trajectory_generator_node-6] [DIAG] origin_path (Dijkstra) size: 5
[trajectory_generator_node-6] [DIAG]   origin[0]: (-3.851, -1.303, 0.015)
[trajectory_generator_node-6] [DIAG]   origin[1]: (-4.840, -0.175, 0.015)
[trajectory_generator_node-6] [DIAG]   origin[2]: (-3.769, 2.396, 0.015)
[trajectory_generator_node-6] [DIAG]   origin[3]: (-3.851, 1.697, 0.015)
[trajectory_generator_node-6] [DIAG]   origin[4]: (-2.719, 1.946, 0.015)
[trajectory_generator_node-6] [DIAG] lineVisib(start→end DIRECT): false  colli=(-3.72,-0.85)
[trajectory_generator_node-6] [DIAG] direct line: 68 steps, 58 wall cells
[trajectory_generator_node-6] [smoothTopoPath] INPUT size=5
[trajectory_generator_node-6] [smoothTopoPath]   in[0]: (-3.851, -1.303, 0.015)
[trajectory_generator_node-6] [smoothTopoPath]   in[1]: (-4.840, -0.175, 0.015)
[trajectory_generator_node-6] [smoothTopoPath]   in[2]: (-3.769, 2.396, 0.015)
[trajectory_generator_node-6] [smoothTopoPath]   in[3]: (-3.851, 1.697, 0.015)
[trajectory_generator_node-6] [smoothTopoPath]   in[4]: (-2.719, 1.946, 0.015)
[trajectory_generator_node-6] [smoothTopoPath] lineVisib(start→end): false  colli=(-3.72,-0.85)
[trajectory_generator_node-6] [smoothTopoPath] stuck detected, skipping to topo[1]
[trajectory_generator_node-6] [smoothTopoPath] stuck detected, skipping to topo[4]
[trajectory_generator_node-6] [smoothTopoPath] OUTPUT size=11, iter_count=12
[trajectory_generator_node-6] [smoothTopoPath]   out[0]: (-3.851, -1.303, 0.015)
[trajectory_generator_node-6] [smoothTopoPath]   out[1]: (-4.807, -0.213, 0.015)
[trajectory_generator_node-6] [smoothTopoPath]   out[2]: (-4.544, -0.245, 0.015)
[trajectory_generator_node-6] [smoothTopoPath]   out[3]: (-4.706, 0.148, 0.015)
[trajectory_generator_node-6] [smoothTopoPath]   out[4]: (-3.339, 2.062, 0.015)
[trajectory_generator_node-6] [smoothTopoPath]   out[5]: (-3.245, 1.625, 0.015)
[trajectory_generator_node-6] [smoothTopoPath]   out[6]: (-3.759, 2.004, 0.015)
[trajectory_generator_node-6] [smoothTopoPath]   out[7]: (-3.012, 2.163, 0.015)
[trajectory_generator_node-6] [smoothTopoPath]   out[8]: (-3.365, 1.927, 0.015)
[trajectory_generator_node-6] [smoothTopoPath]   out[9]: (-2.719, 1.946, 0.015)
[trajectory_generator_node-6] [smoothTopoPath]   out[10]: (-2.719, 1.946, 0.015)
[trajectory_generator_node-6] [DIAG] optimized_path (smoothTopoPath) size: 11
[trajectory_generator_node-6] [DIAG]   opt[0]: (-3.851, -1.303, 0.015)
[trajectory_generator_node-6] [DIAG]   opt[1]: (-4.807, -0.213, 0.015)
[trajectory_generator_node-6] [DIAG]   opt[2]: (-4.544, -0.245, 0.015)
[trajectory_generator_node-6] [DIAG]   opt[3]: (-4.706, 0.148, 0.015)
[trajectory_generator_node-6] [DIAG]   opt[4]: (-3.339, 2.062, 0.015)
[trajectory_generator_node-6] [DIAG]   opt[5]: (-3.245, 1.625, 0.015)
[trajectory_generator_node-6] [DIAG]   opt[6]: (-3.759, 2.004, 0.015)
[trajectory_generator_node-6] [DIAG]   opt[7]: (-3.012, 2.163, 0.015)
[trajectory_generator_node-6] [DIAG]   opt[8]: (-3.365, 1.927, 0.015)
[trajectory_generator_node-6] [DIAG]   opt[9]: (-2.719, 1.946, 0.015)
[trajectory_generator_node-6] [DIAG]   opt[10]: (-2.719, 1.946, 0.015)
[trajectory_generator_node-6] optimized_path size: 11
[trajectory_generator_node-6] [Manager] reference_speed: (0.30)
[trajectory_generator_node-6] [LBFGS] search direction d:  0.000249286  0.000483589 -0.000343303 -0.000452175  -0.00157339  0.000837001  2.84917e-05 -0.000975709  0.000312735  -0.00027442  0.000441491  0.000429795  0.000981865 -0.000189588   -0.0004072  0.000367456  -0.00230593   0.00211211  -0.00121933  -0.00111461   0.00364129 -0.000796156 -0.000947606  -0.00250028  0.000534023 -0.000379601  0.000604678  0.000509761 -0.000752831   0.00104032  0.000650331  -0.00168878  0.000481895  -0.00014621   0.00186893  -0.00101145  0.000479348   -0.0018409   0.00241116   0.00116391  -0.00279729  -0.00246685   0.00336535  -0.00296772   0.00270448 -0.000485763  -0.00474349  0.000412113 -0.000150972  0.000298481 -0.000457202   0.00181372  0.000499999    0.0179995 -5.36881e-05  0.000844779  2.09147e-05 -0.000126175   0.00031195 -0.000215068  0.000337662  -0.00056697   0.00158852   0.00190134  0.000496027  0.000128776   0.00074584   0.00029824   0.00357605   0.00429588   0.00163663   0.00591077    0.0236525
[trajectory_generator_node-6] [Smooth Optimize] MINCO reaches max evaluations: Line search reaches the maximum try number, assumptions not satisfied or precision not achievable.
[trajectory_generator_node-6] [Smooth Optimize] MINCO: cost=6.1 total_T=22.787(init 21.785) max_drift=0.280 max_vel=0.5 segs=25
[trajectory_generator_node-6] [Smooth Resample] resample
[trajectory_generator_node-6] [Smooth Resample] 26 -> 14 waypoints, 13 time segs, max_turn=164.0 deg
[trajectory_generator_node-6] [Manager] optimizer generate time: 0.020113
[trajectory_generator_node-6] [Reference] path size : 14
[trajectory_generator_node-6] [Reference] solvePolyMatrix ENTER: N=13, path_size=14, trap_time_size=13
[trajectory_generator_node-6] [Reference]   path[0]=(-3.8515,-1.3030) path[1]=(-4.2608,-0.8777) t[0]=2.000707 state_vel=(-0.2000,0.2248)
[trajectory_generator_node-6] [Reference] banded solve done. b[0]=0.022209 b[N]=-0.914474 b2[0]=0.015827 b2[N]=0.837470
[trajectory_generator_node-6] [Reference] solvePolyMatrix EXIT: polyX[0]=[-0.006704 0.011105 -0.199971 -3.851499]
[trajectory_generator_node-6] [Reference] solvePolyMatrix ENTER: N=13, path_size=14, trap_time_size=13
[trajectory_generator_node-6] [Reference]   path[0]=(-3.8515,-1.3030) path[1]=(-4.2608,-0.8777) t[0]=2.000707 state_vel=(-0.2000,0.2248)
[trajectory_generator_node-6] [Reference] banded solve done. b[0]=0.022200 b[N]=-0.755759 b2[0]=0.015807 b2[N]=0.692127
[trajectory_generator_node-6] [Reference] solvePolyMatrix EXIT: polyX[0]=[-0.006701 0.011100 -0.199971 -3.851499]
[trajectory_generator_node-6] [Reference] solvePolyMatrix ENTER: N=13, path_size=14, trap_time_size=13
[trajectory_generator_node-6] [Reference]   path[0]=(-3.8515,-1.3030) path[1]=(-4.2608,-0.8777) t[0]=2.000707 state_vel=(-0.2000,0.2248)
[trajectory_generator_node-6] [Reference] banded solve done. b[0]=0.022203 b[N]=-0.624605 b2[0]=0.015805 b2[N]=0.571983
[trajectory_generator_node-6] [Reference] solvePolyMatrix EXIT: polyX[0]=[-0.006702 0.011101 -0.199971 -3.851499]
[trajectory_generator_node-6] [Reference] solvePolyMatrix ENTER: N=13, path_size=14, trap_time_size=13
[trajectory_generator_node-6] [Reference]   path[0]=(-3.8515,-1.3030) path[1]=(-4.2608,-0.8777) t[0]=2.000707 state_vel=(-0.2000,0.2248)
[trajectory_generator_node-6] [Reference] banded solve done. b[0]=0.022205 b[N]=-0.516213 b2[0]=0.015804 b2[N]=0.472691
[trajectory_generator_node-6] [Reference] solvePolyMatrix EXIT: polyX[0]=[-0.006703 0.011103 -0.199971 -3.851499]
[trajectory_generator_node-6] [Reference] solvePolyMatrix ENTER: N=13, path_size=14, trap_time_size=13
[trajectory_generator_node-6] [Reference]   path[0]=(-3.8515,-1.3030) path[1]=(-4.2608,-0.8777) t[0]=2.000707 state_vel=(-0.2000,0.2248)
[trajectory_generator_node-6] [Reference] banded solve done. b[0]=0.022205 b[N]=-0.425270 b2[0]=0.015804 b2[N]=0.392641
[trajectory_generator_node-6] [Reference] solvePolyMatrix EXIT: polyX[0]=[-0.006703 0.011103 -0.199971 -3.851499]
[trajectory_generator_node-6] [Reference] solvePolyMatrix ENTER: N=13, path_size=14, trap_time_size=13
[trajectory_generator_node-6] [Reference]   path[0]=(-3.8515,-1.3030) path[1]=(-4.2608,-0.8777) t[0]=2.000707 state_vel=(-0.2000,0.2248)
[trajectory_generator_node-6] [Reference] banded solve done. b[0]=0.022205 b[N]=-0.350286 b2[0]=0.015804 b2[N]=0.326300
[trajectory_generator_node-6] [Reference] solvePolyMatrix EXIT: polyX[0]=[-0.006703 0.011103 -0.199971 -3.851499]
[trajectory_generator_node-6] [Reference] solvePolyMatrix ENTER: N=13, path_size=14, trap_time_size=13
[trajectory_generator_node-6] [Reference]   path[0]=(-3.8515,-1.3030) path[1]=(-4.2608,-0.8777) t[0]=2.000707 state_vel=(-0.2000,0.2248)
[trajectory_generator_node-6] [Reference] banded solve done. b[0]=0.022205 b[N]=-0.288469 b2[0]=0.015804 b2[N]=0.271304
[trajectory_generator_node-6] [Reference] solvePolyMatrix EXIT: polyX[0]=[-0.006703 0.011103 -0.199971 -3.851499]
[trajectory_generator_node-6] [Reference] solvePolyMatrix ENTER: N=13, path_size=14, trap_time_size=13
[trajectory_generator_node-6] [Reference]   path[0]=(-3.8515,-1.3030) path[1]=(-4.2608,-0.8777) t[0]=2.000707 state_vel=(-0.2000,0.2248)
[trajectory_generator_node-6] [Reference] banded solve done. b[0]=0.022205 b[N]=-0.237514 b2[0]=0.015804 b2[N]=0.225701
[trajectory_generator_node-6] [Reference] solvePolyMatrix EXIT: polyX[0]=[-0.006703 0.011103 -0.199971 -3.851499]
[trajectory_generator_node-6] [INFO] [1790446565.747271255] [trajectory_generation]: FSM published 13 trajectory pieces
[trajectory_tracking_node-8] [WARN] [1790446570.793789142] [trajectory_tracking]: RM_GridMap predicted-path replan requested: collision_samples=0 trajectory_age=5.03
[trajectory_generator_node-6] [Manager REPLAN]  cur position point (X, Y) = (-4.723362, -0.255556), target point (X, Y) = (-2.719000, 1.946000)
[trajectory_generator_node-6] [Manager REPLAN] target_temp (X, Y) = (-2.719000, 1.946000)
[trajectory_generator_node-6] [Manager REPLAN] path safe & target unchanged, re-anchoring from cur pos
[trajectory_generator_node-6] [LBFGS] search direction d: -0.000144684   0.00114753   0.00119202   0.00136629  0.000755007 -1.21173e-05   0.00210861  -6.1735e-05 -0.000166889  0.000251991 -4.32848e-05  5.79456e-05  -0.00125864  0.000856837 -0.000245387   0.00057336 -0.000523364 -0.000307835    0.0010423  -0.00131553 -9.34542e-05  0.000728097   0.00149318 -0.000459195 -8.65979e-05 -0.000804233 -0.000552366  0.000653844 -0.000231006 -0.000880807   0.00127878   0.00107571   -0.0012718  0.000483535   0.00054675  0.000797037 -0.000435738 -0.000110053    0.0395213   0.00197208   0.00404912  -0.00103847  0.000353919  9.96477e-05  -0.00017965  0.000509419  -0.00129922   0.00367941   0.00420701  0.000255614   0.00152853   0.00201551 -0.000941144   0.00766295     0.011397   0.00289742    0.0113976    0.0814517
[trajectory_generator_node-6] [Smooth Optimize] MINCO reaches max evaluations: Line search reaches the maximum try number, assumptions not satisfied or precision not achievable.
[trajectory_generator_node-6] [Smooth Optimize] MINCO: cost=3.1 total_T=19.898(init 17.097) max_drift=0.233 max_vel=0.4 segs=20
[trajectory_generator_node-6] [Smooth Resample] resample
[trajectory_generator_node-6] [Smooth Resample] 21 -> 11 waypoints, 10 time segs, max_turn=168.5 deg
[trajectory_generator_node-6] [Reference] path size : 11
[trajectory_generator_node-6] [Reference] solvePolyMatrix ENTER: N=10, path_size=11, trap_time_size=10
[trajectory_generator_node-6] [Reference]   path[0]=(-4.7234,-0.2556) path[1]=(-4.7327,0.2096) t[0]=2.303942 state_vel=(0.0080,0.3286)
[trajectory_generator_node-6] [Reference] banded solve done. b[0]=-0.084927 b[N]=-0.372046 b2[0]=-0.202909 b2[N]=-0.047841
[trajectory_generator_node-6] [Reference] solvePolyMatrix EXIT: polyX[0]=[0.016148 -0.042464 0.008042 -4.723362]
[trajectory_generator_node-6] [Reference] solvePolyMatrix ENTER: N=10, path_size=11, trap_time_size=10
[trajectory_generator_node-6] [Reference]   path[0]=(-4.7234,-0.2556) path[1]=(-4.7327,0.2096) t[0]=2.303942 state_vel=(0.0080,0.3286)
[trajectory_generator_node-6] [Reference] banded solve done. b[0]=-0.084486 b[N]=-0.307474 b2[0]=-0.202432 b2[N]=-0.039535
[trajectory_generator_node-6] [Reference] solvePolyMatrix EXIT: polyX[0]=[0.016053 -0.042243 0.008042 -4.723362]
[trajectory_generator_node-6] [Reference] solvePolyMatrix ENTER: N=10, path_size=11, trap_time_size=10
[trajectory_generator_node-6] [Reference]   path[0]=(-4.7234,-0.2556) path[1]=(-4.7327,0.2096) t[0]=2.303942 state_vel=(0.0080,0.3286)
[trajectory_generator_node-6] [Reference] banded solve done. b[0]=-0.084129 b[N]=-0.254109 b2[0]=-0.202053 b2[N]=-0.032671
[trajectory_generator_node-6] [Reference] solvePolyMatrix EXIT: polyX[0]=[0.015975 -0.042064 0.008042 -4.723362]
[trajectory_generator_node-6] [Reference] solvePolyMatrix ENTER: N=10, path_size=11, trap_time_size=10
[trajectory_generator_node-6] [Reference]   path[0]=(-4.7234,-0.2556) path[1]=(-4.7327,0.2096) t[0]=2.303942 state_vel=(0.0080,0.3286)
[trajectory_generator_node-6] [Reference] banded solve done. b[0]=-0.083845 b[N]=-0.210006 b2[0]=-0.201759 b2[N]=-0.026998
[trajectory_generator_node-6] [Reference] solvePolyMatrix EXIT: polyX[0]=[0.015913 -0.041923 0.008042 -4.723362]
[trajectory_generator_node-6] [Reference] solvePolyMatrix ENTER: N=10, path_size=11, trap_time_size=10
[trajectory_generator_node-6] [Reference]   path[0]=(-4.7234,-0.2556) path[1]=(-4.7327,0.2096) t[0]=2.303942 state_vel=(0.0080,0.3286)
[trajectory_generator_node-6] [Reference] banded solve done. b[0]=-0.083835 b[N]=-0.173514 b2[0]=-0.201775 b2[N]=-0.022155
[trajectory_generator_node-6] [Reference] solvePolyMatrix EXIT: polyX[0]=[0.015911 -0.041918 0.008042 -4.723362]
[trajectory_generator_node-6] [INFO] [1790446570.809033976] [trajectory_generation]: FSM published 10 trajectory pieces
[trajectory_tracking_node-8] [WARN] [1790446575.847284643] [trajectory_tracking]: RM_GridMap predicted-path replan requested: collision_samples=0 trajectory_age=5.03
[trajectory_generator_node-6] [Manager REPLAN]  cur position point (X, Y) = (-4.293217, 0.885972), target point (X, Y) = (-2.719000, 1.946000)
[trajectory_generator_node-6] [Manager REPLAN] target_temp (X, Y) = (-2.719000, 1.946000)
[trajectory_generator_node-6] [Manager REPLAN] path safe & target unchanged, re-anchoring from cur pos
[trajectory_generator_node-6] [LBFGS] search direction d:    0.0015496  0.000980112   0.00143083   0.00123554  -0.00359079  -0.00169084  -0.00146233   0.00137637  -0.00402572   0.00111278   0.00540832  -0.00153139 -0.000938876    0.0057728  -0.00240914  0.000316198  -0.00171288   -0.0024286   0.00432901  -0.00211467  -0.00188864  0.000135941   0.00310895  -0.00173267   0.00331678   0.00025071  -0.00125519   0.00312913  0.000311638 -0.000382916   0.00229423   -0.0054111    0.0163205    0.0177618   0.00758383  -4.0575e-05    0.0122161    0.0105361    0.0370955    0.0326337    0.0218199    0.0560819     0.136298
[trajectory_generator_node-6] [Smooth Optimize] MINCO reaches max evaluations: Line search reaches the maximum try number, assumptions not satisfied or precision not achievable.
[trajectory_generator_node-6] [Smooth Optimize] MINCO: cost=1.2 total_T=14.464(init 12.534) max_drift=0.157 max_vel=0.4 segs=15
[trajectory_generator_node-6] [Smooth Resample] resample
[trajectory_generator_node-6] [Smooth Resample] 16 -> 9 waypoints, 8 time segs, max_turn=162.5 deg
[trajectory_generator_node-6] [Reference] path size : 9
[trajectory_generator_node-6] [Reference] solvePolyMatrix ENTER: N=8, path_size=9, trap_time_size=8
[trajectory_generator_node-6] [Reference]   path[0]=(-4.2932,0.8860) path[1]=(-3.9164,1.3545) t[0]=1.999324 state_vel=(0.1806,0.2447)
[trajectory_generator_node-6] [Reference] banded solve done. b[0]=0.013700 b[N]=-0.402664 b2[0]=-0.045230 b2[N]=0.155351
[trajectory_generator_node-6] [Reference] solvePolyMatrix EXIT: polyX[0]=[-0.001454 0.006850 0.180567 -4.293217]
[trajectory_generator_node-6] [Reference] solvePolyMatrix ENTER: N=8, path_size=9, trap_time_size=8
[trajectory_generator_node-6] [Reference]   path[0]=(-4.2932,0.8860) path[1]=(-3.9164,1.3545) t[0]=1.999324 state_vel=(0.1806,0.2447)
[trajectory_generator_node-6] [Reference] banded solve done. b[0]=0.011480 b[N]=-0.332791 b2[0]=-0.044174 b2[N]=0.128370
[trajectory_generator_node-6] [Reference] solvePolyMatrix EXIT: polyX[0]=[-0.000899 0.005740 0.180567 -4.293217]
[trajectory_generator_node-6] [Reference] solvePolyMatrix ENTER: N=8, path_size=9, trap_time_size=8
[trajectory_generator_node-6] [Reference]   path[0]=(-4.2932,0.8860) path[1]=(-3.9164,1.3545) t[0]=1.999324 state_vel=(0.1806,0.2447)
[trajectory_generator_node-6] [Reference] banded solve done. b[0]=0.009664 b[N]=-0.275045 b2[0]=-0.043082 b2[N]=0.106073
[trajectory_generator_node-6] [Reference] solvePolyMatrix EXIT: polyX[0]=[-0.000445 0.004832 0.180567 -4.293217]
[trajectory_generator_node-6] [INFO] [1790446575.884109588] [trajectory_generation]: FSM published 8 trajectory pieces
[trajectory_tracking_node-8] [WARN] [1790446580.899787302] [trajectory_tracking]: RM_GridMap predicted-path replan requested: collision_samples=0 trajectory_age=5.01
[trajectory_generator_node-6] [Manager REPLAN]  cur position point (X, Y) = (-3.421243, 1.897029), target point (X, Y) = (-2.719000, 1.946000)
[trajectory_generator_node-6] [Manager REPLAN] target_temp (X, Y) = (-2.719000, 1.946000)
[trajectory_generator_node-6] [Manager REPLAN] path safe & target unchanged, re-anchoring from cur pos
[trajectory_generator_node-6] [Smooth Optimize] MINCO Optimization Success: Success: met stopping criteria (past f decrease less than delta).
[trajectory_generator_node-6] [Smooth Optimize] MINCO: cost=0.3 total_T=4.000(init 2.346) max_drift=0.115 max_vel=0.0 segs=2
[trajectory_generator_node-6] [Smooth Resample] resample
[trajectory_generator_node-6] [Smooth Resample] path too short (3 pts), keeping all
[trajectory_generator_node-6] [Reference] path size : 3
[trajectory_generator_node-6] [Reference] solvePolyMatrix ENTER: N=2, path_size=3, trap_time_size=2
[trajectory_generator_node-6] [Reference]   path[0]=(-3.4212,1.8970) path[1]=(-3.1961,2.0056) t[0]=2.000000 state_vel=(0.0937,0.0054)
[trajectory_generator_node-6] [Reference] banded solve done. b[0]=-0.089549 b[N]=-0.475671 b2[0]=0.134991 b2[N]=0.106417
[trajectory_generator_node-6] [Reference] solvePolyMatrix EXIT: polyX[0]=[0.027109 -0.044775 0.093707 -3.421243]
[trajectory_generator_node-6] [Reference] solvePolyMatrix ENTER: N=2, path_size=3, trap_time_size=2
[trajectory_generator_node-6] [Reference]   path[0]=(-3.4212,1.8970) path[1]=(-3.1961,2.0056) t[0]=2.200000 state_vel=(0.0937,0.0054)
[trajectory_generator_node-6] [Reference] banded solve done. b[0]=-0.087560 b[N]=-0.395053 b2[0]=0.110777 b2[N]=0.087836
[trajectory_generator_node-6] [Reference] solvePolyMatrix EXIT: polyX[0]=[0.021687 -0.043780 0.093707 -3.421243]
[trajectory_generator_node-6] [Reference] solvePolyMatrix ENTER: N=2, path_size=3, trap_time_size=2
[trajectory_generator_node-6] [Reference]   path[0]=(-3.4212,1.8970) path[1]=(-3.1961,2.0056) t[0]=2.420000 state_vel=(0.0937,0.0054)
[trajectory_generator_node-6] [Reference] banded solve done. b[0]=-0.084685 b[N]=-0.328250 b2[0]=0.090837 b2[N]=0.072489
[trajectory_generator_node-6] [Reference] solvePolyMatrix EXIT: polyX[0]=[0.017385 -0.042342 0.093707 -3.421243]
[trajectory_generator_node-6] [INFO] [1790446580.913196771] [trajectory_generation]: FSM published 2 trajectory pieces
[trajectory_tracking_node-8] [WARN] [1790446585.687826853] [trajectory_tracking]: trajectory tracking stopped: invalid coefficient array length
[trajectory_tracking_node-8] [WARN] [1790446587.786296677] [trajectory_tracking]: trajectory tracking stopped: no valid trajectory
[trajectory_generator_node-6] [INFO] [1790446589.032011657] [trajectory_generation]: FSM accepted manual goal goal=(-2.72, 1.95, 0.02)
[trajectory_generator_node-6] [Manager] start point, (x, y): (-0.92, -4.45)
[trajectory_generator_node-6] [Manager] receive target, (x, y): (-2.72, 1.95)
[trajectory_generator_node-6] [Topo]: m_graph before num: 1605
[trajectory_generator_node-6] [Topo]: dijkstra time: 0.008494
[trajectory_generator_node-6] [Topo]: topo search time: 0.092978
[trajectory_generator_node-6] [Topo]: m_graph num: 2565
[trajectory_generator_node-6] [DIAG] origin_path (Dijkstra) size: 5
[trajectory_generator_node-6] [DIAG]   origin[0]: (-0.919, -4.454, 0.015)
[trajectory_generator_node-6] [DIAG]   origin[1]: (-5.019, -1.604, 0.015)
[trajectory_generator_node-6] [DIAG]   origin[2]: (-3.769, 2.396, 0.015)
[trajectory_generator_node-6] [DIAG]   origin[3]: (-1.719, 1.946, 0.015)
[trajectory_generator_node-6] [DIAG]   origin[4]: (-2.719, 1.946, 0.015)
[trajectory_generator_node-6] [DIAG] lineVisib(start→end DIRECT): false  colli=(-1.42,-2.65)
[trajectory_generator_node-6] [DIAG] direct line: 132 steps, 92 wall cells
[trajectory_generator_node-6] [smoothTopoPath] INPUT size=5
[trajectory_generator_node-6] [smoothTopoPath]   in[0]: (-0.919, -4.454, 0.015)
[trajectory_generator_node-6] [smoothTopoPath]   in[1]: (-5.019, -1.604, 0.015)
[trajectory_generator_node-6] [smoothTopoPath]   in[2]: (-3.769, 2.396, 0.015)
[trajectory_generator_node-6] [smoothTopoPath]   in[3]: (-1.719, 1.946, 0.015)
[trajectory_generator_node-6] [smoothTopoPath]   in[4]: (-2.719, 1.946, 0.015)
[trajectory_generator_node-6] [smoothTopoPath] lineVisib(start→end): false  colli=(-1.42,-2.65)
[trajectory_generator_node-6] [smoothTopoPath] stuck detected, skipping to topo[4]
[trajectory_generator_node-6] [smoothTopoPath] OUTPUT size=8, iter_count=7
[trajectory_generator_node-6] [smoothTopoPath]   out[0]: (-0.919, -4.454, 0.015)
[trajectory_generator_node-6] [smoothTopoPath]   out[1]: (-4.840, -0.515, 0.015)
[trajectory_generator_node-6] [smoothTopoPath]   out[2]: (-3.299, 2.232, 0.015)
[trajectory_generator_node-6] [smoothTopoPath]   out[3]: (-2.168, 2.139, 0.015)
[trajectory_generator_node-6] [smoothTopoPath]   out[4]: (-2.555, 2.131, 0.015)
[trajectory_generator_node-6] [smoothTopoPath]   out[5]: (-2.134, 2.182, 0.015)
[trajectory_generator_node-6] [smoothTopoPath]   out[6]: (-2.719, 1.946, 0.015)
[trajectory_generator_node-6] [smoothTopoPath]   out[7]: (-2.719, 1.946, 0.015)
[trajectory_generator_node-6] [DIAG] optimized_path (smoothTopoPath) size: 8
[trajectory_generator_node-6] [DIAG]   opt[0]: (-0.919, -4.454, 0.015)
[trajectory_generator_node-6] [DIAG]   opt[1]: (-4.840, -0.515, 0.015)
[trajectory_generator_node-6] [DIAG]   opt[2]: (-3.299, 2.232, 0.015)
[trajectory_generator_node-6] [DIAG]   opt[3]: (-2.168, 2.139, 0.015)
[trajectory_generator_node-6] [DIAG]   opt[4]: (-2.555, 2.131, 0.015)
[trajectory_generator_node-6] [DIAG]   opt[5]: (-2.134, 2.182, 0.015)
[trajectory_generator_node-6] [DIAG]   opt[6]: (-2.719, 1.946, 0.015)
[trajectory_generator_node-6] [DIAG]   opt[7]: (-2.719, 1.946, 0.015)
[trajectory_generator_node-6] optimized_path size: 8
[trajectory_generator_node-6] [Manager] reference_speed: (0.30)
[trajectory_generator_node-6] [LBFGS] search direction d:  9.72701e-05  0.000608948 -0.000696394  0.000665139 -0.000514308  0.000335708 -0.000190591  9.36582e-05 -3.40051e-05 -5.19217e-06  3.76614e-05 -6.98701e-05  9.76316e-05 -0.000107128  9.35274e-05 -7.12418e-05  7.33323e-05  -0.00138255  5.54627e-05  0.000880797  -0.00238778  -0.00116952  -0.00335438  0.000871564  0.000706052  0.000139905  0.000229411  -0.00162901   0.00265262  -0.00378945   0.00457604  -0.00446943   0.00335193  -0.00154223   0.00269553   0.00481006  -0.00959312 -9.77561e-05 -0.000611596  0.000699358 -0.000667821  0.000516077 -0.000336315  0.000190085  -9.2338e-05  3.27507e-05   3.8762e-06 -2.72491e-05  3.47301e-05 -2.85764e-06 -0.000119359  0.000391869 -0.000848976   0.00151406  -0.00106218 -0.000809162  0.000417181   -0.0125796 -0.000699474  -0.00401588  8.45706e-05  0.000603718 -0.000222752   0.00024136  0.000943791  -0.00122748   0.00125223  -7.1353e-05  0.000838976  -0.00315361  0.000339528 -9.03712e-05 -0.000576974    0.0011445    0.0949257   -0.0136295   0.00530209  -0.00123535  0.000291593 -3.80125e-05  -4.8564e-06  1.04745e-05 -6.30001e-06  2.76882e-06 -1.03731e-06  4.51902e-06  -2.6217e-05   0.00012151 -0.000482646   0.00182703  -0.00540776    0.0171756  0.000873029      0.44301   0.00494741    0.0185574  -0.00311384 -0.000564884    0.0032259  -0.00293366   0.00399927  -0.00412859    0.0100312    0.0092992 -0.000346503  -0.00807744    0.0416481    0.0970421    0.0827994   0.00438845     0.101734     0.434675
[trajectory_generator_node-6] [Smooth Optimize] MINCO reaches max evaluations: Line search reaches the maximum try number, assumptions not satisfied or precision not achievable.
[trajectory_generator_node-6] [Smooth Optimize] MINCO: cost=5.0 total_T=41.286(init 35.954) max_drift=0.249 max_vel=0.4 segs=38
[trajectory_generator_node-6] [Smooth Resample] resample
[trajectory_generator_node-6] [Smooth Resample] 39 -> 20 waypoints, 19 time segs, max_turn=178.3 deg
[trajectory_generator_node-6] [Manager] optimizer generate time: 0.012418
[trajectory_generator_node-6] [Reference] path size : 20
[trajectory_generator_node-6] [Reference] solvePolyMatrix ENTER: N=19, path_size=20, trap_time_size=19
[trajectory_generator_node-6] [Reference]   path[0]=(-0.9190,-4.4540) path[1]=(-1.3430,-4.0281) t[0]=2.604165 state_vel=(0.0000,0.0000)
[trajectory_generator_node-6] [Reference] banded solve done. b[0]=-0.201982 b[N]=0.262278 b2[0]=0.202887 b2[N]=0.066101
[trajectory_generator_node-6] [Reference] solvePolyMatrix EXIT: polyX[0]=[0.014775 -0.100991 0.000000 -0.919000]
[trajectory_generator_node-6] [Reference] solvePolyMatrix ENTER: N=19, path_size=20, trap_time_size=19
[trajectory_generator_node-6] [Reference]   path[0]=(-0.9190,-4.4540) path[1]=(-1.3430,-4.0281) t[0]=2.604165 state_vel=(0.0000,0.0000)
[trajectory_generator_node-6] [Reference] banded solve done. b[0]=-0.201982 b[N]=0.216780 b2[0]=0.202887 b2[N]=0.054673
[trajectory_generator_node-6] [Reference] solvePolyMatrix EXIT: polyX[0]=[0.014775 -0.100991 0.000000 -0.919000]
[trajectory_generator_node-6] [INFO] [1790446589.162394751] [trajectory_generation]: FSM published 19 trajectory pieces
[trajectory_tracking_node-8] [WARN] [1790446594.201388619] [trajectory_tracking]: RM_GridMap predicted-path replan requested: collision_samples=0 trajectory_age=5.01
[trajectory_generator_node-6] [Manager REPLAN]  cur position point (X, Y) = (-1.832281, -3.510304), target point (X, Y) = (-2.719000, 1.946000)
[trajectory_generator_node-6] [Manager REPLAN] target_temp (X, Y) = (-2.719000, 1.946000)
[trajectory_generator_node-6] [Manager REPLAN] robot 1.31m from path, full replan
[trajectory_generator_node-6] [Manager] start point, (x, y): (-1.83, -3.51)
[trajectory_generator_node-6] [Manager] receive target, (x, y): (-2.72, 1.95)
[trajectory_generator_node-6] [Topo]: m_graph before num: 1605
[trajectory_generator_node-6] [Topo]: dijkstra time: 0.015922
[trajectory_generator_node-6] [Topo]: topo search time: 0.120455
[trajectory_generator_node-6] [Topo]: m_graph num: 2559
[trajectory_generator_node-6] [DIAG] origin_path (Dijkstra) size: 5
[trajectory_generator_node-6] [DIAG]   origin[0]: (-1.832, -3.510, 0.015)
[trajectory_generator_node-6] [DIAG]   origin[1]: (-4.840, -0.175, 0.015)
[trajectory_generator_node-6] [DIAG]   origin[2]: (-3.769, 2.396, 0.015)
[trajectory_generator_node-6] [DIAG]   origin[3]: (-1.719, 1.946, 0.015)
[trajectory_generator_node-6] [DIAG]   origin[4]: (-2.719, 1.946, 0.015)
[trajectory_generator_node-6] [DIAG] lineVisib(start→end DIRECT): false  colli=(-2.12,-1.70)
[trajectory_generator_node-6] [DIAG] direct line: 110 steps, 72 wall cells
[trajectory_generator_node-6] [smoothTopoPath] INPUT size=5
[trajectory_generator_node-6] [smoothTopoPath]   in[0]: (-1.832, -3.510, 0.015)
[trajectory_generator_node-6] [smoothTopoPath]   in[1]: (-4.840, -0.175, 0.015)
[trajectory_generator_node-6] [smoothTopoPath]   in[2]: (-3.769, 2.396, 0.015)
[trajectory_generator_node-6] [smoothTopoPath]   in[3]: (-1.719, 1.946, 0.015)
[trajectory_generator_node-6] [smoothTopoPath]   in[4]: (-2.719, 1.946, 0.015)
[trajectory_generator_node-6] [smoothTopoPath] lineVisib(start→end): false  colli=(-2.12,-1.70)
[trajectory_generator_node-6] [smoothTopoPath] stuck detected, skipping to topo[1]
[trajectory_generator_node-6] [smoothTopoPath] stuck detected, skipping to topo[4]
[trajectory_generator_node-6] [smoothTopoPath] OUTPUT size=11, iter_count=10
[trajectory_generator_node-6] [smoothTopoPath]   out[0]: (-1.832, -3.510, 0.015)
[trajectory_generator_node-6] [smoothTopoPath]   out[1]: (-4.813, -0.206, 0.015)
[trajectory_generator_node-6] [smoothTopoPath]   out[2]: (-2.089, -3.674, 0.015)
[trajectory_generator_node-6] [smoothTopoPath]   out[3]: (-4.840, -0.175, 0.015)
[trajectory_generator_node-6] [smoothTopoPath]   out[4]: (-4.544, -0.245, 0.015)
[trajectory_generator_node-6] [smoothTopoPath]   out[5]: (-4.706, 0.148, 0.015)
[trajectory_generator_node-6] [smoothTopoPath]   out[6]: (-3.063, 2.394, 0.015)
[trajectory_generator_node-6] [smoothTopoPath]   out[7]: (-2.121, 2.207, 0.015)
[trajectory_generator_node-6] [smoothTopoPath]   out[8]: (-2.558, 2.127, 0.015)
[trajectory_generator_node-6] [smoothTopoPath]   out[9]: (-2.719, 1.946, 0.015)
[trajectory_generator_node-6] [smoothTopoPath]   out[10]: (-2.719, 1.946, 0.015)
[trajectory_generator_node-6] [DIAG] optimized_path (smoothTopoPath) size: 11
[trajectory_generator_node-6] [DIAG]   opt[0]: (-1.832, -3.510, 0.015)
[trajectory_generator_node-6] [DIAG]   opt[1]: (-4.813, -0.206, 0.015)
[trajectory_generator_node-6] [DIAG]   opt[2]: (-2.089, -3.674, 0.015)
[trajectory_generator_node-6] [DIAG]   opt[3]: (-4.840, -0.175, 0.015)
[trajectory_generator_node-6] [DIAG]   opt[4]: (-4.544, -0.245, 0.015)
[trajectory_generator_node-6] [DIAG]   opt[5]: (-4.706, 0.148, 0.015)
[trajectory_generator_node-6] [DIAG]   opt[6]: (-3.063, 2.394, 0.015)
[trajectory_generator_node-6] [DIAG]   opt[7]: (-2.121, 2.207, 0.015)
[trajectory_generator_node-6] [DIAG]   opt[8]: (-2.558, 2.127, 0.015)
[trajectory_generator_node-6] [DIAG]   opt[9]: (-2.719, 1.946, 0.015)
[trajectory_generator_node-6] [DIAG]   opt[10]: (-2.719, 1.946, 0.015)
[trajectory_generator_node-6] optimized_path size: 11
[trajectory_generator_node-6] [Manager] reference_speed: (0.30)
[trajectory_generator_node-6] [LBFGS] search direction d:  7.41427e-06 -3.00406e-06  1.23695e-06 -3.57511e-07  -1.6384e-09  7.80079e-08 -2.07694e-08 -4.45754e-08 -2.45992e-07  2.65841e-06 -1.12717e-05  0.000379679 -0.000418966   0.00113383  0.000510337  0.000106104 -0.000855804 -3.23075e-05  1.15111e-05  -1.9433e-06 -1.08943e-06  1.50761e-06 -5.89986e-07 -1.98099e-06  7.94015e-06 -2.03497e-05  4.35095e-05 -8.06589e-05  0.000446188 -0.000379529 -2.94405e-05  2.17528e-05 -1.04677e-05  3.53104e-06 -1.21159e-07 -1.25511e-06  1.60252e-06 -8.54685e-07  -2.7068e-06  1.39462e-05 -4.02026e-05 -8.77462e-05    -0.002527  0.000457607 -0.000471181  0.000110799  0.000122172  0.000591609 -0.000952195  0.000176345 -0.000303225  0.000618335  0.000676558  3.92815e-05  9.45837e-06 -1.63836e-05  9.90907e-06  2.77715e-05 -0.000261432  0.000470009  0.000678975  1.22142e-05 -4.97009e-06  2.07381e-06 -6.74761e-07  1.93896e-07 -3.22434e-07  1.04205e-06 -2.74942e-06  6.49158e-06 -1.28912e-05  1.99008e-05  0.000808033 -0.000780413    0.0010837   0.00172817 -0.000373167  -0.00104237  6.69329e-05  -3.5913e-05  1.49048e-05 -4.51963e-06  6.16674e-07 -1.88182e-07   2.7956e-06 -1.01541e-05  2.59103e-05 -5.54381e-05  0.000102877   -0.0005724  0.000487635  3.70853e-05 -2.74093e-05  1.30126e-05 -4.05899e-06 -4.50213e-07  2.28101e-06 -2.36967e-06  -1.2607e-07  9.07178e-06 -3.21914e-05  8.24699e-05 -0.000502388  -0.00209346  -0.00195106   -0.0034548  0.000474483 -6.37061e-07  0.000126439  0.000420799 -0.000205867  0.000197725 -0.000669951 -0.000702465 -1.04174e-05 -7.01086e-05  0.000116236 -0.000153264   0.00016232  0.000229743 -0.000879957  0.000877641  1.05339e-05 -2.43343e-06  7.38506e-07 -1.66363e-07  2.45838e-08  1.90119e-08 -4.90751e-08  8.89636e-08 -1.42976e-07  4.42404e-07 -3.24213e-06   1.5588e-05 -4.00465e-05  0.000105957  2.22008e-05  3.30232e-05  0.000128341 -4.20316e-05  2.37904e-05  -6.8833e-06  1.82975e-06 -3.21577e-07  7.25348e-08 -2.81608e-07  1.78027e-06 -7.59922e-06  3.09926e-05 -7.30634e-05  0.000233063  1.63498e-05   0.00028654 -8.11982e-05  3.33682e-05 -8.56068e-06  2.26012e-06  -5.4613e-07  2.25196e-07 -3.56552e-07  1.55781e-06  -5.5138e-06  2.00298e-05 -2.93943e-05  9.23307e-05  9.03778e-05  0.000968025    0.0153166 -1.20744e-05  0.000192845 -7.21294e-05  6.41961e-05 -2.14618e-05  1.33846e-05  -4.2531e-06  7.41387e-06 -1.69222e-05   6.5453e-05  0.000107175 -0.000129486  0.000382327  0.000243336  0.000655188   0.00581375
[trajectory_generator_node-6] [Smooth Optimize] MINCO reaches max evaluations: Line search reaches the maximum try number, assumptions not satisfied or precision not achievable.
[trajectory_generator_node-6] [Smooth Optimize] MINCO: cost=7.9 total_T=60.183(init 58.526) max_drift=0.286 max_vel=0.5 segs=62
[trajectory_generator_node-6] [Smooth Resample] resample
[trajectory_generator_node-6] [Smooth Resample] 63 -> 32 waypoints, 31 time segs, max_turn=179.9 deg
[trajectory_generator_node-6] [Manager] optimizer generate time: 0.011628
[trajectory_generator_node-6] [Reference] path size : 32
[trajectory_generator_node-6] [Reference] solvePolyMatrix ENTER: N=31, path_size=32, trap_time_size=31
[trajectory_generator_node-6] [Reference]   path[0]=(-1.8323,-3.5103) path[1]=(-2.2338,-3.0642) t[0]=2.000354 state_vel=(-0.2106,0.2081)
[trajectory_generator_node-6] [Reference] banded solve done. b[0]=0.017345 b[N]=0.579133 b2[0]=0.026155 b2[N]=0.375190
[trajectory_generator_node-6] [Reference] solvePolyMatrix EXIT: polyX[0]=[-0.001858 0.008672 -0.210628 -1.832281]
[trajectory_generator_node-6] [Reference] solvePolyMatrix ENTER: N=31, path_size=32, trap_time_size=31
[trajectory_generator_node-6] [Reference]   path[0]=(-1.8323,-3.5103) path[1]=(-2.2338,-3.0642) t[0]=2.000354 state_vel=(-0.2106,0.2081)
[trajectory_generator_node-6] [Reference] banded solve done. b[0]=0.017345 b[N]=0.478957 b2[0]=0.026155 b2[N]=0.311219
[trajectory_generator_node-6] [Reference] solvePolyMatrix EXIT: polyX[0]=[-0.001858 0.008672 -0.210628 -1.832281]
[trajectory_generator_node-6] [Reference] solvePolyMatrix ENTER: N=31, path_size=32, trap_time_size=31
[trajectory_generator_node-6] [Reference]   path[0]=(-1.8323,-3.5103) path[1]=(-2.2338,-3.0642) t[0]=2.000354 state_vel=(-0.2106,0.2081)
[trajectory_generator_node-6] [Reference] banded solve done. b[0]=0.017345 b[N]=0.396198 b2[0]=0.026155 b2[N]=0.258268
[trajectory_generator_node-6] [Reference] solvePolyMatrix EXIT: polyX[0]=[-0.001858 0.008672 -0.210628 -1.832281]
[trajectory_generator_node-6] [Reference] solvePolyMatrix ENTER: N=31, path_size=32, trap_time_size=31
[trajectory_generator_node-6] [Reference]   path[0]=(-1.8323,-3.5103) path[1]=(-2.2338,-3.0642) t[0]=2.000354 state_vel=(-0.2106,0.2081)
[trajectory_generator_node-6] [Reference] banded solve done. b[0]=0.017345 b[N]=0.324440 b2[0]=0.026155 b2[N]=0.215212
[trajectory_generator_node-6] [Reference] solvePolyMatrix EXIT: polyX[0]=[-0.001858 0.008672 -0.210628 -1.832281]
[trajectory_generator_node-6] [Reference] solvePolyMatrix ENTER: N=31, path_size=32, trap_time_size=31
[trajectory_generator_node-6] [Reference]   path[0]=(-1.8323,-3.5103) path[1]=(-2.2338,-3.0642) t[0]=2.000354 state_vel=(-0.2106,0.2081)
[trajectory_generator_node-6] [Reference] banded solve done. b[0]=0.017345 b[N]=0.265212 b2[0]=0.026155 b2[N]=0.179520
[trajectory_generator_node-6] [Reference] solvePolyMatrix EXIT: polyX[0]=[-0.001858 0.008672 -0.210628 -1.832281]
[trajectory_generator_node-6] [INFO] [1790446594.342154391] [trajectory_generation]: FSM published 31 trajectory pieces
[trajectory_tracking_node-8] [WARN] [1790446599.385679802] [trajectory_tracking]: RM_GridMap predicted-path replan requested: collision_samples=0 trajectory_age=5.03
[trajectory_generator_node-6] [Manager REPLAN]  cur position point (X, Y) = (-2.845798, -2.399878), target point (X, Y) = (-2.719000, 1.946000)
[trajectory_generator_node-6] [Manager REPLAN] target_temp (X, Y) = (-2.719000, 1.946000)
[trajectory_generator_node-6] [Manager REPLAN] robot 1.48m from path, full replan
[trajectory_generator_node-6] [Manager] start point, (x, y): (-2.85, -2.40)
[trajectory_generator_node-6] [Manager] receive target, (x, y): (-2.72, 1.95)
[trajectory_generator_node-6] [Topo]: m_graph before num: 1605
[trajectory_generator_node-6] [Topo]: dijkstra time: 0.010584
[trajectory_generator_node-6] [Topo]: topo search time: 0.096431
[trajectory_generator_node-6] [Topo]: m_graph num: 2565
[trajectory_generator_node-6] [DIAG] origin_path (Dijkstra) size: 5
[trajectory_generator_node-6] [DIAG]   origin[0]: (-2.846, -2.400, 0.015)
[trajectory_generator_node-6] [DIAG]   origin[1]: (-4.840, -0.175, 0.015)
[trajectory_generator_node-6] [DIAG]   origin[2]: (-3.769, 2.396, 0.015)
[trajectory_generator_node-6] [DIAG]   origin[3]: (-1.719, 1.946, 0.015)
[trajectory_generator_node-6] [DIAG]   origin[4]: (-2.719, 1.946, 0.015)
[trajectory_generator_node-6] [DIAG] lineVisib(start→end DIRECT): false  colli=(-2.82,-1.35)
[trajectory_generator_node-6] [DIAG] direct line: 86 steps, 64 wall cells
[trajectory_generator_node-6] [smoothTopoPath] INPUT size=5
[trajectory_generator_node-6] [smoothTopoPath]   in[0]: (-2.846, -2.400, 0.015)
[trajectory_generator_node-6] [smoothTopoPath]   in[1]: (-4.840, -0.175, 0.015)
[trajectory_generator_node-6] [smoothTopoPath]   in[2]: (-3.769, 2.396, 0.015)
[trajectory_generator_node-6] [smoothTopoPath]   in[3]: (-1.719, 1.946, 0.015)
[trajectory_generator_node-6] [smoothTopoPath]   in[4]: (-2.719, 1.946, 0.015)
[trajectory_generator_node-6] [smoothTopoPath] lineVisib(start→end): false  colli=(-2.82,-1.35)
[trajectory_generator_node-6] [smoothTopoPath] stuck detected, skipping to topo[1]
[trajectory_generator_node-6] [smoothTopoPath] stuck detected, skipping to topo[4]
[trajectory_generator_node-6] [smoothTopoPath] OUTPUT size=9, iter_count=10
[trajectory_generator_node-6] [smoothTopoPath]   out[0]: (-2.846, -2.400, 0.015)
[trajectory_generator_node-6] [smoothTopoPath]   out[1]: (-4.815, -0.203, 0.015)
[trajectory_generator_node-6] [smoothTopoPath]   out[2]: (-4.544, -0.245, 0.015)
[trajectory_generator_node-6] [smoothTopoPath]   out[3]: (-4.706, 0.148, 0.015)
[trajectory_generator_node-6] [smoothTopoPath]   out[4]: (-3.063, 2.394, 0.015)
[trajectory_generator_node-6] [smoothTopoPath]   out[5]: (-2.121, 2.207, 0.015)
[trajectory_generator_node-6] [smoothTopoPath]   out[6]: (-2.558, 2.127, 0.015)
[trajectory_generator_node-6] [smoothTopoPath]   out[7]: (-2.719, 1.946, 0.015)
[trajectory_generator_node-6] [smoothTopoPath]   out[8]: (-2.719, 1.946, 0.015)
[trajectory_generator_node-6] [DIAG] optimized_path (smoothTopoPath) size: 9
[trajectory_generator_node-6] [DIAG]   opt[0]: (-2.846, -2.400, 0.015)
[trajectory_generator_node-6] [DIAG]   opt[1]: (-4.815, -0.203, 0.015)
[trajectory_generator_node-6] [DIAG]   opt[2]: (-4.544, -0.245, 0.015)
[trajectory_generator_node-6] [DIAG]   opt[3]: (-4.706, 0.148, 0.015)
[trajectory_generator_node-6] [DIAG]   opt[4]: (-3.063, 2.394, 0.015)
[trajectory_generator_node-6] [DIAG]   opt[5]: (-2.121, 2.207, 0.015)
[trajectory_generator_node-6] [DIAG]   opt[6]: (-2.558, 2.127, 0.015)
[trajectory_generator_node-6] [DIAG]   opt[7]: (-2.719, 1.946, 0.015)
[trajectory_generator_node-6] [DIAG]   opt[8]: (-2.719, 1.946, 0.015)
[trajectory_generator_node-6] optimized_path size: 9
[trajectory_generator_node-6] [Manager] reference_speed: (0.30)
[trajectory_generator_node-6] [LBFGS] search direction d:  -7.3936e-05  3.09962e-05 -2.28526e-05  3.77099e-05 -6.08321e-05   4.0292e-05  -0.00039386  -0.00116112  0.000268308  -0.00028711  0.000879423  0.000600496 -0.000733312  -0.00146547  -1.1325e-05   0.00192279 -2.55299e-05  0.000289526   4.4368e-05  0.000812698  -0.00163847   0.00195586  -0.00149781 -0.000510894  0.000840426   0.00836908  0.000168131 -2.74544e-05 -7.57855e-05  0.000239069 -0.000528563  0.000980245   0.00114163  0.000949403 -0.000660628  -0.00103637 -0.000822978   -0.0018377  -0.00145054   -0.0018459 -0.000372089   0.00155019    6.284e-06  0.000221773   4.4634e-05  -0.00105996   0.00207524  -0.00296451   0.00404133  -0.00208956  -0.00625741  -0.00072563  0.000148188  -4.2473e-05  1.53453e-05 -1.33205e-05  3.01952e-05 -0.000108629  0.000372478 -0.000666968   0.00299152   0.00102957    0.0206336  6.96467e-05    0.0015131  0.000157741 -0.000371806  0.000675999 -0.000389042  0.000385494 -0.000126858  6.94675e-05  2.86897e-05   0.00060743 -0.000417963 -7.95251e-05    0.0013834   0.00724238    0.0271785
[trajectory_generator_node-6] [Smooth Optimize] MINCO reaches max evaluations: Line search reaches the maximum try number, assumptions not satisfied or precision not achievable.
[trajectory_generator_node-6] [Smooth Optimize] MINCO: cost=5.3 total_T=26.101(init 25.378) max_drift=0.288 max_vel=0.5 segs=27
[trajectory_generator_node-6] [Smooth Resample] resample
[trajectory_generator_node-6] [Smooth Resample] 28 -> 15 waypoints, 14 time segs, max_turn=161.3 deg
[trajectory_generator_node-6] [Manager] optimizer generate time: 0.005396
[trajectory_generator_node-6] [Reference] path size : 15
[trajectory_generator_node-6] [Reference] solvePolyMatrix ENTER: N=14, path_size=15, trap_time_size=14
[trajectory_generator_node-6] [Reference]   path[0]=(-2.8458,-2.3999) path[1]=(-3.2464,-1.9530) t[0]=2.000358 state_vel=(-0.1981,0.2176)
[trajectory_generator_node-6] [Reference] banded solve done. b[0]=-0.001785 b[N]=0.581002 b2[0]=0.010644 b2[N]=1.037002
[trajectory_generator_node-6] [Reference] solvePolyMatrix EXIT: polyX[0]=[-0.000085 -0.000892 -0.198134 -2.845798]
[trajectory_generator_node-6] [Reference] solvePolyMatrix ENTER: N=14, path_size=15, trap_time_size=14
[trajectory_generator_node-6] [Reference]   path[0]=(-2.8458,-2.3999) path[1]=(-3.2464,-1.9530) t[0]=2.000358 state_vel=(-0.1981,0.2176)
[trajectory_generator_node-6] [Reference] banded solve done. b[0]=-0.001785 b[N]=0.479963 b2[0]=0.010644 b2[N]=0.856791
[trajectory_generator_node-6] [Reference] solvePolyMatrix EXIT: polyX[0]=[-0.000085 -0.000892 -0.198134 -2.845798]
[trajectory_generator_node-6] [Reference] solvePolyMatrix ENTER: N=14, path_size=15, trap_time_size=14
[trajectory_generator_node-6] [Reference]   path[0]=(-2.8458,-2.3999) path[1]=(-3.2464,-1.9530) t[0]=2.000358 state_vel=(-0.1981,0.2176)
[trajectory_generator_node-6] [Reference] banded solve done. b[0]=-0.001785 b[N]=0.396462 b2[0]=0.010644 b2[N]=0.707857
[trajectory_generator_node-6] [Reference] solvePolyMatrix EXIT: polyX[0]=[-0.000085 -0.000892 -0.198134 -2.845798]
[trajectory_generator_node-6] [Reference] solvePolyMatrix ENTER: N=14, path_size=15, trap_time_size=14
[trajectory_generator_node-6] [Reference]   path[0]=(-2.8458,-2.3999) path[1]=(-3.2464,-1.9530) t[0]=2.000358 state_vel=(-0.1981,0.2176)
[trajectory_generator_node-6] [Reference] banded solve done. b[0]=-0.001785 b[N]=0.327459 b2[0]=0.010644 b2[N]=0.584775
[trajectory_generator_node-6] [Reference] solvePolyMatrix EXIT: polyX[0]=[-0.000085 -0.000892 -0.198134 -2.845798]
[trajectory_generator_node-6] [Reference] solvePolyMatrix ENTER: N=14, path_size=15, trap_time_size=14
[trajectory_generator_node-6] [Reference]   path[0]=(-2.8458,-2.3999) path[1]=(-3.2464,-1.9530) t[0]=2.000358 state_vel=(-0.1981,0.2176)
[trajectory_generator_node-6] [Reference] banded solve done. b[0]=-0.001785 b[N]=0.265829 b2[0]=0.010644 b2[N]=0.485324
[trajectory_generator_node-6] [Reference] solvePolyMatrix EXIT: polyX[0]=[-0.000085 -0.000892 -0.198134 -2.845798]
[trajectory_generator_node-6] [Reference] solvePolyMatrix ENTER: N=14, path_size=15, trap_time_size=14
[trajectory_generator_node-6] [Reference]   path[0]=(-2.8458,-2.3999) path[1]=(-3.2464,-1.9530) t[0]=2.000358 state_vel=(-0.1981,0.2176)
[trajectory_generator_node-6] [Reference] banded solve done. b[0]=-0.001785 b[N]=0.215215 b2[0]=0.010644 b2[N]=0.402976
[trajectory_generator_node-6] [Reference] solvePolyMatrix EXIT: polyX[0]=[-0.000085 -0.000892 -0.198134 -2.845798]
[trajectory_generator_node-6] [Reference] solvePolyMatrix ENTER: N=14, path_size=15, trap_time_size=14
[trajectory_generator_node-6] [Reference]   path[0]=(-2.8458,-2.3999) path[1]=(-3.2464,-1.9530) t[0]=2.000358 state_vel=(-0.1981,0.2176)
[trajectory_generator_node-6] [Reference] banded solve done. b[0]=-0.001785 b[N]=0.173692 b2[0]=0.010644 b2[N]=0.334774
[trajectory_generator_node-6] [Reference] solvePolyMatrix EXIT: polyX[0]=[-0.000085 -0.000892 -0.198134 -2.845798]
[trajectory_generator_node-6] [Reference] solvePolyMatrix ENTER: N=14, path_size=15, trap_time_size=14
[trajectory_generator_node-6] [Reference]   path[0]=(-2.8458,-2.3999) path[1]=(-3.2464,-1.9530) t[0]=2.000358 state_vel=(-0.1981,0.2176)
[trajectory_generator_node-6] [Reference] banded solve done. b[0]=-0.001785 b[N]=0.139665 b2[0]=0.010644 b2[N]=0.278273
[trajectory_generator_node-6] [Reference] solvePolyMatrix EXIT: polyX[0]=[-0.000085 -0.000892 -0.198134 -2.845798]
[trajectory_generator_node-6] [INFO] [1790446599.500819694] [trajectory_generation]: FSM published 14 trajectory pieces
[trajectory_tracking_node-8] [WARN] [1790446604.522470878] [trajectory_tracking]: RM_GridMap predicted-path replan requested: collision_samples=0 trajectory_age=5.01
[trajectory_generator_node-6] [Manager REPLAN]  cur position point (X, Y) = (-3.848154, -1.307979), target point (X, Y) = (-2.719000, 1.946000)
[trajectory_generator_node-6] [Manager REPLAN] target_temp (X, Y) = (-2.719000, 1.946000)
[trajectory_generator_node-6] [Manager REPLAN] robot 1.27m from path, full replan
[trajectory_generator_node-6] [Manager] start point, (x, y): (-3.85, -1.31)
[trajectory_generator_node-6] [Manager] receive target, (x, y): (-2.72, 1.95)
[trajectory_generator_node-6] [Topo]: m_graph before num: 1605
[trajectory_generator_node-6] [Topo]: dijkstra time: 0.009417
[trajectory_generator_node-6] [Topo]: topo search time: 0.078998
[trajectory_generator_node-6] [Topo]: m_graph num: 2580
[trajectory_generator_node-6] [DIAG] origin_path (Dijkstra) size: 5
[trajectory_generator_node-6] [DIAG]   origin[0]: (-3.848, -1.308, 0.015)
[trajectory_generator_node-6] [DIAG]   origin[1]: (-4.840, -0.175, 0.015)
[trajectory_generator_node-6] [DIAG]   origin[2]: (-3.769, 2.396, 0.015)
[trajectory_generator_node-6] [DIAG]   origin[3]: (-3.848, 1.692, 0.015)
[trajectory_generator_node-6] [DIAG]   origin[4]: (-2.719, 1.946, 0.015)
[trajectory_generator_node-6] [DIAG] lineVisib(start→end DIRECT): false  colli=(-3.67,-0.85)
[trajectory_generator_node-6] [DIAG] direct line: 68 steps, 58 wall cells
[trajectory_generator_node-6] [smoothTopoPath] INPUT size=5
[trajectory_generator_node-6] [smoothTopoPath]   in[0]: (-3.848, -1.308, 0.015)
[trajectory_generator_node-6] [smoothTopoPath]   in[1]: (-4.840, -0.175, 0.015)
[trajectory_generator_node-6] [smoothTopoPath]   in[2]: (-3.769, 2.396, 0.015)
[trajectory_generator_node-6] [smoothTopoPath]   in[3]: (-3.848, 1.692, 0.015)
[trajectory_generator_node-6] [smoothTopoPath]   in[4]: (-2.719, 1.946, 0.015)
[trajectory_generator_node-6] [smoothTopoPath] lineVisib(start→end): false  colli=(-3.67,-0.85)
[trajectory_generator_node-6] [smoothTopoPath] stuck detected, skipping to topo[1]
[trajectory_generator_node-6] [smoothTopoPath] stuck detected, skipping to topo[4]
[trajectory_generator_node-6] [smoothTopoPath] OUTPUT size=11, iter_count=12
[trajectory_generator_node-6] [smoothTopoPath]   out[0]: (-3.848, -1.308, 0.015)
[trajectory_generator_node-6] [smoothTopoPath]   out[1]: (-4.804, -0.217, 0.015)
[trajectory_generator_node-6] [smoothTopoPath]   out[2]: (-4.544, -0.245, 0.015)
[trajectory_generator_node-6] [smoothTopoPath]   out[3]: (-4.706, 0.148, 0.015)
[trajectory_generator_node-6] [smoothTopoPath]   out[4]: (-3.336, 2.061, 0.015)
[trajectory_generator_node-6] [smoothTopoPath]   out[5]: (-3.243, 1.624, 0.015)
[trajectory_generator_node-6] [smoothTopoPath]   out[6]: (-3.757, 2.000, 0.015)
[trajectory_generator_node-6] [smoothTopoPath]   out[7]: (-3.011, 2.162, 0.015)
[trajectory_generator_node-6] [smoothTopoPath]   out[8]: (-3.362, 1.924, 0.015)
[trajectory_generator_node-6] [smoothTopoPath]   out[9]: (-2.719, 1.946, 0.015)
[trajectory_generator_node-6] [smoothTopoPath]   out[10]: (-2.719, 1.946, 0.015)
[trajectory_generator_node-6] [DIAG] optimized_path (smoothTopoPath) size: 11
[trajectory_generator_node-6] [DIAG]   opt[0]: (-3.848, -1.308, 0.015)
[trajectory_generator_node-6] [DIAG]   opt[1]: (-4.804, -0.217, 0.015)
[trajectory_generator_node-6] [DIAG]   opt[2]: (-4.544, -0.245, 0.015)
[trajectory_generator_node-6] [DIAG]   opt[3]: (-4.706, 0.148, 0.015)
[trajectory_generator_node-6] [DIAG]   opt[4]: (-3.336, 2.061, 0.015)
[trajectory_generator_node-6] [DIAG]   opt[5]: (-3.243, 1.624, 0.015)
[trajectory_generator_node-6] [DIAG]   opt[6]: (-3.757, 2.000, 0.015)
[trajectory_generator_node-6] [DIAG]   opt[7]: (-3.011, 2.162, 0.015)
[trajectory_generator_node-6] [DIAG]   opt[8]: (-3.362, 1.924, 0.015)
[trajectory_generator_node-6] [DIAG]   opt[9]: (-2.719, 1.946, 0.015)
[trajectory_generator_node-6] [DIAG]   opt[10]: (-2.719, 1.946, 0.015)
[trajectory_generator_node-6] optimized_path size: 11
[trajectory_generator_node-6] [Manager] reference_speed: (0.30)
[trajectory_generator_node-6] [LBFGS] search direction d:  9.51435e-05 -0.000257972  8.97956e-05 -0.000798051  0.000540847  0.000571971   0.00221719   -0.0001828 -0.000342028 -0.000945815  3.74851e-05   7.4092e-05 -0.000204089  0.000142188 -0.000120782  0.000354029 -0.000104663  0.000234162 -0.000348791  0.000547371   -0.0012555  0.000541731  0.000659317   3.3229e-05 -0.000273674  0.000327291 -0.000726902   0.00231886    0.0013931   0.00284593  -0.00209466  0.000475767  0.000277318  0.000589161 -2.65331e-05  0.000169326 -0.000102497   0.00045706 -0.000479924 -0.000444222  0.000780659  0.000146343 -0.000574316  0.000762949 -0.000781075   0.00064684 -0.000240088   0.00053222  4.55773e-06   2.5084e-05 -4.86842e-05  0.000231289   6.4883e-05   0.00479886 -1.82823e-05  9.63788e-05  1.80655e-05 -2.92375e-05  5.44058e-05 -4.05486e-05  6.74763e-05  -9.2997e-05   0.00026042  0.000292466  8.62594e-05  3.62628e-05  0.000156739  3.68714e-05  0.000649193  0.000800575  0.000250668  0.000881552   0.00323619
[trajectory_generator_node-6] [Smooth Optimize] MINCO reaches max evaluations: Line search reaches the maximum try number, assumptions not satisfied or precision not achievable.
[trajectory_generator_node-6] [Smooth Optimize] MINCO: cost=6.0 total_T=23.431(init 21.759) max_drift=0.287 max_vel=0.5 segs=25
[trajectory_generator_node-6] [Smooth Resample] resample
[trajectory_generator_node-6] [Smooth Resample] 26 -> 14 waypoints, 13 time segs, max_turn=160.5 deg
[trajectory_generator_node-6] [Manager] optimizer generate time: 0.003368
[trajectory_generator_node-6] [Reference] path size : 14
[trajectory_generator_node-6] [Reference] solvePolyMatrix ENTER: N=13, path_size=14, trap_time_size=13
[trajectory_generator_node-6] [Reference]   path[0]=(-3.8482,-1.3080) path[1]=(-4.2489,-0.8859) t[0]=2.002362 state_vel=(-0.2008,0.2244)
[trajectory_generator_node-6] [Reference] banded solve done. b[0]=0.034287 b[N]=-0.561238 b2[0]=0.006175 b2[N]=0.579020
[trajectory_generator_node-6] [Reference] solvePolyMatrix EXIT: polyX[0]=[-0.008401 0.017144 -0.200779 -3.848154]
[trajectory_generator_node-6] [Reference] solvePolyMatrix ENTER: N=13, path_size=14, trap_time_size=13
[trajectory_generator_node-6] [Reference]   path[0]=(-3.8482,-1.3080) path[1]=(-4.2489,-0.8859) t[0]=2.002362 state_vel=(-0.2008,0.2244)
[trajectory_generator_node-6] [Reference] banded solve done. b[0]=0.034278 b[N]=-0.463829 b2[0]=0.006155 b2[N]=0.478532
[trajectory_generator_node-6] [Reference] solvePolyMatrix EXIT: polyX[0]=[-0.008398 0.017139 -0.200779 -3.848154]
[trajectory_generator_node-6] [Reference] solvePolyMatrix ENTER: N=13, path_size=14, trap_time_size=13
[trajectory_generator_node-6] [Reference]   path[0]=(-3.8482,-1.3080) path[1]=(-4.2489,-0.8859) t[0]=2.002362 state_vel=(-0.2008,0.2244)
[trajectory_generator_node-6] [Reference] banded solve done. b[0]=0.034281 b[N]=-0.383340 b2[0]=0.006154 b2[N]=0.395461
[trajectory_generator_node-6] [Reference] solvePolyMatrix EXIT: polyX[0]=[-0.008399 0.017140 -0.200779 -3.848154]
[trajectory_generator_node-6] [Reference] solvePolyMatrix ENTER: N=13, path_size=14, trap_time_size=13
[trajectory_generator_node-6] [Reference]   path[0]=(-3.8482,-1.3080) path[1]=(-4.2489,-0.8859) t[0]=2.002362 state_vel=(-0.2008,0.2244)
[trajectory_generator_node-6] [Reference] banded solve done. b[0]=0.034283 b[N]=-0.316819 b2[0]=0.006152 b2[N]=0.326808
[trajectory_generator_node-6] [Reference] solvePolyMatrix EXIT: polyX[0]=[-0.008400 0.017141 -0.200779 -3.848154]
[trajectory_generator_node-6] [Reference] solvePolyMatrix ENTER: N=13, path_size=14, trap_time_size=13
[trajectory_generator_node-6] [Reference]   path[0]=(-3.8482,-1.3080) path[1]=(-4.2489,-0.8859) t[0]=2.002362 state_vel=(-0.2008,0.2244)
[trajectory_generator_node-6] [Reference] banded solve done. b[0]=0.034283 b[N]=-0.260466 b2[0]=0.006152 b2[N]=0.271682
[trajectory_generator_node-6] [Reference] solvePolyMatrix EXIT: polyX[0]=[-0.008400 0.017141 -0.200779 -3.848154]
[trajectory_generator_node-6] [Reference] solvePolyMatrix ENTER: N=13, path_size=14, trap_time_size=13
[trajectory_generator_node-6] [Reference]   path[0]=(-3.8482,-1.3080) path[1]=(-4.2489,-0.8859) t[0]=2.002362 state_vel=(-0.2008,0.2244)
[trajectory_generator_node-6] [Reference] banded solve done. b[0]=0.034283 b[N]=-0.214066 b2[0]=0.006152 b2[N]=0.225971
[trajectory_generator_node-6] [Reference] solvePolyMatrix EXIT: polyX[0]=[-0.008400 0.017141 -0.200779 -3.848154]
[trajectory_generator_node-6] [INFO] [1790446604.641355240] [trajectory_generation]: FSM published 13 trajectory pieces
[trajectory_tracking_node-8] [WARN] [1790446609.684501244] [trajectory_tracking]: RM_GridMap predicted-path replan requested: collision_samples=0 trajectory_age=5.03
[trajectory_generator_node-6] [Manager REPLAN]  cur position point (X, Y) = (-4.732109, -0.285060), target point (X, Y) = (-2.719000, 1.946000)
[trajectory_generator_node-6] [Manager REPLAN] target_temp (X, Y) = (-2.719000, 1.946000)
[trajectory_generator_node-6] [Manager REPLAN] path safe & target unchanged, re-anchoring from cur pos
[trajectory_generator_node-6] [LBFGS] search direction d: -0.000397317  -0.00044834 -0.000249612 -2.28744e-05 -7.71033e-06   0.00060166  0.000410541  0.000563363  0.000101699 -0.000162899  0.000159026 -0.000613416  -0.00150645   0.00168549 -0.000500693 -0.000137957  2.50564e-05  0.000976632   0.00139127 -0.000742398  0.000423189  -0.00116849  -0.00144585 -0.000142682  8.91108e-05 -0.000487732 -3.77043e-05 -0.000443227  0.000233974  0.000343097 -0.000257403   0.00200313  -0.00180325  0.000575397  -0.00125528 -0.000672093  0.000670818  0.000605164   -0.0675534  -0.00315698  -0.00575013   0.00108591 -0.000161231  -0.00043114  0.000432644 -0.000855722   0.00183537  -0.00512014  -0.00549497 -0.000772386  -0.00232075  -0.00270869  0.000498949   -0.0112041   -0.0155007  -0.00314374   -0.0186003    -0.119939
[trajectory_generator_node-6] [Smooth Optimize] MINCO reaches max evaluations: Line search reaches the maximum try number, assumptions not satisfied or precision not achievable.
[trajectory_generator_node-6] [Smooth Optimize] MINCO: cost=3.1 total_T=22.079(init 17.102) max_drift=0.235 max_vel=0.4 segs=20
[trajectory_generator_node-6] [Smooth Resample] resample
[trajectory_generator_node-6] [Smooth Resample] 21 -> 11 waypoints, 10 time segs, max_turn=165.9 deg
[trajectory_generator_node-6] [Reference] path size : 11
[trajectory_generator_node-6] [Reference] solvePolyMatrix ENTER: N=10, path_size=11, trap_time_size=10
[trajectory_generator_node-6] [Reference]   path[0]=(-4.7321,-0.2851) path[1]=(-4.7290,0.2036) t[0]=3.098873 state_vel=(0.0023,0.2949)
[trajectory_generator_node-6] [Reference] banded solve done. b[0]=-0.052098 b[N]=-0.285489 b2[0]=-0.180144 b2[N]=-0.040091
[trajectory_generator_node-6] [Reference] solvePolyMatrix EXIT: polyX[0]=[0.008269 -0.026049 0.002319 -4.732109]
[trajectory_generator_node-6] [Reference] solvePolyMatrix ENTER: N=10, path_size=11, trap_time_size=10
[trajectory_generator_node-6] [Reference]   path[0]=(-4.7321,-0.2851) path[1]=(-4.7290,0.2036) t[0]=3.098873 state_vel=(0.0023,0.2949)
[trajectory_generator_node-6] [Reference] banded solve done. b[0]=-0.051715 b[N]=-0.235940 b2[0]=-0.179720 b2[N]=-0.033130
[trajectory_generator_node-6] [Reference] solvePolyMatrix EXIT: polyX[0]=[0.008207 -0.025858 0.002319 -4.732109]
[trajectory_generator_node-6] [Reference] solvePolyMatrix ENTER: N=10, path_size=11, trap_time_size=10
[trajectory_generator_node-6] [Reference]   path[0]=(-4.7321,-0.2851) path[1]=(-4.7290,0.2036) t[0]=3.098873 state_vel=(0.0023,0.2949)
[trajectory_generator_node-6] [Reference] banded solve done. b[0]=-0.051405 b[N]=-0.194990 b2[0]=-0.179380 b2[N]=-0.027378
[trajectory_generator_node-6] [Reference] solvePolyMatrix EXIT: polyX[0]=[0.008157 -0.025702 0.002319 -4.732109]
[trajectory_generator_node-6] [INFO] [1790446609.720118591] [trajectory_generation]: FSM published 10 trajectory pieces
[trajectory_tracking_node-8] [WARN] [1790446614.726082206] [trajectory_tracking]: RM_GridMap predicted-path replan requested: collision_samples=0 trajectory_age=5.01
[trajectory_generator_node-6] [Manager REPLAN]  cur position point (X, Y) = (-4.457155, 0.663891), target point (X, Y) = (-2.719000, 1.946000)
[trajectory_generator_node-6] [Manager REPLAN] target_temp (X, Y) = (-2.719000, 1.946000)
[trajectory_generator_node-6] [Manager REPLAN] path safe & target unchanged, re-anchoring from cur pos
[trajectory_generator_node-6] [LBFGS] search direction d: -0.000392666  0.000449985  0.000124908  0.000365926  0.000257232 -4.86854e-05  0.000405381 -0.000276872  0.000571778  0.000422928  -0.00129863  0.000797076  -0.00111989  -0.00113106  0.000430648  2.13688e-06 -0.000201941 -0.000673947  0.000294203 -0.000838556   0.00046151  0.000251259  0.000172967  0.000159949  0.000104219 -0.000891428   0.00204221  -0.00047572  -0.00172724  1.89698e-05  1.44598e-05  2.74055e-05 -1.71801e-05  5.13659e-05 -0.000126177  0.000414016   0.00048623  0.000118159  5.50273e-06  0.000212615  6.66843e-05   0.00106267   0.00128457  0.000440194   0.00177128   0.00634008
[trajectory_generator_node-6] [Smooth Optimize] MINCO reaches max evaluations: Line search reaches the maximum try number, assumptions not satisfied or precision not achievable.
[trajectory_generator_node-6] [Smooth Optimize] MINCO: cost=1.2 total_T=18.853(init 13.485) max_drift=0.160 max_vel=0.4 segs=16
[trajectory_generator_node-6] [Smooth Resample] resample
[trajectory_generator_node-6] [Smooth Resample] 17 -> 9 waypoints, 8 time segs, max_turn=161.4 deg
[trajectory_generator_node-6] [Reference] path size : 9
[trajectory_generator_node-6] [Reference] solvePolyMatrix ENTER: N=8, path_size=9, trap_time_size=8
[trajectory_generator_node-6] [Reference]   path[0]=(-4.4572,0.6639) path[1]=(-4.0969,1.1477) t[0]=2.030424 state_vel=(0.1725,0.2424)
[trajectory_generator_node-6] [Reference] banded solve done. b[0]=0.006026 b[N]=-0.223848 b2[0]=0.012643 b2[N]=-0.021258
[trajectory_generator_node-6] [Reference] solvePolyMatrix EXIT: polyX[0]=[-0.000277 0.003013 0.172452 -4.457155]
[trajectory_generator_node-6] [Reference] solvePolyMatrix ENTER: N=8, path_size=9, trap_time_size=8
[trajectory_generator_node-6] [Reference]   path[0]=(-4.4572,0.6639) path[1]=(-4.0969,1.1477) t[0]=2.030424 state_vel=(0.1725,0.2424)
[trajectory_generator_node-6] [Reference] banded solve done. b[0]=0.013275 b[N]=-0.220280 b2[0]=0.019370 b2[N]=-0.021078
[trajectory_generator_node-6] [Reference] solvePolyMatrix EXIT: polyX[0]=[-0.002062 0.006637 0.172452 -4.457155]
[trajectory_generator_node-6] [INFO] [1790446614.767370281] [trajectory_generation]: FSM published 8 trajectory pieces
[trajectory_tracking_node-8] [WARN] [1790446617.474081879] [trajectory_tracking]: trajectory tracking stopped: invalid coefficient array length
[trajectory_tracking_node-8] [WARN] [1790446619.470586424] [trajectory_tracking]: trajectory tracking stopped: no valid trajectory
[trajectory_tracking_node-8] [WARN] [1790446621.475370418] [trajectory_tracking]: trajectory tracking stopped: no valid trajectory
[trajectory_tracking_node-8] [WARN] [1790446623.472484393] [trajectory_tracking]: trajectory tracking stopped: no valid trajectory
[trajectory_tracking_node-8] [WARN] [1790446625.470966493] [trajectory_tracking]: trajectory tracking stopped: no valid trajectory
[trajectory_tracking_node-8] [WARN] [1790446627.474338817] [trajectory_tracking]: trajectory tracking stopped: no valid trajectory
[trajectory_tracking_node-8] [WARN] [1790446629.475789104] [trajectory_tracking]: trajectory tracking stopped: no valid trajectory
[trajectory_tracking_node-8] [WARN] [1790446631.474522100] [trajectory_tracking]: trajectory tracking stopped: no valid trajectory
[trajectory_tracking_node-8] [WARN] [1790446633.478649963] [trajectory_tracking]: trajectory tracking stopped: no valid trajectory
[trajectory_tracking_node-8] [WARN] [1790446635.489592802] [trajectory_tracking]: trajectory tracking stopped: no valid trajectory
[trajectory_tracking_node-8] [WARN] [1790446637.490562292] [trajectory_tracking]: trajectory tracking stopped: no valid trajectory
[trajectory_tracking_node-8] [WARN] [1790446639.501576194] [trajectory_tracking]: trajectory tracking stopped: no valid trajectory
[trajectory_tracking_node-8] [WARN] [1790446641.510973378] [trajectory_tracking]: trajectory tracking stopped: no valid trajectory
[trajectory_tracking_node-8] [WARN] [1790446643.512865088] [trajectory_tracking]: trajectory tracking stopped: no valid trajectory
[trajectory_tracking_node-8] [WARN] [1790446645.512535894] [trajectory_tracking]: trajectory tracking stopped: no valid trajectory
[trajectory_tracking_node-8] [WARN] [1790446647.515818134] [trajectory_tracking]: trajectory tracking stopped: no valid trajectory
[trajectory_tracking_node-8] [WARN] [1790446649.511422493] [trajectory_tracking]: trajectory tracking stopped: no valid trajectory
[trajectory_tracking_node-8] [WARN] [1790446651.511844071] [trajectory_tracking]: trajectory tracking stopped: no valid trajectory
[trajectory_tracking_node-8] [WARN] [1790446653.510817344] [trajectory_tracking]: trajectory tracking stopped: no valid trajectory
[trajectory_tracking_node-8] [WARN] [1790446655.510333195] [trajectory_tracking]: trajectory tracking stopped: no valid trajectory
[trajectory_tracking_node-8] [WARN] [1790446657.510883455] [trajectory_tracking]: trajectory tracking stopped: no valid trajectory
[trajectory_tracking_node-8] [WARN] [1790446659.510946366] [trajectory_tracking]: trajectory tracking stopped: no valid trajectory
[trajectory_tracking_node-8] [WARN] [1790446661.515183159] [trajectory_tracking]: trajectory tracking stopped: no valid trajectory
[trajectory_tracking_node-8] [WARN] [1790446663.510084818] [trajectory_tracking]: trajectory tracking stopped: no valid trajectory
[trajectory_tracking_node-8] [WARN] [1790446665.512245289] [trajectory_tracking]: trajectory tracking stopped: no valid trajectory
[trajectory_tracking_node-8] [WARN] [1790446667.510766142] [trajectory_tracking]: trajectory tracking stopped: no valid trajectory
[trajectory_tracking_node-8] [WARN] [1790446669.512626904] [trajectory_tracking]: trajectory tracking stopped: no valid trajectory
[trajectory_tracking_node-8] [WARN] [1790446671.510295855] [trajectory_tracking]: trajectory tracking stopped: no valid trajectory
[trajectory_tracking_node-8] [WARN] [1790446673.513694291] [trajectory_tracking]: trajectory tracking stopped: no valid trajectory
[trajectory_tracking_node-8] [WARN] [1790446675.513096715] [trajectory_tracking]: trajectory tracking stopped: no valid trajectory
[trajectory_tracking_node-8] [WARN] [1790446677.516548181] [trajectory_tracking]: trajectory tracking stopped: no valid trajectory
[trajectory_tracking_node-8] [WARN] [1790446679.510050611] [trajectory_tracking]: trajectory tracking stopped: no valid trajectory
[trajectory_tracking_node-8] [WARN] [1790446681.513305336] [trajectory_tracking]: trajectory tracking stopped: no valid trajectory
[trajectory_tracking_node-8] [WARN] [1790446683.512628545] [trajectory_tracking]: trajectory tracking stopped: no valid trajectory
[trajectory_tracking_node-8] [WARN] [1790446685.526291240] [trajectory_tracking]: trajectory tracking stopped: no valid trajectory
[trajectory_tracking_node-8] [WARN] [1790446687.525968380] [trajectory_tracking]: trajectory tracking stopped: no valid trajectory
[trajectory_tracking_node-8] [WARN] [1790446689.524119350] [trajectory_tracking]: trajectory tracking stopped: no valid trajectory
[trajectory_tracking_node-8] [WARN] [1790446691.524235976] [trajectory_tracking]: trajectory tracking stopped: no valid trajectory
[trajectory_tracking_node-8] [WARN] [1790446693.522133051] [trajectory_tracking]: trajectory tracking stopped: no valid trajectory
[trajectory_tracking_node-8] [WARN] [1790446695.520404037] [trajectory_tracking]: trajectory tracking stopped: no valid trajectory
[trajectory_tracking_node-8] [WARN] [1790446697.523664919] [trajectory_tracking]: trajectory tracking stopped: no valid trajectory
[trajectory_tracking_node-8] [WARN] [1790446699.524271512] [trajectory_tracking]: trajectory tracking stopped: no valid trajectory
[trajectory_tracking_node-8] [WARN] [1790446701.527295199] [trajectory_tracking]: trajectory tracking stopped: no valid trajectory
[trajectory_tracking_node-8] [WARN] [1790446703.523530654] [trajectory_tracking]: trajectory tracking stopped: no valid trajectory
[trajectory_tracking_node-8] [WARN] [1790446705.524378698] [trajectory_tracking]: trajectory tracking stopped: no valid trajectory
[trajectory_tracking_node-8] [WARN] [1790446707.521540594] [trajectory_tracking]: trajectory tracking stopped: no valid trajectory
[trajectory_tracking_node-8] [WARN] [1790446709.528443806] [trajectory_tracking]: trajectory tracking stopped: no valid trajectory
[trajectory_tracking_node-8] [WARN] [1790446711.525052769] [trajectory_tracking]: trajectory tracking stopped: no valid trajectory
[trajectory_tracking_node-8] [WARN] [1790446713.522768582] [trajectory_tracking]: trajectory tracking stopped: no valid trajectory
[trajectory_tracking_node-8] [WARN] [1790446715.526980495] [trajectory_tracking]: trajectory tracking stopped: no valid trajectory
[trajectory_tracking_node-8] [WARN] [1790446717.523889855] [trajectory_tracking]: trajectory tracking stopped: no valid trajectory
[trajectory_tracking_node-8] [WARN] [1790446719.522908192] [trajectory_tracking]: trajectory tracking stopped: no valid trajectory
[trajectory_tracking_node-8] [WARN] [1790446721.526744233] [trajectory_tracking]: trajectory tracking stopped: no valid trajectory
[trajectory_tracking_node-8] [WARN] [1790446723.528600070] [trajectory_tracking]: trajectory tracking stopped: no valid trajectory
[trajectory_tracking_node-8] [WARN] [1790446725.522338995] [trajectory_tracking]: trajectory tracking stopped: no valid trajectory
[trajectory_tracking_node-8] [WARN] [1790446727.525544379] [trajectory_tracking]: trajectory tracking stopped: no valid trajectory
[trajectory_tracking_node-8] [WARN] [1790446729.520782425] [trajectory_tracking]: trajectory tracking stopped: no valid trajectory
[trajectory_tracking_node-8] [WARN] [1790446731.521084326] [trajectory_tracking]: trajectory tracking stopped: no valid trajectory
[trajectory_tracking_node-8] [WARN] [1790446733.522518524] [trajectory_tracking]: trajectory tracking stopped: no valid trajectory
[trajectory_tracking_node-8] [WARN] [1790446735.526060446] [trajectory_tracking]: trajectory tracking stopped: no valid trajectory
[WARNING] [launch]: user interrupted with ctrl-c (SIGINT)
[trajectory_tracking_node-8] [INFO] [1790446735.960045878] [rclcpp]: signal_handler(SIGINT/SIGTERM)
[hit_bridge-9] [INFO] [1790446735.960048548] [rclcpp]: signal_handler(SIGINT/SIGTERM)
[parameter_bridge-2] [INFO] [1790446735.960394289] [rclcpp]: signal_handler(SIGINT/SIGTERM)
[INFO] [autonomy_guard.py-10]: sending signal 'SIGINT' to process[autonomy_guard.py-10]
[INFO] [hit_bridge-9]: sending signal 'SIGINT' to process[hit_bridge-9]
[INFO] [trajectory_tracking_node-8]: sending signal 'SIGINT' to process[trajectory_tracking_node-8]
[INFO] [rviz_safe-7]: sending signal 'SIGINT' to process[rviz_safe-7]
[INFO] [trajectory_generator_node-6]: sending signal 'SIGINT' to process[trajectory_generator_node-6]
[INFO] [map_display.py-5]: sending signal 'SIGINT' to process[map_display.py-5]
[INFO] [cloud_adapter.py-4]: sending signal 'SIGINT' to process[cloud_adapter.py-4]
[INFO] [sim_adapter.py-3]: sending signal 'SIGINT' to process[sim_adapter.py-3]
[INFO] [parameter_bridge-2]: sending signal 'SIGINT' to process[parameter_bridge-2]
[ERROR] [cloud_adapter.py-4]: process has died [pid 44998, exit code -2, cmd '/home/liangys/RM_Sentry_2026/ros2_ws/install_sentry_autonomy/sentry_gazebo/lib/sentry_gazebo/cloud_adapter.py --ros-args --params-file /tmp/launch_params_eexzluyy'].
[INFO] [ign-1]: sending signal 'SIGINT' to process[ign-1]
[trajectory_generator_node-6] [INFO] [1790446735.961825023] [rclcpp]: signal_handler(SIGINT/SIGTERM)
[ERROR] [sim_adapter.py-3]: process has died [pid 44996, exit code -2, cmd '/home/liangys/RM_Sentry_2026/ros2_ws/install_sentry_autonomy/sentry_gazebo/lib/sentry_gazebo/sim_adapter.py --ros-args --params-file /tmp/launch_params_yonpzfua'].
[autonomy_guard.py-10] Traceback (most recent call last):
[autonomy_guard.py-10]   File "/home/liangys/RM_Sentry_2026/ros2_ws/install_sentry_autonomy/sentry_gazebo/lib/sentry_gazebo/autonomy_guard.py", line 247, in <module>
[autonomy_guard.py-10]     main()
[autonomy_guard.py-10]   File "/home/liangys/RM_Sentry_2026/ros2_ws/install_sentry_autonomy/sentry_gazebo/lib/sentry_gazebo/autonomy_guard.py", line 243, in main
[autonomy_guard.py-10]     node.destroy_node()
[autonomy_guard.py-10]   File "/opt/ros/humble/local/lib/python3.10/dist-packages/rclpy/node.py", line 1691, in destroy_node
[autonomy_guard.py-10]     self.destroy_service(self._services[0])
[autonomy_guard.py-10]   File "/opt/ros/humble/local/lib/python3.10/dist-packages/rclpy/node.py", line 1615, in destroy_service
[autonomy_guard.py-10]     service.destroy()
[autonomy_guard.py-10]   File "/opt/ros/humble/local/lib/python3.10/dist-packages/rclpy/service.py", line 93, in destroy
[autonomy_guard.py-10]     self.__service.destroy_when_not_in_use()
[autonomy_guard.py-10] KeyboardInterrupt
[hit_bridge-9] [INFO] [1790446736.013344662] [rclcpp]: signal_handler(SIGINT/SIGTERM)
[trajectory_tracking_node-8] [INFO] [1790446736.018540184] [rclcpp]: signal_handler(SIGINT/SIGTERM)
[trajectory_generator_node-6] [INFO] [1790446736.030438025] [rclcpp]: signal_handler(SIGINT/SIGTERM)
[map_display.py-5] Traceback (most recent call last):
[map_display.py-5]   File "/home/liangys/RM_Sentry_2026/ros2_ws/install_sentry_autonomy/sentry_gazebo/lib/sentry_gazebo/map_display.py", line 53, in <module>
[map_display.py-5]     if __name__=='__main__':main()
[map_display.py-5]   File "/home/liangys/RM_Sentry_2026/ros2_ws/install_sentry_autonomy/sentry_gazebo/lib/sentry_gazebo/map_display.py", line 51, in main
[map_display.py-5]     node.destroy_node()
[map_display.py-5]   File "/opt/ros/humble/local/lib/python3.10/dist-packages/rclpy/node.py", line 1696, in destroy_node
[map_display.py-5]     self.__node.destroy_when_not_in_use()
[map_display.py-5] KeyboardInterrupt
[parameter_bridge-2] [INFO] [1790446736.056803243] [rclcpp]: signal_handler(SIGINT/SIGTERM)
[INFO] [parameter_bridge-2]: process has finished cleanly [pid 44994]
[ERROR] [autonomy_guard.py-10]: process has died [pid 45010, exit code -2, cmd '/home/liangys/RM_Sentry_2026/ros2_ws/install_sentry_autonomy/sentry_gazebo/lib/sentry_gazebo/autonomy_guard.py --ros-args --params-file /tmp/launch_params_bnj48vjl'].
[INFO] [hit_bridge-9]: process has finished cleanly [pid 45008]
[ERROR] [map_display.py-5]: process has died [pid 45000, exit code -2, cmd '/home/liangys/RM_Sentry_2026/ros2_ws/install_sentry_autonomy/sentry_gazebo/lib/sentry_gazebo/map_display.py --ros-args --params-file /tmp/launch_params_mkk48jpj'].
[INFO] [trajectory_tracking_node-8]: process has finished cleanly [pid 45006]
[INFO] [trajectory_generator_node-6]: process has finished cleanly [pid 45002]
[INFO] [rviz_safe-7]: process has finished cleanly [pid 45004]
[ign-1] [1;32m[Msg] [0m[1;32mFo[1;32m[Msg] [0m[1;32mIgnition Gazebo GUI    v[0m[1;32m6.18.0[0m[1;32m[0m
[ign-1] [1;32m[GUI] [0m[1;32m[Msg] [0m[1;32mLoading config [[0m[1;32m/home/liangys/RM_Sentry_2026/ros2_ws/install_sentry_autonomy/sentry_gazebo/share/sentry_gazebo/config/autonomy-gui.config[0m[1;32m][0m[1;32m[0m
[ign-1] [1;32m[GUI] [0m[1;32m[Msg] [0m[1;32mAdded plugin [[0m[1;32mRM Sentry - Basic Navigation[0m[1;32m] to main window[0m[1;32m[0m
[ign-1] [1;32m[GUI] [0m[1;32m[Msg] [0m[1;32mLoaded plugin [[0m[1;32mMinimalScene[0m[1;32m] from path [[0m[1;32m/usr/lib/x86_64-linux-gnu/ign-gui-6/plugins/libMinimalScene.so[0m[1;32m][0m[1;32m[0m
[ign-1] [1;32m[GUI] [0m[1;32m[Msg] [0m[1;32mAdded plugin [[0m[1;32mScene Manager[0m[1;32m] to main window[0m[1;32m[0m
[ign-1] [1;32m[GUI] [0m[1;32m[Msg] [0m[1;32mLoaded plugin [[0m[1;32mGzSceneManager[0m[1;32m] from path [[0m[1;32m/usr/lib/x86_64-linux-gnu/ign-gazebo-6/plugins/gui/libGzSceneManager.so[0m[1;32m][0m[1;32m[0m
[ign-1] [1;32m[GUI] [0m[1;32m[Msg] [0m[1;32mCamera view controller topic advertised on [[0m[1;32m/gui/camera/view_control[0m[1;32m][0m[1;32m[0m
[ign-1] [1;32m[GUI] [0m[1;32m[Msg] [0m[1;32mCamera reference visual topic advertised on [[0m[1;32m/gui/camera/view_control/reference_visual[0m[1;32m][0m[1;32m[0m
[ign-1] [1;32m[GUI] [0m[1;32m[Msg] [0m[1;32mCamera view control sensitivity advertised on [[0m[1;32m/gui/camera/view_control/sensitivity[0m[1;32m][0m[1;32m[0m
[ign-1] [1;32m[GUI] [0m[1;32m[Msg] [0m[1;32mAdded plugin [[0m[1;32mInteractive view control[0m[1;32m] to main window[0m[1;32m[0m
[ign-1] [1;32m[GUI] [0m[1;32m[Msg] [0m[1;32mLoaded plugin [[0m[1;32mInteractiveViewControl[0m[1;32m] from path [[0m[1;32m/usr/lib/x86_64-linux-gnu/ign-gui-6/plugins/libInteractiveViewControl.so[0m[1;32m][0m[1;32m[0m
[ign-1] [1;32m[GUI] [0m[1;32m[Msg] [0m[1;32mUsing world control service [[0m[1;32m/world/sentry_planning/control[0m[1;32m][0m[1;32m[0m
[ign-1] [1;32m[GUI] [0m[1;32m[Msg] [0m[1;32mListening to stats on [[0m[1;32m/world/sentry_planning/stats[0m[1;32m][0m[1;32m[0m
[ign-1] [1;32m[GUI] [0m[1;32m[Msg] [0m[1;32mAdded plugin [[0m[1;32mWorld control[0m[1;32m] to main window[0m[1;32m[0m
[ign-1] [1;32m[GUI] [0m[1;32m[Msg] [0m[1;32mLoaded plugin [[0m[1;32mWorldControl[0m[1;32m] from path [[0m[1;32m/usr/lib/x86_64-linux-gnu/ign-gui-6/plugins/libWorldControl.so[0m[1;32m][0m[1;32m[0m
[ign-1] [1;32m[GUI] [0m[1;32m[Msg] [0m[1;32mListening to stats on [[0m[1;32m/world/sentry_planning/stats[0m[1;32m][0m[1;32m[0m
[ign-1] [1;32m[GUI] [0m[1;32m[Msg] [0m[1;32mAdded plugin [[0m[1;32mWorld stats[0m[1;32m] to main window[0m[1;32m[0m
[ign-1] [1;32m[GUI] [0m[1;32m[Msg] [0m[1;32mLoaded plugin [[0m[1;32mWorldStats[0m[1;32m] from path [[0m[1;32m/usr/lib/x86_64-linux-gnu/ign-gui-6/plugins/libWorldStats.so[0m[1;32m][0m[1;32m[0m
[ign-1] [1;32m[GUI] [0m[1;32m[Msg] [0m[1;32mUsing server control service [[0m[1;32m/server_control[0m[1;32m][0m[1;32m[0m
[ign-1] [1;32m[GUI] [0m[1;32m[Msg] [0m[1;32mLoading plugin [[0m[1;32mignition-rendering-ogre2[0m[1;32m][0m[1;32m[0m
[ign-1] [1;32m[GUI] [0m[1;32m[Msg] [0m[1;32mLoading plugin [[0m[1;32mignition-rendering-ogre2[0m[1;32m][0m[1;32m[0m
[ign-1] [1;32m[GUI] [0m[1;32m[Msg] [0m[1;32mLoading plugin [[0m[1;32mignition-rendering-ogre2[0m[1;32m][0m[1;32m[0m
[ign-1] [1;32m[GUI] [0m[1;32m[Msg] [0m[1;32mLoading plugin [[0m[1;32mignition-rendering-ogre2[0m[1;32m][0m[1;32m[0m
[ign-1] und no publishers on /clock, adding root clock topic[0m[1;32m[0m
[ign-1] [1;32m[Msg] [0m[1;32mLoading plugin [[0m[1;32mignition-rendering-ogre2[0m[1;32m][0m[1;32m[0m
[ign-1] [1;32m[Msg] [0m[1;32mServing scene information on [[0m[1;32m/world/sentry_planning[0m[1;32m/[0m[1;32mscene/info[0m[1;32m][0m[1;32m[0m
[ign-1] [1;32m[Msg] [0m[1;32mServing graph information on [[0m[1;32m/world/sentry_planning[0m[1;32m/[0m[1;32mscene/graph[0m[1;32m][0m[1;32m[0m
[ign-1] [1;32m[Msg] [0m[1;32mServing full state on [[0m[1;32m/world/sentry_planning[0m[1;32m/[0m[1;32mstate[0m[1;32m][0m[1;32m[0m
[ign-1] [1;32m[Msg] [0m[1;32mServing full state (async) on [[0m[1;32m/world/sentry_planning[0m[1;32m/[0m[1;32mstate_async[0m[1;32m][0m[1;32m[0m
[ign-1] [1;32m[Msg] [0m[1;32mPublishing scene information on [[0m[1;32m/world/sentry_planning/scene/info[0m[1;32m][0m[1;32m[0m
[ign-1] [1;32m[Msg] [0m[1;32mPublishing entity deletions on [[0m[1;32m/world/sentry_planning/scene/deletion[0m[1;32m][0m[1;32m[0m
[ign-1] [1;32m[Msg] [0m[1;32mPublishing state changes on [[0m[1;32m/world/sentry_planning/state[0m[1;32m][0m[1;32m[0m
[ign-1] [1;32m[Msg] [0m[1;32mPublishing pose messages on [[0m[1;32m/world/sentry_planning[0m[1;32m/[0m[1;32mpose/info[0m[1;32m][0m[1;32m[0m
[ign-1] [1;32m[Msg] [0m[1;32mPublishing dynamic pose messages on [[0m[1;32m/world/sentry_planning[0m[1;32m/[0m[1;32mdynamic_pose/info[0m[1;32m][0m[1;32m[0m
[ign-1] /usr/lib/ruby/ignition/cmdgazebo6.rb:183:in `kill': No such process (Errno::ESRCH)
[ign-1] 	from /usr/lib/ruby/ignition/cmdgazebo6.rb:183:in `killProcess'
[ign-1] 	from /usr/lib/ruby/ignition/cmdgazebo6.rb:509:in `handle_signal'
[ign-1] 	from /usr/lib/ruby/ignition/cmdgazebo6.rb:514:in `block in execute'
[ign-1] 	from /usr/lib/ruby/ignition/cmdgazebo6.rb:524:in `wait2'
[ign-1] 	from /usr/lib/ruby/ignition/cmdgazebo6.rb:524:in `execute'
[ign-1] 	from /usr/bin/ign:301:in `<main>'
[ERROR] [ign-1]: process has died [pid 44992, exit code 1, cmd 'ign gazebo -r -v 3 /home/liangys/RM_Sentry_2026/ros2_ws/install_sentry_autonomy/sentry_gazebo/share/sentry_gazebo/worlds/planning.sdf --gui-config /home/liangys/RM_Sentry_2026/ros2_ws/install_sentry_autonomy/sentry_gazebo/share/sentry_gazebo/config/autonomy-gui.config'].
