[INFO] [launch]: All log files can be found below /home/liangys/.ros/log/2026-09-26-15-18-12-322929-ubuntu64-oc-55724
[INFO] [launch]: Default logging verbosity is set to INFO
[INFO] [ign-1]: process started with pid [55780]
[INFO] [parameter_bridge-2]: process started with pid [55782]
[INFO] [sim_adapter.py-3]: process started with pid [55784]
[INFO] [cloud_adapter.py-4]: process started with pid [55786]
[INFO] [map_display.py-5]: process started with pid [55788]
[INFO] [trajectory_generator_node-6]: process started with pid [55790]
[INFO] [rviz_safe-7]: process started with pid [55792]
[INFO] [trajectory_tracking_node-8]: process started with pid [55794]
[INFO] [hit_bridge-9]: process started with pid [55796]
[INFO] [autonomy_guard.py-10]: process started with pid [55798]
[INFO] [python3-11]: process started with pid [55800]
[trajectory_generator_node-6] [Manager Init] map/file_path: 
[trajectory_generator_node-6] [Manager Init] map/occ_file_path: /home/liangys/RM_Sentry_2026/ros2_ws/install_sentry_autonomy/trajectory_generation/share/trajectory_generation/map/occfinal.png
[trajectory_generator_node-6] [Manager Init] map/bev_file_path: /home/liangys/RM_Sentry_2026/ros2_ws/install_sentry_autonomy/trajectory_generation/share/trajectory_generation/map/bevfinal.png
[trajectory_generator_node-6] [Manager Init] map/distance_map_file_path: /home/liangys/RM_Sentry_2026/ros2_ws/install_sentry_autonomy/trajectory_generation/share/trajectory_generation/map/occtopo.png
[trajectory_generator_node-6] m_height_bias: 0.0152941 m_height_interval: 1.5 m_height_threshold: 0.08 height_sencond_high_threshold: 0.2
[trajectory_generator_node-6] map swell done
[trajectory_generator_node-6] second_heights_points: 0
[trajectory_tracking_node-8] [SentryRobotInterface] Loading task file: "/home/liangys/RM_Sentry_2026/ros2_ws/install_sentry_autonomy/trajectory_tracking/share/trajectory_tracking/cfg/task.info"
[trajectory_tracking_node-8] x_init:   5 8 0 0
[trajectory_tracking_node-8] 
[trajectory_tracking_node-8]  #### Multiple-Shooting SQP Settings:
[trajectory_tracking_node-8]  #### =============================================================================
[trajectory_tracking_node-8]  #### 'sqpIteration'...........................................................8
[trajectory_tracking_node-8]  #### 'deltaTol'...........................................................1e-06
[trajectory_tracking_node-8]  #### 'alpha_decay'..........................................................0.5 (default)
[trajectory_tracking_node-8]  #### 'alpha_min'.........................................................0.0001 (default)
[trajectory_tracking_node-8]  #### 'gamma_c'............................................................1e-06 (default)
[trajectory_tracking_node-8]  #### 'g_max'..............................................................1e+06 (default)
[trajectory_tracking_node-8]  #### 'g_min'..............................................................1e-06
[trajectory_tracking_node-8]  #### 'armijoFactor'......................................................0.0001 (default)
[trajectory_tracking_node-8]  #### 'costTol'...........................................................0.0001
[trajectory_tracking_node-8]  #### 'dt'...................................................................0.1
[trajectory_tracking_node-8]  #### 'useFeedbackPolicy'......................................................1
[trajectory_tracking_node-8]  #### 'createValueFunction'....................................................0 (default)
[trajectory_tracking_node-8]  #### 'integratorType'.......................................................RK2
[trajectory_tracking_node-8]  #### 'inequalityConstraintMu'...............................................0.1
[trajectory_tracking_node-8]  #### 'inequalityConstraintDelta'............................................0.2
[trajectory_tracking_node-8]  #### 'projectStateInputEqualityConstraints'...................................1
[trajectory_tracking_node-8]  #### 'extractProjectionMultiplier'............................................0 (default)
[trajectory_tracking_node-8]  #### 'printSolverStatus'......................................................0
[trajectory_tracking_node-8]  #### 'printSolverStatistics'..................................................0
[trajectory_tracking_node-8]  #### 'printLinesearch'........................................................0
[trajectory_tracking_node-8]  #### 'enableLogging'..........................................................1 (default)
[trajectory_tracking_node-8]  #### 'logSize'.............................................................1000 (default)
[trajectory_tracking_node-8]  #### 'logFilePath'.........................................../tmp/ocs2/sqp_log/ (default)
[trajectory_tracking_node-8]  #### 'nThreads'...............................................................2
[trajectory_tracking_node-8]  #### 'threadPriority'........................................................50
[trajectory_tracking_node-8] 
[trajectory_tracking_node-8]  #### HPIPM Settings:
[trajectory_tracking_node-8]  #### =============================================================================
[trajectory_tracking_node-8]  #### 'mode'...................................................................1 (default)
[trajectory_tracking_node-8]  #### 'iter_max'..............................................................30 (default)
[trajectory_tracking_node-8]  #### 'alpha_min'..........................................................1e-12 (default)
[trajectory_tracking_node-8]  #### 'mu0'...................................................................10 (default)
[trajectory_tracking_node-8]  #### 'tol_stat'...........................................................1e-06 (default)
[trajectory_tracking_node-8]  #### 'tol_eq'.............................................................1e-08 (default)
[trajectory_tracking_node-8]  #### 'tol_ineq'...........................................................1e-08 (default)
[trajectory_tracking_node-8]  #### 'tol_comp'...........................................................1e-08 (default)
[trajectory_tracking_node-8]  #### 'reg_prim'...........................................................1e-12 (default)
[trajectory_tracking_node-8]  #### 'warm_start'.............................................................0 (default)
[trajectory_tracking_node-8]  #### 'pred_corr'..............................................................1 (default)
[trajectory_tracking_node-8]  #### 'ric_alg'................................................................0 (default)
[trajectory_tracking_node-8]  #### =============================================================================
[trajectory_tracking_node-8]  #### =============================================================================
[trajectory_tracking_node-8] 
[trajectory_tracking_node-8]  #### MPC Settings:
[trajectory_tracking_node-8]  #### =============================================================================
[trajectory_tracking_node-8]  #### 'timeHorizon'............................................................2
[trajectory_tracking_node-8]  #### 'solutionTimeWindow'.....................................................2
[trajectory_tracking_node-8]  #### 'coldStart'..............................................................0
[trajectory_tracking_node-8]  #### 'debugPrint'.............................................................0
[trajectory_tracking_node-8]  #### 'mpcDesiredFrequency'..................................................100
[trajectory_tracking_node-8]  #### 'mrtDesiredFrequency'..................................................400
[trajectory_tracking_node-8]  #### =============================================================================
[trajectory_tracking_node-8] 
[trajectory_tracking_node-8]  #### Rollout Settings: 
[trajectory_tracking_node-8]  #### =============================================================================
[trajectory_tracking_node-8]  #### 'AbsTolODE'..........................................................1e-05
[trajectory_tracking_node-8]  #### 'RelTolODE'..........................................................0.001
[trajectory_tracking_node-8]  #### 'maxNumStepsPerSecond'...............................................10000
[trajectory_tracking_node-8]  #### 'timeStep'............................................................0.02
[trajectory_tracking_node-8]  #### 'integratorType'.....................................................ODE45 (default)
[trajectory_tracking_node-8]  #### 'checkNumericalStability'................................................1
[trajectory_tracking_node-8]  #### 'reconstructInputTrajectory'.............................................1 (default)
[trajectory_tracking_node-8]  #### 'rootFindingAlgorithm'...................................................0 (default)
[trajectory_tracking_node-8]  #### 'maxSingleEventIterations'..............................................10 (default)
[trajectory_tracking_node-8]  #### 'useTrajectorySpreadingController'.......................................0 (default)
[trajectory_tracking_node-8]  #### =============================================================================
[trajectory_tracking_node-8] WARNING: Loaded at least one default value in matrix: "Q"
[trajectory_tracking_node-8] WARNING: Loaded at least one default value in matrix: "R"
[trajectory_tracking_node-8] WARNING: Loaded at least one default value in matrix: "Q_final"
[trajectory_tracking_node-8] Q:  
[trajectory_tracking_node-8] 150   0   0   0
[trajectory_tracking_node-8]   0 150   0   0
[trajectory_tracking_node-8]   0   0  60   0
[trajectory_tracking_node-8]   0   0   0  80
[trajectory_tracking_node-8] R:  
[trajectory_tracking_node-8]  1.5    0
[trajectory_tracking_node-8]    0 0.15
[trajectory_tracking_node-8] Qf: 
[trajectory_tracking_node-8] 150   0   0   0
[trajectory_tracking_node-8]   0 150   0   0
[trajectory_tracking_node-8]   0   0  60   0
[trajectory_tracking_node-8]   0   0   0  80
[trajectory_generator_node-6] [Map Build] bev build done
[trajectory_generator_node-6] R.rows 400 R.cols 400
[trajectory_generator_node-6] start topo sample map
[trajectory_generator_node-6] [GridMap] topo_sample_map size: 185
[trajectory_generator_node-6] [GridMap] topo_keypoint size: 1603
[trajectory_tracking_node-8] m_height_bias: 0.0152941 m_height_interval: 1.5 m_height_threshold: 0.08 height_sencond_high_threshold: 0.2
[trajectory_tracking_node-8] map swell done
[trajectory_tracking_node-8] second_heights_points: 10
[trajectory_tracking_node-8] xmax: 0.781 xmin: -0.719 ymax: -3.154 ymin: -5.354
[trajectory_tracking_node-8] [Map Build] bev build done
[trajectory_tracking_node-8] R.rows 400 R.cols 400
[trajectory_tracking_node-8] start topo sample map
[trajectory_tracking_node-8] [GridMap] topo_sample_map size: 185
[trajectory_tracking_node-8] [GridMap] topo_keypoint size: 1603
[rviz_safe-7] [rviz_common:debug] Load pixmap at package://rviz_common/images/splash_overlay.png, at ./src/rviz_common/load_resource.cpp:71
[rviz_safe-7] [rviz_common:debug] Available Renderers(1): OpenGL Rendering Subsystem, at ./src/rviz_rendering/render_system.cpp:301
[rviz_safe-7] [rviz_common:info] Stereo is NOT SUPPORTED, at ./src/rviz_rendering/render_system.cpp:543
[rviz_safe-7] [rviz_common:info] OpenGl version: 4.5 (GLSL 4.5), at ./src/rviz_rendering/render_system.cpp:284
[rviz_safe-7] [rviz_common:debug] Load pixmap at package://rviz_common/icons/plus.png, at ./src/rviz_common/load_resource.cpp:71
[rviz_safe-7] [rviz_common:debug] Load pixmap at package://rviz_common/icons/minus.png, at ./src/rviz_common/load_resource.cpp:71
[rviz_safe-7] [rviz_common:info] Stereo is NOT SUPPORTED, at ./src/rviz_rendering/render_system.cpp:543
[rviz_safe-7] [rviz_common:debug] Load pixmap at package://rviz_default_plugins/icons/classes/TF.svg, at ./src/rviz_common/load_resource.cpp:71
[rviz_safe-7] [rviz_common:debug] Error retrieving file [file:///opt/ros/humble/share/rviz_default_plugins/icons/classes/TF.svg]: Couldn't open file /opt/ros/humble/share/rviz_default_plugins/icons/classes/TF.svg, at ./src/rviz_common/load_resource.cpp:55
[rviz_safe-7] [rviz_common:debug] Load pixmap at package://rviz_default_plugins/icons/classes/TF.png, at ./src/rviz_common/load_resource.cpp:71
[rviz_safe-7] [rviz_common:debug] Load pixmap at package://rviz_common/icons/classes/Identity.svg, at ./src/rviz_common/load_resource.cpp:71
[rviz_safe-7] [rviz_common:debug] Error retrieving file [file:///opt/ros/humble/share/rviz_common/icons/classes/Identity.svg]: Couldn't open file /opt/ros/humble/share/rviz_common/icons/classes/Identity.svg, at ./src/rviz_common/load_resource.cpp:55
[rviz_safe-7] [rviz_common:debug] Load pixmap at package://rviz_common/icons/classes/Identity.png, at ./src/rviz_common/load_resource.cpp:71
[rviz_safe-7] [rviz_common:debug] Error retrieving file [file:///opt/ros/humble/share/rviz_common/icons/classes/Identity.png]: Couldn't open file /opt/ros/humble/share/rviz_common/icons/classes/Identity.png, at ./src/rviz_common/load_resource.cpp:55
[rviz_safe-7] [rviz_common:debug] Load pixmap at package://rviz_common/icons/default_class_icon.png, at ./src/rviz_common/load_resource.cpp:71
[rviz_safe-7] [rviz_common:debug] Load pixmap at package://rviz_common/icons/options.png, at ./src/rviz_common/load_resource.cpp:71
[rviz_safe-7] [rviz_common:debug] Load pixmap at package://rviz_common/icons/ok.png, at ./src/rviz_common/load_resource.cpp:71
[rviz_safe-7] [rviz_common:debug] Load pixmap at package://rviz_common/icons/warning.png, at ./src/rviz_common/load_resource.cpp:71
[rviz_safe-7] [rviz_common:debug] Load pixmap at package://rviz_common/icons/error.png, at ./src/rviz_common/load_resource.cpp:71
[rviz_safe-7] [rviz_common:debug] Load pixmap at package://rviz_default_plugins/icons/classes/Orbit.svg, at ./src/rviz_common/load_resource.cpp:71
[rviz_safe-7] [rviz_common:debug] Error retrieving file [file:///opt/ros/humble/share/rviz_default_plugins/icons/classes/Orbit.svg]: Couldn't open file /opt/ros/humble/share/rviz_default_plugins/icons/classes/Orbit.svg, at ./src/rviz_common/load_resource.cpp:55
[rviz_safe-7] [rviz_common:debug] Load pixmap at package://rviz_default_plugins/icons/classes/Orbit.png, at ./src/rviz_common/load_resource.cpp:71
[rviz_safe-7] [rviz_common:debug] Error retrieving file [file:///opt/ros/humble/share/rviz_default_plugins/icons/classes/Orbit.png]: Couldn't open file /opt/ros/humble/share/rviz_default_plugins/icons/classes/Orbit.png, at ./src/rviz_common/load_resource.cpp:55
[rviz_safe-7] [rviz_common:debug] Load pixmap at package://rviz_common/icons/rotate.svg, at ./src/rviz_common/load_resource.cpp:71
[rviz_safe-7] [rviz_common:debug] Load pixmap at package://rviz_common/icons/cursor.svg, at ./src/rviz_common/load_resource.cpp:71
[rviz_safe-7] [rviz_common:debug] Load pixmap at package://rviz_common/icons/rotate_cam.svg, at ./src/rviz_common/load_resource.cpp:71
[rviz_safe-7] [rviz_common:debug] Load pixmap at package://rviz_common/icons/move2d.svg, at ./src/rviz_common/load_resource.cpp:71
[rviz_safe-7] [rviz_common:debug] Load pixmap at package://rviz_common/icons/move_z.svg, at ./src/rviz_common/load_resource.cpp:71
[rviz_safe-7] [rviz_common:debug] Load pixmap at package://rviz_common/icons/zoom.svg, at ./src/rviz_common/load_resource.cpp:71
[rviz_safe-7] [rviz_common:debug] Load pixmap at package://rviz_common/icons/crosshair.svg, at ./src/rviz_common/load_resource.cpp:71
[rviz_safe-7] [rviz_common:debug] Load pixmap at package://rviz_default_plugins/icons/classes/FocusCamera.svg, at ./src/rviz_common/load_resource.cpp:71
[rviz_safe-7] [rviz_common:debug] Load pixmap at package://rviz_default_plugins/icons/classes/Interact.svg, at ./src/rviz_common/load_resource.cpp:71
[rviz_safe-7] [rviz_common:debug] Error retrieving file [file:///opt/ros/humble/share/rviz_default_plugins/icons/classes/Interact.svg]: Couldn't open file /opt/ros/humble/share/rviz_default_plugins/icons/classes/Interact.svg, at ./src/rviz_common/load_resource.cpp:55
[rviz_safe-7] [rviz_common:debug] Load pixmap at package://rviz_default_plugins/icons/classes/Interact.png, at ./src/rviz_common/load_resource.cpp:71
[rviz_safe-7] [rviz_common:debug] Load pixmap at package://rviz_default_plugins/icons/classes/Measure.svg, at ./src/rviz_common/load_resource.cpp:71
[rviz_safe-7] [rviz_common:debug] Load pixmap at package://rviz_default_plugins/icons/classes/MoveCamera.svg, at ./src/rviz_common/load_resource.cpp:71
[rviz_safe-7] [rviz_common:debug] Error retrieving file [file:///opt/ros/humble/share/rviz_default_plugins/icons/classes/MoveCamera.svg]: Couldn't open file /opt/ros/humble/share/rviz_default_plugins/icons/classes/MoveCamera.svg, at ./src/rviz_common/load_resource.cpp:55
[rviz_safe-7] [rviz_common:debug] Load pixmap at package://rviz_default_plugins/icons/classes/MoveCamera.png, at ./src/rviz_common/load_resource.cpp:71
[rviz_safe-7] [rviz_common:debug] Load pixmap at package://rviz_default_plugins/icons/classes/PublishPoint.svg, at ./src/rviz_common/load_resource.cpp:71
[rviz_safe-7] [rviz_common:debug] Load pixmap at package://rviz_default_plugins/icons/classes/Select.svg, at ./src/rviz_common/load_resource.cpp:71
[rviz_safe-7] [rviz_common:debug] Error retrieving file [file:///opt/ros/humble/share/rviz_default_plugins/icons/classes/Select.svg]: Couldn't open file /opt/ros/humble/share/rviz_default_plugins/icons/classes/Select.svg, at ./src/rviz_common/load_resource.cpp:55
[rviz_safe-7] [rviz_common:debug] Load pixmap at package://rviz_default_plugins/icons/classes/Select.png, at ./src/rviz_common/load_resource.cpp:71
[rviz_safe-7] [rviz_common:debug] Load pixmap at package://rviz_default_plugins/icons/classes/SetGoal.svg, at ./src/rviz_common/load_resource.cpp:71
[rviz_safe-7] [rviz_common:debug] Error retrieving file [file:///opt/ros/humble/share/rviz_default_plugins/icons/classes/SetGoal.svg]: Couldn't open file /opt/ros/humble/share/rviz_default_plugins/icons/classes/SetGoal.svg, at ./src/rviz_common/load_resource.cpp:55
[rviz_safe-7] [rviz_common:debug] Load pixmap at package://rviz_default_plugins/icons/classes/SetGoal.png, at ./src/rviz_common/load_resource.cpp:71
[rviz_safe-7] [rviz_common:debug] Load pixmap at package://rviz_default_plugins/icons/classes/SetInitialPose.svg, at ./src/rviz_common/load_resource.cpp:71
[rviz_safe-7] [rviz_common:debug] Error retrieving file [file:///opt/ros/humble/share/rviz_default_plugins/icons/classes/SetInitialPose.svg]: Couldn't open file /opt/ros/humble/share/rviz_default_plugins/icons/classes/SetInitialPose.svg, at ./src/rviz_common/load_resource.cpp:55
[rviz_safe-7] [rviz_common:debug] Load pixmap at package://rviz_default_plugins/icons/classes/SetInitialPose.png, at ./src/rviz_common/load_resource.cpp:71
[rviz_safe-7] [rviz_common:debug] Load pixmap at package://rviz_default_plugins/icons/classes/Map.svg, at ./src/rviz_common/load_resource.cpp:71
[rviz_safe-7] [rviz_common:debug] Error retrieving file [file:///opt/ros/humble/share/rviz_default_plugins/icons/classes/Map.svg]: Couldn't open file /opt/ros/humble/share/rviz_default_plugins/icons/classes/Map.svg, at ./src/rviz_common/load_resource.cpp:55
[rviz_safe-7] [rviz_common:debug] Load pixmap at package://rviz_default_plugins/icons/classes/Map.png, at ./src/rviz_common/load_resource.cpp:71
[rviz_safe-7] [rviz_common:debug] Load pixmap at package://rviz_default_plugins/icons/classes/Grid.svg, at ./src/rviz_common/load_resource.cpp:71
[rviz_safe-7] [rviz_common:debug] Error retrieving file [file:///opt/ros/humble/share/rviz_default_plugins/icons/classes/Grid.svg]: Couldn't open file /opt/ros/humble/share/rviz_default_plugins/icons/classes/Grid.svg, at ./src/rviz_common/load_resource.cpp:55
[rviz_safe-7] [rviz_common:debug] Load pixmap at package://rviz_default_plugins/icons/classes/Grid.png, at ./src/rviz_common/load_resource.cpp:71
[rviz_safe-7] [rviz_common:debug] Load pixmap at package://rviz_default_plugins/icons/classes/PointCloud2.svg, at ./src/rviz_common/load_resource.cpp:71
[rviz_safe-7] [rviz_common:debug] Error retrieving file [file:///opt/ros/humble/share/rviz_default_plugins/icons/classes/PointCloud2.svg]: Couldn't open file /opt/ros/humble/share/rviz_default_plugins/icons/classes/PointCloud2.svg, at ./src/rviz_common/load_resource.cpp:55
[rviz_safe-7] [rviz_common:debug] Load pixmap at package://rviz_default_plugins/icons/classes/PointCloud2.png, at ./src/rviz_common/load_resource.cpp:71
[rviz_safe-7] [rviz_common:debug] Load pixmap at package://rviz_default_plugins/icons/classes/Pose.svg, at ./src/rviz_common/load_resource.cpp:71
[rviz_safe-7] [rviz_common:debug] Error retrieving file [file:///opt/ros/humble/share/rviz_default_plugins/icons/classes/Pose.svg]: Couldn't open file /opt/ros/humble/share/rviz_default_plugins/icons/classes/Pose.svg, at ./src/rviz_common/load_resource.cpp:55
[rviz_safe-7] [rviz_common:debug] Load pixmap at package://rviz_default_plugins/icons/classes/Pose.png, at ./src/rviz_common/load_resource.cpp:71
[rviz_safe-7] [rviz_common:debug] Load pixmap at package://rviz_default_plugins/icons/classes/Marker.svg, at ./src/rviz_common/load_resource.cpp:71
[rviz_safe-7] [rviz_common:debug] Error retrieving file [file:///opt/ros/humble/share/rviz_default_plugins/icons/classes/Marker.svg]: Couldn't open file /opt/ros/humble/share/rviz_default_plugins/icons/classes/Marker.svg, at ./src/rviz_common/load_resource.cpp:55
[rviz_safe-7] [rviz_common:debug] Load pixmap at package://rviz_default_plugins/icons/classes/Marker.png, at ./src/rviz_common/load_resource.cpp:71
[rviz_safe-7] [rviz_common:debug] Load pixmap at package://rviz_default_plugins/icons/classes/Path.svg, at ./src/rviz_common/load_resource.cpp:71
[rviz_safe-7] [rviz_common:debug] Error retrieving file [file:///opt/ros/humble/share/rviz_default_plugins/icons/classes/Path.svg]: Couldn't open file /opt/ros/humble/share/rviz_default_plugins/icons/classes/Path.svg, at ./src/rviz_common/load_resource.cpp:55
[rviz_safe-7] [rviz_common:debug] Load pixmap at package://rviz_default_plugins/icons/classes/Path.png, at ./src/rviz_common/load_resource.cpp:71
[rviz_safe-7] [rviz_common:debug] Load pixmap at package://rviz_default_plugins/icons/classes/Intensity.svg, at ./src/rviz_common/load_resource.cpp:71
[rviz_safe-7] [rviz_common:debug] Error retrieving file [file:///opt/ros/humble/share/rviz_default_plugins/icons/classes/Intensity.svg]: Couldn't open file /opt/ros/humble/share/rviz_default_plugins/icons/classes/Intensity.svg, at ./src/rviz_common/load_resource.cpp:55
[rviz_safe-7] [rviz_common:debug] Load pixmap at package://rviz_default_plugins/icons/classes/Intensity.png, at ./src/rviz_common/load_resource.cpp:71
[rviz_safe-7] [rviz_common:debug] Error retrieving file [file:///opt/ros/humble/share/rviz_default_plugins/icons/classes/Intensity.png]: Couldn't open file /opt/ros/humble/share/rviz_default_plugins/icons/classes/Intensity.png, at ./src/rviz_common/load_resource.cpp:55
[rviz_safe-7] [rviz_common:debug] Load pixmap at package://rviz_default_plugins/icons/classes/FlatColor.svg, at ./src/rviz_common/load_resource.cpp:71
[rviz_safe-7] [rviz_common:debug] Error retrieving file [file:///opt/ros/humble/share/rviz_default_plugins/icons/classes/FlatColor.svg]: Couldn't open file /opt/ros/humble/share/rviz_default_plugins/icons/classes/FlatColor.svg, at ./src/rviz_common/load_resource.cpp:55
[rviz_safe-7] [rviz_common:debug] Load pixmap at package://rviz_default_plugins/icons/classes/FlatColor.png, at ./src/rviz_common/load_resource.cpp:71
[rviz_safe-7] [rviz_common:debug] Error retrieving file [file:///opt/ros/humble/share/rviz_default_plugins/icons/classes/FlatColor.png]: Couldn't open file /opt/ros/humble/share/rviz_default_plugins/icons/classes/FlatColor.png, at ./src/rviz_common/load_resource.cpp:55
[rviz_safe-7] [rviz_common:debug] Load pixmap at package://rviz_default_plugins/icons/classes/XYZ.svg, at ./src/rviz_common/load_resource.cpp:71
[rviz_safe-7] [rviz_common:debug] Error retrieving file [file:///opt/ros/humble/share/rviz_default_plugins/icons/classes/XYZ.svg]: Couldn't open file /opt/ros/humble/share/rviz_default_plugins/icons/classes/XYZ.svg, at ./src/rviz_common/load_resource.cpp:55
[ign-1] [1;33m[GUI] [Wrn] [Application.cc:802] [0m[1;33m[QT] file::/Gazebo/GazeboDrawer.qml:242:3: QML Connections: Implicitly defined onFoo properties in Connections are deprecated. Use this syntax instead: function onFoo(<arguments>) { ... }[0m[1;33m[0m
[sim_adapter.py-3] [INFO] [1790450293.252018343] [sentry_sim_adapter]: Ideal planar simulator: 0.5 s wall-time watchdog, 50 Hz feedback
[ign-1] [1;33m[GUI] [Wrn] [Application.cc:802] [0m[1;33m[QT] file::/WorldStats/WorldStats.qml:53:3: QML RowLayout: Binding loop detected for property "x"[0m[1;33m[0m
[rviz_safe-7] [rviz_common:error] Vertex Program:rviz/glsl120/indexed_8bit_image.vert Fragment Program:rviz/glsl120/indexed_8bit_image.frag GLSL link result : 
[rviz_safe-7] active samplers with a different type refer to the same texture image unit, at ./src/rviz_rendering/ogre_logging.cpp:70
[parameter_bridge-2] [INFO] [1790450293.508531338] [sentry_gazebo_bridge]: Creating GZ->ROS Bridge: [/clock (ignition.msgs.Clock) -> /clock (rosgraph_msgs/msg/Clock)] (Lazy 0)
[parameter_bridge-2] [INFO] [1790450293.518533151] [sentry_gazebo_bridge]: Creating ROS->GZ Bridge: [/sim/guarded_cmd_vel (geometry_msgs/msg/Twist) -> /model/sentry/cmd_vel (ignition.msgs.Twist)] (Lazy 0)
[parameter_bridge-2] [INFO] [1790450293.520689520] [sentry_gazebo_bridge]: Creating GZ->ROS Bridge: [/model/sentry/odometry (ignition.msgs.Odometry) -> /sim/ground_truth/odometry (nav_msgs/msg/Odometry)] (Lazy 0)
[parameter_bridge-2] [INFO] [1790450293.524434489] [sentry_gazebo_bridge]: Creating GZ->ROS Bridge: [/sentry/lidar/points (ignition.msgs.PointCloudPacked) -> /sim/lidar/native (sensor_msgs/msg/PointCloud2)] (Lazy 0)
[parameter_bridge-2] [INFO] [1790450293.532907351] [sentry_gazebo_bridge]: Passing message from ROS geometry_msgs/msg/Twist to Gazebo gz.msgs.Twist (showing msg only once per type)
[ign-1] libEGL warning: Not allowed to force software rendering when API explicitly selects a hardware device.
[python3-11] Visible simulation windows arranged: gazebo,rviz
[INFO] [python3-11]: process has finished cleanly [pid 55800]
[ign-1] [1;33m[GUI] [Wrn] [Ogre2RenderTarget.cc:574] [0m[1;33mAnti-aliasing level of '[0m[1;33m8[0m[1;33m' [0m[1;33mis not supported; valid FSAA levels are: [0m[1;33m[ 0 4 ][0m[1;33m. Setting to 0[0m[1;33m[0m
[ign-1] [1;32m[Msg] [0m[1;32mReceived world [[0m[1;32m/home/liangys/RM_Sentry_2026/ros2_ws/install_sentry_autonomy/sentry_gazebo/share/sentry_gazebo/worlds/planning.sdf[0m[1;32m] from the GUI.[0m[1;32m[0m
[ign-1] [1;32m[Msg] [0m[1;32mIgnition Gazebo Server v[0m[1;32m6.18.0[0m[1;32m[0m
[ign-1] [1;32m[Msg] [0m[1;32mLoading SDF world file[[0m[1;32m/home/liangys/RM_Sentry_2026/ros2_ws/install_sentry_autonomy/sentry_gazebo/share/sentry_gazebo/worlds/planning.sdf[0m[1;32m].[0m
[ign-1] [1;32m[Msg] [0m[1;32mServing entity system service on [[0m[1;32m/[0m[1;32mentity/system/add[0m[1;32m][0m[1;32m[0m
[ign-1] [1;32m[Msg] [0m[1;32mCreate service on [[0m[1;32m/world/sentry_planning/create[0m[1;32m][0m[1;32m[0m
[ign-1] [1;32m[Msg] [0m[1;32mRemove service on [[0m[1;32m/world/sentry_planning/remove[0m[1;32m][0m[1;32m[0m
[ign-1] [1;32m[Msg] [0m[1;32mPose service on [[0m[1;32m/world/sentry_planning/set_pose[0m[1;32m][0m[1;32m[0m
[ign-1] [1;32m[Msg] [0m[1;32mPose service on [[0m[1;32m/world/sentry_planning/set_pose_vector[0m[1;32m][0m[1;32m[0m
[ign-1] [1;32m[Msg] [0m[1;32mLight configuration service on [[0m[1;32m/world/sentry_planning/light_config[0m[1;32m][0m[1;32m[0m
[ign-1] [1;32m[Msg] [0m[1;32mPhysics service on [[0m[1;32m/world/sentry_planning/set_physics[0m[1;32m][0m[1;32m[0m
[ign-1] [1;32m[Msg] [0m[1;32mSphericalCoordinates service on [[0m[1;32m/world/sentry_planning/set_spherical_coordinates[0m[1;32m][0m[1;32m[0m
[ign-1] [1;32m[Msg] [0m[1;32mEnable collision service on [[0m[1;32m/world/sentry_planning/enable_collision[0m[1;32m][0m[1;32m[0m
[ign-1] [1;32m[Msg] [0m[1;32mDisable collision service on [[0m[1;32m/world/sentry_planning/disable_collision[0m[1;32m][0m[1;32m[0m
[ign-1] [1;32m[Msg] [0m[1;32mMaterial service on [[0m[1;32m/world/sentry_planning/visual_config[0m[1;32m][0m[1;32m[0m
[ign-1] [1;32m[Msg] [0m[1;32mMaterial service on [[0m[1;32m/world/sentry_planning/wheel_slip[0m[1;32m][0m[1;32m[0m
[ign-1] [1;32m[Msg] [0m[1;32mVelocityControl subscribing to twist messages on [[0m[1;32m/model/sentry/cmd_vel[0m[1;32m][0m[1;32m[0m
[ign-1] [1;32m[Msg] [0m[1;32mOdometryPublisher publishing odometry on [[0m[1;32m/model/sentry/odometry[0m[1;32m][0m[1;32m[0m
[ign-1] [1;32m[Msg] [0m[1;32mOdometryPublisher publishing odometry with covariance on [[0m[1;32m/model/sentry/odometry_with_covariance[0m[1;32m][0m[1;32m[0m
[ign-1] [1;32m[Msg] [0m[1;32mOdometryPublisher publishing Pose_V (TF) on [[0m[1;32m/model/sentry/pose[0m[1;32m][0m[1;32m[0m
[ign-1] [1;32m[Msg] [0m[1;32mLoaded level [[0m[1;32m3[0m[1;32m][0m[1;32m[0m
[ign-1] [1;32m[Msg] [0m[1;32mServing world controls on [[0m[1;32m/world/sentry_planning[0m[1;32m/control], [[0m[1;32m/world/sentry_planning[0m[1;32m/control/state] and [[0m[1;32m/world/sentry_planning[0m[1;32m/playback/control][0m[1;32m[0m
[ign-1] [1;32m[Msg] [0m[1;32mServing GUI information on [[0m[1;32m/world/sentry_planning[0m[1;32m/[0m[1;32mgui/info[0m[1;32m][0m[1;32m[0m
[ign-1] [1;32m[Msg] [0m[1;32mWorld [[0m[1;32msentry_planning[0m[1;32m] initialized with [[0m[1;32mfixed_step[0m[1;32m] physics profile.[0m[1;32m[0m
[ign-1] [1;32m[Msg] [0m[1;32mServing world SDF generation service on [[0m[1;32m/world/sentry_planning[0m[1;32m/[0m[1;32mgenerate_world_sdf[0m[1;32m][0m[1;32m[0m
[ign-1] [1;32m[Msg] [0m[1;32mServing world names on [[0m[1;32m/gazebo/worlds[0m[1;32m][0m[1;32m[0m
[ign-1] [1;32m[Msg] [0m[1;32mResource path add service on [[0m[1;32m/gazebo/resource_paths/add[0m[1;32m].[0m[1;32m[0m
[ign-1] [1;32m[Msg] [0m[1;32mResource path get service on [[0m[1;32m/gazebo/resource_paths/get[0m[1;32m].[0m[1;32m[0m
[ign-1] [1;32m[Msg] [0m[1;32mResource path resolve service on [[0m[1;32m/gazebo/resource_paths/resolve[0m[1;32m].[0m[1;32m[0m
[ign-1] [1;32m[Msg] [0m[1;32mResource paths published on [[0m[1;32m/gazebo/resource_paths[0m[1;32m].[0m[1;32m[0m
[ign-1] [1;32m[Msg] [0m[1;32mServer control service on [[0m[1;32m/server_control[0m[1;32m].[0m[1;32m[0m
[ign-1] [1;32m[Msg] [0m[1;32mFound no publishers on /stats, adding root stats topic[0m[1;32m[0m
[ign-1] libEGL warning: Not allowed to force software rendering when API explicitly selects a hardware device.
[trajectory_tracking_node-8] [WARN] [1790450297.104775385] [trajectory_tracking]: trajectory tracking stopped: no valid trajectory
[rviz_safe-7] [rviz_common:debug] Load pixmap at package://rviz_default_plugins/icons/classes/XYZ.png, at ./src/rviz_common/load_resource.cpp:71
[rviz_safe-7] [rviz_common:debug] Error retrieving file [file:///opt/ros/humble/share/rviz_default_plugins/icons/classes/XYZ.png]: Couldn't open file /opt/ros/humble/share/rviz_default_plugins/icons/classes/XYZ.png, at ./src/rviz_common/load_resource.cpp:55
[rviz_safe-7] [rviz_common:debug] Load pixmap at package://rviz_default_plugins/icons/classes/AxisColor.svg, at ./src/rviz_common/load_resource.cpp:71
[rviz_safe-7] [rviz_common:debug] Error retrieving file [file:///opt/ros/humble/share/rviz_default_plugins/icons/classes/AxisColor.svg]: Couldn't open file /opt/ros/humble/share/rviz_default_plugins/icons/classes/AxisColor.svg, at ./src/rviz_common/load_resource.cpp:55
[rviz_safe-7] [rviz_common:debug] Load pixmap at package://rviz_default_plugins/icons/classes/AxisColor.png, at ./src/rviz_common/load_resource.cpp:71
[rviz_safe-7] [rviz_common:debug] Error retrieving file [file:///opt/ros/humble/share/rviz_default_plugins/icons/classes/AxisColor.png]: Couldn't open file /opt/ros/humble/share/rviz_default_plugins/icons/classes/AxisColor.png, at ./src/rviz_common/load_resource.cpp:55
[rviz_safe-7] [rviz_common:debug] Load pixmap at package://rviz_default_plugins/icons/classes/RGB8.svg, at ./src/rviz_common/load_resource.cpp:71
[rviz_safe-7] [rviz_common:debug] Error retrieving file [file:///opt/ros/humble/share/rviz_default_plugins/icons/classes/RGB8.svg]: Couldn't open file /opt/ros/humble/share/rviz_default_plugins/icons/classes/RGB8.svg, at ./src/rviz_common/load_resource.cpp:55
[rviz_safe-7] [rviz_common:debug] Load pixmap at package://rviz_default_plugins/icons/classes/RGB8.png, at ./src/rviz_common/load_resource.cpp:71
[rviz_safe-7] [rviz_common:debug] Error retrieving file [file:///opt/ros/humble/share/rviz_default_plugins/icons/classes/RGB8.png]: Couldn't open file /opt/ros/humble/share/rviz_default_plugins/icons/classes/RGB8.png, at ./src/rviz_common/load_resource.cpp:55
[rviz_safe-7] [rviz_common:debug] Load pixmap at package://rviz_default_plugins/icons/classes/RGBF32.svg, at ./src/rviz_common/load_resource.cpp:71
[rviz_safe-7] [rviz_common:debug] Error retrieving file [file:///opt/ros/humble/share/rviz_default_plugins/icons/classes/RGBF32.svg]: Couldn't open file /opt/ros/humble/share/rviz_default_plugins/icons/classes/RGBF32.svg, at ./src/rviz_common/load_resource.cpp:55
[rviz_safe-7] [rviz_common:debug] Load pixmap at package://rviz_default_plugins/icons/classes/RGBF32.png, at ./src/rviz_common/load_resource.cpp:71
[rviz_safe-7] [rviz_common:debug] Error retrieving file [file:///opt/ros/humble/share/rviz_default_plugins/icons/classes/RGBF32.png]: Couldn't open file /opt/ros/humble/share/rviz_default_plugins/icons/classes/RGBF32.png, at ./src/rviz_common/load_resource.cpp:55
[rviz_safe-7] [rviz_common:debug] Load pixmap at package://rviz_common/icons/classes/Displays.svg, at ./src/rviz_common/load_resource.cpp:71
[rviz_safe-7] [rviz_common:debug] Load pixmap at package://rviz_common/icons/close.png, at ./src/rviz_common/load_resource.cpp:71
[rviz_safe-7] [rviz_common:debug] Received a 400 X 400 map @ 0.05m/pix
[rviz_safe-7] , at ./src/rviz_default_plugins/displays/map/map_display.cpp:520
[rviz_safe-7] [rviz_common:info] Trying to create a map of size 400 x 400 using 1 swatches, at ./src/rviz_default_plugins/displays/map/map_display.cpp:399
[trajectory_tracking_node-8] [WARN] [1790450299.103503786] [trajectory_tracking]: trajectory tracking stopped: no valid trajectory
[trajectory_tracking_node-8] [WARN] [1790450301.103270913] [trajectory_tracking]: trajectory tracking stopped: no valid trajectory
[trajectory_tracking_node-8] [WARN] [1790450303.103964810] [trajectory_tracking]: trajectory tracking stopped: no valid trajectory
[trajectory_tracking_node-8] [WARN] [1790450305.102453981] [trajectory_tracking]: trajectory tracking stopped: no valid trajectory
[trajectory_tracking_node-8] [WARN] [1790450307.104861587] [trajectory_tracking]: trajectory tracking stopped: no valid trajectory
[trajectory_tracking_node-8] [WARN] [1790450309.106395158] [trajectory_tracking]: trajectory tracking stopped: no valid trajectory
[trajectory_tracking_node-8] [WARN] [1790450311.190166710] [trajectory_tracking]: trajectory tracking stopped: no valid trajectory
[trajectory_generator_node-6] [INFO] [1790450311.333799363] [trajectory_generation]: FSM accepted manual goal goal=(-3.22, 2.15, 0.02)
[trajectory_generator_node-6] [Manager] start point, (x, y): (-0.92, -4.45)
[trajectory_generator_node-6] [Manager] receive target, (x, y): (-3.22, 2.15)
[trajectory_generator_node-6] [Topo]: m_graph before num: 1605
[trajectory_generator_node-6] [Topo]: dijkstra time: 0.015877
[trajectory_generator_node-6] [Topo]: topo search time: 0.454491
[trajectory_generator_node-6] [Topo]: m_graph num: 2546
[trajectory_generator_node-6] [DIAG] origin_path (Dijkstra) size: 3
[trajectory_generator_node-6] [DIAG]   origin[0]: (-0.919, -4.454, 0.015)
[trajectory_generator_node-6] [DIAG]   origin[1]: (-6.269, -0.554, 0.015)
[trajectory_generator_node-6] [DIAG]   origin[2]: (-3.219, 2.146, 0.015)
[trajectory_generator_node-6] [DIAG] lineVisib(start→end DIRECT): false  colli=(-1.52,-2.75)
[trajectory_generator_node-6] [DIAG] direct line: 139 steps, 98 wall cells
[trajectory_generator_node-6] [smoothTopoPath] INPUT size=3
[trajectory_generator_node-6] [smoothTopoPath]   in[0]: (-0.919, -4.454, 0.015)
[trajectory_generator_node-6] [smoothTopoPath]   in[1]: (-6.269, -0.554, 0.015)
[trajectory_generator_node-6] [smoothTopoPath]   in[2]: (-3.219, 2.146, 0.015)
[trajectory_generator_node-6] [smoothTopoPath] lineVisib(start→end): false  colli=(-1.52,-2.75)
[trajectory_generator_node-6] [smoothTopoPath] OUTPUT size=4, iter_count=3
[trajectory_generator_node-6] [smoothTopoPath]   out[0]: (-0.919, -4.454, 0.015)
[trajectory_generator_node-6] [smoothTopoPath]   out[1]: (-6.374, -0.727, 0.015)
[trajectory_generator_node-6] [smoothTopoPath]   out[2]: (-6.073, 0.018, 0.015)
[trajectory_generator_node-6] [smoothTopoPath]   out[3]: (-3.219, 2.146, 0.015)
[trajectory_generator_node-6] [DIAG] optimized_path (smoothTopoPath) size: 4
[trajectory_generator_node-6] [DIAG]   opt[0]: (-0.919, -4.454, 0.015)
[trajectory_generator_node-6] [DIAG]   opt[1]: (-6.374, -0.727, 0.015)
[trajectory_generator_node-6] [DIAG]   opt[2]: (-6.073, 0.018, 0.015)
[trajectory_generator_node-6] [DIAG]   opt[3]: (-3.219, 2.146, 0.015)
[trajectory_generator_node-6] [Manager] reference_speed: (0.30)
[trajectory_generator_node-6] optimized_path size: 4
[trajectory_generator_node-6] [LBFGS] search direction d: -0.000130079  0.000395384 -0.000205583 -3.42286e-05  0.000131416 -0.000142127  0.000108761 -6.91499e-05  3.80828e-05 -1.76209e-05  4.71639e-06  4.74339e-06 -1.42591e-05  2.56937e-05 -3.75721e-05  4.20989e-05 -2.19822e-05 -4.70228e-05   0.00017482 -0.000322135  0.000417389 -0.000117527 -0.000246515  -5.7301e-05  9.07054e-05 -0.000346209  3.25411e-05 -0.000232079   0.00013927 -6.16148e-05 -5.01318e-07  8.30769e-05 -0.000205309  0.000116839 -0.000178849  0.000589032  7.33031e-05  -0.00024766  0.000111771  2.59993e-05  -0.00011797  0.000117854 -8.66529e-05  5.30236e-05 -2.80847e-05  1.30125e-05 -5.28146e-06  2.07367e-06 -1.44458e-06  2.38094e-06  -4.3989e-06  6.81334e-06 -7.55286e-06  1.81673e-06   1.8967e-05  -6.7124e-05  0.000159084  0.000181708 -0.000325652 -9.84133e-05  0.000106378 -0.000154583  0.000119769 -0.000188421  0.000143326  -6.7347e-05 -3.14316e-05  0.000124065 -0.000128047  0.000105492  2.68979e-05  0.000528114    0.0526067  -0.00687421   0.00275135 -0.000545916  0.000149516 -3.04932e-05  1.34544e-05  -5.1357e-06   3.6833e-06 -2.04216e-06  1.09353e-06  -3.3874e-07 -1.55863e-07   4.8316e-07  -5.9197e-07  1.62427e-06 -8.34975e-06  5.08716e-05 -0.000231791  0.000975321  -0.00284805    0.0083892   0.00645327  -0.00291219   0.00782179  -0.00310222   0.00447023  -0.00124744  0.000650783 -0.000140142  3.24301e-05  3.06471e-05  -4.3604e-05  0.000378168   0.00165793   0.00112624      0.10296
[trajectory_generator_node-6] [Smooth Optimize] MINCO reaches max evaluations: Line search reaches the maximum try number, assumptions not satisfied or precision not achievable.
[trajectory_generator_node-6] [Smooth Optimize] MINCO: cost=0.7 total_T=39.391(init 36.522) max_drift=0.104 max_vel=0.4 segs=37
[trajectory_generator_node-6] [Smooth Resample] resample
[trajectory_generator_node-6] [Smooth Resample] 38 -> 20 waypoints, 19 time segs, max_turn=82.5 deg
[trajectory_generator_node-6] [Manager] optimizer generate time: 0.005037
[trajectory_generator_node-6] [Reference] path size : 20
[trajectory_generator_node-6] [Reference] solvePolyMatrix ENTER: N=19, path_size=20, trap_time_size=19
[trajectory_generator_node-6] [Reference]   path[0]=(-0.9190,-4.4540) path[1]=(-1.4107,-4.1181) t[0]=2.847697 state_vel=(0.0000,0.0000)
[trajectory_generator_node-6] [Reference] banded solve done. b[0]=-0.189249 b[N]=-0.091369 b2[0]=0.128508 b2[N]=0.011785
[trajectory_generator_node-6] [Reference] solvePolyMatrix EXIT: polyX[0]=[0.011938 -0.094624 -0.000000 -0.919000]
[trajectory_generator_node-6] [INFO] [1790450311.805307603] [trajectory_generation]: FSM published 19 trajectory pieces
[cloud_adapter.py-4] [WARN] [1790450312.937183002] [sentry_cloud_adapter]: Dropped lidar frame: no TF at measurement time
[trajectory_tracking_node-8] [WARN] [1790450313.755693677] [trajectory_tracking]: trajectory tracking stopped: no valid trajectory
[trajectory_tracking_node-8] [WARN] [1790450315.753266433] [trajectory_tracking]: trajectory tracking stopped: no valid trajectory
[trajectory_tracking_node-8] [WARN] [1790450317.746176515] [trajectory_tracking]: trajectory tracking stopped: no valid trajectory
[trajectory_tracking_node-8] [WARN] [1790450319.752374960] [trajectory_tracking]: trajectory tracking stopped: no valid trajectory
[trajectory_tracking_node-8] [WARN] [1790450321.754451452] [trajectory_tracking]: trajectory tracking stopped: no valid trajectory
[trajectory_tracking_node-8] [WARN] [1790450323.762674982] [trajectory_tracking]: trajectory tracking stopped: no valid trajectory
[trajectory_tracking_node-8] [WARN] [1790450325.763675954] [trajectory_tracking]: trajectory tracking stopped: no valid trajectory
[trajectory_tracking_node-8] [WARN] [1790450327.765173535] [trajectory_tracking]: trajectory tracking stopped: no valid trajectory
[trajectory_tracking_node-8] [WARN] [1790450329.763161526] [trajectory_tracking]: trajectory tracking stopped: no valid trajectory
[trajectory_tracking_node-8] [WARN] [1790450331.763897265] [trajectory_tracking]: trajectory tracking stopped: no valid trajectory
[trajectory_tracking_node-8] [WARN] [1790450333.764337088] [trajectory_tracking]: trajectory tracking stopped: no valid trajectory
[trajectory_tracking_node-8] [WARN] [1790450335.765288587] [trajectory_tracking]: trajectory tracking stopped: no valid trajectory
[trajectory_tracking_node-8] [WARN] [1790450337.762417875] [trajectory_tracking]: trajectory tracking stopped: no valid trajectory
[trajectory_tracking_node-8] [WARN] [1790450339.765708646] [trajectory_tracking]: trajectory tracking stopped: no valid trajectory
[trajectory_tracking_node-8] [WARN] [1790450341.772613165] [trajectory_tracking]: trajectory tracking stopped: no valid trajectory
[trajectory_tracking_node-8] [WARN] [1790450343.784548695] [trajectory_tracking]: trajectory tracking stopped: no valid trajectory
[trajectory_tracking_node-8] [WARN] [1790450345.784506604] [trajectory_tracking]: trajectory tracking stopped: no valid trajectory
[trajectory_tracking_node-8] [WARN] [1790450347.794997149] [trajectory_tracking]: trajectory tracking stopped: no valid trajectory
[trajectory_tracking_node-8] [WARN] [1790450349.810712118] [trajectory_tracking]: trajectory tracking stopped: no valid trajectory
[trajectory_tracking_node-8] [WARN] [1790450351.804987018] [trajectory_tracking]: trajectory tracking stopped: no valid trajectory
[trajectory_tracking_node-8] [WARN] [1790450353.806890042] [trajectory_tracking]: trajectory tracking stopped: no valid trajectory
[trajectory_tracking_node-8] [WARN] [1790450355.808626131] [trajectory_tracking]: trajectory tracking stopped: no valid trajectory
[trajectory_tracking_node-8] [WARN] [1790450357.805594376] [trajectory_tracking]: trajectory tracking stopped: no valid trajectory
[trajectory_tracking_node-8] [WARN] [1790450359.804809576] [trajectory_tracking]: trajectory tracking stopped: no valid trajectory
[trajectory_tracking_node-8] [WARN] [1790450361.804909012] [trajectory_tracking]: trajectory tracking stopped: no valid trajectory
[trajectory_tracking_node-8] [WARN] [1790450363.807516098] [trajectory_tracking]: trajectory tracking stopped: no valid trajectory
[trajectory_tracking_node-8] [WARN] [1790450365.805864006] [trajectory_tracking]: trajectory tracking stopped: no valid trajectory
[trajectory_tracking_node-8] [WARN] [1790450367.816491200] [trajectory_tracking]: trajectory tracking stopped: no valid trajectory
[trajectory_tracking_node-8] [WARN] [1790450369.820562181] [trajectory_tracking]: trajectory tracking stopped: no valid trajectory
[trajectory_tracking_node-8] [WARN] [1790450371.819537349] [trajectory_tracking]: trajectory tracking stopped: no valid trajectory
[trajectory_tracking_node-8] [WARN] [1790450373.824805206] [trajectory_tracking]: trajectory tracking stopped: no valid trajectory
[trajectory_tracking_node-8] [WARN] [1790450375.816902694] [trajectory_tracking]: trajectory tracking stopped: no valid trajectory
[trajectory_tracking_node-8] [WARN] [1790450377.818333265] [trajectory_tracking]: trajectory tracking stopped: no valid trajectory
[trajectory_tracking_node-8] [WARN] [1790450379.821807102] [trajectory_tracking]: trajectory tracking stopped: no valid trajectory
[trajectory_tracking_node-8] [WARN] [1790450381.911232954] [trajectory_tracking]: trajectory tracking stopped: no valid trajectory
[trajectory_tracking_node-8] [WARN] [1790450383.916338928] [trajectory_tracking]: trajectory tracking stopped: no valid trajectory
[trajectory_generator_node-6] [INFO] [1790450383.974620148] [trajectory_generation]: FSM accepted manual goal goal=(-3.22, 2.15, 0.02)
[trajectory_generator_node-6] [Manager] start point, (x, y): (-0.92, -4.45)
[trajectory_generator_node-6] [Manager] receive target, (x, y): (-3.22, 2.15)
[trajectory_generator_node-6] [Topo]: m_graph before num: 1605
[trajectory_generator_node-6] [Topo]: dijkstra time: 0.021221
[trajectory_generator_node-6] [Topo]: topo search time: 0.437542
[trajectory_generator_node-6] [Topo]: m_graph num: 2544
[trajectory_generator_node-6] [DIAG] origin_path (Dijkstra) size: 3
[trajectory_generator_node-6] [DIAG]   origin[0]: (-0.919, -4.454, 0.015)
[trajectory_generator_node-6] [DIAG]   origin[1]: (-6.269, -0.554, 0.015)
[trajectory_generator_node-6] [DIAG]   origin[2]: (-3.219, 2.146, 0.015)
[trajectory_generator_node-6] [DIAG] lineVisib(start→end DIRECT): false  colli=(-1.52,-2.75)
[trajectory_generator_node-6] [DIAG] direct line: 139 steps, 98 wall cells
[trajectory_generator_node-6] [smoothTopoPath] INPUT size=3
[trajectory_generator_node-6] [smoothTopoPath]   in[0]: (-0.919, -4.454, 0.015)
[trajectory_generator_node-6] [smoothTopoPath]   in[1]: (-6.269, -0.554, 0.015)
[trajectory_generator_node-6] [smoothTopoPath]   in[2]: (-3.219, 2.146, 0.015)
[trajectory_generator_node-6] [smoothTopoPath] lineVisib(start→end): false  colli=(-1.52,-2.75)
[trajectory_generator_node-6] [smoothTopoPath] OUTPUT size=4, iter_count=3
[trajectory_generator_node-6] [smoothTopoPath]   out[0]: (-0.919, -4.454, 0.015)
[trajectory_generator_node-6] [smoothTopoPath]   out[1]: (-6.374, -0.727, 0.015)
[trajectory_generator_node-6] [smoothTopoPath]   out[2]: (-6.073, 0.018, 0.015)
[trajectory_generator_node-6] [smoothTopoPath]   out[3]: (-3.219, 2.146, 0.015)
[trajectory_generator_node-6] [DIAG] optimized_path (smoothTopoPath) size: 4
[trajectory_generator_node-6] [DIAG]   opt[0]: (-0.919, -4.454, 0.015)
[trajectory_generator_node-6] [DIAG]   opt[1]: (-6.374, -0.727, 0.015)
[trajectory_generator_node-6] [DIAG]   opt[2]: (-6.073, 0.018, 0.015)
[trajectory_generator_node-6] [DIAG]   opt[3]: (-3.219, 2.146, 0.015)
[trajectory_generator_node-6] optimized_path size: 4
[trajectory_generator_node-6] [Manager] reference_speed: (0.30)
[trajectory_generator_node-6] [LBFGS] search direction d: -0.000130079  0.000395384 -0.000205583 -3.42286e-05  0.000131416 -0.000142127  0.000108761 -6.91499e-05  3.80828e-05 -1.76209e-05  4.71639e-06  4.74339e-06 -1.42591e-05  2.56937e-05 -3.75721e-05  4.20989e-05 -2.19822e-05 -4.70228e-05   0.00017482 -0.000322135  0.000417389 -0.000117527 -0.000246515  -5.7301e-05  9.07054e-05 -0.000346209  3.25411e-05 -0.000232079   0.00013927 -6.16148e-05 -5.01318e-07  8.30769e-05 -0.000205309  0.000116839 -0.000178849  0.000589032  7.33031e-05  -0.00024766  0.000111771  2.59993e-05  -0.00011797  0.000117854 -8.66529e-05  5.30236e-05 -2.80847e-05  1.30125e-05 -5.28146e-06  2.07367e-06 -1.44458e-06  2.38094e-06  -4.3989e-06  6.81334e-06 -7.55286e-06  1.81673e-06   1.8967e-05  -6.7124e-05  0.000159084  0.000181708 -0.000325652 -9.84133e-05  0.000106378 -0.000154583  0.000119769 -0.000188421  0.000143326  -6.7347e-05 -3.14316e-05  0.000124065 -0.000128047  0.000105492  2.68979e-05  0.000528114    0.0526067  -0.00687421   0.00275135 -0.000545916  0.000149516 -3.04932e-05  1.34544e-05  -5.1357e-06   3.6833e-06 -2.04216e-06  1.09353e-06  -3.3874e-07 -1.55863e-07   4.8316e-07  -5.9197e-07  1.62427e-06 -8.34975e-06  5.08716e-05 -0.000231791  0.000975321  -0.00284805    0.0083892   0.00645327  -0.00291219   0.00782179  -0.00310222   0.00447023  -0.00124744  0.000650783 -0.000140142  3.24301e-05  3.06471e-05  -4.3604e-05  0.000378168   0.00165793   0.00112624      0.10296
[trajectory_generator_node-6] [Smooth Optimize] MINCO reaches max evaluations: Line search reaches the maximum try number, assumptions not satisfied or precision not achievable.
[trajectory_generator_node-6] [Smooth Optimize] MINCO: cost=0.7 total_T=39.391(init 36.522) max_drift=0.104 max_vel=0.4 segs=37
[trajectory_generator_node-6] [Smooth Resample] resample
[trajectory_generator_node-6] [Smooth Resample] 38 -> 20 waypoints, 19 time segs, max_turn=82.5 deg
[trajectory_generator_node-6] [Manager] optimizer generate time: 0.005030
[trajectory_generator_node-6] [Reference] path size : 20
[trajectory_generator_node-6] [Reference] solvePolyMatrix ENTER: N=19, path_size=20, trap_time_size=19
[trajectory_generator_node-6] [Reference]   path[0]=(-0.9190,-4.4540) path[1]=(-1.4107,-4.1181) t[0]=2.847697 state_vel=(0.0000,0.0000)
[trajectory_generator_node-6] [Reference] banded solve done. b[0]=-0.189249 b[N]=-0.091369 b2[0]=0.128508 b2[N]=0.011785
[trajectory_generator_node-6] [Reference] solvePolyMatrix EXIT: polyX[0]=[0.011938 -0.094624 -0.000000 -0.919000]
[trajectory_generator_node-6] [INFO] [1790450384.445098904] [trajectory_generation]: FSM published 19 trajectory pieces
[trajectory_tracking_node-8] [WARN] [1790450385.919036303] [trajectory_tracking]: trajectory tracking stopped: no valid trajectory
[trajectory_tracking_node-8] [WARN] [1790450387.921503247] [trajectory_tracking]: trajectory tracking stopped: no valid trajectory
[trajectory_tracking_node-8] [WARN] [1790450390.022954303] [trajectory_tracking]: trajectory tracking stopped: no valid trajectory
[trajectory_tracking_node-8] [WARN] [1790450392.028489878] [trajectory_tracking]: trajectory tracking stopped: no valid trajectory
[trajectory_generator_node-6] [INFO] [1790450392.133196168] [trajectory_generation]: FSM accepted manual goal goal=(-3.22, 2.15, 0.02)
[trajectory_generator_node-6] [Manager] start point, (x, y): (-0.92, -4.45)
[trajectory_generator_node-6] [Manager] receive target, (x, y): (-3.22, 2.15)
[trajectory_generator_node-6] [Topo]: m_graph before num: 1605
[trajectory_generator_node-6] [Topo]: dijkstra time: 0.017686
[trajectory_generator_node-6] [Topo]: topo search time: 0.465434
[trajectory_generator_node-6] [Topo]: m_graph num: 2566
[trajectory_generator_node-6] [DIAG] origin_path (Dijkstra) size: 3
[trajectory_generator_node-6] [DIAG]   origin[0]: (-0.919, -4.454, 0.015)
[trajectory_generator_node-6] [DIAG]   origin[1]: (-6.269, -0.554, 0.015)
[trajectory_generator_node-6] [DIAG]   origin[2]: (-3.219, 2.146, 0.015)
[trajectory_generator_node-6] [DIAG] lineVisib(start→end DIRECT): false  colli=(-1.52,-2.75)
[trajectory_generator_node-6] [DIAG] direct line: 139 steps, 98 wall cells
[trajectory_generator_node-6] [smoothTopoPath] INPUT size=3
[trajectory_generator_node-6] [smoothTopoPath]   in[0]: (-0.919, -4.454, 0.015)
[trajectory_generator_node-6] [smoothTopoPath]   in[1]: (-6.269, -0.554, 0.015)
[trajectory_generator_node-6] [smoothTopoPath]   in[2]: (-3.219, 2.146, 0.015)
[trajectory_generator_node-6] [smoothTopoPath] lineVisib(start→end): false  colli=(-1.52,-2.75)
[trajectory_generator_node-6] [smoothTopoPath] OUTPUT size=4, iter_count=3
[trajectory_generator_node-6] [smoothTopoPath]   out[0]: (-0.919, -4.454, 0.015)
[trajectory_generator_node-6] [smoothTopoPath]   out[1]: (-6.374, -0.727, 0.015)
[trajectory_generator_node-6] [smoothTopoPath]   out[2]: (-6.073, 0.018, 0.015)
[trajectory_generator_node-6] [smoothTopoPath]   out[3]: (-3.219, 2.146, 0.015)
[trajectory_generator_node-6] [DIAG] optimized_path (smoothTopoPath) size: 4
[trajectory_generator_node-6] [DIAG]   opt[0]: (-0.919, -4.454, 0.015)
[trajectory_generator_node-6] [DIAG]   opt[1]: (-6.374, -0.727, 0.015)
[trajectory_generator_node-6] [DIAG]   opt[2]: (-6.073, 0.018, 0.015)
[trajectory_generator_node-6] [DIAG]   opt[3]: (-3.219, 2.146, 0.015)
[trajectory_generator_node-6] optimized_path size: 4
[trajectory_generator_node-6] [Manager] reference_speed: (0.30)
[trajectory_generator_node-6] [LBFGS] search direction d: -0.000130079  0.000395384 -0.000205583 -3.42286e-05  0.000131416 -0.000142127  0.000108761 -6.91499e-05  3.80828e-05 -1.76209e-05  4.71639e-06  4.74339e-06 -1.42591e-05  2.56937e-05 -3.75721e-05  4.20989e-05 -2.19822e-05 -4.70228e-05   0.00017482 -0.000322135  0.000417389 -0.000117527 -0.000246515  -5.7301e-05  9.07054e-05 -0.000346209  3.25411e-05 -0.000232079   0.00013927 -6.16148e-05 -5.01318e-07  8.30769e-05 -0.000205309  0.000116839 -0.000178849  0.000589032  7.33031e-05  -0.00024766  0.000111771  2.59993e-05  -0.00011797  0.000117854 -8.66529e-05  5.30236e-05 -2.80847e-05  1.30125e-05 -5.28146e-06  2.07367e-06 -1.44458e-06  2.38094e-06  -4.3989e-06  6.81334e-06 -7.55286e-06  1.81673e-06   1.8967e-05  -6.7124e-05  0.000159084  0.000181708 -0.000325652 -9.84133e-05  0.000106378 -0.000154583  0.000119769 -0.000188421  0.000143326  -6.7347e-05 -3.14316e-05  0.000124065 -0.000128047  0.000105492  2.68979e-05  0.000528114    0.0526067  -0.00687421   0.00275135 -0.000545916  0.000149516 -3.04932e-05  1.34544e-05  -5.1357e-06   3.6833e-06 -2.04216e-06  1.09353e-06  -3.3874e-07 -1.55863e-07   4.8316e-07  -5.9197e-07  1.62427e-06 -8.34975e-06  5.08716e-05 -0.000231791  0.000975321  -0.00284805    0.0083892   0.00645327  -0.00291219   0.00782179  -0.00310222   0.00447023  -0.00124744  0.000650783 -0.000140142  3.24301e-05  3.06471e-05  -4.3604e-05  0.000378168   0.00165793   0.00112624      0.10296
[trajectory_generator_node-6] [Smooth Optimize] MINCO reaches max evaluations: Line search reaches the maximum try number, assumptions not satisfied or precision not achievable.
[trajectory_generator_node-6] [Smooth Optimize] MINCO: cost=0.7 total_T=39.391(init 36.522) max_drift=0.104 max_vel=0.4 segs=37
[trajectory_generator_node-6] [Smooth Resample] resample
[trajectory_generator_node-6] [Smooth Resample] 38 -> 20 waypoints, 19 time segs, max_turn=82.5 deg
[trajectory_generator_node-6] [Manager] optimizer generate time: 0.019545
[trajectory_generator_node-6] [Reference] path size : 20
[trajectory_generator_node-6] [Reference] solvePolyMatrix ENTER: N=19, path_size=20, trap_time_size=19
[trajectory_generator_node-6] [Reference]   path[0]=(-0.9190,-4.4540) path[1]=(-1.4107,-4.1181) t[0]=2.847697 state_vel=(0.0000,0.0000)
[trajectory_generator_node-6] [Reference] banded solve done. b[0]=-0.189249 b[N]=-0.091369 b2[0]=0.128508 b2[N]=0.011785
[trajectory_generator_node-6] [Reference] solvePolyMatrix EXIT: polyX[0]=[0.011938 -0.094624 -0.000000 -0.919000]
[trajectory_generator_node-6] [INFO] [1790450392.651370910] [trajectory_generation]: FSM published 19 trajectory pieces
[trajectory_tracking_node-8] [WARN] [1790450394.566119352] [trajectory_tracking]: trajectory tracking stopped: invalid coefficient array length
[trajectory_tracking_node-8] [WARN] [1790450396.288229395] [trajectory_tracking]: trajectory tracking stopped: no valid trajectory
[trajectory_tracking_node-8] [WARN] [1790450398.393278885] [trajectory_tracking]: trajectory tracking stopped: no valid trajectory
[trajectory_generator_node-6] [INFO] [1790450400.128015385] [trajectory_generation]: FSM accepted manual goal goal=(-3.22, 2.15, 0.02)
[trajectory_generator_node-6] [Manager] start point, (x, y): (-0.92, -4.45)
[trajectory_generator_node-6] [Manager] receive target, (x, y): (-3.22, 2.15)
[trajectory_generator_node-6] [Topo]: m_graph before num: 1605
[trajectory_tracking_node-8] [WARN] [1790450400.403310739] [trajectory_tracking]: trajectory tracking stopped: no valid trajectory
[trajectory_generator_node-6] [Topo]: dijkstra time: 0.017979
[trajectory_generator_node-6] [Topo]: topo search time: 0.470176
[trajectory_generator_node-6] [Topo]: m_graph num: 2559
[trajectory_generator_node-6] [DIAG] origin_path (Dijkstra) size: 3
[trajectory_generator_node-6] [DIAG]   origin[0]: (-0.919, -4.454, 0.015)
[trajectory_generator_node-6] [DIAG]   origin[1]: (-6.269, -0.554, 0.015)
[trajectory_generator_node-6] [DIAG]   origin[2]: (-3.219, 2.146, 0.015)
[trajectory_generator_node-6] [DIAG] lineVisib(start→end DIRECT): false  colli=(-1.52,-2.75)
[trajectory_generator_node-6] [DIAG] direct line: 139 steps, 98 wall cells
[trajectory_generator_node-6] [smoothTopoPath] INPUT size=3
[trajectory_generator_node-6] [smoothTopoPath]   in[0]: (-0.919, -4.454, 0.015)
[trajectory_generator_node-6] [smoothTopoPath]   in[1]: (-6.269, -0.554, 0.015)
[trajectory_generator_node-6] [smoothTopoPath]   in[2]: (-3.219, 2.146, 0.015)
[trajectory_generator_node-6] [smoothTopoPath] lineVisib(start→end): false  colli=(-1.52,-2.75)
[trajectory_generator_node-6] [smoothTopoPath] OUTPUT size=4, iter_count=3
[trajectory_generator_node-6] [smoothTopoPath]   out[0]: (-0.919, -4.454, 0.015)
[trajectory_generator_node-6] [smoothTopoPath]   out[1]: (-6.374, -0.727, 0.015)
[trajectory_generator_node-6] [smoothTopoPath]   out[2]: (-6.073, 0.018, 0.015)
[trajectory_generator_node-6] [smoothTopoPath]   out[3]: (-3.219, 2.146, 0.015)
[trajectory_generator_node-6] [DIAG] optimized_path (smoothTopoPath) size: 4
[trajectory_generator_node-6] [DIAG]   opt[0]: (-0.919, -4.454, 0.015)
[trajectory_generator_node-6] [DIAG]   opt[1]: (-6.374, -0.727, 0.015)
[trajectory_generator_node-6] [DIAG]   opt[2]: (-6.073, 0.018, 0.015)
[trajectory_generator_node-6] [DIAG]   opt[3]: (-3.219, 2.146, 0.015)
[trajectory_generator_node-6] optimized_path size: 4
[trajectory_generator_node-6] [Manager] reference_speed: (0.30)
[trajectory_generator_node-6] [LBFGS] search direction d: -0.000130079  0.000395384 -0.000205583 -3.42286e-05  0.000131416 -0.000142127  0.000108761 -6.91499e-05  3.80828e-05 -1.76209e-05  4.71639e-06  4.74339e-06 -1.42591e-05  2.56937e-05 -3.75721e-05  4.20989e-05 -2.19822e-05 -4.70228e-05   0.00017482 -0.000322135  0.000417389 -0.000117527 -0.000246515  -5.7301e-05  9.07054e-05 -0.000346209  3.25411e-05 -0.000232079   0.00013927 -6.16148e-05 -5.01318e-07  8.30769e-05 -0.000205309  0.000116839 -0.000178849  0.000589032  7.33031e-05  -0.00024766  0.000111771  2.59993e-05  -0.00011797  0.000117854 -8.66529e-05  5.30236e-05 -2.80847e-05  1.30125e-05 -5.28146e-06  2.07367e-06 -1.44458e-06  2.38094e-06  -4.3989e-06  6.81334e-06 -7.55286e-06  1.81673e-06   1.8967e-05  -6.7124e-05  0.000159084  0.000181708 -0.000325652 -9.84133e-05  0.000106378 -0.000154583  0.000119769 -0.000188421  0.000143326  -6.7347e-05 -3.14316e-05  0.000124065 -0.000128047  0.000105492  2.68979e-05  0.000528114    0.0526067  -0.00687421   0.00275135 -0.000545916  0.000149516 -3.04932e-05  1.34544e-05  -5.1357e-06   3.6833e-06 -2.04216e-06  1.09353e-06  -3.3874e-07 -1.55863e-07   4.8316e-07  -5.9197e-07  1.62427e-06 -8.34975e-06  5.08716e-05 -0.000231791  0.000975321  -0.00284805    0.0083892   0.00645327  -0.00291219   0.00782179  -0.00310222   0.00447023  -0.00124744  0.000650783 -0.000140142  3.24301e-05  3.06471e-05  -4.3604e-05  0.000378168   0.00165793   0.00112624      0.10296
[trajectory_generator_node-6] [Smooth Optimize] MINCO reaches max evaluations: Line search reaches the maximum try number, assumptions not satisfied or precision not achievable.
[trajectory_generator_node-6] [Smooth Optimize] MINCO: cost=0.7 total_T=39.391(init 36.522) max_drift=0.104 max_vel=0.4 segs=37
[trajectory_generator_node-6] [Smooth Resample] resample
[trajectory_generator_node-6] [Smooth Resample] 38 -> 20 waypoints, 19 time segs, max_turn=82.5 deg
[trajectory_generator_node-6] [Manager] optimizer generate time: 0.006451
[trajectory_generator_node-6] [Reference] path size : 20
[trajectory_generator_node-6] [Reference] solvePolyMatrix ENTER: N=19, path_size=20, trap_time_size=19
[trajectory_generator_node-6] [Reference]   path[0]=(-0.9190,-4.4540) path[1]=(-1.4107,-4.1181) t[0]=2.847697 state_vel=(0.0000,0.0000)
[trajectory_generator_node-6] [Reference] banded solve done. b[0]=-0.189249 b[N]=-0.091369 b2[0]=0.128508 b2[N]=0.011785
[trajectory_generator_node-6] [Reference] solvePolyMatrix EXIT: polyX[0]=[0.011938 -0.094624 -0.000000 -0.919000]
[trajectory_generator_node-6] [INFO] [1790450400.620899437] [trajectory_generation]: FSM published 19 trajectory pieces
[cloud_adapter.py-4] [WARN] [1790450401.672136654] [sentry_cloud_adapter]: Dropped lidar frame: no TF at measurement time
[trajectory_tracking_node-8] [WARN] [1790450402.614002989] [trajectory_tracking]: trajectory tracking stopped: no valid trajectory
[trajectory_tracking_node-8] [WARN] [1790450404.617486736] [trajectory_tracking]: trajectory tracking stopped: no valid trajectory
[trajectory_tracking_node-8] [WARN] [1790450406.717161298] [trajectory_tracking]: trajectory tracking stopped: no valid trajectory
[trajectory_generator_node-6] [INFO] [1790450408.159168070] [trajectory_generation]: FSM accepted manual goal goal=(-3.22, 2.15, 0.02)
[trajectory_generator_node-6] [Manager] start point, (x, y): (-0.92, -4.45)
[trajectory_generator_node-6] [Manager] receive target, (x, y): (-3.22, 2.15)
[trajectory_generator_node-6] [Topo]: m_graph before num: 1605
[trajectory_tracking_node-8] [WARN] [1790450408.715309350] [trajectory_tracking]: trajectory tracking stopped: no valid trajectory
[trajectory_generator_node-6] [Topo]: dijkstra time: 0.028477
[trajectory_generator_node-6] [Topo]: topo search time: 0.679907
[trajectory_generator_node-6] [Topo]: m_graph num: 2551
[trajectory_generator_node-6] [DIAG] origin_path (Dijkstra) size: 3
[trajectory_generator_node-6] [DIAG]   origin[0]: (-0.919, -4.454, 0.015)
[trajectory_generator_node-6] [DIAG]   origin[1]: (-6.269, -0.554, 0.015)
[trajectory_generator_node-6] [DIAG]   origin[2]: (-3.219, 2.146, 0.015)
[trajectory_generator_node-6] [DIAG] lineVisib(start→end DIRECT): false  colli=(-1.52,-2.75)
[trajectory_generator_node-6] [DIAG] direct line: 139 steps, 98 wall cells
[trajectory_generator_node-6] [smoothTopoPath] INPUT size=3
[trajectory_generator_node-6] [smoothTopoPath]   in[0]: (-0.919, -4.454, 0.015)
[trajectory_generator_node-6] [smoothTopoPath]   in[1]: (-6.269, -0.554, 0.015)
[trajectory_generator_node-6] [smoothTopoPath]   in[2]: (-3.219, 2.146, 0.015)
[trajectory_generator_node-6] [smoothTopoPath] lineVisib(start→end): false  colli=(-1.52,-2.75)
[trajectory_generator_node-6] [smoothTopoPath] OUTPUT size=4, iter_count=3
[trajectory_generator_node-6] [smoothTopoPath]   out[0]: (-0.919, -4.454, 0.015)
[trajectory_generator_node-6] [smoothTopoPath]   out[1]: (-6.374, -0.727, 0.015)
[trajectory_generator_node-6] [smoothTopoPath]   out[2]: (-6.073, 0.018, 0.015)
[trajectory_generator_node-6] [smoothTopoPath]   out[3]: (-3.219, 2.146, 0.015)
[trajectory_generator_node-6] [DIAG] optimized_path (smoothTopoPath) size: 4
[trajectory_generator_node-6] [DIAG]   opt[0]: (-0.919, -4.454, 0.015)
[trajectory_generator_node-6] [DIAG]   opt[1]: (-6.374, -0.727, 0.015)
[trajectory_generator_node-6] [DIAG]   opt[2]: (-6.073, 0.018, 0.015)
[trajectory_generator_node-6] [DIAG]   opt[3]: (-3.219, 2.146, 0.015)
[trajectory_generator_node-6] optimized_path size: 4
[trajectory_generator_node-6] [Manager] reference_speed: (0.30)
[trajectory_generator_node-6] [LBFGS] search direction d: -0.000130079  0.000395384 -0.000205583 -3.42286e-05  0.000131416 -0.000142127  0.000108761 -6.91499e-05  3.80828e-05 -1.76209e-05  4.71639e-06  4.74339e-06 -1.42591e-05  2.56937e-05 -3.75721e-05  4.20989e-05 -2.19822e-05 -4.70228e-05   0.00017482 -0.000322135  0.000417389 -0.000117527 -0.000246515  -5.7301e-05  9.07054e-05 -0.000346209  3.25411e-05 -0.000232079   0.00013927 -6.16148e-05 -5.01318e-07  8.30769e-05 -0.000205309  0.000116839 -0.000178849  0.000589032  7.33031e-05  -0.00024766  0.000111771  2.59993e-05  -0.00011797  0.000117854 -8.66529e-05  5.30236e-05 -2.80847e-05  1.30125e-05 -5.28146e-06  2.07367e-06 -1.44458e-06  2.38094e-06  -4.3989e-06  6.81334e-06 -7.55286e-06  1.81673e-06   1.8967e-05  -6.7124e-05  0.000159084  0.000181708 -0.000325652 -9.84133e-05  0.000106378 -0.000154583  0.000119769 -0.000188421  0.000143326  -6.7347e-05 -3.14316e-05  0.000124065 -0.000128047  0.000105492  2.68979e-05  0.000528114    0.0526067  -0.00687421   0.00275135 -0.000545916  0.000149516 -3.04932e-05  1.34544e-05  -5.1357e-06   3.6833e-06 -2.04216e-06  1.09353e-06  -3.3874e-07 -1.55863e-07   4.8316e-07  -5.9197e-07  1.62427e-06 -8.34975e-06  5.08716e-05 -0.000231791  0.000975321  -0.00284805    0.0083892   0.00645327  -0.00291219   0.00782179  -0.00310222   0.00447023  -0.00124744  0.000650783 -0.000140142  3.24301e-05  3.06471e-05  -4.3604e-05  0.000378168   0.00165793   0.00112624      0.10296
[trajectory_generator_node-6] [Smooth Optimize] MINCO reaches max evaluations: Line search reaches the maximum try number, assumptions not satisfied or precision not achievable.
[trajectory_generator_node-6] [Smooth Optimize] MINCO: cost=0.7 total_T=39.391(init 36.522) max_drift=0.104 max_vel=0.4 segs=37
[trajectory_generator_node-6] [Smooth Resample] resample
[trajectory_generator_node-6] [Smooth Resample] 38 -> 20 waypoints, 19 time segs, max_turn=82.5 deg
[trajectory_generator_node-6] [Manager] optimizer generate time: 0.005354
[trajectory_generator_node-6] [Reference] path size : 20
[trajectory_generator_node-6] [Reference] solvePolyMatrix ENTER: N=19, path_size=20, trap_time_size=19
[trajectory_generator_node-6] [Reference]   path[0]=(-0.9190,-4.4540) path[1]=(-1.4107,-4.1181) t[0]=2.847697 state_vel=(0.0000,0.0000)
[trajectory_generator_node-6] [Reference] banded solve done. b[0]=-0.189249 b[N]=-0.091369 b2[0]=0.128508 b2[N]=0.011785
[trajectory_generator_node-6] [Reference] solvePolyMatrix EXIT: polyX[0]=[0.011938 -0.094624 -0.000000 -0.919000]
[trajectory_generator_node-6] [INFO] [1790450408.873708615] [trajectory_generation]: FSM published 19 trajectory pieces
[trajectory_tracking_node-8] [WARN] [1790450411.361052439] [trajectory_tracking]: trajectory tracking stopped: no valid trajectory
[trajectory_tracking_node-8] [WARN] [1790450412.874389535] [trajectory_tracking]: trajectory tracking stopped: no valid trajectory
[trajectory_tracking_node-8] [WARN] [1790450414.969416450] [trajectory_tracking]: trajectory tracking stopped: no valid trajectory
[trajectory_generator_node-6] [INFO] [1790450416.871766816] [trajectory_generation]: FSM accepted manual goal goal=(-3.22, 2.15, 0.02)
[trajectory_generator_node-6] [Manager] start point, (x, y): (-0.92, -4.45)
[trajectory_generator_node-6] [Manager] receive target, (x, y): (-3.22, 2.15)
[trajectory_tracking_node-8] [WARN] [1790450416.966545888] [trajectory_tracking]: trajectory tracking stopped: no valid trajectory
[trajectory_generator_node-6] [Topo]: m_graph before num: 1605
[trajectory_generator_node-6] [Topo]: dijkstra time: 0.015977
[trajectory_generator_node-6] [Topo]: topo search time: 0.387852
[trajectory_generator_node-6] [Topo]: m_graph num: 2551
[trajectory_generator_node-6] [DIAG] origin_path (Dijkstra) size: 3
[trajectory_generator_node-6] [DIAG]   origin[0]: (-0.919, -4.454, 0.015)
[trajectory_generator_node-6] [DIAG]   origin[1]: (-6.269, -0.554, 0.015)
[trajectory_generator_node-6] [DIAG]   origin[2]: (-3.219, 2.146, 0.015)
[trajectory_generator_node-6] [DIAG] lineVisib(start→end DIRECT): false  colli=(-1.52,-2.75)
[trajectory_generator_node-6] [DIAG] direct line: 139 steps, 98 wall cells
[trajectory_generator_node-6] [smoothTopoPath] INPUT size=3
[trajectory_generator_node-6] [smoothTopoPath]   in[0]: (-0.919, -4.454, 0.015)
[trajectory_generator_node-6] [smoothTopoPath]   in[1]: (-6.269, -0.554, 0.015)
[trajectory_generator_node-6] [smoothTopoPath]   in[2]: (-3.219, 2.146, 0.015)
[trajectory_generator_node-6] [smoothTopoPath] lineVisib(start→end): false  colli=(-1.52,-2.75)
[trajectory_generator_node-6] [smoothTopoPath] OUTPUT size=4, iter_count=3
[trajectory_generator_node-6] [smoothTopoPath]   out[0]: (-0.919, -4.454, 0.015)
[trajectory_generator_node-6] [smoothTopoPath]   out[1]: (-6.374, -0.727, 0.015)
[trajectory_generator_node-6] [smoothTopoPath]   out[2]: (-6.073, 0.018, 0.015)
[trajectory_generator_node-6] [smoothTopoPath]   out[3]: (-3.219, 2.146, 0.015)
[trajectory_generator_node-6] [DIAG] optimized_path (smoothTopoPath) size: 4
[trajectory_generator_node-6] [DIAG]   opt[0]: (-0.919, -4.454, 0.015)
[trajectory_generator_node-6] [DIAG]   opt[1]: (-6.374, -0.727, 0.015)
[trajectory_generator_node-6] [DIAG]   opt[2]: (-6.073, 0.018, 0.015)
[trajectory_generator_node-6] [DIAG]   opt[3]: (-3.219, 2.146, 0.015)
[trajectory_generator_node-6] optimized_path size: 4
[trajectory_generator_node-6] [Manager] reference_speed: (0.30)
[trajectory_generator_node-6] [LBFGS] search direction d: -0.000130079  0.000395384 -0.000205583 -3.42286e-05  0.000131416 -0.000142127  0.000108761 -6.91499e-05  3.80828e-05 -1.76209e-05  4.71639e-06  4.74339e-06 -1.42591e-05  2.56937e-05 -3.75721e-05  4.20989e-05 -2.19822e-05 -4.70228e-05   0.00017482 -0.000322135  0.000417389 -0.000117527 -0.000246515  -5.7301e-05  9.07054e-05 -0.000346209  3.25411e-05 -0.000232079   0.00013927 -6.16148e-05 -5.01318e-07  8.30769e-05 -0.000205309  0.000116839 -0.000178849  0.000589032  7.33031e-05  -0.00024766  0.000111771  2.59993e-05  -0.00011797  0.000117854 -8.66529e-05  5.30236e-05 -2.80847e-05  1.30125e-05 -5.28146e-06  2.07367e-06 -1.44458e-06  2.38094e-06  -4.3989e-06  6.81334e-06 -7.55286e-06  1.81673e-06   1.8967e-05  -6.7124e-05  0.000159084  0.000181708 -0.000325652 -9.84133e-05  0.000106378 -0.000154583  0.000119769 -0.000188421  0.000143326  -6.7347e-05 -3.14316e-05  0.000124065 -0.000128047  0.000105492  2.68979e-05  0.000528114    0.0526067  -0.00687421   0.00275135 -0.000545916  0.000149516 -3.04932e-05  1.34544e-05  -5.1357e-06   3.6833e-06 -2.04216e-06  1.09353e-06  -3.3874e-07 -1.55863e-07   4.8316e-07  -5.9197e-07  1.62427e-06 -8.34975e-06  5.08716e-05 -0.000231791  0.000975321  -0.00284805    0.0083892   0.00645327  -0.00291219   0.00782179  -0.00310222   0.00447023  -0.00124744  0.000650783 -0.000140142  3.24301e-05  3.06471e-05  -4.3604e-05  0.000378168   0.00165793   0.00112624      0.10296
[trajectory_generator_node-6] [Smooth Optimize] MINCO reaches max evaluations: Line search reaches the maximum try number, assumptions not satisfied or precision not achievable.
[trajectory_generator_node-6] [Smooth Optimize] MINCO: cost=0.7 total_T=39.391(init 36.522) max_drift=0.104 max_vel=0.4 segs=37
[trajectory_generator_node-6] [Smooth Resample] resample
[trajectory_generator_node-6] [Smooth Resample] 38 -> 20 waypoints, 19 time segs, max_turn=82.5 deg
[trajectory_generator_node-6] [Manager] optimizer generate time: 0.007752
[trajectory_generator_node-6] [Reference] path size : 20
[trajectory_generator_node-6] [Reference] solvePolyMatrix ENTER: N=19, path_size=20, trap_time_size=19
[trajectory_generator_node-6] [Reference]   path[0]=(-0.9190,-4.4540) path[1]=(-1.4107,-4.1181) t[0]=2.847697 state_vel=(0.0000,0.0000)
[trajectory_generator_node-6] [Reference] banded solve done. b[0]=-0.189249 b[N]=-0.091369 b2[0]=0.128508 b2[N]=0.011785
[trajectory_generator_node-6] [Reference] solvePolyMatrix EXIT: polyX[0]=[0.011938 -0.094624 -0.000000 -0.919000]
[trajectory_generator_node-6] [INFO] [1790450417.279056706] [trajectory_generation]: FSM published 19 trajectory pieces
[trajectory_tracking_node-8] [WARN] [1790450419.154970173] [trajectory_tracking]: trajectory tracking stopped: invalid coefficient array length
[trajectory_tracking_node-8] [WARN] [1790450421.152785409] [trajectory_tracking]: trajectory tracking stopped: no valid trajectory
[trajectory_tracking_node-8] [WARN] [1790450423.260659614] [trajectory_tracking]: trajectory tracking stopped: no valid trajectory
[trajectory_generator_node-6] [INFO] [1790450424.664781233] [trajectory_generation]: FSM accepted manual goal goal=(-3.22, 2.15, 0.02)
[trajectory_generator_node-6] [Manager] start point, (x, y): (-0.92, -4.45)
[trajectory_generator_node-6] [Manager] receive target, (x, y): (-3.22, 2.15)
[trajectory_generator_node-6] [Topo]: m_graph before num: 1605
[trajectory_generator_node-6] [Topo]: dijkstra time: 0.014214
[trajectory_generator_node-6] [Topo]: topo search time: 0.442268
[trajectory_generator_node-6] [Topo]: m_graph num: 2532
[trajectory_generator_node-6] [DIAG] origin_path (Dijkstra) size: 3
[trajectory_generator_node-6] [DIAG]   origin[0]: (-0.919, -4.454, 0.015)
[trajectory_generator_node-6] [DIAG]   origin[1]: (-6.269, -0.554, 0.015)
[trajectory_generator_node-6] [DIAG]   origin[2]: (-3.219, 2.146, 0.015)
[trajectory_generator_node-6] [DIAG] lineVisib(start→end DIRECT): false  colli=(-1.52,-2.75)
[trajectory_generator_node-6] [DIAG] direct line: 139 steps, 98 wall cells
[trajectory_generator_node-6] [smoothTopoPath] INPUT size=3
[trajectory_generator_node-6] [smoothTopoPath]   in[0]: (-0.919, -4.454, 0.015)
[trajectory_generator_node-6] [smoothTopoPath]   in[1]: (-6.269, -0.554, 0.015)
[trajectory_generator_node-6] [smoothTopoPath]   in[2]: (-3.219, 2.146, 0.015)
[trajectory_generator_node-6] [smoothTopoPath] lineVisib(start→end): false  colli=(-1.52,-2.75)
[trajectory_generator_node-6] [smoothTopoPath] OUTPUT size=4, iter_count=3
[trajectory_generator_node-6] [smoothTopoPath]   out[0]: (-0.919, -4.454, 0.015)
[trajectory_generator_node-6] [smoothTopoPath]   out[1]: (-6.374, -0.727, 0.015)
[trajectory_generator_node-6] [smoothTopoPath]   out[2]: (-6.073, 0.018, 0.015)
[trajectory_generator_node-6] [smoothTopoPath]   out[3]: (-3.219, 2.146, 0.015)
[trajectory_generator_node-6] [DIAG] optimized_path (smoothTopoPath) size: 4
[trajectory_generator_node-6] [DIAG]   opt[0]: (-0.919, -4.454, 0.015)
[trajectory_generator_node-6] [DIAG]   opt[1]: (-6.374, -0.727, 0.015)
[trajectory_generator_node-6] [DIAG]   opt[2]: (-6.073, 0.018, 0.015)
[trajectory_generator_node-6] [DIAG]   opt[3]: (-3.219, 2.146, 0.015)
[trajectory_generator_node-6] optimized_path size: 4
[trajectory_generator_node-6] [Manager] reference_speed: (0.30)
[trajectory_generator_node-6] [LBFGS] search direction d: -0.000130079  0.000395384 -0.000205583 -3.42286e-05  0.000131416 -0.000142127  0.000108761 -6.91499e-05  3.80828e-05 -1.76209e-05  4.71639e-06  4.74339e-06 -1.42591e-05  2.56937e-05 -3.75721e-05  4.20989e-05 -2.19822e-05 -4.70228e-05   0.00017482 -0.000322135  0.000417389 -0.000117527 -0.000246515  -5.7301e-05  9.07054e-05 -0.000346209  3.25411e-05 -0.000232079   0.00013927 -6.16148e-05 -5.01318e-07  8.30769e-05 -0.000205309  0.000116839 -0.000178849  0.000589032  7.33031e-05  -0.00024766  0.000111771  2.59993e-05  -0.00011797  0.000117854 -8.66529e-05  5.30236e-05 -2.80847e-05  1.30125e-05 -5.28146e-06  2.07367e-06 -1.44458e-06  2.38094e-06  -4.3989e-06  6.81334e-06 -7.55286e-06  1.81673e-06   1.8967e-05  -6.7124e-05  0.000159084  0.000181708 -0.000325652 -9.84133e-05  0.000106378 -0.000154583  0.000119769 -0.000188421  0.000143326  -6.7347e-05 -3.14316e-05  0.000124065 -0.000128047  0.000105492  2.68979e-05  0.000528114    0.0526067  -0.00687421   0.00275135 -0.000545916  0.000149516 -3.04932e-05  1.34544e-05  -5.1357e-06   3.6833e-06 -2.04216e-06  1.09353e-06  -3.3874e-07 -1.55863e-07   4.8316e-07  -5.9197e-07  1.62427e-06 -8.34975e-06  5.08716e-05 -0.000231791  0.000975321  -0.00284805    0.0083892   0.00645327  -0.00291219   0.00782179  -0.00310222   0.00447023  -0.00124744  0.000650783 -0.000140142  3.24301e-05  3.06471e-05  -4.3604e-05  0.000378168   0.00165793   0.00112624      0.10296
[trajectory_generator_node-6] [Smooth Optimize] MINCO reaches max evaluations: Line search reaches the maximum try number, assumptions not satisfied or precision not achievable.
[trajectory_generator_node-6] [Smooth Optimize] MINCO: cost=0.7 total_T=39.391(init 36.522) max_drift=0.104 max_vel=0.4 segs=37
[trajectory_generator_node-6] [Smooth Resample] resample
[trajectory_generator_node-6] [Smooth Resample] 38 -> 20 waypoints, 19 time segs, max_turn=82.5 deg
[trajectory_generator_node-6] [Manager] optimizer generate time: 0.005379
[trajectory_generator_node-6] [Reference] path size : 20
[trajectory_generator_node-6] [Reference] solvePolyMatrix ENTER: N=19, path_size=20, trap_time_size=19
[trajectory_generator_node-6] [Reference]   path[0]=(-0.9190,-4.4540) path[1]=(-1.4107,-4.1181) t[0]=2.847697 state_vel=(0.0000,0.0000)
[trajectory_generator_node-6] [Reference] banded solve done. b[0]=-0.189249 b[N]=-0.091369 b2[0]=0.128508 b2[N]=0.011785
[trajectory_generator_node-6] [Reference] solvePolyMatrix EXIT: polyX[0]=[0.011938 -0.094624 -0.000000 -0.919000]
[trajectory_generator_node-6] [INFO] [1790450425.131986908] [trajectory_generation]: FSM published 19 trajectory pieces
[trajectory_tracking_node-8] [WARN] [1790450426.297725876] [trajectory_tracking]: trajectory tracking stopped: invalid coefficient array length
[trajectory_tracking_node-8] [WARN] [1790450429.446463870] [trajectory_tracking]: trajectory tracking stopped: no valid trajectory
[trajectory_tracking_node-8] [WARN] [1790450431.527877164] [trajectory_tracking]: trajectory tracking stopped: no valid trajectory
[trajectory_generator_node-6] [INFO] [1790450432.121530265] [trajectory_generation]: FSM accepted manual goal goal=(-3.22, 2.15, 0.02)
[trajectory_generator_node-6] [Manager] start point, (x, y): (-0.92, -4.45)
[trajectory_generator_node-6] [Manager] receive target, (x, y): (-3.22, 2.15)
[trajectory_generator_node-6] [Topo]: m_graph before num: 1605
[trajectory_generator_node-6] [Topo]: dijkstra time: 0.022913
[trajectory_generator_node-6] [Topo]: topo search time: 0.469854
[trajectory_generator_node-6] [Topo]: m_graph num: 2538
[trajectory_generator_node-6] [DIAG] origin_path (Dijkstra) size: 3
[trajectory_generator_node-6] [DIAG]   origin[0]: (-0.919, -4.454, 0.015)
[trajectory_generator_node-6] [DIAG]   origin[1]: (-6.269, -0.554, 0.015)
[trajectory_generator_node-6] [DIAG]   origin[2]: (-3.219, 2.146, 0.015)
[trajectory_generator_node-6] [DIAG] lineVisib(start→end DIRECT): false  colli=(-1.52,-2.75)
[trajectory_generator_node-6] [DIAG] direct line: 139 steps, 98 wall cells
[trajectory_generator_node-6] [smoothTopoPath] INPUT size=3
[trajectory_generator_node-6] [smoothTopoPath]   in[0]: (-0.919, -4.454, 0.015)
[trajectory_generator_node-6] [smoothTopoPath]   in[1]: (-6.269, -0.554, 0.015)
[trajectory_generator_node-6] [smoothTopoPath]   in[2]: (-3.219, 2.146, 0.015)
[trajectory_generator_node-6] [smoothTopoPath] lineVisib(start→end): false  colli=(-1.52,-2.75)
[trajectory_generator_node-6] [smoothTopoPath] OUTPUT size=4, iter_count=3
[trajectory_generator_node-6] [smoothTopoPath]   out[0]: (-0.919, -4.454, 0.015)
[trajectory_generator_node-6] [smoothTopoPath]   out[1]: (-6.374, -0.727, 0.015)
[trajectory_generator_node-6] [smoothTopoPath]   out[2]: (-6.073, 0.018, 0.015)
[trajectory_generator_node-6] [smoothTopoPath]   out[3]: (-3.219, 2.146, 0.015)
[trajectory_generator_node-6] [DIAG] optimized_path (smoothTopoPath) size: 4
[trajectory_generator_node-6] [DIAG]   opt[0]: (-0.919, -4.454, 0.015)
[trajectory_generator_node-6] [DIAG]   opt[1]: (-6.374, -0.727, 0.015)
[trajectory_generator_node-6] [DIAG]   opt[2]: (-6.073, 0.018, 0.015)
[trajectory_generator_node-6] [DIAG]   opt[3]: (-3.219, 2.146, 0.015)
[trajectory_generator_node-6] optimized_path size: 4
[trajectory_generator_node-6] [Manager] reference_speed: (0.30)
[trajectory_generator_node-6] [LBFGS] search direction d: -0.000130079  0.000395384 -0.000205583 -3.42286e-05  0.000131416 -0.000142127  0.000108761 -6.91499e-05  3.80828e-05 -1.76209e-05  4.71639e-06  4.74339e-06 -1.42591e-05  2.56937e-05 -3.75721e-05  4.20989e-05 -2.19822e-05 -4.70228e-05   0.00017482 -0.000322135  0.000417389 -0.000117527 -0.000246515  -5.7301e-05  9.07054e-05 -0.000346209  3.25411e-05 -0.000232079   0.00013927 -6.16148e-05 -5.01318e-07  8.30769e-05 -0.000205309  0.000116839 -0.000178849  0.000589032  7.33031e-05  -0.00024766  0.000111771  2.59993e-05  -0.00011797  0.000117854 -8.66529e-05  5.30236e-05 -2.80847e-05  1.30125e-05 -5.28146e-06  2.07367e-06 -1.44458e-06  2.38094e-06  -4.3989e-06  6.81334e-06 -7.55286e-06  1.81673e-06   1.8967e-05  -6.7124e-05  0.000159084  0.000181708 -0.000325652 -9.84133e-05  0.000106378 -0.000154583  0.000119769 -0.000188421  0.000143326  -6.7347e-05 -3.14316e-05  0.000124065 -0.000128047  0.000105492  2.68979e-05  0.000528114    0.0526067  -0.00687421   0.00275135 -0.000545916  0.000149516 -3.04932e-05  1.34544e-05  -5.1357e-06   3.6833e-06 -2.04216e-06  1.09353e-06  -3.3874e-07 -1.55863e-07   4.8316e-07  -5.9197e-07  1.62427e-06 -8.34975e-06  5.08716e-05 -0.000231791  0.000975321  -0.00284805    0.0083892   0.00645327  -0.00291219   0.00782179  -0.00310222   0.00447023  -0.00124744  0.000650783 -0.000140142  3.24301e-05  3.06471e-05  -4.3604e-05  0.000378168   0.00165793   0.00112624      0.10296
[trajectory_generator_node-6] [Smooth Optimize] MINCO reaches max evaluations: Line search reaches the maximum try number, assumptions not satisfied or precision not achievable.
[trajectory_generator_node-6] [Smooth Optimize] MINCO: cost=0.7 total_T=39.391(init 36.522) max_drift=0.104 max_vel=0.4 segs=37
[trajectory_generator_node-6] [Smooth Resample] resample
[trajectory_generator_node-6] [Smooth Resample] 38 -> 20 waypoints, 19 time segs, max_turn=82.5 deg
[trajectory_generator_node-6] [Manager] optimizer generate time: 0.006849
[trajectory_generator_node-6] [Reference] path size : 20
[trajectory_generator_node-6] [Reference] solvePolyMatrix ENTER: N=19, path_size=20, trap_time_size=19
[trajectory_generator_node-6] [Reference]   path[0]=(-0.9190,-4.4540) path[1]=(-1.4107,-4.1181) t[0]=2.847697 state_vel=(0.0000,0.0000)
[trajectory_generator_node-6] [Reference] banded solve done. b[0]=-0.189249 b[N]=-0.091369 b2[0]=0.128508 b2[N]=0.011785
[trajectory_generator_node-6] [Reference] solvePolyMatrix EXIT: polyX[0]=[0.011938 -0.094624 -0.000000 -0.919000]
[trajectory_generator_node-6] [INFO] [1790450432.630185135] [trajectory_generation]: FSM published 19 trajectory pieces
[trajectory_tracking_node-8] [WARN] [1790450433.545535220] [trajectory_tracking]: trajectory tracking stopped: no valid trajectory
[trajectory_tracking_node-8] [WARN] [1790450435.558743044] [trajectory_tracking]: trajectory tracking stopped: no valid trajectory
[trajectory_tracking_node-8] [WARN] [1790450437.561122133] [trajectory_tracking]: trajectory tracking stopped: no valid trajectory
[trajectory_tracking_node-8] [WARN] [1790450439.649881365] [trajectory_tracking]: trajectory tracking stopped: no valid trajectory
[trajectory_generator_node-6] [INFO] [1790450440.181363999] [trajectory_generation]: FSM accepted manual goal goal=(-3.22, 2.15, 0.02)
[trajectory_generator_node-6] [Manager] start point, (x, y): (-0.92, -4.45)
[trajectory_generator_node-6] [Manager] receive target, (x, y): (-3.22, 2.15)
[trajectory_generator_node-6] [Topo]: m_graph before num: 1605
[trajectory_generator_node-6] [Topo]: dijkstra time: 0.018177
[trajectory_generator_node-6] [Topo]: topo search time: 0.429618
[trajectory_generator_node-6] [Topo]: m_graph num: 2531
[trajectory_generator_node-6] [DIAG] origin_path (Dijkstra) size: 3
[trajectory_generator_node-6] [DIAG]   origin[0]: (-0.919, -4.454, 0.015)
[trajectory_generator_node-6] [DIAG]   origin[1]: (-6.269, -0.554, 0.015)
[trajectory_generator_node-6] [DIAG]   origin[2]: (-3.219, 2.146, 0.015)
[trajectory_generator_node-6] [DIAG] lineVisib(start→end DIRECT): false  colli=(-1.52,-2.75)
[trajectory_generator_node-6] [DIAG] direct line: 139 steps, 98 wall cells
[trajectory_generator_node-6] [smoothTopoPath] INPUT size=3
[trajectory_generator_node-6] [smoothTopoPath]   in[0]: (-0.919, -4.454, 0.015)
[trajectory_generator_node-6] [smoothTopoPath]   in[1]: (-6.269, -0.554, 0.015)
[trajectory_generator_node-6] [smoothTopoPath]   in[2]: (-3.219, 2.146, 0.015)
[trajectory_generator_node-6] [smoothTopoPath] lineVisib(start→end): false  colli=(-1.52,-2.75)
[trajectory_generator_node-6] [smoothTopoPath] OUTPUT size=4, iter_count=3
[trajectory_generator_node-6] [smoothTopoPath]   out[0]: (-0.919, -4.454, 0.015)
[trajectory_generator_node-6] [smoothTopoPath]   out[1]: (-6.374, -0.727, 0.015)
[trajectory_generator_node-6] [smoothTopoPath]   out[2]: (-6.073, 0.018, 0.015)
[trajectory_generator_node-6] [smoothTopoPath]   out[3]: (-3.219, 2.146, 0.015)
[trajectory_generator_node-6] [DIAG] optimized_path (smoothTopoPath) size: 4
[trajectory_generator_node-6] [DIAG]   opt[0]: (-0.919, -4.454, 0.015)
[trajectory_generator_node-6] [DIAG]   opt[1]: (-6.374, -0.727, 0.015)
[trajectory_generator_node-6] [DIAG]   opt[2]: (-6.073, 0.018, 0.015)
[trajectory_generator_node-6] [DIAG]   opt[3]: (-3.219, 2.146, 0.015)
[trajectory_generator_node-6] optimized_path size: 4
[trajectory_generator_node-6] [Manager] reference_speed: (0.30)
[trajectory_generator_node-6] [LBFGS] search direction d: -0.000130079  0.000395384 -0.000205583 -3.42286e-05  0.000131416 -0.000142127  0.000108761 -6.91499e-05  3.80828e-05 -1.76209e-05  4.71639e-06  4.74339e-06 -1.42591e-05  2.56937e-05 -3.75721e-05  4.20989e-05 -2.19822e-05 -4.70228e-05   0.00017482 -0.000322135  0.000417389 -0.000117527 -0.000246515  -5.7301e-05  9.07054e-05 -0.000346209  3.25411e-05 -0.000232079   0.00013927 -6.16148e-05 -5.01318e-07  8.30769e-05 -0.000205309  0.000116839 -0.000178849  0.000589032  7.33031e-05  -0.00024766  0.000111771  2.59993e-05  -0.00011797  0.000117854 -8.66529e-05  5.30236e-05 -2.80847e-05  1.30125e-05 -5.28146e-06  2.07367e-06 -1.44458e-06  2.38094e-06  -4.3989e-06  6.81334e-06 -7.55286e-06  1.81673e-06   1.8967e-05  -6.7124e-05  0.000159084  0.000181708 -0.000325652 -9.84133e-05  0.000106378 -0.000154583  0.000119769 -0.000188421  0.000143326  -6.7347e-05 -3.14316e-05  0.000124065 -0.000128047  0.000105492  2.68979e-05  0.000528114    0.0526067  -0.00687421   0.00275135 -0.000545916  0.000149516 -3.04932e-05  1.34544e-05  -5.1357e-06   3.6833e-06 -2.04216e-06  1.09353e-06  -3.3874e-07 -1.55863e-07   4.8316e-07  -5.9197e-07  1.62427e-06 -8.34975e-06  5.08716e-05 -0.000231791  0.000975321  -0.00284805    0.0083892   0.00645327  -0.00291219   0.00782179  -0.00310222   0.00447023  -0.00124744  0.000650783 -0.000140142  3.24301e-05  3.06471e-05  -4.3604e-05  0.000378168   0.00165793   0.00112624      0.10296
[trajectory_generator_node-6] [Smooth Optimize] MINCO reaches max evaluations: Line search reaches the maximum try number, assumptions not satisfied or precision not achievable.
[trajectory_generator_node-6] [Smooth Optimize] MINCO: cost=0.7 total_T=39.391(init 36.522) max_drift=0.104 max_vel=0.4 segs=37
[trajectory_generator_node-6] [Smooth Resample] resample
[trajectory_generator_node-6] [Smooth Resample] 38 -> 20 waypoints, 19 time segs, max_turn=82.5 deg
[trajectory_generator_node-6] [Manager] optimizer generate time: 0.012414
[trajectory_generator_node-6] [Reference] path size : 20
[trajectory_generator_node-6] [Reference] solvePolyMatrix ENTER: N=19, path_size=20, trap_time_size=19
[trajectory_generator_node-6] [Reference]   path[0]=(-0.9190,-4.4540) path[1]=(-1.4107,-4.1181) t[0]=2.847697 state_vel=(0.0000,0.0000)
[trajectory_generator_node-6] [Reference] banded solve done. b[0]=-0.189249 b[N]=-0.091369 b2[0]=0.128508 b2[N]=0.011785
[trajectory_generator_node-6] [Reference] solvePolyMatrix EXIT: polyX[0]=[0.011938 -0.094624 -0.000000 -0.919000]
[trajectory_generator_node-6] [INFO] [1790450440.637059922] [trajectory_generation]: FSM published 19 trajectory pieces
[trajectory_generator_node-6] [INFO] [1790450441.150502018] [trajectory_generation]: FSM accepted manual goal goal=(-4.27, 4.85, 0.02)
[trajectory_generator_node-6] [Manager] start point, (x, y): (-0.92, -4.45)
[trajectory_generator_node-6] [Manager] receive target, (x, y): (-4.27, 4.85)
[trajectory_generator_node-6] [Topo]: m_graph before num: 1419
[trajectory_tracking_node-8] [WARN] [1790450441.654396864] [trajectory_tracking]: trajectory tracking stopped: no valid trajectory
[trajectory_generator_node-6] [Topo Search] No Path, No point connect to end point
[trajectory_generator_node-6] [Topo] End node is unreachable and no visible reachable guard found
[trajectory_generator_node-6] [Topo]: dijkstra time: 0.018355
[trajectory_generator_node-6] [Topo]: topo search time: 0.603944
[trajectory_generator_node-6] [Topo]: m_graph num: 2332
[trajectory_generator_node-6] [Manager PLANNING] Invalid target point，global planning failed
[trajectory_generator_node-6] [ERROR] [1790450441.786930998] [trajectory_generation]: FSM global planning failed
[trajectory_generator_node-6] [Manager] start point, (x, y): (-0.92, -4.45)
[trajectory_generator_node-6] [Manager] receive target, (x, y): (-4.27, 4.85)
[trajectory_generator_node-6] [Topo]: m_graph before num: 1419
[trajectory_generator_node-6] [Topo Search] No Path, No point connect to end point
[trajectory_generator_node-6] [Topo] End node is unreachable and no visible reachable guard found
[trajectory_generator_node-6] [Topo]: dijkstra time: 0.016084
[trajectory_generator_node-6] [Topo]: topo search time: 0.458585
[trajectory_generator_node-6] [Topo]: m_graph num: 2347
[trajectory_generator_node-6] [Manager PLANNING] Invalid target point，global planning failed
[trajectory_generator_node-6] [ERROR] [1790450442.249059673] [trajectory_generation]: FSM global planning failed
[trajectory_generator_node-6] [Manager] start point, (x, y): (-0.92, -4.45)
[trajectory_generator_node-6] [Manager] receive target, (x, y): (-4.27, 4.85)
[trajectory_generator_node-6] [Topo]: m_graph before num: 1419
[trajectory_generator_node-6] [Topo Search] No Path, No point connect to end point
[trajectory_generator_node-6] [Topo] End node is unreachable and no visible reachable guard found
[trajectory_generator_node-6] [Topo]: dijkstra time: 0.012001
[trajectory_generator_node-6] [Topo]: topo search time: 0.469555
[trajectory_generator_node-6] [Topo]: m_graph num: 2341
[trajectory_generator_node-6] [Manager PLANNING] Invalid target point，global planning failed
[trajectory_generator_node-6] [ERROR] [1790450442.724866791] [trajectory_generation]: FSM global planning failed
[trajectory_generator_node-6] [Manager] start point, (x, y): (-0.92, -4.45)
[trajectory_generator_node-6] [Manager] receive target, (x, y): (-4.27, 4.85)
[trajectory_generator_node-6] [Topo]: m_graph before num: 1419
[trajectory_generator_node-6] [Topo Search] No Path, No point connect to end point
[trajectory_generator_node-6] [Topo] End node is unreachable and no visible reachable guard found
[trajectory_generator_node-6] [Topo]: dijkstra time: 0.022341
[trajectory_generator_node-6] [Topo]: topo search time: 0.488828
[trajectory_generator_node-6] [Topo]: m_graph num: 2344
[trajectory_generator_node-6] [Manager PLANNING] Invalid target point，global planning failed
[trajectory_generator_node-6] [ERROR] [1790450443.219295326] [trajectory_generation]: FSM global planning failed
[trajectory_generator_node-6] [Manager] start point, (x, y): (-0.92, -4.45)
[trajectory_generator_node-6] [Manager] receive target, (x, y): (-4.27, 4.85)
[trajectory_generator_node-6] [Topo]: m_graph before num: 1419
[trajectory_tracking_node-8] [WARN] [1790450443.652134960] [trajectory_tracking]: trajectory tracking stopped: no valid trajectory
[trajectory_generator_node-6] [Topo Search] No Path, No point connect to end point
[trajectory_generator_node-6] [Topo] End node is unreachable and no visible reachable guard found
[trajectory_generator_node-6] [Topo]: dijkstra time: 0.025742
[trajectory_generator_node-6] [Topo]: topo search time: 0.452783
[trajectory_generator_node-6] [Topo]: m_graph num: 2355
[trajectory_generator_node-6] [Manager PLANNING] Invalid target point，global planning failed
[trajectory_generator_node-6] [ERROR] [1790450443.681046950] [trajectory_generation]: FSM global planning failed
[trajectory_generator_node-6] [Manager] start point, (x, y): (-0.92, -4.45)
[trajectory_generator_node-6] [Manager] receive target, (x, y): (-4.27, 4.85)
[trajectory_generator_node-6] [Topo]: m_graph before num: 1419
[trajectory_generator_node-6] [Topo Search] No Path, No point connect to end point
[trajectory_generator_node-6] [Topo] End node is unreachable and no visible reachable guard found
[trajectory_generator_node-6] [Topo]: dijkstra time: 0.014652
[trajectory_generator_node-6] [Topo]: topo search time: 0.484868
[trajectory_generator_node-6] [Topo]: m_graph num: 2345
[trajectory_generator_node-6] [Manager PLANNING] Invalid target point，global planning failed
[trajectory_generator_node-6] [ERROR] [1790450444.171688264] [trajectory_generation]: FSM global planning failed
[trajectory_generator_node-6] [Manager] start point, (x, y): (-0.92, -4.45)
[trajectory_generator_node-6] [Manager] receive target, (x, y): (-4.27, 4.85)
[trajectory_generator_node-6] [Topo]: m_graph before num: 1419
[trajectory_generator_node-6] [Topo Search] No Path, No point connect to end point
[trajectory_generator_node-6] [Topo] End node is unreachable and no visible reachable guard found
[trajectory_generator_node-6] [Topo]: dijkstra time: 0.012715
[trajectory_generator_node-6] [Topo]: topo search time: 0.414384
[trajectory_generator_node-6] [Topo]: m_graph num: 2331
[trajectory_generator_node-6] [Manager PLANNING] Invalid target point，global planning failed
[trajectory_generator_node-6] [ERROR] [1790450444.592472084] [trajectory_generation]: FSM global planning failed
[trajectory_generator_node-6] [Manager] start point, (x, y): (-0.92, -4.45)
[trajectory_generator_node-6] [Manager] receive target, (x, y): (-4.27, 4.85)
[trajectory_generator_node-6] [Topo]: m_graph before num: 1419
[trajectory_generator_node-6] [Topo Search] No Path, No point connect to end point
[trajectory_generator_node-6] [Topo] End node is unreachable and no visible reachable guard found
[trajectory_generator_node-6] [Topo]: dijkstra time: 0.012656
[trajectory_generator_node-6] [Topo]: topo search time: 0.394773
[trajectory_generator_node-6] [Topo]: m_graph num: 2347
[trajectory_generator_node-6] [Manager PLANNING] Invalid target point，global planning failed
[trajectory_generator_node-6] [ERROR] [1790450444.993301064] [trajectory_generation]: FSM global planning failed
[trajectory_generator_node-6] [Manager] start point, (x, y): (-0.92, -4.45)
[trajectory_generator_node-6] [Manager] receive target, (x, y): (-4.27, 4.85)
[trajectory_generator_node-6] [Topo]: m_graph before num: 1419
[trajectory_generator_node-6] [Topo Search] No Path, No point connect to end point
[trajectory_generator_node-6] [Topo] End node is unreachable and no visible reachable guard found
[trajectory_generator_node-6] [Topo]: dijkstra time: 0.027746
[trajectory_generator_node-6] [Topo]: topo search time: 0.457655
[trajectory_generator_node-6] [Topo]: m_graph num: 2348
[trajectory_generator_node-6] [Manager PLANNING] Invalid target point，global planning failed
[trajectory_generator_node-6] [ERROR] [1790450445.455934626] [trajectory_generation]: FSM global planning failed
[trajectory_generator_node-6] [Manager] start point, (x, y): (-0.92, -4.45)
[trajectory_generator_node-6] [Manager] receive target, (x, y): (-4.27, 4.85)
[trajectory_generator_node-6] [Topo]: m_graph before num: 1419
[trajectory_tracking_node-8] [WARN] [1790450445.653637491] [trajectory_tracking]: trajectory tracking stopped: no valid trajectory
[trajectory_generator_node-6] [Topo Search] No Path, No point connect to end point
[trajectory_generator_node-6] [Topo] End node is unreachable and no visible reachable guard found
[trajectory_generator_node-6] [Topo]: dijkstra time: 0.014778
[trajectory_generator_node-6] [Topo]: topo search time: 0.443630
[trajectory_generator_node-6] [Topo]: m_graph num: 2367
[trajectory_generator_node-6] [Manager PLANNING] Invalid target point，global planning failed
[trajectory_generator_node-6] [ERROR] [1790450445.905506611] [trajectory_generation]: FSM global planning failed
[trajectory_generator_node-6] [Manager] start point, (x, y): (-0.92, -4.45)
[trajectory_generator_node-6] [Manager] receive target, (x, y): (-4.27, 4.85)
[trajectory_generator_node-6] [Topo]: m_graph before num: 1419
[trajectory_generator_node-6] [Topo Search] No Path, No point connect to end point
[trajectory_generator_node-6] [Topo] End node is unreachable and no visible reachable guard found
[trajectory_generator_node-6] [Topo]: dijkstra time: 0.025751
[trajectory_generator_node-6] [Topo]: topo search time: 0.442744
[trajectory_generator_node-6] [Topo]: m_graph num: 2351
[trajectory_generator_node-6] [Manager PLANNING] Invalid target point，global planning failed
[trajectory_generator_node-6] [ERROR] [1790450446.354820604] [trajectory_generation]: FSM global planning failed
[trajectory_generator_node-6] [Manager] start point, (x, y): (-0.92, -4.45)
[trajectory_generator_node-6] [Manager] receive target, (x, y): (-4.27, 4.85)
[trajectory_generator_node-6] [Topo]: m_graph before num: 1419
[trajectory_generator_node-6] [Topo Search] No Path, No point connect to end point
[trajectory_generator_node-6] [Topo] End node is unreachable and no visible reachable guard found
[trajectory_generator_node-6] [Topo]: dijkstra time: 0.012959
[trajectory_generator_node-6] [Topo]: topo search time: 0.476718
[trajectory_generator_node-6] [Topo]: m_graph num: 2321
[trajectory_generator_node-6] [Manager PLANNING] Invalid target point，global planning failed
[trajectory_generator_node-6] [ERROR] [1790450446.843041396] [trajectory_generation]: FSM global planning failed
[trajectory_generator_node-6] [Manager] start point, (x, y): (-0.92, -4.45)
[trajectory_generator_node-6] [Manager] receive target, (x, y): (-4.27, 4.85)
[trajectory_generator_node-6] [Topo]: m_graph before num: 1419
[trajectory_generator_node-6] [Topo Search] No Path, No point connect to end point
[trajectory_generator_node-6] [Topo] End node is unreachable and no visible reachable guard found
[trajectory_generator_node-6] [Topo]: dijkstra time: 0.017832
[trajectory_generator_node-6] [Topo]: topo search time: 0.383882
[trajectory_generator_node-6] [Topo]: m_graph num: 2343
[trajectory_generator_node-6] [Manager PLANNING] Invalid target point，global planning failed
[trajectory_generator_node-6] [ERROR] [1790450447.231791390] [trajectory_generation]: FSM global planning failed
[trajectory_generator_node-6] [Manager] start point, (x, y): (-0.92, -4.45)
[trajectory_generator_node-6] [Manager] receive target, (x, y): (-4.27, 4.85)
[trajectory_generator_node-6] [Topo]: m_graph before num: 1419
[trajectory_generator_node-6] [Topo Search] No Path, No point connect to end point
[trajectory_generator_node-6] [Topo] End node is unreachable and no visible reachable guard found
[trajectory_generator_node-6] [Topo]: dijkstra time: 0.014418
[trajectory_generator_node-6] [Topo]: topo search time: 0.390502
[trajectory_generator_node-6] [Topo]: m_graph num: 2354
[trajectory_generator_node-6] [Manager PLANNING] Invalid target point，global planning failed
[trajectory_generator_node-6] [ERROR] [1790450447.627943694] [trajectory_generation]: FSM global planning failed
[trajectory_generator_node-6] [Manager] start point, (x, y): (-0.92, -4.45)
[trajectory_generator_node-6] [Manager] receive target, (x, y): (-4.27, 4.85)
[trajectory_tracking_node-8] [WARN] [1790450447.654407677] [trajectory_tracking]: trajectory tracking stopped: no valid trajectory
[trajectory_generator_node-6] [Topo]: m_graph before num: 1419
[trajectory_generator_node-6] [Topo Search] No Path, No point connect to end point
[trajectory_generator_node-6] [Topo] End node is unreachable and no visible reachable guard found
[trajectory_generator_node-6] [Topo]: dijkstra time: 0.019745
[trajectory_generator_node-6] [Topo]: topo search time: 0.382897
[trajectory_generator_node-6] [Topo]: m_graph num: 2358
[trajectory_generator_node-6] [Manager PLANNING] Invalid target point，global planning failed
[trajectory_generator_node-6] [ERROR] [1790450448.016086673] [trajectory_generation]: FSM global planning failed
[trajectory_generator_node-6] [Manager] start point, (x, y): (-0.92, -4.45)
[trajectory_generator_node-6] [Manager] receive target, (x, y): (-4.27, 4.85)
[trajectory_generator_node-6] [Topo]: m_graph before num: 1419
[trajectory_generator_node-6] [Topo Search] No Path, No point connect to end point
[trajectory_generator_node-6] [Topo] End node is unreachable and no visible reachable guard found
[trajectory_generator_node-6] [Topo]: dijkstra time: 0.018313
[trajectory_generator_node-6] [Topo]: topo search time: 0.801816
[trajectory_generator_node-6] [Topo]: m_graph num: 2347
[trajectory_generator_node-6] [Manager PLANNING] Invalid target point，global planning failed
[trajectory_generator_node-6] [ERROR] [1790450448.825210944] [trajectory_generation]: FSM global planning failed
[trajectory_generator_node-6] [Manager] start point, (x, y): (-0.92, -4.45)
[trajectory_generator_node-6] [Manager] receive target, (x, y): (-4.27, 4.85)
[trajectory_generator_node-6] [Topo]: m_graph before num: 1419
[trajectory_generator_node-6] [Topo Search] No Path, No point connect to end point
[trajectory_generator_node-6] [Topo] End node is unreachable and no visible reachable guard found
[trajectory_generator_node-6] [Topo]: dijkstra time: 0.025161
[trajectory_generator_node-6] [Topo]: topo search time: 0.461989
[trajectory_generator_node-6] [Topo]: m_graph num: 2342
[trajectory_generator_node-6] [Manager PLANNING] Invalid target point，global planning failed
[trajectory_generator_node-6] [ERROR] [1790450449.297683068] [trajectory_generation]: FSM global planning failed
[trajectory_generator_node-6] [Manager] start point, (x, y): (-0.92, -4.45)
[trajectory_generator_node-6] [Manager] receive target, (x, y): (-4.27, 4.85)
[trajectory_generator_node-6] [Topo]: m_graph before num: 1419
[trajectory_tracking_node-8] [WARN] [1790450449.651755643] [trajectory_tracking]: trajectory tracking stopped: no valid trajectory
[trajectory_generator_node-6] [Topo Search] No Path, No point connect to end point
[trajectory_generator_node-6] [Topo] End node is unreachable and no visible reachable guard found
[trajectory_generator_node-6] [Topo]: dijkstra time: 0.014215
[trajectory_generator_node-6] [Topo]: topo search time: 0.521489
[trajectory_generator_node-6] [Topo]: m_graph num: 2354
[trajectory_generator_node-6] [Manager PLANNING] Invalid target point，global planning failed
[trajectory_generator_node-6] [ERROR] [1790450449.826449601] [trajectory_generation]: FSM global planning failed
[trajectory_generator_node-6] [Manager] start point, (x, y): (-0.92, -4.45)
[trajectory_generator_node-6] [Manager] receive target, (x, y): (-4.27, 4.85)
[trajectory_generator_node-6] [Topo]: m_graph before num: 1419
[trajectory_generator_node-6] [Topo Search] No Path, No point connect to end point
[trajectory_generator_node-6] [Topo] End node is unreachable and no visible reachable guard found
[trajectory_generator_node-6] [Topo]: dijkstra time: 0.019421
[trajectory_generator_node-6] [Topo]: topo search time: 0.446121
[trajectory_generator_node-6] [Topo]: m_graph num: 2337
[trajectory_generator_node-6] [Manager PLANNING] Invalid target point，global planning failed
[trajectory_generator_node-6] [ERROR] [1790450450.282662960] [trajectory_generation]: FSM global planning failed
[trajectory_generator_node-6] [Manager] start point, (x, y): (-0.92, -4.45)
[trajectory_generator_node-6] [Manager] receive target, (x, y): (-4.27, 4.85)
[trajectory_generator_node-6] [Topo]: m_graph before num: 1419
[trajectory_generator_node-6] [Topo Search] No Path, No point connect to end point
[trajectory_generator_node-6] [Topo] End node is unreachable and no visible reachable guard found
[trajectory_generator_node-6] [Topo]: dijkstra time: 0.016498
[trajectory_generator_node-6] [Topo]: topo search time: 0.434576
[trajectory_generator_node-6] [Topo]: m_graph num: 2354
[trajectory_generator_node-6] [Manager PLANNING] Invalid target point，global planning failed
[trajectory_generator_node-6] [ERROR] [1790450450.723953767] [trajectory_generation]: FSM global planning failed
[trajectory_generator_node-6] [Manager] start point, (x, y): (-0.92, -4.45)
[trajectory_generator_node-6] [Manager] receive target, (x, y): (-4.27, 4.85)
[trajectory_generator_node-6] [Topo]: m_graph before num: 1419
[trajectory_generator_node-6] [Topo Search] No Path, No point connect to end point
[trajectory_generator_node-6] [Topo] End node is unreachable and no visible reachable guard found
[trajectory_generator_node-6] [Topo]: dijkstra time: 0.020137
[trajectory_generator_node-6] [Topo]: topo search time: 0.408570
[trajectory_generator_node-6] [Topo]: m_graph num: 2344
[trajectory_generator_node-6] [Manager PLANNING] Invalid target point，global planning failed
[trajectory_generator_node-6] [ERROR] [1790450451.151513833] [trajectory_generation]: FSM global planning failed
[trajectory_generator_node-6] [Manager] start point, (x, y): (-0.92, -4.45)
[trajectory_generator_node-6] [Manager] receive target, (x, y): (-4.27, 4.85)
[trajectory_generator_node-6] [Topo]: m_graph before num: 1419
[trajectory_generator_node-6] [Topo Search] No Path, No point connect to end point
[trajectory_generator_node-6] [Topo] End node is unreachable and no visible reachable guard found
[trajectory_generator_node-6] [Topo]: dijkstra time: 0.019398
[trajectory_generator_node-6] [Topo]: topo search time: 0.419061
[trajectory_generator_node-6] [Topo]: m_graph num: 2341
[trajectory_generator_node-6] [Manager PLANNING] Invalid target point，global planning failed
[trajectory_generator_node-6] [ERROR] [1790450451.580164221] [trajectory_generation]: FSM global planning failed
[trajectory_generator_node-6] [Manager] start point, (x, y): (-0.92, -4.45)
[trajectory_generator_node-6] [Manager] receive target, (x, y): (-4.27, 4.85)
[trajectory_generator_node-6] [Topo]: m_graph before num: 1419
[trajectory_tracking_node-8] [WARN] [1790450451.737984020] [trajectory_tracking]: trajectory tracking stopped: no valid trajectory
[trajectory_generator_node-6] [Topo Search] No Path, No point connect to end point
[trajectory_generator_node-6] [Topo] End node is unreachable and no visible reachable guard found
[trajectory_generator_node-6] [Topo]: dijkstra time: 0.019621
[trajectory_generator_node-6] [Topo]: topo search time: 0.421841
[trajectory_generator_node-6] [Topo]: m_graph num: 2331
[trajectory_generator_node-6] [Manager PLANNING] Invalid target point，global planning failed
[trajectory_generator_node-6] [ERROR] [1790450452.008572248] [trajectory_generation]: FSM global planning failed
[trajectory_generator_node-6] [Manager] start point, (x, y): (-0.92, -4.45)
[trajectory_generator_node-6] [Manager] receive target, (x, y): (-4.27, 4.85)
[trajectory_generator_node-6] [Topo]: m_graph before num: 1419
[trajectory_generator_node-6] [Topo Search] No Path, No point connect to end point
[trajectory_generator_node-6] [Topo] End node is unreachable and no visible reachable guard found
[trajectory_generator_node-6] [Topo]: dijkstra time: 0.020483
[trajectory_generator_node-6] [Topo]: topo search time: 0.533713
[trajectory_generator_node-6] [Topo]: m_graph num: 2351
[trajectory_generator_node-6] [Manager PLANNING] Invalid target point，global planning failed
[trajectory_generator_node-6] [ERROR] [1790450452.548731681] [trajectory_generation]: FSM global planning failed
[trajectory_generator_node-6] [Manager] start point, (x, y): (-0.92, -4.45)
[trajectory_generator_node-6] [Manager] receive target, (x, y): (-4.27, 4.85)
[trajectory_generator_node-6] [Topo]: m_graph before num: 1419
[trajectory_generator_node-6] [Topo Search] No Path, No point connect to end point
[trajectory_generator_node-6] [Topo] End node is unreachable and no visible reachable guard found
[trajectory_generator_node-6] [Topo]: dijkstra time: 0.015465
[trajectory_generator_node-6] [Topo]: topo search time: 0.411105
[trajectory_generator_node-6] [Topo]: m_graph num: 2333
[trajectory_generator_node-6] [Manager PLANNING] Invalid target point，global planning failed
[trajectory_generator_node-6] [ERROR] [1790450452.965750272] [trajectory_generation]: FSM global planning failed
[trajectory_generator_node-6] [Manager] start point, (x, y): (-0.92, -4.45)
[trajectory_generator_node-6] [Manager] receive target, (x, y): (-4.27, 4.85)
[trajectory_generator_node-6] [Topo]: m_graph before num: 1419
[trajectory_generator_node-6] [Topo Search] No Path, No point connect to end point
[trajectory_generator_node-6] [Topo] End node is unreachable and no visible reachable guard found
[trajectory_generator_node-6] [Topo]: dijkstra time: 0.015299
[trajectory_generator_node-6] [Topo]: topo search time: 0.423735
[trajectory_generator_node-6] [Topo]: m_graph num: 2350
[trajectory_generator_node-6] [Manager PLANNING] Invalid target point，global planning failed
[trajectory_generator_node-6] [ERROR] [1790450453.401539585] [trajectory_generation]: FSM global planning failed
[trajectory_generator_node-6] [Manager] start point, (x, y): (-0.92, -4.45)
[trajectory_generator_node-6] [Manager] receive target, (x, y): (-4.27, 4.85)
[trajectory_generator_node-6] [Topo]: m_graph before num: 1419
[trajectory_tracking_node-8] [WARN] [1790450453.738394270] [trajectory_tracking]: trajectory tracking stopped: no valid trajectory
[trajectory_generator_node-6] [Topo Search] No Path, No point connect to end point
[trajectory_generator_node-6] [Topo] End node is unreachable and no visible reachable guard found
[trajectory_generator_node-6] [Topo]: dijkstra time: 0.029250
[trajectory_generator_node-6] [Topo]: topo search time: 0.446031
[trajectory_generator_node-6] [Topo]: m_graph num: 2358
[trajectory_generator_node-6] [Manager PLANNING] Invalid target point，global planning failed
[trajectory_generator_node-6] [ERROR] [1790450453.855322149] [trajectory_generation]: FSM global planning failed
[trajectory_generator_node-6] [INFO] [1790450453.859103185] [trajectory_generation]: FSM accepted manual goal goal=(-3.22, 2.15, 0.02)
[trajectory_generator_node-6] [Manager] start point, (x, y): (-0.92, -4.45)
[trajectory_generator_node-6] [Manager] receive target, (x, y): (-3.22, 2.15)
[trajectory_generator_node-6] [Topo]: m_graph before num: 1605
[trajectory_generator_node-6] [Topo]: dijkstra time: 0.014094
[trajectory_generator_node-6] [Topo]: topo search time: 0.523325
[trajectory_generator_node-6] [Topo]: m_graph num: 2541
[trajectory_generator_node-6] [DIAG] origin_path (Dijkstra) size: 3
[trajectory_generator_node-6] [DIAG]   origin[0]: (-0.919, -4.454, 0.015)
[trajectory_generator_node-6] [DIAG]   origin[1]: (-6.269, -0.554, 0.015)
[trajectory_generator_node-6] [DIAG]   origin[2]: (-3.219, 2.146, 0.015)
[trajectory_generator_node-6] [DIAG] lineVisib(start→end DIRECT): false  colli=(-1.52,-2.75)
[trajectory_generator_node-6] [DIAG] direct line: 139 steps, 98 wall cells
[trajectory_generator_node-6] [smoothTopoPath] INPUT size=3
[trajectory_generator_node-6] [smoothTopoPath]   in[0]: (-0.919, -4.454, 0.015)
[trajectory_generator_node-6] [smoothTopoPath]   in[1]: (-6.269, -0.554, 0.015)
[trajectory_generator_node-6] [smoothTopoPath]   in[2]: (-3.219, 2.146, 0.015)
[trajectory_generator_node-6] [smoothTopoPath] lineVisib(start→end): false  colli=(-1.52,-2.75)
[trajectory_generator_node-6] [smoothTopoPath] OUTPUT size=4, iter_count=3
[trajectory_generator_node-6] [smoothTopoPath]   out[0]: (-0.919, -4.454, 0.015)
[trajectory_generator_node-6] [smoothTopoPath]   out[1]: (-6.374, -0.727, 0.015)
[trajectory_generator_node-6] [smoothTopoPath]   out[2]: (-6.073, 0.018, 0.015)
[trajectory_generator_node-6] [smoothTopoPath]   out[3]: (-3.219, 2.146, 0.015)
[trajectory_generator_node-6] [DIAG] optimized_path (smoothTopoPath) size: 4
[trajectory_generator_node-6] [DIAG]   opt[0]: (-0.919, -4.454, 0.015)
[trajectory_generator_node-6] [DIAG]   opt[1]: (-6.374, -0.727, 0.015)
[trajectory_generator_node-6] [DIAG]   opt[2]: (-6.073, 0.018, 0.015)
[trajectory_generator_node-6] [DIAG]   opt[3]: (-3.219, 2.146, 0.015)
[trajectory_generator_node-6] optimized_path size: 4
[trajectory_generator_node-6] [Manager] reference_speed: (0.30)
[trajectory_generator_node-6] [LBFGS] search direction d: -0.000130079  0.000395384 -0.000205583 -3.42286e-05  0.000131416 -0.000142127  0.000108761 -6.91499e-05  3.80828e-05 -1.76209e-05  4.71639e-06  4.74339e-06 -1.42591e-05  2.56937e-05 -3.75721e-05  4.20989e-05 -2.19822e-05 -4.70228e-05   0.00017482 -0.000322135  0.000417389 -0.000117527 -0.000246515  -5.7301e-05  9.07054e-05 -0.000346209  3.25411e-05 -0.000232079   0.00013927 -6.16148e-05 -5.01318e-07  8.30769e-05 -0.000205309  0.000116839 -0.000178849  0.000589032  7.33031e-05  -0.00024766  0.000111771  2.59993e-05  -0.00011797  0.000117854 -8.66529e-05  5.30236e-05 -2.80847e-05  1.30125e-05 -5.28146e-06  2.07367e-06 -1.44458e-06  2.38094e-06  -4.3989e-06  6.81334e-06 -7.55286e-06  1.81673e-06   1.8967e-05  -6.7124e-05  0.000159084  0.000181708 -0.000325652 -9.84133e-05  0.000106378 -0.000154583  0.000119769 -0.000188421  0.000143326  -6.7347e-05 -3.14316e-05  0.000124065 -0.000128047  0.000105492  2.68979e-05  0.000528114    0.0526067  -0.00687421   0.00275135 -0.000545916  0.000149516 -3.04932e-05  1.34544e-05  -5.1357e-06   3.6833e-06 -2.04216e-06  1.09353e-06  -3.3874e-07 -1.55863e-07   4.8316e-07  -5.9197e-07  1.62427e-06 -8.34975e-06  5.08716e-05 -0.000231791  0.000975321  -0.00284805    0.0083892   0.00645327  -0.00291219   0.00782179  -0.00310222   0.00447023  -0.00124744  0.000650783 -0.000140142  3.24301e-05  3.06471e-05  -4.3604e-05  0.000378168   0.00165793   0.00112624      0.10296
[trajectory_generator_node-6] [Smooth Optimize] MINCO reaches max evaluations: Line search reaches the maximum try number, assumptions not satisfied or precision not achievable.
[trajectory_generator_node-6] [Smooth Optimize] MINCO: cost=0.7 total_T=39.391(init 36.522) max_drift=0.104 max_vel=0.4 segs=37
[trajectory_generator_node-6] [Smooth Resample] resample
[trajectory_generator_node-6] [Smooth Resample] 38 -> 20 waypoints, 19 time segs, max_turn=82.5 deg
[trajectory_generator_node-6] [Manager] optimizer generate time: 0.007039
[trajectory_generator_node-6] [Reference] path size : 20
[trajectory_generator_node-6] [Reference] solvePolyMatrix ENTER: N=19, path_size=20, trap_time_size=19
[trajectory_generator_node-6] [Reference]   path[0]=(-0.9190,-4.4540) path[1]=(-1.4107,-4.1181) t[0]=2.847697 state_vel=(0.0000,0.0000)
[trajectory_generator_node-6] [Reference] banded solve done. b[0]=-0.189249 b[N]=-0.091369 b2[0]=0.128508 b2[N]=0.011785
[trajectory_generator_node-6] [Reference] solvePolyMatrix EXIT: polyX[0]=[0.011938 -0.094624 -0.000000 -0.919000]
[trajectory_generator_node-6] [INFO] [1790450454.397539233] [trajectory_generation]: FSM published 19 trajectory pieces
[ign-1] [1;33m[Wrn] [VelocityControl.cc:191] [0m[1;33mDetected jump back in time [[0m[1;33m-157[0m[1;33ms]. System may not work properly.[0m[1;33m[0m
[ign-1] [1;33m[Wrn] [OdometryPublisher.cc:282] [0m[1;33mDetected jump back in time [[0m[1;33m-157[0m[1;33ms]. System may not work properly.[0m[1;33m[0m
[ign-1] [1;33m[Wrn] [Physics.cc:845] [0m[1;33mDetected jump back in time [[0m[1;33m-157[0m[1;33ms]. System may not work properly.[0m[1;33m[0m
[ign-1] [1;33mWarning [World.cpp:139][0m [World] Attempting to set negative timestep. Ignoring this request because it can lead to undefined behavior.
[ign-1] [1;32m[Msg] [0m[1;32mFound no publishers on /clock, adding root clock topic[0m[1;32m[0m
[ign-1] [1;32m[Msg] [0m[1;32mLoading plugin [[0m[1;32mignition-rendering-ogre2[0m[1;32m][0m[1;32m[0m
[ign-1] [1;32m[Msg] [0m[1;32mServing scene information on [[0m[1;32m/world/sentry_planning[0m[1;32m/[0m[1;32mscene/info[0m[1;32m][0m[1;32m[0m
[ign-1] [1;32m[Msg] [0m[1;32mServing graph information on [[0m[1;32m/world/sentry_planning[0m[1;32m/[0m[1;32mscene/graph[0m[1;32m][0m[1;32m[0m
[ign-1] [1;32m[Msg] [0m[1;32mServing full state on [[0m[1;32m/world/sentry_planning[0m[1;32m/[0m[1;32mstate[0m[1;32m][0m[1;32m[0m
[ign-1] [1;32m[Msg] [0m[1;32mServing full state (async) on [[0m[1;32m/world/sentry_planning[0m[1;32m/[0m[1;32mstate_async[0m[1;32m][0m[1;32m[0m
[ign-1] [1;32m[Msg] [0m[1;32mPublishing scene information on [[0m[1;32m/world/sentry_planning/scene/info[0m[1;32m][0m[1;32m[0m
[ign-1] [1;32m[Msg] [0m[1;32mPublishing entity deletions on [[0m[1;32m/world/sentry_planning/scene/deletion[0m[1;32m][0m[1;32m[0m
[ign-1] [1;32m[Msg] [0m[1;32mPublishing state changes on [[0m[1;32m/world/sentry_planning/state[0m[1;32m][0m[1;32m[0m
[ign-1] [1;32m[Msg] [0m[1;32mPublishing pose messages on [[0m[1;32m/world/sentry_planning[0m[1;32m/[0m[1;32mpose/info[0m[1;32m][0m[1;32m[0m
[ign-1] [1;32m[Msg] [0m[1;32mPublishing dynamic pose messages on [[0m[1;32m/world/sentry_planning[0m[1;32m/[0m[1;32mdynamic_pose/info[0m[1;32m][0m[1;32m[0m
[trajectory_generator_node-6] [WARN] [1790450455.678705663] [tf2_buffer]: Detected jump back in time. Clearing TF buffer.
[rviz_safe-7] [WARN] [1790450455.678991380] [tf2_buffer]: Detected jump back in time. Clearing TF buffer.
[rviz_safe-7] [rviz_common:warning] Detected jump back in time. Resetting RViz., at ./src/rviz_common/visualization_manager.cpp:465
[trajectory_tracking_node-8] [WARN] [1790450455.679165195] [tf2_buffer]: Detected jump back in time. Clearing TF buffer.
[ign-1] [1;33m[Wrn] [Sensors.cc:593] [0m[1;33mDetected jump back in time [[0m[1;33m-157[0m[1;33ms]. System may not work properly.[0m[1;33m[0m
[cloud_adapter.py-4] Warning: TF_OLD_DATA ignoring data from the past for frame base_link at time 0.000000 according to authority default_authority
[cloud_adapter.py-4] Possible reasons are listed at http://wiki.ros.org/tf/Errors%20explained
[cloud_adapter.py-4]          at line 294 in ./src/buffer_core.cpp
[cloud_adapter.py-4] Warning: TF_OLD_DATA ignoring data from the past for frame base_link at time 0.020000 according to authority default_authority
[cloud_adapter.py-4] Possible reasons are listed at http://wiki.ros.org/tf/Errors%20explained
[cloud_adapter.py-4]          at line 294 in ./src/buffer_core.cpp
[cloud_adapter.py-4] Warning: TF_OLD_DATA ignoring data from the past for frame base_link at time 0.040000 according to authority default_authority
[cloud_adapter.py-4] Possible reasons are listed at http://wiki.ros.org/tf/Errors%20explained
[cloud_adapter.py-4]          at line 294 in ./src/buffer_core.cpp
[cloud_adapter.py-4] Warning: TF_OLD_DATA ignoring data from the past for frame base_link at time 0.060000 according to authority default_authority
[cloud_adapter.py-4] Possible reasons are listed at http://wiki.ros.org/tf/Errors%20explained
[cloud_adapter.py-4]          at line 294 in ./src/buffer_core.cpp
[cloud_adapter.py-4] Warning: TF_OLD_DATA ignoring data from the past for frame base_link at time 0.080000 according to authority default_authority
[cloud_adapter.py-4] Possible reasons are listed at http://wiki.ros.org/tf/Errors%20explained
[cloud_adapter.py-4]          at line 294 in ./src/buffer_core.cpp
[cloud_adapter.py-4] Warning: TF_OLD_DATA ignoring data from the past for frame base_link at time 0.100000 according to authority default_authority
[cloud_adapter.py-4] Possible reasons are listed at http://wiki.ros.org/tf/Errors%20explained
[cloud_adapter.py-4]          at line 294 in ./src/buffer_core.cpp
[cloud_adapter.py-4] Warning: TF_OLD_DATA ignoring data from the past for frame base_link at time 0.120000 according to authority default_authority
[cloud_adapter.py-4] Possible reasons are listed at http://wiki.ros.org/tf/Errors%20explained
[cloud_adapter.py-4]          at line 294 in ./src/buffer_core.cpp
[cloud_adapter.py-4] Warning: TF_OLD_DATA ignoring data from the past for frame base_link at time 0.140000 according to authority default_authority
[cloud_adapter.py-4] Possible reasons are listed at http://wiki.ros.org/tf/Errors%20explained
[cloud_adapter.py-4]          at line 294 in ./src/buffer_core.cpp
[cloud_adapter.py-4] Warning: TF_OLD_DATA ignoring data from the past for frame base_link at time 0.160000 according to authority default_authority
[cloud_adapter.py-4] Possible reasons are listed at http://wiki.ros.org/tf/Errors%20explained
[cloud_adapter.py-4]          at line 294 in ./src/buffer_core.cpp
[cloud_adapter.py-4] Warning: TF_OLD_DATA ignoring data from the past for frame base_link at time 0.180000 according to authority default_authority
[cloud_adapter.py-4] Possible reasons are listed at http://wiki.ros.org/tf/Errors%20explained
[cloud_adapter.py-4]          at line 294 in ./src/buffer_core.cpp
[cloud_adapter.py-4] Warning: TF_OLD_DATA ignoring data from the past for frame base_link at time 0.200000 according to authority default_authority
[cloud_adapter.py-4] Possible reasons are listed at http://wiki.ros.org/tf/Errors%20explained
[cloud_adapter.py-4]          at line 294 in ./src/buffer_core.cpp
[cloud_adapter.py-4] Warning: TF_OLD_DATA ignoring data from the past for frame base_link at time 0.220000 according to authority default_authority
[cloud_adapter.py-4] Possible reasons are listed at http://wiki.ros.org/tf/Errors%20explained
[cloud_adapter.py-4]          at line 294 in ./src/buffer_core.cpp
[cloud_adapter.py-4] Warning: TF_OLD_DATA ignoring data from the past for frame base_link at time 0.240000 according to authority default_authority
[cloud_adapter.py-4] Possible reasons are listed at http://wiki.ros.org/tf/Errors%20explained
[cloud_adapter.py-4]          at line 294 in ./src/buffer_core.cpp
[cloud_adapter.py-4] Warning: TF_OLD_DATA ignoring data from the past for frame base_link at time 0.260000 according to authority default_authority
[cloud_adapter.py-4] Possible reasons are listed at http://wiki.ros.org/tf/Errors%20explained
[cloud_adapter.py-4]          at line 294 in ./src/buffer_core.cpp
[cloud_adapter.py-4] Warning: TF_OLD_DATA ignoring data from the past for frame base_link at time 0.280000 according to authority default_authority
[cloud_adapter.py-4] Possible reasons are listed at http://wiki.ros.org/tf/Errors%20explained
[cloud_adapter.py-4]          at line 294 in ./src/buffer_core.cpp
[cloud_adapter.py-4] Warning: TF_OLD_DATA ignoring data from the past for frame base_link at time 0.300000 according to authority default_authority
[cloud_adapter.py-4] Possible reasons are listed at http://wiki.ros.org/tf/Errors%20explained
[cloud_adapter.py-4]          at line 294 in ./src/buffer_core.cpp
[cloud_adapter.py-4] Warning: TF_OLD_DATA ignoring data from the past for frame base_link at time 0.320000 according to authority default_authority
[cloud_adapter.py-4] Possible reasons are listed at http://wiki.ros.org/tf/Errors%20explained
[cloud_adapter.py-4]          at line 294 in ./src/buffer_core.cpp
[cloud_adapter.py-4] Warning: TF_OLD_DATA ignoring data from the past for frame base_link at time 0.340000 according to authority default_authority
[cloud_adapter.py-4] Possible reasons are listed at http://wiki.ros.org/tf/Errors%20explained
[cloud_adapter.py-4]          at line 294 in ./src/buffer_core.cpp
[cloud_adapter.py-4] Warning: TF_OLD_DATA ignoring data from the past for frame base_link at time 0.360000 according to authority default_authority
[cloud_adapter.py-4] Possible reasons are listed at http://wiki.ros.org/tf/Errors%20explained
[cloud_adapter.py-4]          at line 294 in ./src/buffer_core.cpp
[cloud_adapter.py-4] Warning: TF_OLD_DATA ignoring data from the past for frame base_link at time 0.380000 according to authority default_authority
[cloud_adapter.py-4] Possible reasons are listed at http://wiki.ros.org/tf/Errors%20explained
[cloud_adapter.py-4]          at line 294 in ./src/buffer_core.cpp
[cloud_adapter.py-4] Warning: TF_OLD_DATA ignoring data from the past for frame base_link at time 0.400000 according to authority default_authority
[cloud_adapter.py-4] Possible reasons are listed at http://wiki.ros.org/tf/Errors%20explained
[cloud_adapter.py-4]          at line 294 in ./src/buffer_core.cpp
[cloud_adapter.py-4] Warning: TF_OLD_DATA ignoring data from the past for frame base_link at time 0.420000 according to authority default_authority
[cloud_adapter.py-4] Possible reasons are listed at http://wiki.ros.org/tf/Errors%20explained
[cloud_adapter.py-4]          at line 294 in ./src/buffer_core.cpp
[cloud_adapter.py-4] Warning: TF_OLD_DATA ignoring data from the past for frame base_link at time 0.440000 according to authority default_authority
[cloud_adapter.py-4] Possible reasons are listed at http://wiki.ros.org/tf/Errors%20explained
[cloud_adapter.py-4]          at line 294 in ./src/buffer_core.cpp
[cloud_adapter.py-4] Warning: TF_OLD_DATA ignoring data from the past for frame base_link at time 0.460000 according to authority default_authority
[cloud_adapter.py-4] Possible reasons are listed at http://wiki.ros.org/tf/Errors%20explained
[cloud_adapter.py-4]          at line 294 in ./src/buffer_core.cpp
[cloud_adapter.py-4] Warning: TF_OLD_DATA ignoring data from the past for frame base_link at time 0.480000 according to authority default_authority
[cloud_adapter.py-4] Possible reasons are listed at http://wiki.ros.org/tf/Errors%20explained
[cloud_adapter.py-4]          at line 294 in ./src/buffer_core.cpp
[cloud_adapter.py-4] Warning: TF_OLD_DATA ignoring data from the past for frame base_link at time 0.500000 according to authority default_authority
[cloud_adapter.py-4] Possible reasons are listed at http://wiki.ros.org/tf/Errors%20explained
[cloud_adapter.py-4]          at line 294 in ./src/buffer_core.cpp
[cloud_adapter.py-4] Warning: TF_OLD_DATA ignoring data from the past for frame base_link at time 0.520000 according to authority default_authority
[cloud_adapter.py-4] Possible reasons are listed at http://wiki.ros.org/tf/Errors%20explained
[cloud_adapter.py-4]          at line 294 in ./src/buffer_core.cpp
[cloud_adapter.py-4] Warning: TF_OLD_DATA ignoring data from the past for frame base_link at time 0.540000 according to authority default_authority
[cloud_adapter.py-4] Possible reasons are listed at http://wiki.ros.org/tf/Errors%20explained
[cloud_adapter.py-4]          at line 294 in ./src/buffer_core.cpp
[cloud_adapter.py-4] Warning: TF_OLD_DATA ignoring data from the past for frame base_link at time 0.560000 according to authority default_authority
[cloud_adapter.py-4] Possible reasons are listed at http://wiki.ros.org/tf/Errors%20explained
[cloud_adapter.py-4]          at line 294 in ./src/buffer_core.cpp
[cloud_adapter.py-4] Warning: TF_OLD_DATA ignoring data from the past for frame base_link at time 0.580000 according to authority default_authority
[cloud_adapter.py-4] Possible reasons are listed at http://wiki.ros.org/tf/Errors%20explained
[cloud_adapter.py-4]          at line 294 in ./src/buffer_core.cpp
[cloud_adapter.py-4] Warning: TF_OLD_DATA ignoring data from the past for frame base_link at time 0.600000 according to authority default_authority
[cloud_adapter.py-4] Possible reasons are listed at http://wiki.ros.org/tf/Errors%20explained
[cloud_adapter.py-4]          at line 294 in ./src/buffer_core.cpp
[cloud_adapter.py-4] Warning: TF_OLD_DATA ignoring data from the past for frame base_link at time 0.620000 according to authority default_authority
[cloud_adapter.py-4] Possible reasons are listed at http://wiki.ros.org/tf/Errors%20explained
[cloud_adapter.py-4]          at line 294 in ./src/buffer_core.cpp
[cloud_adapter.py-4] Warning: TF_OLD_DATA ignoring data from the past for frame base_link at time 0.640000 according to authority default_authority
[cloud_adapter.py-4] Possible reasons are listed at http://wiki.ros.org/tf/Errors%20explained
[cloud_adapter.py-4]          at line 294 in ./src/buffer_core.cpp
[cloud_adapter.py-4] Warning: TF_OLD_DATA ignoring data from the past for frame base_link at time 0.660000 according to authority default_authority
[cloud_adapter.py-4] Possible reasons are listed at http://wiki.ros.org/tf/Errors%20explained
[cloud_adapter.py-4]          at line 294 in ./src/buffer_core.cpp
[cloud_adapter.py-4] Warning: TF_OLD_DATA ignoring data from the past for frame base_link at time 0.680000 according to authority default_authority
[cloud_adapter.py-4] Possible reasons are listed at http://wiki.ros.org/tf/Errors%20explained
[cloud_adapter.py-4]          at line 294 in ./src/buffer_core.cpp
[cloud_adapter.py-4] Warning: TF_OLD_DATA ignoring data from the past for frame base_link at time 0.700000 according to authority default_authority
[cloud_adapter.py-4] Possible reasons are listed at http://wiki.ros.org/tf/Errors%20explained
[cloud_adapter.py-4]          at line 294 in ./src/buffer_core.cpp
[cloud_adapter.py-4] Warning: TF_OLD_DATA ignoring data from the past for frame base_link at time 0.720000 according to authority default_authority
[cloud_adapter.py-4] Possible reasons are listed at http://wiki.ros.org/tf/Errors%20explained
[cloud_adapter.py-4]          at line 294 in ./src/buffer_core.cpp
[cloud_adapter.py-4] Warning: TF_OLD_DATA ignoring data from the past for frame base_link at time 0.740000 according to authority default_authority
[cloud_adapter.py-4] Possible reasons are listed at http://wiki.ros.org/tf/Errors%20explained
[cloud_adapter.py-4]          at line 294 in ./src/buffer_core.cpp
[cloud_adapter.py-4] Warning: TF_OLD_DATA ignoring data from the past for frame base_link at time 0.760000 according to authority default_authority
[cloud_adapter.py-4] Possible reasons are listed at http://wiki.ros.org/tf/Errors%20explained
[cloud_adapter.py-4]          at line 294 in ./src/buffer_core.cpp
[cloud_adapter.py-4] Warning: TF_OLD_DATA ignoring data from the past for frame base_link at time 0.780000 according to authority default_authority
[cloud_adapter.py-4] Possible reasons are listed at http://wiki.ros.org/tf/Errors%20explained
[cloud_adapter.py-4]          at line 294 in ./src/buffer_core.cpp
[cloud_adapter.py-4] Warning: TF_OLD_DATA ignoring data from the past for frame base_link at time 0.800000 according to authority default_authority
[cloud_adapter.py-4] Possible reasons are listed at http://wiki.ros.org/tf/Errors%20explained
[cloud_adapter.py-4]          at line 294 in ./src/buffer_core.cpp
[cloud_adapter.py-4] Warning: TF_OLD_DATA ignoring data from the past for frame base_link at time 0.820000 according to authority default_authority
[cloud_adapter.py-4] Possible reasons are listed at http://wiki.ros.org/tf/Errors%20explained
[cloud_adapter.py-4]          at line 294 in ./src/buffer_core.cpp
[cloud_adapter.py-4] Warning: TF_OLD_DATA ignoring data from the past for frame base_link at time 0.840000 according to authority default_authority
[cloud_adapter.py-4] Possible reasons are listed at http://wiki.ros.org/tf/Errors%20explained
[cloud_adapter.py-4]          at line 294 in ./src/buffer_core.cpp
[cloud_adapter.py-4] Warning: TF_OLD_DATA ignoring data from the past for frame base_link at time 0.860000 according to authority default_authority
[cloud_adapter.py-4] Possible reasons are listed at http://wiki.ros.org/tf/Errors%20explained
[cloud_adapter.py-4]          at line 294 in ./src/buffer_core.cpp
[cloud_adapter.py-4] Warning: TF_OLD_DATA ignoring data from the past for frame base_link at time 0.880000 according to authority default_authority
[cloud_adapter.py-4] Possible reasons are listed at http://wiki.ros.org/tf/Errors%20explained
[cloud_adapter.py-4]          at line 294 in ./src/buffer_core.cpp
[cloud_adapter.py-4] Warning: TF_OLD_DATA ignoring data from the past for frame base_link at time 0.900000 according to authority default_authority
[cloud_adapter.py-4] Possible reasons are listed at http://wiki.ros.org/tf/Errors%20explained
[cloud_adapter.py-4]          at line 294 in ./src/buffer_core.cpp
[cloud_adapter.py-4] Warning: TF_OLD_DATA ignoring data from the past for frame base_link at time 0.920000 according to authority default_authority
[cloud_adapter.py-4] Possible reasons are listed at http://wiki.ros.org/tf/Errors%20explained
[cloud_adapter.py-4]          at line 294 in ./src/buffer_core.cpp
[cloud_adapter.py-4] Warning: TF_OLD_DATA ignoring data from the past for frame base_link at time 0.940000 according to authority default_authority
[cloud_adapter.py-4] Possible reasons are listed at http://wiki.ros.org/tf/Errors%20explained
[cloud_adapter.py-4]          at line 294 in ./src/buffer_core.cpp
[cloud_adapter.py-4] Warning: TF_OLD_DATA ignoring data from the past for frame base_link at time 0.960000 according to authority default_authority
[cloud_adapter.py-4] Possible reasons are listed at http://wiki.ros.org/tf/Errors%20explained
[cloud_adapter.py-4]          at line 294 in ./src/buffer_core.cpp
[cloud_adapter.py-4] Warning: TF_OLD_DATA ignoring data from the past for frame base_link at time 0.980000 according to authority default_authority
[cloud_adapter.py-4] Possible reasons are listed at http://wiki.ros.org/tf/Errors%20explained
[cloud_adapter.py-4]          at line 294 in ./src/buffer_core.cpp
[cloud_adapter.py-4] Warning: TF_OLD_DATA ignoring data from the past for frame base_link at time 1.000000 according to authority default_authority
[cloud_adapter.py-4] Possible reasons are listed at http://wiki.ros.org/tf/Errors%20explained
[cloud_adapter.py-4]          at line 294 in ./src/buffer_core.cpp
[cloud_adapter.py-4] Warning: TF_OLD_DATA ignoring data from the past for frame base_link at time 1.020000 according to authority default_authority
[cloud_adapter.py-4] Possible reasons are listed at http://wiki.ros.org/tf/Errors%20explained
[cloud_adapter.py-4]          at line 294 in ./src/buffer_core.cpp
[cloud_adapter.py-4] Warning: TF_OLD_DATA ignoring data from the past for frame base_link at time 1.040000 according to authority default_authority
[cloud_adapter.py-4] Possible reasons are listed at http://wiki.ros.org/tf/Errors%20explained
[cloud_adapter.py-4]          at line 294 in ./src/buffer_core.cpp
[cloud_adapter.py-4] Warning: TF_OLD_DATA ignoring data from the past for frame base_link at time 1.060000 according to authority default_authority
[cloud_adapter.py-4] Possible reasons are listed at http://wiki.ros.org/tf/Errors%20explained
[cloud_adapter.py-4]          at line 294 in ./src/buffer_core.cpp
[cloud_adapter.py-4] Warning: TF_OLD_DATA ignoring data from the past for frame base_link at time 1.080000 according to authority default_authority
[cloud_adapter.py-4] Possible reasons are listed at http://wiki.ros.org/tf/Errors%20explained
[cloud_adapter.py-4]          at line 294 in ./src/buffer_core.cpp
[cloud_adapter.py-4] Warning: TF_OLD_DATA ignoring data from the past for frame base_link at time 1.100000 according to authority default_authority
[cloud_adapter.py-4] Possible reasons are listed at http://wiki.ros.org/tf/Errors%20explained
[cloud_adapter.py-4]          at line 294 in ./src/buffer_core.cpp
[cloud_adapter.py-4] Warning: TF_OLD_DATA ignoring data from the past for frame base_link at time 1.120000 according to authority default_authority
[cloud_adapter.py-4] Possible reasons are listed at http://wiki.ros.org/tf/Errors%20explained
[cloud_adapter.py-4]          at line 294 in ./src/buffer_core.cpp
[cloud_adapter.py-4] Warning: TF_OLD_DATA ignoring data from the past for frame base_link at time 1.140000 according to authority default_authority
[cloud_adapter.py-4] Possible reasons are listed at http://wiki.ros.org/tf/Errors%20explained
[cloud_adapter.py-4]          at line 294 in ./src/buffer_core.cpp
[cloud_adapter.py-4] Warning: TF_OLD_DATA ignoring data from the past for frame base_link at time 1.160000 according to authority default_authority
[cloud_adapter.py-4] Possible reasons are listed at http://wiki.ros.org/tf/Errors%20explained
[cloud_adapter.py-4]          at line 294 in ./src/buffer_core.cpp
[cloud_adapter.py-4] Warning: TF_OLD_DATA ignoring data from the past for frame base_link at time 1.180000 according to authority default_authority
[cloud_adapter.py-4] Possible reasons are listed at http://wiki.ros.org/tf/Errors%20explained
[cloud_adapter.py-4]          at line 294 in ./src/buffer_core.cpp
[cloud_adapter.py-4] Warning: TF_OLD_DATA ignoring data from the past for frame base_link at time 1.200000 according to authority default_authority
[cloud_adapter.py-4] Possible reasons are listed at http://wiki.ros.org/tf/Errors%20explained
[cloud_adapter.py-4]          at line 294 in ./src/buffer_core.cpp
[cloud_adapter.py-4] Warning: TF_OLD_DATA ignoring data from the past for frame base_link at time 1.220000 according to authority default_authority
[cloud_adapter.py-4] Possible reasons are listed at http://wiki.ros.org/tf/Errors%20explained
[cloud_adapter.py-4]          at line 294 in ./src/buffer_core.cpp
[cloud_adapter.py-4] Warning: TF_OLD_DATA ignoring data from the past for frame base_link at time 1.240000 according to authority default_authority
[cloud_adapter.py-4] Possible reasons are listed at http://wiki.ros.org/tf/Errors%20explained
[cloud_adapter.py-4]          at line 294 in ./src/buffer_core.cpp
[cloud_adapter.py-4] Warning: TF_OLD_DATA ignoring data from the past for frame base_link at time 1.260000 according to authority default_authority
[cloud_adapter.py-4] Possible reasons are listed at http://wiki.ros.org/tf/Errors%20explained
[cloud_adapter.py-4]          at line 294 in ./src/buffer_core.cpp
[cloud_adapter.py-4] Warning: TF_OLD_DATA ignoring data from the past for frame base_link at time 1.280000 according to authority default_authority
[cloud_adapter.py-4] Possible reasons are listed at http://wiki.ros.org/tf/Errors%20explained
[cloud_adapter.py-4]          at line 294 in ./src/buffer_core.cpp
[cloud_adapter.py-4] Warning: TF_OLD_DATA ignoring data from the past for frame base_link at time 1.300000 according to authority default_authority
[cloud_adapter.py-4] Possible reasons are listed at http://wiki.ros.org/tf/Errors%20explained
[cloud_adapter.py-4]          at line 294 in ./src/buffer_core.cpp
[cloud_adapter.py-4] Warning: TF_OLD_DATA ignoring data from the past for frame base_link at time 1.320000 according to authority default_authority
[cloud_adapter.py-4] Possible reasons are listed at http://wiki.ros.org/tf/Errors%20explained
[cloud_adapter.py-4]          at line 294 in ./src/buffer_core.cpp
[cloud_adapter.py-4] Warning: TF_OLD_DATA ignoring data from the past for frame base_link at time 1.340000 according to authority default_authority
[cloud_adapter.py-4] Possible reasons are listed at http://wiki.ros.org/tf/Errors%20explained
[cloud_adapter.py-4]          at line 294 in ./src/buffer_core.cpp
[cloud_adapter.py-4] Warning: TF_OLD_DATA ignoring data from the past for frame base_link at time 1.360000 according to authority default_authority
[cloud_adapter.py-4] Possible reasons are listed at http://wiki.ros.org/tf/Errors%20explained
[cloud_adapter.py-4]          at line 294 in ./src/buffer_core.cpp
[cloud_adapter.py-4] Warning: TF_OLD_DATA ignoring data from the past for frame base_link at time 1.380000 according to authority default_authority
[cloud_adapter.py-4] Possible reasons are listed at http://wiki.ros.org/tf/Errors%20explained
[cloud_adapter.py-4]          at line 294 in ./src/buffer_core.cpp
[cloud_adapter.py-4] Warning: TF_OLD_DATA ignoring data from the past for frame base_link at time 1.400000 according to authority default_authority
[cloud_adapter.py-4] Possible reasons are listed at http://wiki.ros.org/tf/Errors%20explained
[cloud_adapter.py-4]          at line 294 in ./src/buffer_core.cpp
[cloud_adapter.py-4] Warning: TF_OLD_DATA ignoring data from the past for frame base_link at time 1.420000 according to authority default_authority
[cloud_adapter.py-4] Possible reasons are listed at http://wiki.ros.org/tf/Errors%20explained
[cloud_adapter.py-4]          at line 294 in ./src/buffer_core.cpp
[cloud_adapter.py-4] Warning: TF_OLD_DATA ignoring data from the past for frame base_link at time 1.440000 according to authority default_authority
[cloud_adapter.py-4] Possible reasons are listed at http://wiki.ros.org/tf/Errors%20explained
[cloud_adapter.py-4]          at line 294 in ./src/buffer_core.cpp
[cloud_adapter.py-4] Warning: TF_OLD_DATA ignoring data from the past for frame base_link at time 1.460000 according to authority default_authority
[cloud_adapter.py-4] Possible reasons are listed at http://wiki.ros.org/tf/Errors%20explained
[cloud_adapter.py-4]          at line 294 in ./src/buffer_core.cpp
[cloud_adapter.py-4] Warning: TF_OLD_DATA ignoring data from the past for frame base_link at time 1.480000 according to authority default_authority
[cloud_adapter.py-4] Possible reasons are listed at http://wiki.ros.org/tf/Errors%20explained
[cloud_adapter.py-4]          at line 294 in ./src/buffer_core.cpp
[cloud_adapter.py-4] Warning: TF_OLD_DATA ignoring data from the past for frame base_link at time 1.500000 according to authority default_authority
[cloud_adapter.py-4] Possible reasons are listed at http://wiki.ros.org/tf/Errors%20explained
[cloud_adapter.py-4]          at line 294 in ./src/buffer_core.cpp
[cloud_adapter.py-4] Warning: TF_OLD_DATA ignoring data from the past for frame base_link at time 1.520000 according to authority default_authority
[cloud_adapter.py-4] Possible reasons are listed at http://wiki.ros.org/tf/Errors%20explained
[cloud_adapter.py-4]          at line 294 in ./src/buffer_core.cpp
[cloud_adapter.py-4] Warning: TF_OLD_DATA ignoring data from the past for frame base_link at time 1.540000 according to authority default_authority
[cloud_adapter.py-4] Possible reasons are listed at http://wiki.ros.org/tf/Errors%20explained
[cloud_adapter.py-4]          at line 294 in ./src/buffer_core.cpp
[cloud_adapter.py-4] Warning: TF_OLD_DATA ignoring data from the past for frame base_link at time 1.560000 according to authority default_authority
[cloud_adapter.py-4] Possible reasons are listed at http://wiki.ros.org/tf/Errors%20explained
[cloud_adapter.py-4]          at line 294 in ./src/buffer_core.cpp
[cloud_adapter.py-4] Warning: TF_OLD_DATA ignoring data from the past for frame base_link at time 1.580000 according to authority default_authority
[cloud_adapter.py-4] Possible reasons are listed at http://wiki.ros.org/tf/Errors%20explained
[cloud_adapter.py-4]          at line 294 in ./src/buffer_core.cpp
[cloud_adapter.py-4] Warning: TF_OLD_DATA ignoring data from the past for frame base_link at time 1.600000 according to authority default_authority
[cloud_adapter.py-4] Possible reasons are listed at http://wiki.ros.org/tf/Errors%20explained
[cloud_adapter.py-4]          at line 294 in ./src/buffer_core.cpp
[cloud_adapter.py-4] Warning: TF_OLD_DATA ignoring data from the past for frame base_link at time 1.620000 according to authority default_authority
[cloud_adapter.py-4] Possible reasons are listed at http://wiki.ros.org/tf/Errors%20explained
[cloud_adapter.py-4]          at line 294 in ./src/buffer_core.cpp
[cloud_adapter.py-4] Warning: TF_OLD_DATA ignoring data from the past for frame base_link at time 1.640000 according to authority default_authority
[cloud_adapter.py-4] Possible reasons are listed at http://wiki.ros.org/tf/Errors%20explained
[cloud_adapter.py-4]          at line 294 in ./src/buffer_core.cpp
[cloud_adapter.py-4] Warning: TF_OLD_DATA ignoring data from the past for frame base_link at time 1.660000 according to authority default_authority
[cloud_adapter.py-4] Possible reasons are listed at http://wiki.ros.org/tf/Errors%20explained
[cloud_adapter.py-4]          at line 294 in ./src/buffer_core.cpp
[cloud_adapter.py-4] Warning: TF_OLD_DATA ignoring data from the past for frame base_link at time 1.680000 according to authority default_authority
[cloud_adapter.py-4] Possible reasons are listed at http://wiki.ros.org/tf/Errors%20explained
[cloud_adapter.py-4]          at line 294 in ./src/buffer_core.cpp
[cloud_adapter.py-4] Warning: TF_OLD_DATA ignoring data from the past for frame base_link at time 1.700000 according to authority default_authority
[cloud_adapter.py-4] Possible reasons are listed at http://wiki.ros.org/tf/Errors%20explained
[cloud_adapter.py-4]          at line 294 in ./src/buffer_core.cpp
[cloud_adapter.py-4] Warning: TF_OLD_DATA ignoring data from the past for frame base_link at time 1.720000 according to authority default_authority
[cloud_adapter.py-4] Possible reasons are listed at http://wiki.ros.org/tf/Errors%20explained
[cloud_adapter.py-4]          at line 294 in ./src/buffer_core.cpp
[cloud_adapter.py-4] Warning: TF_OLD_DATA ignoring data from the past for frame base_link at time 1.740000 according to authority default_authority
[cloud_adapter.py-4] Possible reasons are listed at http://wiki.ros.org/tf/Errors%20explained
[cloud_adapter.py-4]          at line 294 in ./src/buffer_core.cpp
[cloud_adapter.py-4] Warning: TF_OLD_DATA ignoring data from the past for frame base_link at time 1.760000 according to authority default_authority
[cloud_adapter.py-4] Possible reasons are listed at http://wiki.ros.org/tf/Errors%20explained
[cloud_adapter.py-4]          at line 294 in ./src/buffer_core.cpp
[cloud_adapter.py-4] Warning: TF_OLD_DATA ignoring data from the past for frame base_link at time 1.780000 according to authority default_authority
[cloud_adapter.py-4] Possible reasons are listed at http://wiki.ros.org/tf/Errors%20explained
[cloud_adapter.py-4]          at line 294 in ./src/buffer_core.cpp
[cloud_adapter.py-4] Warning: TF_OLD_DATA ignoring data from the past for frame base_link at time 1.800000 according to authority default_authority
[cloud_adapter.py-4] Possible reasons are listed at http://wiki.ros.org/tf/Errors%20explained
[cloud_adapter.py-4]          at line 294 in ./src/buffer_core.cpp
[cloud_adapter.py-4] Warning: TF_OLD_DATA ignoring data from the past for frame base_link at time 1.820000 according to authority default_authority
[cloud_adapter.py-4] Possible reasons are listed at http://wiki.ros.org/tf/Errors%20explained
[cloud_adapter.py-4]          at line 294 in ./src/buffer_core.cpp
[cloud_adapter.py-4] Warning: TF_OLD_DATA ignoring data from the past for frame base_link at time 1.840000 according to authority default_authority
[cloud_adapter.py-4] Possible reasons are listed at http://wiki.ros.org/tf/Errors%20explained
[cloud_adapter.py-4]          at line 294 in ./src/buffer_core.cpp
[cloud_adapter.py-4] Warning: TF_OLD_DATA ignoring data from the past for frame base_link at time 1.860000 according to authority default_authority
[cloud_adapter.py-4] Possible reasons are listed at http://wiki.ros.org/tf/Errors%20explained
[cloud_adapter.py-4]          at line 294 in ./src/buffer_core.cpp
[cloud_adapter.py-4] Warning: TF_OLD_DATA ignoring data from the past for frame base_link at time 1.880000 according to authority default_authority
[cloud_adapter.py-4] Possible reasons are listed at http://wiki.ros.org/tf/Errors%20explained
[cloud_adapter.py-4]          at line 294 in ./src/buffer_core.cpp
[cloud_adapter.py-4] Warning: TF_OLD_DATA ignoring data from the past for frame base_link at time 1.900000 according to authority default_authority
[cloud_adapter.py-4] Possible reasons are listed at http://wiki.ros.org/tf/Errors%20explained
[cloud_adapter.py-4]          at line 294 in ./src/buffer_core.cpp
[rviz_safe-7] [rviz_common:debug] Load pixmap at package://rviz_common/icons/ok.png, at ./src/rviz_common/load_resource.cpp:71
[rviz_safe-7] [rviz_common:debug] Load pixmap at package://rviz_common/icons/warning.png, at ./src/rviz_common/load_resource.cpp:71
[rviz_safe-7] [rviz_common:debug] Load pixmap at package://rviz_common/icons/error.png, at ./src/rviz_common/load_resource.cpp:71
[cloud_adapter.py-4] Warning: TF_OLD_DATA ignoring data from the past for frame base_link at time 1.920000 according to authority default_authority
[cloud_adapter.py-4] Possible reasons are listed at http://wiki.ros.org/tf/Errors%20explained
[cloud_adapter.py-4]          at line 294 in ./src/buffer_core.cpp
[cloud_adapter.py-4] Warning: TF_OLD_DATA ignoring data from the past for frame base_link at time 1.940000 according to authority default_authority
[cloud_adapter.py-4] Possible reasons are listed at http://wiki.ros.org/tf/Errors%20explained
[cloud_adapter.py-4]          at line 294 in ./src/buffer_core.cpp
[cloud_adapter.py-4] Warning: TF_OLD_DATA ignoring data from the past for frame base_link at time 1.960000 according to authority default_authority
[cloud_adapter.py-4] Possible reasons are listed at http://wiki.ros.org/tf/Errors%20explained
[cloud_adapter.py-4]          at line 294 in ./src/buffer_core.cpp
[cloud_adapter.py-4] Warning: TF_OLD_DATA ignoring data from the past for frame base_link at time 1.980000 according to authority default_authority
[cloud_adapter.py-4] Possible reasons are listed at http://wiki.ros.org/tf/Errors%20explained
[cloud_adapter.py-4]          at line 294 in ./src/buffer_core.cpp
[cloud_adapter.py-4] Warning: TF_OLD_DATA ignoring data from the past for frame base_link at time 2.000000 according to authority default_authority
[cloud_adapter.py-4] Possible reasons are listed at http://wiki.ros.org/tf/Errors%20explained
[cloud_adapter.py-4]          at line 294 in ./src/buffer_core.cpp
[cloud_adapter.py-4] Warning: TF_OLD_DATA ignoring data from the past for frame base_link at time 2.020000 according to authority default_authority
[cloud_adapter.py-4] Possible reasons are listed at http://wiki.ros.org/tf/Errors%20explained
[cloud_adapter.py-4]          at line 294 in ./src/buffer_core.cpp
[cloud_adapter.py-4] Warning: TF_OLD_DATA ignoring data from the past for frame base_link at time 2.040000 according to authority default_authority
[cloud_adapter.py-4] Possible reasons are listed at http://wiki.ros.org/tf/Errors%20explained
[cloud_adapter.py-4]          at line 294 in ./src/buffer_core.cpp
[cloud_adapter.py-4] Warning: TF_OLD_DATA ignoring data from the past for frame base_link at time 2.060000 according to authority default_authority
[cloud_adapter.py-4] Possible reasons are listed at http://wiki.ros.org/tf/Errors%20explained
[cloud_adapter.py-4]          at line 294 in ./src/buffer_core.cpp
[cloud_adapter.py-4] Warning: TF_OLD_DATA ignoring data from the past for frame base_link at time 2.080000 according to authority default_authority
[cloud_adapter.py-4] Possible reasons are listed at http://wiki.ros.org/tf/Errors%20explained
[cloud_adapter.py-4]          at line 294 in ./src/buffer_core.cpp
[cloud_adapter.py-4] Warning: TF_OLD_DATA ignoring data from the past for frame base_link at time 2.100000 according to authority default_authority
[cloud_adapter.py-4] Possible reasons are listed at http://wiki.ros.org/tf/Errors%20explained
[cloud_adapter.py-4]          at line 294 in ./src/buffer_core.cpp
[cloud_adapter.py-4] Warning: TF_OLD_DATA ignoring data from the past for frame base_link at time 2.120000 according to authority default_authority
[cloud_adapter.py-4] Possible reasons are listed at http://wiki.ros.org/tf/Errors%20explained
[cloud_adapter.py-4]          at line 294 in ./src/buffer_core.cpp
[cloud_adapter.py-4] Warning: TF_OLD_DATA ignoring data from the past for frame base_link at time 2.140000 according to authority default_authority
[cloud_adapter.py-4] Possible reasons are listed at http://wiki.ros.org/tf/Errors%20explained
[cloud_adapter.py-4]          at line 294 in ./src/buffer_core.cpp
[cloud_adapter.py-4] Warning: TF_OLD_DATA ignoring data from the past for frame base_link at time 2.160000 according to authority default_authority
[cloud_adapter.py-4] Possible reasons are listed at http://wiki.ros.org/tf/Errors%20explained
[cloud_adapter.py-4]          at line 294 in ./src/buffer_core.cpp
[cloud_adapter.py-4] Warning: TF_OLD_DATA ignoring data from the past for frame base_link at time 2.180000 according to authority default_authority
[cloud_adapter.py-4] Possible reasons are listed at http://wiki.ros.org/tf/Errors%20explained
[cloud_adapter.py-4]          at line 294 in ./src/buffer_core.cpp
[cloud_adapter.py-4] Warning: TF_OLD_DATA ignoring data from the past for frame base_link at time 2.200000 according to authority default_authority
[cloud_adapter.py-4] Possible reasons are listed at http://wiki.ros.org/tf/Errors%20explained
[cloud_adapter.py-4]          at line 294 in ./src/buffer_core.cpp
[cloud_adapter.py-4] Warning: TF_OLD_DATA ignoring data from the past for frame base_link at time 2.220000 according to authority default_authority
[cloud_adapter.py-4] Possible reasons are listed at http://wiki.ros.org/tf/Errors%20explained
[cloud_adapter.py-4]          at line 294 in ./src/buffer_core.cpp
[cloud_adapter.py-4] Warning: TF_OLD_DATA ignoring data from the past for frame base_link at time 2.240000 according to authority default_authority
[cloud_adapter.py-4] Possible reasons are listed at http://wiki.ros.org/tf/Errors%20explained
[cloud_adapter.py-4]          at line 294 in ./src/buffer_core.cpp
[cloud_adapter.py-4] Warning: TF_OLD_DATA ignoring data from the past for frame base_link at time 2.260000 according to authority default_authority
[cloud_adapter.py-4] Possible reasons are listed at http://wiki.ros.org/tf/Errors%20explained
[cloud_adapter.py-4]          at line 294 in ./src/buffer_core.cpp
[cloud_adapter.py-4] Warning: TF_OLD_DATA ignoring data from the past for frame base_link at time 2.280000 according to authority default_authority
[cloud_adapter.py-4] Possible reasons are listed at http://wiki.ros.org/tf/Errors%20explained
[cloud_adapter.py-4]          at line 294 in ./src/buffer_core.cpp
[cloud_adapter.py-4] Warning: TF_OLD_DATA ignoring data from the past for frame base_link at time 2.300000 according to authority default_authority
[cloud_adapter.py-4] Possible reasons are listed at http://wiki.ros.org/tf/Errors%20explained
[cloud_adapter.py-4]          at line 294 in ./src/buffer_core.cpp
[cloud_adapter.py-4] Warning: TF_OLD_DATA ignoring data from the past for frame base_link at time 2.320000 according to authority default_authority
[cloud_adapter.py-4] Possible reasons are listed at http://wiki.ros.org/tf/Errors%20explained
[cloud_adapter.py-4]          at line 294 in ./src/buffer_core.cpp
[cloud_adapter.py-4] Warning: TF_OLD_DATA ignoring data from the past for frame base_link at time 2.340000 according to authority default_authority
[cloud_adapter.py-4] Possible reasons are listed at http://wiki.ros.org/tf/Errors%20explained
[cloud_adapter.py-4]          at line 294 in ./src/buffer_core.cpp
[cloud_adapter.py-4] Warning: TF_OLD_DATA ignoring data from the past for frame base_link at time 2.360000 according to authority default_authority
[cloud_adapter.py-4] Possible reasons are listed at http://wiki.ros.org/tf/Errors%20explained
[cloud_adapter.py-4]          at line 294 in ./src/buffer_core.cpp
[cloud_adapter.py-4] Warning: TF_OLD_DATA ignoring data from the past for frame base_link at time 2.380000 according to authority default_authority
[cloud_adapter.py-4] Possible reasons are listed at http://wiki.ros.org/tf/Errors%20explained
[cloud_adapter.py-4]          at line 294 in ./src/buffer_core.cpp
[cloud_adapter.py-4] Warning: TF_OLD_DATA ignoring data from the past for frame base_link at time 2.400000 according to authority default_authority
[cloud_adapter.py-4] Possible reasons are listed at http://wiki.ros.org/tf/Errors%20explained
[cloud_adapter.py-4]          at line 294 in ./src/buffer_core.cpp
[cloud_adapter.py-4] Warning: TF_OLD_DATA ignoring data from the past for frame base_link at time 2.420000 according to authority default_authority
[cloud_adapter.py-4] Possible reasons are listed at http://wiki.ros.org/tf/Errors%20explained
[cloud_adapter.py-4]          at line 294 in ./src/buffer_core.cpp
[cloud_adapter.py-4] Warning: TF_OLD_DATA ignoring data from the past for frame base_link at time 2.440000 according to authority default_authority
[cloud_adapter.py-4] Possible reasons are listed at http://wiki.ros.org/tf/Errors%20explained
[cloud_adapter.py-4]          at line 294 in ./src/buffer_core.cpp
[cloud_adapter.py-4] Warning: TF_OLD_DATA ignoring data from the past for frame base_link at time 2.460000 according to authority default_authority
[cloud_adapter.py-4] Possible reasons are listed at http://wiki.ros.org/tf/Errors%20explained
[cloud_adapter.py-4]          at line 294 in ./src/buffer_core.cpp
[cloud_adapter.py-4] Warning: TF_OLD_DATA ignoring data from the past for frame base_link at time 2.480000 according to authority default_authority
[cloud_adapter.py-4] Possible reasons are listed at http://wiki.ros.org/tf/Errors%20explained
[cloud_adapter.py-4]          at line 294 in ./src/buffer_core.cpp
[cloud_adapter.py-4] Warning: TF_OLD_DATA ignoring data from the past for frame base_link at time 2.500000 according to authority default_authority
[cloud_adapter.py-4] Possible reasons are listed at http://wiki.ros.org/tf/Errors%20explained
[cloud_adapter.py-4]          at line 294 in ./src/buffer_core.cpp
[cloud_adapter.py-4] Warning: TF_OLD_DATA ignoring data from the past for frame base_link at time 2.520000 according to authority default_authority
[cloud_adapter.py-4] Possible reasons are listed at http://wiki.ros.org/tf/Errors%20explained
[cloud_adapter.py-4]          at line 294 in ./src/buffer_core.cpp
[cloud_adapter.py-4] Warning: TF_OLD_DATA ignoring data from the past for frame base_link at time 2.540000 according to authority default_authority
[cloud_adapter.py-4] Possible reasons are listed at http://wiki.ros.org/tf/Errors%20explained
[cloud_adapter.py-4]          at line 294 in ./src/buffer_core.cpp
[cloud_adapter.py-4] Warning: TF_OLD_DATA ignoring data from the past for frame base_link at time 2.560000 according to authority default_authority
[cloud_adapter.py-4] Possible reasons are listed at http://wiki.ros.org/tf/Errors%20explained
[cloud_adapter.py-4]          at line 294 in ./src/buffer_core.cpp
[cloud_adapter.py-4] Warning: TF_OLD_DATA ignoring data from the past for frame base_link at time 2.580000 according to authority default_authority
[cloud_adapter.py-4] Possible reasons are listed at http://wiki.ros.org/tf/Errors%20explained
[cloud_adapter.py-4]          at line 294 in ./src/buffer_core.cpp
[cloud_adapter.py-4] Warning: TF_OLD_DATA ignoring data from the past for frame base_link at time 2.600000 according to authority default_authority
[cloud_adapter.py-4] Possible reasons are listed at http://wiki.ros.org/tf/Errors%20explained
[cloud_adapter.py-4]          at line 294 in ./src/buffer_core.cpp
[cloud_adapter.py-4] Warning: TF_OLD_DATA ignoring data from the past for frame base_link at time 2.620000 according to authority default_authority
[cloud_adapter.py-4] Possible reasons are listed at http://wiki.ros.org/tf/Errors%20explained
[cloud_adapter.py-4]          at line 294 in ./src/buffer_core.cpp
[cloud_adapter.py-4] Warning: TF_OLD_DATA ignoring data from the past for frame base_link at time 2.640000 according to authority default_authority
[cloud_adapter.py-4] Possible reasons are listed at http://wiki.ros.org/tf/Errors%20explained
[cloud_adapter.py-4]          at line 294 in ./src/buffer_core.cpp
[cloud_adapter.py-4] Warning: TF_OLD_DATA ignoring data from the past for frame base_link at time 2.660000 according to authority default_authority
[cloud_adapter.py-4] Possible reasons are listed at http://wiki.ros.org/tf/Errors%20explained
[cloud_adapter.py-4]          at line 294 in ./src/buffer_core.cpp
[cloud_adapter.py-4] Warning: TF_OLD_DATA ignoring data from the past for frame base_link at time 2.680000 according to authority default_authority
[cloud_adapter.py-4] Possible reasons are listed at http://wiki.ros.org/tf/Errors%20explained
[cloud_adapter.py-4]          at line 294 in ./src/buffer_core.cpp
[cloud_adapter.py-4] Warning: TF_OLD_DATA ignoring data from the past for frame base_link at time 2.700000 according to authority default_authority
[cloud_adapter.py-4] Possible reasons are listed at http://wiki.ros.org/tf/Errors%20explained
[cloud_adapter.py-4]          at line 294 in ./src/buffer_core.cpp
[cloud_adapter.py-4] Warning: TF_OLD_DATA ignoring data from the past for frame base_link at time 2.720000 according to authority default_authority
[cloud_adapter.py-4] Possible reasons are listed at http://wiki.ros.org/tf/Errors%20explained
[cloud_adapter.py-4]          at line 294 in ./src/buffer_core.cpp
[cloud_adapter.py-4] Warning: TF_OLD_DATA ignoring data from the past for frame base_link at time 2.740000 according to authority default_authority
[cloud_adapter.py-4] Possible reasons are listed at http://wiki.ros.org/tf/Errors%20explained
[cloud_adapter.py-4]          at line 294 in ./src/buffer_core.cpp
[cloud_adapter.py-4] Warning: TF_OLD_DATA ignoring data from the past for frame base_link at time 2.760000 according to authority default_authority
[cloud_adapter.py-4] Possible reasons are listed at http://wiki.ros.org/tf/Errors%20explained
[cloud_adapter.py-4]          at line 294 in ./src/buffer_core.cpp
[cloud_adapter.py-4] Warning: TF_OLD_DATA ignoring data from the past for frame base_link at time 2.780000 according to authority default_authority
[cloud_adapter.py-4] Possible reasons are listed at http://wiki.ros.org/tf/Errors%20explained
[cloud_adapter.py-4]          at line 294 in ./src/buffer_core.cpp
[cloud_adapter.py-4] Warning: TF_OLD_DATA ignoring data from the past for frame base_link at time 2.800000 according to authority default_authority
[cloud_adapter.py-4] Possible reasons are listed at http://wiki.ros.org/tf/Errors%20explained
[cloud_adapter.py-4]          at line 294 in ./src/buffer_core.cpp
[cloud_adapter.py-4] Warning: TF_OLD_DATA ignoring data from the past for frame base_link at time 2.820000 according to authority default_authority
[cloud_adapter.py-4] Possible reasons are listed at http://wiki.ros.org/tf/Errors%20explained
[cloud_adapter.py-4]          at line 294 in ./src/buffer_core.cpp
[cloud_adapter.py-4] Warning: TF_OLD_DATA ignoring data from the past for frame base_link at time 2.840000 according to authority default_authority
[cloud_adapter.py-4] Possible reasons are listed at http://wiki.ros.org/tf/Errors%20explained
[cloud_adapter.py-4]          at line 294 in ./src/buffer_core.cpp
[cloud_adapter.py-4] Warning: TF_OLD_DATA ignoring data from the past for frame base_link at time 2.860000 according to authority default_authority
[cloud_adapter.py-4] Possible reasons are listed at http://wiki.ros.org/tf/Errors%20explained
[cloud_adapter.py-4]          at line 294 in ./src/buffer_core.cpp
[cloud_adapter.py-4] Warning: TF_OLD_DATA ignoring data from the past for frame base_link at time 2.880000 according to authority default_authority
[cloud_adapter.py-4] Possible reasons are listed at http://wiki.ros.org/tf/Errors%20explained
[cloud_adapter.py-4]          at line 294 in ./src/buffer_core.cpp
[cloud_adapter.py-4] Warning: TF_OLD_DATA ignoring data from the past for frame base_link at time 2.900000 according to authority default_authority
[cloud_adapter.py-4] Possible reasons are listed at http://wiki.ros.org/tf/Errors%20explained
[cloud_adapter.py-4]          at line 294 in ./src/buffer_core.cpp
[cloud_adapter.py-4] Warning: TF_OLD_DATA ignoring data from the past for frame base_link at time 2.920000 according to authority default_authority
[cloud_adapter.py-4] Possible reasons are listed at http://wiki.ros.org/tf/Errors%20explained
[cloud_adapter.py-4]          at line 294 in ./src/buffer_core.cpp
[cloud_adapter.py-4] Warning: TF_OLD_DATA ignoring data from the past for frame base_link at time 2.940000 according to authority default_authority
[cloud_adapter.py-4] Possible reasons are listed at http://wiki.ros.org/tf/Errors%20explained
[cloud_adapter.py-4]          at line 294 in ./src/buffer_core.cpp
[cloud_adapter.py-4] Warning: TF_OLD_DATA ignoring data from the past for frame base_link at time 2.960000 according to authority default_authority
[cloud_adapter.py-4] Possible reasons are listed at http://wiki.ros.org/tf/Errors%20explained
[cloud_adapter.py-4]          at line 294 in ./src/buffer_core.cpp
[cloud_adapter.py-4] Warning: TF_OLD_DATA ignoring data from the past for frame base_link at time 2.980000 according to authority default_authority
[cloud_adapter.py-4] Possible reasons are listed at http://wiki.ros.org/tf/Errors%20explained
[cloud_adapter.py-4]          at line 294 in ./src/buffer_core.cpp
[cloud_adapter.py-4] Warning: TF_OLD_DATA ignoring data from the past for frame base_link at time 3.000000 according to authority default_authority
[cloud_adapter.py-4] Possible reasons are listed at http://wiki.ros.org/tf/Errors%20explained
[cloud_adapter.py-4]          at line 294 in ./src/buffer_core.cpp
[cloud_adapter.py-4] Warning: TF_OLD_DATA ignoring data from the past for frame base_link at time 3.020000 according to authority default_authority
[cloud_adapter.py-4] Possible reasons are listed at http://wiki.ros.org/tf/Errors%20explained
[cloud_adapter.py-4]          at line 294 in ./src/buffer_core.cpp
[cloud_adapter.py-4] Warning: TF_OLD_DATA ignoring data from the past for frame base_link at time 3.040000 according to authority default_authority
[cloud_adapter.py-4] Possible reasons are listed at http://wiki.ros.org/tf/Errors%20explained
[cloud_adapter.py-4]          at line 294 in ./src/buffer_core.cpp
[cloud_adapter.py-4] Warning: TF_OLD_DATA ignoring data from the past for frame base_link at time 3.060000 according to authority default_authority
[cloud_adapter.py-4] Possible reasons are listed at http://wiki.ros.org/tf/Errors%20explained
[cloud_adapter.py-4]          at line 294 in ./src/buffer_core.cpp
[cloud_adapter.py-4] Warning: TF_OLD_DATA ignoring data from the past for frame base_link at time 3.080000 according to authority default_authority
[cloud_adapter.py-4] Possible reasons are listed at http://wiki.ros.org/tf/Errors%20explained
[cloud_adapter.py-4]          at line 294 in ./src/buffer_core.cpp
[cloud_adapter.py-4] Warning: TF_OLD_DATA ignoring data from the past for frame base_link at time 3.100000 according to authority default_authority
[cloud_adapter.py-4] Possible reasons are listed at http://wiki.ros.org/tf/Errors%20explained
[cloud_adapter.py-4]          at line 294 in ./src/buffer_core.cpp
[cloud_adapter.py-4] Warning: TF_OLD_DATA ignoring data from the past for frame base_link at time 3.120000 according to authority default_authority
[cloud_adapter.py-4] Possible reasons are listed at http://wiki.ros.org/tf/Errors%20explained
[cloud_adapter.py-4]          at line 294 in ./src/buffer_core.cpp
[cloud_adapter.py-4] Warning: TF_OLD_DATA ignoring data from the past for frame base_link at time 3.140000 according to authority default_authority
[cloud_adapter.py-4] Possible reasons are listed at http://wiki.ros.org/tf/Errors%20explained
[cloud_adapter.py-4]          at line 294 in ./src/buffer_core.cpp
[cloud_adapter.py-4] Warning: TF_OLD_DATA ignoring data from the past for frame base_link at time 3.160000 according to authority default_authority
[cloud_adapter.py-4] Possible reasons are listed at http://wiki.ros.org/tf/Errors%20explained
[cloud_adapter.py-4]          at line 294 in ./src/buffer_core.cpp
[cloud_adapter.py-4] Warning: TF_OLD_DATA ignoring data from the past for frame base_link at time 3.180000 according to authority default_authority
[cloud_adapter.py-4] Possible reasons are listed at http://wiki.ros.org/tf/Errors%20explained
[cloud_adapter.py-4]          at line 294 in ./src/buffer_core.cpp
[cloud_adapter.py-4] Warning: TF_OLD_DATA ignoring data from the past for frame base_link at time 3.200000 according to authority default_authority
[cloud_adapter.py-4] Possible reasons are listed at http://wiki.ros.org/tf/Errors%20explained
[cloud_adapter.py-4]          at line 294 in ./src/buffer_core.cpp
[cloud_adapter.py-4] Warning: TF_OLD_DATA ignoring data from the past for frame base_link at time 3.220000 according to authority default_authority
[cloud_adapter.py-4] Possible reasons are listed at http://wiki.ros.org/tf/Errors%20explained
[cloud_adapter.py-4]          at line 294 in ./src/buffer_core.cpp
[cloud_adapter.py-4] Warning: TF_OLD_DATA ignoring data from the past for frame base_link at time 3.240000 according to authority default_authority
[cloud_adapter.py-4] Possible reasons are listed at http://wiki.ros.org/tf/Errors%20explained
[cloud_adapter.py-4]          at line 294 in ./src/buffer_core.cpp
[cloud_adapter.py-4] Warning: TF_OLD_DATA ignoring data from the past for frame base_link at time 3.260000 according to authority default_authority
[cloud_adapter.py-4] Possible reasons are listed at http://wiki.ros.org/tf/Errors%20explained
[cloud_adapter.py-4]          at line 294 in ./src/buffer_core.cpp
[cloud_adapter.py-4] Warning: TF_OLD_DATA ignoring data from the past for frame base_link at time 3.280000 according to authority default_authority
[cloud_adapter.py-4] Possible reasons are listed at http://wiki.ros.org/tf/Errors%20explained
[cloud_adapter.py-4]          at line 294 in ./src/buffer_core.cpp
[cloud_adapter.py-4] Warning: TF_OLD_DATA ignoring data from the past for frame base_link at time 3.300000 according to authority default_authority
[cloud_adapter.py-4] Possible reasons are listed at http://wiki.ros.org/tf/Errors%20explained
[cloud_adapter.py-4]          at line 294 in ./src/buffer_core.cpp
[cloud_adapter.py-4] Warning: TF_OLD_DATA ignoring data from the past for frame base_link at time 3.320000 according to authority default_authority
[cloud_adapter.py-4] Possible reasons are listed at http://wiki.ros.org/tf/Errors%20explained
[cloud_adapter.py-4]          at line 294 in ./src/buffer_core.cpp
[cloud_adapter.py-4] Warning: TF_OLD_DATA ignoring data from the past for frame base_link at time 3.340000 according to authority default_authority
[cloud_adapter.py-4] Possible reasons are listed at http://wiki.ros.org/tf/Errors%20explained
[cloud_adapter.py-4]          at line 294 in ./src/buffer_core.cpp
[cloud_adapter.py-4] Warning: TF_OLD_DATA ignoring data from the past for frame base_link at time 3.360000 according to authority default_authority
[cloud_adapter.py-4] Possible reasons are listed at http://wiki.ros.org/tf/Errors%20explained
[cloud_adapter.py-4]          at line 294 in ./src/buffer_core.cpp
[cloud_adapter.py-4] Warning: TF_OLD_DATA ignoring data from the past for frame base_link at time 3.380000 according to authority default_authority
[cloud_adapter.py-4] Possible reasons are listed at http://wiki.ros.org/tf/Errors%20explained
[cloud_adapter.py-4]          at line 294 in ./src/buffer_core.cpp
[cloud_adapter.py-4] Warning: TF_OLD_DATA ignoring data from the past for frame base_link at time 3.400000 according to authority default_authority
[cloud_adapter.py-4] Possible reasons are listed at http://wiki.ros.org/tf/Errors%20explained
[cloud_adapter.py-4]          at line 294 in ./src/buffer_core.cpp
[cloud_adapter.py-4] Warning: TF_OLD_DATA ignoring data from the past for frame base_link at time 3.420000 according to authority default_authority
[cloud_adapter.py-4] Possible reasons are listed at http://wiki.ros.org/tf/Errors%20explained
[cloud_adapter.py-4]          at line 294 in ./src/buffer_core.cpp
[cloud_adapter.py-4] Warning: TF_OLD_DATA ignoring data from the past for frame base_link at time 3.440000 according to authority default_authority
[cloud_adapter.py-4] Possible reasons are listed at http://wiki.ros.org/tf/Errors%20explained
[cloud_adapter.py-4]          at line 294 in ./src/buffer_core.cpp
[cloud_adapter.py-4] Warning: TF_OLD_DATA ignoring data from the past for frame base_link at time 3.460000 according to authority default_authority
[cloud_adapter.py-4] Possible reasons are listed at http://wiki.ros.org/tf/Errors%20explained
[cloud_adapter.py-4]          at line 294 in ./src/buffer_core.cpp
[cloud_adapter.py-4] Warning: TF_OLD_DATA ignoring data from the past for frame base_link at time 3.480000 according to authority default_authority
[cloud_adapter.py-4] Possible reasons are listed at http://wiki.ros.org/tf/Errors%20explained
[cloud_adapter.py-4]          at line 294 in ./src/buffer_core.cpp
[cloud_adapter.py-4] Warning: TF_OLD_DATA ignoring data from the past for frame base_link at time 3.500000 according to authority default_authority
[cloud_adapter.py-4] Possible reasons are listed at http://wiki.ros.org/tf/Errors%20explained
[cloud_adapter.py-4]          at line 294 in ./src/buffer_core.cpp
[cloud_adapter.py-4] Warning: TF_OLD_DATA ignoring data from the past for frame base_link at time 3.520000 according to authority default_authority
[cloud_adapter.py-4] Possible reasons are listed at http://wiki.ros.org/tf/Errors%20explained
[cloud_adapter.py-4]          at line 294 in ./src/buffer_core.cpp
[cloud_adapter.py-4] Warning: TF_OLD_DATA ignoring data from the past for frame base_link at time 3.540000 according to authority default_authority
[cloud_adapter.py-4] Possible reasons are listed at http://wiki.ros.org/tf/Errors%20explained
[cloud_adapter.py-4]          at line 294 in ./src/buffer_core.cpp
[cloud_adapter.py-4] Warning: TF_OLD_DATA ignoring data from the past for frame base_link at time 3.560000 according to authority default_authority
[cloud_adapter.py-4] Possible reasons are listed at http://wiki.ros.org/tf/Errors%20explained
[cloud_adapter.py-4]          at line 294 in ./src/buffer_core.cpp
[cloud_adapter.py-4] Warning: TF_OLD_DATA ignoring data from the past for frame base_link at time 3.580000 according to authority default_authority
[cloud_adapter.py-4] Possible reasons are listed at http://wiki.ros.org/tf/Errors%20explained
[cloud_adapter.py-4]          at line 294 in ./src/buffer_core.cpp
[cloud_adapter.py-4] Warning: TF_OLD_DATA ignoring data from the past for frame base_link at time 3.600000 according to authority default_authority
[cloud_adapter.py-4] Possible reasons are listed at http://wiki.ros.org/tf/Errors%20explained
[cloud_adapter.py-4]          at line 294 in ./src/buffer_core.cpp
[cloud_adapter.py-4] Warning: TF_OLD_DATA ignoring data from the past for frame base_link at time 3.620000 according to authority default_authority
[cloud_adapter.py-4] Possible reasons are listed at http://wiki.ros.org/tf/Errors%20explained
[cloud_adapter.py-4]          at line 294 in ./src/buffer_core.cpp
[cloud_adapter.py-4] Warning: TF_OLD_DATA ignoring data from the past for frame base_link at time 3.640000 according to authority default_authority
[cloud_adapter.py-4] Possible reasons are listed at http://wiki.ros.org/tf/Errors%20explained
[cloud_adapter.py-4]          at line 294 in ./src/buffer_core.cpp
[cloud_adapter.py-4] Warning: TF_OLD_DATA ignoring data from the past for frame base_link at time 3.660000 according to authority default_authority
[cloud_adapter.py-4] Possible reasons are listed at http://wiki.ros.org/tf/Errors%20explained
[cloud_adapter.py-4]          at line 294 in ./src/buffer_core.cpp
[cloud_adapter.py-4] Warning: TF_OLD_DATA ignoring data from the past for frame base_link at time 3.680000 according to authority default_authority
[cloud_adapter.py-4] Possible reasons are listed at http://wiki.ros.org/tf/Errors%20explained
[cloud_adapter.py-4]          at line 294 in ./src/buffer_core.cpp
[cloud_adapter.py-4] Warning: TF_OLD_DATA ignoring data from the past for frame base_link at time 3.700000 according to authority default_authority
[cloud_adapter.py-4] Possible reasons are listed at http://wiki.ros.org/tf/Errors%20explained
[cloud_adapter.py-4]          at line 294 in ./src/buffer_core.cpp
[cloud_adapter.py-4] Warning: TF_OLD_DATA ignoring data from the past for frame base_link at time 3.720000 according to authority default_authority
[cloud_adapter.py-4] Possible reasons are listed at http://wiki.ros.org/tf/Errors%20explained
[cloud_adapter.py-4]          at line 294 in ./src/buffer_core.cpp
[cloud_adapter.py-4] Warning: TF_OLD_DATA ignoring data from the past for frame base_link at time 3.740000 according to authority default_authority
[cloud_adapter.py-4] Possible reasons are listed at http://wiki.ros.org/tf/Errors%20explained
[cloud_adapter.py-4]          at line 294 in ./src/buffer_core.cpp
[cloud_adapter.py-4] Warning: TF_OLD_DATA ignoring data from the past for frame base_link at time 3.760000 according to authority default_authority
[cloud_adapter.py-4] Possible reasons are listed at http://wiki.ros.org/tf/Errors%20explained
[cloud_adapter.py-4]          at line 294 in ./src/buffer_core.cpp
[cloud_adapter.py-4] Warning: TF_OLD_DATA ignoring data from the past for frame base_link at time 3.780000 according to authority default_authority
[cloud_adapter.py-4] Possible reasons are listed at http://wiki.ros.org/tf/Errors%20explained
[cloud_adapter.py-4]          at line 294 in ./src/buffer_core.cpp
[cloud_adapter.py-4] Warning: TF_OLD_DATA ignoring data from the past for frame base_link at time 3.800000 according to authority default_authority
[cloud_adapter.py-4] Possible reasons are listed at http://wiki.ros.org/tf/Errors%20explained
[cloud_adapter.py-4]          at line 294 in ./src/buffer_core.cpp
[cloud_adapter.py-4] Warning: TF_OLD_DATA ignoring data from the past for frame base_link at time 3.820000 according to authority default_authority
[cloud_adapter.py-4] Possible reasons are listed at http://wiki.ros.org/tf/Errors%20explained
[cloud_adapter.py-4]          at line 294 in ./src/buffer_core.cpp
[cloud_adapter.py-4] Warning: TF_OLD_DATA ignoring data from the past for frame base_link at time 3.840000 according to authority default_authority
[cloud_adapter.py-4] Possible reasons are listed at http://wiki.ros.org/tf/Errors%20explained
[cloud_adapter.py-4]          at line 294 in ./src/buffer_core.cpp
[cloud_adapter.py-4] Warning: TF_OLD_DATA ignoring data from the past for frame base_link at time 3.860000 according to authority default_authority
[cloud_adapter.py-4] Possible reasons are listed at http://wiki.ros.org/tf/Errors%20explained
[cloud_adapter.py-4]          at line 294 in ./src/buffer_core.cpp
[cloud_adapter.py-4] Warning: TF_OLD_DATA ignoring data from the past for frame base_link at time 3.880000 according to authority default_authority
[cloud_adapter.py-4] Possible reasons are listed at http://wiki.ros.org/tf/Errors%20explained
[cloud_adapter.py-4]          at line 294 in ./src/buffer_core.cpp
[cloud_adapter.py-4] Warning: TF_OLD_DATA ignoring data from the past for frame base_link at time 3.900000 according to authority default_authority
[cloud_adapter.py-4] Possible reasons are listed at http://wiki.ros.org/tf/Errors%20explained
[cloud_adapter.py-4]          at line 294 in ./src/buffer_core.cpp
[cloud_adapter.py-4] Warning: TF_OLD_DATA ignoring data from the past for frame base_link at time 3.920000 according to authority default_authority
[cloud_adapter.py-4] Possible reasons are listed at http://wiki.ros.org/tf/Errors%20explained
[cloud_adapter.py-4]          at line 294 in ./src/buffer_core.cpp
[cloud_adapter.py-4] Warning: TF_OLD_DATA ignoring data from the past for frame base_link at time 3.940000 according to authority default_authority
[cloud_adapter.py-4] Possible reasons are listed at http://wiki.ros.org/tf/Errors%20explained
[cloud_adapter.py-4]          at line 294 in ./src/buffer_core.cpp
[cloud_adapter.py-4] Warning: TF_OLD_DATA ignoring data from the past for frame base_link at time 3.960000 according to authority default_authority
[cloud_adapter.py-4] Possible reasons are listed at http://wiki.ros.org/tf/Errors%20explained
[cloud_adapter.py-4]          at line 294 in ./src/buffer_core.cpp
[cloud_adapter.py-4] Warning: TF_OLD_DATA ignoring data from the past for frame base_link at time 3.980000 according to authority default_authority
[cloud_adapter.py-4] Possible reasons are listed at http://wiki.ros.org/tf/Errors%20explained
[cloud_adapter.py-4]          at line 294 in ./src/buffer_core.cpp
[cloud_adapter.py-4] Warning: TF_OLD_DATA ignoring data from the past for frame base_link at time 4.000000 according to authority default_authority
[cloud_adapter.py-4] Possible reasons are listed at http://wiki.ros.org/tf/Errors%20explained
[cloud_adapter.py-4]          at line 294 in ./src/buffer_core.cpp
[cloud_adapter.py-4] Warning: TF_OLD_DATA ignoring data from the past for frame base_link at time 4.020000 according to authority default_authority
[cloud_adapter.py-4] Possible reasons are listed at http://wiki.ros.org/tf/Errors%20explained
[cloud_adapter.py-4]          at line 294 in ./src/buffer_core.cpp
[cloud_adapter.py-4] Warning: TF_OLD_DATA ignoring data from the past for frame base_link at time 4.040000 according to authority default_authority
[cloud_adapter.py-4] Possible reasons are listed at http://wiki.ros.org/tf/Errors%20explained
[cloud_adapter.py-4]          at line 294 in ./src/buffer_core.cpp
[cloud_adapter.py-4] Warning: TF_OLD_DATA ignoring data from the past for frame base_link at time 4.060000 according to authority default_authority
[cloud_adapter.py-4] Possible reasons are listed at http://wiki.ros.org/tf/Errors%20explained
[cloud_adapter.py-4]          at line 294 in ./src/buffer_core.cpp
[cloud_adapter.py-4] Warning: TF_OLD_DATA ignoring data from the past for frame base_link at time 4.080000 according to authority default_authority
[cloud_adapter.py-4] Possible reasons are listed at http://wiki.ros.org/tf/Errors%20explained
[cloud_adapter.py-4]          at line 294 in ./src/buffer_core.cpp
[cloud_adapter.py-4] Warning: TF_OLD_DATA ignoring data from the past for frame base_link at time 4.100000 according to authority default_authority
[cloud_adapter.py-4] Possible reasons are listed at http://wiki.ros.org/tf/Errors%20explained
[cloud_adapter.py-4]          at line 294 in ./src/buffer_core.cpp
[cloud_adapter.py-4] Warning: TF_OLD_DATA ignoring data from the past for frame base_link at time 4.120000 according to authority default_authority
[cloud_adapter.py-4] Possible reasons are listed at http://wiki.ros.org/tf/Errors%20explained
[cloud_adapter.py-4]          at line 294 in ./src/buffer_core.cpp
[cloud_adapter.py-4] Warning: TF_OLD_DATA ignoring data from the past for frame base_link at time 4.140000 according to authority default_authority
[cloud_adapter.py-4] Possible reasons are listed at http://wiki.ros.org/tf/Errors%20explained
[cloud_adapter.py-4]          at line 294 in ./src/buffer_core.cpp
[cloud_adapter.py-4] Warning: TF_OLD_DATA ignoring data from the past for frame base_link at time 4.160000 according to authority default_authority
[cloud_adapter.py-4] Possible reasons are listed at http://wiki.ros.org/tf/Errors%20explained
[cloud_adapter.py-4]          at line 294 in ./src/buffer_core.cpp
[cloud_adapter.py-4] Warning: TF_OLD_DATA ignoring data from the past for frame base_link at time 4.180000 according to authority default_authority
[cloud_adapter.py-4] Possible reasons are listed at http://wiki.ros.org/tf/Errors%20explained
[cloud_adapter.py-4]          at line 294 in ./src/buffer_core.cpp
[cloud_adapter.py-4] Warning: TF_OLD_DATA ignoring data from the past for frame base_link at time 4.200000 according to authority default_authority
[cloud_adapter.py-4] Possible reasons are listed at http://wiki.ros.org/tf/Errors%20explained
[cloud_adapter.py-4]          at line 294 in ./src/buffer_core.cpp
[cloud_adapter.py-4] Warning: TF_OLD_DATA ignoring data from the past for frame base_link at time 4.220000 according to authority default_authority
[cloud_adapter.py-4] Possible reasons are listed at http://wiki.ros.org/tf/Errors%20explained
[cloud_adapter.py-4]          at line 294 in ./src/buffer_core.cpp
[cloud_adapter.py-4] Warning: TF_OLD_DATA ignoring data from the past for frame base_link at time 4.240000 according to authority default_authority
[cloud_adapter.py-4] Possible reasons are listed at http://wiki.ros.org/tf/Errors%20explained
[cloud_adapter.py-4]          at line 294 in ./src/buffer_core.cpp
[cloud_adapter.py-4] Warning: TF_OLD_DATA ignoring data from the past for frame base_link at time 4.260000 according to authority default_authority
[cloud_adapter.py-4] Possible reasons are listed at http://wiki.ros.org/tf/Errors%20explained
[cloud_adapter.py-4]          at line 294 in ./src/buffer_core.cpp
[cloud_adapter.py-4] Warning: TF_OLD_DATA ignoring data from the past for frame base_link at time 4.280000 according to authority default_authority
[cloud_adapter.py-4] Possible reasons are listed at http://wiki.ros.org/tf/Errors%20explained
[cloud_adapter.py-4]          at line 294 in ./src/buffer_core.cpp
[cloud_adapter.py-4] Warning: TF_OLD_DATA ignoring data from the past for frame base_link at time 4.300000 according to authority default_authority
[cloud_adapter.py-4] Possible reasons are listed at http://wiki.ros.org/tf/Errors%20explained
[cloud_adapter.py-4]          at line 294 in ./src/buffer_core.cpp
[cloud_adapter.py-4] Warning: TF_OLD_DATA ignoring data from the past for frame base_link at time 4.320000 according to authority default_authority
[cloud_adapter.py-4] Possible reasons are listed at http://wiki.ros.org/tf/Errors%20explained
[cloud_adapter.py-4]          at line 294 in ./src/buffer_core.cpp
[cloud_adapter.py-4] Warning: TF_OLD_DATA ignoring data from the past for frame base_link at time 4.340000 according to authority default_authority
[cloud_adapter.py-4] Possible reasons are listed at http://wiki.ros.org/tf/Errors%20explained
[cloud_adapter.py-4]          at line 294 in ./src/buffer_core.cpp
[cloud_adapter.py-4] Warning: TF_OLD_DATA ignoring data from the past for frame base_link at time 4.360000 according to authority default_authority
[cloud_adapter.py-4] Possible reasons are listed at http://wiki.ros.org/tf/Errors%20explained
[cloud_adapter.py-4]          at line 294 in ./src/buffer_core.cpp
[cloud_adapter.py-4] Warning: TF_OLD_DATA ignoring data from the past for frame base_link at time 4.380000 according to authority default_authority
[cloud_adapter.py-4] Possible reasons are listed at http://wiki.ros.org/tf/Errors%20explained
[cloud_adapter.py-4]          at line 294 in ./src/buffer_core.cpp
[cloud_adapter.py-4] Warning: TF_OLD_DATA ignoring data from the past for frame base_link at time 4.400000 according to authority default_authority
[cloud_adapter.py-4] Possible reasons are listed at http://wiki.ros.org/tf/Errors%20explained
[cloud_adapter.py-4]          at line 294 in ./src/buffer_core.cpp
[cloud_adapter.py-4] Warning: TF_OLD_DATA ignoring data from the past for frame base_link at time 4.420000 according to authority default_authority
[cloud_adapter.py-4] Possible reasons are listed at http://wiki.ros.org/tf/Errors%20explained
[cloud_adapter.py-4]          at line 294 in ./src/buffer_core.cpp
[cloud_adapter.py-4] Warning: TF_OLD_DATA ignoring data from the past for frame base_link at time 4.440000 according to authority default_authority
[cloud_adapter.py-4] Possible reasons are listed at http://wiki.ros.org/tf/Errors%20explained
[cloud_adapter.py-4]          at line 294 in ./src/buffer_core.cpp
[cloud_adapter.py-4] Warning: TF_OLD_DATA ignoring data from the past for frame base_link at time 4.460000 according to authority default_authority
[cloud_adapter.py-4] Possible reasons are listed at http://wiki.ros.org/tf/Errors%20explained
[cloud_adapter.py-4]          at line 294 in ./src/buffer_core.cpp
[cloud_adapter.py-4] Warning: TF_OLD_DATA ignoring data from the past for frame base_link at time 4.480000 according to authority default_authority
[cloud_adapter.py-4] Possible reasons are listed at http://wiki.ros.org/tf/Errors%20explained
[cloud_adapter.py-4]          at line 294 in ./src/buffer_core.cpp
[cloud_adapter.py-4] Warning: TF_OLD_DATA ignoring data from the past for frame base_link at time 4.500000 according to authority default_authority
[cloud_adapter.py-4] Possible reasons are listed at http://wiki.ros.org/tf/Errors%20explained
[cloud_adapter.py-4]          at line 294 in ./src/buffer_core.cpp
[cloud_adapter.py-4] Warning: TF_OLD_DATA ignoring data from the past for frame base_link at time 4.520000 according to authority default_authority
[cloud_adapter.py-4] Possible reasons are listed at http://wiki.ros.org/tf/Errors%20explained
[cloud_adapter.py-4]          at line 294 in ./src/buffer_core.cpp
[cloud_adapter.py-4] Warning: TF_OLD_DATA ignoring data from the past for frame base_link at time 4.540000 according to authority default_authority
[cloud_adapter.py-4] Possible reasons are listed at http://wiki.ros.org/tf/Errors%20explained
[cloud_adapter.py-4]          at line 294 in ./src/buffer_core.cpp
[cloud_adapter.py-4] Warning: TF_OLD_DATA ignoring data from the past for frame base_link at time 4.560000 according to authority default_authority
[cloud_adapter.py-4] Possible reasons are listed at http://wiki.ros.org/tf/Errors%20explained
[cloud_adapter.py-4]          at line 294 in ./src/buffer_core.cpp
[cloud_adapter.py-4] Warning: TF_OLD_DATA ignoring data from the past for frame base_link at time 4.580000 according to authority default_authority
[cloud_adapter.py-4] Possible reasons are listed at http://wiki.ros.org/tf/Errors%20explained
[cloud_adapter.py-4]          at line 294 in ./src/buffer_core.cpp
[cloud_adapter.py-4] Warning: TF_OLD_DATA ignoring data from the past for frame base_link at time 4.600000 according to authority default_authority
[cloud_adapter.py-4] Possible reasons are listed at http://wiki.ros.org/tf/Errors%20explained
[cloud_adapter.py-4]          at line 294 in ./src/buffer_core.cpp
[cloud_adapter.py-4] Warning: TF_OLD_DATA ignoring data from the past for frame base_link at time 4.620000 according to authority default_authority
[cloud_adapter.py-4] Possible reasons are listed at http://wiki.ros.org/tf/Errors%20explained
[cloud_adapter.py-4]          at line 294 in ./src/buffer_core.cpp
[cloud_adapter.py-4] Warning: TF_OLD_DATA ignoring data from the past for frame base_link at time 4.640000 according to authority default_authority
[cloud_adapter.py-4] Possible reasons are listed at http://wiki.ros.org/tf/Errors%20explained
[cloud_adapter.py-4]          at line 294 in ./src/buffer_core.cpp
[cloud_adapter.py-4] Warning: TF_OLD_DATA ignoring data from the past for frame base_link at time 4.660000 according to authority default_authority
[cloud_adapter.py-4] Possible reasons are listed at http://wiki.ros.org/tf/Errors%20explained
[cloud_adapter.py-4]          at line 294 in ./src/buffer_core.cpp
[cloud_adapter.py-4] Warning: TF_OLD_DATA ignoring data from the past for frame base_link at time 4.680000 according to authority default_authority
[cloud_adapter.py-4] Possible reasons are listed at http://wiki.ros.org/tf/Errors%20explained
[cloud_adapter.py-4]          at line 294 in ./src/buffer_core.cpp
[cloud_adapter.py-4] Warning: TF_OLD_DATA ignoring data from the past for frame base_link at time 4.700000 according to authority default_authority
[cloud_adapter.py-4] Possible reasons are listed at http://wiki.ros.org/tf/Errors%20explained
[cloud_adapter.py-4]          at line 294 in ./src/buffer_core.cpp
[cloud_adapter.py-4] Warning: TF_OLD_DATA ignoring data from the past for frame base_link at time 4.720000 according to authority default_authority
[cloud_adapter.py-4] Possible reasons are listed at http://wiki.ros.org/tf/Errors%20explained
[cloud_adapter.py-4]          at line 294 in ./src/buffer_core.cpp
[cloud_adapter.py-4] Warning: TF_OLD_DATA ignoring data from the past for frame base_link at time 4.740000 according to authority default_authority
[cloud_adapter.py-4] Possible reasons are listed at http://wiki.ros.org/tf/Errors%20explained
[cloud_adapter.py-4]          at line 294 in ./src/buffer_core.cpp
[cloud_adapter.py-4] Warning: TF_OLD_DATA ignoring data from the past for frame base_link at time 4.760000 according to authority default_authority
[cloud_adapter.py-4] Possible reasons are listed at http://wiki.ros.org/tf/Errors%20explained
[cloud_adapter.py-4]          at line 294 in ./src/buffer_core.cpp
[cloud_adapter.py-4] Warning: TF_OLD_DATA ignoring data from the past for frame base_link at time 4.780000 according to authority default_authority
[cloud_adapter.py-4] Possible reasons are listed at http://wiki.ros.org/tf/Errors%20explained
[cloud_adapter.py-4]          at line 294 in ./src/buffer_core.cpp
[cloud_adapter.py-4] Warning: TF_OLD_DATA ignoring data from the past for frame base_link at time 4.800000 according to authority default_authority
[cloud_adapter.py-4] Possible reasons are listed at http://wiki.ros.org/tf/Errors%20explained
[cloud_adapter.py-4]          at line 294 in ./src/buffer_core.cpp
[cloud_adapter.py-4] Warning: TF_OLD_DATA ignoring data from the past for frame base_link at time 4.820000 according to authority default_authority
[cloud_adapter.py-4] Possible reasons are listed at http://wiki.ros.org/tf/Errors%20explained
[cloud_adapter.py-4]          at line 294 in ./src/buffer_core.cpp
[cloud_adapter.py-4] Warning: TF_OLD_DATA ignoring data from the past for frame base_link at time 4.840000 according to authority default_authority
[cloud_adapter.py-4] Possible reasons are listed at http://wiki.ros.org/tf/Errors%20explained
[cloud_adapter.py-4]          at line 294 in ./src/buffer_core.cpp
[cloud_adapter.py-4] Warning: TF_OLD_DATA ignoring data from the past for frame base_link at time 4.860000 according to authority default_authority
[cloud_adapter.py-4] Possible reasons are listed at http://wiki.ros.org/tf/Errors%20explained
[cloud_adapter.py-4]          at line 294 in ./src/buffer_core.cpp
[cloud_adapter.py-4] Warning: TF_OLD_DATA ignoring data from the past for frame base_link at time 4.880000 according to authority default_authority
[cloud_adapter.py-4] Possible reasons are listed at http://wiki.ros.org/tf/Errors%20explained
[cloud_adapter.py-4]          at line 294 in ./src/buffer_core.cpp
[cloud_adapter.py-4] Warning: TF_OLD_DATA ignoring data from the past for frame base_link at time 4.900000 according to authority default_authority
[cloud_adapter.py-4] Possible reasons are listed at http://wiki.ros.org/tf/Errors%20explained
[cloud_adapter.py-4]          at line 294 in ./src/buffer_core.cpp
[cloud_adapter.py-4] Warning: TF_OLD_DATA ignoring data from the past for frame base_link at time 4.920000 according to authority default_authority
[cloud_adapter.py-4] Possible reasons are listed at http://wiki.ros.org/tf/Errors%20explained
[cloud_adapter.py-4]          at line 294 in ./src/buffer_core.cpp
[cloud_adapter.py-4] Warning: TF_OLD_DATA ignoring data from the past for frame base_link at time 4.940000 according to authority default_authority
[cloud_adapter.py-4] Possible reasons are listed at http://wiki.ros.org/tf/Errors%20explained
[cloud_adapter.py-4]          at line 294 in ./src/buffer_core.cpp
[cloud_adapter.py-4] Warning: TF_OLD_DATA ignoring data from the past for frame base_link at time 4.960000 according to authority default_authority
[cloud_adapter.py-4] Possible reasons are listed at http://wiki.ros.org/tf/Errors%20explained
[cloud_adapter.py-4]          at line 294 in ./src/buffer_core.cpp
[cloud_adapter.py-4] Warning: TF_OLD_DATA ignoring data from the past for frame base_link at time 4.980000 according to authority default_authority
[cloud_adapter.py-4] Possible reasons are listed at http://wiki.ros.org/tf/Errors%20explained
[cloud_adapter.py-4]          at line 294 in ./src/buffer_core.cpp
[cloud_adapter.py-4] Warning: TF_OLD_DATA ignoring data from the past for frame base_link at time 5.000000 according to authority default_authority
[cloud_adapter.py-4] Possible reasons are listed at http://wiki.ros.org/tf/Errors%20explained
[cloud_adapter.py-4]          at line 294 in ./src/buffer_core.cpp
[cloud_adapter.py-4] Warning: TF_OLD_DATA ignoring data from the past for frame base_link at time 5.020000 according to authority default_authority
[cloud_adapter.py-4] Possible reasons are listed at http://wiki.ros.org/tf/Errors%20explained
[cloud_adapter.py-4]          at line 294 in ./src/buffer_core.cpp
[cloud_adapter.py-4] Warning: TF_OLD_DATA ignoring data from the past for frame base_link at time 5.040000 according to authority default_authority
[cloud_adapter.py-4] Possible reasons are listed at http://wiki.ros.org/tf/Errors%20explained
[cloud_adapter.py-4]          at line 294 in ./src/buffer_core.cpp
[cloud_adapter.py-4] Warning: TF_OLD_DATA ignoring data from the past for frame base_link at time 5.060000 according to authority default_authority
[cloud_adapter.py-4] Possible reasons are listed at http://wiki.ros.org/tf/Errors%20explained
[cloud_adapter.py-4]          at line 294 in ./src/buffer_core.cpp
[cloud_adapter.py-4] Warning: TF_OLD_DATA ignoring data from the past for frame base_link at time 5.080000 according to authority default_authority
[cloud_adapter.py-4] Possible reasons are listed at http://wiki.ros.org/tf/Errors%20explained
[cloud_adapter.py-4]          at line 294 in ./src/buffer_core.cpp
[cloud_adapter.py-4] Warning: TF_OLD_DATA ignoring data from the past for frame base_link at time 5.100000 according to authority default_authority
[cloud_adapter.py-4] Possible reasons are listed at http://wiki.ros.org/tf/Errors%20explained
[cloud_adapter.py-4]          at line 294 in ./src/buffer_core.cpp
[cloud_adapter.py-4] Warning: TF_OLD_DATA ignoring data from the past for frame base_link at time 5.120000 according to authority default_authority
[cloud_adapter.py-4] Possible reasons are listed at http://wiki.ros.org/tf/Errors%20explained
[cloud_adapter.py-4]          at line 294 in ./src/buffer_core.cpp
[cloud_adapter.py-4] Warning: TF_OLD_DATA ignoring data from the past for frame base_link at time 5.140000 according to authority default_authority
[cloud_adapter.py-4] Possible reasons are listed at http://wiki.ros.org/tf/Errors%20explained
[cloud_adapter.py-4]          at line 294 in ./src/buffer_core.cpp
[cloud_adapter.py-4] Warning: TF_OLD_DATA ignoring data from the past for frame base_link at time 5.160000 according to authority default_authority
[cloud_adapter.py-4] Possible reasons are listed at http://wiki.ros.org/tf/Errors%20explained
[cloud_adapter.py-4]          at line 294 in ./src/buffer_core.cpp
[cloud_adapter.py-4] Warning: TF_OLD_DATA ignoring data from the past for frame base_link at time 5.180000 according to authority default_authority
[cloud_adapter.py-4] Possible reasons are listed at http://wiki.ros.org/tf/Errors%20explained
[cloud_adapter.py-4]          at line 294 in ./src/buffer_core.cpp
[cloud_adapter.py-4] Warning: TF_OLD_DATA ignoring data from the past for frame base_link at time 5.200000 according to authority default_authority
[cloud_adapter.py-4] Possible reasons are listed at http://wiki.ros.org/tf/Errors%20explained
[cloud_adapter.py-4]          at line 294 in ./src/buffer_core.cpp
[cloud_adapter.py-4] Warning: TF_OLD_DATA ignoring data from the past for frame base_link at time 5.220000 according to authority default_authority
[cloud_adapter.py-4] Possible reasons are listed at http://wiki.ros.org/tf/Errors%20explained
[cloud_adapter.py-4]          at line 294 in ./src/buffer_core.cpp
[cloud_adapter.py-4] Warning: TF_OLD_DATA ignoring data from the past for frame base_link at time 5.240000 according to authority default_authority
[cloud_adapter.py-4] Possible reasons are listed at http://wiki.ros.org/tf/Errors%20explained
[cloud_adapter.py-4]          at line 294 in ./src/buffer_core.cpp
[cloud_adapter.py-4] Warning: TF_OLD_DATA ignoring data from the past for frame base_link at time 5.260000 according to authority default_authority
[cloud_adapter.py-4] Possible reasons are listed at http://wiki.ros.org/tf/Errors%20explained
[cloud_adapter.py-4]          at line 294 in ./src/buffer_core.cpp
[cloud_adapter.py-4] Warning: TF_OLD_DATA ignoring data from the past for frame base_link at time 5.280000 according to authority default_authority
[cloud_adapter.py-4] Possible reasons are listed at http://wiki.ros.org/tf/Errors%20explained
[cloud_adapter.py-4]          at line 294 in ./src/buffer_core.cpp
[cloud_adapter.py-4] Warning: TF_OLD_DATA ignoring data from the past for frame base_link at time 5.300000 according to authority default_authority
[cloud_adapter.py-4] Possible reasons are listed at http://wiki.ros.org/tf/Errors%20explained
[cloud_adapter.py-4]          at line 294 in ./src/buffer_core.cpp
[cloud_adapter.py-4] Warning: TF_OLD_DATA ignoring data from the past for frame base_link at time 5.320000 according to authority default_authority
[cloud_adapter.py-4] Possible reasons are listed at http://wiki.ros.org/tf/Errors%20explained
[cloud_adapter.py-4]          at line 294 in ./src/buffer_core.cpp
[cloud_adapter.py-4] Warning: TF_OLD_DATA ignoring data from the past for frame base_link at time 5.340000 according to authority default_authority
[cloud_adapter.py-4] Possible reasons are listed at http://wiki.ros.org/tf/Errors%20explained
[cloud_adapter.py-4]          at line 294 in ./src/buffer_core.cpp
[cloud_adapter.py-4] Warning: TF_OLD_DATA ignoring data from the past for frame base_link at time 5.360000 according to authority default_authority
[cloud_adapter.py-4] Possible reasons are listed at http://wiki.ros.org/tf/Errors%20explained
[cloud_adapter.py-4]          at line 294 in ./src/buffer_core.cpp
[cloud_adapter.py-4] Warning: TF_OLD_DATA ignoring data from the past for frame base_link at time 5.380000 according to authority default_authority
[cloud_adapter.py-4] Possible reasons are listed at http://wiki.ros.org/tf/Errors%20explained
[cloud_adapter.py-4]          at line 294 in ./src/buffer_core.cpp
[cloud_adapter.py-4] Warning: TF_OLD_DATA ignoring data from the past for frame base_link at time 5.400000 according to authority default_authority
[cloud_adapter.py-4] Possible reasons are listed at http://wiki.ros.org/tf/Errors%20explained
[cloud_adapter.py-4]          at line 294 in ./src/buffer_core.cpp
[cloud_adapter.py-4] Warning: TF_OLD_DATA ignoring data from the past for frame base_link at time 5.420000 according to authority default_authority
[cloud_adapter.py-4] Possible reasons are listed at http://wiki.ros.org/tf/Errors%20explained
[cloud_adapter.py-4]          at line 294 in ./src/buffer_core.cpp
[cloud_adapter.py-4] Warning: TF_OLD_DATA ignoring data from the past for frame base_link at time 5.440000 according to authority default_authority
[cloud_adapter.py-4] Possible reasons are listed at http://wiki.ros.org/tf/Errors%20explained
[cloud_adapter.py-4]          at line 294 in ./src/buffer_core.cpp
[cloud_adapter.py-4] Warning: TF_OLD_DATA ignoring data from the past for frame base_link at time 5.460000 according to authority default_authority
[cloud_adapter.py-4] Possible reasons are listed at http://wiki.ros.org/tf/Errors%20explained
[cloud_adapter.py-4]          at line 294 in ./src/buffer_core.cpp
[cloud_adapter.py-4] Warning: TF_OLD_DATA ignoring data from the past for frame base_link at time 5.480000 according to authority default_authority
[cloud_adapter.py-4] Possible reasons are listed at http://wiki.ros.org/tf/Errors%20explained
[cloud_adapter.py-4]          at line 294 in ./src/buffer_core.cpp
[cloud_adapter.py-4] Warning: TF_OLD_DATA ignoring data from the past for frame base_link at time 5.500000 according to authority default_authority
[cloud_adapter.py-4] Possible reasons are listed at http://wiki.ros.org/tf/Errors%20explained
[cloud_adapter.py-4]          at line 294 in ./src/buffer_core.cpp
[cloud_adapter.py-4] Warning: TF_OLD_DATA ignoring data from the past for frame base_link at time 5.520000 according to authority default_authority
[cloud_adapter.py-4] Possible reasons are listed at http://wiki.ros.org/tf/Errors%20explained
[cloud_adapter.py-4]          at line 294 in ./src/buffer_core.cpp
[cloud_adapter.py-4] Warning: TF_OLD_DATA ignoring data from the past for frame base_link at time 5.540000 according to authority default_authority
[cloud_adapter.py-4] Possible reasons are listed at http://wiki.ros.org/tf/Errors%20explained
[cloud_adapter.py-4]          at line 294 in ./src/buffer_core.cpp
[cloud_adapter.py-4] Warning: TF_OLD_DATA ignoring data from the past for frame base_link at time 5.560000 according to authority default_authority
[cloud_adapter.py-4] Possible reasons are listed at http://wiki.ros.org/tf/Errors%20explained
[cloud_adapter.py-4]          at line 294 in ./src/buffer_core.cpp
[cloud_adapter.py-4] Warning: TF_OLD_DATA ignoring data from the past for frame base_link at time 5.580000 according to authority default_authority
[cloud_adapter.py-4] Possible reasons are listed at http://wiki.ros.org/tf/Errors%20explained
[cloud_adapter.py-4]          at line 294 in ./src/buffer_core.cpp
[cloud_adapter.py-4] Warning: TF_OLD_DATA ignoring data from the past for frame base_link at time 5.600000 according to authority default_authority
[cloud_adapter.py-4] Possible reasons are listed at http://wiki.ros.org/tf/Errors%20explained
[cloud_adapter.py-4]          at line 294 in ./src/buffer_core.cpp
[cloud_adapter.py-4] Warning: TF_OLD_DATA ignoring data from the past for frame base_link at time 5.620000 according to authority default_authority
[cloud_adapter.py-4] Possible reasons are listed at http://wiki.ros.org/tf/Errors%20explained
[cloud_adapter.py-4]          at line 294 in ./src/buffer_core.cpp
[cloud_adapter.py-4] Warning: TF_OLD_DATA ignoring data from the past for frame base_link at time 5.640000 according to authority default_authority
[cloud_adapter.py-4] Possible reasons are listed at http://wiki.ros.org/tf/Errors%20explained
[cloud_adapter.py-4]          at line 294 in ./src/buffer_core.cpp
[cloud_adapter.py-4] Warning: TF_OLD_DATA ignoring data from the past for frame base_link at time 5.660000 according to authority default_authority
[cloud_adapter.py-4] Possible reasons are listed at http://wiki.ros.org/tf/Errors%20explained
[cloud_adapter.py-4]          at line 294 in ./src/buffer_core.cpp
[cloud_adapter.py-4] Warning: TF_OLD_DATA ignoring data from the past for frame base_link at time 5.680000 according to authority default_authority
[cloud_adapter.py-4] Possible reasons are listed at http://wiki.ros.org/tf/Errors%20explained
[cloud_adapter.py-4]          at line 294 in ./src/buffer_core.cpp
[cloud_adapter.py-4] Warning: TF_OLD_DATA ignoring data from the past for frame base_link at time 5.700000 according to authority default_authority
[cloud_adapter.py-4] Possible reasons are listed at http://wiki.ros.org/tf/Errors%20explained
[cloud_adapter.py-4]          at line 294 in ./src/buffer_core.cpp
[cloud_adapter.py-4] Warning: TF_OLD_DATA ignoring data from the past for frame base_link at time 5.720000 according to authority default_authority
[cloud_adapter.py-4] Possible reasons are listed at http://wiki.ros.org/tf/Errors%20explained
[cloud_adapter.py-4]          at line 294 in ./src/buffer_core.cpp
[cloud_adapter.py-4] Warning: TF_OLD_DATA ignoring data from the past for frame base_link at time 5.740000 according to authority default_authority
[cloud_adapter.py-4] Possible reasons are listed at http://wiki.ros.org/tf/Errors%20explained
[cloud_adapter.py-4]          at line 294 in ./src/buffer_core.cpp
[cloud_adapter.py-4] Warning: TF_OLD_DATA ignoring data from the past for frame base_link at time 5.760000 according to authority default_authority
[cloud_adapter.py-4] Possible reasons are listed at http://wiki.ros.org/tf/Errors%20explained
[cloud_adapter.py-4]          at line 294 in ./src/buffer_core.cpp
[cloud_adapter.py-4] Warning: TF_OLD_DATA ignoring data from the past for frame base_link at time 5.780000 according to authority default_authority
[cloud_adapter.py-4] Possible reasons are listed at http://wiki.ros.org/tf/Errors%20explained
[cloud_adapter.py-4]          at line 294 in ./src/buffer_core.cpp
[cloud_adapter.py-4] Warning: TF_OLD_DATA ignoring data from the past for frame base_link at time 5.800000 according to authority default_authority
[cloud_adapter.py-4] Possible reasons are listed at http://wiki.ros.org/tf/Errors%20explained
[cloud_adapter.py-4]          at line 294 in ./src/buffer_core.cpp
[cloud_adapter.py-4] Warning: TF_OLD_DATA ignoring data from the past for frame base_link at time 5.820000 according to authority default_authority
[cloud_adapter.py-4] Possible reasons are listed at http://wiki.ros.org/tf/Errors%20explained
[cloud_adapter.py-4]          at line 294 in ./src/buffer_core.cpp
[cloud_adapter.py-4] Warning: TF_OLD_DATA ignoring data from the past for frame base_link at time 5.840000 according to authority default_authority
[cloud_adapter.py-4] Possible reasons are listed at http://wiki.ros.org/tf/Errors%20explained
[cloud_adapter.py-4]          at line 294 in ./src/buffer_core.cpp
[cloud_adapter.py-4] Warning: TF_OLD_DATA ignoring data from the past for frame base_link at time 5.860000 according to authority default_authority
[cloud_adapter.py-4] Possible reasons are listed at http://wiki.ros.org/tf/Errors%20explained
[cloud_adapter.py-4]          at line 294 in ./src/buffer_core.cpp
[cloud_adapter.py-4] Warning: TF_OLD_DATA ignoring data from the past for frame base_link at time 5.880000 according to authority default_authority
[cloud_adapter.py-4] Possible reasons are listed at http://wiki.ros.org/tf/Errors%20explained
[cloud_adapter.py-4]          at line 294 in ./src/buffer_core.cpp
[cloud_adapter.py-4] Warning: TF_OLD_DATA ignoring data from the past for frame base_link at time 5.900000 according to authority default_authority
[cloud_adapter.py-4] Possible reasons are listed at http://wiki.ros.org/tf/Errors%20explained
[cloud_adapter.py-4]          at line 294 in ./src/buffer_core.cpp
[cloud_adapter.py-4] Warning: TF_OLD_DATA ignoring data from the past for frame base_link at time 5.920000 according to authority default_authority
[cloud_adapter.py-4] Possible reasons are listed at http://wiki.ros.org/tf/Errors%20explained
[cloud_adapter.py-4]          at line 294 in ./src/buffer_core.cpp
[cloud_adapter.py-4] Warning: TF_OLD_DATA ignoring data from the past for frame base_link at time 5.940000 according to authority default_authority
[cloud_adapter.py-4] Possible reasons are listed at http://wiki.ros.org/tf/Errors%20explained
[cloud_adapter.py-4]          at line 294 in ./src/buffer_core.cpp
[cloud_adapter.py-4] Warning: TF_OLD_DATA ignoring data from the past for frame base_link at time 5.960000 according to authority default_authority
[cloud_adapter.py-4] Possible reasons are listed at http://wiki.ros.org/tf/Errors%20explained
[cloud_adapter.py-4]          at line 294 in ./src/buffer_core.cpp
[cloud_adapter.py-4] Warning: TF_OLD_DATA ignoring data from the past for frame base_link at time 5.980000 according to authority default_authority
[cloud_adapter.py-4] Possible reasons are listed at http://wiki.ros.org/tf/Errors%20explained
[cloud_adapter.py-4]          at line 294 in ./src/buffer_core.cpp
[cloud_adapter.py-4] Warning: TF_OLD_DATA ignoring data from the past for frame base_link at time 6.000000 according to authority default_authority
[cloud_adapter.py-4] Possible reasons are listed at http://wiki.ros.org/tf/Errors%20explained
[cloud_adapter.py-4]          at line 294 in ./src/buffer_core.cpp
[cloud_adapter.py-4] Warning: TF_OLD_DATA ignoring data from the past for frame base_link at time 6.020000 according to authority default_authority
[cloud_adapter.py-4] Possible reasons are listed at http://wiki.ros.org/tf/Errors%20explained
[cloud_adapter.py-4]          at line 294 in ./src/buffer_core.cpp
[cloud_adapter.py-4] Warning: TF_OLD_DATA ignoring data from the past for frame base_link at time 6.040000 according to authority default_authority
[cloud_adapter.py-4] Possible reasons are listed at http://wiki.ros.org/tf/Errors%20explained
[cloud_adapter.py-4]          at line 294 in ./src/buffer_core.cpp
[cloud_adapter.py-4] Warning: TF_OLD_DATA ignoring data from the past for frame base_link at time 6.060000 according to authority default_authority
[cloud_adapter.py-4] Possible reasons are listed at http://wiki.ros.org/tf/Errors%20explained
[cloud_adapter.py-4]          at line 294 in ./src/buffer_core.cpp
[cloud_adapter.py-4] Warning: TF_OLD_DATA ignoring data from the past for frame base_link at time 6.080000 according to authority default_authority
[cloud_adapter.py-4] Possible reasons are listed at http://wiki.ros.org/tf/Errors%20explained
[cloud_adapter.py-4]          at line 294 in ./src/buffer_core.cpp
[cloud_adapter.py-4] Warning: TF_OLD_DATA ignoring data from the past for frame base_link at time 6.100000 according to authority default_authority
[cloud_adapter.py-4] Possible reasons are listed at http://wiki.ros.org/tf/Errors%20explained
[cloud_adapter.py-4]          at line 294 in ./src/buffer_core.cpp
[cloud_adapter.py-4] Warning: TF_OLD_DATA ignoring data from the past for frame base_link at time 6.120000 according to authority default_authority
[cloud_adapter.py-4] Possible reasons are listed at http://wiki.ros.org/tf/Errors%20explained
[cloud_adapter.py-4]          at line 294 in ./src/buffer_core.cpp
[cloud_adapter.py-4] Warning: TF_OLD_DATA ignoring data from the past for frame base_link at time 6.140000 according to authority default_authority
[cloud_adapter.py-4] Possible reasons are listed at http://wiki.ros.org/tf/Errors%20explained
[cloud_adapter.py-4]          at line 294 in ./src/buffer_core.cpp
[cloud_adapter.py-4] Warning: TF_OLD_DATA ignoring data from the past for frame base_link at time 6.160000 according to authority default_authority
[cloud_adapter.py-4] Possible reasons are listed at http://wiki.ros.org/tf/Errors%20explained
[cloud_adapter.py-4]          at line 294 in ./src/buffer_core.cpp
[cloud_adapter.py-4] Warning: TF_OLD_DATA ignoring data from the past for frame base_link at time 6.180000 according to authority default_authority
[cloud_adapter.py-4] Possible reasons are listed at http://wiki.ros.org/tf/Errors%20explained
[cloud_adapter.py-4]          at line 294 in ./src/buffer_core.cpp
[cloud_adapter.py-4] Warning: TF_OLD_DATA ignoring data from the past for frame base_link at time 6.200000 according to authority default_authority
[cloud_adapter.py-4] Possible reasons are listed at http://wiki.ros.org/tf/Errors%20explained
[cloud_adapter.py-4]          at line 294 in ./src/buffer_core.cpp
[cloud_adapter.py-4] Warning: TF_OLD_DATA ignoring data from the past for frame base_link at time 6.220000 according to authority default_authority
[cloud_adapter.py-4] Possible reasons are listed at http://wiki.ros.org/tf/Errors%20explained
[cloud_adapter.py-4]          at line 294 in ./src/buffer_core.cpp
[cloud_adapter.py-4] Warning: TF_OLD_DATA ignoring data from the past for frame base_link at time 6.240000 according to authority default_authority
[cloud_adapter.py-4] Possible reasons are listed at http://wiki.ros.org/tf/Errors%20explained
[cloud_adapter.py-4]          at line 294 in ./src/buffer_core.cpp
[cloud_adapter.py-4] Warning: TF_OLD_DATA ignoring data from the past for frame base_link at time 6.260000 according to authority default_authority
[cloud_adapter.py-4] Possible reasons are listed at http://wiki.ros.org/tf/Errors%20explained
[cloud_adapter.py-4]          at line 294 in ./src/buffer_core.cpp
[cloud_adapter.py-4] Warning: TF_OLD_DATA ignoring data from the past for frame base_link at time 6.280000 according to authority default_authority
[cloud_adapter.py-4] Possible reasons are listed at http://wiki.ros.org/tf/Errors%20explained
[cloud_adapter.py-4]          at line 294 in ./src/buffer_core.cpp
[cloud_adapter.py-4] Warning: TF_OLD_DATA ignoring data from the past for frame base_link at time 6.300000 according to authority default_authority
[cloud_adapter.py-4] Possible reasons are listed at http://wiki.ros.org/tf/Errors%20explained
[cloud_adapter.py-4]          at line 294 in ./src/buffer_core.cpp
[cloud_adapter.py-4] Warning: TF_OLD_DATA ignoring data from the past for frame base_link at time 6.320000 according to authority default_authority
[cloud_adapter.py-4] Possible reasons are listed at http://wiki.ros.org/tf/Errors%20explained
[cloud_adapter.py-4]          at line 294 in ./src/buffer_core.cpp
[cloud_adapter.py-4] Warning: TF_OLD_DATA ignoring data from the past for frame base_link at time 6.340000 according to authority default_authority
[cloud_adapter.py-4] Possible reasons are listed at http://wiki.ros.org/tf/Errors%20explained
[cloud_adapter.py-4]          at line 294 in ./src/buffer_core.cpp
[cloud_adapter.py-4] Warning: TF_OLD_DATA ignoring data from the past for frame base_link at time 6.360000 according to authority default_authority
[cloud_adapter.py-4] Possible reasons are listed at http://wiki.ros.org/tf/Errors%20explained
[cloud_adapter.py-4]          at line 294 in ./src/buffer_core.cpp
[cloud_adapter.py-4] Warning: TF_OLD_DATA ignoring data from the past for frame base_link at time 6.380000 according to authority default_authority
[cloud_adapter.py-4] Possible reasons are listed at http://wiki.ros.org/tf/Errors%20explained
[cloud_adapter.py-4]          at line 294 in ./src/buffer_core.cpp
[cloud_adapter.py-4] Warning: TF_OLD_DATA ignoring data from the past for frame base_link at time 6.400000 according to authority default_authority
[cloud_adapter.py-4] Possible reasons are listed at http://wiki.ros.org/tf/Errors%20explained
[cloud_adapter.py-4]          at line 294 in ./src/buffer_core.cpp
[cloud_adapter.py-4] Warning: TF_OLD_DATA ignoring data from the past for frame base_link at time 6.420000 according to authority default_authority
[cloud_adapter.py-4] Possible reasons are listed at http://wiki.ros.org/tf/Errors%20explained
[cloud_adapter.py-4]          at line 294 in ./src/buffer_core.cpp
[cloud_adapter.py-4] Warning: TF_OLD_DATA ignoring data from the past for frame base_link at time 6.440000 according to authority default_authority
[cloud_adapter.py-4] Possible reasons are listed at http://wiki.ros.org/tf/Errors%20explained
[cloud_adapter.py-4]          at line 294 in ./src/buffer_core.cpp
[cloud_adapter.py-4] Warning: TF_OLD_DATA ignoring data from the past for frame base_link at time 6.460000 according to authority default_authority
[cloud_adapter.py-4] Possible reasons are listed at http://wiki.ros.org/tf/Errors%20explained
[cloud_adapter.py-4]          at line 294 in ./src/buffer_core.cpp
[cloud_adapter.py-4] Warning: TF_OLD_DATA ignoring data from the past for frame base_link at time 6.480000 according to authority default_authority
[cloud_adapter.py-4] Possible reasons are listed at http://wiki.ros.org/tf/Errors%20explained
[cloud_adapter.py-4]          at line 294 in ./src/buffer_core.cpp
[cloud_adapter.py-4] Warning: TF_OLD_DATA ignoring data from the past for frame base_link at time 6.500000 according to authority default_authority
[cloud_adapter.py-4] Possible reasons are listed at http://wiki.ros.org/tf/Errors%20explained
[cloud_adapter.py-4]          at line 294 in ./src/buffer_core.cpp
[cloud_adapter.py-4] Warning: TF_OLD_DATA ignoring data from the past for frame base_link at time 6.520000 according to authority default_authority
[cloud_adapter.py-4] Possible reasons are listed at http://wiki.ros.org/tf/Errors%20explained
[cloud_adapter.py-4]          at line 294 in ./src/buffer_core.cpp
[cloud_adapter.py-4] Warning: TF_OLD_DATA ignoring data from the past for frame base_link at time 6.540000 according to authority default_authority
[cloud_adapter.py-4] Possible reasons are listed at http://wiki.ros.org/tf/Errors%20explained
[cloud_adapter.py-4]          at line 294 in ./src/buffer_core.cpp
[cloud_adapter.py-4] Warning: TF_OLD_DATA ignoring data from the past for frame base_link at time 6.560000 according to authority default_authority
[cloud_adapter.py-4] Possible reasons are listed at http://wiki.ros.org/tf/Errors%20explained
[cloud_adapter.py-4]          at line 294 in ./src/buffer_core.cpp
[cloud_adapter.py-4] Warning: TF_OLD_DATA ignoring data from the past for frame base_link at time 6.580000 according to authority default_authority
[cloud_adapter.py-4] Possible reasons are listed at http://wiki.ros.org/tf/Errors%20explained
[cloud_adapter.py-4]          at line 294 in ./src/buffer_core.cpp
[cloud_adapter.py-4] Warning: TF_OLD_DATA ignoring data from the past for frame base_link at time 6.600000 according to authority default_authority
[cloud_adapter.py-4] Possible reasons are listed at http://wiki.ros.org/tf/Errors%20explained
[cloud_adapter.py-4]          at line 294 in ./src/buffer_core.cpp
[cloud_adapter.py-4] Warning: TF_OLD_DATA ignoring data from the past for frame base_link at time 6.620000 according to authority default_authority
[cloud_adapter.py-4] Possible reasons are listed at http://wiki.ros.org/tf/Errors%20explained
[cloud_adapter.py-4]          at line 294 in ./src/buffer_core.cpp
[cloud_adapter.py-4] Warning: TF_OLD_DATA ignoring data from the past for frame base_link at time 6.640000 according to authority default_authority
[cloud_adapter.py-4] Possible reasons are listed at http://wiki.ros.org/tf/Errors%20explained
[cloud_adapter.py-4]          at line 294 in ./src/buffer_core.cpp
[cloud_adapter.py-4] Warning: TF_OLD_DATA ignoring data from the past for frame base_link at time 6.660000 according to authority default_authority
[cloud_adapter.py-4] Possible reasons are listed at http://wiki.ros.org/tf/Errors%20explained
[cloud_adapter.py-4]          at line 294 in ./src/buffer_core.cpp
[cloud_adapter.py-4] Warning: TF_OLD_DATA ignoring data from the past for frame base_link at time 6.680000 according to authority default_authority
[cloud_adapter.py-4] Possible reasons are listed at http://wiki.ros.org/tf/Errors%20explained
[cloud_adapter.py-4]          at line 294 in ./src/buffer_core.cpp
[cloud_adapter.py-4] Warning: TF_OLD_DATA ignoring data from the past for frame base_link at time 6.700000 according to authority default_authority
[cloud_adapter.py-4] Possible reasons are listed at http://wiki.ros.org/tf/Errors%20explained
[cloud_adapter.py-4]          at line 294 in ./src/buffer_core.cpp
[cloud_adapter.py-4] Warning: TF_OLD_DATA ignoring data from the past for frame base_link at time 6.720000 according to authority default_authority
[cloud_adapter.py-4] Possible reasons are listed at http://wiki.ros.org/tf/Errors%20explained
[cloud_adapter.py-4]          at line 294 in ./src/buffer_core.cpp
[cloud_adapter.py-4] Warning: TF_OLD_DATA ignoring data from the past for frame base_link at time 6.740000 according to authority default_authority
[cloud_adapter.py-4] Possible reasons are listed at http://wiki.ros.org/tf/Errors%20explained
[cloud_adapter.py-4]          at line 294 in ./src/buffer_core.cpp
[cloud_adapter.py-4] Warning: TF_OLD_DATA ignoring data from the past for frame base_link at time 6.760000 according to authority default_authority
[cloud_adapter.py-4] Possible reasons are listed at http://wiki.ros.org/tf/Errors%20explained
[cloud_adapter.py-4]          at line 294 in ./src/buffer_core.cpp
[cloud_adapter.py-4] Warning: TF_OLD_DATA ignoring data from the past for frame base_link at time 6.780000 according to authority default_authority
[cloud_adapter.py-4] Possible reasons are listed at http://wiki.ros.org/tf/Errors%20explained
[cloud_adapter.py-4]          at line 294 in ./src/buffer_core.cpp
[cloud_adapter.py-4] Warning: TF_OLD_DATA ignoring data from the past for frame base_link at time 6.800000 according to authority default_authority
[cloud_adapter.py-4] Possible reasons are listed at http://wiki.ros.org/tf/Errors%20explained
[cloud_adapter.py-4]          at line 294 in ./src/buffer_core.cpp
[cloud_adapter.py-4] Warning: TF_OLD_DATA ignoring data from the past for frame base_link at time 6.820000 according to authority default_authority
[cloud_adapter.py-4] Possible reasons are listed at http://wiki.ros.org/tf/Errors%20explained
[cloud_adapter.py-4]          at line 294 in ./src/buffer_core.cpp
[cloud_adapter.py-4] Warning: TF_OLD_DATA ignoring data from the past for frame base_link at time 6.840000 according to authority default_authority
[cloud_adapter.py-4] Possible reasons are listed at http://wiki.ros.org/tf/Errors%20explained
[cloud_adapter.py-4]          at line 294 in ./src/buffer_core.cpp
[cloud_adapter.py-4] Warning: TF_OLD_DATA ignoring data from the past for frame base_link at time 6.860000 according to authority default_authority
[cloud_adapter.py-4] Possible reasons are listed at http://wiki.ros.org/tf/Errors%20explained
[cloud_adapter.py-4]          at line 294 in ./src/buffer_core.cpp
[cloud_adapter.py-4] Warning: TF_OLD_DATA ignoring data from the past for frame base_link at time 6.880000 according to authority default_authority
[cloud_adapter.py-4] Possible reasons are listed at http://wiki.ros.org/tf/Errors%20explained
[cloud_adapter.py-4]          at line 294 in ./src/buffer_core.cpp
[cloud_adapter.py-4] Warning: TF_OLD_DATA ignoring data from the past for frame base_link at time 6.900000 according to authority default_authority
[cloud_adapter.py-4] Possible reasons are listed at http://wiki.ros.org/tf/Errors%20explained
[cloud_adapter.py-4]          at line 294 in ./src/buffer_core.cpp
[cloud_adapter.py-4] Warning: TF_OLD_DATA ignoring data from the past for frame base_link at time 6.920000 according to authority default_authority
[cloud_adapter.py-4] Possible reasons are listed at http://wiki.ros.org/tf/Errors%20explained
[cloud_adapter.py-4]          at line 294 in ./src/buffer_core.cpp
[cloud_adapter.py-4] Warning: TF_OLD_DATA ignoring data from the past for frame base_link at time 6.940000 according to authority default_authority
[cloud_adapter.py-4] Possible reasons are listed at http://wiki.ros.org/tf/Errors%20explained
[cloud_adapter.py-4]          at line 294 in ./src/buffer_core.cpp
[cloud_adapter.py-4] Warning: TF_OLD_DATA ignoring data from the past for frame base_link at time 6.960000 according to authority default_authority
[cloud_adapter.py-4] Possible reasons are listed at http://wiki.ros.org/tf/Errors%20explained
[cloud_adapter.py-4]          at line 294 in ./src/buffer_core.cpp
[cloud_adapter.py-4] Warning: TF_OLD_DATA ignoring data from the past for frame base_link at time 6.980000 according to authority default_authority
[cloud_adapter.py-4] Possible reasons are listed at http://wiki.ros.org/tf/Errors%20explained
[cloud_adapter.py-4]          at line 294 in ./src/buffer_core.cpp
[cloud_adapter.py-4] Warning: TF_OLD_DATA ignoring data from the past for frame base_link at time 7.000000 according to authority default_authority
[cloud_adapter.py-4] Possible reasons are listed at http://wiki.ros.org/tf/Errors%20explained
[cloud_adapter.py-4]          at line 294 in ./src/buffer_core.cpp
[cloud_adapter.py-4] Warning: TF_OLD_DATA ignoring data from the past for frame base_link at time 7.020000 according to authority default_authority
[cloud_adapter.py-4] Possible reasons are listed at http://wiki.ros.org/tf/Errors%20explained
[cloud_adapter.py-4]          at line 294 in ./src/buffer_core.cpp
[cloud_adapter.py-4] Warning: TF_OLD_DATA ignoring data from the past for frame base_link at time 7.040000 according to authority default_authority
[cloud_adapter.py-4] Possible reasons are listed at http://wiki.ros.org/tf/Errors%20explained
[cloud_adapter.py-4]          at line 294 in ./src/buffer_core.cpp
[cloud_adapter.py-4] Warning: TF_OLD_DATA ignoring data from the past for frame base_link at time 7.060000 according to authority default_authority
[cloud_adapter.py-4] Possible reasons are listed at http://wiki.ros.org/tf/Errors%20explained
[cloud_adapter.py-4]          at line 294 in ./src/buffer_core.cpp
[cloud_adapter.py-4] Warning: TF_OLD_DATA ignoring data from the past for frame base_link at time 7.080000 according to authority default_authority
[cloud_adapter.py-4] Possible reasons are listed at http://wiki.ros.org/tf/Errors%20explained
[cloud_adapter.py-4]          at line 294 in ./src/buffer_core.cpp
[cloud_adapter.py-4] Warning: TF_OLD_DATA ignoring data from the past for frame base_link at time 7.100000 according to authority default_authority
[cloud_adapter.py-4] Possible reasons are listed at http://wiki.ros.org/tf/Errors%20explained
[cloud_adapter.py-4]          at line 294 in ./src/buffer_core.cpp
[cloud_adapter.py-4] Warning: TF_OLD_DATA ignoring data from the past for frame base_link at time 7.120000 according to authority default_authority
[cloud_adapter.py-4] Possible reasons are listed at http://wiki.ros.org/tf/Errors%20explained
[cloud_adapter.py-4]          at line 294 in ./src/buffer_core.cpp
[cloud_adapter.py-4] Warning: TF_OLD_DATA ignoring data from the past for frame base_link at time 7.140000 according to authority default_authority
[cloud_adapter.py-4] Possible reasons are listed at http://wiki.ros.org/tf/Errors%20explained
[cloud_adapter.py-4]          at line 294 in ./src/buffer_core.cpp
[cloud_adapter.py-4] Warning: TF_OLD_DATA ignoring data from the past for frame base_link at time 7.160000 according to authority default_authority
[cloud_adapter.py-4] Possible reasons are listed at http://wiki.ros.org/tf/Errors%20explained
[cloud_adapter.py-4]          at line 294 in ./src/buffer_core.cpp
[cloud_adapter.py-4] Warning: TF_OLD_DATA ignoring data from the past for frame base_link at time 7.180000 according to authority default_authority
[cloud_adapter.py-4] Possible reasons are listed at http://wiki.ros.org/tf/Errors%20explained
[cloud_adapter.py-4]          at line 294 in ./src/buffer_core.cpp
[cloud_adapter.py-4] Warning: TF_OLD_DATA ignoring data from the past for frame base_link at time 7.200000 according to authority default_authority
[cloud_adapter.py-4] Possible reasons are listed at http://wiki.ros.org/tf/Errors%20explained
[cloud_adapter.py-4]          at line 294 in ./src/buffer_core.cpp
[cloud_adapter.py-4] Warning: TF_OLD_DATA ignoring data from the past for frame base_link at time 7.220000 according to authority default_authority
[cloud_adapter.py-4] Possible reasons are listed at http://wiki.ros.org/tf/Errors%20explained
[cloud_adapter.py-4]          at line 294 in ./src/buffer_core.cpp
[cloud_adapter.py-4] Warning: TF_OLD_DATA ignoring data from the past for frame base_link at time 7.240000 according to authority default_authority
[cloud_adapter.py-4] Possible reasons are listed at http://wiki.ros.org/tf/Errors%20explained
[cloud_adapter.py-4]          at line 294 in ./src/buffer_core.cpp
[cloud_adapter.py-4] Warning: TF_OLD_DATA ignoring data from the past for frame base_link at time 7.260000 according to authority default_authority
[cloud_adapter.py-4] Possible reasons are listed at http://wiki.ros.org/tf/Errors%20explained
[cloud_adapter.py-4]          at line 294 in ./src/buffer_core.cpp
[cloud_adapter.py-4] Warning: TF_OLD_DATA ignoring data from the past for frame base_link at time 7.280000 according to authority default_authority
[cloud_adapter.py-4] Possible reasons are listed at http://wiki.ros.org/tf/Errors%20explained
[cloud_adapter.py-4]          at line 294 in ./src/buffer_core.cpp
[cloud_adapter.py-4] Warning: TF_OLD_DATA ignoring data from the past for frame base_link at time 7.300000 according to authority default_authority
[cloud_adapter.py-4] Possible reasons are listed at http://wiki.ros.org/tf/Errors%20explained
[cloud_adapter.py-4]          at line 294 in ./src/buffer_core.cpp
[cloud_adapter.py-4] Warning: TF_OLD_DATA ignoring data from the past for frame base_link at time 7.320000 according to authority default_authority
[cloud_adapter.py-4] Possible reasons are listed at http://wiki.ros.org/tf/Errors%20explained
[cloud_adapter.py-4]          at line 294 in ./src/buffer_core.cpp
[cloud_adapter.py-4] Warning: TF_OLD_DATA ignoring data from the past for frame base_link at time 7.340000 according to authority default_authority
[cloud_adapter.py-4] Possible reasons are listed at http://wiki.ros.org/tf/Errors%20explained
[cloud_adapter.py-4]          at line 294 in ./src/buffer_core.cpp
[cloud_adapter.py-4] Warning: TF_OLD_DATA ignoring data from the past for frame base_link at time 7.360000 according to authority default_authority
[cloud_adapter.py-4] Possible reasons are listed at http://wiki.ros.org/tf/Errors%20explained
[cloud_adapter.py-4]          at line 294 in ./src/buffer_core.cpp
[cloud_adapter.py-4] Warning: TF_OLD_DATA ignoring data from the past for frame base_link at time 7.380000 according to authority default_authority
[cloud_adapter.py-4] Possible reasons are listed at http://wiki.ros.org/tf/Errors%20explained
[cloud_adapter.py-4]          at line 294 in ./src/buffer_core.cpp
[cloud_adapter.py-4] Warning: TF_OLD_DATA ignoring data from the past for frame base_link at time 7.400000 according to authority default_authority
[cloud_adapter.py-4] Possible reasons are listed at http://wiki.ros.org/tf/Errors%20explained
[cloud_adapter.py-4]          at line 294 in ./src/buffer_core.cpp
[cloud_adapter.py-4] Warning: TF_OLD_DATA ignoring data from the past for frame base_link at time 7.420000 according to authority default_authority
[cloud_adapter.py-4] Possible reasons are listed at http://wiki.ros.org/tf/Errors%20explained
[cloud_adapter.py-4]          at line 294 in ./src/buffer_core.cpp
[cloud_adapter.py-4] Warning: TF_OLD_DATA ignoring data from the past for frame base_link at time 7.440000 according to authority default_authority
[cloud_adapter.py-4] Possible reasons are listed at http://wiki.ros.org/tf/Errors%20explained
[cloud_adapter.py-4]          at line 294 in ./src/buffer_core.cpp
[cloud_adapter.py-4] Warning: TF_OLD_DATA ignoring data from the past for frame base_link at time 7.460000 according to authority default_authority
[cloud_adapter.py-4] Possible reasons are listed at http://wiki.ros.org/tf/Errors%20explained
[cloud_adapter.py-4]          at line 294 in ./src/buffer_core.cpp
[cloud_adapter.py-4] Warning: TF_OLD_DATA ignoring data from the past for frame base_link at time 7.480000 according to authority default_authority
[cloud_adapter.py-4] Possible reasons are listed at http://wiki.ros.org/tf/Errors%20explained
[cloud_adapter.py-4]          at line 294 in ./src/buffer_core.cpp
[cloud_adapter.py-4] Warning: TF_OLD_DATA ignoring data from the past for frame base_link at time 7.500000 according to authority default_authority
[cloud_adapter.py-4] Possible reasons are listed at http://wiki.ros.org/tf/Errors%20explained
[cloud_adapter.py-4]          at line 294 in ./src/buffer_core.cpp
[cloud_adapter.py-4] Warning: TF_OLD_DATA ignoring data from the past for frame base_link at time 7.520000 according to authority default_authority
[cloud_adapter.py-4] Possible reasons are listed at http://wiki.ros.org/tf/Errors%20explained
[cloud_adapter.py-4]          at line 294 in ./src/buffer_core.cpp
[cloud_adapter.py-4] Warning: TF_OLD_DATA ignoring data from the past for frame base_link at time 7.540000 according to authority default_authority
[cloud_adapter.py-4] Possible reasons are listed at http://wiki.ros.org/tf/Errors%20explained
[cloud_adapter.py-4]          at line 294 in ./src/buffer_core.cpp
[cloud_adapter.py-4] Warning: TF_OLD_DATA ignoring data from the past for frame base_link at time 7.560000 according to authority default_authority
[cloud_adapter.py-4] Possible reasons are listed at http://wiki.ros.org/tf/Errors%20explained
[cloud_adapter.py-4]          at line 294 in ./src/buffer_core.cpp
[cloud_adapter.py-4] Warning: TF_OLD_DATA ignoring data from the past for frame base_link at time 7.580000 according to authority default_authority
[cloud_adapter.py-4] Possible reasons are listed at http://wiki.ros.org/tf/Errors%20explained
[cloud_adapter.py-4]          at line 294 in ./src/buffer_core.cpp
[cloud_adapter.py-4] Warning: TF_OLD_DATA ignoring data from the past for frame base_link at time 7.600000 according to authority default_authority
[cloud_adapter.py-4] Possible reasons are listed at http://wiki.ros.org/tf/Errors%20explained
[cloud_adapter.py-4]          at line 294 in ./src/buffer_core.cpp
[cloud_adapter.py-4] Warning: TF_OLD_DATA ignoring data from the past for frame base_link at time 7.620000 according to authority default_authority
[cloud_adapter.py-4] Possible reasons are listed at http://wiki.ros.org/tf/Errors%20explained
[cloud_adapter.py-4]          at line 294 in ./src/buffer_core.cpp
[cloud_adapter.py-4] Warning: TF_OLD_DATA ignoring data from the past for frame base_link at time 7.640000 according to authority default_authority
[cloud_adapter.py-4] Possible reasons are listed at http://wiki.ros.org/tf/Errors%20explained
[cloud_adapter.py-4]          at line 294 in ./src/buffer_core.cpp
[cloud_adapter.py-4] Warning: TF_OLD_DATA ignoring data from the past for frame base_link at time 7.660000 according to authority default_authority
[cloud_adapter.py-4] Possible reasons are listed at http://wiki.ros.org/tf/Errors%20explained
[cloud_adapter.py-4]          at line 294 in ./src/buffer_core.cpp
[cloud_adapter.py-4] Warning: TF_OLD_DATA ignoring data from the past for frame base_link at time 7.680000 according to authority default_authority
[cloud_adapter.py-4] Possible reasons are listed at http://wiki.ros.org/tf/Errors%20explained
[cloud_adapter.py-4]          at line 294 in ./src/buffer_core.cpp
[cloud_adapter.py-4] Warning: TF_OLD_DATA ignoring data from the past for frame base_link at time 7.700000 according to authority default_authority
[cloud_adapter.py-4] Possible reasons are listed at http://wiki.ros.org/tf/Errors%20explained
[cloud_adapter.py-4]          at line 294 in ./src/buffer_core.cpp
[cloud_adapter.py-4] Warning: TF_OLD_DATA ignoring data from the past for frame base_link at time 7.720000 according to authority default_authority
[cloud_adapter.py-4] Possible reasons are listed at http://wiki.ros.org/tf/Errors%20explained
[cloud_adapter.py-4]          at line 294 in ./src/buffer_core.cpp
[cloud_adapter.py-4] Warning: TF_OLD_DATA ignoring data from the past for frame base_link at time 7.740000 according to authority default_authority
[cloud_adapter.py-4] Possible reasons are listed at http://wiki.ros.org/tf/Errors%20explained
[cloud_adapter.py-4]          at line 294 in ./src/buffer_core.cpp
[cloud_adapter.py-4] Warning: TF_OLD_DATA ignoring data from the past for frame base_link at time 7.760000 according to authority default_authority
[cloud_adapter.py-4] Possible reasons are listed at http://wiki.ros.org/tf/Errors%20explained
[cloud_adapter.py-4]          at line 294 in ./src/buffer_core.cpp
[cloud_adapter.py-4] Warning: TF_OLD_DATA ignoring data from the past for frame base_link at time 7.780000 according to authority default_authority
[cloud_adapter.py-4] Possible reasons are listed at http://wiki.ros.org/tf/Errors%20explained
[cloud_adapter.py-4]          at line 294 in ./src/buffer_core.cpp
[cloud_adapter.py-4] Warning: TF_OLD_DATA ignoring data from the past for frame base_link at time 7.800000 according to authority default_authority
[cloud_adapter.py-4] Possible reasons are listed at http://wiki.ros.org/tf/Errors%20explained
[cloud_adapter.py-4]          at line 294 in ./src/buffer_core.cpp
[cloud_adapter.py-4] Warning: TF_OLD_DATA ignoring data from the past for frame base_link at time 7.820000 according to authority default_authority
[cloud_adapter.py-4] Possible reasons are listed at http://wiki.ros.org/tf/Errors%20explained
[cloud_adapter.py-4]          at line 294 in ./src/buffer_core.cpp
[cloud_adapter.py-4] Warning: TF_OLD_DATA ignoring data from the past for frame base_link at time 7.840000 according to authority default_authority
[cloud_adapter.py-4] Possible reasons are listed at http://wiki.ros.org/tf/Errors%20explained
[cloud_adapter.py-4]          at line 294 in ./src/buffer_core.cpp
[cloud_adapter.py-4] Warning: TF_OLD_DATA ignoring data from the past for frame base_link at time 7.860000 according to authority default_authority
[cloud_adapter.py-4] Possible reasons are listed at http://wiki.ros.org/tf/Errors%20explained
[cloud_adapter.py-4]          at line 294 in ./src/buffer_core.cpp
[cloud_adapter.py-4] Warning: TF_OLD_DATA ignoring data from the past for frame base_link at time 7.880000 according to authority default_authority
[cloud_adapter.py-4] Possible reasons are listed at http://wiki.ros.org/tf/Errors%20explained
[cloud_adapter.py-4]          at line 294 in ./src/buffer_core.cpp
[cloud_adapter.py-4] Warning: TF_OLD_DATA ignoring data from the past for frame base_link at time 7.900000 according to authority default_authority
[cloud_adapter.py-4] Possible reasons are listed at http://wiki.ros.org/tf/Errors%20explained
[cloud_adapter.py-4]          at line 294 in ./src/buffer_core.cpp
[cloud_adapter.py-4] Warning: TF_OLD_DATA ignoring data from the past for frame base_link at time 7.920000 according to authority default_authority
[cloud_adapter.py-4] Possible reasons are listed at http://wiki.ros.org/tf/Errors%20explained
[cloud_adapter.py-4]          at line 294 in ./src/buffer_core.cpp
[cloud_adapter.py-4] Warning: TF_OLD_DATA ignoring data from the past for frame base_link at time 7.940000 according to authority default_authority
[cloud_adapter.py-4] Possible reasons are listed at http://wiki.ros.org/tf/Errors%20explained
[cloud_adapter.py-4]          at line 294 in ./src/buffer_core.cpp
[cloud_adapter.py-4] Warning: TF_OLD_DATA ignoring data from the past for frame base_link at time 7.960000 according to authority default_authority
[cloud_adapter.py-4] Possible reasons are listed at http://wiki.ros.org/tf/Errors%20explained
[cloud_adapter.py-4]          at line 294 in ./src/buffer_core.cpp
[cloud_adapter.py-4] Warning: TF_OLD_DATA ignoring data from the past for frame base_link at time 7.980000 according to authority default_authority
[cloud_adapter.py-4] Possible reasons are listed at http://wiki.ros.org/tf/Errors%20explained
[cloud_adapter.py-4]          at line 294 in ./src/buffer_core.cpp
[cloud_adapter.py-4] Warning: TF_OLD_DATA ignoring data from the past for frame base_link at time 8.000000 according to authority default_authority
[cloud_adapter.py-4] Possible reasons are listed at http://wiki.ros.org/tf/Errors%20explained
[cloud_adapter.py-4]          at line 294 in ./src/buffer_core.cpp
[cloud_adapter.py-4] Warning: TF_OLD_DATA ignoring data from the past for frame base_link at time 8.020000 according to authority default_authority
[cloud_adapter.py-4] Possible reasons are listed at http://wiki.ros.org/tf/Errors%20explained
[cloud_adapter.py-4]          at line 294 in ./src/buffer_core.cpp
[cloud_adapter.py-4] Warning: TF_OLD_DATA ignoring data from the past for frame base_link at time 8.040000 according to authority default_authority
[cloud_adapter.py-4] Possible reasons are listed at http://wiki.ros.org/tf/Errors%20explained
[cloud_adapter.py-4]          at line 294 in ./src/buffer_core.cpp
[cloud_adapter.py-4] Warning: TF_OLD_DATA ignoring data from the past for frame base_link at time 8.060000 according to authority default_authority
[cloud_adapter.py-4] Possible reasons are listed at http://wiki.ros.org/tf/Errors%20explained
[cloud_adapter.py-4]          at line 294 in ./src/buffer_core.cpp
[cloud_adapter.py-4] Warning: TF_OLD_DATA ignoring data from the past for frame base_link at time 8.080000 according to authority default_authority
[cloud_adapter.py-4] Possible reasons are listed at http://wiki.ros.org/tf/Errors%20explained
[cloud_adapter.py-4]          at line 294 in ./src/buffer_core.cpp
[cloud_adapter.py-4] Warning: TF_OLD_DATA ignoring data from the past for frame base_link at time 8.100000 according to authority default_authority
[cloud_adapter.py-4] Possible reasons are listed at http://wiki.ros.org/tf/Errors%20explained
[cloud_adapter.py-4]          at line 294 in ./src/buffer_core.cpp
[cloud_adapter.py-4] Warning: TF_OLD_DATA ignoring data from the past for frame base_link at time 8.120000 according to authority default_authority
[cloud_adapter.py-4] Possible reasons are listed at http://wiki.ros.org/tf/Errors%20explained
[cloud_adapter.py-4]          at line 294 in ./src/buffer_core.cpp
[cloud_adapter.py-4] Warning: TF_OLD_DATA ignoring data from the past for frame base_link at time 8.140000 according to authority default_authority
[cloud_adapter.py-4] Possible reasons are listed at http://wiki.ros.org/tf/Errors%20explained
[cloud_adapter.py-4]          at line 294 in ./src/buffer_core.cpp
[cloud_adapter.py-4] Warning: TF_OLD_DATA ignoring data from the past for frame base_link at time 8.160000 according to authority default_authority
[cloud_adapter.py-4] Possible reasons are listed at http://wiki.ros.org/tf/Errors%20explained
[cloud_adapter.py-4]          at line 294 in ./src/buffer_core.cpp
[cloud_adapter.py-4] Warning: TF_OLD_DATA ignoring data from the past for frame base_link at time 8.180000 according to authority default_authority
[cloud_adapter.py-4] Possible reasons are listed at http://wiki.ros.org/tf/Errors%20explained
[cloud_adapter.py-4]          at line 294 in ./src/buffer_core.cpp
[cloud_adapter.py-4] Warning: TF_OLD_DATA ignoring data from the past for frame base_link at time 8.200000 according to authority default_authority
[cloud_adapter.py-4] Possible reasons are listed at http://wiki.ros.org/tf/Errors%20explained
[cloud_adapter.py-4]          at line 294 in ./src/buffer_core.cpp
[cloud_adapter.py-4] Warning: TF_OLD_DATA ignoring data from the past for frame base_link at time 8.220000 according to authority default_authority
[cloud_adapter.py-4] Possible reasons are listed at http://wiki.ros.org/tf/Errors%20explained
[cloud_adapter.py-4]          at line 294 in ./src/buffer_core.cpp
[cloud_adapter.py-4] Warning: TF_OLD_DATA ignoring data from the past for frame base_link at time 8.240000 according to authority default_authority
[cloud_adapter.py-4] Possible reasons are listed at http://wiki.ros.org/tf/Errors%20explained
[cloud_adapter.py-4]          at line 294 in ./src/buffer_core.cpp
[cloud_adapter.py-4] Warning: TF_OLD_DATA ignoring data from the past for frame base_link at time 8.260000 according to authority default_authority
[cloud_adapter.py-4] Possible reasons are listed at http://wiki.ros.org/tf/Errors%20explained
[cloud_adapter.py-4]          at line 294 in ./src/buffer_core.cpp
[cloud_adapter.py-4] Warning: TF_OLD_DATA ignoring data from the past for frame base_link at time 8.280000 according to authority default_authority
[cloud_adapter.py-4] Possible reasons are listed at http://wiki.ros.org/tf/Errors%20explained
[cloud_adapter.py-4]          at line 294 in ./src/buffer_core.cpp
[cloud_adapter.py-4] Warning: TF_OLD_DATA ignoring data from the past for frame base_link at time 8.300000 according to authority default_authority
[cloud_adapter.py-4] Possible reasons are listed at http://wiki.ros.org/tf/Errors%20explained
[cloud_adapter.py-4]          at line 294 in ./src/buffer_core.cpp
[cloud_adapter.py-4] Warning: TF_OLD_DATA ignoring data from the past for frame base_link at time 8.320000 according to authority default_authority
[cloud_adapter.py-4] Possible reasons are listed at http://wiki.ros.org/tf/Errors%20explained
[cloud_adapter.py-4]          at line 294 in ./src/buffer_core.cpp
[cloud_adapter.py-4] Warning: TF_OLD_DATA ignoring data from the past for frame base_link at time 8.340000 according to authority default_authority
[cloud_adapter.py-4] Possible reasons are listed at http://wiki.ros.org/tf/Errors%20explained
[cloud_adapter.py-4]          at line 294 in ./src/buffer_core.cpp
[cloud_adapter.py-4] Warning: TF_OLD_DATA ignoring data from the past for frame base_link at time 8.360000 according to authority default_authority
[cloud_adapter.py-4] Possible reasons are listed at http://wiki.ros.org/tf/Errors%20explained
[cloud_adapter.py-4]          at line 294 in ./src/buffer_core.cpp
[cloud_adapter.py-4] Warning: TF_OLD_DATA ignoring data from the past for frame base_link at time 8.380000 according to authority default_authority
[cloud_adapter.py-4] Possible reasons are listed at http://wiki.ros.org/tf/Errors%20explained
[cloud_adapter.py-4]          at line 294 in ./src/buffer_core.cpp
[cloud_adapter.py-4] Warning: TF_OLD_DATA ignoring data from the past for frame base_link at time 8.400000 according to authority default_authority
[cloud_adapter.py-4] Possible reasons are listed at http://wiki.ros.org/tf/Errors%20explained
[cloud_adapter.py-4]          at line 294 in ./src/buffer_core.cpp
[cloud_adapter.py-4] Warning: TF_OLD_DATA ignoring data from the past for frame base_link at time 8.420000 according to authority default_authority
[cloud_adapter.py-4] Possible reasons are listed at http://wiki.ros.org/tf/Errors%20explained
[cloud_adapter.py-4]          at line 294 in ./src/buffer_core.cpp
[cloud_adapter.py-4] Warning: TF_OLD_DATA ignoring data from the past for frame base_link at time 8.440000 according to authority default_authority
[cloud_adapter.py-4] Possible reasons are listed at http://wiki.ros.org/tf/Errors%20explained
[cloud_adapter.py-4]          at line 294 in ./src/buffer_core.cpp
[cloud_adapter.py-4] Warning: TF_OLD_DATA ignoring data from the past for frame base_link at time 8.460000 according to authority default_authority
[cloud_adapter.py-4] Possible reasons are listed at http://wiki.ros.org/tf/Errors%20explained
[cloud_adapter.py-4]          at line 294 in ./src/buffer_core.cpp
[cloud_adapter.py-4] Warning: TF_OLD_DATA ignoring data from the past for frame base_link at time 8.480000 according to authority default_authority
[cloud_adapter.py-4] Possible reasons are listed at http://wiki.ros.org/tf/Errors%20explained
[cloud_adapter.py-4]          at line 294 in ./src/buffer_core.cpp
[cloud_adapter.py-4] Warning: TF_OLD_DATA ignoring data from the past for frame base_link at time 8.500000 according to authority default_authority
[cloud_adapter.py-4] Possible reasons are listed at http://wiki.ros.org/tf/Errors%20explained
[cloud_adapter.py-4]          at line 294 in ./src/buffer_core.cpp
[cloud_adapter.py-4] Warning: TF_OLD_DATA ignoring data from the past for frame base_link at time 8.520000 according to authority default_authority
[cloud_adapter.py-4] Possible reasons are listed at http://wiki.ros.org/tf/Errors%20explained
[cloud_adapter.py-4]          at line 294 in ./src/buffer_core.cpp
[cloud_adapter.py-4] Warning: TF_OLD_DATA ignoring data from the past for frame base_link at time 8.540000 according to authority default_authority
[cloud_adapter.py-4] Possible reasons are listed at http://wiki.ros.org/tf/Errors%20explained
[cloud_adapter.py-4]          at line 294 in ./src/buffer_core.cpp
[cloud_adapter.py-4] Warning: TF_OLD_DATA ignoring data from the past for frame base_link at time 8.560000 according to authority default_authority
[cloud_adapter.py-4] Possible reasons are listed at http://wiki.ros.org/tf/Errors%20explained
[cloud_adapter.py-4]          at line 294 in ./src/buffer_core.cpp
[cloud_adapter.py-4] Warning: TF_OLD_DATA ignoring data from the past for frame base_link at time 8.580000 according to authority default_authority
[cloud_adapter.py-4] Possible reasons are listed at http://wiki.ros.org/tf/Errors%20explained
[cloud_adapter.py-4]          at line 294 in ./src/buffer_core.cpp
[cloud_adapter.py-4] Warning: TF_OLD_DATA ignoring data from the past for frame base_link at time 8.600000 according to authority default_authority
[cloud_adapter.py-4] Possible reasons are listed at http://wiki.ros.org/tf/Errors%20explained
[cloud_adapter.py-4]          at line 294 in ./src/buffer_core.cpp
[cloud_adapter.py-4] Warning: TF_OLD_DATA ignoring data from the past for frame base_link at time 8.620000 according to authority default_authority
[cloud_adapter.py-4] Possible reasons are listed at http://wiki.ros.org/tf/Errors%20explained
[cloud_adapter.py-4]          at line 294 in ./src/buffer_core.cpp
[cloud_adapter.py-4] Warning: TF_OLD_DATA ignoring data from the past for frame base_link at time 8.640000 according to authority default_authority
[cloud_adapter.py-4] Possible reasons are listed at http://wiki.ros.org/tf/Errors%20explained
[cloud_adapter.py-4]          at line 294 in ./src/buffer_core.cpp
[cloud_adapter.py-4] Warning: TF_OLD_DATA ignoring data from the past for frame base_link at time 8.660000 according to authority default_authority
[cloud_adapter.py-4] Possible reasons are listed at http://wiki.ros.org/tf/Errors%20explained
[cloud_adapter.py-4]          at line 294 in ./src/buffer_core.cpp
[cloud_adapter.py-4] Warning: TF_OLD_DATA ignoring data from the past for frame base_link at time 8.680000 according to authority default_authority
[cloud_adapter.py-4] Possible reasons are listed at http://wiki.ros.org/tf/Errors%20explained
[cloud_adapter.py-4]          at line 294 in ./src/buffer_core.cpp
[cloud_adapter.py-4] Warning: TF_OLD_DATA ignoring data from the past for frame base_link at time 8.700000 according to authority default_authority
[cloud_adapter.py-4] Possible reasons are listed at http://wiki.ros.org/tf/Errors%20explained
[cloud_adapter.py-4]          at line 294 in ./src/buffer_core.cpp
[cloud_adapter.py-4] Warning: TF_OLD_DATA ignoring data from the past for frame base_link at time 8.720000 according to authority default_authority
[cloud_adapter.py-4] Possible reasons are listed at http://wiki.ros.org/tf/Errors%20explained
[cloud_adapter.py-4]          at line 294 in ./src/buffer_core.cpp
[cloud_adapter.py-4] Warning: TF_OLD_DATA ignoring data from the past for frame base_link at time 8.740000 according to authority default_authority
[cloud_adapter.py-4] Possible reasons are listed at http://wiki.ros.org/tf/Errors%20explained
[cloud_adapter.py-4]          at line 294 in ./src/buffer_core.cpp
[cloud_adapter.py-4] Warning: TF_OLD_DATA ignoring data from the past for frame base_link at time 8.760000 according to authority default_authority
[cloud_adapter.py-4] Possible reasons are listed at http://wiki.ros.org/tf/Errors%20explained
[cloud_adapter.py-4]          at line 294 in ./src/buffer_core.cpp
[cloud_adapter.py-4] Warning: TF_OLD_DATA ignoring data from the past for frame base_link at time 8.780000 according to authority default_authority
[cloud_adapter.py-4] Possible reasons are listed at http://wiki.ros.org/tf/Errors%20explained
[cloud_adapter.py-4]          at line 294 in ./src/buffer_core.cpp
[cloud_adapter.py-4] Warning: TF_OLD_DATA ignoring data from the past for frame base_link at time 8.800000 according to authority default_authority
[cloud_adapter.py-4] Possible reasons are listed at http://wiki.ros.org/tf/Errors%20explained
[cloud_adapter.py-4]          at line 294 in ./src/buffer_core.cpp
[cloud_adapter.py-4] Warning: TF_OLD_DATA ignoring data from the past for frame base_link at time 8.820000 according to authority default_authority
[cloud_adapter.py-4] Possible reasons are listed at http://wiki.ros.org/tf/Errors%20explained
[cloud_adapter.py-4]          at line 294 in ./src/buffer_core.cpp
[cloud_adapter.py-4] Warning: TF_OLD_DATA ignoring data from the past for frame base_link at time 8.840000 according to authority default_authority
[cloud_adapter.py-4] Possible reasons are listed at http://wiki.ros.org/tf/Errors%20explained
[cloud_adapter.py-4]          at line 294 in ./src/buffer_core.cpp
[cloud_adapter.py-4] Warning: TF_OLD_DATA ignoring data from the past for frame base_link at time 8.860000 according to authority default_authority
[cloud_adapter.py-4] Possible reasons are listed at http://wiki.ros.org/tf/Errors%20explained
[cloud_adapter.py-4]          at line 294 in ./src/buffer_core.cpp
[cloud_adapter.py-4] Warning: TF_OLD_DATA ignoring data from the past for frame base_link at time 8.880000 according to authority default_authority
[cloud_adapter.py-4] Possible reasons are listed at http://wiki.ros.org/tf/Errors%20explained
[cloud_adapter.py-4]          at line 294 in ./src/buffer_core.cpp
[cloud_adapter.py-4] Warning: TF_OLD_DATA ignoring data from the past for frame base_link at time 8.900000 according to authority default_authority
[cloud_adapter.py-4] Possible reasons are listed at http://wiki.ros.org/tf/Errors%20explained
[cloud_adapter.py-4]          at line 294 in ./src/buffer_core.cpp
[cloud_adapter.py-4] Warning: TF_OLD_DATA ignoring data from the past for frame base_link at time 8.920000 according to authority default_authority
[cloud_adapter.py-4] Possible reasons are listed at http://wiki.ros.org/tf/Errors%20explained
[cloud_adapter.py-4]          at line 294 in ./src/buffer_core.cpp
[cloud_adapter.py-4] Warning: TF_OLD_DATA ignoring data from the past for frame base_link at time 8.940000 according to authority default_authority
[cloud_adapter.py-4] Possible reasons are listed at http://wiki.ros.org/tf/Errors%20explained
[cloud_adapter.py-4]          at line 294 in ./src/buffer_core.cpp
[cloud_adapter.py-4] Warning: TF_OLD_DATA ignoring data from the past for frame base_link at time 8.960000 according to authority default_authority
[cloud_adapter.py-4] Possible reasons are listed at http://wiki.ros.org/tf/Errors%20explained
[cloud_adapter.py-4]          at line 294 in ./src/buffer_core.cpp
[cloud_adapter.py-4] Warning: TF_OLD_DATA ignoring data from the past for frame base_link at time 8.980000 according to authority default_authority
[cloud_adapter.py-4] Possible reasons are listed at http://wiki.ros.org/tf/Errors%20explained
[cloud_adapter.py-4]          at line 294 in ./src/buffer_core.cpp
[cloud_adapter.py-4] Warning: TF_OLD_DATA ignoring data from the past for frame base_link at time 9.000000 according to authority default_authority
[cloud_adapter.py-4] Possible reasons are listed at http://wiki.ros.org/tf/Errors%20explained
[cloud_adapter.py-4]          at line 294 in ./src/buffer_core.cpp
[cloud_adapter.py-4] Warning: TF_OLD_DATA ignoring data from the past for frame base_link at time 9.020000 according to authority default_authority
[cloud_adapter.py-4] Possible reasons are listed at http://wiki.ros.org/tf/Errors%20explained
[cloud_adapter.py-4]          at line 294 in ./src/buffer_core.cpp
[cloud_adapter.py-4] Warning: TF_OLD_DATA ignoring data from the past for frame base_link at time 9.040000 according to authority default_authority
[cloud_adapter.py-4] Possible reasons are listed at http://wiki.ros.org/tf/Errors%20explained
[cloud_adapter.py-4]          at line 294 in ./src/buffer_core.cpp
[cloud_adapter.py-4] Warning: TF_OLD_DATA ignoring data from the past for frame base_link at time 9.060000 according to authority default_authority
[cloud_adapter.py-4] Possible reasons are listed at http://wiki.ros.org/tf/Errors%20explained
[cloud_adapter.py-4]          at line 294 in ./src/buffer_core.cpp
[cloud_adapter.py-4] Warning: TF_OLD_DATA ignoring data from the past for frame base_link at time 9.080000 according to authority default_authority
[cloud_adapter.py-4] Possible reasons are listed at http://wiki.ros.org/tf/Errors%20explained
[cloud_adapter.py-4]          at line 294 in ./src/buffer_core.cpp
[cloud_adapter.py-4] Warning: TF_OLD_DATA ignoring data from the past for frame base_link at time 9.100000 according to authority default_authority
[cloud_adapter.py-4] Possible reasons are listed at http://wiki.ros.org/tf/Errors%20explained
[cloud_adapter.py-4]          at line 294 in ./src/buffer_core.cpp
[cloud_adapter.py-4] Warning: TF_OLD_DATA ignoring data from the past for frame base_link at time 9.120000 according to authority default_authority
[cloud_adapter.py-4] Possible reasons are listed at http://wiki.ros.org/tf/Errors%20explained
[cloud_adapter.py-4]          at line 294 in ./src/buffer_core.cpp
[cloud_adapter.py-4] Warning: TF_OLD_DATA ignoring data from the past for frame base_link at time 9.140000 according to authority default_authority
[cloud_adapter.py-4] Possible reasons are listed at http://wiki.ros.org/tf/Errors%20explained
[cloud_adapter.py-4]          at line 294 in ./src/buffer_core.cpp
[cloud_adapter.py-4] Warning: TF_OLD_DATA ignoring data from the past for frame base_link at time 9.160000 according to authority default_authority
[cloud_adapter.py-4] Possible reasons are listed at http://wiki.ros.org/tf/Errors%20explained
[cloud_adapter.py-4]          at line 294 in ./src/buffer_core.cpp
[cloud_adapter.py-4] Warning: TF_OLD_DATA ignoring data from the past for frame base_link at time 9.180000 according to authority default_authority
[cloud_adapter.py-4] Possible reasons are listed at http://wiki.ros.org/tf/Errors%20explained
[cloud_adapter.py-4]          at line 294 in ./src/buffer_core.cpp
[cloud_adapter.py-4] Warning: TF_OLD_DATA ignoring data from the past for frame base_link at time 9.200000 according to authority default_authority
[cloud_adapter.py-4] Possible reasons are listed at http://wiki.ros.org/tf/Errors%20explained
[cloud_adapter.py-4]          at line 294 in ./src/buffer_core.cpp
[cloud_adapter.py-4] Warning: TF_OLD_DATA ignoring data from the past for frame base_link at time 9.220000 according to authority default_authority
[cloud_adapter.py-4] Possible reasons are listed at http://wiki.ros.org/tf/Errors%20explained
[cloud_adapter.py-4]          at line 294 in ./src/buffer_core.cpp
[cloud_adapter.py-4] Warning: TF_OLD_DATA ignoring data from the past for frame base_link at time 9.240000 according to authority default_authority
[cloud_adapter.py-4] Possible reasons are listed at http://wiki.ros.org/tf/Errors%20explained
[cloud_adapter.py-4]          at line 294 in ./src/buffer_core.cpp
[cloud_adapter.py-4] Warning: TF_OLD_DATA ignoring data from the past for frame base_link at time 9.260000 according to authority default_authority
[cloud_adapter.py-4] Possible reasons are listed at http://wiki.ros.org/tf/Errors%20explained
[cloud_adapter.py-4]          at line 294 in ./src/buffer_core.cpp
[cloud_adapter.py-4] Warning: TF_OLD_DATA ignoring data from the past for frame base_link at time 9.280000 according to authority default_authority
[cloud_adapter.py-4] Possible reasons are listed at http://wiki.ros.org/tf/Errors%20explained
[cloud_adapter.py-4]          at line 294 in ./src/buffer_core.cpp
[cloud_adapter.py-4] Warning: TF_OLD_DATA ignoring data from the past for frame base_link at time 9.300000 according to authority default_authority
[cloud_adapter.py-4] Possible reasons are listed at http://wiki.ros.org/tf/Errors%20explained
[cloud_adapter.py-4]          at line 294 in ./src/buffer_core.cpp
[cloud_adapter.py-4] Warning: TF_OLD_DATA ignoring data from the past for frame base_link at time 9.320000 according to authority default_authority
[cloud_adapter.py-4] Possible reasons are listed at http://wiki.ros.org/tf/Errors%20explained
[cloud_adapter.py-4]          at line 294 in ./src/buffer_core.cpp
[cloud_adapter.py-4] Warning: TF_OLD_DATA ignoring data from the past for frame base_link at time 9.340000 according to authority default_authority
[cloud_adapter.py-4] Possible reasons are listed at http://wiki.ros.org/tf/Errors%20explained
[cloud_adapter.py-4]          at line 294 in ./src/buffer_core.cpp
[cloud_adapter.py-4] Warning: TF_OLD_DATA ignoring data from the past for frame base_link at time 9.360000 according to authority default_authority
[cloud_adapter.py-4] Possible reasons are listed at http://wiki.ros.org/tf/Errors%20explained
[cloud_adapter.py-4]          at line 294 in ./src/buffer_core.cpp
[cloud_adapter.py-4] Warning: TF_OLD_DATA ignoring data from the past for frame base_link at time 9.380000 according to authority default_authority
[cloud_adapter.py-4] Possible reasons are listed at http://wiki.ros.org/tf/Errors%20explained
[cloud_adapter.py-4]          at line 294 in ./src/buffer_core.cpp
[cloud_adapter.py-4] Warning: TF_OLD_DATA ignoring data from the past for frame base_link at time 9.400000 according to authority default_authority
[cloud_adapter.py-4] Possible reasons are listed at http://wiki.ros.org/tf/Errors%20explained
[cloud_adapter.py-4]          at line 294 in ./src/buffer_core.cpp
[cloud_adapter.py-4] Warning: TF_OLD_DATA ignoring data from the past for frame base_link at time 9.420000 according to authority default_authority
[cloud_adapter.py-4] Possible reasons are listed at http://wiki.ros.org/tf/Errors%20explained
[cloud_adapter.py-4]          at line 294 in ./src/buffer_core.cpp
[cloud_adapter.py-4] Warning: TF_OLD_DATA ignoring data from the past for frame base_link at time 9.440000 according to authority default_authority
[cloud_adapter.py-4] Possible reasons are listed at http://wiki.ros.org/tf/Errors%20explained
[cloud_adapter.py-4]          at line 294 in ./src/buffer_core.cpp
[cloud_adapter.py-4] Warning: TF_OLD_DATA ignoring data from the past for frame base_link at time 9.460000 according to authority default_authority
[cloud_adapter.py-4] Possible reasons are listed at http://wiki.ros.org/tf/Errors%20explained
[cloud_adapter.py-4]          at line 294 in ./src/buffer_core.cpp
[cloud_adapter.py-4] Warning: TF_OLD_DATA ignoring data from the past for frame base_link at time 9.480000 according to authority default_authority
[cloud_adapter.py-4] Possible reasons are listed at http://wiki.ros.org/tf/Errors%20explained
[cloud_adapter.py-4]          at line 294 in ./src/buffer_core.cpp
[cloud_adapter.py-4] Warning: TF_OLD_DATA ignoring data from the past for frame base_link at time 9.500000 according to authority default_authority
[cloud_adapter.py-4] Possible reasons are listed at http://wiki.ros.org/tf/Errors%20explained
[cloud_adapter.py-4]          at line 294 in ./src/buffer_core.cpp
[cloud_adapter.py-4] Warning: TF_OLD_DATA ignoring data from the past for frame base_link at time 9.520000 according to authority default_authority
[cloud_adapter.py-4] Possible reasons are listed at http://wiki.ros.org/tf/Errors%20explained
[cloud_adapter.py-4]          at line 294 in ./src/buffer_core.cpp
[cloud_adapter.py-4] Warning: TF_OLD_DATA ignoring data from the past for frame base_link at time 9.540000 according to authority default_authority
[cloud_adapter.py-4] Possible reasons are listed at http://wiki.ros.org/tf/Errors%20explained
[cloud_adapter.py-4]          at line 294 in ./src/buffer_core.cpp
[cloud_adapter.py-4] Warning: TF_OLD_DATA ignoring data from the past for frame base_link at time 9.560000 according to authority default_authority
[cloud_adapter.py-4] Possible reasons are listed at http://wiki.ros.org/tf/Errors%20explained
[cloud_adapter.py-4]          at line 294 in ./src/buffer_core.cpp
[cloud_adapter.py-4] Warning: TF_OLD_DATA ignoring data from the past for frame base_link at time 9.580000 according to authority default_authority
[cloud_adapter.py-4] Possible reasons are listed at http://wiki.ros.org/tf/Errors%20explained
[cloud_adapter.py-4]          at line 294 in ./src/buffer_core.cpp
[cloud_adapter.py-4] Warning: TF_OLD_DATA ignoring data from the past for frame base_link at time 9.600000 according to authority default_authority
[cloud_adapter.py-4] Possible reasons are listed at http://wiki.ros.org/tf/Errors%20explained
[cloud_adapter.py-4]          at line 294 in ./src/buffer_core.cpp
[cloud_adapter.py-4] Warning: TF_OLD_DATA ignoring data from the past for frame base_link at time 9.620000 according to authority default_authority
[cloud_adapter.py-4] Possible reasons are listed at http://wiki.ros.org/tf/Errors%20explained
[cloud_adapter.py-4]          at line 294 in ./src/buffer_core.cpp
[cloud_adapter.py-4] Warning: TF_OLD_DATA ignoring data from the past for frame base_link at time 9.640000 according to authority default_authority
[cloud_adapter.py-4] Possible reasons are listed at http://wiki.ros.org/tf/Errors%20explained
[cloud_adapter.py-4]          at line 294 in ./src/buffer_core.cpp
[cloud_adapter.py-4] Warning: TF_OLD_DATA ignoring data from the past for frame base_link at time 9.660000 according to authority default_authority
[cloud_adapter.py-4] Possible reasons are listed at http://wiki.ros.org/tf/Errors%20explained
[cloud_adapter.py-4]          at line 294 in ./src/buffer_core.cpp
[cloud_adapter.py-4] Warning: TF_OLD_DATA ignoring data from the past for frame base_link at time 9.680000 according to authority default_authority
[cloud_adapter.py-4] Possible reasons are listed at http://wiki.ros.org/tf/Errors%20explained
[cloud_adapter.py-4]          at line 294 in ./src/buffer_core.cpp
[cloud_adapter.py-4] Warning: TF_OLD_DATA ignoring data from the past for frame base_link at time 9.700000 according to authority default_authority
[cloud_adapter.py-4] Possible reasons are listed at http://wiki.ros.org/tf/Errors%20explained
[cloud_adapter.py-4]          at line 294 in ./src/buffer_core.cpp
[cloud_adapter.py-4] Warning: TF_OLD_DATA ignoring data from the past for frame base_link at time 9.720000 according to authority default_authority
[cloud_adapter.py-4] Possible reasons are listed at http://wiki.ros.org/tf/Errors%20explained
[cloud_adapter.py-4]          at line 294 in ./src/buffer_core.cpp
[cloud_adapter.py-4] Warning: TF_OLD_DATA ignoring data from the past for frame base_link at time 9.740000 according to authority default_authority
[cloud_adapter.py-4] Possible reasons are listed at http://wiki.ros.org/tf/Errors%20explained
[cloud_adapter.py-4]          at line 294 in ./src/buffer_core.cpp
[cloud_adapter.py-4] Warning: TF_OLD_DATA ignoring data from the past for frame base_link at time 9.760000 according to authority default_authority
[cloud_adapter.py-4] Possible reasons are listed at http://wiki.ros.org/tf/Errors%20explained
[cloud_adapter.py-4]          at line 294 in ./src/buffer_core.cpp
[cloud_adapter.py-4] Warning: TF_OLD_DATA ignoring data from the past for frame base_link at time 9.780000 according to authority default_authority
[cloud_adapter.py-4] Possible reasons are listed at http://wiki.ros.org/tf/Errors%20explained
[cloud_adapter.py-4]          at line 294 in ./src/buffer_core.cpp
[cloud_adapter.py-4] Warning: TF_OLD_DATA ignoring data from the past for frame base_link at time 9.800000 according to authority default_authority
[cloud_adapter.py-4] Possible reasons are listed at http://wiki.ros.org/tf/Errors%20explained
[cloud_adapter.py-4]          at line 294 in ./src/buffer_core.cpp
[cloud_adapter.py-4] Warning: TF_OLD_DATA ignoring data from the past for frame base_link at time 9.820000 according to authority default_authority
[cloud_adapter.py-4] Possible reasons are listed at http://wiki.ros.org/tf/Errors%20explained
[cloud_adapter.py-4]          at line 294 in ./src/buffer_core.cpp
[cloud_adapter.py-4] Warning: TF_OLD_DATA ignoring data from the past for frame base_link at time 9.840000 according to authority default_authority
[cloud_adapter.py-4] Possible reasons are listed at http://wiki.ros.org/tf/Errors%20explained
[cloud_adapter.py-4]          at line 294 in ./src/buffer_core.cpp
[cloud_adapter.py-4] Warning: TF_OLD_DATA ignoring data from the past for frame base_link at time 9.860000 according to authority default_authority
[cloud_adapter.py-4] Possible reasons are listed at http://wiki.ros.org/tf/Errors%20explained
[cloud_adapter.py-4]          at line 294 in ./src/buffer_core.cpp
[cloud_adapter.py-4] Warning: TF_OLD_DATA ignoring data from the past for frame base_link at time 9.880000 according to authority default_authority
[cloud_adapter.py-4] Possible reasons are listed at http://wiki.ros.org/tf/Errors%20explained
[cloud_adapter.py-4]          at line 294 in ./src/buffer_core.cpp
[cloud_adapter.py-4] Warning: TF_OLD_DATA ignoring data from the past for frame base_link at time 9.900000 according to authority default_authority
[cloud_adapter.py-4] Possible reasons are listed at http://wiki.ros.org/tf/Errors%20explained
[cloud_adapter.py-4]          at line 294 in ./src/buffer_core.cpp
[cloud_adapter.py-4] Warning: TF_OLD_DATA ignoring data from the past for frame base_link at time 9.920000 according to authority default_authority
[cloud_adapter.py-4] Possible reasons are listed at http://wiki.ros.org/tf/Errors%20explained
[cloud_adapter.py-4]          at line 294 in ./src/buffer_core.cpp
[cloud_adapter.py-4] Warning: TF_OLD_DATA ignoring data from the past for frame base_link at time 9.940000 according to authority default_authority
[cloud_adapter.py-4] Possible reasons are listed at http://wiki.ros.org/tf/Errors%20explained
[cloud_adapter.py-4]          at line 294 in ./src/buffer_core.cpp
[cloud_adapter.py-4] Warning: TF_OLD_DATA ignoring data from the past for frame base_link at time 9.960000 according to authority default_authority
[cloud_adapter.py-4] Possible reasons are listed at http://wiki.ros.org/tf/Errors%20explained
[cloud_adapter.py-4]          at line 294 in ./src/buffer_core.cpp
[cloud_adapter.py-4] Warning: TF_OLD_DATA ignoring data from the past for frame base_link at time 9.980000 according to authority default_authority
[cloud_adapter.py-4] Possible reasons are listed at http://wiki.ros.org/tf/Errors%20explained
[cloud_adapter.py-4]          at line 294 in ./src/buffer_core.cpp
[cloud_adapter.py-4] Warning: TF_OLD_DATA ignoring data from the past for frame base_link at time 10.000000 according to authority default_authority
[cloud_adapter.py-4] Possible reasons are listed at http://wiki.ros.org/tf/Errors%20explained
[cloud_adapter.py-4]          at line 294 in ./src/buffer_core.cpp
[cloud_adapter.py-4] Warning: TF_OLD_DATA ignoring data from the past for frame base_link at time 10.020000 according to authority default_authority
[cloud_adapter.py-4] Possible reasons are listed at http://wiki.ros.org/tf/Errors%20explained
[cloud_adapter.py-4]          at line 294 in ./src/buffer_core.cpp
[cloud_adapter.py-4] Warning: TF_OLD_DATA ignoring data from the past for frame base_link at time 10.040000 according to authority default_authority
[cloud_adapter.py-4] Possible reasons are listed at http://wiki.ros.org/tf/Errors%20explained
[cloud_adapter.py-4]          at line 294 in ./src/buffer_core.cpp
[cloud_adapter.py-4] Warning: TF_OLD_DATA ignoring data from the past for frame base_link at time 10.060000 according to authority default_authority
[cloud_adapter.py-4] Possible reasons are listed at http://wiki.ros.org/tf/Errors%20explained
[cloud_adapter.py-4]          at line 294 in ./src/buffer_core.cpp
[cloud_adapter.py-4] Warning: TF_OLD_DATA ignoring data from the past for frame base_link at time 10.080000 according to authority default_authority
[cloud_adapter.py-4] Possible reasons are listed at http://wiki.ros.org/tf/Errors%20explained
[cloud_adapter.py-4]          at line 294 in ./src/buffer_core.cpp
[cloud_adapter.py-4] Warning: TF_OLD_DATA ignoring data from the past for frame base_link at time 10.100000 according to authority default_authority
[cloud_adapter.py-4] Possible reasons are listed at http://wiki.ros.org/tf/Errors%20explained
[cloud_adapter.py-4]          at line 294 in ./src/buffer_core.cpp
[cloud_adapter.py-4] Warning: TF_OLD_DATA ignoring data from the past for frame base_link at time 10.120000 according to authority default_authority
[cloud_adapter.py-4] Possible reasons are listed at http://wiki.ros.org/tf/Errors%20explained
[cloud_adapter.py-4]          at line 294 in ./src/buffer_core.cpp
[cloud_adapter.py-4] Warning: TF_OLD_DATA ignoring data from the past for frame base_link at time 10.140000 according to authority default_authority
[cloud_adapter.py-4] Possible reasons are listed at http://wiki.ros.org/tf/Errors%20explained
[cloud_adapter.py-4]          at line 294 in ./src/buffer_core.cpp
[cloud_adapter.py-4] Warning: TF_OLD_DATA ignoring data from the past for frame base_link at time 10.160000 according to authority default_authority
[cloud_adapter.py-4] Possible reasons are listed at http://wiki.ros.org/tf/Errors%20explained
[cloud_adapter.py-4]          at line 294 in ./src/buffer_core.cpp
[cloud_adapter.py-4] Warning: TF_OLD_DATA ignoring data from the past for frame base_link at time 10.180000 according to authority default_authority
[cloud_adapter.py-4] Possible reasons are listed at http://wiki.ros.org/tf/Errors%20explained
[cloud_adapter.py-4]          at line 294 in ./src/buffer_core.cpp
[cloud_adapter.py-4] Warning: TF_OLD_DATA ignoring data from the past for frame base_link at time 10.200000 according to authority default_authority
[cloud_adapter.py-4] Possible reasons are listed at http://wiki.ros.org/tf/Errors%20explained
[cloud_adapter.py-4]          at line 294 in ./src/buffer_core.cpp
[cloud_adapter.py-4] Warning: TF_OLD_DATA ignoring data from the past for frame base_link at time 10.220000 according to authority default_authority
[cloud_adapter.py-4] Possible reasons are listed at http://wiki.ros.org/tf/Errors%20explained
[cloud_adapter.py-4]          at line 294 in ./src/buffer_core.cpp
[cloud_adapter.py-4] Warning: TF_OLD_DATA ignoring data from the past for frame base_link at time 10.240000 according to authority default_authority
[cloud_adapter.py-4] Possible reasons are listed at http://wiki.ros.org/tf/Errors%20explained
[cloud_adapter.py-4]          at line 294 in ./src/buffer_core.cpp
[cloud_adapter.py-4] Warning: TF_OLD_DATA ignoring data from the past for frame base_link at time 10.260000 according to authority default_authority
[cloud_adapter.py-4] Possible reasons are listed at http://wiki.ros.org/tf/Errors%20explained
[cloud_adapter.py-4]          at line 294 in ./src/buffer_core.cpp
[cloud_adapter.py-4] Warning: TF_OLD_DATA ignoring data from the past for frame base_link at time 10.280000 according to authority default_authority
[cloud_adapter.py-4] Possible reasons are listed at http://wiki.ros.org/tf/Errors%20explained
[cloud_adapter.py-4]          at line 294 in ./src/buffer_core.cpp
[cloud_adapter.py-4] Warning: TF_OLD_DATA ignoring data from the past for frame base_link at time 10.300000 according to authority default_authority
[cloud_adapter.py-4] Possible reasons are listed at http://wiki.ros.org/tf/Errors%20explained
[cloud_adapter.py-4]          at line 294 in ./src/buffer_core.cpp
[cloud_adapter.py-4] Warning: TF_OLD_DATA ignoring data from the past for frame base_link at time 10.320000 according to authority default_authority
[cloud_adapter.py-4] Possible reasons are listed at http://wiki.ros.org/tf/Errors%20explained
[cloud_adapter.py-4]          at line 294 in ./src/buffer_core.cpp
[cloud_adapter.py-4] Warning: TF_OLD_DATA ignoring data from the past for frame base_link at time 10.340000 according to authority default_authority
[cloud_adapter.py-4] Possible reasons are listed at http://wiki.ros.org/tf/Errors%20explained
[cloud_adapter.py-4]          at line 294 in ./src/buffer_core.cpp
[cloud_adapter.py-4] Warning: TF_OLD_DATA ignoring data from the past for frame base_link at time 10.360000 according to authority default_authority
[cloud_adapter.py-4] Possible reasons are listed at http://wiki.ros.org/tf/Errors%20explained
[cloud_adapter.py-4]          at line 294 in ./src/buffer_core.cpp
[cloud_adapter.py-4] Warning: TF_OLD_DATA ignoring data from the past for frame base_link at time 10.380000 according to authority default_authority
[cloud_adapter.py-4] Possible reasons are listed at http://wiki.ros.org/tf/Errors%20explained
[cloud_adapter.py-4]          at line 294 in ./src/buffer_core.cpp
[cloud_adapter.py-4] Warning: TF_OLD_DATA ignoring data from the past for frame base_link at time 10.400000 according to authority default_authority
[cloud_adapter.py-4] Possible reasons are listed at http://wiki.ros.org/tf/Errors%20explained
[cloud_adapter.py-4]          at line 294 in ./src/buffer_core.cpp
[cloud_adapter.py-4] Warning: TF_OLD_DATA ignoring data from the past for frame base_link at time 10.420000 according to authority default_authority
[cloud_adapter.py-4] Possible reasons are listed at http://wiki.ros.org/tf/Errors%20explained
[cloud_adapter.py-4]          at line 294 in ./src/buffer_core.cpp
[cloud_adapter.py-4] Warning: TF_OLD_DATA ignoring data from the past for frame base_link at time 10.440000 according to authority default_authority
[cloud_adapter.py-4] Possible reasons are listed at http://wiki.ros.org/tf/Errors%20explained
[cloud_adapter.py-4]          at line 294 in ./src/buffer_core.cpp
[cloud_adapter.py-4] Warning: TF_OLD_DATA ignoring data from the past for frame base_link at time 10.460000 according to authority default_authority
[cloud_adapter.py-4] Possible reasons are listed at http://wiki.ros.org/tf/Errors%20explained
[cloud_adapter.py-4]          at line 294 in ./src/buffer_core.cpp
[cloud_adapter.py-4] Warning: TF_OLD_DATA ignoring data from the past for frame base_link at time 10.480000 according to authority default_authority
[cloud_adapter.py-4] Possible reasons are listed at http://wiki.ros.org/tf/Errors%20explained
[cloud_adapter.py-4]          at line 294 in ./src/buffer_core.cpp
[cloud_adapter.py-4] Warning: TF_OLD_DATA ignoring data from the past for frame base_link at time 10.500000 according to authority default_authority
[cloud_adapter.py-4] Possible reasons are listed at http://wiki.ros.org/tf/Errors%20explained
[cloud_adapter.py-4]          at line 294 in ./src/buffer_core.cpp
[cloud_adapter.py-4] Warning: TF_OLD_DATA ignoring data from the past for frame base_link at time 10.520000 according to authority default_authority
[cloud_adapter.py-4] Possible reasons are listed at http://wiki.ros.org/tf/Errors%20explained
[cloud_adapter.py-4]          at line 294 in ./src/buffer_core.cpp
[cloud_adapter.py-4] Warning: TF_OLD_DATA ignoring data from the past for frame base_link at time 10.540000 according to authority default_authority
[cloud_adapter.py-4] Possible reasons are listed at http://wiki.ros.org/tf/Errors%20explained
[cloud_adapter.py-4]          at line 294 in ./src/buffer_core.cpp
[cloud_adapter.py-4] Warning: TF_OLD_DATA ignoring data from the past for frame base_link at time 10.560000 according to authority default_authority
[cloud_adapter.py-4] Possible reasons are listed at http://wiki.ros.org/tf/Errors%20explained
[cloud_adapter.py-4]          at line 294 in ./src/buffer_core.cpp
[cloud_adapter.py-4] Warning: TF_OLD_DATA ignoring data from the past for frame base_link at time 10.580000 according to authority default_authority
[cloud_adapter.py-4] Possible reasons are listed at http://wiki.ros.org/tf/Errors%20explained
[cloud_adapter.py-4]          at line 294 in ./src/buffer_core.cpp
[cloud_adapter.py-4] Warning: TF_OLD_DATA ignoring data from the past for frame base_link at time 10.600000 according to authority default_authority
[cloud_adapter.py-4] Possible reasons are listed at http://wiki.ros.org/tf/Errors%20explained
[cloud_adapter.py-4]          at line 294 in ./src/buffer_core.cpp
[cloud_adapter.py-4] Warning: TF_OLD_DATA ignoring data from the past for frame base_link at time 10.620000 according to authority default_authority
[cloud_adapter.py-4] Possible reasons are listed at http://wiki.ros.org/tf/Errors%20explained
[cloud_adapter.py-4]          at line 294 in ./src/buffer_core.cpp
[cloud_adapter.py-4] Warning: TF_OLD_DATA ignoring data from the past for frame base_link at time 10.640000 according to authority default_authority
[cloud_adapter.py-4] Possible reasons are listed at http://wiki.ros.org/tf/Errors%20explained
[cloud_adapter.py-4]          at line 294 in ./src/buffer_core.cpp
[cloud_adapter.py-4] Warning: TF_OLD_DATA ignoring data from the past for frame base_link at time 10.660000 according to authority default_authority
[cloud_adapter.py-4] Possible reasons are listed at http://wiki.ros.org/tf/Errors%20explained
[cloud_adapter.py-4]          at line 294 in ./src/buffer_core.cpp
[cloud_adapter.py-4] Warning: TF_OLD_DATA ignoring data from the past for frame base_link at time 10.680000 according to authority default_authority
[cloud_adapter.py-4] Possible reasons are listed at http://wiki.ros.org/tf/Errors%20explained
[cloud_adapter.py-4]          at line 294 in ./src/buffer_core.cpp
[cloud_adapter.py-4] Warning: TF_OLD_DATA ignoring data from the past for frame base_link at time 10.700000 according to authority default_authority
[cloud_adapter.py-4] Possible reasons are listed at http://wiki.ros.org/tf/Errors%20explained
[cloud_adapter.py-4]          at line 294 in ./src/buffer_core.cpp
[cloud_adapter.py-4] Warning: TF_OLD_DATA ignoring data from the past for frame base_link at time 10.720000 according to authority default_authority
[cloud_adapter.py-4] Possible reasons are listed at http://wiki.ros.org/tf/Errors%20explained
[cloud_adapter.py-4]          at line 294 in ./src/buffer_core.cpp
[cloud_adapter.py-4] Warning: TF_OLD_DATA ignoring data from the past for frame base_link at time 10.740000 according to authority default_authority
[cloud_adapter.py-4] Possible reasons are listed at http://wiki.ros.org/tf/Errors%20explained
[cloud_adapter.py-4]          at line 294 in ./src/buffer_core.cpp
[cloud_adapter.py-4] Warning: TF_OLD_DATA ignoring data from the past for frame base_link at time 10.760000 according to authority default_authority
[cloud_adapter.py-4] Possible reasons are listed at http://wiki.ros.org/tf/Errors%20explained
[cloud_adapter.py-4]          at line 294 in ./src/buffer_core.cpp
[cloud_adapter.py-4] Warning: TF_OLD_DATA ignoring data from the past for frame base_link at time 10.780000 according to authority default_authority
[cloud_adapter.py-4] Possible reasons are listed at http://wiki.ros.org/tf/Errors%20explained
[cloud_adapter.py-4]          at line 294 in ./src/buffer_core.cpp
[cloud_adapter.py-4] Warning: TF_OLD_DATA ignoring data from the past for frame base_link at time 10.800000 according to authority default_authority
[cloud_adapter.py-4] Possible reasons are listed at http://wiki.ros.org/tf/Errors%20explained
[cloud_adapter.py-4]          at line 294 in ./src/buffer_core.cpp
[cloud_adapter.py-4] Warning: TF_OLD_DATA ignoring data from the past for frame base_link at time 10.820000 according to authority default_authority
[cloud_adapter.py-4] Possible reasons are listed at http://wiki.ros.org/tf/Errors%20explained
[cloud_adapter.py-4]          at line 294 in ./src/buffer_core.cpp
[cloud_adapter.py-4] Warning: TF_OLD_DATA ignoring data from the past for frame base_link at time 10.840000 according to authority default_authority
[cloud_adapter.py-4] Possible reasons are listed at http://wiki.ros.org/tf/Errors%20explained
[cloud_adapter.py-4]          at line 294 in ./src/buffer_core.cpp
[cloud_adapter.py-4] Warning: TF_OLD_DATA ignoring data from the past for frame base_link at time 10.860000 according to authority default_authority
[cloud_adapter.py-4] Possible reasons are listed at http://wiki.ros.org/tf/Errors%20explained
[cloud_adapter.py-4]          at line 294 in ./src/buffer_core.cpp
[cloud_adapter.py-4] Warning: TF_OLD_DATA ignoring data from the past for frame base_link at time 10.880000 according to authority default_authority
[cloud_adapter.py-4] Possible reasons are listed at http://wiki.ros.org/tf/Errors%20explained
[cloud_adapter.py-4]          at line 294 in ./src/buffer_core.cpp
[cloud_adapter.py-4] Warning: TF_OLD_DATA ignoring data from the past for frame base_link at time 10.900000 according to authority default_authority
[cloud_adapter.py-4] Possible reasons are listed at http://wiki.ros.org/tf/Errors%20explained
[cloud_adapter.py-4]          at line 294 in ./src/buffer_core.cpp
[cloud_adapter.py-4] Warning: TF_OLD_DATA ignoring data from the past for frame base_link at time 10.920000 according to authority default_authority
[cloud_adapter.py-4] Possible reasons are listed at http://wiki.ros.org/tf/Errors%20explained
[cloud_adapter.py-4]          at line 294 in ./src/buffer_core.cpp
[cloud_adapter.py-4] Warning: TF_OLD_DATA ignoring data from the past for frame base_link at time 10.940000 according to authority default_authority
[cloud_adapter.py-4] Possible reasons are listed at http://wiki.ros.org/tf/Errors%20explained
[cloud_adapter.py-4]          at line 294 in ./src/buffer_core.cpp
[cloud_adapter.py-4] Warning: TF_OLD_DATA ignoring data from the past for frame base_link at time 10.960000 according to authority default_authority
[cloud_adapter.py-4] Possible reasons are listed at http://wiki.ros.org/tf/Errors%20explained
[cloud_adapter.py-4]          at line 294 in ./src/buffer_core.cpp
[cloud_adapter.py-4] Warning: TF_OLD_DATA ignoring data from the past for frame base_link at time 10.980000 according to authority default_authority
[cloud_adapter.py-4] Possible reasons are listed at http://wiki.ros.org/tf/Errors%20explained
[cloud_adapter.py-4]          at line 294 in ./src/buffer_core.cpp
[cloud_adapter.py-4] Warning: TF_OLD_DATA ignoring data from the past for frame base_link at time 11.000000 according to authority default_authority
[cloud_adapter.py-4] Possible reasons are listed at http://wiki.ros.org/tf/Errors%20explained
[cloud_adapter.py-4]          at line 294 in ./src/buffer_core.cpp
[cloud_adapter.py-4] Warning: TF_OLD_DATA ignoring data from the past for frame base_link at time 11.020000 according to authority default_authority
[cloud_adapter.py-4] Possible reasons are listed at http://wiki.ros.org/tf/Errors%20explained
[cloud_adapter.py-4]          at line 294 in ./src/buffer_core.cpp
[cloud_adapter.py-4] Warning: TF_OLD_DATA ignoring data from the past for frame base_link at time 11.040000 according to authority default_authority
[cloud_adapter.py-4] Possible reasons are listed at http://wiki.ros.org/tf/Errors%20explained
[cloud_adapter.py-4]          at line 294 in ./src/buffer_core.cpp
[cloud_adapter.py-4] Warning: TF_OLD_DATA ignoring data from the past for frame base_link at time 11.060000 according to authority default_authority
[cloud_adapter.py-4] Possible reasons are listed at http://wiki.ros.org/tf/Errors%20explained
[cloud_adapter.py-4]          at line 294 in ./src/buffer_core.cpp
[cloud_adapter.py-4] Warning: TF_OLD_DATA ignoring data from the past for frame base_link at time 11.080000 according to authority default_authority
[cloud_adapter.py-4] Possible reasons are listed at http://wiki.ros.org/tf/Errors%20explained
[cloud_adapter.py-4]          at line 294 in ./src/buffer_core.cpp
[cloud_adapter.py-4] Warning: TF_OLD_DATA ignoring data from the past for frame base_link at time 11.100000 according to authority default_authority
[cloud_adapter.py-4] Possible reasons are listed at http://wiki.ros.org/tf/Errors%20explained
[cloud_adapter.py-4]          at line 294 in ./src/buffer_core.cpp
[cloud_adapter.py-4] Warning: TF_OLD_DATA ignoring data from the past for frame base_link at time 11.120000 according to authority default_authority
[cloud_adapter.py-4] Possible reasons are listed at http://wiki.ros.org/tf/Errors%20explained
[cloud_adapter.py-4]          at line 294 in ./src/buffer_core.cpp
[cloud_adapter.py-4] Warning: TF_OLD_DATA ignoring data from the past for frame base_link at time 11.140000 according to authority default_authority
[cloud_adapter.py-4] Possible reasons are listed at http://wiki.ros.org/tf/Errors%20explained
[cloud_adapter.py-4]          at line 294 in ./src/buffer_core.cpp
[cloud_adapter.py-4] Warning: TF_OLD_DATA ignoring data from the past for frame base_link at time 11.160000 according to authority default_authority
[cloud_adapter.py-4] Possible reasons are listed at http://wiki.ros.org/tf/Errors%20explained
[cloud_adapter.py-4]          at line 294 in ./src/buffer_core.cpp
[cloud_adapter.py-4] Warning: TF_OLD_DATA ignoring data from the past for frame base_link at time 11.180000 according to authority default_authority
[cloud_adapter.py-4] Possible reasons are listed at http://wiki.ros.org/tf/Errors%20explained
[cloud_adapter.py-4]          at line 294 in ./src/buffer_core.cpp
[cloud_adapter.py-4] Warning: TF_OLD_DATA ignoring data from the past for frame base_link at time 11.200000 according to authority default_authority
[cloud_adapter.py-4] Possible reasons are listed at http://wiki.ros.org/tf/Errors%20explained
[cloud_adapter.py-4]          at line 294 in ./src/buffer_core.cpp
[cloud_adapter.py-4] Warning: TF_OLD_DATA ignoring data from the past for frame base_link at time 11.220000 according to authority default_authority
[cloud_adapter.py-4] Possible reasons are listed at http://wiki.ros.org/tf/Errors%20explained
[cloud_adapter.py-4]          at line 294 in ./src/buffer_core.cpp
[cloud_adapter.py-4] Warning: TF_OLD_DATA ignoring data from the past for frame base_link at time 11.240000 according to authority default_authority
[cloud_adapter.py-4] Possible reasons are listed at http://wiki.ros.org/tf/Errors%20explained
[cloud_adapter.py-4]          at line 294 in ./src/buffer_core.cpp
[cloud_adapter.py-4] Warning: TF_OLD_DATA ignoring data from the past for frame base_link at time 11.260000 according to authority default_authority
[cloud_adapter.py-4] Possible reasons are listed at http://wiki.ros.org/tf/Errors%20explained
[cloud_adapter.py-4]          at line 294 in ./src/buffer_core.cpp
[cloud_adapter.py-4] Warning: TF_OLD_DATA ignoring data from the past for frame base_link at time 11.280000 according to authority default_authority
[cloud_adapter.py-4] Possible reasons are listed at http://wiki.ros.org/tf/Errors%20explained
[cloud_adapter.py-4]          at line 294 in ./src/buffer_core.cpp
[cloud_adapter.py-4] Warning: TF_OLD_DATA ignoring data from the past for frame base_link at time 11.300000 according to authority default_authority
[cloud_adapter.py-4] Possible reasons are listed at http://wiki.ros.org/tf/Errors%20explained
[cloud_adapter.py-4]          at line 294 in ./src/buffer_core.cpp
[cloud_adapter.py-4] Warning: TF_OLD_DATA ignoring data from the past for frame base_link at time 11.320000 according to authority default_authority
[cloud_adapter.py-4] Possible reasons are listed at http://wiki.ros.org/tf/Errors%20explained
[cloud_adapter.py-4]          at line 294 in ./src/buffer_core.cpp
[cloud_adapter.py-4] Warning: TF_OLD_DATA ignoring data from the past for frame base_link at time 11.340000 according to authority default_authority
[cloud_adapter.py-4] Possible reasons are listed at http://wiki.ros.org/tf/Errors%20explained
[cloud_adapter.py-4]          at line 294 in ./src/buffer_core.cpp
[cloud_adapter.py-4] Warning: TF_OLD_DATA ignoring data from the past for frame base_link at time 11.360000 according to authority default_authority
[cloud_adapter.py-4] Possible reasons are listed at http://wiki.ros.org/tf/Errors%20explained
[cloud_adapter.py-4]          at line 294 in ./src/buffer_core.cpp
[cloud_adapter.py-4] Warning: TF_OLD_DATA ignoring data from the past for frame base_link at time 11.380000 according to authority default_authority
[cloud_adapter.py-4] Possible reasons are listed at http://wiki.ros.org/tf/Errors%20explained
[cloud_adapter.py-4]          at line 294 in ./src/buffer_core.cpp
[cloud_adapter.py-4] Warning: TF_OLD_DATA ignoring data from the past for frame base_link at time 11.400000 according to authority default_authority
[cloud_adapter.py-4] Possible reasons are listed at http://wiki.ros.org/tf/Errors%20explained
[cloud_adapter.py-4]          at line 294 in ./src/buffer_core.cpp
[cloud_adapter.py-4] Warning: TF_OLD_DATA ignoring data from the past for frame base_link at time 11.420000 according to authority default_authority
[cloud_adapter.py-4] Possible reasons are listed at http://wiki.ros.org/tf/Errors%20explained
[cloud_adapter.py-4]          at line 294 in ./src/buffer_core.cpp
[cloud_adapter.py-4] Warning: TF_OLD_DATA ignoring data from the past for frame base_link at time 11.440000 according to authority default_authority
[cloud_adapter.py-4] Possible reasons are listed at http://wiki.ros.org/tf/Errors%20explained
[cloud_adapter.py-4]          at line 294 in ./src/buffer_core.cpp
[cloud_adapter.py-4] Warning: TF_OLD_DATA ignoring data from the past for frame base_link at time 11.460000 according to authority default_authority
[cloud_adapter.py-4] Possible reasons are listed at http://wiki.ros.org/tf/Errors%20explained
[cloud_adapter.py-4]          at line 294 in ./src/buffer_core.cpp
[cloud_adapter.py-4] Warning: TF_OLD_DATA ignoring data from the past for frame base_link at time 11.480000 according to authority default_authority
[cloud_adapter.py-4] Possible reasons are listed at http://wiki.ros.org/tf/Errors%20explained
[cloud_adapter.py-4]          at line 294 in ./src/buffer_core.cpp
[cloud_adapter.py-4] Warning: TF_OLD_DATA ignoring data from the past for frame base_link at time 11.500000 according to authority default_authority
[cloud_adapter.py-4] Possible reasons are listed at http://wiki.ros.org/tf/Errors%20explained
[cloud_adapter.py-4]          at line 294 in ./src/buffer_core.cpp
[cloud_adapter.py-4] Warning: TF_OLD_DATA ignoring data from the past for frame base_link at time 11.520000 according to authority default_authority
[cloud_adapter.py-4] Possible reasons are listed at http://wiki.ros.org/tf/Errors%20explained
[cloud_adapter.py-4]          at line 294 in ./src/buffer_core.cpp
[cloud_adapter.py-4] Warning: TF_OLD_DATA ignoring data from the past for frame base_link at time 11.540000 according to authority default_authority
[cloud_adapter.py-4] Possible reasons are listed at http://wiki.ros.org/tf/Errors%20explained
[cloud_adapter.py-4]          at line 294 in ./src/buffer_core.cpp
[cloud_adapter.py-4] Warning: TF_OLD_DATA ignoring data from the past for frame base_link at time 11.560000 according to authority default_authority
[cloud_adapter.py-4] Possible reasons are listed at http://wiki.ros.org/tf/Errors%20explained
[cloud_adapter.py-4]          at line 294 in ./src/buffer_core.cpp
[cloud_adapter.py-4] Warning: TF_OLD_DATA ignoring data from the past for frame base_link at time 11.580000 according to authority default_authority
[cloud_adapter.py-4] Possible reasons are listed at http://wiki.ros.org/tf/Errors%20explained
[cloud_adapter.py-4]          at line 294 in ./src/buffer_core.cpp
[cloud_adapter.py-4] Warning: TF_OLD_DATA ignoring data from the past for frame base_link at time 11.600000 according to authority default_authority
[cloud_adapter.py-4] Possible reasons are listed at http://wiki.ros.org/tf/Errors%20explained
[cloud_adapter.py-4]          at line 294 in ./src/buffer_core.cpp
[cloud_adapter.py-4] Warning: TF_OLD_DATA ignoring data from the past for frame base_link at time 11.620000 according to authority default_authority
[cloud_adapter.py-4] Possible reasons are listed at http://wiki.ros.org/tf/Errors%20explained
[cloud_adapter.py-4]          at line 294 in ./src/buffer_core.cpp
[cloud_adapter.py-4] Warning: TF_OLD_DATA ignoring data from the past for frame base_link at time 11.640000 according to authority default_authority
[cloud_adapter.py-4] Possible reasons are listed at http://wiki.ros.org/tf/Errors%20explained
[cloud_adapter.py-4]          at line 294 in ./src/buffer_core.cpp
[cloud_adapter.py-4] Warning: TF_OLD_DATA ignoring data from the past for frame base_link at time 11.660000 according to authority default_authority
[cloud_adapter.py-4] Possible reasons are listed at http://wiki.ros.org/tf/Errors%20explained
[cloud_adapter.py-4]          at line 294 in ./src/buffer_core.cpp
[cloud_adapter.py-4] Warning: TF_OLD_DATA ignoring data from the past for frame base_link at time 11.680000 according to authority default_authority
[cloud_adapter.py-4] Possible reasons are listed at http://wiki.ros.org/tf/Errors%20explained
[cloud_adapter.py-4]          at line 294 in ./src/buffer_core.cpp
[cloud_adapter.py-4] Warning: TF_OLD_DATA ignoring data from the past for frame base_link at time 11.700000 according to authority default_authority
[cloud_adapter.py-4] Possible reasons are listed at http://wiki.ros.org/tf/Errors%20explained
[cloud_adapter.py-4]          at line 294 in ./src/buffer_core.cpp
[cloud_adapter.py-4] Warning: TF_OLD_DATA ignoring data from the past for frame base_link at time 11.720000 according to authority default_authority
[cloud_adapter.py-4] Possible reasons are listed at http://wiki.ros.org/tf/Errors%20explained
[cloud_adapter.py-4]          at line 294 in ./src/buffer_core.cpp
[cloud_adapter.py-4] Warning: TF_OLD_DATA ignoring data from the past for frame base_link at time 11.740000 according to authority default_authority
[cloud_adapter.py-4] Possible reasons are listed at http://wiki.ros.org/tf/Errors%20explained
[cloud_adapter.py-4]          at line 294 in ./src/buffer_core.cpp
[cloud_adapter.py-4] Warning: TF_OLD_DATA ignoring data from the past for frame base_link at time 11.760000 according to authority default_authority
[cloud_adapter.py-4] Possible reasons are listed at http://wiki.ros.org/tf/Errors%20explained
[cloud_adapter.py-4]          at line 294 in ./src/buffer_core.cpp
[cloud_adapter.py-4] Warning: TF_OLD_DATA ignoring data from the past for frame base_link at time 11.780000 according to authority default_authority
[cloud_adapter.py-4] Possible reasons are listed at http://wiki.ros.org/tf/Errors%20explained
[cloud_adapter.py-4]          at line 294 in ./src/buffer_core.cpp
[cloud_adapter.py-4] Warning: TF_OLD_DATA ignoring data from the past for frame base_link at time 11.800000 according to authority default_authority
[cloud_adapter.py-4] Possible reasons are listed at http://wiki.ros.org/tf/Errors%20explained
[cloud_adapter.py-4]          at line 294 in ./src/buffer_core.cpp
[cloud_adapter.py-4] Warning: TF_OLD_DATA ignoring data from the past for frame base_link at time 11.820000 according to authority default_authority
[cloud_adapter.py-4] Possible reasons are listed at http://wiki.ros.org/tf/Errors%20explained
[cloud_adapter.py-4]          at line 294 in ./src/buffer_core.cpp
[cloud_adapter.py-4] Warning: TF_OLD_DATA ignoring data from the past for frame base_link at time 11.840000 according to authority default_authority
[cloud_adapter.py-4] Possible reasons are listed at http://wiki.ros.org/tf/Errors%20explained
[cloud_adapter.py-4]          at line 294 in ./src/buffer_core.cpp
[cloud_adapter.py-4] Warning: TF_OLD_DATA ignoring data from the past for frame base_link at time 11.860000 according to authority default_authority
[cloud_adapter.py-4] Possible reasons are listed at http://wiki.ros.org/tf/Errors%20explained
[cloud_adapter.py-4]          at line 294 in ./src/buffer_core.cpp
[cloud_adapter.py-4] Warning: TF_OLD_DATA ignoring data from the past for frame base_link at time 11.880000 according to authority default_authority
[cloud_adapter.py-4] Possible reasons are listed at http://wiki.ros.org/tf/Errors%20explained
[cloud_adapter.py-4]          at line 294 in ./src/buffer_core.cpp
[cloud_adapter.py-4] Warning: TF_OLD_DATA ignoring data from the past for frame base_link at time 11.900000 according to authority default_authority
[cloud_adapter.py-4] Possible reasons are listed at http://wiki.ros.org/tf/Errors%20explained
[cloud_adapter.py-4]          at line 294 in ./src/buffer_core.cpp
[cloud_adapter.py-4] Warning: TF_OLD_DATA ignoring data from the past for frame base_link at time 11.920000 according to authority default_authority
[cloud_adapter.py-4] Possible reasons are listed at http://wiki.ros.org/tf/Errors%20explained
[cloud_adapter.py-4]          at line 294 in ./src/buffer_core.cpp
[cloud_adapter.py-4] Warning: TF_OLD_DATA ignoring data from the past for frame base_link at time 11.940000 according to authority default_authority
[cloud_adapter.py-4] Possible reasons are listed at http://wiki.ros.org/tf/Errors%20explained
[cloud_adapter.py-4]          at line 294 in ./src/buffer_core.cpp
[cloud_adapter.py-4] Warning: TF_OLD_DATA ignoring data from the past for frame base_link at time 11.960000 according to authority default_authority
[cloud_adapter.py-4] Possible reasons are listed at http://wiki.ros.org/tf/Errors%20explained
[cloud_adapter.py-4]          at line 294 in ./src/buffer_core.cpp
[cloud_adapter.py-4] Warning: TF_OLD_DATA ignoring data from the past for frame base_link at time 11.980000 according to authority default_authority
[cloud_adapter.py-4] Possible reasons are listed at http://wiki.ros.org/tf/Errors%20explained
[cloud_adapter.py-4]          at line 294 in ./src/buffer_core.cpp
[cloud_adapter.py-4] Warning: TF_OLD_DATA ignoring data from the past for frame base_link at time 12.000000 according to authority default_authority
[cloud_adapter.py-4] Possible reasons are listed at http://wiki.ros.org/tf/Errors%20explained
[cloud_adapter.py-4]          at line 294 in ./src/buffer_core.cpp
[cloud_adapter.py-4] Warning: TF_OLD_DATA ignoring data from the past for frame base_link at time 12.020000 according to authority default_authority
[cloud_adapter.py-4] Possible reasons are listed at http://wiki.ros.org/tf/Errors%20explained
[cloud_adapter.py-4]          at line 294 in ./src/buffer_core.cpp
[cloud_adapter.py-4] Warning: TF_OLD_DATA ignoring data from the past for frame base_link at time 12.040000 according to authority default_authority
[cloud_adapter.py-4] Possible reasons are listed at http://wiki.ros.org/tf/Errors%20explained
[cloud_adapter.py-4]          at line 294 in ./src/buffer_core.cpp
[cloud_adapter.py-4] Warning: TF_OLD_DATA ignoring data from the past for frame base_link at time 12.060000 according to authority default_authority
[cloud_adapter.py-4] Possible reasons are listed at http://wiki.ros.org/tf/Errors%20explained
[cloud_adapter.py-4]          at line 294 in ./src/buffer_core.cpp
[cloud_adapter.py-4] Warning: TF_OLD_DATA ignoring data from the past for frame base_link at time 12.080000 according to authority default_authority
[cloud_adapter.py-4] Possible reasons are listed at http://wiki.ros.org/tf/Errors%20explained
[cloud_adapter.py-4]          at line 294 in ./src/buffer_core.cpp
[cloud_adapter.py-4] Warning: TF_OLD_DATA ignoring data from the past for frame base_link at time 12.100000 according to authority default_authority
[cloud_adapter.py-4] Possible reasons are listed at http://wiki.ros.org/tf/Errors%20explained
[cloud_adapter.py-4]          at line 294 in ./src/buffer_core.cpp
[cloud_adapter.py-4] Warning: TF_OLD_DATA ignoring data from the past for frame base_link at time 12.120000 according to authority default_authority
[cloud_adapter.py-4] Possible reasons are listed at http://wiki.ros.org/tf/Errors%20explained
[cloud_adapter.py-4]          at line 294 in ./src/buffer_core.cpp
[cloud_adapter.py-4] Warning: TF_OLD_DATA ignoring data from the past for frame base_link at time 12.140000 according to authority default_authority
[cloud_adapter.py-4] Possible reasons are listed at http://wiki.ros.org/tf/Errors%20explained
[cloud_adapter.py-4]          at line 294 in ./src/buffer_core.cpp
[cloud_adapter.py-4] Warning: TF_OLD_DATA ignoring data from the past for frame base_link at time 12.160000 according to authority default_authority
[cloud_adapter.py-4] Possible reasons are listed at http://wiki.ros.org/tf/Errors%20explained
[cloud_adapter.py-4]          at line 294 in ./src/buffer_core.cpp
[cloud_adapter.py-4] Warning: TF_OLD_DATA ignoring data from the past for frame base_link at time 12.180000 according to authority default_authority
[cloud_adapter.py-4] Possible reasons are listed at http://wiki.ros.org/tf/Errors%20explained
[cloud_adapter.py-4]          at line 294 in ./src/buffer_core.cpp
[cloud_adapter.py-4] Warning: TF_OLD_DATA ignoring data from the past for frame base_link at time 12.200000 according to authority default_authority
[cloud_adapter.py-4] Possible reasons are listed at http://wiki.ros.org/tf/Errors%20explained
[cloud_adapter.py-4]          at line 294 in ./src/buffer_core.cpp
[cloud_adapter.py-4] Warning: TF_OLD_DATA ignoring data from the past for frame base_link at time 12.220000 according to authority default_authority
[cloud_adapter.py-4] Possible reasons are listed at http://wiki.ros.org/tf/Errors%20explained
[cloud_adapter.py-4]          at line 294 in ./src/buffer_core.cpp
[cloud_adapter.py-4] Warning: TF_OLD_DATA ignoring data from the past for frame base_link at time 12.240000 according to authority default_authority
[cloud_adapter.py-4] Possible reasons are listed at http://wiki.ros.org/tf/Errors%20explained
[cloud_adapter.py-4]          at line 294 in ./src/buffer_core.cpp
[cloud_adapter.py-4] Warning: TF_OLD_DATA ignoring data from the past for frame base_link at time 12.260000 according to authority default_authority
[cloud_adapter.py-4] Possible reasons are listed at http://wiki.ros.org/tf/Errors%20explained
[cloud_adapter.py-4]          at line 294 in ./src/buffer_core.cpp
[cloud_adapter.py-4] Warning: TF_OLD_DATA ignoring data from the past for frame base_link at time 12.280000 according to authority default_authority
[cloud_adapter.py-4] Possible reasons are listed at http://wiki.ros.org/tf/Errors%20explained
[cloud_adapter.py-4]          at line 294 in ./src/buffer_core.cpp
[cloud_adapter.py-4] Warning: TF_OLD_DATA ignoring data from the past for frame base_link at time 12.300000 according to authority default_authority
[cloud_adapter.py-4] Possible reasons are listed at http://wiki.ros.org/tf/Errors%20explained
[cloud_adapter.py-4]          at line 294 in ./src/buffer_core.cpp
[cloud_adapter.py-4] Warning: TF_OLD_DATA ignoring data from the past for frame base_link at time 12.320000 according to authority default_authority
[cloud_adapter.py-4] Possible reasons are listed at http://wiki.ros.org/tf/Errors%20explained
[cloud_adapter.py-4]          at line 294 in ./src/buffer_core.cpp
[cloud_adapter.py-4] Warning: TF_OLD_DATA ignoring data from the past for frame base_link at time 12.340000 according to authority default_authority
[cloud_adapter.py-4] Possible reasons are listed at http://wiki.ros.org/tf/Errors%20explained
[cloud_adapter.py-4]          at line 294 in ./src/buffer_core.cpp
[cloud_adapter.py-4] Warning: TF_OLD_DATA ignoring data from the past for frame base_link at time 12.360000 according to authority default_authority
[cloud_adapter.py-4] Possible reasons are listed at http://wiki.ros.org/tf/Errors%20explained
[cloud_adapter.py-4]          at line 294 in ./src/buffer_core.cpp
[cloud_adapter.py-4] Warning: TF_OLD_DATA ignoring data from the past for frame base_link at time 12.380000 according to authority default_authority
[cloud_adapter.py-4] Possible reasons are listed at http://wiki.ros.org/tf/Errors%20explained
[cloud_adapter.py-4]          at line 294 in ./src/buffer_core.cpp
[cloud_adapter.py-4] Warning: TF_OLD_DATA ignoring data from the past for frame base_link at time 12.400000 according to authority default_authority
[cloud_adapter.py-4] Possible reasons are listed at http://wiki.ros.org/tf/Errors%20explained
[cloud_adapter.py-4]          at line 294 in ./src/buffer_core.cpp
[cloud_adapter.py-4] Warning: TF_OLD_DATA ignoring data from the past for frame base_link at time 12.420000 according to authority default_authority
[cloud_adapter.py-4] Possible reasons are listed at http://wiki.ros.org/tf/Errors%20explained
[cloud_adapter.py-4]          at line 294 in ./src/buffer_core.cpp
[cloud_adapter.py-4] Warning: TF_OLD_DATA ignoring data from the past for frame base_link at time 12.440000 according to authority default_authority
[cloud_adapter.py-4] Possible reasons are listed at http://wiki.ros.org/tf/Errors%20explained
[cloud_adapter.py-4]          at line 294 in ./src/buffer_core.cpp
[cloud_adapter.py-4] Warning: TF_OLD_DATA ignoring data from the past for frame base_link at time 12.460000 according to authority default_authority
[cloud_adapter.py-4] Possible reasons are listed at http://wiki.ros.org/tf/Errors%20explained
[cloud_adapter.py-4]          at line 294 in ./src/buffer_core.cpp
[cloud_adapter.py-4] Warning: TF_OLD_DATA ignoring data from the past for frame base_link at time 12.480000 according to authority default_authority
[cloud_adapter.py-4] Possible reasons are listed at http://wiki.ros.org/tf/Errors%20explained
[cloud_adapter.py-4]          at line 294 in ./src/buffer_core.cpp
[cloud_adapter.py-4] Warning: TF_OLD_DATA ignoring data from the past for frame base_link at time 12.500000 according to authority default_authority
[cloud_adapter.py-4] Possible reasons are listed at http://wiki.ros.org/tf/Errors%20explained
[cloud_adapter.py-4]          at line 294 in ./src/buffer_core.cpp
[cloud_adapter.py-4] Warning: TF_OLD_DATA ignoring data from the past for frame base_link at time 12.520000 according to authority default_authority
[cloud_adapter.py-4] Possible reasons are listed at http://wiki.ros.org/tf/Errors%20explained
[cloud_adapter.py-4]          at line 294 in ./src/buffer_core.cpp
[cloud_adapter.py-4] Warning: TF_OLD_DATA ignoring data from the past for frame base_link at time 12.540000 according to authority default_authority
[cloud_adapter.py-4] Possible reasons are listed at http://wiki.ros.org/tf/Errors%20explained
[cloud_adapter.py-4]          at line 294 in ./src/buffer_core.cpp
[cloud_adapter.py-4] Warning: TF_OLD_DATA ignoring data from the past for frame base_link at time 12.560000 according to authority default_authority
[cloud_adapter.py-4] Possible reasons are listed at http://wiki.ros.org/tf/Errors%20explained
[cloud_adapter.py-4]          at line 294 in ./src/buffer_core.cpp
[cloud_adapter.py-4] Warning: TF_OLD_DATA ignoring data from the past for frame base_link at time 12.580000 according to authority default_authority
[cloud_adapter.py-4] Possible reasons are listed at http://wiki.ros.org/tf/Errors%20explained
[cloud_adapter.py-4]          at line 294 in ./src/buffer_core.cpp
[cloud_adapter.py-4] Warning: TF_OLD_DATA ignoring data from the past for frame base_link at time 12.600000 according to authority default_authority
[cloud_adapter.py-4] Possible reasons are listed at http://wiki.ros.org/tf/Errors%20explained
[cloud_adapter.py-4]          at line 294 in ./src/buffer_core.cpp
[cloud_adapter.py-4] Warning: TF_OLD_DATA ignoring data from the past for frame base_link at time 12.620000 according to authority default_authority
[cloud_adapter.py-4] Possible reasons are listed at http://wiki.ros.org/tf/Errors%20explained
[cloud_adapter.py-4]          at line 294 in ./src/buffer_core.cpp
[cloud_adapter.py-4] Warning: TF_OLD_DATA ignoring data from the past for frame base_link at time 12.640000 according to authority default_authority
[cloud_adapter.py-4] Possible reasons are listed at http://wiki.ros.org/tf/Errors%20explained
[cloud_adapter.py-4]          at line 294 in ./src/buffer_core.cpp
[cloud_adapter.py-4] Warning: TF_OLD_DATA ignoring data from the past for frame base_link at time 12.660000 according to authority default_authority
[cloud_adapter.py-4] Possible reasons are listed at http://wiki.ros.org/tf/Errors%20explained
[cloud_adapter.py-4]          at line 294 in ./src/buffer_core.cpp
[cloud_adapter.py-4] Warning: TF_OLD_DATA ignoring data from the past for frame base_link at time 12.680000 according to authority default_authority
[cloud_adapter.py-4] Possible reasons are listed at http://wiki.ros.org/tf/Errors%20explained
[cloud_adapter.py-4]          at line 294 in ./src/buffer_core.cpp
[cloud_adapter.py-4] Warning: TF_OLD_DATA ignoring data from the past for frame base_link at time 12.700000 according to authority default_authority
[cloud_adapter.py-4] Possible reasons are listed at http://wiki.ros.org/tf/Errors%20explained
[cloud_adapter.py-4]          at line 294 in ./src/buffer_core.cpp
[cloud_adapter.py-4] Warning: TF_OLD_DATA ignoring data from the past for frame base_link at time 12.720000 according to authority default_authority
[cloud_adapter.py-4] Possible reasons are listed at http://wiki.ros.org/tf/Errors%20explained
[cloud_adapter.py-4]          at line 294 in ./src/buffer_core.cpp
[cloud_adapter.py-4] Warning: TF_OLD_DATA ignoring data from the past for frame base_link at time 12.740000 according to authority default_authority
[cloud_adapter.py-4] Possible reasons are listed at http://wiki.ros.org/tf/Errors%20explained
[cloud_adapter.py-4]          at line 294 in ./src/buffer_core.cpp
[cloud_adapter.py-4] Warning: TF_OLD_DATA ignoring data from the past for frame base_link at time 12.760000 according to authority default_authority
[cloud_adapter.py-4] Possible reasons are listed at http://wiki.ros.org/tf/Errors%20explained
[cloud_adapter.py-4]          at line 294 in ./src/buffer_core.cpp
[cloud_adapter.py-4] Warning: TF_OLD_DATA ignoring data from the past for frame base_link at time 12.780000 according to authority default_authority
[cloud_adapter.py-4] Possible reasons are listed at http://wiki.ros.org/tf/Errors%20explained
[cloud_adapter.py-4]          at line 294 in ./src/buffer_core.cpp
[cloud_adapter.py-4] Warning: TF_OLD_DATA ignoring data from the past for frame base_link at time 12.800000 according to authority default_authority
[cloud_adapter.py-4] Possible reasons are listed at http://wiki.ros.org/tf/Errors%20explained
[cloud_adapter.py-4]          at line 294 in ./src/buffer_core.cpp
[cloud_adapter.py-4] Warning: TF_OLD_DATA ignoring data from the past for frame base_link at time 12.820000 according to authority default_authority
[cloud_adapter.py-4] Possible reasons are listed at http://wiki.ros.org/tf/Errors%20explained
[cloud_adapter.py-4]          at line 294 in ./src/buffer_core.cpp
[cloud_adapter.py-4] Warning: TF_OLD_DATA ignoring data from the past for frame base_link at time 12.840000 according to authority default_authority
[cloud_adapter.py-4] Possible reasons are listed at http://wiki.ros.org/tf/Errors%20explained
[cloud_adapter.py-4]          at line 294 in ./src/buffer_core.cpp
[cloud_adapter.py-4] Warning: TF_OLD_DATA ignoring data from the past for frame base_link at time 12.860000 according to authority default_authority
[cloud_adapter.py-4] Possible reasons are listed at http://wiki.ros.org/tf/Errors%20explained
[cloud_adapter.py-4]          at line 294 in ./src/buffer_core.cpp
[cloud_adapter.py-4] Warning: TF_OLD_DATA ignoring data from the past for frame base_link at time 12.880000 according to authority default_authority
[cloud_adapter.py-4] Possible reasons are listed at http://wiki.ros.org/tf/Errors%20explained
[cloud_adapter.py-4]          at line 294 in ./src/buffer_core.cpp
[cloud_adapter.py-4] Warning: TF_OLD_DATA ignoring data from the past for frame base_link at time 12.900000 according to authority default_authority
[cloud_adapter.py-4] Possible reasons are listed at http://wiki.ros.org/tf/Errors%20explained
[cloud_adapter.py-4]          at line 294 in ./src/buffer_core.cpp
[cloud_adapter.py-4] Warning: TF_OLD_DATA ignoring data from the past for frame base_link at time 12.920000 according to authority default_authority
[cloud_adapter.py-4] Possible reasons are listed at http://wiki.ros.org/tf/Errors%20explained
[cloud_adapter.py-4]          at line 294 in ./src/buffer_core.cpp
[cloud_adapter.py-4] Warning: TF_OLD_DATA ignoring data from the past for frame base_link at time 12.940000 according to authority default_authority
[cloud_adapter.py-4] Possible reasons are listed at http://wiki.ros.org/tf/Errors%20explained
[cloud_adapter.py-4]          at line 294 in ./src/buffer_core.cpp
[cloud_adapter.py-4] Warning: TF_OLD_DATA ignoring data from the past for frame base_link at time 12.960000 according to authority default_authority
[cloud_adapter.py-4] Possible reasons are listed at http://wiki.ros.org/tf/Errors%20explained
[cloud_adapter.py-4]          at line 294 in ./src/buffer_core.cpp
[cloud_adapter.py-4] Warning: TF_OLD_DATA ignoring data from the past for frame base_link at time 12.980000 according to authority default_authority
[cloud_adapter.py-4] Possible reasons are listed at http://wiki.ros.org/tf/Errors%20explained
[cloud_adapter.py-4]          at line 294 in ./src/buffer_core.cpp
[cloud_adapter.py-4] Warning: TF_OLD_DATA ignoring data from the past for frame base_link at time 13.000000 according to authority default_authority
[cloud_adapter.py-4] Possible reasons are listed at http://wiki.ros.org/tf/Errors%20explained
[cloud_adapter.py-4]          at line 294 in ./src/buffer_core.cpp
[cloud_adapter.py-4] Warning: TF_OLD_DATA ignoring data from the past for frame base_link at time 13.020000 according to authority default_authority
[cloud_adapter.py-4] Possible reasons are listed at http://wiki.ros.org/tf/Errors%20explained
[cloud_adapter.py-4]          at line 294 in ./src/buffer_core.cpp
[cloud_adapter.py-4] Warning: TF_OLD_DATA ignoring data from the past for frame base_link at time 13.040000 according to authority default_authority
[cloud_adapter.py-4] Possible reasons are listed at http://wiki.ros.org/tf/Errors%20explained
[cloud_adapter.py-4]          at line 294 in ./src/buffer_core.cpp
[cloud_adapter.py-4] Warning: TF_OLD_DATA ignoring data from the past for frame base_link at time 13.060000 according to authority default_authority
[cloud_adapter.py-4] Possible reasons are listed at http://wiki.ros.org/tf/Errors%20explained
[cloud_adapter.py-4]          at line 294 in ./src/buffer_core.cpp
[cloud_adapter.py-4] Warning: TF_OLD_DATA ignoring data from the past for frame base_link at time 13.080000 according to authority default_authority
[cloud_adapter.py-4] Possible reasons are listed at http://wiki.ros.org/tf/Errors%20explained
[cloud_adapter.py-4]          at line 294 in ./src/buffer_core.cpp
[cloud_adapter.py-4] Warning: TF_OLD_DATA ignoring data from the past for frame base_link at time 13.100000 according to authority default_authority
[cloud_adapter.py-4] Possible reasons are listed at http://wiki.ros.org/tf/Errors%20explained
[cloud_adapter.py-4]          at line 294 in ./src/buffer_core.cpp
[cloud_adapter.py-4] Warning: TF_OLD_DATA ignoring data from the past for frame base_link at time 13.120000 according to authority default_authority
[cloud_adapter.py-4] Possible reasons are listed at http://wiki.ros.org/tf/Errors%20explained
[cloud_adapter.py-4]          at line 294 in ./src/buffer_core.cpp
[cloud_adapter.py-4] Warning: TF_OLD_DATA ignoring data from the past for frame base_link at time 13.140000 according to authority default_authority
[cloud_adapter.py-4] Possible reasons are listed at http://wiki.ros.org/tf/Errors%20explained
[cloud_adapter.py-4]          at line 294 in ./src/buffer_core.cpp
[cloud_adapter.py-4] Warning: TF_OLD_DATA ignoring data from the past for frame base_link at time 13.160000 according to authority default_authority
[cloud_adapter.py-4] Possible reasons are listed at http://wiki.ros.org/tf/Errors%20explained
[cloud_adapter.py-4]          at line 294 in ./src/buffer_core.cpp
[cloud_adapter.py-4] Warning: TF_OLD_DATA ignoring data from the past for frame base_link at time 13.180000 according to authority default_authority
[cloud_adapter.py-4] Possible reasons are listed at http://wiki.ros.org/tf/Errors%20explained
[cloud_adapter.py-4]          at line 294 in ./src/buffer_core.cpp
[cloud_adapter.py-4] Warning: TF_OLD_DATA ignoring data from the past for frame base_link at time 13.200000 according to authority default_authority
[cloud_adapter.py-4] Possible reasons are listed at http://wiki.ros.org/tf/Errors%20explained
[cloud_adapter.py-4]          at line 294 in ./src/buffer_core.cpp
[cloud_adapter.py-4] Warning: TF_OLD_DATA ignoring data from the past for frame base_link at time 13.220000 according to authority default_authority
[cloud_adapter.py-4] Possible reasons are listed at http://wiki.ros.org/tf/Errors%20explained
[cloud_adapter.py-4]          at line 294 in ./src/buffer_core.cpp
[cloud_adapter.py-4] Warning: TF_OLD_DATA ignoring data from the past for frame base_link at time 13.240000 according to authority default_authority
[cloud_adapter.py-4] Possible reasons are listed at http://wiki.ros.org/tf/Errors%20explained
[cloud_adapter.py-4]          at line 294 in ./src/buffer_core.cpp
[cloud_adapter.py-4] Warning: TF_OLD_DATA ignoring data from the past for frame base_link at time 13.260000 according to authority default_authority
[cloud_adapter.py-4] Possible reasons are listed at http://wiki.ros.org/tf/Errors%20explained
[cloud_adapter.py-4]          at line 294 in ./src/buffer_core.cpp
[cloud_adapter.py-4] Warning: TF_OLD_DATA ignoring data from the past for frame base_link at time 13.280000 according to authority default_authority
[cloud_adapter.py-4] Possible reasons are listed at http://wiki.ros.org/tf/Errors%20explained
[cloud_adapter.py-4]          at line 294 in ./src/buffer_core.cpp
[cloud_adapter.py-4] Warning: TF_OLD_DATA ignoring data from the past for frame base_link at time 13.300000 according to authority default_authority
[cloud_adapter.py-4] Possible reasons are listed at http://wiki.ros.org/tf/Errors%20explained
[cloud_adapter.py-4]          at line 294 in ./src/buffer_core.cpp
[cloud_adapter.py-4] Warning: TF_OLD_DATA ignoring data from the past for frame base_link at time 13.320000 according to authority default_authority
[cloud_adapter.py-4] Possible reasons are listed at http://wiki.ros.org/tf/Errors%20explained
[cloud_adapter.py-4]          at line 294 in ./src/buffer_core.cpp
[cloud_adapter.py-4] Warning: TF_OLD_DATA ignoring data from the past for frame base_link at time 13.340000 according to authority default_authority
[cloud_adapter.py-4] Possible reasons are listed at http://wiki.ros.org/tf/Errors%20explained
[cloud_adapter.py-4]          at line 294 in ./src/buffer_core.cpp
[cloud_adapter.py-4] Warning: TF_OLD_DATA ignoring data from the past for frame base_link at time 13.360000 according to authority default_authority
[cloud_adapter.py-4] Possible reasons are listed at http://wiki.ros.org/tf/Errors%20explained
[cloud_adapter.py-4]          at line 294 in ./src/buffer_core.cpp
[cloud_adapter.py-4] Warning: TF_OLD_DATA ignoring data from the past for frame base_link at time 13.380000 according to authority default_authority
[cloud_adapter.py-4] Possible reasons are listed at http://wiki.ros.org/tf/Errors%20explained
[cloud_adapter.py-4]          at line 294 in ./src/buffer_core.cpp
[cloud_adapter.py-4] Warning: TF_OLD_DATA ignoring data from the past for frame base_link at time 13.400000 according to authority default_authority
[cloud_adapter.py-4] Possible reasons are listed at http://wiki.ros.org/tf/Errors%20explained
[cloud_adapter.py-4]          at line 294 in ./src/buffer_core.cpp
[cloud_adapter.py-4] Warning: TF_OLD_DATA ignoring data from the past for frame base_link at time 13.420000 according to authority default_authority
[cloud_adapter.py-4] Possible reasons are listed at http://wiki.ros.org/tf/Errors%20explained
[cloud_adapter.py-4]          at line 294 in ./src/buffer_core.cpp
[cloud_adapter.py-4] Warning: TF_OLD_DATA ignoring data from the past for frame base_link at time 13.440000 according to authority default_authority
[cloud_adapter.py-4] Possible reasons are listed at http://wiki.ros.org/tf/Errors%20explained
[cloud_adapter.py-4]          at line 294 in ./src/buffer_core.cpp
[cloud_adapter.py-4] Warning: TF_OLD_DATA ignoring data from the past for frame base_link at time 13.460000 according to authority default_authority
[cloud_adapter.py-4] Possible reasons are listed at http://wiki.ros.org/tf/Errors%20explained
[cloud_adapter.py-4]          at line 294 in ./src/buffer_core.cpp
[cloud_adapter.py-4] Warning: TF_OLD_DATA ignoring data from the past for frame base_link at time 13.480000 according to authority default_authority
[cloud_adapter.py-4] Possible reasons are listed at http://wiki.ros.org/tf/Errors%20explained
[cloud_adapter.py-4]          at line 294 in ./src/buffer_core.cpp
[cloud_adapter.py-4] Warning: TF_OLD_DATA ignoring data from the past for frame base_link at time 13.500000 according to authority default_authority
[cloud_adapter.py-4] Possible reasons are listed at http://wiki.ros.org/tf/Errors%20explained
[cloud_adapter.py-4]          at line 294 in ./src/buffer_core.cpp
[cloud_adapter.py-4] Warning: TF_OLD_DATA ignoring data from the past for frame base_link at time 13.520000 according to authority default_authority
[cloud_adapter.py-4] Possible reasons are listed at http://wiki.ros.org/tf/Errors%20explained
[cloud_adapter.py-4]          at line 294 in ./src/buffer_core.cpp
[cloud_adapter.py-4] Warning: TF_OLD_DATA ignoring data from the past for frame base_link at time 13.540000 according to authority default_authority
[cloud_adapter.py-4] Possible reasons are listed at http://wiki.ros.org/tf/Errors%20explained
[cloud_adapter.py-4]          at line 294 in ./src/buffer_core.cpp
[cloud_adapter.py-4] Warning: TF_OLD_DATA ignoring data from the past for frame base_link at time 13.560000 according to authority default_authority
[cloud_adapter.py-4] Possible reasons are listed at http://wiki.ros.org/tf/Errors%20explained
[cloud_adapter.py-4]          at line 294 in ./src/buffer_core.cpp
[cloud_adapter.py-4] Warning: TF_OLD_DATA ignoring data from the past for frame base_link at time 13.580000 according to authority default_authority
[cloud_adapter.py-4] Possible reasons are listed at http://wiki.ros.org/tf/Errors%20explained
[cloud_adapter.py-4]          at line 294 in ./src/buffer_core.cpp
[cloud_adapter.py-4] Warning: TF_OLD_DATA ignoring data from the past for frame base_link at time 13.600000 according to authority default_authority
[cloud_adapter.py-4] Possible reasons are listed at http://wiki.ros.org/tf/Errors%20explained
[cloud_adapter.py-4]          at line 294 in ./src/buffer_core.cpp
[cloud_adapter.py-4] Warning: TF_OLD_DATA ignoring data from the past for frame base_link at time 13.620000 according to authority default_authority
[cloud_adapter.py-4] Possible reasons are listed at http://wiki.ros.org/tf/Errors%20explained
[cloud_adapter.py-4]          at line 294 in ./src/buffer_core.cpp
[cloud_adapter.py-4] Warning: TF_OLD_DATA ignoring data from the past for frame base_link at time 13.640000 according to authority default_authority
[cloud_adapter.py-4] Possible reasons are listed at http://wiki.ros.org/tf/Errors%20explained
[cloud_adapter.py-4]          at line 294 in ./src/buffer_core.cpp
[cloud_adapter.py-4] Warning: TF_OLD_DATA ignoring data from the past for frame base_link at time 13.660000 according to authority default_authority
[cloud_adapter.py-4] Possible reasons are listed at http://wiki.ros.org/tf/Errors%20explained
[cloud_adapter.py-4]          at line 294 in ./src/buffer_core.cpp
[cloud_adapter.py-4] Warning: TF_OLD_DATA ignoring data from the past for frame base_link at time 13.680000 according to authority default_authority
[cloud_adapter.py-4] Possible reasons are listed at http://wiki.ros.org/tf/Errors%20explained
[cloud_adapter.py-4]          at line 294 in ./src/buffer_core.cpp
[cloud_adapter.py-4] Warning: TF_OLD_DATA ignoring data from the past for frame base_link at time 13.700000 according to authority default_authority
[cloud_adapter.py-4] Possible reasons are listed at http://wiki.ros.org/tf/Errors%20explained
[cloud_adapter.py-4]          at line 294 in ./src/buffer_core.cpp
[cloud_adapter.py-4] Warning: TF_OLD_DATA ignoring data from the past for frame base_link at time 13.720000 according to authority default_authority
[cloud_adapter.py-4] Possible reasons are listed at http://wiki.ros.org/tf/Errors%20explained
[cloud_adapter.py-4]          at line 294 in ./src/buffer_core.cpp
[cloud_adapter.py-4] Warning: TF_OLD_DATA ignoring data from the past for frame base_link at time 13.740000 according to authority default_authority
[cloud_adapter.py-4] Possible reasons are listed at http://wiki.ros.org/tf/Errors%20explained
[cloud_adapter.py-4]          at line 294 in ./src/buffer_core.cpp
[cloud_adapter.py-4] Warning: TF_OLD_DATA ignoring data from the past for frame base_link at time 13.760000 according to authority default_authority
[cloud_adapter.py-4] Possible reasons are listed at http://wiki.ros.org/tf/Errors%20explained
[cloud_adapter.py-4]          at line 294 in ./src/buffer_core.cpp
[cloud_adapter.py-4] Warning: TF_OLD_DATA ignoring data from the past for frame base_link at time 13.780000 according to authority default_authority
[cloud_adapter.py-4] Possible reasons are listed at http://wiki.ros.org/tf/Errors%20explained
[cloud_adapter.py-4]          at line 294 in ./src/buffer_core.cpp
[cloud_adapter.py-4] Warning: TF_OLD_DATA ignoring data from the past for frame base_link at time 13.800000 according to authority default_authority
[cloud_adapter.py-4] Possible reasons are listed at http://wiki.ros.org/tf/Errors%20explained
[cloud_adapter.py-4]          at line 294 in ./src/buffer_core.cpp
[cloud_adapter.py-4] Warning: TF_OLD_DATA ignoring data from the past for frame base_link at time 13.820000 according to authority default_authority
[cloud_adapter.py-4] Possible reasons are listed at http://wiki.ros.org/tf/Errors%20explained
[cloud_adapter.py-4]          at line 294 in ./src/buffer_core.cpp
[cloud_adapter.py-4] Warning: TF_OLD_DATA ignoring data from the past for frame base_link at time 13.840000 according to authority default_authority
[cloud_adapter.py-4] Possible reasons are listed at http://wiki.ros.org/tf/Errors%20explained
[cloud_adapter.py-4]          at line 294 in ./src/buffer_core.cpp
[cloud_adapter.py-4] Warning: TF_OLD_DATA ignoring data from the past for frame base_link at time 13.860000 according to authority default_authority
[cloud_adapter.py-4] Possible reasons are listed at http://wiki.ros.org/tf/Errors%20explained
[cloud_adapter.py-4]          at line 294 in ./src/buffer_core.cpp
[cloud_adapter.py-4] Warning: TF_OLD_DATA ignoring data from the past for frame base_link at time 13.880000 according to authority default_authority
[cloud_adapter.py-4] Possible reasons are listed at http://wiki.ros.org/tf/Errors%20explained
[cloud_adapter.py-4]          at line 294 in ./src/buffer_core.cpp
[cloud_adapter.py-4] Warning: TF_OLD_DATA ignoring data from the past for frame base_link at time 13.900000 according to authority default_authority
[cloud_adapter.py-4] Possible reasons are listed at http://wiki.ros.org/tf/Errors%20explained
[cloud_adapter.py-4]          at line 294 in ./src/buffer_core.cpp
[cloud_adapter.py-4] Warning: TF_OLD_DATA ignoring data from the past for frame base_link at time 13.920000 according to authority default_authority
[cloud_adapter.py-4] Possible reasons are listed at http://wiki.ros.org/tf/Errors%20explained
[cloud_adapter.py-4]          at line 294 in ./src/buffer_core.cpp
[cloud_adapter.py-4] Warning: TF_OLD_DATA ignoring data from the past for frame base_link at time 13.940000 according to authority default_authority
[cloud_adapter.py-4] Possible reasons are listed at http://wiki.ros.org/tf/Errors%20explained
[cloud_adapter.py-4]          at line 294 in ./src/buffer_core.cpp
[cloud_adapter.py-4] Warning: TF_OLD_DATA ignoring data from the past for frame base_link at time 13.960000 according to authority default_authority
[cloud_adapter.py-4] Possible reasons are listed at http://wiki.ros.org/tf/Errors%20explained
[cloud_adapter.py-4]          at line 294 in ./src/buffer_core.cpp
[cloud_adapter.py-4] Warning: TF_OLD_DATA ignoring data from the past for frame base_link at time 13.980000 according to authority default_authority
[cloud_adapter.py-4] Possible reasons are listed at http://wiki.ros.org/tf/Errors%20explained
[cloud_adapter.py-4]          at line 294 in ./src/buffer_core.cpp
[cloud_adapter.py-4] Warning: TF_OLD_DATA ignoring data from the past for frame base_link at time 14.000000 according to authority default_authority
[cloud_adapter.py-4] Possible reasons are listed at http://wiki.ros.org/tf/Errors%20explained
[cloud_adapter.py-4]          at line 294 in ./src/buffer_core.cpp
[cloud_adapter.py-4] Warning: TF_OLD_DATA ignoring data from the past for frame base_link at time 14.020000 according to authority default_authority
[cloud_adapter.py-4] Possible reasons are listed at http://wiki.ros.org/tf/Errors%20explained
[cloud_adapter.py-4]          at line 294 in ./src/buffer_core.cpp
[cloud_adapter.py-4] Warning: TF_OLD_DATA ignoring data from the past for frame base_link at time 14.040000 according to authority default_authority
[cloud_adapter.py-4] Possible reasons are listed at http://wiki.ros.org/tf/Errors%20explained
[cloud_adapter.py-4]          at line 294 in ./src/buffer_core.cpp
[cloud_adapter.py-4] Warning: TF_OLD_DATA ignoring data from the past for frame base_link at time 14.060000 according to authority default_authority
[cloud_adapter.py-4] Possible reasons are listed at http://wiki.ros.org/tf/Errors%20explained
[cloud_adapter.py-4]          at line 294 in ./src/buffer_core.cpp
[cloud_adapter.py-4] Warning: TF_OLD_DATA ignoring data from the past for frame base_link at time 14.080000 according to authority default_authority
[cloud_adapter.py-4] Possible reasons are listed at http://wiki.ros.org/tf/Errors%20explained
[cloud_adapter.py-4]          at line 294 in ./src/buffer_core.cpp
[cloud_adapter.py-4] Warning: TF_OLD_DATA ignoring data from the past for frame base_link at time 14.100000 according to authority default_authority
[cloud_adapter.py-4] Possible reasons are listed at http://wiki.ros.org/tf/Errors%20explained
[cloud_adapter.py-4]          at line 294 in ./src/buffer_core.cpp
[cloud_adapter.py-4] Warning: TF_OLD_DATA ignoring data from the past for frame base_link at time 14.120000 according to authority default_authority
[cloud_adapter.py-4] Possible reasons are listed at http://wiki.ros.org/tf/Errors%20explained
[cloud_adapter.py-4]          at line 294 in ./src/buffer_core.cpp
[cloud_adapter.py-4] Warning: TF_OLD_DATA ignoring data from the past for frame base_link at time 14.140000 according to authority default_authority
[cloud_adapter.py-4] Possible reasons are listed at http://wiki.ros.org/tf/Errors%20explained
[cloud_adapter.py-4]          at line 294 in ./src/buffer_core.cpp
[cloud_adapter.py-4] Warning: TF_OLD_DATA ignoring data from the past for frame base_link at time 14.160000 according to authority default_authority
[cloud_adapter.py-4] Possible reasons are listed at http://wiki.ros.org/tf/Errors%20explained
[cloud_adapter.py-4]          at line 294 in ./src/buffer_core.cpp
[cloud_adapter.py-4] Warning: TF_OLD_DATA ignoring data from the past for frame base_link at time 14.180000 according to authority default_authority
[cloud_adapter.py-4] Possible reasons are listed at http://wiki.ros.org/tf/Errors%20explained
[cloud_adapter.py-4]          at line 294 in ./src/buffer_core.cpp
[cloud_adapter.py-4] Warning: TF_OLD_DATA ignoring data from the past for frame base_link at time 14.200000 according to authority default_authority
[cloud_adapter.py-4] Possible reasons are listed at http://wiki.ros.org/tf/Errors%20explained
[cloud_adapter.py-4]          at line 294 in ./src/buffer_core.cpp
[cloud_adapter.py-4] Warning: TF_OLD_DATA ignoring data from the past for frame base_link at time 14.220000 according to authority default_authority
[cloud_adapter.py-4] Possible reasons are listed at http://wiki.ros.org/tf/Errors%20explained
[cloud_adapter.py-4]          at line 294 in ./src/buffer_core.cpp
[cloud_adapter.py-4] Warning: TF_OLD_DATA ignoring data from the past for frame base_link at time 14.240000 according to authority default_authority
[cloud_adapter.py-4] Possible reasons are listed at http://wiki.ros.org/tf/Errors%20explained
[cloud_adapter.py-4]          at line 294 in ./src/buffer_core.cpp
[cloud_adapter.py-4] Warning: TF_OLD_DATA ignoring data from the past for frame base_link at time 14.260000 according to authority default_authority
[cloud_adapter.py-4] Possible reasons are listed at http://wiki.ros.org/tf/Errors%20explained
[cloud_adapter.py-4]          at line 294 in ./src/buffer_core.cpp
[cloud_adapter.py-4] Warning: TF_OLD_DATA ignoring data from the past for frame base_link at time 14.280000 according to authority default_authority
[cloud_adapter.py-4] Possible reasons are listed at http://wiki.ros.org/tf/Errors%20explained
[cloud_adapter.py-4]          at line 294 in ./src/buffer_core.cpp
[cloud_adapter.py-4] Warning: TF_OLD_DATA ignoring data from the past for frame base_link at time 14.300000 according to authority default_authority
[cloud_adapter.py-4] Possible reasons are listed at http://wiki.ros.org/tf/Errors%20explained
[cloud_adapter.py-4]          at line 294 in ./src/buffer_core.cpp
[cloud_adapter.py-4] Warning: TF_OLD_DATA ignoring data from the past for frame base_link at time 14.320000 according to authority default_authority
[cloud_adapter.py-4] Possible reasons are listed at http://wiki.ros.org/tf/Errors%20explained
[cloud_adapter.py-4]          at line 294 in ./src/buffer_core.cpp
[cloud_adapter.py-4] Warning: TF_OLD_DATA ignoring data from the past for frame base_link at time 14.340000 according to authority default_authority
[cloud_adapter.py-4] Possible reasons are listed at http://wiki.ros.org/tf/Errors%20explained
[cloud_adapter.py-4]          at line 294 in ./src/buffer_core.cpp
[cloud_adapter.py-4] Warning: TF_OLD_DATA ignoring data from the past for frame base_link at time 14.360000 according to authority default_authority
[cloud_adapter.py-4] Possible reasons are listed at http://wiki.ros.org/tf/Errors%20explained
[cloud_adapter.py-4]          at line 294 in ./src/buffer_core.cpp
[cloud_adapter.py-4] Warning: TF_OLD_DATA ignoring data from the past for frame base_link at time 14.380000 according to authority default_authority
[cloud_adapter.py-4] Possible reasons are listed at http://wiki.ros.org/tf/Errors%20explained
[cloud_adapter.py-4]          at line 294 in ./src/buffer_core.cpp
[cloud_adapter.py-4] Warning: TF_OLD_DATA ignoring data from the past for frame base_link at time 14.400000 according to authority default_authority
[cloud_adapter.py-4] Possible reasons are listed at http://wiki.ros.org/tf/Errors%20explained
[cloud_adapter.py-4]          at line 294 in ./src/buffer_core.cpp
[cloud_adapter.py-4] Warning: TF_OLD_DATA ignoring data from the past for frame base_link at time 14.420000 according to authority default_authority
[cloud_adapter.py-4] Possible reasons are listed at http://wiki.ros.org/tf/Errors%20explained
[cloud_adapter.py-4]          at line 294 in ./src/buffer_core.cpp
[cloud_adapter.py-4] Warning: TF_OLD_DATA ignoring data from the past for frame base_link at time 14.440000 according to authority default_authority
[cloud_adapter.py-4] Possible reasons are listed at http://wiki.ros.org/tf/Errors%20explained
[cloud_adapter.py-4]          at line 294 in ./src/buffer_core.cpp
[cloud_adapter.py-4] Warning: TF_OLD_DATA ignoring data from the past for frame base_link at time 14.460000 according to authority default_authority
[cloud_adapter.py-4] Possible reasons are listed at http://wiki.ros.org/tf/Errors%20explained
[cloud_adapter.py-4]          at line 294 in ./src/buffer_core.cpp
[cloud_adapter.py-4] Warning: TF_OLD_DATA ignoring data from the past for frame base_link at time 14.480000 according to authority default_authority
[cloud_adapter.py-4] Possible reasons are listed at http://wiki.ros.org/tf/Errors%20explained
[cloud_adapter.py-4]          at line 294 in ./src/buffer_core.cpp
[cloud_adapter.py-4] Warning: TF_OLD_DATA ignoring data from the past for frame base_link at time 14.500000 according to authority default_authority
[cloud_adapter.py-4] Possible reasons are listed at http://wiki.ros.org/tf/Errors%20explained
[cloud_adapter.py-4]          at line 294 in ./src/buffer_core.cpp
[cloud_adapter.py-4] Warning: TF_OLD_DATA ignoring data from the past for frame base_link at time 14.520000 according to authority default_authority
[cloud_adapter.py-4] Possible reasons are listed at http://wiki.ros.org/tf/Errors%20explained
[cloud_adapter.py-4]          at line 294 in ./src/buffer_core.cpp
[cloud_adapter.py-4] Warning: TF_OLD_DATA ignoring data from the past for frame base_link at time 14.540000 according to authority default_authority
[cloud_adapter.py-4] Possible reasons are listed at http://wiki.ros.org/tf/Errors%20explained
[cloud_adapter.py-4]          at line 294 in ./src/buffer_core.cpp
[cloud_adapter.py-4] Warning: TF_OLD_DATA ignoring data from the past for frame base_link at time 14.560000 according to authority default_authority
[cloud_adapter.py-4] Possible reasons are listed at http://wiki.ros.org/tf/Errors%20explained
[cloud_adapter.py-4]          at line 294 in ./src/buffer_core.cpp
[cloud_adapter.py-4] Warning: TF_OLD_DATA ignoring data from the past for frame base_link at time 14.580000 according to authority default_authority
[cloud_adapter.py-4] Possible reasons are listed at http://wiki.ros.org/tf/Errors%20explained
[cloud_adapter.py-4]          at line 294 in ./src/buffer_core.cpp
[cloud_adapter.py-4] Warning: TF_OLD_DATA ignoring data from the past for frame base_link at time 14.600000 according to authority default_authority
[cloud_adapter.py-4] Possible reasons are listed at http://wiki.ros.org/tf/Errors%20explained
[cloud_adapter.py-4]          at line 294 in ./src/buffer_core.cpp
[cloud_adapter.py-4] Warning: TF_OLD_DATA ignoring data from the past for frame base_link at time 14.620000 according to authority default_authority
[cloud_adapter.py-4] Possible reasons are listed at http://wiki.ros.org/tf/Errors%20explained
[cloud_adapter.py-4]          at line 294 in ./src/buffer_core.cpp
[cloud_adapter.py-4] Warning: TF_OLD_DATA ignoring data from the past for frame base_link at time 14.640000 according to authority default_authority
[cloud_adapter.py-4] Possible reasons are listed at http://wiki.ros.org/tf/Errors%20explained
[cloud_adapter.py-4]          at line 294 in ./src/buffer_core.cpp
[cloud_adapter.py-4] Warning: TF_OLD_DATA ignoring data from the past for frame base_link at time 14.660000 according to authority default_authority
[cloud_adapter.py-4] Possible reasons are listed at http://wiki.ros.org/tf/Errors%20explained
[cloud_adapter.py-4]          at line 294 in ./src/buffer_core.cpp
[cloud_adapter.py-4] Warning: TF_OLD_DATA ignoring data from the past for frame base_link at time 14.680000 according to authority default_authority
[cloud_adapter.py-4] Possible reasons are listed at http://wiki.ros.org/tf/Errors%20explained
[cloud_adapter.py-4]          at line 294 in ./src/buffer_core.cpp
[cloud_adapter.py-4] Warning: TF_OLD_DATA ignoring data from the past for frame base_link at time 14.700000 according to authority default_authority
[cloud_adapter.py-4] Possible reasons are listed at http://wiki.ros.org/tf/Errors%20explained
[cloud_adapter.py-4]          at line 294 in ./src/buffer_core.cpp
[cloud_adapter.py-4] Warning: TF_OLD_DATA ignoring data from the past for frame base_link at time 14.720000 according to authority default_authority
[cloud_adapter.py-4] Possible reasons are listed at http://wiki.ros.org/tf/Errors%20explained
[cloud_adapter.py-4]          at line 294 in ./src/buffer_core.cpp
[cloud_adapter.py-4] Warning: TF_OLD_DATA ignoring data from the past for frame base_link at time 14.740000 according to authority default_authority
[cloud_adapter.py-4] Possible reasons are listed at http://wiki.ros.org/tf/Errors%20explained
[cloud_adapter.py-4]          at line 294 in ./src/buffer_core.cpp
[cloud_adapter.py-4] Warning: TF_OLD_DATA ignoring data from the past for frame base_link at time 14.760000 according to authority default_authority
[cloud_adapter.py-4] Possible reasons are listed at http://wiki.ros.org/tf/Errors%20explained
[cloud_adapter.py-4]          at line 294 in ./src/buffer_core.cpp
[cloud_adapter.py-4] Warning: TF_OLD_DATA ignoring data from the past for frame base_link at time 14.780000 according to authority default_authority
[cloud_adapter.py-4] Possible reasons are listed at http://wiki.ros.org/tf/Errors%20explained
[cloud_adapter.py-4]          at line 294 in ./src/buffer_core.cpp
[cloud_adapter.py-4] Warning: TF_OLD_DATA ignoring data from the past for frame base_link at time 14.800000 according to authority default_authority
[cloud_adapter.py-4] Possible reasons are listed at http://wiki.ros.org/tf/Errors%20explained
[cloud_adapter.py-4]          at line 294 in ./src/buffer_core.cpp
[cloud_adapter.py-4] Warning: TF_OLD_DATA ignoring data from the past for frame base_link at time 14.820000 according to authority default_authority
[cloud_adapter.py-4] Possible reasons are listed at http://wiki.ros.org/tf/Errors%20explained
[cloud_adapter.py-4]          at line 294 in ./src/buffer_core.cpp
[cloud_adapter.py-4] Warning: TF_OLD_DATA ignoring data from the past for frame base_link at time 14.840000 according to authority default_authority
[cloud_adapter.py-4] Possible reasons are listed at http://wiki.ros.org/tf/Errors%20explained
[cloud_adapter.py-4]          at line 294 in ./src/buffer_core.cpp
[cloud_adapter.py-4] Warning: TF_OLD_DATA ignoring data from the past for frame base_link at time 14.860000 according to authority default_authority
[cloud_adapter.py-4] Possible reasons are listed at http://wiki.ros.org/tf/Errors%20explained
[cloud_adapter.py-4]          at line 294 in ./src/buffer_core.cpp
[cloud_adapter.py-4] Warning: TF_OLD_DATA ignoring data from the past for frame base_link at time 14.880000 according to authority default_authority
[cloud_adapter.py-4] Possible reasons are listed at http://wiki.ros.org/tf/Errors%20explained
[cloud_adapter.py-4]          at line 294 in ./src/buffer_core.cpp
[cloud_adapter.py-4] Warning: TF_OLD_DATA ignoring data from the past for frame base_link at time 14.900000 according to authority default_authority
[cloud_adapter.py-4] Possible reasons are listed at http://wiki.ros.org/tf/Errors%20explained
[cloud_adapter.py-4]          at line 294 in ./src/buffer_core.cpp
[cloud_adapter.py-4] Warning: TF_OLD_DATA ignoring data from the past for frame base_link at time 14.920000 according to authority default_authority
[cloud_adapter.py-4] Possible reasons are listed at http://wiki.ros.org/tf/Errors%20explained
[cloud_adapter.py-4]          at line 294 in ./src/buffer_core.cpp
[cloud_adapter.py-4] Warning: TF_OLD_DATA ignoring data from the past for frame base_link at time 14.940000 according to authority default_authority
[cloud_adapter.py-4] Possible reasons are listed at http://wiki.ros.org/tf/Errors%20explained
[cloud_adapter.py-4]          at line 294 in ./src/buffer_core.cpp
[cloud_adapter.py-4] Warning: TF_OLD_DATA ignoring data from the past for frame base_link at time 14.960000 according to authority default_authority
[cloud_adapter.py-4] Possible reasons are listed at http://wiki.ros.org/tf/Errors%20explained
[cloud_adapter.py-4]          at line 294 in ./src/buffer_core.cpp
[cloud_adapter.py-4] Warning: TF_OLD_DATA ignoring data from the past for frame base_link at time 14.980000 according to authority default_authority
[cloud_adapter.py-4] Possible reasons are listed at http://wiki.ros.org/tf/Errors%20explained
[cloud_adapter.py-4]          at line 294 in ./src/buffer_core.cpp
[cloud_adapter.py-4] Warning: TF_OLD_DATA ignoring data from the past for frame base_link at time 15.000000 according to authority default_authority
[cloud_adapter.py-4] Possible reasons are listed at http://wiki.ros.org/tf/Errors%20explained
[cloud_adapter.py-4]          at line 294 in ./src/buffer_core.cpp
[cloud_adapter.py-4] Warning: TF_OLD_DATA ignoring data from the past for frame base_link at time 15.020000 according to authority default_authority
[cloud_adapter.py-4] Possible reasons are listed at http://wiki.ros.org/tf/Errors%20explained
[cloud_adapter.py-4]          at line 294 in ./src/buffer_core.cpp
[cloud_adapter.py-4] Warning: TF_OLD_DATA ignoring data from the past for frame base_link at time 15.040000 according to authority default_authority
[cloud_adapter.py-4] Possible reasons are listed at http://wiki.ros.org/tf/Errors%20explained
[cloud_adapter.py-4]          at line 294 in ./src/buffer_core.cpp
[cloud_adapter.py-4] Warning: TF_OLD_DATA ignoring data from the past for frame base_link at time 15.060000 according to authority default_authority
[cloud_adapter.py-4] Possible reasons are listed at http://wiki.ros.org/tf/Errors%20explained
[cloud_adapter.py-4]          at line 294 in ./src/buffer_core.cpp
[cloud_adapter.py-4] Warning: TF_OLD_DATA ignoring data from the past for frame base_link at time 15.080000 according to authority default_authority
[cloud_adapter.py-4] Possible reasons are listed at http://wiki.ros.org/tf/Errors%20explained
[cloud_adapter.py-4]          at line 294 in ./src/buffer_core.cpp
[cloud_adapter.py-4] Warning: TF_OLD_DATA ignoring data from the past for frame base_link at time 15.100000 according to authority default_authority
[cloud_adapter.py-4] Possible reasons are listed at http://wiki.ros.org/tf/Errors%20explained
[cloud_adapter.py-4]          at line 294 in ./src/buffer_core.cpp
[cloud_adapter.py-4] Warning: TF_OLD_DATA ignoring data from the past for frame base_link at time 15.120000 according to authority default_authority
[cloud_adapter.py-4] Possible reasons are listed at http://wiki.ros.org/tf/Errors%20explained
[cloud_adapter.py-4]          at line 294 in ./src/buffer_core.cpp
[cloud_adapter.py-4] Warning: TF_OLD_DATA ignoring data from the past for frame base_link at time 15.140000 according to authority default_authority
[cloud_adapter.py-4] Possible reasons are listed at http://wiki.ros.org/tf/Errors%20explained
[cloud_adapter.py-4]          at line 294 in ./src/buffer_core.cpp
[cloud_adapter.py-4] Warning: TF_OLD_DATA ignoring data from the past for frame base_link at time 15.160000 according to authority default_authority
[cloud_adapter.py-4] Possible reasons are listed at http://wiki.ros.org/tf/Errors%20explained
[cloud_adapter.py-4]          at line 294 in ./src/buffer_core.cpp
[cloud_adapter.py-4] Warning: TF_OLD_DATA ignoring data from the past for frame base_link at time 15.180000 according to authority default_authority
[cloud_adapter.py-4] Possible reasons are listed at http://wiki.ros.org/tf/Errors%20explained
[cloud_adapter.py-4]          at line 294 in ./src/buffer_core.cpp
[cloud_adapter.py-4] Warning: TF_OLD_DATA ignoring data from the past for frame base_link at time 15.200000 according to authority default_authority
[cloud_adapter.py-4] Possible reasons are listed at http://wiki.ros.org/tf/Errors%20explained
[cloud_adapter.py-4]          at line 294 in ./src/buffer_core.cpp
[cloud_adapter.py-4] Warning: TF_OLD_DATA ignoring data from the past for frame base_link at time 15.220000 according to authority default_authority
[cloud_adapter.py-4] Possible reasons are listed at http://wiki.ros.org/tf/Errors%20explained
[cloud_adapter.py-4]          at line 294 in ./src/buffer_core.cpp
[cloud_adapter.py-4] Warning: TF_OLD_DATA ignoring data from the past for frame base_link at time 15.240000 according to authority default_authority
[cloud_adapter.py-4] Possible reasons are listed at http://wiki.ros.org/tf/Errors%20explained
[cloud_adapter.py-4]          at line 294 in ./src/buffer_core.cpp
[cloud_adapter.py-4] Warning: TF_OLD_DATA ignoring data from the past for frame base_link at time 15.260000 according to authority default_authority
[cloud_adapter.py-4] Possible reasons are listed at http://wiki.ros.org/tf/Errors%20explained
[cloud_adapter.py-4]          at line 294 in ./src/buffer_core.cpp
[cloud_adapter.py-4] Warning: TF_OLD_DATA ignoring data from the past for frame base_link at time 15.280000 according to authority default_authority
[cloud_adapter.py-4] Possible reasons are listed at http://wiki.ros.org/tf/Errors%20explained
[cloud_adapter.py-4]          at line 294 in ./src/buffer_core.cpp
[cloud_adapter.py-4] Warning: TF_OLD_DATA ignoring data from the past for frame base_link at time 15.300000 according to authority default_authority
[cloud_adapter.py-4] Possible reasons are listed at http://wiki.ros.org/tf/Errors%20explained
[cloud_adapter.py-4]          at line 294 in ./src/buffer_core.cpp
[cloud_adapter.py-4] Warning: TF_OLD_DATA ignoring data from the past for frame base_link at time 15.320000 according to authority default_authority
[cloud_adapter.py-4] Possible reasons are listed at http://wiki.ros.org/tf/Errors%20explained
[cloud_adapter.py-4]          at line 294 in ./src/buffer_core.cpp
[cloud_adapter.py-4] Warning: TF_OLD_DATA ignoring data from the past for frame base_link at time 15.340000 according to authority default_authority
[cloud_adapter.py-4] Possible reasons are listed at http://wiki.ros.org/tf/Errors%20explained
[cloud_adapter.py-4]          at line 294 in ./src/buffer_core.cpp
[cloud_adapter.py-4] Warning: TF_OLD_DATA ignoring data from the past for frame base_link at time 15.360000 according to authority default_authority
[cloud_adapter.py-4] Possible reasons are listed at http://wiki.ros.org/tf/Errors%20explained
[cloud_adapter.py-4]          at line 294 in ./src/buffer_core.cpp
[cloud_adapter.py-4] Warning: TF_OLD_DATA ignoring data from the past for frame base_link at time 15.380000 according to authority default_authority
[cloud_adapter.py-4] Possible reasons are listed at http://wiki.ros.org/tf/Errors%20explained
[cloud_adapter.py-4]          at line 294 in ./src/buffer_core.cpp
[cloud_adapter.py-4] Warning: TF_OLD_DATA ignoring data from the past for frame base_link at time 15.400000 according to authority default_authority
[cloud_adapter.py-4] Possible reasons are listed at http://wiki.ros.org/tf/Errors%20explained
[cloud_adapter.py-4]          at line 294 in ./src/buffer_core.cpp
[cloud_adapter.py-4] Warning: TF_OLD_DATA ignoring data from the past for frame base_link at time 15.420000 according to authority default_authority
[cloud_adapter.py-4] Possible reasons are listed at http://wiki.ros.org/tf/Errors%20explained
[cloud_adapter.py-4]          at line 294 in ./src/buffer_core.cpp
[cloud_adapter.py-4] Warning: TF_OLD_DATA ignoring data from the past for frame base_link at time 15.440000 according to authority default_authority
[cloud_adapter.py-4] Possible reasons are listed at http://wiki.ros.org/tf/Errors%20explained
[cloud_adapter.py-4]          at line 294 in ./src/buffer_core.cpp
[cloud_adapter.py-4] Warning: TF_OLD_DATA ignoring data from the past for frame base_link at time 15.460000 according to authority default_authority
[cloud_adapter.py-4] Possible reasons are listed at http://wiki.ros.org/tf/Errors%20explained
[cloud_adapter.py-4]          at line 294 in ./src/buffer_core.cpp
[cloud_adapter.py-4] Warning: TF_OLD_DATA ignoring data from the past for frame base_link at time 15.480000 according to authority default_authority
[cloud_adapter.py-4] Possible reasons are listed at http://wiki.ros.org/tf/Errors%20explained
[cloud_adapter.py-4]          at line 294 in ./src/buffer_core.cpp
[cloud_adapter.py-4] Warning: TF_OLD_DATA ignoring data from the past for frame base_link at time 15.500000 according to authority default_authority
[cloud_adapter.py-4] Possible reasons are listed at http://wiki.ros.org/tf/Errors%20explained
[cloud_adapter.py-4]          at line 294 in ./src/buffer_core.cpp
[cloud_adapter.py-4] Warning: TF_OLD_DATA ignoring data from the past for frame base_link at time 15.520000 according to authority default_authority
[cloud_adapter.py-4] Possible reasons are listed at http://wiki.ros.org/tf/Errors%20explained
[cloud_adapter.py-4]          at line 294 in ./src/buffer_core.cpp
[cloud_adapter.py-4] Warning: TF_OLD_DATA ignoring data from the past for frame base_link at time 15.540000 according to authority default_authority
[cloud_adapter.py-4] Possible reasons are listed at http://wiki.ros.org/tf/Errors%20explained
[cloud_adapter.py-4]          at line 294 in ./src/buffer_core.cpp
[cloud_adapter.py-4] Warning: TF_OLD_DATA ignoring data from the past for frame base_link at time 15.560000 according to authority default_authority
[cloud_adapter.py-4] Possible reasons are listed at http://wiki.ros.org/tf/Errors%20explained
[cloud_adapter.py-4]          at line 294 in ./src/buffer_core.cpp
[cloud_adapter.py-4] Warning: TF_OLD_DATA ignoring data from the past for frame base_link at time 15.580000 according to authority default_authority
[cloud_adapter.py-4] Possible reasons are listed at http://wiki.ros.org/tf/Errors%20explained
[cloud_adapter.py-4]          at line 294 in ./src/buffer_core.cpp
[cloud_adapter.py-4] Warning: TF_OLD_DATA ignoring data from the past for frame base_link at time 15.600000 according to authority default_authority
[cloud_adapter.py-4] Possible reasons are listed at http://wiki.ros.org/tf/Errors%20explained
[cloud_adapter.py-4]          at line 294 in ./src/buffer_core.cpp
[cloud_adapter.py-4] Warning: TF_OLD_DATA ignoring data from the past for frame base_link at time 15.620000 according to authority default_authority
[cloud_adapter.py-4] Possible reasons are listed at http://wiki.ros.org/tf/Errors%20explained
[cloud_adapter.py-4]          at line 294 in ./src/buffer_core.cpp
[cloud_adapter.py-4] Warning: TF_OLD_DATA ignoring data from the past for frame base_link at time 15.640000 according to authority default_authority
[cloud_adapter.py-4] Possible reasons are listed at http://wiki.ros.org/tf/Errors%20explained
[cloud_adapter.py-4]          at line 294 in ./src/buffer_core.cpp
[cloud_adapter.py-4] Warning: TF_OLD_DATA ignoring data from the past for frame base_link at time 15.660000 according to authority default_authority
[cloud_adapter.py-4] Possible reasons are listed at http://wiki.ros.org/tf/Errors%20explained
[cloud_adapter.py-4]          at line 294 in ./src/buffer_core.cpp
[cloud_adapter.py-4] Warning: TF_OLD_DATA ignoring data from the past for frame base_link at time 15.680000 according to authority default_authority
[cloud_adapter.py-4] Possible reasons are listed at http://wiki.ros.org/tf/Errors%20explained
[cloud_adapter.py-4]          at line 294 in ./src/buffer_core.cpp
[cloud_adapter.py-4] Warning: TF_OLD_DATA ignoring data from the past for frame base_link at time 15.700000 according to authority default_authority
[cloud_adapter.py-4] Possible reasons are listed at http://wiki.ros.org/tf/Errors%20explained
[cloud_adapter.py-4]          at line 294 in ./src/buffer_core.cpp
[cloud_adapter.py-4] Warning: TF_OLD_DATA ignoring data from the past for frame base_link at time 15.720000 according to authority default_authority
[cloud_adapter.py-4] Possible reasons are listed at http://wiki.ros.org/tf/Errors%20explained
[cloud_adapter.py-4]          at line 294 in ./src/buffer_core.cpp
[cloud_adapter.py-4] Warning: TF_OLD_DATA ignoring data from the past for frame base_link at time 15.740000 according to authority default_authority
[cloud_adapter.py-4] Possible reasons are listed at http://wiki.ros.org/tf/Errors%20explained
[cloud_adapter.py-4]          at line 294 in ./src/buffer_core.cpp
[cloud_adapter.py-4] Warning: TF_OLD_DATA ignoring data from the past for frame base_link at time 15.760000 according to authority default_authority
[cloud_adapter.py-4] Possible reasons are listed at http://wiki.ros.org/tf/Errors%20explained
[cloud_adapter.py-4]          at line 294 in ./src/buffer_core.cpp
[cloud_adapter.py-4] Warning: TF_OLD_DATA ignoring data from the past for frame base_link at time 15.780000 according to authority default_authority
[cloud_adapter.py-4] Possible reasons are listed at http://wiki.ros.org/tf/Errors%20explained
[cloud_adapter.py-4]          at line 294 in ./src/buffer_core.cpp
[cloud_adapter.py-4] Warning: TF_OLD_DATA ignoring data from the past for frame base_link at time 15.800000 according to authority default_authority
[cloud_adapter.py-4] Possible reasons are listed at http://wiki.ros.org/tf/Errors%20explained
[cloud_adapter.py-4]          at line 294 in ./src/buffer_core.cpp
[cloud_adapter.py-4] Warning: TF_OLD_DATA ignoring data from the past for frame base_link at time 15.820000 according to authority default_authority
[cloud_adapter.py-4] Possible reasons are listed at http://wiki.ros.org/tf/Errors%20explained
[cloud_adapter.py-4]          at line 294 in ./src/buffer_core.cpp
[cloud_adapter.py-4] Warning: TF_OLD_DATA ignoring data from the past for frame base_link at time 15.840000 according to authority default_authority
[cloud_adapter.py-4] Possible reasons are listed at http://wiki.ros.org/tf/Errors%20explained
[cloud_adapter.py-4]          at line 294 in ./src/buffer_core.cpp
[cloud_adapter.py-4] Warning: TF_OLD_DATA ignoring data from the past for frame base_link at time 15.860000 according to authority default_authority
[cloud_adapter.py-4] Possible reasons are listed at http://wiki.ros.org/tf/Errors%20explained
[cloud_adapter.py-4]          at line 294 in ./src/buffer_core.cpp
[cloud_adapter.py-4] Warning: TF_OLD_DATA ignoring data from the past for frame base_link at time 15.880000 according to authority default_authority
[cloud_adapter.py-4] Possible reasons are listed at http://wiki.ros.org/tf/Errors%20explained
[cloud_adapter.py-4]          at line 294 in ./src/buffer_core.cpp
[cloud_adapter.py-4] Warning: TF_OLD_DATA ignoring data from the past for frame base_link at time 15.900000 according to authority default_authority
[cloud_adapter.py-4] Possible reasons are listed at http://wiki.ros.org/tf/Errors%20explained
[cloud_adapter.py-4]          at line 294 in ./src/buffer_core.cpp
[cloud_adapter.py-4] Warning: TF_OLD_DATA ignoring data from the past for frame base_link at time 15.920000 according to authority default_authority
[cloud_adapter.py-4] Possible reasons are listed at http://wiki.ros.org/tf/Errors%20explained
[cloud_adapter.py-4]          at line 294 in ./src/buffer_core.cpp
[cloud_adapter.py-4] Warning: TF_OLD_DATA ignoring data from the past for frame base_link at time 15.940000 according to authority default_authority
[cloud_adapter.py-4] Possible reasons are listed at http://wiki.ros.org/tf/Errors%20explained
[cloud_adapter.py-4]          at line 294 in ./src/buffer_core.cpp
[cloud_adapter.py-4] Warning: TF_OLD_DATA ignoring data from the past for frame base_link at time 15.960000 according to authority default_authority
[cloud_adapter.py-4] Possible reasons are listed at http://wiki.ros.org/tf/Errors%20explained
[cloud_adapter.py-4]          at line 294 in ./src/buffer_core.cpp
[cloud_adapter.py-4] Warning: TF_OLD_DATA ignoring data from the past for frame base_link at time 15.980000 according to authority default_authority
[cloud_adapter.py-4] Possible reasons are listed at http://wiki.ros.org/tf/Errors%20explained
[cloud_adapter.py-4]          at line 294 in ./src/buffer_core.cpp
[cloud_adapter.py-4] Warning: TF_OLD_DATA ignoring data from the past for frame base_link at time 16.000000 according to authority default_authority
[cloud_adapter.py-4] Possible reasons are listed at http://wiki.ros.org/tf/Errors%20explained
[cloud_adapter.py-4]          at line 294 in ./src/buffer_core.cpp
[cloud_adapter.py-4] Warning: TF_OLD_DATA ignoring data from the past for frame base_link at time 16.020000 according to authority default_authority
[cloud_adapter.py-4] Possible reasons are listed at http://wiki.ros.org/tf/Errors%20explained
[cloud_adapter.py-4]          at line 294 in ./src/buffer_core.cpp
[cloud_adapter.py-4] Warning: TF_OLD_DATA ignoring data from the past for frame base_link at time 16.040000 according to authority default_authority
[cloud_adapter.py-4] Possible reasons are listed at http://wiki.ros.org/tf/Errors%20explained
[cloud_adapter.py-4]          at line 294 in ./src/buffer_core.cpp
[cloud_adapter.py-4] Warning: TF_OLD_DATA ignoring data from the past for frame base_link at time 16.060000 according to authority default_authority
[cloud_adapter.py-4] Possible reasons are listed at http://wiki.ros.org/tf/Errors%20explained
[cloud_adapter.py-4]          at line 294 in ./src/buffer_core.cpp
[cloud_adapter.py-4] Warning: TF_OLD_DATA ignoring data from the past for frame base_link at time 16.080000 according to authority default_authority
[cloud_adapter.py-4] Possible reasons are listed at http://wiki.ros.org/tf/Errors%20explained
[cloud_adapter.py-4]          at line 294 in ./src/buffer_core.cpp
[cloud_adapter.py-4] Warning: TF_OLD_DATA ignoring data from the past for frame base_link at time 16.100000 according to authority default_authority
[cloud_adapter.py-4] Possible reasons are listed at http://wiki.ros.org/tf/Errors%20explained
[cloud_adapter.py-4]          at line 294 in ./src/buffer_core.cpp
[cloud_adapter.py-4] Warning: TF_OLD_DATA ignoring data from the past for frame base_link at time 16.120000 according to authority default_authority
[cloud_adapter.py-4] Possible reasons are listed at http://wiki.ros.org/tf/Errors%20explained
[cloud_adapter.py-4]          at line 294 in ./src/buffer_core.cpp
[cloud_adapter.py-4] Warning: TF_OLD_DATA ignoring data from the past for frame base_link at time 16.140000 according to authority default_authority
[cloud_adapter.py-4] Possible reasons are listed at http://wiki.ros.org/tf/Errors%20explained
[cloud_adapter.py-4]          at line 294 in ./src/buffer_core.cpp
[cloud_adapter.py-4] Warning: TF_OLD_DATA ignoring data from the past for frame base_link at time 16.160000 according to authority default_authority
[cloud_adapter.py-4] Possible reasons are listed at http://wiki.ros.org/tf/Errors%20explained
[cloud_adapter.py-4]          at line 294 in ./src/buffer_core.cpp
[cloud_adapter.py-4] Warning: TF_OLD_DATA ignoring data from the past for frame base_link at time 16.180000 according to authority default_authority
[cloud_adapter.py-4] Possible reasons are listed at http://wiki.ros.org/tf/Errors%20explained
[cloud_adapter.py-4]          at line 294 in ./src/buffer_core.cpp
[cloud_adapter.py-4] Warning: TF_OLD_DATA ignoring data from the past for frame base_link at time 16.200000 according to authority default_authority
[cloud_adapter.py-4] Possible reasons are listed at http://wiki.ros.org/tf/Errors%20explained
[cloud_adapter.py-4]          at line 294 in ./src/buffer_core.cpp
[cloud_adapter.py-4] Warning: TF_OLD_DATA ignoring data from the past for frame base_link at time 16.220000 according to authority default_authority
[cloud_adapter.py-4] Possible reasons are listed at http://wiki.ros.org/tf/Errors%20explained
[cloud_adapter.py-4]          at line 294 in ./src/buffer_core.cpp
[cloud_adapter.py-4] Warning: TF_OLD_DATA ignoring data from the past for frame base_link at time 16.240000 according to authority default_authority
[cloud_adapter.py-4] Possible reasons are listed at http://wiki.ros.org/tf/Errors%20explained
[cloud_adapter.py-4]          at line 294 in ./src/buffer_core.cpp
[cloud_adapter.py-4] Warning: TF_OLD_DATA ignoring data from the past for frame base_link at time 16.260000 according to authority default_authority
[cloud_adapter.py-4] Possible reasons are listed at http://wiki.ros.org/tf/Errors%20explained
[cloud_adapter.py-4]          at line 294 in ./src/buffer_core.cpp
[cloud_adapter.py-4] Warning: TF_OLD_DATA ignoring data from the past for frame base_link at time 16.280000 according to authority default_authority
[cloud_adapter.py-4] Possible reasons are listed at http://wiki.ros.org/tf/Errors%20explained
[cloud_adapter.py-4]          at line 294 in ./src/buffer_core.cpp
[cloud_adapter.py-4] Warning: TF_OLD_DATA ignoring data from the past for frame base_link at time 16.300000 according to authority default_authority
[cloud_adapter.py-4] Possible reasons are listed at http://wiki.ros.org/tf/Errors%20explained
[cloud_adapter.py-4]          at line 294 in ./src/buffer_core.cpp
[cloud_adapter.py-4] Warning: TF_OLD_DATA ignoring data from the past for frame base_link at time 16.320000 according to authority default_authority
[cloud_adapter.py-4] Possible reasons are listed at http://wiki.ros.org/tf/Errors%20explained
[cloud_adapter.py-4]          at line 294 in ./src/buffer_core.cpp
[cloud_adapter.py-4] Warning: TF_OLD_DATA ignoring data from the past for frame base_link at time 16.340000 according to authority default_authority
[cloud_adapter.py-4] Possible reasons are listed at http://wiki.ros.org/tf/Errors%20explained
[cloud_adapter.py-4]          at line 294 in ./src/buffer_core.cpp
[cloud_adapter.py-4] Warning: TF_OLD_DATA ignoring data from the past for frame base_link at time 16.360000 according to authority default_authority
[cloud_adapter.py-4] Possible reasons are listed at http://wiki.ros.org/tf/Errors%20explained
[cloud_adapter.py-4]          at line 294 in ./src/buffer_core.cpp
[cloud_adapter.py-4] Warning: TF_OLD_DATA ignoring data from the past for frame base_link at time 16.380000 according to authority default_authority
[cloud_adapter.py-4] Possible reasons are listed at http://wiki.ros.org/tf/Errors%20explained
[cloud_adapter.py-4]          at line 294 in ./src/buffer_core.cpp
[cloud_adapter.py-4] Warning: TF_OLD_DATA ignoring data from the past for frame base_link at time 16.400000 according to authority default_authority
[cloud_adapter.py-4] Possible reasons are listed at http://wiki.ros.org/tf/Errors%20explained
[cloud_adapter.py-4]          at line 294 in ./src/buffer_core.cpp
[cloud_adapter.py-4] Warning: TF_OLD_DATA ignoring data from the past for frame base_link at time 16.420000 according to authority default_authority
[cloud_adapter.py-4] Possible reasons are listed at http://wiki.ros.org/tf/Errors%20explained
[cloud_adapter.py-4]          at line 294 in ./src/buffer_core.cpp
[cloud_adapter.py-4] Warning: TF_OLD_DATA ignoring data from the past for frame base_link at time 16.440000 according to authority default_authority
[cloud_adapter.py-4] Possible reasons are listed at http://wiki.ros.org/tf/Errors%20explained
[cloud_adapter.py-4]          at line 294 in ./src/buffer_core.cpp
[cloud_adapter.py-4] Warning: TF_OLD_DATA ignoring data from the past for frame base_link at time 16.460000 according to authority default_authority
[cloud_adapter.py-4] Possible reasons are listed at http://wiki.ros.org/tf/Errors%20explained
[cloud_adapter.py-4]          at line 294 in ./src/buffer_core.cpp
[cloud_adapter.py-4] Warning: TF_OLD_DATA ignoring data from the past for frame base_link at time 16.480000 according to authority default_authority
[cloud_adapter.py-4] Possible reasons are listed at http://wiki.ros.org/tf/Errors%20explained
[cloud_adapter.py-4]          at line 294 in ./src/buffer_core.cpp
[cloud_adapter.py-4] Warning: TF_OLD_DATA ignoring data from the past for frame base_link at time 16.500000 according to authority default_authority
[cloud_adapter.py-4] Possible reasons are listed at http://wiki.ros.org/tf/Errors%20explained
[cloud_adapter.py-4]          at line 294 in ./src/buffer_core.cpp
[cloud_adapter.py-4] Warning: TF_OLD_DATA ignoring data from the past for frame base_link at time 16.520000 according to authority default_authority
[cloud_adapter.py-4] Possible reasons are listed at http://wiki.ros.org/tf/Errors%20explained
[cloud_adapter.py-4]          at line 294 in ./src/buffer_core.cpp
[cloud_adapter.py-4] Warning: TF_OLD_DATA ignoring data from the past for frame base_link at time 16.540000 according to authority default_authority
[cloud_adapter.py-4] Possible reasons are listed at http://wiki.ros.org/tf/Errors%20explained
[cloud_adapter.py-4]          at line 294 in ./src/buffer_core.cpp
[cloud_adapter.py-4] Warning: TF_OLD_DATA ignoring data from the past for frame base_link at time 16.560000 according to authority default_authority
[cloud_adapter.py-4] Possible reasons are listed at http://wiki.ros.org/tf/Errors%20explained
[cloud_adapter.py-4]          at line 294 in ./src/buffer_core.cpp
[cloud_adapter.py-4] Warning: TF_OLD_DATA ignoring data from the past for frame base_link at time 16.580000 according to authority default_authority
[cloud_adapter.py-4] Possible reasons are listed at http://wiki.ros.org/tf/Errors%20explained
[cloud_adapter.py-4]          at line 294 in ./src/buffer_core.cpp
[cloud_adapter.py-4] Warning: TF_OLD_DATA ignoring data from the past for frame base_link at time 16.600000 according to authority default_authority
[cloud_adapter.py-4] Possible reasons are listed at http://wiki.ros.org/tf/Errors%20explained
[cloud_adapter.py-4]          at line 294 in ./src/buffer_core.cpp
[cloud_adapter.py-4] Warning: TF_OLD_DATA ignoring data from the past for frame base_link at time 16.620000 according to authority default_authority
[cloud_adapter.py-4] Possible reasons are listed at http://wiki.ros.org/tf/Errors%20explained
[cloud_adapter.py-4]          at line 294 in ./src/buffer_core.cpp
[cloud_adapter.py-4] Warning: TF_OLD_DATA ignoring data from the past for frame base_link at time 16.640000 according to authority default_authority
[cloud_adapter.py-4] Possible reasons are listed at http://wiki.ros.org/tf/Errors%20explained
[cloud_adapter.py-4]          at line 294 in ./src/buffer_core.cpp
[cloud_adapter.py-4] Warning: TF_OLD_DATA ignoring data from the past for frame base_link at time 16.660000 according to authority default_authority
[cloud_adapter.py-4] Possible reasons are listed at http://wiki.ros.org/tf/Errors%20explained
[cloud_adapter.py-4]          at line 294 in ./src/buffer_core.cpp
[cloud_adapter.py-4] Warning: TF_OLD_DATA ignoring data from the past for frame base_link at time 16.680000 according to authority default_authority
[cloud_adapter.py-4] Possible reasons are listed at http://wiki.ros.org/tf/Errors%20explained
[cloud_adapter.py-4]          at line 294 in ./src/buffer_core.cpp
[cloud_adapter.py-4] Warning: TF_OLD_DATA ignoring data from the past for frame base_link at time 16.700000 according to authority default_authority
[cloud_adapter.py-4] Possible reasons are listed at http://wiki.ros.org/tf/Errors%20explained
[cloud_adapter.py-4]          at line 294 in ./src/buffer_core.cpp
[cloud_adapter.py-4] Warning: TF_OLD_DATA ignoring data from the past for frame base_link at time 16.720000 according to authority default_authority
[cloud_adapter.py-4] Possible reasons are listed at http://wiki.ros.org/tf/Errors%20explained
[cloud_adapter.py-4]          at line 294 in ./src/buffer_core.cpp
[cloud_adapter.py-4] Warning: TF_OLD_DATA ignoring data from the past for frame base_link at time 16.740000 according to authority default_authority
[cloud_adapter.py-4] Possible reasons are listed at http://wiki.ros.org/tf/Errors%20explained
[cloud_adapter.py-4]          at line 294 in ./src/buffer_core.cpp
[cloud_adapter.py-4] Warning: TF_OLD_DATA ignoring data from the past for frame base_link at time 16.760000 according to authority default_authority
[cloud_adapter.py-4] Possible reasons are listed at http://wiki.ros.org/tf/Errors%20explained
[cloud_adapter.py-4]          at line 294 in ./src/buffer_core.cpp
[cloud_adapter.py-4] Warning: TF_OLD_DATA ignoring data from the past for frame base_link at time 16.780000 according to authority default_authority
[cloud_adapter.py-4] Possible reasons are listed at http://wiki.ros.org/tf/Errors%20explained
[cloud_adapter.py-4]          at line 294 in ./src/buffer_core.cpp
[cloud_adapter.py-4] Warning: TF_OLD_DATA ignoring data from the past for frame base_link at time 16.800000 according to authority default_authority
[cloud_adapter.py-4] Possible reasons are listed at http://wiki.ros.org/tf/Errors%20explained
[cloud_adapter.py-4]          at line 294 in ./src/buffer_core.cpp
[cloud_adapter.py-4] Warning: TF_OLD_DATA ignoring data from the past for frame base_link at time 16.820000 according to authority default_authority
[cloud_adapter.py-4] Possible reasons are listed at http://wiki.ros.org/tf/Errors%20explained
[cloud_adapter.py-4]          at line 294 in ./src/buffer_core.cpp
[cloud_adapter.py-4] Warning: TF_OLD_DATA ignoring data from the past for frame base_link at time 16.840000 according to authority default_authority
[cloud_adapter.py-4] Possible reasons are listed at http://wiki.ros.org/tf/Errors%20explained
[cloud_adapter.py-4]          at line 294 in ./src/buffer_core.cpp
[cloud_adapter.py-4] Warning: TF_OLD_DATA ignoring data from the past for frame base_link at time 16.860000 according to authority default_authority
[cloud_adapter.py-4] Possible reasons are listed at http://wiki.ros.org/tf/Errors%20explained
[cloud_adapter.py-4]          at line 294 in ./src/buffer_core.cpp
[cloud_adapter.py-4] Warning: TF_OLD_DATA ignoring data from the past for frame base_link at time 16.880000 according to authority default_authority
[cloud_adapter.py-4] Possible reasons are listed at http://wiki.ros.org/tf/Errors%20explained
[cloud_adapter.py-4]          at line 294 in ./src/buffer_core.cpp
[cloud_adapter.py-4] Warning: TF_OLD_DATA ignoring data from the past for frame base_link at time 16.900000 according to authority default_authority
[cloud_adapter.py-4] Possible reasons are listed at http://wiki.ros.org/tf/Errors%20explained
[cloud_adapter.py-4]          at line 294 in ./src/buffer_core.cpp
[cloud_adapter.py-4] Warning: TF_OLD_DATA ignoring data from the past for frame base_link at time 16.920000 according to authority default_authority
[cloud_adapter.py-4] Possible reasons are listed at http://wiki.ros.org/tf/Errors%20explained
[cloud_adapter.py-4]          at line 294 in ./src/buffer_core.cpp
[cloud_adapter.py-4] Warning: TF_OLD_DATA ignoring data from the past for frame base_link at time 16.940000 according to authority default_authority
[cloud_adapter.py-4] Possible reasons are listed at http://wiki.ros.org/tf/Errors%20explained
[cloud_adapter.py-4]          at line 294 in ./src/buffer_core.cpp
[cloud_adapter.py-4] Warning: TF_OLD_DATA ignoring data from the past for frame base_link at time 16.960000 according to authority default_authority
[cloud_adapter.py-4] Possible reasons are listed at http://wiki.ros.org/tf/Errors%20explained
[cloud_adapter.py-4]          at line 294 in ./src/buffer_core.cpp
[cloud_adapter.py-4] Warning: TF_OLD_DATA ignoring data from the past for frame base_link at time 16.980000 according to authority default_authority
[cloud_adapter.py-4] Possible reasons are listed at http://wiki.ros.org/tf/Errors%20explained
[cloud_adapter.py-4]          at line 294 in ./src/buffer_core.cpp
[cloud_adapter.py-4] Warning: TF_OLD_DATA ignoring data from the past for frame base_link at time 17.000000 according to authority default_authority
[cloud_adapter.py-4] Possible reasons are listed at http://wiki.ros.org/tf/Errors%20explained
[cloud_adapter.py-4]          at line 294 in ./src/buffer_core.cpp
[cloud_adapter.py-4] Warning: TF_OLD_DATA ignoring data from the past for frame base_link at time 17.020000 according to authority default_authority
[cloud_adapter.py-4] Possible reasons are listed at http://wiki.ros.org/tf/Errors%20explained
[cloud_adapter.py-4]          at line 294 in ./src/buffer_core.cpp
[cloud_adapter.py-4] Warning: TF_OLD_DATA ignoring data from the past for frame base_link at time 17.040000 according to authority default_authority
[cloud_adapter.py-4] Possible reasons are listed at http://wiki.ros.org/tf/Errors%20explained
[cloud_adapter.py-4]          at line 294 in ./src/buffer_core.cpp
[cloud_adapter.py-4] Warning: TF_OLD_DATA ignoring data from the past for frame base_link at time 17.060000 according to authority default_authority
[cloud_adapter.py-4] Possible reasons are listed at http://wiki.ros.org/tf/Errors%20explained
[cloud_adapter.py-4]          at line 294 in ./src/buffer_core.cpp
[cloud_adapter.py-4] Warning: TF_OLD_DATA ignoring data from the past for frame base_link at time 17.080000 according to authority default_authority
[cloud_adapter.py-4] Possible reasons are listed at http://wiki.ros.org/tf/Errors%20explained
[cloud_adapter.py-4]          at line 294 in ./src/buffer_core.cpp
[cloud_adapter.py-4] Warning: TF_OLD_DATA ignoring data from the past for frame base_link at time 17.100000 according to authority default_authority
[cloud_adapter.py-4] Possible reasons are listed at http://wiki.ros.org/tf/Errors%20explained
[cloud_adapter.py-4]          at line 294 in ./src/buffer_core.cpp
[cloud_adapter.py-4] Warning: TF_OLD_DATA ignoring data from the past for frame base_link at time 17.120000 according to authority default_authority
[cloud_adapter.py-4] Possible reasons are listed at http://wiki.ros.org/tf/Errors%20explained
[cloud_adapter.py-4]          at line 294 in ./src/buffer_core.cpp
[cloud_adapter.py-4] Warning: TF_OLD_DATA ignoring data from the past for frame base_link at time 17.140000 according to authority default_authority
[cloud_adapter.py-4] Possible reasons are listed at http://wiki.ros.org/tf/Errors%20explained
[cloud_adapter.py-4]          at line 294 in ./src/buffer_core.cpp
[cloud_adapter.py-4] Warning: TF_OLD_DATA ignoring data from the past for frame base_link at time 17.160000 according to authority default_authority
[cloud_adapter.py-4] Possible reasons are listed at http://wiki.ros.org/tf/Errors%20explained
[cloud_adapter.py-4]          at line 294 in ./src/buffer_core.cpp
[cloud_adapter.py-4] Warning: TF_OLD_DATA ignoring data from the past for frame base_link at time 17.180000 according to authority default_authority
[cloud_adapter.py-4] Possible reasons are listed at http://wiki.ros.org/tf/Errors%20explained
[cloud_adapter.py-4]          at line 294 in ./src/buffer_core.cpp
[cloud_adapter.py-4] Warning: TF_OLD_DATA ignoring data from the past for frame base_link at time 17.200000 according to authority default_authority
[cloud_adapter.py-4] Possible reasons are listed at http://wiki.ros.org/tf/Errors%20explained
[cloud_adapter.py-4]          at line 294 in ./src/buffer_core.cpp
[cloud_adapter.py-4] Warning: TF_OLD_DATA ignoring data from the past for frame base_link at time 17.220000 according to authority default_authority
[cloud_adapter.py-4] Possible reasons are listed at http://wiki.ros.org/tf/Errors%20explained
[cloud_adapter.py-4]          at line 294 in ./src/buffer_core.cpp
[cloud_adapter.py-4] Warning: TF_OLD_DATA ignoring data from the past for frame base_link at time 17.240000 according to authority default_authority
[cloud_adapter.py-4] Possible reasons are listed at http://wiki.ros.org/tf/Errors%20explained
[cloud_adapter.py-4]          at line 294 in ./src/buffer_core.cpp
[cloud_adapter.py-4] Warning: TF_OLD_DATA ignoring data from the past for frame base_link at time 17.260000 according to authority default_authority
[cloud_adapter.py-4] Possible reasons are listed at http://wiki.ros.org/tf/Errors%20explained
[cloud_adapter.py-4]          at line 294 in ./src/buffer_core.cpp
[cloud_adapter.py-4] Warning: TF_OLD_DATA ignoring data from the past for frame base_link at time 17.280000 according to authority default_authority
[cloud_adapter.py-4] Possible reasons are listed at http://wiki.ros.org/tf/Errors%20explained
[cloud_adapter.py-4]          at line 294 in ./src/buffer_core.cpp
[cloud_adapter.py-4] Warning: TF_OLD_DATA ignoring data from the past for frame base_link at time 17.300000 according to authority default_authority
[cloud_adapter.py-4] Possible reasons are listed at http://wiki.ros.org/tf/Errors%20explained
[cloud_adapter.py-4]          at line 294 in ./src/buffer_core.cpp
[cloud_adapter.py-4] Warning: TF_OLD_DATA ignoring data from the past for frame base_link at time 17.320000 according to authority default_authority
[cloud_adapter.py-4] Possible reasons are listed at http://wiki.ros.org/tf/Errors%20explained
[cloud_adapter.py-4]          at line 294 in ./src/buffer_core.cpp
[cloud_adapter.py-4] Warning: TF_OLD_DATA ignoring data from the past for frame base_link at time 17.340000 according to authority default_authority
[cloud_adapter.py-4] Possible reasons are listed at http://wiki.ros.org/tf/Errors%20explained
[cloud_adapter.py-4]          at line 294 in ./src/buffer_core.cpp
[cloud_adapter.py-4] Warning: TF_OLD_DATA ignoring data from the past for frame base_link at time 17.360000 according to authority default_authority
[cloud_adapter.py-4] Possible reasons are listed at http://wiki.ros.org/tf/Errors%20explained
[cloud_adapter.py-4]          at line 294 in ./src/buffer_core.cpp
[cloud_adapter.py-4] Warning: TF_OLD_DATA ignoring data from the past for frame base_link at time 17.380000 according to authority default_authority
[cloud_adapter.py-4] Possible reasons are listed at http://wiki.ros.org/tf/Errors%20explained
[cloud_adapter.py-4]          at line 294 in ./src/buffer_core.cpp
[cloud_adapter.py-4] Warning: TF_OLD_DATA ignoring data from the past for frame base_link at time 17.400000 according to authority default_authority
[cloud_adapter.py-4] Possible reasons are listed at http://wiki.ros.org/tf/Errors%20explained
[cloud_adapter.py-4]          at line 294 in ./src/buffer_core.cpp
[cloud_adapter.py-4] Warning: TF_OLD_DATA ignoring data from the past for frame base_link at time 17.420000 according to authority default_authority
[cloud_adapter.py-4] Possible reasons are listed at http://wiki.ros.org/tf/Errors%20explained
[cloud_adapter.py-4]          at line 294 in ./src/buffer_core.cpp
[cloud_adapter.py-4] Warning: TF_OLD_DATA ignoring data from the past for frame base_link at time 17.440000 according to authority default_authority
[cloud_adapter.py-4] Possible reasons are listed at http://wiki.ros.org/tf/Errors%20explained
[cloud_adapter.py-4]          at line 294 in ./src/buffer_core.cpp
[cloud_adapter.py-4] Warning: TF_OLD_DATA ignoring data from the past for frame base_link at time 17.460000 according to authority default_authority
[cloud_adapter.py-4] Possible reasons are listed at http://wiki.ros.org/tf/Errors%20explained
[cloud_adapter.py-4]          at line 294 in ./src/buffer_core.cpp
[cloud_adapter.py-4] Warning: TF_OLD_DATA ignoring data from the past for frame base_link at time 17.480000 according to authority default_authority
[cloud_adapter.py-4] Possible reasons are listed at http://wiki.ros.org/tf/Errors%20explained
[cloud_adapter.py-4]          at line 294 in ./src/buffer_core.cpp
[cloud_adapter.py-4] Warning: TF_OLD_DATA ignoring data from the past for frame base_link at time 17.500000 according to authority default_authority
[cloud_adapter.py-4] Possible reasons are listed at http://wiki.ros.org/tf/Errors%20explained
[cloud_adapter.py-4]          at line 294 in ./src/buffer_core.cpp
[cloud_adapter.py-4] Warning: TF_OLD_DATA ignoring data from the past for frame base_link at time 17.520000 according to authority default_authority
[cloud_adapter.py-4] Possible reasons are listed at http://wiki.ros.org/tf/Errors%20explained
[cloud_adapter.py-4]          at line 294 in ./src/buffer_core.cpp
[cloud_adapter.py-4] Warning: TF_OLD_DATA ignoring data from the past for frame base_link at time 17.540000 according to authority default_authority
[cloud_adapter.py-4] Possible reasons are listed at http://wiki.ros.org/tf/Errors%20explained
[cloud_adapter.py-4]          at line 294 in ./src/buffer_core.cpp
[cloud_adapter.py-4] Warning: TF_OLD_DATA ignoring data from the past for frame base_link at time 17.560000 according to authority default_authority
[cloud_adapter.py-4] Possible reasons are listed at http://wiki.ros.org/tf/Errors%20explained
[cloud_adapter.py-4]          at line 294 in ./src/buffer_core.cpp
[cloud_adapter.py-4] Warning: TF_OLD_DATA ignoring data from the past for frame base_link at time 17.580000 according to authority default_authority
[cloud_adapter.py-4] Possible reasons are listed at http://wiki.ros.org/tf/Errors%20explained
[cloud_adapter.py-4]          at line 294 in ./src/buffer_core.cpp
[cloud_adapter.py-4] Warning: TF_OLD_DATA ignoring data from the past for frame base_link at time 17.600000 according to authority default_authority
[cloud_adapter.py-4] Possible reasons are listed at http://wiki.ros.org/tf/Errors%20explained
[cloud_adapter.py-4]          at line 294 in ./src/buffer_core.cpp
[cloud_adapter.py-4] Warning: TF_OLD_DATA ignoring data from the past for frame base_link at time 17.620000 according to authority default_authority
[cloud_adapter.py-4] Possible reasons are listed at http://wiki.ros.org/tf/Errors%20explained
[cloud_adapter.py-4]          at line 294 in ./src/buffer_core.cpp
[cloud_adapter.py-4] Warning: TF_OLD_DATA ignoring data from the past for frame base_link at time 17.640000 according to authority default_authority
[cloud_adapter.py-4] Possible reasons are listed at http://wiki.ros.org/tf/Errors%20explained
[cloud_adapter.py-4]          at line 294 in ./src/buffer_core.cpp
[cloud_adapter.py-4] Warning: TF_OLD_DATA ignoring data from the past for frame base_link at time 17.660000 according to authority default_authority
[cloud_adapter.py-4] Possible reasons are listed at http://wiki.ros.org/tf/Errors%20explained
[cloud_adapter.py-4]          at line 294 in ./src/buffer_core.cpp
[cloud_adapter.py-4] Warning: TF_OLD_DATA ignoring data from the past for frame base_link at time 17.680000 according to authority default_authority
[cloud_adapter.py-4] Possible reasons are listed at http://wiki.ros.org/tf/Errors%20explained
[cloud_adapter.py-4]          at line 294 in ./src/buffer_core.cpp
[cloud_adapter.py-4] Warning: TF_OLD_DATA ignoring data from the past for frame base_link at time 17.700000 according to authority default_authority
[cloud_adapter.py-4] Possible reasons are listed at http://wiki.ros.org/tf/Errors%20explained
[cloud_adapter.py-4]          at line 294 in ./src/buffer_core.cpp
[cloud_adapter.py-4] Warning: TF_OLD_DATA ignoring data from the past for frame base_link at time 17.720000 according to authority default_authority
[cloud_adapter.py-4] Possible reasons are listed at http://wiki.ros.org/tf/Errors%20explained
[cloud_adapter.py-4]          at line 294 in ./src/buffer_core.cpp
[cloud_adapter.py-4] Warning: TF_OLD_DATA ignoring data from the past for frame base_link at time 17.740000 according to authority default_authority
[cloud_adapter.py-4] Possible reasons are listed at http://wiki.ros.org/tf/Errors%20explained
[cloud_adapter.py-4]          at line 294 in ./src/buffer_core.cpp
[cloud_adapter.py-4] Warning: TF_OLD_DATA ignoring data from the past for frame base_link at time 17.760000 according to authority default_authority
[cloud_adapter.py-4] Possible reasons are listed at http://wiki.ros.org/tf/Errors%20explained
[cloud_adapter.py-4]          at line 294 in ./src/buffer_core.cpp
[cloud_adapter.py-4] Warning: TF_OLD_DATA ignoring data from the past for frame base_link at time 17.780000 according to authority default_authority
[cloud_adapter.py-4] Possible reasons are listed at http://wiki.ros.org/tf/Errors%20explained
[cloud_adapter.py-4]          at line 294 in ./src/buffer_core.cpp
[cloud_adapter.py-4] Warning: TF_OLD_DATA ignoring data from the past for frame base_link at time 17.800000 according to authority default_authority
[cloud_adapter.py-4] Possible reasons are listed at http://wiki.ros.org/tf/Errors%20explained
[cloud_adapter.py-4]          at line 294 in ./src/buffer_core.cpp
[cloud_adapter.py-4] Warning: TF_OLD_DATA ignoring data from the past for frame base_link at time 17.820000 according to authority default_authority
[cloud_adapter.py-4] Possible reasons are listed at http://wiki.ros.org/tf/Errors%20explained
[cloud_adapter.py-4]          at line 294 in ./src/buffer_core.cpp
[cloud_adapter.py-4] Warning: TF_OLD_DATA ignoring data from the past for frame base_link at time 17.840000 according to authority default_authority
[cloud_adapter.py-4] Possible reasons are listed at http://wiki.ros.org/tf/Errors%20explained
[cloud_adapter.py-4]          at line 294 in ./src/buffer_core.cpp
[cloud_adapter.py-4] Warning: TF_OLD_DATA ignoring data from the past for frame base_link at time 17.860000 according to authority default_authority
[cloud_adapter.py-4] Possible reasons are listed at http://wiki.ros.org/tf/Errors%20explained
[cloud_adapter.py-4]          at line 294 in ./src/buffer_core.cpp
[cloud_adapter.py-4] Warning: TF_OLD_DATA ignoring data from the past for frame base_link at time 17.880000 according to authority default_authority
[cloud_adapter.py-4] Possible reasons are listed at http://wiki.ros.org/tf/Errors%20explained
[cloud_adapter.py-4]          at line 294 in ./src/buffer_core.cpp
[cloud_adapter.py-4] Warning: TF_OLD_DATA ignoring data from the past for frame base_link at time 17.900000 according to authority default_authority
[cloud_adapter.py-4] Possible reasons are listed at http://wiki.ros.org/tf/Errors%20explained
[cloud_adapter.py-4]          at line 294 in ./src/buffer_core.cpp
[cloud_adapter.py-4] Warning: TF_OLD_DATA ignoring data from the past for frame base_link at time 17.920000 according to authority default_authority
[cloud_adapter.py-4] Possible reasons are listed at http://wiki.ros.org/tf/Errors%20explained
[cloud_adapter.py-4]          at line 294 in ./src/buffer_core.cpp
[cloud_adapter.py-4] Warning: TF_OLD_DATA ignoring data from the past for frame base_link at time 17.940000 according to authority default_authority
[cloud_adapter.py-4] Possible reasons are listed at http://wiki.ros.org/tf/Errors%20explained
[cloud_adapter.py-4]          at line 294 in ./src/buffer_core.cpp
[cloud_adapter.py-4] Warning: TF_OLD_DATA ignoring data from the past for frame base_link at time 17.960000 according to authority default_authority
[cloud_adapter.py-4] Possible reasons are listed at http://wiki.ros.org/tf/Errors%20explained
[cloud_adapter.py-4]          at line 294 in ./src/buffer_core.cpp
[cloud_adapter.py-4] Warning: TF_OLD_DATA ignoring data from the past for frame base_link at time 17.980000 according to authority default_authority
[cloud_adapter.py-4] Possible reasons are listed at http://wiki.ros.org/tf/Errors%20explained
[cloud_adapter.py-4]          at line 294 in ./src/buffer_core.cpp
[cloud_adapter.py-4] Warning: TF_OLD_DATA ignoring data from the past for frame base_link at time 18.000000 according to authority default_authority
[cloud_adapter.py-4] Possible reasons are listed at http://wiki.ros.org/tf/Errors%20explained
[cloud_adapter.py-4]          at line 294 in ./src/buffer_core.cpp
[cloud_adapter.py-4] Warning: TF_OLD_DATA ignoring data from the past for frame base_link at time 18.020000 according to authority default_authority
[cloud_adapter.py-4] Possible reasons are listed at http://wiki.ros.org/tf/Errors%20explained
[cloud_adapter.py-4]          at line 294 in ./src/buffer_core.cpp
[cloud_adapter.py-4] Warning: TF_OLD_DATA ignoring data from the past for frame base_link at time 18.040000 according to authority default_authority
[cloud_adapter.py-4] Possible reasons are listed at http://wiki.ros.org/tf/Errors%20explained
[cloud_adapter.py-4]          at line 294 in ./src/buffer_core.cpp
[cloud_adapter.py-4] Warning: TF_OLD_DATA ignoring data from the past for frame base_link at time 18.060000 according to authority default_authority
[cloud_adapter.py-4] Possible reasons are listed at http://wiki.ros.org/tf/Errors%20explained
[cloud_adapter.py-4]          at line 294 in ./src/buffer_core.cpp
[cloud_adapter.py-4] Warning: TF_OLD_DATA ignoring data from the past for frame base_link at time 18.080000 according to authority default_authority
[cloud_adapter.py-4] Possible reasons are listed at http://wiki.ros.org/tf/Errors%20explained
[cloud_adapter.py-4]          at line 294 in ./src/buffer_core.cpp
[cloud_adapter.py-4] Warning: TF_OLD_DATA ignoring data from the past for frame base_link at time 18.100000 according to authority default_authority
[cloud_adapter.py-4] Possible reasons are listed at http://wiki.ros.org/tf/Errors%20explained
[cloud_adapter.py-4]          at line 294 in ./src/buffer_core.cpp
[cloud_adapter.py-4] Warning: TF_OLD_DATA ignoring data from the past for frame base_link at time 18.120000 according to authority default_authority
[cloud_adapter.py-4] Possible reasons are listed at http://wiki.ros.org/tf/Errors%20explained
[cloud_adapter.py-4]          at line 294 in ./src/buffer_core.cpp
[cloud_adapter.py-4] Warning: TF_OLD_DATA ignoring data from the past for frame base_link at time 18.140000 according to authority default_authority
[cloud_adapter.py-4] Possible reasons are listed at http://wiki.ros.org/tf/Errors%20explained
[cloud_adapter.py-4]          at line 294 in ./src/buffer_core.cpp
[cloud_adapter.py-4] Warning: TF_OLD_DATA ignoring data from the past for frame base_link at time 18.160000 according to authority default_authority
[cloud_adapter.py-4] Possible reasons are listed at http://wiki.ros.org/tf/Errors%20explained
[cloud_adapter.py-4]          at line 294 in ./src/buffer_core.cpp
[cloud_adapter.py-4] Warning: TF_OLD_DATA ignoring data from the past for frame base_link at time 18.180000 according to authority default_authority
[cloud_adapter.py-4] Possible reasons are listed at http://wiki.ros.org/tf/Errors%20explained
[cloud_adapter.py-4]          at line 294 in ./src/buffer_core.cpp
[cloud_adapter.py-4] Warning: TF_OLD_DATA ignoring data from the past for frame base_link at time 18.200000 according to authority default_authority
[cloud_adapter.py-4] Possible reasons are listed at http://wiki.ros.org/tf/Errors%20explained
[cloud_adapter.py-4]          at line 294 in ./src/buffer_core.cpp
[cloud_adapter.py-4] Warning: TF_OLD_DATA ignoring data from the past for frame base_link at time 18.220000 according to authority default_authority
[cloud_adapter.py-4] Possible reasons are listed at http://wiki.ros.org/tf/Errors%20explained
[cloud_adapter.py-4]          at line 294 in ./src/buffer_core.cpp
[cloud_adapter.py-4] Warning: TF_OLD_DATA ignoring data from the past for frame base_link at time 18.240000 according to authority default_authority
[cloud_adapter.py-4] Possible reasons are listed at http://wiki.ros.org/tf/Errors%20explained
[cloud_adapter.py-4]          at line 294 in ./src/buffer_core.cpp
[cloud_adapter.py-4] Warning: TF_OLD_DATA ignoring data from the past for frame base_link at time 18.260000 according to authority default_authority
[cloud_adapter.py-4] Possible reasons are listed at http://wiki.ros.org/tf/Errors%20explained
[cloud_adapter.py-4]          at line 294 in ./src/buffer_core.cpp
[cloud_adapter.py-4] Warning: TF_OLD_DATA ignoring data from the past for frame base_link at time 18.280000 according to authority default_authority
[cloud_adapter.py-4] Possible reasons are listed at http://wiki.ros.org/tf/Errors%20explained
[cloud_adapter.py-4]          at line 294 in ./src/buffer_core.cpp
[cloud_adapter.py-4] Warning: TF_OLD_DATA ignoring data from the past for frame base_link at time 18.300000 according to authority default_authority
[cloud_adapter.py-4] Possible reasons are listed at http://wiki.ros.org/tf/Errors%20explained
[cloud_adapter.py-4]          at line 294 in ./src/buffer_core.cpp
[cloud_adapter.py-4] Warning: TF_OLD_DATA ignoring data from the past for frame base_link at time 18.320000 according to authority default_authority
[cloud_adapter.py-4] Possible reasons are listed at http://wiki.ros.org/tf/Errors%20explained
[cloud_adapter.py-4]          at line 294 in ./src/buffer_core.cpp
[cloud_adapter.py-4] Warning: TF_OLD_DATA ignoring data from the past for frame base_link at time 18.340000 according to authority default_authority
[cloud_adapter.py-4] Possible reasons are listed at http://wiki.ros.org/tf/Errors%20explained
[cloud_adapter.py-4]          at line 294 in ./src/buffer_core.cpp
[cloud_adapter.py-4] Warning: TF_OLD_DATA ignoring data from the past for frame base_link at time 18.360000 according to authority default_authority
[cloud_adapter.py-4] Possible reasons are listed at http://wiki.ros.org/tf/Errors%20explained
[cloud_adapter.py-4]          at line 294 in ./src/buffer_core.cpp
[cloud_adapter.py-4] Warning: TF_OLD_DATA ignoring data from the past for frame base_link at time 18.380000 according to authority default_authority
[cloud_adapter.py-4] Possible reasons are listed at http://wiki.ros.org/tf/Errors%20explained
[cloud_adapter.py-4]          at line 294 in ./src/buffer_core.cpp
[cloud_adapter.py-4] Warning: TF_OLD_DATA ignoring data from the past for frame base_link at time 18.400000 according to authority default_authority
[cloud_adapter.py-4] Possible reasons are listed at http://wiki.ros.org/tf/Errors%20explained
[cloud_adapter.py-4]          at line 294 in ./src/buffer_core.cpp
[cloud_adapter.py-4] Warning: TF_OLD_DATA ignoring data from the past for frame base_link at time 18.420000 according to authority default_authority
[cloud_adapter.py-4] Possible reasons are listed at http://wiki.ros.org/tf/Errors%20explained
[cloud_adapter.py-4]          at line 294 in ./src/buffer_core.cpp
[cloud_adapter.py-4] Warning: TF_OLD_DATA ignoring data from the past for frame base_link at time 18.440000 according to authority default_authority
[cloud_adapter.py-4] Possible reasons are listed at http://wiki.ros.org/tf/Errors%20explained
[cloud_adapter.py-4]          at line 294 in ./src/buffer_core.cpp
[cloud_adapter.py-4] Warning: TF_OLD_DATA ignoring data from the past for frame base_link at time 18.460000 according to authority default_authority
[cloud_adapter.py-4] Possible reasons are listed at http://wiki.ros.org/tf/Errors%20explained
[cloud_adapter.py-4]          at line 294 in ./src/buffer_core.cpp
[cloud_adapter.py-4] Warning: TF_OLD_DATA ignoring data from the past for frame base_link at time 18.480000 according to authority default_authority
[cloud_adapter.py-4] Possible reasons are listed at http://wiki.ros.org/tf/Errors%20explained
[cloud_adapter.py-4]          at line 294 in ./src/buffer_core.cpp
[cloud_adapter.py-4] Warning: TF_OLD_DATA ignoring data from the past for frame base_link at time 18.500000 according to authority default_authority
[cloud_adapter.py-4] Possible reasons are listed at http://wiki.ros.org/tf/Errors%20explained
[cloud_adapter.py-4]          at line 294 in ./src/buffer_core.cpp
[cloud_adapter.py-4] Warning: TF_OLD_DATA ignoring data from the past for frame base_link at time 18.520000 according to authority default_authority
[cloud_adapter.py-4] Possible reasons are listed at http://wiki.ros.org/tf/Errors%20explained
[cloud_adapter.py-4]          at line 294 in ./src/buffer_core.cpp
[cloud_adapter.py-4] Warning: TF_OLD_DATA ignoring data from the past for frame base_link at time 18.540000 according to authority default_authority
[cloud_adapter.py-4] Possible reasons are listed at http://wiki.ros.org/tf/Errors%20explained
[cloud_adapter.py-4]          at line 294 in ./src/buffer_core.cpp
[cloud_adapter.py-4] Warning: TF_OLD_DATA ignoring data from the past for frame base_link at time 18.560000 according to authority default_authority
[cloud_adapter.py-4] Possible reasons are listed at http://wiki.ros.org/tf/Errors%20explained
[cloud_adapter.py-4]          at line 294 in ./src/buffer_core.cpp
[cloud_adapter.py-4] Warning: TF_OLD_DATA ignoring data from the past for frame base_link at time 18.580000 according to authority default_authority
[cloud_adapter.py-4] Possible reasons are listed at http://wiki.ros.org/tf/Errors%20explained
[cloud_adapter.py-4]          at line 294 in ./src/buffer_core.cpp
[cloud_adapter.py-4] Warning: TF_OLD_DATA ignoring data from the past for frame base_link at time 18.600000 according to authority default_authority
[cloud_adapter.py-4] Possible reasons are listed at http://wiki.ros.org/tf/Errors%20explained
[cloud_adapter.py-4]          at line 294 in ./src/buffer_core.cpp
[cloud_adapter.py-4] Warning: TF_OLD_DATA ignoring data from the past for frame base_link at time 18.620000 according to authority default_authority
[cloud_adapter.py-4] Possible reasons are listed at http://wiki.ros.org/tf/Errors%20explained
[cloud_adapter.py-4]          at line 294 in ./src/buffer_core.cpp
[cloud_adapter.py-4] Warning: TF_OLD_DATA ignoring data from the past for frame base_link at time 18.640000 according to authority default_authority
[cloud_adapter.py-4] Possible reasons are listed at http://wiki.ros.org/tf/Errors%20explained
[cloud_adapter.py-4]          at line 294 in ./src/buffer_core.cpp
[cloud_adapter.py-4] Warning: TF_OLD_DATA ignoring data from the past for frame base_link at time 18.660000 according to authority default_authority
[cloud_adapter.py-4] Possible reasons are listed at http://wiki.ros.org/tf/Errors%20explained
[cloud_adapter.py-4]          at line 294 in ./src/buffer_core.cpp
[cloud_adapter.py-4] Warning: TF_OLD_DATA ignoring data from the past for frame base_link at time 18.680000 according to authority default_authority
[cloud_adapter.py-4] Possible reasons are listed at http://wiki.ros.org/tf/Errors%20explained
[cloud_adapter.py-4]          at line 294 in ./src/buffer_core.cpp
[cloud_adapter.py-4] Warning: TF_OLD_DATA ignoring data from the past for frame base_link at time 18.700000 according to authority default_authority
[cloud_adapter.py-4] Possible reasons are listed at http://wiki.ros.org/tf/Errors%20explained
[cloud_adapter.py-4]          at line 294 in ./src/buffer_core.cpp
[cloud_adapter.py-4] Warning: TF_OLD_DATA ignoring data from the past for frame base_link at time 18.720000 according to authority default_authority
[cloud_adapter.py-4] Possible reasons are listed at http://wiki.ros.org/tf/Errors%20explained
[cloud_adapter.py-4]          at line 294 in ./src/buffer_core.cpp
[cloud_adapter.py-4] Warning: TF_OLD_DATA ignoring data from the past for frame base_link at time 18.740000 according to authority default_authority
[cloud_adapter.py-4] Possible reasons are listed at http://wiki.ros.org/tf/Errors%20explained
[cloud_adapter.py-4]          at line 294 in ./src/buffer_core.cpp
[cloud_adapter.py-4] Warning: TF_OLD_DATA ignoring data from the past for frame base_link at time 18.760000 according to authority default_authority
[cloud_adapter.py-4] Possible reasons are listed at http://wiki.ros.org/tf/Errors%20explained
[cloud_adapter.py-4]          at line 294 in ./src/buffer_core.cpp
[cloud_adapter.py-4] Warning: TF_OLD_DATA ignoring data from the past for frame base_link at time 18.780000 according to authority default_authority
[cloud_adapter.py-4] Possible reasons are listed at http://wiki.ros.org/tf/Errors%20explained
[cloud_adapter.py-4]          at line 294 in ./src/buffer_core.cpp
[cloud_adapter.py-4] Warning: TF_OLD_DATA ignoring data from the past for frame base_link at time 18.800000 according to authority default_authority
[cloud_adapter.py-4] Possible reasons are listed at http://wiki.ros.org/tf/Errors%20explained
[cloud_adapter.py-4]          at line 294 in ./src/buffer_core.cpp
[cloud_adapter.py-4] Warning: TF_OLD_DATA ignoring data from the past for frame base_link at time 18.820000 according to authority default_authority
[cloud_adapter.py-4] Possible reasons are listed at http://wiki.ros.org/tf/Errors%20explained
[cloud_adapter.py-4]          at line 294 in ./src/buffer_core.cpp
[cloud_adapter.py-4] Warning: TF_OLD_DATA ignoring data from the past for frame base_link at time 18.840000 according to authority default_authority
[cloud_adapter.py-4] Possible reasons are listed at http://wiki.ros.org/tf/Errors%20explained
[cloud_adapter.py-4]          at line 294 in ./src/buffer_core.cpp
[cloud_adapter.py-4] Warning: TF_OLD_DATA ignoring data from the past for frame base_link at time 18.860000 according to authority default_authority
[cloud_adapter.py-4] Possible reasons are listed at http://wiki.ros.org/tf/Errors%20explained
[cloud_adapter.py-4]          at line 294 in ./src/buffer_core.cpp
[cloud_adapter.py-4] Warning: TF_OLD_DATA ignoring data from the past for frame base_link at time 18.880000 according to authority default_authority
[cloud_adapter.py-4] Possible reasons are listed at http://wiki.ros.org/tf/Errors%20explained
[cloud_adapter.py-4]          at line 294 in ./src/buffer_core.cpp
[cloud_adapter.py-4] Warning: TF_OLD_DATA ignoring data from the past for frame base_link at time 18.900000 according to authority default_authority
[cloud_adapter.py-4] Possible reasons are listed at http://wiki.ros.org/tf/Errors%20explained
[cloud_adapter.py-4]          at line 294 in ./src/buffer_core.cpp
[cloud_adapter.py-4] Warning: TF_OLD_DATA ignoring data from the past for frame base_link at time 18.920000 according to authority default_authority
[cloud_adapter.py-4] Possible reasons are listed at http://wiki.ros.org/tf/Errors%20explained
[cloud_adapter.py-4]          at line 294 in ./src/buffer_core.cpp
[cloud_adapter.py-4] Warning: TF_OLD_DATA ignoring data from the past for frame base_link at time 18.940000 according to authority default_authority
[cloud_adapter.py-4] Possible reasons are listed at http://wiki.ros.org/tf/Errors%20explained
[cloud_adapter.py-4]          at line 294 in ./src/buffer_core.cpp
[cloud_adapter.py-4] Warning: TF_OLD_DATA ignoring data from the past for frame base_link at time 18.960000 according to authority default_authority
[cloud_adapter.py-4] Possible reasons are listed at http://wiki.ros.org/tf/Errors%20explained
[cloud_adapter.py-4]          at line 294 in ./src/buffer_core.cpp
[cloud_adapter.py-4] Warning: TF_OLD_DATA ignoring data from the past for frame base_link at time 18.980000 according to authority default_authority
[cloud_adapter.py-4] Possible reasons are listed at http://wiki.ros.org/tf/Errors%20explained
[cloud_adapter.py-4]          at line 294 in ./src/buffer_core.cpp
[cloud_adapter.py-4] Warning: TF_OLD_DATA ignoring data from the past for frame base_link at time 19.000000 according to authority default_authority
[cloud_adapter.py-4] Possible reasons are listed at http://wiki.ros.org/tf/Errors%20explained
[cloud_adapter.py-4]          at line 294 in ./src/buffer_core.cpp
[cloud_adapter.py-4] Warning: TF_OLD_DATA ignoring data from the past for frame base_link at time 19.020000 according to authority default_authority
[cloud_adapter.py-4] Possible reasons are listed at http://wiki.ros.org/tf/Errors%20explained
[cloud_adapter.py-4]          at line 294 in ./src/buffer_core.cpp
[cloud_adapter.py-4] Warning: TF_OLD_DATA ignoring data from the past for frame base_link at time 19.040000 according to authority default_authority
[cloud_adapter.py-4] Possible reasons are listed at http://wiki.ros.org/tf/Errors%20explained
[cloud_adapter.py-4]          at line 294 in ./src/buffer_core.cpp
[cloud_adapter.py-4] Warning: TF_OLD_DATA ignoring data from the past for frame base_link at time 19.060000 according to authority default_authority
[cloud_adapter.py-4] Possible reasons are listed at http://wiki.ros.org/tf/Errors%20explained
[cloud_adapter.py-4]          at line 294 in ./src/buffer_core.cpp
[cloud_adapter.py-4] Warning: TF_OLD_DATA ignoring data from the past for frame base_link at time 19.080000 according to authority default_authority
[cloud_adapter.py-4] Possible reasons are listed at http://wiki.ros.org/tf/Errors%20explained
[cloud_adapter.py-4]          at line 294 in ./src/buffer_core.cpp
[cloud_adapter.py-4] Warning: TF_OLD_DATA ignoring data from the past for frame base_link at time 19.100000 according to authority default_authority
[cloud_adapter.py-4] Possible reasons are listed at http://wiki.ros.org/tf/Errors%20explained
[cloud_adapter.py-4]          at line 294 in ./src/buffer_core.cpp
[cloud_adapter.py-4] Warning: TF_OLD_DATA ignoring data from the past for frame base_link at time 19.120000 according to authority default_authority
[cloud_adapter.py-4] Possible reasons are listed at http://wiki.ros.org/tf/Errors%20explained
[cloud_adapter.py-4]          at line 294 in ./src/buffer_core.cpp
[cloud_adapter.py-4] Warning: TF_OLD_DATA ignoring data from the past for frame base_link at time 19.140000 according to authority default_authority
[cloud_adapter.py-4] Possible reasons are listed at http://wiki.ros.org/tf/Errors%20explained
[cloud_adapter.py-4]          at line 294 in ./src/buffer_core.cpp
[cloud_adapter.py-4] Warning: TF_OLD_DATA ignoring data from the past for frame base_link at time 19.160000 according to authority default_authority
[cloud_adapter.py-4] Possible reasons are listed at http://wiki.ros.org/tf/Errors%20explained
[cloud_adapter.py-4]          at line 294 in ./src/buffer_core.cpp
[cloud_adapter.py-4] Warning: TF_OLD_DATA ignoring data from the past for frame base_link at time 19.180000 according to authority default_authority
[cloud_adapter.py-4] Possible reasons are listed at http://wiki.ros.org/tf/Errors%20explained
[cloud_adapter.py-4]          at line 294 in ./src/buffer_core.cpp
[cloud_adapter.py-4] Warning: TF_OLD_DATA ignoring data from the past for frame base_link at time 19.200000 according to authority default_authority
[cloud_adapter.py-4] Possible reasons are listed at http://wiki.ros.org/tf/Errors%20explained
[cloud_adapter.py-4]          at line 294 in ./src/buffer_core.cpp
[cloud_adapter.py-4] Warning: TF_OLD_DATA ignoring data from the past for frame base_link at time 19.220000 according to authority default_authority
[cloud_adapter.py-4] Possible reasons are listed at http://wiki.ros.org/tf/Errors%20explained
[cloud_adapter.py-4]          at line 294 in ./src/buffer_core.cpp
[cloud_adapter.py-4] Warning: TF_OLD_DATA ignoring data from the past for frame base_link at time 19.240000 according to authority default_authority
[cloud_adapter.py-4] Possible reasons are listed at http://wiki.ros.org/tf/Errors%20explained
[cloud_adapter.py-4]          at line 294 in ./src/buffer_core.cpp
[cloud_adapter.py-4] Warning: TF_OLD_DATA ignoring data from the past for frame base_link at time 19.260000 according to authority default_authority
[cloud_adapter.py-4] Possible reasons are listed at http://wiki.ros.org/tf/Errors%20explained
[cloud_adapter.py-4]          at line 294 in ./src/buffer_core.cpp
[cloud_adapter.py-4] Warning: TF_OLD_DATA ignoring data from the past for frame base_link at time 19.280000 according to authority default_authority
[cloud_adapter.py-4] Possible reasons are listed at http://wiki.ros.org/tf/Errors%20explained
[cloud_adapter.py-4]          at line 294 in ./src/buffer_core.cpp
[cloud_adapter.py-4] Warning: TF_OLD_DATA ignoring data from the past for frame base_link at time 19.300000 according to authority default_authority
[cloud_adapter.py-4] Possible reasons are listed at http://wiki.ros.org/tf/Errors%20explained
[cloud_adapter.py-4]          at line 294 in ./src/buffer_core.cpp
[cloud_adapter.py-4] Warning: TF_OLD_DATA ignoring data from the past for frame base_link at time 19.320000 according to authority default_authority
[cloud_adapter.py-4] Possible reasons are listed at http://wiki.ros.org/tf/Errors%20explained
[cloud_adapter.py-4]          at line 294 in ./src/buffer_core.cpp
[cloud_adapter.py-4] Warning: TF_OLD_DATA ignoring data from the past for frame base_link at time 19.340000 according to authority default_authority
[cloud_adapter.py-4] Possible reasons are listed at http://wiki.ros.org/tf/Errors%20explained
[cloud_adapter.py-4]          at line 294 in ./src/buffer_core.cpp
[cloud_adapter.py-4] Warning: TF_OLD_DATA ignoring data from the past for frame base_link at time 19.360000 according to authority default_authority
[cloud_adapter.py-4] Possible reasons are listed at http://wiki.ros.org/tf/Errors%20explained
[cloud_adapter.py-4]          at line 294 in ./src/buffer_core.cpp
[cloud_adapter.py-4] Warning: TF_OLD_DATA ignoring data from the past for frame base_link at time 19.380000 according to authority default_authority
[cloud_adapter.py-4] Possible reasons are listed at http://wiki.ros.org/tf/Errors%20explained
[cloud_adapter.py-4]          at line 294 in ./src/buffer_core.cpp
[cloud_adapter.py-4] Warning: TF_OLD_DATA ignoring data from the past for frame base_link at time 19.400000 according to authority default_authority
[cloud_adapter.py-4] Possible reasons are listed at http://wiki.ros.org/tf/Errors%20explained
[cloud_adapter.py-4]          at line 294 in ./src/buffer_core.cpp
[cloud_adapter.py-4] Warning: TF_OLD_DATA ignoring data from the past for frame base_link at time 19.420000 according to authority default_authority
[cloud_adapter.py-4] Possible reasons are listed at http://wiki.ros.org/tf/Errors%20explained
[cloud_adapter.py-4]          at line 294 in ./src/buffer_core.cpp
[cloud_adapter.py-4] Warning: TF_OLD_DATA ignoring data from the past for frame base_link at time 19.440000 according to authority default_authority
[cloud_adapter.py-4] Possible reasons are listed at http://wiki.ros.org/tf/Errors%20explained
[cloud_adapter.py-4]          at line 294 in ./src/buffer_core.cpp
[cloud_adapter.py-4] Warning: TF_OLD_DATA ignoring data from the past for frame base_link at time 19.460000 according to authority default_authority
[cloud_adapter.py-4] Possible reasons are listed at http://wiki.ros.org/tf/Errors%20explained
[cloud_adapter.py-4]          at line 294 in ./src/buffer_core.cpp
[cloud_adapter.py-4] Warning: TF_OLD_DATA ignoring data from the past for frame base_link at time 19.480000 according to authority default_authority
[cloud_adapter.py-4] Possible reasons are listed at http://wiki.ros.org/tf/Errors%20explained
[cloud_adapter.py-4]          at line 294 in ./src/buffer_core.cpp
[cloud_adapter.py-4] Warning: TF_OLD_DATA ignoring data from the past for frame base_link at time 19.500000 according to authority default_authority
[cloud_adapter.py-4] Possible reasons are listed at http://wiki.ros.org/tf/Errors%20explained
[cloud_adapter.py-4]          at line 294 in ./src/buffer_core.cpp
[cloud_adapter.py-4] Warning: TF_OLD_DATA ignoring data from the past for frame base_link at time 19.520000 according to authority default_authority
[cloud_adapter.py-4] Possible reasons are listed at http://wiki.ros.org/tf/Errors%20explained
[cloud_adapter.py-4]          at line 294 in ./src/buffer_core.cpp
[cloud_adapter.py-4] Warning: TF_OLD_DATA ignoring data from the past for frame base_link at time 19.540000 according to authority default_authority
[cloud_adapter.py-4] Possible reasons are listed at http://wiki.ros.org/tf/Errors%20explained
[cloud_adapter.py-4]          at line 294 in ./src/buffer_core.cpp
[cloud_adapter.py-4] Warning: TF_OLD_DATA ignoring data from the past for frame base_link at time 19.560000 according to authority default_authority
[cloud_adapter.py-4] Possible reasons are listed at http://wiki.ros.org/tf/Errors%20explained
[cloud_adapter.py-4]          at line 294 in ./src/buffer_core.cpp
[cloud_adapter.py-4] Warning: TF_OLD_DATA ignoring data from the past for frame base_link at time 19.580000 according to authority default_authority
[cloud_adapter.py-4] Possible reasons are listed at http://wiki.ros.org/tf/Errors%20explained
[cloud_adapter.py-4]          at line 294 in ./src/buffer_core.cpp
[cloud_adapter.py-4] Warning: TF_OLD_DATA ignoring data from the past for frame base_link at time 19.600000 according to authority default_authority
[cloud_adapter.py-4] Possible reasons are listed at http://wiki.ros.org/tf/Errors%20explained
[cloud_adapter.py-4]          at line 294 in ./src/buffer_core.cpp
[cloud_adapter.py-4] Warning: TF_OLD_DATA ignoring data from the past for frame base_link at time 19.620000 according to authority default_authority
[cloud_adapter.py-4] Possible reasons are listed at http://wiki.ros.org/tf/Errors%20explained
[cloud_adapter.py-4]          at line 294 in ./src/buffer_core.cpp
[cloud_adapter.py-4] Warning: TF_OLD_DATA ignoring data from the past for frame base_link at time 19.640000 according to authority default_authority
[cloud_adapter.py-4] Possible reasons are listed at http://wiki.ros.org/tf/Errors%20explained
[cloud_adapter.py-4]          at line 294 in ./src/buffer_core.cpp
[cloud_adapter.py-4] Warning: TF_OLD_DATA ignoring data from the past for frame base_link at time 19.660000 according to authority default_authority
[cloud_adapter.py-4] Possible reasons are listed at http://wiki.ros.org/tf/Errors%20explained
[cloud_adapter.py-4]          at line 294 in ./src/buffer_core.cpp
[cloud_adapter.py-4] Warning: TF_OLD_DATA ignoring data from the past for frame base_link at time 19.680000 according to authority default_authority
[cloud_adapter.py-4] Possible reasons are listed at http://wiki.ros.org/tf/Errors%20explained
[cloud_adapter.py-4]          at line 294 in ./src/buffer_core.cpp
[cloud_adapter.py-4] Warning: TF_OLD_DATA ignoring data from the past for frame base_link at time 19.700000 according to authority default_authority
[cloud_adapter.py-4] Possible reasons are listed at http://wiki.ros.org/tf/Errors%20explained
[cloud_adapter.py-4]          at line 294 in ./src/buffer_core.cpp
[cloud_adapter.py-4] Warning: TF_OLD_DATA ignoring data from the past for frame base_link at time 19.720000 according to authority default_authority
[cloud_adapter.py-4] Possible reasons are listed at http://wiki.ros.org/tf/Errors%20explained
[cloud_adapter.py-4]          at line 294 in ./src/buffer_core.cpp
[cloud_adapter.py-4] Warning: TF_OLD_DATA ignoring data from the past for frame base_link at time 19.740000 according to authority default_authority
[cloud_adapter.py-4] Possible reasons are listed at http://wiki.ros.org/tf/Errors%20explained
[cloud_adapter.py-4]          at line 294 in ./src/buffer_core.cpp
[cloud_adapter.py-4] Warning: TF_OLD_DATA ignoring data from the past for frame base_link at time 19.760000 according to authority default_authority
[cloud_adapter.py-4] Possible reasons are listed at http://wiki.ros.org/tf/Errors%20explained
[cloud_adapter.py-4]          at line 294 in ./src/buffer_core.cpp
[cloud_adapter.py-4] Warning: TF_OLD_DATA ignoring data from the past for frame base_link at time 19.780000 according to authority default_authority
[cloud_adapter.py-4] Possible reasons are listed at http://wiki.ros.org/tf/Errors%20explained
[cloud_adapter.py-4]          at line 294 in ./src/buffer_core.cpp
[cloud_adapter.py-4] Warning: TF_OLD_DATA ignoring data from the past for frame base_link at time 19.800000 according to authority default_authority
[cloud_adapter.py-4] Possible reasons are listed at http://wiki.ros.org/tf/Errors%20explained
[cloud_adapter.py-4]          at line 294 in ./src/buffer_core.cpp
[cloud_adapter.py-4] Warning: TF_OLD_DATA ignoring data from the past for frame base_link at time 19.820000 according to authority default_authority
[cloud_adapter.py-4] Possible reasons are listed at http://wiki.ros.org/tf/Errors%20explained
[cloud_adapter.py-4]          at line 294 in ./src/buffer_core.cpp
[cloud_adapter.py-4] Warning: TF_OLD_DATA ignoring data from the past for frame base_link at time 19.840000 according to authority default_authority
[cloud_adapter.py-4] Possible reasons are listed at http://wiki.ros.org/tf/Errors%20explained
[cloud_adapter.py-4]          at line 294 in ./src/buffer_core.cpp
[cloud_adapter.py-4] Warning: TF_OLD_DATA ignoring data from the past for frame base_link at time 19.860000 according to authority default_authority
[cloud_adapter.py-4] Possible reasons are listed at http://wiki.ros.org/tf/Errors%20explained
[cloud_adapter.py-4]          at line 294 in ./src/buffer_core.cpp
[cloud_adapter.py-4] Warning: TF_OLD_DATA ignoring data from the past for frame base_link at time 19.880000 according to authority default_authority
[cloud_adapter.py-4] Possible reasons are listed at http://wiki.ros.org/tf/Errors%20explained
[cloud_adapter.py-4]          at line 294 in ./src/buffer_core.cpp
[cloud_adapter.py-4] Warning: TF_OLD_DATA ignoring data from the past for frame base_link at time 19.900000 according to authority default_authority
[cloud_adapter.py-4] Possible reasons are listed at http://wiki.ros.org/tf/Errors%20explained
[cloud_adapter.py-4]          at line 294 in ./src/buffer_core.cpp
[cloud_adapter.py-4] Warning: TF_OLD_DATA ignoring data from the past for frame base_link at time 19.920000 according to authority default_authority
[cloud_adapter.py-4] Possible reasons are listed at http://wiki.ros.org/tf/Errors%20explained
[cloud_adapter.py-4]          at line 294 in ./src/buffer_core.cpp
[cloud_adapter.py-4] Warning: TF_OLD_DATA ignoring data from the past for frame base_link at time 19.940000 according to authority default_authority
[cloud_adapter.py-4] Possible reasons are listed at http://wiki.ros.org/tf/Errors%20explained
[cloud_adapter.py-4]          at line 294 in ./src/buffer_core.cpp
[cloud_adapter.py-4] Warning: TF_OLD_DATA ignoring data from the past for frame base_link at time 19.960000 according to authority default_authority
[cloud_adapter.py-4] Possible reasons are listed at http://wiki.ros.org/tf/Errors%20explained
[cloud_adapter.py-4]          at line 294 in ./src/buffer_core.cpp
[cloud_adapter.py-4] Warning: TF_OLD_DATA ignoring data from the past for frame base_link at time 19.980000 according to authority default_authority
[cloud_adapter.py-4] Possible reasons are listed at http://wiki.ros.org/tf/Errors%20explained
[cloud_adapter.py-4]          at line 294 in ./src/buffer_core.cpp
[cloud_adapter.py-4] Warning: TF_OLD_DATA ignoring data from the past for frame base_link at time 20.000000 according to authority default_authority
[cloud_adapter.py-4] Possible reasons are listed at http://wiki.ros.org/tf/Errors%20explained
[cloud_adapter.py-4]          at line 294 in ./src/buffer_core.cpp
[cloud_adapter.py-4] Warning: TF_OLD_DATA ignoring data from the past for frame base_link at time 20.020000 according to authority default_authority
[cloud_adapter.py-4] Possible reasons are listed at http://wiki.ros.org/tf/Errors%20explained
[cloud_adapter.py-4]          at line 294 in ./src/buffer_core.cpp
[cloud_adapter.py-4] Warning: TF_OLD_DATA ignoring data from the past for frame base_link at time 20.040000 according to authority default_authority
[cloud_adapter.py-4] Possible reasons are listed at http://wiki.ros.org/tf/Errors%20explained
[cloud_adapter.py-4]          at line 294 in ./src/buffer_core.cpp
[cloud_adapter.py-4] Warning: TF_OLD_DATA ignoring data from the past for frame base_link at time 20.060000 according to authority default_authority
[cloud_adapter.py-4] Possible reasons are listed at http://wiki.ros.org/tf/Errors%20explained
[cloud_adapter.py-4]          at line 294 in ./src/buffer_core.cpp
[cloud_adapter.py-4] Warning: TF_OLD_DATA ignoring data from the past for frame base_link at time 20.080000 according to authority default_authority
[cloud_adapter.py-4] Possible reasons are listed at http://wiki.ros.org/tf/Errors%20explained
[cloud_adapter.py-4]          at line 294 in ./src/buffer_core.cpp
[cloud_adapter.py-4] Warning: TF_OLD_DATA ignoring data from the past for frame base_link at time 20.100000 according to authority default_authority
[cloud_adapter.py-4] Possible reasons are listed at http://wiki.ros.org/tf/Errors%20explained
[cloud_adapter.py-4]          at line 294 in ./src/buffer_core.cpp
[cloud_adapter.py-4] Warning: TF_OLD_DATA ignoring data from the past for frame base_link at time 20.120000 according to authority default_authority
[cloud_adapter.py-4] Possible reasons are listed at http://wiki.ros.org/tf/Errors%20explained
[cloud_adapter.py-4]          at line 294 in ./src/buffer_core.cpp
[cloud_adapter.py-4] Warning: TF_OLD_DATA ignoring data from the past for frame base_link at time 20.140000 according to authority default_authority
[cloud_adapter.py-4] Possible reasons are listed at http://wiki.ros.org/tf/Errors%20explained
[cloud_adapter.py-4]          at line 294 in ./src/buffer_core.cpp
[cloud_adapter.py-4] Warning: TF_OLD_DATA ignoring data from the past for frame base_link at time 20.160000 according to authority default_authority
[cloud_adapter.py-4] Possible reasons are listed at http://wiki.ros.org/tf/Errors%20explained
[cloud_adapter.py-4]          at line 294 in ./src/buffer_core.cpp
[cloud_adapter.py-4] Warning: TF_OLD_DATA ignoring data from the past for frame base_link at time 20.180000 according to authority default_authority
[cloud_adapter.py-4] Possible reasons are listed at http://wiki.ros.org/tf/Errors%20explained
[cloud_adapter.py-4]          at line 294 in ./src/buffer_core.cpp
[cloud_adapter.py-4] Warning: TF_OLD_DATA ignoring data from the past for frame base_link at time 20.200000 according to authority default_authority
[cloud_adapter.py-4] Possible reasons are listed at http://wiki.ros.org/tf/Errors%20explained
[cloud_adapter.py-4]          at line 294 in ./src/buffer_core.cpp
[cloud_adapter.py-4] Warning: TF_OLD_DATA ignoring data from the past for frame base_link at time 20.220000 according to authority default_authority
[cloud_adapter.py-4] Possible reasons are listed at http://wiki.ros.org/tf/Errors%20explained
[cloud_adapter.py-4]          at line 294 in ./src/buffer_core.cpp
[cloud_adapter.py-4] Warning: TF_OLD_DATA ignoring data from the past for frame base_link at time 20.240000 according to authority default_authority
[cloud_adapter.py-4] Possible reasons are listed at http://wiki.ros.org/tf/Errors%20explained
[cloud_adapter.py-4]          at line 294 in ./src/buffer_core.cpp
[cloud_adapter.py-4] Warning: TF_OLD_DATA ignoring data from the past for frame base_link at time 20.260000 according to authority default_authority
[cloud_adapter.py-4] Possible reasons are listed at http://wiki.ros.org/tf/Errors%20explained
[cloud_adapter.py-4]          at line 294 in ./src/buffer_core.cpp
[cloud_adapter.py-4] Warning: TF_OLD_DATA ignoring data from the past for frame base_link at time 20.280000 according to authority default_authority
[cloud_adapter.py-4] Possible reasons are listed at http://wiki.ros.org/tf/Errors%20explained
[cloud_adapter.py-4]          at line 294 in ./src/buffer_core.cpp
[cloud_adapter.py-4] Warning: TF_OLD_DATA ignoring data from the past for frame base_link at time 20.300000 according to authority default_authority
[cloud_adapter.py-4] Possible reasons are listed at http://wiki.ros.org/tf/Errors%20explained
[cloud_adapter.py-4]          at line 294 in ./src/buffer_core.cpp
[cloud_adapter.py-4] Warning: TF_OLD_DATA ignoring data from the past for frame base_link at time 20.320000 according to authority default_authority
[cloud_adapter.py-4] Possible reasons are listed at http://wiki.ros.org/tf/Errors%20explained
[cloud_adapter.py-4]          at line 294 in ./src/buffer_core.cpp
[cloud_adapter.py-4] Warning: TF_OLD_DATA ignoring data from the past for frame base_link at time 20.340000 according to authority default_authority
[cloud_adapter.py-4] Possible reasons are listed at http://wiki.ros.org/tf/Errors%20explained
[cloud_adapter.py-4]          at line 294 in ./src/buffer_core.cpp
[cloud_adapter.py-4] Warning: TF_OLD_DATA ignoring data from the past for frame base_link at time 20.360000 according to authority default_authority
[cloud_adapter.py-4] Possible reasons are listed at http://wiki.ros.org/tf/Errors%20explained
[cloud_adapter.py-4]          at line 294 in ./src/buffer_core.cpp
[cloud_adapter.py-4] Warning: TF_OLD_DATA ignoring data from the past for frame base_link at time 20.380000 according to authority default_authority
[cloud_adapter.py-4] Possible reasons are listed at http://wiki.ros.org/tf/Errors%20explained
[cloud_adapter.py-4]          at line 294 in ./src/buffer_core.cpp
[cloud_adapter.py-4] Warning: TF_OLD_DATA ignoring data from the past for frame base_link at time 20.400000 according to authority default_authority
[cloud_adapter.py-4] Possible reasons are listed at http://wiki.ros.org/tf/Errors%20explained
[cloud_adapter.py-4]          at line 294 in ./src/buffer_core.cpp
[cloud_adapter.py-4] Warning: TF_OLD_DATA ignoring data from the past for frame base_link at time 20.420000 according to authority default_authority
[cloud_adapter.py-4] Possible reasons are listed at http://wiki.ros.org/tf/Errors%20explained
[cloud_adapter.py-4]          at line 294 in ./src/buffer_core.cpp
[cloud_adapter.py-4] Warning: TF_OLD_DATA ignoring data from the past for frame base_link at time 20.440000 according to authority default_authority
[cloud_adapter.py-4] Possible reasons are listed at http://wiki.ros.org/tf/Errors%20explained
[cloud_adapter.py-4]          at line 294 in ./src/buffer_core.cpp
[cloud_adapter.py-4] Warning: TF_OLD_DATA ignoring data from the past for frame base_link at time 20.460000 according to authority default_authority
[cloud_adapter.py-4] Possible reasons are listed at http://wiki.ros.org/tf/Errors%20explained
[cloud_adapter.py-4]          at line 294 in ./src/buffer_core.cpp
[cloud_adapter.py-4] Warning: TF_OLD_DATA ignoring data from the past for frame base_link at time 20.480000 according to authority default_authority
[cloud_adapter.py-4] Possible reasons are listed at http://wiki.ros.org/tf/Errors%20explained
[cloud_adapter.py-4]          at line 294 in ./src/buffer_core.cpp
[cloud_adapter.py-4] Warning: TF_OLD_DATA ignoring data from the past for frame base_link at time 20.500000 according to authority default_authority
[cloud_adapter.py-4] Possible reasons are listed at http://wiki.ros.org/tf/Errors%20explained
[cloud_adapter.py-4]          at line 294 in ./src/buffer_core.cpp
[cloud_adapter.py-4] Warning: TF_OLD_DATA ignoring data from the past for frame base_link at time 20.520000 according to authority default_authority
[cloud_adapter.py-4] Possible reasons are listed at http://wiki.ros.org/tf/Errors%20explained
[cloud_adapter.py-4]          at line 294 in ./src/buffer_core.cpp
[cloud_adapter.py-4] Warning: TF_OLD_DATA ignoring data from the past for frame base_link at time 20.540000 according to authority default_authority
[cloud_adapter.py-4] Possible reasons are listed at http://wiki.ros.org/tf/Errors%20explained
[cloud_adapter.py-4]          at line 294 in ./src/buffer_core.cpp
[cloud_adapter.py-4] Warning: TF_OLD_DATA ignoring data from the past for frame base_link at time 20.560000 according to authority default_authority
[cloud_adapter.py-4] Possible reasons are listed at http://wiki.ros.org/tf/Errors%20explained
[cloud_adapter.py-4]          at line 294 in ./src/buffer_core.cpp
[cloud_adapter.py-4] Warning: TF_OLD_DATA ignoring data from the past for frame base_link at time 20.580000 according to authority default_authority
[cloud_adapter.py-4] Possible reasons are listed at http://wiki.ros.org/tf/Errors%20explained
[cloud_adapter.py-4]          at line 294 in ./src/buffer_core.cpp
[cloud_adapter.py-4] Warning: TF_OLD_DATA ignoring data from the past for frame base_link at time 20.600000 according to authority default_authority
[cloud_adapter.py-4] Possible reasons are listed at http://wiki.ros.org/tf/Errors%20explained
[cloud_adapter.py-4]          at line 294 in ./src/buffer_core.cpp
[cloud_adapter.py-4] Warning: TF_OLD_DATA ignoring data from the past for frame base_link at time 20.620000 according to authority default_authority
[cloud_adapter.py-4] Possible reasons are listed at http://wiki.ros.org/tf/Errors%20explained
[cloud_adapter.py-4]          at line 294 in ./src/buffer_core.cpp
[cloud_adapter.py-4] Warning: TF_OLD_DATA ignoring data from the past for frame base_link at time 20.640000 according to authority default_authority
[cloud_adapter.py-4] Possible reasons are listed at http://wiki.ros.org/tf/Errors%20explained
[cloud_adapter.py-4]          at line 294 in ./src/buffer_core.cpp
[cloud_adapter.py-4] Warning: TF_OLD_DATA ignoring data from the past for frame base_link at time 20.660000 according to authority default_authority
[cloud_adapter.py-4] Possible reasons are listed at http://wiki.ros.org/tf/Errors%20explained
[cloud_adapter.py-4]          at line 294 in ./src/buffer_core.cpp
[cloud_adapter.py-4] Warning: TF_OLD_DATA ignoring data from the past for frame base_link at time 20.680000 according to authority default_authority
[cloud_adapter.py-4] Possible reasons are listed at http://wiki.ros.org/tf/Errors%20explained
[cloud_adapter.py-4]          at line 294 in ./src/buffer_core.cpp
[cloud_adapter.py-4] Warning: TF_OLD_DATA ignoring data from the past for frame base_link at time 20.700000 according to authority default_authority
[cloud_adapter.py-4] Possible reasons are listed at http://wiki.ros.org/tf/Errors%20explained
[cloud_adapter.py-4]          at line 294 in ./src/buffer_core.cpp
[cloud_adapter.py-4] Warning: TF_OLD_DATA ignoring data from the past for frame base_link at time 20.720000 according to authority default_authority
[cloud_adapter.py-4] Possible reasons are listed at http://wiki.ros.org/tf/Errors%20explained
[cloud_adapter.py-4]          at line 294 in ./src/buffer_core.cpp
[cloud_adapter.py-4] Warning: TF_OLD_DATA ignoring data from the past for frame base_link at time 20.740000 according to authority default_authority
[cloud_adapter.py-4] Possible reasons are listed at http://wiki.ros.org/tf/Errors%20explained
[cloud_adapter.py-4]          at line 294 in ./src/buffer_core.cpp
[cloud_adapter.py-4] Warning: TF_OLD_DATA ignoring data from the past for frame base_link at time 20.760000 according to authority default_authority
[cloud_adapter.py-4] Possible reasons are listed at http://wiki.ros.org/tf/Errors%20explained
[cloud_adapter.py-4]          at line 294 in ./src/buffer_core.cpp
[cloud_adapter.py-4] Warning: TF_OLD_DATA ignoring data from the past for frame base_link at time 20.780000 according to authority default_authority
[cloud_adapter.py-4] Possible reasons are listed at http://wiki.ros.org/tf/Errors%20explained
[cloud_adapter.py-4]          at line 294 in ./src/buffer_core.cpp
[cloud_adapter.py-4] Warning: TF_OLD_DATA ignoring data from the past for frame base_link at time 20.800000 according to authority default_authority
[cloud_adapter.py-4] Possible reasons are listed at http://wiki.ros.org/tf/Errors%20explained
[cloud_adapter.py-4]          at line 294 in ./src/buffer_core.cpp
[cloud_adapter.py-4] Warning: TF_OLD_DATA ignoring data from the past for frame base_link at time 20.820000 according to authority default_authority
[cloud_adapter.py-4] Possible reasons are listed at http://wiki.ros.org/tf/Errors%20explained
[cloud_adapter.py-4]          at line 294 in ./src/buffer_core.cpp
[cloud_adapter.py-4] Warning: TF_OLD_DATA ignoring data from the past for frame base_link at time 20.840000 according to authority default_authority
[cloud_adapter.py-4] Possible reasons are listed at http://wiki.ros.org/tf/Errors%20explained
[cloud_adapter.py-4]          at line 294 in ./src/buffer_core.cpp
[cloud_adapter.py-4] Warning: TF_OLD_DATA ignoring data from the past for frame base_link at time 20.860000 according to authority default_authority
[cloud_adapter.py-4] Possible reasons are listed at http://wiki.ros.org/tf/Errors%20explained
[cloud_adapter.py-4]          at line 294 in ./src/buffer_core.cpp
[cloud_adapter.py-4] Warning: TF_OLD_DATA ignoring data from the past for frame base_link at time 20.880000 according to authority default_authority
[cloud_adapter.py-4] Possible reasons are listed at http://wiki.ros.org/tf/Errors%20explained
[cloud_adapter.py-4]          at line 294 in ./src/buffer_core.cpp
[cloud_adapter.py-4] Warning: TF_OLD_DATA ignoring data from the past for frame base_link at time 20.900000 according to authority default_authority
[cloud_adapter.py-4] Possible reasons are listed at http://wiki.ros.org/tf/Errors%20explained
[cloud_adapter.py-4]          at line 294 in ./src/buffer_core.cpp
[cloud_adapter.py-4] Warning: TF_OLD_DATA ignoring data from the past for frame base_link at time 20.920000 according to authority default_authority
[cloud_adapter.py-4] Possible reasons are listed at http://wiki.ros.org/tf/Errors%20explained
[cloud_adapter.py-4]          at line 294 in ./src/buffer_core.cpp
[cloud_adapter.py-4] Warning: TF_OLD_DATA ignoring data from the past for frame base_link at time 20.940000 according to authority default_authority
[cloud_adapter.py-4] Possible reasons are listed at http://wiki.ros.org/tf/Errors%20explained
[cloud_adapter.py-4]          at line 294 in ./src/buffer_core.cpp
[cloud_adapter.py-4] Warning: TF_OLD_DATA ignoring data from the past for frame base_link at time 20.960000 according to authority default_authority
[cloud_adapter.py-4] Possible reasons are listed at http://wiki.ros.org/tf/Errors%20explained
[cloud_adapter.py-4]          at line 294 in ./src/buffer_core.cpp
[cloud_adapter.py-4] Warning: TF_OLD_DATA ignoring data from the past for frame base_link at time 20.980000 according to authority default_authority
[cloud_adapter.py-4] Possible reasons are listed at http://wiki.ros.org/tf/Errors%20explained
[cloud_adapter.py-4]          at line 294 in ./src/buffer_core.cpp
[cloud_adapter.py-4] Warning: TF_OLD_DATA ignoring data from the past for frame base_link at time 21.000000 according to authority default_authority
[cloud_adapter.py-4] Possible reasons are listed at http://wiki.ros.org/tf/Errors%20explained
[cloud_adapter.py-4]          at line 294 in ./src/buffer_core.cpp
[cloud_adapter.py-4] Warning: TF_OLD_DATA ignoring data from the past for frame base_link at time 21.020000 according to authority default_authority
[cloud_adapter.py-4] Possible reasons are listed at http://wiki.ros.org/tf/Errors%20explained
[cloud_adapter.py-4]          at line 294 in ./src/buffer_core.cpp
[cloud_adapter.py-4] Warning: TF_OLD_DATA ignoring data from the past for frame base_link at time 21.040000 according to authority default_authority
[cloud_adapter.py-4] Possible reasons are listed at http://wiki.ros.org/tf/Errors%20explained
[cloud_adapter.py-4]          at line 294 in ./src/buffer_core.cpp
[cloud_adapter.py-4] Warning: TF_OLD_DATA ignoring data from the past for frame base_link at time 21.060000 according to authority default_authority
[cloud_adapter.py-4] Possible reasons are listed at http://wiki.ros.org/tf/Errors%20explained
[cloud_adapter.py-4]          at line 294 in ./src/buffer_core.cpp
[cloud_adapter.py-4] Warning: TF_OLD_DATA ignoring data from the past for frame base_link at time 21.080000 according to authority default_authority
[cloud_adapter.py-4] Possible reasons are listed at http://wiki.ros.org/tf/Errors%20explained
[cloud_adapter.py-4]          at line 294 in ./src/buffer_core.cpp
[cloud_adapter.py-4] Warning: TF_OLD_DATA ignoring data from the past for frame base_link at time 21.100000 according to authority default_authority
[cloud_adapter.py-4] Possible reasons are listed at http://wiki.ros.org/tf/Errors%20explained
[cloud_adapter.py-4]          at line 294 in ./src/buffer_core.cpp
[cloud_adapter.py-4] Warning: TF_OLD_DATA ignoring data from the past for frame base_link at time 21.120000 according to authority default_authority
[cloud_adapter.py-4] Possible reasons are listed at http://wiki.ros.org/tf/Errors%20explained
[cloud_adapter.py-4]          at line 294 in ./src/buffer_core.cpp
[cloud_adapter.py-4] Warning: TF_OLD_DATA ignoring data from the past for frame base_link at time 21.140000 according to authority default_authority
[cloud_adapter.py-4] Possible reasons are listed at http://wiki.ros.org/tf/Errors%20explained
[cloud_adapter.py-4]          at line 294 in ./src/buffer_core.cpp
[cloud_adapter.py-4] Warning: TF_OLD_DATA ignoring data from the past for frame base_link at time 21.160000 according to authority default_authority
[cloud_adapter.py-4] Possible reasons are listed at http://wiki.ros.org/tf/Errors%20explained
[cloud_adapter.py-4]          at line 294 in ./src/buffer_core.cpp
[cloud_adapter.py-4] Warning: TF_OLD_DATA ignoring data from the past for frame base_link at time 21.180000 according to authority default_authority
[cloud_adapter.py-4] Possible reasons are listed at http://wiki.ros.org/tf/Errors%20explained
[cloud_adapter.py-4]          at line 294 in ./src/buffer_core.cpp
[cloud_adapter.py-4] Warning: TF_OLD_DATA ignoring data from the past for frame base_link at time 21.200000 according to authority default_authority
[cloud_adapter.py-4] Possible reasons are listed at http://wiki.ros.org/tf/Errors%20explained
[cloud_adapter.py-4]          at line 294 in ./src/buffer_core.cpp
[cloud_adapter.py-4] Warning: TF_OLD_DATA ignoring data from the past for frame base_link at time 21.220000 according to authority default_authority
[cloud_adapter.py-4] Possible reasons are listed at http://wiki.ros.org/tf/Errors%20explained
[cloud_adapter.py-4]          at line 294 in ./src/buffer_core.cpp
[cloud_adapter.py-4] Warning: TF_OLD_DATA ignoring data from the past for frame base_link at time 21.240000 according to authority default_authority
[cloud_adapter.py-4] Possible reasons are listed at http://wiki.ros.org/tf/Errors%20explained
[cloud_adapter.py-4]          at line 294 in ./src/buffer_core.cpp
[cloud_adapter.py-4] Warning: TF_OLD_DATA ignoring data from the past for frame base_link at time 21.260000 according to authority default_authority
[cloud_adapter.py-4] Possible reasons are listed at http://wiki.ros.org/tf/Errors%20explained
[cloud_adapter.py-4]          at line 294 in ./src/buffer_core.cpp
[cloud_adapter.py-4] Warning: TF_OLD_DATA ignoring data from the past for frame base_link at time 21.280000 according to authority default_authority
[cloud_adapter.py-4] Possible reasons are listed at http://wiki.ros.org/tf/Errors%20explained
[cloud_adapter.py-4]          at line 294 in ./src/buffer_core.cpp
[cloud_adapter.py-4] Warning: TF_OLD_DATA ignoring data from the past for frame base_link at time 21.300000 according to authority default_authority
[cloud_adapter.py-4] Possible reasons are listed at http://wiki.ros.org/tf/Errors%20explained
[cloud_adapter.py-4]          at line 294 in ./src/buffer_core.cpp
[cloud_adapter.py-4] Warning: TF_OLD_DATA ignoring data from the past for frame base_link at time 21.320000 according to authority default_authority
[cloud_adapter.py-4] Possible reasons are listed at http://wiki.ros.org/tf/Errors%20explained
[cloud_adapter.py-4]          at line 294 in ./src/buffer_core.cpp
[cloud_adapter.py-4] Warning: TF_OLD_DATA ignoring data from the past for frame base_link at time 21.340000 according to authority default_authority
[cloud_adapter.py-4] Possible reasons are listed at http://wiki.ros.org/tf/Errors%20explained
[cloud_adapter.py-4]          at line 294 in ./src/buffer_core.cpp
[cloud_adapter.py-4] Warning: TF_OLD_DATA ignoring data from the past for frame base_link at time 21.360000 according to authority default_authority
[cloud_adapter.py-4] Possible reasons are listed at http://wiki.ros.org/tf/Errors%20explained
[cloud_adapter.py-4]          at line 294 in ./src/buffer_core.cpp
[cloud_adapter.py-4] Warning: TF_OLD_DATA ignoring data from the past for frame base_link at time 21.380000 according to authority default_authority
[cloud_adapter.py-4] Possible reasons are listed at http://wiki.ros.org/tf/Errors%20explained
[cloud_adapter.py-4]          at line 294 in ./src/buffer_core.cpp
[cloud_adapter.py-4] Warning: TF_OLD_DATA ignoring data from the past for frame base_link at time 21.400000 according to authority default_authority
[cloud_adapter.py-4] Possible reasons are listed at http://wiki.ros.org/tf/Errors%20explained
[cloud_adapter.py-4]          at line 294 in ./src/buffer_core.cpp
[cloud_adapter.py-4] Warning: TF_OLD_DATA ignoring data from the past for frame base_link at time 21.420000 according to authority default_authority
[cloud_adapter.py-4] Possible reasons are listed at http://wiki.ros.org/tf/Errors%20explained
[cloud_adapter.py-4]          at line 294 in ./src/buffer_core.cpp
[cloud_adapter.py-4] Warning: TF_OLD_DATA ignoring data from the past for frame base_link at time 21.440000 according to authority default_authority
[cloud_adapter.py-4] Possible reasons are listed at http://wiki.ros.org/tf/Errors%20explained
[cloud_adapter.py-4]          at line 294 in ./src/buffer_core.cpp
[cloud_adapter.py-4] Warning: TF_OLD_DATA ignoring data from the past for frame base_link at time 21.460000 according to authority default_authority
[cloud_adapter.py-4] Possible reasons are listed at http://wiki.ros.org/tf/Errors%20explained
[cloud_adapter.py-4]          at line 294 in ./src/buffer_core.cpp
[cloud_adapter.py-4] Warning: TF_OLD_DATA ignoring data from the past for frame base_link at time 21.480000 according to authority default_authority
[cloud_adapter.py-4] Possible reasons are listed at http://wiki.ros.org/tf/Errors%20explained
[cloud_adapter.py-4]          at line 294 in ./src/buffer_core.cpp
[cloud_adapter.py-4] Warning: TF_OLD_DATA ignoring data from the past for frame base_link at time 21.500000 according to authority default_authority
[cloud_adapter.py-4] Possible reasons are listed at http://wiki.ros.org/tf/Errors%20explained
[cloud_adapter.py-4]          at line 294 in ./src/buffer_core.cpp
[cloud_adapter.py-4] Warning: TF_OLD_DATA ignoring data from the past for frame base_link at time 21.520000 according to authority default_authority
[cloud_adapter.py-4] Possible reasons are listed at http://wiki.ros.org/tf/Errors%20explained
[cloud_adapter.py-4]          at line 294 in ./src/buffer_core.cpp
[cloud_adapter.py-4] Warning: TF_OLD_DATA ignoring data from the past for frame base_link at time 21.540000 according to authority default_authority
[cloud_adapter.py-4] Possible reasons are listed at http://wiki.ros.org/tf/Errors%20explained
[cloud_adapter.py-4]          at line 294 in ./src/buffer_core.cpp
[cloud_adapter.py-4] Warning: TF_OLD_DATA ignoring data from the past for frame base_link at time 21.560000 according to authority default_authority
[cloud_adapter.py-4] Possible reasons are listed at http://wiki.ros.org/tf/Errors%20explained
[cloud_adapter.py-4]          at line 294 in ./src/buffer_core.cpp
[cloud_adapter.py-4] Warning: TF_OLD_DATA ignoring data from the past for frame base_link at time 21.580000 according to authority default_authority
[cloud_adapter.py-4] Possible reasons are listed at http://wiki.ros.org/tf/Errors%20explained
[cloud_adapter.py-4]          at line 294 in ./src/buffer_core.cpp
[cloud_adapter.py-4] Warning: TF_OLD_DATA ignoring data from the past for frame base_link at time 21.600000 according to authority default_authority
[cloud_adapter.py-4] Possible reasons are listed at http://wiki.ros.org/tf/Errors%20explained
[cloud_adapter.py-4]          at line 294 in ./src/buffer_core.cpp
[cloud_adapter.py-4] Warning: TF_OLD_DATA ignoring data from the past for frame base_link at time 21.620000 according to authority default_authority
[cloud_adapter.py-4] Possible reasons are listed at http://wiki.ros.org/tf/Errors%20explained
[cloud_adapter.py-4]          at line 294 in ./src/buffer_core.cpp
[cloud_adapter.py-4] Warning: TF_OLD_DATA ignoring data from the past for frame base_link at time 21.640000 according to authority default_authority
[cloud_adapter.py-4] Possible reasons are listed at http://wiki.ros.org/tf/Errors%20explained
[cloud_adapter.py-4]          at line 294 in ./src/buffer_core.cpp
[cloud_adapter.py-4] Warning: TF_OLD_DATA ignoring data from the past for frame base_link at time 21.660000 according to authority default_authority
[cloud_adapter.py-4] Possible reasons are listed at http://wiki.ros.org/tf/Errors%20explained
[cloud_adapter.py-4]          at line 294 in ./src/buffer_core.cpp
[cloud_adapter.py-4] Warning: TF_OLD_DATA ignoring data from the past for frame base_link at time 21.680000 according to authority default_authority
[cloud_adapter.py-4] Possible reasons are listed at http://wiki.ros.org/tf/Errors%20explained
[cloud_adapter.py-4]          at line 294 in ./src/buffer_core.cpp
[cloud_adapter.py-4] Warning: TF_OLD_DATA ignoring data from the past for frame base_link at time 21.700000 according to authority default_authority
[cloud_adapter.py-4] Possible reasons are listed at http://wiki.ros.org/tf/Errors%20explained
[cloud_adapter.py-4]          at line 294 in ./src/buffer_core.cpp
[cloud_adapter.py-4] Warning: TF_OLD_DATA ignoring data from the past for frame base_link at time 21.720000 according to authority default_authority
[cloud_adapter.py-4] Possible reasons are listed at http://wiki.ros.org/tf/Errors%20explained
[cloud_adapter.py-4]          at line 294 in ./src/buffer_core.cpp
[cloud_adapter.py-4] Warning: TF_OLD_DATA ignoring data from the past for frame base_link at time 21.740000 according to authority default_authority
[cloud_adapter.py-4] Possible reasons are listed at http://wiki.ros.org/tf/Errors%20explained
[cloud_adapter.py-4]          at line 294 in ./src/buffer_core.cpp
[cloud_adapter.py-4] Warning: TF_OLD_DATA ignoring data from the past for frame base_link at time 21.760000 according to authority default_authority
[cloud_adapter.py-4] Possible reasons are listed at http://wiki.ros.org/tf/Errors%20explained
[cloud_adapter.py-4]          at line 294 in ./src/buffer_core.cpp
[cloud_adapter.py-4] Warning: TF_OLD_DATA ignoring data from the past for frame base_link at time 21.780000 according to authority default_authority
[cloud_adapter.py-4] Possible reasons are listed at http://wiki.ros.org/tf/Errors%20explained
[cloud_adapter.py-4]          at line 294 in ./src/buffer_core.cpp
[cloud_adapter.py-4] Warning: TF_OLD_DATA ignoring data from the past for frame base_link at time 21.800000 according to authority default_authority
[cloud_adapter.py-4] Possible reasons are listed at http://wiki.ros.org/tf/Errors%20explained
[cloud_adapter.py-4]          at line 294 in ./src/buffer_core.cpp
[cloud_adapter.py-4] Warning: TF_OLD_DATA ignoring data from the past for frame base_link at time 21.820000 according to authority default_authority
[cloud_adapter.py-4] Possible reasons are listed at http://wiki.ros.org/tf/Errors%20explained
[cloud_adapter.py-4]          at line 294 in ./src/buffer_core.cpp
[cloud_adapter.py-4] Warning: TF_OLD_DATA ignoring data from the past for frame base_link at time 21.840000 according to authority default_authority
[cloud_adapter.py-4] Possible reasons are listed at http://wiki.ros.org/tf/Errors%20explained
[cloud_adapter.py-4]          at line 294 in ./src/buffer_core.cpp
[cloud_adapter.py-4] Warning: TF_OLD_DATA ignoring data from the past for frame base_link at time 21.860000 according to authority default_authority
[cloud_adapter.py-4] Possible reasons are listed at http://wiki.ros.org/tf/Errors%20explained
[cloud_adapter.py-4]          at line 294 in ./src/buffer_core.cpp
[cloud_adapter.py-4] Warning: TF_OLD_DATA ignoring data from the past for frame base_link at time 21.880000 according to authority default_authority
[cloud_adapter.py-4] Possible reasons are listed at http://wiki.ros.org/tf/Errors%20explained
[cloud_adapter.py-4]          at line 294 in ./src/buffer_core.cpp
[cloud_adapter.py-4] Warning: TF_OLD_DATA ignoring data from the past for frame base_link at time 21.900000 according to authority default_authority
[cloud_adapter.py-4] Possible reasons are listed at http://wiki.ros.org/tf/Errors%20explained
[cloud_adapter.py-4]          at line 294 in ./src/buffer_core.cpp
[cloud_adapter.py-4] Warning: TF_OLD_DATA ignoring data from the past for frame base_link at time 21.920000 according to authority default_authority
[cloud_adapter.py-4] Possible reasons are listed at http://wiki.ros.org/tf/Errors%20explained
[cloud_adapter.py-4]          at line 294 in ./src/buffer_core.cpp
[cloud_adapter.py-4] Warning: TF_OLD_DATA ignoring data from the past for frame base_link at time 21.940000 according to authority default_authority
[cloud_adapter.py-4] Possible reasons are listed at http://wiki.ros.org/tf/Errors%20explained
[cloud_adapter.py-4]          at line 294 in ./src/buffer_core.cpp
[cloud_adapter.py-4] Warning: TF_OLD_DATA ignoring data from the past for frame base_link at time 21.960000 according to authority default_authority
[cloud_adapter.py-4] Possible reasons are listed at http://wiki.ros.org/tf/Errors%20explained
[cloud_adapter.py-4]          at line 294 in ./src/buffer_core.cpp
[cloud_adapter.py-4] Warning: TF_OLD_DATA ignoring data from the past for frame base_link at time 21.980000 according to authority default_authority
[cloud_adapter.py-4] Possible reasons are listed at http://wiki.ros.org/tf/Errors%20explained
[cloud_adapter.py-4]          at line 294 in ./src/buffer_core.cpp
[cloud_adapter.py-4] Warning: TF_OLD_DATA ignoring data from the past for frame base_link at time 22.000000 according to authority default_authority
[cloud_adapter.py-4] Possible reasons are listed at http://wiki.ros.org/tf/Errors%20explained
[cloud_adapter.py-4]          at line 294 in ./src/buffer_core.cpp
[cloud_adapter.py-4] Warning: TF_OLD_DATA ignoring data from the past for frame base_link at time 22.020000 according to authority default_authority
[cloud_adapter.py-4] Possible reasons are listed at http://wiki.ros.org/tf/Errors%20explained
[cloud_adapter.py-4]          at line 294 in ./src/buffer_core.cpp
[cloud_adapter.py-4] Warning: TF_OLD_DATA ignoring data from the past for frame base_link at time 22.040000 according to authority default_authority
[cloud_adapter.py-4] Possible reasons are listed at http://wiki.ros.org/tf/Errors%20explained
[cloud_adapter.py-4]          at line 294 in ./src/buffer_core.cpp
[cloud_adapter.py-4] Warning: TF_OLD_DATA ignoring data from the past for frame base_link at time 22.060000 according to authority default_authority
[cloud_adapter.py-4] Possible reasons are listed at http://wiki.ros.org/tf/Errors%20explained
[cloud_adapter.py-4]          at line 294 in ./src/buffer_core.cpp
[cloud_adapter.py-4] Warning: TF_OLD_DATA ignoring data from the past for frame base_link at time 22.080000 according to authority default_authority
[cloud_adapter.py-4] Possible reasons are listed at http://wiki.ros.org/tf/Errors%20explained
[cloud_adapter.py-4]          at line 294 in ./src/buffer_core.cpp
[cloud_adapter.py-4] Warning: TF_OLD_DATA ignoring data from the past for frame base_link at time 22.100000 according to authority default_authority
[cloud_adapter.py-4] Possible reasons are listed at http://wiki.ros.org/tf/Errors%20explained
[cloud_adapter.py-4]          at line 294 in ./src/buffer_core.cpp
[cloud_adapter.py-4] Warning: TF_OLD_DATA ignoring data from the past for frame base_link at time 22.120000 according to authority default_authority
[cloud_adapter.py-4] Possible reasons are listed at http://wiki.ros.org/tf/Errors%20explained
[cloud_adapter.py-4]          at line 294 in ./src/buffer_core.cpp
[cloud_adapter.py-4] Warning: TF_OLD_DATA ignoring data from the past for frame base_link at time 22.140000 according to authority default_authority
[cloud_adapter.py-4] Possible reasons are listed at http://wiki.ros.org/tf/Errors%20explained
[cloud_adapter.py-4]          at line 294 in ./src/buffer_core.cpp
[cloud_adapter.py-4] Warning: TF_OLD_DATA ignoring data from the past for frame base_link at time 22.160000 according to authority default_authority
[cloud_adapter.py-4] Possible reasons are listed at http://wiki.ros.org/tf/Errors%20explained
[cloud_adapter.py-4]          at line 294 in ./src/buffer_core.cpp
[cloud_adapter.py-4] Warning: TF_OLD_DATA ignoring data from the past for frame base_link at time 22.180000 according to authority default_authority
[cloud_adapter.py-4] Possible reasons are listed at http://wiki.ros.org/tf/Errors%20explained
[cloud_adapter.py-4]          at line 294 in ./src/buffer_core.cpp
[cloud_adapter.py-4] Warning: TF_OLD_DATA ignoring data from the past for frame base_link at time 22.200000 according to authority default_authority
[cloud_adapter.py-4] Possible reasons are listed at http://wiki.ros.org/tf/Errors%20explained
[cloud_adapter.py-4]          at line 294 in ./src/buffer_core.cpp
[cloud_adapter.py-4] Warning: TF_OLD_DATA ignoring data from the past for frame base_link at time 22.220000 according to authority default_authority
[cloud_adapter.py-4] Possible reasons are listed at http://wiki.ros.org/tf/Errors%20explained
[cloud_adapter.py-4]          at line 294 in ./src/buffer_core.cpp
[cloud_adapter.py-4] Warning: TF_OLD_DATA ignoring data from the past for frame base_link at time 22.240000 according to authority default_authority
[cloud_adapter.py-4] Possible reasons are listed at http://wiki.ros.org/tf/Errors%20explained
[cloud_adapter.py-4]          at line 294 in ./src/buffer_core.cpp
[cloud_adapter.py-4] Warning: TF_OLD_DATA ignoring data from the past for frame base_link at time 22.260000 according to authority default_authority
[cloud_adapter.py-4] Possible reasons are listed at http://wiki.ros.org/tf/Errors%20explained
[cloud_adapter.py-4]          at line 294 in ./src/buffer_core.cpp
[cloud_adapter.py-4] Warning: TF_OLD_DATA ignoring data from the past for frame base_link at time 22.280000 according to authority default_authority
[cloud_adapter.py-4] Possible reasons are listed at http://wiki.ros.org/tf/Errors%20explained
[cloud_adapter.py-4]          at line 294 in ./src/buffer_core.cpp
[cloud_adapter.py-4] Warning: TF_OLD_DATA ignoring data from the past for frame base_link at time 22.300000 according to authority default_authority
[cloud_adapter.py-4] Possible reasons are listed at http://wiki.ros.org/tf/Errors%20explained
[cloud_adapter.py-4]          at line 294 in ./src/buffer_core.cpp
[cloud_adapter.py-4] Warning: TF_OLD_DATA ignoring data from the past for frame base_link at time 22.320000 according to authority default_authority
[cloud_adapter.py-4] Possible reasons are listed at http://wiki.ros.org/tf/Errors%20explained
[cloud_adapter.py-4]          at line 294 in ./src/buffer_core.cpp
[cloud_adapter.py-4] Warning: TF_OLD_DATA ignoring data from the past for frame base_link at time 22.340000 according to authority default_authority
[cloud_adapter.py-4] Possible reasons are listed at http://wiki.ros.org/tf/Errors%20explained
[cloud_adapter.py-4]          at line 294 in ./src/buffer_core.cpp
[cloud_adapter.py-4] Warning: TF_OLD_DATA ignoring data from the past for frame base_link at time 22.360000 according to authority default_authority
[cloud_adapter.py-4] Possible reasons are listed at http://wiki.ros.org/tf/Errors%20explained
[cloud_adapter.py-4]          at line 294 in ./src/buffer_core.cpp
[cloud_adapter.py-4] Warning: TF_OLD_DATA ignoring data from the past for frame base_link at time 22.380000 according to authority default_authority
[cloud_adapter.py-4] Possible reasons are listed at http://wiki.ros.org/tf/Errors%20explained
[cloud_adapter.py-4]          at line 294 in ./src/buffer_core.cpp
[cloud_adapter.py-4] Warning: TF_OLD_DATA ignoring data from the past for frame base_link at time 22.400000 according to authority default_authority
[cloud_adapter.py-4] Possible reasons are listed at http://wiki.ros.org/tf/Errors%20explained
[cloud_adapter.py-4]          at line 294 in ./src/buffer_core.cpp
[cloud_adapter.py-4] Warning: TF_OLD_DATA ignoring data from the past for frame base_link at time 22.420000 according to authority default_authority
[cloud_adapter.py-4] Possible reasons are listed at http://wiki.ros.org/tf/Errors%20explained
[cloud_adapter.py-4]          at line 294 in ./src/buffer_core.cpp
[cloud_adapter.py-4] Warning: TF_OLD_DATA ignoring data from the past for frame base_link at time 22.440000 according to authority default_authority
[cloud_adapter.py-4] Possible reasons are listed at http://wiki.ros.org/tf/Errors%20explained
[cloud_adapter.py-4]          at line 294 in ./src/buffer_core.cpp
[cloud_adapter.py-4] Warning: TF_OLD_DATA ignoring data from the past for frame base_link at time 22.460000 according to authority default_authority
[cloud_adapter.py-4] Possible reasons are listed at http://wiki.ros.org/tf/Errors%20explained
[cloud_adapter.py-4]          at line 294 in ./src/buffer_core.cpp
[cloud_adapter.py-4] Warning: TF_OLD_DATA ignoring data from the past for frame base_link at time 22.480000 according to authority default_authority
[cloud_adapter.py-4] Possible reasons are listed at http://wiki.ros.org/tf/Errors%20explained
[cloud_adapter.py-4]          at line 294 in ./src/buffer_core.cpp
[cloud_adapter.py-4] Warning: TF_OLD_DATA ignoring data from the past for frame base_link at time 22.500000 according to authority default_authority
[cloud_adapter.py-4] Possible reasons are listed at http://wiki.ros.org/tf/Errors%20explained
[cloud_adapter.py-4]          at line 294 in ./src/buffer_core.cpp
[cloud_adapter.py-4] Warning: TF_OLD_DATA ignoring data from the past for frame base_link at time 22.520000 according to authority default_authority
[cloud_adapter.py-4] Possible reasons are listed at http://wiki.ros.org/tf/Errors%20explained
[cloud_adapter.py-4]          at line 294 in ./src/buffer_core.cpp
[cloud_adapter.py-4] Warning: TF_OLD_DATA ignoring data from the past for frame base_link at time 22.540000 according to authority default_authority
[cloud_adapter.py-4] Possible reasons are listed at http://wiki.ros.org/tf/Errors%20explained
[cloud_adapter.py-4]          at line 294 in ./src/buffer_core.cpp
[cloud_adapter.py-4] Warning: TF_OLD_DATA ignoring data from the past for frame base_link at time 22.560000 according to authority default_authority
[cloud_adapter.py-4] Possible reasons are listed at http://wiki.ros.org/tf/Errors%20explained
[cloud_adapter.py-4]          at line 294 in ./src/buffer_core.cpp
[cloud_adapter.py-4] Warning: TF_OLD_DATA ignoring data from the past for frame base_link at time 22.580000 according to authority default_authority
[cloud_adapter.py-4] Possible reasons are listed at http://wiki.ros.org/tf/Errors%20explained
[cloud_adapter.py-4]          at line 294 in ./src/buffer_core.cpp
[cloud_adapter.py-4] Warning: TF_OLD_DATA ignoring data from the past for frame base_link at time 22.600000 according to authority default_authority
[cloud_adapter.py-4] Possible reasons are listed at http://wiki.ros.org/tf/Errors%20explained
[cloud_adapter.py-4]          at line 294 in ./src/buffer_core.cpp
[cloud_adapter.py-4] Warning: TF_OLD_DATA ignoring data from the past for frame base_link at time 22.620000 according to authority default_authority
[cloud_adapter.py-4] Possible reasons are listed at http://wiki.ros.org/tf/Errors%20explained
[cloud_adapter.py-4]          at line 294 in ./src/buffer_core.cpp
[cloud_adapter.py-4] Warning: TF_OLD_DATA ignoring data from the past for frame base_link at time 22.640000 according to authority default_authority
[cloud_adapter.py-4] Possible reasons are listed at http://wiki.ros.org/tf/Errors%20explained
[cloud_adapter.py-4]          at line 294 in ./src/buffer_core.cpp
[cloud_adapter.py-4] Warning: TF_OLD_DATA ignoring data from the past for frame base_link at time 22.660000 according to authority default_authority
[cloud_adapter.py-4] Possible reasons are listed at http://wiki.ros.org/tf/Errors%20explained
[cloud_adapter.py-4]          at line 294 in ./src/buffer_core.cpp
[cloud_adapter.py-4] Warning: TF_OLD_DATA ignoring data from the past for frame base_link at time 22.680000 according to authority default_authority
[cloud_adapter.py-4] Possible reasons are listed at http://wiki.ros.org/tf/Errors%20explained
[cloud_adapter.py-4]          at line 294 in ./src/buffer_core.cpp
[cloud_adapter.py-4] Warning: TF_OLD_DATA ignoring data from the past for frame base_link at time 22.700000 according to authority default_authority
[cloud_adapter.py-4] Possible reasons are listed at http://wiki.ros.org/tf/Errors%20explained
[cloud_adapter.py-4]          at line 294 in ./src/buffer_core.cpp
[cloud_adapter.py-4] Warning: TF_OLD_DATA ignoring data from the past for frame base_link at time 22.720000 according to authority default_authority
[cloud_adapter.py-4] Possible reasons are listed at http://wiki.ros.org/tf/Errors%20explained
[cloud_adapter.py-4]          at line 294 in ./src/buffer_core.cpp
[cloud_adapter.py-4] Warning: TF_OLD_DATA ignoring data from the past for frame base_link at time 22.740000 according to authority default_authority
[cloud_adapter.py-4] Possible reasons are listed at http://wiki.ros.org/tf/Errors%20explained
[cloud_adapter.py-4]          at line 294 in ./src/buffer_core.cpp
[cloud_adapter.py-4] Warning: TF_OLD_DATA ignoring data from the past for frame base_link at time 22.760000 according to authority default_authority
[cloud_adapter.py-4] Possible reasons are listed at http://wiki.ros.org/tf/Errors%20explained
[cloud_adapter.py-4]          at line 294 in ./src/buffer_core.cpp
[cloud_adapter.py-4] Warning: TF_OLD_DATA ignoring data from the past for frame base_link at time 22.780000 according to authority default_authority
[cloud_adapter.py-4] Possible reasons are listed at http://wiki.ros.org/tf/Errors%20explained
[cloud_adapter.py-4]          at line 294 in ./src/buffer_core.cpp
[cloud_adapter.py-4] Warning: TF_OLD_DATA ignoring data from the past for frame base_link at time 22.800000 according to authority default_authority
[cloud_adapter.py-4] Possible reasons are listed at http://wiki.ros.org/tf/Errors%20explained
[cloud_adapter.py-4]          at line 294 in ./src/buffer_core.cpp
[cloud_adapter.py-4] Warning: TF_OLD_DATA ignoring data from the past for frame base_link at time 22.820000 according to authority default_authority
[cloud_adapter.py-4] Possible reasons are listed at http://wiki.ros.org/tf/Errors%20explained
[cloud_adapter.py-4]          at line 294 in ./src/buffer_core.cpp
[cloud_adapter.py-4] Warning: TF_OLD_DATA ignoring data from the past for frame base_link at time 22.840000 according to authority default_authority
[cloud_adapter.py-4] Possible reasons are listed at http://wiki.ros.org/tf/Errors%20explained
[cloud_adapter.py-4]          at line 294 in ./src/buffer_core.cpp
[cloud_adapter.py-4] Warning: TF_OLD_DATA ignoring data from the past for frame base_link at time 22.860000 according to authority default_authority
[cloud_adapter.py-4] Possible reasons are listed at http://wiki.ros.org/tf/Errors%20explained
[cloud_adapter.py-4]          at line 294 in ./src/buffer_core.cpp
[cloud_adapter.py-4] Warning: TF_OLD_DATA ignoring data from the past for frame base_link at time 22.880000 according to authority default_authority
[cloud_adapter.py-4] Possible reasons are listed at http://wiki.ros.org/tf/Errors%20explained
[cloud_adapter.py-4]          at line 294 in ./src/buffer_core.cpp
[cloud_adapter.py-4] Warning: TF_OLD_DATA ignoring data from the past for frame base_link at time 22.900000 according to authority default_authority
[cloud_adapter.py-4] Possible reasons are listed at http://wiki.ros.org/tf/Errors%20explained
[cloud_adapter.py-4]          at line 294 in ./src/buffer_core.cpp
[cloud_adapter.py-4] Warning: TF_OLD_DATA ignoring data from the past for frame base_link at time 22.920000 according to authority default_authority
[cloud_adapter.py-4] Possible reasons are listed at http://wiki.ros.org/tf/Errors%20explained
[cloud_adapter.py-4]          at line 294 in ./src/buffer_core.cpp
[cloud_adapter.py-4] Warning: TF_OLD_DATA ignoring data from the past for frame base_link at time 22.940000 according to authority default_authority
[cloud_adapter.py-4] Possible reasons are listed at http://wiki.ros.org/tf/Errors%20explained
[cloud_adapter.py-4]          at line 294 in ./src/buffer_core.cpp
[cloud_adapter.py-4] Warning: TF_OLD_DATA ignoring data from the past for frame base_link at time 22.960000 according to authority default_authority
[cloud_adapter.py-4] Possible reasons are listed at http://wiki.ros.org/tf/Errors%20explained
[cloud_adapter.py-4]          at line 294 in ./src/buffer_core.cpp
[cloud_adapter.py-4] Warning: TF_OLD_DATA ignoring data from the past for frame base_link at time 22.980000 according to authority default_authority
[cloud_adapter.py-4] Possible reasons are listed at http://wiki.ros.org/tf/Errors%20explained
[cloud_adapter.py-4]          at line 294 in ./src/buffer_core.cpp
[cloud_adapter.py-4] Warning: TF_OLD_DATA ignoring data from the past for frame base_link at time 23.000000 according to authority default_authority
[cloud_adapter.py-4] Possible reasons are listed at http://wiki.ros.org/tf/Errors%20explained
[cloud_adapter.py-4]          at line 294 in ./src/buffer_core.cpp
[cloud_adapter.py-4] Warning: TF_OLD_DATA ignoring data from the past for frame base_link at time 23.020000 according to authority default_authority
[cloud_adapter.py-4] Possible reasons are listed at http://wiki.ros.org/tf/Errors%20explained
[cloud_adapter.py-4]          at line 294 in ./src/buffer_core.cpp
[cloud_adapter.py-4] Warning: TF_OLD_DATA ignoring data from the past for frame base_link at time 23.040000 according to authority default_authority
[cloud_adapter.py-4] Possible reasons are listed at http://wiki.ros.org/tf/Errors%20explained
[cloud_adapter.py-4]          at line 294 in ./src/buffer_core.cpp
[cloud_adapter.py-4] Warning: TF_OLD_DATA ignoring data from the past for frame base_link at time 23.060000 according to authority default_authority
[cloud_adapter.py-4] Possible reasons are listed at http://wiki.ros.org/tf/Errors%20explained
[cloud_adapter.py-4]          at line 294 in ./src/buffer_core.cpp
[cloud_adapter.py-4] Warning: TF_OLD_DATA ignoring data from the past for frame base_link at time 23.080000 according to authority default_authority
[cloud_adapter.py-4] Possible reasons are listed at http://wiki.ros.org/tf/Errors%20explained
[cloud_adapter.py-4]          at line 294 in ./src/buffer_core.cpp
[cloud_adapter.py-4] Warning: TF_OLD_DATA ignoring data from the past for frame base_link at time 23.100000 according to authority default_authority
[cloud_adapter.py-4] Possible reasons are listed at http://wiki.ros.org/tf/Errors%20explained
[cloud_adapter.py-4]          at line 294 in ./src/buffer_core.cpp
[cloud_adapter.py-4] Warning: TF_OLD_DATA ignoring data from the past for frame base_link at time 23.120000 according to authority default_authority
[cloud_adapter.py-4] Possible reasons are listed at http://wiki.ros.org/tf/Errors%20explained
[cloud_adapter.py-4]          at line 294 in ./src/buffer_core.cpp
[cloud_adapter.py-4] Warning: TF_OLD_DATA ignoring data from the past for frame base_link at time 23.140000 according to authority default_authority
[cloud_adapter.py-4] Possible reasons are listed at http://wiki.ros.org/tf/Errors%20explained
[cloud_adapter.py-4]          at line 294 in ./src/buffer_core.cpp
[cloud_adapter.py-4] Warning: TF_OLD_DATA ignoring data from the past for frame base_link at time 23.160000 according to authority default_authority
[cloud_adapter.py-4] Possible reasons are listed at http://wiki.ros.org/tf/Errors%20explained
[cloud_adapter.py-4]          at line 294 in ./src/buffer_core.cpp
[cloud_adapter.py-4] Warning: TF_OLD_DATA ignoring data from the past for frame base_link at time 23.180000 according to authority default_authority
[cloud_adapter.py-4] Possible reasons are listed at http://wiki.ros.org/tf/Errors%20explained
[cloud_adapter.py-4]          at line 294 in ./src/buffer_core.cpp
[cloud_adapter.py-4] Warning: TF_OLD_DATA ignoring data from the past for frame base_link at time 23.200000 according to authority default_authority
[cloud_adapter.py-4] Possible reasons are listed at http://wiki.ros.org/tf/Errors%20explained
[cloud_adapter.py-4]          at line 294 in ./src/buffer_core.cpp
[cloud_adapter.py-4] Warning: TF_OLD_DATA ignoring data from the past for frame base_link at time 23.220000 according to authority default_authority
[cloud_adapter.py-4] Possible reasons are listed at http://wiki.ros.org/tf/Errors%20explained
[cloud_adapter.py-4]          at line 294 in ./src/buffer_core.cpp
[cloud_adapter.py-4] Warning: TF_OLD_DATA ignoring data from the past for frame base_link at time 23.240000 according to authority default_authority
[cloud_adapter.py-4] Possible reasons are listed at http://wiki.ros.org/tf/Errors%20explained
[cloud_adapter.py-4]          at line 294 in ./src/buffer_core.cpp
[cloud_adapter.py-4] Warning: TF_OLD_DATA ignoring data from the past for frame base_link at time 23.260000 according to authority default_authority
[cloud_adapter.py-4] Possible reasons are listed at http://wiki.ros.org/tf/Errors%20explained
[cloud_adapter.py-4]          at line 294 in ./src/buffer_core.cpp
[cloud_adapter.py-4] Warning: TF_OLD_DATA ignoring data from the past for frame base_link at time 23.280000 according to authority default_authority
[cloud_adapter.py-4] Possible reasons are listed at http://wiki.ros.org/tf/Errors%20explained
[cloud_adapter.py-4]          at line 294 in ./src/buffer_core.cpp
[cloud_adapter.py-4] Warning: TF_OLD_DATA ignoring data from the past for frame base_link at time 23.300000 according to authority default_authority
[cloud_adapter.py-4] Possible reasons are listed at http://wiki.ros.org/tf/Errors%20explained
[cloud_adapter.py-4]          at line 294 in ./src/buffer_core.cpp
[cloud_adapter.py-4] Warning: TF_OLD_DATA ignoring data from the past for frame base_link at time 23.320000 according to authority default_authority
[cloud_adapter.py-4] Possible reasons are listed at http://wiki.ros.org/tf/Errors%20explained
[cloud_adapter.py-4]          at line 294 in ./src/buffer_core.cpp
[cloud_adapter.py-4] Warning: TF_OLD_DATA ignoring data from the past for frame base_link at time 23.340000 according to authority default_authority
[cloud_adapter.py-4] Possible reasons are listed at http://wiki.ros.org/tf/Errors%20explained
[cloud_adapter.py-4]          at line 294 in ./src/buffer_core.cpp
[cloud_adapter.py-4] Warning: TF_OLD_DATA ignoring data from the past for frame base_link at time 23.360000 according to authority default_authority
[cloud_adapter.py-4] Possible reasons are listed at http://wiki.ros.org/tf/Errors%20explained
[cloud_adapter.py-4]          at line 294 in ./src/buffer_core.cpp
[cloud_adapter.py-4] Warning: TF_OLD_DATA ignoring data from the past for frame base_link at time 23.380000 according to authority default_authority
[cloud_adapter.py-4] Possible reasons are listed at http://wiki.ros.org/tf/Errors%20explained
[cloud_adapter.py-4]          at line 294 in ./src/buffer_core.cpp
[cloud_adapter.py-4] Warning: TF_OLD_DATA ignoring data from the past for frame base_link at time 23.400000 according to authority default_authority
[cloud_adapter.py-4] Possible reasons are listed at http://wiki.ros.org/tf/Errors%20explained
[cloud_adapter.py-4]          at line 294 in ./src/buffer_core.cpp
[cloud_adapter.py-4] Warning: TF_OLD_DATA ignoring data from the past for frame base_link at time 23.420000 according to authority default_authority
[cloud_adapter.py-4] Possible reasons are listed at http://wiki.ros.org/tf/Errors%20explained
[cloud_adapter.py-4]          at line 294 in ./src/buffer_core.cpp
[cloud_adapter.py-4] Warning: TF_OLD_DATA ignoring data from the past for frame base_link at time 23.440000 according to authority default_authority
[cloud_adapter.py-4] Possible reasons are listed at http://wiki.ros.org/tf/Errors%20explained
[cloud_adapter.py-4]          at line 294 in ./src/buffer_core.cpp
[cloud_adapter.py-4] Warning: TF_OLD_DATA ignoring data from the past for frame base_link at time 23.460000 according to authority default_authority
[cloud_adapter.py-4] Possible reasons are listed at http://wiki.ros.org/tf/Errors%20explained
[cloud_adapter.py-4]          at line 294 in ./src/buffer_core.cpp
[cloud_adapter.py-4] Warning: TF_OLD_DATA ignoring data from the past for frame base_link at time 23.480000 according to authority default_authority
[cloud_adapter.py-4] Possible reasons are listed at http://wiki.ros.org/tf/Errors%20explained
[cloud_adapter.py-4]          at line 294 in ./src/buffer_core.cpp
[cloud_adapter.py-4] Warning: TF_OLD_DATA ignoring data from the past for frame base_link at time 23.500000 according to authority default_authority
[cloud_adapter.py-4] Possible reasons are listed at http://wiki.ros.org/tf/Errors%20explained
[cloud_adapter.py-4]          at line 294 in ./src/buffer_core.cpp
[cloud_adapter.py-4] Warning: TF_OLD_DATA ignoring data from the past for frame base_link at time 23.520000 according to authority default_authority
[cloud_adapter.py-4] Possible reasons are listed at http://wiki.ros.org/tf/Errors%20explained
[cloud_adapter.py-4]          at line 294 in ./src/buffer_core.cpp
[cloud_adapter.py-4] Warning: TF_OLD_DATA ignoring data from the past for frame base_link at time 23.540000 according to authority default_authority
[cloud_adapter.py-4] Possible reasons are listed at http://wiki.ros.org/tf/Errors%20explained
[cloud_adapter.py-4]          at line 294 in ./src/buffer_core.cpp
[cloud_adapter.py-4] Warning: TF_OLD_DATA ignoring data from the past for frame base_link at time 23.560000 according to authority default_authority
[cloud_adapter.py-4] Possible reasons are listed at http://wiki.ros.org/tf/Errors%20explained
[cloud_adapter.py-4]          at line 294 in ./src/buffer_core.cpp
[cloud_adapter.py-4] Warning: TF_OLD_DATA ignoring data from the past for frame base_link at time 23.580000 according to authority default_authority
[cloud_adapter.py-4] Possible reasons are listed at http://wiki.ros.org/tf/Errors%20explained
[cloud_adapter.py-4]          at line 294 in ./src/buffer_core.cpp
[cloud_adapter.py-4] Warning: TF_OLD_DATA ignoring data from the past for frame base_link at time 23.600000 according to authority default_authority
[cloud_adapter.py-4] Possible reasons are listed at http://wiki.ros.org/tf/Errors%20explained
[cloud_adapter.py-4]          at line 294 in ./src/buffer_core.cpp
[cloud_adapter.py-4] Warning: TF_OLD_DATA ignoring data from the past for frame base_link at time 23.620000 according to authority default_authority
[cloud_adapter.py-4] Possible reasons are listed at http://wiki.ros.org/tf/Errors%20explained
[cloud_adapter.py-4]          at line 294 in ./src/buffer_core.cpp
[cloud_adapter.py-4] Warning: TF_OLD_DATA ignoring data from the past for frame base_link at time 23.640000 according to authority default_authority
[cloud_adapter.py-4] Possible reasons are listed at http://wiki.ros.org/tf/Errors%20explained
[cloud_adapter.py-4]          at line 294 in ./src/buffer_core.cpp
[cloud_adapter.py-4] Warning: TF_OLD_DATA ignoring data from the past for frame base_link at time 23.660000 according to authority default_authority
[cloud_adapter.py-4] Possible reasons are listed at http://wiki.ros.org/tf/Errors%20explained
[cloud_adapter.py-4]          at line 294 in ./src/buffer_core.cpp
[cloud_adapter.py-4] Warning: TF_OLD_DATA ignoring data from the past for frame base_link at time 23.680000 according to authority default_authority
[cloud_adapter.py-4] Possible reasons are listed at http://wiki.ros.org/tf/Errors%20explained
[cloud_adapter.py-4]          at line 294 in ./src/buffer_core.cpp
[cloud_adapter.py-4] Warning: TF_OLD_DATA ignoring data from the past for frame base_link at time 23.700000 according to authority default_authority
[cloud_adapter.py-4] Possible reasons are listed at http://wiki.ros.org/tf/Errors%20explained
[cloud_adapter.py-4]          at line 294 in ./src/buffer_core.cpp
[cloud_adapter.py-4] Warning: TF_OLD_DATA ignoring data from the past for frame base_link at time 23.720000 according to authority default_authority
[cloud_adapter.py-4] Possible reasons are listed at http://wiki.ros.org/tf/Errors%20explained
[cloud_adapter.py-4]          at line 294 in ./src/buffer_core.cpp
[cloud_adapter.py-4] Warning: TF_OLD_DATA ignoring data from the past for frame base_link at time 23.740000 according to authority default_authority
[cloud_adapter.py-4] Possible reasons are listed at http://wiki.ros.org/tf/Errors%20explained
[cloud_adapter.py-4]          at line 294 in ./src/buffer_core.cpp
[cloud_adapter.py-4] Warning: TF_OLD_DATA ignoring data from the past for frame base_link at time 23.760000 according to authority default_authority
[cloud_adapter.py-4] Possible reasons are listed at http://wiki.ros.org/tf/Errors%20explained
[cloud_adapter.py-4]          at line 294 in ./src/buffer_core.cpp
[cloud_adapter.py-4] Warning: TF_OLD_DATA ignoring data from the past for frame base_link at time 23.780000 according to authority default_authority
[cloud_adapter.py-4] Possible reasons are listed at http://wiki.ros.org/tf/Errors%20explained
[cloud_adapter.py-4]          at line 294 in ./src/buffer_core.cpp
[cloud_adapter.py-4] Warning: TF_OLD_DATA ignoring data from the past for frame base_link at time 23.800000 according to authority default_authority
[cloud_adapter.py-4] Possible reasons are listed at http://wiki.ros.org/tf/Errors%20explained
[cloud_adapter.py-4]          at line 294 in ./src/buffer_core.cpp
[cloud_adapter.py-4] Warning: TF_OLD_DATA ignoring data from the past for frame base_link at time 23.820000 according to authority default_authority
[cloud_adapter.py-4] Possible reasons are listed at http://wiki.ros.org/tf/Errors%20explained
[cloud_adapter.py-4]          at line 294 in ./src/buffer_core.cpp
[cloud_adapter.py-4] Warning: TF_OLD_DATA ignoring data from the past for frame base_link at time 23.840000 according to authority default_authority
[cloud_adapter.py-4] Possible reasons are listed at http://wiki.ros.org/tf/Errors%20explained
[cloud_adapter.py-4]          at line 294 in ./src/buffer_core.cpp
[cloud_adapter.py-4] Warning: TF_OLD_DATA ignoring data from the past for frame base_link at time 23.860000 according to authority default_authority
[cloud_adapter.py-4] Possible reasons are listed at http://wiki.ros.org/tf/Errors%20explained
[cloud_adapter.py-4]          at line 294 in ./src/buffer_core.cpp
[cloud_adapter.py-4] Warning: TF_OLD_DATA ignoring data from the past for frame base_link at time 23.880000 according to authority default_authority
[cloud_adapter.py-4] Possible reasons are listed at http://wiki.ros.org/tf/Errors%20explained
[cloud_adapter.py-4]          at line 294 in ./src/buffer_core.cpp
[cloud_adapter.py-4] Warning: TF_OLD_DATA ignoring data from the past for frame base_link at time 23.900000 according to authority default_authority
[cloud_adapter.py-4] Possible reasons are listed at http://wiki.ros.org/tf/Errors%20explained
[cloud_adapter.py-4]          at line 294 in ./src/buffer_core.cpp
[cloud_adapter.py-4] Warning: TF_OLD_DATA ignoring data from the past for frame base_link at time 23.920000 according to authority default_authority
[cloud_adapter.py-4] Possible reasons are listed at http://wiki.ros.org/tf/Errors%20explained
[cloud_adapter.py-4]          at line 294 in ./src/buffer_core.cpp
[cloud_adapter.py-4] Warning: TF_OLD_DATA ignoring data from the past for frame base_link at time 23.940000 according to authority default_authority
[cloud_adapter.py-4] Possible reasons are listed at http://wiki.ros.org/tf/Errors%20explained
[cloud_adapter.py-4]          at line 294 in ./src/buffer_core.cpp
[cloud_adapter.py-4] Warning: TF_OLD_DATA ignoring data from the past for frame base_link at time 23.960000 according to authority default_authority
[cloud_adapter.py-4] Possible reasons are listed at http://wiki.ros.org/tf/Errors%20explained
[cloud_adapter.py-4]          at line 294 in ./src/buffer_core.cpp
[cloud_adapter.py-4] Warning: TF_OLD_DATA ignoring data from the past for frame base_link at time 23.980000 according to authority default_authority
[cloud_adapter.py-4] Possible reasons are listed at http://wiki.ros.org/tf/Errors%20explained
[cloud_adapter.py-4]          at line 294 in ./src/buffer_core.cpp
[cloud_adapter.py-4] Warning: TF_OLD_DATA ignoring data from the past for frame base_link at time 24.000000 according to authority default_authority
[cloud_adapter.py-4] Possible reasons are listed at http://wiki.ros.org/tf/Errors%20explained
[cloud_adapter.py-4]          at line 294 in ./src/buffer_core.cpp
[cloud_adapter.py-4] Warning: TF_OLD_DATA ignoring data from the past for frame base_link at time 24.020000 according to authority default_authority
[cloud_adapter.py-4] Possible reasons are listed at http://wiki.ros.org/tf/Errors%20explained
[cloud_adapter.py-4]          at line 294 in ./src/buffer_core.cpp
[cloud_adapter.py-4] Warning: TF_OLD_DATA ignoring data from the past for frame base_link at time 24.040000 according to authority default_authority
[cloud_adapter.py-4] Possible reasons are listed at http://wiki.ros.org/tf/Errors%20explained
[cloud_adapter.py-4]          at line 294 in ./src/buffer_core.cpp
[cloud_adapter.py-4] Warning: TF_OLD_DATA ignoring data from the past for frame base_link at time 24.060000 according to authority default_authority
[cloud_adapter.py-4] Possible reasons are listed at http://wiki.ros.org/tf/Errors%20explained
[cloud_adapter.py-4]          at line 294 in ./src/buffer_core.cpp
[cloud_adapter.py-4] Warning: TF_OLD_DATA ignoring data from the past for frame base_link at time 24.080000 according to authority default_authority
[cloud_adapter.py-4] Possible reasons are listed at http://wiki.ros.org/tf/Errors%20explained
[cloud_adapter.py-4]          at line 294 in ./src/buffer_core.cpp
[cloud_adapter.py-4] Warning: TF_OLD_DATA ignoring data from the past for frame base_link at time 24.100000 according to authority default_authority
[cloud_adapter.py-4] Possible reasons are listed at http://wiki.ros.org/tf/Errors%20explained
[cloud_adapter.py-4]          at line 294 in ./src/buffer_core.cpp
[cloud_adapter.py-4] Warning: TF_OLD_DATA ignoring data from the past for frame base_link at time 24.120000 according to authority default_authority
[cloud_adapter.py-4] Possible reasons are listed at http://wiki.ros.org/tf/Errors%20explained
[cloud_adapter.py-4]          at line 294 in ./src/buffer_core.cpp
[cloud_adapter.py-4] Warning: TF_OLD_DATA ignoring data from the past for frame base_link at time 24.140000 according to authority default_authority
[cloud_adapter.py-4] Possible reasons are listed at http://wiki.ros.org/tf/Errors%20explained
[cloud_adapter.py-4]          at line 294 in ./src/buffer_core.cpp
[cloud_adapter.py-4] Warning: TF_OLD_DATA ignoring data from the past for frame base_link at time 24.160000 according to authority default_authority
[cloud_adapter.py-4] Possible reasons are listed at http://wiki.ros.org/tf/Errors%20explained
[cloud_adapter.py-4]          at line 294 in ./src/buffer_core.cpp
[cloud_adapter.py-4] Warning: TF_OLD_DATA ignoring data from the past for frame base_link at time 24.180000 according to authority default_authority
[cloud_adapter.py-4] Possible reasons are listed at http://wiki.ros.org/tf/Errors%20explained
[cloud_adapter.py-4]          at line 294 in ./src/buffer_core.cpp
[cloud_adapter.py-4] Warning: TF_OLD_DATA ignoring data from the past for frame base_link at time 24.200000 according to authority default_authority
[cloud_adapter.py-4] Possible reasons are listed at http://wiki.ros.org/tf/Errors%20explained
[cloud_adapter.py-4]          at line 294 in ./src/buffer_core.cpp
[cloud_adapter.py-4] Warning: TF_OLD_DATA ignoring data from the past for frame base_link at time 24.220000 according to authority default_authority
[cloud_adapter.py-4] Possible reasons are listed at http://wiki.ros.org/tf/Errors%20explained
[cloud_adapter.py-4]          at line 294 in ./src/buffer_core.cpp
[cloud_adapter.py-4] Warning: TF_OLD_DATA ignoring data from the past for frame base_link at time 24.240000 according to authority default_authority
[cloud_adapter.py-4] Possible reasons are listed at http://wiki.ros.org/tf/Errors%20explained
[cloud_adapter.py-4]          at line 294 in ./src/buffer_core.cpp
[cloud_adapter.py-4] Warning: TF_OLD_DATA ignoring data from the past for frame base_link at time 24.260000 according to authority default_authority
[cloud_adapter.py-4] Possible reasons are listed at http://wiki.ros.org/tf/Errors%20explained
[cloud_adapter.py-4]          at line 294 in ./src/buffer_core.cpp
[cloud_adapter.py-4] Warning: TF_OLD_DATA ignoring data from the past for frame base_link at time 24.280000 according to authority default_authority
[cloud_adapter.py-4] Possible reasons are listed at http://wiki.ros.org/tf/Errors%20explained
[cloud_adapter.py-4]          at line 294 in ./src/buffer_core.cpp
[cloud_adapter.py-4] Warning: TF_OLD_DATA ignoring data from the past for frame base_link at time 24.300000 according to authority default_authority
[cloud_adapter.py-4] Possible reasons are listed at http://wiki.ros.org/tf/Errors%20explained
[cloud_adapter.py-4]          at line 294 in ./src/buffer_core.cpp
[cloud_adapter.py-4] Warning: TF_OLD_DATA ignoring data from the past for frame base_link at time 24.320000 according to authority default_authority
[cloud_adapter.py-4] Possible reasons are listed at http://wiki.ros.org/tf/Errors%20explained
[cloud_adapter.py-4]          at line 294 in ./src/buffer_core.cpp
[cloud_adapter.py-4] Warning: TF_OLD_DATA ignoring data from the past for frame base_link at time 24.340000 according to authority default_authority
[cloud_adapter.py-4] Possible reasons are listed at http://wiki.ros.org/tf/Errors%20explained
[cloud_adapter.py-4]          at line 294 in ./src/buffer_core.cpp
[cloud_adapter.py-4] Warning: TF_OLD_DATA ignoring data from the past for frame base_link at time 24.360000 according to authority default_authority
[cloud_adapter.py-4] Possible reasons are listed at http://wiki.ros.org/tf/Errors%20explained
[cloud_adapter.py-4]          at line 294 in ./src/buffer_core.cpp
[cloud_adapter.py-4] Warning: TF_OLD_DATA ignoring data from the past for frame base_link at time 24.380000 according to authority default_authority
[cloud_adapter.py-4] Possible reasons are listed at http://wiki.ros.org/tf/Errors%20explained
[cloud_adapter.py-4]          at line 294 in ./src/buffer_core.cpp
[cloud_adapter.py-4] Warning: TF_OLD_DATA ignoring data from the past for frame base_link at time 24.400000 according to authority default_authority
[cloud_adapter.py-4] Possible reasons are listed at http://wiki.ros.org/tf/Errors%20explained
[cloud_adapter.py-4]          at line 294 in ./src/buffer_core.cpp
[cloud_adapter.py-4] Warning: TF_OLD_DATA ignoring data from the past for frame base_link at time 24.420000 according to authority default_authority
[cloud_adapter.py-4] Possible reasons are listed at http://wiki.ros.org/tf/Errors%20explained
[cloud_adapter.py-4]          at line 294 in ./src/buffer_core.cpp
[cloud_adapter.py-4] Warning: TF_OLD_DATA ignoring data from the past for frame base_link at time 24.440000 according to authority default_authority
[cloud_adapter.py-4] Possible reasons are listed at http://wiki.ros.org/tf/Errors%20explained
[cloud_adapter.py-4]          at line 294 in ./src/buffer_core.cpp
[cloud_adapter.py-4] Warning: TF_OLD_DATA ignoring data from the past for frame base_link at time 24.460000 according to authority default_authority
[cloud_adapter.py-4] Possible reasons are listed at http://wiki.ros.org/tf/Errors%20explained
[cloud_adapter.py-4]          at line 294 in ./src/buffer_core.cpp
[cloud_adapter.py-4] Warning: TF_OLD_DATA ignoring data from the past for frame base_link at time 24.480000 according to authority default_authority
[cloud_adapter.py-4] Possible reasons are listed at http://wiki.ros.org/tf/Errors%20explained
[cloud_adapter.py-4]          at line 294 in ./src/buffer_core.cpp
[cloud_adapter.py-4] Warning: TF_OLD_DATA ignoring data from the past for frame base_link at time 24.500000 according to authority default_authority
[cloud_adapter.py-4] Possible reasons are listed at http://wiki.ros.org/tf/Errors%20explained
[cloud_adapter.py-4]          at line 294 in ./src/buffer_core.cpp
[cloud_adapter.py-4] Warning: TF_OLD_DATA ignoring data from the past for frame base_link at time 24.520000 according to authority default_authority
[cloud_adapter.py-4] Possible reasons are listed at http://wiki.ros.org/tf/Errors%20explained
[cloud_adapter.py-4]          at line 294 in ./src/buffer_core.cpp
[cloud_adapter.py-4] Warning: TF_OLD_DATA ignoring data from the past for frame base_link at time 24.540000 according to authority default_authority
[cloud_adapter.py-4] Possible reasons are listed at http://wiki.ros.org/tf/Errors%20explained
[cloud_adapter.py-4]          at line 294 in ./src/buffer_core.cpp
[cloud_adapter.py-4] Warning: TF_OLD_DATA ignoring data from the past for frame base_link at time 24.560000 according to authority default_authority
[cloud_adapter.py-4] Possible reasons are listed at http://wiki.ros.org/tf/Errors%20explained
[cloud_adapter.py-4]          at line 294 in ./src/buffer_core.cpp
[cloud_adapter.py-4] Warning: TF_OLD_DATA ignoring data from the past for frame base_link at time 24.580000 according to authority default_authority
[cloud_adapter.py-4] Possible reasons are listed at http://wiki.ros.org/tf/Errors%20explained
[cloud_adapter.py-4]          at line 294 in ./src/buffer_core.cpp
[cloud_adapter.py-4] Warning: TF_OLD_DATA ignoring data from the past for frame base_link at time 24.600000 according to authority default_authority
[cloud_adapter.py-4] Possible reasons are listed at http://wiki.ros.org/tf/Errors%20explained
[cloud_adapter.py-4]          at line 294 in ./src/buffer_core.cpp
[cloud_adapter.py-4] Warning: TF_OLD_DATA ignoring data from the past for frame base_link at time 24.620000 according to authority default_authority
[cloud_adapter.py-4] Possible reasons are listed at http://wiki.ros.org/tf/Errors%20explained
[cloud_adapter.py-4]          at line 294 in ./src/buffer_core.cpp
[cloud_adapter.py-4] Warning: TF_OLD_DATA ignoring data from the past for frame base_link at time 24.640000 according to authority default_authority
[cloud_adapter.py-4] Possible reasons are listed at http://wiki.ros.org/tf/Errors%20explained
[cloud_adapter.py-4]          at line 294 in ./src/buffer_core.cpp
[cloud_adapter.py-4] Warning: TF_OLD_DATA ignoring data from the past for frame base_link at time 24.660000 according to authority default_authority
[cloud_adapter.py-4] Possible reasons are listed at http://wiki.ros.org/tf/Errors%20explained
[cloud_adapter.py-4]          at line 294 in ./src/buffer_core.cpp
[cloud_adapter.py-4] Warning: TF_OLD_DATA ignoring data from the past for frame base_link at time 24.680000 according to authority default_authority
[cloud_adapter.py-4] Possible reasons are listed at http://wiki.ros.org/tf/Errors%20explained
[cloud_adapter.py-4]          at line 294 in ./src/buffer_core.cpp
[cloud_adapter.py-4] Warning: TF_OLD_DATA ignoring data from the past for frame base_link at time 24.700000 according to authority default_authority
[cloud_adapter.py-4] Possible reasons are listed at http://wiki.ros.org/tf/Errors%20explained
[cloud_adapter.py-4]          at line 294 in ./src/buffer_core.cpp
[cloud_adapter.py-4] Warning: TF_OLD_DATA ignoring data from the past for frame base_link at time 24.720000 according to authority default_authority
[cloud_adapter.py-4] Possible reasons are listed at http://wiki.ros.org/tf/Errors%20explained
[cloud_adapter.py-4]          at line 294 in ./src/buffer_core.cpp
[cloud_adapter.py-4] Warning: TF_OLD_DATA ignoring data from the past for frame base_link at time 24.740000 according to authority default_authority
[cloud_adapter.py-4] Possible reasons are listed at http://wiki.ros.org/tf/Errors%20explained
[cloud_adapter.py-4]          at line 294 in ./src/buffer_core.cpp
[cloud_adapter.py-4] Warning: TF_OLD_DATA ignoring data from the past for frame base_link at time 24.760000 according to authority default_authority
[cloud_adapter.py-4] Possible reasons are listed at http://wiki.ros.org/tf/Errors%20explained
[cloud_adapter.py-4]          at line 294 in ./src/buffer_core.cpp
[cloud_adapter.py-4] Warning: TF_OLD_DATA ignoring data from the past for frame base_link at time 24.780000 according to authority default_authority
[cloud_adapter.py-4] Possible reasons are listed at http://wiki.ros.org/tf/Errors%20explained
[cloud_adapter.py-4]          at line 294 in ./src/buffer_core.cpp
[cloud_adapter.py-4] Warning: TF_OLD_DATA ignoring data from the past for frame base_link at time 24.800000 according to authority default_authority
[cloud_adapter.py-4] Possible reasons are listed at http://wiki.ros.org/tf/Errors%20explained
[cloud_adapter.py-4]          at line 294 in ./src/buffer_core.cpp
[cloud_adapter.py-4] Warning: TF_OLD_DATA ignoring data from the past for frame base_link at time 24.820000 according to authority default_authority
[cloud_adapter.py-4] Possible reasons are listed at http://wiki.ros.org/tf/Errors%20explained
[cloud_adapter.py-4]          at line 294 in ./src/buffer_core.cpp
[cloud_adapter.py-4] Warning: TF_OLD_DATA ignoring data from the past for frame base_link at time 24.840000 according to authority default_authority
[cloud_adapter.py-4] Possible reasons are listed at http://wiki.ros.org/tf/Errors%20explained
[cloud_adapter.py-4]          at line 294 in ./src/buffer_core.cpp
[cloud_adapter.py-4] Warning: TF_OLD_DATA ignoring data from the past for frame base_link at time 24.860000 according to authority default_authority
[cloud_adapter.py-4] Possible reasons are listed at http://wiki.ros.org/tf/Errors%20explained
[cloud_adapter.py-4]          at line 294 in ./src/buffer_core.cpp
[cloud_adapter.py-4] Warning: TF_OLD_DATA ignoring data from the past for frame base_link at time 24.880000 according to authority default_authority
[cloud_adapter.py-4] Possible reasons are listed at http://wiki.ros.org/tf/Errors%20explained
[cloud_adapter.py-4]          at line 294 in ./src/buffer_core.cpp
[cloud_adapter.py-4] Warning: TF_OLD_DATA ignoring data from the past for frame base_link at time 24.900000 according to authority default_authority
[cloud_adapter.py-4] Possible reasons are listed at http://wiki.ros.org/tf/Errors%20explained
[cloud_adapter.py-4]          at line 294 in ./src/buffer_core.cpp
[cloud_adapter.py-4] Warning: TF_OLD_DATA ignoring data from the past for frame base_link at time 24.920000 according to authority default_authority
[cloud_adapter.py-4] Possible reasons are listed at http://wiki.ros.org/tf/Errors%20explained
[cloud_adapter.py-4]          at line 294 in ./src/buffer_core.cpp
[cloud_adapter.py-4] Warning: TF_OLD_DATA ignoring data from the past for frame base_link at time 24.940000 according to authority default_authority
[cloud_adapter.py-4] Possible reasons are listed at http://wiki.ros.org/tf/Errors%20explained
[cloud_adapter.py-4]          at line 294 in ./src/buffer_core.cpp
[cloud_adapter.py-4] Warning: TF_OLD_DATA ignoring data from the past for frame base_link at time 24.960000 according to authority default_authority
[cloud_adapter.py-4] Possible reasons are listed at http://wiki.ros.org/tf/Errors%20explained
[cloud_adapter.py-4]          at line 294 in ./src/buffer_core.cpp
[cloud_adapter.py-4] Warning: TF_OLD_DATA ignoring data from the past for frame base_link at time 24.980000 according to authority default_authority
[cloud_adapter.py-4] Possible reasons are listed at http://wiki.ros.org/tf/Errors%20explained
[cloud_adapter.py-4]          at line 294 in ./src/buffer_core.cpp
[cloud_adapter.py-4] Warning: TF_OLD_DATA ignoring data from the past for frame base_link at time 25.000000 according to authority default_authority
[cloud_adapter.py-4] Possible reasons are listed at http://wiki.ros.org/tf/Errors%20explained
[cloud_adapter.py-4]          at line 294 in ./src/buffer_core.cpp
[cloud_adapter.py-4] Warning: TF_OLD_DATA ignoring data from the past for frame base_link at time 25.020000 according to authority default_authority
[cloud_adapter.py-4] Possible reasons are listed at http://wiki.ros.org/tf/Errors%20explained
[cloud_adapter.py-4]          at line 294 in ./src/buffer_core.cpp
[cloud_adapter.py-4] Warning: TF_OLD_DATA ignoring data from the past for frame base_link at time 25.040000 according to authority default_authority
[cloud_adapter.py-4] Possible reasons are listed at http://wiki.ros.org/tf/Errors%20explained
[cloud_adapter.py-4]          at line 294 in ./src/buffer_core.cpp
[cloud_adapter.py-4] Warning: TF_OLD_DATA ignoring data from the past for frame base_link at time 25.060000 according to authority default_authority
[cloud_adapter.py-4] Possible reasons are listed at http://wiki.ros.org/tf/Errors%20explained
[cloud_adapter.py-4]          at line 294 in ./src/buffer_core.cpp
[cloud_adapter.py-4] Warning: TF_OLD_DATA ignoring data from the past for frame base_link at time 25.080000 according to authority default_authority
[cloud_adapter.py-4] Possible reasons are listed at http://wiki.ros.org/tf/Errors%20explained
[cloud_adapter.py-4]          at line 294 in ./src/buffer_core.cpp
[cloud_adapter.py-4] Warning: TF_OLD_DATA ignoring data from the past for frame base_link at time 25.100000 according to authority default_authority
[cloud_adapter.py-4] Possible reasons are listed at http://wiki.ros.org/tf/Errors%20explained
[cloud_adapter.py-4]          at line 294 in ./src/buffer_core.cpp
[cloud_adapter.py-4] Warning: TF_OLD_DATA ignoring data from the past for frame base_link at time 25.120000 according to authority default_authority
[cloud_adapter.py-4] Possible reasons are listed at http://wiki.ros.org/tf/Errors%20explained
[cloud_adapter.py-4]          at line 294 in ./src/buffer_core.cpp
[cloud_adapter.py-4] Warning: TF_OLD_DATA ignoring data from the past for frame base_link at time 25.140000 according to authority default_authority
[cloud_adapter.py-4] Possible reasons are listed at http://wiki.ros.org/tf/Errors%20explained
[cloud_adapter.py-4]          at line 294 in ./src/buffer_core.cpp
[cloud_adapter.py-4] Warning: TF_OLD_DATA ignoring data from the past for frame base_link at time 25.160000 according to authority default_authority
[cloud_adapter.py-4] Possible reasons are listed at http://wiki.ros.org/tf/Errors%20explained
[cloud_adapter.py-4]          at line 294 in ./src/buffer_core.cpp
[cloud_adapter.py-4] Warning: TF_OLD_DATA ignoring data from the past for frame base_link at time 25.180000 according to authority default_authority
[cloud_adapter.py-4] Possible reasons are listed at http://wiki.ros.org/tf/Errors%20explained
[cloud_adapter.py-4]          at line 294 in ./src/buffer_core.cpp
[cloud_adapter.py-4] Warning: TF_OLD_DATA ignoring data from the past for frame base_link at time 25.200000 according to authority default_authority
[cloud_adapter.py-4] Possible reasons are listed at http://wiki.ros.org/tf/Errors%20explained
[cloud_adapter.py-4]          at line 294 in ./src/buffer_core.cpp
[cloud_adapter.py-4] Warning: TF_OLD_DATA ignoring data from the past for frame base_link at time 25.220000 according to authority default_authority
[cloud_adapter.py-4] Possible reasons are listed at http://wiki.ros.org/tf/Errors%20explained
[cloud_adapter.py-4]          at line 294 in ./src/buffer_core.cpp
[cloud_adapter.py-4] Warning: TF_OLD_DATA ignoring data from the past for frame base_link at time 25.240000 according to authority default_authority
[cloud_adapter.py-4] Possible reasons are listed at http://wiki.ros.org/tf/Errors%20explained
[cloud_adapter.py-4]          at line 294 in ./src/buffer_core.cpp
[cloud_adapter.py-4] Warning: TF_OLD_DATA ignoring data from the past for frame base_link at time 25.260000 according to authority default_authority
[cloud_adapter.py-4] Possible reasons are listed at http://wiki.ros.org/tf/Errors%20explained
[cloud_adapter.py-4]          at line 294 in ./src/buffer_core.cpp
[cloud_adapter.py-4] Warning: TF_OLD_DATA ignoring data from the past for frame base_link at time 25.280000 according to authority default_authority
[cloud_adapter.py-4] Possible reasons are listed at http://wiki.ros.org/tf/Errors%20explained
[cloud_adapter.py-4]          at line 294 in ./src/buffer_core.cpp
[cloud_adapter.py-4] Warning: TF_OLD_DATA ignoring data from the past for frame base_link at time 25.300000 according to authority default_authority
[cloud_adapter.py-4] Possible reasons are listed at http://wiki.ros.org/tf/Errors%20explained
[cloud_adapter.py-4]          at line 294 in ./src/buffer_core.cpp
[cloud_adapter.py-4] Warning: TF_OLD_DATA ignoring data from the past for frame base_link at time 25.320000 according to authority default_authority
[cloud_adapter.py-4] Possible reasons are listed at http://wiki.ros.org/tf/Errors%20explained
[cloud_adapter.py-4]          at line 294 in ./src/buffer_core.cpp
[cloud_adapter.py-4] Warning: TF_OLD_DATA ignoring data from the past for frame base_link at time 25.340000 according to authority default_authority
[cloud_adapter.py-4] Possible reasons are listed at http://wiki.ros.org/tf/Errors%20explained
[cloud_adapter.py-4]          at line 294 in ./src/buffer_core.cpp
[cloud_adapter.py-4] Warning: TF_OLD_DATA ignoring data from the past for frame base_link at time 25.360000 according to authority default_authority
[cloud_adapter.py-4] Possible reasons are listed at http://wiki.ros.org/tf/Errors%20explained
[cloud_adapter.py-4]          at line 294 in ./src/buffer_core.cpp
[cloud_adapter.py-4] Warning: TF_OLD_DATA ignoring data from the past for frame base_link at time 25.380000 according to authority default_authority
[cloud_adapter.py-4] Possible reasons are listed at http://wiki.ros.org/tf/Errors%20explained
[cloud_adapter.py-4]          at line 294 in ./src/buffer_core.cpp
[cloud_adapter.py-4] Warning: TF_OLD_DATA ignoring data from the past for frame base_link at time 25.400000 according to authority default_authority
[cloud_adapter.py-4] Possible reasons are listed at http://wiki.ros.org/tf/Errors%20explained
[cloud_adapter.py-4]          at line 294 in ./src/buffer_core.cpp
[cloud_adapter.py-4] Warning: TF_OLD_DATA ignoring data from the past for frame base_link at time 25.420000 according to authority default_authority
[cloud_adapter.py-4] Possible reasons are listed at http://wiki.ros.org/tf/Errors%20explained
[cloud_adapter.py-4]          at line 294 in ./src/buffer_core.cpp
[cloud_adapter.py-4] Warning: TF_OLD_DATA ignoring data from the past for frame base_link at time 25.440000 according to authority default_authority
[cloud_adapter.py-4] Possible reasons are listed at http://wiki.ros.org/tf/Errors%20explained
[cloud_adapter.py-4]          at line 294 in ./src/buffer_core.cpp
[cloud_adapter.py-4] Warning: TF_OLD_DATA ignoring data from the past for frame base_link at time 25.460000 according to authority default_authority
[cloud_adapter.py-4] Possible reasons are listed at http://wiki.ros.org/tf/Errors%20explained
[cloud_adapter.py-4]          at line 294 in ./src/buffer_core.cpp
[cloud_adapter.py-4] Warning: TF_OLD_DATA ignoring data from the past for frame base_link at time 25.480000 according to authority default_authority
[cloud_adapter.py-4] Possible reasons are listed at http://wiki.ros.org/tf/Errors%20explained
[cloud_adapter.py-4]          at line 294 in ./src/buffer_core.cpp
[cloud_adapter.py-4] Warning: TF_OLD_DATA ignoring data from the past for frame base_link at time 25.500000 according to authority default_authority
[cloud_adapter.py-4] Possible reasons are listed at http://wiki.ros.org/tf/Errors%20explained
[cloud_adapter.py-4]          at line 294 in ./src/buffer_core.cpp
[cloud_adapter.py-4] Warning: TF_OLD_DATA ignoring data from the past for frame base_link at time 25.520000 according to authority default_authority
[cloud_adapter.py-4] Possible reasons are listed at http://wiki.ros.org/tf/Errors%20explained
[cloud_adapter.py-4]          at line 294 in ./src/buffer_core.cpp
[cloud_adapter.py-4] Warning: TF_OLD_DATA ignoring data from the past for frame base_link at time 25.540000 according to authority default_authority
[cloud_adapter.py-4] Possible reasons are listed at http://wiki.ros.org/tf/Errors%20explained
[cloud_adapter.py-4]          at line 294 in ./src/buffer_core.cpp
[cloud_adapter.py-4] Warning: TF_OLD_DATA ignoring data from the past for frame base_link at time 25.560000 according to authority default_authority
[cloud_adapter.py-4] Possible reasons are listed at http://wiki.ros.org/tf/Errors%20explained
[cloud_adapter.py-4]          at line 294 in ./src/buffer_core.cpp
[cloud_adapter.py-4] Warning: TF_OLD_DATA ignoring data from the past for frame base_link at time 25.580000 according to authority default_authority
[cloud_adapter.py-4] Possible reasons are listed at http://wiki.ros.org/tf/Errors%20explained
[cloud_adapter.py-4]          at line 294 in ./src/buffer_core.cpp
[cloud_adapter.py-4] Warning: TF_OLD_DATA ignoring data from the past for frame base_link at time 25.600000 according to authority default_authority
[cloud_adapter.py-4] Possible reasons are listed at http://wiki.ros.org/tf/Errors%20explained
[cloud_adapter.py-4]          at line 294 in ./src/buffer_core.cpp
[cloud_adapter.py-4] Warning: TF_OLD_DATA ignoring data from the past for frame base_link at time 25.620000 according to authority default_authority
[cloud_adapter.py-4] Possible reasons are listed at http://wiki.ros.org/tf/Errors%20explained
[cloud_adapter.py-4]          at line 294 in ./src/buffer_core.cpp
[cloud_adapter.py-4] Warning: TF_OLD_DATA ignoring data from the past for frame base_link at time 25.640000 according to authority default_authority
[cloud_adapter.py-4] Possible reasons are listed at http://wiki.ros.org/tf/Errors%20explained
[cloud_adapter.py-4]          at line 294 in ./src/buffer_core.cpp
[cloud_adapter.py-4] Warning: TF_OLD_DATA ignoring data from the past for frame base_link at time 25.660000 according to authority default_authority
[cloud_adapter.py-4] Possible reasons are listed at http://wiki.ros.org/tf/Errors%20explained
[cloud_adapter.py-4]          at line 294 in ./src/buffer_core.cpp
[cloud_adapter.py-4] Warning: TF_OLD_DATA ignoring data from the past for frame base_link at time 25.680000 according to authority default_authority
[cloud_adapter.py-4] Possible reasons are listed at http://wiki.ros.org/tf/Errors%20explained
[cloud_adapter.py-4]          at line 294 in ./src/buffer_core.cpp
[cloud_adapter.py-4] Warning: TF_OLD_DATA ignoring data from the past for frame base_link at time 25.700000 according to authority default_authority
[cloud_adapter.py-4] Possible reasons are listed at http://wiki.ros.org/tf/Errors%20explained
[cloud_adapter.py-4]          at line 294 in ./src/buffer_core.cpp
[cloud_adapter.py-4] Warning: TF_OLD_DATA ignoring data from the past for frame base_link at time 25.720000 according to authority default_authority
[cloud_adapter.py-4] Possible reasons are listed at http://wiki.ros.org/tf/Errors%20explained
[cloud_adapter.py-4]          at line 294 in ./src/buffer_core.cpp
[cloud_adapter.py-4] Warning: TF_OLD_DATA ignoring data from the past for frame base_link at time 25.740000 according to authority default_authority
[cloud_adapter.py-4] Possible reasons are listed at http://wiki.ros.org/tf/Errors%20explained
[cloud_adapter.py-4]          at line 294 in ./src/buffer_core.cpp
[cloud_adapter.py-4] Warning: TF_OLD_DATA ignoring data from the past for frame base_link at time 25.760000 according to authority default_authority
[cloud_adapter.py-4] Possible reasons are listed at http://wiki.ros.org/tf/Errors%20explained
[cloud_adapter.py-4]          at line 294 in ./src/buffer_core.cpp
[cloud_adapter.py-4] Warning: TF_OLD_DATA ignoring data from the past for frame base_link at time 25.780000 according to authority default_authority
[cloud_adapter.py-4] Possible reasons are listed at http://wiki.ros.org/tf/Errors%20explained
[cloud_adapter.py-4]          at line 294 in ./src/buffer_core.cpp
[cloud_adapter.py-4] Warning: TF_OLD_DATA ignoring data from the past for frame base_link at time 25.800000 according to authority default_authority
[cloud_adapter.py-4] Possible reasons are listed at http://wiki.ros.org/tf/Errors%20explained
[cloud_adapter.py-4]          at line 294 in ./src/buffer_core.cpp
[cloud_adapter.py-4] Warning: TF_OLD_DATA ignoring data from the past for frame base_link at time 25.820000 according to authority default_authority
[cloud_adapter.py-4] Possible reasons are listed at http://wiki.ros.org/tf/Errors%20explained
[cloud_adapter.py-4]          at line 294 in ./src/buffer_core.cpp
[cloud_adapter.py-4] Warning: TF_OLD_DATA ignoring data from the past for frame base_link at time 25.840000 according to authority default_authority
[cloud_adapter.py-4] Possible reasons are listed at http://wiki.ros.org/tf/Errors%20explained
[cloud_adapter.py-4]          at line 294 in ./src/buffer_core.cpp
[cloud_adapter.py-4] Warning: TF_OLD_DATA ignoring data from the past for frame base_link at time 25.860000 according to authority default_authority
[cloud_adapter.py-4] Possible reasons are listed at http://wiki.ros.org/tf/Errors%20explained
[cloud_adapter.py-4]          at line 294 in ./src/buffer_core.cpp
[cloud_adapter.py-4] Warning: TF_OLD_DATA ignoring data from the past for frame base_link at time 25.880000 according to authority default_authority
[cloud_adapter.py-4] Possible reasons are listed at http://wiki.ros.org/tf/Errors%20explained
[cloud_adapter.py-4]          at line 294 in ./src/buffer_core.cpp
[cloud_adapter.py-4] Warning: TF_OLD_DATA ignoring data from the past for frame base_link at time 25.900000 according to authority default_authority
[cloud_adapter.py-4] Possible reasons are listed at http://wiki.ros.org/tf/Errors%20explained
[cloud_adapter.py-4]          at line 294 in ./src/buffer_core.cpp
[cloud_adapter.py-4] Warning: TF_OLD_DATA ignoring data from the past for frame base_link at time 25.920000 according to authority default_authority
[cloud_adapter.py-4] Possible reasons are listed at http://wiki.ros.org/tf/Errors%20explained
[cloud_adapter.py-4]          at line 294 in ./src/buffer_core.cpp
[cloud_adapter.py-4] Warning: TF_OLD_DATA ignoring data from the past for frame base_link at time 25.940000 according to authority default_authority
[cloud_adapter.py-4] Possible reasons are listed at http://wiki.ros.org/tf/Errors%20explained
[cloud_adapter.py-4]          at line 294 in ./src/buffer_core.cpp
[cloud_adapter.py-4] Warning: TF_OLD_DATA ignoring data from the past for frame base_link at time 25.960000 according to authority default_authority
[cloud_adapter.py-4] Possible reasons are listed at http://wiki.ros.org/tf/Errors%20explained
[cloud_adapter.py-4]          at line 294 in ./src/buffer_core.cpp
[cloud_adapter.py-4] Warning: TF_OLD_DATA ignoring data from the past for frame base_link at time 25.980000 according to authority default_authority
[cloud_adapter.py-4] Possible reasons are listed at http://wiki.ros.org/tf/Errors%20explained
[cloud_adapter.py-4]          at line 294 in ./src/buffer_core.cpp
[cloud_adapter.py-4] Warning: TF_OLD_DATA ignoring data from the past for frame base_link at time 26.000000 according to authority default_authority
[cloud_adapter.py-4] Possible reasons are listed at http://wiki.ros.org/tf/Errors%20explained
[cloud_adapter.py-4]          at line 294 in ./src/buffer_core.cpp
[cloud_adapter.py-4] Warning: TF_OLD_DATA ignoring data from the past for frame base_link at time 26.020000 according to authority default_authority
[cloud_adapter.py-4] Possible reasons are listed at http://wiki.ros.org/tf/Errors%20explained
[cloud_adapter.py-4]          at line 294 in ./src/buffer_core.cpp
[cloud_adapter.py-4] Warning: TF_OLD_DATA ignoring data from the past for frame base_link at time 26.040000 according to authority default_authority
[cloud_adapter.py-4] Possible reasons are listed at http://wiki.ros.org/tf/Errors%20explained
[cloud_adapter.py-4]          at line 294 in ./src/buffer_core.cpp
[cloud_adapter.py-4] Warning: TF_OLD_DATA ignoring data from the past for frame base_link at time 26.060000 according to authority default_authority
[cloud_adapter.py-4] Possible reasons are listed at http://wiki.ros.org/tf/Errors%20explained
[cloud_adapter.py-4]          at line 294 in ./src/buffer_core.cpp
[cloud_adapter.py-4] Warning: TF_OLD_DATA ignoring data from the past for frame base_link at time 26.080000 according to authority default_authority
[cloud_adapter.py-4] Possible reasons are listed at http://wiki.ros.org/tf/Errors%20explained
[cloud_adapter.py-4]          at line 294 in ./src/buffer_core.cpp
[cloud_adapter.py-4] Warning: TF_OLD_DATA ignoring data from the past for frame base_link at time 26.100000 according to authority default_authority
[cloud_adapter.py-4] Possible reasons are listed at http://wiki.ros.org/tf/Errors%20explained
[cloud_adapter.py-4]          at line 294 in ./src/buffer_core.cpp
[cloud_adapter.py-4] Warning: TF_OLD_DATA ignoring data from the past for frame base_link at time 26.120000 according to authority default_authority
[cloud_adapter.py-4] Possible reasons are listed at http://wiki.ros.org/tf/Errors%20explained
[cloud_adapter.py-4]          at line 294 in ./src/buffer_core.cpp
[cloud_adapter.py-4] Warning: TF_OLD_DATA ignoring data from the past for frame base_link at time 26.140000 according to authority default_authority
[cloud_adapter.py-4] Possible reasons are listed at http://wiki.ros.org/tf/Errors%20explained
[cloud_adapter.py-4]          at line 294 in ./src/buffer_core.cpp
[cloud_adapter.py-4] Warning: TF_OLD_DATA ignoring data from the past for frame base_link at time 26.160000 according to authority default_authority
[cloud_adapter.py-4] Possible reasons are listed at http://wiki.ros.org/tf/Errors%20explained
[cloud_adapter.py-4]          at line 294 in ./src/buffer_core.cpp
[cloud_adapter.py-4] Warning: TF_OLD_DATA ignoring data from the past for frame base_link at time 26.180000 according to authority default_authority
[cloud_adapter.py-4] Possible reasons are listed at http://wiki.ros.org/tf/Errors%20explained
[cloud_adapter.py-4]          at line 294 in ./src/buffer_core.cpp
[cloud_adapter.py-4] Warning: TF_OLD_DATA ignoring data from the past for frame base_link at time 26.200000 according to authority default_authority
[cloud_adapter.py-4] Possible reasons are listed at http://wiki.ros.org/tf/Errors%20explained
[cloud_adapter.py-4]          at line 294 in ./src/buffer_core.cpp
[cloud_adapter.py-4] Warning: TF_OLD_DATA ignoring data from the past for frame base_link at time 26.220000 according to authority default_authority
[cloud_adapter.py-4] Possible reasons are listed at http://wiki.ros.org/tf/Errors%20explained
[cloud_adapter.py-4]          at line 294 in ./src/buffer_core.cpp
[cloud_adapter.py-4] Warning: TF_OLD_DATA ignoring data from the past for frame base_link at time 26.240000 according to authority default_authority
[cloud_adapter.py-4] Possible reasons are listed at http://wiki.ros.org/tf/Errors%20explained
[cloud_adapter.py-4]          at line 294 in ./src/buffer_core.cpp
[cloud_adapter.py-4] Warning: TF_OLD_DATA ignoring data from the past for frame base_link at time 26.260000 according to authority default_authority
[cloud_adapter.py-4] Possible reasons are listed at http://wiki.ros.org/tf/Errors%20explained
[cloud_adapter.py-4]          at line 294 in ./src/buffer_core.cpp
[cloud_adapter.py-4] Warning: TF_OLD_DATA ignoring data from the past for frame base_link at time 26.280000 according to authority default_authority
[cloud_adapter.py-4] Possible reasons are listed at http://wiki.ros.org/tf/Errors%20explained
[cloud_adapter.py-4]          at line 294 in ./src/buffer_core.cpp
[cloud_adapter.py-4] Warning: TF_OLD_DATA ignoring data from the past for frame base_link at time 26.300000 according to authority default_authority
[cloud_adapter.py-4] Possible reasons are listed at http://wiki.ros.org/tf/Errors%20explained
[cloud_adapter.py-4]          at line 294 in ./src/buffer_core.cpp
[cloud_adapter.py-4] Warning: TF_OLD_DATA ignoring data from the past for frame base_link at time 26.320000 according to authority default_authority
[cloud_adapter.py-4] Possible reasons are listed at http://wiki.ros.org/tf/Errors%20explained
[cloud_adapter.py-4]          at line 294 in ./src/buffer_core.cpp
[cloud_adapter.py-4] Warning: TF_OLD_DATA ignoring data from the past for frame base_link at time 26.340000 according to authority default_authority
[cloud_adapter.py-4] Possible reasons are listed at http://wiki.ros.org/tf/Errors%20explained
[cloud_adapter.py-4]          at line 294 in ./src/buffer_core.cpp
[cloud_adapter.py-4] Warning: TF_OLD_DATA ignoring data from the past for frame base_link at time 26.360000 according to authority default_authority
[cloud_adapter.py-4] Possible reasons are listed at http://wiki.ros.org/tf/Errors%20explained
[cloud_adapter.py-4]          at line 294 in ./src/buffer_core.cpp
[cloud_adapter.py-4] Warning: TF_OLD_DATA ignoring data from the past for frame base_link at time 26.380000 according to authority default_authority
[cloud_adapter.py-4] Possible reasons are listed at http://wiki.ros.org/tf/Errors%20explained
[cloud_adapter.py-4]          at line 294 in ./src/buffer_core.cpp
[cloud_adapter.py-4] Warning: TF_OLD_DATA ignoring data from the past for frame base_link at time 26.400000 according to authority default_authority
[cloud_adapter.py-4] Possible reasons are listed at http://wiki.ros.org/tf/Errors%20explained
[cloud_adapter.py-4]          at line 294 in ./src/buffer_core.cpp
[cloud_adapter.py-4] Warning: TF_OLD_DATA ignoring data from the past for frame base_link at time 26.420000 according to authority default_authority
[cloud_adapter.py-4] Possible reasons are listed at http://wiki.ros.org/tf/Errors%20explained
[cloud_adapter.py-4]          at line 294 in ./src/buffer_core.cpp
[cloud_adapter.py-4] Warning: TF_OLD_DATA ignoring data from the past for frame base_link at time 26.440000 according to authority default_authority
[cloud_adapter.py-4] Possible reasons are listed at http://wiki.ros.org/tf/Errors%20explained
[cloud_adapter.py-4]          at line 294 in ./src/buffer_core.cpp
[cloud_adapter.py-4] Warning: TF_OLD_DATA ignoring data from the past for frame base_link at time 26.460000 according to authority default_authority
[cloud_adapter.py-4] Possible reasons are listed at http://wiki.ros.org/tf/Errors%20explained
[cloud_adapter.py-4]          at line 294 in ./src/buffer_core.cpp
[cloud_adapter.py-4] Warning: TF_OLD_DATA ignoring data from the past for frame base_link at time 26.480000 according to authority default_authority
[cloud_adapter.py-4] Possible reasons are listed at http://wiki.ros.org/tf/Errors%20explained
[cloud_adapter.py-4]          at line 294 in ./src/buffer_core.cpp
[cloud_adapter.py-4] Warning: TF_OLD_DATA ignoring data from the past for frame base_link at time 26.500000 according to authority default_authority
[cloud_adapter.py-4] Possible reasons are listed at http://wiki.ros.org/tf/Errors%20explained
[cloud_adapter.py-4]          at line 294 in ./src/buffer_core.cpp
[cloud_adapter.py-4] Warning: TF_OLD_DATA ignoring data from the past for frame base_link at time 26.520000 according to authority default_authority
[cloud_adapter.py-4] Possible reasons are listed at http://wiki.ros.org/tf/Errors%20explained
[cloud_adapter.py-4]          at line 294 in ./src/buffer_core.cpp
[cloud_adapter.py-4] Warning: TF_OLD_DATA ignoring data from the past for frame base_link at time 26.540000 according to authority default_authority
[cloud_adapter.py-4] Possible reasons are listed at http://wiki.ros.org/tf/Errors%20explained
[cloud_adapter.py-4]          at line 294 in ./src/buffer_core.cpp
[cloud_adapter.py-4] Warning: TF_OLD_DATA ignoring data from the past for frame base_link at time 26.560000 according to authority default_authority
[cloud_adapter.py-4] Possible reasons are listed at http://wiki.ros.org/tf/Errors%20explained
[cloud_adapter.py-4]          at line 294 in ./src/buffer_core.cpp
[cloud_adapter.py-4] Warning: TF_OLD_DATA ignoring data from the past for frame base_link at time 26.580000 according to authority default_authority
[cloud_adapter.py-4] Possible reasons are listed at http://wiki.ros.org/tf/Errors%20explained
[cloud_adapter.py-4]          at line 294 in ./src/buffer_core.cpp
[cloud_adapter.py-4] Warning: TF_OLD_DATA ignoring data from the past for frame base_link at time 26.600000 according to authority default_authority
[cloud_adapter.py-4] Possible reasons are listed at http://wiki.ros.org/tf/Errors%20explained
[cloud_adapter.py-4]          at line 294 in ./src/buffer_core.cpp
[cloud_adapter.py-4] Warning: TF_OLD_DATA ignoring data from the past for frame base_link at time 26.620000 according to authority default_authority
[cloud_adapter.py-4] Possible reasons are listed at http://wiki.ros.org/tf/Errors%20explained
[cloud_adapter.py-4]          at line 294 in ./src/buffer_core.cpp
[cloud_adapter.py-4] Warning: TF_OLD_DATA ignoring data from the past for frame base_link at time 26.640000 according to authority default_authority
[cloud_adapter.py-4] Possible reasons are listed at http://wiki.ros.org/tf/Errors%20explained
[cloud_adapter.py-4]          at line 294 in ./src/buffer_core.cpp
[cloud_adapter.py-4] Warning: TF_OLD_DATA ignoring data from the past for frame base_link at time 26.660000 according to authority default_authority
[cloud_adapter.py-4] Possible reasons are listed at http://wiki.ros.org/tf/Errors%20explained
[cloud_adapter.py-4]          at line 294 in ./src/buffer_core.cpp
[cloud_adapter.py-4] Warning: TF_OLD_DATA ignoring data from the past for frame base_link at time 26.680000 according to authority default_authority
[cloud_adapter.py-4] Possible reasons are listed at http://wiki.ros.org/tf/Errors%20explained
[cloud_adapter.py-4]          at line 294 in ./src/buffer_core.cpp
[cloud_adapter.py-4] Warning: TF_OLD_DATA ignoring data from the past for frame base_link at time 26.700000 according to authority default_authority
[cloud_adapter.py-4] Possible reasons are listed at http://wiki.ros.org/tf/Errors%20explained
[cloud_adapter.py-4]          at line 294 in ./src/buffer_core.cpp
[cloud_adapter.py-4] Warning: TF_OLD_DATA ignoring data from the past for frame base_link at time 26.720000 according to authority default_authority
[cloud_adapter.py-4] Possible reasons are listed at http://wiki.ros.org/tf/Errors%20explained
[cloud_adapter.py-4]          at line 294 in ./src/buffer_core.cpp
[cloud_adapter.py-4] Warning: TF_OLD_DATA ignoring data from the past for frame base_link at time 26.740000 according to authority default_authority
[cloud_adapter.py-4] Possible reasons are listed at http://wiki.ros.org/tf/Errors%20explained
[cloud_adapter.py-4]          at line 294 in ./src/buffer_core.cpp
[cloud_adapter.py-4] Warning: TF_OLD_DATA ignoring data from the past for frame base_link at time 26.760000 according to authority default_authority
[cloud_adapter.py-4] Possible reasons are listed at http://wiki.ros.org/tf/Errors%20explained
[cloud_adapter.py-4]          at line 294 in ./src/buffer_core.cpp
[cloud_adapter.py-4] Warning: TF_OLD_DATA ignoring data from the past for frame base_link at time 26.780000 according to authority default_authority
[cloud_adapter.py-4] Possible reasons are listed at http://wiki.ros.org/tf/Errors%20explained
[cloud_adapter.py-4]          at line 294 in ./src/buffer_core.cpp
[cloud_adapter.py-4] Warning: TF_OLD_DATA ignoring data from the past for frame base_link at time 26.800000 according to authority default_authority
[cloud_adapter.py-4] Possible reasons are listed at http://wiki.ros.org/tf/Errors%20explained
[cloud_adapter.py-4]          at line 294 in ./src/buffer_core.cpp
[cloud_adapter.py-4] Warning: TF_OLD_DATA ignoring data from the past for frame base_link at time 26.820000 according to authority default_authority
[cloud_adapter.py-4] Possible reasons are listed at http://wiki.ros.org/tf/Errors%20explained
[cloud_adapter.py-4]          at line 294 in ./src/buffer_core.cpp
[cloud_adapter.py-4] Warning: TF_OLD_DATA ignoring data from the past for frame base_link at time 26.840000 according to authority default_authority
[cloud_adapter.py-4] Possible reasons are listed at http://wiki.ros.org/tf/Errors%20explained
[cloud_adapter.py-4]          at line 294 in ./src/buffer_core.cpp
[cloud_adapter.py-4] Warning: TF_OLD_DATA ignoring data from the past for frame base_link at time 26.860000 according to authority default_authority
[cloud_adapter.py-4] Possible reasons are listed at http://wiki.ros.org/tf/Errors%20explained
[cloud_adapter.py-4]          at line 294 in ./src/buffer_core.cpp
[cloud_adapter.py-4] Warning: TF_OLD_DATA ignoring data from the past for frame base_link at time 26.880000 according to authority default_authority
[cloud_adapter.py-4] Possible reasons are listed at http://wiki.ros.org/tf/Errors%20explained
[cloud_adapter.py-4]          at line 294 in ./src/buffer_core.cpp
[cloud_adapter.py-4] Warning: TF_OLD_DATA ignoring data from the past for frame base_link at time 26.900000 according to authority default_authority
[cloud_adapter.py-4] Possible reasons are listed at http://wiki.ros.org/tf/Errors%20explained
[cloud_adapter.py-4]          at line 294 in ./src/buffer_core.cpp
[cloud_adapter.py-4] Warning: TF_OLD_DATA ignoring data from the past for frame base_link at time 26.920000 according to authority default_authority
[cloud_adapter.py-4] Possible reasons are listed at http://wiki.ros.org/tf/Errors%20explained
[cloud_adapter.py-4]          at line 294 in ./src/buffer_core.cpp
[cloud_adapter.py-4] Warning: TF_OLD_DATA ignoring data from the past for frame base_link at time 26.940000 according to authority default_authority
[cloud_adapter.py-4] Possible reasons are listed at http://wiki.ros.org/tf/Errors%20explained
[cloud_adapter.py-4]          at line 294 in ./src/buffer_core.cpp
[cloud_adapter.py-4] Warning: TF_OLD_DATA ignoring data from the past for frame base_link at time 26.960000 according to authority default_authority
[cloud_adapter.py-4] Possible reasons are listed at http://wiki.ros.org/tf/Errors%20explained
[cloud_adapter.py-4]          at line 294 in ./src/buffer_core.cpp
[cloud_adapter.py-4] Warning: TF_OLD_DATA ignoring data from the past for frame base_link at time 26.980000 according to authority default_authority
[cloud_adapter.py-4] Possible reasons are listed at http://wiki.ros.org/tf/Errors%20explained
[cloud_adapter.py-4]          at line 294 in ./src/buffer_core.cpp
[cloud_adapter.py-4] Warning: TF_OLD_DATA ignoring data from the past for frame base_link at time 27.000000 according to authority default_authority
[cloud_adapter.py-4] Possible reasons are listed at http://wiki.ros.org/tf/Errors%20explained
[cloud_adapter.py-4]          at line 294 in ./src/buffer_core.cpp
[cloud_adapter.py-4] Warning: TF_OLD_DATA ignoring data from the past for frame base_link at time 27.020000 according to authority default_authority
[cloud_adapter.py-4] Possible reasons are listed at http://wiki.ros.org/tf/Errors%20explained
[cloud_adapter.py-4]          at line 294 in ./src/buffer_core.cpp
[cloud_adapter.py-4] Warning: TF_OLD_DATA ignoring data from the past for frame base_link at time 27.040000 according to authority default_authority
[cloud_adapter.py-4] Possible reasons are listed at http://wiki.ros.org/tf/Errors%20explained
[cloud_adapter.py-4]          at line 294 in ./src/buffer_core.cpp
[cloud_adapter.py-4] Warning: TF_OLD_DATA ignoring data from the past for frame base_link at time 27.060000 according to authority default_authority
[cloud_adapter.py-4] Possible reasons are listed at http://wiki.ros.org/tf/Errors%20explained
[cloud_adapter.py-4]          at line 294 in ./src/buffer_core.cpp
[cloud_adapter.py-4] Warning: TF_OLD_DATA ignoring data from the past for frame base_link at time 27.080000 according to authority default_authority
[cloud_adapter.py-4] Possible reasons are listed at http://wiki.ros.org/tf/Errors%20explained
[cloud_adapter.py-4]          at line 294 in ./src/buffer_core.cpp
[cloud_adapter.py-4] Warning: TF_OLD_DATA ignoring data from the past for frame base_link at time 27.100000 according to authority default_authority
[cloud_adapter.py-4] Possible reasons are listed at http://wiki.ros.org/tf/Errors%20explained
[cloud_adapter.py-4]          at line 294 in ./src/buffer_core.cpp
[cloud_adapter.py-4] Warning: TF_OLD_DATA ignoring data from the past for frame base_link at time 27.120000 according to authority default_authority
[cloud_adapter.py-4] Possible reasons are listed at http://wiki.ros.org/tf/Errors%20explained
[cloud_adapter.py-4]          at line 294 in ./src/buffer_core.cpp
[cloud_adapter.py-4] Warning: TF_OLD_DATA ignoring data from the past for frame base_link at time 27.140000 according to authority default_authority
[cloud_adapter.py-4] Possible reasons are listed at http://wiki.ros.org/tf/Errors%20explained
[cloud_adapter.py-4]          at line 294 in ./src/buffer_core.cpp
[cloud_adapter.py-4] Warning: TF_OLD_DATA ignoring data from the past for frame base_link at time 27.160000 according to authority default_authority
[cloud_adapter.py-4] Possible reasons are listed at http://wiki.ros.org/tf/Errors%20explained
[cloud_adapter.py-4]          at line 294 in ./src/buffer_core.cpp
[cloud_adapter.py-4] Warning: TF_OLD_DATA ignoring data from the past for frame base_link at time 27.180000 according to authority default_authority
[cloud_adapter.py-4] Possible reasons are listed at http://wiki.ros.org/tf/Errors%20explained
[cloud_adapter.py-4]          at line 294 in ./src/buffer_core.cpp
[cloud_adapter.py-4] Warning: TF_OLD_DATA ignoring data from the past for frame base_link at time 27.200000 according to authority default_authority
[cloud_adapter.py-4] Possible reasons are listed at http://wiki.ros.org/tf/Errors%20explained
[cloud_adapter.py-4]          at line 294 in ./src/buffer_core.cpp
[cloud_adapter.py-4] Warning: TF_OLD_DATA ignoring data from the past for frame base_link at time 27.220000 according to authority default_authority
[cloud_adapter.py-4] Possible reasons are listed at http://wiki.ros.org/tf/Errors%20explained
[cloud_adapter.py-4]          at line 294 in ./src/buffer_core.cpp
[cloud_adapter.py-4] Warning: TF_OLD_DATA ignoring data from the past for frame base_link at time 27.240000 according to authority default_authority
[cloud_adapter.py-4] Possible reasons are listed at http://wiki.ros.org/tf/Errors%20explained
[cloud_adapter.py-4]          at line 294 in ./src/buffer_core.cpp
[cloud_adapter.py-4] Warning: TF_OLD_DATA ignoring data from the past for frame base_link at time 27.260000 according to authority default_authority
[cloud_adapter.py-4] Possible reasons are listed at http://wiki.ros.org/tf/Errors%20explained
[cloud_adapter.py-4]          at line 294 in ./src/buffer_core.cpp
[cloud_adapter.py-4] Warning: TF_OLD_DATA ignoring data from the past for frame base_link at time 27.280000 according to authority default_authority
[cloud_adapter.py-4] Possible reasons are listed at http://wiki.ros.org/tf/Errors%20explained
[cloud_adapter.py-4]          at line 294 in ./src/buffer_core.cpp
[cloud_adapter.py-4] Warning: TF_OLD_DATA ignoring data from the past for frame base_link at time 27.300000 according to authority default_authority
[cloud_adapter.py-4] Possible reasons are listed at http://wiki.ros.org/tf/Errors%20explained
[cloud_adapter.py-4]          at line 294 in ./src/buffer_core.cpp
[cloud_adapter.py-4] Warning: TF_OLD_DATA ignoring data from the past for frame base_link at time 27.320000 according to authority default_authority
[cloud_adapter.py-4] Possible reasons are listed at http://wiki.ros.org/tf/Errors%20explained
[cloud_adapter.py-4]          at line 294 in ./src/buffer_core.cpp
[cloud_adapter.py-4] Warning: TF_OLD_DATA ignoring data from the past for frame base_link at time 27.340000 according to authority default_authority
[cloud_adapter.py-4] Possible reasons are listed at http://wiki.ros.org/tf/Errors%20explained
[cloud_adapter.py-4]          at line 294 in ./src/buffer_core.cpp
[cloud_adapter.py-4] Warning: TF_OLD_DATA ignoring data from the past for frame base_link at time 27.360000 according to authority default_authority
[cloud_adapter.py-4] Possible reasons are listed at http://wiki.ros.org/tf/Errors%20explained
[cloud_adapter.py-4]          at line 294 in ./src/buffer_core.cpp
[cloud_adapter.py-4] Warning: TF_OLD_DATA ignoring data from the past for frame base_link at time 27.380000 according to authority default_authority
[cloud_adapter.py-4] Possible reasons are listed at http://wiki.ros.org/tf/Errors%20explained
[cloud_adapter.py-4]          at line 294 in ./src/buffer_core.cpp
[cloud_adapter.py-4] Warning: TF_OLD_DATA ignoring data from the past for frame base_link at time 27.400000 according to authority default_authority
[cloud_adapter.py-4] Possible reasons are listed at http://wiki.ros.org/tf/Errors%20explained
[cloud_adapter.py-4]          at line 294 in ./src/buffer_core.cpp
[cloud_adapter.py-4] Warning: TF_OLD_DATA ignoring data from the past for frame base_link at time 27.420000 according to authority default_authority
[cloud_adapter.py-4] Possible reasons are listed at http://wiki.ros.org/tf/Errors%20explained
[cloud_adapter.py-4]          at line 294 in ./src/buffer_core.cpp
[cloud_adapter.py-4] Warning: TF_OLD_DATA ignoring data from the past for frame base_link at time 27.440000 according to authority default_authority
[cloud_adapter.py-4] Possible reasons are listed at http://wiki.ros.org/tf/Errors%20explained
[cloud_adapter.py-4]          at line 294 in ./src/buffer_core.cpp
[cloud_adapter.py-4] Warning: TF_OLD_DATA ignoring data from the past for frame base_link at time 27.460000 according to authority default_authority
[cloud_adapter.py-4] Possible reasons are listed at http://wiki.ros.org/tf/Errors%20explained
[cloud_adapter.py-4]          at line 294 in ./src/buffer_core.cpp
[cloud_adapter.py-4] Warning: TF_OLD_DATA ignoring data from the past for frame base_link at time 27.480000 according to authority default_authority
[cloud_adapter.py-4] Possible reasons are listed at http://wiki.ros.org/tf/Errors%20explained
[cloud_adapter.py-4]          at line 294 in ./src/buffer_core.cpp
[cloud_adapter.py-4] Warning: TF_OLD_DATA ignoring data from the past for frame base_link at time 27.500000 according to authority default_authority
[cloud_adapter.py-4] Possible reasons are listed at http://wiki.ros.org/tf/Errors%20explained
[cloud_adapter.py-4]          at line 294 in ./src/buffer_core.cpp
[cloud_adapter.py-4] Warning: TF_OLD_DATA ignoring data from the past for frame base_link at time 27.520000 according to authority default_authority
[cloud_adapter.py-4] Possible reasons are listed at http://wiki.ros.org/tf/Errors%20explained
[cloud_adapter.py-4]          at line 294 in ./src/buffer_core.cpp
[cloud_adapter.py-4] Warning: TF_OLD_DATA ignoring data from the past for frame base_link at time 27.540000 according to authority default_authority
[cloud_adapter.py-4] Possible reasons are listed at http://wiki.ros.org/tf/Errors%20explained
[cloud_adapter.py-4]          at line 294 in ./src/buffer_core.cpp
[cloud_adapter.py-4] Warning: TF_OLD_DATA ignoring data from the past for frame base_link at time 27.560000 according to authority default_authority
[cloud_adapter.py-4] Possible reasons are listed at http://wiki.ros.org/tf/Errors%20explained
[cloud_adapter.py-4]          at line 294 in ./src/buffer_core.cpp
[cloud_adapter.py-4] Warning: TF_OLD_DATA ignoring data from the past for frame base_link at time 27.580000 according to authority default_authority
[cloud_adapter.py-4] Possible reasons are listed at http://wiki.ros.org/tf/Errors%20explained
[cloud_adapter.py-4]          at line 294 in ./src/buffer_core.cpp
[cloud_adapter.py-4] Warning: TF_OLD_DATA ignoring data from the past for frame base_link at time 27.600000 according to authority default_authority
[cloud_adapter.py-4] Possible reasons are listed at http://wiki.ros.org/tf/Errors%20explained
[cloud_adapter.py-4]          at line 294 in ./src/buffer_core.cpp
[cloud_adapter.py-4] Warning: TF_OLD_DATA ignoring data from the past for frame base_link at time 27.620000 according to authority default_authority
[cloud_adapter.py-4] Possible reasons are listed at http://wiki.ros.org/tf/Errors%20explained
[cloud_adapter.py-4]          at line 294 in ./src/buffer_core.cpp
[cloud_adapter.py-4] Warning: TF_OLD_DATA ignoring data from the past for frame base_link at time 27.640000 according to authority default_authority
[cloud_adapter.py-4] Possible reasons are listed at http://wiki.ros.org/tf/Errors%20explained
[cloud_adapter.py-4]          at line 294 in ./src/buffer_core.cpp
[cloud_adapter.py-4] Warning: TF_OLD_DATA ignoring data from the past for frame base_link at time 27.660000 according to authority default_authority
[cloud_adapter.py-4] Possible reasons are listed at http://wiki.ros.org/tf/Errors%20explained
[cloud_adapter.py-4]          at line 294 in ./src/buffer_core.cpp
[cloud_adapter.py-4] Warning: TF_OLD_DATA ignoring data from the past for frame base_link at time 27.680000 according to authority default_authority
[cloud_adapter.py-4] Possible reasons are listed at http://wiki.ros.org/tf/Errors%20explained
[cloud_adapter.py-4]          at line 294 in ./src/buffer_core.cpp
[cloud_adapter.py-4] Warning: TF_OLD_DATA ignoring data from the past for frame base_link at time 27.700000 according to authority default_authority
[cloud_adapter.py-4] Possible reasons are listed at http://wiki.ros.org/tf/Errors%20explained
[cloud_adapter.py-4]          at line 294 in ./src/buffer_core.cpp
[cloud_adapter.py-4] Warning: TF_OLD_DATA ignoring data from the past for frame base_link at time 27.720000 according to authority default_authority
[cloud_adapter.py-4] Possible reasons are listed at http://wiki.ros.org/tf/Errors%20explained
[cloud_adapter.py-4]          at line 294 in ./src/buffer_core.cpp
[cloud_adapter.py-4] Warning: TF_OLD_DATA ignoring data from the past for frame base_link at time 27.740000 according to authority default_authority
[cloud_adapter.py-4] Possible reasons are listed at http://wiki.ros.org/tf/Errors%20explained
[cloud_adapter.py-4]          at line 294 in ./src/buffer_core.cpp
[cloud_adapter.py-4] Warning: TF_OLD_DATA ignoring data from the past for frame base_link at time 27.760000 according to authority default_authority
[cloud_adapter.py-4] Possible reasons are listed at http://wiki.ros.org/tf/Errors%20explained
[cloud_adapter.py-4]          at line 294 in ./src/buffer_core.cpp
[cloud_adapter.py-4] Warning: TF_OLD_DATA ignoring data from the past for frame base_link at time 27.780000 according to authority default_authority
[cloud_adapter.py-4] Possible reasons are listed at http://wiki.ros.org/tf/Errors%20explained
[cloud_adapter.py-4]          at line 294 in ./src/buffer_core.cpp
[cloud_adapter.py-4] Warning: TF_OLD_DATA ignoring data from the past for frame base_link at time 27.800000 according to authority default_authority
[cloud_adapter.py-4] Possible reasons are listed at http://wiki.ros.org/tf/Errors%20explained
[cloud_adapter.py-4]          at line 294 in ./src/buffer_core.cpp
[cloud_adapter.py-4] Warning: TF_OLD_DATA ignoring data from the past for frame base_link at time 27.820000 according to authority default_authority
[cloud_adapter.py-4] Possible reasons are listed at http://wiki.ros.org/tf/Errors%20explained
[cloud_adapter.py-4]          at line 294 in ./src/buffer_core.cpp
[cloud_adapter.py-4] Warning: TF_OLD_DATA ignoring data from the past for frame base_link at time 27.840000 according to authority default_authority
[cloud_adapter.py-4] Possible reasons are listed at http://wiki.ros.org/tf/Errors%20explained
[cloud_adapter.py-4]          at line 294 in ./src/buffer_core.cpp
[cloud_adapter.py-4] Warning: TF_OLD_DATA ignoring data from the past for frame base_link at time 27.860000 according to authority default_authority
[cloud_adapter.py-4] Possible reasons are listed at http://wiki.ros.org/tf/Errors%20explained
[cloud_adapter.py-4]          at line 294 in ./src/buffer_core.cpp
[cloud_adapter.py-4] Warning: TF_OLD_DATA ignoring data from the past for frame base_link at time 27.880000 according to authority default_authority
[cloud_adapter.py-4] Possible reasons are listed at http://wiki.ros.org/tf/Errors%20explained
[cloud_adapter.py-4]          at line 294 in ./src/buffer_core.cpp
[cloud_adapter.py-4] Warning: TF_OLD_DATA ignoring data from the past for frame base_link at time 27.900000 according to authority default_authority
[cloud_adapter.py-4] Possible reasons are listed at http://wiki.ros.org/tf/Errors%20explained
[cloud_adapter.py-4]          at line 294 in ./src/buffer_core.cpp
[cloud_adapter.py-4] Warning: TF_OLD_DATA ignoring data from the past for frame base_link at time 27.920000 according to authority default_authority
[cloud_adapter.py-4] Possible reasons are listed at http://wiki.ros.org/tf/Errors%20explained
[cloud_adapter.py-4]          at line 294 in ./src/buffer_core.cpp
[cloud_adapter.py-4] Warning: TF_OLD_DATA ignoring data from the past for frame base_link at time 27.940000 according to authority default_authority
[cloud_adapter.py-4] Possible reasons are listed at http://wiki.ros.org/tf/Errors%20explained
[cloud_adapter.py-4]          at line 294 in ./src/buffer_core.cpp
[cloud_adapter.py-4] Warning: TF_OLD_DATA ignoring data from the past for frame base_link at time 27.960000 according to authority default_authority
[cloud_adapter.py-4] Possible reasons are listed at http://wiki.ros.org/tf/Errors%20explained
[cloud_adapter.py-4]          at line 294 in ./src/buffer_core.cpp
[cloud_adapter.py-4] Warning: TF_OLD_DATA ignoring data from the past for frame base_link at time 27.980000 according to authority default_authority
[cloud_adapter.py-4] Possible reasons are listed at http://wiki.ros.org/tf/Errors%20explained
[cloud_adapter.py-4]          at line 294 in ./src/buffer_core.cpp
[cloud_adapter.py-4] Warning: TF_OLD_DATA ignoring data from the past for frame base_link at time 28.000000 according to authority default_authority
[cloud_adapter.py-4] Possible reasons are listed at http://wiki.ros.org/tf/Errors%20explained
[cloud_adapter.py-4]          at line 294 in ./src/buffer_core.cpp
[cloud_adapter.py-4] Warning: TF_OLD_DATA ignoring data from the past for frame base_link at time 28.020000 according to authority default_authority
[cloud_adapter.py-4] Possible reasons are listed at http://wiki.ros.org/tf/Errors%20explained
[cloud_adapter.py-4]          at line 294 in ./src/buffer_core.cpp
[cloud_adapter.py-4] Warning: TF_OLD_DATA ignoring data from the past for frame base_link at time 28.040000 according to authority default_authority
[cloud_adapter.py-4] Possible reasons are listed at http://wiki.ros.org/tf/Errors%20explained
[cloud_adapter.py-4]          at line 294 in ./src/buffer_core.cpp
[cloud_adapter.py-4] Warning: TF_OLD_DATA ignoring data from the past for frame base_link at time 28.060000 according to authority default_authority
[cloud_adapter.py-4] Possible reasons are listed at http://wiki.ros.org/tf/Errors%20explained
[cloud_adapter.py-4]          at line 294 in ./src/buffer_core.cpp
[cloud_adapter.py-4] Warning: TF_OLD_DATA ignoring data from the past for frame base_link at time 28.080000 according to authority default_authority
[cloud_adapter.py-4] Possible reasons are listed at http://wiki.ros.org/tf/Errors%20explained
[cloud_adapter.py-4]          at line 294 in ./src/buffer_core.cpp
[cloud_adapter.py-4] Warning: TF_OLD_DATA ignoring data from the past for frame base_link at time 28.100000 according to authority default_authority
[cloud_adapter.py-4] Possible reasons are listed at http://wiki.ros.org/tf/Errors%20explained
[cloud_adapter.py-4]          at line 294 in ./src/buffer_core.cpp
[cloud_adapter.py-4] Warning: TF_OLD_DATA ignoring data from the past for frame base_link at time 28.120000 according to authority default_authority
[cloud_adapter.py-4] Possible reasons are listed at http://wiki.ros.org/tf/Errors%20explained
[cloud_adapter.py-4]          at line 294 in ./src/buffer_core.cpp
[cloud_adapter.py-4] Warning: TF_OLD_DATA ignoring data from the past for frame base_link at time 28.140000 according to authority default_authority
[cloud_adapter.py-4] Possible reasons are listed at http://wiki.ros.org/tf/Errors%20explained
[cloud_adapter.py-4]          at line 294 in ./src/buffer_core.cpp
[cloud_adapter.py-4] Warning: TF_OLD_DATA ignoring data from the past for frame base_link at time 28.160000 according to authority default_authority
[cloud_adapter.py-4] Possible reasons are listed at http://wiki.ros.org/tf/Errors%20explained
[cloud_adapter.py-4]          at line 294 in ./src/buffer_core.cpp
[cloud_adapter.py-4] Warning: TF_OLD_DATA ignoring data from the past for frame base_link at time 28.180000 according to authority default_authority
[cloud_adapter.py-4] Possible reasons are listed at http://wiki.ros.org/tf/Errors%20explained
[cloud_adapter.py-4]          at line 294 in ./src/buffer_core.cpp
[cloud_adapter.py-4] Warning: TF_OLD_DATA ignoring data from the past for frame base_link at time 28.200000 according to authority default_authority
[cloud_adapter.py-4] Possible reasons are listed at http://wiki.ros.org/tf/Errors%20explained
[cloud_adapter.py-4]          at line 294 in ./src/buffer_core.cpp
[cloud_adapter.py-4] Warning: TF_OLD_DATA ignoring data from the past for frame base_link at time 28.220000 according to authority default_authority
[cloud_adapter.py-4] Possible reasons are listed at http://wiki.ros.org/tf/Errors%20explained
[cloud_adapter.py-4]          at line 294 in ./src/buffer_core.cpp
[cloud_adapter.py-4] Warning: TF_OLD_DATA ignoring data from the past for frame base_link at time 28.240000 according to authority default_authority
[cloud_adapter.py-4] Possible reasons are listed at http://wiki.ros.org/tf/Errors%20explained
[cloud_adapter.py-4]          at line 294 in ./src/buffer_core.cpp
[cloud_adapter.py-4] Warning: TF_OLD_DATA ignoring data from the past for frame base_link at time 28.260000 according to authority default_authority
[cloud_adapter.py-4] Possible reasons are listed at http://wiki.ros.org/tf/Errors%20explained
[cloud_adapter.py-4]          at line 294 in ./src/buffer_core.cpp
[cloud_adapter.py-4] Warning: TF_OLD_DATA ignoring data from the past for frame base_link at time 28.280000 according to authority default_authority
[cloud_adapter.py-4] Possible reasons are listed at http://wiki.ros.org/tf/Errors%20explained
[cloud_adapter.py-4]          at line 294 in ./src/buffer_core.cpp
[cloud_adapter.py-4] Warning: TF_OLD_DATA ignoring data from the past for frame base_link at time 28.300000 according to authority default_authority
[cloud_adapter.py-4] Possible reasons are listed at http://wiki.ros.org/tf/Errors%20explained
[cloud_adapter.py-4]          at line 294 in ./src/buffer_core.cpp
[cloud_adapter.py-4] Warning: TF_OLD_DATA ignoring data from the past for frame base_link at time 28.320000 according to authority default_authority
[cloud_adapter.py-4] Possible reasons are listed at http://wiki.ros.org/tf/Errors%20explained
[cloud_adapter.py-4]          at line 294 in ./src/buffer_core.cpp
[cloud_adapter.py-4] Warning: TF_OLD_DATA ignoring data from the past for frame base_link at time 28.340000 according to authority default_authority
[cloud_adapter.py-4] Possible reasons are listed at http://wiki.ros.org/tf/Errors%20explained
[cloud_adapter.py-4]          at line 294 in ./src/buffer_core.cpp
[cloud_adapter.py-4] Warning: TF_OLD_DATA ignoring data from the past for frame base_link at time 28.360000 according to authority default_authority
[cloud_adapter.py-4] Possible reasons are listed at http://wiki.ros.org/tf/Errors%20explained
[cloud_adapter.py-4]          at line 294 in ./src/buffer_core.cpp
[cloud_adapter.py-4] Warning: TF_OLD_DATA ignoring data from the past for frame base_link at time 28.380000 according to authority default_authority
[cloud_adapter.py-4] Possible reasons are listed at http://wiki.ros.org/tf/Errors%20explained
[cloud_adapter.py-4]          at line 294 in ./src/buffer_core.cpp
[cloud_adapter.py-4] Warning: TF_OLD_DATA ignoring data from the past for frame base_link at time 28.400000 according to authority default_authority
[cloud_adapter.py-4] Possible reasons are listed at http://wiki.ros.org/tf/Errors%20explained
[cloud_adapter.py-4]          at line 294 in ./src/buffer_core.cpp
[cloud_adapter.py-4] Warning: TF_OLD_DATA ignoring data from the past for frame base_link at time 28.420000 according to authority default_authority
[cloud_adapter.py-4] Possible reasons are listed at http://wiki.ros.org/tf/Errors%20explained
[cloud_adapter.py-4]          at line 294 in ./src/buffer_core.cpp
[cloud_adapter.py-4] Warning: TF_OLD_DATA ignoring data from the past for frame base_link at time 28.440000 according to authority default_authority
[cloud_adapter.py-4] Possible reasons are listed at http://wiki.ros.org/tf/Errors%20explained
[cloud_adapter.py-4]          at line 294 in ./src/buffer_core.cpp
[cloud_adapter.py-4] Warning: TF_OLD_DATA ignoring data from the past for frame base_link at time 28.460000 according to authority default_authority
[cloud_adapter.py-4] Possible reasons are listed at http://wiki.ros.org/tf/Errors%20explained
[cloud_adapter.py-4]          at line 294 in ./src/buffer_core.cpp
[cloud_adapter.py-4] Warning: TF_OLD_DATA ignoring data from the past for frame base_link at time 28.480000 according to authority default_authority
[cloud_adapter.py-4] Possible reasons are listed at http://wiki.ros.org/tf/Errors%20explained
[cloud_adapter.py-4]          at line 294 in ./src/buffer_core.cpp
[cloud_adapter.py-4] Warning: TF_OLD_DATA ignoring data from the past for frame base_link at time 28.500000 according to authority default_authority
[cloud_adapter.py-4] Possible reasons are listed at http://wiki.ros.org/tf/Errors%20explained
[cloud_adapter.py-4]          at line 294 in ./src/buffer_core.cpp
[cloud_adapter.py-4] Warning: TF_OLD_DATA ignoring data from the past for frame base_link at time 28.520000 according to authority default_authority
[cloud_adapter.py-4] Possible reasons are listed at http://wiki.ros.org/tf/Errors%20explained
[cloud_adapter.py-4]          at line 294 in ./src/buffer_core.cpp
[cloud_adapter.py-4] Warning: TF_OLD_DATA ignoring data from the past for frame base_link at time 28.540000 according to authority default_authority
[cloud_adapter.py-4] Possible reasons are listed at http://wiki.ros.org/tf/Errors%20explained
[cloud_adapter.py-4]          at line 294 in ./src/buffer_core.cpp
[cloud_adapter.py-4] Warning: TF_OLD_DATA ignoring data from the past for frame base_link at time 28.560000 according to authority default_authority
[cloud_adapter.py-4] Possible reasons are listed at http://wiki.ros.org/tf/Errors%20explained
[cloud_adapter.py-4]          at line 294 in ./src/buffer_core.cpp
[cloud_adapter.py-4] Warning: TF_OLD_DATA ignoring data from the past for frame base_link at time 28.580000 according to authority default_authority
[cloud_adapter.py-4] Possible reasons are listed at http://wiki.ros.org/tf/Errors%20explained
[cloud_adapter.py-4]          at line 294 in ./src/buffer_core.cpp
[cloud_adapter.py-4] Warning: TF_OLD_DATA ignoring data from the past for frame base_link at time 28.600000 according to authority default_authority
[cloud_adapter.py-4] Possible reasons are listed at http://wiki.ros.org/tf/Errors%20explained
[cloud_adapter.py-4]          at line 294 in ./src/buffer_core.cpp
[cloud_adapter.py-4] Warning: TF_OLD_DATA ignoring data from the past for frame base_link at time 28.620000 according to authority default_authority
[cloud_adapter.py-4] Possible reasons are listed at http://wiki.ros.org/tf/Errors%20explained
[cloud_adapter.py-4]          at line 294 in ./src/buffer_core.cpp
[cloud_adapter.py-4] Warning: TF_OLD_DATA ignoring data from the past for frame base_link at time 28.640000 according to authority default_authority
[cloud_adapter.py-4] Possible reasons are listed at http://wiki.ros.org/tf/Errors%20explained
[cloud_adapter.py-4]          at line 294 in ./src/buffer_core.cpp
[cloud_adapter.py-4] Warning: TF_OLD_DATA ignoring data from the past for frame base_link at time 28.660000 according to authority default_authority
[cloud_adapter.py-4] Possible reasons are listed at http://wiki.ros.org/tf/Errors%20explained
[cloud_adapter.py-4]          at line 294 in ./src/buffer_core.cpp
[cloud_adapter.py-4] Warning: TF_OLD_DATA ignoring data from the past for frame base_link at time 28.680000 according to authority default_authority
[cloud_adapter.py-4] Possible reasons are listed at http://wiki.ros.org/tf/Errors%20explained
[cloud_adapter.py-4]          at line 294 in ./src/buffer_core.cpp
[cloud_adapter.py-4] Warning: TF_OLD_DATA ignoring data from the past for frame base_link at time 28.700000 according to authority default_authority
[cloud_adapter.py-4] Possible reasons are listed at http://wiki.ros.org/tf/Errors%20explained
[cloud_adapter.py-4]          at line 294 in ./src/buffer_core.cpp
[cloud_adapter.py-4] Warning: TF_OLD_DATA ignoring data from the past for frame base_link at time 28.720000 according to authority default_authority
[cloud_adapter.py-4] Possible reasons are listed at http://wiki.ros.org/tf/Errors%20explained
[cloud_adapter.py-4]          at line 294 in ./src/buffer_core.cpp
[cloud_adapter.py-4] Warning: TF_OLD_DATA ignoring data from the past for frame base_link at time 28.740000 according to authority default_authority
[cloud_adapter.py-4] Possible reasons are listed at http://wiki.ros.org/tf/Errors%20explained
[cloud_adapter.py-4]          at line 294 in ./src/buffer_core.cpp
[cloud_adapter.py-4] Warning: TF_OLD_DATA ignoring data from the past for frame base_link at time 28.760000 according to authority default_authority
[cloud_adapter.py-4] Possible reasons are listed at http://wiki.ros.org/tf/Errors%20explained
[cloud_adapter.py-4]          at line 294 in ./src/buffer_core.cpp
[cloud_adapter.py-4] Warning: TF_OLD_DATA ignoring data from the past for frame base_link at time 28.780000 according to authority default_authority
[cloud_adapter.py-4] Possible reasons are listed at http://wiki.ros.org/tf/Errors%20explained
[cloud_adapter.py-4]          at line 294 in ./src/buffer_core.cpp
[cloud_adapter.py-4] Warning: TF_OLD_DATA ignoring data from the past for frame base_link at time 28.800000 according to authority default_authority
[cloud_adapter.py-4] Possible reasons are listed at http://wiki.ros.org/tf/Errors%20explained
[cloud_adapter.py-4]          at line 294 in ./src/buffer_core.cpp
[cloud_adapter.py-4] Warning: TF_OLD_DATA ignoring data from the past for frame base_link at time 28.820000 according to authority default_authority
[cloud_adapter.py-4] Possible reasons are listed at http://wiki.ros.org/tf/Errors%20explained
[cloud_adapter.py-4]          at line 294 in ./src/buffer_core.cpp
[cloud_adapter.py-4] Warning: TF_OLD_DATA ignoring data from the past for frame base_link at time 28.840000 according to authority default_authority
[cloud_adapter.py-4] Possible reasons are listed at http://wiki.ros.org/tf/Errors%20explained
[cloud_adapter.py-4]          at line 294 in ./src/buffer_core.cpp
[cloud_adapter.py-4] Warning: TF_OLD_DATA ignoring data from the past for frame base_link at time 28.860000 according to authority default_authority
[cloud_adapter.py-4] Possible reasons are listed at http://wiki.ros.org/tf/Errors%20explained
[cloud_adapter.py-4]          at line 294 in ./src/buffer_core.cpp
[cloud_adapter.py-4] Warning: TF_OLD_DATA ignoring data from the past for frame base_link at time 28.880000 according to authority default_authority
[cloud_adapter.py-4] Possible reasons are listed at http://wiki.ros.org/tf/Errors%20explained
[cloud_adapter.py-4]          at line 294 in ./src/buffer_core.cpp
[cloud_adapter.py-4] Warning: TF_OLD_DATA ignoring data from the past for frame base_link at time 28.900000 according to authority default_authority
[cloud_adapter.py-4] Possible reasons are listed at http://wiki.ros.org/tf/Errors%20explained
[cloud_adapter.py-4]          at line 294 in ./src/buffer_core.cpp
[cloud_adapter.py-4] Warning: TF_OLD_DATA ignoring data from the past for frame base_link at time 28.920000 according to authority default_authority
[cloud_adapter.py-4] Possible reasons are listed at http://wiki.ros.org/tf/Errors%20explained
[cloud_adapter.py-4]          at line 294 in ./src/buffer_core.cpp
[cloud_adapter.py-4] Warning: TF_OLD_DATA ignoring data from the past for frame base_link at time 28.940000 according to authority default_authority
[cloud_adapter.py-4] Possible reasons are listed at http://wiki.ros.org/tf/Errors%20explained
[cloud_adapter.py-4]          at line 294 in ./src/buffer_core.cpp
[cloud_adapter.py-4] Warning: TF_OLD_DATA ignoring data from the past for frame base_link at time 28.960000 according to authority default_authority
[cloud_adapter.py-4] Possible reasons are listed at http://wiki.ros.org/tf/Errors%20explained
[cloud_adapter.py-4]          at line 294 in ./src/buffer_core.cpp
[cloud_adapter.py-4] Warning: TF_OLD_DATA ignoring data from the past for frame base_link at time 28.980000 according to authority default_authority
[cloud_adapter.py-4] Possible reasons are listed at http://wiki.ros.org/tf/Errors%20explained
[cloud_adapter.py-4]          at line 294 in ./src/buffer_core.cpp
[cloud_adapter.py-4] Warning: TF_OLD_DATA ignoring data from the past for frame base_link at time 29.000000 according to authority default_authority
[cloud_adapter.py-4] Possible reasons are listed at http://wiki.ros.org/tf/Errors%20explained
[cloud_adapter.py-4]          at line 294 in ./src/buffer_core.cpp
[cloud_adapter.py-4] Warning: TF_OLD_DATA ignoring data from the past for frame base_link at time 29.020000 according to authority default_authority
[cloud_adapter.py-4] Possible reasons are listed at http://wiki.ros.org/tf/Errors%20explained
[cloud_adapter.py-4]          at line 294 in ./src/buffer_core.cpp
[cloud_adapter.py-4] Warning: TF_OLD_DATA ignoring data from the past for frame base_link at time 29.040000 according to authority default_authority
[cloud_adapter.py-4] Possible reasons are listed at http://wiki.ros.org/tf/Errors%20explained
[cloud_adapter.py-4]          at line 294 in ./src/buffer_core.cpp
[cloud_adapter.py-4] Warning: TF_OLD_DATA ignoring data from the past for frame base_link at time 29.060000 according to authority default_authority
[cloud_adapter.py-4] Possible reasons are listed at http://wiki.ros.org/tf/Errors%20explained
[cloud_adapter.py-4]          at line 294 in ./src/buffer_core.cpp
[cloud_adapter.py-4] Warning: TF_OLD_DATA ignoring data from the past for frame base_link at time 29.080000 according to authority default_authority
[cloud_adapter.py-4] Possible reasons are listed at http://wiki.ros.org/tf/Errors%20explained
[cloud_adapter.py-4]          at line 294 in ./src/buffer_core.cpp
[cloud_adapter.py-4] Warning: TF_OLD_DATA ignoring data from the past for frame base_link at time 29.100000 according to authority default_authority
[cloud_adapter.py-4] Possible reasons are listed at http://wiki.ros.org/tf/Errors%20explained
[cloud_adapter.py-4]          at line 294 in ./src/buffer_core.cpp
[cloud_adapter.py-4] Warning: TF_OLD_DATA ignoring data from the past for frame base_link at time 29.120000 according to authority default_authority
[cloud_adapter.py-4] Possible reasons are listed at http://wiki.ros.org/tf/Errors%20explained
[cloud_adapter.py-4]          at line 294 in ./src/buffer_core.cpp
[cloud_adapter.py-4] Warning: TF_OLD_DATA ignoring data from the past for frame base_link at time 29.140000 according to authority default_authority
[cloud_adapter.py-4] Possible reasons are listed at http://wiki.ros.org/tf/Errors%20explained
[cloud_adapter.py-4]          at line 294 in ./src/buffer_core.cpp
[cloud_adapter.py-4] Warning: TF_OLD_DATA ignoring data from the past for frame base_link at time 29.160000 according to authority default_authority
[cloud_adapter.py-4] Possible reasons are listed at http://wiki.ros.org/tf/Errors%20explained
[cloud_adapter.py-4]          at line 294 in ./src/buffer_core.cpp
[cloud_adapter.py-4] Warning: TF_OLD_DATA ignoring data from the past for frame base_link at time 29.180000 according to authority default_authority
[cloud_adapter.py-4] Possible reasons are listed at http://wiki.ros.org/tf/Errors%20explained
[cloud_adapter.py-4]          at line 294 in ./src/buffer_core.cpp
[cloud_adapter.py-4] Warning: TF_OLD_DATA ignoring data from the past for frame base_link at time 29.200000 according to authority default_authority
[cloud_adapter.py-4] Possible reasons are listed at http://wiki.ros.org/tf/Errors%20explained
[cloud_adapter.py-4]          at line 294 in ./src/buffer_core.cpp
[cloud_adapter.py-4] Warning: TF_OLD_DATA ignoring data from the past for frame base_link at time 29.220000 according to authority default_authority
[cloud_adapter.py-4] Possible reasons are listed at http://wiki.ros.org/tf/Errors%20explained
[cloud_adapter.py-4]          at line 294 in ./src/buffer_core.cpp
[cloud_adapter.py-4] Warning: TF_OLD_DATA ignoring data from the past for frame base_link at time 29.240000 according to authority default_authority
[cloud_adapter.py-4] Possible reasons are listed at http://wiki.ros.org/tf/Errors%20explained
[cloud_adapter.py-4]          at line 294 in ./src/buffer_core.cpp
[cloud_adapter.py-4] Warning: TF_OLD_DATA ignoring data from the past for frame base_link at time 29.260000 according to authority default_authority
[cloud_adapter.py-4] Possible reasons are listed at http://wiki.ros.org/tf/Errors%20explained
[cloud_adapter.py-4]          at line 294 in ./src/buffer_core.cpp
[cloud_adapter.py-4] Warning: TF_OLD_DATA ignoring data from the past for frame base_link at time 29.280000 according to authority default_authority
[cloud_adapter.py-4] Possible reasons are listed at http://wiki.ros.org/tf/Errors%20explained
[cloud_adapter.py-4]          at line 294 in ./src/buffer_core.cpp
[cloud_adapter.py-4] Warning: TF_OLD_DATA ignoring data from the past for frame base_link at time 29.300000 according to authority default_authority
[cloud_adapter.py-4] Possible reasons are listed at http://wiki.ros.org/tf/Errors%20explained
[cloud_adapter.py-4]          at line 294 in ./src/buffer_core.cpp
[cloud_adapter.py-4] Warning: TF_OLD_DATA ignoring data from the past for frame base_link at time 29.320000 according to authority default_authority
[cloud_adapter.py-4] Possible reasons are listed at http://wiki.ros.org/tf/Errors%20explained
[cloud_adapter.py-4]          at line 294 in ./src/buffer_core.cpp
[cloud_adapter.py-4] Warning: TF_OLD_DATA ignoring data from the past for frame base_link at time 29.340000 according to authority default_authority
[cloud_adapter.py-4] Possible reasons are listed at http://wiki.ros.org/tf/Errors%20explained
[cloud_adapter.py-4]          at line 294 in ./src/buffer_core.cpp
[cloud_adapter.py-4] Warning: TF_OLD_DATA ignoring data from the past for frame base_link at time 29.360000 according to authority default_authority
[cloud_adapter.py-4] Possible reasons are listed at http://wiki.ros.org/tf/Errors%20explained
[cloud_adapter.py-4]          at line 294 in ./src/buffer_core.cpp
[cloud_adapter.py-4] Warning: TF_OLD_DATA ignoring data from the past for frame base_link at time 29.380000 according to authority default_authority
[cloud_adapter.py-4] Possible reasons are listed at http://wiki.ros.org/tf/Errors%20explained
[cloud_adapter.py-4]          at line 294 in ./src/buffer_core.cpp
[cloud_adapter.py-4] Warning: TF_OLD_DATA ignoring data from the past for frame base_link at time 29.400000 according to authority default_authority
[cloud_adapter.py-4] Possible reasons are listed at http://wiki.ros.org/tf/Errors%20explained
[cloud_adapter.py-4]          at line 294 in ./src/buffer_core.cpp
[cloud_adapter.py-4] Warning: TF_OLD_DATA ignoring data from the past for frame base_link at time 29.420000 according to authority default_authority
[cloud_adapter.py-4] Possible reasons are listed at http://wiki.ros.org/tf/Errors%20explained
[cloud_adapter.py-4]          at line 294 in ./src/buffer_core.cpp
[cloud_adapter.py-4] Warning: TF_OLD_DATA ignoring data from the past for frame base_link at time 29.440000 according to authority default_authority
[cloud_adapter.py-4] Possible reasons are listed at http://wiki.ros.org/tf/Errors%20explained
[cloud_adapter.py-4]          at line 294 in ./src/buffer_core.cpp
[cloud_adapter.py-4] Warning: TF_OLD_DATA ignoring data from the past for frame base_link at time 29.460000 according to authority default_authority
[cloud_adapter.py-4] Possible reasons are listed at http://wiki.ros.org/tf/Errors%20explained
[cloud_adapter.py-4]          at line 294 in ./src/buffer_core.cpp
[cloud_adapter.py-4] Warning: TF_OLD_DATA ignoring data from the past for frame base_link at time 29.480000 according to authority default_authority
[cloud_adapter.py-4] Possible reasons are listed at http://wiki.ros.org/tf/Errors%20explained
[cloud_adapter.py-4]          at line 294 in ./src/buffer_core.cpp
[cloud_adapter.py-4] Warning: TF_OLD_DATA ignoring data from the past for frame base_link at time 29.500000 according to authority default_authority
[cloud_adapter.py-4] Possible reasons are listed at http://wiki.ros.org/tf/Errors%20explained
[cloud_adapter.py-4]          at line 294 in ./src/buffer_core.cpp
[cloud_adapter.py-4] Warning: TF_OLD_DATA ignoring data from the past for frame base_link at time 29.520000 according to authority default_authority
[cloud_adapter.py-4] Possible reasons are listed at http://wiki.ros.org/tf/Errors%20explained
[cloud_adapter.py-4]          at line 294 in ./src/buffer_core.cpp
[cloud_adapter.py-4] Warning: TF_OLD_DATA ignoring data from the past for frame base_link at time 29.540000 according to authority default_authority
[cloud_adapter.py-4] Possible reasons are listed at http://wiki.ros.org/tf/Errors%20explained
[cloud_adapter.py-4]          at line 294 in ./src/buffer_core.cpp
[cloud_adapter.py-4] Warning: TF_OLD_DATA ignoring data from the past for frame base_link at time 29.560000 according to authority default_authority
[cloud_adapter.py-4] Possible reasons are listed at http://wiki.ros.org/tf/Errors%20explained
[cloud_adapter.py-4]          at line 294 in ./src/buffer_core.cpp
[cloud_adapter.py-4] Warning: TF_OLD_DATA ignoring data from the past for frame base_link at time 29.580000 according to authority default_authority
[cloud_adapter.py-4] Possible reasons are listed at http://wiki.ros.org/tf/Errors%20explained
[cloud_adapter.py-4]          at line 294 in ./src/buffer_core.cpp
[cloud_adapter.py-4] Warning: TF_OLD_DATA ignoring data from the past for frame base_link at time 29.600000 according to authority default_authority
[cloud_adapter.py-4] Possible reasons are listed at http://wiki.ros.org/tf/Errors%20explained
[cloud_adapter.py-4]          at line 294 in ./src/buffer_core.cpp
[cloud_adapter.py-4] Warning: TF_OLD_DATA ignoring data from the past for frame base_link at time 29.620000 according to authority default_authority
[cloud_adapter.py-4] Possible reasons are listed at http://wiki.ros.org/tf/Errors%20explained
[cloud_adapter.py-4]          at line 294 in ./src/buffer_core.cpp
[cloud_adapter.py-4] Warning: TF_OLD_DATA ignoring data from the past for frame base_link at time 29.640000 according to authority default_authority
[cloud_adapter.py-4] Possible reasons are listed at http://wiki.ros.org/tf/Errors%20explained
[cloud_adapter.py-4]          at line 294 in ./src/buffer_core.cpp
[cloud_adapter.py-4] Warning: TF_OLD_DATA ignoring data from the past for frame base_link at time 29.660000 according to authority default_authority
[cloud_adapter.py-4] Possible reasons are listed at http://wiki.ros.org/tf/Errors%20explained
[cloud_adapter.py-4]          at line 294 in ./src/buffer_core.cpp
[cloud_adapter.py-4] Warning: TF_OLD_DATA ignoring data from the past for frame base_link at time 29.680000 according to authority default_authority
[cloud_adapter.py-4] Possible reasons are listed at http://wiki.ros.org/tf/Errors%20explained
[cloud_adapter.py-4]          at line 294 in ./src/buffer_core.cpp
[cloud_adapter.py-4] Warning: TF_OLD_DATA ignoring data from the past for frame base_link at time 29.700000 according to authority default_authority
[cloud_adapter.py-4] Possible reasons are listed at http://wiki.ros.org/tf/Errors%20explained
[cloud_adapter.py-4]          at line 294 in ./src/buffer_core.cpp
[cloud_adapter.py-4] Warning: TF_OLD_DATA ignoring data from the past for frame base_link at time 29.720000 according to authority default_authority
[cloud_adapter.py-4] Possible reasons are listed at http://wiki.ros.org/tf/Errors%20explained
[cloud_adapter.py-4]          at line 294 in ./src/buffer_core.cpp
[cloud_adapter.py-4] Warning: TF_OLD_DATA ignoring data from the past for frame base_link at time 29.740000 according to authority default_authority
[cloud_adapter.py-4] Possible reasons are listed at http://wiki.ros.org/tf/Errors%20explained
[cloud_adapter.py-4]          at line 294 in ./src/buffer_core.cpp
[cloud_adapter.py-4] Warning: TF_OLD_DATA ignoring data from the past for frame base_link at time 29.760000 according to authority default_authority
[cloud_adapter.py-4] Possible reasons are listed at http://wiki.ros.org/tf/Errors%20explained
[cloud_adapter.py-4]          at line 294 in ./src/buffer_core.cpp
[cloud_adapter.py-4] Warning: TF_OLD_DATA ignoring data from the past for frame base_link at time 29.780000 according to authority default_authority
[cloud_adapter.py-4] Possible reasons are listed at http://wiki.ros.org/tf/Errors%20explained
[cloud_adapter.py-4]          at line 294 in ./src/buffer_core.cpp
[cloud_adapter.py-4] Warning: TF_OLD_DATA ignoring data from the past for frame base_link at time 29.800000 according to authority default_authority
[cloud_adapter.py-4] Possible reasons are listed at http://wiki.ros.org/tf/Errors%20explained
[cloud_adapter.py-4]          at line 294 in ./src/buffer_core.cpp
[cloud_adapter.py-4] Warning: TF_OLD_DATA ignoring data from the past for frame base_link at time 29.820000 according to authority default_authority
[cloud_adapter.py-4] Possible reasons are listed at http://wiki.ros.org/tf/Errors%20explained
[cloud_adapter.py-4]          at line 294 in ./src/buffer_core.cpp
[cloud_adapter.py-4] Warning: TF_OLD_DATA ignoring data from the past for frame base_link at time 29.840000 according to authority default_authority
[cloud_adapter.py-4] Possible reasons are listed at http://wiki.ros.org/tf/Errors%20explained
[cloud_adapter.py-4]          at line 294 in ./src/buffer_core.cpp
[cloud_adapter.py-4] Warning: TF_OLD_DATA ignoring data from the past for frame base_link at time 29.860000 according to authority default_authority
[cloud_adapter.py-4] Possible reasons are listed at http://wiki.ros.org/tf/Errors%20explained
[cloud_adapter.py-4]          at line 294 in ./src/buffer_core.cpp
[cloud_adapter.py-4] Warning: TF_OLD_DATA ignoring data from the past for frame base_link at time 29.880000 according to authority default_authority
[cloud_adapter.py-4] Possible reasons are listed at http://wiki.ros.org/tf/Errors%20explained
[cloud_adapter.py-4]          at line 294 in ./src/buffer_core.cpp
[cloud_adapter.py-4] Warning: TF_OLD_DATA ignoring data from the past for frame base_link at time 29.900000 according to authority default_authority
[cloud_adapter.py-4] Possible reasons are listed at http://wiki.ros.org/tf/Errors%20explained
[cloud_adapter.py-4]          at line 294 in ./src/buffer_core.cpp
[cloud_adapter.py-4] Warning: TF_OLD_DATA ignoring data from the past for frame base_link at time 29.920000 according to authority default_authority
[cloud_adapter.py-4] Possible reasons are listed at http://wiki.ros.org/tf/Errors%20explained
[cloud_adapter.py-4]          at line 294 in ./src/buffer_core.cpp
[cloud_adapter.py-4] Warning: TF_OLD_DATA ignoring data from the past for frame base_link at time 29.940000 according to authority default_authority
[cloud_adapter.py-4] Possible reasons are listed at http://wiki.ros.org/tf/Errors%20explained
[cloud_adapter.py-4]          at line 294 in ./src/buffer_core.cpp
[cloud_adapter.py-4] Warning: TF_OLD_DATA ignoring data from the past for frame base_link at time 29.960000 according to authority default_authority
[cloud_adapter.py-4] Possible reasons are listed at http://wiki.ros.org/tf/Errors%20explained
[cloud_adapter.py-4]          at line 294 in ./src/buffer_core.cpp
[cloud_adapter.py-4] Warning: TF_OLD_DATA ignoring data from the past for frame base_link at time 29.980000 according to authority default_authority
[cloud_adapter.py-4] Possible reasons are listed at http://wiki.ros.org/tf/Errors%20explained
[cloud_adapter.py-4]          at line 294 in ./src/buffer_core.cpp
[cloud_adapter.py-4] Warning: TF_OLD_DATA ignoring data from the past for frame base_link at time 30.000000 according to authority default_authority
[cloud_adapter.py-4] Possible reasons are listed at http://wiki.ros.org/tf/Errors%20explained
[cloud_adapter.py-4]          at line 294 in ./src/buffer_core.cpp
[cloud_adapter.py-4] Warning: TF_OLD_DATA ignoring data from the past for frame base_link at time 30.020000 according to authority default_authority
[cloud_adapter.py-4] Possible reasons are listed at http://wiki.ros.org/tf/Errors%20explained
[cloud_adapter.py-4]          at line 294 in ./src/buffer_core.cpp
[cloud_adapter.py-4] Warning: TF_OLD_DATA ignoring data from the past for frame base_link at time 30.040000 according to authority default_authority
[cloud_adapter.py-4] Possible reasons are listed at http://wiki.ros.org/tf/Errors%20explained
[cloud_adapter.py-4]          at line 294 in ./src/buffer_core.cpp
[cloud_adapter.py-4] Warning: TF_OLD_DATA ignoring data from the past for frame base_link at time 30.060000 according to authority default_authority
[cloud_adapter.py-4] Possible reasons are listed at http://wiki.ros.org/tf/Errors%20explained
[cloud_adapter.py-4]          at line 294 in ./src/buffer_core.cpp
[cloud_adapter.py-4] Warning: TF_OLD_DATA ignoring data from the past for frame base_link at time 30.080000 according to authority default_authority
[cloud_adapter.py-4] Possible reasons are listed at http://wiki.ros.org/tf/Errors%20explained
[cloud_adapter.py-4]          at line 294 in ./src/buffer_core.cpp
[cloud_adapter.py-4] Warning: TF_OLD_DATA ignoring data from the past for frame base_link at time 30.100000 according to authority default_authority
[cloud_adapter.py-4] Possible reasons are listed at http://wiki.ros.org/tf/Errors%20explained
[cloud_adapter.py-4]          at line 294 in ./src/buffer_core.cpp
[cloud_adapter.py-4] Warning: TF_OLD_DATA ignoring data from the past for frame base_link at time 30.120000 according to authority default_authority
[cloud_adapter.py-4] Possible reasons are listed at http://wiki.ros.org/tf/Errors%20explained
[cloud_adapter.py-4]          at line 294 in ./src/buffer_core.cpp
[cloud_adapter.py-4] Warning: TF_OLD_DATA ignoring data from the past for frame base_link at time 30.140000 according to authority default_authority
[cloud_adapter.py-4] Possible reasons are listed at http://wiki.ros.org/tf/Errors%20explained
[cloud_adapter.py-4]          at line 294 in ./src/buffer_core.cpp
[cloud_adapter.py-4] Warning: TF_OLD_DATA ignoring data from the past for frame base_link at time 30.160000 according to authority default_authority
[cloud_adapter.py-4] Possible reasons are listed at http://wiki.ros.org/tf/Errors%20explained
[cloud_adapter.py-4]          at line 294 in ./src/buffer_core.cpp
[cloud_adapter.py-4] Warning: TF_OLD_DATA ignoring data from the past for frame base_link at time 30.180000 according to authority default_authority
[cloud_adapter.py-4] Possible reasons are listed at http://wiki.ros.org/tf/Errors%20explained
[cloud_adapter.py-4]          at line 294 in ./src/buffer_core.cpp
[cloud_adapter.py-4] Warning: TF_OLD_DATA ignoring data from the past for frame base_link at time 30.200000 according to authority default_authority
[cloud_adapter.py-4] Possible reasons are listed at http://wiki.ros.org/tf/Errors%20explained
[cloud_adapter.py-4]          at line 294 in ./src/buffer_core.cpp
[cloud_adapter.py-4] Warning: TF_OLD_DATA ignoring data from the past for frame base_link at time 30.220000 according to authority default_authority
[cloud_adapter.py-4] Possible reasons are listed at http://wiki.ros.org/tf/Errors%20explained
[cloud_adapter.py-4]          at line 294 in ./src/buffer_core.cpp
[cloud_adapter.py-4] Warning: TF_OLD_DATA ignoring data from the past for frame base_link at time 30.240000 according to authority default_authority
[cloud_adapter.py-4] Possible reasons are listed at http://wiki.ros.org/tf/Errors%20explained
[cloud_adapter.py-4]          at line 294 in ./src/buffer_core.cpp
[cloud_adapter.py-4] Warning: TF_OLD_DATA ignoring data from the past for frame base_link at time 30.260000 according to authority default_authority
[cloud_adapter.py-4] Possible reasons are listed at http://wiki.ros.org/tf/Errors%20explained
[cloud_adapter.py-4]          at line 294 in ./src/buffer_core.cpp
[cloud_adapter.py-4] Warning: TF_OLD_DATA ignoring data from the past for frame base_link at time 30.280000 according to authority default_authority
[cloud_adapter.py-4] Possible reasons are listed at http://wiki.ros.org/tf/Errors%20explained
[cloud_adapter.py-4]          at line 294 in ./src/buffer_core.cpp
[cloud_adapter.py-4] Warning: TF_OLD_DATA ignoring data from the past for frame base_link at time 30.300000 according to authority default_authority
[cloud_adapter.py-4] Possible reasons are listed at http://wiki.ros.org/tf/Errors%20explained
[cloud_adapter.py-4]          at line 294 in ./src/buffer_core.cpp
[cloud_adapter.py-4] Warning: TF_OLD_DATA ignoring data from the past for frame base_link at time 30.320000 according to authority default_authority
[cloud_adapter.py-4] Possible reasons are listed at http://wiki.ros.org/tf/Errors%20explained
[cloud_adapter.py-4]          at line 294 in ./src/buffer_core.cpp
[cloud_adapter.py-4] Warning: TF_OLD_DATA ignoring data from the past for frame base_link at time 30.340000 according to authority default_authority
[cloud_adapter.py-4] Possible reasons are listed at http://wiki.ros.org/tf/Errors%20explained
[cloud_adapter.py-4]          at line 294 in ./src/buffer_core.cpp
[cloud_adapter.py-4] Warning: TF_OLD_DATA ignoring data from the past for frame base_link at time 30.360000 according to authority default_authority
[cloud_adapter.py-4] Possible reasons are listed at http://wiki.ros.org/tf/Errors%20explained
[cloud_adapter.py-4]          at line 294 in ./src/buffer_core.cpp
[cloud_adapter.py-4] Warning: TF_OLD_DATA ignoring data from the past for frame base_link at time 30.380000 according to authority default_authority
[cloud_adapter.py-4] Possible reasons are listed at http://wiki.ros.org/tf/Errors%20explained
[cloud_adapter.py-4]          at line 294 in ./src/buffer_core.cpp
[cloud_adapter.py-4] Warning: TF_OLD_DATA ignoring data from the past for frame base_link at time 30.400000 according to authority default_authority
[cloud_adapter.py-4] Possible reasons are listed at http://wiki.ros.org/tf/Errors%20explained
[cloud_adapter.py-4]          at line 294 in ./src/buffer_core.cpp
[cloud_adapter.py-4] Warning: TF_OLD_DATA ignoring data from the past for frame base_link at time 30.420000 according to authority default_authority
[cloud_adapter.py-4] Possible reasons are listed at http://wiki.ros.org/tf/Errors%20explained
[cloud_adapter.py-4]          at line 294 in ./src/buffer_core.cpp
[cloud_adapter.py-4] Warning: TF_OLD_DATA ignoring data from the past for frame base_link at time 30.440000 according to authority default_authority
[cloud_adapter.py-4] Possible reasons are listed at http://wiki.ros.org/tf/Errors%20explained
[cloud_adapter.py-4]          at line 294 in ./src/buffer_core.cpp
[cloud_adapter.py-4] Warning: TF_OLD_DATA ignoring data from the past for frame base_link at time 30.460000 according to authority default_authority
[cloud_adapter.py-4] Possible reasons are listed at http://wiki.ros.org/tf/Errors%20explained
[cloud_adapter.py-4]          at line 294 in ./src/buffer_core.cpp
[cloud_adapter.py-4] Warning: TF_OLD_DATA ignoring data from the past for frame base_link at time 30.480000 according to authority default_authority
[cloud_adapter.py-4] Possible reasons are listed at http://wiki.ros.org/tf/Errors%20explained
[cloud_adapter.py-4]          at line 294 in ./src/buffer_core.cpp
[cloud_adapter.py-4] Warning: TF_OLD_DATA ignoring data from the past for frame base_link at time 30.500000 according to authority default_authority
[cloud_adapter.py-4] Possible reasons are listed at http://wiki.ros.org/tf/Errors%20explained
[cloud_adapter.py-4]          at line 294 in ./src/buffer_core.cpp
[cloud_adapter.py-4] Warning: TF_OLD_DATA ignoring data from the past for frame base_link at time 30.520000 according to authority default_authority
[cloud_adapter.py-4] Possible reasons are listed at http://wiki.ros.org/tf/Errors%20explained
[cloud_adapter.py-4]          at line 294 in ./src/buffer_core.cpp
[cloud_adapter.py-4] Warning: TF_OLD_DATA ignoring data from the past for frame base_link at time 30.540000 according to authority default_authority
[cloud_adapter.py-4] Possible reasons are listed at http://wiki.ros.org/tf/Errors%20explained
[cloud_adapter.py-4]          at line 294 in ./src/buffer_core.cpp
[cloud_adapter.py-4] Warning: TF_OLD_DATA ignoring data from the past for frame base_link at time 30.560000 according to authority default_authority
[cloud_adapter.py-4] Possible reasons are listed at http://wiki.ros.org/tf/Errors%20explained
[cloud_adapter.py-4]          at line 294 in ./src/buffer_core.cpp
[cloud_adapter.py-4] Warning: TF_OLD_DATA ignoring data from the past for frame base_link at time 30.580000 according to authority default_authority
[cloud_adapter.py-4] Possible reasons are listed at http://wiki.ros.org/tf/Errors%20explained
[cloud_adapter.py-4]          at line 294 in ./src/buffer_core.cpp
[cloud_adapter.py-4] Warning: TF_OLD_DATA ignoring data from the past for frame base_link at time 30.600000 according to authority default_authority
[cloud_adapter.py-4] Possible reasons are listed at http://wiki.ros.org/tf/Errors%20explained
[cloud_adapter.py-4]          at line 294 in ./src/buffer_core.cpp
[cloud_adapter.py-4] Warning: TF_OLD_DATA ignoring data from the past for frame base_link at time 30.620000 according to authority default_authority
[cloud_adapter.py-4] Possible reasons are listed at http://wiki.ros.org/tf/Errors%20explained
[cloud_adapter.py-4]          at line 294 in ./src/buffer_core.cpp
[cloud_adapter.py-4] Warning: TF_OLD_DATA ignoring data from the past for frame base_link at time 30.640000 according to authority default_authority
[cloud_adapter.py-4] Possible reasons are listed at http://wiki.ros.org/tf/Errors%20explained
[cloud_adapter.py-4]          at line 294 in ./src/buffer_core.cpp
[cloud_adapter.py-4] Warning: TF_OLD_DATA ignoring data from the past for frame base_link at time 30.660000 according to authority default_authority
[cloud_adapter.py-4] Possible reasons are listed at http://wiki.ros.org/tf/Errors%20explained
[cloud_adapter.py-4]          at line 294 in ./src/buffer_core.cpp
[cloud_adapter.py-4] Warning: TF_OLD_DATA ignoring data from the past for frame base_link at time 30.680000 according to authority default_authority
[cloud_adapter.py-4] Possible reasons are listed at http://wiki.ros.org/tf/Errors%20explained
[cloud_adapter.py-4]          at line 294 in ./src/buffer_core.cpp
[cloud_adapter.py-4] Warning: TF_OLD_DATA ignoring data from the past for frame base_link at time 30.700000 according to authority default_authority
[cloud_adapter.py-4] Possible reasons are listed at http://wiki.ros.org/tf/Errors%20explained
[cloud_adapter.py-4]          at line 294 in ./src/buffer_core.cpp
[cloud_adapter.py-4] Warning: TF_OLD_DATA ignoring data from the past for frame base_link at time 30.720000 according to authority default_authority
[cloud_adapter.py-4] Possible reasons are listed at http://wiki.ros.org/tf/Errors%20explained
[cloud_adapter.py-4]          at line 294 in ./src/buffer_core.cpp
[cloud_adapter.py-4] Warning: TF_OLD_DATA ignoring data from the past for frame base_link at time 30.740000 according to authority default_authority
[cloud_adapter.py-4] Possible reasons are listed at http://wiki.ros.org/tf/Errors%20explained
[cloud_adapter.py-4]          at line 294 in ./src/buffer_core.cpp
[cloud_adapter.py-4] Warning: TF_OLD_DATA ignoring data from the past for frame base_link at time 30.760000 according to authority default_authority
[cloud_adapter.py-4] Possible reasons are listed at http://wiki.ros.org/tf/Errors%20explained
[cloud_adapter.py-4]          at line 294 in ./src/buffer_core.cpp
[cloud_adapter.py-4] Warning: TF_OLD_DATA ignoring data from the past for frame base_link at time 30.780000 according to authority default_authority
[cloud_adapter.py-4] Possible reasons are listed at http://wiki.ros.org/tf/Errors%20explained
[cloud_adapter.py-4]          at line 294 in ./src/buffer_core.cpp
[cloud_adapter.py-4] Warning: TF_OLD_DATA ignoring data from the past for frame base_link at time 30.800000 according to authority default_authority
[cloud_adapter.py-4] Possible reasons are listed at http://wiki.ros.org/tf/Errors%20explained
[cloud_adapter.py-4]          at line 294 in ./src/buffer_core.cpp
[cloud_adapter.py-4] Warning: TF_OLD_DATA ignoring data from the past for frame base_link at time 30.820000 according to authority default_authority
[cloud_adapter.py-4] Possible reasons are listed at http://wiki.ros.org/tf/Errors%20explained
[cloud_adapter.py-4]          at line 294 in ./src/buffer_core.cpp
[cloud_adapter.py-4] Warning: TF_OLD_DATA ignoring data from the past for frame base_link at time 30.840000 according to authority default_authority
[cloud_adapter.py-4] Possible reasons are listed at http://wiki.ros.org/tf/Errors%20explained
[cloud_adapter.py-4]          at line 294 in ./src/buffer_core.cpp
[cloud_adapter.py-4] Warning: TF_OLD_DATA ignoring data from the past for frame base_link at time 30.860000 according to authority default_authority
[cloud_adapter.py-4] Possible reasons are listed at http://wiki.ros.org/tf/Errors%20explained
[cloud_adapter.py-4]          at line 294 in ./src/buffer_core.cpp
[cloud_adapter.py-4] Warning: TF_OLD_DATA ignoring data from the past for frame base_link at time 30.880000 according to authority default_authority
[cloud_adapter.py-4] Possible reasons are listed at http://wiki.ros.org/tf/Errors%20explained
[cloud_adapter.py-4]          at line 294 in ./src/buffer_core.cpp
[cloud_adapter.py-4] Warning: TF_OLD_DATA ignoring data from the past for frame base_link at time 30.900000 according to authority default_authority
[cloud_adapter.py-4] Possible reasons are listed at http://wiki.ros.org/tf/Errors%20explained
[cloud_adapter.py-4]          at line 294 in ./src/buffer_core.cpp
[cloud_adapter.py-4] Warning: TF_OLD_DATA ignoring data from the past for frame base_link at time 30.920000 according to authority default_authority
[cloud_adapter.py-4] Possible reasons are listed at http://wiki.ros.org/tf/Errors%20explained
[cloud_adapter.py-4]          at line 294 in ./src/buffer_core.cpp
[cloud_adapter.py-4] Warning: TF_OLD_DATA ignoring data from the past for frame base_link at time 30.940000 according to authority default_authority
[cloud_adapter.py-4] Possible reasons are listed at http://wiki.ros.org/tf/Errors%20explained
[cloud_adapter.py-4]          at line 294 in ./src/buffer_core.cpp
[cloud_adapter.py-4] Warning: TF_OLD_DATA ignoring data from the past for frame base_link at time 30.960000 according to authority default_authority
[cloud_adapter.py-4] Possible reasons are listed at http://wiki.ros.org/tf/Errors%20explained
[cloud_adapter.py-4]          at line 294 in ./src/buffer_core.cpp
[cloud_adapter.py-4] Warning: TF_OLD_DATA ignoring data from the past for frame base_link at time 30.980000 according to authority default_authority
[cloud_adapter.py-4] Possible reasons are listed at http://wiki.ros.org/tf/Errors%20explained
[cloud_adapter.py-4]          at line 294 in ./src/buffer_core.cpp
[cloud_adapter.py-4] Warning: TF_OLD_DATA ignoring data from the past for frame base_link at time 31.000000 according to authority default_authority
[cloud_adapter.py-4] Possible reasons are listed at http://wiki.ros.org/tf/Errors%20explained
[cloud_adapter.py-4]          at line 294 in ./src/buffer_core.cpp
[cloud_adapter.py-4] Warning: TF_OLD_DATA ignoring data from the past for frame base_link at time 31.020000 according to authority default_authority
[cloud_adapter.py-4] Possible reasons are listed at http://wiki.ros.org/tf/Errors%20explained
[cloud_adapter.py-4]          at line 294 in ./src/buffer_core.cpp
[cloud_adapter.py-4] Warning: TF_OLD_DATA ignoring data from the past for frame base_link at time 31.040000 according to authority default_authority
[cloud_adapter.py-4] Possible reasons are listed at http://wiki.ros.org/tf/Errors%20explained
[cloud_adapter.py-4]          at line 294 in ./src/buffer_core.cpp
[cloud_adapter.py-4] Warning: TF_OLD_DATA ignoring data from the past for frame base_link at time 31.060000 according to authority default_authority
[cloud_adapter.py-4] Possible reasons are listed at http://wiki.ros.org/tf/Errors%20explained
[cloud_adapter.py-4]          at line 294 in ./src/buffer_core.cpp
[cloud_adapter.py-4] Warning: TF_OLD_DATA ignoring data from the past for frame base_link at time 31.080000 according to authority default_authority
[cloud_adapter.py-4] Possible reasons are listed at http://wiki.ros.org/tf/Errors%20explained
[cloud_adapter.py-4]          at line 294 in ./src/buffer_core.cpp
[cloud_adapter.py-4] Warning: TF_OLD_DATA ignoring data from the past for frame base_link at time 31.100000 according to authority default_authority
[cloud_adapter.py-4] Possible reasons are listed at http://wiki.ros.org/tf/Errors%20explained
[cloud_adapter.py-4]          at line 294 in ./src/buffer_core.cpp
[cloud_adapter.py-4] Warning: TF_OLD_DATA ignoring data from the past for frame base_link at time 31.120000 according to authority default_authority
[cloud_adapter.py-4] Possible reasons are listed at http://wiki.ros.org/tf/Errors%20explained
[cloud_adapter.py-4]          at line 294 in ./src/buffer_core.cpp
[cloud_adapter.py-4] Warning: TF_OLD_DATA ignoring data from the past for frame base_link at time 31.140000 according to authority default_authority
[cloud_adapter.py-4] Possible reasons are listed at http://wiki.ros.org/tf/Errors%20explained
[cloud_adapter.py-4]          at line 294 in ./src/buffer_core.cpp
[cloud_adapter.py-4] Warning: TF_OLD_DATA ignoring data from the past for frame base_link at time 31.160000 according to authority default_authority
[cloud_adapter.py-4] Possible reasons are listed at http://wiki.ros.org/tf/Errors%20explained
[cloud_adapter.py-4]          at line 294 in ./src/buffer_core.cpp
[cloud_adapter.py-4] Warning: TF_OLD_DATA ignoring data from the past for frame base_link at time 31.180000 according to authority default_authority
[cloud_adapter.py-4] Possible reasons are listed at http://wiki.ros.org/tf/Errors%20explained
[cloud_adapter.py-4]          at line 294 in ./src/buffer_core.cpp
[cloud_adapter.py-4] Warning: TF_OLD_DATA ignoring data from the past for frame base_link at time 31.200000 according to authority default_authority
[cloud_adapter.py-4] Possible reasons are listed at http://wiki.ros.org/tf/Errors%20explained
[cloud_adapter.py-4]          at line 294 in ./src/buffer_core.cpp
[cloud_adapter.py-4] Warning: TF_OLD_DATA ignoring data from the past for frame base_link at time 31.220000 according to authority default_authority
[cloud_adapter.py-4] Possible reasons are listed at http://wiki.ros.org/tf/Errors%20explained
[cloud_adapter.py-4]          at line 294 in ./src/buffer_core.cpp
[cloud_adapter.py-4] Warning: TF_OLD_DATA ignoring data from the past for frame base_link at time 31.240000 according to authority default_authority
[cloud_adapter.py-4] Possible reasons are listed at http://wiki.ros.org/tf/Errors%20explained
[cloud_adapter.py-4]          at line 294 in ./src/buffer_core.cpp
[cloud_adapter.py-4] Warning: TF_OLD_DATA ignoring data from the past for frame base_link at time 31.260000 according to authority default_authority
[cloud_adapter.py-4] Possible reasons are listed at http://wiki.ros.org/tf/Errors%20explained
[cloud_adapter.py-4]          at line 294 in ./src/buffer_core.cpp
[cloud_adapter.py-4] Warning: TF_OLD_DATA ignoring data from the past for frame base_link at time 31.280000 according to authority default_authority
[cloud_adapter.py-4] Possible reasons are listed at http://wiki.ros.org/tf/Errors%20explained
[cloud_adapter.py-4]          at line 294 in ./src/buffer_core.cpp
[cloud_adapter.py-4] Warning: TF_OLD_DATA ignoring data from the past for frame base_link at time 31.300000 according to authority default_authority
[cloud_adapter.py-4] Possible reasons are listed at http://wiki.ros.org/tf/Errors%20explained
[cloud_adapter.py-4]          at line 294 in ./src/buffer_core.cpp
[cloud_adapter.py-4] Warning: TF_OLD_DATA ignoring data from the past for frame base_link at time 31.320000 according to authority default_authority
[cloud_adapter.py-4] Possible reasons are listed at http://wiki.ros.org/tf/Errors%20explained
[cloud_adapter.py-4]          at line 294 in ./src/buffer_core.cpp
[cloud_adapter.py-4] Warning: TF_OLD_DATA ignoring data from the past for frame base_link at time 31.340000 according to authority default_authority
[cloud_adapter.py-4] Possible reasons are listed at http://wiki.ros.org/tf/Errors%20explained
[cloud_adapter.py-4]          at line 294 in ./src/buffer_core.cpp
[cloud_adapter.py-4] Warning: TF_OLD_DATA ignoring data from the past for frame base_link at time 31.360000 according to authority default_authority
[cloud_adapter.py-4] Possible reasons are listed at http://wiki.ros.org/tf/Errors%20explained
[cloud_adapter.py-4]          at line 294 in ./src/buffer_core.cpp
[cloud_adapter.py-4] Warning: TF_OLD_DATA ignoring data from the past for frame base_link at time 31.380000 according to authority default_authority
[cloud_adapter.py-4] Possible reasons are listed at http://wiki.ros.org/tf/Errors%20explained
[cloud_adapter.py-4]          at line 294 in ./src/buffer_core.cpp
[cloud_adapter.py-4] Warning: TF_OLD_DATA ignoring data from the past for frame base_link at time 31.400000 according to authority default_authority
[cloud_adapter.py-4] Possible reasons are listed at http://wiki.ros.org/tf/Errors%20explained
[cloud_adapter.py-4]          at line 294 in ./src/buffer_core.cpp
[cloud_adapter.py-4] Warning: TF_OLD_DATA ignoring data from the past for frame base_link at time 31.420000 according to authority default_authority
[cloud_adapter.py-4] Possible reasons are listed at http://wiki.ros.org/tf/Errors%20explained
[cloud_adapter.py-4]          at line 294 in ./src/buffer_core.cpp
[cloud_adapter.py-4] Warning: TF_OLD_DATA ignoring data from the past for frame base_link at time 31.440000 according to authority default_authority
[cloud_adapter.py-4] Possible reasons are listed at http://wiki.ros.org/tf/Errors%20explained
[cloud_adapter.py-4]          at line 294 in ./src/buffer_core.cpp
[cloud_adapter.py-4] Warning: TF_OLD_DATA ignoring data from the past for frame base_link at time 31.460000 according to authority default_authority
[cloud_adapter.py-4] Possible reasons are listed at http://wiki.ros.org/tf/Errors%20explained
[cloud_adapter.py-4]          at line 294 in ./src/buffer_core.cpp
[cloud_adapter.py-4] Warning: TF_OLD_DATA ignoring data from the past for frame base_link at time 31.480000 according to authority default_authority
[cloud_adapter.py-4] Possible reasons are listed at http://wiki.ros.org/tf/Errors%20explained
[cloud_adapter.py-4]          at line 294 in ./src/buffer_core.cpp
[cloud_adapter.py-4] Warning: TF_OLD_DATA ignoring data from the past for frame base_link at time 31.500000 according to authority default_authority
[cloud_adapter.py-4] Possible reasons are listed at http://wiki.ros.org/tf/Errors%20explained
[cloud_adapter.py-4]          at line 294 in ./src/buffer_core.cpp
[cloud_adapter.py-4] Warning: TF_OLD_DATA ignoring data from the past for frame base_link at time 31.520000 according to authority default_authority
[cloud_adapter.py-4] Possible reasons are listed at http://wiki.ros.org/tf/Errors%20explained
[cloud_adapter.py-4]          at line 294 in ./src/buffer_core.cpp
[cloud_adapter.py-4] Warning: TF_OLD_DATA ignoring data from the past for frame base_link at time 31.540000 according to authority default_authority
[cloud_adapter.py-4] Possible reasons are listed at http://wiki.ros.org/tf/Errors%20explained
[cloud_adapter.py-4]          at line 294 in ./src/buffer_core.cpp
[cloud_adapter.py-4] Warning: TF_OLD_DATA ignoring data from the past for frame base_link at time 31.560000 according to authority default_authority
[cloud_adapter.py-4] Possible reasons are listed at http://wiki.ros.org/tf/Errors%20explained
[cloud_adapter.py-4]          at line 294 in ./src/buffer_core.cpp
[cloud_adapter.py-4] Warning: TF_OLD_DATA ignoring data from the past for frame base_link at time 31.580000 according to authority default_authority
[cloud_adapter.py-4] Possible reasons are listed at http://wiki.ros.org/tf/Errors%20explained
[cloud_adapter.py-4]          at line 294 in ./src/buffer_core.cpp
[cloud_adapter.py-4] Warning: TF_OLD_DATA ignoring data from the past for frame base_link at time 31.600000 according to authority default_authority
[cloud_adapter.py-4] Possible reasons are listed at http://wiki.ros.org/tf/Errors%20explained
[cloud_adapter.py-4]          at line 294 in ./src/buffer_core.cpp
[cloud_adapter.py-4] Warning: TF_OLD_DATA ignoring data from the past for frame base_link at time 31.620000 according to authority default_authority
[cloud_adapter.py-4] Possible reasons are listed at http://wiki.ros.org/tf/Errors%20explained
[cloud_adapter.py-4]          at line 294 in ./src/buffer_core.cpp
[cloud_adapter.py-4] Warning: TF_OLD_DATA ignoring data from the past for frame base_link at time 31.640000 according to authority default_authority
[cloud_adapter.py-4] Possible reasons are listed at http://wiki.ros.org/tf/Errors%20explained
[cloud_adapter.py-4]          at line 294 in ./src/buffer_core.cpp
[cloud_adapter.py-4] Warning: TF_OLD_DATA ignoring data from the past for frame base_link at time 31.660000 according to authority default_authority
[cloud_adapter.py-4] Possible reasons are listed at http://wiki.ros.org/tf/Errors%20explained
[cloud_adapter.py-4]          at line 294 in ./src/buffer_core.cpp
[cloud_adapter.py-4] Warning: TF_OLD_DATA ignoring data from the past for frame base_link at time 31.680000 according to authority default_authority
[cloud_adapter.py-4] Possible reasons are listed at http://wiki.ros.org/tf/Errors%20explained
[cloud_adapter.py-4]          at line 294 in ./src/buffer_core.cpp
[cloud_adapter.py-4] Warning: TF_OLD_DATA ignoring data from the past for frame base_link at time 31.700000 according to authority default_authority
[cloud_adapter.py-4] Possible reasons are listed at http://wiki.ros.org/tf/Errors%20explained
[cloud_adapter.py-4]          at line 294 in ./src/buffer_core.cpp
[cloud_adapter.py-4] Warning: TF_OLD_DATA ignoring data from the past for frame base_link at time 31.720000 according to authority default_authority
[cloud_adapter.py-4] Possible reasons are listed at http://wiki.ros.org/tf/Errors%20explained
[cloud_adapter.py-4]          at line 294 in ./src/buffer_core.cpp
[cloud_adapter.py-4] Warning: TF_OLD_DATA ignoring data from the past for frame base_link at time 31.740000 according to authority default_authority
[cloud_adapter.py-4] Possible reasons are listed at http://wiki.ros.org/tf/Errors%20explained
[cloud_adapter.py-4]          at line 294 in ./src/buffer_core.cpp
[cloud_adapter.py-4] Warning: TF_OLD_DATA ignoring data from the past for frame base_link at time 31.760000 according to authority default_authority
[cloud_adapter.py-4] Possible reasons are listed at http://wiki.ros.org/tf/Errors%20explained
[cloud_adapter.py-4]          at line 294 in ./src/buffer_core.cpp
[cloud_adapter.py-4] Warning: TF_OLD_DATA ignoring data from the past for frame base_link at time 31.780000 according to authority default_authority
[cloud_adapter.py-4] Possible reasons are listed at http://wiki.ros.org/tf/Errors%20explained
[cloud_adapter.py-4]          at line 294 in ./src/buffer_core.cpp
[cloud_adapter.py-4] Warning: TF_OLD_DATA ignoring data from the past for frame base_link at time 31.800000 according to authority default_authority
[cloud_adapter.py-4] Possible reasons are listed at http://wiki.ros.org/tf/Errors%20explained
[cloud_adapter.py-4]          at line 294 in ./src/buffer_core.cpp
[cloud_adapter.py-4] Warning: TF_OLD_DATA ignoring data from the past for frame base_link at time 31.820000 according to authority default_authority
[cloud_adapter.py-4] Possible reasons are listed at http://wiki.ros.org/tf/Errors%20explained
[cloud_adapter.py-4]          at line 294 in ./src/buffer_core.cpp
[cloud_adapter.py-4] Warning: TF_OLD_DATA ignoring data from the past for frame base_link at time 31.840000 according to authority default_authority
[cloud_adapter.py-4] Possible reasons are listed at http://wiki.ros.org/tf/Errors%20explained
[cloud_adapter.py-4]          at line 294 in ./src/buffer_core.cpp
[cloud_adapter.py-4] Warning: TF_OLD_DATA ignoring data from the past for frame base_link at time 31.860000 according to authority default_authority
[cloud_adapter.py-4] Possible reasons are listed at http://wiki.ros.org/tf/Errors%20explained
[cloud_adapter.py-4]          at line 294 in ./src/buffer_core.cpp
[cloud_adapter.py-4] Warning: TF_OLD_DATA ignoring data from the past for frame base_link at time 31.880000 according to authority default_authority
[cloud_adapter.py-4] Possible reasons are listed at http://wiki.ros.org/tf/Errors%20explained
[cloud_adapter.py-4]          at line 294 in ./src/buffer_core.cpp
[cloud_adapter.py-4] Warning: TF_OLD_DATA ignoring data from the past for frame base_link at time 31.900000 according to authority default_authority
[cloud_adapter.py-4] Possible reasons are listed at http://wiki.ros.org/tf/Errors%20explained
[cloud_adapter.py-4]          at line 294 in ./src/buffer_core.cpp
[WARNING] [launch]: user interrupted with ctrl-c (SIGINT)
[parameter_bridge-2] [INFO] [1790450487.682996487] [rclcpp]: signal_handler(SIGINT/SIGTERM)
[trajectory_generator_node-6] [INFO] [1790450487.682997008] [rclcpp]: signal_handler(SIGINT/SIGTERM)
[trajectory_tracking_node-8] [INFO] [1790450487.688564017] [rclcpp]: signal_handler(SIGINT/SIGTERM)
[hit_bridge-9] [INFO] [1790450487.690317220] [rclcpp]: signal_handler(SIGINT/SIGTERM)
[INFO] [autonomy_guard.py-10]: sending signal 'SIGINT' to process[autonomy_guard.py-10]
[INFO] [hit_bridge-9]: sending signal 'SIGINT' to process[hit_bridge-9]
[INFO] [trajectory_tracking_node-8]: sending signal 'SIGINT' to process[trajectory_tracking_node-8]
[INFO] [rviz_safe-7]: sending signal 'SIGINT' to process[rviz_safe-7]
[INFO] [trajectory_generator_node-6]: sending signal 'SIGINT' to process[trajectory_generator_node-6]
[ERROR] [hit_bridge-9]: process has died [pid 55796, exit code -2, cmd '/home/liangys/RM_Sentry_2026/ros2_ws/install_sentry_autonomy/trajectory_tracking/lib/trajectory_tracking/hit_bridge --ros-args --params-file /tmp/launch_params_yh4ypys2'].
[INFO] [map_display.py-5]: sending signal 'SIGINT' to process[map_display.py-5]
[INFO] [cloud_adapter.py-4]: sending signal 'SIGINT' to process[cloud_adapter.py-4]
[INFO] [sim_adapter.py-3]: sending signal 'SIGINT' to process[sim_adapter.py-3]
[INFO] [parameter_bridge-2]: sending signal 'SIGINT' to process[parameter_bridge-2]
[INFO] [ign-1]: sending signal 'SIGINT' to process[ign-1]
[autonomy_guard.py-10] Traceback (most recent call last):
[autonomy_guard.py-10]   File "/home/liangys/RM_Sentry_2026/ros2_ws/install_sentry_autonomy/sentry_gazebo/lib/sentry_gazebo/autonomy_guard.py", line 282, in <module>
[autonomy_guard.py-10]     main()
[autonomy_guard.py-10]   File "/home/liangys/RM_Sentry_2026/ros2_ws/install_sentry_autonomy/sentry_gazebo/lib/sentry_gazebo/autonomy_guard.py", line 278, in main
[autonomy_guard.py-10]     node.destroy_node()
[autonomy_guard.py-10]   File "/opt/ros/humble/local/lib/python3.10/dist-packages/rclpy/node.py", line 1691, in destroy_node
[autonomy_guard.py-10]     self.destroy_service(self._services[0])
[autonomy_guard.py-10]   File "/opt/ros/humble/local/lib/python3.10/dist-packages/rclpy/node.py", line 1615, in destroy_service
[autonomy_guard.py-10]     service.destroy()
[autonomy_guard.py-10]   File "/opt/ros/humble/local/lib/python3.10/dist-packages/rclpy/service.py", line 93, in destroy
[autonomy_guard.py-10]     self.__service.destroy_when_not_in_use()
[autonomy_guard.py-10] KeyboardInterrupt
[trajectory_tracking_node-8] [INFO] [1790450487.756608601] [rclcpp]: signal_handler(SIGINT/SIGTERM)
[parameter_bridge-2] [INFO] [1790450487.780787473] [rclcpp]: signal_handler(SIGINT/SIGTERM)
[ERROR] [trajectory_generator_node-6]: process has died [pid 55790, exit code -2, cmd '/home/liangys/RM_Sentry_2026/ros2_ws/install_sentry_autonomy/trajectory_generation/lib/trajectory_generation/trajectory_generator_node --ros-args -r __node:=trajectory_generation --params-file /home/liangys/RM_Sentry_2026/ros2_ws/install_sentry_autonomy/trajectory_generation/share/trajectory_generation/config/global_planning.yaml --params-file /home/liangys/RM_Sentry_2026/ros2_ws/install_sentry_autonomy/trajectory_generation/share/trajectory_generation/config/map_metadata.yaml --params-file /home/liangys/RM_Sentry_2026/ros2_ws/install_sentry_autonomy/sentry_gazebo/share/sentry_gazebo/config/autonomy.yaml --params-file /tmp/launch_params_pp5mqv9l'].
[ERROR] [map_display.py-5]: process has died [pid 55788, exit code -2, cmd '/home/liangys/RM_Sentry_2026/ros2_ws/install_sentry_autonomy/sentry_gazebo/lib/sentry_gazebo/map_display.py --ros-args --params-file /tmp/launch_params_2hfrmmc_'].
[ERROR] [cloud_adapter.py-4]: process has died [pid 55786, exit code -2, cmd '/home/liangys/RM_Sentry_2026/ros2_ws/install_sentry_autonomy/sentry_gazebo/lib/sentry_gazebo/cloud_adapter.py --ros-args --params-file /tmp/launch_params_yf9zt049'].
[ERROR] [sim_adapter.py-3]: process has died [pid 55784, exit code -2, cmd '/home/liangys/RM_Sentry_2026/ros2_ws/install_sentry_autonomy/sentry_gazebo/lib/sentry_gazebo/sim_adapter.py --ros-args --params-file /tmp/launch_params_is2p1vur'].
[INFO] [parameter_bridge-2]: process has finished cleanly [pid 55782]
[ERROR] [autonomy_guard.py-10]: process has died [pid 55798, exit code -2, cmd '/home/liangys/RM_Sentry_2026/ros2_ws/install_sentry_autonomy/sentry_gazebo/lib/sentry_gazebo/autonomy_guard.py --ros-args --params-file /tmp/launch_params_baulllp4'].
[INFO] [trajectory_tracking_node-8]: process has finished cleanly [pid 55794]
[ign-1] [1;32m[Msg] [0m[1;32mIgnition Gazebo GUI    v[0m[1;32m6.18.0[0m[1;32m[0m
[ign-1] [1;32m[GUI] [0m[1;32m[Msg] [0m[1;32mLoading config [[0m[1;32m/home/liangys/RM_Sentry_2026/ros2_ws/install_sentry_autonomy/sentry_gazebo/share/sentry_gazebo/config/autonomy-gui.config[0m[1;32m][0m[1;32m[0m
[ign-1] [1;32m[GUI] [0m[1;32m[Msg] [0m[1;32mAdded plugin [[0m[1;32mRM Sentry - Basic Navigation[0m[1;32m] to main window[0m[1;32m[0m
[ign-1] [1;32m[GUI] [0m[1;32m[Msg] [0m[1;32mLoaded plugin [[0m[1;32mMinimalScene[0m[1;32m] from path [[0m[1;32m/usr/lib/x86_64-linux-gnu/ign-gui-6/plugins/libMinimalScene.so[0m[1;32m][0m[1;32m[0m
[ign-1] [1;32m[GUI] [0m[1;32m[Msg] [0m[1;32mAdded plugin [[0m[1;32mScene Manager[0m[1;32m] to main window[0m[1;32m[0m
[ign-1] [1;32m[GUI] [0m[1;32m[Msg] [0m[1;32mLoaded plugin [[0m[1;32mGzSceneManager[0m[1;32m] from path [[0m[1;32m/usr/lib/x86_64-linux-gnu/ign-gazebo-6/plugins/gui/libGzSceneManager.so[0m[1;32m][0m[1;32m[0m
[ign-1] [1;32m[GUI] [0m[1;32m[Msg] [0m[1;32mCamera view controller topic advertised on [[0m[1;32m/gui/camera/view_control[0m[1;32m][0m[1;32m[0m
[ign-1] [1;32m[GUI] [0m[1;32m[Msg] [0m[1;32mCamera reference visual topic advertised on [[0m[1;32m/gui/camera/view_control/reference_visual[0m[1;32m][0m[1;32m[0m
[ign-1] [1;32m[GUI] [0m[1;32m[Msg] [0m[1;32mCamera view control sensitivity advertised on [[0m[1;32m/gui/camera/view_control/sensitivity[0m[1;32m][0m[1;32m[0m
[ign-1] [1;32m[GUI] [0m[1;32m[Msg] [0m[1;32mAdded plugin [[0m[1;32mInteractive view control[0m[1;32m] to main window[0m[1;32m[0m
[ign-1] [1;32m[GUI] [0m[1;32m[Msg] [0m[1;32mLoaded plugin [[0m[1;32mInteractiveViewControl[0m[1;32m] from path [[0m[1;32m/usr/lib/x86_64-linux-gnu/ign-gui-6/plugins/libInteractiveViewControl.so[0m[1;32m][0m[1;32m[0m
[ign-1] [1;32m[GUI] [0m[1;32m[Msg] [0m[1;32mUsing world control service [[0m[1;32m/world/sentry_planning/control[0m[1;32m][0m[1;32m[0m
[ign-1] [1;32m[GUI] [0m[1;32m[Msg] [0m[1;32mListening to stats on [[0m[1;32m/world/sentry_planning/stats[0m[1;32m][0m[1;32m[0m
[ign-1] [1;32m[GUI] [0m[1;32m[Msg] [0m[1;32mAdded plugin [[0m[1;32mWorld control[0m[1;32m] to main window[0m[1;32m[0m
[ign-1] [1;32m[GUI] [0m[1;32m[Msg] [0m[1;32mLoaded plugin [[0m[1;32mWorldControl[0m[1;32m] from path [[0m[1;32m/usr/lib/x86_64-linux-gnu/ign-gui-6/plugins/libWorldControl.so[0m[1;32m][0m[1;32m[0m
[ign-1] [1;32m[GUI] [0m[1;32m[Msg] [0m[1;32mListening to stats on [[0m[1;32m/world/sentry_planning/stats[0m[1;32m][0m[1;32m[0m
[ign-1] [1;32m[GUI] [0m[1;32m[Msg] [0m[1;32mAdded plugin [[0m[1;32mWorld stats[0m[1;32m] to main window[0m[1;32m[0m
[ign-1] [1;32m[GUI] [0m[1;32m[Msg] [0m[1;32mLoaded plugin [[0m[1;32mWorldStats[0m[1;32m] from path [[0m[1;32m/usr/lib/x86_64-linux-gnu/ign-gui-6/plugins/libWorldStats.so[0m[1;32m][0m[1;32m[0m
[ign-1] [1;32m[GUI] [0m[1;32m[Msg] [0m[1;32mUsing server control service [[0m[1;32m/server_control[0m[1;32m][0m[1;32m[0m
[ign-1] [1;32m[GUI] [0m[1;32m[Msg] [0m[1;32mLoading plugin [[0m[1;32mignition-rendering-ogre2[0m[1;32m][0m[1;32m[0m
[ign-1] [1;32m[GUI] [0m[1;32m[Msg] [0m[1;32mLoading plugin [[0m[1;32mignition-rendering-ogre2[0m[1;32m][0m[1;32m[0m
[ign-1] [1;32m[GUI] [0m[1;32m[Msg] [0m[1;32mLoading plugin [[0m[1;32mignition-rendering-ogre2[0m[1;32m][0m[1;32m[0m
[ign-1] [1;32m[GUI] [0m[1;32m[Msg] [0m[1;32mLoading plugin [[0m[1;32mignition-rendering-ogre2[0m[1;32m][0m[1;32m[0m
[INFO] [rviz_safe-7]: process has finished cleanly [pid 55792]
[ign-1] /usr/lib/ruby/ignition/cmdgazebo6.rb:183:in `kill': No such process (Errno::ESRCH)
[ign-1] 	from /usr/lib/ruby/ignition/cmdgazebo6.rb:183:in `killProcess'
[ign-1] 	from /usr/lib/ruby/ignition/cmdgazebo6.rb:509:in `handle_signal'
[ign-1] 	from /usr/lib/ruby/ignition/cmdgazebo6.rb:514:in `block in execute'
[ign-1] 	from /usr/lib/ruby/ignition/cmdgazebo6.rb:524:in `wait2'
[ign-1] 	from /usr/lib/ruby/ignition/cmdgazebo6.rb:524:in `execute'
[ign-1] 	from /usr/bin/ign:301:in `<main>'
[ERROR] [ign-1]: process has died [pid 55780, exit code 1, cmd 'ign gazebo -r -v 3 /home/liangys/RM_Sentry_2026/ros2_ws/install_sentry_autonomy/sentry_gazebo/share/sentry_gazebo/worlds/planning.sdf --gui-config /home/liangys/RM_Sentry_2026/ros2_ws/install_sentry_autonomy/sentry_gazebo/share/sentry_gazebo/config/autonomy-gui.config'].
