[INFO] [launch]: All log files can be found below /home/liangys/.ros/log/2026-09-26-14-19-01-149932-ubuntu64-oc-46183
[INFO] [launch]: Default logging verbosity is set to INFO
[INFO] [ign-1]: process started with pid [46227]
[INFO] [parameter_bridge-2]: process started with pid [46229]
[INFO] [sim_adapter.py-3]: process started with pid [46231]
[INFO] [cloud_adapter.py-4]: process started with pid [46233]
[INFO] [map_display.py-5]: process started with pid [46235]
[INFO] [trajectory_generator_node-6]: process started with pid [46237]
[INFO] [rviz_safe-7]: process started with pid [46239]
[INFO] [trajectory_tracking_node-8]: process started with pid [46241]
[INFO] [hit_bridge-9]: process started with pid [46243]
[INFO] [autonomy_guard.py-10]: process started with pid [46245]
[INFO] [python3-11]: process started with pid [46247]
[trajectory_tracking_node-8] [SentryRobotInterface] Loading task file: "/home/liangys/RM_Sentry_2026/ros2_ws/install_sentry_autonomy/trajectory_tracking/share/trajectory_tracking/cfg/task.info"
[trajectory_tracking_node-8] x_init:   5 8 0 0
[trajectory_tracking_node-8] 
[trajectory_tracking_node-8]  #### Multiple-Shooting SQP Settings:
[trajectory_tracking_node-8]  #### =============================================================================
[trajectory_tracking_node-8]  #### 'sqpIteration'...........................................................8
[trajectory_tracking_node-8]  #### 'deltaTol'...........................................................1e-06
[trajectory_tracking_node-8]  #### 'alpha_decay'..........................................................0.5 (default)
[trajectory_tracking_node-8]  #### 'alpha_min'.........................................................0.0001 (default)
[trajectory_tracking_node-8]  #### 'gamma_c'............................................................1e-06 (default)
[trajectory_tracking_node-8]  #### 'g_max'..............................................................1e+06 (default)
[trajectory_tracking_node-8]  #### 'g_min'..............................................................1e-06
[trajectory_tracking_node-8]  #### 'armijoFactor'......................................................0.0001 (default)
[trajectory_tracking_node-8]  #### 'costTol'...........................................................0.0001
[trajectory_tracking_node-8]  #### 'dt'...................................................................0.1
[trajectory_tracking_node-8]  #### 'useFeedbackPolicy'......................................................1
[trajectory_tracking_node-8]  #### 'createValueFunction'....................................................0 (default)
[trajectory_tracking_node-8]  #### 'integratorType'.......................................................RK2
[trajectory_tracking_node-8]  #### 'inequalityConstraintMu'...............................................0.1
[trajectory_tracking_node-8]  #### 'inequalityConstraintDelta'............................................0.2
[trajectory_tracking_node-8]  #### 'projectStateInputEqualityConstraints'...................................1
[trajectory_tracking_node-8]  #### 'extractProjectionMultiplier'............................................0 (default)
[trajectory_tracking_node-8]  #### 'printSolverStatus'......................................................0
[trajectory_tracking_node-8]  #### 'printSolverStatistics'..................................................0
[trajectory_tracking_node-8]  #### 'printLinesearch'........................................................0
[trajectory_tracking_node-8]  #### 'enableLogging'..........................................................1 (default)
[trajectory_tracking_node-8]  #### 'logSize'.............................................................1000 (default)
[trajectory_tracking_node-8]  #### 'logFilePath'.........................................../tmp/ocs2/sqp_log/ (default)
[trajectory_tracking_node-8]  #### 'nThreads'...............................................................2
[trajectory_tracking_node-8]  #### 'threadPriority'........................................................50
[trajectory_tracking_node-8] 
[trajectory_tracking_node-8]  #### HPIPM Settings:
[trajectory_tracking_node-8]  #### =============================================================================
[trajectory_tracking_node-8]  #### 'mode'...................................................................1 (default)
[trajectory_tracking_node-8]  #### 'iter_max'..............................................................30 (default)
[trajectory_tracking_node-8]  #### 'alpha_min'..........................................................1e-12 (default)
[trajectory_tracking_node-8]  #### 'mu0'...................................................................10 (default)
[trajectory_tracking_node-8]  #### 'tol_stat'...........................................................1e-06 (default)
[trajectory_tracking_node-8]  #### 'tol_eq'.............................................................1e-08 (default)
[trajectory_tracking_node-8]  #### 'tol_ineq'...........................................................1e-08 (default)
[trajectory_tracking_node-8]  #### 'tol_comp'...........................................................1e-08 (default)
[trajectory_tracking_node-8]  #### 'reg_prim'...........................................................1e-12 (default)
[trajectory_tracking_node-8]  #### 'warm_start'.............................................................0 (default)
[trajectory_tracking_node-8]  #### 'pred_corr'..............................................................1 (default)
[trajectory_tracking_node-8]  #### 'ric_alg'................................................................0 (default)
[trajectory_tracking_node-8]  #### =============================================================================
[trajectory_tracking_node-8]  #### =============================================================================
[trajectory_tracking_node-8] 
[trajectory_tracking_node-8]  #### MPC Settings:
[trajectory_tracking_node-8]  #### =============================================================================
[trajectory_tracking_node-8]  #### 'timeHorizon'............................................................2
[trajectory_tracking_node-8]  #### 'solutionTimeWindow'.....................................................2
[trajectory_tracking_node-8]  #### 'coldStart'..............................................................0
[trajectory_tracking_node-8]  #### 'debugPrint'.............................................................0
[trajectory_tracking_node-8]  #### 'mpcDesiredFrequency'..................................................100
[trajectory_tracking_node-8]  #### 'mrtDesiredFrequency'..................................................400
[trajectory_tracking_node-8]  #### =============================================================================
[trajectory_tracking_node-8] 
[trajectory_tracking_node-8]  #### Rollout Settings: 
[trajectory_tracking_node-8]  #### =============================================================================
[trajectory_tracking_node-8]  #### 'AbsTolODE'..........................................................1e-05
[trajectory_tracking_node-8]  #### 'RelTolODE'..........................................................0.001
[trajectory_tracking_node-8]  #### 'maxNumStepsPerSecond'...............................................10000
[trajectory_tracking_node-8]  #### 'timeStep'............................................................0.02
[trajectory_tracking_node-8]  #### 'integratorType'.....................................................ODE45 (default)
[trajectory_tracking_node-8]  #### 'checkNumericalStability'................................................1
[trajectory_tracking_node-8]  #### 'reconstructInputTrajectory'.............................................1 (default)
[trajectory_tracking_node-8]  #### 'rootFindingAlgorithm'...................................................0 (default)
[trajectory_tracking_node-8]  #### 'maxSingleEventIterations'..............................................10 (default)
[trajectory_tracking_node-8]  #### 'useTrajectorySpreadingController'.......................................0 (default)
[trajectory_tracking_node-8]  #### =============================================================================
[trajectory_tracking_node-8] WARNING: Loaded at least one default value in matrix: "Q"
[trajectory_tracking_node-8] WARNING: Loaded at least one default value in matrix: "R"
[trajectory_tracking_node-8] WARNING: Loaded at least one default value in matrix: "Q_final"
[trajectory_tracking_node-8] Q:  
[trajectory_tracking_node-8] 150   0   0   0
[trajectory_tracking_node-8]   0 150   0   0
[trajectory_tracking_node-8]   0   0  60   0
[trajectory_tracking_node-8]   0   0   0  80
[trajectory_tracking_node-8] R:  
[trajectory_tracking_node-8]  1.5    0
[trajectory_tracking_node-8]    0 0.15
[trajectory_tracking_node-8] Qf: 
[trajectory_tracking_node-8] 150   0   0   0
[trajectory_tracking_node-8]   0 150   0   0
[trajectory_tracking_node-8]   0   0  60   0
[trajectory_tracking_node-8]   0   0   0  80
[trajectory_tracking_node-8] m_height_bias: 0.0152941 m_height_interval: 1.5 m_height_threshold: 0.08 height_sencond_high_threshold: 0.2
[trajectory_tracking_node-8] map swell done
[trajectory_tracking_node-8] second_heights_points: 10
[trajectory_tracking_node-8] [Map Build] bev build done
[trajectory_tracking_node-8] xmax: 0.781 xmin: -0.719 ymax: -3.154 ymin: -5.354
[trajectory_tracking_node-8] R.rows 400 R.cols 400
[trajectory_tracking_node-8] start topo sample map
[trajectory_tracking_node-8] [GridMap] topo_sample_map size: 185
[trajectory_tracking_node-8] [GridMap] topo_keypoint size: 1603
[trajectory_generator_node-6] [Manager Init] map/file_path: 
[trajectory_generator_node-6] [Manager Init] map/occ_file_path: /home/liangys/RM_Sentry_2026/ros2_ws/install_sentry_autonomy/trajectory_generation/share/trajectory_generation/map/occfinal.png
[trajectory_generator_node-6] [Manager Init] map/bev_file_path: /home/liangys/RM_Sentry_2026/ros2_ws/install_sentry_autonomy/trajectory_generation/share/trajectory_generation/map/bevfinal.png
[trajectory_generator_node-6] [Manager Init] map/distance_map_file_path: /home/liangys/RM_Sentry_2026/ros2_ws/install_sentry_autonomy/trajectory_generation/share/trajectory_generation/map/occtopo.png
[trajectory_generator_node-6] m_height_bias: 0.0152941 m_height_interval: 1.5 m_height_threshold: 0.08 height_sencond_high_threshold: 0.2
[trajectory_generator_node-6] map swell done
[trajectory_generator_node-6] second_heights_points: 10
[trajectory_generator_node-6] [Map Build] bev build done
[trajectory_generator_node-6] R.rows 400 R.cols 400
[trajectory_generator_node-6] start topo sample map
[trajectory_generator_node-6] [GridMap] topo_sample_map size: 185
[trajectory_generator_node-6] [GridMap] topo_keypoint size: 1603
[trajectory_generator_node-6] xmax: 0.781 xmin: -0.719 ymax: -3.154 ymin: -5.354
[ign-1] [1;33m[GUI] [Wrn] [Application.cc:802] [0m[1;33m[QT] file::/Gazebo/GazeboDrawer.qml:242:3: QML Connections: Implicitly defined onFoo properties in Connections are deprecated. Use this syntax instead: function onFoo(<arguments>) { ... }[0m[1;33m[0m
[sim_adapter.py-3] [INFO] [1790446742.008544013] [sentry_sim_adapter]: Ideal planar simulator: 0.5 s wall-time watchdog, 50 Hz feedback
[rviz_safe-7] [rviz_common:debug] Load pixmap at package://rviz_common/images/splash_overlay.png, at ./src/rviz_common/load_resource.cpp:71
[rviz_safe-7] [rviz_common:debug] Available Renderers(1): OpenGL Rendering Subsystem, at ./src/rviz_rendering/render_system.cpp:301
[rviz_safe-7] [rviz_common:info] Stereo is NOT SUPPORTED, at ./src/rviz_rendering/render_system.cpp:543
[rviz_safe-7] [rviz_common:info] OpenGl version: 4.5 (GLSL 4.5), at ./src/rviz_rendering/render_system.cpp:284
[rviz_safe-7] [rviz_common:debug] Load pixmap at package://rviz_common/icons/plus.png, at ./src/rviz_common/load_resource.cpp:71
[rviz_safe-7] [rviz_common:debug] Load pixmap at package://rviz_common/icons/minus.png, at ./src/rviz_common/load_resource.cpp:71
[rviz_safe-7] [rviz_common:info] Stereo is NOT SUPPORTED, at ./src/rviz_rendering/render_system.cpp:543
[rviz_safe-7] [rviz_common:debug] Load pixmap at package://rviz_default_plugins/icons/classes/TF.svg, at ./src/rviz_common/load_resource.cpp:71
[rviz_safe-7] [rviz_common:debug] Error retrieving file [file:///opt/ros/humble/share/rviz_default_plugins/icons/classes/TF.svg]: Couldn't open file /opt/ros/humble/share/rviz_default_plugins/icons/classes/TF.svg, at ./src/rviz_common/load_resource.cpp:55
[rviz_safe-7] [rviz_common:debug] Load pixmap at package://rviz_default_plugins/icons/classes/TF.png, at ./src/rviz_common/load_resource.cpp:71
[rviz_safe-7] [rviz_common:debug] Load pixmap at package://rviz_common/icons/classes/Identity.svg, at ./src/rviz_common/load_resource.cpp:71
[rviz_safe-7] [rviz_common:debug] Error retrieving file [file:///opt/ros/humble/share/rviz_common/icons/classes/Identity.svg]: Couldn't open file /opt/ros/humble/share/rviz_common/icons/classes/Identity.svg, at ./src/rviz_common/load_resource.cpp:55
[rviz_safe-7] [rviz_common:debug] Load pixmap at package://rviz_common/icons/classes/Identity.png, at ./src/rviz_common/load_resource.cpp:71
[rviz_safe-7] [rviz_common:debug] Error retrieving file [file:///opt/ros/humble/share/rviz_common/icons/classes/Identity.png]: Couldn't open file /opt/ros/humble/share/rviz_common/icons/classes/Identity.png, at ./src/rviz_common/load_resource.cpp:55
[rviz_safe-7] [rviz_common:debug] Load pixmap at package://rviz_common/icons/default_class_icon.png, at ./src/rviz_common/load_resource.cpp:71
[rviz_safe-7] [rviz_common:debug] Load pixmap at package://rviz_common/icons/options.png, at ./src/rviz_common/load_resource.cpp:71
[rviz_safe-7] [rviz_common:debug] Load pixmap at package://rviz_common/icons/ok.png, at ./src/rviz_common/load_resource.cpp:71
[rviz_safe-7] [rviz_common:debug] Load pixmap at package://rviz_common/icons/warning.png, at ./src/rviz_common/load_resource.cpp:71
[rviz_safe-7] [rviz_common:debug] Load pixmap at package://rviz_common/icons/error.png, at ./src/rviz_common/load_resource.cpp:71
[rviz_safe-7] [rviz_common:debug] Load pixmap at package://rviz_default_plugins/icons/classes/Orbit.svg, at ./src/rviz_common/load_resource.cpp:71
[rviz_safe-7] [rviz_common:debug] Error retrieving file [file:///opt/ros/humble/share/rviz_default_plugins/icons/classes/Orbit.svg]: Couldn't open file /opt/ros/humble/share/rviz_default_plugins/icons/classes/Orbit.svg, at ./src/rviz_common/load_resource.cpp:55
[rviz_safe-7] [rviz_common:debug] Load pixmap at package://rviz_default_plugins/icons/classes/Orbit.png, at ./src/rviz_common/load_resource.cpp:71
[rviz_safe-7] [rviz_common:debug] Error retrieving file [file:///opt/ros/humble/share/rviz_default_plugins/icons/classes/Orbit.png]: Couldn't open file /opt/ros/humble/share/rviz_default_plugins/icons/classes/Orbit.png, at ./src/rviz_common/load_resource.cpp:55
[rviz_safe-7] [rviz_common:debug] Load pixmap at package://rviz_common/icons/rotate.svg, at ./src/rviz_common/load_resource.cpp:71
[rviz_safe-7] [rviz_common:debug] Load pixmap at package://rviz_common/icons/cursor.svg, at ./src/rviz_common/load_resource.cpp:71
[rviz_safe-7] [rviz_common:debug] Load pixmap at package://rviz_common/icons/rotate_cam.svg, at ./src/rviz_common/load_resource.cpp:71
[rviz_safe-7] [rviz_common:debug] Load pixmap at package://rviz_common/icons/move2d.svg, at ./src/rviz_common/load_resource.cpp:71
[rviz_safe-7] [rviz_common:debug] Load pixmap at package://rviz_common/icons/move_z.svg, at ./src/rviz_common/load_resource.cpp:71
[rviz_safe-7] [rviz_common:debug] Load pixmap at package://rviz_common/icons/zoom.svg, at ./src/rviz_common/load_resource.cpp:71
[rviz_safe-7] [rviz_common:debug] Load pixmap at package://rviz_common/icons/crosshair.svg, at ./src/rviz_common/load_resource.cpp:71
[rviz_safe-7] [rviz_common:debug] Load pixmap at package://rviz_default_plugins/icons/classes/FocusCamera.svg, at ./src/rviz_common/load_resource.cpp:71
[rviz_safe-7] [rviz_common:debug] Load pixmap at package://rviz_default_plugins/icons/classes/Interact.svg, at ./src/rviz_common/load_resource.cpp:71
[rviz_safe-7] [rviz_common:debug] Error retrieving file [file:///opt/ros/humble/share/rviz_default_plugins/icons/classes/Interact.svg]: Couldn't open file /opt/ros/humble/share/rviz_default_plugins/icons/classes/Interact.svg, at ./src/rviz_common/load_resource.cpp:55
[rviz_safe-7] [rviz_common:debug] Load pixmap at package://rviz_default_plugins/icons/classes/Interact.png, at ./src/rviz_common/load_resource.cpp:71
[rviz_safe-7] [rviz_common:debug] Load pixmap at package://rviz_default_plugins/icons/classes/Measure.svg, at ./src/rviz_common/load_resource.cpp:71
[rviz_safe-7] [rviz_common:debug] Load pixmap at package://rviz_default_plugins/icons/classes/MoveCamera.svg, at ./src/rviz_common/load_resource.cpp:71
[rviz_safe-7] [rviz_common:debug] Error retrieving file [file:///opt/ros/humble/share/rviz_default_plugins/icons/classes/MoveCamera.svg]: Couldn't open file /opt/ros/humble/share/rviz_default_plugins/icons/classes/MoveCamera.svg, at ./src/rviz_common/load_resource.cpp:55
[rviz_safe-7] [rviz_common:debug] Load pixmap at package://rviz_default_plugins/icons/classes/MoveCamera.png, at ./src/rviz_common/load_resource.cpp:71
[rviz_safe-7] [rviz_common:debug] Load pixmap at package://rviz_default_plugins/icons/classes/PublishPoint.svg, at ./src/rviz_common/load_resource.cpp:71
[rviz_safe-7] [rviz_common:debug] Load pixmap at package://rviz_default_plugins/icons/classes/Select.svg, at ./src/rviz_common/load_resource.cpp:71
[rviz_safe-7] [rviz_common:debug] Error retrieving file [file:///opt/ros/humble/share/rviz_default_plugins/icons/classes/Select.svg]: Couldn't open file /opt/ros/humble/share/rviz_default_plugins/icons/classes/Select.svg, at ./src/rviz_common/load_resource.cpp:55
[rviz_safe-7] [rviz_common:debug] Load pixmap at package://rviz_default_plugins/icons/classes/Select.png, at ./src/rviz_common/load_resource.cpp:71
[rviz_safe-7] [rviz_common:debug] Load pixmap at package://rviz_default_plugins/icons/classes/SetGoal.svg, at ./src/rviz_common/load_resource.cpp:71
[rviz_safe-7] [rviz_common:debug] Error retrieving file [file:///opt/ros/humble/share/rviz_default_plugins/icons/classes/SetGoal.svg]: Couldn't open file /opt/ros/humble/share/rviz_default_plugins/icons/classes/SetGoal.svg, at ./src/rviz_common/load_resource.cpp:55
[rviz_safe-7] [rviz_common:debug] Load pixmap at package://rviz_default_plugins/icons/classes/SetGoal.png, at ./src/rviz_common/load_resource.cpp:71
[rviz_safe-7] [rviz_common:debug] Load pixmap at package://rviz_default_plugins/icons/classes/SetInitialPose.svg, at ./src/rviz_common/load_resource.cpp:71
[rviz_safe-7] [rviz_common:debug] Error retrieving file [file:///opt/ros/humble/share/rviz_default_plugins/icons/classes/SetInitialPose.svg]: Couldn't open file /opt/ros/humble/share/rviz_default_plugins/icons/classes/SetInitialPose.svg, at ./src/rviz_common/load_resource.cpp:55
[rviz_safe-7] [rviz_common:debug] Load pixmap at package://rviz_default_plugins/icons/classes/SetInitialPose.png, at ./src/rviz_common/load_resource.cpp:71
[rviz_safe-7] [rviz_common:debug] Load pixmap at package://rviz_default_plugins/icons/classes/Map.svg, at ./src/rviz_common/load_resource.cpp:71
[rviz_safe-7] [rviz_common:debug] Error retrieving file [file:///opt/ros/humble/share/rviz_default_plugins/icons/classes/Map.svg]: Couldn't open file /opt/ros/humble/share/rviz_default_plugins/icons/classes/Map.svg, at ./src/rviz_common/load_resource.cpp:55
[rviz_safe-7] [rviz_common:debug] Load pixmap at package://rviz_default_plugins/icons/classes/Map.png, at ./src/rviz_common/load_resource.cpp:71
[rviz_safe-7] [rviz_common:debug] Load pixmap at package://rviz_default_plugins/icons/classes/Grid.svg, at ./src/rviz_common/load_resource.cpp:71
[rviz_safe-7] [rviz_common:debug] Error retrieving file [file:///opt/ros/humble/share/rviz_default_plugins/icons/classes/Grid.svg]: Couldn't open file /opt/ros/humble/share/rviz_default_plugins/icons/classes/Grid.svg, at ./src/rviz_common/load_resource.cpp:55
[rviz_safe-7] [rviz_common:debug] Load pixmap at package://rviz_default_plugins/icons/classes/Grid.png, at ./src/rviz_common/load_resource.cpp:71
[rviz_safe-7] [rviz_common:debug] Load pixmap at package://rviz_default_plugins/icons/classes/PointCloud2.svg, at ./src/rviz_common/load_resource.cpp:71
[rviz_safe-7] [rviz_common:debug] Error retrieving file [file:///opt/ros/humble/share/rviz_default_plugins/icons/classes/PointCloud2.svg]: Couldn't open file /opt/ros/humble/share/rviz_default_plugins/icons/classes/PointCloud2.svg, at ./src/rviz_common/load_resource.cpp:55
[rviz_safe-7] [rviz_common:debug] Load pixmap at package://rviz_default_plugins/icons/classes/PointCloud2.png, at ./src/rviz_common/load_resource.cpp:71
[rviz_safe-7] [rviz_common:debug] Load pixmap at package://rviz_default_plugins/icons/classes/Pose.svg, at ./src/rviz_common/load_resource.cpp:71
[rviz_safe-7] [rviz_common:debug] Error retrieving file [file:///opt/ros/humble/share/rviz_default_plugins/icons/classes/Pose.svg]: Couldn't open file /opt/ros/humble/share/rviz_default_plugins/icons/classes/Pose.svg, at ./src/rviz_common/load_resource.cpp:55
[rviz_safe-7] [rviz_common:debug] Load pixmap at package://rviz_default_plugins/icons/classes/Pose.png, at ./src/rviz_common/load_resource.cpp:71
[rviz_safe-7] [rviz_common:debug] Load pixmap at package://rviz_default_plugins/icons/classes/Marker.svg, at ./src/rviz_common/load_resource.cpp:71
[rviz_safe-7] [rviz_common:debug] Error retrieving file [file:///opt/ros/humble/share/rviz_default_plugins/icons/classes/Marker.svg]: Couldn't open file /opt/ros/humble/share/rviz_default_plugins/icons/classes/Marker.svg, at ./src/rviz_common/load_resource.cpp:55
[rviz_safe-7] [rviz_common:debug] Load pixmap at package://rviz_default_plugins/icons/classes/Marker.png, at ./src/rviz_common/load_resource.cpp:71
[rviz_safe-7] [rviz_common:debug] Load pixmap at package://rviz_default_plugins/icons/classes/RGBF32.svg, at ./src/rviz_common/load_resource.cpp:71
[rviz_safe-7] [rviz_common:debug] Error retrieving file [file:///opt/ros/humble/share/rviz_default_plugins/icons/classes/RGBF32.svg]: Couldn't open file /opt/ros/humble/share/rviz_default_plugins/icons/classes/RGBF32.svg, at ./src/rviz_common/load_resource.cpp:55
[rviz_safe-7] [rviz_common:debug] Load pixmap at package://rviz_default_plugins/icons/classes/RGBF32.png, at ./src/rviz_common/load_resource.cpp:71
[rviz_safe-7] [rviz_common:debug] Error retrieving file [file:///opt/ros/humble/share/rviz_default_plugins/icons/classes/RGBF32.png]: Couldn't open file /opt/ros/humble/share/rviz_default_plugins/icons/classes/RGBF32.png, at ./src/rviz_common/load_resource.cpp:55
[rviz_safe-7] [rviz_common:debug] Load pixmap at package://rviz_default_plugins/icons/classes/FlatColor.svg, at ./src/rviz_common/load_resource.cpp:71
[rviz_safe-7] [rviz_common:debug] Error retrieving file [file:///opt/ros/humble/share/rviz_default_plugins/icons/classes/FlatColor.svg]: Couldn't open file /opt/ros/humble/share/rviz_default_plugins/icons/classes/FlatColor.svg, at ./src/rviz_common/load_resource.cpp:55
[rviz_safe-7] [rviz_common:debug] Load pixmap at package://rviz_default_plugins/icons/classes/FlatColor.png, at ./src/rviz_common/load_resource.cpp:71
[rviz_safe-7] [rviz_common:debug] Error retrieving file [file:///opt/ros/humble/share/rviz_default_plugins/icons/classes/FlatColor.png]: Couldn't open file /opt/ros/humble/share/rviz_default_plugins/icons/classes/FlatColor.png, at ./src/rviz_common/load_resource.cpp:55
[rviz_safe-7] [rviz_common:debug] Load pixmap at package://rviz_default_plugins/icons/classes/RGB8.svg, at ./src/rviz_common/load_resource.cpp:71
[rviz_safe-7] [rviz_common:debug] Error retrieving file [file:///opt/ros/humble/share/rviz_default_plugins/icons/classes/RGB8.svg]: Couldn't open file /opt/ros/humble/share/rviz_default_plugins/icons/classes/RGB8.svg, at ./src/rviz_common/load_resource.cpp:55
[rviz_safe-7] [rviz_common:debug] Load pixmap at package://rviz_default_plugins/icons/classes/RGB8.png, at ./src/rviz_common/load_resource.cpp:71
[rviz_safe-7] [rviz_common:debug] Error retrieving file [file:///opt/ros/humble/share/rviz_default_plugins/icons/classes/RGB8.png]: Couldn't open file /opt/ros/humble/share/rviz_default_plugins/icons/classes/RGB8.png, at ./src/rviz_common/load_resource.cpp:55
[rviz_safe-7] [rviz_common:debug] Load pixmap at package://rviz_default_plugins/icons/classes/AxisColor.svg, at ./src/rviz_common/load_resource.cpp:71
[parameter_bridge-2] [INFO] [1790446742.344047512] [sentry_gazebo_bridge]: Creating GZ->ROS Bridge: [/clock (ignition.msgs.Clock) -> /clock (rosgraph_msgs/msg/Clock)] (Lazy 0)
[parameter_bridge-2] [INFO] [1790446742.346731600] [sentry_gazebo_bridge]: Creating ROS->GZ Bridge: [/sim/guarded_cmd_vel (geometry_msgs/msg/Twist) -> /model/sentry/cmd_vel (ignition.msgs.Twist)] (Lazy 0)
[parameter_bridge-2] [INFO] [1790446742.351889353] [sentry_gazebo_bridge]: Creating GZ->ROS Bridge: [/model/sentry/odometry (ignition.msgs.Odometry) -> /sim/ground_truth/odometry (nav_msgs/msg/Odometry)] (Lazy 0)
[parameter_bridge-2] [INFO] [1790446742.356509257] [sentry_gazebo_bridge]: Creating GZ->ROS Bridge: [/sentry/lidar/points (ignition.msgs.PointCloudPacked) -> /sim/lidar/native (sensor_msgs/msg/PointCloud2)] (Lazy 0)
[parameter_bridge-2] [INFO] [1790446742.365028765] [sentry_gazebo_bridge]: Passing message from ROS geometry_msgs/msg/Twist to Gazebo gz.msgs.Twist (showing msg only once per type)
[rviz_safe-7] [rviz_common:error] Vertex Program:rviz/glsl120/indexed_8bit_image.vert Fragment Program:rviz/glsl120/indexed_8bit_image.frag GLSL link result : 
[rviz_safe-7] active samplers with a different type refer to the same texture image unit, at ./src/rviz_rendering/ogre_logging.cpp:70
[ign-1] [1;33m[GUI] [Wrn] [Application.cc:802] [0m[1;33m[QT] file::/WorldStats/WorldStats.qml:53:3: QML RowLayout: Binding loop detected for property "x"[0m[1;33m[0m
[python3-11] Visible simulation windows arranged: gazebo,rviz
[INFO] [python3-11]: process has finished cleanly [pid 46247]
[ign-1] libEGL warning: Not allowed to force software rendering when API explicitly selects a hardware device.
[ign-1] [1;33m[GUI] [Wrn] [Ogre2RenderTarget.cc:574] [0m[1;33mAnti-aliasing level of '[0m[1;33m8[0m[1;33m' [0m[1;33mis not supported; valid FSAA levels are: [0m[1;33m[ 0 4 ][0m[1;33m. Setting to 0[0m[1;33m[0m
[ign-1] [1;32m[Msg] [0m[1;32mReceived world [[0m[1;32m/home/liangys/RM_Sentry_2026/ros2_ws/install_sentry_autonomy/sentry_gazebo/share/sentry_gazebo/worlds/planning.sdf[0m[1;32m] from the GUI.[0m[1;32m[0m
[ign-1] [1;32m[Msg] [0m[1;32mIgnition Gazebo Server v[0m[1;32m6.18.0[0m[1;32m[0m
[ign-1] [1;32m[Msg] [0m[1;32mLoading SDF world file[[0m[1;32m/home/liangys/RM_Sentry_2026/ros2_ws/install_sentry_autonomy/sentry_gazebo/share/sentry_gazebo/worlds/planning.sdf[0m[1;32m].[0m
[ign-1] [1;32m[Msg] [0m[1;32mServing entity system service on [[0m[1;32m/[0m[1;32mentity/system/add[0m[1;32m][0m[1;32m[0m
[ign-1] [1;32m[Msg] [0m[1;32mCreate service on [[0m[1;32m/world/sentry_planning/create[0m[1;32m][0m[1;32m[0m
[ign-1] [1;32m[Msg] [0m[1;32mRemove service on [[0m[1;32m/world/sentry_planning/remove[0m[1;32m][0m[1;32m[0m
[ign-1] [1;32m[Msg] [0m[1;32mPose service on [[0m[1;32m/world/sentry_planning/set_pose[0m[1;32m][0m[1;32m[0m
[ign-1] [1;32m[Msg] [0m[1;32mPose service on [[0m[1;32m/world/sentry_planning/set_pose_vector[0m[1;32m][0m[1;32m[0m
[ign-1] [1;32m[Msg] [0m[1;32mLight configuration service on [[0m[1;32m/world/sentry_planning/light_config[0m[1;32m][0m[1;32m[0m
[ign-1] [1;32m[Msg] [0m[1;32mPhysics service on [[0m[1;32m/world/sentry_planning/set_physics[0m[1;32m][0m[1;32m[0m
[ign-1] [1;32m[Msg] [0m[1;32mSphericalCoordinates service on [[0m[1;32m/world/sentry_planning/set_spherical_coordinates[0m[1;32m][0m[1;32m[0m
[ign-1] [1;32m[Msg] [0m[1;32mEnable collision service on [[0m[1;32m/world/sentry_planning/enable_collision[0m[1;32m][0m[1;32m[0m
[ign-1] [1;32m[Msg] [0m[1;32mDisable collision service on [[0m[1;32m/world/sentry_planning/disable_collision[0m[1;32m][0m[1;32m[0m
[ign-1] [1;32m[Msg] [0m[1;32mMaterial service on [[0m[1;32m/world/sentry_planning/visual_config[0m[1;32m][0m[1;32m[0m
[ign-1] [1;32m[Msg] [0m[1;32mMaterial service on [[0m[1;32m/world/sentry_planning/wheel_slip[0m[1;32m][0m[1;32m[0m
[ign-1] [1;32m[Msg] [0m[1;32mVelocityControl subscribing to twist messages on [[0m[1;32m/model/sentry/cmd_vel[0m[1;32m][0m[1;32m[0m
[ign-1] [1;32m[Msg] [0m[1;32mOdometryPublisher publishing odometry on [[0m[1;32m/model/sentry/odometry[0m[1;32m][0m[1;32m[0m
[ign-1] [1;32m[Msg] [0m[1;32mOdometryPublisher publishing odometry with covariance on [[0m[1;32m/model/sentry/odometry_with_covariance[0m[1;32m][0m[1;32m[0m
[ign-1] [1;32m[Msg] [0m[1;32mOdometryPublisher publishing Pose_V (TF) on [[0m[1;32m/model/sentry/pose[0m[1;32m][0m[1;32m[0m
[ign-1] [1;32m[Msg] [0m[1;32mLoaded level [[0m[1;32m3[0m[1;32m][0m[1;32m[0m
[ign-1] [1;32m[Msg] [0m[1;32mServing world controls on [[0m[1;32m/world/sentry_planning[0m[1;32m/control], [[0m[1;32m/world/sentry_planning[0m[1;32m/control/state] and [[0m[1;32m/world/sentry_planning[0m[1;32m/playback/control][0m[1;32m[0m
[ign-1] [1;32m[Msg] [0m[1;32mServing GUI information on [[0m[1;32m/world/sentry_planning[0m[1;32m/[0m[1;32mgui/info[0m[1;32m][0m[1;32m[0m
[ign-1] [1;32m[Msg] [0m[1;32mWorld [[0m[1;32msentry_planning[0m[1;32m] initialized with [[0m[1;32mfixed_step[0m[1;32m] physics profile.[0m[1;32m[0m
[ign-1] [1;32m[Msg] [0m[1;32mServing world SDF generation service on [[0m[1;32m/world/sentry_planning[0m[1;32m/[0m[1;32mgenerate_world_sdf[0m[1;32m][0m[1;32m[0m
[ign-1] [1;32m[Msg] [0m[1;32mServing world names on [[0m[1;32m/gazebo/worlds[0m[1;32m][0m[1;32m[0m
[ign-1] [1;32m[Msg] [0m[1;32mResource path add service on [[0m[1;32m/gazebo/resource_paths/add[0m[1;32m].[0m[1;32m[0m
[ign-1] [1;32m[Msg] [0m[1;32mResource path get service on [[0m[1;32m/gazebo/resource_paths/get[0m[1;32m].[0m[1;32m[0m
[ign-1] [1;32m[Msg] [0m[1;32mResource path resolve service on [[0m[1;32m/gazebo/resource_paths/resolve[0m[1;32m].[0m[1;32m[0m
[ign-1] [1;32m[Msg] [0m[1;32mResource paths published on [[0m[1;32m/gazebo/resource_paths[0m[1;32m].[0m[1;32m[0m
[ign-1] [1;32m[Msg] [0m[1;32mServer control service on [[0m[1;32m/server_control[0m[1;32m].[0m[1;32m[0m
[ign-1] [1;32m[Msg] [0m[1;32mFound no publishers on /stats, adding root stats topic[0m[1;32m[0m
[ign-1] libEGL warning: Not allowed to force software rendering when API explicitly selects a hardware device.
[trajectory_tracking_node-8] [WARN] [1790446746.113130620] [trajectory_tracking]: trajectory tracking stopped: no valid trajectory
[rviz_safe-7] [rviz_common:debug] Error retrieving file [file:///opt/ros/humble/share/rviz_default_plugins/icons/classes/AxisColor.svg]: Couldn't open file /opt/ros/humble/share/rviz_default_plugins/icons/classes/AxisColor.svg, at ./src/rviz_common/load_resource.cpp:55
[rviz_safe-7] [rviz_common:debug] Load pixmap at package://rviz_default_plugins/icons/classes/AxisColor.png, at ./src/rviz_common/load_resource.cpp:71
[rviz_safe-7] [rviz_common:debug] Error retrieving file [file:///opt/ros/humble/share/rviz_default_plugins/icons/classes/AxisColor.png]: Couldn't open file /opt/ros/humble/share/rviz_default_plugins/icons/classes/AxisColor.png, at ./src/rviz_common/load_resource.cpp:55
[rviz_safe-7] [rviz_common:debug] Load pixmap at package://rviz_default_plugins/icons/classes/XYZ.svg, at ./src/rviz_common/load_resource.cpp:71
[rviz_safe-7] [rviz_common:debug] Error retrieving file [file:///opt/ros/humble/share/rviz_default_plugins/icons/classes/XYZ.svg]: Couldn't open file /opt/ros/humble/share/rviz_default_plugins/icons/classes/XYZ.svg, at ./src/rviz_common/load_resource.cpp:55
[rviz_safe-7] [rviz_common:debug] Load pixmap at package://rviz_default_plugins/icons/classes/XYZ.png, at ./src/rviz_common/load_resource.cpp:71
[rviz_safe-7] [rviz_common:debug] Error retrieving file [file:///opt/ros/humble/share/rviz_default_plugins/icons/classes/XYZ.png]: Couldn't open file /opt/ros/humble/share/rviz_default_plugins/icons/classes/XYZ.png, at ./src/rviz_common/load_resource.cpp:55
[rviz_safe-7] [rviz_common:debug] Load pixmap at package://rviz_default_plugins/icons/classes/Intensity.svg, at ./src/rviz_common/load_resource.cpp:71
[rviz_safe-7] [rviz_common:debug] Error retrieving file [file:///opt/ros/humble/share/rviz_default_plugins/icons/classes/Intensity.svg]: Couldn't open file /opt/ros/humble/share/rviz_default_plugins/icons/classes/Intensity.svg, at ./src/rviz_common/load_resource.cpp:55
[rviz_safe-7] [rviz_common:debug] Load pixmap at package://rviz_default_plugins/icons/classes/Intensity.png, at ./src/rviz_common/load_resource.cpp:71
[rviz_safe-7] [rviz_common:debug] Error retrieving file [file:///opt/ros/humble/share/rviz_default_plugins/icons/classes/Intensity.png]: Couldn't open file /opt/ros/humble/share/rviz_default_plugins/icons/classes/Intensity.png, at ./src/rviz_common/load_resource.cpp:55
[rviz_safe-7] [rviz_common:debug] Load pixmap at package://rviz_common/icons/classes/Displays.svg, at ./src/rviz_common/load_resource.cpp:71
[rviz_safe-7] [rviz_common:debug] Load pixmap at package://rviz_common/icons/close.png, at ./src/rviz_common/load_resource.cpp:71
[rviz_safe-7] [rviz_common:debug] Received a 400 X 400 map @ 0.05m/pix
[rviz_safe-7] , at ./src/rviz_default_plugins/displays/map/map_display.cpp:520
[rviz_safe-7] [rviz_common:info] Trying to create a map of size 400 x 400 using 1 swatches, at ./src/rviz_default_plugins/displays/map/map_display.cpp:399
[trajectory_generator_node-6] [INFO] [1790446747.775604421] [trajectory_generation]: FSM accepted manual goal goal=(-2.72, 1.95, 0.02)
[trajectory_generator_node-6] [Manager] start point, (x, y): (-0.92, -4.45)
[trajectory_generator_node-6] [Manager] receive target, (x, y): (-2.72, 1.95)
[trajectory_generator_node-6] [Topo]: m_graph before num: 1605
[trajectory_generator_node-6] [Topo]: dijkstra time: 0.032212
[trajectory_generator_node-6] [Topo]: topo search time: 0.170093
[trajectory_generator_node-6] [Topo]: m_graph num: 2575
[trajectory_generator_node-6] [DIAG] origin_path (Dijkstra) size: 5
[trajectory_generator_node-6] [DIAG]   origin[0]: (-0.919, -4.454, 0.015)
[trajectory_generator_node-6] [DIAG]   origin[1]: (-5.019, -1.604, 0.015)
[trajectory_generator_node-6] [DIAG]   origin[2]: (-3.769, 2.396, 0.015)
[trajectory_generator_node-6] [DIAG]   origin[3]: (-1.719, 1.946, 0.015)
[trajectory_generator_node-6] [DIAG]   origin[4]: (-2.719, 1.946, 0.015)
[trajectory_generator_node-6] [DIAG] lineVisib(start→end DIRECT): false  colli=(-1.42,-2.65)
[trajectory_generator_node-6] [DIAG] direct line: 132 steps, 92 wall cells
[trajectory_generator_node-6] [smoothTopoPath] INPUT size=5
[trajectory_generator_node-6] [smoothTopoPath]   in[0]: (-0.919, -4.454, 0.015)
[trajectory_generator_node-6] [smoothTopoPath]   in[1]: (-5.019, -1.604, 0.015)
[trajectory_generator_node-6] [smoothTopoPath]   in[2]: (-3.769, 2.396, 0.015)
[trajectory_generator_node-6] [smoothTopoPath]   in[3]: (-1.719, 1.946, 0.015)
[trajectory_generator_node-6] [smoothTopoPath]   in[4]: (-2.719, 1.946, 0.015)
[trajectory_generator_node-6] [smoothTopoPath] lineVisib(start→end): false  colli=(-1.42,-2.65)
[trajectory_generator_node-6] [smoothTopoPath] stuck detected, skipping to topo[4]
[trajectory_generator_node-6] [smoothTopoPath] OUTPUT size=8, iter_count=7
[trajectory_generator_node-6] [smoothTopoPath]   out[0]: (-0.919, -4.454, 0.015)
[trajectory_generator_node-6] [smoothTopoPath]   out[1]: (-4.840, -0.515, 0.015)
[trajectory_generator_node-6] [smoothTopoPath]   out[2]: (-3.299, 2.232, 0.015)
[trajectory_generator_node-6] [smoothTopoPath]   out[3]: (-2.168, 2.139, 0.015)
[trajectory_generator_node-6] [smoothTopoPath]   out[4]: (-2.555, 2.131, 0.015)
[trajectory_generator_node-6] [smoothTopoPath]   out[5]: (-2.134, 2.182, 0.015)
[trajectory_generator_node-6] [smoothTopoPath]   out[6]: (-2.719, 1.946, 0.015)
[trajectory_generator_node-6] [smoothTopoPath]   out[7]: (-2.719, 1.946, 0.015)
[trajectory_generator_node-6] [DIAG] optimized_path (smoothTopoPath) size: 8
[trajectory_generator_node-6] [DIAG]   opt[0]: (-0.919, -4.454, 0.015)
[trajectory_generator_node-6] [DIAG]   opt[1]: (-4.840, -0.515, 0.015)
[trajectory_generator_node-6] [DIAG]   opt[2]: (-3.299, 2.232, 0.015)
[trajectory_generator_node-6] [DIAG]   opt[3]: (-2.168, 2.139, 0.015)
[trajectory_generator_node-6] [DIAG]   opt[4]: (-2.555, 2.131, 0.015)
[trajectory_generator_node-6] [DIAG]   opt[5]: (-2.134, 2.182, 0.015)
[trajectory_generator_node-6] [DIAG]   opt[6]: (-2.719, 1.946, 0.015)
[trajectory_generator_node-6] [DIAG]   opt[7]: (-2.719, 1.946, 0.015)
[trajectory_generator_node-6] optimized_path size: 8
[trajectory_generator_node-6] [Manager] reference_speed: (0.30)
[trajectory_generator_node-6] [LBFGS] search direction d:  9.72701e-05  0.000608948 -0.000696394  0.000665139 -0.000514308  0.000335708 -0.000190591  9.36582e-05 -3.40051e-05 -5.19217e-06  3.76614e-05 -6.98701e-05  9.76316e-05 -0.000107128  9.35274e-05 -7.12418e-05  7.33323e-05  -0.00138255  5.54627e-05  0.000880797  -0.00238778  -0.00116952  -0.00335438  0.000871564  0.000706052  0.000139905  0.000229411  -0.00162901   0.00265262  -0.00378945   0.00457604  -0.00446943   0.00335193  -0.00154223   0.00269553   0.00481006  -0.00959312 -9.77561e-05 -0.000611596  0.000699358 -0.000667821  0.000516077 -0.000336315  0.000190085  -9.2338e-05  3.27507e-05   3.8762e-06 -2.72491e-05  3.47301e-05 -2.85764e-06 -0.000119359  0.000391869 -0.000848976   0.00151406  -0.00106218 -0.000809162  0.000417181   -0.0125796 -0.000699474  -0.00401588  8.45706e-05  0.000603718 -0.000222752   0.00024136  0.000943791  -0.00122748   0.00125223  -7.1353e-05  0.000838976  -0.00315361  0.000339528 -9.03712e-05 -0.000576974    0.0011445    0.0949257   -0.0136295   0.00530209  -0.00123535  0.000291593 -3.80125e-05  -4.8564e-06  1.04745e-05 -6.30001e-06  2.76882e-06 -1.03731e-06  4.51902e-06  -2.6217e-05   0.00012151 -0.000482646   0.00182703  -0.00540776    0.0171756  0.000873029      0.44301   0.00494741    0.0185574  -0.00311384 -0.000564884    0.0032259  -0.00293366   0.00399927  -0.00412859    0.0100312    0.0092992 -0.000346503  -0.00807744    0.0416481    0.0970421    0.0827994   0.00438845     0.101734     0.434675
[trajectory_generator_node-6] [Smooth Optimize] MINCO reaches max evaluations: Line search reaches the maximum try number, assumptions not satisfied or precision not achievable.
[trajectory_generator_node-6] [Smooth Optimize] MINCO: cost=5.0 total_T=41.286(init 35.954) max_drift=0.249 max_vel=0.4 segs=38
[trajectory_generator_node-6] [Smooth Resample] resample
[trajectory_generator_node-6] [Smooth Resample] 39 -> 20 waypoints, 19 time segs, max_turn=178.3 deg
[trajectory_generator_node-6] [Manager] optimizer generate time: 0.020544
[trajectory_generator_node-6] [Reference] path size : 20
[trajectory_generator_node-6] [Reference] solvePolyMatrix ENTER: N=19, path_size=20, trap_time_size=19
[trajectory_generator_node-6] [Reference]   path[0]=(-0.9190,-4.4540) path[1]=(-1.3430,-4.0281) t[0]=2.604165 state_vel=(0.0000,0.0000)
[trajectory_generator_node-6] [Reference] banded solve done. b[0]=-0.201982 b[N]=0.262278 b2[0]=0.202887 b2[N]=0.066101
[trajectory_generator_node-6] [Reference] solvePolyMatrix EXIT: polyX[0]=[0.014775 -0.100991 0.000000 -0.919000]
[trajectory_generator_node-6] [Reference] solvePolyMatrix ENTER: N=19, path_size=20, trap_time_size=19
[trajectory_generator_node-6] [Reference]   path[0]=(-0.9190,-4.4540) path[1]=(-1.3430,-4.0281) t[0]=2.604165 state_vel=(0.0000,0.0000)
[trajectory_generator_node-6] [Reference] banded solve done. b[0]=-0.201982 b[N]=0.216780 b2[0]=0.202887 b2[N]=0.054673
[trajectory_generator_node-6] [Reference] solvePolyMatrix EXIT: polyX[0]=[0.014775 -0.100991 0.000000 -0.919000]
[trajectory_generator_node-6] [INFO] [1790446747.990271460] [trajectory_generation]: FSM published 19 trajectory pieces
[trajectory_tracking_node-8] [WARN] [1790446753.032071339] [trajectory_tracking]: RM_GridMap predicted-path replan requested: collision_samples=0 trajectory_age=5.02
[trajectory_generator_node-6] [Manager REPLAN]  cur position point (X, Y) = (-1.834200, -3.505649), target point (X, Y) = (-2.719000, 1.946000)
[trajectory_generator_node-6] [Manager REPLAN] target_temp (X, Y) = (-2.719000, 1.946000)
[trajectory_generator_node-6] [Manager REPLAN] robot 1.32m from path, full replan
[trajectory_generator_node-6] [Manager] start point, (x, y): (-1.83, -3.51)
[trajectory_generator_node-6] [Manager] receive target, (x, y): (-2.72, 1.95)
[trajectory_generator_node-6] [Topo]: m_graph before num: 1605
[trajectory_generator_node-6] [Topo]: dijkstra time: 0.023647
[trajectory_generator_node-6] [Topo]: topo search time: 0.108783
[trajectory_generator_node-6] [Topo]: m_graph num: 2579
[trajectory_generator_node-6] [DIAG] origin_path (Dijkstra) size: 5
[trajectory_generator_node-6] [DIAG]   origin[0]: (-1.834, -3.506, 0.015)
[trajectory_generator_node-6] [DIAG]   origin[1]: (-4.840, -0.175, 0.015)
[trajectory_generator_node-6] [DIAG]   origin[2]: (-3.769, 2.396, 0.015)
[trajectory_generator_node-6] [DIAG]   origin[3]: (-1.719, 1.946, 0.015)
[trajectory_generator_node-6] [DIAG]   origin[4]: (-2.719, 1.946, 0.015)
[trajectory_generator_node-6] [DIAG] lineVisib(start→end DIRECT): false  colli=(-2.12,-1.70)
[trajectory_generator_node-6] [DIAG] direct line: 110 steps, 71 wall cells
[trajectory_generator_node-6] [smoothTopoPath] INPUT size=5
[trajectory_generator_node-6] [smoothTopoPath]   in[0]: (-1.834, -3.506, 0.015)
[trajectory_generator_node-6] [smoothTopoPath]   in[1]: (-4.840, -0.175, 0.015)
[trajectory_generator_node-6] [smoothTopoPath]   in[2]: (-3.769, 2.396, 0.015)
[trajectory_generator_node-6] [smoothTopoPath]   in[3]: (-1.719, 1.946, 0.015)
[trajectory_generator_node-6] [smoothTopoPath]   in[4]: (-2.719, 1.946, 0.015)
[trajectory_generator_node-6] [smoothTopoPath] lineVisib(start→end): false  colli=(-2.12,-1.70)
[trajectory_generator_node-6] [smoothTopoPath] stuck detected, skipping to topo[1]
[trajectory_generator_node-6] [smoothTopoPath] stuck detected, skipping to topo[4]
[trajectory_generator_node-6] [smoothTopoPath] OUTPUT size=9, iter_count=10
[trajectory_generator_node-6] [smoothTopoPath]   out[0]: (-1.834, -3.506, 0.015)
[trajectory_generator_node-6] [smoothTopoPath]   out[1]: (-4.816, -0.202, 0.015)
[trajectory_generator_node-6] [smoothTopoPath]   out[2]: (-4.544, -0.245, 0.015)
[trajectory_generator_node-6] [smoothTopoPath]   out[3]: (-4.706, 0.148, 0.015)
[trajectory_generator_node-6] [smoothTopoPath]   out[4]: (-3.063, 2.394, 0.015)
[trajectory_generator_node-6] [smoothTopoPath]   out[5]: (-2.121, 2.207, 0.015)
[trajectory_generator_node-6] [smoothTopoPath]   out[6]: (-2.558, 2.127, 0.015)
[trajectory_generator_node-6] [smoothTopoPath]   out[7]: (-2.719, 1.946, 0.015)
[trajectory_generator_node-6] [smoothTopoPath]   out[8]: (-2.719, 1.946, 0.015)
[trajectory_generator_node-6] [DIAG] optimized_path (smoothTopoPath) size: 9
[trajectory_generator_node-6] [DIAG]   opt[0]: (-1.834, -3.506, 0.015)
[trajectory_generator_node-6] [DIAG]   opt[1]: (-4.816, -0.202, 0.015)
[trajectory_generator_node-6] [DIAG]   opt[2]: (-4.544, -0.245, 0.015)
[trajectory_generator_node-6] [DIAG]   opt[3]: (-4.706, 0.148, 0.015)
[trajectory_generator_node-6] [DIAG]   opt[4]: (-3.063, 2.394, 0.015)
[trajectory_generator_node-6] [DIAG]   opt[5]: (-2.121, 2.207, 0.015)
[trajectory_generator_node-6] [DIAG]   opt[6]: (-2.558, 2.127, 0.015)
[trajectory_generator_node-6] [DIAG]   opt[7]: (-2.719, 1.946, 0.015)
[trajectory_generator_node-6] [DIAG]   opt[8]: (-2.719, 1.946, 0.015)
[trajectory_generator_node-6] [Manager] reference_speed: (0.30)
[trajectory_generator_node-6] optimized_path size: 9
[trajectory_generator_node-6] [LBFGS] search direction d:   1.6366e-06 -6.61402e-07  3.29712e-07 -2.02708e-07  2.32975e-07 -4.82772e-07  1.15096e-06 -2.69514e-06  6.04874e-06 -1.17068e-05  1.87181e-05  0.000116414  0.000191149  0.000408878 -0.000145985  0.000176021  0.000809714  0.000252956  0.000132142  0.000352991   0.00041022  0.000112757  0.000301033  4.74709e-05  3.89856e-05 -6.59281e-05  6.29289e-05 -1.10596e-05 -0.000206998  0.000217279  0.000366537  3.53404e-05 -1.45506e-05  6.74969e-06 -3.03134e-06  1.50384e-06 -1.30735e-06  2.18784e-06  -4.5104e-06  9.50014e-06 -1.75605e-05  2.57733e-05  0.000475142  0.000432154   0.00187851 -0.000118086  0.000354097  -0.00078256  -0.00020182 -0.000330356 -0.000150715 -0.000313728 -3.62092e-05 -0.000318903  -6.2143e-05 -3.63136e-05  5.79571e-05 -5.60728e-05  1.83435e-05   0.00049135  -0.00087566  0.000208644  1.80075e-05 -4.52557e-06  1.11954e-06 -1.46223e-07 -4.23116e-08  5.86748e-08 -5.14519e-08   4.2587e-08 -9.25174e-09    1.264e-07 -2.12544e-06  1.20839e-05 -2.68217e-05  0.000117945  2.89012e-05   0.00226174 -6.41111e-06  5.69166e-05  1.32216e-05 -1.92742e-05  3.27033e-05 -1.75263e-05  1.83464e-05 -5.41835e-06  2.90011e-06  3.53911e-06  2.75479e-05 -1.65964e-05  4.23031e-05  9.05919e-05  0.000338854   0.00126694
[trajectory_generator_node-6] [Smooth Optimize] MINCO reaches max evaluations: Line search reaches the maximum try number, assumptions not satisfied or precision not achievable.
[trajectory_generator_node-6] [Smooth Optimize] MINCO: cost=5.3 total_T=31.093(init 30.387) max_drift=0.288 max_vel=0.5 segs=32
[trajectory_generator_node-6] [Smooth Resample] resample
[trajectory_generator_node-6] [Smooth Resample] 33 -> 17 waypoints, 16 time segs, max_turn=137.5 deg
[trajectory_generator_node-6] [Manager] optimizer generate time: 0.010045
[trajectory_generator_node-6] [Reference] path size : 17
[trajectory_generator_node-6] [Reference] solvePolyMatrix ENTER: N=16, path_size=17, trap_time_size=16
[trajectory_generator_node-6] [Reference]   path[0]=(-1.8342,-3.5056) path[1]=(-2.2362,-3.0595) t[0]=2.000871 state_vel=(-0.2025,0.2011)
[trajectory_generator_node-6] [Reference] banded solve done. b[0]=0.002891 b[N]=0.672989 b2[0]=0.038195 b2[N]=0.294093
[trajectory_generator_node-6] [Reference] solvePolyMatrix EXIT: polyX[0]=[-0.000312 0.001446 -0.202536 -1.834200]
[trajectory_generator_node-6] [Reference] solvePolyMatrix ENTER: N=16, path_size=17, trap_time_size=16
[trajectory_generator_node-6] [Reference]   path[0]=(-1.8342,-3.5056) path[1]=(-2.2362,-3.0595) t[0]=2.000871 state_vel=(-0.2025,0.2011)
[trajectory_generator_node-6] [Reference] banded solve done. b[0]=0.002891 b[N]=0.556593 b2[0]=0.038195 b2[N]=0.244021
[trajectory_generator_node-6] [Reference] solvePolyMatrix EXIT: polyX[0]=[-0.000312 0.001446 -0.202536 -1.834200]
[trajectory_generator_node-6] [Reference] solvePolyMatrix ENTER: N=16, path_size=17, trap_time_size=16
[trajectory_generator_node-6] [Reference]   path[0]=(-1.8342,-3.5056) path[1]=(-2.2362,-3.0595) t[0]=2.000871 state_vel=(-0.2025,0.2011)
[trajectory_generator_node-6] [Reference] banded solve done. b[0]=0.002891 b[N]=0.460411 b2[0]=0.038195 b2[N]=0.202582
[trajectory_generator_node-6] [Reference] solvePolyMatrix EXIT: polyX[0]=[-0.000312 0.001446 -0.202536 -1.834200]
[trajectory_generator_node-6] [Reference] solvePolyMatrix ENTER: N=16, path_size=17, trap_time_size=16
[trajectory_generator_node-6] [Reference]   path[0]=(-1.8342,-3.5056) path[1]=(-2.2362,-3.0595) t[0]=2.000871 state_vel=(-0.2025,0.2011)
[trajectory_generator_node-6] [Reference] banded solve done. b[0]=0.002891 b[N]=0.380928 b2[0]=0.038195 b2[N]=0.168279
[trajectory_generator_node-6] [Reference] solvePolyMatrix EXIT: polyX[0]=[-0.000312 0.001446 -0.202536 -1.834200]
[trajectory_generator_node-6] [Reference] solvePolyMatrix ENTER: N=16, path_size=17, trap_time_size=16
[trajectory_generator_node-6] [Reference]   path[0]=(-1.8342,-3.5056) path[1]=(-2.2362,-3.0595) t[0]=2.000871 state_vel=(-0.2025,0.2011)
[trajectory_generator_node-6] [Reference] banded solve done. b[0]=0.002891 b[N]=0.315238 b2[0]=0.038195 b2[N]=0.139874
[trajectory_generator_node-6] [Reference] solvePolyMatrix EXIT: polyX[0]=[-0.000312 0.001446 -0.202536 -1.834200]
[trajectory_generator_node-6] [INFO] [1790446753.165238705] [trajectory_generation]: FSM published 16 trajectory pieces
[trajectory_tracking_node-8] [WARN] [1790446758.192820339] [trajectory_tracking]: RM_GridMap predicted-path replan requested: collision_samples=0 trajectory_age=5.01
[trajectory_generator_node-6] [Manager REPLAN]  cur position point (X, Y) = (-2.847965, -2.397343), target point (X, Y) = (-2.719000, 1.946000)
[trajectory_generator_node-6] [Manager REPLAN] target_temp (X, Y) = (-2.719000, 1.946000)
[trajectory_generator_node-6] [Manager REPLAN] robot 1.50m from path, full replan
[trajectory_generator_node-6] [Manager] start point, (x, y): (-2.85, -2.40)
[trajectory_generator_node-6] [Manager] receive target, (x, y): (-2.72, 1.95)
[trajectory_generator_node-6] [Topo]: m_graph before num: 1605
[trajectory_generator_node-6] [Topo]: dijkstra time: 0.016003
[trajectory_generator_node-6] [Topo]: topo search time: 0.135375
[trajectory_generator_node-6] [Topo]: m_graph num: 2594
[trajectory_generator_node-6] [DIAG] origin_path (Dijkstra) size: 5
[trajectory_generator_node-6] [DIAG]   origin[0]: (-2.848, -2.397, 0.015)
[trajectory_generator_node-6] [DIAG]   origin[1]: (-4.840, -0.175, 0.015)
[trajectory_generator_node-6] [DIAG]   origin[2]: (-3.769, 2.396, 0.015)
[trajectory_generator_node-6] [DIAG]   origin[3]: (-1.719, 1.946, 0.015)
[trajectory_generator_node-6] [DIAG]   origin[4]: (-2.719, 1.946, 0.015)
[trajectory_generator_node-6] [DIAG] lineVisib(start→end DIRECT): false  colli=(-2.82,-1.35)
[trajectory_generator_node-6] [DIAG] direct line: 86 steps, 64 wall cells
[trajectory_generator_node-6] [smoothTopoPath] INPUT size=5
[trajectory_generator_node-6] [smoothTopoPath]   in[0]: (-2.848, -2.397, 0.015)
[trajectory_generator_node-6] [smoothTopoPath]   in[1]: (-4.840, -0.175, 0.015)
[trajectory_generator_node-6] [smoothTopoPath]   in[2]: (-3.769, 2.396, 0.015)
[trajectory_generator_node-6] [smoothTopoPath]   in[3]: (-1.719, 1.946, 0.015)
[trajectory_generator_node-6] [smoothTopoPath]   in[4]: (-2.719, 1.946, 0.015)
[trajectory_generator_node-6] [smoothTopoPath] lineVisib(start→end): false  colli=(-2.82,-1.35)
[trajectory_generator_node-6] [smoothTopoPath] stuck detected, skipping to topo[1]
[trajectory_generator_node-6] [smoothTopoPath] stuck detected, skipping to topo[4]
[trajectory_generator_node-6] [smoothTopoPath] OUTPUT size=9, iter_count=10
[trajectory_generator_node-6] [smoothTopoPath]   out[0]: (-2.848, -2.397, 0.015)
[trajectory_generator_node-6] [smoothTopoPath]   out[1]: (-4.817, -0.201, 0.015)
[trajectory_generator_node-6] [smoothTopoPath]   out[2]: (-4.544, -0.245, 0.015)
[trajectory_generator_node-6] [smoothTopoPath]   out[3]: (-4.706, 0.148, 0.015)
[trajectory_generator_node-6] [smoothTopoPath]   out[4]: (-3.063, 2.394, 0.015)
[trajectory_generator_node-6] [smoothTopoPath]   out[5]: (-2.121, 2.207, 0.015)
[trajectory_generator_node-6] [smoothTopoPath]   out[6]: (-2.558, 2.127, 0.015)
[trajectory_generator_node-6] [smoothTopoPath]   out[7]: (-2.719, 1.946, 0.015)
[trajectory_generator_node-6] [smoothTopoPath]   out[8]: (-2.719, 1.946, 0.015)
[trajectory_generator_node-6] [DIAG] optimized_path (smoothTopoPath) size: 9
[trajectory_generator_node-6] [DIAG]   opt[0]: (-2.848, -2.397, 0.015)
[trajectory_generator_node-6] [DIAG]   opt[1]: (-4.817, -0.201, 0.015)
[trajectory_generator_node-6] [DIAG]   opt[2]: (-4.544, -0.245, 0.015)
[trajectory_generator_node-6] [DIAG]   opt[3]: (-4.706, 0.148, 0.015)
[trajectory_generator_node-6] [DIAG]   opt[4]: (-3.063, 2.394, 0.015)
[trajectory_generator_node-6] [DIAG]   opt[5]: (-2.121, 2.207, 0.015)
[trajectory_generator_node-6] [DIAG]   opt[6]: (-2.558, 2.127, 0.015)
[trajectory_generator_node-6] [DIAG]   opt[7]: (-2.719, 1.946, 0.015)
[trajectory_generator_node-6] [DIAG]   opt[8]: (-2.719, 1.946, 0.015)
[trajectory_generator_node-6] optimized_path size: 9
[trajectory_generator_node-6] [Manager] reference_speed: (0.30)
[trajectory_generator_node-6] [LBFGS] search direction d:  4.36426e-05 -2.16199e-05  1.91495e-05 -3.12711e-05  5.82117e-05  -9.1325e-05  9.35686e-05 -5.18055e-05   0.00070552  0.000734449  0.000133666   0.00148032 -5.98721e-05  0.000653495 -0.000288495 -0.000475312 -0.000189932 -0.000109488 -3.98854e-05 -0.000293594  0.000506063 -0.000482384  8.24351e-05   0.00152636  -0.00159771  -0.00270978 -7.01755e-05  2.30833e-05  2.26421e-06 -3.07189e-05  6.73972e-05 -9.82415e-05 -0.000789947 -0.000518685  -0.00248473   0.00252495  -0.00209721    0.0010837  0.000588178   0.00118015  0.000137243 -0.000448007  1.04223e-05  0.000267832  6.43863e-05  0.000299949 -0.000490419  0.000523237 -0.000358307   -0.0024875   0.00510163  -0.00182109 -5.18269e-05  1.39454e-05 -3.35931e-06  4.62203e-07 -1.49149e-06  1.84721e-05 -8.84273e-05  0.000175576 -0.000852141 -0.000242432   -0.0160397  2.48017e-05  -0.00042906 -8.27713e-05  0.000131661 -0.000225552  0.000125054 -0.000127164  4.00959e-05 -2.23868e-05 -1.40321e-05  -0.00018691  0.000125286  -0.00015045 -0.000549111  -0.00228125  -0.00871056
[trajectory_generator_node-6] [Smooth Optimize] MINCO reaches max evaluations: Line search reaches the maximum try number, assumptions not satisfied or precision not achievable.
[trajectory_generator_node-6] [Smooth Optimize] MINCO: cost=5.3 total_T=26.317(init 25.403) max_drift=0.291 max_vel=0.5 segs=27
[trajectory_generator_node-6] [Smooth Resample] resample
[trajectory_generator_node-6] [Smooth Resample] 28 -> 15 waypoints, 14 time segs, max_turn=160.7 deg
[trajectory_generator_node-6] [Manager] optimizer generate time: 0.009203
[trajectory_generator_node-6] [Reference] path size : 15
[trajectory_generator_node-6] [Reference] solvePolyMatrix ENTER: N=14, path_size=15, trap_time_size=14
[trajectory_generator_node-6] [Reference]   path[0]=(-2.8480,-2.3973) path[1]=(-3.2485,-1.9506) t[0]=2.000727 state_vel=(-0.1971,0.2175)
[trajectory_generator_node-6] [Reference] banded solve done. b[0]=-0.003352 b[N]=0.584575 b2[0]=0.010661 b2[N]=0.917763
[trajectory_generator_node-6] [Reference] solvePolyMatrix EXIT: polyX[0]=[0.000055 -0.001676 -0.197050 -2.847965]
[trajectory_generator_node-6] [Reference] solvePolyMatrix ENTER: N=14, path_size=15, trap_time_size=14
[trajectory_generator_node-6] [Reference]   path[0]=(-2.8480,-2.3973) path[1]=(-3.2485,-1.9506) t[0]=2.000727 state_vel=(-0.1971,0.2175)
[trajectory_generator_node-6] [Reference] banded solve done. b[0]=-0.003352 b[N]=0.482920 b2[0]=0.010661 b2[N]=0.758252
[trajectory_generator_node-6] [Reference] solvePolyMatrix EXIT: polyX[0]=[0.000055 -0.001676 -0.197050 -2.847965]
[trajectory_generator_node-6] [Reference] solvePolyMatrix ENTER: N=14, path_size=15, trap_time_size=14
[trajectory_generator_node-6] [Reference]   path[0]=(-2.8480,-2.3973) path[1]=(-3.2485,-1.9506) t[0]=2.000727 state_vel=(-0.1971,0.2175)
[trajectory_generator_node-6] [Reference] banded solve done. b[0]=-0.003352 b[N]=0.398910 b2[0]=0.010661 b2[N]=0.626425
[trajectory_generator_node-6] [Reference] solvePolyMatrix EXIT: polyX[0]=[0.000055 -0.001676 -0.197050 -2.847965]
[trajectory_generator_node-6] [Reference] solvePolyMatrix ENTER: N=14, path_size=15, trap_time_size=14
[trajectory_generator_node-6] [Reference]   path[0]=(-2.8480,-2.3973) path[1]=(-3.2485,-1.9506) t[0]=2.000727 state_vel=(-0.1971,0.2175)
[trajectory_generator_node-6] [Reference] banded solve done. b[0]=-0.003352 b[N]=0.330050 b2[0]=0.010661 b2[N]=0.518377
[trajectory_generator_node-6] [Reference] solvePolyMatrix EXIT: polyX[0]=[0.000055 -0.001676 -0.197050 -2.847965]
[trajectory_generator_node-6] [Reference] solvePolyMatrix ENTER: N=14, path_size=15, trap_time_size=14
[trajectory_generator_node-6] [Reference]   path[0]=(-2.8480,-2.3973) path[1]=(-3.2485,-1.9506) t[0]=2.000727 state_vel=(-0.1971,0.2175)
[trajectory_generator_node-6] [Reference] banded solve done. b[0]=-0.003352 b[N]=0.268441 b2[0]=0.010661 b2[N]=0.430369
[trajectory_generator_node-6] [Reference] solvePolyMatrix EXIT: polyX[0]=[0.000055 -0.001676 -0.197050 -2.847965]
[trajectory_generator_node-6] [Reference] solvePolyMatrix ENTER: N=14, path_size=15, trap_time_size=14
[trajectory_generator_node-6] [Reference]   path[0]=(-2.8480,-2.3973) path[1]=(-3.2485,-1.9506) t[0]=2.000727 state_vel=(-0.1971,0.2175)
[trajectory_generator_node-6] [Reference] banded solve done. b[0]=-0.003352 b[N]=0.217805 b2[0]=0.010661 b2[N]=0.357487
[trajectory_generator_node-6] [Reference] solvePolyMatrix EXIT: polyX[0]=[0.000055 -0.001676 -0.197050 -2.847965]
[trajectory_generator_node-6] [Reference] solvePolyMatrix ENTER: N=14, path_size=15, trap_time_size=14
[trajectory_generator_node-6] [Reference]   path[0]=(-2.8480,-2.3973) path[1]=(-3.2485,-1.9506) t[0]=2.000727 state_vel=(-0.1971,0.2175)
[trajectory_generator_node-6] [Reference] banded solve done. b[0]=-0.003352 b[N]=0.176227 b2[0]=0.010661 b2[N]=0.297116
[trajectory_generator_node-6] [Reference] solvePolyMatrix EXIT: polyX[0]=[0.000055 -0.001676 -0.197050 -2.847965]
[trajectory_generator_node-6] [INFO] [1790446758.356127304] [trajectory_generation]: FSM published 14 trajectory pieces
[trajectory_tracking_node-8] [WARN] [1790446763.374703054] [trajectory_tracking]: RM_GridMap predicted-path replan requested: collision_samples=0 trajectory_age=5.01
[trajectory_generator_node-6] [Manager REPLAN]  cur position point (X, Y) = (-3.846480, -1.310701), target point (X, Y) = (-2.719000, 1.946000)
[trajectory_generator_node-6] [Manager REPLAN] target_temp (X, Y) = (-2.719000, 1.946000)
[trajectory_generator_node-6] [Manager REPLAN] robot 1.27m from path, full replan
[trajectory_generator_node-6] [Manager] start point, (x, y): (-3.85, -1.31)
[trajectory_generator_node-6] [Manager] receive target, (x, y): (-2.72, 1.95)
[trajectory_generator_node-6] [Topo]: m_graph before num: 1605
[trajectory_generator_node-6] [Topo]: dijkstra time: 0.020817
[trajectory_generator_node-6] [Topo]: topo search time: 0.122228
[trajectory_generator_node-6] [Topo]: m_graph num: 2580
[trajectory_generator_node-6] [DIAG] origin_path (Dijkstra) size: 5
[trajectory_generator_node-6] [DIAG]   origin[0]: (-3.846, -1.311, 0.015)
[trajectory_generator_node-6] [DIAG]   origin[1]: (-4.840, -0.175, 0.015)
[trajectory_generator_node-6] [DIAG]   origin[2]: (-3.769, 2.396, 0.015)
[trajectory_generator_node-6] [DIAG]   origin[3]: (-3.846, 1.689, 0.015)
[trajectory_generator_node-6] [DIAG]   origin[4]: (-2.719, 1.946, 0.015)
[trajectory_generator_node-6] [DIAG] lineVisib(start→end DIRECT): false  colli=(-3.67,-0.85)
[trajectory_generator_node-6] [DIAG] direct line: 68 steps, 58 wall cells
[trajectory_generator_node-6] [smoothTopoPath] INPUT size=5
[trajectory_generator_node-6] [smoothTopoPath]   in[0]: (-3.846, -1.311, 0.015)
[trajectory_generator_node-6] [smoothTopoPath]   in[1]: (-4.840, -0.175, 0.015)
[trajectory_generator_node-6] [smoothTopoPath]   in[2]: (-3.769, 2.396, 0.015)
[trajectory_generator_node-6] [smoothTopoPath]   in[3]: (-3.846, 1.689, 0.015)
[trajectory_generator_node-6] [smoothTopoPath]   in[4]: (-2.719, 1.946, 0.015)
[trajectory_generator_node-6] [smoothTopoPath] lineVisib(start→end): false  colli=(-3.67,-0.85)
[trajectory_generator_node-6] [smoothTopoPath] stuck detected, skipping to topo[1]
[trajectory_generator_node-6] [smoothTopoPath] stuck detected, skipping to topo[4]
[trajectory_generator_node-6] [smoothTopoPath] OUTPUT size=11, iter_count=12
[trajectory_generator_node-6] [smoothTopoPath]   out[0]: (-3.846, -1.311, 0.015)
[trajectory_generator_node-6] [smoothTopoPath]   out[1]: (-4.802, -0.220, 0.015)
[trajectory_generator_node-6] [smoothTopoPath]   out[2]: (-4.544, -0.245, 0.015)
[trajectory_generator_node-6] [smoothTopoPath]   out[3]: (-4.706, 0.148, 0.015)
[trajectory_generator_node-6] [smoothTopoPath]   out[4]: (-3.335, 2.060, 0.015)
[trajectory_generator_node-6] [smoothTopoPath]   out[5]: (-3.242, 1.624, 0.015)
[trajectory_generator_node-6] [smoothTopoPath]   out[6]: (-3.757, 1.998, 0.015)
[trajectory_generator_node-6] [smoothTopoPath]   out[7]: (-3.011, 2.162, 0.015)
[trajectory_generator_node-6] [smoothTopoPath]   out[8]: (-3.361, 1.923, 0.015)
[trajectory_generator_node-6] [smoothTopoPath]   out[9]: (-2.719, 1.946, 0.015)
[trajectory_generator_node-6] [smoothTopoPath]   out[10]: (-2.719, 1.946, 0.015)
[trajectory_generator_node-6] [DIAG] optimized_path (smoothTopoPath) size: 11
[trajectory_generator_node-6] [DIAG]   opt[0]: (-3.846, -1.311, 0.015)
[trajectory_generator_node-6] [DIAG]   opt[1]: (-4.802, -0.220, 0.015)
[trajectory_generator_node-6] [DIAG]   opt[2]: (-4.544, -0.245, 0.015)
[trajectory_generator_node-6] [DIAG]   opt[3]: (-4.706, 0.148, 0.015)
[trajectory_generator_node-6] [DIAG]   opt[4]: (-3.335, 2.060, 0.015)
[trajectory_generator_node-6] [DIAG]   opt[5]: (-3.242, 1.624, 0.015)
[trajectory_generator_node-6] [DIAG]   opt[6]: (-3.757, 1.998, 0.015)
[trajectory_generator_node-6] [DIAG]   opt[7]: (-3.011, 2.162, 0.015)
[trajectory_generator_node-6] [DIAG]   opt[8]: (-3.361, 1.923, 0.015)
[trajectory_generator_node-6] [DIAG]   opt[9]: (-2.719, 1.946, 0.015)
[trajectory_generator_node-6] [DIAG]   opt[10]: (-2.719, 1.946, 0.015)
[trajectory_generator_node-6] [Manager] reference_speed: (0.30)
[trajectory_generator_node-6] optimized_path size: 11
[trajectory_generator_node-6] [LBFGS] search direction d:  0.000291782   0.00114503  -0.00222994  -0.00231322   0.00156344 -0.000108382  0.000104342 -0.000977989 -0.000178576   0.00150866  -0.00674232 -0.000446345   0.00107955 -0.000772209  0.000732376  0.000479966  -0.00124711   -0.0017245   0.00165409  -0.00237251   0.00795771   0.00192427  -0.00213976  -0.00492688  0.000491553 -0.000256992   0.00198933  -0.00666576   0.00223418  -0.00445939   0.00310099  -0.00127389   -0.0011998 -0.000102965   0.00698646 -0.000358281 -4.77042e-05  -0.00239632    0.0035207  -0.00397844  0.000880682   0.00110462  -0.00041391  -0.00178092  -0.00139523   -0.0031375   -0.0080705  -0.00334882 -0.000225103  0.000844153  -0.00128818    0.0053972   0.00173014    0.0200965 -0.000109593   0.00226734  5.93565e-08 -0.000334487  0.000826999 -0.000587367  0.000893759  -0.00149534   0.00400016   0.00477944   0.00136345  0.000318832   0.00227105  0.000672608   0.00920436    0.0116833   0.00376383    0.0143519    0.0603858
[trajectory_generator_node-6] [Smooth Optimize] MINCO reaches max evaluations: Line search reaches the maximum try number, assumptions not satisfied or precision not achievable.
[trajectory_generator_node-6] [Smooth Optimize] MINCO: cost=5.9 total_T=23.120(init 21.748) max_drift=0.280 max_vel=0.5 segs=25
[trajectory_generator_node-6] [Smooth Resample] resample
[trajectory_generator_node-6] [Smooth Resample] 26 -> 14 waypoints, 13 time segs, max_turn=161.5 deg
[trajectory_generator_node-6] [Manager] optimizer generate time: 0.005515
[trajectory_generator_node-6] [Reference] path size : 14
[trajectory_generator_node-6] [Reference] solvePolyMatrix ENTER: N=13, path_size=14, trap_time_size=13
[trajectory_generator_node-6] [Reference]   path[0]=(-3.8465,-1.3107) path[1]=(-4.2487,-0.8875) t[0]=2.002408 state_vel=(-0.1935,0.2238)
[trajectory_generator_node-6] [Reference] banded solve done. b[0]=0.020655 b[N]=-0.626228 b2[0]=0.008440 b2[N]=0.719574
[trajectory_generator_node-6] [Reference] solvePolyMatrix EXIT: polyX[0]=[-0.006999 0.010328 -0.193458 -3.846480]
[trajectory_generator_node-6] [Reference] solvePolyMatrix ENTER: N=13, path_size=14, trap_time_size=13
[trajectory_generator_node-6] [Reference]   path[0]=(-3.8465,-1.3107) path[1]=(-4.2487,-0.8875) t[0]=2.002408 state_vel=(-0.1935,0.2238)
[trajectory_generator_node-6] [Reference] banded solve done. b[0]=0.020645 b[N]=-0.517540 b2[0]=0.008420 b2[N]=0.594693
[trajectory_generator_node-6] [Reference] solvePolyMatrix EXIT: polyX[0]=[-0.006997 0.010323 -0.193458 -3.846480]
[trajectory_generator_node-6] [Reference] solvePolyMatrix ENTER: N=13, path_size=14, trap_time_size=13
[trajectory_generator_node-6] [Reference]   path[0]=(-3.8465,-1.3107) path[1]=(-4.2487,-0.8875) t[0]=2.002408 state_vel=(-0.1935,0.2238)
[trajectory_generator_node-6] [Reference] banded solve done. b[0]=0.020648 b[N]=-0.427729 b2[0]=0.008419 b2[N]=0.491460
[trajectory_generator_node-6] [Reference] solvePolyMatrix EXIT: polyX[0]=[-0.006998 0.010324 -0.193458 -3.846480]
[trajectory_generator_node-6] [Reference] solvePolyMatrix ENTER: N=13, path_size=14, trap_time_size=13
[trajectory_generator_node-6] [Reference]   path[0]=(-3.8465,-1.3107) path[1]=(-4.2487,-0.8875) t[0]=2.002408 state_vel=(-0.1935,0.2238)
[trajectory_generator_node-6] [Reference] banded solve done. b[0]=0.020650 b[N]=-0.353505 b2[0]=0.008417 b2[N]=0.406145
[trajectory_generator_node-6] [Reference] solvePolyMatrix EXIT: polyX[0]=[-0.006998 0.010325 -0.193458 -3.846480]
[trajectory_generator_node-6] [Reference] solvePolyMatrix ENTER: N=13, path_size=14, trap_time_size=13
[trajectory_generator_node-6] [Reference]   path[0]=(-3.8465,-1.3107) path[1]=(-4.2487,-0.8875) t[0]=2.002408 state_vel=(-0.1935,0.2238)
[trajectory_generator_node-6] [Reference] banded solve done. b[0]=0.020650 b[N]=-0.290546 b2[0]=0.008417 b2[N]=0.337525
[trajectory_generator_node-6] [Reference] solvePolyMatrix EXIT: polyX[0]=[-0.006998 0.010325 -0.193458 -3.846480]
[trajectory_generator_node-6] [Reference] solvePolyMatrix ENTER: N=13, path_size=14, trap_time_size=13
[trajectory_generator_node-6] [Reference]   path[0]=(-3.8465,-1.3107) path[1]=(-4.2487,-0.8875) t[0]=2.002408 state_vel=(-0.1935,0.2238)
[trajectory_generator_node-6] [Reference] banded solve done. b[0]=0.020650 b[N]=-0.238715 b2[0]=0.008417 b2[N]=0.280634
[trajectory_generator_node-6] [Reference] solvePolyMatrix EXIT: polyX[0]=[-0.006998 0.010325 -0.193458 -3.846480]
[trajectory_generator_node-6] [Reference] solvePolyMatrix ENTER: N=13, path_size=14, trap_time_size=13
[trajectory_generator_node-6] [Reference]   path[0]=(-3.8465,-1.3107) path[1]=(-4.2487,-0.8875) t[0]=2.002408 state_vel=(-0.1935,0.2238)
[trajectory_generator_node-6] [Reference] banded solve done. b[0]=0.020650 b[N]=-0.196056 b2[0]=0.008417 b2[N]=0.233456
[trajectory_generator_node-6] [Reference] solvePolyMatrix EXIT: polyX[0]=[-0.006998 0.010325 -0.193458 -3.846480]
[trajectory_generator_node-6] [INFO] [1790446763.521610666] [trajectory_generation]: FSM published 13 trajectory pieces
[trajectory_tracking_node-8] [WARN] [1790446768.544801690] [trajectory_tracking]: RM_GridMap predicted-path replan requested: collision_samples=0 trajectory_age=5.02
[trajectory_generator_node-6] [Manager REPLAN]  cur position point (X, Y) = (-4.774837, -0.301580), target point (X, Y) = (-2.719000, 1.946000)
[trajectory_generator_node-6] [Manager REPLAN] target_temp (X, Y) = (-2.719000, 1.946000)
[trajectory_generator_node-6] [Manager REPLAN] path safe & target unchanged, re-anchoring from cur pos
[trajectory_generator_node-6] [LBFGS] search direction d:  0.000450461 -0.000219439  -0.00142785    0.0013878  0.000161766  0.000226794  -0.00124132  6.03315e-05 -0.000247895  0.000403769  -0.00028224  0.000544837 -0.000140337 -0.000150358  0.000716658  -0.00199235 -4.10158e-05  -0.00116588  -0.00215099 -0.000224781   0.00106258  -0.00170699   0.00110692  -0.00240287 -6.00226e-05  0.000252357  0.000241663  0.000540641 -0.000551757 -4.47473e-05  0.000276247  -0.00214105   0.00153071 -0.000572691  0.000525261  0.000490332   0.00145565  -0.00134245    0.0590754   0.00419305    0.0063837  0.000279135  -0.00122467   0.00216179  -0.00123915   0.00227629  -0.00278325   0.00841032   0.00839967   0.00356091  0.000480501   0.00566572   0.00475849    0.0188043    0.0167675    0.0109325    0.0338364     0.118905
[trajectory_generator_node-6] [Smooth Optimize] MINCO reaches max evaluations: Line search reaches the maximum try number, assumptions not satisfied or precision not achievable.
[trajectory_generator_node-6] [Smooth Optimize] MINCO: cost=3.6 total_T=19.580(init 17.224) max_drift=0.249 max_vel=0.4 segs=20
[trajectory_generator_node-6] [Smooth Resample] resample
[trajectory_generator_node-6] [Smooth Resample] 21 -> 11 waypoints, 10 time segs, max_turn=159.0 deg
[trajectory_generator_node-6] [Reference] path size : 11
[trajectory_generator_node-6] [Reference] solvePolyMatrix ENTER: N=10, path_size=11, trap_time_size=10
[trajectory_generator_node-6] [Reference]   path[0]=(-4.7748,-0.3016) path[1]=(-4.7213,0.1809) t[0]=2.255926 state_vel=(-0.0060,0.3067)
[trajectory_generator_node-6] [Reference] banded solve done. b[0]=0.002080 b[N]=-0.413316 b2[0]=-0.147278 b2[N]=-0.075142
[trajectory_generator_node-6] [Reference] solvePolyMatrix EXIT: polyX[0]=[0.005383 0.001040 -0.006001 -4.774837]
[trajectory_generator_node-6] [Reference] solvePolyMatrix ENTER: N=10, path_size=11, trap_time_size=10
[trajectory_generator_node-6] [Reference]   path[0]=(-4.7748,-0.3016) path[1]=(-4.7213,0.1809) t[0]=2.255926 state_vel=(-0.0060,0.3067)
[trajectory_generator_node-6] [Reference] banded solve done. b[0]=0.002530 b[N]=-0.341581 b2[0]=-0.146827 b2[N]=-0.062098
[trajectory_generator_node-6] [Reference] solvePolyMatrix EXIT: polyX[0]=[0.005283 0.001265 -0.006001 -4.774837]
[trajectory_generator_node-6] [Reference] solvePolyMatrix ENTER: N=10, path_size=11, trap_time_size=10
[trajectory_generator_node-6] [Reference]   path[0]=(-4.7748,-0.3016) path[1]=(-4.7213,0.1809) t[0]=2.255926 state_vel=(-0.0060,0.3067)
[trajectory_generator_node-6] [Reference] banded solve done. b[0]=0.002892 b[N]=-0.282297 b2[0]=-0.146473 b2[N]=-0.051319
[trajectory_generator_node-6] [Reference] solvePolyMatrix EXIT: polyX[0]=[0.005203 0.001446 -0.006001 -4.774837]
[trajectory_generator_node-6] [Reference] solvePolyMatrix ENTER: N=10, path_size=11, trap_time_size=10
[trajectory_generator_node-6] [Reference]   path[0]=(-4.7748,-0.3016) path[1]=(-4.7213,0.1809) t[0]=2.255926 state_vel=(-0.0060,0.3067)
[trajectory_generator_node-6] [Reference] banded solve done. b[0]=0.003178 b[N]=-0.233301 b2[0]=-0.146203 b2[N]=-0.042410
[trajectory_generator_node-6] [Reference] solvePolyMatrix EXIT: polyX[0]=[0.005140 0.001589 -0.006001 -4.774837]
[trajectory_generator_node-6] [Reference] solvePolyMatrix ENTER: N=10, path_size=11, trap_time_size=10
[trajectory_generator_node-6] [Reference]   path[0]=(-4.7748,-0.3016) path[1]=(-4.7213,0.1809) t[0]=2.255926 state_vel=(-0.0060,0.3067)
[trajectory_generator_node-6] [Reference] banded solve done. b[0]=0.003192 b[N]=-0.192795 b2[0]=-0.146218 b2[N]=-0.034885
[trajectory_generator_node-6] [Reference] solvePolyMatrix EXIT: polyX[0]=[0.005137 0.001596 -0.006001 -4.774837]
[trajectory_generator_node-6] [INFO] [1790446768.565426489] [trajectory_generation]: FSM published 10 trajectory pieces
[trajectory_tracking_node-8] [WARN] [1790446773.593469554] [trajectory_tracking]: RM_GridMap predicted-path replan requested: collision_samples=0 trajectory_age=5.02
[trajectory_generator_node-6] [Manager REPLAN]  cur position point (X, Y) = (-4.337635, 0.866038), target point (X, Y) = (-2.719000, 1.946000)
[trajectory_generator_node-6] [Manager REPLAN] target_temp (X, Y) = (-2.719000, 1.946000)
[trajectory_generator_node-6] [Manager REPLAN] path safe & target unchanged, re-anchoring from cur pos
[trajectory_generator_node-6] [LBFGS] search direction d:   0.00123635 -0.000113342  0.000386571 -0.000401777  0.000756808 -0.000342292  0.000192792  -0.00158589   0.00167952  -0.00121996 -0.000545645   0.00335262  -0.00155882  -0.00150359  -0.00125061 -0.000102397  2.73258e-05 -0.000165435  0.000238329  -0.00153297   0.00102549   0.00116759  -0.00141351   0.00125786  -0.00253353   0.00097464  -0.00150034 -0.000870706 -0.000705478 -1.40044e-06  0.000898016  -0.00237168    0.0075588   0.00669151    0.0031736  -0.00089263   0.00847601   0.00726242    0.0135127   0.00505116    0.0131124    0.0185857    0.0422258
[trajectory_generator_node-6] [Smooth Optimize] MINCO reaches max evaluations: Line search reaches the maximum try number, assumptions not satisfied or precision not achievable.
[trajectory_generator_node-6] [Smooth Optimize] MINCO: cost=1.1 total_T=15.599(init 12.731) max_drift=0.141 max_vel=0.5 segs=15
[trajectory_generator_node-6] [Smooth Resample] resample
[trajectory_generator_node-6] [Smooth Resample] 16 -> 9 waypoints, 8 time segs, max_turn=165.0 deg
[trajectory_generator_node-6] [Reference] path size : 9
[trajectory_generator_node-6] [Reference] solvePolyMatrix ENTER: N=8, path_size=9, trap_time_size=8
[trajectory_generator_node-6] [Reference]   path[0]=(-4.3376,0.8660) path[1]=(-3.9555,1.3299) t[0]=1.983168 state_vel=(0.1870,0.2535)
[trajectory_generator_node-6] [Reference] banded solve done. b[0]=0.007755 b[N]=-0.358525 b2[0]=-0.053378 b2[N]=0.115395
[trajectory_generator_node-6] [Reference] solvePolyMatrix EXIT: polyX[0]=[-0.000502 0.003878 0.186952 -4.337635]
[trajectory_generator_node-6] [Reference] solvePolyMatrix ENTER: N=8, path_size=9, trap_time_size=8
[trajectory_generator_node-6] [Reference]   path[0]=(-4.3376,0.8660) path[1]=(-3.9555,1.3299) t[0]=1.983168 state_vel=(0.1870,0.2535)
[trajectory_generator_node-6] [Reference] banded solve done. b[0]=0.007760 b[N]=-0.298037 b2[0]=-0.053380 b2[N]=0.095957
[trajectory_generator_node-6] [Reference] solvePolyMatrix EXIT: polyX[0]=[-0.000503 0.003880 0.186952 -4.337635]
[trajectory_generator_node-6] [INFO] [1790446773.621753364] [trajectory_generation]: FSM published 8 trajectory pieces
[trajectory_tracking_node-8] [WARN] [1790446778.647631907] [trajectory_tracking]: RM_GridMap predicted-path replan requested: collision_samples=0 trajectory_age=5.02
[trajectory_generator_node-6] [Manager REPLAN]  cur position point (X, Y) = (-3.416097, 1.933645), target point (X, Y) = (-2.719000, 1.946000)
[trajectory_generator_node-6] [Manager REPLAN] target_temp (X, Y) = (-2.719000, 1.946000)
[trajectory_generator_node-6] [Manager REPLAN] path safe & target unchanged, re-anchoring from cur pos
[trajectory_generator_node-6] [Smooth Optimize] MINCO Optimization STOP: Success: reached convergence (g_epsilon).
[trajectory_generator_node-6] [Smooth Optimize] MINCO: cost=0.3 total_T=4.000(init 2.324) max_drift=0.115 max_vel=0.0 segs=2
[trajectory_generator_node-6] [Smooth Resample] resample
[trajectory_generator_node-6] [Smooth Resample] path too short (3 pts), keeping all
[trajectory_generator_node-6] [Reference] path size : 3
[trajectory_generator_node-6] [Reference] solvePolyMatrix ENTER: N=2, path_size=3, trap_time_size=2
[trajectory_generator_node-6] [Reference]   path[0]=(-3.4161,1.9336) path[1]=(-3.1806,2.0338) t[0]=2.000000 state_vel=(0.1159,0.0394)
[trajectory_generator_node-6] [Reference] banded solve done. b[0]=-0.110883 b[N]=-0.459925 b2[0]=0.076565 b2[N]=0.126460
[trajectory_generator_node-6] [Reference] solvePolyMatrix EXIT: polyX[0]=[0.028197 -0.055441 0.115853 -3.416097]
[trajectory_generator_node-6] [Reference] solvePolyMatrix ENTER: N=2, path_size=3, trap_time_size=2
[trajectory_generator_node-6] [Reference]   path[0]=(-3.4161,1.9336) path[1]=(-3.1806,2.0338) t[0]=2.200000 state_vel=(0.1159,0.0394)
[trajectory_generator_node-6] [Reference] banded solve done. b[0]=-0.108394 b[N]=-0.382497 b2[0]=0.057572 b2[N]=0.103698
[trajectory_generator_node-6] [Reference] solvePolyMatrix EXIT: polyX[0]=[0.022817 -0.054197 0.115853 -3.416097]
[trajectory_generator_node-6] [Reference] solvePolyMatrix ENTER: N=2, path_size=3, trap_time_size=2
[trajectory_generator_node-6] [Reference]   path[0]=(-3.4161,1.9336) path[1]=(-3.1806,2.0338) t[0]=2.420000 state_vel=(0.1159,0.0394)
[trajectory_generator_node-6] [Reference] banded solve done. b[0]=-0.104814 b[N]=-0.318290 b2[0]=0.042395 b2[N]=0.084960
[trajectory_generator_node-6] [Reference] solvePolyMatrix EXIT: polyX[0]=[0.018491 -0.052407 0.115853 -3.416097]
[trajectory_generator_node-6] [INFO] [1790446778.660159268] [trajectory_generation]: FSM published 2 trajectory pieces
[trajectory_tracking_node-8] [WARN] [1790446783.624470313] [trajectory_tracking]: trajectory tracking stopped: invalid coefficient array length
[trajectory_tracking_node-8] [WARN] [1790446785.736359727] [trajectory_tracking]: trajectory tracking stopped: no valid trajectory
[trajectory_generator_node-6] [INFO] [1790446786.674318316] [trajectory_generation]: FSM accepted manual goal goal=(-2.72, 1.95, 0.02)
[trajectory_generator_node-6] [Manager] start point, (x, y): (-0.92, -4.45)
[trajectory_generator_node-6] [Manager] receive target, (x, y): (-2.72, 1.95)
[trajectory_generator_node-6] [Topo]: m_graph before num: 1605
[trajectory_generator_node-6] [Topo]: dijkstra time: 0.015924
[trajectory_generator_node-6] [Topo]: topo search time: 0.081268
[trajectory_generator_node-6] [Topo]: m_graph num: 2571
[trajectory_generator_node-6] [DIAG] origin_path (Dijkstra) size: 5
[trajectory_generator_node-6] [DIAG]   origin[0]: (-0.919, -4.454, 0.015)
[trajectory_generator_node-6] [DIAG]   origin[1]: (-5.019, -1.604, 0.015)
[trajectory_generator_node-6] [DIAG]   origin[2]: (-3.769, 2.396, 0.015)
[trajectory_generator_node-6] [DIAG]   origin[3]: (-1.719, 1.946, 0.015)
[trajectory_generator_node-6] [DIAG]   origin[4]: (-2.719, 1.946, 0.015)
[trajectory_generator_node-6] [DIAG] lineVisib(start→end DIRECT): false  colli=(-1.42,-2.65)
[trajectory_generator_node-6] [DIAG] direct line: 132 steps, 92 wall cells
[trajectory_generator_node-6] [smoothTopoPath] INPUT size=5
[trajectory_generator_node-6] [smoothTopoPath]   in[0]: (-0.919, -4.454, 0.015)
[trajectory_generator_node-6] [smoothTopoPath]   in[1]: (-5.019, -1.604, 0.015)
[trajectory_generator_node-6] [smoothTopoPath]   in[2]: (-3.769, 2.396, 0.015)
[trajectory_generator_node-6] [smoothTopoPath]   in[3]: (-1.719, 1.946, 0.015)
[trajectory_generator_node-6] [smoothTopoPath]   in[4]: (-2.719, 1.946, 0.015)
[trajectory_generator_node-6] [smoothTopoPath] lineVisib(start→end): false  colli=(-1.42,-2.65)
[trajectory_generator_node-6] [smoothTopoPath] stuck detected, skipping to topo[4]
[trajectory_generator_node-6] [smoothTopoPath] OUTPUT size=8, iter_count=7
[trajectory_generator_node-6] [smoothTopoPath]   out[0]: (-0.919, -4.454, 0.015)
[trajectory_generator_node-6] [smoothTopoPath]   out[1]: (-4.840, -0.515, 0.015)
[trajectory_generator_node-6] [smoothTopoPath]   out[2]: (-3.299, 2.232, 0.015)
[trajectory_generator_node-6] [smoothTopoPath]   out[3]: (-2.168, 2.139, 0.015)
[trajectory_generator_node-6] [smoothTopoPath]   out[4]: (-2.555, 2.131, 0.015)
[trajectory_generator_node-6] [smoothTopoPath]   out[5]: (-2.134, 2.182, 0.015)
[trajectory_generator_node-6] [smoothTopoPath]   out[6]: (-2.719, 1.946, 0.015)
[trajectory_generator_node-6] [smoothTopoPath]   out[7]: (-2.719, 1.946, 0.015)
[trajectory_generator_node-6] [DIAG] optimized_path (smoothTopoPath) size: 8
[trajectory_generator_node-6] [DIAG]   opt[0]: (-0.919, -4.454, 0.015)
[trajectory_generator_node-6] [DIAG]   opt[1]: (-4.840, -0.515, 0.015)
[trajectory_generator_node-6] [DIAG]   opt[2]: (-3.299, 2.232, 0.015)
[trajectory_generator_node-6] [DIAG]   opt[3]: (-2.168, 2.139, 0.015)
[trajectory_generator_node-6] [DIAG]   opt[4]: (-2.555, 2.131, 0.015)
[trajectory_generator_node-6] [DIAG]   opt[5]: (-2.134, 2.182, 0.015)
[trajectory_generator_node-6] [DIAG]   opt[6]: (-2.719, 1.946, 0.015)
[trajectory_generator_node-6] [DIAG]   opt[7]: (-2.719, 1.946, 0.015)
[trajectory_generator_node-6] optimized_path size: 8
[trajectory_generator_node-6] [Manager] reference_speed: (0.30)
[trajectory_generator_node-6] [LBFGS] search direction d:  9.72701e-05  0.000608948 -0.000696394  0.000665139 -0.000514308  0.000335708 -0.000190591  9.36582e-05 -3.40051e-05 -5.19217e-06  3.76614e-05 -6.98701e-05  9.76316e-05 -0.000107128  9.35274e-05 -7.12418e-05  7.33323e-05  -0.00138255  5.54627e-05  0.000880797  -0.00238778  -0.00116952  -0.00335438  0.000871564  0.000706052  0.000139905  0.000229411  -0.00162901   0.00265262  -0.00378945   0.00457604  -0.00446943   0.00335193  -0.00154223   0.00269553   0.00481006  -0.00959312 -9.77561e-05 -0.000611596  0.000699358 -0.000667821  0.000516077 -0.000336315  0.000190085  -9.2338e-05  3.27507e-05   3.8762e-06 -2.72491e-05  3.47301e-05 -2.85764e-06 -0.000119359  0.000391869 -0.000848976   0.00151406  -0.00106218 -0.000809162  0.000417181   -0.0125796 -0.000699474  -0.00401588  8.45706e-05  0.000603718 -0.000222752   0.00024136  0.000943791  -0.00122748   0.00125223  -7.1353e-05  0.000838976  -0.00315361  0.000339528 -9.03712e-05 -0.000576974    0.0011445    0.0949257   -0.0136295   0.00530209  -0.00123535  0.000291593 -3.80125e-05  -4.8564e-06  1.04745e-05 -6.30001e-06  2.76882e-06 -1.03731e-06  4.51902e-06  -2.6217e-05   0.00012151 -0.000482646   0.00182703  -0.00540776    0.0171756  0.000873029      0.44301   0.00494741    0.0185574  -0.00311384 -0.000564884    0.0032259  -0.00293366   0.00399927  -0.00412859    0.0100312    0.0092992 -0.000346503  -0.00807744    0.0416481    0.0970421    0.0827994   0.00438845     0.101734     0.434675
[trajectory_generator_node-6] [Smooth Optimize] MINCO reaches max evaluations: Line search reaches the maximum try number, assumptions not satisfied or precision not achievable.
[trajectory_generator_node-6] [Smooth Optimize] MINCO: cost=5.0 total_T=41.286(init 35.954) max_drift=0.249 max_vel=0.4 segs=38
[trajectory_generator_node-6] [Smooth Resample] resample
[trajectory_generator_node-6] [Smooth Resample] 39 -> 20 waypoints, 19 time segs, max_turn=178.3 deg
[trajectory_generator_node-6] [Manager] optimizer generate time: 0.006050
[trajectory_generator_node-6] [Reference] path size : 20
[trajectory_generator_node-6] [Reference] solvePolyMatrix ENTER: N=19, path_size=20, trap_time_size=19
[trajectory_generator_node-6] [Reference]   path[0]=(-0.9190,-4.4540) path[1]=(-1.3430,-4.0281) t[0]=2.604165 state_vel=(0.0000,0.0000)
[trajectory_generator_node-6] [Reference] banded solve done. b[0]=-0.201982 b[N]=0.262278 b2[0]=0.202887 b2[N]=0.066101
[trajectory_generator_node-6] [Reference] solvePolyMatrix EXIT: polyX[0]=[0.014775 -0.100991 0.000000 -0.919000]
[trajectory_generator_node-6] [Reference] solvePolyMatrix ENTER: N=19, path_size=20, trap_time_size=19
[trajectory_generator_node-6] [Reference]   path[0]=(-0.9190,-4.4540) path[1]=(-1.3430,-4.0281) t[0]=2.604165 state_vel=(0.0000,0.0000)
[trajectory_generator_node-6] [Reference] banded solve done. b[0]=-0.201982 b[N]=0.216780 b2[0]=0.202887 b2[N]=0.054673
[trajectory_generator_node-6] [Reference] solvePolyMatrix EXIT: polyX[0]=[0.014775 -0.100991 0.000000 -0.919000]
[trajectory_generator_node-6] [INFO] [1790446786.792823485] [trajectory_generation]: FSM published 19 trajectory pieces
[trajectory_tracking_node-8] [WARN] [1790446791.813526577] [trajectory_tracking]: RM_GridMap predicted-path replan requested: collision_samples=0 trajectory_age=5.01
[trajectory_generator_node-6] [Manager REPLAN]  cur position point (X, Y) = (-1.833559, -3.505867), target point (X, Y) = (-2.719000, 1.946000)
[trajectory_generator_node-6] [Manager REPLAN] target_temp (X, Y) = (-2.719000, 1.946000)
[trajectory_generator_node-6] [Manager REPLAN] robot 1.32m from path, full replan
[trajectory_generator_node-6] [Manager] start point, (x, y): (-1.83, -3.51)
[trajectory_generator_node-6] [Manager] receive target, (x, y): (-2.72, 1.95)
[trajectory_generator_node-6] [Topo]: m_graph before num: 1605
[trajectory_generator_node-6] [Topo]: dijkstra time: 0.021244
[trajectory_generator_node-6] [Topo]: topo search time: 0.251418
[trajectory_generator_node-6] [Topo]: m_graph num: 2586
[trajectory_generator_node-6] [DIAG] origin_path (Dijkstra) size: 5
[trajectory_generator_node-6] [DIAG]   origin[0]: (-1.834, -3.506, 0.015)
[trajectory_generator_node-6] [DIAG]   origin[1]: (-4.840, -0.175, 0.015)
[trajectory_generator_node-6] [DIAG]   origin[2]: (-3.769, 2.396, 0.015)
[trajectory_generator_node-6] [DIAG]   origin[3]: (-1.719, 1.946, 0.015)
[trajectory_generator_node-6] [DIAG]   origin[4]: (-2.719, 1.946, 0.015)
[trajectory_generator_node-6] [DIAG] lineVisib(start→end DIRECT): false  colli=(-2.12,-1.70)
[trajectory_generator_node-6] [DIAG] direct line: 110 steps, 71 wall cells
[trajectory_generator_node-6] [smoothTopoPath] INPUT size=5
[trajectory_generator_node-6] [smoothTopoPath]   in[0]: (-1.834, -3.506, 0.015)
[trajectory_generator_node-6] [smoothTopoPath]   in[1]: (-4.840, -0.175, 0.015)
[trajectory_generator_node-6] [smoothTopoPath]   in[2]: (-3.769, 2.396, 0.015)
[trajectory_generator_node-6] [smoothTopoPath]   in[3]: (-1.719, 1.946, 0.015)
[trajectory_generator_node-6] [smoothTopoPath]   in[4]: (-2.719, 1.946, 0.015)
[trajectory_generator_node-6] [smoothTopoPath] lineVisib(start→end): false  colli=(-2.12,-1.70)
[trajectory_generator_node-6] [smoothTopoPath] stuck detected, skipping to topo[1]
[trajectory_generator_node-6] [smoothTopoPath] stuck detected, skipping to topo[4]
[trajectory_generator_node-6] [smoothTopoPath] OUTPUT size=9, iter_count=10
[trajectory_generator_node-6] [smoothTopoPath]   out[0]: (-1.834, -3.506, 0.015)
[trajectory_generator_node-6] [smoothTopoPath]   out[1]: (-4.816, -0.203, 0.015)
[trajectory_generator_node-6] [smoothTopoPath]   out[2]: (-4.544, -0.245, 0.015)
[trajectory_generator_node-6] [smoothTopoPath]   out[3]: (-4.706, 0.148, 0.015)
[trajectory_generator_node-6] [smoothTopoPath]   out[4]: (-3.063, 2.394, 0.015)
[trajectory_generator_node-6] [smoothTopoPath]   out[5]: (-2.121, 2.207, 0.015)
[trajectory_generator_node-6] [smoothTopoPath]   out[6]: (-2.558, 2.127, 0.015)
[trajectory_generator_node-6] [smoothTopoPath]   out[7]: (-2.719, 1.946, 0.015)
[trajectory_generator_node-6] [smoothTopoPath]   out[8]: (-2.719, 1.946, 0.015)
[trajectory_generator_node-6] [DIAG] optimized_path (smoothTopoPath) size: 9
[trajectory_generator_node-6] [DIAG]   opt[0]: (-1.834, -3.506, 0.015)
[trajectory_generator_node-6] [DIAG]   opt[1]: (-4.816, -0.203, 0.015)
[trajectory_generator_node-6] [DIAG]   opt[2]: (-4.544, -0.245, 0.015)
[trajectory_generator_node-6] [DIAG]   opt[3]: (-4.706, 0.148, 0.015)
[trajectory_generator_node-6] [DIAG]   opt[4]: (-3.063, 2.394, 0.015)
[trajectory_generator_node-6] [DIAG]   opt[5]: (-2.121, 2.207, 0.015)
[trajectory_generator_node-6] [DIAG]   opt[6]: (-2.558, 2.127, 0.015)
[trajectory_generator_node-6] [DIAG]   opt[7]: (-2.719, 1.946, 0.015)
[trajectory_generator_node-6] [DIAG]   opt[8]: (-2.719, 1.946, 0.015)
[trajectory_generator_node-6] optimized_path size: 9
[trajectory_generator_node-6] [Manager] reference_speed: (0.30)
[trajectory_generator_node-6] [LBFGS] search direction d:  9.37733e-05 -2.78022e-05  7.25463e-06  1.52201e-07 -3.20901e-06  5.64418e-06 -9.73241e-06  1.79915e-05 -3.68185e-05  0.000127646 -0.000453517   0.00300948  -0.00513123 -0.000427146  -0.00043279 -0.000809199 -0.000299446 -0.000874701  -0.00605332  0.000943165   0.00333013  0.000227377 -0.000913732  7.79072e-06   0.00125687  -0.00253701   0.00308507  -0.00234743   -0.0022917   0.00327996    0.0157655   0.00105923 -0.000348642  0.000110798 -2.19135e-05 -4.63192e-06  3.76269e-06   1.8065e-05 -8.17029e-05  0.000254922 -0.000623492   0.00128656   0.00111706   0.00272454   0.00126853 -0.000829146  -0.00538315   -0.0005211  -0.00158194   -0.0063367   0.00243395   0.00298801  0.000785527 -0.000942574 -2.44545e-05  -0.00164608   0.00340511  -0.00524576   0.00774721   -0.0029185   -0.0147597 -0.000151658  0.000839091 -0.000216307  5.95551e-05 -1.27978e-05  1.93433e-06  7.12642e-07 -2.72452e-06  7.25538e-06 -1.91601e-05  5.87712e-05 -0.000237068  0.000841448  -0.00152608   0.00682491   0.00238345    0.0399294  0.000195668   0.00331223  0.000529081 -0.000933169   0.00167246 -0.000944624  0.000933194 -0.000318862   0.00017647  8.32871e-05   0.00140908 -0.000905425 -6.92023e-06   0.00320318    0.0157914    0.0577253
[trajectory_generator_node-6] [Smooth Optimize] MINCO reaches max evaluations: Line search reaches the maximum try number, assumptions not satisfied or precision not achievable.
[trajectory_generator_node-6] [Smooth Optimize] MINCO: cost=5.3 total_T=31.161(init 30.382) max_drift=0.289 max_vel=0.5 segs=32
[trajectory_generator_node-6] [Smooth Resample] resample
[trajectory_generator_node-6] [Smooth Resample] 33 -> 17 waypoints, 16 time segs, max_turn=135.8 deg
[trajectory_generator_node-6] [Manager] optimizer generate time: 0.004447
[trajectory_generator_node-6] [Reference] path size : 17
[trajectory_generator_node-6] [Reference] solvePolyMatrix ENTER: N=16, path_size=17, trap_time_size=16
[trajectory_generator_node-6] [Reference]   path[0]=(-1.8336,-3.5059) path[1]=(-2.2355,-3.0601) t[0]=2.001196 state_vel=(-0.2036,0.2020)
[trajectory_generator_node-6] [Reference] banded solve done. b[0]=0.004704 b[N]=0.643221 b2[0]=0.036122 b2[N]=0.268148
[trajectory_generator_node-6] [Reference] solvePolyMatrix EXIT: polyX[0]=[-0.000506 0.002352 -0.203552 -1.833559]
[trajectory_generator_node-6] [Reference] solvePolyMatrix ENTER: N=16, path_size=17, trap_time_size=16
[trajectory_generator_node-6] [Reference]   path[0]=(-1.8336,-3.5059) path[1]=(-2.2355,-3.0601) t[0]=2.001196 state_vel=(-0.2036,0.2020)
[trajectory_generator_node-6] [Reference] banded solve done. b[0]=0.004704 b[N]=0.531978 b2[0]=0.036122 b2[N]=0.222565
[trajectory_generator_node-6] [Reference] solvePolyMatrix EXIT: polyX[0]=[-0.000506 0.002352 -0.203552 -1.833559]
[trajectory_generator_node-6] [Reference] solvePolyMatrix ENTER: N=16, path_size=17, trap_time_size=16
[trajectory_generator_node-6] [Reference]   path[0]=(-1.8336,-3.5059) path[1]=(-2.2355,-3.0601) t[0]=2.001196 state_vel=(-0.2036,0.2020)
[trajectory_generator_node-6] [Reference] banded solve done. b[0]=0.004704 b[N]=0.440055 b2[0]=0.036122 b2[N]=0.184837
[trajectory_generator_node-6] [Reference] solvePolyMatrix EXIT: polyX[0]=[-0.000506 0.002352 -0.203552 -1.833559]
[trajectory_generator_node-6] [Reference] solvePolyMatrix ENTER: N=16, path_size=17, trap_time_size=16
[trajectory_generator_node-6] [Reference]   path[0]=(-1.8336,-3.5059) path[1]=(-2.2355,-3.0601) t[0]=2.001196 state_vel=(-0.2036,0.2020)
[trajectory_generator_node-6] [Reference] banded solve done. b[0]=0.004704 b[N]=0.364092 b2[0]=0.036122 b2[N]=0.153603
[trajectory_generator_node-6] [Reference] solvePolyMatrix EXIT: polyX[0]=[-0.000506 0.002352 -0.203552 -1.833559]
[trajectory_generator_node-6] [Reference] solvePolyMatrix ENTER: N=16, path_size=17, trap_time_size=16
[trajectory_generator_node-6] [Reference]   path[0]=(-1.8336,-3.5059) path[1]=(-2.2355,-3.0601) t[0]=2.001196 state_vel=(-0.2036,0.2020)
[trajectory_generator_node-6] [Reference] banded solve done. b[0]=0.004704 b[N]=0.301312 b2[0]=0.036122 b2[N]=0.127736
[trajectory_generator_node-6] [Reference] solvePolyMatrix EXIT: polyX[0]=[-0.000506 0.002352 -0.203552 -1.833559]
[trajectory_generator_node-6] [INFO] [1790446792.100054125] [trajectory_generation]: FSM published 16 trajectory pieces
[trajectory_tracking_node-8] [WARN] [1790446797.133830338] [trajectory_tracking]: RM_GridMap predicted-path replan requested: collision_samples=0 trajectory_age=5.02
[trajectory_generator_node-6] [Manager REPLAN]  cur position point (X, Y) = (-2.847746, -2.397723), target point (X, Y) = (-2.719000, 1.946000)
[trajectory_generator_node-6] [Manager REPLAN] target_temp (X, Y) = (-2.719000, 1.946000)
[trajectory_generator_node-6] [Manager REPLAN] robot 1.50m from path, full replan
[trajectory_generator_node-6] [Manager] start point, (x, y): (-2.85, -2.40)
[trajectory_generator_node-6] [Manager] receive target, (x, y): (-2.72, 1.95)
[trajectory_generator_node-6] [Topo]: m_graph before num: 1605
[trajectory_generator_node-6] [Topo]: dijkstra time: 0.021373
[trajectory_generator_node-6] [Topo]: topo search time: 0.111449
[trajectory_generator_node-6] [Topo]: m_graph num: 2571
[trajectory_generator_node-6] [DIAG] origin_path (Dijkstra) size: 5
[trajectory_generator_node-6] [DIAG]   origin[0]: (-2.848, -2.398, 0.015)
[trajectory_generator_node-6] [DIAG]   origin[1]: (-4.840, -0.175, 0.015)
[trajectory_generator_node-6] [DIAG]   origin[2]: (-3.769, 2.396, 0.015)
[trajectory_generator_node-6] [DIAG]   origin[3]: (-1.719, 1.946, 0.015)
[trajectory_generator_node-6] [DIAG]   origin[4]: (-2.719, 1.946, 0.015)
[trajectory_generator_node-6] [DIAG] lineVisib(start→end DIRECT): false  colli=(-2.82,-1.35)
[trajectory_generator_node-6] [DIAG] direct line: 86 steps, 64 wall cells
[trajectory_generator_node-6] [smoothTopoPath] INPUT size=5
[trajectory_generator_node-6] [smoothTopoPath]   in[0]: (-2.848, -2.398, 0.015)
[trajectory_generator_node-6] [smoothTopoPath]   in[1]: (-4.840, -0.175, 0.015)
[trajectory_generator_node-6] [smoothTopoPath]   in[2]: (-3.769, 2.396, 0.015)
[trajectory_generator_node-6] [smoothTopoPath]   in[3]: (-1.719, 1.946, 0.015)
[trajectory_generator_node-6] [smoothTopoPath]   in[4]: (-2.719, 1.946, 0.015)
[trajectory_generator_node-6] [smoothTopoPath] lineVisib(start→end): false  colli=(-2.82,-1.35)
[trajectory_generator_node-6] [smoothTopoPath] stuck detected, skipping to topo[1]
[trajectory_generator_node-6] [smoothTopoPath] stuck detected, skipping to topo[4]
[trajectory_generator_node-6] [smoothTopoPath] OUTPUT size=9, iter_count=10
[trajectory_generator_node-6] [smoothTopoPath]   out[0]: (-2.848, -2.398, 0.015)
[trajectory_generator_node-6] [smoothTopoPath]   out[1]: (-4.817, -0.201, 0.015)
[trajectory_generator_node-6] [smoothTopoPath]   out[2]: (-4.544, -0.245, 0.015)
[trajectory_generator_node-6] [smoothTopoPath]   out[3]: (-4.706, 0.148, 0.015)
[trajectory_generator_node-6] [smoothTopoPath]   out[4]: (-3.063, 2.394, 0.015)
[trajectory_generator_node-6] [smoothTopoPath]   out[5]: (-2.121, 2.207, 0.015)
[trajectory_generator_node-6] [smoothTopoPath]   out[6]: (-2.558, 2.127, 0.015)
[trajectory_generator_node-6] [smoothTopoPath]   out[7]: (-2.719, 1.946, 0.015)
[trajectory_generator_node-6] [smoothTopoPath]   out[8]: (-2.719, 1.946, 0.015)
[trajectory_generator_node-6] [DIAG] optimized_path (smoothTopoPath) size: 9
[trajectory_generator_node-6] [DIAG]   opt[0]: (-2.848, -2.398, 0.015)
[trajectory_generator_node-6] [DIAG]   opt[1]: (-4.817, -0.201, 0.015)
[trajectory_generator_node-6] [DIAG]   opt[2]: (-4.544, -0.245, 0.015)
[trajectory_generator_node-6] [DIAG]   opt[3]: (-4.706, 0.148, 0.015)
[trajectory_generator_node-6] [DIAG]   opt[4]: (-3.063, 2.394, 0.015)
[trajectory_generator_node-6] [DIAG]   opt[5]: (-2.121, 2.207, 0.015)
[trajectory_generator_node-6] [DIAG]   opt[6]: (-2.558, 2.127, 0.015)
[trajectory_generator_node-6] [DIAG]   opt[7]: (-2.719, 1.946, 0.015)
[trajectory_generator_node-6] [DIAG]   opt[8]: (-2.719, 1.946, 0.015)
[trajectory_generator_node-6] [Manager] reference_speed: (0.30)
[trajectory_generator_node-6] optimized_path size: 9
[trajectory_generator_node-6] [LBFGS] search direction d: -1.89395e-06  1.20805e-07  5.03539e-07 -7.85204e-07  1.73713e-06 -4.35981e-06 -0.000583783 -0.000346825  -0.00089768 -0.000125057 -0.000234292 -0.000186659 -2.25242e-05 -2.28985e-05 -0.000382042  9.39312e-05  2.34441e-05 -3.60137e-05 -3.71516e-05  2.41759e-05  -5.4944e-05  8.46814e-05 -0.000113683  0.000203145 -0.000170624  0.000290473  3.66517e-06  -3.5104e-07 -1.02747e-06  2.22732e-06 -1.79046e-06 -6.00978e-06  -0.00110034  -0.00063176 -0.000388629   0.00104801 -0.000859923  0.000229631  2.05808e-05 -4.66339e-05  0.000202424 -9.11887e-06 -1.84787e-05  1.97565e-05  3.56712e-05 -3.12856e-05  7.36202e-05 -0.000127632  0.000230632 -0.000549107  0.000365984    0.0015471 -1.31002e-06   3.9323e-07 -9.54364e-08 -6.44439e-08  1.85188e-07  -1.5317e-07 -4.50476e-07  1.77482e-06 -7.86636e-06  1.65952e-05  -0.00407449  1.36869e-05  1.40805e-06 -7.10327e-06  3.92773e-06 -6.33827e-06  2.83968e-06 -2.99018e-06  6.45322e-07 -1.67376e-08 -3.74141e-06 -6.17935e-06  4.32097e-06 -5.10127e-05 -4.53565e-05  -8.0875e-05 -0.000351712
[trajectory_generator_node-6] [Smooth Optimize] MINCO reaches max evaluations: Line search reaches the maximum try number, assumptions not satisfied or precision not achievable.
[trajectory_generator_node-6] [Smooth Optimize] MINCO: cost=5.3 total_T=26.105(init 25.400) max_drift=0.290 max_vel=0.5 segs=27
[trajectory_generator_node-6] [Smooth Resample] resample
[trajectory_generator_node-6] [Smooth Resample] 28 -> 15 waypoints, 14 time segs, max_turn=160.6 deg
[trajectory_generator_node-6] [Manager] optimizer generate time: 0.009916
[trajectory_generator_node-6] [Reference] path size : 15
[trajectory_generator_node-6] [Reference] solvePolyMatrix ENTER: N=14, path_size=15, trap_time_size=14
[trajectory_generator_node-6] [Reference]   path[0]=(-2.8477,-2.3977) path[1]=(-3.2484,-1.9508) t[0]=2.000339 state_vel=(-0.1971,0.2176)
[trajectory_generator_node-6] [Reference] banded solve done. b[0]=-0.003535 b[N]=0.571559 b2[0]=0.010797 b2[N]=1.048626
[trajectory_generator_node-6] [Reference] solvePolyMatrix EXIT: polyX[0]=[0.000093 -0.001767 -0.197126 -2.847746]
[trajectory_generator_node-6] [Reference] solvePolyMatrix ENTER: N=14, path_size=15, trap_time_size=14
[trajectory_generator_node-6] [Reference]   path[0]=(-2.8477,-2.3977) path[1]=(-3.2484,-1.9508) t[0]=2.000339 state_vel=(-0.1971,0.2176)
[trajectory_generator_node-6] [Reference] banded solve done. b[0]=-0.003535 b[N]=0.472158 b2[0]=0.010797 b2[N]=0.866398
[trajectory_generator_node-6] [Reference] solvePolyMatrix EXIT: polyX[0]=[0.000093 -0.001767 -0.197126 -2.847746]
[trajectory_generator_node-6] [Reference] solvePolyMatrix ENTER: N=14, path_size=15, trap_time_size=14
[trajectory_generator_node-6] [Reference]   path[0]=(-2.8477,-2.3977) path[1]=(-3.2484,-1.9508) t[0]=2.000339 state_vel=(-0.1971,0.2176)
[trajectory_generator_node-6] [Reference] banded solve done. b[0]=-0.003535 b[N]=0.390013 b2[0]=0.010796 b2[N]=0.715798
[trajectory_generator_node-6] [Reference] solvePolyMatrix EXIT: polyX[0]=[0.000093 -0.001767 -0.197126 -2.847746]
[trajectory_generator_node-6] [Reference] solvePolyMatrix ENTER: N=14, path_size=15, trap_time_size=14
[trajectory_generator_node-6] [Reference]   path[0]=(-2.8477,-2.3977) path[1]=(-3.2484,-1.9508) t[0]=2.000339 state_vel=(-0.1971,0.2176)
[trajectory_generator_node-6] [Reference] banded solve done. b[0]=-0.003535 b[N]=0.322129 b2[0]=0.010796 b2[N]=0.591338
[trajectory_generator_node-6] [Reference] solvePolyMatrix EXIT: polyX[0]=[0.000093 -0.001767 -0.197126 -2.847746]
[trajectory_generator_node-6] [Reference] solvePolyMatrix ENTER: N=14, path_size=15, trap_time_size=14
[trajectory_generator_node-6] [Reference]   path[0]=(-2.8477,-2.3977) path[1]=(-3.2484,-1.9508) t[0]=2.000339 state_vel=(-0.1971,0.2176)
[trajectory_generator_node-6] [Reference] banded solve done. b[0]=-0.003535 b[N]=0.261370 b2[0]=0.010796 b2[N]=0.490754
[trajectory_generator_node-6] [Reference] solvePolyMatrix EXIT: polyX[0]=[0.000093 -0.001767 -0.197126 -2.847746]
[trajectory_generator_node-6] [Reference] solvePolyMatrix ENTER: N=14, path_size=15, trap_time_size=14
[trajectory_generator_node-6] [Reference]   path[0]=(-2.8477,-2.3977) path[1]=(-3.2484,-1.9508) t[0]=2.000339 state_vel=(-0.1971,0.2176)
[trajectory_generator_node-6] [Reference] banded solve done. b[0]=-0.003535 b[N]=0.211483 b2[0]=0.010796 b2[N]=0.407470
[trajectory_generator_node-6] [Reference] solvePolyMatrix EXIT: polyX[0]=[0.000093 -0.001767 -0.197126 -2.847746]
[trajectory_generator_node-6] [Reference] solvePolyMatrix ENTER: N=14, path_size=15, trap_time_size=14
[trajectory_generator_node-6] [Reference]   path[0]=(-2.8477,-2.3977) path[1]=(-3.2484,-1.9508) t[0]=2.000339 state_vel=(-0.1971,0.2176)
[trajectory_generator_node-6] [Reference] banded solve done. b[0]=-0.003535 b[N]=0.170564 b2[0]=0.010796 b2[N]=0.338494
[trajectory_generator_node-6] [Reference] solvePolyMatrix EXIT: polyX[0]=[0.000093 -0.001767 -0.197126 -2.847746]
[trajectory_generator_node-6] [Reference] solvePolyMatrix ENTER: N=14, path_size=15, trap_time_size=14
[trajectory_generator_node-6] [Reference]   path[0]=(-2.8477,-2.3977) path[1]=(-3.2484,-1.9508) t[0]=2.000339 state_vel=(-0.1971,0.2176)
[trajectory_generator_node-6] [Reference] banded solve done. b[0]=-0.003535 b[N]=0.137041 b2[0]=0.010796 b2[N]=0.281354
[trajectory_generator_node-6] [Reference] solvePolyMatrix EXIT: polyX[0]=[0.000093 -0.001767 -0.197126 -2.847746]
[trajectory_generator_node-6] [INFO] [1790446797.270153037] [trajectory_generation]: FSM published 14 trajectory pieces
[trajectory_tracking_node-8] [WARN] [1790446802.288292880] [trajectory_tracking]: RM_GridMap predicted-path replan requested: collision_samples=0 trajectory_age=5.01
[trajectory_generator_node-6] [Manager REPLAN]  cur position point (X, Y) = (-3.846737, -1.311828), target point (X, Y) = (-2.719000, 1.946000)
[trajectory_generator_node-6] [Manager REPLAN] target_temp (X, Y) = (-2.719000, 1.946000)
[trajectory_generator_node-6] [Manager REPLAN] robot 1.27m from path, full replan
[trajectory_generator_node-6] [Manager] start point, (x, y): (-3.85, -1.31)
[trajectory_generator_node-6] [Manager] receive target, (x, y): (-2.72, 1.95)
[trajectory_generator_node-6] [Topo]: m_graph before num: 1605
[trajectory_generator_node-6] [Topo]: dijkstra time: 0.017687
[trajectory_generator_node-6] [Topo]: topo search time: 0.118390
[trajectory_generator_node-6] [Topo]: m_graph num: 2558
[trajectory_generator_node-6] [DIAG] origin_path (Dijkstra) size: 5
[trajectory_generator_node-6] [DIAG]   origin[0]: (-3.847, -1.312, 0.015)
[trajectory_generator_node-6] [DIAG]   origin[1]: (-4.840, -0.175, 0.015)
[trajectory_generator_node-6] [DIAG]   origin[2]: (-3.769, 2.396, 0.015)
[trajectory_generator_node-6] [DIAG]   origin[3]: (-3.847, 1.688, 0.015)
[trajectory_generator_node-6] [DIAG]   origin[4]: (-2.719, 1.946, 0.015)
[trajectory_generator_node-6] [DIAG] lineVisib(start→end DIRECT): false  colli=(-3.67,-0.85)
[trajectory_generator_node-6] [DIAG] direct line: 68 steps, 58 wall cells
[trajectory_generator_node-6] [smoothTopoPath] INPUT size=5
[trajectory_generator_node-6] [smoothTopoPath]   in[0]: (-3.847, -1.312, 0.015)
[trajectory_generator_node-6] [smoothTopoPath]   in[1]: (-4.840, -0.175, 0.015)
[trajectory_generator_node-6] [smoothTopoPath]   in[2]: (-3.769, 2.396, 0.015)
[trajectory_generator_node-6] [smoothTopoPath]   in[3]: (-3.847, 1.688, 0.015)
[trajectory_generator_node-6] [smoothTopoPath]   in[4]: (-2.719, 1.946, 0.015)
[trajectory_generator_node-6] [smoothTopoPath] lineVisib(start→end): false  colli=(-3.67,-0.85)
[trajectory_generator_node-6] [smoothTopoPath] stuck detected, skipping to topo[1]
[trajectory_generator_node-6] [smoothTopoPath] stuck detected, skipping to topo[4]
[trajectory_generator_node-6] [smoothTopoPath] OUTPUT size=11, iter_count=12
[trajectory_generator_node-6] [smoothTopoPath]   out[0]: (-3.847, -1.312, 0.015)
[trajectory_generator_node-6] [smoothTopoPath]   out[1]: (-4.801, -0.220, 0.015)
[trajectory_generator_node-6] [smoothTopoPath]   out[2]: (-4.544, -0.245, 0.015)
[trajectory_generator_node-6] [smoothTopoPath]   out[3]: (-4.706, 0.148, 0.015)
[trajectory_generator_node-6] [smoothTopoPath]   out[4]: (-3.335, 2.060, 0.015)
[trajectory_generator_node-6] [smoothTopoPath]   out[5]: (-3.242, 1.623, 0.015)
[trajectory_generator_node-6] [smoothTopoPath]   out[6]: (-3.757, 1.997, 0.015)
[trajectory_generator_node-6] [smoothTopoPath]   out[7]: (-3.011, 2.161, 0.015)
[trajectory_generator_node-6] [smoothTopoPath]   out[8]: (-3.362, 1.922, 0.015)
[trajectory_generator_node-6] [smoothTopoPath]   out[9]: (-2.719, 1.946, 0.015)
[trajectory_generator_node-6] [smoothTopoPath]   out[10]: (-2.719, 1.946, 0.015)
[trajectory_generator_node-6] [DIAG] optimized_path (smoothTopoPath) size: 11
[trajectory_generator_node-6] [DIAG]   opt[0]: (-3.847, -1.312, 0.015)
[trajectory_generator_node-6] [DIAG]   opt[1]: (-4.801, -0.220, 0.015)
[trajectory_generator_node-6] [DIAG]   opt[2]: (-4.544, -0.245, 0.015)
[trajectory_generator_node-6] [DIAG]   opt[3]: (-4.706, 0.148, 0.015)
[trajectory_generator_node-6] [DIAG]   opt[4]: (-3.335, 2.060, 0.015)
[trajectory_generator_node-6] [DIAG]   opt[5]: (-3.242, 1.623, 0.015)
[trajectory_generator_node-6] [DIAG]   opt[6]: (-3.757, 1.997, 0.015)
[trajectory_generator_node-6] [DIAG]   opt[7]: (-3.011, 2.161, 0.015)
[trajectory_generator_node-6] [DIAG]   opt[8]: (-3.362, 1.922, 0.015)
[trajectory_generator_node-6] [DIAG]   opt[9]: (-2.719, 1.946, 0.015)
[trajectory_generator_node-6] [DIAG]   opt[10]: (-2.719, 1.946, 0.015)
[trajectory_generator_node-6] optimized_path size: 11
[trajectory_generator_node-6] [Manager] reference_speed: (0.30)
[trajectory_generator_node-6] [LBFGS] search direction d:  0.000181358  0.000198412  -0.00286575  3.75834e-05   0.00162141  -0.00131612  8.67407e-05  -0.00112369  -0.00113334  6.74958e-05   0.00186916 -0.000246791  0.000783394 -0.000926626   0.00116249 -0.000873906   0.00157891  -0.00350789   0.00289891  -0.00288292   0.00750871  -0.00112785  -0.00195346  -0.00638403  0.000213745 -0.000609697  0.000519375  0.000669353  -0.00124932  -0.00391926   0.00226882  -0.00123093 -0.000890787  0.000964433  -0.00150345  -0.00057519  0.000954118  -0.00273405   0.00375832  -0.00181817 -0.000163149   0.00341164  -0.00195693  -0.00188586   0.00320398  -0.00121495   -0.0088014   -0.0017935 -0.000155315  0.000916027  -0.00146594   0.00607337   0.00183226    0.0369201 -0.000202026   0.00253123   3.2142e-05 -0.000403304  0.000963263 -0.000681143   0.00103167  -0.00174069   0.00458524   0.00511082   0.00144363   0.00106526   0.00282562  0.000913687    0.0107879     0.013868   0.00452103    0.0169277    0.0715665
[trajectory_generator_node-6] [Smooth Optimize] MINCO reaches max evaluations: Line search reaches the maximum try number, assumptions not satisfied or precision not achievable.
[trajectory_generator_node-6] [Smooth Optimize] MINCO: cost=5.9 total_T=23.134(init 21.747) max_drift=0.282 max_vel=0.5 segs=25
[trajectory_generator_node-6] [Smooth Resample] resample
[trajectory_generator_node-6] [Smooth Resample] 26 -> 14 waypoints, 13 time segs, max_turn=161.2 deg
[trajectory_generator_node-6] [Manager] optimizer generate time: 0.005152
[trajectory_generator_node-6] [Reference] path size : 14
[trajectory_generator_node-6] [Reference] solvePolyMatrix ENTER: N=13, path_size=14, trap_time_size=13
[trajectory_generator_node-6] [Reference]   path[0]=(-3.8467,-1.3118) path[1]=(-4.2508,-0.8867) t[0]=2.002689 state_vel=(-0.1925,0.2227)
[trajectory_generator_node-6] [Reference] banded solve done. b[0]=0.016695 b[N]=-0.665303 b2[0]=0.013424 b2[N]=0.699373
[trajectory_generator_node-6] [Reference] solvePolyMatrix EXIT: polyX[0]=[-0.006477 0.008347 -0.192493 -3.846737]
[trajectory_generator_node-6] [Reference] solvePolyMatrix ENTER: N=13, path_size=14, trap_time_size=13
[trajectory_generator_node-6] [Reference]   path[0]=(-3.8467,-1.3118) path[1]=(-4.2508,-0.8867) t[0]=2.002689 state_vel=(-0.1925,0.2227)
[trajectory_generator_node-6] [Reference] banded solve done. b[0]=0.016685 b[N]=-0.549833 b2[0]=0.013404 b2[N]=0.577998
[trajectory_generator_node-6] [Reference] solvePolyMatrix EXIT: polyX[0]=[-0.006474 0.008342 -0.192493 -3.846737]
[trajectory_generator_node-6] [Reference] solvePolyMatrix ENTER: N=13, path_size=14, trap_time_size=13
[trajectory_generator_node-6] [Reference]   path[0]=(-3.8467,-1.3118) path[1]=(-4.2508,-0.8867) t[0]=2.002689 state_vel=(-0.1925,0.2227)
[trajectory_generator_node-6] [Reference] banded solve done. b[0]=0.016688 b[N]=-0.454418 b2[0]=0.013403 b2[N]=0.477662
[trajectory_generator_node-6] [Reference] solvePolyMatrix EXIT: polyX[0]=[-0.006475 0.008344 -0.192493 -3.846737]
[trajectory_generator_node-6] [Reference] solvePolyMatrix ENTER: N=13, path_size=14, trap_time_size=13
[trajectory_generator_node-6] [Reference]   path[0]=(-3.8467,-1.3118) path[1]=(-4.2508,-0.8867) t[0]=2.002689 state_vel=(-0.1925,0.2227)
[trajectory_generator_node-6] [Reference] banded solve done. b[0]=0.016690 b[N]=-0.375562 b2[0]=0.013401 b2[N]=0.394742
[trajectory_generator_node-6] [Reference] solvePolyMatrix EXIT: polyX[0]=[-0.006475 0.008345 -0.192493 -3.846737]
[trajectory_generator_node-6] [Reference] solvePolyMatrix ENTER: N=13, path_size=14, trap_time_size=13
[trajectory_generator_node-6] [Reference]   path[0]=(-3.8467,-1.3118) path[1]=(-4.2508,-0.8867) t[0]=2.002689 state_vel=(-0.1925,0.2227)
[trajectory_generator_node-6] [Reference] banded solve done. b[0]=0.016690 b[N]=-0.308829 b2[0]=0.013401 b2[N]=0.328060
[trajectory_generator_node-6] [Reference] solvePolyMatrix EXIT: polyX[0]=[-0.006475 0.008345 -0.192493 -3.846737]
[trajectory_generator_node-6] [Reference] solvePolyMatrix ENTER: N=13, path_size=14, trap_time_size=13
[trajectory_generator_node-6] [Reference]   path[0]=(-3.8467,-1.3118) path[1]=(-4.2508,-0.8867) t[0]=2.002689 state_vel=(-0.1925,0.2227)
[trajectory_generator_node-6] [Reference] banded solve done. b[0]=0.016690 b[N]=-0.253869 b2[0]=0.013401 b2[N]=0.272777
[trajectory_generator_node-6] [Reference] solvePolyMatrix EXIT: polyX[0]=[-0.006475 0.008345 -0.192493 -3.846737]
[trajectory_generator_node-6] [Reference] solvePolyMatrix ENTER: N=13, path_size=14, trap_time_size=13
[trajectory_generator_node-6] [Reference]   path[0]=(-3.8467,-1.3118) path[1]=(-4.2508,-0.8867) t[0]=2.002689 state_vel=(-0.1925,0.2227)
[trajectory_generator_node-6] [Reference] banded solve done. b[0]=0.016690 b[N]=-0.208616 b2[0]=0.013401 b2[N]=0.226932
[trajectory_generator_node-6] [Reference] solvePolyMatrix EXIT: polyX[0]=[-0.006475 0.008345 -0.192493 -3.846737]
[trajectory_generator_node-6] [INFO] [1790446802.427589663] [trajectory_generation]: FSM published 13 trajectory pieces
[trajectory_tracking_node-8] [WARN] [1790446807.437700704] [trajectory_tracking]: RM_GridMap predicted-path replan requested: collision_samples=0 trajectory_age=5.01
[trajectory_generator_node-6] [Manager REPLAN]  cur position point (X, Y) = (-4.774122, -0.302677), target point (X, Y) = (-2.719000, 1.946000)
[trajectory_generator_node-6] [Manager REPLAN] target_temp (X, Y) = (-2.719000, 1.946000)
[trajectory_generator_node-6] [Manager REPLAN] path safe & target unchanged, re-anchoring from cur pos
[trajectory_generator_node-6] [LBFGS] search direction d:  0.000404282  0.000345688  0.000688063   0.00228396  0.000205154  0.000954215 -0.000603167  0.000213272 -0.000247133   9.2725e-05 -0.000417956  0.000615869  -0.00126219   0.00080382 -0.000216106   0.00192126   -0.0012792   0.00092671  -0.00655883  0.000373705 -0.000288387   0.00125599   0.00196797  0.000248285  0.000890224 -0.000561118  0.000429132  -0.00014826  0.000259062 -0.000686572   0.00249435  -0.00357654   0.00347153  -0.00159239  0.000129898   -0.0014561  0.000263872  -0.00257716     0.102798   0.00666581    0.0106202  0.000889388  -0.00214709   0.00385246  -0.00212763   0.00396422  -0.00474652    0.0144382    0.0148511   0.00644229  0.000566611    0.0099966   0.00836677    0.0328874    0.0300155    0.0194222    0.0588874     0.188497
[trajectory_generator_node-6] [Smooth Optimize] MINCO reaches max evaluations: Line search reaches the maximum try number, assumptions not satisfied or precision not achievable.
[trajectory_generator_node-6] [Smooth Optimize] MINCO: cost=3.5 total_T=21.118(init 17.225) max_drift=0.250 max_vel=0.4 segs=20
[trajectory_generator_node-6] [Smooth Resample] resample
[trajectory_generator_node-6] [Smooth Resample] 21 -> 11 waypoints, 10 time segs, max_turn=159.0 deg
[trajectory_generator_node-6] [Reference] path size : 11
[trajectory_generator_node-6] [Reference] solvePolyMatrix ENTER: N=10, path_size=11, trap_time_size=10
[trajectory_generator_node-6] [Reference]   path[0]=(-4.7741,-0.3027) path[1]=(-4.7212,0.1807) t[0]=2.864656 state_vel=(-0.0030,0.3038)
[trajectory_generator_node-6] [Reference] banded solve done. b[0]=-0.013072 b[N]=-0.338022 b2[0]=-0.185970 b2[N]=-0.071533
[trajectory_generator_node-6] [Reference] solvePolyMatrix EXIT: polyX[0]=[0.004904 -0.006536 -0.003034 -4.774122]
[trajectory_generator_node-6] [Reference] solvePolyMatrix ENTER: N=10, path_size=11, trap_time_size=10
[trajectory_generator_node-6] [Reference]   path[0]=(-4.7741,-0.3027) path[1]=(-4.7212,0.1807) t[0]=2.864656 state_vel=(-0.0030,0.3038)
[trajectory_generator_node-6] [Reference] banded solve done. b[0]=-0.012669 b[N]=-0.279355 b2[0]=-0.185557 b2[N]=-0.059116
[trajectory_generator_node-6] [Reference] solvePolyMatrix EXIT: polyX[0]=[0.004834 -0.006335 -0.003034 -4.774122]
[trajectory_generator_node-6] [Reference] solvePolyMatrix ENTER: N=10, path_size=11, trap_time_size=10
[trajectory_generator_node-6] [Reference]   path[0]=(-4.7741,-0.3027) path[1]=(-4.7212,0.1807) t[0]=2.864656 state_vel=(-0.0030,0.3038)
[trajectory_generator_node-6] [Reference] banded solve done. b[0]=-0.012344 b[N]=-0.230871 b2[0]=-0.185231 b2[N]=-0.048854
[trajectory_generator_node-6] [Reference] solvePolyMatrix EXIT: polyX[0]=[0.004777 -0.006172 -0.003034 -4.774122]
[trajectory_generator_node-6] [Reference] solvePolyMatrix ENTER: N=10, path_size=11, trap_time_size=10
[trajectory_generator_node-6] [Reference]   path[0]=(-4.7741,-0.3027) path[1]=(-4.7212,0.1807) t[0]=2.864656 state_vel=(-0.0030,0.3038)
[trajectory_generator_node-6] [Reference] banded solve done. b[0]=-0.012087 b[N]=-0.190801 b2[0]=-0.184980 b2[N]=-0.040373
[trajectory_generator_node-6] [Reference] solvePolyMatrix EXIT: polyX[0]=[0.004732 -0.006044 -0.003034 -4.774122]
[trajectory_generator_node-6] [Reference] solvePolyMatrix ENTER: N=10, path_size=11, trap_time_size=10
[trajectory_generator_node-6] [Reference]   path[0]=(-4.7741,-0.3027) path[1]=(-4.7212,0.1807) t[0]=2.864656 state_vel=(-0.0030,0.3038)
[trajectory_generator_node-6] [Reference] banded solve done. b[0]=-0.012075 b[N]=-0.157673 b2[0]=-0.184992 b2[N]=-0.033221
[trajectory_generator_node-6] [Reference] solvePolyMatrix EXIT: polyX[0]=[0.004730 -0.006038 -0.003034 -4.774122]
[trajectory_generator_node-6] [INFO] [1790446807.470649266] [trajectory_generation]: FSM published 10 trajectory pieces
[trajectory_tracking_node-8] [WARN] [1790446812.488532113] [trajectory_tracking]: RM_GridMap predicted-path replan requested: collision_samples=0 trajectory_age=5.01
[trajectory_generator_node-6] [Manager REPLAN]  cur position point (X, Y) = (-4.458771, 0.690111), target point (X, Y) = (-2.719000, 1.946000)
[trajectory_generator_node-6] [Manager REPLAN] target_temp (X, Y) = (-2.719000, 1.946000)
[trajectory_generator_node-6] [Manager REPLAN] path safe & target unchanged, re-anchoring from cur pos
[trajectory_generator_node-6] [LBFGS] search direction d:  0.000320923  -0.00192806 -0.000425773 -0.000994748  -0.00196288   0.00232716 -0.000394753  0.000428415 -0.000903317 -0.000300735   0.00051954   0.00104966  0.000643767  -0.00186602 -0.000972673  0.000101025   0.00126674    0.0012438  0.000307335   0.00292019  -0.00288328 -0.000757062  0.000386536  0.000326338  0.000463566 -0.000945198  0.000211402  0.000925355  -0.00094253   0.00067583  -0.00488095   0.00353324  -0.00162655   0.00361161  -0.00913646    0.0270872     0.029192   0.00360656   0.00884226    0.0148135  -0.00254041    0.0610798    0.0854659    0.0214711    0.0924102     0.506445
[trajectory_generator_node-6] [Smooth Optimize] MINCO reaches max evaluations: Line search reaches the maximum try number, assumptions not satisfied or precision not achievable.
[trajectory_generator_node-6] [Smooth Optimize] MINCO: cost=1.3 total_T=16.582(init 13.454) max_drift=0.156 max_vel=0.4 segs=16
[trajectory_generator_node-6] [Smooth Resample] resample
[trajectory_generator_node-6] [Smooth Resample] 17 -> 9 waypoints, 8 time segs, max_turn=164.2 deg
[trajectory_generator_node-6] [Reference] path size : 9
[trajectory_generator_node-6] [Reference] solvePolyMatrix ENTER: N=8, path_size=9, trap_time_size=8
[trajectory_generator_node-6] [Reference]   path[0]=(-4.4588,0.6901) path[1]=(-4.0828,1.1591) t[0]=1.993731 state_vel=(0.1786,0.2672)
[trajectory_generator_node-6] [Reference] banded solve done. b[0]=0.024529 b[N]=-0.302319 b2[0]=-0.037202 b2[N]=-0.044786
[trajectory_generator_node-6] [Reference] solvePolyMatrix EXIT: polyX[0]=[-0.003632 0.012264 0.178573 -4.458771]
[trajectory_generator_node-6] [Reference] solvePolyMatrix ENTER: N=8, path_size=9, trap_time_size=8
[trajectory_generator_node-6] [Reference]   path[0]=(-4.4588,0.6901) path[1]=(-4.0828,1.1591) t[0]=1.993731 state_vel=(0.1786,0.2672)
[trajectory_generator_node-6] [Reference] banded solve done. b[0]=0.030990 b[N]=-0.249848 b2[0]=-0.029922 b2[N]=-0.037011
[trajectory_generator_node-6] [Reference] solvePolyMatrix EXIT: polyX[0]=[-0.005252 0.015495 0.178573 -4.458771]
[trajectory_generator_node-6] [Reference] solvePolyMatrix ENTER: N=8, path_size=9, trap_time_size=8
[trajectory_generator_node-6] [Reference]   path[0]=(-4.4588,0.6901) path[1]=(-4.0828,1.1591) t[0]=1.993731 state_vel=(0.1786,0.2672)
[trajectory_generator_node-6] [Reference] banded solve done. b[0]=0.036121 b[N]=-0.206484 b2[0]=-0.024144 b2[N]=-0.030585
[trajectory_generator_node-6] [Reference] solvePolyMatrix EXIT: polyX[0]=[-0.006539 0.018061 0.178573 -4.458771]
[trajectory_generator_node-6] [Reference] solvePolyMatrix ENTER: N=8, path_size=9, trap_time_size=8
[trajectory_generator_node-6] [Reference]   path[0]=(-4.4588,0.6901) path[1]=(-4.0828,1.1591) t[0]=1.993731 state_vel=(0.1786,0.2672)
[trajectory_generator_node-6] [Reference] banded solve done. b[0]=0.036288 b[N]=-0.170604 b2[0]=-0.024393 b2[N]=-0.025100
[trajectory_generator_node-6] [Reference] solvePolyMatrix EXIT: polyX[0]=[-0.006581 0.018144 0.178573 -4.458771]
[trajectory_generator_node-6] [INFO] [1790446812.506173663] [trajectory_generation]: FSM published 8 trajectory pieces
[trajectory_tracking_node-8] [WARN] [1790446817.524786623] [trajectory_tracking]: RM_GridMap predicted-path replan requested: collision_samples=0 trajectory_age=5.01
[trajectory_generator_node-6] [Manager REPLAN]  cur position point (X, Y) = (-3.613006, 1.780419), target point (X, Y) = (-2.719000, 1.946000)
[trajectory_generator_node-6] [Manager REPLAN] target_temp (X, Y) = (-2.719000, 1.946000)
[trajectory_generator_node-6] [Manager REPLAN] path safe & target unchanged, re-anchoring from cur pos
[trajectory_generator_node-6] [LBFGS] search direction d: -8.86517e-05 -0.000155939  1.71458e-05  0.000150255  8.74525e-05 -2.49707e-05 -2.12609e-05 -6.56758e-06 -8.34423e-06  4.80473e-05  -0.00110162   0.00540871   0.00139798   0.00489582   0.00637021    0.0204205
[trajectory_generator_node-6] [Smooth Optimize] MINCO reaches max evaluations: Line search reaches the maximum try number, assumptions not satisfied or precision not achievable.
[trajectory_generator_node-6] [Smooth Optimize] MINCO: cost=0.5 total_T=8.393(init 4.804) max_drift=0.141 max_vel=0.4 segs=6
[trajectory_generator_node-6] [Smooth Resample] resample
[trajectory_generator_node-6] [Smooth Resample] 7 -> 4 waypoints, 3 time segs, max_turn=173.9 deg
[trajectory_generator_node-6] [Reference] path size : 4
[trajectory_generator_node-6] [Reference] solvePolyMatrix ENTER: N=3, path_size=4, trap_time_size=3
[trajectory_generator_node-6] [Reference]   path[0]=(-3.6130,1.7804) path[1]=(-3.1192,2.1188) t[0]=2.836311 state_vel=(0.1861,0.2448)
[trajectory_generator_node-6] [Reference] banded solve done. b[0]=0.138685 b[N]=-0.255659 b2[0]=-0.054109 b2[N]=-0.049627
[trajectory_generator_node-6] [Reference] solvePolyMatrix EXIT: polyX[0]=[-0.025939 0.069343 0.186081 -3.613006]
[trajectory_generator_node-6] [INFO] [1790446817.544351056] [trajectory_generation]: FSM published 3 trajectory pieces
[trajectory_tracking_node-8] [WARN] [1790446822.558809080] [trajectory_tracking]: RM_GridMap predicted-path replan requested: collision_samples=0 trajectory_age=5.01
[trajectory_generator_node-6] [Manager REPLAN]  cur position point (X, Y) = (-3.296060, 1.917214), target point (X, Y) = (-2.719000, 1.946000)
[trajectory_generator_node-6] [Manager REPLAN] target_temp (X, Y) = (-2.719000, 1.946000)
[trajectory_generator_node-6] [Manager REPLAN] path safe & target unchanged, re-anchoring from cur pos
[trajectory_generator_node-6] [Smooth Optimize] MINCO Optimization Success: Success: met stopping criteria (past f decrease less than delta).
[trajectory_generator_node-6] [Smooth Optimize] MINCO: cost=0.4 total_T=4.000(init 1.926) max_drift=0.145 max_vel=0.0 segs=2
[trajectory_generator_node-6] [Smooth Resample] resample
[trajectory_generator_node-6] [Smooth Resample] path too short (3 pts), keeping all
[trajectory_generator_node-6] [Reference] path size : 3
[trajectory_generator_node-6] [Reference] solvePolyMatrix ENTER: N=2, path_size=3, trap_time_size=2
[trajectory_generator_node-6] [Reference]   path[0]=(-3.2961,1.9172) path[1]=(-3.0735,2.0551) t[0]=2.000000 state_vel=(0.0362,-0.1265)
[trajectory_generator_node-6] [Reference] banded solve done. b[0]=0.054150 b[N]=-0.324354 b2[0]=0.417482 b2[N]=0.206114
[trajectory_generator_node-6] [Reference] solvePolyMatrix EXIT: polyX[0]=[0.005238 0.027075 0.036194 -3.296060]
[trajectory_generator_node-6] [Reference] solvePolyMatrix ENTER: N=2, path_size=3, trap_time_size=2
[trajectory_generator_node-6] [Reference]   path[0]=(-3.2961,1.9172) path[1]=(-3.0735,2.0551) t[0]=2.200000 state_vel=(0.0362,-0.1265)
[trajectory_generator_node-6] [Reference] banded solve done. b[0]=0.039517 b[N]=-0.268809 b2[0]=0.363324 b2[N]=0.172957
[trajectory_generator_node-6] [Reference] solvePolyMatrix EXIT: polyX[0]=[0.004445 0.019759 0.036194 -3.296060]
[trajectory_generator_node-6] [Reference] solvePolyMatrix ENTER: N=2, path_size=3, trap_time_size=2
[trajectory_generator_node-6] [Reference]   path[0]=(-3.2961,1.9172) path[1]=(-3.0735,2.0551) t[0]=2.420000 state_vel=(0.0362,-0.1265)
[trajectory_generator_node-6] [Reference] banded solve done. b[0]=0.027900 b[N]=-0.222836 b2[0]=0.316903 b2[N]=0.145316
[trajectory_generator_node-6] [Reference] solvePolyMatrix EXIT: polyX[0]=[0.003761 0.013950 0.036194 -3.296060]
[trajectory_generator_node-6] [INFO] [1790446822.583091241] [trajectory_generation]: FSM published 2 trajectory pieces
[trajectory_tracking_node-8] [WARN] [1790446827.442065193] [trajectory_tracking]: trajectory tracking stopped: invalid coefficient array length
[trajectory_tracking_node-8] [WARN] [1790446829.525189830] [trajectory_tracking]: trajectory tracking stopped: no valid trajectory
[trajectory_generator_node-6] [INFO] [1790446830.612848963] [trajectory_generation]: FSM accepted manual goal goal=(-2.72, 1.95, 0.02)
[trajectory_generator_node-6] [Manager] start point, (x, y): (-0.92, -4.45)
[trajectory_generator_node-6] [Manager] receive target, (x, y): (-2.72, 1.95)
[trajectory_generator_node-6] [Topo]: m_graph before num: 1605
[trajectory_generator_node-6] [Topo]: dijkstra time: 0.009887
[trajectory_generator_node-6] [Topo]: topo search time: 0.100627
[trajectory_generator_node-6] [Topo]: m_graph num: 2565
[trajectory_generator_node-6] [DIAG] origin_path (Dijkstra) size: 5
[trajectory_generator_node-6] [DIAG]   origin[0]: (-0.919, -4.454, 0.015)
[trajectory_generator_node-6] [DIAG]   origin[1]: (-5.019, -1.604, 0.015)
[trajectory_generator_node-6] [DIAG]   origin[2]: (-3.769, 2.396, 0.015)
[trajectory_generator_node-6] [DIAG]   origin[3]: (-1.719, 1.946, 0.015)
[trajectory_generator_node-6] [DIAG]   origin[4]: (-2.719, 1.946, 0.015)
[trajectory_generator_node-6] [DIAG] lineVisib(start→end DIRECT): false  colli=(-1.42,-2.65)
[trajectory_generator_node-6] [DIAG] direct line: 132 steps, 92 wall cells
[trajectory_generator_node-6] [smoothTopoPath] INPUT size=5
[trajectory_generator_node-6] [smoothTopoPath]   in[0]: (-0.919, -4.454, 0.015)
[trajectory_generator_node-6] [smoothTopoPath]   in[1]: (-5.019, -1.604, 0.015)
[trajectory_generator_node-6] [smoothTopoPath]   in[2]: (-3.769, 2.396, 0.015)
[trajectory_generator_node-6] [smoothTopoPath]   in[3]: (-1.719, 1.946, 0.015)
[trajectory_generator_node-6] [smoothTopoPath]   in[4]: (-2.719, 1.946, 0.015)
[trajectory_generator_node-6] [smoothTopoPath] lineVisib(start→end): false  colli=(-1.42,-2.65)
[trajectory_generator_node-6] [smoothTopoPath] stuck detected, skipping to topo[4]
[trajectory_generator_node-6] [smoothTopoPath] OUTPUT size=8, iter_count=7
[trajectory_generator_node-6] [smoothTopoPath]   out[0]: (-0.919, -4.454, 0.015)
[trajectory_generator_node-6] [smoothTopoPath]   out[1]: (-4.840, -0.515, 0.015)
[trajectory_generator_node-6] [smoothTopoPath]   out[2]: (-3.299, 2.232, 0.015)
[trajectory_generator_node-6] [smoothTopoPath]   out[3]: (-2.168, 2.139, 0.015)
[trajectory_generator_node-6] [smoothTopoPath]   out[4]: (-2.555, 2.131, 0.015)
[trajectory_generator_node-6] [smoothTopoPath]   out[5]: (-2.134, 2.182, 0.015)
[trajectory_generator_node-6] [smoothTopoPath]   out[6]: (-2.719, 1.946, 0.015)
[trajectory_generator_node-6] [smoothTopoPath]   out[7]: (-2.719, 1.946, 0.015)
[trajectory_generator_node-6] [DIAG] optimized_path (smoothTopoPath) size: 8
[trajectory_generator_node-6] [DIAG]   opt[0]: (-0.919, -4.454, 0.015)
[trajectory_generator_node-6] [DIAG]   opt[1]: (-4.840, -0.515, 0.015)
[trajectory_generator_node-6] [DIAG]   opt[2]: (-3.299, 2.232, 0.015)
[trajectory_generator_node-6] [DIAG]   opt[3]: (-2.168, 2.139, 0.015)
[trajectory_generator_node-6] [DIAG]   opt[4]: (-2.555, 2.131, 0.015)
[trajectory_generator_node-6] [DIAG]   opt[5]: (-2.134, 2.182, 0.015)
[trajectory_generator_node-6] [DIAG]   opt[6]: (-2.719, 1.946, 0.015)
[trajectory_generator_node-6] [DIAG]   opt[7]: (-2.719, 1.946, 0.015)
[trajectory_generator_node-6] optimized_path size: 8
[trajectory_generator_node-6] [Manager] reference_speed: (0.30)
[trajectory_generator_node-6] [LBFGS] search direction d:  9.72701e-05  0.000608948 -0.000696394  0.000665139 -0.000514308  0.000335708 -0.000190591  9.36582e-05 -3.40051e-05 -5.19217e-06  3.76614e-05 -6.98701e-05  9.76316e-05 -0.000107128  9.35274e-05 -7.12418e-05  7.33323e-05  -0.00138255  5.54627e-05  0.000880797  -0.00238778  -0.00116952  -0.00335438  0.000871564  0.000706052  0.000139905  0.000229411  -0.00162901   0.00265262  -0.00378945   0.00457604  -0.00446943   0.00335193  -0.00154223   0.00269553   0.00481006  -0.00959312 -9.77561e-05 -0.000611596  0.000699358 -0.000667821  0.000516077 -0.000336315  0.000190085  -9.2338e-05  3.27507e-05   3.8762e-06 -2.72491e-05  3.47301e-05 -2.85764e-06 -0.000119359  0.000391869 -0.000848976   0.00151406  -0.00106218 -0.000809162  0.000417181   -0.0125796 -0.000699474  -0.00401588  8.45706e-05  0.000603718 -0.000222752   0.00024136  0.000943791  -0.00122748   0.00125223  -7.1353e-05  0.000838976  -0.00315361  0.000339528 -9.03712e-05 -0.000576974    0.0011445    0.0949257   -0.0136295   0.00530209  -0.00123535  0.000291593 -3.80125e-05  -4.8564e-06  1.04745e-05 -6.30001e-06  2.76882e-06 -1.03731e-06  4.51902e-06  -2.6217e-05   0.00012151 -0.000482646   0.00182703  -0.00540776    0.0171756  0.000873029      0.44301   0.00494741    0.0185574  -0.00311384 -0.000564884    0.0032259  -0.00293366   0.00399927  -0.00412859    0.0100312    0.0092992 -0.000346503  -0.00807744    0.0416481    0.0970421    0.0827994   0.00438845     0.101734     0.434675
[trajectory_generator_node-6] [Smooth Optimize] MINCO reaches max evaluations: Line search reaches the maximum try number, assumptions not satisfied or precision not achievable.
[trajectory_generator_node-6] [Smooth Optimize] MINCO: cost=5.0 total_T=41.286(init 35.954) max_drift=0.249 max_vel=0.4 segs=38
[trajectory_generator_node-6] [Smooth Resample] resample
[trajectory_generator_node-6] [Smooth Resample] 39 -> 20 waypoints, 19 time segs, max_turn=178.3 deg
[trajectory_generator_node-6] [Manager] optimizer generate time: 0.010266
[trajectory_generator_node-6] [Reference] path size : 20
[trajectory_generator_node-6] [Reference] solvePolyMatrix ENTER: N=19, path_size=20, trap_time_size=19
[trajectory_generator_node-6] [Reference]   path[0]=(-0.9190,-4.4540) path[1]=(-1.3430,-4.0281) t[0]=2.604165 state_vel=(0.0000,0.0000)
[trajectory_generator_node-6] [Reference] banded solve done. b[0]=-0.201982 b[N]=0.262278 b2[0]=0.202887 b2[N]=0.066101
[trajectory_generator_node-6] [Reference] solvePolyMatrix EXIT: polyX[0]=[0.014775 -0.100991 0.000000 -0.919000]
[trajectory_generator_node-6] [Reference] solvePolyMatrix ENTER: N=19, path_size=20, trap_time_size=19
[trajectory_generator_node-6] [Reference]   path[0]=(-0.9190,-4.4540) path[1]=(-1.3430,-4.0281) t[0]=2.604165 state_vel=(0.0000,0.0000)
[trajectory_generator_node-6] [Reference] banded solve done. b[0]=-0.201982 b[N]=0.216780 b2[0]=0.202887 b2[N]=0.054673
[trajectory_generator_node-6] [Reference] solvePolyMatrix EXIT: polyX[0]=[0.014775 -0.100991 0.000000 -0.919000]
[trajectory_generator_node-6] [INFO] [1790446830.745084362] [trajectory_generation]: FSM published 19 trajectory pieces
[trajectory_tracking_node-8] [WARN] [1790446835.765446563] [trajectory_tracking]: RM_GridMap predicted-path replan requested: collision_samples=0 trajectory_age=5.01
[trajectory_generator_node-6] [Manager REPLAN]  cur position point (X, Y) = (-1.831593, -3.505974), target point (X, Y) = (-2.719000, 1.946000)
[trajectory_generator_node-6] [Manager REPLAN] target_temp (X, Y) = (-2.719000, 1.946000)
[trajectory_generator_node-6] [Manager REPLAN] robot 1.32m from path, full replan
[trajectory_generator_node-6] [Manager] start point, (x, y): (-1.83, -3.51)
[trajectory_generator_node-6] [Manager] receive target, (x, y): (-2.72, 1.95)
[trajectory_generator_node-6] [Topo]: m_graph before num: 1605
[trajectory_generator_node-6] [Topo]: dijkstra time: 0.014043
[trajectory_generator_node-6] [Topo]: topo search time: 0.120118
[trajectory_generator_node-6] [Topo]: m_graph num: 2559
[trajectory_generator_node-6] [DIAG] origin_path (Dijkstra) size: 5
[trajectory_generator_node-6] [DIAG]   origin[0]: (-1.832, -3.506, 0.015)
[trajectory_generator_node-6] [DIAG]   origin[1]: (-4.840, -0.175, 0.015)
[trajectory_generator_node-6] [DIAG]   origin[2]: (-3.769, 2.396, 0.015)
[trajectory_generator_node-6] [DIAG]   origin[3]: (-1.719, 1.946, 0.015)
[trajectory_generator_node-6] [DIAG]   origin[4]: (-2.719, 1.946, 0.015)
[trajectory_generator_node-6] [DIAG] lineVisib(start→end DIRECT): false  colli=(-2.12,-1.70)
[trajectory_generator_node-6] [DIAG] direct line: 110 steps, 71 wall cells
[trajectory_generator_node-6] [smoothTopoPath] INPUT size=5
[trajectory_generator_node-6] [smoothTopoPath]   in[0]: (-1.832, -3.506, 0.015)
[trajectory_generator_node-6] [smoothTopoPath]   in[1]: (-4.840, -0.175, 0.015)
[trajectory_generator_node-6] [smoothTopoPath]   in[2]: (-3.769, 2.396, 0.015)
[trajectory_generator_node-6] [smoothTopoPath]   in[3]: (-1.719, 1.946, 0.015)
[trajectory_generator_node-6] [smoothTopoPath]   in[4]: (-2.719, 1.946, 0.015)
[trajectory_generator_node-6] [smoothTopoPath] lineVisib(start→end): false  colli=(-2.12,-1.70)
[trajectory_generator_node-6] [smoothTopoPath] stuck detected, skipping to topo[1]
[trajectory_generator_node-6] [smoothTopoPath] stuck detected, skipping to topo[4]
[trajectory_generator_node-6] [smoothTopoPath] OUTPUT size=9, iter_count=10
[trajectory_generator_node-6] [smoothTopoPath]   out[0]: (-1.832, -3.506, 0.015)
[trajectory_generator_node-6] [smoothTopoPath]   out[1]: (-4.815, -0.204, 0.015)
[trajectory_generator_node-6] [smoothTopoPath]   out[2]: (-4.544, -0.245, 0.015)
[trajectory_generator_node-6] [smoothTopoPath]   out[3]: (-4.706, 0.148, 0.015)
[trajectory_generator_node-6] [smoothTopoPath]   out[4]: (-3.063, 2.394, 0.015)
[trajectory_generator_node-6] [smoothTopoPath]   out[5]: (-2.121, 2.207, 0.015)
[trajectory_generator_node-6] [smoothTopoPath]   out[6]: (-2.558, 2.127, 0.015)
[trajectory_generator_node-6] [smoothTopoPath]   out[7]: (-2.719, 1.946, 0.015)
[trajectory_generator_node-6] [smoothTopoPath]   out[8]: (-2.719, 1.946, 0.015)
[trajectory_generator_node-6] [DIAG] optimized_path (smoothTopoPath) size: 9
[trajectory_generator_node-6] [DIAG]   opt[0]: (-1.832, -3.506, 0.015)
[trajectory_generator_node-6] [DIAG]   opt[1]: (-4.815, -0.204, 0.015)
[trajectory_generator_node-6] [DIAG]   opt[2]: (-4.544, -0.245, 0.015)
[trajectory_generator_node-6] [DIAG]   opt[3]: (-4.706, 0.148, 0.015)
[trajectory_generator_node-6] [DIAG]   opt[4]: (-3.063, 2.394, 0.015)
[trajectory_generator_node-6] [DIAG]   opt[5]: (-2.121, 2.207, 0.015)
[trajectory_generator_node-6] [DIAG]   opt[6]: (-2.558, 2.127, 0.015)
[trajectory_generator_node-6] [DIAG]   opt[7]: (-2.719, 1.946, 0.015)
[trajectory_generator_node-6] [DIAG]   opt[8]: (-2.719, 1.946, 0.015)
[trajectory_generator_node-6] optimized_path size: 9
[trajectory_generator_node-6] [Manager] reference_speed: (0.30)
[trajectory_generator_node-6] [LBFGS] search direction d:  2.78852e-06 -8.61634e-07  2.60634e-07  4.35625e-09 -1.66447e-07  2.93594e-07 -3.83823e-07  3.50946e-07 -6.48153e-08   2.5415e-06 -1.60279e-05 -0.000105131 -0.000303168 -9.98402e-05 -4.07416e-05  6.21712e-05 -0.000294104 -0.000109209 -0.000373591  -7.5476e-06  0.000331115   -4.065e-05   1.8547e-05 -7.30546e-06    0.0001037 -0.000207437  0.000250371 -0.000195637 -9.38489e-05  0.000159577   0.00111322  9.41865e-05 -3.43553e-05   1.3431e-05 -4.73749e-06  1.74442e-06 -1.82452e-06  4.63307e-06 -1.22432e-05  3.07581e-05 -6.78723e-05  0.000130953 -0.000130602   0.00013281 -1.96363e-05 -6.60118e-05 -0.000218795 -0.000234545 -7.99352e-05 -0.000405996  0.000140253  0.000282483   7.0499e-05  -6.2341e-06  3.93184e-06 -0.000122919  0.000242221 -0.000349341  0.000499047 -0.000370342 -0.000624582  0.000237763  5.62644e-05 -1.42766e-05    3.699e-06 -6.35457e-07 -2.70563e-08  1.83124e-07 -3.54599e-07  7.69329e-07  -1.7766e-06  4.67949e-06 -1.60389e-05  5.27242e-05 -9.21778e-05  0.000403806  0.000138175    0.0021549  8.85463e-06  0.000191853  2.91589e-05 -5.27504e-05  9.37848e-05 -5.30398e-05   5.1634e-05 -1.71892e-05  8.94937e-06  4.98461e-06  7.98729e-05 -5.56864e-05 -3.55412e-06   0.00018011  0.000937625   0.00350029
[trajectory_generator_node-6] [Smooth Optimize] MINCO reaches max evaluations: Line search reaches the maximum try number, assumptions not satisfied or precision not achievable.
[trajectory_generator_node-6] [Smooth Optimize] MINCO: cost=5.3 total_T=31.101(init 30.372) max_drift=0.288 max_vel=0.5 segs=32
[trajectory_generator_node-6] [Smooth Resample] resample
[trajectory_generator_node-6] [Smooth Resample] 33 -> 17 waypoints, 16 time segs, max_turn=136.8 deg
[trajectory_generator_node-6] [Manager] optimizer generate time: 0.007352
[trajectory_generator_node-6] [Reference] path size : 17
[trajectory_generator_node-6] [Reference] solvePolyMatrix ENTER: N=16, path_size=17, trap_time_size=16
[trajectory_generator_node-6] [Reference]   path[0]=(-1.8316,-3.5060) path[1]=(-2.2337,-3.0601) t[0]=2.001078 state_vel=(-0.2024,0.2000)
[trajectory_generator_node-6] [Reference] banded solve done. b[0]=0.002457 b[N]=0.666040 b2[0]=0.039736 b2[N]=0.286811
[trajectory_generator_node-6] [Reference] solvePolyMatrix EXIT: polyX[0]=[-0.000267 0.001229 -0.202354 -1.831593]
[trajectory_generator_node-6] [Reference] solvePolyMatrix ENTER: N=16, path_size=17, trap_time_size=16
[trajectory_generator_node-6] [Reference]   path[0]=(-1.8316,-3.5060) path[1]=(-2.2337,-3.0601) t[0]=2.001078 state_vel=(-0.2024,0.2000)
[trajectory_generator_node-6] [Reference] banded solve done. b[0]=0.002457 b[N]=0.550845 b2[0]=0.039736 b2[N]=0.238001
[trajectory_generator_node-6] [Reference] solvePolyMatrix EXIT: polyX[0]=[-0.000267 0.001229 -0.202354 -1.831593]
[trajectory_generator_node-6] [Reference] solvePolyMatrix ENTER: N=16, path_size=17, trap_time_size=16
[trajectory_generator_node-6] [Reference]   path[0]=(-1.8316,-3.5060) path[1]=(-2.2337,-3.0601) t[0]=2.001078 state_vel=(-0.2024,0.2000)
[trajectory_generator_node-6] [Reference] banded solve done. b[0]=0.002457 b[N]=0.455656 b2[0]=0.039736 b2[N]=0.197605
[trajectory_generator_node-6] [Reference] solvePolyMatrix EXIT: polyX[0]=[-0.000267 0.001229 -0.202354 -1.831593]
[trajectory_generator_node-6] [Reference] solvePolyMatrix ENTER: N=16, path_size=17, trap_time_size=16
[trajectory_generator_node-6] [Reference]   path[0]=(-1.8316,-3.5060) path[1]=(-2.2337,-3.0601) t[0]=2.001078 state_vel=(-0.2024,0.2000)
[trajectory_generator_node-6] [Reference] banded solve done. b[0]=0.002457 b[N]=0.376993 b2[0]=0.039736 b2[N]=0.164164
[trajectory_generator_node-6] [Reference] solvePolyMatrix EXIT: polyX[0]=[-0.000267 0.001229 -0.202354 -1.831593]
[trajectory_generator_node-6] [Reference] solvePolyMatrix ENTER: N=16, path_size=17, trap_time_size=16
[trajectory_generator_node-6] [Reference]   path[0]=(-1.8316,-3.5060) path[1]=(-2.2337,-3.0601) t[0]=2.001078 state_vel=(-0.2024,0.2000)
[trajectory_generator_node-6] [Reference] banded solve done. b[0]=0.002457 b[N]=0.311982 b2[0]=0.039736 b2[N]=0.136473
[trajectory_generator_node-6] [Reference] solvePolyMatrix EXIT: polyX[0]=[-0.000267 0.001229 -0.202354 -1.831593]
[trajectory_generator_node-6] [INFO] [1790446835.916334201] [trajectory_generation]: FSM published 16 trajectory pieces
[trajectory_tracking_node-8] [WARN] [1790446840.946328567] [trajectory_tracking]: RM_GridMap predicted-path replan requested: collision_samples=0 trajectory_age=5.01
[trajectory_generator_node-6] [Manager REPLAN]  cur position point (X, Y) = (-2.849830, -2.393627), target point (X, Y) = (-2.719000, 1.946000)
[trajectory_generator_node-6] [Manager REPLAN] target_temp (X, Y) = (-2.719000, 1.946000)
[trajectory_generator_node-6] [Manager REPLAN] robot 1.51m from path, full replan
[trajectory_generator_node-6] [Manager] start point, (x, y): (-2.85, -2.39)
[trajectory_generator_node-6] [Manager] receive target, (x, y): (-2.72, 1.95)
[trajectory_generator_node-6] [Topo]: m_graph before num: 1605
[trajectory_generator_node-6] [Topo]: dijkstra time: 0.014343
[trajectory_generator_node-6] [Topo]: topo search time: 0.089466
[trajectory_generator_node-6] [Topo]: m_graph num: 2565
[trajectory_generator_node-6] [DIAG] origin_path (Dijkstra) size: 5
[trajectory_generator_node-6] [DIAG]   origin[0]: (-2.850, -2.394, 0.015)
[trajectory_generator_node-6] [DIAG]   origin[1]: (-4.840, -0.175, 0.015)
[trajectory_generator_node-6] [DIAG]   origin[2]: (-3.769, 2.396, 0.015)
[trajectory_generator_node-6] [DIAG]   origin[3]: (-1.719, 1.946, 0.015)
[trajectory_generator_node-6] [DIAG]   origin[4]: (-2.719, 1.946, 0.015)
[trajectory_generator_node-6] [DIAG] lineVisib(start→end DIRECT): false  colli=(-2.82,-1.35)
[trajectory_generator_node-6] [DIAG] direct line: 86 steps, 64 wall cells
[trajectory_generator_node-6] [smoothTopoPath] INPUT size=5
[trajectory_generator_node-6] [smoothTopoPath]   in[0]: (-2.850, -2.394, 0.015)
[trajectory_generator_node-6] [smoothTopoPath]   in[1]: (-4.840, -0.175, 0.015)
[trajectory_generator_node-6] [smoothTopoPath]   in[2]: (-3.769, 2.396, 0.015)
[trajectory_generator_node-6] [smoothTopoPath]   in[3]: (-1.719, 1.946, 0.015)
[trajectory_generator_node-6] [smoothTopoPath]   in[4]: (-2.719, 1.946, 0.015)
[trajectory_generator_node-6] [smoothTopoPath] lineVisib(start→end): false  colli=(-2.82,-1.35)
[trajectory_generator_node-6] [smoothTopoPath] stuck detected, skipping to topo[4]
[trajectory_generator_node-6] [smoothTopoPath] OUTPUT size=10, iter_count=9
[trajectory_generator_node-6] [smoothTopoPath]   out[0]: (-2.850, -2.394, 0.015)
[trajectory_generator_node-6] [smoothTopoPath]   out[1]: (-4.820, -0.198, 0.015)
[trajectory_generator_node-6] [smoothTopoPath]   out[2]: (-3.107, -2.557, 0.015)
[trajectory_generator_node-6] [smoothTopoPath]   out[3]: (-4.658, -0.080, 0.015)
[trajectory_generator_node-6] [smoothTopoPath]   out[4]: (-3.114, 2.169, 0.015)
[trajectory_generator_node-6] [smoothTopoPath]   out[5]: (-2.100, 2.238, 0.015)
[trajectory_generator_node-6] [smoothTopoPath]   out[6]: (-2.559, 2.126, 0.015)
[trajectory_generator_node-6] [smoothTopoPath]   out[7]: (-2.139, 2.186, 0.015)
[trajectory_generator_node-6] [smoothTopoPath]   out[8]: (-2.719, 1.946, 0.015)
[trajectory_generator_node-6] [smoothTopoPath]   out[9]: (-2.719, 1.946, 0.015)
[trajectory_generator_node-6] [DIAG] optimized_path (smoothTopoPath) size: 10
[trajectory_generator_node-6] [DIAG]   opt[0]: (-2.850, -2.394, 0.015)
[trajectory_generator_node-6] [DIAG]   opt[1]: (-4.820, -0.198, 0.015)
[trajectory_generator_node-6] [DIAG]   opt[2]: (-3.107, -2.557, 0.015)
[trajectory_generator_node-6] [DIAG]   opt[3]: (-4.658, -0.080, 0.015)
[trajectory_generator_node-6] [DIAG]   opt[4]: (-3.114, 2.169, 0.015)
[trajectory_generator_node-6] [DIAG]   opt[5]: (-2.100, 2.238, 0.015)
[trajectory_generator_node-6] [DIAG]   opt[6]: (-2.559, 2.126, 0.015)
[trajectory_generator_node-6] [DIAG]   opt[7]: (-2.139, 2.186, 0.015)
[trajectory_generator_node-6] [DIAG]   opt[8]: (-2.719, 1.946, 0.015)
[trajectory_generator_node-6] [DIAG]   opt[9]: (-2.719, 1.946, 0.015)
[trajectory_generator_node-6] optimized_path size: 10
[trajectory_generator_node-6] [Manager] reference_speed: (0.30)
[trajectory_generator_node-6] [LBFGS] search direction d:  1.25166e-05 -7.10361e-06  3.37728e-06 -1.26972e-06  6.76539e-07  7.49232e-06  0.000757529 -0.000227937 -5.50547e-05  0.000950678  0.000338305  -0.00073357 -1.61162e-05  2.14808e-05 -6.51602e-05  0.000132902   -0.0001943  0.000208485  -0.00010049 -9.34189e-05  0.000219062 -0.000275975   0.00041464 -0.000834416    0.0016906  -0.00242502  -0.00137958   0.00201813  -0.00014778  -0.00115846   -0.0023142  -0.00453027   0.00023166  9.35022e-05 -0.000430701 -0.000403181  0.000641217 -0.000138532  0.000190162 -0.000524639   0.00185719  -0.00182183 -0.000333885   -0.0008569  -0.00195732   0.00322049 -1.44592e-05 -6.89232e-06  3.24661e-05 -6.06811e-05   8.2466e-05 -9.28095e-05  0.000385949  0.000215284  0.000196052  -0.00139283 -8.77809e-05  -0.00142691  4.49373e-05 -7.01278e-05  0.000123925 -0.000207835  0.000291854 -0.000313343  0.000155591  0.000139138 -0.000324279   0.00035655 -0.000385102  0.000532606 -0.000859565   0.00150338   0.00113295   -0.0011325   0.00220065  -0.00185444  -0.00378979  -0.00932255   0.00182831  0.000242839  0.000202542 -0.000478996  0.000167707 -0.000188138  4.88349e-05  -7.7956e-05 -0.000554627  0.000657477  0.000400497  -0.00030337  -0.00774605  -0.00072758  0.000147301 -4.11501e-05  9.32224e-06  5.55947e-06 -2.08909e-05  2.45415e-05  4.61705e-05 -0.000278848  0.000869047  0.000296621  0.000410288   0.00130182 -0.000469829  0.000235815 -5.30584e-05 -8.04543e-05  0.000353407 -0.000849928   0.00219079  0.000144286   0.00296204 -0.000966909  0.000390813 -0.000137228  6.63191e-05  8.18475e-06  0.000174432  5.23465e-05    0.0152181  0.000717251   0.00400788  -0.00110569   0.00141754  -0.00045323  0.000291546  -4.1927e-05  3.81848e-05  0.000114573  0.000205713  6.84961e-05   -0.0012367   0.00409454   0.00985312   0.00240211   0.00404907   0.00714216    0.0207873
[trajectory_generator_node-6] [Smooth Optimize] MINCO reaches max evaluations: Line search reaches the maximum try number, assumptions not satisfied or precision not achievable.
[trajectory_generator_node-6] [Smooth Optimize] MINCO: cost=9.2 total_T=45.089(init 43.797) max_drift=0.263 max_vel=0.5 segs=47
[trajectory_generator_node-6] [Smooth Resample] resample
[trajectory_generator_node-6] [Smooth Resample] 48 -> 25 waypoints, 24 time segs, max_turn=179.6 deg
[trajectory_generator_node-6] [Manager] optimizer generate time: 0.009024
[trajectory_generator_node-6] [Reference] path size : 25
[trajectory_generator_node-6] [Reference] solvePolyMatrix ENTER: N=24, path_size=25, trap_time_size=24
[trajectory_generator_node-6] [Reference]   path[0]=(-2.8498,-2.3936) path[1]=(-3.2506,-1.9469) t[0]=2.001133 state_vel=(-0.1974,0.2176)
[trajectory_generator_node-6] [Reference] banded solve done. b[0]=-0.003388 b[N]=0.706775 b2[0]=0.011602 b2[N]=0.671516
[trajectory_generator_node-6] [Reference] solvePolyMatrix EXIT: polyX[0]=[0.000135 -0.001694 -0.197430 -2.849830]
[trajectory_generator_node-6] [Reference] solvePolyMatrix ENTER: N=24, path_size=25, trap_time_size=24
[trajectory_generator_node-6] [Reference]   path[0]=(-2.8498,-2.3936) path[1]=(-3.2506,-1.9469) t[0]=2.001133 state_vel=(-0.1974,0.2176)
[trajectory_generator_node-6] [Reference] banded solve done. b[0]=-0.003389 b[N]=0.584158 b2[0]=0.011603 b2[N]=0.555048
[trajectory_generator_node-6] [Reference] solvePolyMatrix EXIT: polyX[0]=[0.000135 -0.001694 -0.197430 -2.849830]
[trajectory_generator_node-6] [Reference] solvePolyMatrix ENTER: N=24, path_size=25, trap_time_size=24
[trajectory_generator_node-6] [Reference]   path[0]=(-2.8498,-2.3936) path[1]=(-3.2506,-1.9469) t[0]=2.001133 state_vel=(-0.1974,0.2176)
[trajectory_generator_node-6] [Reference] banded solve done. b[0]=-0.003389 b[N]=0.482822 b2[0]=0.011603 b2[N]=0.458790
[trajectory_generator_node-6] [Reference] solvePolyMatrix EXIT: polyX[0]=[0.000136 -0.001695 -0.197430 -2.849830]
[trajectory_generator_node-6] [Reference] solvePolyMatrix ENTER: N=24, path_size=25, trap_time_size=24
[trajectory_generator_node-6] [Reference]   path[0]=(-2.8498,-2.3936) path[1]=(-3.2506,-1.9469) t[0]=2.001133 state_vel=(-0.1974,0.2176)
[trajectory_generator_node-6] [Reference] banded solve done. b[0]=-0.003390 b[N]=0.402263 b2[0]=0.011604 b2[N]=0.379919
[trajectory_generator_node-6] [Reference] solvePolyMatrix EXIT: polyX[0]=[0.000136 -0.001695 -0.197430 -2.849830]
[trajectory_generator_node-6] [Reference] solvePolyMatrix ENTER: N=24, path_size=25, trap_time_size=24
[trajectory_generator_node-6] [Reference]   path[0]=(-2.8498,-2.3936) path[1]=(-3.2506,-1.9469) t[0]=2.001133 state_vel=(-0.1974,0.2176)
[trajectory_generator_node-6] [Reference] banded solve done. b[0]=-0.003390 b[N]=0.335471 b2[0]=0.011604 b2[N]=0.314646
[trajectory_generator_node-6] [Reference] solvePolyMatrix EXIT: polyX[0]=[0.000136 -0.001695 -0.197430 -2.849830]
[trajectory_generator_node-6] [Reference] solvePolyMatrix ENTER: N=24, path_size=25, trap_time_size=24
[trajectory_generator_node-6] [Reference]   path[0]=(-2.8498,-2.3936) path[1]=(-3.2506,-1.9469) t[0]=2.001133 state_vel=(-0.1974,0.2176)
[trajectory_generator_node-6] [Reference] banded solve done. b[0]=-0.003390 b[N]=0.280062 b2[0]=0.011604 b2[N]=0.260623
[trajectory_generator_node-6] [Reference] solvePolyMatrix EXIT: polyX[0]=[0.000136 -0.001695 -0.197430 -2.849830]
[trajectory_generator_node-6] [Reference] solvePolyMatrix ENTER: N=24, path_size=25, trap_time_size=24
[trajectory_generator_node-6] [Reference]   path[0]=(-2.8498,-2.3936) path[1]=(-3.2506,-1.9469) t[0]=2.001133 state_vel=(-0.1974,0.2176)
[trajectory_generator_node-6] [Reference] banded solve done. b[0]=-0.003390 b[N]=0.234072 b2[0]=0.011604 b2[N]=0.215906
[trajectory_generator_node-6] [Reference] solvePolyMatrix EXIT: polyX[0]=[0.000136 -0.001695 -0.197430 -2.849830]
[trajectory_generator_node-6] [INFO] [1790446841.074205345] [trajectory_generation]: FSM published 24 trajectory pieces
[trajectory_generator_node-6] [A Star] find collision pos: -4.474091 -0.374225
[trajectory_generator_node-6] [A Star] find start pos: -3.106511 -2.556769
[trajectory_generator_node-6] [A Star] find collision pos: -4.474091 -0.374225
[trajectory_generator_node-6] [A Star] find start pos: -3.106511 -2.556769
[trajectory_generator_node-6] [A Star] find collision pos: -4.474091 -0.374225
[trajectory_generator_node-6] [A Star] find start pos: -3.106511 -2.556769
[trajectory_generator_node-6] [A Star] find collision pos: -4.474091 -0.374225
[trajectory_generator_node-6] [A Star] find start pos: -3.106511 -2.556769
[trajectory_generator_node-6] [A Star] find collision pos: -4.474091 -0.374225
[trajectory_generator_node-6] [A Star] find start pos: -3.106511 -2.556769
[trajectory_generator_node-6] [A Star] find collision pos: -4.474091 -0.374225
[trajectory_generator_node-6] [A Star] find start pos: -3.106511 -2.556769
[trajectory_generator_node-6] [A Star] find collision pos: -4.474091 -0.374225
[trajectory_generator_node-6] [A Star] find start pos: -3.106511 -2.556769
[trajectory_generator_node-6] [Manager REPLAN]  cur position point (X, Y) = (-3.070566, -2.154293), target point (X, Y) = (-2.719000, 1.946000)
[trajectory_generator_node-6] [Manager REPLAN] target_temp (X, Y) = (-2.719000, 1.946000)
[trajectory_generator_node-6] [A Star] find collision pos: -4.474091 -0.374225
[trajectory_generator_node-6] [A Star] find start pos: -3.106511 -2.556769
[trajectory_generator_node-6] [Manager REPLAN] start local planning
[trajectory_generator_node-6] [Topo Local]: complete sample
[trajectory_generator_node-6] [Topo Local]: sample time: 0.036447
[trajectory_generator_node-6] [Manager Local] local path find! size is 3
[trajectory_generator_node-6] [smoothTopoPath] INPUT size=9
[trajectory_generator_node-6] [smoothTopoPath]   in[0]: (-3.071, -2.154, 0.015)
[trajectory_generator_node-6] [smoothTopoPath]   in[1]: (-2.269, -3.854, 0.015)
[trajectory_generator_node-6] [smoothTopoPath]   in[2]: (-4.658, -0.080, 0.015)
[trajectory_generator_node-6] [smoothTopoPath]   in[3]: (-3.114, 2.169, 0.015)
[trajectory_generator_node-6] [smoothTopoPath]   in[4]: (-2.100, 2.238, 0.015)
[trajectory_generator_node-6] [smoothTopoPath]   in[5]: (-2.559, 2.126, 0.015)
[trajectory_generator_node-6] [smoothTopoPath]   in[6]: (-2.139, 2.186, 0.015)
[trajectory_generator_node-6] [smoothTopoPath]   in[7]: (-2.719, 1.946, 0.015)
[trajectory_generator_node-6] [smoothTopoPath]   in[8]: (-2.719, 1.946, 0.015)
[trajectory_generator_node-6] [smoothTopoPath] lineVisib(start→end): false  colli=(-2.97,-1.25)
[trajectory_generator_node-6] [smoothTopoPath] stuck detected, skipping to topo[2]
[trajectory_generator_node-6] [smoothTopoPath] stuck detected, skipping to topo[7]
[trajectory_generator_node-6] [smoothTopoPath] OUTPUT size=11, iter_count=10
[trajectory_generator_node-6] [smoothTopoPath]   out[0]: (-3.071, -2.154, 0.015)
[trajectory_generator_node-6] [smoothTopoPath]   out[1]: (-4.589, -0.747, 0.015)
[trajectory_generator_node-6] [smoothTopoPath]   out[2]: (-4.167, -0.793, 0.015)
[trajectory_generator_node-6] [smoothTopoPath]   out[3]: (-4.658, -0.080, 0.015)
[trajectory_generator_node-6] [smoothTopoPath]   out[4]: (-4.764, 0.295, 0.015)
[trajectory_generator_node-6] [smoothTopoPath]   out[5]: (-2.919, 2.416, 0.068)
[trajectory_generator_node-6] [smoothTopoPath]   out[6]: (-2.275, 2.287, 0.015)
[trajectory_generator_node-6] [smoothTopoPath]   out[7]: (-2.695, 2.157, 0.015)
[trajectory_generator_node-6] [smoothTopoPath]   out[8]: (-2.340, 2.224, 0.015)
[trajectory_generator_node-6] [smoothTopoPath]   out[9]: (-2.719, 1.946, 0.015)
[trajectory_generator_node-6] [smoothTopoPath]   out[10]: (-2.719, 1.946, 0.015)
[trajectory_generator_node-6] [Manager REPLAN] optimized path size is 11
[trajectory_generator_node-6] [LBFGS] search direction d:  0.000340266  0.000728266  -0.00151329   0.00232977  -0.00282885   0.00179256 -0.000552619  -0.00781135   0.00097494    -0.017527 -1.63315e-06  -0.00111128  -0.00105497   0.00203908  -0.00312534  -0.00185622  0.000216473  0.000569857 -0.000790888   0.00127306  -0.00305242   0.00330945 -0.000749872  -0.00620631   0.00377095   0.00217464   -0.0159217  4.95567e-05  -0.00046808   0.00087163  -0.00126749   0.00132122 -0.000116292  -0.00257118 -0.000283212  -0.00378311    0.0220664  0.000673582   0.00637192  -0.00287586   0.00153988  -0.00049795   0.00103553  -0.00113187   0.00175119 -0.000491559   0.00127738 -0.000298125 -0.000115169   0.00114275  -0.00618653  0.000364517   0.00118755  -0.00108281  -0.00402544   0.00108186 -0.000473164  0.000559032  -0.00174463   0.00506708   -0.0188022   -0.0268537   -0.0106431   -0.0207367   -0.0614539  -0.00154615  -0.00545864  0.000464626  0.000776737  -0.00117482  0.000416125 -0.000822932  0.000205565  -0.00054379   0.00154721  -0.00446754   0.00251577   -0.0229943   -0.0395006  -0.00145522   -0.0211358   -0.0853508
[trajectory_generator_node-6] [Smooth Optimize] MINCO reaches max evaluations: Line search reaches the maximum try number, assumptions not satisfied or precision not achievable.
[trajectory_generator_node-6] [Smooth Optimize] MINCO: cost=3.6 total_T=28.666(init 25.905) max_drift=0.251 max_vel=0.5 segs=28
[trajectory_generator_node-6] [Smooth Resample] resample
[trajectory_generator_node-6] [Smooth Resample] 29 -> 15 waypoints, 14 time segs, max_turn=151.2 deg
[trajectory_generator_node-6] [Reference] path size : 15
[trajectory_generator_node-6] [Reference] solvePolyMatrix ENTER: N=14, path_size=15, trap_time_size=14
[trajectory_generator_node-6] [Reference]   path[0]=(-3.0706,-2.1543) path[1]=(-3.5142,-1.7447) t[0]=2.022726 state_vel=(-0.1788,0.1930)
[trajectory_generator_node-6] [Reference] banded solve done. b[0]=-0.079598 b[N]=0.008834 b2[0]=0.021350 b2[N]=0.179251
[trajectory_generator_node-6] [Reference] solvePolyMatrix EXIT: polyX[0]=[0.009777 -0.039799 -0.178848 -3.070566]
[trajectory_generator_node-6] [Reference] solvePolyMatrix ENTER: N=14, path_size=15, trap_time_size=14
[trajectory_generator_node-6] [Reference]   path[0]=(-3.0706,-2.1543) path[1]=(-3.5142,-1.7447) t[0]=2.022726 state_vel=(-0.1788,0.1930)
[trajectory_generator_node-6] [Reference] banded solve done. b[0]=-0.079598 b[N]=0.007148 b2[0]=0.021350 b2[N]=0.148021
[trajectory_generator_node-6] [Reference] solvePolyMatrix EXIT: polyX[0]=[0.009777 -0.039799 -0.178848 -3.070566]
[trajectory_generator_node-6] [Reference] solvePolyMatrix ENTER: N=14, path_size=15, trap_time_size=14
[trajectory_generator_node-6] [Reference]   path[0]=(-3.0706,-2.1543) path[1]=(-3.5142,-1.7447) t[0]=2.022726 state_vel=(-0.1788,0.1930)
[trajectory_generator_node-6] [Reference] banded solve done. b[0]=-0.079599 b[N]=0.005759 b2[0]=0.021350 b2[N]=0.122209
[trajectory_generator_node-6] [Reference] solvePolyMatrix EXIT: polyX[0]=[0.009777 -0.039799 -0.178848 -3.070566]
[trajectory_generator_node-6] [INFO] [1790446842.212181400] [trajectory_generation]: FSM published 14 trajectory pieces
[trajectory_generator_node-6] [A Star] find collision pos: -4.467203 -0.357369
[trajectory_generator_node-6] [A Star] find start pos: -4.167084 -0.792573
[trajectory_generator_node-6] [A Star] find collision pos: -4.467203 -0.357369
[trajectory_generator_node-6] [A Star] find start pos: -4.167084 -0.792573
[trajectory_generator_node-6] [A Star] find collision pos: -4.467203 -0.357369
[trajectory_generator_node-6] [A Star] find start pos: -4.167084 -0.792573
[trajectory_generator_node-6] [A Star] find collision pos: -4.467203 -0.357369
[trajectory_generator_node-6] [A Star] find start pos: -4.167084 -0.792573
[trajectory_generator_node-6] [A Star] find collision pos: -4.467203 -0.357369
[trajectory_generator_node-6] [A Star] find start pos: -4.167084 -0.792573
[trajectory_generator_node-6] [A Star] find collision pos: -4.467203 -0.357369
[trajectory_generator_node-6] [A Star] find start pos: -4.167084 -0.792573
[trajectory_generator_node-6] [Manager REPLAN]  cur position point (X, Y) = (-3.303277, -1.934192), target point (X, Y) = (-2.719000, 1.946000)
[trajectory_generator_node-6] [Manager REPLAN] target_temp (X, Y) = (-2.719000, 1.946000)
[trajectory_generator_node-6] [A Star] find collision pos: -4.467203 -0.357369
[trajectory_generator_node-6] [A Star] find start pos: -4.167084 -0.792573
[trajectory_generator_node-6] [Manager REPLAN] start local planning
[trajectory_generator_node-6] [Topo Local]: complete sample
[trajectory_generator_node-6] [Topo Local]: sample time: 0.048626
[trajectory_generator_node-6] [Manager Local] local path find! size is 3
[trajectory_generator_node-6] [smoothTopoPath] INPUT size=10
[trajectory_generator_node-6] [smoothTopoPath]   in[0]: (-3.303, -1.934, 0.015)
[trajectory_generator_node-6] [smoothTopoPath]   in[1]: (-4.919, -2.004, 0.015)
[trajectory_generator_node-6] [smoothTopoPath]   in[2]: (-4.658, -0.080, 0.015)
[trajectory_generator_node-6] [smoothTopoPath]   in[3]: (-4.764, 0.295, 0.015)
[trajectory_generator_node-6] [smoothTopoPath]   in[4]: (-2.919, 2.416, 0.068)
[trajectory_generator_node-6] [smoothTopoPath]   in[5]: (-2.275, 2.287, 0.015)
[trajectory_generator_node-6] [smoothTopoPath]   in[6]: (-2.695, 2.157, 0.015)
[trajectory_generator_node-6] [smoothTopoPath]   in[7]: (-2.340, 2.224, 0.015)
[trajectory_generator_node-6] [smoothTopoPath]   in[8]: (-2.719, 1.946, 0.015)
[trajectory_generator_node-6] [smoothTopoPath]   in[9]: (-2.719, 1.946, 0.015)
[trajectory_generator_node-6] [smoothTopoPath] lineVisib(start→end): false  colli=(-3.17,-1.15)
[trajectory_generator_node-6] [smoothTopoPath] stuck detected, skipping to topo[8]
[trajectory_generator_node-6] [smoothTopoPath] OUTPUT size=10, iter_count=9
[trajectory_generator_node-6] [smoothTopoPath]   out[0]: (-3.303, -1.934, 0.015)
[trajectory_generator_node-6] [smoothTopoPath]   out[1]: (-4.911, -0.408, 0.015)
[trajectory_generator_node-6] [smoothTopoPath]   out[2]: (-5.212, -1.954, 0.015)
[trajectory_generator_node-6] [smoothTopoPath]   out[3]: (-4.528, 0.847, 0.015)
[trajectory_generator_node-6] [smoothTopoPath]   out[4]: (-2.601, 2.563, 0.015)
[trajectory_generator_node-6] [smoothTopoPath]   out[5]: (-2.922, 2.029, 0.015)
[trajectory_generator_node-6] [smoothTopoPath]   out[6]: (-2.611, 2.316, 0.015)
[trajectory_generator_node-6] [smoothTopoPath]   out[7]: (-2.323, 2.005, 0.015)
[trajectory_generator_node-6] [smoothTopoPath]   out[8]: (-2.719, 1.946, 0.015)
[trajectory_generator_node-6] [smoothTopoPath]   out[9]: (-2.719, 1.946, 0.015)
[trajectory_generator_node-6] [Manager REPLAN] optimized path size is 10
[trajectory_generator_node-6] [LBFGS] search direction d: -1.02873e-05  3.43144e-06 -3.69597e-06  9.72922e-06  -3.2755e-05 -0.000174927 -0.000352952  -0.00061287 -0.000467574 -1.81273e-05   6.0656e-05 -1.87237e-06 -7.25644e-05  5.86174e-05 -2.04899e-05   1.8497e-05  0.000471172  0.000497215  0.000181496 -8.58773e-05   0.00100794 -6.72538e-05  2.03137e-05  7.40815e-06 -6.33238e-06 -2.77266e-05  0.000443669  0.000318924 -1.50085e-06 -0.000100555  0.000120927  6.06968e-05 -5.10357e-05 -0.000317219  7.31279e-05   0.00178747   5.5295e-05 -1.04988e-05 -1.78682e-05   7.6931e-05 -0.000204966  0.000204193 -0.000562494 -0.000684206 -0.000225262  0.000275851  1.63856e-05  0.000116565 -0.000328755  0.000192651  1.57752e-05 -0.000235096  0.000289873  0.000757138  0.000189116 -0.000316931  -0.00047696  -8.6652e-05  4.90856e-06  5.06229e-06 -8.24576e-06  3.68078e-05 -0.000501666 -2.46539e-05 -3.33645e-05 -0.000146237  0.000214802  0.000125479  0.000113148  0.000153099  -0.00113044  -0.00221607  0.000524241 -0.000135033  2.83566e-05  3.70148e-05 -9.96624e-05  9.79977e-05  0.000634944  0.000529992  0.000659649 -0.000230914 -0.000186554  5.57914e-05   0.00133749   0.00503263  -0.00139672  0.000497887  0.000461471 -0.000596538    0.0222575   0.00056012   0.00266557 -0.000738226  0.000549326 -0.000195491  5.34006e-05 -1.76781e-05  3.59008e-05 -0.000105759  0.000502272  -0.00142203   0.00380943   0.00466521   0.00288236   0.00403722  -0.00166456     0.004663    0.0334254
[trajectory_generator_node-6] [Smooth Optimize] MINCO reaches max evaluations: Line search reaches the maximum try number, assumptions not satisfied or precision not achievable.
[trajectory_generator_node-6] [Smooth Optimize] MINCO: cost=3.3 total_T=37.340(init 34.850) max_drift=0.223 max_vel=0.4 segs=37
[trajectory_generator_node-6] [Smooth Resample] resample
[trajectory_generator_node-6] [Smooth Resample] 38 -> 20 waypoints, 19 time segs, max_turn=175.3 deg
[trajectory_generator_node-6] [Reference] path size : 20
[trajectory_generator_node-6] [Reference] solvePolyMatrix ENTER: N=19, path_size=20, trap_time_size=19
[trajectory_generator_node-6] [Reference]   path[0]=(-3.3033,-1.9342) path[1]=(-3.7380,-1.5202) t[0]=2.009185 state_vel=(-0.2168,0.1844)
[trajectory_generator_node-6] [Reference] banded solve done. b[0]=-0.002164 b[N]=0.617626 b2[0]=0.040367 b2[N]=0.134974
[trajectory_generator_node-6] [Reference] solvePolyMatrix EXIT: polyX[0]=[0.000642 -0.001082 -0.216797 -3.303277]
[trajectory_generator_node-6] [Reference] solvePolyMatrix ENTER: N=19, path_size=20, trap_time_size=19
[trajectory_generator_node-6] [Reference]   path[0]=(-3.3033,-1.9342) path[1]=(-3.7380,-1.5202) t[0]=2.009185 state_vel=(-0.2168,0.1844)
[trajectory_generator_node-6] [Reference] banded solve done. b[0]=-0.002061 b[N]=0.510261 b2[0]=0.040651 b2[N]=0.110960
[trajectory_generator_node-6] [Reference] solvePolyMatrix EXIT: polyX[0]=[0.000617 -0.001031 -0.216797 -3.303277]
[trajectory_generator_node-6] [Reference] solvePolyMatrix ENTER: N=19, path_size=20, trap_time_size=19
[trajectory_generator_node-6] [Reference]   path[0]=(-3.3033,-1.9342) path[1]=(-3.7380,-1.5202) t[0]=2.009185 state_vel=(-0.2168,0.1844)
[trajectory_generator_node-6] [Reference] banded solve done. b[0]=-0.002061 b[N]=0.421530 b2[0]=0.040651 b2[N]=0.091154
[trajectory_generator_node-6] [Reference] solvePolyMatrix EXIT: polyX[0]=[0.000617 -0.001031 -0.216797 -3.303277]
[trajectory_generator_node-6] [Reference] solvePolyMatrix ENTER: N=19, path_size=20, trap_time_size=19
[trajectory_generator_node-6] [Reference]   path[0]=(-3.3033,-1.9342) path[1]=(-3.7380,-1.5202) t[0]=2.009185 state_vel=(-0.2168,0.1844)
[trajectory_generator_node-6] [Reference] banded solve done. b[0]=-0.002061 b[N]=0.348202 b2[0]=0.040651 b2[N]=0.074823
[trajectory_generator_node-6] [Reference] solvePolyMatrix EXIT: polyX[0]=[0.000617 -0.001031 -0.216797 -3.303277]
[trajectory_generator_node-6] [Reference] solvePolyMatrix ENTER: N=19, path_size=20, trap_time_size=19
[trajectory_generator_node-6] [Reference]   path[0]=(-3.3033,-1.9342) path[1]=(-3.7380,-1.5202) t[0]=2.009185 state_vel=(-0.2168,0.1844)
[trajectory_generator_node-6] [Reference] banded solve done. b[0]=-0.002061 b[N]=0.287606 b2[0]=0.040651 b2[N]=0.061363
[trajectory_generator_node-6] [Reference] solvePolyMatrix EXIT: polyX[0]=[0.000617 -0.001031 -0.216797 -3.303277]
[trajectory_generator_node-6] [INFO] [1790446843.427386398] [trajectory_generation]: FSM published 19 trajectory pieces
[trajectory_tracking_node-8] [WARN] [1790446848.456644329] [trajectory_tracking]: RM_GridMap predicted-path replan requested: collision_samples=0 trajectory_age=5.01
[trajectory_generator_node-6] [Manager REPLAN]  cur position point (X, Y) = (-4.400969, -0.930022), target point (X, Y) = (-2.719000, 1.946000)
[trajectory_generator_node-6] [Manager REPLAN] target_temp (X, Y) = (-2.719000, 1.946000)
[trajectory_generator_node-6] [Manager REPLAN] path safe & target unchanged, re-anchoring from cur pos
[trajectory_generator_node-6] [LBFGS] search direction d:   0.00019802 -6.36674e-05  4.79942e-05 -3.84181e-05 -2.46985e-05  5.62686e-05 -2.87193e-05 -0.000339974   0.00106499 -2.27882e-05 -0.000202817 -0.000249279 -4.65156e-05  2.46991e-05 -2.06279e-05  2.58196e-05 -2.12588e-05  0.000328759 -0.000290141 -3.87195e-05 -0.000186935  0.000188153  0.000116817 -0.000306549 -6.72355e-06  9.76737e-05   0.00132545 -0.000475895  0.000547355 -0.000155147  0.000152217  8.04282e-05 -0.000252322  0.000100562  0.000193506  -0.00032598 -0.000515044  0.000469521 -4.84577e-05 -0.000622807  3.23653e-05  6.26422e-05  -4.6934e-05  7.01084e-06  1.40148e-05 -0.000352595  0.000306859  0.000368064 -0.000157566  0.000142843  0.000139863 -0.000282718 -0.000223898 -0.000270876 -0.000102215  0.000123118    0.0211146 -0.000569774 -2.03431e-05   0.00433727   0.00191235 -0.000299876 -5.52349e-07 -0.000397622   0.00154609 -0.000390756    0.0246254 -0.000142966   0.00171688  -0.00014136  0.000584348 -0.000160776  3.83711e-05  5.83431e-05 -0.000190292  0.000532836 -0.000855415   0.00186565  0.000683862   0.00462795   0.00181687   0.00599678    0.0054701  0.000204761    0.0418724
[trajectory_generator_node-6] [Smooth Optimize] MINCO reaches max evaluations: Line search reaches the maximum try number, assumptions not satisfied or precision not achievable.
[trajectory_generator_node-6] [Smooth Optimize] MINCO: cost=2.7 total_T=30.472(init 26.098) max_drift=0.199 max_vel=0.4 segs=29
[trajectory_generator_node-6] [Smooth Resample] resample
[trajectory_generator_node-6] [Smooth Resample] 30 -> 16 waypoints, 15 time segs, max_turn=154.9 deg
[trajectory_generator_node-6] [Reference] path size : 16
[trajectory_generator_node-6] [Reference] solvePolyMatrix ENTER: N=15, path_size=16, trap_time_size=15
[trajectory_generator_node-6] [Reference]   path[0]=(-4.4010,-0.9300) path[1]=(-4.7686,-1.4036) t[0]=2.973694 state_vel=(-0.2324,0.2197)
[trajectory_generator_node-6] [Reference] banded solve done. b[0]=0.171239 b[N]=0.375682 b2[0]=-0.379324 b2[N]=0.140653
[trajectory_generator_node-6] [Reference] solvePolyMatrix EXIT: polyX[0]=[-0.016495 0.085620 -0.232360 -4.400969]
[trajectory_generator_node-6] [Reference] solvePolyMatrix ENTER: N=15, path_size=16, trap_time_size=15
[trajectory_generator_node-6] [Reference]   path[0]=(-4.4010,-0.9300) path[1]=(-4.7686,-1.4036) t[0]=3.271063 state_vel=(-0.2324,0.2197)
[trajectory_generator_node-6] [Reference] banded solve done. b[0]=0.164534 b[N]=0.310469 b2[0]=-0.335037 b2[N]=0.116230
[trajectory_generator_node-6] [Reference] solvePolyMatrix EXIT: polyX[0]=[-0.013937 0.082267 -0.232360 -4.400969]
[trajectory_generator_node-6] [Reference] solvePolyMatrix ENTER: N=15, path_size=16, trap_time_size=15
[trajectory_generator_node-6] [Reference]   path[0]=(-4.4010,-0.9300) path[1]=(-4.7686,-1.4036) t[0]=3.598169 state_vel=(-0.2324,0.2197)
[trajectory_generator_node-6] [Reference] banded solve done. b[0]=0.156907 b[N]=0.300794 b2[0]=-0.296467 b2[N]=0.121937
[trajectory_generator_node-6] [Reference] solvePolyMatrix EXIT: polyX[0]=[-0.011747 0.078453 -0.232360 -4.400969]
[trajectory_generator_node-6] [Reference] solvePolyMatrix ENTER: N=15, path_size=16, trap_time_size=15
[trajectory_generator_node-6] [Reference]   path[0]=(-4.4010,-0.9300) path[1]=(-4.7686,-1.4036) t[0]=3.598169 state_vel=(-0.2324,0.2197)
[trajectory_generator_node-6] [Reference] banded solve done. b[0]=0.156907 b[N]=0.302386 b2[0]=-0.296467 b2[N]=0.123880
[trajectory_generator_node-6] [Reference] solvePolyMatrix EXIT: polyX[0]=[-0.011748 0.078453 -0.232360 -4.400969]
[trajectory_generator_node-6] [INFO] [1790446848.484568106] [trajectory_generation]: FSM published 15 trajectory pieces
[trajectory_tracking_node-8] [WARN] [1790446853.515598389] [trajectory_tracking]: RM_GridMap predicted-path replan requested: collision_samples=0 trajectory_age=5.02
[trajectory_generator_node-6] [Manager REPLAN]  cur position point (X, Y) = (-4.974121, -1.768775), target point (X, Y) = (-2.719000, 1.946000)
[trajectory_generator_node-6] [Manager REPLAN] target_temp (X, Y) = (-2.719000, 1.946000)
[trajectory_generator_node-6] [Manager REPLAN] path safe & target unchanged, re-anchoring from cur pos
[trajectory_generator_node-6] [LBFGS] search direction d:  -0.00015063  0.000164358  -0.00045282  -0.00126255 -0.000865504 -0.000390085 -0.000576043  0.000378589 -0.000234599  0.000102385  4.87938e-05 -0.000284749  0.000387425 -0.000434051  0.000237986 -0.000886327 -0.000439587  0.000750185   0.00284962   0.00176859  -0.00294313   0.00390974   0.00230371 -0.000813162 -0.000102134 -3.29242e-05 -0.000508152  0.000152833 -0.000230621  -0.00241227  0.000351286 -0.000630311  0.000522172 -0.000314855  6.67876e-05   0.00053689  0.000317167   0.00197106  -0.00033241  -0.00128439  0.000799763   0.00037776  -0.00023011   0.00249169  -0.00158122  0.000895369    0.0158026  -0.00187409  0.000236322   0.00200148  0.000321351    0.0204384  -0.00044653   0.00155932  2.19953e-05  0.000587914 -0.000151421  5.18693e-05  4.55014e-05 -0.000186354  0.000755535  -0.00148603   0.00555305  0.000938366    0.0058428  0.000927255   0.00621149   0.00889243   0.00440565    0.0659842
[trajectory_generator_node-6] [Smooth Optimize] MINCO reaches max evaluations: Line search reaches the maximum try number, assumptions not satisfied or precision not achievable.
[trajectory_generator_node-6] [Smooth Optimize] MINCO: cost=2.8 total_T=27.457(init 21.470) max_drift=0.235 max_vel=0.4 segs=24
[trajectory_generator_node-6] [Smooth Resample] resample
[trajectory_generator_node-6] [Smooth Resample] 25 -> 13 waypoints, 12 time segs, max_turn=156.1 deg
[trajectory_generator_node-6] [Reference] path size : 13
[trajectory_generator_node-6] [Reference] solvePolyMatrix ENTER: N=12, path_size=13, trap_time_size=12
[trajectory_generator_node-6] [Reference]   path[0]=(-4.9741,-1.7688) path[1]=(-4.8746,-1.1800) t[0]=2.868317 state_vel=(-0.1579,-0.1910)
[trajectory_generator_node-6] [Reference] banded solve done. b[0]=0.220032 b[N]=0.275319 b2[0]=0.468682 b2[N]=0.150866
[trajectory_generator_node-6] [Reference] solvePolyMatrix EXIT: polyX[0]=[-0.014946 0.110016 -0.157892 -4.974121]
[trajectory_generator_node-6] [Reference] solvePolyMatrix ENTER: N=12, path_size=13, trap_time_size=12
[trajectory_generator_node-6] [Reference]   path[0]=(-4.9741,-1.7688) path[1]=(-4.8746,-1.1800) t[0]=3.155149 state_vel=(-0.1579,-0.1910)
[trajectory_generator_node-6] [Reference] banded solve done. b[0]=0.197644 b[N]=0.261474 b2[0]=0.408969 b2[N]=0.145932
[trajectory_generator_node-6] [Reference] solvePolyMatrix EXIT: polyX[0]=[-0.012291 0.098822 -0.157892 -4.974121]
[trajectory_generator_node-6] [Reference] solvePolyMatrix ENTER: N=12, path_size=13, trap_time_size=12
[trajectory_generator_node-6] [Reference]   path[0]=(-4.9741,-1.7688) path[1]=(-4.8746,-1.1800) t[0]=3.470663 state_vel=(-0.1579,-0.1910)
[trajectory_generator_node-6] [Reference] banded solve done. b[0]=0.177727 b[N]=0.261474 b2[0]=0.357837 b2[N]=0.145932
[trajectory_generator_node-6] [Reference] solvePolyMatrix EXIT: polyX[0]=[-0.010115 0.088864 -0.157892 -4.974121]
[trajectory_generator_node-6] [Reference] solvePolyMatrix ENTER: N=12, path_size=13, trap_time_size=12
[trajectory_generator_node-6] [Reference]   path[0]=(-4.9741,-1.7688) path[1]=(-4.8746,-1.1800) t[0]=3.817730 state_vel=(-0.1579,-0.1910)
[trajectory_generator_node-6] [Reference] banded solve done. b[0]=0.159981 b[N]=0.261474 b2[0]=0.313938 b2[N]=0.145932
[trajectory_generator_node-6] [Reference] solvePolyMatrix EXIT: polyX[0]=[-0.008331 0.079990 -0.157892 -4.974121]
[trajectory_generator_node-6] [Reference] solvePolyMatrix ENTER: N=12, path_size=13, trap_time_size=12
[trajectory_generator_node-6] [Reference]   path[0]=(-4.9741,-1.7688) path[1]=(-4.8746,-1.1800) t[0]=4.199503 state_vel=(-0.1579,-0.1910)
[trajectory_generator_node-6] [Reference] banded solve done. b[0]=0.144142 b[N]=0.261474 b2[0]=0.276144 b2[N]=0.145932
[trajectory_generator_node-6] [Reference] solvePolyMatrix EXIT: polyX[0]=[-0.006865 0.072071 -0.157892 -4.974121]
[trajectory_generator_node-6] [INFO] [1790446853.547357394] [trajectory_generation]: FSM published 12 trajectory pieces
[trajectory_tracking_node-8] [WARN] [1790446858.560460100] [trajectory_tracking]: RM_GridMap predicted-path replan requested: collision_samples=0 trajectory_age=5.01
[trajectory_generator_node-6] [Manager REPLAN]  cur position point (X, Y) = (-4.825232, -1.049982), target point (X, Y) = (-2.719000, 1.946000)
[trajectory_generator_node-6] [Manager REPLAN] target_temp (X, Y) = (-2.719000, 1.946000)
[trajectory_generator_node-6] [Manager REPLAN] path safe & target unchanged, re-anchoring from cur pos
[trajectory_generator_node-6] [LBFGS] search direction d:  0.000444105  2.33641e-05 -0.000421402 -0.000728041   0.00336219 -0.000393005  3.03852e-05  0.000170669  -0.00017011 -0.000243883  0.000468467  -1.5478e-05  0.000815482   -0.0015638   0.00148457  9.43748e-05  -0.00232747   0.00508159  -0.00828472 -0.000360326    0.0108878 -0.000441795   6.3012e-05  -0.00310687   0.00294755  -0.00242301   0.00101655 -0.000312994  1.61335e-06  0.000457675 -0.000628959 -0.000313104  0.000406264  -0.00148672   0.00150394  0.000704773 -0.000610673  0.000274032 -0.000614054  0.000685385    0.0653042  -0.00585391    0.0739327   0.00546922    0.0131994  -0.00405205   0.00232688  -0.00056495  0.000147182 -5.47874e-05  0.000103632 -0.000411818   0.00183207  -0.00429404    0.0128189    0.0125879    0.0109109    0.0121625   -0.0112204    0.0257568    0.0931629
[trajectory_generator_node-6] [Smooth Optimize] MINCO reaches max evaluations: Line search reaches the maximum try number, assumptions not satisfied or precision not achievable.
[trajectory_generator_node-6] [Smooth Optimize] MINCO: cost=2.8 total_T=23.696(init 20.595) max_drift=0.280 max_vel=0.4 segs=21
[trajectory_generator_node-6] [Smooth Resample] resample
[trajectory_generator_node-6] [Smooth Resample] 22 -> 12 waypoints, 11 time segs, max_turn=141.5 deg
[trajectory_generator_node-6] [Reference] path size : 12
[trajectory_generator_node-6] [Reference] solvePolyMatrix ENTER: N=11, path_size=12, trap_time_size=11
[trajectory_generator_node-6] [Reference]   path[0]=(-4.8252,-1.0500) path[1]=(-4.6953,-0.5593) t[0]=2.666530 state_vel=(0.0658,0.1729)
[trajectory_generator_node-6] [Reference] banded solve done. b[0]=0.001379 b[N]=0.605602 b2[0]=-0.000043 b2[N]=0.146475
[trajectory_generator_node-6] [Reference] solvePolyMatrix EXIT: polyX[0]=[-0.002655 0.000689 0.065771 -4.825232]
[trajectory_generator_node-6] [Reference] solvePolyMatrix ENTER: N=11, path_size=12, trap_time_size=11
[trajectory_generator_node-6] [Reference]   path[0]=(-4.8252,-1.0500) path[1]=(-4.6953,-0.5593) t[0]=2.666530 state_vel=(0.0658,0.1729)
[trajectory_generator_node-6] [Reference] banded solve done. b[0]=0.001379 b[N]=0.500483 b2[0]=-0.000043 b2[N]=0.120703
[trajectory_generator_node-6] [Reference] solvePolyMatrix EXIT: polyX[0]=[-0.002655 0.000690 0.065771 -4.825232]
[trajectory_generator_node-6] [Reference] solvePolyMatrix ENTER: N=11, path_size=12, trap_time_size=11
[trajectory_generator_node-6] [Reference]   path[0]=(-4.8252,-1.0500) path[1]=(-4.6953,-0.5593) t[0]=2.666530 state_vel=(0.0658,0.1729)
[trajectory_generator_node-6] [Reference] banded solve done. b[0]=0.001380 b[N]=0.413594 b2[0]=-0.000043 b2[N]=0.099422
[trajectory_generator_node-6] [Reference] solvePolyMatrix EXIT: polyX[0]=[-0.002655 0.000690 0.065771 -4.825232]
[trajectory_generator_node-6] [Reference] solvePolyMatrix ENTER: N=11, path_size=12, trap_time_size=11
[trajectory_generator_node-6] [Reference]   path[0]=(-4.8252,-1.0500) path[1]=(-4.6953,-0.5593) t[0]=2.666530 state_vel=(0.0658,0.1729)
[trajectory_generator_node-6] [Reference] banded solve done. b[0]=0.001380 b[N]=0.341776 b2[0]=-0.000043 b2[N]=0.081852
[trajectory_generator_node-6] [Reference] solvePolyMatrix EXIT: polyX[0]=[-0.002655 0.000690 0.065771 -4.825232]
[trajectory_generator_node-6] [Reference] solvePolyMatrix ENTER: N=11, path_size=12, trap_time_size=11
[trajectory_generator_node-6] [Reference]   path[0]=(-4.8252,-1.0500) path[1]=(-4.6953,-0.5593) t[0]=2.666530 state_vel=(0.0658,0.1729)
[trajectory_generator_node-6] [Reference] banded solve done. b[0]=0.001380 b[N]=0.283324 b2[0]=-0.000043 b2[N]=0.067541
[trajectory_generator_node-6] [Reference] solvePolyMatrix EXIT: polyX[0]=[-0.002655 0.000690 0.065771 -4.825232]
[trajectory_generator_node-6] [INFO] [1790446858.588335238] [trajectory_generation]: FSM published 11 trajectory pieces
[trajectory_tracking_node-8] [WARN] [1790446863.612412720] [trajectory_tracking]: RM_GridMap predicted-path replan requested: collision_samples=0 trajectory_age=5.02
[trajectory_generator_node-6] [Manager REPLAN]  cur position point (X, Y) = (-4.722756, -0.010795), target point (X, Y) = (-2.719000, 1.946000)
[trajectory_generator_node-6] [Manager REPLAN] target_temp (X, Y) = (-2.719000, 1.946000)
[trajectory_generator_node-6] [Manager REPLAN] path safe & target unchanged, re-anchoring from cur pos
[trajectory_generator_node-6] [LBFGS] search direction d:   0.00239638    0.0018985   0.00471468   0.00088716   0.00133874  -0.00355722  0.000182042  -0.00060514  6.16631e-05 -7.89041e-05  0.000240369 -0.000551277 -0.000438457  0.000223336  -0.00057282  0.000502742   0.00217947   0.00304261   0.00565266  7.67704e-05 -0.000165543  -0.00257788 -0.000667481  -0.00117256   -0.0011272  0.000573028 -0.000506707  0.000150025 -0.000929352  0.000226834 -0.000596837 -0.000526189   0.00217757 -0.000633487  0.000547417 -0.000883602   0.00254279  -0.00113852   0.00330155  -0.00192335   0.00257819  -0.00265034   0.00841446    0.0068406   0.00812569   0.00718111  -0.00591953    0.0109923    0.0350033
[trajectory_generator_node-6] [Smooth Optimize] MINCO reaches max evaluations: Line search reaches the maximum try number, assumptions not satisfied or precision not achievable.
[trajectory_generator_node-6] [Smooth Optimize] MINCO: cost=4.2 total_T=16.992(init 16.418) max_drift=0.168 max_vel=0.4 segs=17
[trajectory_generator_node-6] [Smooth Resample] resample
[trajectory_generator_node-6] [Smooth Resample] 18 -> 10 waypoints, 9 time segs, max_turn=144.1 deg
[trajectory_generator_node-6] [Reference] path size : 10
[trajectory_generator_node-6] [Reference] solvePolyMatrix ENTER: N=9, path_size=10, trap_time_size=9
[trajectory_generator_node-6] [Reference]   path[0]=(-4.7228,-0.0108) path[1]=(-4.4545,0.5672) t[0]=2.009290 state_vel=(-0.0115,0.2992)
[trajectory_generator_node-6] [Reference] banded solve done. b[0]=0.222100 b[N]=0.831837 b2[0]=-0.000663 b2[N]=0.248190
[trajectory_generator_node-6] [Reference] solvePolyMatrix EXIT: polyX[0]=[-0.019364 0.111050 -0.011465 -4.722756]
[trajectory_generator_node-6] [Reference] solvePolyMatrix ENTER: N=9, path_size=10, trap_time_size=9
[trajectory_generator_node-6] [Reference]   path[0]=(-4.7228,-0.0108) path[1]=(-4.4545,0.5672) t[0]=2.009290 state_vel=(-0.0115,0.2992)
[trajectory_generator_node-6] [Reference] banded solve done. b[0]=0.222101 b[N]=0.687213 b2[0]=-0.000670 b2[N]=0.204914
[trajectory_generator_node-6] [Reference] solvePolyMatrix EXIT: polyX[0]=[-0.019364 0.111050 -0.011465 -4.722756]
[trajectory_generator_node-6] [Reference] solvePolyMatrix ENTER: N=9, path_size=10, trap_time_size=9
[trajectory_generator_node-6] [Reference]   path[0]=(-4.7228,-0.0108) path[1]=(-4.4545,0.5672) t[0]=2.009290 state_vel=(-0.0115,0.2992)
[trajectory_generator_node-6] [Reference] banded solve done. b[0]=0.222099 b[N]=0.567700 b2[0]=-0.000678 b2[N]=0.169160
[trajectory_generator_node-6] [Reference] solvePolyMatrix EXIT: polyX[0]=[-0.019364 0.111049 -0.011465 -4.722756]
[trajectory_generator_node-6] [Reference] solvePolyMatrix ENTER: N=9, path_size=10, trap_time_size=9
[trajectory_generator_node-6] [Reference]   path[0]=(-4.7228,-0.0108) path[1]=(-4.4545,0.5672) t[0]=2.009290 state_vel=(-0.0115,0.2992)
[trajectory_generator_node-6] [Reference] banded solve done. b[0]=0.222107 b[N]=0.469208 b2[0]=-0.000673 b2[N]=0.139750
[trajectory_generator_node-6] [Reference] solvePolyMatrix EXIT: polyX[0]=[-0.019366 0.111054 -0.011465 -4.722756]
[trajectory_generator_node-6] [Reference] solvePolyMatrix ENTER: N=9, path_size=10, trap_time_size=9
[trajectory_generator_node-6] [Reference]   path[0]=(-4.7228,-0.0108) path[1]=(-4.4545,0.5672) t[0]=2.009290 state_vel=(-0.0115,0.2992)
[trajectory_generator_node-6] [Reference] banded solve done. b[0]=0.222115 b[N]=0.387792 b2[0]=-0.000670 b2[N]=0.115438
[trajectory_generator_node-6] [Reference] solvePolyMatrix EXIT: polyX[0]=[-0.019368 0.111057 -0.011465 -4.722756]
[trajectory_generator_node-6] [Reference] solvePolyMatrix ENTER: N=9, path_size=10, trap_time_size=9
[trajectory_generator_node-6] [Reference]   path[0]=(-4.7228,-0.0108) path[1]=(-4.4545,0.5672) t[0]=2.009290 state_vel=(-0.0115,0.2992)
[trajectory_generator_node-6] [Reference] banded solve done. b[0]=0.222121 b[N]=0.320491 b2[0]=-0.000666 b2[N]=0.095342
[trajectory_generator_node-6] [Reference] solvePolyMatrix EXIT: polyX[0]=[-0.019369 0.111060 -0.011465 -4.722756]
[trajectory_generator_node-6] [INFO] [1790446863.626904182] [trajectory_generation]: FSM published 9 trajectory pieces
[trajectory_tracking_node-8] [WARN] [1790446868.653363088] [trajectory_tracking]: RM_GridMap predicted-path replan requested: collision_samples=0 trajectory_age=5.01
[trajectory_generator_node-6] [Manager REPLAN]  cur position point (X, Y) = (-3.918691, 1.274878), target point (X, Y) = (-2.719000, 1.946000)
[trajectory_generator_node-6] [Manager REPLAN] target_temp (X, Y) = (-2.719000, 1.946000)
[trajectory_generator_node-6] [Manager REPLAN] robot 1.25m from path, full replan
[trajectory_generator_node-6] [Manager] start point, (x, y): (-3.92, 1.27)
[trajectory_generator_node-6] [Manager] receive target, (x, y): (-2.72, 1.95)
[trajectory_generator_node-6] [Topo]: m_graph before num: 1605
[trajectory_generator_node-6] [Topo]: dijkstra time: 0.030446
[trajectory_generator_node-6] [Topo]: topo search time: 0.107470
[trajectory_generator_node-6] [Topo]: m_graph num: 2587
[trajectory_generator_node-6] [DIAG] origin_path (Dijkstra) size: 3
[trajectory_generator_node-6] [DIAG]   origin[0]: (-3.919, 1.275, 0.015)
[trajectory_generator_node-6] [DIAG]   origin[1]: (-3.212, 1.982, 0.015)
[trajectory_generator_node-6] [DIAG]   origin[2]: (-2.719, 1.946, 0.015)
[trajectory_generator_node-6] [DIAG] lineVisib(start→end DIRECT): false  colli=(-3.32,1.60)
[trajectory_generator_node-6] [DIAG] direct line: 27 steps, 8 wall cells
[trajectory_generator_node-6] [smoothTopoPath] INPUT size=3
[trajectory_generator_node-6] [smoothTopoPath]   in[0]: (-3.919, 1.275, 0.015)
[trajectory_generator_node-6] [smoothTopoPath]   in[1]: (-3.212, 1.982, 0.015)
[trajectory_generator_node-6] [smoothTopoPath]   in[2]: (-2.719, 1.946, 0.015)
[trajectory_generator_node-6] [smoothTopoPath] lineVisib(start→end): false  colli=(-3.32,1.60)
[trajectory_generator_node-6] [smoothTopoPath] stuck detected, skipping to topo[2]
[trajectory_generator_node-6] [smoothTopoPath] OUTPUT size=11, iter_count=10
[trajectory_generator_node-6] [smoothTopoPath]   out[0]: (-3.919, 1.275, 0.015)
[trajectory_generator_node-6] [smoothTopoPath]   out[1]: (-3.138, 2.207, 0.015)
[trajectory_generator_node-6] [smoothTopoPath]   out[2]: (-3.134, 1.758, 0.015)
[trajectory_generator_node-6] [smoothTopoPath]   out[3]: (-2.864, 2.016, 0.015)
[trajectory_generator_node-6] [smoothTopoPath]   out[4]: (-3.139, 2.157, 0.015)
[trajectory_generator_node-6] [smoothTopoPath]   out[5]: (-3.109, 1.734, 0.015)
[trajectory_generator_node-6] [smoothTopoPath]   out[6]: (-2.868, 2.041, 0.015)
[trajectory_generator_node-6] [smoothTopoPath]   out[7]: (-3.176, 2.103, 0.015)
[trajectory_generator_node-6] [smoothTopoPath]   out[8]: (-2.817, 2.136, 0.015)
[trajectory_generator_node-6] [smoothTopoPath]   out[9]: (-2.719, 1.946, 0.015)
[trajectory_generator_node-6] [smoothTopoPath]   out[10]: (-2.719, 1.946, 0.015)
[trajectory_generator_node-6] [DIAG] optimized_path (smoothTopoPath) size: 11
[trajectory_generator_node-6] [DIAG]   opt[0]: (-3.919, 1.275, 0.015)
[trajectory_generator_node-6] [DIAG]   opt[1]: (-3.138, 2.207, 0.015)
[trajectory_generator_node-6] [DIAG]   opt[2]: (-3.134, 1.758, 0.015)
[trajectory_generator_node-6] [DIAG]   opt[3]: (-2.864, 2.016, 0.015)
[trajectory_generator_node-6] [DIAG]   opt[4]: (-3.139, 2.157, 0.015)
[trajectory_generator_node-6] [DIAG]   opt[5]: (-3.109, 1.734, 0.015)
[trajectory_generator_node-6] [DIAG]   opt[6]: (-2.868, 2.041, 0.015)
[trajectory_generator_node-6] [DIAG]   opt[7]: (-3.176, 2.103, 0.015)
[trajectory_generator_node-6] [DIAG]   opt[8]: (-2.817, 2.136, 0.015)
[trajectory_generator_node-6] [DIAG]   opt[9]: (-2.719, 1.946, 0.015)
[trajectory_generator_node-6] [DIAG]   opt[10]: (-2.719, 1.946, 0.015)
[trajectory_generator_node-6] optimized_path size: 11
[trajectory_generator_node-6] [Manager] reference_speed: (0.30)
[trajectory_generator_node-6] [LBFGS] search direction d:  -0.00188286  0.000672901  0.000748691  9.35805e-05  0.000637681 -0.000940986 -0.000461046  4.89219e-05  -0.00224666    0.0022444  0.000376481  -0.00175904  0.000734708   0.00101751  -0.00047709  -0.00116407  0.000432357  -0.00207699 -0.000828423 -4.19618e-05  0.000646811 -0.000454133   0.00125168 -0.000990339 -0.000103435 -6.57659e-05   0.00160534   0.00118025  -0.00261088    0.0104315    0.0109905   0.00370203    0.0111161    0.0112477     0.012141    0.0148953  -0.00217948  0.000725198    0.0305812     0.171482
[trajectory_generator_node-6] [Smooth Optimize] MINCO reaches max evaluations: Line search reaches the maximum try number, assumptions not satisfied or precision not achievable.
[trajectory_generator_node-6] [Smooth Optimize] MINCO: cost=2.8 total_T=14.702(init 10.568) max_drift=0.181 max_vel=0.4 segs=14
[trajectory_generator_node-6] [Smooth Resample] resample
[trajectory_generator_node-6] [Smooth Resample] 15 -> 8 waypoints, 7 time segs, max_turn=166.9 deg
[trajectory_generator_node-6] [Manager] optimizer generate time: 0.001898
[trajectory_generator_node-6] [Reference] path size : 8
[trajectory_generator_node-6] [Reference] solvePolyMatrix ENTER: N=7, path_size=8, trap_time_size=7
[trajectory_generator_node-6] [Reference]   path[0]=(-3.9187,1.2749) path[1]=(-3.5516,1.7474) t[0]=2.066944 state_vel=(0.1854,0.1979)
[trajectory_generator_node-6] [Reference] banded solve done. b[0]=-0.032671 b[N]=-0.127084 b2[0]=0.015011 b2[N]=0.138852
[trajectory_generator_node-6] [Reference] solvePolyMatrix EXIT: polyX[0]=[0.006083 -0.016335 0.185393 -3.918691]
[trajectory_generator_node-6] [INFO] [1790446868.777358782] [trajectory_generation]: FSM published 7 trajectory pieces
[trajectory_tracking_node-8] [WARN] [1790446873.806217400] [trajectory_tracking]: RM_GridMap predicted-path replan requested: collision_samples=0 trajectory_age=5.02
[trajectory_generator_node-6] [Manager REPLAN]  cur position point (X, Y) = (-3.091864, 2.209829), target point (X, Y) = (-2.719000, 1.946000)
[trajectory_generator_node-6] [Manager REPLAN] target_temp (X, Y) = (-2.719000, 1.946000)
[trajectory_generator_node-6] [Manager REPLAN] path safe & target unchanged, re-anchoring from cur pos
[trajectory_generator_node-6] [LBFGS] search direction d:  -0.00637075  -0.00280476  -0.00150458   0.00122522   0.00142393   -0.0043748  -0.00312911    -0.004802 -0.000187375 -0.000742649  -0.00238135   0.00016052   0.00077506  -0.00179742  -0.00130104 -0.000987759    0.0114869   0.00188587   0.00558544   0.00511006    0.0052021   0.00517276   0.00320457   0.00109721    0.0178112
[trajectory_generator_node-6] [Smooth Optimize] MINCO reaches max evaluations: Line search reaches the maximum try number, assumptions not satisfied or precision not achievable.
[trajectory_generator_node-6] [Smooth Optimize] MINCO: cost=2.8 total_T=7.308(init 6.342) max_drift=0.180 max_vel=0.4 segs=9
[trajectory_generator_node-6] [Smooth Resample] resample
[trajectory_generator_node-6] [Smooth Resample] 10 -> 6 waypoints, 5 time segs, max_turn=153.0 deg
[trajectory_generator_node-6] [Reference] path size : 6
[trajectory_generator_node-6] [Reference] solvePolyMatrix ENTER: N=5, path_size=6, trap_time_size=5
[trajectory_generator_node-6] [Reference]   path[0]=(-3.0919,2.2098) path[1]=(-3.0921,2.0205) t[0]=1.548847 state_vel=(0.0553,-0.1131)
[trajectory_generator_node-6] [Reference] banded solve done. b[0]=-0.083372 b[N]=-0.559930 b2[0]=-0.156590 b2[N]=0.446187
[trajectory_generator_node-6] [Reference] solvePolyMatrix EXIT: polyX[0]=[0.003822 -0.041686 0.055263 -3.091864]
[trajectory_generator_node-6] [Reference] solvePolyMatrix ENTER: N=5, path_size=6, trap_time_size=5
[trajectory_generator_node-6] [Reference]   path[0]=(-3.0919,2.2098) path[1]=(-3.0921,2.0205) t[0]=1.548847 state_vel=(0.0553,-0.1131)
[trajectory_generator_node-6] [Reference] banded solve done. b[0]=-0.088097 b[N]=-0.462742 b2[0]=-0.144162 b2[N]=0.368942
[trajectory_generator_node-6] [Reference] solvePolyMatrix EXIT: polyX[0]=[0.005347 -0.044049 0.055263 -3.091864]
[trajectory_generator_node-6] [Reference] solvePolyMatrix ENTER: N=5, path_size=6, trap_time_size=5
[trajectory_generator_node-6] [Reference]   path[0]=(-3.0919,2.2098) path[1]=(-3.0921,2.0205) t[0]=1.548847 state_vel=(0.0553,-0.1131)
[trajectory_generator_node-6] [Reference] banded solve done. b[0]=-0.089945 b[N]=-0.382659 b2[0]=-0.141372 b2[N]=0.305452
[trajectory_generator_node-6] [Reference] solvePolyMatrix EXIT: polyX[0]=[0.005944 -0.044973 0.055263 -3.091864]
[trajectory_generator_node-6] [Reference] solvePolyMatrix ENTER: N=5, path_size=6, trap_time_size=5
[trajectory_generator_node-6] [Reference]   path[0]=(-3.0919,2.2098) path[1]=(-3.0921,2.0205) t[0]=1.548847 state_vel=(0.0553,-0.1131)
[trajectory_generator_node-6] [Reference] banded solve done. b[0]=-0.091591 b[N]=-0.316449 b2[0]=-0.138839 b2[N]=0.252932
[trajectory_generator_node-6] [Reference] solvePolyMatrix EXIT: polyX[0]=[0.006475 -0.045796 0.055263 -3.091864]
[trajectory_generator_node-6] [Reference] solvePolyMatrix ENTER: N=5, path_size=6, trap_time_size=5
[trajectory_generator_node-6] [Reference]   path[0]=(-3.0919,2.2098) path[1]=(-3.0921,2.0205) t[0]=1.548847 state_vel=(0.0553,-0.1131)
[trajectory_generator_node-6] [Reference] banded solve done. b[0]=-0.093056 b[N]=-0.261707 b2[0]=-0.136539 b2[N]=0.209482
[trajectory_generator_node-6] [Reference] solvePolyMatrix EXIT: polyX[0]=[0.006948 -0.046528 0.055263 -3.091864]
[trajectory_generator_node-6] [INFO] [1790446873.825286738] [trajectory_generation]: FSM published 5 trajectory pieces
[trajectory_tracking_node-8] [WARN] [1790446878.850581738] [trajectory_tracking]: RM_GridMap predicted-path replan requested: collision_samples=0 trajectory_age=5.02
[trajectory_generator_node-6] [Manager REPLAN]  cur position point (X, Y) = (-3.095899, 2.111643), target point (X, Y) = (-2.719000, 1.946000)
[trajectory_generator_node-6] [Manager REPLAN] target_temp (X, Y) = (-2.719000, 1.946000)
[trajectory_generator_node-6] [Manager REPLAN] path safe & target unchanged, re-anchoring from cur pos
[trajectory_generator_node-6] [LBFGS] search direction d:  -0.00115723   0.00138557   0.00265333   0.00405546  -0.00924324 -0.000547409  6.60559e-05   0.00068365   0.00336203   0.00113302     0.131221    0.0770205    0.0180552    0.0152076      0.14563     0.823407
[trajectory_generator_node-6] [Smooth Optimize] MINCO reaches max evaluations: Line search reaches the maximum try number, assumptions not satisfied or precision not achievable.
[trajectory_generator_node-6] [Smooth Optimize] MINCO: cost=1.5 total_T=7.605(init 3.766) max_drift=0.172 max_vel=0.6 segs=6
[trajectory_generator_node-6] [Smooth Resample] resample
[trajectory_generator_node-6] [Smooth Resample] 7 -> 4 waypoints, 3 time segs, max_turn=154.2 deg
[trajectory_generator_node-6] [Reference] path size : 4
[trajectory_generator_node-6] [Reference] solvePolyMatrix ENTER: N=3, path_size=4, trap_time_size=3
[trajectory_generator_node-6] [Reference]   path[0]=(-3.0959,2.1116) path[1]=(-3.0638,2.0423) t[0]=2.758414 state_vel=(0.0387,-0.0427)
[trajectory_generator_node-6] [Reference] banded solve done. b[0]=-0.024083 b[N]=-0.114385 b2[0]=-0.062436 b2[N]=0.120817
[trajectory_generator_node-6] [Reference] solvePolyMatrix EXIT: polyX[0]=[0.000813 -0.012042 0.038667 -3.095899]
[trajectory_generator_node-6] [INFO] [1790446878.864352312] [trajectory_generation]: FSM published 3 trajectory pieces
[trajectory_tracking_node-8] [WARN] [1790446883.887958832] [trajectory_tracking]: RM_GridMap predicted-path replan requested: collision_samples=0 trajectory_age=5.02
[trajectory_generator_node-6] [Manager REPLAN]  cur position point (X, Y) = (-3.085702, 2.055506), target point (X, Y) = (-2.719000, 1.946000)
[trajectory_generator_node-6] [Manager REPLAN] target_temp (X, Y) = (-2.719000, 1.946000)
[trajectory_generator_node-6] [Manager REPLAN] path safe & target unchanged, re-anchoring from cur pos
[trajectory_generator_node-6] [LBFGS] search direction d: -0.00211506   0.0156309 -0.00769011  0.00584316 -0.00184527  0.00335925 -0.00240855  0.00197191    0.700768    0.530617    0.042826   0.0622564     1.23252
[trajectory_generator_node-6] [Smooth Optimize] MINCO reaches max evaluations: Line search reaches the maximum try number, assumptions not satisfied or precision not achievable.
[trajectory_generator_node-6] [Smooth Optimize] MINCO: cost=1.4 total_T=6.884(init 3.749) max_drift=0.196 max_vel=0.5 segs=5
[trajectory_generator_node-6] [Smooth Resample] resample
[trajectory_generator_node-6] [Smooth Resample] 6 -> 4 waypoints, 3 time segs, max_turn=163.2 deg
[trajectory_generator_node-6] [Reference] path size : 4
[trajectory_generator_node-6] [Reference] solvePolyMatrix ENTER: N=3, path_size=4, trap_time_size=3
[trajectory_generator_node-6] [Reference]   path[0]=(-3.0857,2.0555) path[1]=(-2.9751,2.0949) t[0]=4.000000 state_vel=(-0.0002,0.0009)
[trajectory_generator_node-6] [Reference] banded solve done. b[0]=0.078877 b[N]=-0.415095 b2[0]=-0.030031 b2[N]=0.302152
[trajectory_generator_node-6] [Reference] solvePolyMatrix EXIT: polyX[0]=[-0.008122 0.039438 -0.000157 -3.085702]
[trajectory_generator_node-6] [Reference] solvePolyMatrix ENTER: N=3, path_size=4, trap_time_size=3
[trajectory_generator_node-6] [Reference]   path[0]=(-3.0857,2.0555) path[1]=(-2.9751,2.0949) t[0]=4.400000 state_vel=(-0.0002,0.0009)
[trajectory_generator_node-6] [Reference] banded solve done. b[0]=0.065200 b[N]=-0.343054 b2[0]=-0.024887 b2[N]=0.249715
[trajectory_generator_node-6] [Reference] solvePolyMatrix EXIT: polyX[0]=[-0.006103 0.032600 -0.000157 -3.085702]
[trajectory_generator_node-6] [Reference] solvePolyMatrix ENTER: N=3, path_size=4, trap_time_size=3
[trajectory_generator_node-6] [Reference]   path[0]=(-3.0857,2.0555) path[1]=(-2.9751,2.0949) t[0]=4.840000 state_vel=(-0.0002,0.0009)
[trajectory_generator_node-6] [Reference] banded solve done. b[0]=0.053895 b[N]=-0.283516 b2[0]=-0.020630 b2[N]=0.206379
[trajectory_generator_node-6] [Reference] solvePolyMatrix EXIT: polyX[0]=[-0.004586 0.026948 -0.000157 -3.085702]
[trajectory_generator_node-6] [Reference] solvePolyMatrix ENTER: N=3, path_size=4, trap_time_size=3
[trajectory_generator_node-6] [Reference]   path[0]=(-3.0857,2.0555) path[1]=(-2.9751,2.0949) t[0]=4.840000 state_vel=(-0.0002,0.0009)
[trajectory_generator_node-6] [Reference] banded solve done. b[0]=0.050544 b[N]=-0.234965 b2[0]=-0.017531 b2[N]=0.170795
[trajectory_generator_node-6] [Reference] solvePolyMatrix EXIT: polyX[0]=[-0.004240 0.025272 -0.000157 -3.085702]
[trajectory_generator_node-6] [INFO] [1790446883.903317082] [trajectory_generation]: FSM published 3 trajectory pieces
[trajectory_tracking_node-8] [WARN] [1790446888.948891482] [trajectory_tracking]: RM_GridMap predicted-path replan requested: collision_samples=0 trajectory_age=5.02
[trajectory_generator_node-6] [Manager REPLAN]  cur position point (X, Y) = (-2.976977, 2.089762), target point (X, Y) = (-2.719000, 1.946000)
[trajectory_generator_node-6] [Manager REPLAN] target_temp (X, Y) = (-2.719000, 1.946000)
[trajectory_generator_node-6] [Manager REPLAN] path safe & target unchanged, re-anchoring from cur pos
[trajectory_generator_node-6] [LBFGS] search direction d:   0.00481633  0.000351754  -0.00157668  -0.00078391   0.00339599   0.00297275 -3.82395e-05 -0.000826926 -4.72797e-05  0.000907348  0.000800668  0.000467536  0.000191267   0.00012535  0.000559573   0.00410466
[trajectory_generator_node-6] [Smooth Optimize] MINCO reaches max evaluations: Line search reaches the maximum try number, assumptions not satisfied or precision not achievable.
[trajectory_generator_node-6] [Smooth Optimize] MINCO: cost=1.5 total_T=7.674(init 3.722) max_drift=0.182 max_vel=1.2 segs=6
[trajectory_generator_node-6] [Smooth Resample] resample
[trajectory_generator_node-6] [Smooth Resample] 7 -> 4 waypoints, 3 time segs, max_turn=120.1 deg
[trajectory_generator_node-6] [Reference] path size : 4
[trajectory_generator_node-6] [Reference] solvePolyMatrix ENTER: N=3, path_size=4, trap_time_size=3
[trajectory_generator_node-6] [Reference]   path[0]=(-2.9770,2.0898) path[1]=(-3.0643,2.0421) t[0]=2.760661 state_vel=(-0.0696,0.0854)
[trajectory_generator_node-6] [Reference] banded solve done. b[0]=0.044129 b[N]=-0.116579 b2[0]=-0.209574 b2[N]=0.113536
[trajectory_generator_node-6] [Reference] solvePolyMatrix EXIT: polyX[0]=[-0.003009 0.022065 -0.069620 -2.976977]
[trajectory_generator_node-6] [INFO] [1790446888.972423356] [trajectory_generation]: FSM published 3 trajectory pieces
[trajectory_tracking_node-8] [WARN] [1790446893.984034608] [trajectory_tracking]: RM_GridMap predicted-path replan requested: collision_samples=0 trajectory_age=5.01
[trajectory_generator_node-6] [Manager REPLAN]  cur position point (X, Y) = (-2.975385, 2.176467), target point (X, Y) = (-2.719000, 1.946000)
[trajectory_generator_node-6] [Manager REPLAN] target_temp (X, Y) = (-2.719000, 1.946000)
[trajectory_generator_node-6] [Manager REPLAN] path safe & target unchanged, re-anchoring from cur pos
[trajectory_generator_node-6] [LBFGS] search direction d:  -0.00443063 -0.000827918    0.0036782   -0.0155606   0.00327143 -0.000629456  -0.00165689 -0.000372143   0.00864031  0.000169346    0.0236697   0.00429393     0.016385    0.0138885    0.0206513    0.0679717
[trajectory_generator_node-6] [Smooth Optimize] MINCO reaches max evaluations: Line search reaches the maximum try number, assumptions not satisfied or precision not achievable.
[trajectory_generator_node-6] [Smooth Optimize] MINCO: cost=1.8 total_T=6.611(init 4.523) max_drift=0.196 max_vel=0.3 segs=6
[trajectory_generator_node-6] [Smooth Resample] resample
[trajectory_generator_node-6] [Smooth Resample] 7 -> 4 waypoints, 3 time segs, max_turn=142.5 deg
[trajectory_generator_node-6] [Reference] path size : 4
[trajectory_generator_node-6] [Reference] solvePolyMatrix ENTER: N=3, path_size=4, trap_time_size=3
[trajectory_generator_node-6] [Reference]   path[0]=(-2.9754,2.1765) path[1]=(-3.0871,2.0275) t[0]=1.637726 state_vel=(0.1057,-0.0488)
[trajectory_generator_node-6] [Reference] banded solve done. b[0]=-0.357415 b[N]=-0.208053 b2[0]=-0.172871 b2[N]=0.120829
[trajectory_generator_node-6] [Reference] solvePolyMatrix EXIT: polyX[0]=[0.044278 -0.178707 0.105700 -2.975385]
[trajectory_generator_node-6] [Reference] solvePolyMatrix ENTER: N=3, path_size=4, trap_time_size=3
[trajectory_generator_node-6] [Reference]   path[0]=(-2.9754,2.1765) path[1]=(-3.0871,2.0275) t[0]=1.801498 state_vel=(0.1057,-0.0488)
[trajectory_generator_node-6] [Reference] banded solve done. b[0]=-0.310500 b[N]=-0.204987 b2[0]=-0.136230 b2[N]=0.114802
[trajectory_generator_node-6] [Reference] solvePolyMatrix EXIT: polyX[0]=[0.034501 -0.155250 0.105700 -2.975385]
[trajectory_generator_node-6] [INFO] [1790446894.016519691] [trajectory_generation]: FSM published 3 trajectory pieces
[trajectory_tracking_node-8] [WARN] [1790446899.047911195] [trajectory_tracking]: RM_GridMap predicted-path replan requested: collision_samples=0 trajectory_age=5.02
[trajectory_generator_node-6] [Manager REPLAN]  cur position point (X, Y) = (-3.001616, 2.119826), target point (X, Y) = (-2.719000, 1.946000)
[trajectory_generator_node-6] [Manager REPLAN] target_temp (X, Y) = (-2.719000, 1.946000)
[trajectory_generator_node-6] [Manager REPLAN] path safe & target unchanged, re-anchoring from cur pos
[trajectory_generator_node-6] [LBFGS] search direction d:   0.00616425   0.00235856 -0.000588093   0.00161635    0.0001081  0.000551958  0.000826413  -0.00041681   0.00144686  9.73662e-05     0.028079   0.00576541   0.00998059   0.00426779    0.0359273     0.154098
[trajectory_generator_node-6] [Smooth Optimize] MINCO reaches max evaluations: Line search reaches the maximum try number, assumptions not satisfied or precision not achievable.
[trajectory_generator_node-6] [Smooth Optimize] MINCO: cost=1.5 total_T=7.805(init 3.875) max_drift=0.177 max_vel=1.1 segs=6
[trajectory_generator_node-6] [Smooth Resample] resample
[trajectory_generator_node-6] [Smooth Resample] 7 -> 4 waypoints, 3 time segs, max_turn=132.6 deg
[trajectory_generator_node-6] [Reference] path size : 4
[trajectory_generator_node-6] [Reference] solvePolyMatrix ENTER: N=3, path_size=4, trap_time_size=3
[trajectory_generator_node-6] [Reference]   path[0]=(-3.0016,2.1198) path[1]=(-3.0753,2.0351) t[0]=2.464286 state_vel=(0.1831,-0.0699)
[trajectory_generator_node-6] [Reference] banded solve done. b[0]=-0.303034 b[N]=-0.122374 b2[0]=-0.005875 b2[N]=0.085507
[trajectory_generator_node-6] [Reference] solvePolyMatrix EXIT: polyX[0]=[0.026408 -0.151517 0.183127 -3.001616]
[trajectory_generator_node-6] [INFO] [1790446899.054226671] [trajectory_generation]: FSM published 3 trajectory pieces
[trajectory_tracking_node-8] [WARN] [1790446904.068500222] [trajectory_tracking]: RM_GridMap predicted-path replan requested: collision_samples=0 trajectory_age=5.01
[trajectory_generator_node-6] [Manager REPLAN]  cur position point (X, Y) = (-3.020799, 2.153761), target point (X, Y) = (-2.719000, 1.946000)
[trajectory_generator_node-6] [Manager REPLAN] target_temp (X, Y) = (-2.719000, 1.946000)
[trajectory_generator_node-6] [Manager REPLAN] path safe & target unchanged, re-anchoring from cur pos
[trajectory_generator_node-6] [LBFGS] search direction d:   -0.0015505   0.00182352 -0.000942276   0.00028889  -0.00335673  -0.00116227   0.00096383   0.00134967   0.00429793   0.00044032    0.0652711   0.00655169    0.0146782    0.0208833    0.0829104       0.3073
[trajectory_generator_node-6] [Smooth Optimize] MINCO reaches max evaluations: Line search reaches the maximum try number, assumptions not satisfied or precision not achievable.
[trajectory_generator_node-6] [Smooth Optimize] MINCO: cost=1.4 total_T=8.152(init 4.171) max_drift=0.178 max_vel=1.1 segs=6
[trajectory_generator_node-6] [Smooth Resample] resample
[trajectory_generator_node-6] [Smooth Resample] 7 -> 4 waypoints, 3 time segs, max_turn=134.4 deg
[trajectory_generator_node-6] [Reference] path size : 4
[trajectory_generator_node-6] [Reference] solvePolyMatrix ENTER: N=3, path_size=4, trap_time_size=3
[trajectory_generator_node-6] [Reference]   path[0]=(-3.0208,2.1538) path[1]=(-3.0874,2.0254) t[0]=2.288129 state_vel=(0.1241,-0.0455)
[trajectory_generator_node-6] [Reference] banded solve done. b[0]=-0.226360 b[N]=-0.120888 b2[0]=-0.072163 b2[N]=0.078102
[trajectory_generator_node-6] [Reference] solvePolyMatrix EXIT: polyX[0]=[0.020202 -0.113180 0.124110 -3.020799]
[trajectory_generator_node-6] [INFO] [1790446904.093320462] [trajectory_generation]: FSM published 3 trajectory pieces
[trajectory_tracking_node-8] [WARN] [1790446909.120972797] [trajectory_tracking]: RM_GridMap predicted-path replan requested: collision_samples=0 trajectory_age=5.02
[trajectory_generator_node-6] [Manager REPLAN]  cur position point (X, Y) = (-3.068346, 2.157445), target point (X, Y) = (-2.719000, 1.946000)
[trajectory_generator_node-6] [Manager REPLAN] target_temp (X, Y) = (-2.719000, 1.946000)
[trajectory_generator_node-6] [Manager REPLAN] path safe & target unchanged, re-anchoring from cur pos
[trajectory_generator_node-6] [LBFGS] search direction d:  0.000689071 -0.000181914   0.00110307 -0.000175915 -0.000182048  0.000660476  -5.5495e-05  0.000124165  -0.00134284 -5.56475e-05    0.0128688   0.00317626   0.00592055   0.00283526    0.0150574    0.0600298
[trajectory_generator_node-6] [Smooth Optimize] MINCO reaches max evaluations: Line search reaches the maximum try number, assumptions not satisfied or precision not achievable.
[trajectory_generator_node-6] [Smooth Optimize] MINCO: cost=1.4 total_T=8.517(init 4.175) max_drift=0.177 max_vel=0.7 segs=6
[trajectory_generator_node-6] [Smooth Resample] resample
[trajectory_generator_node-6] [Smooth Resample] 7 -> 4 waypoints, 3 time segs, max_turn=158.0 deg
[trajectory_generator_node-6] [Reference] path size : 4
[trajectory_generator_node-6] [Reference] solvePolyMatrix ENTER: N=3, path_size=4, trap_time_size=3
[trajectory_generator_node-6] [Reference]   path[0]=(-3.0683,2.1574) path[1]=(-3.0793,2.0297) t[0]=2.439130 state_vel=(0.1111,-0.0263)
[trajectory_generator_node-6] [Reference] banded solve done. b[0]=-0.148434 b[N]=-0.119106 b2[0]=-0.086653 b2[N]=0.078152
[trajectory_generator_node-6] [Reference] solvePolyMatrix EXIT: polyX[0]=[0.010997 -0.074217 0.111102 -3.068346]
[trajectory_generator_node-6] [INFO] [1790446909.132373617] [trajectory_generation]: FSM published 3 trajectory pieces
[trajectory_tracking_node-8] [WARN] [1790446914.145837412] [trajectory_tracking]: RM_GridMap predicted-path replan requested: collision_samples=0 trajectory_age=5.01
[trajectory_generator_node-6] [Manager REPLAN]  cur position point (X, Y) = (-3.096751, 2.165490), target point (X, Y) = (-2.719000, 1.946000)
[trajectory_generator_node-6] [Manager REPLAN] target_temp (X, Y) = (-2.719000, 1.946000)
[trajectory_generator_node-6] [Manager REPLAN] path safe & target unchanged, re-anchoring from cur pos
[trajectory_generator_node-6] [LBFGS] search direction d:   0.00413532   0.00287996  -0.00733588  -0.00236403   0.00295538 -0.000676923  0.000665803  -0.00589669 -0.000949705  0.000392581    0.0424757    0.0147237     0.010757    0.0143346     0.035828     0.109012
[trajectory_generator_node-6] [Smooth Optimize] MINCO reaches max evaluations: Line search reaches the maximum try number, assumptions not satisfied or precision not achievable.
[trajectory_generator_node-6] [Smooth Optimize] MINCO: cost=1.5 total_T=7.525(init 4.281) max_drift=0.181 max_vel=0.4 segs=6
[trajectory_generator_node-6] [Smooth Resample] resample
[trajectory_generator_node-6] [Smooth Resample] 7 -> 4 waypoints, 3 time segs, max_turn=172.1 deg
[trajectory_generator_node-6] [Reference] path size : 4
[trajectory_generator_node-6] [Reference] solvePolyMatrix ENTER: N=3, path_size=4, trap_time_size=3
[trajectory_generator_node-6] [Reference]   path[0]=(-3.0968,2.1655) path[1]=(-3.0901,2.0266) t[0]=2.255035 state_vel=(0.0789,-0.0025)
[trajectory_generator_node-6] [Reference] banded solve done. b[0]=-0.097434 b[N]=-0.143673 b2[0]=-0.166456 b2[N]=0.103084
[trajectory_generator_node-6] [Reference] solvePolyMatrix EXIT: polyX[0]=[0.006667 -0.048717 0.078913 -3.096751]
[trajectory_generator_node-6] [INFO] [1790446914.174797428] [trajectory_generation]: FSM published 3 trajectory pieces
[trajectory_tracking_node-8] [WARN] [1790446919.205677049] [trajectory_tracking]: RM_GridMap predicted-path replan requested: collision_samples=0 trajectory_age=5.03
[trajectory_generator_node-6] [Manager REPLAN]  cur position point (X, Y) = (-3.050007, 2.111813), target point (X, Y) = (-2.719000, 1.946000)
[trajectory_generator_node-6] [Manager REPLAN] target_temp (X, Y) = (-2.719000, 1.946000)
[trajectory_generator_node-6] [Manager REPLAN] path safe & target unchanged, re-anchoring from cur pos
[trajectory_generator_node-6] [LBFGS] search direction d:   0.00055727   0.00144489    0.0010503   0.00106955  -0.00525689 -0.000418997  0.000541924 -0.000373005 -0.000621867  0.000717074    0.0808243    0.0343435    0.0118133   0.00446533     0.115918     0.597527
[trajectory_generator_node-6] [Smooth Optimize] MINCO reaches max evaluations: Line search reaches the maximum try number, assumptions not satisfied or precision not achievable.
[trajectory_generator_node-6] [Smooth Optimize] MINCO: cost=1.5 total_T=7.673(init 3.770) max_drift=0.174 max_vel=1.1 segs=6
[trajectory_generator_node-6] [Smooth Resample] resample
[trajectory_generator_node-6] [Smooth Resample] 7 -> 4 waypoints, 3 time segs, max_turn=169.3 deg
[trajectory_generator_node-6] [Reference] path size : 4
[trajectory_generator_node-6] [Reference] solvePolyMatrix ENTER: N=3, path_size=4, trap_time_size=3
[trajectory_generator_node-6] [Reference]   path[0]=(-3.0500,2.1118) path[1]=(-3.0624,2.0416) t[0]=2.755490 state_vel=(0.0660,-0.0520)
[trajectory_generator_node-6] [Reference] banded solve done. b[0]=-0.088587 b[N]=-0.113171 b2[0]=-0.042571 b2[N]=0.113100
[trajectory_generator_node-6] [Reference] solvePolyMatrix EXIT: polyX[0]=[0.006794 -0.044294 0.065968 -3.050007]
[trajectory_generator_node-6] [INFO] [1790446919.214067852] [trajectory_generation]: FSM published 3 trajectory pieces
[trajectory_tracking_node-8] [WARN] [1790446924.244337083] [trajectory_tracking]: RM_GridMap predicted-path replan requested: collision_samples=0 trajectory_age=5.02
[trajectory_generator_node-6] [Manager REPLAN]  cur position point (X, Y) = (-2.973247, 2.181615), target point (X, Y) = (-2.719000, 1.946000)
[trajectory_generator_node-6] [Manager REPLAN] target_temp (X, Y) = (-2.719000, 1.946000)
[trajectory_generator_node-6] [Manager REPLAN] path safe & target unchanged, re-anchoring from cur pos
[trajectory_generator_node-6] [LBFGS] search direction d:  -0.00108245 -4.79528e-05   0.00201413 -0.000671427 -0.000313163 -0.000248131  0.000199056  0.000329613  -0.00267022  0.000103314    0.0594871    0.0157614    0.0644748    0.0455381    0.0582104     0.179228
[trajectory_generator_node-6] [Smooth Optimize] MINCO reaches max evaluations: Line search reaches the maximum try number, assumptions not satisfied or precision not achievable.
[trajectory_generator_node-6] [Smooth Optimize] MINCO: cost=1.5 total_T=10.151(init 4.608) max_drift=0.193 max_vel=0.2 segs=6
[trajectory_generator_node-6] [Smooth Resample] resample
[trajectory_generator_node-6] [Smooth Resample] 7 -> 4 waypoints, 3 time segs, max_turn=139.3 deg
[trajectory_generator_node-6] [Reference] path size : 4
[trajectory_generator_node-6] [Reference] solvePolyMatrix ENTER: N=3, path_size=4, trap_time_size=3
[trajectory_generator_node-6] [Reference]   path[0]=(-2.9732,2.1816) path[1]=(-3.0988,2.0172) t[0]=2.259783 state_vel=(0.1058,-0.0486)
[trajectory_generator_node-6] [Reference] banded solve done. b[0]=-0.235971 b[N]=-0.113306 b2[0]=-0.072828 b2[N]=0.063791
[trajectory_generator_node-6] [Reference] solvePolyMatrix EXIT: polyX[0]=[0.020608 -0.117985 0.105844 -2.973247]
[trajectory_generator_node-6] [INFO] [1790446924.253204077] [trajectory_generation]: FSM published 3 trajectory pieces
[trajectory_tracking_node-8] [WARN] [1790446929.281541698] [trajectory_tracking]: RM_GridMap predicted-path replan requested: collision_samples=0 trajectory_age=5.02
[trajectory_generator_node-6] [Manager REPLAN]  cur position point (X, Y) = (-3.253859, 2.120395), target point (X, Y) = (-2.719000, 1.946000)
[trajectory_generator_node-6] [Manager REPLAN] target_temp (X, Y) = (-2.719000, 1.946000)
[trajectory_generator_node-6] [Manager REPLAN] path safe & target unchanged, re-anchoring from cur pos
[trajectory_generator_node-6] [LBFGS] search direction d: 7.28218e-06 6.89517e-06    0.198064    0.260999
[trajectory_generator_node-6] [Smooth Optimize] MINCO reaches max evaluations: Line search reaches the maximum try number, assumptions not satisfied or precision not achievable.
[trajectory_generator_node-6] [Smooth Optimize] MINCO: cost=0.0 total_T=4.000(init 1.997) max_drift=0.035 max_vel=0.1 segs=2
[trajectory_generator_node-6] [Smooth Resample] resample
[trajectory_generator_node-6] [Smooth Resample] path too short (3 pts), keeping all
[trajectory_generator_node-6] [Reference] path size : 3
[trajectory_generator_node-6] [Reference] solvePolyMatrix ENTER: N=2, path_size=3, trap_time_size=2
[trajectory_generator_node-6] [Reference]   path[0]=(-3.2539,2.1204) path[1]=(-2.9583,2.1654) t[0]=2.000000 state_vel=(0.0203,0.0710)
[trajectory_generator_node-6] [Reference] banded solve done. b[0]=0.207297 b[N]=-0.163440 b2[0]=0.008574 b2[N]=0.245877
[trajectory_generator_node-6] [Reference] solvePolyMatrix EXIT: polyX[0]=[-0.019947 0.103648 0.020272 -3.253859]
[trajectory_generator_node-6] [INFO] [1790446929.291900390] [trajectory_generation]: FSM published 2 trajectory pieces
[trajectory_tracking_node-8] [WARN] [1790446933.344497206] [trajectory_tracking]: trajectory tracking stopped: invalid coefficient array length
[trajectory_tracking_node-8] [WARN] [1790446935.426726760] [trajectory_tracking]: trajectory tracking stopped: no valid trajectory
[trajectory_generator_node-6] [INFO] [1790446936.493305223] [trajectory_generation]: FSM accepted manual goal goal=(-0.92, -4.45, 0.02)
[trajectory_generator_node-6] [Manager] start point, (x, y): (-2.72, 1.95)
[trajectory_generator_node-6] [Manager] receive target, (x, y): (-0.92, -4.45)
[trajectory_generator_node-6] [Topo]: m_graph before num: 1605
[trajectory_generator_node-6] [Topo]: dijkstra time: 0.021260
[trajectory_generator_node-6] [Topo]: topo search time: 0.118150
[trajectory_generator_node-6] [Topo]: m_graph num: 2568
[trajectory_generator_node-6] [DIAG] origin_path (Dijkstra) size: 5
[trajectory_generator_node-6] [DIAG]   origin[0]: (-2.719, 1.946, 0.015)
[trajectory_generator_node-6] [DIAG]   origin[1]: (-1.719, 1.946, 0.015)
[trajectory_generator_node-6] [DIAG]   origin[2]: (-3.769, 2.396, 0.015)
[trajectory_generator_node-6] [DIAG]   origin[3]: (-5.019, -1.604, 0.015)
[trajectory_generator_node-6] [DIAG]   origin[4]: (-0.919, -4.454, 0.015)
[trajectory_generator_node-6] [DIAG] lineVisib(start→end DIRECT): false  colli=(-2.72,1.95)
[trajectory_generator_node-6] [DIAG] direct line: 132 steps, 91 wall cells
[trajectory_generator_node-6] [smoothTopoPath] INPUT size=5
[trajectory_generator_node-6] [smoothTopoPath]   in[0]: (-2.719, 1.946, 0.015)
[trajectory_generator_node-6] [smoothTopoPath]   in[1]: (-1.719, 1.946, 0.015)
[trajectory_generator_node-6] [smoothTopoPath]   in[2]: (-3.769, 2.396, 0.015)
[trajectory_generator_node-6] [smoothTopoPath]   in[3]: (-5.019, -1.604, 0.015)
[trajectory_generator_node-6] [smoothTopoPath]   in[4]: (-0.919, -4.454, 0.015)
[trajectory_generator_node-6] [smoothTopoPath] lineVisib(start→end): false  colli=(-2.72,1.95)
[trajectory_generator_node-6] [smoothTopoPath] OUTPUT size=5, iter_count=4
[trajectory_generator_node-6] [smoothTopoPath]   out[0]: (-2.719, 1.946, 0.015)
[trajectory_generator_node-6] [smoothTopoPath]   out[1]: (-2.669, 2.246, 0.015)
[trajectory_generator_node-6] [smoothTopoPath]   out[2]: (-4.461, 1.045, 0.015)
[trajectory_generator_node-6] [smoothTopoPath]   out[3]: (-5.152, -1.676, 0.015)
[trajectory_generator_node-6] [smoothTopoPath]   out[4]: (-0.919, -4.454, 0.015)
[trajectory_generator_node-6] [DIAG] optimized_path (smoothTopoPath) size: 5
[trajectory_generator_node-6] [DIAG]   opt[0]: (-2.719, 1.946, 0.015)
[trajectory_generator_node-6] [DIAG]   opt[1]: (-2.669, 2.246, 0.015)
[trajectory_generator_node-6] [DIAG]   opt[2]: (-4.461, 1.045, 0.015)
[trajectory_generator_node-6] [DIAG]   opt[3]: (-5.152, -1.676, 0.015)
[trajectory_generator_node-6] [DIAG]   opt[4]: (-0.919, -4.454, 0.015)
[trajectory_generator_node-6] optimized_path size: 5
[trajectory_generator_node-6] [Manager] reference_speed: (0.30)
[trajectory_generator_node-6] [LBFGS] search direction d:   0.00128223  -0.00741577   0.00109635 -0.000746083   0.00127806  -0.00021064  9.20722e-05 -1.13646e-05  -5.8715e-05  0.000139976 -5.80958e-05  5.27674e-05 -0.000766516   0.00056007   0.00020953  1.10168e-05 -1.63559e-05 -1.30046e-05  4.56734e-05 -5.78623e-05  5.11801e-05 -3.61465e-05  2.12465e-05 -8.99783e-06 -2.04719e-06  1.53251e-05  -3.5736e-05  6.96317e-05 -0.000123706  0.000200192 -0.000284041  0.000336299 -0.000309898 -1.38688e-05 -2.19249e-05  0.000964806  -0.00118669  0.000399526 -0.000162954 -1.97761e-05  0.000174571 -0.000249844  0.000197216 -2.01519e-07  9.11455e-05 -0.000120307  -0.00048681  0.000280495 -0.000385631  0.000401502 -0.000369031  0.000258511 -0.000180762  0.000116736 -6.97012e-05  3.95114e-05 -2.27683e-05  1.59326e-05 -1.71439e-05  2.67491e-05 -4.71683e-05  8.18163e-05 -0.000131645  0.000186522 -0.000220759  0.000203408   0.00516648   0.00156251 -0.000124111  4.57665e-05  2.17622e-05  -2.1969e-05  6.20138e-06   2.7591e-05   8.7712e-05 -0.000125946  0.000320688  1.27269e-05    0.0013073 -8.92058e-05  0.000196322 -6.04192e-05  7.96069e-06  0.000108282  2.88031e-05 -1.79141e-05  8.86628e-06  -3.4054e-06  1.28983e-06 -7.30155e-07  8.04307e-07 -1.34649e-06  2.34011e-06 -3.73181e-06  4.50316e-06 -1.21129e-06 -2.02463e-05  9.83623e-05 -0.000217118   0.00116653
[trajectory_generator_node-6] [Smooth Optimize] MINCO reaches max evaluations: Line search reaches the maximum try number, assumptions not satisfied or precision not achievable.
[trajectory_generator_node-6] [Smooth Optimize] MINCO: cost=2.2 total_T=36.875(init 34.190) max_drift=0.197 max_vel=0.4 segs=34
[trajectory_generator_node-6] [Smooth Resample] resample
[trajectory_generator_node-6] [Smooth Resample] 35 -> 18 waypoints, 17 time segs, max_turn=77.6 deg
[trajectory_generator_node-6] [Manager] optimizer generate time: 0.010459
[trajectory_generator_node-6] [Reference] path size : 18
[trajectory_generator_node-6] [Reference] solvePolyMatrix ENTER: N=17, path_size=18, trap_time_size=17
[trajectory_generator_node-6] [Reference]   path[0]=(-2.7190,1.9460) path[1]=(-2.9272,2.1477) t[0]=3.300281 state_vel=(0.0000,0.0000)
[trajectory_generator_node-6] [Reference] banded solve done. b[0]=0.010977 b[N]=-0.284834 b2[0]=0.149284 b2[N]=0.186960
[trajectory_generator_node-6] [Reference] solvePolyMatrix EXIT: polyX[0]=[-0.007456 0.005488 0.000000 -2.719000]
[trajectory_generator_node-6] [INFO] [1790446936.658963476] [trajectory_generation]: FSM published 17 trajectory pieces
[trajectory_tracking_node-8] [WARN] [1790446941.715284136] [trajectory_tracking]: RM_GridMap predicted-path replan requested: collision_samples=0 trajectory_age=5.02
[trajectory_generator_node-6] [Manager REPLAN]  cur position point (X, Y) = (-3.394215, 1.921138), target point (X, Y) = (-0.919000, -4.454000)
[trajectory_generator_node-6] [Manager REPLAN] target_temp (X, Y) = (-0.919000, -4.454000)
[trajectory_generator_node-6] [Manager REPLAN] path safe & target unchanged, re-anchoring from cur pos
[trajectory_generator_node-6] [LBFGS] search direction d:   0.00710248  -0.00327049  0.000753181  -0.00132005 -0.000151261 -0.000183386 -0.000504935  2.40258e-05   0.00033281 -0.000686868  0.000729923  0.000343456 -0.000921749  -0.00261347 -0.000273595  0.000509026   0.00119138  0.000316413 -0.000963779  0.000602022  -1.4638e-05 -0.000157284  0.000124797  -7.2055e-05  3.53284e-05 -1.71293e-05  1.46756e-05 -2.91157e-05  6.82983e-05 -0.000144937  0.000262787 -0.000368393  0.000199066  0.000954497  -0.00548888   0.00350432 -0.000639814  0.000238882 -0.000440224 -0.000160355 -9.39031e-05  0.000321714 -8.46879e-05 -0.000105678  0.000413356 -0.000761541   0.00071248  0.000515738  0.000584517 -0.000322931 -0.000259573  0.000355345 -3.26017e-05 -0.000193189  7.97388e-05  5.07978e-05 -4.32756e-05  9.49359e-06  2.15473e-06 -4.06824e-06  4.39668e-06 -7.79272e-06  1.89804e-05 -4.51158e-05  9.54165e-05 -0.000172675  0.000241908 -0.000130718 -0.000626444   0.00360257    0.0331556  -0.00702197   0.00380874    0.0127966  -0.00296362  0.000628791  2.89677e-06   8.1678e-06 -0.000353254   0.00103835   0.00144664  -0.00156023   0.00423972   0.00065182    0.0196599  -0.00181684    0.0020504  -0.00104421   0.00238185   0.00284525  -0.00122459   0.00036219 -9.69626e-05  2.62827e-05 -7.83603e-06  3.06223e-06 -2.09272e-06  2.90792e-06  -5.8725e-06  1.42172e-05  -4.1046e-05  0.000143484 -0.000519305      0.00201  -0.00495559    0.0318934
[trajectory_generator_node-6] [Smooth Optimize] MINCO reaches max evaluations: Line search reaches the maximum try number, assumptions not satisfied or precision not achievable.
[trajectory_generator_node-6] [Smooth Optimize] MINCO: cost=3.1 total_T=35.995(init 35.234) max_drift=0.278 max_vel=0.5 segs=36
[trajectory_generator_node-6] [Smooth Resample] resample
[trajectory_generator_node-6] [Smooth Resample] 37 -> 19 waypoints, 18 time segs, max_turn=179.4 deg
[trajectory_generator_node-6] [Reference] path size : 19
[trajectory_generator_node-6] [Reference] solvePolyMatrix ENTER: N=18, path_size=19, trap_time_size=18
[trajectory_generator_node-6] [Reference]   path[0]=(-3.3942,1.9211) path[1]=(-2.8280,2.2127) t[0]=2.079385 state_vel=(-0.3321,-0.2556)
[trajectory_generator_node-6] [Reference] banded solve done. b[0]=1.253725 b[N]=-0.387928 b2[0]=0.782210 b2[N]=0.254623
[trajectory_generator_node-6] [Reference] solvePolyMatrix EXIT: polyX[0]=[-0.161685 0.626863 -0.332088 -3.394215]
[trajectory_generator_node-6] [Reference] solvePolyMatrix ENTER: N=18, path_size=19, trap_time_size=18
[trajectory_generator_node-6] [Reference]   path[0]=(-3.3942,1.9211) path[1]=(-2.8280,2.2127) t[0]=2.287323 state_vel=(-0.3321,-0.2556)
[trajectory_generator_node-6] [Reference] banded solve done. b[0]=1.083787 b[N]=-0.323360 b2[0]=0.683216 b2[N]=0.212243
[trajectory_generator_node-6] [Reference] solvePolyMatrix EXIT: polyX[0]=[-0.126122 0.541894 -0.332088 -3.394215]
[trajectory_generator_node-6] [Reference] solvePolyMatrix ENTER: N=18, path_size=19, trap_time_size=18
[trajectory_generator_node-6] [Reference]   path[0]=(-3.3942,1.9211) path[1]=(-2.8280,2.2127) t[0]=2.516055 state_vel=(-0.3321,-0.2556)
[trajectory_generator_node-6] [Reference] banded solve done. b[0]=0.939063 b[N]=-0.269938 b2[0]=0.598107 b2[N]=0.177180
[trajectory_generator_node-6] [Reference] solvePolyMatrix EXIT: polyX[0]=[-0.098607 0.469532 -0.332088 -3.394215]
[trajectory_generator_node-6] [Reference] solvePolyMatrix ENTER: N=18, path_size=19, trap_time_size=18
[trajectory_generator_node-6] [Reference]   path[0]=(-3.3942,1.9211) path[1]=(-2.8280,2.2127) t[0]=2.767661 state_vel=(-0.3321,-0.2556)
[trajectory_generator_node-6] [Reference] banded solve done. b[0]=0.815559 b[N]=-0.269938 b2[0]=0.524766 b2[N]=0.177180
[trajectory_generator_node-6] [Reference] solvePolyMatrix EXIT: polyX[0]=[-0.077275 0.407779 -0.332088 -3.394215]
[trajectory_generator_node-6] [Reference] solvePolyMatrix ENTER: N=18, path_size=19, trap_time_size=18
[trajectory_generator_node-6] [Reference]   path[0]=(-3.3942,1.9211) path[1]=(-2.8280,2.2127) t[0]=3.044427 state_vel=(-0.3321,-0.2556)
[trajectory_generator_node-6] [Reference] banded solve done. b[0]=0.709939 b[N]=-0.269938 b2[0]=0.461418 b2[N]=0.177180
[trajectory_generator_node-6] [Reference] solvePolyMatrix EXIT: polyX[0]=[-0.060701 0.354970 -0.332088 -3.394215]
[trajectory_generator_node-6] [Reference] solvePolyMatrix ENTER: N=18, path_size=19, trap_time_size=18
[trajectory_generator_node-6] [Reference]   path[0]=(-3.3942,1.9211) path[1]=(-2.8280,2.2127) t[0]=3.348870 state_vel=(-0.3321,-0.2556)
[trajectory_generator_node-6] [Reference] banded solve done. b[0]=0.619417 b[N]=-0.269938 b2[0]=0.406572 b2[N]=0.177180
[trajectory_generator_node-6] [Reference] solvePolyMatrix EXIT: polyX[0]=[-0.047794 0.309709 -0.332088 -3.394215]
[trajectory_generator_node-6] [Reference] solvePolyMatrix ENTER: N=18, path_size=19, trap_time_size=18
[trajectory_generator_node-6] [Reference]   path[0]=(-3.3942,1.9211) path[1]=(-2.8280,2.2127) t[0]=3.683757 state_vel=(-0.3321,-0.2556)
[trajectory_generator_node-6] [Reference] banded solve done. b[0]=0.541661 b[N]=-0.269938 b2[0]=0.358975 b2[N]=0.177180
[trajectory_generator_node-6] [Reference] solvePolyMatrix EXIT: polyX[0]=[-0.037721 0.270831 -0.332088 -3.394215]
[trajectory_generator_node-6] [Reference] solvePolyMatrix ENTER: N=18, path_size=19, trap_time_size=18
[trajectory_generator_node-6] [Reference]   path[0]=(-3.3942,1.9211) path[1]=(-2.8280,2.2127) t[0]=4.052132 state_vel=(-0.3321,-0.2556)
[trajectory_generator_node-6] [Reference] banded solve done. b[0]=0.473789 b[N]=-0.269938 b2[0]=0.316743 b2[N]=0.177180
[trajectory_generator_node-6] [Reference] solvePolyMatrix EXIT: polyX[0]=[-0.029727 0.236895 -0.332088 -3.394215]
[trajectory_generator_node-6] [Reference] solvePolyMatrix ENTER: N=18, path_size=19, trap_time_size=18
[trajectory_generator_node-6] [Reference]   path[0]=(-3.3942,1.9211) path[1]=(-2.8280,2.2127) t[0]=4.457346 state_vel=(-0.3321,-0.2556)
[trajectory_generator_node-6] [Reference] banded solve done. b[0]=0.415259 b[N]=-0.269938 b2[0]=0.279981 b2[N]=0.177180
[trajectory_generator_node-6] [Reference] solvePolyMatrix EXIT: polyX[0]=[-0.023473 0.207629 -0.332088 -3.394215]
[trajectory_generator_node-6] [Reference] solvePolyMatrix ENTER: N=18, path_size=19, trap_time_size=18
[trajectory_generator_node-6] [Reference]   path[0]=(-3.3942,1.9211) path[1]=(-2.8280,2.2127) t[0]=4.903080 state_vel=(-0.3321,-0.2556)
[trajectory_generator_node-6] [Reference] banded solve done. b[0]=0.364677 b[N]=-0.269938 b2[0]=0.247913 b2[N]=0.177180
[trajectory_generator_node-6] [Reference] solvePolyMatrix EXIT: polyX[0]=[-0.018571 0.182338 -0.332088 -3.394215]
[trajectory_generator_node-6] [Reference] solvePolyMatrix ENTER: N=18, path_size=19, trap_time_size=18
[trajectory_generator_node-6] [Reference]   path[0]=(-3.3942,1.9211) path[1]=(-2.8280,2.2127) t[0]=5.393388 state_vel=(-0.3321,-0.2556)
[trajectory_generator_node-6] [Reference] banded solve done. b[0]=0.320872 b[N]=-0.269938 b2[0]=0.219881 b2[N]=0.177180
[trajectory_generator_node-6] [Reference] solvePolyMatrix EXIT: polyX[0]=[-0.014721 0.160436 -0.332088 -3.394215]
[trajectory_generator_node-6] [Reference] solvePolyMatrix ENTER: N=18, path_size=19, trap_time_size=18
[trajectory_generator_node-6] [Reference]   path[0]=(-3.3942,1.9211) path[1]=(-2.8280,2.2127) t[0]=5.932727 state_vel=(-0.3321,-0.2556)
[trajectory_generator_node-6] [Reference] banded solve done. b[0]=0.282858 b[N]=-0.269938 b2[0]=0.195328 b2[N]=0.177180
[trajectory_generator_node-6] [Reference] solvePolyMatrix EXIT: polyX[0]=[-0.011692 0.141429 -0.332088 -3.394215]
[trajectory_generator_node-6] [INFO] [1790446941.747888938] [trajectory_generation]: FSM published 18 trajectory pieces
[trajectory_tracking_node-8] [WARN] [1790446946.770827080] [trajectory_tracking]: RM_GridMap predicted-path replan requested: collision_samples=0 trajectory_age=5.02
[trajectory_generator_node-6] [Manager REPLAN]  cur position point (X, Y) = (-2.972411, 2.132293), target point (X, Y) = (-0.919000, -4.454000)
[trajectory_generator_node-6] [Manager REPLAN] target_temp (X, Y) = (-0.919000, -4.454000)
[trajectory_generator_node-6] [Manager REPLAN] path safe & target unchanged, re-anchoring from cur pos
[trajectory_generator_node-6] [LBFGS] search direction d:   0.00833757  -0.00497567   0.00534798  -0.00125397  0.000563212 -0.000550752  0.000895431  -0.00132204 -8.09498e-05 -0.000264265  0.000116479   0.00157425  -0.00120539 -0.000619816   0.00073368 -0.000608029  0.000233842  5.20195e-05  -0.00015146  0.000120221  -6.7763e-05  3.13349e-05 -8.27865e-06 -1.80481e-05  7.61309e-05 -0.000217848  0.000528325  -0.00109467    0.0018648  -0.00246116   0.00290514   0.00953285  -0.00674422  7.50399e-05  -0.00183341   0.00145838  -0.00157365   0.00163361  -0.00123521 -0.000859637  0.000222609  0.000605632   0.00189014  -0.00117659   0.00159348  -0.00121613   0.00105455 -0.000774695  0.000586723 -0.000374796  0.000193876 -8.35349e-05  3.02932e-05 -1.15011e-05  1.60295e-05 -5.01695e-05  0.000142327 -0.000346158  0.000718089  -0.00122373   0.00161525  -0.00190671   -0.0741245    0.0071741  -0.00383352  0.000715848  0.000157212  -0.00100218  -0.00282411   0.00408644   -0.0106491  -0.00150321   -0.0604668   0.00291256  -0.00438965   0.00123253 -0.000288013  -0.00331544  1.39895e-05  0.000141095 -0.000110683   3.7721e-05 -1.19352e-05  3.53578e-06 -1.68499e-06  2.44434e-06 -3.90735e-06  9.40628e-08  3.64889e-05 -0.000212792   0.00087546  -0.00322627   0.00651464   -0.0361024
[trajectory_generator_node-6] [Smooth Optimize] MINCO reaches max evaluations: Line search reaches the maximum try number, assumptions not satisfied or precision not achievable.
[trajectory_generator_node-6] [Smooth Optimize] MINCO: cost=2.0 total_T=33.832(init 32.164) max_drift=0.211 max_vel=0.4 segs=32
[trajectory_generator_node-6] [Smooth Resample] resample
[trajectory_generator_node-6] [Smooth Resample] 33 -> 17 waypoints, 16 time segs, max_turn=54.7 deg
[trajectory_generator_node-6] [Reference] path size : 17
[trajectory_generator_node-6] [Reference] solvePolyMatrix ENTER: N=16, path_size=17, trap_time_size=16
[trajectory_generator_node-6] [Reference]   path[0]=(-2.9724,2.1323) path[1]=(-3.4627,1.8181) t[0]=2.449033 state_vel=(0.2442,0.1682)
[trajectory_generator_node-6] [Reference] banded solve done. b[0]=-0.627926 b[N]=-0.294676 b2[0]=-0.392298 b2[N]=0.193420
[trajectory_generator_node-6] [Reference] solvePolyMatrix EXIT: polyX[0]=[0.054109 -0.313963 0.244188 -2.972411]
[trajectory_generator_node-6] [Reference] solvePolyMatrix ENTER: N=16, path_size=17, trap_time_size=16
[trajectory_generator_node-6] [Reference]   path[0]=(-2.9724,2.1323) path[1]=(-3.4627,1.8181) t[0]=2.693936 state_vel=(0.2442,0.1682)
[trajectory_generator_node-6] [Reference] banded solve done. b[0]=-0.551066 b[N]=-0.246012 b2[0]=-0.345365 b2[N]=0.161479
[trajectory_generator_node-6] [Reference] solvePolyMatrix EXIT: polyX[0]=[0.043555 -0.275533 0.244188 -2.972411]
[trajectory_generator_node-6] [Reference] solvePolyMatrix ENTER: N=16, path_size=17, trap_time_size=16
[trajectory_generator_node-6] [Reference]   path[0]=(-2.9724,2.1323) path[1]=(-3.4627,1.8181) t[0]=2.963330 state_vel=(0.2442,0.1682)
[trajectory_generator_node-6] [Reference] banded solve done. b[0]=-0.484827 b[N]=-0.246012 b2[0]=-0.304789 b2[N]=0.161479
[trajectory_generator_node-6] [Reference] solvePolyMatrix EXIT: polyX[0]=[0.035156 -0.242413 0.244188 -2.972411]
[trajectory_generator_node-6] [Reference] solvePolyMatrix ENTER: N=16, path_size=17, trap_time_size=16
[trajectory_generator_node-6] [Reference]   path[0]=(-2.9724,2.1323) path[1]=(-3.4627,1.8181) t[0]=3.259663 state_vel=(0.2442,0.1682)
[trajectory_generator_node-6] [Reference] banded solve done. b[0]=-0.427584 b[N]=-0.246012 b2[0]=-0.269610 b2[N]=0.161479
[trajectory_generator_node-6] [Reference] solvePolyMatrix EXIT: polyX[0]=[0.028450 -0.213792 0.244188 -2.972411]
[trajectory_generator_node-6] [Reference] solvePolyMatrix ENTER: N=16, path_size=17, trap_time_size=16
[trajectory_generator_node-6] [Reference]   path[0]=(-2.9724,2.1323) path[1]=(-3.4627,1.8181) t[0]=3.585629 state_vel=(0.2442,0.1682)
[trajectory_generator_node-6] [Reference] banded solve done. b[0]=-0.377978 b[N]=-0.246012 b2[0]=-0.239024 b2[N]=0.161479
[trajectory_generator_node-6] [Reference] solvePolyMatrix EXIT: polyX[0]=[0.023079 -0.188989 0.244188 -2.972411]
[trajectory_generator_node-6] [Reference] solvePolyMatrix ENTER: N=16, path_size=17, trap_time_size=16
[trajectory_generator_node-6] [Reference]   path[0]=(-2.9724,2.1323) path[1]=(-3.4627,1.8181) t[0]=3.944192 state_vel=(0.2442,0.1682)
[trajectory_generator_node-6] [Reference] banded solve done. b[0]=-0.334869 b[N]=-0.246012 b2[0]=-0.212356 b2[N]=0.161479
[trajectory_generator_node-6] [Reference] solvePolyMatrix EXIT: polyX[0]=[0.018764 -0.167434 0.244188 -2.972411]
[trajectory_generator_node-6] [Reference] solvePolyMatrix ENTER: N=16, path_size=17, trap_time_size=16
[trajectory_generator_node-6] [Reference]   path[0]=(-2.9724,2.1323) path[1]=(-3.4627,1.8181) t[0]=4.338611 state_vel=(0.2442,0.1682)
[trajectory_generator_node-6] [Reference] banded solve done. b[0]=-0.297302 b[N]=-0.246012 b2[0]=-0.189039 b2[N]=0.161479
[trajectory_generator_node-6] [Reference] solvePolyMatrix EXIT: polyX[0]=[0.015287 -0.148651 0.244188 -2.972411]
[trajectory_generator_node-6] [Reference] solvePolyMatrix ENTER: N=16, path_size=17, trap_time_size=16
[trajectory_generator_node-6] [Reference]   path[0]=(-2.9724,2.1323) path[1]=(-3.4627,1.8181) t[0]=4.772472 state_vel=(0.2442,0.1682)
[trajectory_generator_node-6] [Reference] banded solve done. b[0]=-0.264474 b[N]=-0.246012 b2[0]=-0.168596 b2[N]=0.161479
[trajectory_generator_node-6] [Reference] solvePolyMatrix EXIT: polyX[0]=[0.012477 -0.132237 0.244188 -2.972411]
[trajectory_generator_node-6] [INFO] [1790446946.795291906] [trajectory_generation]: FSM published 16 trajectory pieces
[trajectory_tracking_node-8] [WARN] [1790446951.819811211] [trajectory_tracking]: RM_GridMap predicted-path replan requested: collision_samples=0 trajectory_age=5.01
[trajectory_generator_node-6] [Manager REPLAN]  cur position point (X, Y) = (-3.538428, 1.804565), target point (X, Y) = (-0.919000, -4.454000)
[trajectory_generator_node-6] [Manager REPLAN] target_temp (X, Y) = (-0.919000, -4.454000)
[trajectory_generator_node-6] [Manager REPLAN] path safe & target unchanged, re-anchoring from cur pos
[trajectory_generator_node-6] [LBFGS] search direction d:  2.77566e-05  6.61178e-05 -0.000123639  0.000145799 -0.000125356  0.000549575  4.49656e-05  -0.00014104   0.00129235 -0.000168778  9.40221e-06 -7.94181e-05  7.43504e-05  1.31127e-06 -8.81033e-05  0.000133748 -0.000141531   0.00012639  -0.00010675  9.57014e-05  -9.9169e-05  0.000115919 -0.000136886   0.00014401 -0.000111854  1.88417e-05  0.000136603 -0.000306389  0.000578879 -3.62835e-05  2.47568e-05 -2.46195e-06  1.81234e-05 -0.000101477 -0.000181377  3.68322e-05 -6.66415e-05   0.00114501    5.429e-05 -0.000347149  0.000159159  -7.8162e-06 -5.53315e-05  6.29434e-05 -5.60918e-05  5.21683e-05 -5.14337e-05  5.24495e-05 -5.61744e-05  6.46958e-05 -7.82201e-05  9.24009e-05 -9.66175e-05  7.48604e-05   -1.326e-05 -8.91585e-05  0.000200836 -0.000379827   0.00557876  -0.00117809  7.77756e-05  0.000912936   0.00186508  -0.00208276   0.00520599  0.000598653    0.0219976  -0.00131452   0.00125854 -0.000348719   0.00112614   0.00236351 -0.000876696  0.000179844 -2.03892e-05 -2.71606e-06  6.86914e-06 -6.23467e-06  6.57443e-06  -6.5128e-06  7.38177e-06 -3.33078e-06 -1.16856e-05  0.000101225  -0.00042316   0.00175143  -0.00396824    0.0231222
[trajectory_generator_node-6] [Smooth Optimize] MINCO reaches max evaluations: Line search reaches the maximum try number, assumptions not satisfied or precision not achievable.
[trajectory_generator_node-6] [Smooth Optimize] MINCO: cost=2.0 total_T=32.200(init 30.050) max_drift=0.240 max_vel=0.3 segs=30
[trajectory_generator_node-6] [Smooth Resample] resample
[trajectory_generator_node-6] [Smooth Resample] 31 -> 16 waypoints, 15 time segs, max_turn=49.0 deg
[trajectory_generator_node-6] [Reference] path size : 16
[trajectory_generator_node-6] [Reference] solvePolyMatrix ENTER: N=15, path_size=16, trap_time_size=15
[trajectory_generator_node-6] [Reference]   path[0]=(-3.5384,1.8046) path[1]=(-3.9995,1.4227) t[0]=2.153881 state_vel=(-0.1831,-0.1425)
[trajectory_generator_node-6] [Reference] banded solve done. b[0]=-0.028634 b[N]=-0.216468 b2[0]=-0.066801 b2[N]=0.142085
[trajectory_generator_node-6] [Reference] solvePolyMatrix EXIT: polyX[0]=[-0.000033 -0.014317 -0.183073 -3.538428]
[trajectory_generator_node-6] [INFO] [1790446951.825887931] [trajectory_generation]: FSM published 15 trajectory pieces
[trajectory_tracking_node-8] [WARN] [1790446956.844619037] [trajectory_tracking]: RM_GridMap predicted-path replan requested: collision_samples=0 trajectory_age=5.01
[trajectory_generator_node-6] [Manager REPLAN]  cur position point (X, Y) = (-4.606143, 0.846594), target point (X, Y) = (-0.919000, -4.454000)
[trajectory_generator_node-6] [Manager REPLAN] target_temp (X, Y) = (-0.919000, -4.454000)
[trajectory_generator_node-6] [Manager REPLAN] path safe & target unchanged, re-anchoring from cur pos
[trajectory_generator_node-6] [LBFGS] search direction d:  0.000956618  -0.00103224 -0.000335109   0.00029026  0.000525144  -0.00672517 -0.000740055  0.000772647 -0.000334698  0.000168069 -0.000401525  0.000517853 -0.000435654   0.00029073  -0.00014166 -5.13645e-06  0.000171378 -0.000390088  0.000688339  -0.00105892   0.00141905  -0.00154629   0.00113124 -0.000446695    0.0039372 -0.000430174   0.00159947  -0.00169487   0.00364599   0.00682795  -0.00061996   0.00101286 -0.000950426   0.00082433 -0.000865621  0.000777019 -0.000580427   0.00039196 -0.000261356  0.000202138 -0.000216599  0.000307294 -0.000475564  0.000705376 -0.000935587   0.00101645 -0.000742981  0.000293316   -0.0146933    0.0329023  -0.00385676    0.0702963   -0.0133132    0.0155821  -0.00513789  -0.00121757    0.0110629   0.00438706   -0.0016562  0.000789512 -0.000218876  6.21431e-05 -1.67641e-05   9.7645e-06 -1.18752e-05  1.34351e-05  1.37853e-05 -0.000157164  0.000804901  -0.00304527    0.0109607   -0.0213118     0.107642
[trajectory_generator_node-6] [Smooth Optimize] MINCO reaches max evaluations: Line search reaches the maximum try number, assumptions not satisfied or precision not achievable.
[trajectory_generator_node-6] [Smooth Optimize] MINCO: cost=1.7 total_T=26.129(init 25.312) max_drift=0.193 max_vel=0.4 segs=25
[trajectory_generator_node-6] [Smooth Resample] resample
[trajectory_generator_node-6] [Smooth Resample] 26 -> 14 waypoints, 13 time segs, max_turn=51.9 deg
[trajectory_generator_node-6] [Reference] path size : 14
[trajectory_generator_node-6] [Reference] solvePolyMatrix ENTER: N=13, path_size=14, trap_time_size=13
[trajectory_generator_node-6] [Reference]   path[0]=(-4.6061,0.8466) path[1]=(-4.7460,0.2671) t[0]=2.047656 state_vel=(-0.0862,-0.2851)
[trajectory_generator_node-6] [Reference] banded solve done. b[0]=-0.026182 b[N]=-0.340176 b2[0]=0.016106 b2[N]=0.223274
[trajectory_generator_node-6] [Reference] solvePolyMatrix EXIT: polyX[0]=[0.010655 -0.013091 -0.086191 -4.606143]
[trajectory_generator_node-6] [Reference] solvePolyMatrix ENTER: N=13, path_size=14, trap_time_size=13
[trajectory_generator_node-6] [Reference]   path[0]=(-4.6061,0.8466) path[1]=(-4.7460,0.2671) t[0]=2.047656 state_vel=(-0.0862,-0.2851)
[trajectory_generator_node-6] [Reference] banded solve done. b[0]=-0.026182 b[N]=-0.284019 b2[0]=0.016106 b2[N]=0.186416
[trajectory_generator_node-6] [Reference] solvePolyMatrix EXIT: polyX[0]=[0.010655 -0.013091 -0.086191 -4.606143]
[trajectory_generator_node-6] [INFO] [1790446956.869537495] [trajectory_generation]: FSM published 13 trajectory pieces
[trajectory_tracking_node-8] [WARN] [1790446961.882280620] [trajectory_tracking]: RM_GridMap predicted-path replan requested: collision_samples=0 trajectory_age=5.01
[trajectory_generator_node-6] [Manager REPLAN]  cur position point (X, Y) = (-4.732570, -0.638096), target point (X, Y) = (-0.919000, -4.454000)
[trajectory_generator_node-6] [Manager REPLAN] target_temp (X, Y) = (-0.919000, -4.454000)
[trajectory_generator_node-6] [Manager REPLAN] robot 1.12m from path, full replan
[trajectory_generator_node-6] [Manager] start point, (x, y): (-4.73, -0.64)
[trajectory_generator_node-6] [Manager] receive target, (x, y): (-0.92, -4.45)
[trajectory_generator_node-6] [Topo]: m_graph before num: 1577
[trajectory_generator_node-6] [Topo]: dijkstra time: 0.017369
[trajectory_generator_node-6] [Topo]: topo search time: 0.109304
[trajectory_generator_node-6] [Topo]: m_graph num: 2514
[trajectory_generator_node-6] [DIAG] origin_path (Dijkstra) size: 3
[trajectory_generator_node-6] [DIAG]   origin[0]: (-4.733, -0.638, 0.015)
[trajectory_generator_node-6] [DIAG]   origin[1]: (-4.733, -1.638, 0.015)
[trajectory_generator_node-6] [DIAG]   origin[2]: (-0.919, -4.454, 0.015)
[trajectory_generator_node-6] [DIAG] lineVisib(start→end DIRECT): TRUE(!!)  colli=(-4.73,-0.64)
[trajectory_generator_node-6] [DIAG] direct line: 107 steps, 0 wall cells
[trajectory_generator_node-6] [smoothTopoPath] INPUT size=3
[trajectory_generator_node-6] [smoothTopoPath]   in[0]: (-4.733, -0.638, 0.015)
[trajectory_generator_node-6] [smoothTopoPath]   in[1]: (-4.733, -1.638, 0.015)
[trajectory_generator_node-6] [smoothTopoPath]   in[2]: (-0.919, -4.454, 0.015)
[trajectory_generator_node-6] [smoothTopoPath] lineVisib(start→end): TRUE(!)  colli=(0.00,0.00)
[trajectory_generator_node-6] [smoothTopoPath] OUTPUT size=2, iter_count=1
[trajectory_generator_node-6] [smoothTopoPath]   out[0]: (-4.733, -0.638, 0.015)
[trajectory_generator_node-6] [smoothTopoPath]   out[1]: (-0.919, -4.454, 0.015)
[trajectory_generator_node-6] [DIAG] optimized_path (smoothTopoPath) size: 2
[trajectory_generator_node-6] [DIAG]   opt[0]: (-4.733, -0.638, 0.015)
[trajectory_generator_node-6] [DIAG]   opt[1]: (-0.919, -4.454, 0.015)
[trajectory_generator_node-6] optimized_path size: 2
[trajectory_generator_node-6] [Manager] reference_speed: (0.30)
[trajectory_generator_node-6] [Smooth Optimize] MINCO Optimization Success: Success: met stopping criteria (past f decrease less than delta).
[trajectory_generator_node-6] [Smooth Optimize] MINCO: cost=0.0 total_T=20.084(init 17.983) max_drift=0.001 max_vel=0.4 segs=18
[trajectory_generator_node-6] [Smooth Resample] resample
[trajectory_generator_node-6] [Smooth Resample] 19 -> 10 waypoints, 9 time segs, max_turn=0.0 deg
[trajectory_generator_node-6] [Manager] optimizer generate time: 0.002935
[trajectory_generator_node-6] [Reference] path size : 10
[trajectory_generator_node-6] [Reference] solvePolyMatrix ENTER: N=9, path_size=10, trap_time_size=9
[trajectory_generator_node-6] [Reference]   path[0]=(-4.7326,-0.6381) path[1]=(-4.3086,-1.0625) t[0]=3.003739 state_vel=(-0.1032,-0.2679)
[trajectory_generator_node-6] [Reference] banded solve done. b[0]=0.265018 b[N]=-0.172527 b2[0]=0.174595 b2[N]=0.172705
[trajectory_generator_node-6] [Reference] solvePolyMatrix EXIT: polyX[0]=[-0.017028 0.132509 -0.103240 -4.732570]
[trajectory_generator_node-6] [INFO] [1790446962.042391320] [trajectory_generation]: FSM published 9 trajectory pieces
[trajectory_tracking_node-8] [WARN] [1790446967.064966245] [trajectory_tracking]: RM_GridMap predicted-path replan requested: collision_samples=0 trajectory_age=5.01
[trajectory_generator_node-6] [Manager REPLAN]  cur position point (X, Y) = (-3.904794, -1.513750), target point (X, Y) = (-0.919000, -4.454000)
[trajectory_generator_node-6] [Manager REPLAN] target_temp (X, Y) = (-0.919000, -4.454000)
[trajectory_generator_node-6] [Manager REPLAN] robot 1.20m from path, full replan
[trajectory_generator_node-6] [Manager] start point, (x, y): (-3.90, -1.51)
[trajectory_generator_node-6] [Manager] receive target, (x, y): (-0.92, -4.45)
[trajectory_generator_node-6] [Topo]: m_graph before num: 1604
[trajectory_generator_node-6] [Topo]: dijkstra time: 0.024739
[trajectory_generator_node-6] [Topo]: topo search time: 0.113039
[trajectory_generator_node-6] [Topo]: m_graph num: 2572
[trajectory_generator_node-6] [DIAG] origin_path (Dijkstra) size: 3
[trajectory_generator_node-6] [DIAG]   origin[0]: (-3.905, -1.514, 0.015)
[trajectory_generator_node-6] [DIAG]   origin[1]: (-2.905, -1.514, 0.015)
[trajectory_generator_node-6] [DIAG]   origin[2]: (-0.919, -4.454, 0.015)
[trajectory_generator_node-6] [DIAG] lineVisib(start→end DIRECT): TRUE(!!)  colli=(-3.90,-1.51)
[trajectory_generator_node-6] [DIAG] direct line: 83 steps, 0 wall cells
[trajectory_generator_node-6] [smoothTopoPath] INPUT size=3
[trajectory_generator_node-6] [smoothTopoPath]   in[0]: (-3.905, -1.514, 0.015)
[trajectory_generator_node-6] [smoothTopoPath]   in[1]: (-2.905, -1.514, 0.015)
[trajectory_generator_node-6] [smoothTopoPath]   in[2]: (-0.919, -4.454, 0.015)
[trajectory_generator_node-6] [smoothTopoPath] lineVisib(start→end): TRUE(!)  colli=(0.00,0.00)
[trajectory_generator_node-6] [smoothTopoPath] OUTPUT size=2, iter_count=1
[trajectory_generator_node-6] [smoothTopoPath]   out[0]: (-3.905, -1.514, 0.015)
[trajectory_generator_node-6] [smoothTopoPath]   out[1]: (-0.919, -4.454, 0.015)
[trajectory_generator_node-6] [DIAG] optimized_path (smoothTopoPath) size: 2
[trajectory_generator_node-6] [DIAG]   opt[0]: (-3.905, -1.514, 0.015)
[trajectory_generator_node-6] [DIAG]   opt[1]: (-0.919, -4.454, 0.015)
[trajectory_generator_node-6] optimized_path size: 2
[trajectory_generator_node-6] [Manager] reference_speed: (0.30)
[trajectory_generator_node-6] [Smooth Optimize] MINCO Optimization Success: Success: met stopping criteria (past f decrease less than delta).
[trajectory_generator_node-6] [Smooth Optimize] MINCO: cost=0.0 total_T=15.025(init 13.968) max_drift=0.002 max_vel=0.3 segs=14
[trajectory_generator_node-6] [Smooth Resample] resample
[trajectory_generator_node-6] [Smooth Resample] 15 -> 8 waypoints, 7 time segs, max_turn=0.1 deg
[trajectory_generator_node-6] [Manager] optimizer generate time: 0.005540
[trajectory_generator_node-6] [Reference] path size : 8
[trajectory_generator_node-6] [Reference] solvePolyMatrix ENTER: N=7, path_size=8, trap_time_size=7
[trajectory_generator_node-6] [Reference]   path[0]=(-3.9048,-1.5137) path[1]=(-3.4769,-1.9344) t[0]=2.022655 state_vel=(0.1971,-0.2239)
[trajectory_generator_node-6] [Reference] banded solve done. b[0]=0.023794 b[N]=-0.135502 b2[0]=0.028653 b2[N]=0.133412
[trajectory_generator_node-6] [Reference] solvePolyMatrix EXIT: polyX[0]=[-0.002342 0.011897 0.197088 -3.904794]
[trajectory_generator_node-6] [INFO] [1790446967.215713838] [trajectory_generation]: FSM published 7 trajectory pieces
[trajectory_tracking_node-8] [WARN] [1790446972.244751529] [trajectory_tracking]: RM_GridMap predicted-path replan requested: collision_samples=0 trajectory_age=5.01
[trajectory_generator_node-6] [Manager REPLAN]  cur position point (X, Y) = (-2.843848, -2.565946), target point (X, Y) = (-0.919000, -4.454000)
[trajectory_generator_node-6] [Manager REPLAN] target_temp (X, Y) = (-0.919000, -4.454000)
[trajectory_generator_node-6] [Manager REPLAN] robot 1.49m from path, full replan
[trajectory_generator_node-6] [Manager] start point, (x, y): (-2.84, -2.57)
[trajectory_generator_node-6] [Manager] receive target, (x, y): (-0.92, -4.45)
[trajectory_generator_node-6] [Topo]: m_graph before num: 1603
[trajectory_generator_node-6] [Topo]: dijkstra time: 0.015454
[trajectory_generator_node-6] [Topo]: topo search time: 0.132410
[trajectory_generator_node-6] [Topo]: m_graph num: 2549
[trajectory_generator_node-6] [DIAG] origin_path (Dijkstra) size: 3
[trajectory_generator_node-6] [DIAG]   origin[0]: (-2.844, -2.566, 0.015)
[trajectory_generator_node-6] [DIAG]   origin[1]: (-1.844, -2.566, 0.015)
[trajectory_generator_node-6] [DIAG]   origin[2]: (-0.919, -4.454, 0.015)
[trajectory_generator_node-6] [DIAG] lineVisib(start→end DIRECT): TRUE(!!)  colli=(-2.84,-2.57)
[trajectory_generator_node-6] [DIAG] direct line: 53 steps, 0 wall cells
[trajectory_generator_node-6] [smoothTopoPath] INPUT size=3
[trajectory_generator_node-6] [smoothTopoPath]   in[0]: (-2.844, -2.566, 0.015)
[trajectory_generator_node-6] [smoothTopoPath]   in[1]: (-1.844, -2.566, 0.015)
[trajectory_generator_node-6] [smoothTopoPath]   in[2]: (-0.919, -4.454, 0.015)
[trajectory_generator_node-6] [smoothTopoPath] lineVisib(start→end): TRUE(!)  colli=(0.00,0.00)
[trajectory_generator_node-6] [smoothTopoPath] OUTPUT size=2, iter_count=1
[trajectory_generator_node-6] [smoothTopoPath]   out[0]: (-2.844, -2.566, 0.015)
[trajectory_generator_node-6] [smoothTopoPath]   out[1]: (-0.919, -4.454, 0.015)
[trajectory_generator_node-6] [DIAG] optimized_path (smoothTopoPath) size: 2
[trajectory_generator_node-6] [DIAG]   opt[0]: (-2.844, -2.566, 0.015)
[trajectory_generator_node-6] [DIAG]   opt[1]: (-0.919, -4.454, 0.015)
[trajectory_generator_node-6] optimized_path size: 2
[trajectory_generator_node-6] [Manager] reference_speed: (0.30)
[trajectory_generator_node-6] [Smooth Optimize] MINCO Optimization Success: Success: met stopping criteria (past f decrease less than delta).
[trajectory_generator_node-6] [Smooth Optimize] MINCO: cost=0.0 total_T=10.025(init 8.988) max_drift=0.000 max_vel=0.3 segs=9
[trajectory_generator_node-6] [Smooth Resample] resample
[trajectory_generator_node-6] [Smooth Resample] 10 -> 6 waypoints, 5 time segs, max_turn=0.0 deg
[trajectory_generator_node-6] [Manager] optimizer generate time: 0.001874
[trajectory_generator_node-6] [Reference] path size : 6
[trajectory_generator_node-6] [Reference] solvePolyMatrix ENTER: N=5, path_size=6, trap_time_size=5
[trajectory_generator_node-6] [Reference]   path[0]=(-2.8438,-2.5659) path[1]=(-2.4157,-2.9858) t[0]=2.003187 state_vel=(0.2128,-0.2098)
[trajectory_generator_node-6] [Reference] banded solve done. b[0]=-0.000522 b[N]=-0.130448 b2[0]=0.002549 b2[N]=0.128064
[trajectory_generator_node-6] [Reference] solvePolyMatrix EXIT: polyX[0]=[0.000367 -0.000261 0.212786 -2.843848]
[trajectory_generator_node-6] [INFO] [1790446972.390631568] [trajectory_generation]: FSM published 5 trajectory pieces
[trajectory_tracking_node-8] [WARN] [1790446977.403345815] [trajectory_tracking]: RM_GridMap predicted-path replan requested: collision_samples=0 trajectory_age=5.01
[trajectory_generator_node-6] [Manager REPLAN]  cur position point (X, Y) = (-1.758523, -3.614063), target point (X, Y) = (-0.919000, -4.454000)
[trajectory_generator_node-6] [Manager REPLAN] target_temp (X, Y) = (-0.919000, -4.454000)
[trajectory_generator_node-6] [Manager REPLAN] robot 1.19m from path, full replan
[trajectory_generator_node-6] [Manager] start point, (x, y): (-1.76, -3.61)
[trajectory_generator_node-6] [Manager] receive target, (x, y): (-0.92, -4.45)
[trajectory_generator_node-6] [Topo]: m_graph before num: 1096
[trajectory_generator_node-6] [Topo]: dijkstra time: 0.009471
[trajectory_generator_node-6] [Topo]: topo search time: 0.115345
[trajectory_generator_node-6] [Topo]: m_graph num: 1989
[trajectory_generator_node-6] [DIAG] origin_path (Dijkstra) size: 3
[trajectory_generator_node-6] [DIAG]   origin[0]: (-1.759, -3.614, 0.015)
[trajectory_generator_node-6] [DIAG]   origin[1]: (-0.759, -3.614, 0.015)
[trajectory_generator_node-6] [DIAG]   origin[2]: (-0.919, -4.454, 0.015)
[trajectory_generator_node-6] [DIAG] lineVisib(start→end DIRECT): TRUE(!!)  colli=(-1.76,-3.61)
[trajectory_generator_node-6] [DIAG] direct line: 23 steps, 0 wall cells
[trajectory_generator_node-6] [smoothTopoPath] INPUT size=3
[trajectory_generator_node-6] [smoothTopoPath]   in[0]: (-1.759, -3.614, 0.015)
[trajectory_generator_node-6] [smoothTopoPath]   in[1]: (-0.759, -3.614, 0.015)
[trajectory_generator_node-6] [smoothTopoPath]   in[2]: (-0.919, -4.454, 0.015)
[trajectory_generator_node-6] [smoothTopoPath] lineVisib(start→end): TRUE(!)  colli=(0.00,0.00)
[trajectory_generator_node-6] [smoothTopoPath] OUTPUT size=2, iter_count=1
[trajectory_generator_node-6] [smoothTopoPath]   out[0]: (-1.759, -3.614, 0.015)
[trajectory_generator_node-6] [smoothTopoPath]   out[1]: (-0.919, -4.454, 0.015)
[trajectory_generator_node-6] [DIAG] optimized_path (smoothTopoPath) size: 2
[trajectory_generator_node-6] [DIAG]   opt[0]: (-1.759, -3.614, 0.015)
[trajectory_generator_node-6] [DIAG]   opt[1]: (-0.919, -4.454, 0.015)
[trajectory_generator_node-6] optimized_path size: 2
[trajectory_generator_node-6] [Manager] reference_speed: (0.30)
[trajectory_generator_node-6] [Smooth Optimize] MINCO Optimization Success: Success: met stopping criteria (past f decrease less than delta).
[trajectory_generator_node-6] [Smooth Optimize] MINCO: cost=0.0 total_T=5.271(init 3.959) max_drift=0.001 max_vel=0.3 segs=4
[trajectory_generator_node-6] [Smooth Resample] resample
[trajectory_generator_node-6] [Smooth Resample] 5 -> 3 waypoints, 2 time segs, max_turn=0.1 deg
[trajectory_generator_node-6] [Manager] optimizer generate time: 0.000440
[trajectory_generator_node-6] [Reference] path size : 3
[trajectory_generator_node-6] [Reference] solvePolyMatrix ENTER: N=2, path_size=3, trap_time_size=2
[trajectory_generator_node-6] [Reference]   path[0]=(-1.7585,-3.6141) path[1]=(-1.3348,-4.0388) t[0]=2.105633 state_vel=(0.2143,-0.2031)
[trajectory_generator_node-6] [Reference] banded solve done. b[0]=-0.019557 b[N]=-0.125398 b2[0]=0.000287 b2[N]=0.122672
[trajectory_generator_node-6] [Reference] solvePolyMatrix EXIT: polyX[0]=[0.001690 -0.009778 0.214330 -1.758523]
[trajectory_generator_node-6] [INFO] [1790446977.530943808] [trajectory_generation]: FSM published 2 trajectory pieces
[trajectory_tracking_node-8] [WARN] [1790446982.549628710] [trajectory_tracking]: trajectory tracking stopped: invalid coefficient array length
[trajectory_tracking_node-8] [WARN] [1790446984.642829947] [trajectory_tracking]: trajectory tracking stopped: no valid trajectory
[trajectory_generator_node-6] [INFO] [1790446985.635959075] [trajectory_generation]: FSM accepted manual goal goal=(-0.92, -4.45, 0.02)
[trajectory_generator_node-6] [Manager] start point, (x, y): (-2.72, 1.95)
[trajectory_generator_node-6] [Manager] receive target, (x, y): (-0.92, -4.45)
[trajectory_generator_node-6] [Topo]: m_graph before num: 1605
[trajectory_generator_node-6] [Topo]: dijkstra time: 0.011849
[trajectory_generator_node-6] [Topo]: topo search time: 0.125698
[trajectory_generator_node-6] [Topo]: m_graph num: 2573
[trajectory_generator_node-6] [DIAG] origin_path (Dijkstra) size: 5
[trajectory_generator_node-6] [DIAG]   origin[0]: (-2.719, 1.946, 0.015)
[trajectory_generator_node-6] [DIAG]   origin[1]: (-1.719, 1.946, 0.015)
[trajectory_generator_node-6] [DIAG]   origin[2]: (-3.769, 2.396, 0.015)
[trajectory_generator_node-6] [DIAG]   origin[3]: (-5.019, -1.604, 0.015)
[trajectory_generator_node-6] [DIAG]   origin[4]: (-0.919, -4.454, 0.015)
[trajectory_generator_node-6] [DIAG] lineVisib(start→end DIRECT): false  colli=(-2.72,1.95)
[trajectory_generator_node-6] [DIAG] direct line: 132 steps, 91 wall cells
[trajectory_generator_node-6] [smoothTopoPath] INPUT size=5
[trajectory_generator_node-6] [smoothTopoPath]   in[0]: (-2.719, 1.946, 0.015)
[trajectory_generator_node-6] [smoothTopoPath]   in[1]: (-1.719, 1.946, 0.015)
[trajectory_generator_node-6] [smoothTopoPath]   in[2]: (-3.769, 2.396, 0.015)
[trajectory_generator_node-6] [smoothTopoPath]   in[3]: (-5.019, -1.604, 0.015)
[trajectory_generator_node-6] [smoothTopoPath]   in[4]: (-0.919, -4.454, 0.015)
[trajectory_generator_node-6] [smoothTopoPath] lineVisib(start→end): false  colli=(-2.72,1.95)
[trajectory_generator_node-6] [smoothTopoPath] OUTPUT size=5, iter_count=4
[trajectory_generator_node-6] [smoothTopoPath]   out[0]: (-2.719, 1.946, 0.015)
[trajectory_generator_node-6] [smoothTopoPath]   out[1]: (-2.669, 2.246, 0.015)
[trajectory_generator_node-6] [smoothTopoPath]   out[2]: (-4.461, 1.045, 0.015)
[trajectory_generator_node-6] [smoothTopoPath]   out[3]: (-5.152, -1.676, 0.015)
[trajectory_generator_node-6] [smoothTopoPath]   out[4]: (-0.919, -4.454, 0.015)
[trajectory_generator_node-6] [DIAG] optimized_path (smoothTopoPath) size: 5
[trajectory_generator_node-6] [DIAG]   opt[0]: (-2.719, 1.946, 0.015)
[trajectory_generator_node-6] [DIAG]   opt[1]: (-2.669, 2.246, 0.015)
[trajectory_generator_node-6] [DIAG]   opt[2]: (-4.461, 1.045, 0.015)
[trajectory_generator_node-6] [DIAG]   opt[3]: (-5.152, -1.676, 0.015)
[trajectory_generator_node-6] [DIAG]   opt[4]: (-0.919, -4.454, 0.015)
[trajectory_generator_node-6] optimized_path size: 5
[trajectory_generator_node-6] [Manager] reference_speed: (0.30)
[trajectory_generator_node-6] [LBFGS] search direction d:   0.00128223  -0.00741577   0.00109635 -0.000746083   0.00127806  -0.00021064  9.20722e-05 -1.13646e-05  -5.8715e-05  0.000139976 -5.80958e-05  5.27674e-05 -0.000766516   0.00056007   0.00020953  1.10168e-05 -1.63559e-05 -1.30046e-05  4.56734e-05 -5.78623e-05  5.11801e-05 -3.61465e-05  2.12465e-05 -8.99783e-06 -2.04719e-06  1.53251e-05  -3.5736e-05  6.96317e-05 -0.000123706  0.000200192 -0.000284041  0.000336299 -0.000309898 -1.38688e-05 -2.19249e-05  0.000964806  -0.00118669  0.000399526 -0.000162954 -1.97761e-05  0.000174571 -0.000249844  0.000197216 -2.01519e-07  9.11455e-05 -0.000120307  -0.00048681  0.000280495 -0.000385631  0.000401502 -0.000369031  0.000258511 -0.000180762  0.000116736 -6.97012e-05  3.95114e-05 -2.27683e-05  1.59326e-05 -1.71439e-05  2.67491e-05 -4.71683e-05  8.18163e-05 -0.000131645  0.000186522 -0.000220759  0.000203408   0.00516648   0.00156251 -0.000124111  4.57665e-05  2.17622e-05  -2.1969e-05  6.20138e-06   2.7591e-05   8.7712e-05 -0.000125946  0.000320688  1.27269e-05    0.0013073 -8.92058e-05  0.000196322 -6.04192e-05  7.96069e-06  0.000108282  2.88031e-05 -1.79141e-05  8.86628e-06  -3.4054e-06  1.28983e-06 -7.30155e-07  8.04307e-07 -1.34649e-06  2.34011e-06 -3.73181e-06  4.50316e-06 -1.21129e-06 -2.02463e-05  9.83623e-05 -0.000217118   0.00116653
[trajectory_generator_node-6] [Smooth Optimize] MINCO reaches max evaluations: Line search reaches the maximum try number, assumptions not satisfied or precision not achievable.
[trajectory_generator_node-6] [Smooth Optimize] MINCO: cost=2.2 total_T=36.875(init 34.190) max_drift=0.197 max_vel=0.4 segs=34
[trajectory_generator_node-6] [Smooth Resample] resample
[trajectory_generator_node-6] [Smooth Resample] 35 -> 18 waypoints, 17 time segs, max_turn=77.6 deg
[trajectory_generator_node-6] [Manager] optimizer generate time: 0.005182
[trajectory_generator_node-6] [Reference] path size : 18
[trajectory_generator_node-6] [Reference] solvePolyMatrix ENTER: N=17, path_size=18, trap_time_size=17
[trajectory_generator_node-6] [Reference]   path[0]=(-2.7190,1.9460) path[1]=(-2.9272,2.1477) t[0]=3.300281 state_vel=(0.0000,0.0000)
[trajectory_generator_node-6] [Reference] banded solve done. b[0]=0.010977 b[N]=-0.284834 b2[0]=0.149284 b2[N]=0.186960
[trajectory_generator_node-6] [Reference] solvePolyMatrix EXIT: polyX[0]=[-0.007456 0.005488 0.000000 -2.719000]
[trajectory_generator_node-6] [INFO] [1790446985.796048023] [trajectory_generation]: FSM published 17 trajectory pieces
[trajectory_tracking_node-8] [WARN] [1790446990.838934507] [trajectory_tracking]: RM_GridMap predicted-path replan requested: collision_samples=0 trajectory_age=5.03
[trajectory_generator_node-6] [Manager REPLAN]  cur position point (X, Y) = (-3.395448, 1.926868), target point (X, Y) = (-0.919000, -4.454000)
[trajectory_generator_node-6] [Manager REPLAN] target_temp (X, Y) = (-0.919000, -4.454000)
[trajectory_generator_node-6] [Manager REPLAN] path safe & target unchanged, re-anchoring from cur pos
[trajectory_generator_node-6] [LBFGS] search direction d:   0.00480579 -0.000340746  4.15805e-05  -0.00120675  0.000414811 -0.000225342  -0.00119899 -5.49974e-05  0.000148743 -0.000281179   0.00028735  2.24726e-05 -8.02925e-05 -0.000784151  0.000594184  0.000351424  0.000451556  0.000178043 -0.000408673  0.000180832  9.59102e-05 -0.000133793  7.70032e-05 -3.06985e-05  5.67388e-06  5.44427e-06 -8.94922e-06  5.66984e-06  1.05647e-05 -5.42272e-05  0.000144577 -0.000279319  0.000325666  0.000150834  -0.00258291  -0.00110178  -0.00126804  -0.00216844  0.000981408 -0.000779756  6.39464e-06  0.000767366 -4.44397e-05  1.77771e-05  9.75882e-05 -0.000306965    0.0007655  7.57756e-05  -0.00201354   0.00120033  0.000201359 -8.72308e-05  0.000100405 -0.000137309  4.31992e-05  3.40569e-05 -2.57713e-05  4.76104e-06  9.95448e-07  -1.4152e-07 -2.16742e-06  3.68776e-06  -2.0167e-06 -8.00769e-06  3.61941e-05  -9.5205e-05  0.000183482  -0.00021382 -9.89668e-05   0.00169526    0.0216389  -0.00465305   0.00239323   0.00844654  -0.00196725   0.00042501 -2.33993e-05  5.69295e-05 -0.000278655  0.000708195  0.000963238  -0.00101089   0.00273841  0.000379183     0.006755   -0.0012173   0.00130945 -0.000678551   0.00161758   0.00194247 -0.000832085   0.00024847 -6.68146e-05  1.78289e-05 -4.77269e-06  1.25242e-06 -3.52529e-07  6.54961e-07 -2.40795e-06  8.17522e-06 -2.71317e-05  9.78795e-05 -0.000352619   0.00135397   -0.0033193    0.0211939
[trajectory_generator_node-6] [Smooth Optimize] MINCO reaches max evaluations: Line search reaches the maximum try number, assumptions not satisfied or precision not achievable.
[trajectory_generator_node-6] [Smooth Optimize] MINCO: cost=3.1 total_T=36.058(init 35.225) max_drift=0.279 max_vel=0.5 segs=36
[trajectory_generator_node-6] [Smooth Resample] resample
[trajectory_generator_node-6] [Smooth Resample] 37 -> 19 waypoints, 18 time segs, max_turn=179.9 deg
[trajectory_generator_node-6] [Reference] path size : 19
[trajectory_generator_node-6] [Reference] solvePolyMatrix ENTER: N=18, path_size=19, trap_time_size=18
[trajectory_generator_node-6] [Reference]   path[0]=(-3.3954,1.9269) path[1]=(-2.8274,2.2135) t[0]=2.087540 state_vel=(-0.3291,-0.2656)
[trajectory_generator_node-6] [Reference] banded solve done. b[0]=1.245784 b[N]=-0.383553 b2[0]=0.791419 b2[N]=0.251751
[trajectory_generator_node-6] [Reference] solvePolyMatrix EXIT: polyX[0]=[-0.160423 0.622892 -0.329104 -3.395448]
[trajectory_generator_node-6] [Reference] solvePolyMatrix ENTER: N=18, path_size=19, trap_time_size=18
[trajectory_generator_node-6] [Reference]   path[0]=(-3.3954,1.9269) path[1]=(-2.8274,2.2135) t[0]=2.296294 state_vel=(-0.3291,-0.2656)
[trajectory_generator_node-6] [Reference] banded solve done. b[0]=1.076638 b[N]=-0.319732 b2[0]=0.692103 b2[N]=0.209862
[trajectory_generator_node-6] [Reference] solvePolyMatrix EXIT: polyX[0]=[-0.125102 0.538319 -0.329104 -3.395448]
[trajectory_generator_node-6] [Reference] solvePolyMatrix ENTER: N=18, path_size=19, trap_time_size=18
[trajectory_generator_node-6] [Reference]   path[0]=(-3.3954,1.9269) path[1]=(-2.8274,2.2135) t[0]=2.525924 state_vel=(-0.3291,-0.2656)
[trajectory_generator_node-6] [Reference] banded solve done. b[0]=0.932621 b[N]=-0.266930 b2[0]=0.606611 b2[N]=0.175205
[trajectory_generator_node-6] [Reference] solvePolyMatrix EXIT: polyX[0]=[-0.097782 0.466310 -0.329104 -3.395448]
[trajectory_generator_node-6] [Reference] solvePolyMatrix ENTER: N=18, path_size=19, trap_time_size=18
[trajectory_generator_node-6] [Reference]   path[0]=(-3.3954,1.9269) path[1]=(-2.8274,2.2135) t[0]=2.778516 state_vel=(-0.3291,-0.2656)
[trajectory_generator_node-6] [Reference] banded solve done. b[0]=0.809749 b[N]=-0.266930 b2[0]=0.532848 b2[N]=0.175205
[trajectory_generator_node-6] [Reference] solvePolyMatrix EXIT: polyX[0]=[-0.076605 0.404875 -0.329104 -3.395448]
[trajectory_generator_node-6] [Reference] solvePolyMatrix ENTER: N=18, path_size=19, trap_time_size=18
[trajectory_generator_node-6] [Reference]   path[0]=(-3.3954,1.9269) path[1]=(-2.8274,2.2135) t[0]=3.056368 state_vel=(-0.3291,-0.2656)
[trajectory_generator_node-6] [Reference] banded solve done. b[0]=0.704696 b[N]=-0.266930 b2[0]=0.469056 b2[N]=0.175205
[trajectory_generator_node-6] [Reference] solvePolyMatrix EXIT: polyX[0]=[-0.060157 0.352348 -0.329104 -3.395448]
[trajectory_generator_node-6] [Reference] solvePolyMatrix ENTER: N=18, path_size=19, trap_time_size=18
[trajectory_generator_node-6] [Reference]   path[0]=(-3.3954,1.9269) path[1]=(-2.8274,2.2135) t[0]=3.362004 state_vel=(-0.3291,-0.2656)
[trajectory_generator_node-6] [Reference] banded solve done. b[0]=0.614682 b[N]=-0.266930 b2[0]=0.413756 b2[N]=0.175205
[trajectory_generator_node-6] [Reference] solvePolyMatrix EXIT: polyX[0]=[-0.047352 0.307341 -0.329104 -3.395448]
[trajectory_generator_node-6] [Reference] solvePolyMatrix ENTER: N=18, path_size=19, trap_time_size=18
[trajectory_generator_node-6] [Reference]   path[0]=(-3.3954,1.9269) path[1]=(-2.8274,2.2135) t[0]=3.698205 state_vel=(-0.3291,-0.2656)
[trajectory_generator_node-6] [Reference] banded solve done. b[0]=0.537383 b[N]=-0.266930 b2[0]=0.365704 b2[N]=0.175205
[trajectory_generator_node-6] [Reference] solvePolyMatrix EXIT: polyX[0]=[-0.037361 0.268691 -0.329104 -3.395448]
[trajectory_generator_node-6] [Reference] solvePolyMatrix ENTER: N=18, path_size=19, trap_time_size=18
[trajectory_generator_node-6] [Reference]   path[0]=(-3.3954,1.9269) path[1]=(-2.8274,2.2135) t[0]=4.068025 state_vel=(-0.3291,-0.2656)
[trajectory_generator_node-6] [Reference] banded solve done. b[0]=0.469927 b[N]=-0.266930 b2[0]=0.323032 b2[N]=0.175205
[trajectory_generator_node-6] [Reference] solvePolyMatrix EXIT: polyX[0]=[-0.029434 0.234964 -0.329104 -3.395448]
[trajectory_generator_node-6] [Reference] solvePolyMatrix ENTER: N=18, path_size=19, trap_time_size=18
[trajectory_generator_node-6] [Reference]   path[0]=(-3.3954,1.9269) path[1]=(-2.8274,2.2135) t[0]=4.474828 state_vel=(-0.3291,-0.2656)
[trajectory_generator_node-6] [Reference] banded solve done. b[0]=0.411770 b[N]=-0.266930 b2[0]=0.285841 b2[N]=0.175205
[trajectory_generator_node-6] [Reference] solvePolyMatrix EXIT: polyX[0]=[-0.023235 0.205885 -0.329104 -3.395448]
[trajectory_generator_node-6] [Reference] solvePolyMatrix ENTER: N=18, path_size=19, trap_time_size=18
[trajectory_generator_node-6] [Reference]   path[0]=(-3.3954,1.9269) path[1]=(-2.8274,2.2135) t[0]=4.922310 state_vel=(-0.3291,-0.2656)
[trajectory_generator_node-6] [Reference] banded solve done. b[0]=0.361523 b[N]=-0.266930 b2[0]=0.253358 b2[N]=0.175205
[trajectory_generator_node-6] [Reference] solvePolyMatrix EXIT: polyX[0]=[-0.018377 0.180762 -0.329104 -3.395448]
[trajectory_generator_node-6] [Reference] solvePolyMatrix ENTER: N=18, path_size=19, trap_time_size=18
[trajectory_generator_node-6] [Reference]   path[0]=(-3.3954,1.9269) path[1]=(-2.8274,2.2135) t[0]=5.414542 state_vel=(-0.3291,-0.2656)
[trajectory_generator_node-6] [Reference] banded solve done. b[0]=0.318020 b[N]=-0.266930 b2[0]=0.224929 b2[N]=0.175205
[trajectory_generator_node-6] [Reference] solvePolyMatrix EXIT: polyX[0]=[-0.014563 0.159010 -0.329104 -3.395448]
[trajectory_generator_node-6] [Reference] solvePolyMatrix ENTER: N=18, path_size=19, trap_time_size=18
[trajectory_generator_node-6] [Reference]   path[0]=(-3.3954,1.9269) path[1]=(-2.8274,2.2135) t[0]=5.955996 state_vel=(-0.3291,-0.2656)
[trajectory_generator_node-6] [Reference] banded solve done. b[0]=0.280276 b[N]=-0.266930 b2[0]=0.199997 b2[N]=0.175205
[trajectory_generator_node-6] [Reference] solvePolyMatrix EXIT: polyX[0]=[-0.011563 0.140138 -0.329104 -3.395448]
[trajectory_generator_node-6] [INFO] [1790446990.867531602] [trajectory_generation]: FSM published 18 trajectory pieces
[trajectory_tracking_node-8] [WARN] [1790446995.885613160] [trajectory_tracking]: RM_GridMap predicted-path replan requested: collision_samples=0 trajectory_age=5.01
[trajectory_generator_node-6] [Manager REPLAN]  cur position point (X, Y) = (-2.977719, 2.129175), target point (X, Y) = (-0.919000, -4.454000)
[trajectory_generator_node-6] [Manager REPLAN] target_temp (X, Y) = (-0.919000, -4.454000)
[trajectory_generator_node-6] [Manager REPLAN] path safe & target unchanged, re-anchoring from cur pos
[trajectory_generator_node-6] [LBFGS] search direction d:  0.000983397  0.000906634   0.00132077  0.000867292 -0.000611528  0.000330937 -0.000124232  0.000217744 -0.000536509 -0.000154975 -1.88581e-05  0.000681339  0.000709516 -0.000296511   2.6201e-05  7.77889e-05 -0.000111221   0.00014019 -0.000117055  6.49593e-05 -3.03532e-05   2.3739e-05 -4.16751e-05  8.13989e-05 -0.000140715  0.000208728 -0.000254233  0.000236463 -0.000167655  0.000247171 -0.000396916  0.000971987  0.000489642  -0.00328501  0.000777788 -0.000608867  0.000330015 -0.000101513 -9.90102e-07  -0.00191737  2.34558e-05  -0.00016124   0.00188225  4.20469e-05 -0.000705175  0.000929968 -0.000799292  0.000466105 -0.000269899  0.000175052 -0.000130057   9.7484e-05 -7.40272e-05  6.53419e-05 -7.54317e-05  0.000103978 -0.000142662  0.000169422 -0.000156266   0.00011044 -0.000162361  0.000260551    0.0741124  -0.00683401    0.0039944 -0.000711452 -0.000121432   0.00114969    0.0030586  -0.00425738    0.0112392   0.00186071    0.0457912   -0.0027824    0.0042998  -0.00105302  0.000433222   0.00356088 -0.000260144 -7.06311e-05  9.11185e-05 -3.33812e-05  1.42043e-05 -6.79974e-06  5.27527e-06 -5.40408e-06  5.74006e-06  2.65046e-06 -4.13049e-05  0.000224632 -0.000867927   0.00322717  -0.00657873    0.0367681
[trajectory_generator_node-6] [Smooth Optimize] MINCO reaches max evaluations: Line search reaches the maximum try number, assumptions not satisfied or precision not achievable.
[trajectory_generator_node-6] [Smooth Optimize] MINCO: cost=1.9 total_T=34.915(init 32.147) max_drift=0.214 max_vel=0.3 segs=32
[trajectory_generator_node-6] [Smooth Resample] resample
[trajectory_generator_node-6] [Smooth Resample] 33 -> 17 waypoints, 16 time segs, max_turn=54.1 deg
[trajectory_generator_node-6] [Reference] path size : 17
[trajectory_generator_node-6] [Reference] solvePolyMatrix ENTER: N=16, path_size=17, trap_time_size=16
[trajectory_generator_node-6] [Reference]   path[0]=(-2.9777,2.1292) path[1]=(-3.4812,1.7977) t[0]=2.918808 state_vel=(0.2501,0.1745)
[trajectory_generator_node-6] [Reference] banded solve done. b[0]=-0.498711 b[N]=-0.229097 b2[0]=-0.318338 b2[N]=0.150376
[trajectory_generator_node-6] [Reference] solvePolyMatrix EXIT: polyX[0]=[0.035822 -0.249355 0.250122 -2.977719]
[trajectory_generator_node-6] [Reference] solvePolyMatrix ENTER: N=16, path_size=17, trap_time_size=16
[trajectory_generator_node-6] [Reference]   path[0]=(-2.9777,2.1292) path[1]=(-3.4812,1.7977) t[0]=3.210688 state_vel=(0.2501,0.1745)
[trajectory_generator_node-6] [Reference] banded solve done. b[0]=-0.440156 b[N]=-0.229097 b2[0]=-0.281729 b2[N]=0.150376
[trajectory_generator_node-6] [Reference] solvePolyMatrix EXIT: polyX[0]=[0.029068 -0.220078 0.250122 -2.977719]
[trajectory_generator_node-6] [Reference] solvePolyMatrix ENTER: N=16, path_size=17, trap_time_size=16
[trajectory_generator_node-6] [Reference]   path[0]=(-2.9777,2.1292) path[1]=(-3.4812,1.7977) t[0]=3.531757 state_vel=(0.2501,0.1745)
[trajectory_generator_node-6] [Reference] banded solve done. b[0]=-0.389399 b[N]=-0.229097 b2[0]=-0.249897 b2[N]=0.150376
[trajectory_generator_node-6] [Reference] solvePolyMatrix EXIT: polyX[0]=[0.023646 -0.194699 0.250122 -2.977719]
[trajectory_generator_node-6] [Reference] solvePolyMatrix ENTER: N=16, path_size=17, trap_time_size=16
[trajectory_generator_node-6] [Reference]   path[0]=(-2.9777,2.1292) path[1]=(-3.4812,1.7977) t[0]=3.884933 state_vel=(0.2501,0.1745)
[trajectory_generator_node-6] [Reference] banded solve done. b[0]=-0.345275 b[N]=-0.229097 b2[0]=-0.222140 b2[N]=0.150376
[trajectory_generator_node-6] [Reference] solvePolyMatrix EXIT: polyX[0]=[0.019278 -0.172638 0.250122 -2.977719]
[trajectory_generator_node-6] [Reference] solvePolyMatrix ENTER: N=16, path_size=17, trap_time_size=16
[trajectory_generator_node-6] [Reference]   path[0]=(-2.9777,2.1292) path[1]=(-3.4812,1.7977) t[0]=4.273426 state_vel=(0.2501,0.1745)
[trajectory_generator_node-6] [Reference] banded solve done. b[0]=-0.306808 b[N]=-0.229097 b2[0]=-0.197867 b2[N]=0.150376
[trajectory_generator_node-6] [Reference] solvePolyMatrix EXIT: polyX[0]=[0.015749 -0.153404 0.250122 -2.977719]
[trajectory_generator_node-6] [Reference] solvePolyMatrix ENTER: N=16, path_size=17, trap_time_size=16
[trajectory_generator_node-6] [Reference]   path[0]=(-2.9777,2.1292) path[1]=(-3.4812,1.7977) t[0]=4.700769 state_vel=(0.2501,0.1745)
[trajectory_generator_node-6] [Reference] banded solve done. b[0]=-0.273178 b[N]=-0.229097 b2[0]=-0.176582 b2[N]=0.150376
[trajectory_generator_node-6] [Reference] solvePolyMatrix EXIT: polyX[0]=[0.012890 -0.136589 0.250122 -2.977719]
[trajectory_generator_node-6] [INFO] [1790446995.902535854] [trajectory_generation]: FSM published 16 trajectory pieces
[trajectory_tracking_node-8] [WARN] [1790447000.927861421] [trajectory_tracking]: RM_GridMap predicted-path replan requested: collision_samples=0 trajectory_age=5.02
[trajectory_generator_node-6] [Manager REPLAN]  cur position point (X, Y) = (-3.575565, 1.768895), target point (X, Y) = (-0.919000, -4.454000)
[trajectory_generator_node-6] [Manager REPLAN] target_temp (X, Y) = (-0.919000, -4.454000)
[trajectory_generator_node-6] [Manager REPLAN] path safe & target unchanged, re-anchoring from cur pos
[trajectory_generator_node-6] [LBFGS] search direction d: -3.25447e-05  1.04909e-05  2.72415e-06 -1.09457e-05  1.44417e-05  0.000103058 -7.06446e-05  0.000211194  -0.00266156 -6.40015e-06 -2.43151e-05  4.28256e-05 -4.57971e-05  3.98158e-05 -2.73569e-05  1.61212e-05 -7.56737e-06  2.98857e-06 -1.01541e-06  2.99889e-07 -1.40668e-07   3.8981e-07 -1.44178e-06  4.58408e-06 -1.27453e-05  3.10723e-05 -6.53734e-05    0.0001195 -0.000275625  -3.8431e-05  2.57267e-05  -2.1214e-05  1.42926e-05  5.79316e-06 -0.000138796 -8.90635e-05  -4.2015e-05  -0.00222852 -0.000196828  0.000156777 -7.68953e-05  2.83515e-05 -8.74379e-06  1.97426e-06 -9.05041e-07  7.58262e-07 -5.02447e-07  2.59444e-07 -1.16783e-07  9.26582e-08 -2.67289e-07  9.54456e-07   -3.013e-06  8.36722e-06 -2.03949e-05  4.29077e-05 -7.84333e-05  0.000180904  0.000340604 -7.58736e-05  4.58998e-06  4.16639e-05  6.92599e-05 -8.32416e-05  0.000241276  3.96874e-05   0.00520207 -7.77474e-05  9.70626e-05 -5.27924e-05  0.000155635  0.000175388 -7.37025e-05  2.23617e-05 -5.69524e-06  1.26112e-06 -2.02311e-07 -4.82021e-09  4.05679e-08 -6.62052e-08  1.00365e-07  1.03683e-08 -1.07579e-06  6.75612e-06 -2.98854e-05   0.00012305 -0.000311177   0.00210136
[trajectory_generator_node-6] [Smooth Optimize] MINCO reaches max evaluations: Line search reaches the maximum try number, assumptions not satisfied or precision not achievable.
[trajectory_generator_node-6] [Smooth Optimize] MINCO: cost=2.5 total_T=30.511(init 29.916) max_drift=0.283 max_vel=0.5 segs=30
[trajectory_generator_node-6] [Smooth Resample] resample
[trajectory_generator_node-6] [Smooth Resample] 31 -> 16 waypoints, 15 time segs, max_turn=42.6 deg
[trajectory_generator_node-6] [Reference] path size : 16
[trajectory_generator_node-6] [Reference] solvePolyMatrix ENTER: N=15, path_size=16, trap_time_size=15
[trajectory_generator_node-6] [Reference]   path[0]=(-3.5756,1.7689) path[1]=(-4.0406,1.3878) t[0]=2.007218 state_vel=(-0.1824,-0.1508)
[trajectory_generator_node-6] [Reference] banded solve done. b[0]=-0.077407 b[N]=-0.408646 b2[0]=-0.077386 b2[N]=0.268220
[trajectory_generator_node-6] [Reference] solvePolyMatrix EXIT: polyX[0]=[0.007060 -0.038703 -0.182433 -3.575565]
[trajectory_generator_node-6] [Reference] solvePolyMatrix ENTER: N=15, path_size=16, trap_time_size=15
[trajectory_generator_node-6] [Reference]   path[0]=(-3.5756,1.7689) path[1]=(-4.0406,1.3878) t[0]=2.007218 state_vel=(-0.1824,-0.1508)
[trajectory_generator_node-6] [Reference] banded solve done. b[0]=-0.077407 b[N]=-0.340538 b2[0]=-0.077386 b2[N]=0.223518
[trajectory_generator_node-6] [Reference] solvePolyMatrix EXIT: polyX[0]=[0.007060 -0.038703 -0.182433 -3.575565]
[trajectory_generator_node-6] [Reference] solvePolyMatrix ENTER: N=15, path_size=16, trap_time_size=15
[trajectory_generator_node-6] [Reference]   path[0]=(-3.5756,1.7689) path[1]=(-4.0406,1.3878) t[0]=2.007218 state_vel=(-0.1824,-0.1508)
[trajectory_generator_node-6] [Reference] banded solve done. b[0]=-0.077407 b[N]=-0.284186 b2[0]=-0.077386 b2[N]=0.186532
[trajectory_generator_node-6] [Reference] solvePolyMatrix EXIT: polyX[0]=[0.007060 -0.038703 -0.182433 -3.575565]
[trajectory_generator_node-6] [INFO] [1790447000.953448016] [trajectory_generation]: FSM published 15 trajectory pieces
[trajectory_tracking_node-8] [WARN] [1790447005.975522334] [trajectory_tracking]: RM_GridMap predicted-path replan requested: collision_samples=0 trajectory_age=5.02
[trajectory_generator_node-6] [Manager REPLAN]  cur position point (X, Y) = (-4.638941, 0.735246), target point (X, Y) = (-0.919000, -4.454000)
[trajectory_generator_node-6] [Manager REPLAN] target_temp (X, Y) = (-0.919000, -4.454000)
[trajectory_generator_node-6] [Manager REPLAN] path safe & target unchanged, re-anchoring from cur pos
[trajectory_generator_node-6] [LBFGS] search direction d:   4.3045e-05  3.21605e-05  0.000433494 -0.000523983  0.000209169 -0.000112909 -0.000112592  0.000223716 -0.000168378  3.98216e-05  3.32883e-05  -5.5321e-05  5.42694e-05 -4.69313e-05  4.30884e-05  -4.7312e-05  6.13174e-05 -8.42604e-05  0.000109816 -0.000119876   7.9617e-05  5.35028e-05  -0.00029359  0.000695219  -0.00016794  0.000755931  -0.00201626 -0.000431892  5.10984e-05 -0.000188249  9.49481e-05 -1.76508e-05 -5.99028e-06  3.94934e-06 -2.92186e-06  5.39164e-06 -8.13846e-06  1.14788e-05 -1.62721e-05  2.41168e-05 -3.64351e-05  5.32937e-05 -7.10552e-05  7.81803e-05 -5.20215e-05 -3.52189e-05  0.000192737 -0.000456314  -0.00105214   0.00241003 -0.000452582    0.0113746  -0.00134868   0.00154554  -0.00063761   0.00162774   0.00213966   -0.0009161  0.000255216  -5.8667e-05  1.21492e-05 -6.18967e-08 -2.01755e-06  2.89996e-06 -3.36493e-06   4.4256e-06 -3.99086e-07 -8.13944e-06  9.25344e-05 -0.000339667   0.00146612  -0.00355191    0.0214693
[trajectory_generator_node-6] [Smooth Optimize] MINCO reaches max evaluations: Line search reaches the maximum try number, assumptions not satisfied or precision not achievable.
[trajectory_generator_node-6] [Smooth Optimize] MINCO: cost=2.0 total_T=26.936(init 24.979) max_drift=0.231 max_vel=0.3 segs=25
[trajectory_generator_node-6] [Smooth Resample] resample
[trajectory_generator_node-6] [Smooth Resample] 26 -> 14 waypoints, 13 time segs, max_turn=62.0 deg
[trajectory_generator_node-6] [Reference] path size : 14
[trajectory_generator_node-6] [Reference] solvePolyMatrix ENTER: N=13, path_size=14, trap_time_size=13
[trajectory_generator_node-6] [Reference]   path[0]=(-4.6389,0.7352) path[1]=(-4.7316,0.2028) t[0]=2.049262 state_vel=(-0.0837,-0.2960)
[trajectory_generator_node-6] [Reference] banded solve done. b[0]=0.039410 b[N]=-0.184860 b2[0]=0.062340 b2[N]=0.121330
[trajectory_generator_node-6] [Reference] solvePolyMatrix EXIT: polyX[0]=[-0.000459 0.019705 -0.083657 -4.638941]
[trajectory_generator_node-6] [INFO] [1790447006.010743479] [trajectory_generation]: FSM published 13 trajectory pieces
[trajectory_tracking_node-8] [WARN] [1790447011.041949018] [trajectory_tracking]: RM_GridMap predicted-path replan requested: collision_samples=0 trajectory_age=5.02
[trajectory_generator_node-6] [Manager REPLAN]  cur position point (X, Y) = (-4.769996, -0.606625), target point (X, Y) = (-0.919000, -4.454000)
[trajectory_generator_node-6] [Manager REPLAN] target_temp (X, Y) = (-0.919000, -4.454000)
[trajectory_generator_node-6] [Manager REPLAN] robot 1.14m from path, full replan
[trajectory_generator_node-6] [Manager] start point, (x, y): (-4.77, -0.61)
[trajectory_generator_node-6] [Manager] receive target, (x, y): (-0.92, -4.45)
[trajectory_generator_node-6] [Topo]: m_graph before num: 1575
[trajectory_generator_node-6] [Topo]: dijkstra time: 0.017263
[trajectory_generator_node-6] [Topo]: topo search time: 0.102536
[trajectory_generator_node-6] [Topo]: m_graph num: 2532
[trajectory_generator_node-6] [DIAG] origin_path (Dijkstra) size: 3
[trajectory_generator_node-6] [DIAG]   origin[0]: (-4.770, -0.607, 0.015)
[trajectory_generator_node-6] [DIAG]   origin[1]: (-4.770, -1.607, 0.015)
[trajectory_generator_node-6] [DIAG]   origin[2]: (-0.919, -4.454, 0.015)
[trajectory_generator_node-6] [DIAG] lineVisib(start→end DIRECT): TRUE(!!)  colli=(-4.77,-0.61)
[trajectory_generator_node-6] [DIAG] direct line: 108 steps, 0 wall cells
[trajectory_generator_node-6] [smoothTopoPath] INPUT size=3
[trajectory_generator_node-6] [smoothTopoPath]   in[0]: (-4.770, -0.607, 0.015)
[trajectory_generator_node-6] [smoothTopoPath]   in[1]: (-4.770, -1.607, 0.015)
[trajectory_generator_node-6] [smoothTopoPath]   in[2]: (-0.919, -4.454, 0.015)
[trajectory_generator_node-6] [smoothTopoPath] lineVisib(start→end): TRUE(!)  colli=(0.00,0.00)
[trajectory_generator_node-6] [smoothTopoPath] OUTPUT size=2, iter_count=1
[trajectory_generator_node-6] [smoothTopoPath]   out[0]: (-4.770, -0.607, 0.015)
[trajectory_generator_node-6] [smoothTopoPath]   out[1]: (-0.919, -4.454, 0.015)
[trajectory_generator_node-6] [DIAG] optimized_path (smoothTopoPath) size: 2
[trajectory_generator_node-6] [DIAG]   opt[0]: (-4.770, -0.607, 0.015)
[trajectory_generator_node-6] [DIAG]   opt[1]: (-0.919, -4.454, 0.015)
[trajectory_generator_node-6] optimized_path size: 2
[trajectory_generator_node-6] [Manager] reference_speed: (0.30)
[trajectory_generator_node-6] [Smooth Optimize] MINCO Optimization Success: Success: met stopping criteria (past f decrease less than delta).
[trajectory_generator_node-6] [Smooth Optimize] MINCO: cost=0.0 total_T=20.684(init 18.145) max_drift=0.001 max_vel=0.3 segs=18
[trajectory_generator_node-6] [Smooth Resample] resample
[trajectory_generator_node-6] [Smooth Resample] 19 -> 10 waypoints, 9 time segs, max_turn=0.1 deg
[trajectory_generator_node-6] [Manager] optimizer generate time: 0.011235
[trajectory_generator_node-6] [Reference] path size : 10
[trajectory_generator_node-6] [Reference] solvePolyMatrix ENTER: N=9, path_size=10, trap_time_size=9
[trajectory_generator_node-6] [Reference]   path[0]=(-4.7700,-0.6066) path[1]=(-4.3451,-1.0305) t[0]=3.486715 state_vel=(-0.0625,-0.2595)
[trajectory_generator_node-6] [Reference] banded solve done. b[0]=0.154698 b[N]=-0.128929 b2[0]=0.179134 b2[N]=0.128823
[trajectory_generator_node-6] [Reference] solvePolyMatrix EXIT: polyX[0]=[-0.007020 0.077349 -0.062482 -4.769996]
[trajectory_generator_node-6] [INFO] [1790447011.190814189] [trajectory_generation]: FSM published 9 trajectory pieces
[trajectory_tracking_node-8] [WARN] [1790447016.212978010] [trajectory_tracking]: RM_GridMap predicted-path replan requested: collision_samples=0 trajectory_age=5.01
[trajectory_generator_node-6] [Manager REPLAN]  cur position point (X, Y) = (-4.026048, -1.392111), target point (X, Y) = (-0.919000, -4.454000)
[trajectory_generator_node-6] [Manager REPLAN] target_temp (X, Y) = (-0.919000, -4.454000)
[trajectory_generator_node-6] [Manager REPLAN] robot 1.08m from path, full replan
[trajectory_generator_node-6] [Manager] start point, (x, y): (-4.03, -1.39)
[trajectory_generator_node-6] [Manager] receive target, (x, y): (-0.92, -4.45)
[trajectory_generator_node-6] [Topo]: m_graph before num: 1601
[trajectory_generator_node-6] [Topo]: dijkstra time: 0.012014
[trajectory_generator_node-6] [Topo]: topo search time: 0.091020
[trajectory_generator_node-6] [Topo]: m_graph num: 2571
[trajectory_generator_node-6] [DIAG] origin_path (Dijkstra) size: 3
[trajectory_generator_node-6] [DIAG]   origin[0]: (-4.026, -1.392, 0.015)
[trajectory_generator_node-6] [DIAG]   origin[1]: (-3.026, -1.392, 0.015)
[trajectory_generator_node-6] [DIAG]   origin[2]: (-0.919, -4.454, 0.015)
[trajectory_generator_node-6] [DIAG] lineVisib(start→end DIRECT): TRUE(!!)  colli=(-4.03,-1.39)
[trajectory_generator_node-6] [DIAG] direct line: 87 steps, 0 wall cells
[trajectory_generator_node-6] [smoothTopoPath] INPUT size=3
[trajectory_generator_node-6] [smoothTopoPath]   in[0]: (-4.026, -1.392, 0.015)
[trajectory_generator_node-6] [smoothTopoPath]   in[1]: (-3.026, -1.392, 0.015)
[trajectory_generator_node-6] [smoothTopoPath]   in[2]: (-0.919, -4.454, 0.015)
[trajectory_generator_node-6] [smoothTopoPath] lineVisib(start→end): TRUE(!)  colli=(0.00,0.00)
[trajectory_generator_node-6] [smoothTopoPath] OUTPUT size=2, iter_count=1
[trajectory_generator_node-6] [smoothTopoPath]   out[0]: (-4.026, -1.392, 0.015)
[trajectory_generator_node-6] [smoothTopoPath]   out[1]: (-0.919, -4.454, 0.015)
[trajectory_generator_node-6] [DIAG] optimized_path (smoothTopoPath) size: 2
[trajectory_generator_node-6] [DIAG]   opt[0]: (-4.026, -1.392, 0.015)
[trajectory_generator_node-6] [DIAG]   opt[1]: (-0.919, -4.454, 0.015)
[trajectory_generator_node-6] optimized_path size: 2
[trajectory_generator_node-6] [Manager] reference_speed: (0.30)
[trajectory_generator_node-6] [Smooth Optimize] MINCO Optimization Success: Success: met stopping criteria (past f decrease less than delta).
[trajectory_generator_node-6] [Smooth Optimize] MINCO: cost=0.0 total_T=16.133(init 14.541) max_drift=0.002 max_vel=0.3 segs=15
[trajectory_generator_node-6] [Smooth Resample] resample
[trajectory_generator_node-6] [Smooth Resample] 16 -> 9 waypoints, 8 time segs, max_turn=0.1 deg
[trajectory_generator_node-6] [Manager] optimizer generate time: 0.002607
[trajectory_generator_node-6] [Reference] path size : 9
[trajectory_generator_node-6] [Reference] solvePolyMatrix ENTER: N=8, path_size=9, trap_time_size=8
[trajectory_generator_node-6] [Reference]   path[0]=(-4.0260,-1.3921) path[1]=(-3.5985,-1.8128) t[0]=1.884680 state_vel=(0.2240,-0.2424)
[trajectory_generator_node-6] [Reference] banded solve done. b[0]=0.013573 b[N]=-0.043995 b2[0]=0.027198 b2[N]=0.043257
[trajectory_generator_node-6] [Reference] solvePolyMatrix EXIT: polyX[0]=[-0.002803 0.006786 0.224010 -4.026048]
[trajectory_generator_node-6] [INFO] [1790447016.330683417] [trajectory_generation]: FSM published 8 trajectory pieces
[trajectory_tracking_node-8] [WARN] [1790447021.359371567] [trajectory_tracking]: RM_GridMap predicted-path replan requested: collision_samples=0 trajectory_age=5.02
[trajectory_generator_node-6] [Manager REPLAN]  cur position point (X, Y) = (-2.937078, -2.475149), target point (X, Y) = (-0.919000, -4.454000)
[trajectory_generator_node-6] [Manager REPLAN] target_temp (X, Y) = (-0.919000, -4.454000)
[trajectory_generator_node-6] [Manager REPLAN] robot 1.54m from path, full replan
[trajectory_generator_node-6] [Manager] start point, (x, y): (-2.94, -2.48)
[trajectory_generator_node-6] [Manager] receive target, (x, y): (-0.92, -4.45)
[trajectory_generator_node-6] [Topo]: m_graph before num: 1605
[trajectory_generator_node-6] [Topo]: dijkstra time: 0.015237
[trajectory_generator_node-6] [Topo]: topo search time: 0.111108
[trajectory_generator_node-6] [Topo]: m_graph num: 2584
[trajectory_generator_node-6] [DIAG] origin_path (Dijkstra) size: 3
[trajectory_generator_node-6] [DIAG]   origin[0]: (-2.937, -2.475, 0.015)
[trajectory_generator_node-6] [DIAG]   origin[1]: (-1.937, -2.475, 0.015)
[trajectory_generator_node-6] [DIAG]   origin[2]: (-0.919, -4.454, 0.015)
[trajectory_generator_node-6] [DIAG] lineVisib(start→end DIRECT): TRUE(!!)  colli=(-2.94,-2.48)
[trajectory_generator_node-6] [DIAG] direct line: 56 steps, 0 wall cells
[trajectory_generator_node-6] [smoothTopoPath] INPUT size=3
[trajectory_generator_node-6] [smoothTopoPath]   in[0]: (-2.937, -2.475, 0.015)
[trajectory_generator_node-6] [smoothTopoPath]   in[1]: (-1.937, -2.475, 0.015)
[trajectory_generator_node-6] [smoothTopoPath]   in[2]: (-0.919, -4.454, 0.015)
[trajectory_generator_node-6] [smoothTopoPath] lineVisib(start→end): TRUE(!)  colli=(0.00,0.00)
[trajectory_generator_node-6] [smoothTopoPath] OUTPUT size=2, iter_count=1
[trajectory_generator_node-6] [smoothTopoPath]   out[0]: (-2.937, -2.475, 0.015)
[trajectory_generator_node-6] [smoothTopoPath]   out[1]: (-0.919, -4.454, 0.015)
[trajectory_generator_node-6] [DIAG] optimized_path (smoothTopoPath) size: 2
[trajectory_generator_node-6] [DIAG]   opt[0]: (-2.937, -2.475, 0.015)
[trajectory_generator_node-6] [DIAG]   opt[1]: (-0.919, -4.454, 0.015)
[trajectory_generator_node-6] optimized_path size: 2
[trajectory_generator_node-6] [Manager] reference_speed: (0.30)
[trajectory_generator_node-6] [Smooth Optimize] MINCO reached max iterations (200)
[trajectory_generator_node-6] [Smooth Optimize] MINCO: cost=0.0 total_T=9.934(init 9.421) max_drift=0.004 max_vel=0.3 segs=9
[trajectory_generator_node-6] [Smooth Resample] resample
[trajectory_generator_node-6] [Smooth Resample] 10 -> 6 waypoints, 5 time segs, max_turn=0.0 deg
[trajectory_generator_node-6] [Manager] optimizer generate time: 0.005408
[trajectory_generator_node-6] [Reference] path size : 6
[trajectory_generator_node-6] [Reference] solvePolyMatrix ENTER: N=5, path_size=6, trap_time_size=5
[trajectory_generator_node-6] [Reference]   path[0]=(-2.9371,-2.4751) path[1]=(-2.5086,-2.8953) t[0]=1.997371 state_vel=(0.2155,-0.2102)
[trajectory_generator_node-6] [Reference] banded solve done. b[0]=-0.001983 b[N]=-0.233590 b2[0]=-0.000113 b2[N]=0.229057
[trajectory_generator_node-6] [Reference] solvePolyMatrix EXIT: polyX[0]=[0.000239 -0.000991 0.215531 -2.937078]
[trajectory_generator_node-6] [INFO] [1790447021.517371469] [trajectory_generation]: FSM published 5 trajectory pieces
[trajectory_tracking_node-8] [WARN] [1790447026.532970376] [trajectory_tracking]: RM_GridMap predicted-path replan requested: collision_samples=0 trajectory_age=5.01
[trajectory_generator_node-6] [Manager REPLAN]  cur position point (X, Y) = (-1.850512, -3.528863), target point (X, Y) = (-0.919000, -4.454000)
[trajectory_generator_node-6] [Manager REPLAN] target_temp (X, Y) = (-0.919000, -4.454000)
[trajectory_generator_node-6] [Manager REPLAN] robot 1.31m from path, full replan
[trajectory_generator_node-6] [Manager] start point, (x, y): (-1.85, -3.53)
[trajectory_generator_node-6] [Manager] receive target, (x, y): (-0.92, -4.45)
[trajectory_generator_node-6] [Topo]: m_graph before num: 1109
[trajectory_generator_node-6] [Topo]: dijkstra time: 0.005103
[trajectory_generator_node-6] [Topo]: topo search time: 0.072054
[trajectory_generator_node-6] [Topo]: m_graph num: 2017
[trajectory_generator_node-6] [DIAG] origin_path (Dijkstra) size: 3
[trajectory_generator_node-6] [DIAG]   origin[0]: (-1.851, -3.529, 0.015)
[trajectory_generator_node-6] [DIAG]   origin[1]: (-0.851, -3.529, 0.015)
[trajectory_generator_node-6] [DIAG]   origin[2]: (-0.919, -4.454, 0.015)
[trajectory_generator_node-6] [DIAG] lineVisib(start→end DIRECT): TRUE(!!)  colli=(-1.85,-3.53)
[trajectory_generator_node-6] [DIAG] direct line: 26 steps, 0 wall cells
[trajectory_generator_node-6] [smoothTopoPath] INPUT size=3
[trajectory_generator_node-6] [smoothTopoPath]   in[0]: (-1.851, -3.529, 0.015)
[trajectory_generator_node-6] [smoothTopoPath]   in[1]: (-0.851, -3.529, 0.015)
[trajectory_generator_node-6] [smoothTopoPath]   in[2]: (-0.919, -4.454, 0.015)
[trajectory_generator_node-6] [smoothTopoPath] lineVisib(start→end): TRUE(!)  colli=(0.00,0.00)
[trajectory_generator_node-6] [smoothTopoPath] OUTPUT size=2, iter_count=1
[trajectory_generator_node-6] [smoothTopoPath]   out[0]: (-1.851, -3.529, 0.015)
[trajectory_generator_node-6] [smoothTopoPath]   out[1]: (-0.919, -4.454, 0.015)
[trajectory_generator_node-6] [DIAG] optimized_path (smoothTopoPath) size: 2
[trajectory_generator_node-6] [DIAG]   opt[0]: (-1.851, -3.529, 0.015)
[trajectory_generator_node-6] [DIAG]   opt[1]: (-0.919, -4.454, 0.015)
[trajectory_generator_node-6] optimized_path size: 2
[trajectory_generator_node-6] [Manager] reference_speed: (0.30)
[trajectory_generator_node-6] [Smooth Optimize] MINCO Optimization Success: Success: met stopping criteria (past f decrease less than delta).
[trajectory_generator_node-6] [Smooth Optimize] MINCO: cost=0.0 total_T=4.907(init 4.376) max_drift=0.001 max_vel=0.3 segs=4
[trajectory_generator_node-6] [Smooth Resample] resample
[trajectory_generator_node-6] [Smooth Resample] 5 -> 3 waypoints, 2 time segs, max_turn=0.1 deg
[trajectory_generator_node-6] [Manager] optimizer generate time: 0.001115
[trajectory_generator_node-6] [Reference] path size : 3
[trajectory_generator_node-6] [Reference] solvePolyMatrix ENTER: N=2, path_size=3, trap_time_size=2
[trajectory_generator_node-6] [Reference]   path[0]=(-1.8505,-3.5289) path[1]=(-1.4250,-3.9519) t[0]=1.881521 state_vel=(0.2266,-0.2116)
[trajectory_generator_node-6] [Reference] banded solve done. b[0]=-0.010798 b[N]=-0.175982 b2[0]=-0.014082 b2[N]=0.171654
[trajectory_generator_node-6] [Reference] solvePolyMatrix EXIT: polyX[0]=[0.002754 -0.005399 0.226573 -1.850512]
[trajectory_generator_node-6] [INFO] [1790447026.629421142] [trajectory_generation]: FSM published 2 trajectory pieces
[trajectory_tracking_node-8] [WARN] [1790447031.503659398] [trajectory_tracking]: trajectory tracking stopped: invalid coefficient array length
[trajectory_tracking_node-8] [WARN] [1790447033.593354981] [trajectory_tracking]: trajectory tracking stopped: no valid trajectory
[trajectory_generator_node-6] [INFO] [1790447034.811340983] [trajectory_generation]: FSM accepted manual goal goal=(-0.92, -4.45, 0.02)
[trajectory_generator_node-6] [Manager] start point, (x, y): (-2.72, 1.95)
[trajectory_generator_node-6] [Manager] receive target, (x, y): (-0.92, -4.45)
[trajectory_generator_node-6] [Topo]: m_graph before num: 1605
[trajectory_generator_node-6] [Topo]: dijkstra time: 0.012422
[trajectory_generator_node-6] [Topo]: topo search time: 0.127861
[trajectory_generator_node-6] [Topo]: m_graph num: 2566
[trajectory_generator_node-6] [DIAG] origin_path (Dijkstra) size: 5
[trajectory_generator_node-6] [DIAG]   origin[0]: (-2.719, 1.946, 0.015)
[trajectory_generator_node-6] [DIAG]   origin[1]: (-1.719, 1.946, 0.015)
[trajectory_generator_node-6] [DIAG]   origin[2]: (-3.769, 2.396, 0.015)
[trajectory_generator_node-6] [DIAG]   origin[3]: (-5.019, -1.604, 0.015)
[trajectory_generator_node-6] [DIAG]   origin[4]: (-0.919, -4.454, 0.015)
[trajectory_generator_node-6] [DIAG] lineVisib(start→end DIRECT): false  colli=(-2.72,1.95)
[trajectory_generator_node-6] [DIAG] direct line: 132 steps, 91 wall cells
[trajectory_generator_node-6] [smoothTopoPath] INPUT size=5
[trajectory_generator_node-6] [smoothTopoPath]   in[0]: (-2.719, 1.946, 0.015)
[trajectory_generator_node-6] [smoothTopoPath]   in[1]: (-1.719, 1.946, 0.015)
[trajectory_generator_node-6] [smoothTopoPath]   in[2]: (-3.769, 2.396, 0.015)
[trajectory_generator_node-6] [smoothTopoPath]   in[3]: (-5.019, -1.604, 0.015)
[trajectory_generator_node-6] [smoothTopoPath]   in[4]: (-0.919, -4.454, 0.015)
[trajectory_generator_node-6] [smoothTopoPath] lineVisib(start→end): false  colli=(-2.72,1.95)
[trajectory_generator_node-6] [smoothTopoPath] OUTPUT size=5, iter_count=4
[trajectory_generator_node-6] [smoothTopoPath]   out[0]: (-2.719, 1.946, 0.015)
[trajectory_generator_node-6] [smoothTopoPath]   out[1]: (-2.669, 2.246, 0.015)
[trajectory_generator_node-6] [smoothTopoPath]   out[2]: (-4.461, 1.045, 0.015)
[trajectory_generator_node-6] [smoothTopoPath]   out[3]: (-5.152, -1.676, 0.015)
[trajectory_generator_node-6] [smoothTopoPath]   out[4]: (-0.919, -4.454, 0.015)
[trajectory_generator_node-6] [DIAG] optimized_path (smoothTopoPath) size: 5
[trajectory_generator_node-6] [DIAG]   opt[0]: (-2.719, 1.946, 0.015)
[trajectory_generator_node-6] [DIAG]   opt[1]: (-2.669, 2.246, 0.015)
[trajectory_generator_node-6] [DIAG]   opt[2]: (-4.461, 1.045, 0.015)
[trajectory_generator_node-6] [DIAG]   opt[3]: (-5.152, -1.676, 0.015)
[trajectory_generator_node-6] [DIAG]   opt[4]: (-0.919, -4.454, 0.015)
[trajectory_generator_node-6] optimized_path size: 5
[trajectory_generator_node-6] [Manager] reference_speed: (0.30)
[trajectory_generator_node-6] [LBFGS] search direction d:   0.00128223  -0.00741577   0.00109635 -0.000746083   0.00127806  -0.00021064  9.20722e-05 -1.13646e-05  -5.8715e-05  0.000139976 -5.80958e-05  5.27674e-05 -0.000766516   0.00056007   0.00020953  1.10168e-05 -1.63559e-05 -1.30046e-05  4.56734e-05 -5.78623e-05  5.11801e-05 -3.61465e-05  2.12465e-05 -8.99783e-06 -2.04719e-06  1.53251e-05  -3.5736e-05  6.96317e-05 -0.000123706  0.000200192 -0.000284041  0.000336299 -0.000309898 -1.38688e-05 -2.19249e-05  0.000964806  -0.00118669  0.000399526 -0.000162954 -1.97761e-05  0.000174571 -0.000249844  0.000197216 -2.01519e-07  9.11455e-05 -0.000120307  -0.00048681  0.000280495 -0.000385631  0.000401502 -0.000369031  0.000258511 -0.000180762  0.000116736 -6.97012e-05  3.95114e-05 -2.27683e-05  1.59326e-05 -1.71439e-05  2.67491e-05 -4.71683e-05  8.18163e-05 -0.000131645  0.000186522 -0.000220759  0.000203408   0.00516648   0.00156251 -0.000124111  4.57665e-05  2.17622e-05  -2.1969e-05  6.20138e-06   2.7591e-05   8.7712e-05 -0.000125946  0.000320688  1.27269e-05    0.0013073 -8.92058e-05  0.000196322 -6.04192e-05  7.96069e-06  0.000108282  2.88031e-05 -1.79141e-05  8.86628e-06  -3.4054e-06  1.28983e-06 -7.30155e-07  8.04307e-07 -1.34649e-06  2.34011e-06 -3.73181e-06  4.50316e-06 -1.21129e-06 -2.02463e-05  9.83623e-05 -0.000217118   0.00116653
[trajectory_generator_node-6] [Smooth Optimize] MINCO reaches max evaluations: Line search reaches the maximum try number, assumptions not satisfied or precision not achievable.
[trajectory_generator_node-6] [Smooth Optimize] MINCO: cost=2.2 total_T=36.875(init 34.190) max_drift=0.197 max_vel=0.4 segs=34
[trajectory_generator_node-6] [Smooth Resample] resample
[trajectory_generator_node-6] [Smooth Resample] 35 -> 18 waypoints, 17 time segs, max_turn=77.6 deg
[trajectory_generator_node-6] [Manager] optimizer generate time: 0.009180
[trajectory_generator_node-6] [Reference] path size : 18
[trajectory_generator_node-6] [Reference] solvePolyMatrix ENTER: N=17, path_size=18, trap_time_size=17
[trajectory_generator_node-6] [Reference]   path[0]=(-2.7190,1.9460) path[1]=(-2.9272,2.1477) t[0]=3.300281 state_vel=(0.0000,0.0000)
[trajectory_generator_node-6] [Reference] banded solve done. b[0]=0.010977 b[N]=-0.284834 b2[0]=0.149284 b2[N]=0.186960
[trajectory_generator_node-6] [Reference] solvePolyMatrix EXIT: polyX[0]=[-0.007456 0.005488 0.000000 -2.719000]
[trajectory_generator_node-6] [INFO] [1790447034.973490266] [trajectory_generation]: FSM published 17 trajectory pieces
[trajectory_tracking_node-8] [WARN] [1790447040.019981428] [trajectory_tracking]: RM_GridMap predicted-path replan requested: collision_samples=0 trajectory_age=5.02
[trajectory_generator_node-6] [Manager REPLAN]  cur position point (X, Y) = (-3.387966, 1.933723), target point (X, Y) = (-0.919000, -4.454000)
[trajectory_generator_node-6] [Manager REPLAN] target_temp (X, Y) = (-0.919000, -4.454000)
[trajectory_generator_node-6] [Manager REPLAN] path safe & target unchanged, re-anchoring from cur pos
[trajectory_generator_node-6] [LBFGS] search direction d: -8.97498e-05  7.11285e-05 -0.000118841 -7.72093e-05  9.59837e-05 -1.81219e-05 -6.78789e-06   8.3753e-06  -1.1006e-05  1.03665e-05 -1.86917e-06 -0.000403525 -0.000181696   0.00014425  0.000158501 -0.000404545  4.05256e-05 -3.36285e-05   3.1506e-05 -2.43444e-05  1.37577e-05 -7.72644e-06  4.59436e-06 -2.67303e-06  1.54037e-06 -1.00265e-06  9.73451e-07 -1.49887e-06  2.79556e-06 -5.26071e-06  9.42006e-06 -1.58371e-05  2.49406e-05  -3.8131e-05  5.22742e-05  0.000169249  0.000334706  0.000182428  0.000188121 -9.94087e-05  7.00715e-06   5.8709e-06 -6.24753e-06  7.07603e-06 -6.87634e-06  5.73912e-06   0.00022687  -7.4589e-05 -9.40084e-05 -0.000770759  0.000368033  1.81055e-05 -6.32479e-06   2.1526e-06 -6.25437e-07 -2.81474e-07  2.93744e-07 -1.18067e-07  8.40786e-08 -1.15272e-07  2.09941e-07 -4.28099e-07  8.89988e-07 -1.79534e-06  3.43714e-06   -6.177e-06  1.03927e-05 -1.63691e-05   2.5027e-05 -3.43099e-05  0.000638507 -6.55491e-05  5.21091e-05  0.000217574 -4.77865e-05  1.29076e-05 -2.35017e-06  6.47938e-06 -1.04554e-05  1.88187e-05  2.42569e-05 -2.58762e-05  7.37019e-05  1.19685e-05   0.00254225 -2.91339e-05  3.73586e-05 -2.05034e-05  4.97418e-05  5.53021e-05 -2.31159e-05  7.68335e-06 -2.27029e-06  7.11697e-07 -2.51827e-07  1.19917e-07  -9.3761e-08  1.25309e-07  -2.2614e-07  4.83007e-07 -1.18548e-06   3.5478e-06 -1.11295e-05  4.10709e-05 -9.45392e-05  0.000651494
[trajectory_generator_node-6] [Smooth Optimize] MINCO reaches max evaluations: Line search reaches the maximum try number, assumptions not satisfied or precision not achievable.
[trajectory_generator_node-6] [Smooth Optimize] MINCO: cost=3.2 total_T=35.746(init 35.143) max_drift=0.284 max_vel=0.5 segs=36
[trajectory_generator_node-6] [Smooth Resample] resample
[trajectory_generator_node-6] [Smooth Resample] 37 -> 19 waypoints, 18 time segs, max_turn=179.0 deg
[trajectory_generator_node-6] [Reference] path size : 19
[trajectory_generator_node-6] [Reference] solvePolyMatrix ENTER: N=18, path_size=19, trap_time_size=18
[trajectory_generator_node-6] [Reference]   path[0]=(-3.3880,1.9337) path[1]=(-2.8178,2.2173) t[0]=2.042542 state_vel=(-0.3304,-0.2560)
[trajectory_generator_node-6] [Reference] banded solve done. b[0]=1.318163 b[N]=-0.416326 b2[0]=0.811336 b2[N]=0.273261
[trajectory_generator_node-6] [Reference] solvePolyMatrix EXIT: polyX[0]=[-0.176568 0.659082 -0.330396 -3.387966]
[trajectory_generator_node-6] [Reference] solvePolyMatrix ENTER: N=18, path_size=19, trap_time_size=18
[trajectory_generator_node-6] [Reference]   path[0]=(-3.3880,1.9337) path[1]=(-2.8178,2.2173) t[0]=2.246796 state_vel=(-0.3304,-0.2560)
[trajectory_generator_node-6] [Reference] banded solve done. b[0]=1.137813 b[N]=-0.346904 b2[0]=0.708112 b2[N]=0.227696
[trajectory_generator_node-6] [Reference] solvePolyMatrix EXIT: polyX[0]=[-0.137484 0.568906 -0.330396 -3.387966]
[trajectory_generator_node-6] [Reference] solvePolyMatrix ENTER: N=18, path_size=19, trap_time_size=18
[trajectory_generator_node-6] [Reference]   path[0]=(-3.3880,1.9337) path[1]=(-2.8178,2.2173) t[0]=2.471476 state_vel=(-0.3304,-0.2560)
[trajectory_generator_node-6] [Reference] banded solve done. b[0]=0.984412 b[N]=-0.289466 b2[0]=0.619430 b2[N]=0.189997
[trajectory_generator_node-6] [Reference] solvePolyMatrix EXIT: polyX[0]=[-0.107292 0.492206 -0.330396 -3.387966]
[trajectory_generator_node-6] [Reference] solvePolyMatrix ENTER: N=18, path_size=19, trap_time_size=18
[trajectory_generator_node-6] [Reference]   path[0]=(-3.3880,1.9337) path[1]=(-2.8178,2.2173) t[0]=2.718624 state_vel=(-0.3304,-0.2560)
[trajectory_generator_node-6] [Reference] banded solve done. b[0]=0.853671 b[N]=-0.289466 b2[0]=0.543068 b2[N]=0.189997
[trajectory_generator_node-6] [Reference] solvePolyMatrix EXIT: polyX[0]=[-0.083923 0.426836 -0.330396 -3.387966]
[trajectory_generator_node-6] [Reference] solvePolyMatrix ENTER: N=18, path_size=19, trap_time_size=18
[trajectory_generator_node-6] [Reference]   path[0]=(-3.3880,1.9337) path[1]=(-2.8178,2.2173) t[0]=2.990486 state_vel=(-0.3304,-0.2560)
[trajectory_generator_node-6] [Reference] banded solve done. b[0]=0.742013 b[N]=-0.289466 b2[0]=0.477160 b2[N]=0.189997
[trajectory_generator_node-6] [Reference] solvePolyMatrix EXIT: polyX[0]=[-0.065796 0.371006 -0.330396 -3.387966]
[trajectory_generator_node-6] [Reference] solvePolyMatrix ENTER: N=18, path_size=19, trap_time_size=18
[trajectory_generator_node-6] [Reference]   path[0]=(-3.3880,1.9337) path[1]=(-2.8178,2.2173) t[0]=3.289534 state_vel=(-0.3304,-0.2560)
[trajectory_generator_node-6] [Reference] banded solve done. b[0]=0.646446 b[N]=-0.289466 b2[0]=0.420142 b2[N]=0.189997
[trajectory_generator_node-6] [Reference] solvePolyMatrix EXIT: polyX[0]=[-0.051706 0.323223 -0.330396 -3.387966]
[trajectory_generator_node-6] [Reference] solvePolyMatrix ENTER: N=18, path_size=19, trap_time_size=18
[trajectory_generator_node-6] [Reference]   path[0]=(-3.3880,1.9337) path[1]=(-2.8178,2.2173) t[0]=3.618488 state_vel=(-0.3304,-0.2560)
[trajectory_generator_node-6] [Reference] banded solve done. b[0]=0.564473 b[N]=-0.289466 b2[0]=0.370698 b2[N]=0.189997
[trajectory_generator_node-6] [Reference] solvePolyMatrix EXIT: polyX[0]=[-0.040730 0.282237 -0.330396 -3.387966]
[trajectory_generator_node-6] [Reference] solvePolyMatrix ENTER: N=18, path_size=19, trap_time_size=18
[trajectory_generator_node-6] [Reference]   path[0]=(-3.3880,1.9337) path[1]=(-2.8178,2.2173) t[0]=3.980337 state_vel=(-0.3304,-0.2560)
[trajectory_generator_node-6] [Reference] banded solve done. b[0]=0.494002 b[N]=-0.289466 b2[0]=0.327721 b2[N]=0.189997
[trajectory_generator_node-6] [Reference] solvePolyMatrix EXIT: polyX[0]=[-0.032159 0.247001 -0.330396 -3.387966]
[trajectory_generator_node-6] [Reference] solvePolyMatrix ENTER: N=18, path_size=19, trap_time_size=18
[trajectory_generator_node-6] [Reference]   path[0]=(-3.3880,1.9337) path[1]=(-2.8178,2.2173) t[0]=4.378370 state_vel=(-0.3304,-0.2560)
[trajectory_generator_node-6] [Reference] banded solve done. b[0]=0.432591 b[N]=-0.289466 b2[0]=0.289648 b2[N]=0.189997
[trajectory_generator_node-6] [Reference] solvePolyMatrix EXIT: polyX[0]=[-0.025372 0.216296 -0.330396 -3.387966]
[trajectory_generator_node-6] [Reference] solvePolyMatrix ENTER: N=18, path_size=19, trap_time_size=18
[trajectory_generator_node-6] [Reference]   path[0]=(-3.3880,1.9337) path[1]=(-2.8178,2.2173) t[0]=4.816207 state_vel=(-0.3304,-0.2560)
[trajectory_generator_node-6] [Reference] banded solve done. b[0]=0.379574 b[N]=-0.289466 b2[0]=0.256445 b2[N]=0.189997
[trajectory_generator_node-6] [Reference] solvePolyMatrix EXIT: polyX[0]=[-0.020058 0.189787 -0.330396 -3.387966]
[trajectory_generator_node-6] [Reference] solvePolyMatrix ENTER: N=18, path_size=19, trap_time_size=18
[trajectory_generator_node-6] [Reference]   path[0]=(-3.3880,1.9337) path[1]=(-2.8178,2.2173) t[0]=5.297828 state_vel=(-0.3304,-0.2560)
[trajectory_generator_node-6] [Reference] banded solve done. b[0]=0.333707 b[N]=-0.289466 b2[0]=0.227427 b2[N]=0.189997
[trajectory_generator_node-6] [Reference] solvePolyMatrix EXIT: polyX[0]=[-0.015888 0.166853 -0.330396 -3.387966]
[trajectory_generator_node-6] [Reference] solvePolyMatrix ENTER: N=18, path_size=19, trap_time_size=18
[trajectory_generator_node-6] [Reference]   path[0]=(-3.3880,1.9337) path[1]=(-2.8178,2.2173) t[0]=5.827611 state_vel=(-0.3304,-0.2560)
[trajectory_generator_node-6] [Reference] banded solve done. b[0]=0.293939 b[N]=-0.289466 b2[0]=0.202014 b2[N]=0.189997
[trajectory_generator_node-6] [Reference] solvePolyMatrix EXIT: polyX[0]=[-0.012610 0.146970 -0.330396 -3.387966]
[trajectory_generator_node-6] [Reference] solvePolyMatrix ENTER: N=18, path_size=19, trap_time_size=18
[trajectory_generator_node-6] [Reference]   path[0]=(-3.3880,1.9337) path[1]=(-2.8178,2.2173) t[0]=6.410372 state_vel=(-0.3304,-0.2560)
[trajectory_generator_node-6] [Reference] banded solve done. b[0]=0.259388 b[N]=-0.289466 b2[0]=0.179715 b2[N]=0.189997
[trajectory_generator_node-6] [Reference] solvePolyMatrix EXIT: polyX[0]=[-0.010027 0.129694 -0.330396 -3.387966]
[trajectory_generator_node-6] [INFO] [1790447040.039912260] [trajectory_generation]: FSM published 18 trajectory pieces
[trajectory_tracking_node-8] [WARN] [1790447045.058108858] [trajectory_tracking]: RM_GridMap predicted-path replan requested: collision_samples=0 trajectory_age=5.02
[trajectory_generator_node-6] [Manager REPLAN]  cur position point (X, Y) = (-3.060591, 2.072904), target point (X, Y) = (-0.919000, -4.454000)
[trajectory_generator_node-6] [Manager REPLAN] target_temp (X, Y) = (-0.919000, -4.454000)
[trajectory_generator_node-6] [Manager REPLAN] path safe & target unchanged, re-anchoring from cur pos
[trajectory_generator_node-6] [LBFGS] search direction d:   0.00116211  8.57341e-05    0.0013782 -0.000111235  0.000226666  6.10104e-05 -0.000157075  0.000175627 -0.000142521  0.000227547 -0.000170083  -0.00253163  -0.00131773 -0.000396474  -0.00158199   0.00032067  0.000154391 -0.000347049  0.000423183 -0.000414705  0.000280166 -0.000112094  1.37971e-05  2.49869e-05 -3.90905e-05  5.43481e-05 -8.59341e-05  0.000140503 -0.000206439  0.000222481 -3.25431e-05 -0.000604033   0.00194374  -0.00828311 -0.000658175  -5.9538e-05   0.00360451 -0.000472151   0.00021843  0.000146802 -0.000156651  0.000411617 -0.000797874   0.00117335  -0.00203442    0.0063846  -0.00154321  0.000544105  -0.00135395  0.000829107 -0.000459608  0.000219887 -5.70797e-05 -3.84019e-05  5.31714e-05 -2.44881e-05  3.54334e-06  1.35126e-06  5.26926e-06 -2.09955e-05  4.76562e-05 -8.75514e-05  0.000133189 -0.000144951  2.08858e-05  0.000396652  -0.00127585   0.00543661    0.0479967    0.0047456    0.0145332  -0.00286817   0.00146635 -0.000114045  0.000568428  -0.00085344   0.00197627  -0.00174318    0.0068125  -0.00233333     0.163383  0.000166518   0.00699879  -0.00170847 -0.000616438   0.00615438   0.00689127  -0.00209425    0.0008306 -0.000225523  5.92901e-05 -1.46617e-05  4.76054e-06 -3.46303e-06  4.81046e-06 -7.16316e-06  1.48959e-05 -3.82434e-05  0.000176293 -0.000735583   0.00345177   -0.0112718    0.0842217
[trajectory_generator_node-6] [Smooth Optimize] MINCO reaches max evaluations: Line search reaches the maximum try number, assumptions not satisfied or precision not achievable.
[trajectory_generator_node-6] [Smooth Optimize] MINCO: cost=2.6 total_T=35.653(init 33.942) max_drift=0.252 max_vel=0.4 segs=35
[trajectory_generator_node-6] [Smooth Resample] resample
[trajectory_generator_node-6] [Smooth Resample] 36 -> 19 waypoints, 18 time segs, max_turn=177.3 deg
[trajectory_generator_node-6] [Reference] path size : 19
[trajectory_generator_node-6] [Reference] solvePolyMatrix ENTER: N=18, path_size=19, trap_time_size=18
[trajectory_generator_node-6] [Reference]   path[0]=(-3.0606,2.0729) path[1]=(-2.8183,2.2105) t[0]=1.396918 state_vel=(0.2708,0.1827)
[trajectory_generator_node-6] [Reference] banded solve done. b[0]=0.004836 b[N]=-0.429991 b2[0]=-0.068058 b2[N]=0.282217
[trajectory_generator_node-6] [Reference] solvePolyMatrix EXIT: polyX[0]=[-0.051650 0.002418 0.270835 -3.060591]
[trajectory_generator_node-6] [Reference] solvePolyMatrix ENTER: N=18, path_size=19, trap_time_size=18
[trajectory_generator_node-6] [Reference]   path[0]=(-3.0606,2.0729) path[1]=(-2.8183,2.2105) t[0]=1.536610 state_vel=(0.2708,0.1827)
[trajectory_generator_node-6] [Reference] banded solve done. b[0]=-0.048944 b[N]=-0.358623 b2[0]=-0.092271 b2[N]=0.235375
[trajectory_generator_node-6] [Reference] solvePolyMatrix EXIT: polyX[0]=[-0.032007 -0.024472 0.270835 -3.060591]
[trajectory_generator_node-6] [Reference] solvePolyMatrix ENTER: N=18, path_size=19, trap_time_size=18
[trajectory_generator_node-6] [Reference]   path[0]=(-3.0606,2.0729) path[1]=(-2.8183,2.2105) t[0]=1.690271 state_vel=(0.2708,0.1827)
[trajectory_generator_node-6] [Reference] banded solve done. b[0]=-0.088521 b[N]=-0.299614 b2[0]=-0.108967 b2[N]=0.196645
[trajectory_generator_node-6] [Reference] solvePolyMatrix EXIT: polyX[0]=[-0.018445 -0.044261 0.270835 -3.060591]
[trajectory_generator_node-6] [Reference] solvePolyMatrix ENTER: N=18, path_size=19, trap_time_size=18
[trajectory_generator_node-6] [Reference]   path[0]=(-3.0606,2.0729) path[1]=(-2.8183,2.2105) t[0]=1.690271 state_vel=(0.2708,0.1827)
[trajectory_generator_node-6] [Reference] banded solve done. b[0]=-0.088521 b[N]=-0.250784 b2[0]=-0.108967 b2[N]=0.164596
[trajectory_generator_node-6] [Reference] solvePolyMatrix EXIT: polyX[0]=[-0.018445 -0.044261 0.270835 -3.060591]
[trajectory_generator_node-6] [INFO] [1790447045.078016826] [trajectory_generation]: FSM published 18 trajectory pieces
[trajectory_tracking_node-8] [WARN] [1790447050.118159584] [trajectory_tracking]: RM_GridMap predicted-path replan requested: collision_samples=0 trajectory_age=5.02
[trajectory_generator_node-6] [Manager REPLAN]  cur position point (X, Y) = (-3.553890, 1.737088), target point (X, Y) = (-0.919000, -4.454000)
[trajectory_generator_node-6] [Manager REPLAN] target_temp (X, Y) = (-0.919000, -4.454000)
[trajectory_generator_node-6] [Manager REPLAN] path safe & target unchanged, re-anchoring from cur pos
[trajectory_generator_node-6] [LBFGS] search direction d:   0.00214372    -0.001569  0.000889057  -0.00180101   0.00190125  -0.00154698  0.000310132  -0.00016339  0.000219086 -0.000216394  0.000183973 -0.000370864 -0.000153474  0.000341264 -0.000470102   0.00339694 -0.000695916    -0.001243  0.000837389 -0.000637247  0.000224947  0.000170119 -0.000261703  0.000175707 -8.15137e-05  2.12354e-05  1.29782e-05 -3.58673e-05  5.50623e-05 -6.44443e-05  3.31259e-05  0.000112205  -0.00048928   0.00110746  -0.00144346   0.00106335   0.00204558 -0.000819917 -4.98811e-05  0.000154668  0.000978215  -0.00141145   0.00038712 -0.000359749  0.000189596 -0.000195503    0.0001174  0.000454022 -0.000417632 -0.000902696 -0.000256826   0.00351083   0.00377007 -6.74543e-05  0.000440774  -0.00047344  0.000240102 -9.43795e-07  -7.7657e-05  6.09137e-05 -3.28361e-05  1.73188e-05 -1.47716e-05   2.1279e-05 -3.23791e-05  3.92861e-05 -1.98083e-05 -7.47466e-05  0.000321715 -0.000727161   0.00094754 -0.000697995    0.0394818   -0.0127766    0.0171687   0.00318761   0.00442481 -0.000806069  0.000405951  2.63757e-06   0.00031918 -0.000510749   0.00126323  -0.00117575   0.00418276  -0.00143964    0.0856057 -0.000159052   0.00400247  -0.00104652 -0.000498764   0.00376316   0.00416051  -0.00127326  0.000504759 -0.000139956   3.9238e-05 -1.03307e-05  2.14755e-06  6.30741e-07 -1.45167e-06  4.65778e-07  6.02576e-06 -2.77034e-05  0.000119494 -0.000461676    0.0020999  -0.00706063     0.051797
[trajectory_generator_node-6] [Smooth Optimize] MINCO reaches max evaluations: Line search reaches the maximum try number, assumptions not satisfied or precision not achievable.
[trajectory_generator_node-6] [Smooth Optimize] MINCO: cost=2.7 total_T=38.170(init 35.929) max_drift=0.250 max_vel=0.4 segs=37
[trajectory_generator_node-6] [Smooth Resample] resample
[trajectory_generator_node-6] [Smooth Resample] 38 -> 20 waypoints, 19 time segs, max_turn=169.2 deg
[trajectory_generator_node-6] [Reference] path size : 20
[trajectory_generator_node-6] [Reference] solvePolyMatrix ENTER: N=19, path_size=20, trap_time_size=19
[trajectory_generator_node-6] [Reference]   path[0]=(-3.5539,1.7371) path[1]=(-3.0650,2.1104) t[0]=2.367624 state_vel=(-0.2348,-0.2025)
[trajectory_generator_node-6] [Reference] banded solve done. b[0]=0.628900 b[N]=-0.332555 b2[0]=0.565447 b2[N]=0.218265
[trajectory_generator_node-6] [Reference] solvePolyMatrix EXIT: polyX[0]=[-0.054094 0.314450 -0.234773 -3.553890]
[trajectory_generator_node-6] [Reference] solvePolyMatrix ENTER: N=19, path_size=20, trap_time_size=19
[trajectory_generator_node-6] [Reference]   path[0]=(-3.5539,1.7371) path[1]=(-3.0650,2.1104) t[0]=2.604386 state_vel=(-0.2348,-0.2025)
[trajectory_generator_node-6] [Reference] banded solve done. b[0]=0.548948 b[N]=-0.277954 b2[0]=0.492607 b2[N]=0.182428
[trajectory_generator_node-6] [Reference] solvePolyMatrix EXIT: polyX[0]=[-0.043100 0.274474 -0.234773 -3.553890]
[trajectory_generator_node-6] [Reference] solvePolyMatrix ENTER: N=19, path_size=20, trap_time_size=19
[trajectory_generator_node-6] [Reference]   path[0]=(-3.5539,1.7371) path[1]=(-3.0650,2.1104) t[0]=2.864825 state_vel=(-0.2348,-0.2025)
[trajectory_generator_node-6] [Reference] banded solve done. b[0]=0.480204 b[N]=-0.277954 b2[0]=0.430100 b2[N]=0.182428
[trajectory_generator_node-6] [Reference] solvePolyMatrix EXIT: polyX[0]=[-0.034411 0.240102 -0.234773 -3.553890]
[trajectory_generator_node-6] [Reference] solvePolyMatrix ENTER: N=19, path_size=20, trap_time_size=19
[trajectory_generator_node-6] [Reference]   path[0]=(-3.5539,1.7371) path[1]=(-3.0650,2.1104) t[0]=3.151307 state_vel=(-0.2348,-0.2025)
[trajectory_generator_node-6] [Reference] banded solve done. b[0]=0.417838 b[N]=-0.277954 b2[0]=0.374851 b2[N]=0.182428
[trajectory_generator_node-6] [Reference] solvePolyMatrix EXIT: polyX[0]=[-0.027033 0.208919 -0.234773 -3.553890]
[trajectory_generator_node-6] [Reference] solvePolyMatrix ENTER: N=19, path_size=20, trap_time_size=19
[trajectory_generator_node-6] [Reference]   path[0]=(-3.5539,1.7371) path[1]=(-3.0650,2.1104) t[0]=3.466438 state_vel=(-0.2348,-0.2025)
[trajectory_generator_node-6] [Reference] banded solve done. b[0]=0.364335 b[N]=-0.277954 b2[0]=0.327390 b2[N]=0.182428
[trajectory_generator_node-6] [Reference] solvePolyMatrix EXIT: polyX[0]=[-0.021276 0.182168 -0.234773 -3.553890]
[trajectory_generator_node-6] [Reference] solvePolyMatrix ENTER: N=19, path_size=20, trap_time_size=19
[trajectory_generator_node-6] [Reference]   path[0]=(-3.5539,1.7371) path[1]=(-3.0650,2.1104) t[0]=3.813082 state_vel=(-0.2348,-0.2025)
[trajectory_generator_node-6] [Reference] banded solve done. b[0]=0.318342 b[N]=-0.277954 b2[0]=0.286532 b2[N]=0.182428
[trajectory_generator_node-6] [Reference] solvePolyMatrix EXIT: polyX[0]=[-0.016778 0.159171 -0.234773 -3.553890]
[trajectory_generator_node-6] [Reference] solvePolyMatrix ENTER: N=19, path_size=20, trap_time_size=19
[trajectory_generator_node-6] [Reference]   path[0]=(-3.5539,1.7371) path[1]=(-3.0650,2.1104) t[0]=4.194390 state_vel=(-0.2348,-0.2025)
[trajectory_generator_node-6] [Reference] banded solve done. b[0]=0.278723 b[N]=-0.277954 b2[0]=0.251286 b2[N]=0.182428
[trajectory_generator_node-6] [Reference] solvePolyMatrix EXIT: polyX[0]=[-0.013255 0.139361 -0.234773 -3.553890]
[trajectory_generator_node-6] [Reference] solvePolyMatrix ENTER: N=19, path_size=20, trap_time_size=19
[trajectory_generator_node-6] [Reference]   path[0]=(-3.5539,1.7371) path[1]=(-3.0650,2.1104) t[0]=4.613829 state_vel=(-0.2348,-0.2025)
[trajectory_generator_node-6] [Reference] banded solve done. b[0]=0.244523 b[N]=-0.277954 b2[0]=0.220814 b2[N]=0.182428
[trajectory_generator_node-6] [Reference] solvePolyMatrix EXIT: polyX[0]=[-0.010492 0.122261 -0.234773 -3.553890]
[trajectory_generator_node-6] [INFO] [1790447050.145560550] [trajectory_generation]: FSM published 19 trajectory pieces
[trajectory_tracking_node-8] [WARN] [1790447055.187592515] [trajectory_tracking]: RM_GridMap predicted-path replan requested: collision_samples=0 trajectory_age=5.01
[trajectory_generator_node-6] [Manager REPLAN]  cur position point (X, Y) = (-2.983454, 2.205552), target point (X, Y) = (-0.919000, -4.454000)
[trajectory_generator_node-6] [Manager REPLAN] target_temp (X, Y) = (-0.919000, -4.454000)
[trajectory_generator_node-6] [Manager REPLAN] path safe & target unchanged, re-anchoring from cur pos
[trajectory_generator_node-6] [LBFGS] search direction d:  0.000257458  0.000569567 -0.000539183  0.000351868 -0.000255538  0.000249578 -0.000261402  0.000322021 -1.88261e-05  7.65782e-05 -0.000314754  0.000806502  0.000192199 -9.95498e-05  5.46618e-05 -1.86343e-05  2.85455e-05 -6.12234e-05  6.28604e-05 -4.16956e-05  2.17213e-05  -9.1549e-06  1.93785e-06   4.1074e-06  -1.4219e-05  3.55298e-05 -7.59153e-05  0.000133861 -0.000168537  9.13974e-05  0.000137043 -0.000317941   0.00068889 -0.000438944  0.000256394 -0.000160953   0.00013603 -7.90912e-05 -0.000165688  0.000951921 -0.000866786 -0.000330456 -0.000186553  0.000702845 -0.000515374  0.000302497 -0.000195767  0.000132707  -0.00011238  8.15322e-05 -4.84022e-05  2.56221e-05 -1.32489e-05  7.85649e-06 -7.24705e-06  1.18373e-05 -2.48347e-05  5.07875e-05 -8.84691e-05  0.000110986 -6.01927e-05  -8.9856e-05  -0.00412813  0.000570318 -0.000283798  8.31538e-05 -3.74964e-05  3.28767e-06 -0.000146115  0.000211314  -0.00054826  1.39104e-05  -0.00459921  0.000135407 -0.000405625    0.0001037  2.95044e-05 -0.000219811 -8.46803e-05   2.9514e-05 -1.60797e-05  4.93024e-06 -1.82898e-06  4.84859e-07  5.95376e-08 -6.52854e-07  1.68887e-06 -4.21949e-06  1.02063e-05 -2.75076e-05   7.4882e-05 -0.000219198  0.000394894  -0.00193636
[trajectory_generator_node-6] [Smooth Optimize] MINCO reaches max evaluations: Line search reaches the maximum try number, assumptions not satisfied or precision not achievable.
[trajectory_generator_node-6] [Smooth Optimize] MINCO: cost=1.8 total_T=34.925(init 32.282) max_drift=0.189 max_vel=0.3 segs=32
[trajectory_generator_node-6] [Smooth Resample] resample
[trajectory_generator_node-6] [Smooth Resample] 33 -> 17 waypoints, 16 time segs, max_turn=58.8 deg
[trajectory_generator_node-6] [Reference] path size : 17
[trajectory_generator_node-6] [Reference] solvePolyMatrix ENTER: N=16, path_size=17, trap_time_size=16
[trajectory_generator_node-6] [Reference]   path[0]=(-2.9835,2.2056) path[1]=(-3.4572,1.8395) t[0]=2.871967 state_vel=(0.2283,0.1354)
[trajectory_generator_node-6] [Reference] banded solve done. b[0]=-0.466002 b[N]=-0.252577 b2[0]=-0.300444 b2[N]=0.165789
[trajectory_generator_node-6] [Reference] solvePolyMatrix EXIT: polyX[0]=[0.033455 -0.233001 0.228266 -2.983454]
[trajectory_generator_node-6] [Reference] solvePolyMatrix ENTER: N=16, path_size=17, trap_time_size=16
[trajectory_generator_node-6] [Reference]   path[0]=(-2.9835,2.2056) path[1]=(-3.4572,1.8395) t[0]=3.159164 state_vel=(0.2283,0.1354)
[trajectory_generator_node-6] [Reference] banded solve done. b[0]=-0.411158 b[N]=-0.252577 b2[0]=-0.263418 b2[N]=0.165789
[trajectory_generator_node-6] [Reference] solvePolyMatrix EXIT: polyX[0]=[0.027176 -0.205579 0.228266 -2.983454]
[trajectory_generator_node-6] [Reference] solvePolyMatrix ENTER: N=16, path_size=17, trap_time_size=16
[trajectory_generator_node-6] [Reference]   path[0]=(-2.9835,2.2056) path[1]=(-3.4572,1.8395) t[0]=3.475080 state_vel=(0.2283,0.1354)
[trajectory_generator_node-6] [Reference] banded solve done. b[0]=-0.363644 b[N]=-0.252577 b2[0]=-0.231564 b2[N]=0.165789
[trajectory_generator_node-6] [Reference] solvePolyMatrix EXIT: polyX[0]=[0.022130 -0.181822 0.228266 -2.983454]
[trajectory_generator_node-6] [Reference] solvePolyMatrix ENTER: N=16, path_size=17, trap_time_size=16
[trajectory_generator_node-6] [Reference]   path[0]=(-2.9835,2.2056) path[1]=(-3.4572,1.8395) t[0]=3.822588 state_vel=(0.2283,0.1354)
[trajectory_generator_node-6] [Reference] banded solve done. b[0]=-0.322362 b[N]=-0.252577 b2[0]=-0.204080 b2[N]=0.165789
[trajectory_generator_node-6] [Reference] solvePolyMatrix EXIT: polyX[0]=[0.018062 -0.161181 0.228266 -2.983454]
[trajectory_generator_node-6] [Reference] solvePolyMatrix ENTER: N=16, path_size=17, trap_time_size=16
[trajectory_generator_node-6] [Reference]   path[0]=(-2.9835,2.2056) path[1]=(-3.4572,1.8395) t[0]=4.204847 state_vel=(0.2283,0.1354)
[trajectory_generator_node-6] [Reference] banded solve done. b[0]=-0.286391 b[N]=-0.252577 b2[0]=-0.180298 b2[N]=0.165789
[trajectory_generator_node-6] [Reference] solvePolyMatrix EXIT: polyX[0]=[0.014772 -0.143195 0.228266 -2.983454]
[trajectory_generator_node-6] [INFO] [1790447055.224007316] [trajectory_generation]: FSM published 16 trajectory pieces
[trajectory_tracking_node-8] [WARN] [1790447060.269746551] [trajectory_tracking]: RM_GridMap predicted-path replan requested: collision_samples=0 trajectory_age=5.02
[trajectory_generator_node-6] [Manager REPLAN]  cur position point (X, Y) = (-3.635304, 1.728561), target point (X, Y) = (-0.919000, -4.454000)
[trajectory_generator_node-6] [Manager REPLAN] target_temp (X, Y) = (-0.919000, -4.454000)
[trajectory_generator_node-6] [Manager REPLAN] path safe & target unchanged, re-anchoring from cur pos
[trajectory_generator_node-6] [LBFGS] search direction d: -0.000180555 -0.000549873  0.000696415 -0.000765917  0.000363228   0.00561266   0.00283229 -0.000804737  -0.00690185   0.00504456  -0.00171789   0.00146517  -0.00148487  0.000614894  0.000430885 -0.000695344  0.000436523 -0.000181852  3.65154e-05    3.713e-05 -8.72655e-05   0.00014028 -0.000190328  0.000167769    0.0001331  -0.00112296   0.00314777  -0.00561987    0.0151242 -0.000317672 -0.000410573 -9.57266e-06  0.000394915  0.000479102 -0.000883837  -0.00450171  1.81613e-05  -0.00680759  -0.00136301  0.000448278  0.000702541  -0.00108419  0.000657509 -5.80207e-05 -0.000175623  0.000137597 -6.81285e-05  3.20836e-05 -2.84683e-05  4.75158e-05 -8.21432e-05  0.000118039 -0.000106039 -8.95625e-05  0.000738166  -0.00206656   0.00368883  -0.00992681   -0.0233536   0.00512133  -0.00102698  -0.00209847   0.00332784   -0.0106673   0.00250194    -0.164295  0.000359104   -0.0092595   0.00244703    0.0011246  -0.00808421  -0.00892721   0.00271367  -0.00108588  0.000294089 -7.42303e-05  1.63476e-05 -4.57917e-06  3.79466e-06 -4.85744e-06  4.03244e-06 -2.82506e-06  9.08989e-06  -0.00014067  0.000807648  -0.00439147    0.0163335    -0.123739
[trajectory_generator_node-6] [Smooth Optimize] MINCO reaches max evaluations: Line search reaches the maximum try number, assumptions not satisfied or precision not achievable.
[trajectory_generator_node-6] [Smooth Optimize] MINCO: cost=2.1 total_T=31.545(init 29.714) max_drift=0.245 max_vel=0.3 segs=30
[trajectory_generator_node-6] [Smooth Resample] resample
[trajectory_generator_node-6] [Smooth Resample] 31 -> 16 waypoints, 15 time segs, max_turn=41.9 deg
[trajectory_generator_node-6] [Reference] path size : 16
[trajectory_generator_node-6] [Reference] solvePolyMatrix ENTER: N=15, path_size=16, trap_time_size=15
[trajectory_generator_node-6] [Reference]   path[0]=(-3.6353,1.7286) path[1]=(-4.0975,1.3467) t[0]=2.094661 state_vel=(-0.1587,-0.1334)
[trajectory_generator_node-6] [Reference] banded solve done. b[0]=-0.103519 b[N]=-0.240962 b2[0]=-0.071948 b2[N]=0.158158
[trajectory_generator_node-6] [Reference] solvePolyMatrix EXIT: polyX[0]=[0.010579 -0.051760 -0.158650 -3.635304]
[trajectory_generator_node-6] [INFO] [1790447060.278476450] [trajectory_generation]: FSM published 15 trajectory pieces
[trajectory_tracking_node-8] [WARN] [1790447065.310080617] [trajectory_tracking]: RM_GridMap predicted-path replan requested: collision_samples=0 trajectory_age=5.02
[trajectory_generator_node-6] [Manager REPLAN]  cur position point (X, Y) = (-4.648720, 0.721194), target point (X, Y) = (-0.919000, -4.454000)
[trajectory_generator_node-6] [Manager REPLAN] target_temp (X, Y) = (-0.919000, -4.454000)
[trajectory_generator_node-6] [Manager REPLAN] path safe & target unchanged, re-anchoring from cur pos
[trajectory_generator_node-6] [LBFGS] search direction d:  0.000302094 -4.40387e-05  1.01652e-05  0.000224739 -0.000330194 -0.000519117  0.000254603 -2.35333e-06 -9.01387e-06 -0.000193653  0.000426371  -0.00055643  0.000570824 -0.000539784  0.000538112 -0.000619255  0.000810709  -0.00110735   0.00145216  -0.00170772   0.00166772  -0.00114559  0.000244575  0.000352282  0.000527682 -0.000108851  0.000202387  0.000123105 -4.47332e-05 -0.000475477  0.000275486 -8.05521e-05  -2.1649e-05  3.81184e-05 -2.06137e-05  1.47336e-05  -3.5484e-05  8.30693e-05 -0.000162086  0.000283657 -0.000458737  0.000685537 -0.000931093   0.00110966  -0.00108916  0.000749432 -0.000159471 -0.000231598  -0.00177212 -0.000799484  0.000493269   -0.0185275  0.000796217 -0.000941568  0.000466384  -0.00126714  -0.00150438  0.000635901 -0.000215486  7.35489e-05 -3.69994e-05  2.85463e-05 -2.94791e-05  3.50274e-05 -4.44593e-05  5.77841e-05 -7.55692e-05  9.60797e-05 -0.000161807  0.000343442  -0.00114873   0.00265464   -0.0167573
[trajectory_generator_node-6] [Smooth Optimize] MINCO reaches max evaluations: Line search reaches the maximum try number, assumptions not satisfied or precision not achievable.
[trajectory_generator_node-6] [Smooth Optimize] MINCO: cost=1.9 total_T=27.059(init 24.950) max_drift=0.211 max_vel=0.3 segs=25
[trajectory_generator_node-6] [Smooth Resample] resample
[trajectory_generator_node-6] [Smooth Resample] 26 -> 14 waypoints, 13 time segs, max_turn=63.5 deg
[trajectory_generator_node-6] [Reference] path size : 14
[trajectory_generator_node-6] [Reference] solvePolyMatrix ENTER: N=13, path_size=14, trap_time_size=13
[trajectory_generator_node-6] [Reference]   path[0]=(-4.6487,0.7212) path[1]=(-4.7293,0.1962) t[0]=2.139952 state_vel=(-0.0921,-0.2517)
[trajectory_generator_node-6] [Reference] banded solve done. b[0]=0.067670 b[N]=-0.167064 b2[0]=0.018766 b2[N]=0.109649
[trajectory_generator_node-6] [Reference] solvePolyMatrix EXIT: polyX[0]=[-0.003923 0.033835 -0.092082 -4.648720]
[trajectory_generator_node-6] [INFO] [1790447065.375191004] [trajectory_generation]: FSM published 13 trajectory pieces
[trajectory_tracking_node-8] [WARN] [1790447070.423550323] [trajectory_tracking]: RM_GridMap predicted-path replan requested: collision_samples=0 trajectory_age=5.02
[trajectory_generator_node-6] [Manager REPLAN]  cur position point (X, Y) = (-4.773755, -0.588416), target point (X, Y) = (-0.919000, -4.454000)
[trajectory_generator_node-6] [Manager REPLAN] target_temp (X, Y) = (-0.919000, -4.454000)
[trajectory_generator_node-6] [Manager REPLAN] robot 1.15m from path, full replan
[trajectory_generator_node-6] [Manager] start point, (x, y): (-4.77, -0.59)
[trajectory_generator_node-6] [Manager] receive target, (x, y): (-0.92, -4.45)
[trajectory_generator_node-6] [Topo]: m_graph before num: 1575
[trajectory_generator_node-6] [Topo]: dijkstra time: 0.009890
[trajectory_generator_node-6] [Topo]: topo search time: 0.094568
[trajectory_generator_node-6] [Topo]: m_graph num: 2512
[trajectory_generator_node-6] [DIAG] origin_path (Dijkstra) size: 3
[trajectory_generator_node-6] [DIAG]   origin[0]: (-4.774, -0.588, 0.015)
[trajectory_generator_node-6] [DIAG]   origin[1]: (-4.774, -1.588, 0.015)
[trajectory_generator_node-6] [DIAG]   origin[2]: (-0.919, -4.454, 0.015)
[trajectory_generator_node-6] [DIAG] lineVisib(start→end DIRECT): TRUE(!!)  colli=(-4.77,-0.59)
[trajectory_generator_node-6] [DIAG] direct line: 109 steps, 0 wall cells
[trajectory_generator_node-6] [smoothTopoPath] INPUT size=3
[trajectory_generator_node-6] [smoothTopoPath]   in[0]: (-4.774, -0.588, 0.015)
[trajectory_generator_node-6] [smoothTopoPath]   in[1]: (-4.774, -1.588, 0.015)
[trajectory_generator_node-6] [smoothTopoPath]   in[2]: (-0.919, -4.454, 0.015)
[trajectory_generator_node-6] [smoothTopoPath] lineVisib(start→end): TRUE(!)  colli=(0.00,0.00)
[trajectory_generator_node-6] [smoothTopoPath] OUTPUT size=2, iter_count=1
[trajectory_generator_node-6] [smoothTopoPath]   out[0]: (-4.774, -0.588, 0.015)
[trajectory_generator_node-6] [smoothTopoPath]   out[1]: (-0.919, -4.454, 0.015)
[trajectory_generator_node-6] [DIAG] optimized_path (smoothTopoPath) size: 2
[trajectory_generator_node-6] [DIAG]   opt[0]: (-4.774, -0.588, 0.015)
[trajectory_generator_node-6] [DIAG]   opt[1]: (-0.919, -4.454, 0.015)
[trajectory_generator_node-6] optimized_path size: 2
[trajectory_generator_node-6] [Manager] reference_speed: (0.30)
[trajectory_generator_node-6] [Smooth Optimize] MINCO Optimization Success: Success: met stopping criteria (past f decrease less than delta).
[trajectory_generator_node-6] [Smooth Optimize] MINCO: cost=0.0 total_T=20.192(init 18.197) max_drift=0.001 max_vel=0.4 segs=18
[trajectory_generator_node-6] [Smooth Resample] resample
[trajectory_generator_node-6] [Smooth Resample] 19 -> 10 waypoints, 9 time segs, max_turn=0.0 deg
[trajectory_generator_node-6] [Manager] optimizer generate time: 0.005253
[trajectory_generator_node-6] [Reference] path size : 10
[trajectory_generator_node-6] [Reference] solvePolyMatrix ENTER: N=9, path_size=10, trap_time_size=9
[trajectory_generator_node-6] [Reference]   path[0]=(-4.7738,-0.5884) path[1]=(-4.3502,-1.0133) t[0]=3.092525 state_vel=(-0.0608,-0.2654)
[trajectory_generator_node-6] [Reference] banded solve done. b[0]=0.201967 b[N]=-0.197179 b2[0]=0.173883 b2[N]=0.197756
[trajectory_generator_node-6] [Reference] solvePolyMatrix EXIT: polyX[0]=[-0.011978 0.100984 -0.060786 -4.773755]
[trajectory_generator_node-6] [INFO] [1790447070.546398356] [trajectory_generation]: FSM published 9 trajectory pieces
[trajectory_tracking_node-8] [WARN] [1790447075.603322167] [trajectory_tracking]: RM_GridMap predicted-path replan requested: collision_samples=0 trajectory_age=5.02
[trajectory_generator_node-6] [Manager REPLAN]  cur position point (X, Y) = (-3.962653, -1.444815), target point (X, Y) = (-0.919000, -4.454000)
[trajectory_generator_node-6] [Manager REPLAN] target_temp (X, Y) = (-0.919000, -4.454000)
[trajectory_generator_node-6] [Manager REPLAN] robot 1.18m from path, full replan
[trajectory_generator_node-6] [Manager] start point, (x, y): (-3.96, -1.44)
[trajectory_generator_node-6] [Manager] receive target, (x, y): (-0.92, -4.45)
[trajectory_generator_node-6] [Topo]: m_graph before num: 1603
[trajectory_generator_node-6] [Topo]: dijkstra time: 0.010779
[trajectory_generator_node-6] [Topo]: topo search time: 0.181671
[trajectory_generator_node-6] [Topo]: m_graph num: 2571
[trajectory_generator_node-6] [DIAG] origin_path (Dijkstra) size: 3
[trajectory_generator_node-6] [DIAG]   origin[0]: (-3.963, -1.445, 0.015)
[trajectory_generator_node-6] [DIAG]   origin[1]: (-2.963, -1.445, 0.015)
[trajectory_generator_node-6] [DIAG]   origin[2]: (-0.919, -4.454, 0.015)
[trajectory_generator_node-6] [DIAG] lineVisib(start→end DIRECT): TRUE(!!)  colli=(-3.96,-1.44)
[trajectory_generator_node-6] [DIAG] direct line: 85 steps, 0 wall cells
[trajectory_generator_node-6] [smoothTopoPath] INPUT size=3
[trajectory_generator_node-6] [smoothTopoPath]   in[0]: (-3.963, -1.445, 0.015)
[trajectory_generator_node-6] [smoothTopoPath]   in[1]: (-2.963, -1.445, 0.015)
[trajectory_generator_node-6] [smoothTopoPath]   in[2]: (-0.919, -4.454, 0.015)
[trajectory_generator_node-6] [smoothTopoPath] lineVisib(start→end): TRUE(!)  colli=(0.00,0.00)
[trajectory_generator_node-6] [smoothTopoPath] OUTPUT size=2, iter_count=1
[trajectory_generator_node-6] [smoothTopoPath]   out[0]: (-3.963, -1.445, 0.015)
[trajectory_generator_node-6] [smoothTopoPath]   out[1]: (-0.919, -4.454, 0.015)
[trajectory_generator_node-6] [DIAG] optimized_path (smoothTopoPath) size: 2
[trajectory_generator_node-6] [DIAG]   opt[0]: (-3.963, -1.445, 0.015)
[trajectory_generator_node-6] [DIAG]   opt[1]: (-0.919, -4.454, 0.015)
[trajectory_generator_node-6] optimized_path size: 2
[trajectory_generator_node-6] [Manager] reference_speed: (0.30)
[trajectory_generator_node-6] [Smooth Optimize] MINCO Optimization Success: Success: met stopping criteria (past f decrease less than delta).
[trajectory_generator_node-6] [Smooth Optimize] MINCO: cost=0.0 total_T=15.018(init 14.267) max_drift=0.002 max_vel=0.3 segs=14
[trajectory_generator_node-6] [Smooth Resample] resample
[trajectory_generator_node-6] [Smooth Resample] 15 -> 8 waypoints, 7 time segs, max_turn=0.1 deg
[trajectory_generator_node-6] [Manager] optimizer generate time: 0.002971
[trajectory_generator_node-6] [Reference] path size : 8
[trajectory_generator_node-6] [Reference] solvePolyMatrix ENTER: N=7, path_size=8, trap_time_size=7
[trajectory_generator_node-6] [Reference]   path[0]=(-3.9627,-1.4448) path[1]=(-3.5356,-1.8661) t[0]=1.989117 state_vel=(0.2037,-0.2306)
[trajectory_generator_node-6] [Reference] banded solve done. b[0]=0.020208 b[N]=-0.167511 b2[0]=0.032066 b2[N]=0.165618
[trajectory_generator_node-6] [Reference] solvePolyMatrix EXIT: polyX[0]=[-0.002314 0.010104 0.203742 -3.962653]
[trajectory_generator_node-6] [INFO] [1790447075.821175782] [trajectory_generation]: FSM published 7 trajectory pieces
[trajectory_tracking_node-8] [WARN] [1790447080.851550227] [trajectory_tracking]: RM_GridMap predicted-path replan requested: collision_samples=0 trajectory_age=5.02
[trajectory_generator_node-6] [Manager REPLAN]  cur position point (X, Y) = (-2.892940, -2.511320), target point (X, Y) = (-0.919000, -4.454000)
[trajectory_generator_node-6] [Manager REPLAN] target_temp (X, Y) = (-0.919000, -4.454000)
[trajectory_generator_node-6] [Manager REPLAN] robot 1.51m from path, full replan
[trajectory_generator_node-6] [Manager] start point, (x, y): (-2.89, -2.51)
[trajectory_generator_node-6] [Manager] receive target, (x, y): (-0.92, -4.45)
[trajectory_generator_node-6] [Topo]: m_graph before num: 1605
[trajectory_generator_node-6] [Topo]: dijkstra time: 0.027829
[trajectory_generator_node-6] [Topo]: topo search time: 0.089739
[trajectory_generator_node-6] [Topo]: m_graph num: 2592
[trajectory_generator_node-6] [DIAG] origin_path (Dijkstra) size: 3
[trajectory_generator_node-6] [DIAG]   origin[0]: (-2.893, -2.511, 0.015)
[trajectory_generator_node-6] [DIAG]   origin[1]: (-1.893, -2.511, 0.015)
[trajectory_generator_node-6] [DIAG]   origin[2]: (-0.919, -4.454, 0.015)
[trajectory_generator_node-6] [DIAG] lineVisib(start→end DIRECT): TRUE(!!)  colli=(-2.89,-2.51)
[trajectory_generator_node-6] [DIAG] direct line: 55 steps, 0 wall cells
[trajectory_generator_node-6] [smoothTopoPath] INPUT size=3
[trajectory_generator_node-6] [smoothTopoPath]   in[0]: (-2.893, -2.511, 0.015)
[trajectory_generator_node-6] [smoothTopoPath]   in[1]: (-1.893, -2.511, 0.015)
[trajectory_generator_node-6] [smoothTopoPath]   in[2]: (-0.919, -4.454, 0.015)
[trajectory_generator_node-6] [smoothTopoPath] lineVisib(start→end): TRUE(!)  colli=(0.00,0.00)
[trajectory_generator_node-6] [smoothTopoPath] OUTPUT size=2, iter_count=1
[trajectory_generator_node-6] [smoothTopoPath]   out[0]: (-2.893, -2.511, 0.015)
[trajectory_generator_node-6] [smoothTopoPath]   out[1]: (-0.919, -4.454, 0.015)
[trajectory_generator_node-6] [DIAG] optimized_path (smoothTopoPath) size: 2
[trajectory_generator_node-6] [DIAG]   opt[0]: (-2.893, -2.511, 0.015)
[trajectory_generator_node-6] [DIAG]   opt[1]: (-0.919, -4.454, 0.015)
[trajectory_generator_node-6] optimized_path size: 2
[trajectory_generator_node-6] [Manager] reference_speed: (0.30)
[trajectory_generator_node-6] [Smooth Optimize] MINCO Optimization Success: Success: met stopping criteria (past f decrease less than delta).
[trajectory_generator_node-6] [Smooth Optimize] MINCO: cost=0.0 total_T=10.028(init 9.232) max_drift=0.000 max_vel=0.3 segs=9
[trajectory_generator_node-6] [Smooth Resample] resample
[trajectory_generator_node-6] [Smooth Resample] 10 -> 6 waypoints, 5 time segs, max_turn=0.0 deg
[trajectory_generator_node-6] [Manager] optimizer generate time: 0.002277
[trajectory_generator_node-6] [Reference] path size : 6
[trajectory_generator_node-6] [Reference] solvePolyMatrix ENTER: N=5, path_size=6, trap_time_size=5
[trajectory_generator_node-6] [Reference]   path[0]=(-2.8929,-2.5113) path[1]=(-2.4653,-2.9322) t[0]=1.985242 state_vel=(0.2135,-0.2100)
[trajectory_generator_node-6] [Reference] banded solve done. b[0]=0.005459 b[N]=-0.182025 b2[0]=-0.005566 b2[N]=0.179186
[trajectory_generator_node-6] [Reference] solvePolyMatrix EXIT: polyX[0]=[-0.000898 0.002729 0.213527 -2.892940]
[trajectory_generator_node-6] [INFO] [1790447080.980996449] [trajectory_generation]: FSM published 5 trajectory pieces
[trajectory_tracking_node-8] [WARN] [1790447086.026461362] [trajectory_tracking]: RM_GridMap predicted-path replan requested: collision_samples=0 trajectory_age=5.02
[trajectory_generator_node-6] [Manager REPLAN]  cur position point (X, Y) = (-1.827490, -3.549283), target point (X, Y) = (-0.919000, -4.454000)
[trajectory_generator_node-6] [Manager REPLAN] target_temp (X, Y) = (-0.919000, -4.454000)
[trajectory_generator_node-6] [Manager REPLAN] robot 1.28m from path, full replan
[trajectory_generator_node-6] [Manager] start point, (x, y): (-1.83, -3.55)
[trajectory_generator_node-6] [Manager] receive target, (x, y): (-0.92, -4.45)
[trajectory_generator_node-6] [Topo]: m_graph before num: 1107
[trajectory_generator_node-6] [Topo]: dijkstra time: 0.014118
[trajectory_generator_node-6] [Topo]: topo search time: 0.103263
[trajectory_generator_node-6] [Topo]: m_graph num: 1983
[trajectory_generator_node-6] [DIAG] origin_path (Dijkstra) size: 3
[trajectory_generator_node-6] [DIAG]   origin[0]: (-1.827, -3.549, 0.015)
[trajectory_generator_node-6] [DIAG]   origin[1]: (-0.827, -3.549, 0.015)
[trajectory_generator_node-6] [DIAG]   origin[2]: (-0.919, -4.454, 0.015)
[trajectory_generator_node-6] [DIAG] lineVisib(start→end DIRECT): TRUE(!!)  colli=(-1.83,-3.55)
[trajectory_generator_node-6] [DIAG] direct line: 25 steps, 0 wall cells
[trajectory_generator_node-6] [smoothTopoPath] INPUT size=3
[trajectory_generator_node-6] [smoothTopoPath]   in[0]: (-1.827, -3.549, 0.015)
[trajectory_generator_node-6] [smoothTopoPath]   in[1]: (-0.827, -3.549, 0.015)
[trajectory_generator_node-6] [smoothTopoPath]   in[2]: (-0.919, -4.454, 0.015)
[trajectory_generator_node-6] [smoothTopoPath] lineVisib(start→end): TRUE(!)  colli=(0.00,0.00)
[trajectory_generator_node-6] [smoothTopoPath] OUTPUT size=2, iter_count=1
[trajectory_generator_node-6] [smoothTopoPath]   out[0]: (-1.827, -3.549, 0.015)
[trajectory_generator_node-6] [smoothTopoPath]   out[1]: (-0.919, -4.454, 0.015)
[trajectory_generator_node-6] [DIAG] optimized_path (smoothTopoPath) size: 2
[trajectory_generator_node-6] [DIAG]   opt[0]: (-1.827, -3.549, 0.015)
[trajectory_generator_node-6] [DIAG]   opt[1]: (-0.919, -4.454, 0.015)
[trajectory_generator_node-6] optimized_path size: 2
[trajectory_generator_node-6] [Manager] reference_speed: (0.30)
[trajectory_generator_node-6] [Smooth Optimize] MINCO Optimization Success: Success: met stopping criteria (past f decrease less than delta).
[trajectory_generator_node-6] [Smooth Optimize] MINCO: cost=0.0 total_T=5.582(init 4.274) max_drift=0.001 max_vel=0.3 segs=4
[trajectory_generator_node-6] [Smooth Resample] resample
[trajectory_generator_node-6] [Smooth Resample] 5 -> 3 waypoints, 2 time segs, max_turn=0.0 deg
[trajectory_generator_node-6] [Manager] optimizer generate time: 0.001291
[trajectory_generator_node-6] [Reference] path size : 3
[trajectory_generator_node-6] [Reference] solvePolyMatrix ENTER: N=2, path_size=3, trap_time_size=2
[trajectory_generator_node-6] [Reference]   path[0]=(-1.8275,-3.5493) path[1]=(-1.4025,-3.9729) t[0]=2.191547 state_vel=(0.2127,-0.2009)
[trajectory_generator_node-6] [Reference] banded solve done. b[0]=-0.036169 b[N]=-0.136671 b2[0]=0.018845 b2[N]=0.133937
[trajectory_generator_node-6] [Reference] solvePolyMatrix EXIT: polyX[0]=[0.004349 -0.018084 0.212681 -1.827490]
[trajectory_generator_node-6] [INFO] [1790447086.150846980] [trajectory_generation]: FSM published 2 trajectory pieces
[trajectory_tracking_node-8] [WARN] [1790447091.523871784] [trajectory_tracking]: trajectory tracking stopped: invalid coefficient array length
[trajectory_tracking_node-8] [WARN] [1790447093.623401316] [trajectory_tracking]: trajectory tracking stopped: no valid trajectory
[trajectory_generator_node-6] [INFO] [1790447094.747950257] [trajectory_generation]: FSM accepted manual goal goal=(-3.22, 2.15, 0.02)
[trajectory_generator_node-6] [Manager] start point, (x, y): (-1.42, -4.15)
[trajectory_generator_node-6] [Manager] receive target, (x, y): (-3.22, 2.15)
[trajectory_generator_node-6] [Topo]: m_graph before num: 1605
[trajectory_generator_node-6] [Topo]: dijkstra time: 0.022759
[trajectory_generator_node-6] [Topo]: topo search time: 0.158855
[trajectory_generator_node-6] [Topo]: m_graph num: 2571
[trajectory_generator_node-6] [DIAG] origin_path (Dijkstra) size: 3
[trajectory_generator_node-6] [DIAG]   origin[0]: (-1.419, -4.154, 0.015)
[trajectory_generator_node-6] [DIAG]   origin[1]: (-5.619, -1.504, 0.015)
[trajectory_generator_node-6] [DIAG]   origin[2]: (-3.219, 2.146, 0.015)
[trajectory_generator_node-6] [DIAG] lineVisib(start→end DIRECT): false  colli=(-2.12,-1.70)
[trajectory_generator_node-6] [DIAG] direct line: 131 steps, 70 wall cells
[trajectory_generator_node-6] [smoothTopoPath] INPUT size=3
[trajectory_generator_node-6] [smoothTopoPath]   in[0]: (-1.419, -4.154, 0.015)
[trajectory_generator_node-6] [smoothTopoPath]   in[1]: (-5.619, -1.504, 0.015)
[trajectory_generator_node-6] [smoothTopoPath]   in[2]: (-3.219, 2.146, 0.015)
[trajectory_generator_node-6] [smoothTopoPath] lineVisib(start→end): false  colli=(-2.12,-1.70)
[trajectory_generator_node-6] [smoothTopoPath] OUTPUT size=6, iter_count=5
[trajectory_generator_node-6] [smoothTopoPath]   out[0]: (-1.419, -4.154, 0.015)
[trajectory_generator_node-6] [smoothTopoPath]   out[1]: (-4.892, -0.491, 0.015)
[trajectory_generator_node-6] [smoothTopoPath]   out[2]: (-5.835, -1.287, 0.015)
[trajectory_generator_node-6] [smoothTopoPath]   out[3]: (-4.944, -0.992, 0.015)
[trajectory_generator_node-6] [smoothTopoPath]   out[4]: (-4.830, 0.226, 0.015)
[trajectory_generator_node-6] [smoothTopoPath]   out[5]: (-3.219, 2.146, 0.015)
[trajectory_generator_node-6] [DIAG] optimized_path (smoothTopoPath) size: 6
[trajectory_generator_node-6] [DIAG]   opt[0]: (-1.419, -4.154, 0.015)
[trajectory_generator_node-6] [DIAG]   opt[1]: (-4.892, -0.491, 0.015)
[trajectory_generator_node-6] [DIAG]   opt[2]: (-5.835, -1.287, 0.015)
[trajectory_generator_node-6] [DIAG]   opt[3]: (-4.944, -0.992, 0.015)
[trajectory_generator_node-6] [DIAG]   opt[4]: (-4.830, 0.226, 0.015)
[trajectory_generator_node-6] [DIAG]   opt[5]: (-3.219, 2.146, 0.015)
[trajectory_generator_node-6] [Manager] reference_speed: (0.30)
[trajectory_generator_node-6] optimized_path size: 6
[trajectory_generator_node-6] [LBFGS] search direction d:  -5.6866e-05  0.000122309 -0.000121367  7.44417e-05 -3.62576e-05  1.55312e-05 -6.28266e-06  2.82358e-06 -1.81503e-06  1.22503e-06   1.1313e-06 -9.23269e-06  3.10204e-05 -8.27209e-05  0.000207279 -0.000522267  0.000217624   0.00328366   -0.0061316 -0.000957451  0.000628307 -0.000302757  0.000210169 -0.000256727  -0.00141985  -5.6617e-05  0.000185773  0.000771181 -9.40747e-05  6.80975e-05  7.73108e-05 -3.06827e-05 -6.36974e-05 -8.75951e-05  0.000108963   5.9977e-05 -0.000128998  0.000128012 -7.85408e-05  3.83103e-05 -1.65444e-05  7.00912e-06 -3.87771e-06  4.03277e-06 -6.25476e-06   1.0257e-05 -1.58893e-05  2.14814e-05 -1.76019e-05 -2.45903e-05  8.97909e-05  -0.00102332   0.00279093  -0.00231664 -0.000347812     0.000252 -0.000128145  6.15976e-05 -5.41875e-05  -0.00128882   -0.0007326  0.000679004  0.000600321  8.49744e-05 -0.000130525 -6.63839e-05  3.93474e-05  2.36463e-05 -7.71578e-06  0.000179861   0.00509108 -0.000728525  0.000280173 -6.79504e-05  1.48554e-05  -1.9717e-06 -3.98749e-07  5.41623e-07 -4.17773e-07  4.44568e-07 -8.98698e-07   2.8796e-06 -1.03532e-05  3.60355e-05 -9.94339e-05  0.000144992  0.000142023  0.000426303  0.000398834 -0.000446002   0.00176908    0.0017197 -0.000575786  0.000481312  0.000407156 -0.000339918  0.000973505  3.28983e-05  0.000347302 -5.09905e-05 -4.68558e-05  8.14216e-05 -9.73749e-05  0.000288042 -0.000476674   0.00243049
[trajectory_generator_node-6] [Smooth Optimize] MINCO reaches max evaluations: Line search reaches the maximum try number, assumptions not satisfied or precision not achievable.
[trajectory_generator_node-6] [Smooth Optimize] MINCO: cost=3.4 total_T=36.894(init 36.172) max_drift=0.192 max_vel=0.5 segs=36
[trajectory_generator_node-6] [Smooth Resample] resample
[trajectory_generator_node-6] [Smooth Resample] 37 -> 19 waypoints, 18 time segs, max_turn=119.0 deg
[trajectory_generator_node-6] [Manager] optimizer generate time: 0.010930
[trajectory_generator_node-6] [Reference] path size : 19
[trajectory_generator_node-6] [Reference] solvePolyMatrix ENTER: N=18, path_size=19, trap_time_size=18
[trajectory_generator_node-6] [Reference]   path[0]=(-1.4190,-4.1540) path[1]=(-1.8345,-3.7158) t[0]=2.136619 state_vel=(0.0000,0.0000)
[trajectory_generator_node-6] [Reference] banded solve done. b[0]=-0.312363 b[N]=-0.257049 b2[0]=0.329420 b2[N]=-0.301686
[trajectory_generator_node-6] [Reference] solvePolyMatrix EXIT: polyX[0]=[0.030502 -0.156182 0.000000 -1.419000]
[trajectory_generator_node-6] [Reference] solvePolyMatrix ENTER: N=18, path_size=19, trap_time_size=18
[trajectory_generator_node-6] [Reference]   path[0]=(-1.4190,-4.1540) path[1]=(-1.8345,-3.7158) t[0]=2.350281 state_vel=(0.0000,0.0000)
[trajectory_generator_node-6] [Reference] banded solve done. b[0]=-0.260427 b[N]=-0.214229 b2[0]=0.274647 b2[N]=-0.251932
[trajectory_generator_node-6] [Reference] solvePolyMatrix EXIT: polyX[0]=[0.023401 -0.130214 -0.000000 -1.419000]
[trajectory_generator_node-6] [Reference] solvePolyMatrix ENTER: N=18, path_size=19, trap_time_size=18
[trajectory_generator_node-6] [Reference]   path[0]=(-1.4190,-4.1540) path[1]=(-1.8345,-3.7158) t[0]=2.585309 state_vel=(0.0000,0.0000)
[trajectory_generator_node-6] [Reference] banded solve done. b[0]=-0.217456 b[N]=-0.214229 b2[0]=0.229329 b2[N]=-0.251932
[trajectory_generator_node-6] [Reference] solvePolyMatrix EXIT: polyX[0]=[0.018012 -0.108728 -0.000000 -1.419000]
[trajectory_generator_node-6] [INFO] [1790447094.947182294] [trajectory_generation]: FSM published 18 trajectory pieces
[trajectory_generator_node-6] [A Star] find collision pos: -4.871316 -0.212569
[trajectory_generator_node-6] [A Star] find start pos: -4.944090 -0.991666
[trajectory_generator_node-6] [Manager REPLAN]  cur position point (X, Y) = (-1.419000, -4.154000), target point (X, Y) = (-3.219000, 2.146000)
[trajectory_generator_node-6] [Manager REPLAN] target_temp (X, Y) = (-3.219000, 2.146000)
[trajectory_generator_node-6] [A Star] find collision pos: -4.871316 -0.212569
[trajectory_generator_node-6] [A Star] find start pos: -4.944090 -0.991666
[trajectory_generator_node-6] [Manager REPLAN] start local planning
[trajectory_generator_node-6] [Topo Local]: complete sample
[trajectory_generator_node-6] [Topo Local]: sample time: 0.045619
[trajectory_generator_node-6] [Manager Local] local path find! size is 3
[trajectory_generator_node-6] [smoothTopoPath] INPUT size=4
[trajectory_generator_node-6] [smoothTopoPath]   in[0]: (-1.419, -4.154, 0.015)
[trajectory_generator_node-6] [smoothTopoPath]   in[1]: (-3.169, -3.254, 0.015)
[trajectory_generator_node-6] [smoothTopoPath]   in[2]: (-4.830, 0.226, 0.015)
[trajectory_generator_node-6] [smoothTopoPath]   in[3]: (-3.219, 2.146, 0.015)
[trajectory_generator_node-6] [smoothTopoPath] lineVisib(start→end): false  colli=(-2.12,-1.70)
[trajectory_generator_node-6] [smoothTopoPath] OUTPUT size=4, iter_count=3
[trajectory_generator_node-6] [smoothTopoPath]   out[0]: (-1.419, -4.154, 0.015)
[trajectory_generator_node-6] [smoothTopoPath]   out[1]: (-4.757, -0.603, 0.015)
[trajectory_generator_node-6] [smoothTopoPath]   out[2]: (-4.703, 0.799, 0.015)
[trajectory_generator_node-6] [smoothTopoPath]   out[3]: (-3.219, 2.146, 0.015)
[trajectory_generator_node-6] [Manager REPLAN] optimized path size is 4
[trajectory_generator_node-6] [LBFGS] search direction d: -0.000201674 -4.50057e-05   0.00010023 -8.45412e-05  5.20241e-05 -2.49659e-05  8.18968e-06  3.74518e-07  -4.6911e-06  7.75116e-06 -1.01388e-05  8.69565e-06  4.39258e-06 -4.19118e-05  9.77919e-05 -0.000129557 -0.000128838   -0.0002031 -0.000129779 -1.80742e-05 -2.40804e-05  3.99998e-05 -4.61756e-05  7.00073e-05 -0.000120061  0.000271828  -0.00172872  0.000214549  4.78402e-05 -0.000106514  8.96546e-05 -5.47118e-05  2.52514e-05 -6.21528e-06 -4.77578e-06  1.18922e-05 -1.75478e-05  1.99262e-05 -1.02767e-05 -2.83315e-05  0.000122487 -0.000277656  0.000467785 -0.000184042  1.50249e-05 -0.000884489  0.000924011 -0.000687689   0.00044549 -0.000298067  0.000209293 -0.000181083  0.000273772  -0.00156251    0.0156081  -0.00221852  0.000828465 -0.000193808  4.64764e-05 -1.06922e-05  2.75046e-06 -6.39911e-07 -1.68122e-07  9.71653e-07 -3.61043e-06  1.58508e-05 -6.75132e-05   0.00026873 -0.000817238   0.00245058  4.09003e-05   0.00848877  0.000249369    0.0021514  1.62153e-05  0.000823985 -0.000205017  3.02976e-05  9.77846e-05  8.18722e-05  -0.00214561    0.0194574
[trajectory_generator_node-6] [Smooth Optimize] MINCO reaches max evaluations: Line search reaches the maximum try number, assumptions not satisfied or precision not achievable.
[trajectory_generator_node-6] [Smooth Optimize] MINCO: cost=1.5 total_T=31.016(init 27.524) max_drift=0.208 max_vel=0.4 segs=28
[trajectory_generator_node-6] [Smooth Resample] resample
[trajectory_generator_node-6] [Smooth Resample] 29 -> 15 waypoints, 14 time segs, max_turn=42.6 deg
[trajectory_generator_node-6] [Reference] path size : 15
[trajectory_generator_node-6] [Reference] solvePolyMatrix ENTER: N=14, path_size=15, trap_time_size=14
[trajectory_generator_node-6] [Reference]   path[0]=(-1.4190,-4.1540) path[1]=(-1.8272,-3.7198) t[0]=2.868813 state_vel=(0.0000,0.0000)
[trajectory_generator_node-6] [Reference] banded solve done. b[0]=-0.153564 b[N]=-0.120308 b2[0]=0.163371 b2[N]=-0.105717
[trajectory_generator_node-6] [Reference] solvePolyMatrix EXIT: polyX[0]=[0.009477 -0.076782 0.000000 -1.419000]
[trajectory_generator_node-6] [INFO] [1790447095.011294258] [trajectory_generation]: FSM published 14 trajectory pieces
[trajectory_tracking_node-8] [WARN] [1790447100.027500712] [trajectory_tracking]: RM_GridMap predicted-path replan requested: collision_samples=0 trajectory_age=5.01
[trajectory_generator_node-6] [Manager REPLAN]  cur position point (X, Y) = (-2.260278, -3.230946), target point (X, Y) = (-3.219000, 2.146000)
[trajectory_generator_node-6] [Manager REPLAN] target_temp (X, Y) = (-3.219000, 2.146000)
[trajectory_generator_node-6] [Manager REPLAN] robot 1.25m from path, full replan
[trajectory_generator_node-6] [Manager] start point, (x, y): (-2.26, -3.23)
[trajectory_generator_node-6] [Manager] receive target, (x, y): (-3.22, 2.15)
[trajectory_generator_node-6] [Topo]: m_graph before num: 1605
[trajectory_generator_node-6] [Topo]: dijkstra time: 0.026083
[trajectory_generator_node-6] [Topo]: topo search time: 0.132450
[trajectory_generator_node-6] [Topo]: m_graph num: 2559
[trajectory_generator_node-6] [DIAG] origin_path (Dijkstra) size: 3
[trajectory_generator_node-6] [DIAG]   origin[0]: (-2.260, -3.231, 0.015)
[trajectory_generator_node-6] [DIAG]   origin[1]: (-5.319, 0.546, 0.015)
[trajectory_generator_node-6] [DIAG]   origin[2]: (-3.219, 2.146, 0.015)
[trajectory_generator_node-6] [DIAG] lineVisib(start→end DIRECT): false  colli=(-2.57,-1.45)
[trajectory_generator_node-6] [DIAG] direct line: 109 steps, 63 wall cells
[trajectory_generator_node-6] [smoothTopoPath] INPUT size=3
[trajectory_generator_node-6] [smoothTopoPath]   in[0]: (-2.260, -3.231, 0.015)
[trajectory_generator_node-6] [smoothTopoPath]   in[1]: (-5.319, 0.546, 0.015)
[trajectory_generator_node-6] [smoothTopoPath]   in[2]: (-3.219, 2.146, 0.015)
[trajectory_generator_node-6] [smoothTopoPath] lineVisib(start→end): false  colli=(-2.57,-1.45)
[trajectory_generator_node-6] [smoothTopoPath] stuck detected, skipping to topo[1]
[trajectory_generator_node-6] [smoothTopoPath] OUTPUT size=7, iter_count=7
[trajectory_generator_node-6] [smoothTopoPath]   out[0]: (-2.260, -3.231, 0.015)
[trajectory_generator_node-6] [smoothTopoPath]   out[1]: (-4.885, -0.467, 0.015)
[trajectory_generator_node-6] [smoothTopoPath]   out[2]: (-4.546, -0.308, 0.015)
[trajectory_generator_node-6] [smoothTopoPath]   out[3]: (-2.528, -3.377, 0.015)
[trajectory_generator_node-6] [smoothTopoPath]   out[4]: (-4.809, -0.084, 0.015)
[trajectory_generator_node-6] [smoothTopoPath]   out[5]: (-5.319, 0.546, 0.015)
[trajectory_generator_node-6] [smoothTopoPath]   out[6]: (-3.219, 2.146, 0.015)
[trajectory_generator_node-6] [DIAG] optimized_path (smoothTopoPath) size: 7
[trajectory_generator_node-6] [DIAG]   opt[0]: (-2.260, -3.231, 0.015)
[trajectory_generator_node-6] [DIAG]   opt[1]: (-4.885, -0.467, 0.015)
[trajectory_generator_node-6] [DIAG]   opt[2]: (-4.546, -0.308, 0.015)
[trajectory_generator_node-6] [DIAG]   opt[3]: (-2.528, -3.377, 0.015)
[trajectory_generator_node-6] [DIAG]   opt[4]: (-4.809, -0.084, 0.015)
[trajectory_generator_node-6] [DIAG]   opt[5]: (-5.319, 0.546, 0.015)
[trajectory_generator_node-6] [DIAG]   opt[6]: (-3.219, 2.146, 0.015)
[trajectory_generator_node-6] optimized_path size: 7
[trajectory_generator_node-6] [Manager] reference_speed: (0.30)
[trajectory_generator_node-6] [LBFGS] search direction d: -3.33037e-06  5.11936e-06 -4.30039e-06  3.03206e-06 -2.69552e-06  4.00245e-06 -8.79153e-06  2.39719e-05 -7.22027e-05  0.000214474 -0.000555392  0.000421947   0.00246841 -0.000233411  -0.00131941  0.000238758 -0.000349654  0.000128401 -3.87849e-05  1.46706e-05 -1.98844e-05  4.36921e-05 -8.19101e-05  0.000116892 -0.000150571  0.000271634 -0.000296371  0.000183201 -0.000108534  5.13109e-05 -2.33574e-05  1.32426e-05 -8.17242e-06 -5.52476e-06  4.10645e-05 -9.59985e-05   0.00696212   0.00694485 -7.42811e-06   -0.0015161 -0.000277031  0.000404862 -0.000153552 -3.81782e-05  7.06598e-05 -7.57513e-05  0.000111001 -0.000173532  0.000212409 -0.000235795   3.7575e-06 -7.64079e-06  6.25142e-06  -3.4108e-06   9.9863e-07  1.21473e-06  -4.3938e-06  9.86235e-06 -1.73422e-05  1.96965e-05   3.9739e-05  0.000466331   0.00381967   0.00274036  -0.00020131 -9.90776e-05  0.000422729 -0.000186587  8.21357e-05 -4.54769e-05  4.47813e-05 -7.25903e-05   0.00012419 -0.000172812   0.00022034 -0.000396195  0.000432238 -0.000266546  0.000155988 -7.01048e-05  2.53088e-05  -3.9244e-06  -1.2393e-05  4.32175e-05 -0.000128451   0.00030535  -0.00366446  -0.00629635 -0.000396783  1.00452e-05  0.000149592  0.000170631  1.26295e-05 -7.53405e-05  7.42658e-05 -7.13073e-05  9.22483e-05  -0.00013582  0.000163273 -0.000180162  7.17145e-05 -2.03627e-05  5.92885e-06 -1.39498e-06  1.35247e-07  4.11276e-07 -1.47911e-06  5.13072e-06 -1.72651e-05  5.87085e-05 -0.000162192  0.000534881 -1.83908e-05  0.000464084   0.00126488 -0.000266602  0.000229618 -6.52658e-05   2.0474e-05 -7.74168e-06  2.45039e-06  5.72196e-06 -3.30931e-05  0.000133783 -0.000351107   0.00129633  0.000908013 -0.000331822  5.58791e-05 -4.41533e-06 -2.39393e-06  1.60736e-06  3.86251e-07 -3.12738e-06  9.25512e-06 -2.34572e-05  8.91211e-05  0.000196224    0.0122596  0.000330575  0.000526544  0.000361157  0.000676493 -0.000236815  6.36731e-05 -1.47729e-05  1.16291e-05  -4.7096e-05  0.000197645 -0.000493352   0.00340406
[trajectory_generator_node-6] [Smooth Optimize] MINCO reaches max evaluations: Line search reaches the maximum try number, assumptions not satisfied or precision not achievable.
[trajectory_generator_node-6] [Smooth Optimize] MINCO: cost=5.7 total_T=50.790(init 50.075) max_drift=0.341 max_vel=0.5 segs=51
[trajectory_generator_node-6] [Smooth Resample] resample
[trajectory_generator_node-6] [Smooth Resample] 52 -> 27 waypoints, 26 time segs, max_turn=178.4 deg
[trajectory_generator_node-6] [Manager] optimizer generate time: 0.009688
[trajectory_generator_node-6] [Reference] path size : 27
[trajectory_generator_node-6] [Reference] solvePolyMatrix ENTER: N=26, path_size=27, trap_time_size=26
[trajectory_generator_node-6] [Reference]   path[0]=(-2.2603,-3.2309) path[1]=(-2.6736,-2.7956) t[0]=2.000446 state_vel=(-0.2017,0.2093)
[trajectory_generator_node-6] [Reference] banded solve done. b[0]=-0.008350 b[N]=-0.624983 b2[0]=0.014602 b2[N]=-0.475865
[trajectory_generator_node-6] [Reference] solvePolyMatrix EXIT: polyX[0]=[0.000875 -0.004175 -0.201742 -2.260278]
[trajectory_generator_node-6] [Reference] solvePolyMatrix ENTER: N=26, path_size=27, trap_time_size=26
[trajectory_generator_node-6] [Reference]   path[0]=(-2.2603,-3.2309) path[1]=(-2.6736,-2.7956) t[0]=2.000446 state_vel=(-0.2017,0.2093)
[trajectory_generator_node-6] [Reference] banded solve done. b[0]=-0.008407 b[N]=-0.520723 b2[0]=0.014645 b2[N]=-0.396473
[trajectory_generator_node-6] [Reference] solvePolyMatrix EXIT: polyX[0]=[0.000889 -0.004203 -0.201742 -2.260278]
[trajectory_generator_node-6] [Reference] solvePolyMatrix ENTER: N=26, path_size=27, trap_time_size=26
[trajectory_generator_node-6] [Reference]   path[0]=(-2.2603,-3.2309) path[1]=(-2.6736,-2.7956) t[0]=2.000446 state_vel=(-0.2017,0.2093)
[trajectory_generator_node-6] [Reference] banded solve done. b[0]=-0.008407 b[N]=-0.434404 b2[0]=0.014645 b2[N]=-0.330743
[trajectory_generator_node-6] [Reference] solvePolyMatrix EXIT: polyX[0]=[0.000889 -0.004203 -0.201742 -2.260278]
[trajectory_generator_node-6] [Reference] solvePolyMatrix ENTER: N=26, path_size=27, trap_time_size=26
[trajectory_generator_node-6] [Reference]   path[0]=(-2.2603,-3.2309) path[1]=(-2.6736,-2.7956) t[0]=2.000446 state_vel=(-0.2017,0.2093)
[trajectory_generator_node-6] [Reference] banded solve done. b[0]=-0.008407 b[N]=-0.362519 b2[0]=0.014645 b2[N]=-0.275984
[trajectory_generator_node-6] [Reference] solvePolyMatrix EXIT: polyX[0]=[0.000889 -0.004203 -0.201742 -2.260278]
[trajectory_generator_node-6] [Reference] solvePolyMatrix ENTER: N=26, path_size=27, trap_time_size=26
[trajectory_generator_node-6] [Reference]   path[0]=(-2.2603,-3.2309) path[1]=(-2.6736,-2.7956) t[0]=2.000446 state_vel=(-0.2017,0.2093)
[trajectory_generator_node-6] [Reference] banded solve done. b[0]=-0.008407 b[N]=-0.302987 b2[0]=0.014645 b2[N]=-0.230638
[trajectory_generator_node-6] [Reference] solvePolyMatrix EXIT: polyX[0]=[0.000889 -0.004203 -0.201742 -2.260278]
[trajectory_generator_node-6] [Reference] solvePolyMatrix ENTER: N=26, path_size=27, trap_time_size=26
[trajectory_generator_node-6] [Reference]   path[0]=(-2.2603,-3.2309) path[1]=(-2.6736,-2.7956) t[0]=2.000446 state_vel=(-0.2017,0.2093)
[trajectory_generator_node-6] [Reference] banded solve done. b[0]=-0.008407 b[N]=-0.253646 b2[0]=0.014645 b2[N]=-0.193056
[trajectory_generator_node-6] [Reference] solvePolyMatrix EXIT: polyX[0]=[0.000889 -0.004203 -0.201742 -2.260278]
[trajectory_generator_node-6] [INFO] [1790447100.202079256] [trajectory_generation]: FSM published 26 trajectory pieces
[trajectory_tracking_node-8] [WARN] [1790447105.240558550] [trajectory_tracking]: RM_GridMap predicted-path replan requested: collision_samples=0 trajectory_age=5.02
[trajectory_generator_node-6] [Manager REPLAN]  cur position point (X, Y) = (-3.296209, -2.143797), target point (X, Y) = (-3.219000, 2.146000)
[trajectory_generator_node-6] [Manager REPLAN] target_temp (X, Y) = (-3.219000, 2.146000)
[trajectory_generator_node-6] [Manager REPLAN] robot 1.45m from path, full replan
[trajectory_generator_node-6] [Manager] start point, (x, y): (-3.30, -2.14)
[trajectory_generator_node-6] [Manager] receive target, (x, y): (-3.22, 2.15)
[trajectory_generator_node-6] [Topo]: m_graph before num: 1605
[trajectory_generator_node-6] [Topo]: dijkstra time: 0.015150
[trajectory_generator_node-6] [Topo]: topo search time: 0.255283
[trajectory_generator_node-6] [Topo]: m_graph num: 2580
[trajectory_generator_node-6] [DIAG] origin_path (Dijkstra) size: 3
[trajectory_generator_node-6] [DIAG]   origin[0]: (-3.296, -2.144, 0.015)
[trajectory_generator_node-6] [DIAG]   origin[1]: (-6.369, -0.604, 0.015)
[trajectory_generator_node-6] [DIAG]   origin[2]: (-3.219, 2.146, 0.015)
[trajectory_generator_node-6] [DIAG] lineVisib(start→end DIRECT): false  colli=(-3.27,-1.10)
[trajectory_generator_node-6] [DIAG] direct line: 85 steps, 53 wall cells
[trajectory_generator_node-6] [smoothTopoPath] INPUT size=3
[trajectory_generator_node-6] [smoothTopoPath]   in[0]: (-3.296, -2.144, 0.015)
[trajectory_generator_node-6] [smoothTopoPath]   in[1]: (-6.369, -0.604, 0.015)
[trajectory_generator_node-6] [smoothTopoPath]   in[2]: (-3.219, 2.146, 0.015)
[trajectory_generator_node-6] [smoothTopoPath] lineVisib(start→end): false  colli=(-3.27,-1.10)
[trajectory_generator_node-6] [smoothTopoPath] OUTPUT size=3, iter_count=2
[trajectory_generator_node-6] [smoothTopoPath]   out[0]: (-3.296, -2.144, 0.015)
[trajectory_generator_node-6] [smoothTopoPath]   out[1]: (-6.333, -0.698, 0.015)
[trajectory_generator_node-6] [smoothTopoPath]   out[2]: (-3.219, 2.146, 0.015)
[trajectory_generator_node-6] [DIAG] optimized_path (smoothTopoPath) size: 3
[trajectory_generator_node-6] [DIAG]   opt[0]: (-3.296, -2.144, 0.015)
[trajectory_generator_node-6] [DIAG]   opt[1]: (-6.333, -0.698, 0.015)
[trajectory_generator_node-6] [DIAG]   opt[2]: (-3.219, 2.146, 0.015)
[trajectory_generator_node-6] optimized_path size: 3
[trajectory_generator_node-6] [Manager] reference_speed: (0.30)
[trajectory_generator_node-6] [LBFGS] search direction d: -0.000284313 -0.000133738  0.000202246 -0.000136257 -1.59386e-05  0.000278275 -0.000714327   0.00133614  -0.00499251    0.0026339  -0.00235447  0.000203193  0.000387528  -0.00558035 -0.000549647  -0.00067509 -0.000890047  0.000434913 -0.000117104  3.51113e-05  1.59447e-07 -0.000222994  0.000904826  -0.00281242  0.000268256 -0.000468783  0.000472378 -0.000455632  0.000479989 -0.000550792  0.000643154 -0.000767512  -0.00297276  -0.00107879  0.000951659 -0.000475663  0.000672587  -0.00602159  0.000348917  0.000225384  -0.00119187  0.000472762  0.000101442 -0.000302206  0.000326815 -0.000463225   0.00100968  -0.00269039   0.00934953 -0.000685872  0.000355622  -7.4316e-05  1.65968e-05 -1.93408e-05  0.000122363 -0.000503052   0.00198484  -0.00459247    0.0167302    0.0168143  -0.00788103   0.00679222  -0.00324463   0.00317218 -0.000338048   0.00171589 -0.000458655  7.98405e-05  0.000293983  -0.00125135   0.00462413  -0.00996137    0.0567637
[trajectory_generator_node-6] [Smooth Optimize] MINCO reaches max evaluations: Line search reaches the maximum try number, assumptions not satisfied or precision not achievable.
[trajectory_generator_node-6] [Smooth Optimize] MINCO: cost=0.9 total_T=25.688(init 25.005) max_drift=0.125 max_vel=0.4 segs=25
[trajectory_generator_node-6] [Smooth Resample] resample
[trajectory_generator_node-6] [Smooth Resample] 26 -> 14 waypoints, 13 time segs, max_turn=62.4 deg
[trajectory_generator_node-6] [Manager] optimizer generate time: 0.012500
[trajectory_generator_node-6] [Reference] path size : 14
[trajectory_generator_node-6] [Reference] solvePolyMatrix ENTER: N=13, path_size=14, trap_time_size=13
[trajectory_generator_node-6] [Reference]   path[0]=(-3.2962,-2.1438) path[1]=(-3.8389,-1.8885) t[0]=2.054612 state_vel=(-0.2060,0.2129)
[trajectory_generator_node-6] [Reference] banded solve done. b[0]=-0.095915 b[N]=-0.278847 b2[0]=-0.152612 b2[N]=-0.253930
[trajectory_generator_node-6] [Reference] solvePolyMatrix EXIT: polyX[0]=[0.009559 -0.047958 -0.205958 -3.296209]
[trajectory_generator_node-6] [Reference] solvePolyMatrix ENTER: N=13, path_size=14, trap_time_size=13
[trajectory_generator_node-6] [Reference]   path[0]=(-3.2962,-2.1438) path[1]=(-3.8389,-1.8885) t[0]=2.054612 state_vel=(-0.2060,0.2129)
[trajectory_generator_node-6] [Reference] banded solve done. b[0]=-0.095915 b[N]=-0.233040 b2[0]=-0.152612 b2[N]=-0.212141
[trajectory_generator_node-6] [Reference] solvePolyMatrix EXIT: polyX[0]=[0.009559 -0.047958 -0.205958 -3.296209]
[trajectory_generator_node-6] [INFO] [1790447105.522529015] [trajectory_generation]: FSM published 13 trajectory pieces
[trajectory_tracking_node-8] [WARN] [1790447110.552001176] [trajectory_tracking]: RM_GridMap predicted-path replan requested: collision_samples=0 trajectory_age=5.01
[trajectory_generator_node-6] [Manager REPLAN]  cur position point (X, Y) = (-4.637722, -1.496564), target point (X, Y) = (-3.219000, 2.146000)
[trajectory_generator_node-6] [Manager REPLAN] target_temp (X, Y) = (-3.219000, 2.146000)
[trajectory_generator_node-6] [Manager REPLAN] robot 1.49m from path, full replan
[trajectory_generator_node-6] [Manager] start point, (x, y): (-4.64, -1.50)
[trajectory_generator_node-6] [Manager] receive target, (x, y): (-3.22, 2.15)
[trajectory_generator_node-6] [Topo]: m_graph before num: 1605
[trajectory_generator_node-6] [Topo]: dijkstra time: 0.011160
[trajectory_generator_node-6] [Topo]: topo search time: 0.107755
[trajectory_generator_node-6] [Topo]: m_graph num: 2582
[trajectory_generator_node-6] [DIAG] origin_path (Dijkstra) size: 3
[trajectory_generator_node-6] [DIAG]   origin[0]: (-4.638, -1.497, 0.015)
[trajectory_generator_node-6] [DIAG]   origin[1]: (-5.638, -1.497, 0.015)
[trajectory_generator_node-6] [DIAG]   origin[2]: (-3.219, 2.146, 0.015)
[trajectory_generator_node-6] [DIAG] lineVisib(start→end DIRECT): false  colli=(-4.27,-0.60)
[trajectory_generator_node-6] [DIAG] direct line: 78 steps, 37 wall cells
[trajectory_generator_node-6] [smoothTopoPath] INPUT size=3
[trajectory_generator_node-6] [smoothTopoPath]   in[0]: (-4.638, -1.497, 0.015)
[trajectory_generator_node-6] [smoothTopoPath]   in[1]: (-5.638, -1.497, 0.015)
[trajectory_generator_node-6] [smoothTopoPath]   in[2]: (-3.219, 2.146, 0.015)
[trajectory_generator_node-6] [smoothTopoPath] lineVisib(start→end): false  colli=(-4.27,-0.60)
[trajectory_generator_node-6] [smoothTopoPath] OUTPUT size=3, iter_count=2
[trajectory_generator_node-6] [smoothTopoPath]   out[0]: (-4.638, -1.497, 0.015)
[trajectory_generator_node-6] [smoothTopoPath]   out[1]: (-4.842, 0.002, 0.015)
[trajectory_generator_node-6] [smoothTopoPath]   out[2]: (-3.219, 2.146, 0.015)
[trajectory_generator_node-6] [DIAG] optimized_path (smoothTopoPath) size: 3
[trajectory_generator_node-6] [DIAG]   opt[0]: (-4.638, -1.497, 0.015)
[trajectory_generator_node-6] [DIAG]   opt[1]: (-4.842, 0.002, 0.015)
[trajectory_generator_node-6] [DIAG]   opt[2]: (-3.219, 2.146, 0.015)
[trajectory_generator_node-6] optimized_path size: 3
[trajectory_generator_node-6] [Manager] reference_speed: (0.30)
[trajectory_generator_node-6] [LBFGS] search direction d:  0.000974794  -0.00119671  0.000518029  9.32996e-05   5.6194e-05  0.000118326   0.00042199  0.000158407 -0.000214789  2.63932e-05 -0.000353725  0.000407841   0.00240953  0.000357117   -0.0011193  0.000484468 -0.000209821  6.73878e-05  0.000258962  0.000432344  0.000255617 -1.84518e-05 -0.000182176 -0.000121754  0.000528488  -0.00149973    0.0398305  -0.00531485   0.00869789   -0.0010964    0.0480734  -0.00118682   0.00739538  -0.00257765    0.0010323 -4.90774e-05 -0.000737107   0.00371879  -0.00790425    0.0548601
[trajectory_generator_node-6] [Smooth Optimize] MINCO reaches max evaluations: Line search reaches the maximum try number, assumptions not satisfied or precision not achievable.
[trajectory_generator_node-6] [Smooth Optimize] MINCO: cost=2.0 total_T=16.993(init 13.993) max_drift=0.197 max_vel=0.3 segs=14
[trajectory_generator_node-6] [Smooth Resample] resample
[trajectory_generator_node-6] [Smooth Resample] 15 -> 8 waypoints, 7 time segs, max_turn=36.6 deg
[trajectory_generator_node-6] [Manager] optimizer generate time: 0.002333
[trajectory_generator_node-6] [Reference] path size : 8
[trajectory_generator_node-6] [Reference] solvePolyMatrix ENTER: N=7, path_size=8, trap_time_size=7
[trajectory_generator_node-6] [Reference]   path[0]=(-4.6377,-1.4966) path[1]=(-4.7112,-0.9033) t[0]=2.845876 state_vel=(-0.2668,0.1220)
[trajectory_generator_node-6] [Reference] banded solve done. b[0]=0.281263 b[N]=-0.144851 b2[0]=0.114528 b2[N]=-0.175405
[trajectory_generator_node-6] [Reference] solvePolyMatrix EXIT: polyX[0]=[-0.019658 0.140631 -0.266831 -4.637722]
[trajectory_generator_node-6] [INFO] [1790447110.699316218] [trajectory_generation]: FSM published 7 trajectory pieces
[trajectory_tracking_node-8] [WARN] [1790447115.712541887] [trajectory_tracking]: RM_GridMap predicted-path replan requested: collision_samples=0 trajectory_age=5.01
[trajectory_generator_node-6] [Manager REPLAN]  cur position point (X, Y) = (-4.702832, -0.510943), target point (X, Y) = (-3.219000, 2.146000)
[trajectory_generator_node-6] [Manager REPLAN] target_temp (X, Y) = (-3.219000, 2.146000)
[trajectory_generator_node-6] [Manager REPLAN] path safe & target unchanged, re-anchoring from cur pos
[trajectory_generator_node-6] [LBFGS] search direction d:  0.000158741  8.27593e-05 -4.40713e-05  0.000253811  9.55644e-05  0.000230836  0.000618373  0.000213839 -0.000202245  3.77632e-05   1.2009e-05 -0.000391391  4.27512e-05  1.78203e-05 -0.000114217  0.000785495  0.000225437 -0.000221125  0.000174612  0.000362113  6.67043e-05 -8.73806e-05  0.000231511 -7.35307e-05 -2.21791e-06  0.000149111 -0.000313942   0.00209635
[trajectory_generator_node-6] [Smooth Optimize] MINCO reaches max evaluations: Line search reaches the maximum try number, assumptions not satisfied or precision not achievable.
[trajectory_generator_node-6] [Smooth Optimize] MINCO: cost=7.2 total_T=10.474(init 10.144) max_drift=0.275 max_vel=0.5 segs=10
[trajectory_generator_node-6] [Smooth Resample] resample
[trajectory_generator_node-6] [Smooth Resample] 11 -> 6 waypoints, 5 time segs, max_turn=24.0 deg
[trajectory_generator_node-6] [Reference] path size : 6
[trajectory_generator_node-6] [Reference] solvePolyMatrix ENTER: N=5, path_size=6, trap_time_size=5
[trajectory_generator_node-6] [Reference]   path[0]=(-4.7028,-0.5109) path[1]=(-4.6395,0.1217) t[0]=2.221179 state_vel=(-0.0258,0.1968)
[trajectory_generator_node-6] [Reference] banded solve done. b[0]=0.042558 b[N]=-0.284627 b2[0]=0.154582 b2[N]=-0.388352
[trajectory_generator_node-6] [Reference] solvePolyMatrix EXIT: polyX[0]=[0.001424 0.021279 -0.025773 -4.702832]
[trajectory_generator_node-6] [Reference] solvePolyMatrix ENTER: N=5, path_size=6, trap_time_size=5
[trajectory_generator_node-6] [Reference]   path[0]=(-4.7028,-0.5109) path[1]=(-4.6395,0.1217) t[0]=2.221179 state_vel=(-0.0258,0.1968)
[trajectory_generator_node-6] [Reference] banded solve done. b[0]=0.042847 b[N]=-0.237717 b2[0]=0.154968 b2[N]=-0.324196
[trajectory_generator_node-6] [Reference] solvePolyMatrix EXIT: polyX[0]=[0.001358 0.021424 -0.025773 -4.702832]
[trajectory_generator_node-6] [Reference] solvePolyMatrix ENTER: N=5, path_size=6, trap_time_size=5
[trajectory_generator_node-6] [Reference]   path[0]=(-4.7028,-0.5109) path[1]=(-4.6395,0.1217) t[0]=2.221179 state_vel=(-0.0258,0.1968)
[trajectory_generator_node-6] [Reference] banded solve done. b[0]=0.043065 b[N]=-0.198866 b2[0]=0.155259 b2[N]=-0.271070
[trajectory_generator_node-6] [Reference] solvePolyMatrix EXIT: polyX[0]=[0.001309 0.021532 -0.025773 -4.702832]
[trajectory_generator_node-6] [INFO] [1790447115.754205402] [trajectory_generation]: FSM published 5 trajectory pieces
[trajectory_generator_node-6] [A Star] find collision pos: -3.973079 0.795750
[trajectory_generator_node-6] [A Star] find start pos: -4.702832 -0.510943
[trajectory_generator_node-6] [A Star] find collision pos: -3.973079 0.795750
[trajectory_generator_node-6] [A Star] find start pos: -4.702832 -0.510943
[trajectory_generator_node-6] [A Star] find collision pos: -3.973079 0.795750
[trajectory_generator_node-6] [A Star] find start pos: -4.702832 -0.510943
[trajectory_generator_node-6] [A Star] find collision pos: -3.973079 0.795750
[trajectory_generator_node-6] [A Star] find start pos: -4.702832 -0.510943
[trajectory_generator_node-6] [A Star] find collision pos: -3.973079 0.795750
[trajectory_generator_node-6] [A Star] find start pos: -4.702832 -0.510943
[trajectory_generator_node-6] [A Star] find collision pos: -3.973079 0.795750
[trajectory_generator_node-6] [A Star] find start pos: -4.702832 -0.510943
[trajectory_generator_node-6] [Manager REPLAN]  cur position point (X, Y) = (-4.711843, -0.259926), target point (X, Y) = (-3.219000, 2.146000)
[trajectory_generator_node-6] [Manager REPLAN] target_temp (X, Y) = (-3.219000, 2.146000)
[trajectory_generator_node-6] [A Star] find collision pos: -3.973079 0.795750
[trajectory_generator_node-6] [A Star] find start pos: -4.702832 -0.510943
[trajectory_generator_node-6] [Manager REPLAN] start local planning
[trajectory_generator_node-6] [Topo Local]: complete sample
[trajectory_generator_node-6] [Topo Local]: sample time: 0.074575
[trajectory_generator_node-6] [Manager Local] local path find! size is 3
[trajectory_generator_node-6] [smoothTopoPath] INPUT size=3
[trajectory_generator_node-6] [smoothTopoPath]   in[0]: (-4.712, -0.260, 0.015)
[trajectory_generator_node-6] [smoothTopoPath]   in[1]: (-5.619, -1.504, 0.015)
[trajectory_generator_node-6] [smoothTopoPath]   in[2]: (-3.219, 2.146, 0.015)
[trajectory_generator_node-6] [smoothTopoPath] lineVisib(start→end): false  colli=(-4.62,-0.15)
[trajectory_generator_node-6] [smoothTopoPath] OUTPUT size=3, iter_count=2
[trajectory_generator_node-6] [smoothTopoPath]   out[0]: (-4.712, -0.260, 0.015)
[trajectory_generator_node-6] [smoothTopoPath]   out[1]: (-4.794, 0.290, 0.015)
[trajectory_generator_node-6] [smoothTopoPath]   out[2]: (-3.219, 2.146, 0.015)
[trajectory_generator_node-6] [Manager REPLAN] optimized path size is 3
[trajectory_generator_node-6] [LBFGS] search direction d:  1.26147e-05 -0.000215138 -2.10047e-05  1.33808e-06 -9.25426e-06  0.000105499  6.57521e-05 -7.26833e-05  5.04087e-05 -7.78588e-06  5.10238e-06  1.79014e-05  6.03539e-06 -0.000112844  5.21651e-05 -1.20008e-05  0.000325112  2.75745e-05   0.00100314  5.06408e-05  0.000250059 -6.53274e-05  2.64503e-05 -9.72712e-06  1.03983e-05  2.83814e-05 -0.000119489   0.00116668
[trajectory_generator_node-6] [Smooth Optimize] MINCO reaches max evaluations: Line search reaches the maximum try number, assumptions not satisfied or precision not achievable.
[trajectory_generator_node-6] [Smooth Optimize] MINCO: cost=0.4 total_T=11.987(init 9.923) max_drift=0.126 max_vel=0.3 segs=10
[trajectory_generator_node-6] [Smooth Resample] resample
[trajectory_generator_node-6] [Smooth Resample] 11 -> 6 waypoints, 5 time segs, max_turn=42.0 deg
[trajectory_generator_node-6] [Reference] path size : 6
[trajectory_generator_node-6] [Reference] solvePolyMatrix ENTER: N=5, path_size=6, trap_time_size=5
[trajectory_generator_node-6] [Reference]   path[0]=(-4.7118,-0.2599) path[1]=(-4.7600,0.3224) t[0]=2.927133 state_vel=(0.0157,0.3045)
[trajectory_generator_node-6] [Reference] banded solve done. b[0]=-0.105325 b[N]=-0.140890 b2[0]=-0.137966 b2[N]=-0.160988
[trajectory_generator_node-6] [Reference] solvePolyMatrix EXIT: polyX[0]=[0.014243 -0.052662 0.015665 -4.711843]
[trajectory_generator_node-6] [INFO] [1790447116.994288290] [trajectory_generation]: FSM published 5 trajectory pieces
[trajectory_tracking_node-8] [WARN] [1790447122.004219019] [trajectory_tracking]: RM_GridMap predicted-path replan requested: collision_samples=0 trajectory_age=5.01
[trajectory_generator_node-6] [Manager REPLAN]  cur position point (X, Y) = (-4.454314, 0.817781), target point (X, Y) = (-3.219000, 2.146000)
[trajectory_generator_node-6] [Manager REPLAN] target_temp (X, Y) = (-3.219000, 2.146000)
[trajectory_generator_node-6] [Manager REPLAN] path safe & target unchanged, re-anchoring from cur pos
[trajectory_generator_node-6] [Smooth Optimize] MINCO reached max iterations (200)
[trajectory_generator_node-6] [Smooth Optimize] MINCO: cost=0.0 total_T=6.902(init 6.046) max_drift=0.008 max_vel=0.3 segs=6
[trajectory_generator_node-6] [Smooth Resample] resample
[trajectory_generator_node-6] [Smooth Resample] 7 -> 4 waypoints, 3 time segs, max_turn=0.0 deg
[trajectory_generator_node-6] [Reference] path size : 4
[trajectory_generator_node-6] [Reference] solvePolyMatrix ENTER: N=3, path_size=4, trap_time_size=3
[trajectory_generator_node-6] [Reference]   path[0]=(-4.4543,0.8178) path[1]=(-4.0426,1.2605) t[0]=1.950223 state_vel=(0.2234,0.2434)
[trajectory_generator_node-6] [Reference] banded solve done. b[0]=-0.015035 b[N]=-0.152818 b2[0]=-0.021801 b2[N]=-0.164099
[trajectory_generator_node-6] [Reference] solvePolyMatrix EXIT: polyX[0]=[0.000624 -0.007517 0.223414 -4.454314]
[trajectory_generator_node-6] [INFO] [1790447122.016086833] [trajectory_generation]: FSM published 3 trajectory pieces
[trajectory_tracking_node-8] [WARN] [1790447127.025678411] [trajectory_tracking]: RM_GridMap predicted-path replan requested: collision_samples=0 trajectory_age=5.01
[trajectory_generator_node-6] [Manager REPLAN]  cur position point (X, Y) = (-3.445795, 1.956203), target point (X, Y) = (-3.219000, 2.146000)
[trajectory_generator_node-6] [Manager REPLAN] target_temp (X, Y) = (-3.219000, 2.146000)
[trajectory_generator_node-6] [Manager REPLAN] path safe & target unchanged, re-anchoring from cur pos
[trajectory_generator_node-6] [Smooth Path] path.size()<3, No need to optimize
[trajectory_generator_node-6] [Smooth Path] path.size()<3, No need to optimize
[trajectory_generator_node-6] [Smooth Resample] resample
[trajectory_generator_node-6] [Smooth Resample] path too short (2 pts), keeping all
[trajectory_generator_node-6] [Reference] path size : 2
[trajectory_generator_node-6] [Reference] path_length: 0.295734
[trajectory_generator_node-6] [Reference] solvePolyMatrix ENTER: N=1, path_size=2, trap_time_size=1
[trajectory_generator_node-6] [Reference]   path[0]=(-3.4458,1.9562) path[1]=(-3.2190,2.1460) t[0]=1.000000 state_vel=(0.1850,0.1986)
[trajectory_generator_node-6] [Reference] banded solve done. b[0]=0.620701 b[N]=-0.990736 b2[0]=0.344277 b2[N]=-0.741528
[trajectory_generator_node-6] [Reference] solvePolyMatrix EXIT: polyX[0]=[-0.268573 0.310350 0.185018 -3.445795]
[trajectory_generator_node-6] [Reference] solvePolyMatrix ENTER: N=1, path_size=2, trap_time_size=1
[trajectory_generator_node-6] [Reference]   path[0]=(-3.4458,1.9562) path[1]=(-3.2190,2.1460) t[0]=1.100000 state_vel=(0.1850,0.1986)
[trajectory_generator_node-6] [Reference] banded solve done. b[0]=0.451813 b[N]=-0.788209 b2[0]=0.218865 b2[N]=-0.580003
[trajectory_generator_node-6] [Reference] solvePolyMatrix EXIT: polyX[0]=[-0.187882 0.225906 0.185018 -3.445795]
[trajectory_generator_node-6] [Reference] solvePolyMatrix ENTER: N=1, path_size=2, trap_time_size=1
[trajectory_generator_node-6] [Reference]   path[0]=(-3.4458,1.9562) path[1]=(-3.2190,2.1460) t[0]=1.210000 state_vel=(0.1850,0.1986)
[trajectory_generator_node-6] [Reference] banded solve done. b[0]=0.317796 b[N]=-0.623611 b2[0]=0.121188 b2[N]=-0.449495
[trajectory_generator_node-6] [Reference] solvePolyMatrix EXIT: polyX[0]=[-0.129670 0.158898 0.185018 -3.445795]
[trajectory_generator_node-6] [Reference] solvePolyMatrix ENTER: N=1, path_size=2, trap_time_size=1
[trajectory_generator_node-6] [Reference]   path[0]=(-3.4458,1.9562) path[1]=(-3.2190,2.1460) t[0]=1.331000 state_vel=(0.1850,0.1986)
[trajectory_generator_node-6] [Reference] banded solve done. b[0]=0.212094 b[N]=-0.490107 b2[0]=0.045890 b2[N]=-0.344351
[trajectory_generator_node-6] [Reference] solvePolyMatrix EXIT: polyX[0]=[-0.087929 0.106047 0.185018 -3.445795]
[trajectory_generator_node-6] [Reference] solvePolyMatrix ENTER: N=1, path_size=2, trap_time_size=1
[trajectory_generator_node-6] [Reference]   path[0]=(-3.4458,1.9562) path[1]=(-3.2190,2.1460) t[0]=1.464100 state_vel=(0.1850,0.1986)
[trajectory_generator_node-6] [Reference] banded solve done. b[0]=0.129332 b[N]=-0.382071 b2[0]=-0.011407 b2[N]=-0.259921
[trajectory_generator_node-6] [Reference] solvePolyMatrix EXIT: polyX[0]=[-0.058216 0.064666 0.185018 -3.445795]
[trajectory_generator_node-6] [Reference] solvePolyMatrix ENTER: N=1, path_size=2, trap_time_size=1
[trajectory_generator_node-6] [Reference]   path[0]=(-3.4458,1.9562) path[1]=(-3.2190,2.1460) t[0]=1.610510 state_vel=(0.1850,0.1986)
[trajectory_generator_node-6] [Reference] banded solve done. b[0]=0.065110 b[N]=-0.294873 b2[0]=-0.054275 b2[N]=-0.192387
[trajectory_generator_node-6] [Reference] solvePolyMatrix EXIT: polyX[0]=[-0.037254 0.032555 0.185018 -3.445795]
[trajectory_generator_node-6] [Reference] solvePolyMatrix ENTER: N=1, path_size=2, trap_time_size=1
[trajectory_generator_node-6] [Reference]   path[0]=(-3.4458,1.9562) path[1]=(-3.2190,2.1460) t[0]=1.771561 state_vel=(0.1850,0.1986)
[trajectory_generator_node-6] [Reference] banded solve done. b[0]=0.015833 b[N]=-0.224708 b2[0]=-0.085626 b2[N]=-0.138612
[trajectory_generator_node-6] [Reference] solvePolyMatrix EXIT: polyX[0]=[-0.022630 0.007916 0.185018 -3.445795]
[trajectory_generator_node-6] [INFO] [1790447127.052594550] [trajectory_generation]: FSM published 1 trajectory pieces
[trajectory_tracking_node-8] [WARN] [1790447128.766658481] [trajectory_tracking]: trajectory tracking stopped: invalid coefficient array length
[trajectory_tracking_node-8] [WARN] [1790447130.854487756] [trajectory_tracking]: trajectory tracking stopped: no valid trajectory
[trajectory_generator_node-6] [INFO] [1790447132.086763300] [trajectory_generation]: FSM accepted manual goal goal=(-3.22, 2.15, 0.02)
[trajectory_generator_node-6] [Manager] start point, (x, y): (-1.42, -4.15)
[trajectory_generator_node-6] [Manager] receive target, (x, y): (-3.22, 2.15)
[trajectory_generator_node-6] [Topo]: m_graph before num: 1605
[trajectory_generator_node-6] [Topo]: dijkstra time: 0.017879
[trajectory_generator_node-6] [Topo]: topo search time: 0.110365
[trajectory_generator_node-6] [Topo]: m_graph num: 2566
[trajectory_generator_node-6] [DIAG] origin_path (Dijkstra) size: 3
[trajectory_generator_node-6] [DIAG]   origin[0]: (-1.419, -4.154, 0.015)
[trajectory_generator_node-6] [DIAG]   origin[1]: (-5.619, -1.504, 0.015)
[trajectory_generator_node-6] [DIAG]   origin[2]: (-3.219, 2.146, 0.015)
[trajectory_generator_node-6] [DIAG] lineVisib(start→end DIRECT): false  colli=(-2.12,-1.70)
[trajectory_generator_node-6] [DIAG] direct line: 131 steps, 70 wall cells
[trajectory_generator_node-6] [smoothTopoPath] INPUT size=3
[trajectory_generator_node-6] [smoothTopoPath]   in[0]: (-1.419, -4.154, 0.015)
[trajectory_generator_node-6] [smoothTopoPath]   in[1]: (-5.619, -1.504, 0.015)
[trajectory_generator_node-6] [smoothTopoPath]   in[2]: (-3.219, 2.146, 0.015)
[trajectory_generator_node-6] [smoothTopoPath] lineVisib(start→end): false  colli=(-2.12,-1.70)
[trajectory_generator_node-6] [smoothTopoPath] OUTPUT size=6, iter_count=5
[trajectory_generator_node-6] [smoothTopoPath]   out[0]: (-1.419, -4.154, 0.015)
[trajectory_generator_node-6] [smoothTopoPath]   out[1]: (-4.892, -0.491, 0.015)
[trajectory_generator_node-6] [smoothTopoPath]   out[2]: (-5.835, -1.287, 0.015)
[trajectory_generator_node-6] [smoothTopoPath]   out[3]: (-4.944, -0.992, 0.015)
[trajectory_generator_node-6] [smoothTopoPath]   out[4]: (-4.830, 0.226, 0.015)
[trajectory_generator_node-6] [smoothTopoPath]   out[5]: (-3.219, 2.146, 0.015)
[trajectory_generator_node-6] [DIAG] optimized_path (smoothTopoPath) size: 6
[trajectory_generator_node-6] [DIAG]   opt[0]: (-1.419, -4.154, 0.015)
[trajectory_generator_node-6] [DIAG]   opt[1]: (-4.892, -0.491, 0.015)
[trajectory_generator_node-6] [DIAG]   opt[2]: (-5.835, -1.287, 0.015)
[trajectory_generator_node-6] [DIAG]   opt[3]: (-4.944, -0.992, 0.015)
[trajectory_generator_node-6] [DIAG]   opt[4]: (-4.830, 0.226, 0.015)
[trajectory_generator_node-6] [DIAG]   opt[5]: (-3.219, 2.146, 0.015)
[trajectory_generator_node-6] optimized_path size: 6
[trajectory_generator_node-6] [Manager] reference_speed: (0.30)
[trajectory_generator_node-6] [LBFGS] search direction d:  -5.6866e-05  0.000122309 -0.000121367  7.44417e-05 -3.62576e-05  1.55312e-05 -6.28266e-06  2.82358e-06 -1.81503e-06  1.22503e-06   1.1313e-06 -9.23269e-06  3.10204e-05 -8.27209e-05  0.000207279 -0.000522267  0.000217624   0.00328366   -0.0061316 -0.000957451  0.000628307 -0.000302757  0.000210169 -0.000256727  -0.00141985  -5.6617e-05  0.000185773  0.000771181 -9.40747e-05  6.80975e-05  7.73108e-05 -3.06827e-05 -6.36974e-05 -8.75951e-05  0.000108963   5.9977e-05 -0.000128998  0.000128012 -7.85408e-05  3.83103e-05 -1.65444e-05  7.00912e-06 -3.87771e-06  4.03277e-06 -6.25476e-06   1.0257e-05 -1.58893e-05  2.14814e-05 -1.76019e-05 -2.45903e-05  8.97909e-05  -0.00102332   0.00279093  -0.00231664 -0.000347812     0.000252 -0.000128145  6.15976e-05 -5.41875e-05  -0.00128882   -0.0007326  0.000679004  0.000600321  8.49744e-05 -0.000130525 -6.63839e-05  3.93474e-05  2.36463e-05 -7.71578e-06  0.000179861   0.00509108 -0.000728525  0.000280173 -6.79504e-05  1.48554e-05  -1.9717e-06 -3.98749e-07  5.41623e-07 -4.17773e-07  4.44568e-07 -8.98698e-07   2.8796e-06 -1.03532e-05  3.60355e-05 -9.94339e-05  0.000144992  0.000142023  0.000426303  0.000398834 -0.000446002   0.00176908    0.0017197 -0.000575786  0.000481312  0.000407156 -0.000339918  0.000973505  3.28983e-05  0.000347302 -5.09905e-05 -4.68558e-05  8.14216e-05 -9.73749e-05  0.000288042 -0.000476674   0.00243049
[trajectory_generator_node-6] [Smooth Optimize] MINCO reaches max evaluations: Line search reaches the maximum try number, assumptions not satisfied or precision not achievable.
[trajectory_generator_node-6] [Smooth Optimize] MINCO: cost=3.4 total_T=36.894(init 36.172) max_drift=0.192 max_vel=0.5 segs=36
[trajectory_generator_node-6] [Smooth Resample] resample
[trajectory_generator_node-6] [Smooth Resample] 37 -> 19 waypoints, 18 time segs, max_turn=119.0 deg
[trajectory_generator_node-6] [Manager] optimizer generate time: 0.011298
[trajectory_generator_node-6] [Reference] path size : 19
[trajectory_generator_node-6] [Reference] solvePolyMatrix ENTER: N=18, path_size=19, trap_time_size=18
[trajectory_generator_node-6] [Reference]   path[0]=(-1.4190,-4.1540) path[1]=(-1.8345,-3.7158) t[0]=2.136619 state_vel=(0.0000,0.0000)
[trajectory_generator_node-6] [Reference] banded solve done. b[0]=-0.312363 b[N]=-0.257049 b2[0]=0.329420 b2[N]=-0.301686
[trajectory_generator_node-6] [Reference] solvePolyMatrix EXIT: polyX[0]=[0.030502 -0.156182 0.000000 -1.419000]
[trajectory_generator_node-6] [Reference] solvePolyMatrix ENTER: N=18, path_size=19, trap_time_size=18
[trajectory_generator_node-6] [Reference]   path[0]=(-1.4190,-4.1540) path[1]=(-1.8345,-3.7158) t[0]=2.350281 state_vel=(0.0000,0.0000)
[trajectory_generator_node-6] [Reference] banded solve done. b[0]=-0.260427 b[N]=-0.214229 b2[0]=0.274647 b2[N]=-0.251932
[trajectory_generator_node-6] [Reference] solvePolyMatrix EXIT: polyX[0]=[0.023401 -0.130214 -0.000000 -1.419000]
[trajectory_generator_node-6] [Reference] solvePolyMatrix ENTER: N=18, path_size=19, trap_time_size=18
[trajectory_generator_node-6] [Reference]   path[0]=(-1.4190,-4.1540) path[1]=(-1.8345,-3.7158) t[0]=2.585309 state_vel=(0.0000,0.0000)
[trajectory_generator_node-6] [Reference] banded solve done. b[0]=-0.217456 b[N]=-0.214229 b2[0]=0.229329 b2[N]=-0.251932
[trajectory_generator_node-6] [Reference] solvePolyMatrix EXIT: polyX[0]=[0.018012 -0.108728 -0.000000 -1.419000]
[trajectory_generator_node-6] [INFO] [1790447132.217640492] [trajectory_generation]: FSM published 18 trajectory pieces
[trajectory_generator_node-6] [A Star] find collision pos: -4.871316 -0.212569
[trajectory_generator_node-6] [A Star] find start pos: -4.944090 -0.991666
[trajectory_generator_node-6] [Manager REPLAN]  cur position point (X, Y) = (-1.419000, -4.154000), target point (X, Y) = (-3.219000, 2.146000)
[trajectory_generator_node-6] [Manager REPLAN] target_temp (X, Y) = (-3.219000, 2.146000)
[trajectory_generator_node-6] [A Star] find collision pos: -4.871316 -0.212569
[trajectory_generator_node-6] [A Star] find start pos: -4.944090 -0.991666
[trajectory_generator_node-6] [Manager REPLAN] start local planning
[trajectory_generator_node-6] [Topo Local]: complete sample
[trajectory_generator_node-6] [Topo Local]: sample time: 0.046599
[trajectory_generator_node-6] [Manager Local] local path find! size is 3
[trajectory_generator_node-6] [smoothTopoPath] INPUT size=4
[trajectory_generator_node-6] [smoothTopoPath]   in[0]: (-1.419, -4.154, 0.015)
[trajectory_generator_node-6] [smoothTopoPath]   in[1]: (-3.019, -3.054, 0.015)
[trajectory_generator_node-6] [smoothTopoPath]   in[2]: (-4.830, 0.226, 0.015)
[trajectory_generator_node-6] [smoothTopoPath]   in[3]: (-3.219, 2.146, 0.015)
[trajectory_generator_node-6] [smoothTopoPath] lineVisib(start→end): false  colli=(-2.12,-1.70)
[trajectory_generator_node-6] [smoothTopoPath] OUTPUT size=4, iter_count=3
[trajectory_generator_node-6] [smoothTopoPath]   out[0]: (-1.419, -4.154, 0.015)
[trajectory_generator_node-6] [smoothTopoPath]   out[1]: (-4.652, -0.706, 0.015)
[trajectory_generator_node-6] [smoothTopoPath]   out[2]: (-4.905, 0.506, 0.015)
[trajectory_generator_node-6] [smoothTopoPath]   out[3]: (-3.219, 2.146, 0.015)
[trajectory_generator_node-6] [Manager REPLAN] optimized path size is 4
[trajectory_generator_node-6] [LBFGS] search direction d: -7.40267e-05 -4.24408e-05  2.29936e-05  1.33912e-05 -3.49105e-05  3.62567e-05 -2.03343e-05 -6.92712e-06  4.13593e-05 -7.88214e-05  0.000108963 -0.000112776  7.24771e-05 -2.08409e-06  -6.8126e-05 -0.000114326  5.62495e-05  -1.9289e-05 -0.000188286 -8.64979e-05  5.61689e-05  -1.0114e-05 -4.53987e-06 -1.86681e-05  8.71387e-05 -0.000184108 -7.48811e-05  7.85356e-05  4.61758e-05 -2.60114e-05 -1.23427e-05  3.58278e-05 -4.04499e-05  3.26556e-05  -2.4049e-05  2.50347e-05 -4.14179e-05  7.01194e-05 -9.22541e-05  7.19198e-05  1.93061e-05 -0.000158088  7.25748e-05  2.77462e-05  2.93517e-05  0.000182506  0.000250388 -4.10068e-05  -9.7159e-05  0.000127088  -0.00011135  0.000125267 -0.000185601 -7.75255e-05    0.0154195  -0.00159604  0.000369716  0.000126765 -9.20903e-05  4.48915e-05  -1.7275e-05  5.76069e-06 -2.52996e-07 -4.51717e-06  1.29095e-05 -2.50363e-05  2.43572e-05  0.000128711 -0.000724427   0.00257191  7.89601e-05    0.0182806 -0.000896354   0.00286618   0.00130886 -0.000459825  0.000179128 -0.000122479  0.000238693 -2.30391e-05  -0.00167366    0.0199769
[trajectory_generator_node-6] [Smooth Optimize] MINCO reaches max evaluations: Line search reaches the maximum try number, assumptions not satisfied or precision not achievable.
[trajectory_generator_node-6] [Smooth Optimize] MINCO: cost=1.5 total_T=30.996(init 27.647) max_drift=0.190 max_vel=0.4 segs=28
[trajectory_generator_node-6] [Smooth Resample] resample
[trajectory_generator_node-6] [Smooth Resample] 29 -> 15 waypoints, 14 time segs, max_turn=66.9 deg
[trajectory_generator_node-6] [Reference] path size : 15
[trajectory_generator_node-6] [Reference] solvePolyMatrix ENTER: N=14, path_size=15, trap_time_size=14
[trajectory_generator_node-6] [Reference]   path[0]=(-1.4190,-4.1540) path[1]=(-1.8276,-3.7184) t[0]=2.865279 state_vel=(0.0000,0.0000)
[trajectory_generator_node-6] [Reference] banded solve done. b[0]=-0.154495 b[N]=-0.127094 b2[0]=0.164733 b2[N]=-0.125825
[trajectory_generator_node-6] [Reference] solvePolyMatrix EXIT: polyX[0]=[0.009592 -0.077248 0.000000 -1.419000]
[trajectory_generator_node-6] [INFO] [1790447132.299010324] [trajectory_generation]: FSM published 14 trajectory pieces
[trajectory_tracking_node-8] [WARN] [1790447137.311665275] [trajectory_tracking]: RM_GridMap predicted-path replan requested: collision_samples=0 trajectory_age=5.01
[trajectory_generator_node-6] [Manager REPLAN]  cur position point (X, Y) = (-2.259825, -3.228704), target point (X, Y) = (-3.219000, 2.146000)
[trajectory_generator_node-6] [Manager REPLAN] target_temp (X, Y) = (-3.219000, 2.146000)
[trajectory_generator_node-6] [Manager REPLAN] robot 1.25m from path, full replan
[trajectory_generator_node-6] [Manager] start point, (x, y): (-2.26, -3.23)
[trajectory_generator_node-6] [Manager] receive target, (x, y): (-3.22, 2.15)
[trajectory_generator_node-6] [Topo]: m_graph before num: 1605
[trajectory_generator_node-6] [Topo]: dijkstra time: 0.009731
[trajectory_generator_node-6] [Topo]: topo search time: 0.085125
[trajectory_generator_node-6] [Topo]: m_graph num: 2587
[trajectory_generator_node-6] [DIAG] origin_path (Dijkstra) size: 3
[trajectory_generator_node-6] [DIAG]   origin[0]: (-2.260, -3.229, 0.015)
[trajectory_generator_node-6] [DIAG]   origin[1]: (-6.319, -0.554, 0.015)
[trajectory_generator_node-6] [DIAG]   origin[2]: (-3.219, 2.146, 0.015)
[trajectory_generator_node-6] [DIAG] lineVisib(start→end DIRECT): false  colli=(-2.57,-1.45)
[trajectory_generator_node-6] [DIAG] direct line: 109 steps, 63 wall cells
[trajectory_generator_node-6] [smoothTopoPath] INPUT size=3
[trajectory_generator_node-6] [smoothTopoPath]   in[0]: (-2.260, -3.229, 0.015)
[trajectory_generator_node-6] [smoothTopoPath]   in[1]: (-6.319, -0.554, 0.015)
[trajectory_generator_node-6] [smoothTopoPath]   in[2]: (-3.219, 2.146, 0.015)
[trajectory_generator_node-6] [smoothTopoPath] lineVisib(start→end): false  colli=(-2.57,-1.45)
[trajectory_generator_node-6] [smoothTopoPath] OUTPUT size=3, iter_count=2
[trajectory_generator_node-6] [smoothTopoPath]   out[0]: (-2.260, -3.229, 0.015)
[trajectory_generator_node-6] [smoothTopoPath]   out[1]: (-6.273, -0.597, 0.015)
[trajectory_generator_node-6] [smoothTopoPath]   out[2]: (-3.219, 2.146, 0.015)
[trajectory_generator_node-6] [DIAG] optimized_path (smoothTopoPath) size: 3
[trajectory_generator_node-6] [DIAG]   opt[0]: (-2.260, -3.229, 0.015)
[trajectory_generator_node-6] [DIAG]   opt[1]: (-6.273, -0.597, 0.015)
[trajectory_generator_node-6] [DIAG]   opt[2]: (-3.219, 2.146, 0.015)
[trajectory_generator_node-6] optimized_path size: 3
[trajectory_generator_node-6] [Manager] reference_speed: (0.30)
[trajectory_generator_node-6] [LBFGS] search direction d: -0.000266123   0.00010726 -4.97709e-05  2.46408e-05 -1.48727e-05  1.54675e-05 -2.60971e-05  4.92081e-05  -8.9431e-05  0.000153466 -0.000250911  0.000383048 -0.000496763  0.000454911 -0.000265526  7.15279e-05 -2.67432e-05  0.000715865 -0.000105909  -0.00172154 -0.000105858  3.71659e-05   1.3233e-05 -4.37254e-05    6.454e-05 -6.88561e-05  3.72146e-05  3.95202e-05   0.00132491 -0.000199246  7.54737e-05 -3.53555e-05  1.81048e-05 -1.13609e-05  1.21691e-05 -2.08358e-05  3.97101e-05  -7.3059e-05   0.00012739 -0.000212758  0.000334139 -0.000451292  0.000443811 -0.000329305  6.17879e-05  0.000234196  0.000793385  0.000524102 -0.000383913  0.000132578 -8.37435e-05  8.12577e-05 -8.54435e-05  8.97181e-05 -8.30446e-05  4.71364e-05   2.6066e-05   0.00119851  0.000633045 -7.45231e-05   2.3514e-05 -2.82884e-06 -3.00323e-07  7.13302e-07 -7.29086e-07  1.11167e-06 -1.44795e-06  3.66517e-06 -5.90182e-06  2.67178e-05 -7.08521e-05  0.000287971 -0.000620356   0.00217911   0.00232526 -0.000395691   0.00038488  0.000409842  5.76489e-05  0.000420632 -0.000125135  4.20821e-05 -7.27051e-06 -5.23564e-06  8.21519e-06  0.000223562  -0.00137675    0.0118244
[trajectory_generator_node-6] [Smooth Optimize] MINCO reaches max evaluations: Line search reaches the maximum try number, assumptions not satisfied or precision not achievable.
[trajectory_generator_node-6] [Smooth Optimize] MINCO: cost=0.6 total_T=31.420(init 29.673) max_drift=0.107 max_vel=0.4 segs=30
[trajectory_generator_node-6] [Smooth Resample] resample
[trajectory_generator_node-6] [Smooth Resample] 31 -> 16 waypoints, 15 time segs, max_turn=96.2 deg
[trajectory_generator_node-6] [Manager] optimizer generate time: 0.014537
[trajectory_generator_node-6] [Reference] path size : 16
[trajectory_generator_node-6] [Reference] solvePolyMatrix ENTER: N=15, path_size=16, trap_time_size=15
[trajectory_generator_node-6] [Reference]   path[0]=(-2.2598,-3.2287) path[1]=(-2.7621,-2.9014) t[0]=2.052630 state_vel=(-0.1992,0.2066)
[trajectory_generator_node-6] [Reference] banded solve done. b[0]=-0.074515 b[N]=-0.125754 b2[0]=-0.082467 b2[N]=-0.112256
[trajectory_generator_node-6] [Reference] solvePolyMatrix EXIT: polyX[0]=[0.007344 -0.037257 -0.199169 -2.259825]
[trajectory_generator_node-6] [INFO] [1790447137.448204610] [trajectory_generation]: FSM published 15 trajectory pieces
[trajectory_tracking_node-8] [WARN] [1790447142.491818154] [trajectory_tracking]: RM_GridMap predicted-path replan requested: collision_samples=0 trajectory_age=5.02
[trajectory_generator_node-6] [Manager REPLAN]  cur position point (X, Y) = (-3.496442, -2.402312), target point (X, Y) = (-3.219000, 2.146000)
[trajectory_generator_node-6] [Manager REPLAN] target_temp (X, Y) = (-3.219000, 2.146000)
[trajectory_generator_node-6] [Manager REPLAN] robot 1.49m from path, full replan
[trajectory_generator_node-6] [Manager] start point, (x, y): (-3.50, -2.40)
[trajectory_generator_node-6] [Manager] receive target, (x, y): (-3.22, 2.15)
[trajectory_generator_node-6] [Topo]: m_graph before num: 1605
[trajectory_generator_node-6] [Topo]: dijkstra time: 0.018393
[trajectory_generator_node-6] [Topo]: topo search time: 0.111650
[trajectory_generator_node-6] [Topo]: m_graph num: 2569
[trajectory_generator_node-6] [DIAG] origin_path (Dijkstra) size: 3
[trajectory_generator_node-6] [DIAG]   origin[0]: (-3.496, -2.402, 0.015)
[trajectory_generator_node-6] [DIAG]   origin[1]: (-6.119, -0.454, 0.015)
[trajectory_generator_node-6] [DIAG]   origin[2]: (-3.219, 2.146, 0.015)
[trajectory_generator_node-6] [DIAG] lineVisib(start→end DIRECT): false  colli=(-3.42,-1.00)
[trajectory_generator_node-6] [DIAG] direct line: 91 steps, 50 wall cells
[trajectory_generator_node-6] [smoothTopoPath] INPUT size=3
[trajectory_generator_node-6] [smoothTopoPath]   in[0]: (-3.496, -2.402, 0.015)
[trajectory_generator_node-6] [smoothTopoPath]   in[1]: (-6.119, -0.454, 0.015)
[trajectory_generator_node-6] [smoothTopoPath]   in[2]: (-3.219, 2.146, 0.015)
[trajectory_generator_node-6] [smoothTopoPath] lineVisib(start→end): false  colli=(-3.42,-1.00)
[trajectory_generator_node-6] [smoothTopoPath] OUTPUT size=3, iter_count=2
[trajectory_generator_node-6] [smoothTopoPath]   out[0]: (-3.496, -2.402, 0.015)
[trajectory_generator_node-6] [smoothTopoPath]   out[1]: (-6.231, -0.623, 0.015)
[trajectory_generator_node-6] [smoothTopoPath]   out[2]: (-3.219, 2.146, 0.015)
[trajectory_generator_node-6] [DIAG] optimized_path (smoothTopoPath) size: 3
[trajectory_generator_node-6] [DIAG]   opt[0]: (-3.496, -2.402, 0.015)
[trajectory_generator_node-6] [DIAG]   opt[1]: (-6.231, -0.623, 0.015)
[trajectory_generator_node-6] [DIAG]   opt[2]: (-3.219, 2.146, 0.015)
[trajectory_generator_node-6] optimized_path size: 3
[trajectory_generator_node-6] [Manager] reference_speed: (0.30)
[trajectory_generator_node-6] [LBFGS] search direction d:  -3.8515e-05  6.61618e-05 -0.000151924  0.000342949 -0.000702876   0.00128137  -0.00207784   0.00299963  -0.00291135   0.00464785  -0.00418317   0.00365908   0.00237892   0.00689986  -0.00231438  -0.00182678   0.00756155  -0.00597443   0.00324153 -0.000642665  -0.00127294   0.00210909 -0.000854463   -0.0281446  -3.1304e-05  4.48283e-05 -7.68391e-05  0.000122274 -0.000146991  4.56143e-05  0.000378123  -0.00130347   0.00334134  -0.00415052   0.00401187  -0.00490308   0.00788372   0.00761006  4.48147e-05 -0.000628067  -0.00270237   0.00227685  -0.00212031   0.00237165  -0.00271768   0.00266104  -0.00106197   -0.0259561  0.000156938 -4.19391e-05  6.77262e-06  5.66133e-06  4.28511e-06  -8.8468e-05  0.000511183  -0.00183675   0.00715863    -0.019346    0.0568041    0.0590867   0.00795152    0.0111817    0.0157564  -0.00876251     0.015881  -0.00512679   0.00165747   3.5448e-05  -0.00134865   0.00451872  -0.00575928    -0.022988     0.295816
[trajectory_generator_node-6] [Smooth Optimize] MINCO reaches max evaluations: Line search reaches the maximum try number, assumptions not satisfied or precision not achievable.
[trajectory_generator_node-6] [Smooth Optimize] MINCO: cost=1.0 total_T=25.113(init 24.363) max_drift=0.126 max_vel=0.4 segs=25
[trajectory_generator_node-6] [Smooth Resample] resample
[trajectory_generator_node-6] [Smooth Resample] 26 -> 14 waypoints, 13 time segs, max_turn=61.9 deg
[trajectory_generator_node-6] [Manager] optimizer generate time: 0.004251
[trajectory_generator_node-6] [Reference] path size : 14
[trajectory_generator_node-6] [Reference] solvePolyMatrix ENTER: N=13, path_size=14, trap_time_size=13
[trajectory_generator_node-6] [Reference]   path[0]=(-3.4964,-2.4023) path[1]=(-3.9993,-2.0750) t[0]=2.000173 state_vel=(-0.2507,0.1643)
[trajectory_generator_node-6] [Reference] banded solve done. b[0]=-0.001777 b[N]=-0.434433 b2[0]=-0.001096 b2[N]=-0.398101
[trajectory_generator_node-6] [Reference] solvePolyMatrix EXIT: polyX[0]=[0.000276 -0.000889 -0.250720 -3.496442]
[trajectory_generator_node-6] [Reference] solvePolyMatrix ENTER: N=13, path_size=14, trap_time_size=13
[trajectory_generator_node-6] [Reference]   path[0]=(-3.4964,-2.4023) path[1]=(-3.9993,-2.0750) t[0]=2.000173 state_vel=(-0.2507,0.1643)
[trajectory_generator_node-6] [Reference] banded solve done. b[0]=-0.001777 b[N]=-0.362058 b2[0]=-0.001096 b2[N]=-0.331825
[trajectory_generator_node-6] [Reference] solvePolyMatrix EXIT: polyX[0]=[0.000276 -0.000889 -0.250720 -3.496442]
[trajectory_generator_node-6] [Reference] solvePolyMatrix ENTER: N=13, path_size=14, trap_time_size=13
[trajectory_generator_node-6] [Reference]   path[0]=(-3.4964,-2.4023) path[1]=(-3.9993,-2.0750) t[0]=2.000173 state_vel=(-0.2507,0.1643)
[trajectory_generator_node-6] [Reference] banded solve done. b[0]=-0.001777 b[N]=-0.302266 b2[0]=-0.001096 b2[N]=-0.277069
[trajectory_generator_node-6] [Reference] solvePolyMatrix EXIT: polyX[0]=[0.000276 -0.000889 -0.250720 -3.496442]
[trajectory_generator_node-6] [Reference] solvePolyMatrix ENTER: N=13, path_size=14, trap_time_size=13
[trajectory_generator_node-6] [Reference]   path[0]=(-3.4964,-2.4023) path[1]=(-3.9993,-2.0750) t[0]=2.000173 state_vel=(-0.2507,0.1643)
[trajectory_generator_node-6] [Reference] banded solve done. b[0]=-0.001777 b[N]=-0.252830 b2[0]=-0.001096 b2[N]=-0.231795
[trajectory_generator_node-6] [Reference] solvePolyMatrix EXIT: polyX[0]=[0.000276 -0.000889 -0.250720 -3.496442]
[trajectory_generator_node-6] [INFO] [1790447142.624292006] [trajectory_generation]: FSM published 13 trajectory pieces
[trajectory_tracking_node-8] [WARN] [1790447147.657421908] [trajectory_tracking]: RM_GridMap predicted-path replan requested: collision_samples=0 trajectory_age=5.01
[trajectory_generator_node-6] [Manager REPLAN]  cur position point (X, Y) = (-4.750276, -1.587292), target point (X, Y) = (-3.219000, 2.146000)
[trajectory_generator_node-6] [Manager REPLAN] target_temp (X, Y) = (-3.219000, 2.146000)
[trajectory_generator_node-6] [Manager REPLAN] robot 1.50m from path, full replan
[trajectory_generator_node-6] [Manager] start point, (x, y): (-4.75, -1.59)
[trajectory_generator_node-6] [Manager] receive target, (x, y): (-3.22, 2.15)
[trajectory_generator_node-6] [Topo]: m_graph before num: 1605
[trajectory_generator_node-6] [Topo]: dijkstra time: 0.021958
[trajectory_generator_node-6] [Topo]: topo search time: 0.126873
[trajectory_generator_node-6] [Topo]: m_graph num: 2581
[trajectory_generator_node-6] [DIAG] origin_path (Dijkstra) size: 3
[trajectory_generator_node-6] [DIAG]   origin[0]: (-4.750, -1.587, 0.015)
[trajectory_generator_node-6] [DIAG]   origin[1]: (-4.750, 0.413, 0.015)
[trajectory_generator_node-6] [DIAG]   origin[2]: (-3.219, 2.146, 0.015)
[trajectory_generator_node-6] [DIAG] lineVisib(start→end DIRECT): false  colli=(-4.32,-0.55)
[trajectory_generator_node-6] [DIAG] direct line: 80 steps, 34 wall cells
[trajectory_generator_node-6] [smoothTopoPath] INPUT size=3
[trajectory_generator_node-6] [smoothTopoPath]   in[0]: (-4.750, -1.587, 0.015)
[trajectory_generator_node-6] [smoothTopoPath]   in[1]: (-4.750, 0.413, 0.015)
[trajectory_generator_node-6] [smoothTopoPath]   in[2]: (-3.219, 2.146, 0.015)
[trajectory_generator_node-6] [smoothTopoPath] lineVisib(start→end): false  colli=(-4.32,-0.55)
[trajectory_generator_node-6] [smoothTopoPath] OUTPUT size=3, iter_count=2
[trajectory_generator_node-6] [smoothTopoPath]   out[0]: (-4.750, -1.587, 0.015)
[trajectory_generator_node-6] [smoothTopoPath]   out[1]: (-4.884, 0.623, 0.015)
[trajectory_generator_node-6] [smoothTopoPath]   out[2]: (-3.219, 2.146, 0.015)
[trajectory_generator_node-6] [DIAG] optimized_path (smoothTopoPath) size: 3
[trajectory_generator_node-6] [DIAG]   opt[0]: (-4.750, -1.587, 0.015)
[trajectory_generator_node-6] [DIAG]   opt[1]: (-4.884, 0.623, 0.015)
[trajectory_generator_node-6] [DIAG]   opt[2]: (-3.219, 2.146, 0.015)
[trajectory_generator_node-6] optimized_path size: 3
[trajectory_generator_node-6] [Manager] reference_speed: (0.30)
[trajectory_generator_node-6] [LBFGS] search direction d: -0.000172277 -0.000528183 -0.000122044  3.68283e-05   -0.0005414  -0.00103083  -0.00116136   0.00120936 -0.000801966  0.000187075  0.000243247 -0.000391331 -0.000184765 -0.000678711  -0.00187026   0.00180921 -0.000850734 -0.000387206 -8.16129e-05  0.000860992 -0.000901315   0.00135729  -0.00109068  0.000425783  8.03862e-05 -0.000270746 -0.000231464 -0.000581532    0.0205501    0.0130422  -0.00256648   0.00414825   0.00777606   0.00206734 -0.000308579   0.00692498  -0.00178029  0.000524921  -0.00257261   0.00738775  -0.00684694   0.00819056    0.0269087
[trajectory_generator_node-6] [Smooth Optimize] MINCO reaches max evaluations: Line search reaches the maximum try number, assumptions not satisfied or precision not achievable.
[trajectory_generator_node-6] [Smooth Optimize] MINCO: cost=1.5 total_T=18.467(init 14.811) max_drift=0.187 max_vel=0.4 segs=15
[trajectory_generator_node-6] [Smooth Resample] resample
[trajectory_generator_node-6] [Smooth Resample] 16 -> 9 waypoints, 8 time segs, max_turn=40.3 deg
[trajectory_generator_node-6] [Manager] optimizer generate time: 0.002205
[trajectory_generator_node-6] [Reference] path size : 9
[trajectory_generator_node-6] [Reference] solvePolyMatrix ENTER: N=8, path_size=9, trap_time_size=8
[trajectory_generator_node-6] [Reference]   path[0]=(-4.7503,-1.5873) path[1]=(-4.7859,-0.9913) t[0]=3.154334 state_vel=(-0.2491,0.1565)
[trajectory_generator_node-6] [Reference] banded solve done. b[0]=0.243382 b[N]=-0.096368 b2[0]=0.026898 b2[N]=-0.089476
[trajectory_generator_node-6] [Reference] solvePolyMatrix EXIT: polyX[0]=[-0.014679 0.121691 -0.249099 -4.750276]
[trajectory_generator_node-6] [INFO] [1790447147.794629986] [trajectory_generation]: FSM published 8 trajectory pieces
[trajectory_tracking_node-8] [WARN] [1790447152.812960025] [trajectory_tracking]: RM_GridMap predicted-path replan requested: collision_samples=0 trajectory_age=5.01
[trajectory_generator_node-6] [Manager REPLAN]  cur position point (X, Y) = (-4.710551, -0.626218), target point (X, Y) = (-3.219000, 2.146000)
[trajectory_generator_node-6] [Manager REPLAN] target_temp (X, Y) = (-3.219000, 2.146000)
[trajectory_generator_node-6] [Manager REPLAN] path safe & target unchanged, re-anchoring from cur pos
[trajectory_generator_node-6] [LBFGS] search direction d:  -0.00017553 -0.000366776  4.18614e-06  0.000131243  9.70109e-05 -0.000177358  0.000122447 -5.98029e-05  0.000121094 -0.000304982  0.000175284 -0.000120146  0.000152031  0.000124844 -0.000444559  0.000579121 -0.000438004  0.000193148 -2.25916e-05  4.66428e-05  -0.00022452   0.00013351   0.00158522    0.0186967 -0.000633572    0.0027771  0.000429784 -0.000292478  9.74651e-05 -4.09789e-05  3.98355e-05  0.000389448  -0.00240331    0.0207541
[trajectory_generator_node-6] [Smooth Optimize] MINCO reaches max evaluations: Line search reaches the maximum try number, assumptions not satisfied or precision not achievable.
[trajectory_generator_node-6] [Smooth Optimize] MINCO: cost=1.4 total_T=14.458(init 11.652) max_drift=0.192 max_vel=0.5 segs=12
[trajectory_generator_node-6] [Smooth Resample] resample
[trajectory_generator_node-6] [Smooth Resample] 13 -> 7 waypoints, 6 time segs, max_turn=62.2 deg
[trajectory_generator_node-6] [Reference] path size : 7
[trajectory_generator_node-6] [Reference] solvePolyMatrix ENTER: N=6, path_size=7, trap_time_size=6
[trajectory_generator_node-6] [Reference]   path[0]=(-4.7106,-0.6262) path[1]=(-4.7129,0.1114) t[0]=3.293047 state_vel=(0.0222,0.2374)
[trajectory_generator_node-6] [Reference] banded solve done. b[0]=0.021952 b[N]=-0.161281 b2[0]=0.002981 b2[N]=-0.147990
[trajectory_generator_node-6] [Reference] solvePolyMatrix EXIT: polyX[0]=[-0.005443 0.010976 0.022164 -4.710551]
[trajectory_generator_node-6] [INFO] [1790447152.825647463] [trajectory_generation]: FSM published 6 trajectory pieces
[trajectory_tracking_node-8] [WARN] [1790447157.844699436] [trajectory_tracking]: RM_GridMap predicted-path replan requested: collision_samples=0 trajectory_age=5.01
[trajectory_generator_node-6] [Manager REPLAN]  cur position point (X, Y) = (-4.900737, 0.489946), target point (X, Y) = (-3.219000, 2.146000)
[trajectory_generator_node-6] [Manager REPLAN] target_temp (X, Y) = (-3.219000, 2.146000)
[trajectory_generator_node-6] [Manager REPLAN] path safe & target unchanged, re-anchoring from cur pos
[trajectory_generator_node-6] [Smooth Optimize] MINCO reached max iterations (200)
[trajectory_generator_node-6] [Smooth Optimize] MINCO: cost=0.0 total_T=9.891(init 7.867) max_drift=0.009 max_vel=0.3 segs=8
[trajectory_generator_node-6] [Smooth Resample] resample
[trajectory_generator_node-6] [Smooth Resample] 9 -> 5 waypoints, 4 time segs, max_turn=0.0 deg
[trajectory_generator_node-6] [Reference] path size : 5
[trajectory_generator_node-6] [Reference] solvePolyMatrix ENTER: N=4, path_size=5, trap_time_size=4
[trajectory_generator_node-6] [Reference]   path[0]=(-4.9007,0.4899) path[1]=(-4.4697,0.9144) t[0]=2.927843 state_vel=(-0.0765,0.1817)
[trajectory_generator_node-6] [Reference] banded solve done. b[0]=0.247746 b[N]=-0.139215 b2[0]=-0.068359 b2[N]=-0.140195
[trajectory_generator_node-6] [Reference] solvePolyMatrix EXIT: polyX[0]=[-0.016206 0.123873 -0.076530 -4.900737]
[trajectory_generator_node-6] [INFO] [1790447157.870204052] [trajectory_generation]: FSM published 4 trajectory pieces
[trajectory_tracking_node-8] [WARN] [1790447162.884735868] [trajectory_tracking]: RM_GridMap predicted-path replan requested: collision_samples=0 trajectory_age=5.01
[trajectory_generator_node-6] [Manager REPLAN]  cur position point (X, Y) = (-4.048504, 1.386266), target point (X, Y) = (-3.219000, 2.146000)
[trajectory_generator_node-6] [Manager REPLAN] target_temp (X, Y) = (-3.219000, 2.146000)
[trajectory_generator_node-6] [Manager REPLAN] robot 1.12m from path, full replan
[trajectory_generator_node-6] [Manager] start point, (x, y): (-4.05, 1.39)
[trajectory_generator_node-6] [Manager] receive target, (x, y): (-3.22, 2.15)
[trajectory_generator_node-6] [Topo]: m_graph before num: 1605
[trajectory_generator_node-6] [Topo]: dijkstra time: 0.018136
[trajectory_generator_node-6] [Topo]: topo search time: 0.134930
[trajectory_generator_node-6] [Topo]: m_graph num: 2561
[trajectory_generator_node-6] [DIAG] origin_path (Dijkstra) size: 3
[trajectory_generator_node-6] [DIAG]   origin[0]: (-4.049, 1.386, 0.015)
[trajectory_generator_node-6] [DIAG]   origin[1]: (-3.341, 2.093, 0.015)
[trajectory_generator_node-6] [DIAG]   origin[2]: (-3.219, 2.146, 0.015)
[trajectory_generator_node-6] [DIAG] lineVisib(start→end DIRECT): TRUE(!!)  colli=(-4.05,1.39)
[trajectory_generator_node-6] [DIAG] direct line: 22 steps, 0 wall cells
[trajectory_generator_node-6] [smoothTopoPath] INPUT size=3
[trajectory_generator_node-6] [smoothTopoPath]   in[0]: (-4.049, 1.386, 0.015)
[trajectory_generator_node-6] [smoothTopoPath]   in[1]: (-3.341, 2.093, 0.015)
[trajectory_generator_node-6] [smoothTopoPath]   in[2]: (-3.219, 2.146, 0.015)
[trajectory_generator_node-6] [smoothTopoPath] lineVisib(start→end): TRUE(!)  colli=(0.00,0.00)
[trajectory_generator_node-6] [smoothTopoPath] OUTPUT size=2, iter_count=1
[trajectory_generator_node-6] [smoothTopoPath]   out[0]: (-4.049, 1.386, 0.015)
[trajectory_generator_node-6] [smoothTopoPath]   out[1]: (-3.219, 2.146, 0.015)
[trajectory_generator_node-6] [DIAG] optimized_path (smoothTopoPath) size: 2
[trajectory_generator_node-6] [DIAG]   opt[0]: (-4.049, 1.386, 0.015)
[trajectory_generator_node-6] [DIAG]   opt[1]: (-3.219, 2.146, 0.015)
[trajectory_generator_node-6] optimized_path size: 2
[trajectory_generator_node-6] [Manager] reference_speed: (0.30)
[trajectory_generator_node-6] [Smooth Optimize] MINCO Optimization Success: Success: met stopping criteria (past f decrease less than delta).
[trajectory_generator_node-6] [Smooth Optimize] MINCO: cost=0.0 total_T=4.983(init 3.749) max_drift=0.003 max_vel=0.3 segs=4
[trajectory_generator_node-6] [Smooth Resample] resample
[trajectory_generator_node-6] [Smooth Resample] 5 -> 3 waypoints, 2 time segs, max_turn=0.0 deg
[trajectory_generator_node-6] [Manager] optimizer generate time: 0.001435
[trajectory_generator_node-6] [Reference] path size : 3
[trajectory_generator_node-6] [Reference] solvePolyMatrix ENTER: N=2, path_size=3, trap_time_size=2
[trajectory_generator_node-6] [Reference]   path[0]=(-4.0485,1.3863) path[1]=(-3.6063,1.7910) t[0]=1.896211 state_vel=(0.2087,0.2306)
[trajectory_generator_node-6] [Reference] banded solve done. b[0]=0.061606 b[N]=-0.099010 b2[0]=-0.014040 b2[N]=-0.098743
[trajectory_generator_node-6] [Reference] solvePolyMatrix EXIT: polyX[0]=[-0.009449 0.030803 0.208747 -4.048504]
[trajectory_generator_node-6] [INFO] [1790447163.043885686] [trajectory_generation]: FSM published 2 trajectory pieces
[trajectory_tracking_node-8] [WARN] [1790447167.411135808] [trajectory_tracking]: trajectory tracking stopped: invalid coefficient array length
[trajectory_tracking_node-8] [WARN] [1790447169.508544479] [trajectory_tracking]: trajectory tracking stopped: no valid trajectory
[trajectory_generator_node-6] [INFO] [1790447170.573047935] [trajectory_generation]: FSM accepted manual goal goal=(-3.22, 2.15, 0.02)
[trajectory_generator_node-6] [Manager] start point, (x, y): (-1.42, -4.15)
[trajectory_generator_node-6] [Manager] receive target, (x, y): (-3.22, 2.15)
[trajectory_generator_node-6] [Topo]: m_graph before num: 1605
[trajectory_generator_node-6] [Topo]: dijkstra time: 0.016100
[trajectory_generator_node-6] [Topo]: topo search time: 0.144850
[trajectory_generator_node-6] [Topo]: m_graph num: 2579
[trajectory_generator_node-6] [DIAG] origin_path (Dijkstra) size: 3
[trajectory_generator_node-6] [DIAG]   origin[0]: (-1.419, -4.154, 0.015)
[trajectory_generator_node-6] [DIAG]   origin[1]: (-5.619, -1.504, 0.015)
[trajectory_generator_node-6] [DIAG]   origin[2]: (-3.219, 2.146, 0.015)
[trajectory_generator_node-6] [DIAG] lineVisib(start→end DIRECT): false  colli=(-2.12,-1.70)
[trajectory_generator_node-6] [DIAG] direct line: 131 steps, 70 wall cells
[trajectory_generator_node-6] [smoothTopoPath] INPUT size=3
[trajectory_generator_node-6] [smoothTopoPath]   in[0]: (-1.419, -4.154, 0.015)
[trajectory_generator_node-6] [smoothTopoPath]   in[1]: (-5.619, -1.504, 0.015)
[trajectory_generator_node-6] [smoothTopoPath]   in[2]: (-3.219, 2.146, 0.015)
[trajectory_generator_node-6] [smoothTopoPath] lineVisib(start→end): false  colli=(-2.12,-1.70)
[trajectory_generator_node-6] [smoothTopoPath] OUTPUT size=6, iter_count=5
[trajectory_generator_node-6] [smoothTopoPath]   out[0]: (-1.419, -4.154, 0.015)
[trajectory_generator_node-6] [smoothTopoPath]   out[1]: (-4.892, -0.491, 0.015)
[trajectory_generator_node-6] [smoothTopoPath]   out[2]: (-5.835, -1.287, 0.015)
[trajectory_generator_node-6] [smoothTopoPath]   out[3]: (-4.944, -0.992, 0.015)
[trajectory_generator_node-6] [smoothTopoPath]   out[4]: (-4.830, 0.226, 0.015)
[trajectory_generator_node-6] [smoothTopoPath]   out[5]: (-3.219, 2.146, 0.015)
[trajectory_generator_node-6] [DIAG] optimized_path (smoothTopoPath) size: 6
[trajectory_generator_node-6] [DIAG]   opt[0]: (-1.419, -4.154, 0.015)
[trajectory_generator_node-6] [DIAG]   opt[1]: (-4.892, -0.491, 0.015)
[trajectory_generator_node-6] [DIAG]   opt[2]: (-5.835, -1.287, 0.015)
[trajectory_generator_node-6] [DIAG]   opt[3]: (-4.944, -0.992, 0.015)
[trajectory_generator_node-6] [DIAG]   opt[4]: (-4.830, 0.226, 0.015)
[trajectory_generator_node-6] [DIAG]   opt[5]: (-3.219, 2.146, 0.015)
[trajectory_generator_node-6] optimized_path size: 6
[trajectory_generator_node-6] [Manager] reference_speed: (0.30)
[trajectory_generator_node-6] [LBFGS] search direction d:  -5.6866e-05  0.000122309 -0.000121367  7.44417e-05 -3.62576e-05  1.55312e-05 -6.28266e-06  2.82358e-06 -1.81503e-06  1.22503e-06   1.1313e-06 -9.23269e-06  3.10204e-05 -8.27209e-05  0.000207279 -0.000522267  0.000217624   0.00328366   -0.0061316 -0.000957451  0.000628307 -0.000302757  0.000210169 -0.000256727  -0.00141985  -5.6617e-05  0.000185773  0.000771181 -9.40747e-05  6.80975e-05  7.73108e-05 -3.06827e-05 -6.36974e-05 -8.75951e-05  0.000108963   5.9977e-05 -0.000128998  0.000128012 -7.85408e-05  3.83103e-05 -1.65444e-05  7.00912e-06 -3.87771e-06  4.03277e-06 -6.25476e-06   1.0257e-05 -1.58893e-05  2.14814e-05 -1.76019e-05 -2.45903e-05  8.97909e-05  -0.00102332   0.00279093  -0.00231664 -0.000347812     0.000252 -0.000128145  6.15976e-05 -5.41875e-05  -0.00128882   -0.0007326  0.000679004  0.000600321  8.49744e-05 -0.000130525 -6.63839e-05  3.93474e-05  2.36463e-05 -7.71578e-06  0.000179861   0.00509108 -0.000728525  0.000280173 -6.79504e-05  1.48554e-05  -1.9717e-06 -3.98749e-07  5.41623e-07 -4.17773e-07  4.44568e-07 -8.98698e-07   2.8796e-06 -1.03532e-05  3.60355e-05 -9.94339e-05  0.000144992  0.000142023  0.000426303  0.000398834 -0.000446002   0.00176908    0.0017197 -0.000575786  0.000481312  0.000407156 -0.000339918  0.000973505  3.28983e-05  0.000347302 -5.09905e-05 -4.68558e-05  8.14216e-05 -9.73749e-05  0.000288042 -0.000476674   0.00243049
[trajectory_generator_node-6] [Smooth Optimize] MINCO reaches max evaluations: Line search reaches the maximum try number, assumptions not satisfied or precision not achievable.
[trajectory_generator_node-6] [Smooth Optimize] MINCO: cost=3.4 total_T=36.894(init 36.172) max_drift=0.192 max_vel=0.5 segs=36
[trajectory_generator_node-6] [Smooth Resample] resample
[trajectory_generator_node-6] [Smooth Resample] 37 -> 19 waypoints, 18 time segs, max_turn=119.0 deg
[trajectory_generator_node-6] [Manager] optimizer generate time: 0.009429
[trajectory_generator_node-6] [Reference] path size : 19
[trajectory_generator_node-6] [Reference] solvePolyMatrix ENTER: N=18, path_size=19, trap_time_size=18
[trajectory_generator_node-6] [Reference]   path[0]=(-1.4190,-4.1540) path[1]=(-1.8345,-3.7158) t[0]=2.136619 state_vel=(0.0000,0.0000)
[trajectory_generator_node-6] [Reference] banded solve done. b[0]=-0.312363 b[N]=-0.257049 b2[0]=0.329420 b2[N]=-0.301686
[trajectory_generator_node-6] [Reference] solvePolyMatrix EXIT: polyX[0]=[0.030502 -0.156182 0.000000 -1.419000]
[trajectory_generator_node-6] [Reference] solvePolyMatrix ENTER: N=18, path_size=19, trap_time_size=18
[trajectory_generator_node-6] [Reference]   path[0]=(-1.4190,-4.1540) path[1]=(-1.8345,-3.7158) t[0]=2.350281 state_vel=(0.0000,0.0000)
[trajectory_generator_node-6] [Reference] banded solve done. b[0]=-0.260427 b[N]=-0.214229 b2[0]=0.274647 b2[N]=-0.251932
[trajectory_generator_node-6] [Reference] solvePolyMatrix EXIT: polyX[0]=[0.023401 -0.130214 -0.000000 -1.419000]
[trajectory_generator_node-6] [Reference] solvePolyMatrix ENTER: N=18, path_size=19, trap_time_size=18
[trajectory_generator_node-6] [Reference]   path[0]=(-1.4190,-4.1540) path[1]=(-1.8345,-3.7158) t[0]=2.585309 state_vel=(0.0000,0.0000)
[trajectory_generator_node-6] [Reference] banded solve done. b[0]=-0.217456 b[N]=-0.214229 b2[0]=0.229329 b2[N]=-0.251932
[trajectory_generator_node-6] [Reference] solvePolyMatrix EXIT: polyX[0]=[0.018012 -0.108728 -0.000000 -1.419000]
[trajectory_generator_node-6] [INFO] [1790447170.741470206] [trajectory_generation]: FSM published 18 trajectory pieces
[trajectory_generator_node-6] [A Star] find collision pos: -4.871316 -0.212569
[trajectory_generator_node-6] [A Star] find start pos: -4.944090 -0.991666
[trajectory_generator_node-6] [Manager REPLAN]  cur position point (X, Y) = (-1.419000, -4.154000), target point (X, Y) = (-3.219000, 2.146000)
[trajectory_generator_node-6] [Manager REPLAN] target_temp (X, Y) = (-3.219000, 2.146000)
[trajectory_generator_node-6] [A Star] find collision pos: -4.871316 -0.212569
[trajectory_generator_node-6] [A Star] find start pos: -4.944090 -0.991666
[trajectory_generator_node-6] [Manager REPLAN] start local planning
[trajectory_generator_node-6] [Topo Local]: complete sample
[trajectory_generator_node-6] [Topo Local]: sample time: 0.054036
[trajectory_generator_node-6] [Manager Local] local path find! size is 3
[trajectory_generator_node-6] [smoothTopoPath] INPUT size=4
[trajectory_generator_node-6] [smoothTopoPath]   in[0]: (-1.419, -4.154, 0.015)
[trajectory_generator_node-6] [smoothTopoPath]   in[1]: (-4.569, -2.254, 0.015)
[trajectory_generator_node-6] [smoothTopoPath]   in[2]: (-4.830, 0.226, 0.015)
[trajectory_generator_node-6] [smoothTopoPath]   in[3]: (-3.219, 2.146, 0.015)
[trajectory_generator_node-6] [smoothTopoPath] lineVisib(start→end): false  colli=(-2.12,-1.70)
[trajectory_generator_node-6] [smoothTopoPath] OUTPUT size=5, iter_count=4
[trajectory_generator_node-6] [smoothTopoPath]   out[0]: (-1.419, -4.154, 0.015)
[trajectory_generator_node-6] [smoothTopoPath]   out[1]: (-4.794, -0.116, 0.015)
[trajectory_generator_node-6] [smoothTopoPath]   out[2]: (-4.873, -2.236, 0.015)
[trajectory_generator_node-6] [smoothTopoPath]   out[3]: (-4.740, 0.594, 0.015)
[trajectory_generator_node-6] [smoothTopoPath]   out[4]: (-3.219, 2.146, 0.015)
[trajectory_generator_node-6] [Manager REPLAN] optimized path size is 5
[trajectory_generator_node-6] [LBFGS] search direction d:  0.000171879 -0.000133959  0.000125495 -4.90204e-05  1.84786e-07  1.56651e-05 -1.47048e-05   8.4571e-06 -1.73837e-06 -3.70688e-06  5.40178e-06  2.19118e-06 -2.93589e-05 -2.59323e-05  0.000162903 -0.000815991 -0.000626974 -0.000156941  -0.00103007 -4.09633e-05  6.29994e-05 -4.60938e-05  3.16724e-05 -1.42321e-05 -8.89477e-06  1.47572e-05  6.42431e-06 -6.18934e-05  0.000152549 -0.000241857  0.000707323 -0.000430669   0.00019242 -6.39166e-05  4.11033e-06  5.60389e-05  -8.8503e-05  8.64355e-05  2.15908e-05 -0.000237598  -0.00020567  0.000160348 -0.000150295  5.89212e-05 -6.33746e-07 -1.82716e-05  1.74714e-05 -1.15278e-05  7.65126e-06 -9.34988e-06  1.62238e-05 -1.74274e-05 -4.64012e-06 -0.000161155  -0.00041705  0.000459505 -0.000933707  0.000376194  -0.00046794 -0.000296407  0.000180427 -0.000171295  0.000333479 -0.000705184  0.000431128  1.93025e-05   7.2443e-05  8.31342e-05 -0.000514894 -0.000618782 -0.000365497  0.000624806 -0.000367637  0.000226959  1.95684e-05 -7.46367e-05  1.33675e-05  4.13368e-05  3.47002e-05 -0.000243286    0.0242544  -0.00351846   0.00134573 -0.000333331  8.55654e-05 -1.85983e-05  3.67615e-06  1.84289e-08 -9.81314e-07   3.2904e-06 -1.39104e-05  6.04443e-05 -0.000254748   0.00084686  -0.00115497   0.00387003  0.000274287    0.0035876   0.00520589  -0.00149196  0.000700025  0.000230123  -0.00105047   0.00134689   0.00141323   0.00789568  -0.00237879   0.00112478  -0.00128134   0.00321687   -0.0001143    0.0267517 -0.000391522   0.00451049 -0.000100169  1.72477e-05  0.000117262 -0.000365538   0.00130891  -0.00272254    0.0157167
[trajectory_generator_node-6] [Smooth Optimize] MINCO reaches max evaluations: Line search reaches the maximum try number, assumptions not satisfied or precision not achievable.
[trajectory_generator_node-6] [Smooth Optimize] MINCO: cost=5.1 total_T=43.287(init 39.883) max_drift=0.269 max_vel=0.4 segs=41
[trajectory_generator_node-6] [Smooth Resample] resample
[trajectory_generator_node-6] [Smooth Resample] 42 -> 22 waypoints, 21 time segs, max_turn=179.3 deg
[trajectory_generator_node-6] [Reference] path size : 22
[trajectory_generator_node-6] [Reference] solvePolyMatrix ENTER: N=21, path_size=22, trap_time_size=21
[trajectory_generator_node-6] [Reference]   path[0]=(-1.4190,-4.1540) path[1]=(-1.8008,-3.6973) t[0]=2.888981 state_vel=(0.0000,0.0000)
[trajectory_generator_node-6] [Reference] banded solve done. b[0]=-0.140322 b[N]=-0.201641 b2[0]=0.167884 b2[N]=-0.207378
[trajectory_generator_node-6] [Reference] solvePolyMatrix EXIT: polyX[0]=[0.008452 -0.070161 -0.000000 -1.419000]
[trajectory_generator_node-6] [Reference] solvePolyMatrix ENTER: N=21, path_size=22, trap_time_size=21
[trajectory_generator_node-6] [Reference]   path[0]=(-1.4190,-4.1540) path[1]=(-1.8008,-3.6973) t[0]=2.888981 state_vel=(0.0000,0.0000)
[trajectory_generator_node-6] [Reference] banded solve done. b[0]=-0.140322 b[N]=-0.201641 b2[0]=0.167884 b2[N]=-0.207383
[trajectory_generator_node-6] [Reference] solvePolyMatrix EXIT: polyX[0]=[0.008452 -0.070161 -0.000000 -1.419000]
[trajectory_generator_node-6] [INFO] [1790447170.830917687] [trajectory_generation]: FSM published 21 trajectory pieces
[trajectory_tracking_node-8] [WARN] [1790447175.887559167] [trajectory_tracking]: RM_GridMap predicted-path replan requested: collision_samples=0 trajectory_age=5.01
[trajectory_generator_node-6] [Manager REPLAN]  cur position point (X, Y) = (-2.202460, -3.198293), target point (X, Y) = (-3.219000, 2.146000)
[trajectory_generator_node-6] [Manager REPLAN] target_temp (X, Y) = (-3.219000, 2.146000)
[trajectory_generator_node-6] [Manager REPLAN] robot 1.24m from path, full replan
[trajectory_generator_node-6] [Manager] start point, (x, y): (-2.20, -3.20)
[trajectory_generator_node-6] [Manager] receive target, (x, y): (-3.22, 2.15)
[trajectory_generator_node-6] [Topo]: m_graph before num: 1605
[trajectory_generator_node-6] [Topo]: dijkstra time: 0.011218
[trajectory_generator_node-6] [Topo]: topo search time: 0.128849
[trajectory_generator_node-6] [Topo]: m_graph num: 2582
[trajectory_generator_node-6] [DIAG] origin_path (Dijkstra) size: 3
[trajectory_generator_node-6] [DIAG]   origin[0]: (-2.202, -3.198, 0.015)
[trajectory_generator_node-6] [DIAG]   origin[1]: (-5.119, 0.396, 0.015)
[trajectory_generator_node-6] [DIAG]   origin[2]: (-3.219, 2.146, 0.015)
[trajectory_generator_node-6] [DIAG] lineVisib(start→end DIRECT): false  colli=(-2.52,-1.50)
[trajectory_generator_node-6] [DIAG] direct line: 108 steps, 63 wall cells
[trajectory_generator_node-6] [smoothTopoPath] INPUT size=3
[trajectory_generator_node-6] [smoothTopoPath]   in[0]: (-2.202, -3.198, 0.015)
[trajectory_generator_node-6] [smoothTopoPath]   in[1]: (-5.119, 0.396, 0.015)
[trajectory_generator_node-6] [smoothTopoPath]   in[2]: (-3.219, 2.146, 0.015)
[trajectory_generator_node-6] [smoothTopoPath] lineVisib(start→end): false  colli=(-2.52,-1.50)
[trajectory_generator_node-6] [smoothTopoPath] OUTPUT size=4, iter_count=3
[trajectory_generator_node-6] [smoothTopoPath]   out[0]: (-2.202, -3.198, 0.015)
[trajectory_generator_node-6] [smoothTopoPath]   out[1]: (-4.578, -0.747, 0.015)
[trajectory_generator_node-6] [smoothTopoPath]   out[2]: (-5.049, 0.700, 0.015)
[trajectory_generator_node-6] [smoothTopoPath]   out[3]: (-3.219, 2.146, 0.015)
[trajectory_generator_node-6] [DIAG] optimized_path (smoothTopoPath) size: 4
[trajectory_generator_node-6] [DIAG]   opt[0]: (-2.202, -3.198, 0.015)
[trajectory_generator_node-6] [DIAG]   opt[1]: (-4.578, -0.747, 0.015)
[trajectory_generator_node-6] [DIAG]   opt[2]: (-5.049, 0.700, 0.015)
[trajectory_generator_node-6] [DIAG]   opt[3]: (-3.219, 2.146, 0.015)
[trajectory_generator_node-6] [Manager] reference_speed: (0.30)
[trajectory_generator_node-6] optimized_path size: 4
[trajectory_generator_node-6] [LBFGS] search direction d:  0.000280035  -0.00019435  0.000167574 -0.000106939 -1.03064e-05  0.000180666 -0.000392117  0.000615727 -0.000779647  0.000823906 -0.000682253 -0.000273653 -1.59492e-05 -0.000287078   -0.0016709 -0.000977967   0.00146664  -0.00141856   0.00123663 -0.000886956  0.000297281  0.000210924 -0.000988657    0.0001153 -0.000119645  0.000161064 -0.000213778  0.000270697 -0.000321419  0.000338512 -0.000299247  0.000288864 -0.000665696     0.001558  0.000359884  0.000117569 -8.51447e-05  0.000753432 -0.000925698   -0.0010432   0.00146326  -0.00104147  0.000724476 -0.000723261   0.00077924  -0.00111329 -0.000557341  0.000155878 -5.39951e-05  1.96629e-05 -1.22655e-05  1.18554e-05 -7.34839e-06 -2.21247e-05  0.000129008 -0.000502779   0.00142104  -0.00447685 -0.000746466    -0.029979  0.000881263  -0.00158034  -0.00123334  0.000312861 -3.00079e-05 -0.000189667   0.00064507  -0.00206612   0.00426912   -0.0244309
[trajectory_generator_node-6] [Smooth Optimize] MINCO reaches max evaluations: Line search reaches the maximum try number, assumptions not satisfied or precision not achievable.
[trajectory_generator_node-6] [Smooth Optimize] MINCO: cost=1.7 total_T=25.956(init 24.024) max_drift=0.229 max_vel=0.4 segs=24
[trajectory_generator_node-6] [Smooth Resample] resample
[trajectory_generator_node-6] [Smooth Resample] 25 -> 13 waypoints, 12 time segs, max_turn=69.6 deg
[trajectory_generator_node-6] [Manager] optimizer generate time: 0.006687
[trajectory_generator_node-6] [Reference] path size : 13
[trajectory_generator_node-6] [Reference] solvePolyMatrix ENTER: N=12, path_size=13, trap_time_size=12
[trajectory_generator_node-6] [Reference]   path[0]=(-2.2025,-3.1983) path[1]=(-2.6200,-2.7677) t[0]=2.014337 state_vel=(-0.1928,0.2213)
[trajectory_generator_node-6] [Reference] banded solve done. b[0]=-0.024230 b[N]=-0.206627 b2[0]=-0.013898 b2[N]=-0.163148
[trajectory_generator_node-6] [Reference] solvePolyMatrix EXIT: polyX[0]=[0.002452 -0.012115 -0.192821 -2.202460]
[trajectory_generator_node-6] [INFO] [1790447176.033433585] [trajectory_generation]: FSM published 12 trajectory pieces
[trajectory_tracking_node-8] [WARN] [1790447181.055717539] [trajectory_tracking]: RM_GridMap predicted-path replan requested: collision_samples=0 trajectory_age=5.01
[trajectory_generator_node-6] [Manager REPLAN]  cur position point (X, Y) = (-3.248293, -2.123912), target point (X, Y) = (-3.219000, 2.146000)
[trajectory_generator_node-6] [Manager REPLAN] target_temp (X, Y) = (-3.219000, 2.146000)
[trajectory_generator_node-6] [Manager REPLAN] robot 1.50m from path, full replan
[trajectory_generator_node-6] [Manager] start point, (x, y): (-3.25, -2.12)
[trajectory_generator_node-6] [Manager] receive target, (x, y): (-3.22, 2.15)
[trajectory_generator_node-6] [Topo]: m_graph before num: 1605
[trajectory_generator_node-6] [Topo]: dijkstra time: 0.008875
[trajectory_generator_node-6] [Topo]: topo search time: 0.162190
[trajectory_generator_node-6] [Topo]: m_graph num: 2584
[trajectory_generator_node-6] [DIAG] origin_path (Dijkstra) size: 3
[trajectory_generator_node-6] [DIAG]   origin[0]: (-3.248, -2.124, 0.015)
[trajectory_generator_node-6] [DIAG]   origin[1]: (-6.369, -0.604, 0.015)
[trajectory_generator_node-6] [DIAG]   origin[2]: (-3.219, 2.146, 0.015)
[trajectory_generator_node-6] [DIAG] lineVisib(start→end DIRECT): false  colli=(-3.22,-1.15)
[trajectory_generator_node-6] [DIAG] direct line: 85 steps, 54 wall cells
[trajectory_generator_node-6] [smoothTopoPath] INPUT size=3
[trajectory_generator_node-6] [smoothTopoPath]   in[0]: (-3.248, -2.124, 0.015)
[trajectory_generator_node-6] [smoothTopoPath]   in[1]: (-6.369, -0.604, 0.015)
[trajectory_generator_node-6] [smoothTopoPath]   in[2]: (-3.219, 2.146, 0.015)
[trajectory_generator_node-6] [smoothTopoPath] lineVisib(start→end): false  colli=(-3.22,-1.15)
[trajectory_generator_node-6] [smoothTopoPath] OUTPUT size=3, iter_count=2
[trajectory_generator_node-6] [smoothTopoPath]   out[0]: (-3.248, -2.124, 0.015)
[trajectory_generator_node-6] [smoothTopoPath]   out[1]: (-6.330, -0.700, 0.015)
[trajectory_generator_node-6] [smoothTopoPath]   out[2]: (-3.219, 2.146, 0.015)
[trajectory_generator_node-6] [DIAG] optimized_path (smoothTopoPath) size: 3
[trajectory_generator_node-6] [DIAG]   opt[0]: (-3.248, -2.124, 0.015)
[trajectory_generator_node-6] [DIAG]   opt[1]: (-6.330, -0.700, 0.015)
[trajectory_generator_node-6] [DIAG]   opt[2]: (-3.219, 2.146, 0.015)
[trajectory_generator_node-6] optimized_path size: 3
[trajectory_generator_node-6] [Manager] reference_speed: (0.30)
[trajectory_generator_node-6] [LBFGS] search direction d: -0.000473525  0.000122212 -2.82478e-05  6.76669e-06  -9.3908e-06  2.42118e-05 -6.05394e-05  0.000139183 -0.000222661  0.000571169 -0.000966368  0.000943807 -0.000205598  7.23714e-05   0.00912097   0.00121099   -0.0053158  -0.00234466   0.00221003 -0.000962655  0.000140057 -2.62337e-05  0.000396219   -0.0012377 -0.000333436  4.20675e-05  1.25042e-05 -1.14183e-05 -3.20089e-06  2.80123e-05 -7.66024e-05  0.000163048 -0.000173583  0.000568464  -0.00091724  0.000597511  0.000293948  0.000919011   0.00602875   0.00019925   0.00314895  -0.00116381  0.000677843 -0.000116436 -7.89976e-05 -4.63311e-05  0.000424394  -0.00117945   0.00413729  -0.00030843  0.000157023 -3.52451e-05  1.12268e-05 -1.50816e-05  5.56021e-05  -0.00020077    0.0007407   -0.0016992   0.00597007   0.00624474  -0.00261506   0.00164941 -0.000194606   0.00162826 -0.000943824 -0.000199346  -0.00023911  3.78026e-05  0.000110047 -0.000545166   0.00202652  -0.00414548    0.0223574
[trajectory_generator_node-6] [Smooth Optimize] MINCO reaches max evaluations: Line search reaches the maximum try number, assumptions not satisfied or precision not achievable.
[trajectory_generator_node-6] [Smooth Optimize] MINCO: cost=0.9 total_T=26.033(init 25.003) max_drift=0.135 max_vel=0.4 segs=25
[trajectory_generator_node-6] [Smooth Resample] resample
[trajectory_generator_node-6] [Smooth Resample] 26 -> 14 waypoints, 13 time segs, max_turn=70.8 deg
[trajectory_generator_node-6] [Manager] optimizer generate time: 0.012342
[trajectory_generator_node-6] [Reference] path size : 14
[trajectory_generator_node-6] [Reference] solvePolyMatrix ENTER: N=13, path_size=14, trap_time_size=13
[trajectory_generator_node-6] [Reference]   path[0]=(-3.2483,-2.1239) path[1]=(-3.7945,-1.8753) t[0]=2.035263 state_vel=(-0.2091,0.2102)
[trajectory_generator_node-6] [Reference] banded solve done. b[0]=-0.099982 b[N]=-0.349085 b2[0]=-0.152686 b2[N]=-0.319074
[trajectory_generator_node-6] [Reference] solvePolyMatrix EXIT: polyX[0]=[0.010247 -0.049991 -0.209077 -3.248293]
[trajectory_generator_node-6] [Reference] solvePolyMatrix ENTER: N=13, path_size=14, trap_time_size=13
[trajectory_generator_node-6] [Reference]   path[0]=(-3.2483,-2.1239) path[1]=(-3.7945,-1.8753) t[0]=2.035263 state_vel=(-0.2091,0.2102)
[trajectory_generator_node-6] [Reference] banded solve done. b[0]=-0.099982 b[N]=-0.291119 b2[0]=-0.152686 b2[N]=-0.266042
[trajectory_generator_node-6] [Reference] solvePolyMatrix EXIT: polyX[0]=[0.010247 -0.049991 -0.209077 -3.248293]
[trajectory_generator_node-6] [Reference] solvePolyMatrix ENTER: N=13, path_size=14, trap_time_size=13
[trajectory_generator_node-6] [Reference]   path[0]=(-3.2483,-2.1239) path[1]=(-3.7945,-1.8753) t[0]=2.035263 state_vel=(-0.2091,0.2102)
[trajectory_generator_node-6] [Reference] banded solve done. b[0]=-0.099982 b[N]=-0.243176 b2[0]=-0.152686 b2[N]=-0.222184
[trajectory_generator_node-6] [Reference] solvePolyMatrix EXIT: polyX[0]=[0.010247 -0.049991 -0.209077 -3.248293]
[trajectory_generator_node-6] [INFO] [1790447181.269165067] [trajectory_generation]: FSM published 13 trajectory pieces
[trajectory_tracking_node-8] [WARN] [1790447186.291622217] [trajectory_tracking]: RM_GridMap predicted-path replan requested: collision_samples=0 trajectory_age=5.01
[trajectory_generator_node-6] [Manager REPLAN]  cur position point (X, Y) = (-4.596667, -1.499930), target point (X, Y) = (-3.219000, 2.146000)
[trajectory_generator_node-6] [Manager REPLAN] target_temp (X, Y) = (-3.219000, 2.146000)
[trajectory_generator_node-6] [Manager REPLAN] robot 1.49m from path, full replan
[trajectory_generator_node-6] [Manager] start point, (x, y): (-4.60, -1.50)
[trajectory_generator_node-6] [Manager] receive target, (x, y): (-3.22, 2.15)
[trajectory_generator_node-6] [Topo]: m_graph before num: 1605
[trajectory_generator_node-6] [Topo]: dijkstra time: 0.012989
[trajectory_generator_node-6] [Topo]: topo search time: 0.107470
[trajectory_generator_node-6] [Topo]: m_graph num: 2561
[trajectory_generator_node-6] [DIAG] origin_path (Dijkstra) size: 3
[trajectory_generator_node-6] [DIAG]   origin[0]: (-4.597, -1.500, 0.015)
[trajectory_generator_node-6] [DIAG]   origin[1]: (-5.597, -1.500, 0.015)
[trajectory_generator_node-6] [DIAG]   origin[2]: (-3.219, 2.146, 0.015)
[trajectory_generator_node-6] [DIAG] lineVisib(start→end DIRECT): false  colli=(-4.27,-0.60)
[trajectory_generator_node-6] [DIAG] direct line: 77 steps, 38 wall cells
[trajectory_generator_node-6] [smoothTopoPath] INPUT size=3
[trajectory_generator_node-6] [smoothTopoPath]   in[0]: (-4.597, -1.500, 0.015)
[trajectory_generator_node-6] [smoothTopoPath]   in[1]: (-5.597, -1.500, 0.015)
[trajectory_generator_node-6] [smoothTopoPath]   in[2]: (-3.219, 2.146, 0.015)
[trajectory_generator_node-6] [smoothTopoPath] lineVisib(start→end): false  colli=(-4.27,-0.60)
[trajectory_generator_node-6] [smoothTopoPath] OUTPUT size=6, iter_count=5
[trajectory_generator_node-6] [smoothTopoPath]   out[0]: (-4.597, -1.500, 0.015)
[trajectory_generator_node-6] [smoothTopoPath]   out[1]: (-4.841, -0.040, 0.015)
[trajectory_generator_node-6] [smoothTopoPath]   out[2]: (-5.569, -1.458, 0.015)
[trajectory_generator_node-6] [smoothTopoPath]   out[3]: (-4.799, -0.826, 0.015)
[trajectory_generator_node-6] [smoothTopoPath]   out[4]: (-4.878, 0.121, 0.015)
[trajectory_generator_node-6] [smoothTopoPath]   out[5]: (-3.219, 2.146, 0.015)
[trajectory_generator_node-6] [DIAG] optimized_path (smoothTopoPath) size: 6
[trajectory_generator_node-6] [DIAG]   opt[0]: (-4.597, -1.500, 0.015)
[trajectory_generator_node-6] [DIAG]   opt[1]: (-4.841, -0.040, 0.015)
[trajectory_generator_node-6] [DIAG]   opt[2]: (-5.569, -1.458, 0.015)
[trajectory_generator_node-6] [DIAG]   opt[3]: (-4.799, -0.826, 0.015)
[trajectory_generator_node-6] [DIAG]   opt[4]: (-4.878, 0.121, 0.015)
[trajectory_generator_node-6] [DIAG]   opt[5]: (-3.219, 2.146, 0.015)
[trajectory_generator_node-6] optimized_path size: 6
[trajectory_generator_node-6] [Manager] reference_speed: (0.30)
[trajectory_generator_node-6] [LBFGS] search direction d:  8.08752e-05 -4.74808e-05  3.51494e-05 -0.000290488 -3.19813e-05  4.13309e-05  0.000397009 -0.000157274  6.65671e-05 -9.95161e-05  8.56873e-05 -2.80931e-05  4.65216e-06  6.33453e-05   0.00011657  2.88607e-06  2.45566e-05  4.84476e-05 -1.02894e-05 -3.05542e-05 -1.31559e-05  -2.1677e-05  4.39405e-06  1.87841e-06  0.000132123 -8.94338e-05  9.17327e-05 -0.000378833  0.000710352  0.000702157  0.000852248  0.000105395  8.41774e-05 -7.65842e-05  4.36044e-05  6.17909e-06 -2.87102e-05 -6.48302e-06 -0.000359868  8.91182e-05  3.55468e-05 -2.28392e-05  2.07516e-06  5.89473e-06  2.82498e-05 -9.66496e-06  2.82231e-05 -5.07771e-05  0.000423014 -7.81851e-05  0.000143885  2.79015e-05  0.000864657  0.000531702  0.000466991  6.43082e-05 -5.37045e-05    0.0002464  0.000137715 -4.74541e-05 -3.35288e-06  4.50983e-05 -4.52935e-05  0.000135918 -1.39881e-06  3.83477e-05 -1.09494e-06 -8.47076e-06  1.47073e-05 -1.61527e-05  3.92118e-05 -6.20029e-05   0.00032148
[trajectory_generator_node-6] [Smooth Optimize] MINCO reaches max evaluations: Line search reaches the maximum try number, assumptions not satisfied or precision not achievable.
[trajectory_generator_node-6] [Smooth Optimize] MINCO: cost=6.5 total_T=25.445(init 24.708) max_drift=0.281 max_vel=0.6 segs=25
[trajectory_generator_node-6] [Smooth Resample] resample
[trajectory_generator_node-6] [Smooth Resample] 26 -> 14 waypoints, 13 time segs, max_turn=161.7 deg
[trajectory_generator_node-6] [Manager] optimizer generate time: 0.003224
[trajectory_generator_node-6] [Reference] path size : 14
[trajectory_generator_node-6] [Reference] solvePolyMatrix ENTER: N=13, path_size=14, trap_time_size=13
[trajectory_generator_node-6] [Reference]   path[0]=(-4.5967,-1.4999) path[1]=(-4.6907,-0.8923) t[0]=2.023382 state_vel=(-0.2657,0.1202)
[trajectory_generator_node-6] [Reference] banded solve done. b[0]=0.362558 b[N]=-0.409917 b2[0]=0.344285 b2[N]=-0.489050
[trajectory_generator_node-6] [Reference] solvePolyMatrix EXIT: polyX[0]=[-0.036034 0.181279 -0.265722 -4.596667]
[trajectory_generator_node-6] [Reference] solvePolyMatrix ENTER: N=13, path_size=14, trap_time_size=13
[trajectory_generator_node-6] [Reference]   path[0]=(-4.5967,-1.4999) path[1]=(-4.6907,-0.8923) t[0]=2.225720 state_vel=(-0.2657,0.1202)
[trajectory_generator_node-6] [Reference] banded solve done. b[0]=0.337264 b[N]=-0.341446 b2[0]=0.267647 b2[N]=-0.406857
[trajectory_generator_node-6] [Reference] solvePolyMatrix EXIT: polyX[0]=[-0.030650 0.168632 -0.265722 -4.596667]
[trajectory_generator_node-6] [Reference] solvePolyMatrix ENTER: N=13, path_size=14, trap_time_size=13
[trajectory_generator_node-6] [Reference]   path[0]=(-4.5967,-1.4999) path[1]=(-4.6907,-0.8923) t[0]=2.448292 state_vel=(-0.2657,0.1202)
[trajectory_generator_node-6] [Reference] banded solve done. b[0]=0.312935 b[N]=-0.284798 b2[0]=0.205872 b2[N]=-0.338891
[trajectory_generator_node-6] [Reference] solvePolyMatrix EXIT: polyX[0]=[-0.025983 0.156467 -0.265722 -4.596667]
[trajectory_generator_node-6] [Reference] solvePolyMatrix ENTER: N=13, path_size=14, trap_time_size=13
[trajectory_generator_node-6] [Reference]   path[0]=(-4.5967,-1.4999) path[1]=(-4.6907,-0.8923) t[0]=2.693121 state_vel=(-0.2657,0.1202)
[trajectory_generator_node-6] [Reference] banded solve done. b[0]=0.290391 b[N]=-0.237912 b2[0]=0.157084 b2[N]=-0.282661
[trajectory_generator_node-6] [Reference] solvePolyMatrix EXIT: polyX[0]=[-0.022088 0.145195 -0.265722 -4.596667]
[trajectory_generator_node-6] [Reference] solvePolyMatrix ENTER: N=13, path_size=14, trap_time_size=13
[trajectory_generator_node-6] [Reference]   path[0]=(-4.5967,-1.4999) path[1]=(-4.6907,-0.8923) t[0]=2.693121 state_vel=(-0.2657,0.1202)
[trajectory_generator_node-6] [Reference] banded solve done. b[0]=0.290391 b[N]=-0.199066 b2[0]=0.157084 b2[N]=-0.236106
[trajectory_generator_node-6] [Reference] solvePolyMatrix EXIT: polyX[0]=[-0.022088 0.145195 -0.265722 -4.596667]
[trajectory_generator_node-6] [INFO] [1790447186.417855965] [trajectory_generation]: FSM published 13 trajectory pieces
[trajectory_generator_node-6] [A Star] find collision pos: -5.159453 -0.660452
[trajectory_generator_node-6] [A Star] find start pos: -4.840640 -0.040100
[trajectory_generator_node-6] [A Star] find collision pos: -5.159453 -0.660452
[trajectory_generator_node-6] [A Star] find start pos: -4.840640 -0.040100
[trajectory_generator_node-6] [A Star] find collision pos: -5.159453 -0.660452
[trajectory_generator_node-6] [A Star] find start pos: -4.840640 -0.040100
[trajectory_generator_node-6] [A Star] find collision pos: -5.159453 -0.660452
[trajectory_generator_node-6] [A Star] find start pos: -4.840640 -0.040100
[trajectory_generator_node-6] [A Star] find collision pos: -5.159453 -0.660452
[trajectory_generator_node-6] [A Star] find start pos: -4.840640 -0.040100
[trajectory_generator_node-6] [A Star] find collision pos: -5.159453 -0.660452
[trajectory_generator_node-6] [A Star] find start pos: -4.840640 -0.040100
[trajectory_generator_node-6] [A Star] find collision pos: -5.159453 -0.660452
[trajectory_generator_node-6] [A Star] find start pos: -4.840640 -0.040100
[trajectory_generator_node-6] [Manager REPLAN]  cur position point (X, Y) = (-4.777755, -1.339597), target point (X, Y) = (-3.219000, 2.146000)
[trajectory_generator_node-6] [Manager REPLAN] target_temp (X, Y) = (-3.219000, 2.146000)
[trajectory_generator_node-6] [A Star] find collision pos: -5.159453 -0.660452
[trajectory_generator_node-6] [A Star] find start pos: -4.840640 -0.040100
[trajectory_generator_node-6] [Manager REPLAN] start local planning
[trajectory_generator_node-6] [Topo Local]: complete sample
[trajectory_generator_node-6] [Topo Local]: sample time: 0.048850
[trajectory_generator_node-6] [Manager Local] local path find! size is 3
[trajectory_generator_node-6] [smoothTopoPath] INPUT size=6
[trajectory_generator_node-6] [smoothTopoPath]   in[0]: (-4.778, -1.340, 0.015)
[trajectory_generator_node-6] [smoothTopoPath]   in[1]: (-2.519, -3.654, 0.015)
[trajectory_generator_node-6] [smoothTopoPath]   in[2]: (-5.569, -1.458, 0.015)
[trajectory_generator_node-6] [smoothTopoPath]   in[3]: (-4.799, -0.826, 0.015)
[trajectory_generator_node-6] [smoothTopoPath]   in[4]: (-4.878, 0.121, 0.015)
[trajectory_generator_node-6] [smoothTopoPath]   in[5]: (-3.219, 2.146, 0.015)
[trajectory_generator_node-6] [smoothTopoPath] lineVisib(start→end): false  colli=(-4.42,-0.50)
[trajectory_generator_node-6] [smoothTopoPath] OUTPUT size=3, iter_count=2
[trajectory_generator_node-6] [smoothTopoPath]   out[0]: (-4.778, -1.340, 0.015)
[trajectory_generator_node-6] [smoothTopoPath]   out[1]: (-4.859, 0.542, 0.015)
[trajectory_generator_node-6] [smoothTopoPath]   out[2]: (-3.219, 2.146, 0.015)
[trajectory_generator_node-6] [Manager REPLAN] optimized path size is 3
[trajectory_generator_node-6] [LBFGS] search direction d:  4.68648e-06  -0.00154502   0.00271309  6.33611e-05   0.00111242  -0.00077894  0.000388035 -0.000317722  0.000941898  -0.00204547   0.00317512  -0.00329375  -0.00207301   0.00601107   0.00149661   0.00606659  0.000753968  -0.00155816   0.00252944 -0.000593819 -0.000493426   0.00128244  -0.00225245   0.00324962  -0.00329765  -0.00197932    0.0767221   -0.0020352  0.000167769     0.186683  -0.00369983    0.0064682   0.00289475  -0.00170092  0.000441481  0.000227664  -0.00105915   0.00463451    -0.011633    0.0872799
[trajectory_generator_node-6] [Smooth Optimize] MINCO reaches max evaluations: Line search reaches the maximum try number, assumptions not satisfied or precision not achievable.
[trajectory_generator_node-6] [Smooth Optimize] MINCO: cost=1.8 total_T=14.762(init 13.855) max_drift=0.209 max_vel=0.4 segs=14
[trajectory_generator_node-6] [Smooth Resample] resample
[trajectory_generator_node-6] [Smooth Resample] 15 -> 8 waypoints, 7 time segs, max_turn=58.0 deg
[trajectory_generator_node-6] [Reference] path size : 8
[trajectory_generator_node-6] [Reference] solvePolyMatrix ENTER: N=7, path_size=8, trap_time_size=7
[trajectory_generator_node-6] [Reference]   path[0]=(-4.7778,-1.3396) path[1]=(-4.7884,-0.7545) t[0]=2.138203 state_vel=(-0.0509,0.1744)
[trajectory_generator_node-6] [Reference] banded solve done. b[0]=0.038170 b[N]=-0.336268 b2[0]=0.138565 b2[N]=-0.329448
[trajectory_generator_node-6] [Reference] solvePolyMatrix EXIT: polyX[0]=[0.001120 0.019085 -0.050924 -4.777755]
[trajectory_generator_node-6] [Reference] solvePolyMatrix ENTER: N=7, path_size=8, trap_time_size=7
[trajectory_generator_node-6] [Reference]   path[0]=(-4.7778,-1.3396) path[1]=(-4.7884,-0.7545) t[0]=2.138203 state_vel=(-0.0509,0.1744)
[trajectory_generator_node-6] [Reference] banded solve done. b[0]=0.038205 b[N]=-0.280113 b2[0]=0.138599 b2[N]=-0.274496
[trajectory_generator_node-6] [Reference] solvePolyMatrix EXIT: polyX[0]=[0.001111 0.019102 -0.050924 -4.777755]
[trajectory_generator_node-6] [Reference] solvePolyMatrix ENTER: N=7, path_size=8, trap_time_size=7
[trajectory_generator_node-6] [Reference]   path[0]=(-4.7778,-1.3396) path[1]=(-4.7884,-0.7545) t[0]=2.138203 state_vel=(-0.0509,0.1744)
[trajectory_generator_node-6] [Reference] banded solve done. b[0]=0.038233 b[N]=-0.233665 b2[0]=0.138626 b2[N]=-0.229039
[trajectory_generator_node-6] [Reference] solvePolyMatrix EXIT: polyX[0]=[0.001105 0.019116 -0.050924 -4.777755]
[trajectory_generator_node-6] [INFO] [1790447187.585567160] [trajectory_generation]: FSM published 7 trajectory pieces
[trajectory_tracking_node-8] [WARN] [1790447192.614360521] [trajectory_tracking]: RM_GridMap predicted-path replan requested: collision_samples=0 trajectory_age=5.02
[trajectory_generator_node-6] [Manager REPLAN]  cur position point (X, Y) = (-4.705857, 0.123374), target point (X, Y) = (-3.219000, 2.146000)
[trajectory_generator_node-6] [Manager REPLAN] target_temp (X, Y) = (-3.219000, 2.146000)
[trajectory_generator_node-6] [Manager REPLAN] path safe & target unchanged, re-anchoring from cur pos
[trajectory_generator_node-6] [LBFGS] search direction d:  0.000275312 -8.42835e-05  0.000245852  0.000624355   0.00026112 -0.000371502 -0.000135077  0.000957098 -0.000336963  -0.00112464  0.000219995 -0.000768373  -0.00032312 -0.000956325   0.00792562  -0.00345039 -0.000473722   0.00153045  -0.00176481   0.00366738  -0.00539827    0.0271587
[trajectory_generator_node-6] [Smooth Optimize] MINCO reaches max evaluations: Line search reaches the maximum try number, assumptions not satisfied or precision not achievable.
[trajectory_generator_node-6] [Smooth Optimize] MINCO: cost=0.8 total_T=8.872(init 8.368) max_drift=0.104 max_vel=0.4 segs=8
[trajectory_generator_node-6] [Smooth Resample] resample
[trajectory_generator_node-6] [Smooth Resample] 9 -> 5 waypoints, 4 time segs, max_turn=8.7 deg
[trajectory_generator_node-6] [Reference] path size : 5
[trajectory_generator_node-6] [Reference] solvePolyMatrix ENTER: N=4, path_size=5, trap_time_size=4
[trajectory_generator_node-6] [Reference]   path[0]=(-4.7059,0.1234) path[1]=(-4.4058,0.6721) t[0]=2.391618 state_vel=(-0.0904,0.2711)
[trajectory_generator_node-6] [Reference] banded solve done. b[0]=0.292752 b[N]=-0.256792 b2[0]=-0.066075 b2[N]=-0.314616
[trajectory_generator_node-6] [Reference] solvePolyMatrix EXIT: polyX[0]=[-0.023474 0.146376 -0.090362 -4.705857]
[trajectory_generator_node-6] [Reference] solvePolyMatrix ENTER: N=4, path_size=5, trap_time_size=4
[trajectory_generator_node-6] [Reference]   path[0]=(-4.7059,0.1234) path[1]=(-4.4058,0.6721) t[0]=2.391618 state_vel=(-0.0904,0.2711)
[trajectory_generator_node-6] [Reference] banded solve done. b[0]=0.291118 b[N]=-0.213800 b2[0]=-0.067856 b2[N]=-0.262495
[trajectory_generator_node-6] [Reference] solvePolyMatrix EXIT: polyX[0]=[-0.023132 0.145559 -0.090362 -4.705857]
[trajectory_generator_node-6] [INFO] [1790447192.637474131] [trajectory_generation]: FSM published 4 trajectory pieces
[trajectory_tracking_node-8] [WARN] [1790447197.658144389] [trajectory_tracking]: RM_GridMap predicted-path replan requested: collision_samples=0 trajectory_age=5.03
[trajectory_generator_node-6] [Manager REPLAN]  cur position point (X, Y) = (-3.964303, 1.321994), target point (X, Y) = (-3.219000, 2.146000)
[trajectory_generator_node-6] [Manager REPLAN] target_temp (X, Y) = (-3.219000, 2.146000)
[trajectory_generator_node-6] [Manager REPLAN] robot 1.11m from path, full replan
[trajectory_generator_node-6] [Manager] start point, (x, y): (-3.96, 1.32)
[trajectory_generator_node-6] [Manager] receive target, (x, y): (-3.22, 2.15)
[trajectory_generator_node-6] [Topo]: m_graph before num: 1605
[trajectory_generator_node-6] [Topo]: dijkstra time: 0.018041
[trajectory_generator_node-6] [Topo]: topo search time: 0.152804
[trajectory_generator_node-6] [Topo]: m_graph num: 2556
[trajectory_generator_node-6] [DIAG] origin_path (Dijkstra) size: 3
[trajectory_generator_node-6] [DIAG]   origin[0]: (-3.964, 1.322, 0.015)
[trajectory_generator_node-6] [DIAG]   origin[1]: (-3.257, 2.029, 0.015)
[trajectory_generator_node-6] [DIAG]   origin[2]: (-3.219, 2.146, 0.015)
[trajectory_generator_node-6] [DIAG] lineVisib(start→end DIRECT): TRUE(!!)  colli=(-3.96,1.32)
[trajectory_generator_node-6] [DIAG] direct line: 22 steps, 0 wall cells
[trajectory_generator_node-6] [smoothTopoPath] INPUT size=3
[trajectory_generator_node-6] [smoothTopoPath]   in[0]: (-3.964, 1.322, 0.015)
[trajectory_generator_node-6] [smoothTopoPath]   in[1]: (-3.257, 2.029, 0.015)
[trajectory_generator_node-6] [smoothTopoPath]   in[2]: (-3.219, 2.146, 0.015)
[trajectory_generator_node-6] [smoothTopoPath] lineVisib(start→end): TRUE(!)  colli=(0.00,0.00)
[trajectory_generator_node-6] [smoothTopoPath] OUTPUT size=2, iter_count=1
[trajectory_generator_node-6] [smoothTopoPath]   out[0]: (-3.964, 1.322, 0.015)
[trajectory_generator_node-6] [smoothTopoPath]   out[1]: (-3.219, 2.146, 0.015)
[trajectory_generator_node-6] [DIAG] optimized_path (smoothTopoPath) size: 2
[trajectory_generator_node-6] [DIAG]   opt[0]: (-3.964, 1.322, 0.015)
[trajectory_generator_node-6] [DIAG]   opt[1]: (-3.219, 2.146, 0.015)
[trajectory_generator_node-6] optimized_path size: 2
[trajectory_generator_node-6] [Manager] reference_speed: (0.30)
[trajectory_generator_node-6] [Smooth Optimize] MINCO Optimization Success: Success: met stopping criteria (past f decrease less than delta).
[trajectory_generator_node-6] [Smooth Optimize] MINCO: cost=0.0 total_T=5.803(init 3.704) max_drift=0.001 max_vel=0.3 segs=4
[trajectory_generator_node-6] [Smooth Resample] resample
[trajectory_generator_node-6] [Smooth Resample] 5 -> 3 waypoints, 2 time segs, max_turn=0.1 deg
[trajectory_generator_node-6] [Manager] optimizer generate time: 0.004435
[trajectory_generator_node-6] [Reference] path size : 3
[trajectory_generator_node-6] [Reference] solvePolyMatrix ENTER: N=2, path_size=3, trap_time_size=2
[trajectory_generator_node-6] [Reference]   path[0]=(-3.9643,1.3220) path[1]=(-3.5615,1.7666) t[0]=2.481183 state_vel=(0.1558,0.1987)
[trajectory_generator_node-6] [Reference] banded solve done. b[0]=0.011670 b[N]=-0.089315 b2[0]=-0.024216 b2[N]=-0.103744
[trajectory_generator_node-6] [Reference] solvePolyMatrix EXIT: polyX[0]=[-0.001292 0.005835 0.155820 -3.964303]
[trajectory_generator_node-6] [INFO] [1790447197.835328196] [trajectory_generation]: FSM published 2 trajectory pieces
[trajectory_tracking_node-8] [WARN] [1790447203.004935602] [trajectory_tracking]: trajectory tracking stopped: invalid coefficient array length
[trajectory_tracking_node-8] [WARN] [1790447205.100646125] [trajectory_tracking]: trajectory tracking stopped: no valid trajectory
[trajectory_generator_node-6] [INFO] [1790447206.263351215] [trajectory_generation]: FSM accepted manual goal goal=(-3.72, 2.10, 0.02)
[trajectory_generator_node-6] [Manager] start point, (x, y): (-1.92, -3.80)
[trajectory_generator_node-6] [Manager] receive target, (x, y): (-3.72, 2.10)
[trajectory_generator_node-6] [Topo]: m_graph before num: 1605
[trajectory_generator_node-6] [Topo]: dijkstra time: 0.023645
[trajectory_generator_node-6] [Topo]: topo search time: 0.125421
[trajectory_generator_node-6] [Topo]: m_graph num: 2571
[trajectory_generator_node-6] [DIAG] origin_path (Dijkstra) size: 3
[trajectory_generator_node-6] [DIAG]   origin[0]: (-1.919, -3.804, 0.015)
[trajectory_generator_node-6] [DIAG]   origin[1]: (-5.319, -1.704, 0.015)
[trajectory_generator_node-6] [DIAG]   origin[2]: (-3.719, 2.096, 0.015)
[trajectory_generator_node-6] [DIAG] lineVisib(start→end DIRECT): false  colli=(-2.62,-1.45)
[trajectory_generator_node-6] [DIAG] direct line: 123 steps, 56 wall cells
[trajectory_generator_node-6] [smoothTopoPath] INPUT size=3
[trajectory_generator_node-6] [smoothTopoPath]   in[0]: (-1.919, -3.804, 0.015)
[trajectory_generator_node-6] [smoothTopoPath]   in[1]: (-5.319, -1.704, 0.015)
[trajectory_generator_node-6] [smoothTopoPath]   in[2]: (-3.719, 2.096, 0.015)
[trajectory_generator_node-6] [smoothTopoPath] lineVisib(start→end): false  colli=(-2.62,-1.45)
[trajectory_generator_node-6] [smoothTopoPath] OUTPUT size=8, iter_count=7
[trajectory_generator_node-6] [smoothTopoPath]   out[0]: (-1.919, -3.804, 0.015)
[trajectory_generator_node-6] [smoothTopoPath]   out[1]: (-4.935, -0.414, 0.015)
[trajectory_generator_node-6] [smoothTopoPath]   out[2]: (-5.587, -1.574, 0.015)
[trajectory_generator_node-6] [smoothTopoPath]   out[3]: (-4.511, -0.293, 0.015)
[trajectory_generator_node-6] [smoothTopoPath]   out[4]: (-5.559, -1.508, 0.015)
[trajectory_generator_node-6] [smoothTopoPath]   out[5]: (-4.659, -0.137, 0.015)
[trajectory_generator_node-6] [smoothTopoPath]   out[6]: (-4.819, 0.256, 0.015)
[trajectory_generator_node-6] [smoothTopoPath]   out[7]: (-3.719, 2.096, 0.015)
[trajectory_generator_node-6] [DIAG] optimized_path (smoothTopoPath) size: 8
[trajectory_generator_node-6] [DIAG]   opt[0]: (-1.919, -3.804, 0.015)
[trajectory_generator_node-6] [DIAG]   opt[1]: (-4.935, -0.414, 0.015)
[trajectory_generator_node-6] [DIAG]   opt[2]: (-5.587, -1.574, 0.015)
[trajectory_generator_node-6] [DIAG]   opt[3]: (-4.511, -0.293, 0.015)
[trajectory_generator_node-6] [DIAG]   opt[4]: (-5.559, -1.508, 0.015)
[trajectory_generator_node-6] [DIAG]   opt[5]: (-4.659, -0.137, 0.015)
[trajectory_generator_node-6] [DIAG]   opt[6]: (-4.819, 0.256, 0.015)
[trajectory_generator_node-6] [DIAG]   opt[7]: (-3.719, 2.096, 0.015)
[trajectory_generator_node-6] optimized_path size: 8
[trajectory_generator_node-6] [Manager] reference_speed: (0.30)
[trajectory_generator_node-6] [LBFGS] search direction d:  0.000803077  -0.00060647   0.00047691 -0.000255369  0.000105655 -3.65038e-05  1.28817e-05 -7.31858e-06  9.47263e-07  2.76226e-05 -0.000116197  0.000337451 -0.000774913   0.00140336    0.0016021  0.000357947   0.00231337   0.00151784 -0.000455171 -0.000396285  9.51558e-05  0.000322161 -0.000969919 -5.12353e-05 -0.000839298 -3.42196e-05  0.000848291 -0.000196468 -0.000366813  0.000939679 -0.000735064 -0.000580373   0.00138092   0.00515378  0.000430135 -0.000194638   0.00032904 -0.000247275  0.000116808  -3.0408e-05 -3.80888e-05  0.000218102 -0.000550051   0.00206834 -0.000902587  0.000681381  -0.00053528  0.000285317 -0.000115364  3.50494e-05 -5.56572e-06 -6.39895e-07 -6.07078e-06  2.94149e-05 -8.55151e-05  0.000193241  -0.00030285   0.00038826 -0.000384062    0.0013452   0.00175685   0.00108896  -0.00019918 -0.000696182  0.000789614  9.81765e-05 -0.000873554 -3.11432e-05  -0.00121044 -7.34609e-05  0.000977563 -0.000131831  9.65987e-05   0.00049702 -0.000803111  0.000495912  0.000294668    0.0083752 -0.000197285  -0.00122305 -0.000293173  0.000315524  0.000189343 -0.000299925  0.000155861  0.000244691 -0.000871531    0.0034775   -0.0201047   0.00286652  -0.00109781  0.000266318 -5.93585e-05  9.24661e-06  2.20254e-07 -1.48136e-06      2.8e-06 -9.12733e-06  3.25879e-05 -0.000109424  0.000278636 -0.000331541  -0.00122868  -0.00238228  -0.00136056   0.00131686  -0.00404434 -0.000577084  -0.00573583   0.00172438 -0.000685455  2.24575e-05  -0.00442322  -0.00475447  0.000722392  -0.00194179    0.0019756  -0.00598848 -0.000210382  -0.00637151   0.00185809  -0.00302713   0.00119753   -0.0236001 -0.000881362  -0.00296464  0.000365727 -8.27808e-05   0.00010662 -0.000342005  0.000452027   0.00145953    -0.020396
[trajectory_generator_node-6] [Smooth Optimize] MINCO reaches max evaluations: Line search reaches the maximum try number, assumptions not satisfied or precision not achievable.
[trajectory_generator_node-6] [Smooth Optimize] MINCO: cost=5.6 total_T=43.570(init 42.188) max_drift=0.253 max_vel=0.5 segs=45
[trajectory_generator_node-6] [Smooth Resample] resample
[trajectory_generator_node-6] [Smooth Resample] 46 -> 24 waypoints, 23 time segs, max_turn=166.6 deg
[trajectory_generator_node-6] [Manager] optimizer generate time: 0.010620
[trajectory_generator_node-6] [Reference] path size : 24
[trajectory_generator_node-6] [Reference] solvePolyMatrix ENTER: N=23, path_size=24, trap_time_size=23
[trajectory_generator_node-6] [Reference]   path[0]=(-1.9190,-3.8040) path[1]=(-2.3186,-3.3547) t[0]=2.204045 state_vel=(0.0000,0.0000)
[trajectory_generator_node-6] [Reference] banded solve done. b[0]=-0.280008 b[N]=-0.401505 b2[0]=0.314802 b2[N]=-0.674362
[trajectory_generator_node-6] [Reference] solvePolyMatrix EXIT: polyX[0]=[0.026195 -0.140004 0.000000 -1.919000]
[trajectory_generator_node-6] [Reference] solvePolyMatrix ENTER: N=23, path_size=24, trap_time_size=23
[trajectory_generator_node-6] [Reference]   path[0]=(-1.9190,-3.8040) path[1]=(-2.3186,-3.3547) t[0]=2.424449 state_vel=(0.0000,0.0000)
[trajectory_generator_node-6] [Reference] banded solve done. b[0]=-0.233573 b[N]=-0.333730 b2[0]=0.262602 b2[N]=-0.560702
[trajectory_generator_node-6] [Reference] solvePolyMatrix EXIT: polyX[0]=[0.020127 -0.116787 0.000000 -1.919000]
[trajectory_generator_node-6] [Reference] solvePolyMatrix ENTER: N=23, path_size=24, trap_time_size=23
[trajectory_generator_node-6] [Reference]   path[0]=(-1.9190,-3.8040) path[1]=(-2.3186,-3.3547) t[0]=2.666894 state_vel=(0.0000,0.0000)
[trajectory_generator_node-6] [Reference] banded solve done. b[0]=-0.195153 b[N]=-0.277752 b2[0]=0.219411 b2[N]=-0.466814
[trajectory_generator_node-6] [Reference] solvePolyMatrix EXIT: polyX[0]=[0.015518 -0.097577 -0.000000 -1.919000]
[trajectory_generator_node-6] [Reference] solvePolyMatrix ENTER: N=23, path_size=24, trap_time_size=23
[trajectory_generator_node-6] [Reference]   path[0]=(-1.9190,-3.8040) path[1]=(-2.3186,-3.3547) t[0]=2.666894 state_vel=(0.0000,0.0000)
[trajectory_generator_node-6] [Reference] banded solve done. b[0]=-0.195152 b[N]=-0.231491 b2[0]=0.219412 b2[N]=-0.389216
[trajectory_generator_node-6] [Reference] solvePolyMatrix EXIT: polyX[0]=[0.015518 -0.097576 -0.000000 -1.919000]
[trajectory_generator_node-6] [Reference] solvePolyMatrix ENTER: N=23, path_size=24, trap_time_size=23
[trajectory_generator_node-6] [Reference]   path[0]=(-1.9190,-3.8040) path[1]=(-2.3186,-3.3547) t[0]=2.666894 state_vel=(0.0000,0.0000)
[trajectory_generator_node-6] [Reference] banded solve done. b[0]=-0.195152 b[N]=-0.193246 b2[0]=0.219412 b2[N]=-0.325034
[trajectory_generator_node-6] [Reference] solvePolyMatrix EXIT: polyX[0]=[0.015518 -0.097576 -0.000000 -1.919000]
[trajectory_generator_node-6] [Reference] solvePolyMatrix ENTER: N=23, path_size=24, trap_time_size=23
[trajectory_generator_node-6] [Reference]   path[0]=(-1.9190,-3.8040) path[1]=(-2.3186,-3.3547) t[0]=2.666894 state_vel=(0.0000,0.0000)
[trajectory_generator_node-6] [Reference] banded solve done. b[0]=-0.195152 b[N]=-0.161594 b2[0]=0.219412 b2[N]=-0.271907
[trajectory_generator_node-6] [Reference] solvePolyMatrix EXIT: polyX[0]=[0.015518 -0.097576 -0.000000 -1.919000]
[trajectory_generator_node-6] [INFO] [1790447206.430161807] [trajectory_generation]: FSM published 23 trajectory pieces
[trajectory_tracking_node-8] [WARN] [1790447211.474490139] [trajectory_tracking]: RM_GridMap predicted-path replan requested: collision_samples=0 trajectory_age=5.02
[trajectory_generator_node-6] [Manager REPLAN]  cur position point (X, Y) = (-2.693636, -2.902338), target point (X, Y) = (-3.719000, 2.096000)
[trajectory_generator_node-6] [Manager REPLAN] target_temp (X, Y) = (-3.719000, 2.096000)
[trajectory_generator_node-6] [Manager REPLAN] robot 1.19m from path, full replan
[trajectory_generator_node-6] [Manager] start point, (x, y): (-2.69, -2.90)
[trajectory_generator_node-6] [Manager] receive target, (x, y): (-3.72, 2.10)
[trajectory_generator_node-6] [Topo]: m_graph before num: 1605
[trajectory_generator_node-6] [Topo]: dijkstra time: 0.016773
[trajectory_generator_node-6] [Topo]: topo search time: 0.208742
[trajectory_generator_node-6] [Topo]: m_graph num: 2582
[trajectory_generator_node-6] [DIAG] origin_path (Dijkstra) size: 3
[trajectory_generator_node-6] [DIAG]   origin[0]: (-2.694, -2.902, 0.015)
[trajectory_generator_node-6] [DIAG]   origin[1]: (-4.815, -0.781, 0.021)
[trajectory_generator_node-6] [DIAG]   origin[2]: (-3.719, 2.096, 0.015)
[trajectory_generator_node-6] [DIAG] lineVisib(start→end DIRECT): false  colli=(-3.02,-1.25)
[trajectory_generator_node-6] [DIAG] direct line: 102 steps, 48 wall cells
[trajectory_generator_node-6] [smoothTopoPath] INPUT size=3
[trajectory_generator_node-6] [smoothTopoPath]   in[0]: (-2.694, -2.902, 0.015)
[trajectory_generator_node-6] [smoothTopoPath]   in[1]: (-4.815, -0.781, 0.021)
[trajectory_generator_node-6] [smoothTopoPath]   in[2]: (-3.719, 2.096, 0.015)
[trajectory_generator_node-6] [smoothTopoPath] lineVisib(start→end): false  colli=(-3.02,-1.25)
[trajectory_generator_node-6] [smoothTopoPath] OUTPUT size=7, iter_count=6
[trajectory_generator_node-6] [smoothTopoPath]   out[0]: (-2.694, -2.902, 0.015)
[trajectory_generator_node-6] [smoothTopoPath]   out[1]: (-4.861, -0.444, 0.015)
[trajectory_generator_node-6] [smoothTopoPath]   out[2]: (-4.406, -0.448, 0.015)
[trajectory_generator_node-6] [smoothTopoPath]   out[3]: (-4.974, -0.492, 0.021)
[trajectory_generator_node-6] [smoothTopoPath]   out[4]: (-5.039, -0.911, 0.021)
[trajectory_generator_node-6] [smoothTopoPath]   out[5]: (-4.128, 1.864, 0.015)
[trajectory_generator_node-6] [smoothTopoPath]   out[6]: (-3.719, 2.096, 0.015)
[trajectory_generator_node-6] [DIAG] optimized_path (smoothTopoPath) size: 7
[trajectory_generator_node-6] [DIAG]   opt[0]: (-2.694, -2.902, 0.015)
[trajectory_generator_node-6] [DIAG]   opt[1]: (-4.861, -0.444, 0.015)
[trajectory_generator_node-6] [DIAG]   opt[2]: (-4.406, -0.448, 0.015)
[trajectory_generator_node-6] [DIAG]   opt[3]: (-4.974, -0.492, 0.021)
[trajectory_generator_node-6] [DIAG]   opt[4]: (-5.039, -0.911, 0.021)
[trajectory_generator_node-6] [DIAG]   opt[5]: (-4.128, 1.864, 0.015)
[trajectory_generator_node-6] [DIAG]   opt[6]: (-3.719, 2.096, 0.015)
[trajectory_generator_node-6] optimized_path size: 7
[trajectory_generator_node-6] [Manager] reference_speed: (0.30)
[trajectory_generator_node-6] [LBFGS] search direction d:  0.000492913  -0.00015517  4.17253e-05 -8.32467e-06  2.84712e-05 -9.88343e-05  0.000225001 -0.000387568  0.000538311 -0.000403068  -0.00020284  0.000986006  1.79282e-05 -0.000326486  -0.00229175  9.51266e-05    2.363e-05  0.000797492 -1.36878e-05   0.00193734  -0.00183078 -3.79274e-05  9.69316e-05  7.88107e-05 -0.000791371   0.00289134 -0.000616183  0.000195617 -4.90305e-05 -8.51102e-06  2.26421e-05 -1.63641e-05 -4.80186e-06  4.90973e-05 -0.000117398  0.000387579  0.000285607  -0.00119902 -0.000304735   0.00038508  -0.00170876   0.00172995    0.0038564    0.0025779 -1.90782e-05   0.00169134  0.000379746   0.00038182 -0.000181529  0.000186929 -0.000447203   0.00138911  0.000380231 -9.40193e-05  3.14932e-05 -9.56043e-06  3.83366e-06 -3.39422e-06  4.09152e-06  1.44894e-07 -1.60384e-05  2.48489e-06  9.97383e-05   0.00034775  9.02504e-05 -3.18154e-05  0.000157386  0.000534034  0.000958382 -0.000195518  0.000103419 -5.41026e-05   0.00026968 -0.000102053  4.82772e-05 -3.84184e-05  7.50038e-05 -0.000175487   0.00139183
[trajectory_generator_node-6] [Smooth Optimize] MINCO reaches max evaluations: Line search reaches the maximum try number, assumptions not satisfied or precision not achievable.
[trajectory_generator_node-6] [Smooth Optimize] MINCO: cost=3.9 total_T=26.631(init 25.325) max_drift=0.193 max_vel=0.4 segs=27
[trajectory_generator_node-6] [Smooth Resample] resample
[trajectory_generator_node-6] [Smooth Resample] 28 -> 15 waypoints, 14 time segs, max_turn=177.9 deg
[trajectory_generator_node-6] [Manager] optimizer generate time: 0.009517
[trajectory_generator_node-6] [Reference] path size : 15
[trajectory_generator_node-6] [Reference] solvePolyMatrix ENTER: N=14, path_size=15, trap_time_size=14
[trajectory_generator_node-6] [Reference]   path[0]=(-2.6936,-2.9023) path[1]=(-3.0903,-2.4524) t[0]=2.060620 state_vel=(-0.1468,0.1607)
[trajectory_generator_node-6] [Reference] banded solve done. b[0]=-0.075067 b[N]=-0.472976 b2[0]=0.094562 b2[N]=-0.178366
[trajectory_generator_node-6] [Reference] solvePolyMatrix EXIT: polyX[0]=[0.007461 -0.037534 -0.146837 -2.693636]
[trajectory_generator_node-6] [Reference] solvePolyMatrix ENTER: N=14, path_size=15, trap_time_size=14
[trajectory_generator_node-6] [Reference]   path[0]=(-2.6936,-2.9023) path[1]=(-3.0903,-2.4524) t[0]=2.060620 state_vel=(-0.1468,0.1607)
[trajectory_generator_node-6] [Reference] banded solve done. b[0]=-0.075054 b[N]=-0.391879 b2[0]=0.094562 b2[N]=-0.150755
[trajectory_generator_node-6] [Reference] solvePolyMatrix EXIT: polyX[0]=[0.007458 -0.037527 -0.146837 -2.693636]
[trajectory_generator_node-6] [Reference] solvePolyMatrix ENTER: N=14, path_size=15, trap_time_size=14
[trajectory_generator_node-6] [Reference]   path[0]=(-2.6936,-2.9023) path[1]=(-3.0903,-2.4524) t[0]=2.060620 state_vel=(-0.1468,0.1607)
[trajectory_generator_node-6] [Reference] banded solve done. b[0]=-0.075041 b[N]=-0.324859 b2[0]=0.094561 b2[N]=-0.127923
[trajectory_generator_node-6] [Reference] solvePolyMatrix EXIT: polyX[0]=[0.007455 -0.037520 -0.146837 -2.693636]
[trajectory_generator_node-6] [INFO] [1790447211.727395539] [trajectory_generation]: FSM published 14 trajectory pieces
[trajectory_tracking_node-8] [WARN] [1790447216.765708171] [trajectory_tracking]: RM_GridMap predicted-path replan requested: collision_samples=0 trajectory_age=5.01
[trajectory_generator_node-6] [Manager REPLAN]  cur position point (X, Y) = (-3.680889, -1.798658), target point (X, Y) = (-3.719000, 2.096000)
[trajectory_generator_node-6] [Manager REPLAN] target_temp (X, Y) = (-3.719000, 2.096000)
[trajectory_generator_node-6] [Manager REPLAN] robot 1.48m from path, full replan
[trajectory_generator_node-6] [Manager] start point, (x, y): (-3.68, -1.80)
[trajectory_generator_node-6] [Manager] receive target, (x, y): (-3.72, 2.10)
[trajectory_generator_node-6] [Topo]: m_graph before num: 1600
[trajectory_generator_node-6] [Topo]: dijkstra time: 0.009974
[trajectory_generator_node-6] [Topo]: topo search time: 0.112144
[trajectory_generator_node-6] [Topo]: m_graph num: 2576
[trajectory_generator_node-6] [DIAG] origin_path (Dijkstra) size: 3
[trajectory_generator_node-6] [DIAG]   origin[0]: (-3.681, -1.799, 0.015)
[trajectory_generator_node-6] [DIAG]   origin[1]: (-5.133, 0.682, 0.015)
[trajectory_generator_node-6] [DIAG]   origin[2]: (-3.719, 2.096, 0.015)
[trajectory_generator_node-6] [DIAG] lineVisib(start→end DIRECT): false  colli=(-3.67,-0.90)
[trajectory_generator_node-6] [DIAG] direct line: 77 steps, 37 wall cells
[trajectory_generator_node-6] [smoothTopoPath] INPUT size=3
[trajectory_generator_node-6] [smoothTopoPath]   in[0]: (-3.681, -1.799, 0.015)
[trajectory_generator_node-6] [smoothTopoPath]   in[1]: (-5.133, 0.682, 0.015)
[trajectory_generator_node-6] [smoothTopoPath]   in[2]: (-3.719, 2.096, 0.015)
[trajectory_generator_node-6] [smoothTopoPath] lineVisib(start→end): false  colli=(-3.67,-0.90)
[trajectory_generator_node-6] [smoothTopoPath] OUTPUT size=4, iter_count=3
[trajectory_generator_node-6] [smoothTopoPath]   out[0]: (-3.681, -1.799, 0.015)
[trajectory_generator_node-6] [smoothTopoPath]   out[1]: (-4.698, -0.656, 0.015)
[trajectory_generator_node-6] [smoothTopoPath]   out[2]: (-4.164, 1.319, 0.015)
[trajectory_generator_node-6] [smoothTopoPath]   out[3]: (-3.719, 2.096, 0.015)
[trajectory_generator_node-6] [DIAG] optimized_path (smoothTopoPath) size: 4
[trajectory_generator_node-6] [DIAG]   opt[0]: (-3.681, -1.799, 0.015)
[trajectory_generator_node-6] [DIAG]   opt[1]: (-4.698, -0.656, 0.015)
[trajectory_generator_node-6] [DIAG]   opt[2]: (-4.164, 1.319, 0.015)
[trajectory_generator_node-6] [DIAG]   opt[3]: (-3.719, 2.096, 0.015)
[trajectory_generator_node-6] optimized_path size: 4
[trajectory_generator_node-6] [Manager] reference_speed: (0.30)
[trajectory_generator_node-6] [LBFGS] search direction d: -0.000179926  0.000145975 -0.000253033  0.000554505  -0.00102366   0.00015527  8.69413e-05 -0.000242749  0.000781179  0.000236431   1.6241e-05 -0.000596333  0.000920176 -0.000354202  0.000298015 -0.000161791  0.000192302 -0.000431233   0.00072677 -0.000105874  0.000120011 -0.000701762   0.00139323  0.000474564 -0.000367981 -0.000414693   0.00107711  -0.00019654  0.000360485 -0.000179887  0.000375275  -0.00109498   0.00322374 -0.000580349    0.0149724  -0.00138122   0.00107019 -5.65271e-05 -6.22948e-05  0.000142767    0.0012428  -0.00363702    0.0266345
[trajectory_generator_node-6] [Smooth Optimize] MINCO reaches max evaluations: Line search reaches the maximum try number, assumptions not satisfied or precision not achievable.
[trajectory_generator_node-6] [Smooth Optimize] MINCO: cost=2.4 total_T=16.543(init 14.858) max_drift=0.190 max_vel=0.3 segs=15
[trajectory_generator_node-6] [Smooth Resample] resample
[trajectory_generator_node-6] [Smooth Resample] 16 -> 9 waypoints, 8 time segs, max_turn=34.1 deg
[trajectory_generator_node-6] [Manager] optimizer generate time: 0.004135
[trajectory_generator_node-6] [Reference] path size : 9
[trajectory_generator_node-6] [Reference] solvePolyMatrix ENTER: N=8, path_size=9, trap_time_size=8
[trajectory_generator_node-6] [Reference]   path[0]=(-3.6809,-1.7987) path[1]=(-4.0798,-1.3503) t[0]=2.004998 state_vel=(-0.1991,0.2156)
[trajectory_generator_node-6] [Reference] banded solve done. b[0]=0.011694 b[N]=-0.090413 b2[0]=0.003411 b2[N]=-0.175087
[trajectory_generator_node-6] [Reference] solvePolyMatrix EXIT: polyX[0]=[-0.002887 0.005847 -0.199085 -3.680889]
[trajectory_generator_node-6] [INFO] [1790447216.902702392] [trajectory_generation]: FSM published 8 trajectory pieces
[trajectory_tracking_node-8] [WARN] [1790447221.924795919] [trajectory_tracking]: RM_GridMap predicted-path replan requested: collision_samples=0 trajectory_age=5.02
[trajectory_generator_node-6] [Manager REPLAN]  cur position point (X, Y) = (-4.627781, -0.757417), target point (X, Y) = (-3.719000, 2.096000)
[trajectory_generator_node-6] [Manager REPLAN] target_temp (X, Y) = (-3.719000, 2.096000)
[trajectory_generator_node-6] [Manager REPLAN] path safe & target unchanged, re-anchoring from cur pos
[trajectory_generator_node-6] [LBFGS] search direction d:   0.00363059  3.26102e-05 -0.000417084   0.00113518 -0.000290738  7.18806e-05 -0.000254214  0.000366771  -0.00078644  -0.00250031 -0.000343336  0.000354233   0.00150536  7.26818e-05  3.51928e-05 -4.54768e-05  0.000392821  -0.00123058   0.00455819  -0.00024121  0.000425706 -0.000838485  0.000227394 -2.47513e-05  6.56703e-05   0.00025177  -0.00059511   0.00388889
[trajectory_generator_node-6] [Smooth Optimize] MINCO reaches max evaluations: Line search reaches the maximum try number, assumptions not satisfied or precision not achievable.
[trajectory_generator_node-6] [Smooth Optimize] MINCO: cost=3.4 total_T=10.403(init 10.072) max_drift=0.254 max_vel=0.5 segs=10
[trajectory_generator_node-6] [Smooth Resample] resample
[trajectory_generator_node-6] [Smooth Resample] 11 -> 6 waypoints, 5 time segs, max_turn=21.3 deg
[trajectory_generator_node-6] [Reference] path size : 6
[trajectory_generator_node-6] [Reference] solvePolyMatrix ENTER: N=5, path_size=6, trap_time_size=5
[trajectory_generator_node-6] [Reference]   path[0]=(-4.6278,-0.7574) path[1]=(-4.6912,-0.3350) t[0]=2.172693 state_vel=(-0.1065,0.1571)
[trajectory_generator_node-6] [Reference] banded solve done. b[0]=0.080440 b[N]=-0.264732 b2[0]=-0.037553 b2[N]=-0.402104
[trajectory_generator_node-6] [Reference] solvePolyMatrix EXIT: polyX[0]=[-0.002136 0.040220 -0.106494 -4.627781]
[trajectory_generator_node-6] [Reference] solvePolyMatrix ENTER: N=5, path_size=6, trap_time_size=5
[trajectory_generator_node-6] [Reference]   path[0]=(-4.6278,-0.7574) path[1]=(-4.6912,-0.3350) t[0]=2.172693 state_vel=(-0.1065,0.1571)
[trajectory_generator_node-6] [Reference] banded solve done. b[0]=0.080525 b[N]=-0.220596 b2[0]=-0.036850 b2[N]=-0.334530
[trajectory_generator_node-6] [Reference] solvePolyMatrix EXIT: polyX[0]=[-0.002156 0.040263 -0.106494 -4.627781]
[trajectory_generator_node-6] [Reference] solvePolyMatrix ENTER: N=5, path_size=6, trap_time_size=5
[trajectory_generator_node-6] [Reference]   path[0]=(-4.6278,-0.7574) path[1]=(-4.6912,-0.3350) t[0]=2.172693 state_vel=(-0.1065,0.1571)
[trajectory_generator_node-6] [Reference] banded solve done. b[0]=0.080575 b[N]=-0.184042 b2[0]=-0.036271 b2[N]=-0.278672
[trajectory_generator_node-6] [Reference] solvePolyMatrix EXIT: polyX[0]=[-0.002167 0.040288 -0.106494 -4.627781]
[trajectory_generator_node-6] [INFO] [1790447221.947658660] [trajectory_generation]: FSM published 5 trajectory pieces
[trajectory_generator_node-6] [A Star] find collision pos: -4.422640 0.159853
[trajectory_generator_node-6] [A Star] find start pos: -4.627781 -0.757417
[trajectory_generator_node-6] [A Star] find collision pos: -4.422640 0.159853
[trajectory_generator_node-6] [A Star] find start pos: -4.627781 -0.757417
[trajectory_generator_node-6] [A Star] find collision pos: -4.422640 0.159853
[trajectory_generator_node-6] [A Star] find start pos: -4.627781 -0.757417
[trajectory_generator_node-6] [A Star] find collision pos: -4.422640 0.159853
[trajectory_generator_node-6] [A Star] find start pos: -4.627781 -0.757417
[trajectory_generator_node-6] [A Star] find collision pos: -4.422640 0.159853
[trajectory_generator_node-6] [A Star] find start pos: -4.627781 -0.757417
[trajectory_generator_node-6] [A Star] find collision pos: -4.422640 0.159853
[trajectory_generator_node-6] [A Star] find start pos: -4.627781 -0.757417
[trajectory_generator_node-6] [Manager REPLAN]  cur position point (X, Y) = (-4.702220, -0.609779), target point (X, Y) = (-3.719000, 2.096000)
[trajectory_generator_node-6] [Manager REPLAN] target_temp (X, Y) = (-3.719000, 2.096000)
[trajectory_generator_node-6] [A Star] find collision pos: -4.422640 0.159853
[trajectory_generator_node-6] [A Star] find start pos: -4.627781 -0.757417
[trajectory_generator_node-6] [Manager REPLAN] start local planning
[trajectory_generator_node-6] [Topo Local]: complete sample
[trajectory_generator_node-6] [Topo Local]: sample time: 0.079612
[trajectory_generator_node-6] [Manager Local] local path find! size is 3
[trajectory_generator_node-6] [smoothTopoPath] INPUT size=4
[trajectory_generator_node-6] [smoothTopoPath]   in[0]: (-4.702, -0.610, 0.015)
[trajectory_generator_node-6] [smoothTopoPath]   in[1]: (-4.469, 1.596, 0.015)
[trajectory_generator_node-6] [smoothTopoPath]   in[2]: (-4.164, 1.319, 0.015)
[trajectory_generator_node-6] [smoothTopoPath]   in[3]: (-3.719, 2.096, 0.015)
[trajectory_generator_node-6] [smoothTopoPath] lineVisib(start→end): false  colli=(-4.57,-0.30)
[trajectory_generator_node-6] [smoothTopoPath] OUTPUT size=3, iter_count=2
[trajectory_generator_node-6] [smoothTopoPath]   out[0]: (-4.702, -0.610, 0.015)
[trajectory_generator_node-6] [smoothTopoPath]   out[1]: (-4.098, 1.486, 0.015)
[trajectory_generator_node-6] [smoothTopoPath]   out[2]: (-3.719, 2.096, 0.015)
[trajectory_generator_node-6] [Manager REPLAN] optimized path size is 3
[trajectory_generator_node-6] [LBFGS] search direction d:   1.8303e-05  0.000840427  -0.00306606    0.0057369   0.00224202   0.00189745  -0.00158368   0.00182583  -0.00434443 -0.000249204  -0.00496967  -0.00813121   0.00608434    -0.004883   0.00388652  -0.00311095   0.00326303  -0.00696987   0.00176851    0.0637809  -0.00745043   0.00991264  -0.00397797   0.00364728 -0.000892242   0.00266882   -0.0140563     0.109311
[trajectory_generator_node-6] [Smooth Optimize] MINCO reaches max evaluations: Line search reaches the maximum try number, assumptions not satisfied or precision not achievable.
[trajectory_generator_node-6] [Smooth Optimize] MINCO: cost=2.4 total_T=10.587(init 9.657) max_drift=0.199 max_vel=0.4 segs=10
[trajectory_generator_node-6] [Smooth Resample] resample
[trajectory_generator_node-6] [Smooth Resample] 11 -> 6 waypoints, 5 time segs, max_turn=22.6 deg
[trajectory_generator_node-6] [Reference] path size : 6
[trajectory_generator_node-6] [Reference] solvePolyMatrix ENTER: N=5, path_size=6, trap_time_size=5
[trajectory_generator_node-6] [Reference]   path[0]=(-4.7022,-0.6098) path[1]=(-4.6963,0.0416) t[0]=2.569632 state_vel=(-0.0360,0.1295)
[trajectory_generator_node-6] [Reference] banded solve done. b[0]=0.005099 b[N]=-0.243863 b2[0]=0.153136 b2[N]=-0.340311
[trajectory_generator_node-6] [Reference] solvePolyMatrix EXIT: polyX[0]=[0.004808 0.002549 -0.035990 -4.702220]
[trajectory_generator_node-6] [Reference] solvePolyMatrix ENTER: N=5, path_size=6, trap_time_size=5
[trajectory_generator_node-6] [Reference]   path[0]=(-4.7022,-0.6098) path[1]=(-4.6963,0.0416) t[0]=2.569632 state_vel=(-0.0360,0.1295)
[trajectory_generator_node-6] [Reference] banded solve done. b[0]=0.005265 b[N]=-0.202954 b2[0]=0.153823 b2[N]=-0.283795
[trajectory_generator_node-6] [Reference] solvePolyMatrix EXIT: polyX[0]=[0.004776 0.002632 -0.035990 -4.702220]
[trajectory_generator_node-6] [INFO] [1790447223.137404036] [trajectory_generation]: FSM published 5 trajectory pieces
[trajectory_tracking_node-8] [WARN] [1790447228.160091311] [trajectory_tracking]: RM_GridMap predicted-path replan requested: collision_samples=0 trajectory_age=5.02
[trajectory_generator_node-6] [Manager REPLAN]  cur position point (X, Y) = (-4.405056, 0.791585), target point (X, Y) = (-3.719000, 2.096000)
[trajectory_generator_node-6] [Manager REPLAN] target_temp (X, Y) = (-3.719000, 2.096000)
[trajectory_generator_node-6] [Manager REPLAN] path safe & target unchanged, re-anchoring from cur pos
[trajectory_generator_node-6] [Smooth Optimize] MINCO reached max iterations (200)
[trajectory_generator_node-6] [Smooth Optimize] MINCO: cost=0.0 total_T=5.976(init 4.913) max_drift=0.007 max_vel=0.3 segs=5
[trajectory_generator_node-6] [Smooth Resample] resample
[trajectory_generator_node-6] [Smooth Resample] 6 -> 4 waypoints, 3 time segs, max_turn=0.0 deg
[trajectory_generator_node-6] [Reference] path size : 4
[trajectory_generator_node-6] [Reference] solvePolyMatrix ENTER: N=3, path_size=4, trap_time_size=3
[trajectory_generator_node-6] [Reference]   path[0]=(-4.4051,0.7916) path[1]=(-4.1250,1.3240) t[0]=2.035733 state_vel=(0.1347,0.2567)
[trajectory_generator_node-6] [Reference] banded solve done. b[0]=-0.002926 b[N]=-0.076698 b2[0]=-0.006815 b2[N]=-0.145778
[trajectory_generator_node-6] [Reference] solvePolyMatrix EXIT: polyX[0]=[0.001421 -0.001463 0.134651 -4.405056]
[trajectory_generator_node-6] [INFO] [1790447228.184053838] [trajectory_generation]: FSM published 3 trajectory pieces
[trajectory_tracking_node-8] [WARN] [1790447233.668702415] [trajectory_tracking]: trajectory tracking stopped: invalid coefficient array length
[trajectory_tracking_node-8] [WARN] [1790447235.766193532] [trajectory_tracking]: trajectory tracking stopped: no valid trajectory
[trajectory_generator_node-6] [INFO] [1790447237.047004009] [trajectory_generation]: FSM accepted manual goal goal=(-3.72, 2.10, 0.02)
[trajectory_generator_node-6] [Manager] start point, (x, y): (-1.92, -3.80)
[trajectory_generator_node-6] [Manager] receive target, (x, y): (-3.72, 2.10)
[trajectory_generator_node-6] [Topo]: m_graph before num: 1605
[trajectory_generator_node-6] [Topo]: dijkstra time: 0.013912
[trajectory_generator_node-6] [Topo]: topo search time: 0.097741
[trajectory_generator_node-6] [Topo]: m_graph num: 2601
[trajectory_generator_node-6] [DIAG] origin_path (Dijkstra) size: 3
[trajectory_generator_node-6] [DIAG]   origin[0]: (-1.919, -3.804, 0.015)
[trajectory_generator_node-6] [DIAG]   origin[1]: (-5.219, -1.454, 0.015)
[trajectory_generator_node-6] [DIAG]   origin[2]: (-3.719, 2.096, 0.015)
[trajectory_generator_node-6] [DIAG] lineVisib(start→end DIRECT): false  colli=(-2.62,-1.45)
[trajectory_generator_node-6] [DIAG] direct line: 123 steps, 56 wall cells
[trajectory_generator_node-6] [smoothTopoPath] INPUT size=3
[trajectory_generator_node-6] [smoothTopoPath]   in[0]: (-1.919, -3.804, 0.015)
[trajectory_generator_node-6] [smoothTopoPath]   in[1]: (-5.219, -1.454, 0.015)
[trajectory_generator_node-6] [smoothTopoPath]   in[2]: (-3.719, 2.096, 0.015)
[trajectory_generator_node-6] [smoothTopoPath] lineVisib(start→end): false  colli=(-2.62,-1.45)
[trajectory_generator_node-6] [smoothTopoPath] stuck detected, skipping to topo[2]
[trajectory_generator_node-6] [smoothTopoPath] OUTPUT size=7, iter_count=6
[trajectory_generator_node-6] [smoothTopoPath]   out[0]: (-1.919, -3.804, 0.015)
[trajectory_generator_node-6] [smoothTopoPath]   out[1]: (-4.931, -0.394, 0.015)
[trajectory_generator_node-6] [smoothTopoPath]   out[2]: (-5.490, -1.331, 0.015)
[trajectory_generator_node-6] [smoothTopoPath]   out[3]: (-4.449, -0.384, 0.015)
[trajectory_generator_node-6] [smoothTopoPath]   out[4]: (-5.441, -1.231, 0.015)
[trajectory_generator_node-6] [smoothTopoPath]   out[5]: (-3.719, 2.096, 0.015)
[trajectory_generator_node-6] [smoothTopoPath]   out[6]: (-3.719, 2.096, 0.015)
[trajectory_generator_node-6] [DIAG] optimized_path (smoothTopoPath) size: 7
[trajectory_generator_node-6] [DIAG]   opt[0]: (-1.919, -3.804, 0.015)
[trajectory_generator_node-6] [DIAG]   opt[1]: (-4.931, -0.394, 0.015)
[trajectory_generator_node-6] [DIAG]   opt[2]: (-5.490, -1.331, 0.015)
[trajectory_generator_node-6] [DIAG]   opt[3]: (-4.449, -0.384, 0.015)
[trajectory_generator_node-6] [DIAG]   opt[4]: (-5.441, -1.231, 0.015)
[trajectory_generator_node-6] [DIAG]   opt[5]: (-3.719, 2.096, 0.015)
[trajectory_generator_node-6] [DIAG]   opt[6]: (-3.719, 2.096, 0.015)
[trajectory_generator_node-6] optimized_path size: 7
[trajectory_generator_node-6] [Manager] reference_speed: (0.30)
[trajectory_generator_node-6] [LBFGS] search direction d:  -0.00334592   0.00112843 -0.000420281  0.000132104 -2.66503e-05  -1.3697e-06 -9.31379e-08  1.20992e-05 -2.71085e-05  3.57276e-05 -1.04661e-05 -0.000120014  0.000443821 -0.000945103   0.00660583   0.00205515   0.00321132 -0.000184752  -0.00065414  0.000624413 -0.000970755  0.000367659  -0.00251837  -0.00480218 -0.000111006  -0.00171758    0.0018621   -0.0020664  -0.00053096   0.00679916  -0.00620775  0.000242135  0.000840374  -0.00219276 -0.000190405  0.000191551 -0.000261389  0.000556102  -0.00105181   0.00378805  -0.00127721  0.000474988 -0.000147722  2.63408e-05  9.08353e-06 -1.36255e-05  8.55678e-06   2.1247e-06  -2.5996e-05  8.57168e-05 -0.000232051  0.000560907  -0.00101626   0.00636014   0.00215862  -0.00421398   0.00286322  -0.00319905   0.00160265 -0.000905465 -0.000740382   0.00207223   0.00203661 -0.000181645  -0.00203084  0.000923447 -0.000729289 -0.000405218   0.00429478  -0.00511523   0.00113769 -0.000705133   0.00194262 -0.000158974   0.00026527 -0.000551515   0.00109619  -0.00204597   0.00745813   -0.0011029  0.000361279 -7.31388e-05  1.02895e-05  4.22875e-07 -9.95373e-07  9.46989e-07 -2.03116e-06  5.78535e-06 -1.72712e-05  5.19218e-05 -0.000128048  0.000149525  0.000399327  0.000748074  0.000428083 -0.000843406   0.00221423   0.00284859 -0.000658666   0.00015283  0.000676038  2.58635e-05 -3.02012e-05  0.000212026 -0.000686022   0.00179035   0.00197787 -0.000839446  -0.00154449    0.0142951 -0.000242012  0.000502347 -0.000122167  2.39772e-05 -8.45681e-05  0.000375022 -0.000843144   0.00477162
[trajectory_generator_node-6] [Smooth Optimize] MINCO reaches max evaluations: Line search reaches the maximum try number, assumptions not satisfied or precision not achievable.
[trajectory_generator_node-6] [Smooth Optimize] MINCO: cost=6.0 total_T=38.955(init 38.493) max_drift=0.253 max_vel=0.5 segs=40
[trajectory_generator_node-6] [Smooth Resample] resample
[trajectory_generator_node-6] [Smooth Resample] 41 -> 21 waypoints, 20 time segs, max_turn=177.6 deg
[trajectory_generator_node-6] [Manager] optimizer generate time: 0.008664
[trajectory_generator_node-6] [Reference] path size : 21
[trajectory_generator_node-6] [Reference] solvePolyMatrix ENTER: N=20, path_size=21, trap_time_size=20
[trajectory_generator_node-6] [Reference]   path[0]=(-1.9190,-3.8040) path[1]=(-2.3202,-3.3498) t[0]=2.053611 state_vel=(0.0000,0.0000)
[trajectory_generator_node-6] [Reference] banded solve done. b[0]=-0.329974 b[N]=-0.208768 b2[0]=0.373615 b2[N]=-0.392192
[trajectory_generator_node-6] [Reference] solvePolyMatrix EXIT: polyX[0]=[0.034020 -0.164987 0.000000 -1.919000]
[trajectory_generator_node-6] [Reference] solvePolyMatrix ENTER: N=20, path_size=21, trap_time_size=20
[trajectory_generator_node-6] [Reference]   path[0]=(-1.9190,-3.8040) path[1]=(-2.3202,-3.3498) t[0]=2.258972 state_vel=(0.0000,0.0000)
[trajectory_generator_node-6] [Reference] banded solve done. b[0]=-0.274964 b[N]=-0.174694 b2[0]=0.311331 b2[N]=-0.326750
[trajectory_generator_node-6] [Reference] solvePolyMatrix EXIT: polyX[0]=[0.026059 -0.137482 -0.000000 -1.919000]
[trajectory_generator_node-6] [Reference] solvePolyMatrix ENTER: N=20, path_size=21, trap_time_size=20
[trajectory_generator_node-6] [Reference]   path[0]=(-1.9190,-3.8040) path[1]=(-2.3202,-3.3498) t[0]=2.484870 state_vel=(0.0000,0.0000)
[trajectory_generator_node-6] [Reference] banded solve done. b[0]=-0.229450 b[N]=-0.146455 b2[0]=0.259798 b2[N]=-0.272618
[trajectory_generator_node-6] [Reference] solvePolyMatrix EXIT: polyX[0]=[0.020023 -0.114725 0.000000 -1.919000]
[trajectory_generator_node-6] [INFO] [1790447237.175297941] [trajectory_generation]: FSM published 20 trajectory pieces
[trajectory_generator_node-6] [A Star] find collision pos: -4.913255 -0.210418
[trajectory_generator_node-6] [A Star] find start pos: -5.441483 -1.230564
[trajectory_generator_node-6] [Manager REPLAN]  cur position point (X, Y) = (-1.919000, -3.804000), target point (X, Y) = (-3.719000, 2.096000)
[trajectory_generator_node-6] [Manager REPLAN] target_temp (X, Y) = (-3.719000, 2.096000)
[trajectory_generator_node-6] [A Star] find collision pos: -4.913255 -0.210418
[trajectory_generator_node-6] [A Star] find start pos: -5.441483 -1.230564
[trajectory_generator_node-6] [Manager REPLAN] start local planning
[trajectory_generator_node-6] [Topo Local]: complete sample
[trajectory_generator_node-6] [Topo Local]: sample time: 0.042844
[trajectory_generator_node-6] [Manager Local] local path find! size is 3
[trajectory_generator_node-6] [smoothTopoPath] INPUT size=4
[trajectory_generator_node-6] [smoothTopoPath]   in[0]: (-1.919, -3.804, 0.015)
[trajectory_generator_node-6] [smoothTopoPath]   in[1]: (-5.319, -1.704, 0.015)
[trajectory_generator_node-6] [smoothTopoPath]   in[2]: (-3.719, 2.096, 0.015)
[trajectory_generator_node-6] [smoothTopoPath]   in[3]: (-3.719, 2.096, 0.015)
[trajectory_generator_node-6] [smoothTopoPath] lineVisib(start→end): false  colli=(-2.62,-1.45)
[trajectory_generator_node-6] [smoothTopoPath] OUTPUT size=8, iter_count=7
[trajectory_generator_node-6] [smoothTopoPath]   out[0]: (-1.919, -3.804, 0.015)
[trajectory_generator_node-6] [smoothTopoPath]   out[1]: (-4.935, -0.414, 0.015)
[trajectory_generator_node-6] [smoothTopoPath]   out[2]: (-5.587, -1.574, 0.015)
[trajectory_generator_node-6] [smoothTopoPath]   out[3]: (-4.511, -0.293, 0.015)
[trajectory_generator_node-6] [smoothTopoPath]   out[4]: (-5.559, -1.508, 0.015)
[trajectory_generator_node-6] [smoothTopoPath]   out[5]: (-4.659, -0.137, 0.015)
[trajectory_generator_node-6] [smoothTopoPath]   out[6]: (-4.819, 0.256, 0.015)
[trajectory_generator_node-6] [smoothTopoPath]   out[7]: (-3.719, 2.096, 0.015)
[trajectory_generator_node-6] [Manager REPLAN] optimized path size is 8
[trajectory_generator_node-6] [LBFGS] search direction d:  0.000803077  -0.00060647   0.00047691 -0.000255369  0.000105655 -3.65038e-05  1.28817e-05 -7.31858e-06  9.47262e-07  2.76226e-05 -0.000116197  0.000337451 -0.000774913   0.00140336    0.0016021  0.000357947   0.00231337   0.00151784 -0.000455171 -0.000396285  9.51558e-05  0.000322161 -0.000969919 -5.12353e-05 -0.000839298 -3.42196e-05  0.000848291 -0.000196468 -0.000366813  0.000939679 -0.000735064 -0.000580373   0.00138092   0.00515378  0.000430135 -0.000194638   0.00032904 -0.000247275  0.000116808  -3.0408e-05 -3.80888e-05  0.000218102 -0.000550051   0.00206834 -0.000902587  0.000681381  -0.00053528  0.000285317 -0.000115364  3.50494e-05 -5.56572e-06 -6.39894e-07 -6.07078e-06  2.94149e-05 -8.55151e-05  0.000193241  -0.00030285   0.00038826 -0.000384062    0.0013452   0.00175685   0.00108896  -0.00019918 -0.000696182  0.000789614  9.81765e-05 -0.000873553 -3.11432e-05  -0.00121044 -7.34609e-05  0.000977563 -0.000131831  9.65987e-05   0.00049702 -0.000803111  0.000495912  0.000294668    0.0083752 -0.000197285  -0.00122305 -0.000293173  0.000315524  0.000189343 -0.000299925  0.000155861  0.000244691 -0.000871531    0.0034775   -0.0201047   0.00286652  -0.00109781  0.000266318 -5.93585e-05  9.24661e-06  2.20254e-07 -1.48136e-06      2.8e-06 -9.12733e-06  3.25879e-05 -0.000109424  0.000278636 -0.000331541  -0.00122868  -0.00238228  -0.00136056   0.00131686  -0.00404434 -0.000577083  -0.00573583   0.00172438 -0.000685455  2.24575e-05  -0.00442322  -0.00475447  0.000722392  -0.00194179    0.0019756  -0.00598848 -0.000210382  -0.00637151   0.00185809  -0.00302713   0.00119753   -0.0236001 -0.000881362  -0.00296464  0.000365727 -8.27808e-05   0.00010662 -0.000342005  0.000452027   0.00145953    -0.020396
[trajectory_generator_node-6] [Smooth Optimize] MINCO reaches max evaluations: Line search reaches the maximum try number, assumptions not satisfied or precision not achievable.
[trajectory_generator_node-6] [Smooth Optimize] MINCO: cost=5.6 total_T=43.570(init 42.188) max_drift=0.253 max_vel=0.5 segs=45
[trajectory_generator_node-6] [Smooth Resample] resample
[trajectory_generator_node-6] [Smooth Resample] 46 -> 24 waypoints, 23 time segs, max_turn=166.6 deg
[trajectory_generator_node-6] [Reference] path size : 24
[trajectory_generator_node-6] [Reference] solvePolyMatrix ENTER: N=23, path_size=24, trap_time_size=23
[trajectory_generator_node-6] [Reference]   path[0]=(-1.9190,-3.8040) path[1]=(-2.3186,-3.3547) t[0]=2.204045 state_vel=(0.0000,0.0000)
[trajectory_generator_node-6] [Reference] banded solve done. b[0]=-0.280008 b[N]=-0.401505 b2[0]=0.314802 b2[N]=-0.674362
[trajectory_generator_node-6] [Reference] solvePolyMatrix EXIT: polyX[0]=[0.026195 -0.140004 0.000000 -1.919000]
[trajectory_generator_node-6] [Reference] solvePolyMatrix ENTER: N=23, path_size=24, trap_time_size=23
[trajectory_generator_node-6] [Reference]   path[0]=(-1.9190,-3.8040) path[1]=(-2.3186,-3.3547) t[0]=2.424449 state_vel=(0.0000,0.0000)
[trajectory_generator_node-6] [Reference] banded solve done. b[0]=-0.233573 b[N]=-0.333730 b2[0]=0.262602 b2[N]=-0.560702
[trajectory_generator_node-6] [Reference] solvePolyMatrix EXIT: polyX[0]=[0.020127 -0.116787 -0.000000 -1.919000]
[trajectory_generator_node-6] [Reference] solvePolyMatrix ENTER: N=23, path_size=24, trap_time_size=23
[trajectory_generator_node-6] [Reference]   path[0]=(-1.9190,-3.8040) path[1]=(-2.3186,-3.3547) t[0]=2.666894 state_vel=(0.0000,0.0000)
[trajectory_generator_node-6] [Reference] banded solve done. b[0]=-0.195153 b[N]=-0.277752 b2[0]=0.219411 b2[N]=-0.466814
[trajectory_generator_node-6] [Reference] solvePolyMatrix EXIT: polyX[0]=[0.015518 -0.097577 -0.000000 -1.919000]
[trajectory_generator_node-6] [Reference] solvePolyMatrix ENTER: N=23, path_size=24, trap_time_size=23
[trajectory_generator_node-6] [Reference]   path[0]=(-1.9190,-3.8040) path[1]=(-2.3186,-3.3547) t[0]=2.666894 state_vel=(0.0000,0.0000)
[trajectory_generator_node-6] [Reference] banded solve done. b[0]=-0.195152 b[N]=-0.231491 b2[0]=0.219412 b2[N]=-0.389216
[trajectory_generator_node-6] [Reference] solvePolyMatrix EXIT: polyX[0]=[0.015518 -0.097576 -0.000000 -1.919000]
[trajectory_generator_node-6] [Reference] solvePolyMatrix ENTER: N=23, path_size=24, trap_time_size=23
[trajectory_generator_node-6] [Reference]   path[0]=(-1.9190,-3.8040) path[1]=(-2.3186,-3.3547) t[0]=2.666894 state_vel=(0.0000,0.0000)
[trajectory_generator_node-6] [Reference] banded solve done. b[0]=-0.195152 b[N]=-0.193246 b2[0]=0.219412 b2[N]=-0.325034
[trajectory_generator_node-6] [Reference] solvePolyMatrix EXIT: polyX[0]=[0.015518 -0.097576 0.000000 -1.919000]
[trajectory_generator_node-6] [Reference] solvePolyMatrix ENTER: N=23, path_size=24, trap_time_size=23
[trajectory_generator_node-6] [Reference]   path[0]=(-1.9190,-3.8040) path[1]=(-2.3186,-3.3547) t[0]=2.666894 state_vel=(0.0000,0.0000)
[trajectory_generator_node-6] [Reference] banded solve done. b[0]=-0.195152 b[N]=-0.161594 b2[0]=0.219412 b2[N]=-0.271907
[trajectory_generator_node-6] [Reference] solvePolyMatrix EXIT: polyX[0]=[0.015518 -0.097576 -0.000000 -1.919000]
[trajectory_generator_node-6] [INFO] [1790447237.247450400] [trajectory_generation]: FSM published 23 trajectory pieces
[trajectory_tracking_node-8] [WARN] [1790447242.262823198] [trajectory_tracking]: RM_GridMap predicted-path replan requested: collision_samples=0 trajectory_age=5.01
[trajectory_generator_node-6] [Manager REPLAN]  cur position point (X, Y) = (-2.694858, -2.904254), target point (X, Y) = (-3.719000, 2.096000)
[trajectory_generator_node-6] [Manager REPLAN] target_temp (X, Y) = (-3.719000, 2.096000)
[trajectory_generator_node-6] [Manager REPLAN] robot 1.19m from path, full replan
[trajectory_generator_node-6] [Manager] start point, (x, y): (-2.69, -2.90)
[trajectory_generator_node-6] [Manager] receive target, (x, y): (-3.72, 2.10)
[trajectory_generator_node-6] [Topo]: m_graph before num: 1605
[trajectory_generator_node-6] [Topo]: dijkstra time: 0.016155
[trajectory_generator_node-6] [Topo]: topo search time: 0.115092
[trajectory_generator_node-6] [Topo]: m_graph num: 2566
[trajectory_generator_node-6] [DIAG] origin_path (Dijkstra) size: 3
[trajectory_generator_node-6] [DIAG]   origin[0]: (-2.695, -2.904, 0.015)
[trajectory_generator_node-6] [DIAG]   origin[1]: (-4.816, -0.783, 0.021)
[trajectory_generator_node-6] [DIAG]   origin[2]: (-3.719, 2.096, 0.015)
[trajectory_generator_node-6] [DIAG] lineVisib(start→end DIRECT): false  colli=(-3.02,-1.25)
[trajectory_generator_node-6] [DIAG] direct line: 102 steps, 48 wall cells
[trajectory_generator_node-6] [smoothTopoPath] INPUT size=3
[trajectory_generator_node-6] [smoothTopoPath]   in[0]: (-2.695, -2.904, 0.015)
[trajectory_generator_node-6] [smoothTopoPath]   in[1]: (-4.816, -0.783, 0.021)
[trajectory_generator_node-6] [smoothTopoPath]   in[2]: (-3.719, 2.096, 0.015)
[trajectory_generator_node-6] [smoothTopoPath] lineVisib(start→end): false  colli=(-3.02,-1.25)
[trajectory_generator_node-6] [smoothTopoPath] OUTPUT size=7, iter_count=6
[trajectory_generator_node-6] [smoothTopoPath]   out[0]: (-2.695, -2.904, 0.015)
[trajectory_generator_node-6] [smoothTopoPath]   out[1]: (-4.863, -0.446, 0.015)
[trajectory_generator_node-6] [smoothTopoPath]   out[2]: (-4.407, -0.450, 0.015)
[trajectory_generator_node-6] [smoothTopoPath]   out[3]: (-4.976, -0.494, 0.021)
[trajectory_generator_node-6] [smoothTopoPath]   out[4]: (-5.040, -0.913, 0.021)
[trajectory_generator_node-6] [smoothTopoPath]   out[5]: (-4.164, 1.770, 0.015)
[trajectory_generator_node-6] [smoothTopoPath]   out[6]: (-3.719, 2.096, 0.015)
[trajectory_generator_node-6] [DIAG] optimized_path (smoothTopoPath) size: 7
[trajectory_generator_node-6] [DIAG]   opt[0]: (-2.695, -2.904, 0.015)
[trajectory_generator_node-6] [DIAG]   opt[1]: (-4.863, -0.446, 0.015)
[trajectory_generator_node-6] [DIAG]   opt[2]: (-4.407, -0.450, 0.015)
[trajectory_generator_node-6] [DIAG]   opt[3]: (-4.976, -0.494, 0.021)
[trajectory_generator_node-6] [DIAG]   opt[4]: (-5.040, -0.913, 0.021)
[trajectory_generator_node-6] [DIAG]   opt[5]: (-4.164, 1.770, 0.015)
[trajectory_generator_node-6] [DIAG]   opt[6]: (-3.719, 2.096, 0.015)
[trajectory_generator_node-6] optimized_path size: 7
[trajectory_generator_node-6] [Manager] reference_speed: (0.30)
[trajectory_generator_node-6] [LBFGS] search direction d: -0.000525879  0.000112575 -3.03367e-06  -3.1695e-05  5.24412e-05 -8.20082e-05  0.000117552  -0.00013955  7.45114e-05  0.000283189  9.93023e-05 -1.27603e-05  -0.00128046   0.00107091 -0.000484098  -0.00289576  0.000673053 -0.000907482 -0.000515806  0.000556575  0.000294046  0.000165377 -0.000139934  5.50199e-05  0.000585224  -0.00354398  0.000609249 -0.000122137  3.19475e-06  2.39983e-05 -3.06602e-05  4.47892e-05  -6.5335e-05  6.00249e-05  4.12584e-05 -0.000254477 -0.000137199  0.000391937   0.00133621   0.00171491 -0.000120285  -0.00105049   0.00156611 -9.60567e-05 -0.000474497  -0.00148198 -7.68362e-05   9.8549e-05 -0.000142553  3.66876e-05  0.000447495  -0.00259177     0.015431  -0.00362845   0.00112804 -0.000288388  6.46768e-05  1.48354e-05  -0.00011701  0.000406994  -0.00101672  0.000368444   0.00382707    0.0133683   0.00337321    -0.002232   0.00815707     0.019545    0.0409501  -0.00669289      0.02762  -0.00201954   0.00925916   -0.0032607   0.00142611  -0.00156181   0.00447914  -0.00924069    0.0730151
[trajectory_generator_node-6] [Smooth Optimize] MINCO reaches max evaluations: Line search reaches the maximum try number, assumptions not satisfied or precision not achievable.
[trajectory_generator_node-6] [Smooth Optimize] MINCO: cost=3.8 total_T=27.219(init 25.308) max_drift=0.196 max_vel=0.4 segs=27
[trajectory_generator_node-6] [Smooth Resample] resample
[trajectory_generator_node-6] [Smooth Resample] 28 -> 15 waypoints, 14 time segs, max_turn=178.1 deg
[trajectory_generator_node-6] [Manager] optimizer generate time: 0.006806
[trajectory_generator_node-6] [Reference] path size : 15
[trajectory_generator_node-6] [Reference] solvePolyMatrix ENTER: N=14, path_size=15, trap_time_size=14
[trajectory_generator_node-6] [Reference]   path[0]=(-2.6949,-2.9043) path[1]=(-3.0922,-2.4535) t[0]=2.093661 state_vel=(-0.1473,0.1618)
[trajectory_generator_node-6] [Reference] banded solve done. b[0]=-0.067602 b[N]=-0.291133 b2[0]=0.085229 b2[N]=-0.157880
[trajectory_generator_node-6] [Reference] solvePolyMatrix EXIT: polyX[0]=[0.006459 -0.033801 -0.147328 -2.694858]
[trajectory_generator_node-6] [Reference] solvePolyMatrix ENTER: N=14, path_size=15, trap_time_size=14
[trajectory_generator_node-6] [Reference]   path[0]=(-2.6949,-2.9043) path[1]=(-3.0922,-2.4535) t[0]=2.093661 state_vel=(-0.1473,0.1618)
[trajectory_generator_node-6] [Reference] banded solve done. b[0]=-0.067589 b[N]=-0.291246 b2[0]=0.085228 b2[N]=-0.157677
[trajectory_generator_node-6] [Reference] solvePolyMatrix EXIT: polyX[0]=[0.006456 -0.033795 -0.147328 -2.694858]
[trajectory_generator_node-6] [Reference] solvePolyMatrix ENTER: N=14, path_size=15, trap_time_size=14
[trajectory_generator_node-6] [Reference]   path[0]=(-2.6949,-2.9043) path[1]=(-3.0922,-2.4535) t[0]=2.093661 state_vel=(-0.1473,0.1618)
[trajectory_generator_node-6] [Reference] banded solve done. b[0]=-0.067578 b[N]=-0.291351 b2[0]=0.085227 b2[N]=-0.157512
[trajectory_generator_node-6] [Reference] solvePolyMatrix EXIT: polyX[0]=[0.006453 -0.033789 -0.147328 -2.694858]
[trajectory_generator_node-6] [INFO] [1790447242.410155830] [trajectory_generation]: FSM published 14 trajectory pieces
[trajectory_tracking_node-8] [WARN] [1790447247.448524855] [trajectory_tracking]: RM_GridMap predicted-path replan requested: collision_samples=0 trajectory_age=5.01
[trajectory_generator_node-6] [Manager REPLAN]  cur position point (X, Y) = (-3.675012, -1.807913), target point (X, Y) = (-3.719000, 2.096000)
[trajectory_generator_node-6] [Manager REPLAN] target_temp (X, Y) = (-3.719000, 2.096000)
[trajectory_generator_node-6] [Manager REPLAN] robot 1.47m from path, full replan
[trajectory_generator_node-6] [Manager] start point, (x, y): (-3.68, -1.81)
[trajectory_generator_node-6] [Manager] receive target, (x, y): (-3.72, 2.10)
[trajectory_generator_node-6] [Topo]: m_graph before num: 1600
[trajectory_generator_node-6] [Topo]: dijkstra time: 0.013558
[trajectory_generator_node-6] [Topo]: topo search time: 0.137226
[trajectory_generator_node-6] [Topo]: m_graph num: 2586
[trajectory_generator_node-6] [DIAG] origin_path (Dijkstra) size: 3
[trajectory_generator_node-6] [DIAG]   origin[0]: (-3.675, -1.808, 0.015)
[trajectory_generator_node-6] [DIAG]   origin[1]: (-5.133, 0.682, 0.015)
[trajectory_generator_node-6] [DIAG]   origin[2]: (-3.719, 2.096, 0.015)
[trajectory_generator_node-6] [DIAG] lineVisib(start→end DIRECT): false  colli=(-3.67,-0.90)
[trajectory_generator_node-6] [DIAG] direct line: 78 steps, 37 wall cells
[trajectory_generator_node-6] [smoothTopoPath] INPUT size=3
[trajectory_generator_node-6] [smoothTopoPath]   in[0]: (-3.675, -1.808, 0.015)
[trajectory_generator_node-6] [smoothTopoPath]   in[1]: (-5.133, 0.682, 0.015)
[trajectory_generator_node-6] [smoothTopoPath]   in[2]: (-3.719, 2.096, 0.015)
[trajectory_generator_node-6] [smoothTopoPath] lineVisib(start→end): false  colli=(-3.67,-0.90)
[trajectory_generator_node-6] [smoothTopoPath] OUTPUT size=4, iter_count=3
[trajectory_generator_node-6] [smoothTopoPath]   out[0]: (-3.675, -1.808, 0.015)
[trajectory_generator_node-6] [smoothTopoPath]   out[1]: (-4.692, -0.665, 0.015)
[trajectory_generator_node-6] [smoothTopoPath]   out[2]: (-4.198, 1.289, 0.015)
[trajectory_generator_node-6] [smoothTopoPath]   out[3]: (-3.719, 2.096, 0.015)
[trajectory_generator_node-6] [DIAG] optimized_path (smoothTopoPath) size: 4
[trajectory_generator_node-6] [DIAG]   opt[0]: (-3.675, -1.808, 0.015)
[trajectory_generator_node-6] [DIAG]   opt[1]: (-4.692, -0.665, 0.015)
[trajectory_generator_node-6] [DIAG]   opt[2]: (-4.198, 1.289, 0.015)
[trajectory_generator_node-6] [DIAG]   opt[3]: (-3.719, 2.096, 0.015)
[trajectory_generator_node-6] optimized_path size: 4
[trajectory_generator_node-6] [Manager] reference_speed: (0.30)
[trajectory_generator_node-6] [LBFGS] search direction d: -0.000126381  7.66917e-05  2.62196e-06   -0.0001376  0.000230322  0.000501436   0.00108571  -0.00043106 -9.98228e-05 -2.74883e-05  0.000195581 -0.000324462  0.000299788   0.00053128  0.000125843 -9.39589e-05 -1.14788e-05  0.000295198  -0.00077793 -0.000159186   0.00170894 -9.67495e-05  -0.00061516  0.000657146  0.000364818 -0.000666026  0.000540268   0.00100574  0.000166528 -9.05456e-05  0.000197427 -0.000561531      0.00161 -0.000386444    0.0132868  -0.00067186  0.000671135 -5.23834e-05 -2.02225e-05  2.84333e-05  0.000703481   -0.0018586    0.0132528
[trajectory_generator_node-6] [Smooth Optimize] MINCO reaches max evaluations: Line search reaches the maximum try number, assumptions not satisfied or precision not achievable.
[trajectory_generator_node-6] [Smooth Optimize] MINCO: cost=2.4 total_T=16.436(init 14.900) max_drift=0.195 max_vel=0.3 segs=15
[trajectory_generator_node-6] [Smooth Resample] resample
[trajectory_generator_node-6] [Smooth Resample] 16 -> 9 waypoints, 8 time segs, max_turn=34.6 deg
[trajectory_generator_node-6] [Manager] optimizer generate time: 0.001903
[trajectory_generator_node-6] [Reference] path size : 9
[trajectory_generator_node-6] [Reference] solvePolyMatrix ENTER: N=8, path_size=9, trap_time_size=8
[trajectory_generator_node-6] [Reference]   path[0]=(-3.6750,-1.8079) path[1]=(-4.0749,-1.3583) t[0]=2.003554 state_vel=(-0.1999,0.2162)
[trajectory_generator_node-6] [Reference] banded solve done. b[0]=0.010100 b[N]=-0.132831 b2[0]=0.006700 b2[N]=-0.245943
[trajectory_generator_node-6] [Reference] solvePolyMatrix EXIT: polyX[0]=[-0.002445 0.005050 -0.199880 -3.675012]
[trajectory_generator_node-6] [INFO] [1790447247.615508371] [trajectory_generation]: FSM published 8 trajectory pieces
[trajectory_tracking_node-8] [WARN] [1790447252.660225816] [trajectory_tracking]: RM_GridMap predicted-path replan requested: collision_samples=0 trajectory_age=5.04
[trajectory_generator_node-6] [Manager REPLAN]  cur position point (X, Y) = (-4.625171, -0.760983), target point (X, Y) = (-3.719000, 2.096000)
[trajectory_generator_node-6] [Manager REPLAN] target_temp (X, Y) = (-3.719000, 2.096000)
[trajectory_generator_node-6] [Manager REPLAN] path safe & target unchanged, re-anchoring from cur pos
[trajectory_generator_node-6] [LBFGS] search direction d:  -0.00103734  7.50051e-05  0.000415799  0.000892953 -0.000266168  -0.00294216  0.000125227 -6.10016e-05  0.000144205  0.000924192   -0.0028346   0.00391639   0.00357949 -0.000125978   0.00287981  3.07919e-05 -5.37014e-05  0.000275057 -0.000956791  -0.00862883  -0.00156183  1.43174e-05 -0.000205793  1.25738e-06 -1.89017e-06 -0.000371374  0.000788098  -0.00485486
[trajectory_generator_node-6] [Smooth Optimize] MINCO reaches max evaluations: Line search reaches the maximum try number, assumptions not satisfied or precision not achievable.
[trajectory_generator_node-6] [Smooth Optimize] MINCO: cost=15.9 total_T=12.152(init 10.107) max_drift=0.829 max_vel=0.5 segs=10
[trajectory_generator_node-6] [Smooth Resample] resample
[trajectory_generator_node-6] [Smooth Resample] 11 -> 6 waypoints, 5 time segs, max_turn=100.3 deg
[trajectory_generator_node-6] [Reference] path size : 6
[trajectory_generator_node-6] [Reference] solvePolyMatrix ENTER: N=5, path_size=6, trap_time_size=5
[trajectory_generator_node-6] [Reference]   path[0]=(-4.6252,-0.7610) path[1]=(-5.3028,-0.1745) t[0]=3.015426 state_vel=(-0.1130,0.1697)
[trajectory_generator_node-6] [Reference] banded solve done. b[0]=-0.298310 b[N]=-0.251411 b2[0]=0.027360 b2[N]=-0.388318
[trajectory_generator_node-6] [Reference] solvePolyMatrix EXIT: polyX[0]=[0.037175 -0.149155 -0.112993 -4.625171]
[trajectory_generator_node-6] [Reference] solvePolyMatrix ENTER: N=5, path_size=6, trap_time_size=5
[trajectory_generator_node-6] [Reference]   path[0]=(-4.6252,-0.7610) path[1]=(-5.3028,-0.1745) t[0]=3.316968 state_vel=(-0.1130,0.1697)
[trajectory_generator_node-6] [Reference] banded solve done. b[0]=-0.235766 b[N]=-0.207812 b2[0]=0.006439 b2[N]=-0.320873
[trajectory_generator_node-6] [Reference] solvePolyMatrix EXIT: polyX[0]=[0.027240 -0.117883 -0.112993 -4.625171]
[trajectory_generator_node-6] [Reference] solvePolyMatrix ENTER: N=5, path_size=6, trap_time_size=5
[trajectory_generator_node-6] [Reference]   path[0]=(-4.6252,-0.7610) path[1]=(-5.3028,-0.1745) t[0]=3.316968 state_vel=(-0.1130,0.1697)
[trajectory_generator_node-6] [Reference] banded solve done. b[0]=-0.235613 b[N]=-0.172210 b2[0]=0.006868 b2[N]=-0.267671
[trajectory_generator_node-6] [Reference] solvePolyMatrix EXIT: polyX[0]=[0.027217 -0.117807 -0.112993 -4.625171]
[trajectory_generator_node-6] [INFO] [1790447252.665931505] [trajectory_generation]: FSM published 5 trajectory pieces
[trajectory_generator_node-6] [A Star] find collision pos: -4.432044 0.166303
[trajectory_generator_node-6] [A Star] find start pos: -4.625171 -0.760983
[trajectory_generator_node-6] [A Star] find collision pos: -4.432044 0.166303
[trajectory_generator_node-6] [A Star] find start pos: -4.625171 -0.760983
[trajectory_generator_node-6] [A Star] find collision pos: -4.432044 0.166303
[trajectory_generator_node-6] [A Star] find start pos: -4.625171 -0.760983
[trajectory_generator_node-6] [A Star] find collision pos: -4.432044 0.166303
[trajectory_generator_node-6] [A Star] find start pos: -4.625171 -0.760983
[trajectory_generator_node-6] [A Star] find collision pos: -4.432044 0.166303
[trajectory_generator_node-6] [A Star] find start pos: -4.625171 -0.760983
[trajectory_generator_node-6] [A Star] find collision pos: -4.432044 0.166303
[trajectory_generator_node-6] [A Star] find start pos: -4.625171 -0.760983
[trajectory_generator_node-6] [Manager REPLAN]  cur position point (X, Y) = (-4.788760, -0.605179), target point (X, Y) = (-3.719000, 2.096000)
[trajectory_generator_node-6] [Manager REPLAN] target_temp (X, Y) = (-3.719000, 2.096000)
[trajectory_generator_node-6] [A Star] find collision pos: -4.432044 0.166303
[trajectory_generator_node-6] [A Star] find start pos: -4.625171 -0.760983
[trajectory_generator_node-6] [Manager REPLAN] start local planning
[trajectory_generator_node-6] [Topo Local]: complete sample
[trajectory_generator_node-6] [Topo Local]: sample time: 0.068302
[trajectory_generator_node-6] [Manager Local] local path find! size is 3
[trajectory_generator_node-6] [smoothTopoPath] INPUT size=4
[trajectory_generator_node-6] [smoothTopoPath]   in[0]: (-4.789, -0.605, 0.015)
[trajectory_generator_node-6] [smoothTopoPath]   in[1]: (-4.369, 1.296, 0.015)
[trajectory_generator_node-6] [smoothTopoPath]   in[2]: (-4.198, 1.289, 0.015)
[trajectory_generator_node-6] [smoothTopoPath]   in[3]: (-3.719, 2.096, 0.015)
[trajectory_generator_node-6] [smoothTopoPath] lineVisib(start→end): false  colli=(-4.62,-0.20)
[trajectory_generator_node-6] [smoothTopoPath] OUTPUT size=3, iter_count=2
[trajectory_generator_node-6] [smoothTopoPath]   out[0]: (-4.789, -0.605, 0.015)
[trajectory_generator_node-6] [smoothTopoPath]   out[1]: (-4.459, 1.423, 0.015)
[trajectory_generator_node-6] [smoothTopoPath]   out[2]: (-3.719, 2.096, 0.015)
[trajectory_generator_node-6] [Manager REPLAN] optimized path size is 3
[trajectory_generator_node-6] [LBFGS] search direction d: -0.000293221 -1.02363e-05  0.000518664 -0.000111264  1.35978e-05  7.07677e-05 -0.000167719  0.000321083  -0.00053175  0.000131885 -0.000104133  0.000581303 -0.000120037  3.76154e-05  0.000109394 -0.000245777  0.000384661 -0.000517815    0.0695145    0.0570964   0.00220223   0.00783393  -0.00218202  0.000204713  0.000706811   0.00459265  -0.00789578    0.0474021
[trajectory_generator_node-6] [Smooth Optimize] MINCO reaches max evaluations: Line search reaches the maximum try number, assumptions not satisfied or precision not achievable.
[trajectory_generator_node-6] [Smooth Optimize] MINCO: cost=1.6 total_T=13.140(init 10.154) max_drift=0.211 max_vel=0.4 segs=10
[trajectory_generator_node-6] [Smooth Resample] resample
[trajectory_generator_node-6] [Smooth Resample] 11 -> 6 waypoints, 5 time segs, max_turn=22.4 deg
[trajectory_generator_node-6] [Reference] path size : 6
[trajectory_generator_node-6] [Reference] solvePolyMatrix ENTER: N=5, path_size=6, trap_time_size=5
[trajectory_generator_node-6] [Reference]   path[0]=(-4.7888,-0.6052) path[1]=(-4.7141,0.1479) t[0]=4.000000 state_vel=(-0.2461,0.1659)
[trajectory_generator_node-6] [Reference] banded solve done. b[0]=0.226964 b[N]=-0.216362 b2[0]=0.030469 b2[N]=-0.175548
[trajectory_generator_node-6] [Reference] solvePolyMatrix EXIT: polyX[0]=[-0.011821 0.113482 -0.246132 -4.788760]
[trajectory_generator_node-6] [INFO] [1790447253.786024859] [trajectory_generation]: FSM published 5 trajectory pieces
[trajectory_tracking_node-8] [WARN] [1790447258.804246328] [trajectory_tracking]: RM_GridMap predicted-path replan requested: collision_samples=0 trajectory_age=5.01
[trajectory_generator_node-6] [Manager REPLAN]  cur position point (X, Y) = (-4.651070, 0.380976), target point (X, Y) = (-3.719000, 2.096000)
[trajectory_generator_node-6] [Manager REPLAN] target_temp (X, Y) = (-3.719000, 2.096000)
[trajectory_generator_node-6] [Manager REPLAN] path safe & target unchanged, re-anchoring from cur pos
[trajectory_generator_node-6] [Smooth Optimize] MINCO reached max iterations (200)
[trajectory_generator_node-6] [Smooth Optimize] MINCO: cost=0.0 total_T=8.868(init 6.813) max_drift=0.015 max_vel=0.3 segs=7
[trajectory_generator_node-6] [Smooth Resample] resample
[trajectory_generator_node-6] [Smooth Resample] 8 -> 5 waypoints, 4 time segs, max_turn=28.7 deg
[trajectory_generator_node-6] [Reference] path size : 5
[trajectory_generator_node-6] [Reference] solvePolyMatrix ENTER: N=4, path_size=5, trap_time_size=4
[trajectory_generator_node-6] [Reference]   path[0]=(-4.6511,0.3810) path[1]=(-4.5419,0.9713) t[0]=2.928161 state_vel=(0.0606,0.1729)
[trajectory_generator_node-6] [Reference] banded solve done. b[0]=-0.035143 b[N]=-0.105520 b2[0]=0.001209 b2[N]=-0.120655
[trajectory_generator_node-6] [Reference] solvePolyMatrix EXIT: polyX[0]=[0.003277 -0.017571 0.060629 -4.651070]
[trajectory_generator_node-6] [INFO] [1790447258.825438150] [trajectory_generation]: FSM published 4 trajectory pieces
[trajectory_tracking_node-8] [WARN] [1790447263.843822086] [trajectory_tracking]: RM_GridMap predicted-path replan requested: collision_samples=0 trajectory_age=5.01
[trajectory_generator_node-6] [Manager REPLAN]  cur position point (X, Y) = (-4.364573, 1.571219), target point (X, Y) = (-3.719000, 2.096000)
[trajectory_generator_node-6] [Manager REPLAN] target_temp (X, Y) = (-3.719000, 2.096000)
[trajectory_generator_node-6] [Manager REPLAN] path safe & target unchanged, re-anchoring from cur pos
[trajectory_generator_node-6] [Smooth Optimize] MINCO Optimization Success: Success: met stopping criteria (past f decrease less than delta).
[trajectory_generator_node-6] [Smooth Optimize] MINCO: cost=0.0 total_T=6.000(init 2.773) max_drift=0.000 max_vel=3.5 segs=3
[trajectory_generator_node-6] [Smooth Resample] resample
[trajectory_generator_node-6] [Smooth Resample] path too short (4 pts), keeping all
[trajectory_generator_node-6] [Reference] path size : 4
[trajectory_generator_node-6] [Reference] solvePolyMatrix ENTER: N=3, path_size=4, trap_time_size=3
[trajectory_generator_node-6] [Reference]   path[0]=(-4.3646,1.5712) path[1]=(-4.1318,1.7604) t[0]=2.000000 state_vel=(0.1649,0.2629)
[trajectory_generator_node-6] [Reference] banded solve done. b[0]=-0.081630 b[N]=-0.140472 b2[0]=-0.289881 b2[N]=-0.105427
[trajectory_generator_node-6] [Reference] solvePolyMatrix EXIT: polyX[0]=[0.008275 -0.040815 0.164928 -4.364573]
[trajectory_generator_node-6] [INFO] [1790447263.853515069] [trajectory_generation]: FSM published 3 trajectory pieces
[trajectory_tracking_node-8] [WARN] [1790447269.424813389] [trajectory_tracking]: trajectory tracking stopped: invalid coefficient array length
[trajectory_tracking_node-8] [WARN] [1790447271.420917755] [trajectory_tracking]: trajectory tracking stopped: no valid trajectory
[trajectory_tracking_node-8] [WARN] [1790447273.422924520] [trajectory_tracking]: trajectory tracking stopped: no valid trajectory
[trajectory_tracking_node-8] [WARN] [1790447275.424676771] [trajectory_tracking]: trajectory tracking stopped: no valid trajectory
[trajectory_tracking_node-8] [WARN] [1790447277.424153010] [trajectory_tracking]: trajectory tracking stopped: no valid trajectory
[trajectory_tracking_node-8] [WARN] [1790447279.425251092] [trajectory_tracking]: trajectory tracking stopped: no valid trajectory
[trajectory_tracking_node-8] [WARN] [1790447281.422241687] [trajectory_tracking]: trajectory tracking stopped: no valid trajectory
[trajectory_tracking_node-8] [WARN] [1790447283.419474147] [trajectory_tracking]: trajectory tracking stopped: no valid trajectory
[trajectory_tracking_node-8] [WARN] [1790447285.425044385] [trajectory_tracking]: trajectory tracking stopped: no valid trajectory
[trajectory_tracking_node-8] [WARN] [1790447287.426980079] [trajectory_tracking]: trajectory tracking stopped: no valid trajectory
[trajectory_tracking_node-8] [WARN] [1790447289.422357945] [trajectory_tracking]: trajectory tracking stopped: no valid trajectory
[trajectory_tracking_node-8] [WARN] [1790447291.422032324] [trajectory_tracking]: trajectory tracking stopped: no valid trajectory
[trajectory_tracking_node-8] [WARN] [1790447293.422093857] [trajectory_tracking]: trajectory tracking stopped: no valid trajectory
[trajectory_tracking_node-8] [WARN] [1790447295.425595108] [trajectory_tracking]: trajectory tracking stopped: no valid trajectory
[trajectory_tracking_node-8] [WARN] [1790447297.422607597] [trajectory_tracking]: trajectory tracking stopped: no valid trajectory
[trajectory_tracking_node-8] [WARN] [1790447299.421625694] [trajectory_tracking]: trajectory tracking stopped: no valid trajectory
[trajectory_tracking_node-8] [WARN] [1790447301.423275655] [trajectory_tracking]: trajectory tracking stopped: no valid trajectory
[trajectory_tracking_node-8] [WARN] [1790447303.426974716] [trajectory_tracking]: trajectory tracking stopped: no valid trajectory
[trajectory_tracking_node-8] [WARN] [1790447305.423666669] [trajectory_tracking]: trajectory tracking stopped: no valid trajectory
[trajectory_tracking_node-8] [WARN] [1790447307.421854166] [trajectory_tracking]: trajectory tracking stopped: no valid trajectory
[trajectory_tracking_node-8] [WARN] [1790447309.422502577] [trajectory_tracking]: trajectory tracking stopped: no valid trajectory
[trajectory_tracking_node-8] [WARN] [1790447311.420476525] [trajectory_tracking]: trajectory tracking stopped: no valid trajectory
[trajectory_tracking_node-8] [WARN] [1790447313.423324902] [trajectory_tracking]: trajectory tracking stopped: no valid trajectory
[trajectory_tracking_node-8] [WARN] [1790447315.423756758] [trajectory_tracking]: trajectory tracking stopped: no valid trajectory
[trajectory_tracking_node-8] [WARN] [1790447317.421728993] [trajectory_tracking]: trajectory tracking stopped: no valid trajectory
[trajectory_tracking_node-8] [WARN] [1790447319.423288541] [trajectory_tracking]: trajectory tracking stopped: no valid trajectory
[trajectory_tracking_node-8] [WARN] [1790447321.422510907] [trajectory_tracking]: trajectory tracking stopped: no valid trajectory
[trajectory_tracking_node-8] [WARN] [1790447323.422291813] [trajectory_tracking]: trajectory tracking stopped: no valid trajectory
[trajectory_tracking_node-8] [WARN] [1790447325.424790965] [trajectory_tracking]: trajectory tracking stopped: no valid trajectory
[trajectory_tracking_node-8] [WARN] [1790447327.421151857] [trajectory_tracking]: trajectory tracking stopped: no valid trajectory
[trajectory_tracking_node-8] [WARN] [1790447329.421351741] [trajectory_tracking]: trajectory tracking stopped: no valid trajectory
[trajectory_tracking_node-8] [WARN] [1790447331.421043051] [trajectory_tracking]: trajectory tracking stopped: no valid trajectory
[trajectory_tracking_node-8] [WARN] [1790447333.424473085] [trajectory_tracking]: trajectory tracking stopped: no valid trajectory
[trajectory_tracking_node-8] [WARN] [1790447335.421788443] [trajectory_tracking]: trajectory tracking stopped: no valid trajectory
[trajectory_tracking_node-8] [WARN] [1790447337.420372245] [trajectory_tracking]: trajectory tracking stopped: no valid trajectory
[trajectory_tracking_node-8] [WARN] [1790447339.428167885] [trajectory_tracking]: trajectory tracking stopped: no valid trajectory
[trajectory_tracking_node-8] [WARN] [1790447341.422175597] [trajectory_tracking]: trajectory tracking stopped: no valid trajectory
[trajectory_tracking_node-8] [WARN] [1790447343.421767868] [trajectory_tracking]: trajectory tracking stopped: no valid trajectory
[trajectory_tracking_node-8] [WARN] [1790447345.424068487] [trajectory_tracking]: trajectory tracking stopped: no valid trajectory
[trajectory_tracking_node-8] [WARN] [1790447347.422890605] [trajectory_tracking]: trajectory tracking stopped: no valid trajectory
[trajectory_tracking_node-8] [WARN] [1790447349.421758295] [trajectory_tracking]: trajectory tracking stopped: no valid trajectory
[trajectory_tracking_node-8] [WARN] [1790447351.424756170] [trajectory_tracking]: trajectory tracking stopped: no valid trajectory
[trajectory_tracking_node-8] [WARN] [1790447353.425692521] [trajectory_tracking]: trajectory tracking stopped: no valid trajectory
[trajectory_tracking_node-8] [WARN] [1790447355.425102018] [trajectory_tracking]: trajectory tracking stopped: no valid trajectory
[trajectory_tracking_node-8] [WARN] [1790447357.425213623] [trajectory_tracking]: trajectory tracking stopped: no valid trajectory
[trajectory_tracking_node-8] [WARN] [1790447359.421131713] [trajectory_tracking]: trajectory tracking stopped: no valid trajectory
[trajectory_tracking_node-8] [WARN] [1790447361.424351788] [trajectory_tracking]: trajectory tracking stopped: no valid trajectory
[trajectory_tracking_node-8] [WARN] [1790447363.423026217] [trajectory_tracking]: trajectory tracking stopped: no valid trajectory
[trajectory_tracking_node-8] [WARN] [1790447365.419954654] [trajectory_tracking]: trajectory tracking stopped: no valid trajectory
[trajectory_tracking_node-8] [WARN] [1790447367.420934694] [trajectory_tracking]: trajectory tracking stopped: no valid trajectory
[trajectory_tracking_node-8] [WARN] [1790447369.423452518] [trajectory_tracking]: trajectory tracking stopped: no valid trajectory
[trajectory_tracking_node-8] [WARN] [1790447371.425037668] [trajectory_tracking]: trajectory tracking stopped: no valid trajectory
[trajectory_tracking_node-8] [WARN] [1790447373.424885662] [trajectory_tracking]: trajectory tracking stopped: no valid trajectory
[trajectory_tracking_node-8] [WARN] [1790447375.421590945] [trajectory_tracking]: trajectory tracking stopped: no valid trajectory
[trajectory_tracking_node-8] [WARN] [1790447377.423582711] [trajectory_tracking]: trajectory tracking stopped: no valid trajectory
[trajectory_tracking_node-8] [WARN] [1790447379.426005378] [trajectory_tracking]: trajectory tracking stopped: no valid trajectory
[trajectory_tracking_node-8] [WARN] [1790447381.424410142] [trajectory_tracking]: trajectory tracking stopped: no valid trajectory
[trajectory_tracking_node-8] [WARN] [1790447383.423166851] [trajectory_tracking]: trajectory tracking stopped: no valid trajectory
[trajectory_tracking_node-8] [WARN] [1790447385.424163338] [trajectory_tracking]: trajectory tracking stopped: no valid trajectory
[trajectory_tracking_node-8] [WARN] [1790447387.420223949] [trajectory_tracking]: trajectory tracking stopped: no valid trajectory
[trajectory_tracking_node-8] [WARN] [1790447389.424407879] [trajectory_tracking]: trajectory tracking stopped: no valid trajectory
[trajectory_tracking_node-8] [WARN] [1790447391.424983545] [trajectory_tracking]: trajectory tracking stopped: no valid trajectory
[trajectory_tracking_node-8] [WARN] [1790447393.422281555] [trajectory_tracking]: trajectory tracking stopped: no valid trajectory
[trajectory_tracking_node-8] [WARN] [1790447395.423272818] [trajectory_tracking]: trajectory tracking stopped: no valid trajectory
[trajectory_tracking_node-8] [WARN] [1790447397.423520878] [trajectory_tracking]: trajectory tracking stopped: no valid trajectory
[trajectory_tracking_node-8] [WARN] [1790447399.425100365] [trajectory_tracking]: trajectory tracking stopped: no valid trajectory
[trajectory_tracking_node-8] [WARN] [1790447401.421860532] [trajectory_tracking]: trajectory tracking stopped: no valid trajectory
[trajectory_tracking_node-8] [WARN] [1790447403.423497811] [trajectory_tracking]: trajectory tracking stopped: no valid trajectory
[trajectory_tracking_node-8] [WARN] [1790447405.421358642] [trajectory_tracking]: trajectory tracking stopped: no valid trajectory
[trajectory_tracking_node-8] [WARN] [1790447407.423507009] [trajectory_tracking]: trajectory tracking stopped: no valid trajectory
[trajectory_tracking_node-8] [WARN] [1790447409.420398367] [trajectory_tracking]: trajectory tracking stopped: no valid trajectory
[trajectory_tracking_node-8] [WARN] [1790447411.434444005] [trajectory_tracking]: trajectory tracking stopped: no valid trajectory
[trajectory_tracking_node-8] [WARN] [1790447413.445334508] [trajectory_tracking]: trajectory tracking stopped: no valid trajectory
[trajectory_tracking_node-8] [WARN] [1790447415.448449817] [trajectory_tracking]: trajectory tracking stopped: no valid trajectory
[trajectory_tracking_node-8] [WARN] [1790447417.463284294] [trajectory_tracking]: trajectory tracking stopped: no valid trajectory
[trajectory_tracking_node-8] [WARN] [1790447419.463083390] [trajectory_tracking]: trajectory tracking stopped: no valid trajectory
[trajectory_tracking_node-8] [WARN] [1790447421.465093021] [trajectory_tracking]: trajectory tracking stopped: no valid trajectory
[trajectory_tracking_node-8] [WARN] [1790447423.462984211] [trajectory_tracking]: trajectory tracking stopped: no valid trajectory
[trajectory_tracking_node-8] [WARN] [1790447425.462249581] [trajectory_tracking]: trajectory tracking stopped: no valid trajectory
[trajectory_tracking_node-8] [WARN] [1790447427.460729882] [trajectory_tracking]: trajectory tracking stopped: no valid trajectory
[trajectory_tracking_node-8] [WARN] [1790447429.462131821] [trajectory_tracking]: trajectory tracking stopped: no valid trajectory
[trajectory_tracking_node-8] [WARN] [1790447431.463328538] [trajectory_tracking]: trajectory tracking stopped: no valid trajectory
[trajectory_tracking_node-8] [WARN] [1790447433.462312547] [trajectory_tracking]: trajectory tracking stopped: no valid trajectory
[trajectory_tracking_node-8] [WARN] [1790447435.463081818] [trajectory_tracking]: trajectory tracking stopped: no valid trajectory
[trajectory_tracking_node-8] [WARN] [1790447437.462833646] [trajectory_tracking]: trajectory tracking stopped: no valid trajectory
[trajectory_tracking_node-8] [WARN] [1790447439.466063013] [trajectory_tracking]: trajectory tracking stopped: no valid trajectory
[trajectory_tracking_node-8] [WARN] [1790447441.462187842] [trajectory_tracking]: trajectory tracking stopped: no valid trajectory
[trajectory_tracking_node-8] [WARN] [1790447443.461810247] [trajectory_tracking]: trajectory tracking stopped: no valid trajectory
[trajectory_tracking_node-8] [WARN] [1790447445.464928246] [trajectory_tracking]: trajectory tracking stopped: no valid trajectory
[trajectory_tracking_node-8] [WARN] [1790447447.467676068] [trajectory_tracking]: trajectory tracking stopped: no valid trajectory
[trajectory_tracking_node-8] [WARN] [1790447449.466602410] [trajectory_tracking]: trajectory tracking stopped: no valid trajectory
[trajectory_tracking_node-8] [WARN] [1790447451.460354853] [trajectory_tracking]: trajectory tracking stopped: no valid trajectory
[trajectory_tracking_node-8] [WARN] [1790447453.458921734] [trajectory_tracking]: trajectory tracking stopped: no valid trajectory
[trajectory_tracking_node-8] [WARN] [1790447455.462474329] [trajectory_tracking]: trajectory tracking stopped: no valid trajectory
[trajectory_tracking_node-8] [WARN] [1790447457.459632216] [trajectory_tracking]: trajectory tracking stopped: no valid trajectory
[trajectory_tracking_node-8] [WARN] [1790447459.463769288] [trajectory_tracking]: trajectory tracking stopped: no valid trajectory
[trajectory_tracking_node-8] [WARN] [1790447461.465422326] [trajectory_tracking]: trajectory tracking stopped: no valid trajectory
[trajectory_tracking_node-8] [WARN] [1790447463.463702417] [trajectory_tracking]: trajectory tracking stopped: no valid trajectory
[trajectory_tracking_node-8] [WARN] [1790447465.462695999] [trajectory_tracking]: trajectory tracking stopped: no valid trajectory
[trajectory_tracking_node-8] [WARN] [1790447467.460136261] [trajectory_tracking]: trajectory tracking stopped: no valid trajectory
[trajectory_tracking_node-8] [WARN] [1790447469.469408682] [trajectory_tracking]: trajectory tracking stopped: no valid trajectory
[trajectory_tracking_node-8] [WARN] [1790447471.462843066] [trajectory_tracking]: trajectory tracking stopped: no valid trajectory
[trajectory_tracking_node-8] [WARN] [1790447473.461467347] [trajectory_tracking]: trajectory tracking stopped: no valid trajectory
[trajectory_tracking_node-8] [WARN] [1790447475.461011664] [trajectory_tracking]: trajectory tracking stopped: no valid trajectory
[trajectory_tracking_node-8] [WARN] [1790447477.464918189] [trajectory_tracking]: trajectory tracking stopped: no valid trajectory
[trajectory_tracking_node-8] [WARN] [1790447479.472343550] [trajectory_tracking]: trajectory tracking stopped: no valid trajectory
[trajectory_tracking_node-8] [WARN] [1790447481.473505461] [trajectory_tracking]: trajectory tracking stopped: no valid trajectory
[trajectory_tracking_node-8] [WARN] [1790447483.476897411] [trajectory_tracking]: trajectory tracking stopped: no valid trajectory
[trajectory_tracking_node-8] [WARN] [1790447485.472389211] [trajectory_tracking]: trajectory tracking stopped: no valid trajectory
[trajectory_tracking_node-8] [WARN] [1790447487.473472678] [trajectory_tracking]: trajectory tracking stopped: no valid trajectory
[trajectory_tracking_node-8] [WARN] [1790447489.471833285] [trajectory_tracking]: trajectory tracking stopped: no valid trajectory
[trajectory_tracking_node-8] [WARN] [1790447491.474731513] [trajectory_tracking]: trajectory tracking stopped: no valid trajectory
[trajectory_tracking_node-8] [WARN] [1790447493.470002778] [trajectory_tracking]: trajectory tracking stopped: no valid trajectory
[trajectory_tracking_node-8] [WARN] [1790447495.470623720] [trajectory_tracking]: trajectory tracking stopped: no valid trajectory
[trajectory_tracking_node-8] [WARN] [1790447497.470845854] [trajectory_tracking]: trajectory tracking stopped: no valid trajectory
[trajectory_tracking_node-8] [WARN] [1790447499.473295408] [trajectory_tracking]: trajectory tracking stopped: no valid trajectory
[trajectory_tracking_node-8] [WARN] [1790447501.469525853] [trajectory_tracking]: trajectory tracking stopped: no valid trajectory
[trajectory_tracking_node-8] [WARN] [1790447503.473116803] [trajectory_tracking]: trajectory tracking stopped: no valid trajectory
[trajectory_tracking_node-8] [WARN] [1790447505.471838916] [trajectory_tracking]: trajectory tracking stopped: no valid trajectory
[trajectory_tracking_node-8] [WARN] [1790447507.471876923] [trajectory_tracking]: trajectory tracking stopped: no valid trajectory
[trajectory_tracking_node-8] [WARN] [1790447509.472921479] [trajectory_tracking]: trajectory tracking stopped: no valid trajectory
[trajectory_tracking_node-8] [WARN] [1790447511.475664157] [trajectory_tracking]: trajectory tracking stopped: no valid trajectory
[trajectory_tracking_node-8] [WARN] [1790447513.474213894] [trajectory_tracking]: trajectory tracking stopped: no valid trajectory
[trajectory_tracking_node-8] [WARN] [1790447515.471403602] [trajectory_tracking]: trajectory tracking stopped: no valid trajectory
[trajectory_tracking_node-8] [WARN] [1790447517.475815011] [trajectory_tracking]: trajectory tracking stopped: no valid trajectory
[trajectory_tracking_node-8] [WARN] [1790447519.471568225] [trajectory_tracking]: trajectory tracking stopped: no valid trajectory
[trajectory_tracking_node-8] [WARN] [1790447521.472497172] [trajectory_tracking]: trajectory tracking stopped: no valid trajectory
[trajectory_tracking_node-8] [WARN] [1790447523.471881991] [trajectory_tracking]: trajectory tracking stopped: no valid trajectory
[trajectory_tracking_node-8] [WARN] [1790447525.472101698] [trajectory_tracking]: trajectory tracking stopped: no valid trajectory
[trajectory_tracking_node-8] [WARN] [1790447527.474074587] [trajectory_tracking]: trajectory tracking stopped: no valid trajectory
[trajectory_tracking_node-8] [WARN] [1790447529.475724355] [trajectory_tracking]: trajectory tracking stopped: no valid trajectory
[trajectory_tracking_node-8] [WARN] [1790447531.476040436] [trajectory_tracking]: trajectory tracking stopped: no valid trajectory
[trajectory_tracking_node-8] [WARN] [1790447533.470567085] [trajectory_tracking]: trajectory tracking stopped: no valid trajectory
[trajectory_tracking_node-8] [WARN] [1790447535.472862802] [trajectory_tracking]: trajectory tracking stopped: no valid trajectory
[trajectory_tracking_node-8] [WARN] [1790447537.470801765] [trajectory_tracking]: trajectory tracking stopped: no valid trajectory
[trajectory_tracking_node-8] [WARN] [1790447539.473639042] [trajectory_tracking]: trajectory tracking stopped: no valid trajectory
[trajectory_tracking_node-8] [WARN] [1790447541.472475723] [trajectory_tracking]: trajectory tracking stopped: no valid trajectory
[trajectory_tracking_node-8] [WARN] [1790447543.474827708] [trajectory_tracking]: trajectory tracking stopped: no valid trajectory
[trajectory_tracking_node-8] [WARN] [1790447545.474446296] [trajectory_tracking]: trajectory tracking stopped: no valid trajectory
[trajectory_tracking_node-8] [WARN] [1790447547.483388872] [trajectory_tracking]: trajectory tracking stopped: no valid trajectory
[trajectory_tracking_node-8] [WARN] [1790447549.483987587] [trajectory_tracking]: trajectory tracking stopped: no valid trajectory
[trajectory_tracking_node-8] [WARN] [1790447551.479228527] [trajectory_tracking]: trajectory tracking stopped: no valid trajectory
[trajectory_tracking_node-8] [WARN] [1790447553.481843220] [trajectory_tracking]: trajectory tracking stopped: no valid trajectory
[trajectory_tracking_node-8] [WARN] [1790447555.484430675] [trajectory_tracking]: trajectory tracking stopped: no valid trajectory
[trajectory_tracking_node-8] [WARN] [1790447557.485251566] [trajectory_tracking]: trajectory tracking stopped: no valid trajectory
[trajectory_tracking_node-8] [WARN] [1790447559.483548597] [trajectory_tracking]: trajectory tracking stopped: no valid trajectory
[trajectory_tracking_node-8] [WARN] [1790447561.483801304] [trajectory_tracking]: trajectory tracking stopped: no valid trajectory
[trajectory_tracking_node-8] [WARN] [1790447563.484443074] [trajectory_tracking]: trajectory tracking stopped: no valid trajectory
[trajectory_tracking_node-8] [WARN] [1790447565.490517744] [trajectory_tracking]: trajectory tracking stopped: no valid trajectory
[trajectory_tracking_node-8] [WARN] [1790447567.484089550] [trajectory_tracking]: trajectory tracking stopped: no valid trajectory
[trajectory_tracking_node-8] [WARN] [1790447569.484421867] [trajectory_tracking]: trajectory tracking stopped: no valid trajectory
[trajectory_tracking_node-8] [WARN] [1790447571.483493805] [trajectory_tracking]: trajectory tracking stopped: no valid trajectory
[trajectory_tracking_node-8] [WARN] [1790447573.481814837] [trajectory_tracking]: trajectory tracking stopped: no valid trajectory
[trajectory_tracking_node-8] [WARN] [1790447575.484620997] [trajectory_tracking]: trajectory tracking stopped: no valid trajectory
[trajectory_tracking_node-8] [WARN] [1790447577.480339675] [trajectory_tracking]: trajectory tracking stopped: no valid trajectory
[trajectory_tracking_node-8] [WARN] [1790447579.481609574] [trajectory_tracking]: trajectory tracking stopped: no valid trajectory
[trajectory_tracking_node-8] [WARN] [1790447581.479951293] [trajectory_tracking]: trajectory tracking stopped: no valid trajectory
[trajectory_tracking_node-8] [WARN] [1790447583.486662834] [trajectory_tracking]: trajectory tracking stopped: no valid trajectory
[trajectory_tracking_node-8] [WARN] [1790447585.481963729] [trajectory_tracking]: trajectory tracking stopped: no valid trajectory
[trajectory_tracking_node-8] [WARN] [1790447587.483479827] [trajectory_tracking]: trajectory tracking stopped: no valid trajectory
[trajectory_tracking_node-8] [WARN] [1790447589.481861934] [trajectory_tracking]: trajectory tracking stopped: no valid trajectory
[trajectory_tracking_node-8] [WARN] [1790447591.482781436] [trajectory_tracking]: trajectory tracking stopped: no valid trajectory
[trajectory_tracking_node-8] [WARN] [1790447593.483782258] [trajectory_tracking]: trajectory tracking stopped: no valid trajectory
[trajectory_tracking_node-8] [WARN] [1790447595.482021452] [trajectory_tracking]: trajectory tracking stopped: no valid trajectory
[trajectory_tracking_node-8] [WARN] [1790447597.485851003] [trajectory_tracking]: trajectory tracking stopped: no valid trajectory
[trajectory_tracking_node-8] [WARN] [1790447599.482749196] [trajectory_tracking]: trajectory tracking stopped: no valid trajectory
[trajectory_tracking_node-8] [WARN] [1790447601.480713197] [trajectory_tracking]: trajectory tracking stopped: no valid trajectory
[trajectory_tracking_node-8] [WARN] [1790447603.480251962] [trajectory_tracking]: trajectory tracking stopped: no valid trajectory
[trajectory_tracking_node-8] [WARN] [1790447605.497593964] [trajectory_tracking]: trajectory tracking stopped: no valid trajectory
[trajectory_tracking_node-8] [WARN] [1790447607.496636081] [trajectory_tracking]: trajectory tracking stopped: no valid trajectory
[trajectory_tracking_node-8] [WARN] [1790447609.494442661] [trajectory_tracking]: trajectory tracking stopped: no valid trajectory
[trajectory_tracking_node-8] [WARN] [1790447611.493996703] [trajectory_tracking]: trajectory tracking stopped: no valid trajectory
[trajectory_tracking_node-8] [WARN] [1790447613.497718856] [trajectory_tracking]: trajectory tracking stopped: no valid trajectory
[trajectory_tracking_node-8] [WARN] [1790447615.504676179] [trajectory_tracking]: trajectory tracking stopped: no valid trajectory
[trajectory_tracking_node-8] [WARN] [1790447617.505057641] [trajectory_tracking]: trajectory tracking stopped: no valid trajectory
[trajectory_tracking_node-8] [WARN] [1790447619.504794902] [trajectory_tracking]: trajectory tracking stopped: no valid trajectory
[trajectory_tracking_node-8] [WARN] [1790447621.507605660] [trajectory_tracking]: trajectory tracking stopped: no valid trajectory
[trajectory_tracking_node-8] [WARN] [1790447623.503307019] [trajectory_tracking]: trajectory tracking stopped: no valid trajectory
[trajectory_tracking_node-8] [WARN] [1790447625.507569945] [trajectory_tracking]: trajectory tracking stopped: no valid trajectory
[trajectory_tracking_node-8] [WARN] [1790447627.514529326] [trajectory_tracking]: trajectory tracking stopped: no valid trajectory
[trajectory_tracking_node-8] [WARN] [1790447629.556206800] [trajectory_tracking]: trajectory tracking stopped: no valid trajectory
[trajectory_tracking_node-8] [WARN] [1790447631.529447048] [trajectory_tracking]: trajectory tracking stopped: no valid trajectory
[trajectory_tracking_node-8] [WARN] [1790447633.533213865] [trajectory_tracking]: trajectory tracking stopped: no valid trajectory
[trajectory_tracking_node-8] [WARN] [1790447635.530348087] [trajectory_tracking]: trajectory tracking stopped: no valid trajectory
[trajectory_tracking_node-8] [WARN] [1790447637.529919568] [trajectory_tracking]: trajectory tracking stopped: no valid trajectory
[trajectory_tracking_node-8] [WARN] [1790447639.531289670] [trajectory_tracking]: trajectory tracking stopped: no valid trajectory
[trajectory_tracking_node-8] [WARN] [1790447641.532974187] [trajectory_tracking]: trajectory tracking stopped: no valid trajectory
[trajectory_tracking_node-8] [WARN] [1790447643.541359317] [trajectory_tracking]: trajectory tracking stopped: no valid trajectory
[trajectory_tracking_node-8] [WARN] [1790447645.542744789] [trajectory_tracking]: trajectory tracking stopped: no valid trajectory
[trajectory_tracking_node-8] [WARN] [1790447647.544744956] [trajectory_tracking]: trajectory tracking stopped: no valid trajectory
[trajectory_tracking_node-8] [WARN] [1790447649.543629620] [trajectory_tracking]: trajectory tracking stopped: no valid trajectory
[trajectory_tracking_node-8] [WARN] [1790447651.542489098] [trajectory_tracking]: trajectory tracking stopped: no valid trajectory
[trajectory_tracking_node-8] [WARN] [1790447653.543341821] [trajectory_tracking]: trajectory tracking stopped: no valid trajectory
[trajectory_tracking_node-8] [WARN] [1790447655.543370029] [trajectory_tracking]: trajectory tracking stopped: no valid trajectory
[trajectory_tracking_node-8] [WARN] [1790447657.542530375] [trajectory_tracking]: trajectory tracking stopped: no valid trajectory
[trajectory_tracking_node-8] [WARN] [1790447659.547424813] [trajectory_tracking]: trajectory tracking stopped: no valid trajectory
[WARNING] [launch]: user interrupted with ctrl-c (SIGINT)
[trajectory_generator_node-6] [INFO] [1790447660.632300776] [rclcpp]: signal_handler(SIGINT/SIGTERM)
[INFO] [autonomy_guard.py-10]: sending signal 'SIGINT' to process[autonomy_guard.py-10]
[INFO] [hit_bridge-9]: sending signal 'SIGINT' to process[hit_bridge-9]
[INFO] [trajectory_tracking_node-8]: sending signal 'SIGINT' to process[trajectory_tracking_node-8]
[INFO] [rviz_safe-7]: sending signal 'SIGINT' to process[rviz_safe-7]
[INFO] [trajectory_generator_node-6]: sending signal 'SIGINT' to process[trajectory_generator_node-6]
[ERROR] [hit_bridge-9]: process has died [pid 46243, exit code -2, cmd '/home/liangys/RM_Sentry_2026/ros2_ws/install_sentry_autonomy/trajectory_tracking/lib/trajectory_tracking/hit_bridge --ros-args --params-file /tmp/launch_params_a3xj5hgr'].
[INFO] [map_display.py-5]: sending signal 'SIGINT' to process[map_display.py-5]
[INFO] [cloud_adapter.py-4]: sending signal 'SIGINT' to process[cloud_adapter.py-4]
[INFO] [sim_adapter.py-3]: sending signal 'SIGINT' to process[sim_adapter.py-3]
[INFO] [parameter_bridge-2]: sending signal 'SIGINT' to process[parameter_bridge-2]
[ERROR] [cloud_adapter.py-4]: process has died [pid 46233, exit code -2, cmd '/home/liangys/RM_Sentry_2026/ros2_ws/install_sentry_autonomy/sentry_gazebo/lib/sentry_gazebo/cloud_adapter.py --ros-args --params-file /tmp/launch_params_6votw3o9'].
[ERROR] [map_display.py-5]: process has died [pid 46235, exit code -2, cmd '/home/liangys/RM_Sentry_2026/ros2_ws/install_sentry_autonomy/sentry_gazebo/lib/sentry_gazebo/map_display.py --ros-args --params-file /tmp/launch_params_n53ab74e'].
[INFO] [ign-1]: sending signal 'SIGINT' to process[ign-1]
[parameter_bridge-2] [INFO] [1790447660.633683006] [rclcpp]: signal_handler(SIGINT/SIGTERM)
[ERROR] [trajectory_generator_node-6]: process has died [pid 46237, exit code -2, cmd '/home/liangys/RM_Sentry_2026/ros2_ws/install_sentry_autonomy/trajectory_generation/lib/trajectory_generation/trajectory_generator_node --ros-args -r __node:=trajectory_generation --params-file /home/liangys/RM_Sentry_2026/ros2_ws/install_sentry_autonomy/trajectory_generation/share/trajectory_generation/config/global_planning.yaml --params-file /home/liangys/RM_Sentry_2026/ros2_ws/install_sentry_autonomy/trajectory_generation/share/trajectory_generation/config/map_metadata.yaml --params-file /home/liangys/RM_Sentry_2026/ros2_ws/install_sentry_autonomy/sentry_gazebo/share/sentry_gazebo/config/autonomy.yaml --params-file /tmp/launch_params_up_zv43j'].
[hit_bridge-9] [INFO] [1790447660.633704865] [rclcpp]: signal_handler(SIGINT/SIGTERM)
[trajectory_tracking_node-8] [INFO] [1790447660.633953289] [rclcpp]: signal_handler(SIGINT/SIGTERM)
[autonomy_guard.py-10] Traceback (most recent call last):
[autonomy_guard.py-10]   File "/home/liangys/RM_Sentry_2026/ros2_ws/install_sentry_autonomy/sentry_gazebo/lib/sentry_gazebo/autonomy_guard.py", line 247, in <module>
[autonomy_guard.py-10]     main()
[autonomy_guard.py-10]   File "/home/liangys/RM_Sentry_2026/ros2_ws/install_sentry_autonomy/sentry_gazebo/lib/sentry_gazebo/autonomy_guard.py", line 243, in main
[autonomy_guard.py-10]     node.destroy_node()
[autonomy_guard.py-10]   File "/opt/ros/humble/local/lib/python3.10/dist-packages/rclpy/node.py", line 1691, in destroy_node
[autonomy_guard.py-10]     self.destroy_service(self._services[0])
[autonomy_guard.py-10]   File "/opt/ros/humble/local/lib/python3.10/dist-packages/rclpy/node.py", line 1618, in destroy_service
[autonomy_guard.py-10]     self._wake_executor()
[autonomy_guard.py-10]   File "/opt/ros/humble/local/lib/python3.10/dist-packages/rclpy/node.py", line 289, in _wake_executor
[autonomy_guard.py-10]     executor.wake()
[autonomy_guard.py-10]   File "/opt/ros/humble/local/lib/python3.10/dist-packages/rclpy/executors.py", line 306, in wake
[autonomy_guard.py-10]     def wake(self) -> None:
[autonomy_guard.py-10] KeyboardInterrupt
[ERROR] [sim_adapter.py-3]: process has died [pid 46231, exit code -2, cmd '/home/liangys/RM_Sentry_2026/ros2_ws/install_sentry_autonomy/sentry_gazebo/lib/sentry_gazebo/sim_adapter.py --ros-args --params-file /tmp/launch_params_16rxrxdb'].
[INFO] [parameter_bridge-2]: process has finished cleanly [pid 46229]
[trajectory_tracking_node-8] [INFO] [1790447660.688650647] [rclcpp]: signal_handler(SIGINT/SIGTERM)
[parameter_bridge-2] [INFO] [1790447660.761556139] [rclcpp]: signal_handler(SIGINT/SIGTERM)
[ERROR] [autonomy_guard.py-10]: process has died [pid 46245, exit code -2, cmd '/home/liangys/RM_Sentry_2026/ros2_ws/install_sentry_autonomy/sentry_gazebo/lib/sentry_gazebo/autonomy_guard.py --ros-args --params-file /tmp/launch_params_h_ywk1su'].
[INFO] [trajectory_tracking_node-8]: process has finished cleanly [pid 46241]
[INFO] [rviz_safe-7]: process has finished cleanly [pid 46239]
[ERROR] [ign-1]: process[ign-1] failed to terminate '5' seconds after receiving 'SIGINT', escalating to 'SIGTERM'
[INFO] [ign-1]: sending signal 'SIGTERM' to process[ign-1]
[ign-1] [1;32m[Msg] [0m[1;32mFound no publishers on /clock, adding root clock topic[0m[1;32m[0m
[ign-1] [1;32m[Msg] [0m[1;32mServing scene information on [[0m[1;32m/world/sentry_planning[0m[1;32m/[0m[1;32mscene/info[0m[1;32m][0m[1;32m[0m
[ign-1] [1;32m[Msg] [0m[1;32mServing graph information on [[0m[1;32m/world/sentry_planning[0m[1;32m/[0m[1;32mscene/graph[0m[1;32m][0m[1;32m[0m
[ign-1] [1;32m[Msg] [0m[1;32mServing full state on [[0m[1;32m/world/sentry_planning[0m[1;32m/[0m[1;32mstate[0m[1;32m][0m[1;32m[0m
[ign-1] [1;32m[Msg] [0m[1;32mServing full state (async) on [[0m[1;32m/world/sentry_planning[0m[1;32m/[0m[1;32mstate_async[0m[1;32m][0m[1;32m[0m
[ign-1] [1;32m[Msg] [0m[1;32mPublishing scene information on [[0m[1;32m/world/sentry_planning/scene/info[0m[1;32m][0m[1;32m[0m
[ign-1] [1;32m[Msg] [0m[1;32mPublishing entity deletions on [[0m[1;32m/world/sentry_planning/scene/deletion[0m[1;32m][0m[1;32m[0m
[ign-1] [1;32m[Msg] [0m[1;32mPublishing state changes on [[0m[1;32m/world/sentry_planning/state[0m[1;32m][0m[1;32m][0m[1;32m[Msg] [0m[1;32mLoading plugin [[0m[1;32mignition-rendering-ogre2[0m[1;32m][0m[1;32m[0m
[ign-1] [1;32m[0m
[ign-1] [1;32m[Msg] [0m[1;32mPublishing pose messages on [[0m[1;32m/world/sentry_planning[0m[1;32m/[0m[1;32mpose/info[0m[1;32m][0m[1;32m[0m
[ign-1] [1;32m[Msg] [0m[1;32mPublishing dynamic pose messages on [[0m[1;32m/world/sentry_planning[0m[1;32m/[0m[1;32mdynamic_pose/info[0m[1;32m][0m[1;32m[0m
[ign-1] /usr/lib/ruby/ignition/cmdgazebo6.rb:183:in `kill': No such process (Errno::ESRCH)
[ign-1] 	from /usr/lib/ruby/ignition/cmdgazebo6.rb:183:in `killProcess'
[ign-1] 	from /usr/lib/ruby/ignition/cmdgazebo6.rb:509:in `handle_signal'
[ign-1] 	from /usr/lib/ruby/ignition/cmdgazebo6.rb:519:in `block in execute'
[ign-1] /usr/lib/ruby/ignition/cmdgazebo6.rb:183:in `kill': No such process (Errno::ESRCH)
[ign-1] 	from /usr/lib/ruby/ignition/cmdgazebo6.rb:183:in `killProcess'
[ign-1] 	from /usr/lib/ruby/ignition/cmdgazebo6.rb:509:in `handle_signal'
[ign-1] 	from /usr/lib/ruby/ignition/cmdgazebo6.rb:514:in `block in execute'
[ign-1] 	from /usr/lib/ruby/ignition/cmdgazebo6.rb:524:in `wait2'
[ign-1] 	from /usr/lib/ruby/ignition/cmdgazebo6.rb:524:in `execute'
[ign-1] 	from /usr/bin/ign:301:in `<main>'
[ign-1] Escalating to SIGKILL on [Ignition Gazebo GUI]
[ERROR] [ign-1]: process has died [pid 46227, exit code 1, cmd 'ign gazebo -r -v 3 /home/liangys/RM_Sentry_2026/ros2_ws/install_sentry_autonomy/sentry_gazebo/share/sentry_gazebo/worlds/planning.sdf --gui-config /home/liangys/RM_Sentry_2026/ros2_ws/install_sentry_autonomy/sentry_gazebo/share/sentry_gazebo/config/autonomy-gui.config'].
